{"type":"FeatureCollection","name":"world_800","crs":{"type":"name","properties":{"name":"urn:ogc:def:crs:OGC:1.3:CRS84"}},"features":[{"type":"Feature","properties":{"NAME":"Cyprus","ABBREVN":"Cyprus","wikipedia":null,"SUBJECTO":"Cyprus","BORDERPRECISION":1,"PARTOF":"Cyprus"},"geometry":{"type":"MultiPolygon","coordinates":[[[[33.7805,35.20814],[33.77267,35.12928],[33.92467,34.95323],[33.79196,34.95737],[33.73258,34.90862],[33.68582,34.93487],[33.53851,34.94416],[33.48394,34.79579],[33.13139,34.68034],[32.95862,34.65934],[32.91455,34.63573],[32.91452,34.54126],[32.81666,34.53864],[32.78414,34.62523],[32.60339,34.61473],[32.35718,34.68034],[32.27109,34.7197],[32.27098,34.81416],[32.1985,34.86139],[32.14372,35.04254],[32.18048,35.05831],[32.23446,35.01363],[32.30099,35.01626],[32.48312,35.15294],[32.59698,35.15557],[32.74495,35.11427],[32.77952,35.15294],[32.81907,35.28175],[32.79511,35.36061],[33.07748,35.31861],[33.37371,35.30648],[33.53904,35.3317],[33.90732,35.43685],[34.21734,35.57357],[34.45821,35.64456],[34.24465,35.51184],[34.04843,35.40793],[33.7805,35.20814]]]]}},{"type":"Feature","properties":{"NAME":"Ciboney","ABBREVN":"Ciboney","wikipedia":null,"SUBJECTO":"Ciboney","BORDERPRECISION":1,"PARTOF":"Ciboney"},"geometry":{"type":"MultiPolygon","coordinates":[[[[-71.97818,18.26224],[-72.1783,18.28725],[-72.52073,18.22295],[-72.91549,18.22847],[-73.21523,18.29139],[-73.47379,18.31626],[-73.68714,18.27131],[-73.85704,18.11205],[-73.91777,18.13098],[-74.36477,18.37792],[-74.44179,18.52395],[-74.424,18.61298],[-74.30323,18.69587],[-73.83024,18.65239],[-73.54632,18.60214],[-73.04027,18.52694],[-72.74589,18.5085],[-72.47154,18.59173],[-72.29777,18.66202],[-72.38687,18.73174],[-72.69836,18.94084],[-72.75936,19.07419],[-72.67647,19.39218],[-72.76716,19.52548],[-72.94464,19.59501],[-73.35537,19.6577],[-73.49257,19.75275],[-73.47451,19.83543],[-73.42115,19.87368],[-73.26623,19.9185],[-72.94039,19.94462],[-72.58876,19.88817],[-72.10269,19.75571],[-71.84329,19.73085],[-71.77706,19.77101],[-71.55059,19.89672],[-71.3739,19.83354],[-71.22026,19.83388],[-71.04739,19.91052],[-70.8816,19.92993],[-70.81868,19.84109],[-70.73888,19.7904],[-70.28919,19.65152],[-69.99339,19.68393],[-69.89752,19.50615],[-69.74663,19.35393],[-69.50909,19.20824],[-69.3582,19.17042],[-69.06878,19.0757],[-68.65685,18.87318],[-68.47713,18.71466],[-68.37293,18.57504],[-68.45883,18.49858],[-68.52345,18.36497],[-68.66472,18.19941],[-68.77204,18.24367],[-68.9859,18.51018],[-69.15605,18.52887],[-69.51069,18.5027],[-69.64013,18.54691],[-69.80802,18.54655],[-69.95595,18.50174],[-70.29922,18.25948],[-70.47738,18.28452],[-70.62098,18.50668],[-70.69552,18.51924],[-70.76542,18.49366],[-71.06151,18.34683],[-71.21653,17.99692],[-71.40075,17.70413],[-71.53067,17.75471],[-71.67703,18.0025],[-71.97818,18.26224]]],[[[-81.73938,22.62111],[-81.87978,22.67165],[-82.04561,22.69674],[-82.33875,22.68975],[-82.56241,22.70836],[-82.85274,22.63782],[-83.38968,22.22349],[-83.55667,22.21041],[-83.85055,22.20979],[-83.9453,22.15874],[-84.0305,21.95514],[-84.20862,21.82764],[-84.35246,21.80826],[-84.7064,21.76959],[-84.58989,21.91581],[-84.37718,22.05612],[-84.43469,22.32298],[-84.30804,22.49488],[-84.25644,22.53949],[-83.69039,22.81403],[-82.95926,23.02536],[-82.43557,23.0646],[-82.05678,23.13533],[-81.6857,23.11704],[-81.43115,23.13666],[-81.10256,23.06106],[-80.72122,23.02373],[-80.4497,22.93531],[-80.19896,22.88499],[-79.98462,22.87909],[-79.75995,22.75878],[-79.50222,22.51778],[-79.33042,22.40372],[-79.06899,22.32799],[-78.72329,22.27787],[-78.17057,22.12013],[-77.71177,21.89863],[-77.5078,21.75921],[-77.33982,21.51166],[-77.19126,21.44841],[-76.97577,21.42981],[-76.20891,21.19625],[-75.75091,21.12094],[-75.60392,21.01319],[-75.75853,20.75225],[-75.65366,20.68255],[-75.40194,20.66401],[-75.06189,20.69652],[-74.83906,20.62072],[-74.61083,20.44957],[-74.34485,20.32301],[-74.17339,20.18989],[-74.27816,20.15154],[-74.71964,20.11245],[-75.23723,19.93338],[-75.51906,19.90735],[-75.99336,20.00169],[-76.39846,20.0199],[-76.81869,19.93637],[-77.24315,19.88461],[-77.46084,19.87143],[-77.66295,19.90279],[-77.5041,20.07475],[-77.17661,20.35513],[-77.09873,20.53328],[-77.2099,20.64746],[-77.29118,20.7045],[-77.57123,20.76746],[-77.88634,20.76679],[-78.15738,20.81707],[-78.45036,20.969],[-78.51363,21.30577],[-78.62955,21.54707],[-78.72788,21.61679],[-78.90589,21.62911],[-79.35811,21.60909],[-79.73455,21.67185],[-80.01403,21.77296],[-80.44417,21.99453],[-80.77649,22.1019],[-81.05317,22.13309],[-81.57234,22.16377],[-81.79231,22.2078],[-82.17723,22.36591],[-82.04057,22.38527],[-81.66259,22.50684],[-81.73938,22.62111]]],[[[-77.73734,17.93213],[-77.8405,18.05269],[-78.05181,18.2175],[-78.26113,18.2552],[-78.32486,18.3504],[-78.08642,18.47803],[-77.7695,18.5105],[-77.15585,18.39739],[-76.71916,18.23942],[-76.42635,18.11926],[-76.30069,17.99241],[-76.31859,17.90339],[-76.46769,17.87129],[-76.80555,18.00405],[-77.05026,17.9781],[-77.15229,17.86347],[-77.29083,17.80597],[-77.42531,17.8311],[-77.73734,17.93213]]]]}},{"type":"Feature","properties":{"NAME":"Hainan","ABBREVN":"Hainan","wikipedia":null,"SUBJECTO":"Hainan","BORDERPRECISION":1,"PARTOF":"Hainan"},"geometry":{"type":"MultiPolygon","coordinates":[[[[109.42965,18.09662],[108.93859,18.3306],[108.65193,18.48245],[108.56047,19.0603],[108.5769,19.18737],[108.68498,19.29558],[108.87368,19.40396],[109.19816,19.68414],[109.42012,19.65921],[109.44226,19.73548],[109.55033,19.91356],[109.65766,19.90109],[109.91588,19.80001],[110.06062,19.94005],[110.25833,19.94048],[110.61735,20.01746],[110.88536,19.70678],[110.81181,19.63041],[110.61251,19.47119],[110.42704,19.22942],[110.29872,18.89884],[110.36147,18.76558],[110.26252,18.62563],[110.13131,18.58724],[109.66907,18.41474],[109.42965,18.09662]]]]}},{"type":"Feature","properties":{"NAME":"Champa","ABBREVN":"Champa","wikipedia":null,"SUBJECTO":"Champa","BORDERPRECISION":1,"PARTOF":"Champa"},"geometry":{"type":"MultiPolygon","coordinates":[[[[106.4515,16.18796],[106.79124,16.37312],[107.37534,16.69147],[107.69202,16.37143],[107.80917,16.28274],[108.09535,16.25159],[108.23615,16.08038],[108.36306,15.62327],[108.49894,15.36311],[108.78612,15.09056],[108.91777,14.79226],[109.07115,14.17003],[109.30712,12.90633],[109.17454,12.70909],[109.06843,12.48651],[109.09095,12.11809],[109.04843,11.93377],[109.07335,11.63522],[109.06131,11.59073],[108.94331,11.4122],[108.8973,11.3426],[108.6959,11.14522],[108.58152,11.08779],[108.35282,11.04283],[108.16428,10.96619],[107.93872,10.80687],[107.67288,10.52676],[107.41204,10.36736],[107.26572,10.34798],[107.03562,10.43642],[106.8538,10.57582],[106.77316,10.63917],[106.92988,11.84243],[107.89784,12.5684],[107.89784,13.68154],[107.48729,14.91318],[107.46226,14.98828],[106.4515,16.18796]]]]}},{"type":"Feature","properties":{"NAME":"Mon state","ABBREVN":"Mon state","wikipedia":null,"SUBJECTO":"Mon state","BORDERPRECISION":1,"PARTOF":"Mon state"},"geometry":{"type":"MultiPolygon","coordinates":[[[[97.41848,16.48285],[97.35199,16.52717],[97.21499,16.93981],[96.98308,17.24423],[96.88162,17.34566],[96.77038,17.33271],[96.73407,16.88796],[96.6629,16.69723],[96.46925,16.51258],[96.2039,16.38496],[95.71379,16.15521],[95.55233,15.87535],[95.4182,15.74165],[95.32981,15.67793],[95.22297,15.80476],[95.22019,16.00169],[95.1248,15.99513],[94.97264,15.83599],[94.82801,15.84204],[94.75341,15.93717],[94.81964,16.15965],[94.81928,16.21047],[94.53972,16.13364],[94.4156,16.0762],[94.30409,15.9489],[94.14436,16.00574],[94.14336,16.21538],[94.392,16.90836],[94.46485,17.26426],[94.46531,17.64281],[94.46533,17.66447],[94.42046,18.14081],[94.24741,18.57878],[94.24415,18.58691],[95.60483,18.86009],[96.69927,19.12427],[97.00837,19.19887],[97.44394,19.10208],[97.73433,18.37611],[97.41848,16.48285]]]]}},{"type":"Feature","properties":{"NAME":"Pyu state","ABBREVN":"Pyu state","wikipedia":null,"SUBJECTO":"Pyu state","BORDERPRECISION":1,"PARTOF":"Pyu state"},"geometry":{"type":"MultiPolygon","coordinates":[[[[96.69927,19.12427],[95.60483,18.86009],[94.24415,18.58691],[94.05371,19.06115],[93.96559,19.19436],[94.2981,22.29632],[94.87887,22.68351],[95.45964,22.7319],[95.89522,22.63511],[96.47599,21.76395],[96.69927,19.12427]]]]}},{"type":"Feature","properties":{"NAME":"Makkura","ABBREVN":"Makkura","wikipedia":null,"SUBJECTO":"Makkura","BORDERPRECISION":1,"PARTOF":"Makkura"},"geometry":{"type":"MultiPolygon","coordinates":[[[[37.76124,18.64255],[37.89512,18.56012],[37.07907,17.09475],[35.32767,15.42295],[34.45197,16.45787],[33.8151,16.77631],[32.38213,16.6967],[31.66565,16.61709],[31.18799,16.21905],[30.78994,15.50256],[29.4534,17.82954],[28.6127,20.56183],[29.34472,24.02797],[30.81889,23.65943],[32.51418,23.73314],[35.18986,24.39992],[35.45346,24.15269],[35.65657,23.99427],[35.7247,23.91182],[35.6163,23.83535],[35.48793,23.7906],[35.46849,23.72067],[35.57585,23.23166],[35.68929,23.02132],[35.7463,22.91434],[36.11136,22.64826],[36.29022,22.57238],[36.47325,22.33768],[36.66043,22.16654],[36.80011,21.9149],[36.9035,21.72865],[37.12777,21.22718],[37.16503,20.76427],[37.25457,19.65173],[37.39818,18.915],[37.47999,18.81987],[37.76124,18.64255]]]]}},{"type":"Feature","properties":{"NAME":"Alwa","ABBREVN":"Alwa","wikipedia":null,"SUBJECTO":"Alwa","BORDERPRECISION":1,"PARTOF":"Alwa"},"geometry":{"type":"MultiPolygon","coordinates":[[[[30.78994,15.50256],[31.18799,16.21905],[31.66565,16.61709],[32.38213,16.6967],[33.8151,16.77631],[34.45197,16.45787],[35.32767,15.42295],[35.64611,12.79585],[35.40728,11.28327],[34.45197,10.24835],[33.57627,10.00953],[31.74525,10.24835],[31.2676,10.6464],[30.78994,11.20366],[30.47151,13.51233],[30.47151,14.30842],[30.78994,15.50256]]]]}},{"type":"Feature","properties":{"NAME":"Ghana","ABBREVN":"Ghana","wikipedia":null,"SUBJECTO":"Ghana","BORDERPRECISION":1,"PARTOF":"Ghana"},"geometry":{"type":"MultiPolygon","coordinates":[[[[-11.90847,16.38225],[-11.6995,17.11366],[-7.83347,17.63609],[-5.01232,16.69571],[-4.80335,15.54635],[-6.99758,14.39699],[-8.87835,14.2925],[-11.80398,15.75532],[-11.90847,16.38225]]]]}},{"type":"Feature","properties":{"NAME":"Wessex","ABBREVN":"Wessex","wikipedia":null,"SUBJECTO":"Wessex","BORDERPRECISION":1,"PARTOF":"Wessex"},"geometry":{"type":"MultiPolygon","coordinates":[[[[-2.05084,51.25463],[-2.03989,51.44614],[-0.85769,51.45154],[0.2666,51.45667],[0.25417,51.4536],[0.45148,51.42658],[0.20467,51.09195],[0.19181,50.73128],[-0.20366,50.79533],[-0.33571,50.81671],[-0.83904,50.7218],[-1.10336,50.81671],[-1.37251,50.76627],[-1.77132,50.73078],[-2.05084,51.25463]]]]}},{"type":"Feature","properties":{"NAME":"Maya city-states","ABBREVN":"Maya","wikipedia":null,"SUBJECTO":"Maya city-states","BORDERPRECISION":1,"PARTOF":"Maya city-states"},"geometry":{"type":"MultiPolygon","coordinates":[[[[-90.79754,19.24863],[-90.66564,19.76756],[-90.44199,19.95095],[-90.49933,20.52668],[-90.30435,21.05209],[-90,21.14141],[-90,21.14141],[-90,21.16073],[-89.86283,21.24988],[-89.54746,21.29505],[-89.05809,21.39779],[-88.60106,21.56404],[-88.33372,21.59004],[-88.10939,21.56509],[-87.59694,21.48354],[-87.37093,21.57066],[-87.20057,21.52887],[-86.92159,21.30063],[-86.90024,21.16718],[-86.93589,20.9764],[-87.06996,20.80448],[-87.31331,20.58149],[-87.50815,20.39023],[-87.65072,20.18991],[-87.65973,19.87514],[-87.77398,19.74141],[-87.85821,19.58231],[-87.78858,19.51254],[-87.63709,19.57466],[-87.68221,19.28135],[-87.80036,18.74336],[-87.84949,18.48898],[-87.8771,18.38086],[-88.03013,18.62128],[-88.10501,18.82455],[-88.13768,18.8944],[-88.31141,18.74147],[-88.32046,18.4944],[-88.39922,18.30903],[-88.12372,18.38709],[-88.11194,18.19393],[-88.30037,17.63543],[-88.22048,17.51429],[-88.32701,17.15658],[-88.24189,17.0135],[-88.28343,16.83465],[-88.44454,16.44118],[-88.57977,16.28379],[-88.74183,16.26948],[-88.76615,16.1407],[-88.94082,16.03339],[-88.94078,15.90462],[-88.80428,15.8617],[-88.66434,15.72577],[-88.60139,15.81162],[-88.6313,15.98332],[-88.48015,15.91246],[-88.27393,15.74723],[-88.13347,15.76065],[-87.85814,15.88202],[-87.57061,15.90805],[-88.24293,14.83584],[-90,13.75298],[-90,13.77271],[-90,13.79779],[-90,13.93725],[-91.24203,13.95156],[-91.51571,14.05887],[-91.92469,14.35413],[-92.1554,14.5428],[-92.47207,14.79234],[-92.90053,15.19188],[-93.33049,15.5342],[-93.58786,15.74106],[-94.24197,18.24015],[-93.7849,18.34919],[-93.08748,18.55409],[-92.45909,18.68892],[-92.09788,18.75962],[-92.10702,18.51586],[-91.72974,18.4157],[-91.61099,18.54453],[-91.479,18.63379],[-91.52562,18.74479],[-91.70248,18.82348],[-91.2197,19.1025],[-90.79754,19.24863]]]]}},{"type":"Feature","properties":{"NAME":"Toltec Empire","ABBREVN":"Toltec Emp.","wikipedia":null,"SUBJECTO":"Toltec Empire","BORDERPRECISION":1,"PARTOF":"Toltec Empire"},"geometry":{"type":"MultiPolygon","coordinates":[[[[-100.11568,21.23754],[-99.06069,21.61655],[-98.339,21.29394],[-97.66217,20.3915],[-97.74677,19.29164],[-98.22619,18.86863],[-99.35425,19.03783],[-100.20029,19.65826],[-100.4541,20.4197],[-100.11568,21.23754]]]]}},{"type":"Feature","properties":{"NAME":"Mesoamerican city-states and chiefdoms","ABBREVN":"Mesoamerican city-states and chiefdoms","wikipedia":null,"SUBJECTO":"Mesoamerican city-states and chiefdoms","BORDERPRECISION":1,"PARTOF":"Mesoamerican city-states and chiefdoms"},"geometry":{"type":"MultiPolygon","coordinates":[[[[-95.49766,16.12071],[-95.99271,15.86537],[-96.33294,15.75024],[-96.75166,15.78112],[-97.07762,15.87576],[-97.29379,15.9643],[-97.88093,16.05203],[-98.14565,16.17224],[-98.43546,16.36231],[-98.85616,16.59661],[-99.20923,16.71663],[-99.97907,16.89297],[-100.41263,17.05732],[-100.73742,17.22191],[-101.22078,17.41792],[-101.48718,17.57628],[-101.9926,18.02653],[-102.08551,18.05811],[-102.35833,18.03211],[-102.6682,18.09502],[-103.49394,18.35389],[-103.74826,18.59491],[-103.97491,18.88049],[-104.19729,19.05801],[-104.66939,19.31765],[-104.94791,19.43784],[-105.17299,19.65987],[-105.50686,20.10415],[-105.67043,20.35173],[-105.68734,20.40255],[-105.61999,20.47262],[-105.39282,20.51125],[-105.31202,20.58771],[-105.29104,20.67039],[-100.8917,20.74085],[-100.25483,22.57186],[-97.70928,21.80101],[-97.62812,21.55124],[-97.50419,21.18915],[-97.22339,20.76384],[-96.88145,20.35771],[-96.79519,20.15447],[-96.57884,19.91973],[-96.34066,19.48161],[-96.01227,18.92926],[-95.84385,18.79613],[-95.53918,18.76499],[-95.34308,18.77176],[-95.08329,18.7024],[-94.81647,18.49955],[-94.58994,18.27119],[-94.24197,18.24015],[-93.58786,15.74106],[-93.81161,15.9209],[-94.05164,16.07931],[-94.07539,16.11116],[-94.36295,16.22483],[-94.83466,16.31917],[-95.13017,16.29947],[-95.49766,16.12071]],[[-100.5669,17.88009],[-99.01583,16.82366],[-97.52116,16.47151],[-97.12634,16.52569],[-97.09814,16.93201],[-97.57756,17.85301],[-99.29784,18.50312],[-99.91827,18.53021],[-100.4823,18.50312],[-100.5951,18.34059],[-100.5669,17.88009]],[[-100.4541,20.4197],[-100.20029,19.65826],[-99.35425,19.03783],[-98.22619,18.86863],[-97.74677,19.29164],[-97.66217,20.3915],[-98.339,21.29394],[-99.06069,21.61655],[-100.11568,21.23754],[-100.4541,20.4197]]]]}},{"type":"Feature","properties":{"NAME":"Mixtecs","ABBREVN":"Mixtecs","wikipedia":"https://en.wikipedia.org/wiki/Mixtec","SUBJECTO":"Mixtecs","BORDERPRECISION":1,"PARTOF":"Mixtecs"},"geometry":{"type":"MultiPolygon","coordinates":[[[[-100.5951,18.34059],[-100.4823,18.50312],[-99.91827,18.53021],[-99.29784,18.50312],[-97.57756,17.85301],[-97.09814,16.93201],[-97.12634,16.52569],[-97.52116,16.47151],[-99.01583,16.82366],[-100.5669,17.88009],[-100.5951,18.34059]]]]}},{"type":"Feature","properties":{"NAME":"Huari Empire","ABBREVN":"Huari Empire","wikipedia":null,"SUBJECTO":"Huari Empire","BORDERPRECISION":1,"PARTOF":"Huari Empire"},"geometry":{"type":"MultiPolygon","coordinates":[[[[-78.30214,-9.66891],[-78.75094,-8.7867],[-79.06025,-8.21552],[-79.14755,-8.09291],[-79.6746,-7.35271],[-79.79706,-7.19413],[-80.06591,-6.75628],[-80.27397,-6.56611],[-80.34278,-6.52612],[-80.61159,-6.36987],[-81.0227,-6.20556],[-81.29701,-6.04094],[-81.24356,-5.96457],[-81.16232,-5.91357],[-80.8881,-5.90027],[-80.82338,-5.71586],[-80.45937,-5.69472],[-79.75433,-5.69472],[-79.16211,-5.86393],[-78.26497,-6.78593],[-77.51468,-6.97019],[-77.33812,-7.67643],[-75.5764,-10.61263],[-71.23082,-12.72669],[-69.53613,-13.82326],[-71.61187,-17.22146],[-71.86322,-17.12034],[-72.08998,-16.99377],[-72.30995,-16.87976],[-72.58724,-16.74071],[-72.98006,-16.53189],[-73.28298,-16.36735],[-73.6726,-16.19666],[-74.04964,-16.04499],[-74.62143,-15.66502],[-75.23091,-15.2216],[-75.78529,-14.72724],[-76.05259,-14.41015],[-76.24178,-14.1056],[-76.23821,-13.90863],[-76.23803,-13.50202],[-76.35918,-13.22908],[-76.71058,-12.75968],[-77.33551,-11.50939],[-77.46394,-11.38895],[-77.67389,-11.2941],[-77.70725,-11.25605],[-77.68254,-11.01456],[-77.69161,-10.83667],[-77.75875,-10.65892],[-77.99173,-10.23445],[-78.30214,-9.66891]]]]}},{"type":"Feature","properties":{"NAME":"Tiahuanaco Empire","ABBREVN":"Tiahuanaco E","wikipedia":null,"SUBJECTO":"Tiahuanaco Empire","BORDERPRECISION":1,"PARTOF":"Tiahuanaco Empire"},"geometry":{"type":"MultiPolygon","coordinates":[[[[-70.49769,-24.82985],[-70.51943,-24.4551],[-70.45284,-24.34696],[-70.46275,-23.93405],[-70.35946,-23.66065],[-70.41525,-23.52737],[-70.57964,-23.4896],[-70.55272,-23.34343],[-70.57324,-23.16559],[-70.47307,-23.07644],[-70.29201,-22.98713],[-70.23023,-22.7964],[-70.23394,-22.42795],[-70.20114,-22.21746],[-70.19235,-22.16103],[-70.11063,-21.74794],[-70.11245,-20.69335],[-70.18985,-19.75963],[-70.20852,-19.0672],[-70.29602,-18.62903],[-70.36357,-18.45498],[-70.45393,-18.22278],[-70.58413,-18.08328],[-71.22405,-17.80512],[-71.3652,-17.69742],[-71.47016,-17.3927],[-71.61187,-17.22146],[-69.53613,-13.82326],[-69.23421,-14.01862],[-67.94228,-15.428],[-67.23759,-18.3642],[-67.35618,-19.19434],[-67.82483,-22.47488],[-67.95249,-24.64515],[-68.19179,-25.49204],[-69.09424,-25.54844],[-70.39814,-25.24891],[-70.49769,-24.82985]]]]}},{"type":"Feature","properties":{"NAME":"Axum","ABBREVN":"Axum","wikipedia":null,"SUBJECTO":"Axum","BORDERPRECISION":1,"PARTOF":"Axum"},"geometry":{"type":"MultiPolygon","coordinates":[[[[39.20794,16.32651],[39.51793,15.46305],[39.79645,15.08877],[39.88854,15.18427],[39.85619,15.40024],[39.89788,15.50199],[40.03721,15.38792],[40.21745,15.08332],[40.38988,14.90579],[40.63053,14.92535],[40.73914,14.91924],[40.17238,9.84285],[39.75203,7.95127],[37.86045,7.74109],[36.59939,9.21232],[36.38921,11.73444],[37.01974,13.62602],[39.20794,16.32651]]]]}},{"type":"Feature","properties":{"NAME":"Aghlabid Emirate","ABBREVN":"Aghlabid E.","wikipedia":null,"SUBJECTO":"Aghlabid Emirate","BORDERPRECISION":1,"PARTOF":"Aghlabid Emirate"},"geometry":{"type":"MultiPolygon","coordinates":[[[[6.50289,32.73261],[5.68125,32.81541],[2.45312,32.66868],[0.4578,32.54744],[0.87056,33.07392],[1.2374,35.88635],[1.57969,36.51389],[2.29377,36.54082],[2.52436,36.57315],[2.80987,36.7139],[3.07001,36.61886],[3.32384,36.65123],[3.58687,36.79195],[3.74122,36.83687],[4.16392,36.83135],[4.39462,36.83819],[4.53255,36.81298],[4.63212,36.79407],[4.77719,36.74338],[5.14447,36.66768],[5.38273,36.67453],[5.73016,36.7517],[6.04739,36.84156],[6.32287,37.09065],[6.77054,36.86215],[6.92304,36.81784],[7.06324,36.88185],[7.20485,36.99047],[7.30698,37.06078],[7.54492,37.04214],[7.71904,36.95328],[7.79204,36.83236],[7.91317,36.77525],[8.14501,36.81395],[8.63671,36.88526],[8.86552,36.96835],[9.15028,37.17287],[9.41612,37.27538],[9.7322,37.2824],[10.02135,37.20013],[10.13273,37.10475],[10.15887,36.99647],[10.27151,36.75455],[10.3928,36.71657],[10.58058,36.79342],[10.84325,36.99149],[11.02376,37.06832],[11.0394,36.90905],[10.92006,36.65394],[10.63341,36.42401],[10.50924,36.21355],[10.51146,36.08617],[10.60261,35.88895],[10.83083,35.67928],[10.98895,35.6223],[11.12511,35.24061],[11.0828,35.14503],[10.83936,34.80115],[10.57403,34.64811],[10.11642,34.23417],[10.01948,34.08147],[10.14866,33.8784],[10.4126,33.63113],[10.65022,33.49818],[10.77814,33.47303],[10.95654,33.57506],[11.09912,33.53723],[11.20892,33.25152],[11.47069,33.14409],[12.11702,32.8785],[12.56476,32.73964],[12.79886,32.73377],[13.18713,32.79176],[13.45878,32.77961],[14.15702,32.67938],[14.43343,32.46391],[14.79081,32.36299],[15.00979,32.36344],[15.1637,32.27481],[15.24144,32.1733],[15.35813,31.80502],[15.53341,31.55122],[15.84333,31.285],[16.01338,31.22817],[16.31839,31.16526],[16.78252,31.1281],[16.98378,31.09674],[17.42163,30.99599],[17.70898,30.89492],[17.95716,30.76836],[18.53721,30.41375],[18.88543,30.22122],[18.91503,30.20486],[19.12454,30.19894],[19.31648,28.41988],[17.97053,28.6124],[17.00195,28.75095],[12.5327,30.8049],[7.89229,32.5926],[6.50289,32.73261]]]]}},{"type":"Feature","properties":{"NAME":"Asturias","ABBREVN":"Asturias","wikipedia":null,"SUBJECTO":"Asturias","BORDERPRECISION":1,"PARTOF":"Asturias"},"geometry":{"type":"MultiPolygon","coordinates":[[[[-8.64406,42.41975],[-8.80505,42.63156],[-8.94172,42.8242],[-9.17312,42.8559],[-9.24686,42.90078],[-9.2708,43.04869],[-9.19747,43.15821],[-9.01359,43.28086],[-8.84922,43.32624],[-8.59572,43.33962],[-8.31041,43.35305],[-8.2507,43.43043],[-8.22022,43.61721],[-7.97953,43.74005],[-7.63627,43.72141],[-7.1513,43.55494],[-6.80798,43.52342],[-6.46757,43.56272],[-6.20805,43.64052],[-5.97966,43.70538],[-5.82045,43.70569],[-5.53742,43.57745],[-5.2249,43.50725],[-4.80234,43.46944],[-4.11022,43.45151],[-3.84761,43.43916],[-3.417,43.37565],[-3.19597,43.44688],[-3.00721,43.55027],[-2.76836,43.53788],[-2.36738,43.32624],[-2.14292,43.33147],[-2.06564,43.33327],[-1.91458,43.30542],[-1.94165,42.63857],[-4.17186,42.245],[-5.54933,42.245],[-8.64406,42.41975]]]]}},{"type":"Feature","properties":{"NAME":"Lombard duchies","ABBREVN":"Lombard duchies","wikipedia":null,"SUBJECTO":"Lombard duchies","BORDERPRECISION":1,"PARTOF":"Lombard duchies"},"geometry":{"type":"MultiPolygon","coordinates":[[[[15.44861,41.85673],[16.01284,41.90432],[16.18741,41.84086],[16.19841,41.74567],[15.98915,41.63465],[15.87325,41.50214],[15.99104,41.40614],[16.42027,41.27872],[16.94596,41.09381],[17.25861,40.95599],[17.08408,40.52511],[16.94871,40.48109],[16.84413,40.36314],[16.72756,40.1836],[16.60441,40.08991],[16.62385,39.96775],[16.53501,39.83157],[16.5321,39.69751],[15.84651,39.62986],[15.82467,39.66063],[15.75702,39.93363],[15.6662,40.09186],[15.51592,40.06595],[15.43203,39.98897],[15.02726,40.2122],[14.89867,40.24146],[14.99232,40.37222],[14.95101,40.55148],[14.74332,40.70481],[14.33413,40.5936],[14.34977,40.64252],[14.49459,40.72996],[14.37031,40.85147],[14.24,40.85294],[14.05087,40.76751],[13.94188,40.99804],[13.8525,41.09096],[13.79701,41.19345],[13.76051,41.2067],[13.90624,41.86504],[14.0764,42.63378],[14.09277,42.60953],[14.40493,42.35311],[14.51931,42.2297],[14.71996,42.14176],[14.73853,42.04716],[14.92241,41.97177],[15.44861,41.85673]]]]}},{"type":"Feature","properties":{"NAME":"Idrisid Caliphate","ABBREVN":"Idrisid Cal.","wikipedia":null,"SUBJECTO":"Idrisid Caliphate","BORDERPRECISION":1,"PARTOF":"Idrisid Caliphate"},"geometry":{"type":"MultiPolygon","coordinates":[[[[-1.80221,32.42724],[-4.7728,31.65975],[-6.73003,29.51973],[-8.56667,27.15834],[-9.68177,26.10884],[-11.19043,25.71527],[-14.63195,25.68205],[-14.36725,26.11923],[-14.18776,26.27213],[-14.0058,26.36148],[-13.62873,26.59106],[-13.46632,26.81383],[-13.31602,27.16368],[-13.12364,27.54634],[-13.06014,27.67262],[-12.86621,27.85732],[-12.67412,27.89585],[-12.09062,28.02418],[-11.57646,28.22862],[-11.37266,28.36886],[-10.85623,28.75123],[-10.33931,29.14632],[-9.86959,29.64298],[-9.66259,29.95482],[-9.60267,30.18372],[-9.62504,30.4061],[-9.81704,30.75522],[-9.85776,31.06019],[-9.81327,31.28906],[-9.63532,31.5754],[-9.31756,31.96372],[-9.22225,32.25625],[-9.25077,32.42142],[-9.21869,32.58036],[-8.64026,33.12173],[-8.31441,33.33848],[-7.90241,33.48549],[-7.33262,33.69637],[-7.00401,33.87498],[-6.75297,34.12335],[-6.51147,34.4543],[-6.47205,34.53094],[-6.30205,34.86144],[-5.92876,35.72786],[-5.80789,35.78542],[-5.565,35.86234],[-5.47936,35.80521],[-5.17179,35.42376],[-5.10963,35.37931],[-4.59298,35.15119],[-4.29535,35.15179],[-4.02789,35.13324],[-3.4408,35.16628],[-3.20577,35.26861],[-3.00903,35.38998],[-2.82988,35.14206],[-2.71481,35.09774],[-2.35566,35.05392],[-2.32594,35.05398],[-2.19297,35.05425],[-2.03525,35.05457],[-1.73833,35.11883],[-1.4951,35.2339],[-1.32911,35.48891],[-1.14667,35.62937],[-0.91749,35.66804],[-0.73431,35.73846],[-0.42877,35.86007],[-0.28299,35.75848],[-0.20366,35.75072],[-0.09165,35.73977],[0.01531,35.80367],[0.19867,36.03331],[0.47439,36.22496],[0.78124,36.38485],[1.0576,36.46186],[1.57969,36.51389],[1.2374,35.88635],[0.87056,33.07392],[0.4578,32.54744],[-1.08128,32.45393],[-1.80221,32.42724]]]]}},{"type":"Feature","properties":{"NAME":"Emirate of Córdoba","ABBREVN":"Emirate of Córdoba","wikipedia":"https://en.wikipedia.org/wiki/Emirate_of_C%C3%B3rdoba","SUBJECTO":"Emirate of Córdoba","BORDERPRECISION":1,"PARTOF":"Emirate of Córdoba"},"geometry":{"type":"MultiPolygon","coordinates":[[[[-2.62433,36.8113],[-2.7615,36.69014],[-2.91533,36.69014],[-2.96979,36.74115],[-4.44659,36.72202],[-4.7573,36.48611],[-5.21674,36.4096],[-5.37423,36.23748],[-5.38675,36.10998],[-5.42426,36.07174],[-5.45709,36.16736],[-5.48793,36.17372],[-5.48549,36.06537],[-5.66059,36.00801],[-5.85001,36.07174],[-6.20446,36.2821],[-6.30497,36.45422],[-6.28888,36.57218],[-6.44403,36.62318],[-6.50049,36.71883],[-6.42171,36.79216],[-6.63215,37.02175],[-6.94795,37.14931],[-7.0101,37.16526],[-7.22782,37.22586],[-7.4915,37.20816],[-7.60344,37.16298],[-7.83604,37.03225],[-8.03364,37.00879],[-8.28024,37.08858],[-8.54107,37.08858],[-8.66706,37.12144],[-8.99085,36.99001],[-9.01664,37.0698],[-8.84151,37.52515],[-8.85103,37.91018],[-8.93279,37.96184],[-8.82299,38.20607],[-8.8473,38.38457],[-8.78892,38.43598],[-8.85365,38.49964],[-9.02232,38.46102],[-9.23657,38.41745],[-9.28516,38.61947],[-9.06915,38.64296],[-8.94189,38.74192],[-8.96083,38.81846],[-9.04085,38.92018],[-9.17575,38.73223],[-9.36164,38.67115],[-9.5224,38.68994],[-9.54901,38.77452],[-9.45976,38.95308],[-9.39771,39.23036],[-9.41527,39.36668],[-9.29927,39.41774],[-9.11792,39.64403],[-8.91559,40.13815],[-8.96967,40.19002],[-8.69407,40.99217],[-8.85178,41.40783],[-8.85475,41.59685],[-8.92074,41.76702],[-8.80606,41.88918],[-8.86049,42.01453],[-8.79857,42.19453],[-8.64406,42.41975],[-5.54933,42.245],[-4.17186,42.245],[-1.94165,42.63857],[-0.49858,42.90094],[0.48533,42.57297],[2.06549,41.2956],[1.60983,41.20916],[1.4421,41.18],[1.31124,41.15725],[0.8792,41.02174],[0.73375,40.87495],[0.70978,40.78515],[0.82713,40.72742],[0.78756,40.65689],[0.50514,40.59276],[0.23793,40.2402],[-0.16063,39.88602],[-0.20366,39.79944],[-0.28452,39.63677],[-0.39485,39.43446],[-0.2359,39.0624],[-0.20366,39.01265],[-0.1657,38.95406],[0.12612,38.82135],[0.17257,38.73835],[-0.107,38.5915],[-0.20366,38.54403],[-0.43516,38.43034],[-0.56413,38.21487],[-0.66473,38.17657],[-0.87234,37.7598],[-0.80256,37.61501],[-0.91827,37.57034],[-1.36457,37.54839],[-1.62571,37.43949],[-1.81688,37.29248],[-1.94048,36.9516],[-2.2388,36.7284],[-2.3551,36.82405],[-2.62433,36.8113]]]]}},{"type":"Feature","properties":{"NAME":"Welsh","ABBREVN":"Welsh","wikipedia":null,"SUBJECTO":"Welsh","BORDERPRECISION":1,"PARTOF":"Welsh"},"geometry":{"type":"MultiPolygon","coordinates":[[[[-3.49912,51.45966],[-4.15933,51.67681],[-4.99896,51.7017],[-5.1786,51.78747],[-5.24876,51.86021],[-5.06146,52.00643],[-4.61908,52.09352],[-4.29466,52.20032],[-4.12361,52.37326],[-4.09387,52.74551],[-4.14755,52.8319],[-4.46832,52.8113],[-4.62135,52.83098],[-4.49188,52.99098],[-4.31754,53.09121],[-3.95672,53.20515],[-3.32954,53.23302],[-2.91448,53.26714],[-2.75015,51.64403],[-3.17275,51.46691],[-3.49912,51.45966]]]]}},{"type":"Feature","properties":{"NAME":"Abbasid Caliphate","ABBREVN":"Abbasid Cal.","wikipedia":null,"SUBJECTO":"Abbasid Caliphate","BORDERPRECISION":1,"PARTOF":"Abbasid Caliphate"},"geometry":{"type":"MultiPolygon","coordinates":[[[[69.73988,26.3838],[68.86453,24.48087],[68.07218,23.67519],[68.047,23.76407],[67.69232,23.81416],[67.48603,23.92806],[67.31589,24.09289],[67.20423,24.58817],[67.1536,24.65159],[66.99954,24.71478],[66.70172,24.75228],[66.65422,24.78394],[66.64811,24.90462],[66.7005,25.11438],[66.62051,25.31749],[66.43233,25.48861],[66.30009,25.49469],[65.7688,25.30934],[65.21567,25.27006],[64.85119,25.20576],[64.42498,25.17312],[64.23826,25.21083],[64.12007,25.31223],[64.05922,25.40103],[63.65033,25.33665],[63.40353,25.1646],[63.01806,25.15744],[62.44957,25.1626],[62.1383,25.10477],[61.81327,25.05326],[61.56996,25.03957],[61.34399,25.02686],[60.85828,25.09571],[60.75223,25.18443],[60.47959,25.29821],[60.29818,25.32324],[59.65459,25.32188],[59.30209,25.3402],[59.03146,25.30787],[58.81801,25.47893],[58.74443,25.53596],[58.36868,25.54788],[58.10964,25.54732],[57.90045,25.54089],[57.80509,25.64833],[57.46488,25.70479],[57.32798,25.78709],[57.25477,25.79329],[57.24507,26.01846],[57.1124,26.07619],[57.06634,26.30747],[56.93498,26.46454],[56.92909,26.75187],[56.79043,26.97391],[56.68355,26.96836],[56.66782,27.0499],[56.43095,27.10657],[56.06777,27.11217],[55.89973,27.1048],[55.80532,27.00509],[55.65757,26.99695],[55.4249,26.96311],[55.34009,26.79935],[55.09813,26.73744],[54.92553,26.53803],[54.75988,26.41063],[54.64606,26.39132],[54.06494,26.70138],[53.63394,26.74794],[53.38068,26.90959],[52.89083,27.05232],[52.77987,27.18785],[52.63378,27.3146],[52.41039,27.58096],[51.96155,27.77695],[51.69886,27.81452],[51.6113,27.82704],[51.35013,28.03613],[51.08226,28.51202],[50.79676,29.01329],[50.70246,29.13378],[50.70472,29.40061],[50.35984,29.74293],[50.13237,30.06643],[49.71785,30.00205],[49.51097,30.02068],[49.45236,30.07773],[49.32136,30.10286],[49.23508,30.22338],[49.22223,30.47746],[49.02017,30.43257],[48.94572,30.38794],[48.80133,30.08273],[48.71384,29.99996],[48.55365,29.99462],[48.51058,29.99319],[48.21185,29.94809],[48.02828,29.97312],[47.95715,29.94756],[47.91136,29.89029],[47.93592,29.80141],[47.99603,29.49026],[47.84491,29.50315],[47.61404,29.27224],[47.80356,29.18492],[47.99151,29.27749],[48.12906,29.26819],[48.44353,28.44023],[48.46268,28.38585],[48.58751,28.09388],[48.75174,27.87188],[48.83184,27.57345],[48.85502,27.52269],[49.13191,27.53597],[49.24351,27.47903],[49.15193,27.37246],[49.23916,27.28849],[49.3216,27.16155],[49.42732,27.13105],[49.53254,27.00953],[49.93138,26.93413],[50.12176,26.73759],[50.09017,26.61149],[49.98396,26.59574],[49.93417,26.48307],[50.07625,26.31184],[49.99198,26.04484],[49.93686,25.95578],[50.01141,25.83523],[50.14689,25.53564],[50.21432,25.58812],[50.38192,25.46117],[50.42921,25.18402],[50.6189,24.87085],[50.60654,24.68022],[50.70592,24.55972],[50.77828,24.47093],[50.90739,24.43308],[50.96833,24.43624],[50.96495,24.71275],[50.89618,24.90955],[50.84732,25.26522],[50.93111,25.53857],[51.01539,25.58812],[50.98896,25.67209],[51.06883,25.94546],[51.21702,26.06647],[51.35767,26.02896],[51.3888,25.88726],[51.50593,25.84528],[51.53446,25.75585],[51.58667,25.60912],[51.53905,25.42018],[51.55286,25.10153],[51.60615,24.98729],[51.55892,24.81565],[51.41201,24.60569],[51.28783,24.41078],[51.29142,24.28137],[51.45417,24.21823],[51.52285,24.16066],[51.60644,24.20265],[51.5859,24.00322],[51.76457,24.00286],[51.9456,23.9455],[52.25464,23.98748],[52.30105,24.08195],[52.38303,24.10818],[52.48116,24.0557],[52.67165,24.07468],[52.93944,24.02442],[53.04023,24.03996],[53.07571,24.08719],[53.68676,23.98748],[54.01653,24.05046],[54.0063,24.18165],[54.10752,24.10293],[54.27599,24.10982],[54.3471,24.15445],[54.48741,24.34434],[54.59216,24.37733],[54.71206,24.59994],[54.77082,24.73348],[55.0908,25.02004],[55.4572,25.42018],[55.53049,25.37295],[55.63346,25.45317],[56.01546,25.77163],[56.15673,25.96648],[56.29731,26.15973],[56.36705,26.23612],[56.40503,25.86138],[56.21485,25.54334],[56.16131,25.47334],[56.28164,25.4624],[56.36602,25.45472],[56.40626,25.30869],[56.40648,25.07998],[56.40526,24.91875],[56.40538,24.81951],[56.6108,24.47688],[56.79419,24.26761],[57.1462,23.98247],[57.3963,23.83704],[57.45101,23.80522],[57.90422,23.57111],[58.08072,23.50161],[58.20529,23.49552],[58.46466,23.50877],[58.62849,23.4583],[59.02164,23.02076],[59.25432,22.72901],[59.46142,22.53887],[59.82569,22.37445],[59.83728,22.27918],[59.53569,21.80205],[59.25885,21.47745],[58.86135,21.11448],[58.77406,20.94123],[58.51205,20.42123],[58.40309,20.35747],[58.15045,20.39506],[58.04437,20.43295],[57.93127,20.40094],[57.80608,20.17196],[57.77755,19.66999],[57.77843,19.31421],[57.83863,19.03481],[57.65703,18.97089],[57.18621,18.93811],[56.90431,18.8168],[56.73889,18.68938],[56.6086,18.46674],[56.54936,18.21883],[56.45755,18.09156],[56.25759,17.97677],[56.01284,17.93179],[55.88155,17.93151],[55.70812,17.95018],[55.56107,17.93717],[55.38949,17.80974],[55.29041,17.6761],[55.23444,17.44726],[55.23564,17.28843],[55.19484,17.14856],[54.91061,16.97006],[54.75608,16.95067],[54.40687,17.04522],[54.08426,17.01912],[53.68125,16.89754],[53.33573,16.76338],[53.20845,16.71863],[53.02095,16.65377],[52.89432,16.60995],[52.65217,16.48872],[52.3566,16.23395],[52.23764,16.10026],[52.16286,15.87137],[52.13517,15.68706],[51.95041,15.54053],[51.599,15.37875],[51.31256,15.24689],[50.29112,14.95878],[49.71286,14.77329],[49.33385,14.6327],[49.17318,14.49892],[48.96039,14.2189],[48.8793,14.16872],[48.7646,14.09775],[48.53675,14.04644],[48.27014,14.07763],[48.03617,14.04536],[47.6623,13.84759],[47.36957,13.66905],[46.93939,13.49022],[46.87773,13.47387],[46.6012,13.40055],[46.07929,13.39942],[45.8259,13.40523],[45.69248,13.34776],[45.51864,13.2076],[45.39598,13.0739],[45.19342,12.93368],[44.96357,12.82517],[44.7888,12.80574],[44.68107,12.82456],[44.44054,12.63978],[44.06275,12.61355],[43.84059,12.66391],[43.6049,12.82889],[43.56005,12.86028],[43.48365,12.93],[43.34085,13.12667],[43.30285,13.24095],[43.38398,13.56518],[43.34756,13.85104],[43.20694,14.07947],[43.05326,14.60651],[42.79588,15.47008],[42.76353,15.66698],[42.88388,15.98492],[42.82805,16.32148],[42.8144,16.40413],[42.76366,16.64546],[42.53529,17.07067],[42.20652,17.51474],[42.00944,17.73668],[41.62856,18.0472],[41.39918,18.44064],[41.03302,19.28491],[40.81976,19.68472],[40.69382,19.86871],[40.33635,20.09669],[39.76408,20.4068],[39.5269,20.69221],[39.16674,21.2188],[39.13041,21.65076],[39.10334,22.00017],[39.10219,22.40045],[39.0556,22.57189],[38.9151,22.87021],[38.49012,23.61268],[38.32942,23.83472],[37.98842,24.11356],[37.78185,24.21479],[37.55722,24.27149],[37.41881,24.39827],[37.20145,24.65831],[37.26854,24.96978],[37.21827,25.16663],[37.00526,25.53469],[36.6693,26.01684],[36.32976,26.40276],[36.31222,26.4227],[35.83107,27.09515],[35.59481,27.51399],[35.4365,27.72966],[35.11159,28.07206],[34.87562,28.09697],[34.76388,28.09675],[34.7989,28.23024],[34.88559,28.35748],[35.02568,28.94863],[35.0721,29.21136],[35.09547,29.34268],[35.0734,29.41887],[34.98468,29.46722],[34.95426,29.43681],[34.93554,29.41809],[34.76433,29.24669],[34.54895,28.73163],[34.39884,28.09599],[34.32201,27.82898],[34.2412,27.75892],[34.05801,27.79031],[33.85604,28.02496],[33.50406,28.32918],[33.33074,28.55119],[33.17847,28.99561],[32.94378,29.19842],[32.81361,29.4777],[32.73728,29.69355],[32.64796,29.8522],[32.43838,29.77552],[32.31849,29.5402],[32.59058,28.9372],[32.64934,28.76578],[32.93468,28.37883],[33.35422,27.90955],[33.56694,27.36995],[33.80406,26.93207],[33.92881,26.56382],[34.10422,26.35452],[34.51484,25.57392],[34.9974,24.7172],[35.18986,24.39992],[32.51418,23.73314],[30.81889,23.65943],[29.34472,24.02797],[27.35164,24.13483],[25.04574,28.01591],[21.67907,28.08193],[19.31648,28.41988],[19.12454,30.19894],[19.3188,30.25537],[19.32282,30.25654],[19.66391,30.4415],[19.98154,30.72173],[20.11677,30.9571],[20.11668,31.07147],[19.9921,31.35077],[19.94158,31.61117],[19.96147,31.79547],[20.06836,32.03714],[20.36572,32.29824],[20.51552,32.38751],[20.76505,32.49603],[21.0545,32.63005],[21.67342,32.81559],[22.21599,32.79129],[22.54313,32.72207],[22.92285,32.55766],[23.00733,32.48159],[23.02666,32.25291],[23.15334,32.13881],[23.28864,32.13273],[23.71403,32.07642],[23.74242,32.0641],[24.0344,31.93731],[24.23692,31.92502],[24.81586,31.90715],[24.95153,31.81849],[24.98224,31.64701],[25.10655,31.51384],[25.25823,31.43792],[25.50716,31.44478],[25.7895,31.48984],[26.14333,31.49058],[26.82399,31.35856],[27.0881,31.30673],[27.43875,31.25182],[27.76333,31.18261],[27.91945,30.99869],[28.09983,30.99906],[28.51718,30.9618],[28.96642,30.78484],[29.24885,30.75366],[29.35938,30.81107],[29.6831,31.05317],[30.09914,31.23193],[30.47606,31.31529],[30.82706,31.43674],[30.99596,31.46885],[31.15138,31.44375],[31.39227,31.44426],[31.71742,31.38775],[31.80812,31.17828],[32.07651,31.01365],[32.30938,31.08402],[32.59724,30.9639],[32.76873,30.95155],[33.02139,31.13207],[33.12957,31.05169],[33.2546,31.02653],[33.5576,30.96772],[33.70961,30.99571],[33.91697,31.07005],[34.1463,31.20858],[34.19528,31.23814],[34.50066,31.6211],[34.59914,31.8179],[34.68134,32.04598],[34.7585,32.30072],[34.84289,32.6707],[34.89497,32.66283],[34.95659,32.70482],[34.95908,32.79666],[34.97201,32.93841],[35.08897,33.06926],[35.13231,33.23152],[35.20839,33.33359],[35.35609,33.63978],[35.34856,33.74447],[35.42987,33.74447],[35.49185,33.83083],[35.5244,33.97477],[35.53208,34.11871],[35.71621,34.31237],[35.82101,34.34378],[35.87307,34.42229],[35.85192,34.49295],[35.75075,34.74681],[35.80885,35.0138],[35.84138,35.04263],[35.79643,35.27072],[35.60734,35.41754],[35.66396,35.4595],[35.68043,35.52767],[35.73318,35.58536],[35.69143,35.68502],[35.7395,35.69027],[35.85594,35.8345],[35.82905,35.88478],[35.7185,36.09156],[35.66495,36.13353],[35.70863,36.21223],[35.81414,36.29849],[35.81724,36.30103],[36.09526,36.48246],[36.10452,36.56117],[36.08243,36.62153],[35.95679,36.74749],[35.89088,36.77111],[35.67174,36.60578],[35.56761,36.58742],[35.50617,36.55856],[35.5476,36.54018],[35.49459,36.4431],[35.41708,36.43261],[35.3887,36.45359],[35.35418,36.41424],[35.22053,36.388],[35.07137,36.48771],[34.86991,36.57692],[34.66238,36.64777],[37.34926,38.83411],[40.62897,39.88361],[41.27776,41.28003],[41.29312,41.28582],[41.48396,41.43654],[41.52111,41.46584],[41.66611,41.72915],[41.68047,41.79334],[43.36173,41.32052],[44.04927,41.12717],[45.7611,40.64575],[46.82936,40.34532],[48.23789,39.94921],[48.95943,40.14599],[48.63146,41.1955],[49.0869,41.45277],[49.11588,41.43169],[49.24353,41.2934],[49.28608,41.05938],[49.3499,40.95301],[49.47755,40.836],[49.6052,40.76154],[49.6052,40.68708],[49.8073,40.5807],[50.02005,40.60198],[50.19025,40.57007],[50.3179,40.49561],[50.42427,40.41051],[50.46682,40.32541],[50.46682,40.26158],[50.30726,40.32541],[50.12643,40.34668],[50.03069,40.34668],[49.91368,40.32541],[49.84986,40.27222],[49.66902,40.24031],[49.57328,40.17649],[49.55201,40.09139],[49.54137,39.87864],[49.48818,39.76163],[49.44564,39.65526],[49.40309,39.48506],[49.49882,39.37869],[49.48818,39.29359],[49.38181,39.3255],[49.33926,39.28295],[49.30735,39.13403],[49.27544,39.01702],[49.22225,39.0383],[49.17971,39.14467],[49.11588,39.18722],[49.04142,39.14467],[49.02014,39.00638],[49.05206,38.93192],[48.99887,38.87873],[48.94568,38.83619],[48.98823,38.71918],[48.82495,38.30958],[48.83151,38.30631],[48.80919,37.98857],[48.74478,37.72702],[48.83723,37.51097],[49.05953,37.39756],[49.47581,37.29161],[49.84801,37.26821],[50.03871,37.2247],[50.11132,37.09776],[50.25221,36.89479],[50.56095,36.68643],[51.41704,36.45569],[51.79552,36.43235],[51.99305,36.4589],[52.60216,36.57688],[53.13901,36.64353],[53.79965,36.67904],[53.98449,36.78191],[54.06744,36.94152],[54.86755,36.80565],[61.10699,38.69901],[61.45226,39.27446],[61.27638,39.69658],[60.87681,40.65555],[59.7259,41.80645],[58.69008,42.72718],[58.69008,44.10827],[61.45226,45.25918],[63.52389,45.02899],[64.55971,44.10827],[67.20679,41.69136],[68.58788,40.65555],[69.96897,40.54046],[70.8897,41.00082],[71.69533,40.88573],[73.19151,39.965],[73.19151,37.31792],[73.65187,35.24628],[72.84855,33.3457],[72.27079,32.36902],[72.0406,30.18229],[69.73988,26.3838]]]]}},{"type":"Feature","properties":{"NAME":"Hindu states","ABBREVN":"Hindu states","wikipedia":null,"SUBJECTO":"Hindu states","BORDERPRECISION":1,"PARTOF":"Hindu states"},"geometry":{"type":"MultiPolygon","coordinates":[[[[79.04779,27.76002],[79.24652,27.81189],[79.28046,27.63075],[79.04779,27.76002]]],[[[72.26563,24.22312],[70.38065,22.86056],[70.31022,22.82864],[70.04595,22.77726],[69.66489,22.78916],[69.39182,22.8394],[69.1072,22.8989],[68.88241,22.99715],[68.79081,23.02872],[68.37294,23.32642],[68.07218,23.67519],[68.86453,24.48087],[69.73988,26.3838],[72.0406,30.18229],[72.27079,32.36902],[72.84855,33.3457],[76.7597,33.18388],[76.75932,31.90865],[77.1046,31.3332],[77.56496,31.10302],[78.48568,30.52757],[79.06114,28.80121],[79.14818,28.33668],[77.06013,29.42076],[72.62766,28.36655],[74.1174,26.54434],[76.10516,26.99855],[72.26563,24.22312]]]]}},{"type":"Feature","properties":{"NAME":"Vallabhi","ABBREVN":"Vallabhi","wikipedia":null,"SUBJECTO":"Vallabhi","BORDERPRECISION":1,"PARTOF":"Vallabhi"},"geometry":{"type":"MultiPolygon","coordinates":[[[[72.26563,24.22312],[73.91521,23.1114],[72.69309,22.10465],[72.69562,22.12854],[72.31905,22.11503],[72.23298,22.01955],[72.12714,21.82874],[72.13104,21.74618],[72.25569,21.63208],[72.289,21.54957],[72.2562,21.35256],[72.12086,21.15534],[71.89443,20.98968],[71.52893,20.82373],[71.30259,20.77243],[71.02445,20.65748],[70.85505,20.65076],[70.46748,20.777],[70.20995,20.94798],[69.75222,21.39807],[69.12606,21.96851],[68.89418,22.28566],[69.01423,22.30497],[69.49224,22.24881],[69.76917,22.28751],[69.96852,22.35146],[70.1762,22.47896],[70.41056,22.75262],[70.38065,22.86056],[72.26563,24.22312]]]]}},{"type":"Feature","properties":{"NAME":"Hindu states","ABBREVN":"Hindu states","wikipedia":null,"SUBJECTO":"Hindu states","BORDERPRECISION":1,"PARTOF":"Hindu states"},"geometry":{"type":"MultiPolygon","coordinates":[[[[80.30022,15.64574],[80.16343,15.39132],[80.0894,15.17516],[80.08707,14.94643],[80.16166,14.2541],[80.16972,13.89199],[80.07589,13.66942],[80.17813,13.52352],[80.20184,13.49169],[80.31988,13.33321],[80.31346,13.10448],[79.06114,13.03378],[78.99063,15.14893],[78.94605,16.4865],[78.71586,17.52232],[78.94605,19.0185],[78.83096,20.39958],[84.90316,22.84977],[84.91227,22.74053],[84.72676,21.90578],[84.72676,20.88552],[85.37911,19.60537],[85.11321,19.44231],[84.90662,19.18141],[84.65877,18.93313],[84.32451,18.53029],[84.26273,18.45584],[83.98768,18.20749],[83.68472,18.08345],[83.3814,17.71068],[83.07698,17.50039],[82.84609,17.38341],[82.74959,17.33452],[82.54642,17.22609],[82.354,17.08591],[82.26742,16.85702],[82.23458,16.6473],[82.08142,16.46274],[81.78898,16.3287],[81.59677,16.30288],[81.3691,16.34686],[81.2531,16.22591],[81.0879,15.82679],[80.96311,15.7234],[80.73596,15.83727],[80.45976,15.77315],[80.30022,15.64574]]]]}},{"type":"Feature","properties":{"NAME":"Rashtrakuta state","ABBREVN":"Rashtrakuta","wikipedia":null,"SUBJECTO":"Rashtrakuta state","BORDERPRECISION":1,"PARTOF":"Rashtrakuta state"},"geometry":{"type":"MultiPolygon","coordinates":[[[[75.43987,11.7498],[75.21094,12.10237],[74.96174,12.87696],[74.7776,13.52791],[74.73362,13.68336],[74.70299,13.75127],[74.42144,14.37545],[74.40151,14.41964],[74.37707,14.46192],[74.15313,14.8495],[74.03218,15.05883],[73.84143,15.39048],[73.57273,16.03793],[73.50805,16.24396],[73.49424,16.28796],[73.40929,16.55854],[73.39573,16.61641],[73.18471,17.51733],[73.06423,18.03172],[72.97611,18.53857],[72.85335,19.24468],[72.78251,19.94969],[72.75949,20.05765],[72.86444,20.31198],[72.88084,20.33709],[75.03296,20.51467],[78.83096,20.39958],[78.94605,19.0185],[78.71586,17.52232],[78.94605,16.4865],[78.99063,15.14893],[79.06114,13.03378],[77.68005,12.91869],[75.73442,11.25367],[75.65175,11.42349],[75.5907,11.51752],[75.43987,11.7498]]]]}},{"type":"Feature","properties":{"NAME":"Nan Chao","ABBREVN":"Nan Chao","wikipedia":null,"SUBJECTO":"Nan Chao","BORDERPRECISION":1,"PARTOF":"Nan Chao"},"geometry":{"type":"MultiPolygon","coordinates":[[[[102.42455,24.88812],[104.03582,26.3843],[104.84145,26.03903],[105.30182,26.03903],[106.22254,26.61448],[108.75454,26.15412],[108.29418,24.31267],[108.52436,23.85231],[108.40927,23.16176],[107.25836,22.7014],[105.76218,21.89576],[104.61127,20.28449],[104.37053,19.48203],[102.07928,19.82413],[100.69819,19.47886],[100.12274,20.1694],[100.35292,20.74486],[101.42947,21.97521],[101.96419,22.58631],[102.42455,24.88812]]]]}},{"type":"Feature","properties":{"NAME":"Dvaravati","ABBREVN":"Dvaravati","wikipedia":null,"SUBJECTO":"Dvaravati","BORDERPRECISION":1,"PARTOF":"Dvaravati"},"geometry":{"type":"MultiPolygon","coordinates":[[[[97.97914,14.23517],[99.77746,14.99032],[100.5831,14.99032],[101.27364,14.41487],[100.90871,13.44734],[100.58545,13.47205],[100.47393,13.50993],[100.23968,13.49037],[100.04,13.39465],[99.93033,13.261],[100.02317,12.99437],[99.97711,12.84179],[98.65404,12.24472],[98.59677,12.73718],[98.48592,13.11178],[98.40265,13.2664],[98.19889,13.64481],[97.98979,14.20656],[97.97914,14.23517]]]]}},{"type":"Feature","properties":{"NAME":"Chen-La","ABBREVN":"Chen-La","wikipedia":null,"SUBJECTO":"Chen-La","BORDERPRECISION":1,"PARTOF":"Chen-La"},"geometry":{"type":"MultiPolygon","coordinates":[[[[107.48729,14.91318],[107.89784,13.68154],[107.89784,12.5684],[106.92988,11.84243],[106.77316,10.63917],[106.70439,10.44842],[106.72699,10.22611],[106.74861,10.06733],[106.65628,9.7431],[106.48203,9.55212],[106.33506,9.52003],[106.22927,9.55158],[106.1184,9.33532],[105.92659,9.18877],[105.69075,9.12472],[105.50308,9.02902],[105.29659,8.77443],[105.20842,8.65353],[105.02568,8.51971],[104.90708,8.47497],[104.74248,8.49367],[104.77762,8.88132],[104.82238,9.4723],[104.89044,9.69481],[104.98728,9.82209],[104.97853,9.98091],[104.76486,10.1774],[104.42781,10.28468],[104.38718,10.31441],[104.27201,10.39871],[104.1603,10.51918],[104.00306,10.5379],[103.83095,10.474],[103.73876,10.49286],[103.60692,10.47351],[103.52487,10.52417],[103.58846,10.66408],[103.67031,10.76591],[103.65232,10.88022],[103.52489,11.05784],[103.40012,11.03851],[103.19204,10.90464],[103.03959,10.89797],[102.96259,11.36794],[102.67078,12.03772],[102.6585,12.06613],[102.52976,12.14845],[102.32391,12.18613],[102.18049,12.32743],[103,13.83941],[104.72636,14.52996],[107.48729,14.91318]]]]}},{"type":"Feature","properties":{"NAME":"Rajput Clans and Small States","ABBREVN":"Rajput Clans and Small States","wikipedia":null,"SUBJECTO":"Rajput Clans and Small States","BORDERPRECISION":1,"PARTOF":"Rajput Clans and Small States"},"geometry":{"type":"MultiPolygon","coordinates":[[[[100.90871,13.44734],[101.27364,14.41487],[100.5831,14.99032],[99.77746,14.99032],[97.97914,14.23517],[97.82299,14.61601],[97.7423,15.0097],[97.66407,15.79094],[97.61145,16.09575],[97.59611,16.34982],[97.57322,16.44507],[97.41848,16.48285],[97.73433,18.37611],[97.44394,19.10208],[97.00837,19.19887],[96.69927,19.12427],[96.47599,21.76395],[95.89522,22.63511],[95.45964,22.7319],[94.87887,22.68351],[94.2981,22.29632],[93.96559,19.19436],[93.83904,18.95269],[93.69467,19.00955],[93.45794,19.17421],[93.67501,19.25091],[93.815,19.25756],[93.74784,19.4734],[93.72382,19.59404],[93.416,19.94276],[93.33432,20.02517],[93.24848,20.03769],[93.06563,19.99283],[92.89443,20.11317],[92.93328,20.31017],[92.92148,20.37367],[92.8271,20.42429],[92.66279,20.40489],[92.40335,20.61396],[92.1763,20.88663],[92.12367,20.99643],[92.06686,21.11509],[91.94605,21.36258],[91.8459,21.90867],[91.65179,22.35692],[92.98711,24.08249],[93.41314,24.24634],[94.48329,24.65794],[97.93601,24.88812],[98.39637,24.42776],[98.28128,22.58631],[99.43219,21.89576],[101.42947,21.97521],[100.35292,20.74486],[100.12274,20.1694],[100.69819,19.47886],[102.07928,19.82413],[104.37053,19.48203],[104.266,19.13359],[104.38109,18.32795],[105.41691,17.40723],[106.4515,16.18796],[107.46226,14.98828],[107.48729,14.91318],[104.72636,14.52996],[103,13.83941],[102.18049,12.32743],[101.91858,12.58549],[101.72354,12.65496],[101.58664,12.66102],[101.32911,12.55882],[101.15366,12.60926],[101.02303,12.67252],[100.87163,12.67854],[100.87124,12.8056],[100.95698,13.36485],[100.90871,13.44734]]]]}},{"type":"Feature","properties":{"NAME":"Silia","ABBREVN":"Silia","wikipedia":null,"SUBJECTO":"Silia","BORDERPRECISION":1,"PARTOF":"Silia"},"geometry":{"type":"MultiPolygon","coordinates":[[[[127.67153,39.86644],[127.55239,39.76416],[127.4408,39.62366],[127.27689,39.22169],[127.40456,39.07534],[127.95602,38.69407],[128.14415,38.53463],[128.45106,38.25542],[128.98092,37.53041],[129.12927,37.30786],[129.25,37.00888],[129.2508,36.67153],[129.23533,36.24512],[129.17755,35.9587],[129.24174,35.90794],[129.46678,35.92749],[129.41224,35.7429],[129.28526,35.5073],[129.06002,35.16978],[128.91775,35.02961],[128.80851,35.01031],[128.55296,35.10516],[128.43801,35.06042],[128.16449,34.79946],[127.9707,34.83717],[127.8405,34.93846],[127.596,34.89353],[127.3591,34.80418],[126.82446,34.42855],[126.61679,34.40909],[126.40958,34.269],[126.38503,34.52288],[126.36014,34.66883],[126.28664,34.98608],[126.22541,35.16399],[126.3003,35.36765],[126.52497,35.57799],[126.52478,35.73701],[126.62644,35.92805],[126.60686,35.99163],[126.4367,36.13126],[126.39383,36.26479],[126.40061,36.4748],[126.36144,36.62746],[126.2315,36.68448],[125.96028,36.72213],[126.2548,36.90731],[126.39093,36.95851],[126.68535,36.83817],[126.79962,36.94662],[126.78633,37.0739],[126.44297,37.47433],[126.39186,37.61432],[126.33043,37.66143],[126.20972,37.75405],[126.0525,37.60091],[125.90901,37.51146],[125.74117,37.78495],[125.56174,37.83555],[125.26937,37.48468],[125.18161,37.65644],[125.07696,37.77087],[124.76972,37.93586],[124.69366,38.13954],[124.73619,38.27978],[124.92935,38.46494],[125.26861,38.56758],[125.29374,38.6887],[125.02793,38.81562],[125.21088,39.21117],[125.29609,39.36433],[125.20654,39.48528],[124.92234,39.61861],[124.85996,39.61848],[124.68843,39.60538],[124.54809,39.54134],[124.44284,39.57301],[124.20899,39.73833],[124.14974,39.82101],[126.70869,39.965],[127.67153,39.86644]]]]}},{"type":"Feature","properties":{"NAME":"Parhae","ABBREVN":"Parhae","wikipedia":null,"SUBJECTO":"Parhae","BORDERPRECISION":1,"PARTOF":"Parhae"},"geometry":{"type":"MultiPolygon","coordinates":[[[[129.64126,41.65585],[129.59071,41.46991],[129.63107,41.27779],[129.56141,41.07269],[129.47782,40.68203],[129.17704,40.63022],[129.01484,40.52752],[128.79103,40.35434],[128.44659,40.06587],[128.23623,39.96959],[127.93132,39.95623],[127.67153,39.86644],[126.70869,39.965],[124.14974,39.82101],[124.13388,39.84314],[124.11079,39.8754],[124.10408,39.88478],[123.91653,39.80788],[123.36643,39.74939],[123.03906,39.6722],[122.02749,39.25576],[121.74317,39.08945],[121.48841,38.8786],[121.21648,38.75696],[121.06533,38.75028],[121.1237,38.86512],[121.51178,39.17186],[121.66015,39.33152],[121.44896,39.3821],[121.28218,39.34989],[121.21334,39.48364],[121.23941,39.55383],[121.66813,39.90541],[121.78899,40.07808],[122.03652,40.26404],[122.10791,40.35372],[122.08235,40.48801],[126.01814,42.15173],[128.55014,43.64791],[130.39159,44.79881],[131.77268,45.14408],[132.92359,44.33845],[132.82736,42.8619],[132.59443,42.89997],[132.48474,42.88049],[132.33309,42.96368],[132.18179,43.19464],[131.8831,43.07198],[131.6746,43.0266],[131.86515,43.29038],[131.58421,43.21272],[131.35679,42.99385],[131.06462,42.74924],[130.46762,42.29879],[130.4351,42.27676],[129.82472,41.86137],[129.64126,41.65585]]]]}},{"type":"Feature","properties":{"NAME":"Tang Empire","ABBREVN":"Tang Empire","wikipedia":null,"SUBJECTO":"Tang Empire","BORDERPRECISION":1,"PARTOF":"Tang Empire"},"geometry":{"type":"MultiPolygon","coordinates":[[[[103,26.3843],[104.15091,27.99557],[104.15091,28.68611],[103.57546,30.29738],[104.266,31.90865],[103.00595,33.16871],[102.76982,33.40483],[103.13087,34.15471],[104.266,36.51228],[104.266,37.20283],[104.03582,38.00846],[104.15091,40.31028],[104.84145,41.231],[107.48854,41.11591],[110.71108,40.88573],[116.23543,41.57627],[123.37106,42.95736],[125.09742,42.95736],[126.01814,42.15173],[122.08235,40.48801],[121.75362,40.73695],[121.42673,40.86433],[121.36801,40.87061],[121.08528,40.85723],[121.01061,40.85068],[120.78842,40.68381],[120.27275,40.15177],[120.11273,40.0811],[119.82382,40.04216],[119.54779,39.93304],[119.38549,39.84343],[119.21067,39.63903],[119.14942,39.45398],[119.09059,39.3391],[118.97764,39.22414],[118.78127,39.16636],[118.55934,39.17229],[118.41243,39.05088],[118.27459,38.99961],[118.06993,39.25419],[117.91011,39.26024],[117.75289,39.20254],[117.57505,38.91534],[117.5101,38.76557],[117.4395,38.60277],[117.47904,38.44992],[117.58947,38.28448],[117.84067,38.16392],[118.20027,38.04361],[118.74465,38.06383],[118.87525,37.94943],[118.86726,37.70737],[118.81165,37.44613],[118.837,37.20422],[118.9546,37.07712],[119.2844,37.04597],[119.59886,37.11662],[119.9407,37.35291],[120.16939,37.57626],[120.41806,37.67866],[120.65811,37.73647],[120.7874,37.70488],[121.18978,37.42548],[121.43434,37.33684],[121.89485,37.37596],[122.05757,37.36356],[122.26949,37.30032],[122.39286,37.30057],[122.28127,36.98201],[122.25559,36.73369],[121.98013,36.82225],[121.8467,36.86018],[121.60988,36.83423],[120.85549,36.58445],[120.53731,36.38652],[120.50483,36.05557],[120.26972,35.9851],[120.20367,36.03587],[120.19649,36.15674],[120.13934,36.1948],[119.91378,36.14344],[119.97557,35.9336],[119.90734,35.76806],[119.68883,35.54497],[119.06016,35.04127],[119.00325,34.93947],[119.02086,34.69193],[119.29992,34.59093],[119.62048,34.36938],[119.9736,34.13522],[120.14943,33.89433],[120.34028,33.33606],[120.64059,33.04462],[120.71939,32.84798],[120.66086,32.54312],[120.73831,32.46073],[121.05076,32.32805],[121.23053,32.06177],[121.48367,31.94801],[121.60596,31.82763],[121.64504,31.68803],[121.62331,31.61815],[121.26827,31.45234],[121.30789,31.42066],[121.49887,31.28139],[121.64023,30.92612],[121.63187,30.79277],[121.56893,30.7101],[121.32843,30.69055],[121.03547,30.5947],[120.60867,30.34618],[120.22693,30.25015],[119.94367,30.11622],[120.26755,30.02165],[120.43786,29.99661],[120.86273,30.18798],[121.08252,30.21383],[121.15525,30.18858],[121.39127,29.9224],[121.56523,29.84656],[121.77032,29.83428],[121.77436,29.76445],[121.67039,29.62454],[121.49844,29.52258],[121.36191,29.41435],[121.41146,29.3446],[121.5582,29.35762],[121.64917,29.31971],[121.56675,29.17348],[121.43251,28.83666],[121.34584,28.54438],[121.35852,28.38566],[121.25971,28.18225],[121.16591,28.1249],[121.00856,28.27698],[120.94238,28.21333],[120.6865,27.8699],[120.5059,27.5901],[120.40888,27.31049],[120.35181,27.17701],[120.08409,26.98594],[119.97135,26.78884],[119.85704,26.70603],[119.60071,26.6928],[119.4289,26.59083],[119.55489,26.26721],[119.43603,26.03834],[119.47035,25.77168],[119.42861,25.65093],[119.33538,25.53007],[119.09586,25.44065],[119.02367,25.31349],[118.94535,25.1355],[118.81295,24.84941],[118.53121,24.69004],[118.34563,24.46734],[118.12424,24.53039],[117.92491,24.56173],[117.86126,24.51077],[117.79609,24.42171],[117.84909,24.0471],[117.75325,23.98338],[117.40589,23.69047],[117.2454,23.63297],[116.96271,23.55616],[116.70913,23.34602],[116.45206,23.2502],[116.4039,23.19929],[116.40022,22.98332],[116.34062,22.91333],[116.0847,22.88738],[115.86005,22.8361],[115.70671,22.63887],[115.54251,22.69568],[115.3088,22.77141],[115.18553,22.74575],[115.04354,22.59936],[114.84781,22.51002],[114.55875,22.46495],[114.53746,22.6745],[114.30387,22.6486],[113.98914,22.55267],[113.84516,22.46344],[113.71678,22.48222],[113.53598,22.70415],[113.46257,22.77385],[113.37662,22.64665],[113.41929,22.57051],[113.39909,22.47519],[113.3777,22.16391],[113.28368,22.03033],[113.09672,21.97912],[112.87131,22.06122],[112.81556,21.93406],[112.81533,21.82607],[112.74952,21.75607],[112.47251,21.73008],[112.30786,21.67891],[112.03952,21.65929],[111.8312,21.75412],[111.734,21.70946],[111.53608,21.49307],[111.43422,21.4611],[111.0856,21.4794],[110.7496,21.37706],[110.56642,21.23058],[110.36344,21.24285],[110.23883,21.2807],[110.23382,21.25528],[110.20257,21.09643],[110.07243,20.91829],[110.07722,20.86748],[110.29317,20.58211],[110.41412,20.5252],[110.43366,20.4363],[110.27129,20.31527],[109.92826,20.24467],[109.7116,20.56816],[109.60293,20.87918],[109.60815,21.05705],[109.78676,21.40678],[109.77982,21.48298],[109.51608,21.59677],[109.41432,21.56479],[109.32188,21.4312],[109.1174,21.39901],[108.81304,21.49364],[108.555,21.8234],[108.46665,21.7851],[108.45893,21.70886],[108.38727,21.53085],[108.26594,21.47342],[108.1167,21.49851],[107.90003,21.47901],[107.87561,21.46207],[107.78977,21.40254],[107.41781,21.18579],[107.46579,20.97627],[107.37434,20.88079],[106.80704,20.90501],[106.74625,20.81595],[106.77157,20.63814],[106.64429,20.46637],[106.38092,20.11009],[106.28143,20.04636],[106.04167,19.93785],[105.96487,19.88052],[105.84339,19.70241],[105.70697,19.28288],[105.53258,18.84421],[105.65332,18.74284],[105.86413,18.4892],[106.36444,18.0075],[106.37519,17.89954],[106.39384,17.66454],[106.43306,17.55028],[106.62226,17.32836],[107.00508,17.03797],[107.11497,16.95461],[107.37534,16.69147],[106.79124,16.37312],[106.4515,16.18796],[105.41691,17.40723],[104.38109,18.32795],[104.266,19.13359],[104.37053,19.48203],[104.61127,20.28449],[105.76218,21.89576],[107.25836,22.7014],[108.40927,23.16176],[108.52436,23.85231],[108.29418,24.31267],[108.75454,26.15412],[106.22254,26.61448],[105.30182,26.03903],[104.84145,26.03903],[104.03582,26.3843],[102.42455,24.88812],[103,26.3843]]]]}},{"type":"Feature","properties":{"NAME":"Pallava state","ABBREVN":"Pallava stat","wikipedia":null,"SUBJECTO":"Pallava state","BORDERPRECISION":1,"PARTOF":"Pallava state"},"geometry":{"type":"MultiPolygon","coordinates":[[[[79.06114,13.03378],[80.31346,13.10448],[80.22376,12.83109],[79.92281,12.10616],[79.86674,11.96909],[79.76935,11.73098],[79.72528,11.51592],[79.71073,11.44494],[79.73183,11.15272],[79.82627,10.35873],[79.78994,10.25063],[79.50092,10.25001],[79.30627,10.25595],[79.22248,10.19222],[79.07228,9.75985],[78.92661,9.49268],[77.44987,9.58106],[76.64423,10.61687],[76.04671,10.6122],[75.73442,11.25367],[77.68005,12.91869],[79.06114,13.03378]]]]}},{"type":"Feature","properties":{"NAME":"Pandya state","ABBREVN":"Pandya state","wikipedia":null,"SUBJECTO":"Pandya state","BORDERPRECISION":1,"PARTOF":"Pandya state"},"geometry":{"type":"MultiPolygon","coordinates":[[[[78.92661,9.49268],[78.93772,9.43552],[79.15965,9.27716],[78.79765,9.13023],[78.66013,9.12359],[78.31384,8.99576],[78.18113,8.81121],[78.13578,8.49977],[78.06494,8.38526],[77.89976,8.25781],[77.84803,8.23269],[77.73393,8.17729],[77.66318,8.14293],[77.61861,8.11742],[77.58884,8.09831],[77.48439,8.02819],[77.41947,8.02804],[77.34137,8.05328],[76.70353,8.70636],[76.66239,8.88418],[76.53786,9.119],[76.46721,9.41013],[76.38529,9.7477],[76.294,9.98495],[76.24838,10.10352],[76.07506,10.55396],[76.04671,10.6122],[76.64423,10.61687],[77.44987,9.58106],[78.92661,9.49268]]]]}},{"type":"Feature","properties":{"NAME":"Sinhalese kingdoms","ABBREVN":"Ceylon","wikipedia":null,"SUBJECTO":"Sinhalese kingdoms","BORDERPRECISION":1,"PARTOF":"Sinhalese kingdoms"},"geometry":{"type":"MultiPolygon","coordinates":[[[[80.5629,5.93167],[80.34107,5.96931],[80.22216,6.05801],[80.12767,6.21666],[80.01677,6.496],[79.85409,7.06115],[79.83873,7.35339],[79.84073,7.69651],[79.83217,8.10315],[79.72418,8.41658],[79.8087,8.64749],[79.67463,8.80493],[79.70579,8.93088],[79.89601,8.92039],[80.05262,9.11388],[80.07653,9.27913],[80.17807,9.44519],[80.10958,9.6866],[80.3476,9.47033],[80.66242,9.29946],[80.76763,9.12178],[81.01492,8.77285],[81.09344,8.62688],[81.04908,8.4743],[81.06008,8.41079],[81.32614,8.25887],[81.44597,7.92872],[81.80486,7.31317],[81.86617,7.08456],[81.77902,6.75396],[81.59992,6.44858],[81.43388,6.27031],[81.20269,6.07919],[80.8518,5.95135],[80.5629,5.93167]]]]}},{"type":"Feature","properties":{"NAME":"Japan","ABBREVN":"Japan","wikipedia":null,"SUBJECTO":"Japan","BORDERPRECISION":1,"PARTOF":"Japan"},"geometry":{"type":"MultiPolygon","coordinates":[[[[136.72186,37.26593],[136.81085,37.31068],[137.30964,37.43265],[137.33493,37.27354],[137.11817,37.14577],[137.01377,37.03735],[136.98303,36.83361],[137.04533,36.66826],[137.1762,36.64307],[137.27592,36.69419],[137.46403,36.85368],[137.57182,36.89208],[138.31724,37.20551],[138.49203,37.30135],[138.69897,37.4482],[138.85615,37.73506],[139.19793,37.92043],[139.35388,38.06724],[139.43985,38.18844],[139.50393,38.41788],[139.74572,38.67958],[139.74142,38.7433],[139.89608,38.9985],[139.96794,39.20897],[140.03009,39.48318],[140.01109,39.69351],[139.86213,39.78247],[139.80464,39.89075],[141.46714,40.51409],[141.56625,40.45672],[141.67561,40.31622],[141.99812,39.67199],[141.99852,39.44888],[141.88783,39.12997],[141.56858,38.78521],[141.4671,38.58749],[141.49639,38.4219],[141.42874,38.38992],[141.09666,38.26184],[141.02447,38.21074],[140.95059,38.12141],[140.87222,37.91745],[140.88087,37.73915],[140.92323,37.62462],[140.9822,37.2682],[140.96394,36.95626],[140.6556,36.61831],[140.54663,36.28722],[140.55545,35.96914],[140.64476,35.83575],[140.83425,35.67712],[140.55686,35.54301],[140.4699,35.48559],[140.39494,35.40912],[140.31662,35.03382],[139.8301,34.83598],[139.7881,34.96284],[139.92047,35.2619],[140.00289,35.49736],[139.91371,35.55441],[139.68267,35.44583],[139.4226,35.16551],[139.20864,35.16507],[139.05291,35.02489],[139.02284,34.68834],[138.86383,34.56743],[138.77944,34.57995],[138.74983,34.6497],[138.75103,34.92265],[138.68374,34.99234],[138.58897,34.97309],[138.45016,34.90299],[138.29521,34.76303],[138.14906,34.52788],[137.75918,34.55247],[137.53175,34.52662],[137.24823,34.48161],[137.04179,34.72874],[136.73385,34.87409],[136.61694,34.7596],[136.58659,34.67703],[136.50706,34.51818],[136.52368,34.49281],[136.71134,34.40434],[136.89859,34.25873],[136.76687,34.1696],[136.39376,34.11171],[136.19923,34.00339],[135.99099,33.72367],[135.75567,33.34232],[135.44601,33.50672],[135.19151,33.60142],[135.06292,33.69002],[135.05696,33.76619],[134.96925,34.13417],[135.01397,34.20409],[135.23674,34.35054],[135.31703,34.47131],[135.28681,34.59819],[135.20571,34.61708],[134.93568,34.54035],[134.78247,34.55274],[134.42732,34.62818],[134.2135,34.57062],[134.02172,34.46867],[133.8253,34.38574],[133.70426,34.42993],[133.58914,34.44237],[132.84773,34.26313],[132.48118,34.12909],[132.38665,34.26854],[132.18348,34.28717],[131.99731,34.09001],[131.99496,33.80434],[131.65487,33.91156],[131.39416,33.93642],[130.89904,33.90367],[130.77932,33.9669],[130.81163,34.11931],[130.89233,34.24644],[131.10977,34.24054],[131.3341,34.29177],[131.67228,34.50195],[132.66285,35.38063],[132.78869,35.38725],[132.98077,35.44487],[133.00621,35.25415],[133.22862,35.31184],[133.80406,35.42748],[134.22357,35.45377],[134.75584,35.53117],[135.15698,35.64647],[135.18804,35.44301],[135.35766,35.32254],[135.43248,35.36084],[135.72711,35.45048],[135.92803,35.60352],[135.92652,35.76253],[135.97789,35.97255],[136.18727,36.202],[136.50152,36.46351],[136.6685,36.6675],[136.64042,37.17028],[136.72186,37.26593]]],[[[130.74401,30.88783],[130.57931,30.90655],[130.55413,30.96998],[130.67454,31.21149],[130.73246,31.47825],[130.58192,31.52874],[130.47444,31.43963],[130.4044,31.22998],[130.23294,31.02646],[130.08627,31.12139],[130.06011,31.21656],[130.20515,31.42637],[130.21933,31.55972],[130.05888,31.97206],[130.13494,32.023],[130.44396,32.28393],[130.48117,32.3475],[130.49653,32.55702],[130.2574,32.91204],[130.10752,32.93078],[130.03459,32.81],[129.84591,32.58742],[129.73373,32.63798],[129.63034,32.86631],[129.46087,32.98658],[129.34338,33.15139],[129.52804,33.29777],[129.85826,33.26037],[130.17616,33.3372],[130.31767,33.54699],[130.42657,33.67417],[130.6444,33.7],[130.85948,33.67506],[130.97111,33.50389],[131.09251,33.42796],[131.28604,33.39026],[131.56875,33.48606],[131.66983,33.30853],[131.41355,33.11122],[131.59562,33.00367],[131.79528,32.80728],[131.83099,32.69309],[131.563,32.43225],[131.45362,32.24793],[131.40686,32.08277],[131.36874,31.80336],[131.31929,31.51121],[131.21063,31.35227],[131.12312,31.30764],[131.04879,31.27575],[130.95968,31.19303],[130.74401,30.88783]]],[[[132.69876,32.54886],[132.56758,32.63747],[132.46705,32.75788],[132.42186,32.92918],[132.34257,33.10677],[132.12112,33.34755],[132.44995,33.51961],[132.57937,33.64049],[132.78431,33.90752],[132.96868,33.79364],[133.24548,33.80056],[133.46292,33.88352],[133.60301,34.03616],[133.80564,34.17622],[134.01023,34.18933],[134.15267,34.11346],[134.54042,34.0127],[134.60977,33.89858],[134.56475,33.84135],[134.51913,33.65082],[134.38769,33.54264],[133.99859,33.14827],[133.91749,33.24332],[133.72689,33.37624],[133.51652,33.39485],[133.24098,33.29906],[133.15415,33.21637],[133.04386,32.99395],[132.96968,32.76526],[132.90069,32.6699],[132.69876,32.54886]]]]}},{"type":"Feature","properties":{"NAME":"Ainu","ABBREVN":"Ainu","wikipedia":null,"SUBJECTO":"Ainu","BORDERPRECISION":1,"PARTOF":"Ainu"},"geometry":{"type":"MultiPolygon","coordinates":[[[[146.16885,43.46777],[146.15637,43.46416],[146.13748,43.45889],[146.1308,43.45805],[146.12439,43.45916],[146.07608,43.51333],[146.08081,43.51805],[146.14609,43.54388],[146.15219,43.54583],[146.15942,43.54583],[146.17352,43.5347],[146.21414,43.53166],[146.2222,43.52972],[146.22607,43.52555],[146.21024,43.48555],[146.20554,43.4811],[146.16885,43.46777]]],[[[146.87494,43.86079],[146.90497,43.83999],[146.86163,43.79666],[146.79748,43.76],[146.78027,43.75194],[146.68274,43.70777],[146.66998,43.70444],[146.6633,43.70361],[146.65555,43.70444],[146.64694,43.70721],[146.59857,43.73221],[146.59607,43.73666],[146.59912,43.79305],[146.60053,43.79861],[146.60467,43.80388],[146.6105,43.80666],[146.7847,43.86194],[146.84274,43.87499],[146.85053,43.87388],[146.86691,43.86805],[146.87494,43.86079]]],[[[146.35996,44.42083],[146.46884,44.42222],[146.48886,44.42555],[146.52054,44.43443],[146.53803,44.44249],[146.56802,44.43832],[146.55026,44.39888],[146.53998,44.38055],[146.53497,44.3761],[146.50833,44.35805],[146.32968,44.29166],[146.20441,44.26999],[146.17719,44.26666],[146.15747,44.26305],[146.13831,44.25777],[146.11997,44.25139],[146.10275,44.24332],[146.09192,44.23611],[145.94025,44.12804],[145.93082,44.11916],[145.83109,44.01694],[145.8172,44.0025],[145.80801,43.99249],[145.79971,43.98166],[145.79581,43.97527],[145.78943,43.94721],[145.78693,43.94138],[145.77942,43.9286],[145.77414,43.925],[145.76276,43.91972],[145.70886,43.89888],[145.6958,43.8961],[145.68829,43.8961],[145.67248,43.89888],[145.65747,43.89972],[145.5958,43.85889],[145.59164,43.85361],[145.58026,43.83443],[145.57776,43.82861],[145.57526,43.8175],[145.57413,43.78555],[145.57413,43.77499],[145.57553,43.73888],[145.56192,43.66138],[145.55942,43.65555],[145.55469,43.65083],[145.54858,43.64916],[145.5433,43.65083],[145.43747,43.71693],[145.42609,43.73999],[145.40747,43.82944],[145.4097,43.83527],[145.48245,43.89527],[145.48828,43.89805],[145.55246,43.9261],[145.64499,43.98221],[145.66138,43.99222],[145.74469,44.05166],[145.74939,44.0561],[145.75333,44.06249],[145.75583,44.0686],[145.75583,44.07361],[145.75442,44.07861],[145.75333,44.09388],[145.75943,44.11138],[145.76388,44.11694],[145.78998,44.14833],[145.87775,44.23721],[145.88721,44.24638],[145.89249,44.25],[145.90942,44.25889],[145.92108,44.26444],[145.92691,44.26694],[145.93942,44.27055],[145.95163,44.27499],[145.96329,44.28055],[145.97385,44.28777],[146.00803,44.33916],[146.05081,44.41193],[146.07803,44.46361],[146.08164,44.46971],[146.08609,44.47527],[146.10053,44.4886],[146.12744,44.50722],[146.13388,44.50916],[146.14804,44.51],[146.16077,44.50662],[146.17136,44.50861],[146.17914,44.50777],[146.18747,44.50583],[146.19498,44.50278],[146.20136,44.49944],[146.23273,44.47694],[146.24274,44.46915],[146.26025,44.45332],[146.27304,44.44638],[146.30331,44.43416],[146.32831,44.42555],[146.34497,44.42194],[146.35996,44.42083]]],[[[148.52191,45.28722],[148.49301,45.27027],[148.47635,45.25861],[148.46664,45.25417],[148.44721,45.24805],[148.42804,45.24444],[148.37134,45.23499],[148.34192,45.23027],[148.33273,45.22971],[148.28525,45.22083],[148.26553,45.21333],[148.2355,45.19888],[148.21552,45.18888],[148.04804,45.09638],[148.03803,45.09055],[148.02969,45.08472],[147.99857,45.06138],[147.99219,45.05555],[147.98746,45.04944],[147.98468,45.04305],[147.97717,45.03082],[147.96414,45.01167],[147.94608,45.00166],[147.94199,45],[147.91666,44.98972],[147.87775,44.97471],[147.86801,44.97138],[147.84885,44.96527],[147.76248,44.93832],[147.75333,44.93888],[147.74442,44.9411],[147.73578,44.94415],[147.72745,44.94888],[147.72107,44.95583],[147.71246,44.96944],[147.70386,44.97249],[147.67664,44.97471],[147.65802,44.9736],[147.63943,44.9711],[147.62994,44.96915],[147.62051,44.9661],[147.6044,44.95555],[147.59052,44.93721],[147.58774,44.93111],[147.58578,44.91833],[147.58829,44.91166],[147.60608,44.90749],[147.61469,44.90443],[147.62274,44.89722],[147.54803,44.81249],[147.53525,44.80055],[147.52719,44.79472],[147.51721,44.78889],[147.50748,44.78444],[147.49774,44.78138],[147.47913,44.77749],[147.46942,44.77305],[147.34497,44.70027],[147.29108,44.66694],[147.2822,44.65443],[147.25137,44.60527],[147.24051,44.57999],[147.22525,44.56193],[147.20914,44.55027],[147.19913,44.54444],[147.18027,44.53805],[147.17081,44.53611],[147.14331,44.53305],[147.10635,44.52916],[147.08829,44.52916],[147.07913,44.52833],[147.04053,44.51777],[147.02109,44.5075],[147.00247,44.48943],[146.98886,44.47082],[146.9808,44.45222],[146.97913,44.44527],[146.97357,44.43277],[146.96469,44.42027],[146.95859,44.41444],[146.94885,44.4086],[146.92996,44.40221],[146.91052,44.39916],[146.88303,44.39694],[146.86551,44.39944],[146.84857,44.40832],[146.84052,44.41554],[146.83218,44.43527],[146.83551,44.45833],[146.83801,44.46471],[146.84692,44.47694],[146.9408,44.55444],[147.00638,44.57166],[147.0983,44.61944],[147.10635,44.62527],[147.14414,44.66138],[147.15305,44.67361],[147.16025,44.6861],[147.16303,44.69221],[147.16388,44.6986],[147.1622,44.71166],[147.15942,44.71832],[147.15305,44.72527],[147.14444,44.72832],[147.11191,44.79388],[147.22717,44.83611],[147.31052,44.8761],[147.39359,44.92027],[147.47995,44.97471],[147.48636,44.98054],[147.49191,44.99305],[147.50497,45.04388],[147.58942,45.05694],[147.59857,45.0575],[147.608,45.05943],[147.61774,45.06249],[147.65637,45.07527],[147.66443,45.08111],[147.66913,45.08721],[147.67746,45.10583],[147.69135,45.12416],[147.70218,45.13638],[147.71329,45.14833],[147.74551,45.17833],[147.75388,45.18416],[147.76388,45.18971],[147.78333,45.19749],[147.84024,45.2086],[147.85898,45.2106],[147.87802,45.21471],[147.88748,45.21777],[147.89414,45.2236],[147.89499,45.22999],[147.89249,45.23666],[147.87329,45.28999],[147.85773,45.34305],[147.85608,45.3561],[147.85886,45.3625],[147.86829,45.37471],[147.8794,45.38666],[147.90414,45.40416],[147.93274,45.42138],[147.9422,45.42332],[147.95136,45.42249],[147.95996,45.41916],[147.99692,45.3386],[148.0022,45.32527],[148.00192,45.31221],[148.00165,45.30527],[147.99774,45.27972],[148.00027,45.27305],[148.00861,45.26721],[148.03442,45.2561],[148.05164,45.24944],[148.0697,45.24805],[148.07913,45.2486],[148.3122,45.26721],[148.3219,45.27027],[148.34219,45.28138],[148.35053,45.28722],[148.37024,45.30499],[148.38415,45.32333],[148.39722,45.33527],[148.46051,45.39222],[148.54025,45.44777],[148.55887,45.45916],[148.70081,45.52083],[148.71997,45.52444],[148.76388,45.52193],[148.77304,45.5211],[148.7908,45.51694],[148.79971,45.51361],[148.84219,45.48833],[148.85025,45.4811],[148.85635,45.47416],[148.85886,45.46749],[148.84525,45.36555],[148.84302,45.35278],[148.83997,45.34666],[148.83359,45.34055],[148.82526,45.33499],[148.78497,45.31638],[148.77527,45.31332],[148.7561,45.30971],[148.71884,45.30777],[148.70996,45.3086],[148.68274,45.31221],[148.67386,45.31444],[148.6561,45.31721],[148.61969,45.32027],[148.59192,45.31889],[148.58218,45.31694],[148.56247,45.30971],[148.52191,45.28722]]],[[[149.54358,45.58582],[149.53387,45.58277],[149.52441,45.5825],[149.4408,45.58083],[149.43747,45.5836],[149.4422,45.58971],[149.45081,45.59554],[149.46079,45.59972],[149.47354,45.60332],[149.48108,45.60833],[149.54803,45.7011],[149.61911,45.79028],[149.66275,45.84471],[149.66775,45.85083],[149.67609,45.85527],[149.8569,45.92305],[149.89053,45.97193],[149.92914,46.0075],[149.95859,46.02416],[149.96884,46.02972],[150.03748,46.065],[150.07275,46.0825],[150.34274,46.21166],[150.35245,46.21333],[150.4372,46.21416],[150.49857,46.19249],[150.47498,46.15943],[150.42554,46.11888],[150.31024,46.05054],[150.25082,46.02499],[150.24051,46.01971],[150.2269,46.00777],[150.22189,46.00194],[150.21274,45.98333],[150.20218,45.95833],[150.20276,45.95166],[150.19885,45.9325],[150.19412,45.92777],[150.15887,45.89999],[150.06638,45.84749],[150.02692,45.82666],[150.01776,45.82749],[149.99106,45.83388],[149.98163,45.8336],[149.87885,45.7786],[149.86856,45.77305],[149.81079,45.73444],[149.78415,45.71082],[149.69247,45.6386],[149.68414,45.63305],[149.67386,45.6286],[149.54358,45.58582]]],[[[150.86719,46.43527],[150.81192,46.44193],[150.80276,46.44305],[150.79852,46.44998],[150.82221,46.46777],[150.83218,46.47054],[150.84192,46.4711],[150.85107,46.46999],[150.87329,46.45083],[150.87552,46.44721],[150.87411,46.44083],[150.86719,46.43527]]],[[[150.76498,46.70388],[150.75442,46.69971],[150.74551,46.70193],[150.73746,46.70916],[150.73331,46.7161],[150.7308,46.72276],[150.73969,46.72856],[150.74356,46.72943],[150.75333,46.72971],[150.76221,46.72749],[150.76886,46.72304],[150.76999,46.70972],[150.76498,46.70388]]],[[[152.4372,47.38249],[152.44693,47.38249],[152.4855,47.38193],[152.50388,47.37721],[152.51193,47.3711],[152.53165,47.34916],[152.53748,47.34193],[152.54166,47.33499],[152.54193,47.32833],[152.5336,47.31889],[152.51914,47.30721],[152.50833,47.30332],[152.42252,47.30336],[152.40247,47.31638],[152.39444,47.32361],[152.38858,47.33083],[152.38803,47.34415],[152.39136,47.35027],[152.40164,47.36416],[152.40887,47.36999],[152.41638,47.37555],[152.42691,47.37971],[152.4372,47.38249]]],[[[153.07413,47.80833],[153.08191,47.80083],[153.08774,47.79333],[153.0958,47.77943],[153.09775,47.77249],[153.0983,47.75916],[153.09662,47.75305],[153.08026,47.71416],[153.06912,47.70889],[153.04776,47.70222],[153.01608,47.69305],[153.0061,47.69166],[152.99661,47.69276],[152.99078,47.7],[152.98663,47.70694],[152.98111,47.7233],[153.00583,47.77166],[153.01471,47.78388],[153.02582,47.79555],[153.04608,47.81305],[153.05609,47.81444],[153.06525,47.81194],[153.07413,47.80833]]],[[[153.17468,48.135],[153.18469,48.13638],[153.20468,48.13638],[153.21414,48.13527],[153.2233,48.13305],[153.24106,48.12555],[153.27499,48.10555],[153.28333,48.09916],[153.28748,48.09361],[153.29053,48.0536],[153.27969,48.04305],[153.23669,48.05106],[153.2244,48.05],[153.21497,48.0511],[153.20581,48.05332],[153.14636,48.08833],[153.13998,48.09444],[153.13776,48.1011],[153.14694,48.11333],[153.1561,48.12527],[153.1636,48.13082],[153.17468,48.135]]],[[[154.14053,48.90971],[154.16138,48.91249],[154.18192,48.9136],[154.21137,48.9111],[154.2208,48.9086],[154.22885,48.90249],[154.2308,48.89555],[154.22717,48.88277],[154.21942,48.87054],[154.18887,48.83499],[154.06329,48.74277],[154.05359,48.73721],[154.03082,48.72694],[154.01944,48.72332],[154.00915,48.72193],[153.99939,48.72305],[153.9808,48.73469],[153.97498,48.73555],[153.97302,48.74222],[153.97302,48.74888],[153.97662,48.76167],[153.98801,48.77999],[154.11218,48.895],[154.11997,48.90054],[154.1294,48.90582],[154.14053,48.90971]]],[[[154.00888,48.95777],[154.01111,48.95083],[154.01111,48.93749],[154.0036,48.93194],[153.9819,48.92666],[153.94052,48.92277],[153.93082,48.92388],[153.92114,48.92646],[153.90414,48.94332],[153.90027,48.95027],[153.89832,48.95721],[153.90192,48.96999],[153.90747,48.97582],[153.91885,48.97971],[153.96692,48.97221],[154.0047,48.96361],[154.00888,48.95777]]],[[[154.59302,49.1061],[154.58331,49.10055],[154.52109,49.07583],[154.51025,49.07333],[154.50055,49.07444],[154.49164,49.07833],[154.48303,49.08333],[154.47134,49.09833],[154.44025,49.15527],[154.4422,49.16166],[154.44608,49.16777],[154.45468,49.16916],[154.46472,49.16792],[154.46857,49.1686],[154.48856,49.1675],[154.49829,49.1661],[154.5647,49.15221],[154.58304,49.14583],[154.59106,49.13944],[154.59692,49.13193],[154.6008,49.12471],[154.6008,49.11832],[154.59885,49.11194],[154.59302,49.1061]]],[[[154.74524,49.57916],[154.74329,49.58611],[154.74911,49.59193],[154.81442,49.63638],[154.85635,49.63333],[154.89526,49.62666],[154.90442,49.62416],[154.90442,49.61749],[154.88217,49.54749],[154.8783,49.54166],[154.87079,49.53722],[154.84775,49.52833],[154.83774,49.52305],[154.82996,49.51749],[154.81802,49.50583],[154.79413,49.4561],[154.79025,49.44332],[154.79025,49.42999],[154.79385,49.42305],[154.79971,49.41554],[154.82303,49.39249],[154.8269,49.38527],[154.83496,49.34583],[154.81497,49.30888],[154.8111,49.30277],[154.80331,49.29722],[154.79166,49.29222],[154.71579,49.26389],[154.70718,49.26221],[154.69748,49.26361],[154.63162,49.28027],[154.5939,49.29103],[154.59857,49.34749],[154.60053,49.36721],[154.60245,49.3736],[154.60635,49.37971],[154.63831,49.42305],[154.70303,49.48082],[154.7511,49.57166],[154.74524,49.57916]]],[[[154.43857,49.83138],[154.45581,49.82111],[154.45996,49.81388],[154.46191,49.80694],[154.45609,49.78805],[154.43247,49.73804],[154.42499,49.7336],[154.41443,49.73249],[154.40442,49.7336],[154.37634,49.74249],[154.36746,49.74638],[154.35495,49.76666],[154.36523,49.81277],[154.36719,49.81916],[154.37497,49.825],[154.39831,49.83388],[154.4086,49.83388],[154.42886,49.8325],[154.43857,49.83138]]],[[[152.17413,47.06305],[152.08736,46.97788],[152.03525,46.92555],[152.02997,46.91972],[152.02664,46.9136],[152.02499,46.90721],[152.01831,46.89471],[152.01303,46.88889],[151.83191,46.78277],[151.82163,46.7786],[151.80109,46.77305],[151.78165,46.77138],[151.77222,46.77222],[151.76331,46.77471],[151.73718,46.78527],[151.72025,46.795],[151.71219,46.8011],[151.70441,46.8411],[151.70581,46.84749],[151.71469,46.85332],[151.72525,46.85722],[151.74524,46.86166],[151.76471,46.86221],[151.82996,46.855],[151.83942,46.85527],[151.8494,46.85666],[151.85996,46.86082],[151.86884,46.86639],[152.02046,46.98872],[152.0448,47.01339],[152.05112,47.02055],[152.1044,47.07305],[152.12024,47.09083],[152.18109,47.14305],[152.20245,47.16027],[152.21692,47.17166],[152.22553,47.17471],[152.2066,47.12501],[152.23663,47.14527],[152.2597,47.16082],[152.26859,47.1586],[152.28638,47.15249],[152.29303,47.14777],[152.2897,47.14166],[152.27719,47.12999],[152.26999,47.12443],[152.2536,47.11305],[152.2319,47.10249],[152.17413,47.06305]]],[[[155.48331,50.11944],[155.47107,50.10805],[155.35745,50.05305],[155.33829,50.05721],[155.31857,50.05971],[155.29776,50.05999],[155.25583,50.05777],[155.24497,50.05666],[155.22617,50.0526],[155.22412,50.05332],[155.21219,50.06694],[155.20859,50.08083],[155.22162,50.23444],[155.24774,50.30138],[155.39221,50.35332],[155.42719,50.36444],[155.43829,50.36694],[155.44913,50.36805],[155.54526,50.37499],[155.62775,50.37804],[155.63803,50.37804],[155.64914,50.38055],[155.66138,50.38527],[155.66943,50.39083],[155.74911,50.44638],[155.76138,50.45805],[155.76553,50.46388],[155.85162,50.59166],[155.8558,50.60444],[155.85831,50.61749],[155.86078,50.63694],[155.86136,50.65027],[155.86359,50.65665],[155.88272,50.68721],[155.88888,50.69305],[155.89694,50.6986],[155.97913,50.74694],[156.00998,50.7625],[156.02222,50.76749],[156.03415,50.7711],[156.04553,50.77361],[156.0672,50.77583],[156.0769,50.77305],[156.10413,50.76111],[156.11246,50.75471],[156.11636,50.74749],[156.12134,50.71999],[156.12466,50.69971],[156.15305,50.52499],[156.14887,50.51888],[155.89276,50.26361],[155.79526,50.18888],[155.78552,50.18499],[155.76361,50.18138],[155.74191,50.17916],[155.73163,50.17944],[155.7019,50.1836],[155.69165,50.1836],[155.61856,50.18305],[155.59634,50.17833],[155.52554,50.14694],[155.51553,50.14166],[155.49939,50.13055],[155.48331,50.11944]]],[[[156.16885,50.74138],[156.17526,50.75361],[156.18579,50.76555],[156.1922,50.77138],[156.34106,50.8511],[156.3533,50.8561],[156.36469,50.8586],[156.44275,50.86999],[156.45386,50.87083],[156.46387,50.86944],[156.47302,50.86555],[156.48856,50.85],[156.49411,50.84249],[156.49579,50.83555],[156.49551,50.82888],[156.49023,50.7561],[156.48608,50.75028],[156.4519,50.70833],[156.43497,50.69083],[156.41415,50.67388],[156.40633,50.65707],[156.40382,50.6534],[156.40085,50.62564],[156.35075,50.63712],[156.28552,50.64666],[156.1983,50.67027],[156.18915,50.67444],[156.18054,50.67972],[156.17276,50.68749],[156.16721,50.69499],[156.1636,50.7086],[156.16443,50.7286],[156.16885,50.74138]]],[[[155.44775,50.89777],[155.4744,50.92055],[155.48273,50.9261],[155.49442,50.92999],[155.50555,50.93111],[155.5697,50.93416],[155.58026,50.93416],[155.60053,50.93138],[155.63916,50.92083],[155.64694,50.91305],[155.65082,50.90582],[155.66608,50.87054],[155.66971,50.85666],[155.6611,50.83111],[155.65887,50.82471],[155.64444,50.81361],[155.62079,50.8061],[155.58801,50.80277],[155.55692,50.80416],[155.54694,50.80555],[155.52719,50.80971],[155.49829,50.8175],[155.4808,50.82805],[155.47302,50.83555],[155.46109,50.85055],[155.4494,50.87221],[155.44769,50.88001],[155.44775,50.89777]]],[[[143.05691,53.06198],[143.13887,52.85625],[143.14329,52.51124],[143.03341,52.31219],[142.94488,51.96111],[142.94392,51.61731],[143.07418,51.26763],[143.34071,50.88578],[143.63314,50.23498],[144.0382,49.50884],[144.53988,48.75332],[143.97294,49.05808],[143.59835,49.23362],[143.15283,49.25887],[143.03257,49.21947],[142.854,49.1277],[142.64614,48.65752],[142.52662,48.16206],[142.48991,47.9016],[142.61463,47.4596],[142.69696,47.36226],[142.99333,46.95366],[143.23648,46.86326],[143.4448,46.57174],[143.30342,46.0112],[143.0043,46.57735],[142.61477,46.71281],[142.51379,46.69962],[142.32734,46.56306],[142.18766,46.32291],[141.89834,45.91478],[141.70838,46.13979],[141.62283,46.55804],[141.90939,47.07343],[141.73181,47.47119],[141.81065,47.67562],[142.03646,47.95928],[141.97752,48.28475],[141.88917,48.45397],[141.76782,48.70147],[141.73959,48.80729],[141.92135,48.94313],[142.04911,49.35471],[142.08282,49.70768],[142.08508,50.30427],[142.15287,50.89004],[142.11239,51.21959],[142.01658,51.43059],[141.64321,51.81309],[141.59817,52.21667],[141.64965,52.3029],[141.81146,52.62804],[141.841,52.96002],[141.68965,53.16572],[141.76704,53.27227],[141.93522,53.28589],[142.21412,53.29971],[142.67486,53.54017],[142.86389,53.34087],[143.05691,53.06198]]],[[[139.91035,39.98661],[139.98503,40.11462],[139.91516,40.57495],[140.15972,40.72901],[140.23912,40.83799],[140.38641,40.9855],[140.4728,40.98568],[140.56716,40.82583],[140.65698,40.72361],[140.79335,40.74949],[141.15255,40.86542],[141.07664,41.10214],[140.93682,41.11466],[140.7745,41.25523],[141.08702,41.44162],[141.28579,41.37154],[141.43688,41.26936],[141.4483,41.17971],[141.4412,40.78918],[141.46714,40.51409],[139.80464,39.89075],[139.91035,39.98661]]],[[[140.01261,41.38181],[139.97775,41.50347],[140.12449,41.79215],[140.0997,41.94597],[139.85249,42.03525],[139.7772,42.11205],[139.71174,42.4776],[139.97396,42.6514],[140.20896,42.7289],[140.49983,42.89641],[140.51683,43.057],[140.37356,43.18519],[140.49824,43.32036],[140.59892,43.32699],[140.89656,43.13483],[141.06417,43.09663],[141.30365,43.18703],[141.30192,43.72047],[141.50669,43.80445],[141.70942,43.91419],[141.74269,44.24879],[141.74572,44.62857],[141.5666,44.96957],[141.52278,45.18263],[141.59742,45.27972],[141.87533,45.43542],[141.90396,45.40314],[142.13218,45.20968],[142.53904,44.84265],[143.0205,44.46368],[143.50817,44.15576],[143.79023,44.02764],[144.0281,43.95093],[144.4866,43.86181],[144.61383,43.84276],[144.75044,43.88161],[145.13999,44.17828],[145.34761,44.24304],[145.3486,44.19799],[145.2099,44.03689],[145.05938,43.78577],[145.14857,43.5995],[145.35955,43.32999],[145.44813,43.16956],[145.19592,43.04702],[144.99469,42.93744],[144.75416,42.86633],[144.59019,42.85958],[144.37011,42.94905],[144.16639,42.94223],[144.00285,42.87769],[143.84793,42.77465],[143.50859,42.42098],[143.33038,42.19611],[143.21376,41.92654],[143.0335,41.95823],[142.84231,42.06685],[141.92813,42.50126],[141.721,42.53935],[141.39691,42.51944],[140.92962,42.25546],[140.8607,42.39004],[140.69352,42.55014],[140.54087,42.537],[140.42146,42.48543],[140.22344,42.36311],[140.24552,42.22844],[140.76766,42.00501],[141.01947,41.87086],[141.15504,41.74934],[140.97927,41.65285],[140.84342,41.63976],[140.70597,41.69717],[140.58888,41.67771],[140.4429,41.53643],[140.2686,41.32467],[140.11245,41.27311],[140.01261,41.38181]]]]}},{"type":"Feature","properties":{"NAME":"Srivijaya Empire","ABBREVN":"Srivijaya E.","wikipedia":null,"SUBJECTO":"Srivijaya Empire","BORDERPRECISION":1,"PARTOF":"Srivijaya Empire"},"geometry":{"type":"MultiPolygon","coordinates":[[[[99.86316,2.56764],[100.12142,2.5428],[100.45648,2.11778],[100.73194,1.87056],[100.85432,1.87718],[100.85606,1.96614],[100.80061,2.06769],[100.83172,2.17578],[101.05976,2.08097],[101.27575,1.71924],[101.47431,1.54809],[101.67528,1.52311],[101.86814,1.43457],[102.0098,1.26966],[102.13589,0.93951],[102.27829,0.74283],[102.47178,0.62251],[102.70161,0.56582],[103.04659,0.52844],[103.24049,0.45896],[103.46308,0.28786],[103.72216,0.01518],[103.7136,-0.01697],[103.68663,-0.11834],[103.50074,-0.31574],[103.40866,-0.50022],[103.23762,-0.65947],[103.31132,-0.81818],[103.38419,-0.89427],[103.74693,-1.11591],[104.1212,-1.14052],[104.22989,-1.19112],[104.29766,-1.36255],[104.35519,-1.70559],[104.35243,-1.88989],[104.47248,-2.08028],[104.56755,-2.13727],[104.81259,-2.1558],[104.60981,-2.57567],[104.67776,-2.67084],[104.99461,-2.4668],[105.36515,-2.58039],[105.4449,-2.59928],[105.56393,-2.71341],[105.62867,-2.91028],[105.94282,-3.21466],[105.71109,-4.10488],[105.69316,-4.30829],[105.79668,-4.73388],[105.78709,-4.93091],[105.79637,-5.22959],[105.7956,-5.35035],[105.72847,-5.82714],[105.68928,-5.89714],[105.64069,-5.92903],[105.47567,-5.81499],[105.30404,-5.58021],[105.18672,-5.54233],[105.06914,-5.75867],[105.03279,-5.8795],[104.5634,-5.60087],[104.46469,-5.63922],[104.64216,-5.97567],[104.56848,-6.07117],[104.47689,-5.98238],[103.8725,-5.3418],[103.52346,-4.99937],[103.06859,-4.61268],[102.46223,-4.18182],[102.28652,-3.97884],[102.19676,-3.7566],[102.11067,-3.60425],[101.65957,-3.31925],[101.34546,-3.01489],[100.81208,-2.33605],[100.77876,-2.17724],[100.79625,-2.0247],[100.6503,-1.631],[100.27201,-0.97092],[99.972,-0.50132],[99.69655,-0.15241],[99.53037,-0.01697],[99.40105,0.08842],[99.11331,0.22125],[99.42759,1.46947],[99.86316,2.56764]]],[[[108.99906,0.19819],[108.84098,0.33129],[108.87031,0.54106],[108.81431,0.80782],[108.89605,1.1003],[108.9555,1.25929],[109.14624,1.52024],[109.28237,1.88272],[109.42594,1.87033],[109.5175,1.82052],[109.55396,1.8007],[109.72312,1.6168],[109.90182,1.55365],[110.28949,1.51636],[110.47523,1.4405],[110.81756,1.24426],[110.96831,1.22552],[111.26321,0.78979],[110.63622,0.1628],[110.70589,-0.60352],[111.33287,-1.36984],[110.10231,-3.07854],[110.07639,-2.78626],[110.06594,-2.49395],[109.94623,-1.85871],[109.94091,-1.64265],[109.7828,-1.30619],[109.59979,-1.1223],[109.24452,-0.93242],[109.17892,-0.86901],[109.42858,-0.70961],[109.18953,-0.53854],[109.07336,-0.40535],[109.15776,-0.07473],[109.12418,-0.01697],[108.99906,0.19819]]],[[[105.18478,-6.86567],[105.14389,-6.7817],[105.28617,-6.7712],[105.46738,-6.81319],[105.63347,-6.75524],[105.66399,-6.5193],[105.67217,-6.45632],[105.81075,-6.48157],[105.79153,-6.2569],[105.89147,-6.15092],[105.93318,-6.02598],[106.02417,-6.08072],[106.3081,-6.13095],[106.52127,-6.10995],[106.62801,-6.30938],[106.864,-6.26957],[106.93512,-6.13595],[106.94509,-6.02598],[107.06137,-6.07848],[107.33963,-6.15415],[107.52462,-6.35076],[107.67703,-6.33037],[107.76869,-6.45192],[107.96961,-6.43878],[108.17333,-6.35572],[108.309,-6.45075],[108.47539,-6.68555],[108.55577,-6.92053],[108.95341,-6.93873],[109.16109,-7.02311],[109.21701,-7.01438],[109.11535,-7.73875],[109.0372,-7.72029],[108.61045,-7.70214],[108.36071,-7.83614],[108.16023,-7.85564],[107.72973,-7.78666],[107.36764,-7.565],[107.20682,-7.53356],[106.4837,-7.50336],[106.32024,-7.43379],[106.34467,-7.37019],[106.54659,-7.16002],[106.36553,-7.03966],[106.11755,-6.99571],[105.88996,-6.93264],[105.75223,-6.92023],[105.18478,-6.86567]]],[[[106.55266,-3.1752],[106.16432,-2.9981],[105.99475,-2.89043],[105.90242,-2.7254],[105.8823,-2.5602],[105.81182,-2.38241],[105.5835,-2.20497],[105.45276,-2.16077],[105.25176,-2.17391],[105.19966,-2.11048],[105.32142,-1.81789],[105.42668,-1.70963],[105.65573,-1.95697],[105.72238,-1.74711],[105.86344,-1.62606],[105.89634,-1.80393],[106.03653,-2.20399],[106.32864,-2.57195],[106.64275,-2.71108],[106.52345,-2.79395],[106.47066,-2.92117],[106.55266,-3.1752]]],[[[103.30776,3.02626],[103.35108,2.80395],[103.43956,2.63258],[103.67809,2.41071],[103.83045,2.16957],[104.14767,1.44587],[104.17564,1.38874],[104.01071,1.42015],[103.6084,1.44469],[103.42774,1.38076],[103.34909,1.41237],[103.11473,1.60883],[102.7169,1.88121],[102.44667,2.03313],[101.89264,2.33694],[101.4338,2.66637],[101.3364,2.78052],[101.26428,3.22516],[101.06691,3.53608],[100.75484,3.82107],[101.41635,4.34213],[103.05716,5.22346],[103.11419,5.14806],[103.34182,4.80544],[103.37855,4.54502],[103.36812,4.18282],[103.30778,3.7951],[103.33394,3.39373],[103.33925,3.31226],[103.30776,3.02626]]]]}},{"type":"Feature","properties":{"NAME":"minor Hindu & Buddhist states","ABBREVN":"minor Hindu & Buddhist states","wikipedia":null,"SUBJECTO":"minor Hindu & Buddhist states","BORDERPRECISION":1,"PARTOF":"minor Hindu & Buddhist states"},"geometry":{"type":"MultiPolygon","coordinates":[[[[99.97711,12.84179],[99.8337,12.52383],[99.8711,12.26343],[99.89527,12.07925],[99.76342,11.78037],[99.5013,11.24613],[99.18618,10.4894],[99.07135,9.89828],[99.11866,9.37104],[99.19562,9.23779],[99.29846,9.16177],[99.54618,9.19406],[99.72405,9.25798],[99.83726,9.22646],[99.89802,9.06775],[99.90212,8.92163],[99.86589,8.71187],[99.92938,8.58494],[100.00935,8.49007],[100.13154,8.53205],[100.20771,8.32505],[100.30192,7.88685],[100.28749,7.77244],[100.34463,7.44046],[100.53962,7.04866],[100.61492,6.97893],[100.97531,6.85264],[101.21749,6.80232],[101.42796,6.8282],[101.55989,6.73953],[101.67956,6.46433],[101.97837,6.21942],[102.0738,6.15424],[102.08966,6.14342],[102.32511,6.09944],[102.80229,5.56039],[103.05716,5.22346],[101.41635,4.34213],[100.75484,3.82107],[100.66431,3.90375],[100.57663,4.20219],[100.5942,4.42462],[100.60762,4.55173],[100.55933,4.73589],[100.37972,5.02143],[100.22373,5.85346],[100.13911,6.17732],[100.15874,6.3401],[100.16444,6.38705],[100.22199,6.52061],[100.1544,6.60305],[99.96908,6.50735],[99.83384,6.53883],[99.663,6.71001],[99.6108,6.93864],[99.63965,7.06578],[99.57173,7.26259],[99.46808,7.33862],[99.29393,7.31918],[99.1186,7.64284],[99.02451,7.87137],[98.88945,8.01722],[98.74962,8.08681],[98.54463,8.26427],[98.39026,8.21946],[98.29241,8.15571],[98.19523,8.32705],[98.17717,8.60022],[98.25057,8.93712],[98.50176,9.71915],[98.63262,10.10065],[98.59324,10.12048],[98.43165,10.20187],[98.39786,10.56394],[98.60528,10.86299],[98.68357,11.08554],[98.73838,11.43508],[98.86735,11.64502],[98.63706,11.65723],[98.59017,11.69524],[98.58831,11.82231],[98.67654,12.05121],[98.65404,12.24472],[99.97711,12.84179]]],[[[99.85836,2.90441],[99.87223,2.63756],[99.86316,2.56764],[99.42759,1.46947],[99.11331,0.22125],[98.99888,0.5578],[98.68911,1.37049],[98.71933,1.47859],[98.67103,1.61828],[98.60055,1.70709],[98.30258,1.9352],[97.9825,2.11243],[97.73999,2.20721],[97.59715,2.25138],[97.5433,2.41012],[97.5087,2.74047],[97.42768,2.92456],[97.25449,3.14023],[96.88596,3.51433],[96.72036,3.70459],[96.39438,3.64669],[96.11843,3.95109],[95.82762,4.22369],[95.56092,4.53446],[95.30815,4.95962],[95.20507,5.24532],[95.19055,5.41049],[95.21608,5.4995],[95.28316,5.55049],[95.46405,5.56994],[95.62773,5.52582],[95.74045,5.46888],[96.02468,5.21532],[96.18734,5.14579],[96.60203,5.07679],[96.75271,5.06441],[96.99945,5.10942],[97.20378,5.1734],[97.38407,5.18014],[97.52933,5.04067],[97.94281,4.52055],[98.17379,4.38126],[98.19937,4.31142],[98.1455,4.06985],[98.62529,3.65788],[98.96241,3.43621],[99.49127,3.12601],[99.79595,2.98053],[99.85836,2.90441]]]]}},{"type":"Feature","properties":{"NAME":"Mataram","ABBREVN":"Matara","wikipedia":null,"SUBJECTO":"Mataram","BORDERPRECISION":1,"PARTOF":"Mataram"},"geometry":{"type":"MultiPolygon","coordinates":[[[[113.9706,-3.3625],[113.74446,-3.59814],[113.60839,-3.61113],[113.46076,-3.38267],[113.32001,-3.29401],[113.1235,-3.24359],[112.94931,-3.0406],[112.79538,-2.97102],[112.63836,-3.33361],[112.57773,-3.42272],[112.40625,-3.4485],[112.24562,-3.39801],[112.04686,-3.45564],[111.90338,-3.61483],[111.73945,-3.64696],[111.71331,-3.39917],[111.72859,-3.25932],[111.58721,-2.7957],[111.43599,-2.97397],[110.79682,-3.17236],[110.65251,-2.98838],[110.36506,-2.99536],[110.23843,-3.06553],[110.10231,-3.07854],[111.33287,-1.36984],[112.80111,-1.87489],[113.56993,-1.87489],[113.9706,-3.3625]]],[[[109.21701,-7.01438],[109.38199,-6.98865],[110.02728,-7.04445],[110.24257,-7.03128],[110.39589,-6.95468],[110.49153,-6.66212],[110.61329,-6.5411],[110.81459,-6.53431],[110.91452,-6.62943],[111.04472,-6.85159],[111.32965,-6.90818],[111.56828,-6.92036],[111.9168,-6.95774],[112.27479,-7.02689],[112.40491,-7.13464],[112.53656,-7.26452],[112.50087,-7.46494],[112.62459,-7.67439],[112.67842,-7.71878],[113.07269,-7.87682],[113.26259,-7.90818],[113.55871,-7.9139],[113.76138,-7.83083],[113.94836,-7.82408],[114.23077,-7.93151],[114.25219,-8.02044],[114.13761,-8.21137],[114.06916,-8.43395],[114.32928,-8.78297],[114.10475,-8.68811],[113.74382,-8.59991],[113.47469,-8.48609],[113.07379,-8.34712],[112.83578,-8.34764],[112.57098,-8.46262],[112.41436,-8.48837],[112.09338,-8.44458],[111.43914,-8.38243],[110.77774,-8.32031],[110.41539,-8.20669],[110.03817,-7.99141],[109.54362,-7.83994],[109.11535,-7.73875],[109.21701,-7.01438]]],[[[115.07236,-8.78136],[114.89563,-8.65463],[114.51071,-8.45207],[114.45751,-8.33143],[114.64504,-8.33102],[114.87628,-8.24791],[115.0844,-8.23473],[115.50045,-8.46901],[115.34816,-8.5456],[115.2437,-8.59031],[115.07236,-8.78136]]]]}},{"type":"Feature","properties":{"NAME":"Thule","ABBREVN":"Thule","wikipedia":null,"SUBJECTO":"Thule","BORDERPRECISION":1,"PARTOF":"Thule"},"geometry":{"type":"MultiPolygon","coordinates":[[[[-141.43944,60.09123],[-141.58555,60.13975],[-141.74712,60.1325],[-141.95846,60.04146],[-142.42458,60.01967],[-143.08368,60.07418],[-144.05295,60.05143],[-144.40642,60.09257],[-144.51793,60.14117],[-144.81078,60.31509],[-145.00286,60.55236],[-145.13839,60.45422],[-145.4927,60.38365],[-145.89316,60.5157],[-145.99839,60.66244],[-146.18587,60.72511],[-146.57833,60.83647],[-147.2701,60.94031],[-147.63799,61.05192],[-147.94013,61.20585],[-148.18898,61.10002],[-148.49262,61.06434],[-148.46587,60.86794],[-148.55266,60.83973],[-148.7278,60.7273],[-148.83967,60.54508],[-148.33609,60.4132],[-148.25754,60.28062],[-148.30091,60.10611],[-148.49352,59.90396],[-148.69988,59.90356],[-149.06191,60.00011],[-149.32563,60.02748],[-149.58115,59.98519],[-150.02109,59.71377],[-150.50098,59.61584],[-150.92232,59.41425],[-151.38796,59.21278],[-151.88097,59.16345],[-151.80069,59.30188],[-151.77225,59.35726],[-151.44797,59.53785],[-151.4899,59.71102],[-151.78467,59.9463],[-151.78299,59.99496],[-151.41503,60.25371],[-151.23037,60.47061],[-151.15955,60.65965],[-150.8284,60.80038],[-150.43717,60.90628],[-149.91282,60.91428],[-149.42469,60.85912],[-149.31695,60.92944],[-149.87436,61.13898],[-150.31124,61.31388],[-150.78057,61.2919],[-150.88225,61.19328],[-151.0841,61.15072],[-151.34189,60.95366],[-151.73101,60.78466],[-152.18969,60.6577],[-152.56101,60.38423],[-152.7436,60.34197],[-152.87772,60.27887],[-152.81887,60.13243],[-152.89869,59.89562],[-153.15217,59.74253],[-153.40636,59.70737],[-153.70975,59.64444],[-153.97602,59.51921],[-154.28228,59.24878],[-154.29821,59.1174],[-154.12693,59.04175],[-153.96482,59.02825],[-153.66443,58.98046],[-153.45496,58.87734],[-153.48861,58.79449],[-153.6823,58.64247],[-153.96358,58.55239],[-154.21386,58.42796],[-154.40448,58.24876],[-154.64931,58.07648],[-154.95322,58.03468],[-155.59815,57.89616],[-155.90319,57.71726],[-156.36939,57.56561],[-156.68458,57.4007],[-156.4507,57.17548],[-156.49576,57.10023],[-156.99343,56.9149],[-157.39708,56.8459],[-157.74747,56.77022],[-157.98029,56.65388],[-158.52674,56.44851],[-158.61484,56.36668],[-158.73809,56.18962],[-159.07692,55.99196],[-159.61396,55.88911],[-160.16941,55.80664],[-160.60743,55.96187],[-160.60662,56.04336],[-160.4573,56.19991],[-160.11387,56.32299],[-159.976,56.41848],[-159.77594,56.58231],[-159.24871,56.78097],[-158.6173,56.74809],[-158.67104,56.84347],[-158.6621,57.07558],[-158.4507,57.21267],[-158.12465,57.34321],[-157.78513,57.50813],[-157.66533,57.60424],[-157.66456,57.93339],[-157.55373,58.27026],[-157.24186,58.49105],[-157.15456,58.67034],[-157.13942,58.85579],[-157.42423,58.80082],[-157.9874,58.717],[-158.29142,58.73021],[-158.51667,58.99888],[-158.63616,58.97105],[-158.91187,58.8739],[-158.97315,58.77029],[-158.86553,58.61196],[-158.85645,58.45357],[-158.93267,58.43278],[-159.1101,58.48751],[-159.36554,58.63167],[-159.58442,58.81052],[-159.81359,58.94119],[-160.06521,58.95451],[-160.43053,59.00217],[-160.84014,58.95994],[-160.82761,58.89784],[-161.11713,58.74553],[-161.64596,58.68247],[-161.93819,58.72328],[-161.96731,58.77841],[-162.00393,58.82661],[-162.06011,59.28933],[-161.92518,59.51803],[-161.98914,59.71193],[-162.3781,60.16312],[-163.02179,59.96671],[-163.35376,59.93137],[-163.5364,59.84079],[-164.02741,59.79824],[-164.2076,59.902],[-164.38472,60.06167],[-164.59421,60.20777],[-165.04755,60.41647],[-165.128,60.54221],[-164.99634,60.61945],[-164.84467,60.81589],[-164.5281,60.75341],[-163.93779,60.61446],[-163.62696,60.60103],[-163.51998,60.70629],[-163.68877,60.92329],[-163.89489,61.04223],[-164.05811,61.04192],[-164.30166,60.94317],[-164.53925,60.94973],[-165.14318,61.18036],[-165.42334,61.26419],[-165.51204,61.257],[-165.89809,61.27034],[-165.90917,61.30549],[-166.18953,61.74891],[-165.83408,61.83429],[-165.80214,62.03929],[-165.57923,62.13877],[-165.53347,62.2734],[-165.43123,62.42954],[-165.02964,62.65037],[-164.87786,62.82125],[-164.70446,62.95676],[-164.46703,63.17097],[-164.29177,63.24977],[-163.96799,63.20045],[-163.52701,63.08008],[-163.30863,63.03774],[-162.97005,63.10251],[-162.77811,63.21694],[-162.47446,63.41024],[-161.91076,63.52564],[-161.56257,63.54059],[-161.13302,63.56284],[-160.97394,63.64182],[-160.89,63.85678],[-160.9395,63.98492],[-150.1289,63.324],[-144.6801,63.19219],[-140.05179,62.49514],[-141.13538,59.83935],[-141.3852,59.89656],[-141.3729,60.00773],[-141.43944,60.09123]]]]}},{"type":"Feature","properties":{"NAME":"Beothuk","ABBREVN":"Beothuk","wikipedia":null,"SUBJECTO":"Beothuk","BORDERPRECISION":1,"PARTOF":"Beothuk"},"geometry":{"type":"MultiPolygon","coordinates":[[[[-57.81419,49.20152],[-58.1277,49.49564],[-58.09229,49.59399],[-57.86014,49.9879],[-57.3556,50.59523],[-56.70152,51.1845],[-56.37553,51.38364],[-56.15243,51.47015],[-55.56077,51.55741],[-55.47163,51.52446],[-55.42204,51.42521],[-55.55652,51.32566],[-55.81848,51.31193],[-55.92743,51.25216],[-55.77034,51.05406],[-56.11003,50.70324],[-56.66153,50.05606],[-56.78361,49.81943],[-56.73264,49.68839],[-56.68308,49.68849],[-56.49044,49.76755],[-56.27308,50.01732],[-56.06706,50.10332],[-55.56535,49.96609],[-55.96838,49.65712],[-55.85082,49.56558],[-55.74758,49.53302],[-55.10734,49.27881],[-54.76619,49.29257],[-54.61985,49.47625],[-54.48107,49.50272],[-54.15791,49.47714],[-53.78618,49.38616],[-53.5091,49.28192],[-53.64292,49.15073],[-53.81076,49.04568],[-54.12958,48.83572],[-53.97684,48.68562],[-53.76256,48.52265],[-53.64546,48.51633],[-53.45785,48.58859],[-53.24904,48.64782],[-53.12393,48.59578],[-53.11499,48.52391],[-53.22929,48.40608],[-53.4113,48.29469],[-53.81252,48.2482],[-53.88171,48.1893],[-53.75874,48.02634],[-53.70288,47.84377],[-53.57676,47.73967],[-53.49432,47.83113],[-53.35561,47.94883],[-53.11841,47.87753],[-53.16282,47.67528],[-53.09581,47.55155],[-52.77368,47.53915],[-52.73518,47.54574],[-52.7286,47.45452],[-52.80422,47.31756],[-52.91651,47.02434],[-53.06956,46.73127],[-53.16962,46.76358],[-53.4893,46.82151],[-53.62491,46.88629],[-53.64375,47.17916],[-53.91422,46.99634],[-54.08244,46.98952],[-54.12506,47.11311],[-53.90126,47.40661],[-53.89633,47.5565],[-54.08567,47.77127],[-54.21135,47.80364],[-54.38583,47.62724],[-54.57618,47.49651],[-54.74049,47.43102],[-54.93616,47.33944],[-55.18452,47.098],[-55.40785,46.94785],[-55.80425,46.9666],[-55.90388,47.06403],[-55.82961,47.12928],[-55.27668,47.3127],[-55.06698,47.54769],[-54.78262,47.71123],[-55.09711,47.76929],[-55.36751,47.79486],[-55.51267,47.58593],[-55.69772,47.57905],[-55.75614,47.65063],[-55.73853,47.87241],[-56.07895,47.86522],[-56.14559,47.73463],[-56.33007,47.63647],[-56.80369,47.61598],[-57.12299,47.64144],[-57.63545,47.7252],[-58.09052,47.76344],[-58.70043,47.73616],[-59.15656,47.67005],[-59.2217,47.75471],[-59.31852,47.96325],[-59.23449,48.04174],[-58.98199,48.19237],[-58.6518,48.37589],[-58.42566,48.44818],[-58.13945,48.59907],[-58.68047,48.7026],[-58.39204,49.03675],[-58.23106,49.10906],[-58.10563,49.08312],[-57.974,49.08337],[-57.81419,49.20152]]]]}},{"type":"Feature","properties":{"NAME":"Athabaskan","ABBREVN":"Athabaskan","wikipedia":null,"SUBJECTO":"Athabaskan","BORDERPRECISION":1,"PARTOF":"Athabaskan"},"geometry":{"type":"MultiPolygon","coordinates":[[[[-128.05963,52.49952],[-128.07719,52.93924],[-128.43215,52.93854],[-128.88877,53.41832],[-128.82949,53.52539],[-128.81406,53.76393],[-129.06043,53.73897],[-129.43387,53.51754],[-130.00364,53.93796],[-130.17646,54.17215],[-130.26825,54.35303],[-130.29892,54.54758],[-130.11051,54.72929],[-130.03791,54.84368],[-129.84171,54.97855],[-130.00269,55.28854],[-130.06501,55.10212],[-130.26734,55.07184],[-130.41288,55.02074],[-130.54572,54.90974],[-130.69033,54.97168],[-130.7734,55.06622],[-130.73391,55.2657],[-130.69536,55.46538],[-130.89237,55.7692],[-131.10103,55.91288],[-131.19051,56.03476],[-131.767,56.01001],[-131.96361,55.96609],[-132.03246,55.8935],[-132.25559,55.85004],[-132.26401,55.93715],[-132.27916,56.13156],[-132.18375,56.25405],[-132.10096,56.34938],[-132.27108,56.50553],[-132.55932,56.70248],[-132.87128,57.0156],[-133.19674,57.15837],[-133.40043,57.21945],[-133.34084,57.37682],[-133.59685,57.64329],[-133.64129,57.73913],[-133.47411,57.84226],[-133.5048,57.89707],[-133.64031,57.96542],[-133.84044,57.99935],[-134.01664,58.12261],[-134.12349,58.23922],[-134.38007,58.37623],[-134.8303,58.56118],[-135.04586,58.90538],[-135.14376,59.16753],[-135.30861,59.34696],[-135.46946,59.33974],[-135.51484,58.9735],[-135.32572,58.58089],[-135.27912,58.44331],[-135.30033,58.37449],[-135.6159,58.43579],[-135.73827,58.46998],[-135.96842,58.69679],[-136.14838,58.90328],[-136.39011,58.84077],[-136.9388,58.94318],[-136.37031,58.62024],[-136.35608,58.52387],[-137.08501,58.44677],[-137.57666,58.60416],[-138.20122,59.03053],[-138.44573,59.16188],[-138.7445,59.18145],[-138.78019,59.18139],[-139.20009,59.27734],[-139.78507,59.51838],[-139.36736,59.63],[-139.30663,59.70634],[-139.39982,59.83095],[-139.57256,59.9],[-139.92891,59.82994],[-140.13291,59.76717],[-140.42836,59.75968],[-140.90452,59.78648],[-141.13538,59.83935],[-140.05179,62.49514],[-139.52424,62.41569],[-132.43494,62.49697],[-124.93551,64.83463],[-118.19775,62.71264],[-118.19566,62.71142],[-111.4967,57.98861],[-122.49113,54.24356],[-127.86648,52.41255],[-127.87298,52.41333],[-128.05963,52.49952]]]]}},{"type":"Feature","properties":{"NAME":"Mogollon","ABBREVN":"Mogollon","wikipedia":"https://en.wikipedia.org/wiki/Mogollon_culture","SUBJECTO":"Mogollon","BORDERPRECISION":1,"PARTOF":"Mogollon"},"geometry":{"type":"MultiPolygon","coordinates":[[[[-104.23202,30.44091],[-102.56821,29.99225],[-96.60266,28.38361],[-96.68453,28.24773],[-96.71434,28.22961],[-96.83146,28.1584],[-97.11537,28.10695],[-97.44715,27.98545],[-97.56782,27.90889],[-97.3167,27.75047],[-97.26657,27.67428],[-97.56321,27.3621],[-97.6323,27.22843],[-97.63799,26.84694],[-97.57327,26.56098],[-97.45142,26.21791],[-97.25996,25.81137],[-97.42493,25.44228],[-97.65814,25.07304],[-97.74189,24.72958],[-97.82255,24.2081],[-97.81479,23.37533],[-97.87469,22.84121],[-97.88202,22.33262],[-97.70928,21.80101],[-100.25483,22.57186],[-100.8917,20.74085],[-105.29104,20.67039],[-105.43972,20.83537],[-105.23433,21.14095],[-105.21615,21.31262],[-105.2936,21.52226],[-105.62825,21.95384],[-105.57401,22.08745],[-105.50844,22.16388],[-105.53994,22.2846],[-105.83889,22.56369],[-106.51165,23.3633],[-106.75728,23.58529],[-107.19063,24.06117],[-107.40375,24.29595],[-107.77062,24.55583],[-107.91568,24.64454],[-107.98668,24.76518],[-108.01262,24.98128],[-108.07753,25.0638],[-108.22551,25.15249],[-108.49933,25.24093],[-108.68296,25.38042],[-108.84755,25.61532],[-108.96924,25.62779],[-109.15561,25.57653],[-109.26275,25.64624],[-109.33613,25.81139],[-109.33828,25.95763],[-109.13189,26.28869],[-109.18879,26.44117],[-109.52662,26.72023],[-109.72422,26.60536],[-109.89269,26.88478],[-109.94592,27.04362],[-110.10728,27.13867],[-110.38208,27.21439],[-110.5255,27.34762],[-110.58187,27.46196],[-110.55912,27.63368],[-110.52135,27.75457],[-110.60444,27.85614],[-110.85695,27.95099],[-111.06416,27.99507],[-111.27094,28.10909],[-111.69163,28.4961],[-111.90643,28.81359],[-112.03292,29.06133],[-112.32323,29.4359],[-112.65433,29.91851],[-112.73715,30.10912],[-112.89228,30.38599],[-104.23202,30.44091]]]]}},{"type":"Feature","properties":{"NAME":"Anasazi","ABBREVN":"Anasazi","wikipedia":"https://en.wikipedia.org/wiki/Ancestral_Puebloans","SUBJECTO":"Anasazi","BORDERPRECISION":1,"PARTOF":"Anasazi"},"geometry":{"type":"MultiPolygon","coordinates":[[[[-102.56821,38.88015],[-102.56821,29.99225],[-104.23202,30.44091],[-112.89228,30.38599],[-112.90798,30.41402],[-113.01671,30.56641],[-113.08503,30.76978],[-113.06633,30.99876],[-113.05208,31.1387],[-113.30399,31.2463],[-113.66166,31.33459],[-113.68862,31.53804],[-113.74632,31.60788],[-113.95214,31.69013],[-114.08228,31.54359],[-114.19512,31.52427],[-114.83865,31.8155],[-114.96706,31.36368],[-114.98751,31.16648],[-114.97266,31.12836],[-114.8535,30.97597],[-114.73472,30.84267],[-114.72236,30.37208],[-114.68277,30.14322],[-114.45305,29.83845],[-114.38871,29.76228],[-114.09961,29.64206],[-113.82908,29.40097],[-113.59289,29.10259],[-113.3219,28.55628],[-113.12409,28.42951],[-112.97636,28.41075],[-112.86987,28.33466],[-112.72362,27.70545],[-112.67781,27.62924],[-112.56714,27.55953],[-112.34385,27.53455],[-112.28407,27.50925],[-112.18734,27.31234],[-112.11509,27.01999],[-111.91486,26.66435],[-111.69413,26.6966],[-111.59382,26.7604],[-111.4835,26.55715],[-111.32871,25.89622],[-111.08983,25.41985],[-110.79757,24.88005],[-110.76643,24.61308],[-110.77243,24.37784],[-110.6557,24.21915],[-110.48523,24.14958],[-110.31049,24.22624],[-110.20494,24.31547],[-109.9403,23.95364],[-109.82424,23.69323],[-109.6152,23.57924],[-109.4886,23.57315],[-109.42893,23.43342],[-109.5169,23.19163],[-109.57827,23.1343],[-109.88921,22.86662],[-110.00361,22.88545],[-110.11657,23.06958],[-110.22466,23.39994],[-110.50243,23.66001],[-110.7837,23.79928],[-111.01586,24.01494],[-111.39151,24.24302],[-111.90574,24.68698],[-112.09281,24.89003],[-112.16581,25.01067],[-112.06849,25.45595],[-112.08434,25.57036],[-112.30381,26.02133],[-112.41098,26.19277],[-112.55797,26.31963],[-112.75585,26.36373],[-112.98118,26.50314],[-113.28501,26.8077],[-113.42209,26.74383],[-113.58535,26.76893],[-114.15326,27.10474],[-114.47786,27.24395],[-114.88134,27.68185],[-114.94397,27.73895],[-115.05461,27.85317],[-114.7489,27.78559],[-114.47917,27.77979],[-114.2144,27.90752],[-114.10466,28.054],[-114.06275,28.34025],[-114.06729,28.42289],[-114.27323,28.70862],[-114.48295,28.91167],[-114.97781,29.31126],[-115.4214,29.5329],[-115.60231,29.68515],[-115.69373,29.92026],[-115.81609,30.21254],[-115.85714,30.28241],[-116.05838,30.33922],[-116.12583,30.49808],[-116.13783,30.76515],[-116.22926,30.94303],[-116.50949,31.27315],[-116.70472,31.59075],[-116.70606,31.70522],[-116.61071,31.87714],[-116.96032,32.15626],[-117.0746,32.3023],[-117.17368,32.52055],[-117.19301,32.56283],[-117.28206,32.72463],[-117.30405,32.75487],[-117.31843,32.73597],[-117.33117,32.71329],[-117.34906,32.75487],[-117.34807,33.05341],[-117.49672,33.32543],[-117.70934,33.52854],[-118.00659,33.73146],[-118.23708,33.82004],[-118.28837,33.84322],[-118.35371,33.82811],[-118.35273,33.78654],[-118.3927,33.7752],[-118.43768,33.79417],[-118.50314,33.85834],[-118.46909,33.89235],[-118.50195,33.98305],[-118.60435,34.09642],[-118.73174,34.10776],[-118.87236,34.06996],[-119.29154,34.22112],[-119.42016,34.3685],[-119.61284,34.4781],[-119.78493,34.45921],[-120.20444,34.53101],[-120.52868,34.50833],[-120.58254,34.59147],[-120.68786,34.6217],[-120.70843,34.70106],[-120.66633,34.75397],[-120.73717,34.98071],[-120.67729,35.18933],[-120.77958,35.23244],[-120.83676,35.22865],[-120.94864,35.28923],[-120.94856,35.33466],[-120.9148,35.3763],[-120.92773,35.47474],[-121.08413,35.55813],[-121.19852,35.68679],[-121.38519,35.78526],[-121.56112,36.06552],[-121.65174,36.09962],[-121.7429,36.23977],[-121.9268,36.33827],[-121.9972,36.57645],[-121.99804,36.67849],[-121.91786,36.67548],[-121.85145,36.74897],[-121.83827,36.89572],[-121.93206,37.00898],[-122.01837,37.02934],[-122.11722,37.01276],[-122.25331,37.06961],[-122.4941,37.30084],[-122.45914,37.39561],[-122.5,37.53588],[-122.55814,37.56622],[-122.57808,37.77476],[-122.55206,37.84302],[-122.49872,37.85439],[-122.45413,37.82406],[-122.4212,37.78992],[-122.46006,37.74443],[-122.39092,37.65342],[-122.26291,37.59655],[-122.21055,37.54347],[-122.11918,37.53588],[-122.2926,37.78992],[-122.37464,37.85439],[-122.38383,37.96057],[-122.46683,38.00988],[-122.48977,38.16453],[-122.54827,38.16159],[-122.55303,38.09711],[-122.53138,37.89611],[-122.57306,37.88853],[-122.70501,37.97575],[-122.75864,37.95679],[-122.99081,38.13884],[-123.05201,38.30193],[-123.22155,38.53344],[-123.46048,38.70407],[-123.64847,38.88015],[-102.56821,38.88015]]]]}},{"type":"Feature","properties":{"NAME":"Tupis","ABBREVN":"Tupis","wikipedia":"https://en.wikipedia.org/wiki/Tupi_people","SUBJECTO":"Tupis","BORDERPRECISION":1,"PARTOF":"Tupis"},"geometry":{"type":"MultiPolygon","coordinates":[[[[-44.93192,-1.62227],[-44.79593,-1.73636],[-44.55381,-2.09169],[-44.46174,-2.26941],[-44.52027,-2.38392],[-44.65868,-2.5685],[-44.71103,-2.75924],[-44.67028,-2.96885],[-44.59337,-3.14661],[-44.22212,-2.77724],[-44.05595,-2.70699],[-43.7819,-2.6365],[-43.33404,-2.43219],[-43.23323,-2.41926],[-43.06809,-2.45067],[-42.72448,-2.6215],[-42.31647,-2.8176],[-42.10835,-2.86163],[-41.60565,-2.9368],[-41.10252,-2.97384],[-40.89364,-2.94797],[-40.67771,-2.93479],[-40.41797,-2.85797],[-40.23089,-2.85121],[-39.72181,-3.00897],[-39.3929,-3.19254],[-39.05011,-3.40785],[-38.78636,-3.60426],[-38.0684,-4.2318],[-37.73482,-4.52973],[-37.36511,-4.80216],[-37.1806,-4.95427],[-36.9661,-5.04276],[-36.63595,-5.11831],[-36.07494,-5.16157],[-35.66477,-5.17974],[-35.46437,-5.26828],[-35.3449,-5.4777],[-35.30568,-5.75087],[-35.03911,-6.65261],[-34.91842,-7.16705],[-34.89068,-7.61179],[-34.92461,-7.87239],[-35.00502,-8.27925],[-35.11419,-8.66074],[-35.36562,-9.24587],[-35.5986,-9.62763],[-36.2046,-10.15633],[-36.82893,-10.73591],[-37.02691,-10.82529],[-37.18652,-10.8447],[-37.36214,-11.13102],[-37.40426,-11.30902],[-37.40968,-11.46789],[-37.63659,-11.9513],[-37.90628,-12.39031],[-38.26614,-12.88669],[-38.38593,-12.98226],[-38.47313,-12.9888],[-38.50883,-12.79826],[-38.63384,-12.66509],[-38.79887,-12.62732],[-38.82786,-12.98321],[-39.06969,-13.72079],[-39.09182,-14.05124],[-39.12622,-14.32453],[-38.98321,-15.5569],[-38.94816,-16.00159],[-39.20771,-17.14583],[-39.22504,-17.4445],[-39.1621,-17.73664],[-39.1425,-17.77472],[-39.4842,-17.99783],[-39.66613,-18.22696],[-39.7835,-18.58301],[-39.8014,-18.74825],[-39.69134,-19.4088],[-39.73902,-19.57409],[-39.83546,-19.70137],[-40.13978,-19.97523],[-40.4783,-20.64944],[-40.93282,-21.27941],[-41.02342,-21.52105],[-41.04814,-21.66088],[-40.9835,-22.08643],[-41.52487,-22.25277],[-41.76964,-22.38036],[-41.9292,-22.54589],[-41.96726,-22.75564],[-41.95784,-22.92082],[-42.13842,-22.97203],[-42.52708,-22.95379],[-42.9674,-23.03096],[-43.26187,-23.03158],[-43.60585,-23.0069],[-43.81524,-22.95651],[-44.23003,-22.98916],[-44.5613,-22.98986],[-44.6575,-23.26326],[-44.79013,-23.35249],[-45.14816,-23.49302],[-45.36445,-23.69679],[-45.45921,-23.85583],[-45.7953,-23.73582],[-45.95289,-23.76792],[-46.20621,-23.88282],[-47.04512,-24.43734],[-47.28293,-24.61572],[-47.60906,-24.78796],[-47.86779,-24.97241],[-53.12847,-14.26468],[-46.28089,-3.55281],[-46.28089,-3.55281],[-45.03795,-1.60844],[-44.93192,-1.62227]]]]}},{"type":"Feature","properties":{"NAME":"Malagasy","ABBREVN":"Malagasy","wikipedia":null,"SUBJECTO":"Malagasy","BORDERPRECISION":1,"PARTOF":"Malagasy"},"geometry":{"type":"MultiPolygon","coordinates":[[[[44.6722,-16.23558],[44.91735,-16.20327],[45.19694,-16.03743],[45.27778,-16.04997],[45.43355,-16.09412],[45.55457,-16.05573],[45.73227,-15.8901],[46.14228,-15.82568],[46.28194,-15.95249],[46.4192,-15.93948],[46.46436,-15.85677],[46.38755,-15.69169],[46.73442,-15.44943],[46.92457,-15.36005],[47.06953,-15.46143],[47.24464,-15.36571],[47.10613,-15.14357],[47.19931,-15.01626],[47.42627,-14.8251],[47.52952,-14.95835],[47.63287,-14.98355],[47.88372,-14.71608],[47.81255,-14.62726],[47.69896,-14.44319],[47.74116,-14.30964],[47.85039,-14.31576],[47.97167,-14.28372],[48.04899,-14.13103],[47.91555,-13.73728],[47.94246,-13.58469],[48.05727,-13.56537],[48.10995,-13.59704],[48.2236,-13.79381],[48.34961,-13.83803],[48.43965,-13.65353],[48.75134,-13.41771],[48.85724,-13.25224],[48.91746,-13.04874],[48.99329,-12.73716],[48.93342,-12.5784],[48.93483,-12.47671],[49.17633,-12.26647],[49.3366,-12.41229],[49.54175,-12.7042],[49.81719,-12.83071],[49.88047,-12.91956],[49.97619,-13.30068],[50.10845,-14.12025],[50.1502,-14.41886],[50.25442,-14.77455],[50.43015,-15.10466],[50.50334,-15.31423],[50.4863,-15.47952],[50.4551,-15.5495],[50.42933,-15.59404],[50.18732,-15.95683],[50.08852,-15.89984],[50.00356,-15.73477],[49.75376,-15.39847],[49.62028,-15.46231],[49.59774,-15.65302],[49.68498,-16.04688],[49.86275,-16.28166],[49.89824,-16.45955],[49.76034,-16.74585],[49.42471,-17.19781],[49.40464,-17.40123],[49.42284,-17.8016],[49.34185,-18.22762],[49.02306,-19.18165],[48.65166,-20.33921],[48.08738,-22.04376],[47.4916,-24.05983],[47.25848,-24.76583],[47.17381,-24.88042],[46.94546,-25.16692],[46.85506,-25.21795],[46.2391,-25.26374],[45.7895,-25.41088],[45.57618,-25.62108],[45.21051,-25.65998],[45.04681,-25.45058],[44.95852,-25.3872],[44.713,-25.30509],[44.54635,-25.33722],[44.42533,-25.31205],[44.03676,-24.98872],[43.98976,-24.88077],[43.98099,-24.62656],[43.93417,-24.51861],[43.72719,-24.35379],[43.67141,-24.22679],[43.67171,-23.90265],[43.82708,-23.41292],[43.78473,-23.26683],[43.65537,-23.05101],[43.37636,-22.63213],[43.29126,-22.40985],[43.32483,-22.11107],[43.50103,-21.49419],[43.60322,-21.39863],[43.81647,-21.31556],[44.16165,-20.69831],[44.47034,-20.17014],[44.5171,-20.02385],[44.58539,-19.52797],[44.53574,-19.36917],[44.4105,-19.26776],[44.25101,-19.10284],[44.28093,-19.02016],[44.39422,-18.79112],[44.15953,-18.40391],[44.10704,-18.09897],[44.07576,-17.87658],[43.97165,-17.55268],[43.98252,-17.50181],[44.215,-17.18988],[44.37802,-16.92261],[44.45145,-16.72542],[44.45443,-16.2424],[44.6722,-16.23558]]]]}},{"type":"Feature","properties":{"NAME":"Papou","ABBREVN":"Papou","wikipedia":null,"SUBJECTO":"Papou","BORDERPRECISION":1,"PARTOF":"Papou"},"geometry":{"type":"MultiPolygon","coordinates":[[[[149.37901,-6.20941],[149.20858,-6.15258],[149.02149,-6.24196],[148.84161,-6.07075],[148.71246,-5.98841],[148.41572,-5.881],[148.30633,-5.77319],[148.37664,-5.65863],[148.50721,-5.67107],[148.8365,-5.64493],[149.07856,-5.70161],[149.41284,-5.73902],[149.64846,-5.71309],[149.76441,-5.63021],[149.86927,-5.40118],[149.89424,-5.44562],[150.05194,-5.62323],[150.18083,-5.70558],[150.28935,-5.7117],[150.7216,-5.62179],[150.88652,-5.51974],[151.04922,-5.19524],[151.15742,-5.09967],[151.45164,-5.08633],[151.56987,-5.02888],[151.58763,-4.90172],[151.5588,-4.64755],[151.53932,-4.40608],[151.76228,-4.49457],[151.94422,-4.5196],[152.08995,-4.3604],[152.23323,-4.62068],[152.26817,-4.77949],[152.17965,-5.00214],[152.13552,-5.08485],[151.90657,-5.10441],[151.83486,-5.20626],[151.86218,-5.28247],[152.05868,-5.49814],[151.91993,-5.65732],[151.80154,-5.70842],[151.46727,-5.67102],[151.28006,-5.67142],[151.23925,-5.79227],[151.05571,-6.01512],[150.93188,-6.08529],[150.49411,-6.27691],[150.27627,-6.34094],[149.91717,-6.35443],[149.55416,-6.40606],[149.48011,-6.29817],[149.37901,-6.20941]]],[[[142.41326,-3.30727],[142.88128,-3.43972],[143.44551,-3.6101],[143.82696,-3.83806],[144.1029,-3.98364],[144.37173,-4.02119],[144.54267,-3.99541],[144.65948,-4.22394],[144.783,-4.33808],[145.06845,-4.49635],[145.3775,-4.67364],[145.72822,-4.99703],[145.59342,-5.42314],[145.60815,-5.5248],[145.7454,-5.62619],[146.04451,-5.67639],[146.89343,-6.03048],[147.0529,-6.04283],[147.37649,-6.12477],[147.45796,-6.23899],[147.64393,-6.48011],[147.7386,-6.74049],[147.66384,-6.7915],[147.16232,-6.82436],[146.90914,-6.89483],[146.86499,-6.96483],[146.88603,-7.11732],[147.15124,-7.56166],[147.37603,-7.79634],[148.03466,-8.24619],[148.13273,-8.62735],[148.45881,-9.097],[148.58871,-9.16028],[148.72511,-9.15362],[149.04547,-9.1148],[149.19772,-9.12083],[149.23677,-9.20972],[149.07788,-9.45795],[149.17572,-9.55308],[149.35652,-9.61626],[149.54644,-9.63492],[149.82991,-9.71058],[149.87292,-9.7677],[149.85897,-9.83129],[149.56739,-9.92726],[149.69638,-10.03505],[150.17556,-10.16114],[150.41763,-10.2941],[150.52339,-10.63712],[150.49456,-10.73889],[150.00239,-10.7336],[149.9057,-10.66388],[149.8401,-10.45426],[149.78337,-10.40989],[149.32856,-10.36002],[148.84986,-10.24028],[148.56053,-10.18369],[148.22196,-10.19077],[147.87362,-10.17882],[147.61547,-10.08402],[147.39334,-9.9256],[147.29304,-9.69063],[147.18501,-9.5701],[146.85841,-9.43097],[146.6461,-9.27888],[146.58551,-9.19002],[146.09553,-8.46649],[145.81964,-8.09844],[145.61518,-8.07346],[144.92944,-7.92239],[144.62741,-7.78321],[144.37983,-7.75832],[144.19317,-7.84135],[144.01603,-7.87352],[143.66479,-7.67089],[143.79182,-8.01383],[143.77961,-8.10921],[143.66741,-8.14123],[143.49586,-8.08439],[143.35606,-8.12918],[143.48933,-8.30686],[143.43681,-8.35782],[142.96997,-8.37789],[142.464,-8.29637],[142.24891,-8.30954],[142.35565,-8.36651],[142.46373,-8.4362],[142.75283,-8.51184],[143.05065,-8.6701],[143.23268,-8.82226],[143.33113,-9.00001],[143.14598,-9.0894],[142.81332,-9.2808],[142.6074,-9.37658],[142.30656,-9.33274],[141.49615,-9.31542],[140.94761,-9.27386],[140.71603,-9.04379],[140.29898,-8.64427],[139.97686,-8.23817],[139.79406,-8.21315],[139.44508,-8.25839],[139.11238,-8.32267],[138.91702,-8.31674],[138.95799,-8.14504],[139.15364,-7.85224],[139.15614,-7.72512],[138.90396,-7.4905],[138.64956,-7.14149],[138.66239,-7.03976],[138.86135,-7.09018],[138.9678,-7.07088],[139.02827,-7.01991],[138.81806,-6.83604],[138.55056,-6.6523],[138.4214,-6.48098],[138.29747,-6.18888],[137.82359,-5.42724],[137.59532,-5.24977],[137.38517,-5.12313],[137.11291,-5.03474],[136.22064,-4.76337],[135.65356,-4.59299],[135.37776,-4.56181],[135.06051,-4.45446],[134.7768,-4.3089],[134.80969,-4.15629],[134.76579,-4.03563],[134.67865,-4.02312],[134.40089,-4.0682],[134.22615,-4.0368],[134.04063,-3.94823],[133.85701,-3.77067],[133.76272,-3.51031],[133.82254,-3.28773],[133.75253,-3.1862],[133.66883,-3.23723],[133.56321,-3.4154],[133.50827,-3.71423],[133.39547,-3.98776],[133.2449,-4.10884],[132.93162,-4.2684],[132.86177,-4.19229],[132.71282,-3.88755],[132.72296,-3.81762],[132.89564,-3.69649],[132.82719,-3.50597],[132.74932,-3.3981],[132.49539,-3.2207],[132.17724,-3.04345],[132.02496,-3.01836],[131.99888,-2.92308],[132.0158,-2.82136],[132.20195,-2.8019],[132.37629,-2.83965],[132.64738,-2.9471],[132.71871,-2.93424],[132.88432,-2.78135],[133.12084,-2.59653],[133.18667,-2.62181],[133.32135,-2.74227],[133.78079,-2.72221],[133.84303,-2.66488],[133.8836,-2.42965],[133.85501,-2.24541],[133.7476,-2.25836],[133.59275,-2.34766],[133.3207,-2.38003],[133.02511,-2.3616],[132.68067,-2.38141],[132.21896,-2.34428],[132.03404,-2.20487],[131.9734,-2.11604],[131.90626,-1.81749],[131.81559,-1.66517],[131.62677,-1.59567],[131.06443,-1.5397],[131.18339,-1.40598],[131.20951,-1.29154],[131.21142,-1.02464],[131.41967,-1.01148],[131.83364,-0.82628],[132.05418,-0.65424],[132.25401,-0.5267],[132.4123,-0.53907],[132.5924,-0.57045],[133.26498,-0.86132],[133.49627,-0.93707],[133.90731,-1.00608],[134.07917,-1.32346],[134.14099,-1.50126],[134.01385,-1.83835],[133.98336,-2.01],[134.0828,-2.18137],[134.1343,-2.40368],[134.18631,-2.61965],[134.28306,-2.85459],[134.36636,-2.94338],[134.45541,-3.00038],[134.55696,-2.70781],[134.59516,-2.75857],[134.63401,-2.82205],[134.77307,-3.30474],[134.8491,-3.38085],[134.95439,-3.46324],[135.08674,-3.51379],[135.24644,-3.53887],[135.50758,-3.44933],[135.73425,-3.25182],[136.27088,-2.41812],[136.42883,-2.41143],[136.9141,-2.31504],[137.08424,-2.25114],[137.1044,-2.21295],[137.1107,-1.98416],[137.20883,-1.90768],[137.7039,-1.63335],[137.85432,-1.61396],[138.63426,-1.95545],[139.59199,-2.37916],[140.28515,-2.6128],[140.86978,-2.79475],[142.03085,-3.15556],[142.41326,-3.30727]]],[[[137.6759,-8.45925],[137.94113,-7.9947],[138.19267,-7.67635],[138.37631,-7.5552],[138.56802,-7.523],[138.80545,-7.67504],[138.89476,-7.78289],[138.84481,-7.86562],[138.699,-8.15195],[138.58381,-8.22847],[138.29721,-8.54053],[138.17585,-8.55351],[137.6759,-8.45925]]]]}},{"type":"Feature","properties":{"NAME":"Malay","ABBREVN":"Malay","wikipedia":null,"SUBJECTO":"Malay","BORDERPRECISION":1,"PARTOF":"Malay"},"geometry":{"type":"MultiPolygon","coordinates":[[[[117.70542,-8.43882],[117.67736,-8.36261],[117.69099,-8.26724],[117.80622,-8.17801],[117.94794,-8.16193],[118.02465,-8.20297],[118.0483,-8.29838],[118.13015,-8.34257],[118.26714,-8.27739],[118.41999,-8.32462],[118.46731,-8.39284],[118.462,-8.59608],[118.54416,-8.52929],[118.61766,-8.39235],[118.76083,-8.37934],[118.86329,-8.48081],[118.87261,-8.67146],[118.95417,-8.65525],[118.98203,-8.70248],[118.97055,-8.88099],[118.8282,-8.78645],[118.68882,-8.76021],[118.62547,-8.78645],[118.65803,-8.85624],[118.27464,-8.92698],[118.21066,-8.88616],[118.25399,-8.76545],[118.216,-8.73921],[118.0772,-8.85992],[117.97386,-8.97538],[117.84085,-8.95438],[117.55728,-9.05565],[117.27663,-9.14524],[117.1159,-9.12232],[116.97642,-9.17766],[116.80034,-9.14626],[116.75419,-9.11458],[116.66316,-9.05934],[116.63447,-8.93339],[116.69892,-8.81598],[116.66269,-8.70248],[116.74955,-8.65063],[116.8534,-8.59955],[116.95838,-8.52929],[117.05933,-8.56098],[117.33397,-8.56673],[117.51381,-8.61326],[117.55416,-8.73921],[117.6851,-8.78843],[117.81717,-8.81356],[117.90241,-8.69723],[118.03314,-8.69198],[118.0559,-8.60801],[117.93772,-8.54001],[117.79684,-8.49582],[117.70542,-8.43882]]],[[[111.33287,-1.36984],[110.70589,-0.60352],[110.63622,0.1628],[111.26321,0.78979],[110.96831,1.22552],[111.11991,1.27033],[110.8934,1.51131],[110.96977,1.75929],[111.1338,2.03288],[111.37183,2.59893],[111.63455,2.72023],[112.30133,2.87417],[112.75925,3.00859],[112.95166,3.15515],[113.18754,3.61465],[113.42308,3.75981],[113.81484,4.26261],[113.91349,4.35814],[114.02327,4.42453],[114.07373,4.45502],[114.16662,4.51117],[114.45026,4.56262],[114.74521,4.98438],[114.85398,5.01587],[114.82273,4.89517],[114.87785,4.85582],[114.96151,4.87652],[115.0369,4.89517],[115.12111,4.83093],[115.15933,4.83808],[115.36143,4.87592],[115.43391,5.00315],[115.41777,5.11114],[115.20305,5.27587],[115.29167,5.45398],[115.48784,5.48616],[115.71728,5.46761],[115.78709,5.7401],[115.9708,5.88115],[116.0987,6.09745],[116.33778,6.35848],[116.56179,6.82278],[116.59563,6.89909],[116.74053,6.68974],[116.88902,6.64558],[117.03112,6.8365],[117.16806,6.61442],[117.32571,6.48768],[117.50709,6.39277],[117.54089,6.24036],[117.45925,6.08133],[117.35359,5.87779],[117.37007,5.78886],[117.65428,5.84666],[117.86653,5.90431],[117.91827,5.80276],[117.76156,5.58003],[118.09538,5.62523],[118.25601,5.6637],[118.37702,5.63855],[118.84297,5.34093],[118.99797,5.27772],[119.04261,5.16981],[118.97142,5.04893],[118.88133,4.97885],[118.68284,4.91488],[118.41559,4.90159],[118.10842,4.93905],[117.94841,4.79892],[117.99183,4.68465],[118.39121,4.37417],[118.31868,4.23423],[118.11238,4.14484],[117.82212,4.09973],[117.58917,4.0484],[117.55869,3.98072],[117.54051,3.94027],[117.68386,3.62924],[117.58022,3.56547],[117.33471,3.54589],[117.07398,3.5072],[117.16311,3.40573],[117.21508,3.2724],[117.13904,3.17058],[117.23603,3.07547],[117.34201,3.02488],[117.58774,2.65051],[117.82919,2.31426],[117.84828,2.22535],[117.69636,1.90095],[117.73007,1.79935],[117.91282,1.59005],[118.24726,1.38744],[118.51726,1.16563],[118.76522,0.82303],[118.55612,0.74632],[118.21829,0.75829],[117.85968,0.86554],[117.70829,0.82073],[117.53429,0.61066],[117.37497,0.19726],[117.33889,-0.01697],[117.31822,-0.13966],[117.37765,-0.43184],[117.42981,-0.62237],[117.3703,-1.00378],[117.25522,-1.00403],[117.04563,-0.93458],[116.57888,-1.36772],[116.38421,-1.66047],[116.04628,-1.93446],[116.2455,-2.10562],[116.2727,-2.2835],[116.34913,-2.41679],[116.04077,-2.44287],[116.24452,-2.703],[116.24822,-2.79831],[116.20198,-2.9001],[115.9559,-3.19932],[115.86337,-3.37747],[115.80631,-3.53647],[115.56814,-3.80391],[114.98581,-4.07846],[114.71241,-4.20615],[114.58087,-4.29541],[114.49362,-4.15579],[114.50463,-3.9651],[114.35625,-3.60316],[114.21847,-3.43188],[114.0995,-3.34951],[113.9706,-3.3625],[113.56993,-1.87489],[112.80111,-1.87489],[111.33287,-1.36984]]],[[[120.63552,0.92239],[120.76743,1.13872],[120.99068,1.16463],[121.26309,1.10168],[121.59117,0.86092],[121.79239,0.84864],[122.18086,0.86855],[122.39585,0.79276],[122.73288,0.67276],[122.99247,0.77499],[123.82621,0.73867],[124.15023,0.79656],[124.43218,0.95604],[124.52715,1.08333],[124.45688,1.2039],[124.54514,1.33118],[124.71952,1.43959],[124.8525,1.62415],[124.98246,1.64985],[125.01622,1.5419],[124.98323,1.30036],[124.93084,1.16045],[124.89411,1.10319],[124.85742,1.04591],[124.42143,0.47942],[124.23398,0.30109],[124.02542,0.25615],[123.4718,0.15329],[123.2489,0.18457],[122.98314,0.37463],[122.46556,0.40528],[121.94783,0.37875],[121.55245,0.39695],[121.08506,0.37688],[120.82632,0.41444],[120.52432,0.40108],[120.45365,0.38412],[120.33728,0.35619],[120.14297,0.19055],[120.02619,-0.01697],[119.9568,-0.14028],[119.87274,-0.46456],[119.90378,-0.68055],[120.02179,-0.90271],[120.10935,-0.98514],[120.2908,-1.08642],[120.40747,-1.17514],[120.50657,-1.44818],[120.58729,-1.51791],[120.68839,-1.53675],[121.05538,-1.54867],[121.16762,-1.42769],[121.46113,-0.98857],[121.6341,-1.01361],[121.77214,-1.09592],[121.99536,-1.1145],[122.15895,-1.01247],[122.4598,-0.94191],[122.73921,-0.87776],[122.85957,-0.74405],[122.98146,-0.71837],[123.19115,-0.80688],[123.25004,-0.90208],[123.21275,-1.23261],[123.00193,-1.11232],[122.75714,-1.09378],[122.59429,-1.2276],[122.41957,-1.4631],[122.22289,-1.65417],[121.74647,-1.85221],[121.65008,-1.99859],[121.58576,-2.01143],[121.47732,-1.9926],[121.26705,-1.93586],[121.25345,-1.96131],[121.26491,-2.1011],[121.36022,-2.15809],[121.66403,-2.41798],[121.87427,-2.65268],[122.25817,-3.2111],[122.21489,-3.35736],[122.14427,-3.66257],[122.19035,-3.84677],[122.3914,-4.08784],[122.64091,-4.28432],[122.66893,-4.38594],[122.64839,-4.5131],[122.4524,-4.48811],[122.159,-4.51416],[121.97351,-4.64803],[121.87278,-4.95966],[121.64872,-4.94744],[121.44133,-4.86527],[121.39284,-4.78911],[121.41649,-4.4967],[121.508,-4.23593],[121.06832,-3.85556],[120.88079,-3.71615],[120.80245,-3.59557],[120.8185,-3.48748],[120.94637,-3.30927],[120.999,-3.04859],[120.92469,-2.82632],[120.59281,-2.80161],[120.41888,-2.8753],[120.36663,-2.89743],[120.14419,-3.07586],[120.21622,-3.23458],[120.2803,-3.65389],[120.24955,-3.88275],[120.14338,-4.39777],[120.30686,-4.80417],[120.30216,-4.94399],[120.13269,-5.23036],[120.12442,-5.33206],[120.24807,-5.58601],[119.92162,-5.66299],[119.69087,-5.77153],[119.47684,-5.80377],[119.36675,-5.65783],[119.29458,-5.42283],[119.36497,-5.27651],[119.44624,-5.0666],[119.4773,-4.6725],[119.50447,-4.18942],[119.44801,-3.96076],[119.46113,-3.8082],[119.36528,-3.63046],[119.22567,-3.57355],[119.04976,-3.65021],[118.79144,-3.66347],[118.79641,-3.47916],[118.6836,-2.90107],[118.74262,-2.76114],[118.96373,-2.52551],[119.17457,-2.17553],[119.24707,-1.95931],[119.20737,-1.54632],[119.20475,-1.43194],[119.24367,-1.22849],[119.3963,-0.90407],[119.59724,-0.87821],[119.5782,-0.49062],[119.69213,-0.01697],[119.69749,0.0053],[119.91374,0.53956],[120.10897,0.72427],[120.23886,0.78809],[120.43191,0.636],[120.5623,0.77607],[120.63552,0.92239]]],[[[120.30511,14.57529],[119.97168,14.9049],[119.77185,15.46983],[119.78871,15.66044],[119.81296,15.97812],[119.68141,16.18745],[119.76203,16.35914],[120.20211,16.04247],[120.29312,16.23323],[120.30345,16.41746],[120.25813,16.61429],[120.24656,16.8747],[120.31154,17.07176],[120.32303,17.37033],[120.35981,17.75788],[120.39308,18.04379],[120.56437,18.43162],[120.64887,18.48897],[120.80042,18.55282],[121.03637,18.52791],[121.58078,18.29405],[121.83985,18.27555],[121.92465,18.37101],[122.04959,18.44749],[122.13901,18.38417],[122.14715,18.20633],[122.02781,18.00917],[122.00743,17.79316],[122.07029,17.43758],[122.31364,17.26025],[122.39558,17.11433],[122.20331,16.54222],[122.06395,16.3323],[121.6886,16.05836],[121.43898,15.91808],[121.40227,15.87353],[121.40357,15.75283],[121.36817,15.49867],[121.24221,15.30783],[121.2993,15.21266],[121.45681,14.88268],[121.61164,14.38752],[121.72879,14.10826],[121.77041,14.09564],[121.97345,13.94997],[122.10659,13.91849],[122.17926,14.06477],[122.39741,14.30663],[122.48648,14.31952],[122.67462,14.26911],[122.77617,14.17403],[122.85634,13.88834],[122.98506,13.72981],[123.13177,13.69201],[123.3592,13.95295],[123.63851,13.83286],[123.7019,13.82028],[123.7369,13.76319],[123.66124,13.69314],[123.49137,13.6229],[123.39762,13.52742],[123.8189,12.97563],[123.67697,12.89274],[123.42121,12.98113],[123.23899,13.02521],[123.19697,13.24111],[123.09369,13.38064],[122.82416,13.62147],[122.48541,13.8812],[122.36934,13.88095],[122.32527,13.77921],[122.492,13.43017],[122.39409,13.30291],[122.06729,13.65161],[121.62493,13.89841],[121.48617,13.89175],[121.33172,13.8279],[121.24972,13.71338],[121.1871,13.68148],[121.00936,13.65569],[120.86451,13.75702],[120.59851,13.92162],[120.51063,14.112],[120.7986,14.38577],[120.94382,14.29081],[121.10497,14.25303],[121.28544,14.34236],[121.21723,14.41843],[120.89659,14.55115],[120.70641,14.72861],[120.47143,14.80434],[120.36363,14.53095],[120.30511,14.57529]]],[[[120.89079,12.36583],[120.73374,12.54972],[120.71096,12.65132],[120.54695,13.15283],[120.3405,13.38743],[120.64859,13.41351],[121.03918,13.408],[121.18067,13.33207],[121.30448,13.12905],[121.31684,12.74156],[121.27364,12.52547],[121.17733,12.39821],[121.09404,12.2011],[120.89079,12.36583]]],[[[125.06996,11.24402],[124.98977,11.35819],[124.88334,11.4342],[124.85421,11.49131],[124.91656,11.64392],[124.87549,11.83441],[124.62807,11.9927],[124.33041,12.20806],[124.26405,12.41756],[124.4945,12.46252],[124.95214,12.52703],[125.11907,12.47657],[125.24641,12.29261],[125.27773,11.92422],[125.33315,11.56223],[125.44869,11.20671],[125.39842,11.14943],[125.32305,11.12385],[125.06996,11.24402]]],[[[121.88314,10.62726],[121.96632,11.23098],[121.99364,11.75833],[122.21064,11.58091],[122.47016,11.45442],[122.63502,11.44206],[122.91992,11.52526],[122.93236,11.32835],[122.89682,11.15039],[122.78874,11.02945],[122.70619,10.94033],[122.29727,10.64721],[121.873,10.46841],[121.88314,10.62726]]],[[[118.69967,10.03591],[118.75656,10.16945],[118.84784,10.21412],[118.98916,10.39231],[119.10812,10.62763],[119.14522,10.9009],[119.207,11.12974],[119.35385,11.21264],[119.41674,11.13019],[119.34454,11.00297],[119.4689,10.75547],[119.56431,10.50156],[119.51552,10.45062],[119.21701,10.29115],[119.0338,10.12558],[118.86455,10.02356],[118.69967,10.03591]]],[[[122.7686,9.2124],[122.39563,9.47843],[122.30313,9.64978],[122.34745,9.81506],[122.6021,9.9109],[122.70074,10.03183],[122.92015,10.85184],[123.11762,10.93487],[123.23907,10.92242],[123.29034,10.86535],[123.31205,10.73834],[123.14427,10.33138],[123.10443,10.22965],[122.96222,9.59401],[123.03656,9.46076],[123.133,9.25131],[123.03713,9.06685],[122.94163,9.04759],[122.7686,9.2124]]],[[[117.12781,8.46958],[117.22448,8.68581],[117.37879,8.8958],[117.53589,9.04863],[117.80207,9.20803],[118.0885,9.43102],[118.50807,9.92114],[118.55771,9.67346],[118.50457,9.48275],[118.38455,9.34907],[118.27627,9.26624],[118.04425,9.17044],[117.96719,9.11309],[117.85714,8.8333],[117.71009,8.71227],[117.44409,8.63546],[117.27062,8.45083],[117.12781,8.46958]]],[[[125.95463,6.65247],[125.91082,6.84934],[125.74778,7.18572],[125.61458,7.23626],[125.44321,6.96269],[125.28044,6.59383],[125.39131,6.42252],[125.46598,6.24478],[125.53286,5.93994],[125.46145,5.71741],[125.28927,5.4883],[125.15203,5.60237],[125.07285,5.72292],[125.16346,5.90737],[125.12946,6.05344],[124.96577,6.08485],[124.803,5.78587],[124.72531,5.81113],[124.22406,6.08961],[123.97346,6.33686],[123.8806,6.56539],[123.86418,6.85127],[124.07358,7.25835],[124.02478,7.47427],[123.81526,7.65807],[123.46498,7.79073],[123.33368,7.77139],[123.30616,7.69508],[123.2479,7.5933],[123.02298,7.47845],[122.72541,7.4524],[122.71332,7.67475],[122.63507,7.78258],[122.45516,7.69325],[122.22834,7.26072],[121.99188,6.87263],[121.8936,6.91055],[121.83991,6.96761],[121.8245,7.05652],[121.84885,7.19636],[122.01049,7.53345],[122.09367,7.77507],[122.2117,7.90239],[122.38403,7.98536],[122.638,8.00496],[122.73632,8.06236],[122.7965,8.27216],[122.88877,8.34225],[123.13582,8.45079],[123.48587,8.49602],[123.61695,8.33746],[123.6628,8.01353],[123.80547,8.08373],[124.02394,8.10962],[124.11721,8.19241],[124.2104,8.44674],[124.3716,8.56145],[124.58719,8.46662],[124.67058,8.42869],[124.74164,8.91805],[124.87213,8.92469],[124.99087,8.71527],[125.13256,8.9316],[125.22485,8.99533],[125.40132,8.95124],[125.46097,9.05302],[125.4395,9.37064],[125.36229,9.6246],[125.42805,9.78358],[125.61384,9.53621],[125.93395,9.17475],[126.03709,8.95896],[126.07461,8.81292],[125.9232,8.48222],[126.02999,8.38079],[126.27188,8.42578],[126.3063,8.23526],[126.25449,8.04454],[126.27994,7.73327],[126.37268,7.53652],[126.37204,7.33956],[126.32173,7.14884],[126.19463,6.88806],[126.04524,6.60819],[125.95463,6.65247]]]]}},{"type":"Feature","properties":{"NAME":"Bulgars","ABBREVN":"Bulgars","wikipedia":null,"SUBJECTO":"Bulgars","BORDERPRECISION":1,"PARTOF":"Bulgars"},"geometry":{"type":"MultiPolygon","coordinates":[[[[24.03518,42.1936],[23.18564,44.13691],[28.08737,46.23392],[28.91824,44.76575],[28.68625,44.48805],[28.44569,43.47636],[28.18706,43.45012],[28.03464,43.3919],[27.83616,42.73552],[27.65404,42.68374],[27.4947,42.4009],[24.03518,42.1936]]]]}},{"type":"Feature","properties":{"NAME":"Nothumbria","ABBREVN":"Nothumbria","wikipedia":null,"SUBJECTO":"Nothumbria","BORDERPRECISION":1,"PARTOF":"Nothumbria"},"geometry":{"type":"MultiPolygon","coordinates":[[[[-1.8969,54.33615],[-2.06459,55.30033],[-1.942,55.55607],[-1.71901,55.45374],[-1.66598,55.37959],[-1.69599,55.2725],[-1.38889,54.68048],[-1.19206,54.59536],[-0.8706,54.54717],[-0.2955,54.03317],[-0.23488,53.79938],[-0.31922,53.57891],[-1.32049,53.73808],[-1.8969,54.33615]]]]}},{"type":"Feature","properties":{"NAME":"Kent","ABBREVN":"Kent","wikipedia":null,"SUBJECTO":"Kent","BORDERPRECISION":1,"PARTOF":"Kent"},"geometry":{"type":"MultiPolygon","coordinates":[[[[1.03007,51.35885],[1.18937,51.40547],[1.36468,51.3529],[1.33496,51.1207],[0.88602,50.98189],[0.88835,50.89267],[0.67257,50.93067],[0.19181,50.73128],[0.20467,51.09195],[0.45511,51.43149],[1.03007,51.35885]]]]}},{"type":"Feature","properties":{"NAME":"Essex","ABBREVN":"Essex","wikipedia":null,"SUBJECTO":"Essex","BORDERPRECISION":1,"PARTOF":"Essex"},"geometry":{"type":"MultiPolygon","coordinates":[[[[-0.85769,51.45154],[-0.83169,51.92756],[-0.36238,52.02724],[1.27187,51.91936],[1.03129,51.81272],[0.68622,51.56039],[0.2666,51.45667],[-0.85769,51.45154]]]]}},{"type":"Feature","properties":{"NAME":"Mercia","ABBREVN":"Mercia","wikipedia":null,"SUBJECTO":"Mercia","BORDERPRECISION":1,"PARTOF":"Mercia"},"geometry":{"type":"MultiPolygon","coordinates":[[[[1.27187,51.91936],[-0.36238,52.02724],[-0.83169,51.92756],[-0.85769,51.45154],[-2.03989,51.44614],[-2.05084,51.25463],[-1.77132,50.73078],[-2.08536,50.70282],[-2.02369,50.57001],[-2.43199,50.64589],[-2.55051,50.57001],[-2.96062,50.7218],[-3.11088,50.65736],[-3.52147,50.61743],[-3.56318,50.36143],[-3.71504,50.21934],[-3.88174,50.2004],[-4.00424,50.31406],[-4.24263,50.39146],[-4.3033,50.32354],[-4.54057,50.35795],[-4.96703,50.21225],[-5.28234,49.96382],[-5.42922,50.06785],[-5.77781,50.13412],[-5.23777,50.34629],[-5.01665,50.56052],[-4.81527,50.60417],[-4.60456,50.77875],[-4.55154,50.99716],[-4.44256,50.96866],[-4.27728,51.06367],[-4.28099,51.18724],[-3.82523,51.23478],[-3.483,51.18111],[-3.06604,51.17774],[-3.03315,51.32989],[-2.89466,51.39385],[-2.75015,51.64403],[-2.91448,53.26714],[-3.05674,53.51361],[-2.97954,53.82085],[-2.86532,54.02827],[-2.88594,54.16867],[-1.8969,54.33615],[-1.32049,53.73808],[-0.31922,53.57891],[-0.31922,53.57891],[-0.20366,53.52328],[0.08102,53.38623],[0.17452,53.29306],[0.26785,53.12666],[0.25087,53.04005],[0.0055,52.78667],[0.32683,52.70748],[0.50467,52.84751],[0.74184,52.9012],[1.01266,52.88842],[1.37593,52.80924],[1.58571,52.65004],[1.69169,52.31142],[1.65687,52.21178],[1.51189,52.02576],[1.27187,51.91936]]]]}},{"type":"Feature","properties":{"NAME":"Ouighurs","ABBREVN":"Ouighurs","wikipedia":null,"SUBJECTO":"Ouighurs","BORDERPRECISION":1,"PARTOF":"Ouighurs"},"geometry":{"type":"MultiPolygon","coordinates":[[[[91.33394,45.92025],[80.71885,46.43604],[82.20868,51.32925],[93.94115,51.09593],[105.30116,51.21274],[110.70143,50.98293],[130.25593,50.1508],[137.25694,45.61244],[136.49411,44.96603],[136.28506,44.75304],[136.17924,44.54677],[136.03398,44.39841],[135.69281,44.22397],[135.41476,44.03683],[135.15606,43.72116],[134.96243,43.51504],[134.56858,43.21222],[134.13894,42.99295],[133.31201,42.77939],[132.9528,42.66954],[132.82736,42.8619],[132.92359,44.33845],[131.77268,45.14408],[130.39159,44.79881],[128.55014,43.64791],[126.01814,42.15173],[125.09742,42.95736],[123.37106,42.95736],[116.23543,41.57627],[110.71108,40.88573],[107.48854,41.11591],[104.84145,41.231],[104.15091,40.31028],[104.03582,38.00846],[102.19437,38.46882],[101.27364,39.38955],[100.81328,40.31028],[98.97183,41.00082],[96.32474,40.65555],[94.59838,41.11591],[92.06639,43.30263],[90.95969,43.54919],[91.33394,45.92025]]]]}},{"type":"Feature","properties":{"NAME":"Tungus","ABBREVN":"Tungus","wikipedia":null,"SUBJECTO":"Tungus","BORDERPRECISION":1,"PARTOF":"Tungus"},"geometry":{"type":"MultiPolygon","coordinates":[[[[127.8094,61.80384],[137.17797,61.33434],[142.72148,59.239],[142.35777,59.14096],[141.92384,58.94089],[141.59083,58.72753],[141.34956,58.50087],[140.99426,58.39063],[140.5874,58.23931],[140.49984,58.17076],[140.02874,57.64413],[139.29383,57.33618],[138.86676,57.12447],[138.34593,56.80421],[137.60194,56.24035],[137.22909,55.98272],[136.52127,55.58989],[136.1194,55.42065],[135.26954,55.02874],[134.98522,54.85393],[134.89373,54.71992],[134.902,54.55942],[135.09451,54.43278],[135.31256,54.41317],[135.72583,54.40726],[136.19642,54.475],[136.4916,54.45549],[136.34353,53.88783],[136.35066,53.70121],[136.48706,53.65484],[136.77021,53.69536],[137.04066,53.86248],[137.38287,53.80981],[137.32576,53.74306],[137.12173,53.58944],[137.07131,53.48947],[137.23924,53.45652],[137.9794,53.46458],[138.23403,53.57159],[138.40946,53.80512],[138.4168,54.09191],[138.76042,54.08589],[139.05166,54.08646],[139.37805,54.08039],[139.80592,53.96115],[140.10246,53.8017],[140.3213,53.53565],[140.70233,53.27686],[140.89366,53.19743],[141.1212,53.05163],[141.08967,52.98512],[140.8282,52.82525],[141.03198,52.72607],[141.09054,52.58686],[140.93949,52.26177],[141.16062,52.20921],[141.25706,52.10346],[141.12632,51.87162],[140.96989,51.6928],[140.73028,51.4413],[140.40454,50.82738],[140.3235,50.51784],[140.34884,50.41922],[140.457,50.10399],[140.3722,49.69128],[140.32823,49.35788],[140.14659,48.7244],[140.081,48.50261],[139.21371,47.81062],[139.04669,47.61515],[138.94929,47.32243],[138.68499,47.13351],[138.35157,46.87316],[138.24288,46.7107],[137.98463,46.26929],[137.72052,45.99668],[137.29692,45.64632],[137.25694,45.61244],[130.25593,50.1508],[110.70143,50.98293],[115.20548,57.38612],[116.96158,59.88267],[127.8094,61.80384]]]]}},{"type":"Feature","properties":{"NAME":"Magyars","ABBREVN":"Magyars","wikipedia":null,"SUBJECTO":"Khazars","BORDERPRECISION":1,"PARTOF":"Magyars"},"geometry":{"type":"MultiPolygon","coordinates":[[[[36.49878,47.81575],[35.30111,47.49097],[35.30176,47.4918],[35.24238,47.64727],[35.13027,47.84004],[35.10566,47.8416],[35.08564,47.82432],[35.08779,47.67554],[34.99707,47.5876],[34.73066,47.57754],[34.48662,47.59297],[34.43633,47.5689],[34.38027,47.55752],[34.31582,47.5668],[34.26621,47.58989],[34.24033,47.5749],[34.21074,47.53618],[34.14785,47.54229],[34.06699,47.55835],[33.98398,47.55571],[33.93613,47.54146],[33.94727,47.45142],[33.96455,47.35894],[33.96279,47.33125],[33.9335,47.28242],[33.83477,47.21226],[33.77715,47.1625],[33.76133,47.11904],[33.70469,47.06084],[33.69238,47.05472],[33.661,47.04621],[33.65537,47.05029],[33.64005,47.04053],[32.15019,46.63651],[31.95127,46.86463],[31.78105,46.70186],[31.53773,46.70138],[31.08723,46.63554],[30.83286,46.57659],[30.52046,46.25141],[30.43285,46.17575],[30.06882,45.8614],[29.72975,45.76999],[29.62951,45.75036],[29.50043,45.52337],[29.53609,45.4522],[29.61592,45.41021],[29.68321,45.37479],[29.71076,45.25833],[29.57896,45.0575],[29.45752,44.91515],[29.26158,44.89542],[29.08975,44.87573],[28.91824,44.76575],[28.68625,44.48805],[28.91824,44.76575],[27.01218,45.00456],[26.93745,48.26589],[32.47057,49.27143],[32.62051,49.19863],[32.71807,49.14014],[32.76953,49.11592],[32.86338,49.08726],[32.98086,49.08257],[33.04346,49.06313],[33.06611,49.02139],[33.07627,49.00435],[33.1625,48.9936],[33.16709,49.01929],[33.19395,49.0939],[33.19434,49.11875],[33.1041,49.20015],[33.01543,49.28066],[32.92593,49.35418],[35.60111,49.84034],[36.49878,47.81575]]],[[[33.9041,47.15874],[34.09717,47.31606],[34.17285,47.32456],[34.1834,47.34565],[34.17676,47.38931],[34.18984,47.41997],[34.41943,47.48696],[34.59238,47.52012],[34.80771,47.46313],[34.96055,47.40649],[35.04902,47.42817],[35.08913,47.43348],[33.85244,47.09812],[33.9041,47.15874]]]]}},{"type":"Feature","properties":{"NAME":"Kanem","ABBREVN":"Kanem","wikipedia":null,"SUBJECTO":"Kanem","BORDERPRECISION":1,"PARTOF":"Kanem"},"geometry":{"type":"MultiPolygon","coordinates":[[[[14.37531,13.29194],[15.12578,14.89926],[17.00194,15.59314],[20.723,14.77835],[21.50474,12.68255],[18.62795,10.16949],[15.65736,11.30618],[14.40658,12.896],[14.37531,13.29194]]]]}},{"type":"Feature","properties":{"NAME":"Guanches","ABBREVN":"Guanches","wikipedia":null,"SUBJECTO":"Guanches","BORDERPRECISION":1,"PARTOF":"Guanches"},"geometry":{"type":"MultiPolygon","coordinates":[[[[-14.50982,28.05005],[-14.14702,28.39104],[-13.8084,29.04859],[-13.51816,29.42848],[-13.42141,29.09087],[-13.78422,28.87929],[-13.88096,28.19937],[-14.50982,28.05005]]],[[[-15.57405,28.17805],[-15.40474,28.19937],[-15.21124,27.90053],[-15.57405,27.72939],[-15.91267,27.90053],[-15.57405,28.17805]]],[[[-17.29132,28.2846],[-16.88014,28.32719],[-16.08197,28.53988],[-16.22709,28.36976],[-16.63827,28.05005],[-17.33969,28.0287],[-17.29132,28.2846]]]]}},{"type":"Feature","properties":{"NAME":"Gurjara Pratihara","ABBREVN":"Gurjara Prat","wikipedia":null,"SUBJECTO":"Gurjara Pratihara","BORDERPRECISION":1,"PARTOF":"Gurjara Pratihara"},"geometry":{"type":"MultiPolygon","coordinates":[[[[72.26563,24.22312],[76.10516,26.99855],[76.30908,27.04515],[78.55132,27.63043],[79.04779,27.76002],[79.28046,27.63075],[79.86677,27.30503],[81.59313,25.23339],[82.74404,24.77303],[83.2044,24.77303],[84.04122,24.8328],[83.98476,24.78105],[84.81952,23.85354],[84.90316,22.84977],[78.83096,20.39958],[75.03296,20.51467],[72.88084,20.33709],[73.10968,20.68732],[73.11286,20.82709],[72.93113,20.95376],[72.76573,21.15036],[72.71466,21.43612],[72.66594,21.84894],[72.69309,22.10465],[73.91521,23.1114],[72.26563,24.22312]]]]}},{"type":"Feature","properties":{"NAME":"Guanches","ABBREVN":"Guanches","wikipedia":null,"SUBJECTO":"Guanches","BORDERPRECISION":1,"PARTOF":"Guanches"},"geometry":{"type":"MultiPolygon","coordinates":[[[[-14.50982,28.05005],[-14.14702,28.39104],[-13.8084,29.04859],[-13.51816,29.42848],[-13.42141,29.09087],[-13.78422,28.87929],[-13.88096,28.19937],[-14.50982,28.05005]]],[[[-15.57405,28.17805],[-15.40474,28.19937],[-15.21124,27.90053],[-15.57405,27.72939],[-15.91267,27.90053],[-15.57405,28.17805]]],[[[-17.29132,28.2846],[-16.88014,28.32719],[-16.08197,28.53988],[-16.22709,28.36976],[-16.63827,28.05005],[-17.33969,28.0287],[-17.29132,28.2846]]]]}},{"type":"Feature","properties":{"NAME":"Arawaks","ABBREVN":"Arawaks","wikipedia":null,"SUBJECTO":"Arawaks","BORDERPRECISION":1,"PARTOF":"Arawaks"},"geometry":{"type":"MultiPolygon","coordinates":[[[[-61.66889,17.085],[-61.66639,17.04583],[-61.6675,17.04055],[-61.6825,17.0275],[-61.68667,17.02444],[-61.73806,16.98972],[-61.82917,16.99694],[-61.87611,17.01694],[-61.88056,17.01972],[-61.88361,17.02361],[-61.88583,17.02805],[-61.88722,17.03305],[-61.89111,17.09417],[-61.88722,17.10527],[-61.88417,17.10972],[-61.83278,17.16389],[-61.82639,17.16722],[-61.79445,17.16333],[-61.78417,17.15833],[-61.74417,17.13722],[-61.67417,17.09361],[-61.67028,17.09027],[-61.66889,17.085]]],[[[-61.47472,15.61861],[-61.46806,15.62805],[-61.45222,15.63194],[-61.43362,15.63167],[-61.42722,15.63028],[-61.31778,15.58194],[-61.30417,15.57361],[-61.26723,15.51667],[-61.25333,15.46139],[-61.25056,15.32917],[-61.25084,15.32306],[-61.25445,15.29167],[-61.25528,15.285],[-61.25695,15.27889],[-61.26501,15.25806],[-61.27,15.24833],[-61.28028,15.2375],[-61.36362,15.19806],[-61.37056,15.19917],[-61.37417,15.2025],[-61.37584,15.2075],[-61.3775,15.23639],[-61.37779,15.24806],[-61.37445,15.26833],[-61.37417,15.27444],[-61.3914,15.34972],[-61.39278,15.35472],[-61.395,15.35944],[-61.42278,15.4175],[-61.45056,15.45556],[-61.4625,15.47111],[-61.47472,15.48639],[-61.47639,15.49139],[-61.49139,15.54055],[-61.48251,15.58778],[-61.47472,15.61861]]],[[[-61.59972,12.18667],[-61.59639,12.12556],[-61.61111,12.07944],[-61.62862,12.04805],[-61.63167,12.04417],[-61.6425,12.03417],[-61.65139,12.02917],[-61.68333,12.01611],[-61.71751,12.00389],[-61.74695,11.9975],[-61.7525,11.99639],[-61.78015,12],[-61.78361,12.00139],[-61.78722,12.00472],[-61.78973,12.00916],[-61.72472,12.17222],[-61.7075,12.19694],[-61.68667,12.21805],[-61.67583,12.22778],[-61.65861,12.23667],[-61.65306,12.23778],[-61.64751,12.2375],[-61.6175,12.23278],[-61.61195,12.23111],[-61.61,12.22778],[-61.60639,12.22416],[-61.60473,12.22055],[-61.59972,12.18667]]],[[[-61.03445,14.82917],[-60.94083,14.74083],[-60.9425,14.72778],[-60.90667,14.6525],[-60.84972,14.59472],[-60.82973,14.57],[-60.81722,14.47611],[-60.81667,14.47055],[-60.82056,14.45583],[-60.82695,14.43972],[-60.82917,14.43444],[-60.83945,14.41528],[-60.855,14.40306],[-60.86084,14.40278],[-60.88695,14.46556],[-60.97501,14.47139],[-61.01112,14.47],[-61.03389,14.46583],[-61.1725,14.69305],[-61.23167,14.80944],[-61.23139,14.81555],[-61.22667,14.83222],[-61.21278,14.84667],[-61.19862,14.85889],[-61.17473,14.87694],[-61.165,14.88028],[-61.15861,14.88],[-61.14473,14.87778],[-61.10001,14.86139],[-61.09473,14.85917],[-61.03973,14.83194],[-61.03445,14.82917]]],[[[-62.17139,16.67139],[-62.19,16.6725],[-62.20862,16.68361],[-62.2125,16.68694],[-62.22973,16.70472],[-62.23667,16.71194],[-62.23723,16.7175],[-62.23584,16.73055],[-62.20723,16.81111],[-62.20195,16.81361],[-62.17639,16.80861],[-62.14806,16.75166],[-62.14639,16.74667],[-62.1375,16.69278],[-62.14028,16.68833],[-62.15139,16.67806],[-62.15556,16.67528],[-62.16556,16.67167],[-62.17139,16.67139]]],[[[-63.15084,18.16555],[-63.15667,18.165],[-63.16778,18.16444],[-63.15861,18.17583],[-63.15528,18.17944],[-63.1414,18.19416],[-63.0575,18.25639],[-63.05334,18.25916],[-63.04861,18.26139],[-63.02251,18.26889],[-62.97889,18.27667],[-62.9725,18.27667],[-62.97,18.27222],[-62.96945,18.26639],[-62.98667,18.23555],[-62.99306,18.22722],[-63.02112,18.21444],[-63.03084,18.21028],[-63.07417,18.19278],[-63.14001,18.16833],[-63.15084,18.16555]]],[[[-62.54139,17.17694],[-62.53528,17.145],[-62.53417,17.13361],[-62.53528,17.12083],[-62.53861,17.10861],[-62.54445,17.09972],[-62.54778,17.09611],[-62.55278,17.09417],[-62.58501,17.09166],[-62.59139,17.09194],[-62.61056,17.09528],[-62.61723,17.1025],[-62.62195,17.11138],[-62.62528,17.12083],[-62.62611,17.12666],[-62.62556,17.13916],[-62.62361,17.15111],[-62.62029,17.16333],[-62.61,17.19111],[-62.59972,17.19722],[-62.58278,17.19972],[-62.57612,17.19944],[-62.54861,17.19],[-62.54472,17.18667],[-62.5425,17.18222],[-62.54139,17.17694]]],[[[-61.035,13.96972],[-61.01167,14.00972],[-60.94584,14.10472],[-60.93639,14.10917],[-60.93028,14.10944],[-60.91972,14.10556],[-60.91584,14.1025],[-60.91445,14.09972],[-60.88806,14.01305],[-60.87862,13.97583],[-60.87806,13.95666],[-60.88528,13.85417],[-60.88612,13.84806],[-60.89001,13.82361],[-60.90028,13.77833],[-60.93834,13.71778],[-60.95139,13.71],[-60.95473,13.70944],[-60.95612,13.715],[-60.96806,13.72805],[-60.98639,13.74444],[-60.995,13.74972],[-61.0014,13.75083],[-61.01445,13.75],[-61.02611,13.7525],[-61.03917,13.76139],[-61.05056,13.77055],[-61.0675,13.78861],[-61.07278,13.79694],[-61.07445,13.80194],[-61.075,13.80805],[-61.07973,13.87333],[-61.07944,13.88],[-61.075,13.89694],[-61.035,13.96972]]],[[[-61.45222,12.59028],[-61.45417,12.59389],[-61.4464,12.60722],[-61.44334,12.61111],[-61.43778,12.6125],[-61.42583,12.6125],[-61.41251,12.60861],[-61.40695,12.60694],[-61.40306,12.60389],[-61.40528,12.59916],[-61.41695,12.59028],[-61.44389,12.58444],[-61.44862,12.58694],[-61.45222,12.59028]]],[[[-64.63806,17.76527],[-64.61,17.76222],[-64.59029,17.76194],[-64.57667,17.76083],[-64.57028,17.75944],[-64.565,17.75722],[-64.56084,17.75389],[-64.56029,17.74833],[-64.56418,17.74528],[-64.57806,17.74639],[-64.59056,17.74944],[-64.59584,17.74944],[-64.60057,17.74722],[-64.61084,17.73611],[-64.6189,17.73027],[-64.62807,17.72583],[-64.64418,17.72166],[-64.66833,17.71083],[-64.69196,17.70833],[-64.71417,17.70417],[-64.72639,17.70528],[-64.73889,17.70805],[-64.74445,17.70667],[-64.75778,17.69944],[-64.76306,17.69806],[-64.77695,17.69917],[-64.78862,17.69778],[-64.80446,17.69361],[-64.81557,17.69167],[-64.82306,17.68472],[-64.82834,17.68333],[-64.83362,17.68333],[-64.84306,17.68889],[-64.85223,17.68444],[-64.85861,17.68583],[-64.8625,17.68916],[-64.86806,17.68972],[-64.87222,17.68694],[-64.8775,17.68556],[-64.89612,17.67667],[-64.89584,17.67944],[-64.89195,17.6825],[-64.8889,17.68694],[-64.88196,17.71028],[-64.88,17.72389],[-64.88306,17.73389],[-64.89084,17.74667],[-64.89168,17.7525],[-64.89002,17.75833],[-64.8864,17.76222],[-64.88251,17.765],[-64.87973,17.76972],[-64.87083,17.77472],[-64.86446,17.77444],[-64.86195,17.77083],[-64.84445,17.76167],[-64.83806,17.76028],[-64.83195,17.76083],[-64.82695,17.76222],[-64.81862,17.76806],[-64.81557,17.77194],[-64.8114,17.77472],[-64.79695,17.78889],[-64.78696,17.7925],[-64.77335,17.79],[-64.76945,17.78694],[-64.7664,17.78305],[-64.76195,17.77417],[-64.75862,17.77166],[-64.75334,17.77305],[-64.74139,17.77417],[-64.73584,17.77222],[-64.72974,17.76444],[-64.72195,17.75805],[-64.70917,17.755],[-64.69667,17.74555],[-64.68973,17.74472],[-64.68722,17.75],[-64.6839,17.75389],[-64.67445,17.75805],[-64.66307,17.76778],[-64.65779,17.76917],[-64.63806,17.76527]]],[[[-61.19611,15.94472],[-61.18695,15.92111],[-61.18639,15.91555],[-61.1875,15.91],[-61.19445,15.90278],[-61.22278,15.88278],[-61.23083,15.87722],[-61.24556,15.87167],[-61.25667,15.87],[-61.27584,15.87083],[-61.28306,15.87194],[-61.30556,15.88],[-61.31,15.88278],[-61.31695,15.89],[-61.32944,15.92861],[-61.32973,15.93444],[-61.30917,15.97278],[-61.27528,16.00916],[-61.26694,16.015],[-61.26139,16.01278],[-61.23806,15.99333],[-61.20222,15.9525],[-61.19611,15.94472]]],[[[-63.01222,18.03555],[-63.01667,18.025],[-63.01945,18.02055],[-63.02834,18.01555],[-63.03334,18.01555],[-63.07278,18.025],[-63.07917,18.02667],[-63.11611,18.04277],[-63.13984,18.0586],[-63.14389,18.06194],[-63.14612,18.06639],[-63.14667,18.07194],[-63.14223,18.07417],[-63.04501,18.12139],[-63.03917,18.12194],[-63.01917,18.11778],[-63.01611,18.11389],[-63.00639,18.08694],[-63.00667,18.08056],[-63.01146,18.06728],[-63.01028,18.04778],[-63.01222,18.03555]]],[[[-61.87389,17.68889],[-61.87528,17.69861],[-61.87306,17.70389],[-61.85028,17.72278],[-61.84556,17.725],[-61.83917,17.72472],[-61.78722,17.70055],[-61.78361,17.69722],[-61.74334,17.65305],[-61.74028,17.64917],[-61.73806,17.64472],[-61.73167,17.625],[-61.72917,17.60861],[-61.73112,17.54722],[-61.73278,17.54111],[-61.73889,17.54055],[-61.75194,17.54944],[-61.81556,17.58388],[-61.83472,17.58861],[-61.83945,17.58667],[-61.84278,17.58278],[-61.8475,17.58083],[-61.85306,17.58305],[-61.85667,17.5925],[-61.87389,17.68889]]],[[[-61.58,12.29556],[-61.58556,12.29444],[-61.58917,12.29805],[-61.58889,12.30361],[-61.58556,12.31444],[-61.58334,12.31917],[-61.5789,12.32306],[-61.57389,12.32083],[-61.57223,12.31583],[-61.5725,12.30889],[-61.57417,12.30361],[-61.58,12.29556]]],[[[-61.42056,12.51278],[-61.41945,12.5075],[-61.41862,12.495],[-61.42529,12.4575],[-61.42834,12.45361],[-61.49167,12.435],[-61.49556,12.43806],[-61.49695,12.44361],[-61.49556,12.46944],[-61.4939,12.475],[-61.49084,12.47889],[-61.43445,12.52917],[-61.4275,12.52889],[-61.42556,12.52694],[-61.42056,12.51278]]],[[[-62.6925,17.27833],[-62.7075,17.28583],[-62.71389,17.28611],[-62.72501,17.28416],[-62.73806,17.28472],[-62.75944,17.2875],[-62.77834,17.29222],[-62.79333,17.3],[-62.83528,17.32444],[-62.83917,17.32777],[-62.86167,17.36639],[-62.86389,17.37083],[-62.85639,17.38583],[-62.84945,17.39306],[-62.83861,17.40194],[-62.8175,17.41083],[-62.81278,17.40944],[-62.73473,17.36805],[-62.73,17.36528],[-62.70167,17.33694],[-62.6225,17.24194],[-62.62056,17.23139],[-62.62167,17.22444],[-62.62528,17.22083],[-62.65389,17.20888],[-62.66222,17.23917],[-62.67111,17.25722],[-62.67722,17.265],[-62.6925,17.27833]]],[[[-61.31056,12.735],[-61.30584,12.72583],[-61.305,12.72028],[-61.30584,12.71417],[-61.31473,12.70222],[-61.32084,12.69417],[-61.32806,12.68778],[-61.3325,12.68667],[-61.3364,12.68944],[-61.34778,12.69889],[-61.34778,12.70167],[-61.32973,12.7325],[-61.32667,12.73639],[-61.32362,12.7375],[-61.31056,12.735]]],[[[-61.19723,13.03361],[-61.21361,13.00222],[-61.21667,12.99806],[-61.23945,12.975],[-61.2475,12.98083],[-61.25223,12.98861],[-61.22806,13.02333],[-61.20612,13.04278],[-61.19972,13.04472],[-61.19723,13.03361]]],[[[-61.27806,13.25028],[-61.26556,13.27305],[-61.20889,13.36778],[-61.20528,13.37083],[-61.1825,13.38222],[-61.17722,13.38416],[-61.14389,13.37833],[-61.14111,13.37417],[-61.12361,13.33111],[-61.12222,13.32555],[-61.12029,13.3075],[-61.12334,13.24889],[-61.12417,13.24278],[-61.13,13.22028],[-61.14806,13.16778],[-61.165,13.13833],[-61.16806,13.13444],[-61.17306,13.1325],[-61.18445,13.13028],[-61.24361,13.15611],[-61.26306,13.17833],[-61.27889,13.20361],[-61.2814,13.20778],[-61.27806,13.25028]]],[[[-64.79028,18.33083],[-64.79001,18.33694],[-64.78195,18.34305],[-64.74417,18.36861],[-64.73918,18.37083],[-64.73195,18.37194],[-64.70862,18.37055],[-64.66833,18.35083],[-64.66446,18.3475],[-64.65834,18.33972],[-64.66112,18.33528],[-64.66528,18.33222],[-64.70445,18.3075],[-64.76918,18.31583],[-64.77473,18.31778],[-64.78807,18.32638],[-64.79028,18.33083]]],[[[-64.97945,18.34694],[-65.01195,18.34916],[-65.01834,18.35055],[-65.02612,18.35694],[-65.02695,18.36278],[-65.02417,18.36722],[-64.97667,18.37778],[-64.95001,18.37528],[-64.9039,18.36472],[-64.84695,18.33861],[-64.83446,18.32889],[-64.83195,18.32444],[-64.83307,18.3175],[-64.83585,18.31305],[-64.84167,18.3125],[-64.87807,18.31056],[-64.8864,18.31667],[-64.92306,18.33639],[-64.92862,18.33861],[-64.97945,18.34694]]],[[[-61.08584,16.30472],[-61.08223,16.30833],[-61.05945,16.32555],[-61.04723,16.33416],[-61.02528,16.34666],[-61.02084,16.34889],[-61.01528,16.35028],[-61.00194,16.34889],[-60.98862,16.34611],[-60.99084,16.34083],[-60.99889,16.33528],[-61.03722,16.31111],[-61.08167,16.29556],[-61.08667,16.29583],[-61.08778,16.30083],[-61.08584,16.30472]]],[[[-61.29167,16.32666],[-61.27917,16.32333],[-61.26862,16.31889],[-61.26,16.31277],[-61.20556,16.26722],[-61.22584,16.25305],[-61.45473,16.20055],[-61.46695,16.20028],[-61.47417,16.20138],[-61.49834,16.20833],[-61.50917,16.21278],[-61.52112,16.22222],[-61.53334,16.23167],[-61.54723,16.22953],[-61.56389,16.22811],[-61.56706,16.22694],[-61.56889,16.22428],[-61.58112,16.20472],[-61.58139,16.19861],[-61.58083,16.19305],[-61.57667,16.16611],[-61.57528,16.16083],[-61.5675,16.1425],[-61.55556,16.07611],[-61.55278,16.05444],[-61.55945,16.03389],[-61.5625,16.02944],[-61.57278,16.01833],[-61.60695,15.98972],[-61.64834,15.96528],[-61.685,15.94778],[-61.69056,15.94639],[-61.69501,15.94917],[-61.73695,16.01583],[-61.75695,16.04778],[-61.76139,16.05666],[-61.79389,16.24194],[-61.79611,16.26416],[-61.79362,16.30694],[-61.78361,16.33305],[-61.75973,16.35111],[-61.74778,16.35972],[-61.7425,16.36111],[-61.73083,16.36222],[-61.72667,16.36028],[-61.65584,16.32472],[-61.60973,16.28389],[-61.61028,16.27861],[-61.60667,16.27528],[-61.58155,16.2751],[-61.55793,16.28437],[-61.55672,16.2849],[-61.54187,16.29025],[-61.49889,16.34861],[-61.52251,16.39306],[-61.52945,16.41777],[-61.53278,16.43333],[-61.53334,16.43916],[-61.53167,16.45194],[-61.52611,16.46083],[-61.50695,16.485],[-61.47028,16.51083],[-61.46612,16.51361],[-61.46028,16.51416],[-61.45667,16.51305],[-61.43611,16.49889],[-61.40778,16.47667],[-61.40472,16.47277],[-61.4025,16.46805],[-61.39306,16.43278],[-61.3914,16.42194],[-61.39945,16.39972],[-61.40028,16.39278],[-61.3989,16.38778],[-61.39473,16.37889],[-61.37334,16.35139],[-61.36639,16.34417],[-61.35778,16.33806],[-61.34611,16.33416],[-61.33945,16.33305],[-61.33362,16.33361],[-61.29167,16.32666]]],[[[-62.84112,17.87917],[-62.845,17.8825],[-62.87,17.91305],[-62.8725,17.9175],[-62.87306,17.92333],[-62.86917,17.92972],[-62.86333,17.93028],[-62.81167,17.91805],[-62.79084,17.9125],[-62.78945,17.9075],[-62.79084,17.90277],[-62.81139,17.88833],[-62.83556,17.87833],[-62.84112,17.87917]]],[[[-62.97195,17.45805],[-62.97667,17.46083],[-62.97945,17.46472],[-62.99529,17.48972],[-62.9975,17.49416],[-62.99806,17.51444],[-62.99667,17.52055],[-62.99111,17.52194],[-62.98584,17.51972],[-62.9425,17.49361],[-62.93861,17.49028],[-62.93639,17.48583],[-62.94029,17.47444],[-62.94778,17.46778],[-62.95195,17.465],[-62.96111,17.46083],[-62.97195,17.45805]]]]}},{"type":"Feature","properties":{"NAME":"Innu","ABBREVN":"Innu","wikipedia":null,"SUBJECTO":"Innu","BORDERPRECISION":1,"PARTOF":"Innu"},"geometry":{"type":"MultiPolygon","coordinates":[[[[-60.24603,53.2768],[-59.71703,53.43131],[-60.17146,53.29858],[-58.78823,52.57259],[-56.12696,53.46584],[-55.88126,53.35193],[-55.77977,53.23872],[-55.76967,53.1587],[-55.90435,52.96516],[-55.92699,52.80526],[-56.10974,52.60523],[-55.65902,52.18735],[-55.82357,52.02103],[-56.18127,51.89429],[-56.66615,51.61489],[-56.9641,51.48844],[-57.45762,51.46762],[-57.82795,51.41392],[-58.52434,51.37949],[-58.71933,51.19382],[-59.13156,50.83606],[-59.43997,50.64397],[-59.71552,50.51147],[-60.13785,50.4117],[-60.80985,50.334],[-61.64021,50.27692],[-62.29356,50.30864],[-63.20739,50.3464],[-63.36737,50.3329],[-63.85007,50.299],[-64.32592,50.30467],[-65.0068,50.34061],[-62.59389,54.56998],[-60.22166,53.32492],[-60.12421,53.51735],[-60.24603,53.2768]]]]}},{"type":"Feature","properties":{"NAME":"Danes","ABBREVN":"Danes","wikipedia":null,"SUBJECTO":"Danes","BORDERPRECISION":1,"PARTOF":"Danes"},"geometry":{"type":"MultiPolygon","coordinates":[[[[9.51773,55.13575],[9.51653,55.14215],[9.51764,55.1425],[9.51773,55.13575]]]]}},{"type":"Feature","properties":{"NAME":"Swedes and Goths","ABBREVN":"Swedes and Goths","wikipedia":null,"SUBJECTO":"Swedes and Goths","BORDERPRECISION":1,"PARTOF":"Swedes and Goths"},"geometry":{"type":"MultiPolygon","coordinates":[[[[11.86291,58.34548],[12.16626,58.54859],[12.25163,59.03182],[12.28793,59.23726],[17.19784,60.67999],[17.1885,60.67429],[17.60496,60.63754],[17.70646,60.55358],[17.93075,60.59031],[18.22439,60.32297],[18.41687,60.18162],[18.80409,60.1084],[18.89307,59.92569],[19.03732,59.86324],[19.04355,59.71242],[18.86789,59.71242],[18.63925,59.56693],[18.25142,59.43194],[18.03008,59.35928],[17.79528,59.36447],[17.72995,59.41636],[17.36798,59.46827],[17.0706,59.54615],[16.78554,59.57732],[16.72409,59.53057],[16.52321,59.58252],[16.40758,59.4475],[16.77647,59.47866],[16.99984,59.35928],[17.26578,59.33853],[17.35812,59.24518],[17.57492,59.21407],[17.58441,59.27111],[17.86173,59.23999],[17.97764,59.32815],[18.11138,59.32297],[18.32817,59.36967],[18.42956,59.33335],[18.44137,59.40079],[18.51547,59.40079],[18.61133,59.33335],[18.5982,59.29704],[18.27337,59.28667],[18.37196,59.15707],[18.01567,59.03791],[17.94014,58.90849],[17.76647,58.87227],[17.72642,58.91366],[17.7452,58.98613],[17.73911,59.11042],[17.62318,59.10007],[17.58219,58.89297],[17.35668,58.74297],[17.24539,58.71712],[17.083,58.74813],[17.08073,58.64993],[16.44287,58.63442],[16.51319,58.42812],[16.74404,58.31195],[16.77355,58.0379],[16.72459,57.88932],[16.59776,57.86645],[16.45953,57.89521],[16.47653,57.70213],[16.60721,57.66581],[16.55048,57.54515],[16.65868,57.44295],[16.49416,57.27892],[16.39452,57.0743],[16.37617,56.82242],[16.06315,56.39624],[16.03145,56.35307],[15.77246,56.03557],[15.21697,56.83409],[14.2176,56.60318],[13.9283,57.70148],[11.86291,58.34548]]]]}},{"type":"Feature","properties":{"NAME":"Danes","ABBREVN":"Danes","wikipedia":null,"SUBJECTO":"Danes","BORDERPRECISION":1,"PARTOF":"Danes"},"geometry":{"type":"MultiPolygon","coordinates":[[[[11.659,57.957],[11.646,57.951],[11.594,57.932],[11.585,57.931],[11.575,57.932],[11.528,57.948],[11.522,57.952],[11.518,57.981],[11.51,57.99],[11.498,58.007],[11.497,58.013],[11.498,58.031],[11.502,58.037],[11.521,58.048],[11.53,58.049],[11.71993,58.04255],[11.76049,58.10956],[11.715,58.101],[11.676,58.099],[11.625,58.107],[11.624,58.113],[11.607,58.119],[11.583,58.119],[11.553,58.115],[11.467,58.101],[11.466,58.096],[11.464,58.072],[11.465,58.066],[11.455,58.072],[11.451,58.077],[11.401,58.13],[11.403,58.137],[11.411,58.147],[11.58756,58.24075],[11.43109,58.20153],[11.40671,58.33127],[11.22136,58.30832],[11.18426,58.55709],[11.14039,58.85122],[11.08481,58.88374],[11.03924,58.9104],[11.17885,59.07029],[11.11205,59.16511],[10.82919,59.10584],[10.76894,59.11769],[10.65681,59.2244],[10.54927,59.37863],[10.63356,59.44985],[10.56974,59.5805],[10.40706,59.49735],[10.37863,59.36675],[10.42959,59.25997],[10.36334,59.21254],[10.21107,59.07029],[10.17234,58.98737],[9.93762,58.94],[9.70751,58.99677],[9.60718,59.89299],[10.62011,60.1022],[11.87527,59.90403],[12.25163,59.03182],[12.16626,58.54859],[11.86291,58.34548],[13.9283,57.70148],[14.2176,56.60318],[15.21697,56.83409],[15.77246,56.03557],[15.77054,56.03321],[15.69623,56.06096],[15.49704,56.16724],[15.2208,56.08036],[14.65289,56.12062],[14.60523,55.98078],[14.49183,56.01804],[14.25893,55.89928],[14.12602,55.66658],[14.28635,55.51549],[14.1172,55.34711],[13.90111,55.40515],[13.8233,55.42182],[13.30185,55.3007],[12.80237,55.35291],[12.80192,55.41677],[12.88756,55.45161],[12.85931,55.53292],[12.98587,55.66658],[12.69901,55.9051],[12.59825,56.02207],[12.58014,56.00465],[12.5543,55.97402],[12.52847,55.93764],[12.53673,55.86562],[12.5791,55.75798],[12.49792,55.64777],[12.29319,55.535],[12.25854,55.43055],[12.39396,55.33444],[12.35,55.25514],[12.12667,55.19264],[12.05653,55.15034],[12.13958,55.12826],[12.17875,55.08763],[12.17403,55.02847],[12.14673,54.99132],[12.09687,54.97618],[11.9866,54.99159],[11.8159,55.03757],[11.74736,55.08437],[11.78097,55.13201],[11.78104,55.16777],[11.74757,55.19166],[11.60979,55.20263],[11.36771,55.20069],[11.20729,55.31548],[11.12854,55.54701],[11.03528,55.6802],[10.9275,55.71507],[10.95799,55.72409],[11.12674,55.70729],[11.28493,55.74097],[11.43257,55.82513],[11.44812,55.89833],[11.3316,55.96055],[11.39597,55.98493],[11.64125,55.97146],[11.74055,55.92708],[11.69389,55.8518],[11.70153,55.77604],[11.76347,55.69978],[11.82437,55.72867],[11.88423,55.8627],[11.94986,55.88284],[12.02125,55.78909],[12.02667,55.72],[11.96611,55.67555],[11.96618,55.65333],[12.02687,55.65333],[12.06639,55.66777],[12.08472,55.69666],[12.08035,55.76437],[12.05326,55.8709],[11.99465,55.93479],[11.90451,55.95604],[11.96722,56.00722],[12.18278,56.08833],[12.37264,56.10715],[12.53681,56.06368],[12.58137,56.04166],[12.51336,56.12062],[12.41441,56.24304],[12.65238,56.29553],[12.61544,56.43561],[12.80481,56.4012],[12.87158,56.51152],[12.78586,56.61668],[12.65748,56.61084],[12.52603,56.7804],[12.28862,56.87986],[12.00514,57.32521],[11.87662,57.32521],[11.88111,57.50896],[11.76608,57.67268],[11.73638,57.69821],[11.60984,57.80695],[11.68418,57.96998],[11.659,57.957]]],[[[8.48611,55.07618],[8.46667,55.10798],[8.46931,55.14229],[8.49403,55.17909],[8.55201,55.18222],[8.64326,55.15166],[8.67264,55.20916],[8.64014,55.35472],[8.54479,55.45896],[8.3866,55.52187],[8.29486,55.53777],[8.26958,55.50666],[8.21451,55.50555],[8.12965,55.53444],[8.1118,55.59742],[8.16097,55.69451],[8.17097,55.80367],[8.14181,55.92493],[8.14201,55.94166],[8.1716,55.85389],[8.2391,55.83187],[8.34451,55.87562],[8.36167,55.94382],[8.29055,56.03645],[8.22562,56.08979],[8.16687,56.10382],[8.13021,56.08757],[8.11562,56.04104],[8.12257,56.17666],[8.15104,56.49444],[8.17924,56.66736],[8.20715,56.69541],[8.22826,56.68333],[8.24257,56.63111],[8.36937,56.5743],[8.60868,56.51291],[8.73736,56.50277],[8.75542,56.54388],[8.74361,56.57833],[8.70194,56.60611],[8.74896,56.66618],[8.88465,56.75854],[8.98327,56.8054],[9.0448,56.80677],[9.0948,56.78156],[9.13327,56.72978],[9.12903,56.66965],[9.08208,56.60118],[9.1125,56.5827],[9.22028,56.61423],[9.28604,56.60389],[9.30979,56.55166],[9.33535,56.53541],[9.36271,56.55513],[9.3584,56.59875],[9.32243,56.66625],[9.26986,56.69451],[9.20069,56.68354],[9.16913,56.73755],[9.17518,56.85654],[9.21101,56.93751],[9.27663,56.98046],[9.47565,57.01939],[9.80807,57.05428],[10.05868,57.04913],[10.22749,57.00391],[10.31024,56.92299],[10.30693,56.80637],[10.19555,56.72361],[9.97611,56.67472],[9.98444,56.66153],[10.22055,56.68402],[10.34486,56.68118],[10.35736,56.65298],[10.32743,56.61743],[10.25507,56.57451],[10.21111,56.53194],[10.19555,56.48972],[10.218,56.49599],[10.27844,56.55077],[10.42824,56.56716],[10.66737,56.54516],[10.83042,56.51187],[10.91736,56.46729],[10.95097,56.41965],[10.93125,56.36895],[10.87729,56.29868],[10.7891,56.20882],[10.71153,56.17882],[10.64458,56.20868],[10.59479,56.19243],[10.56215,56.13007],[10.49764,56.12298],[10.40125,56.17118],[10.39187,56.21271],[10.46951,56.24757],[10.48139,56.27146],[10.4275,56.28437],[10.35444,56.25465],[10.26222,56.18229],[10.23201,56.1143],[10.26382,56.05069],[10.25708,55.97117],[10.2118,55.87576],[10.10826,55.83263],[9.94646,55.8418],[9.91132,55.8384],[10.00285,55.82242],[10.03465,55.78708],[10.00674,55.73235],[9.88208,55.7052],[9.66069,55.70562],[9.61729,55.68055],[9.75187,55.63],[9.76146,55.55896],[9.64604,55.46743],[9.6134,55.36548],[9.66354,55.25312],[9.63125,55.17867],[9.51653,55.14215],[9.52625,55.09027],[9.66042,55.02305],[9.72993,54.94902],[9.73479,54.86819],[9.70805,54.83465],[9.67079,54.84343],[9.86444,54.72629],[9.98669,54.59244],[9.97801,54.49015],[9.86481,54.4114],[10.06493,54.43389],[10.14173,54.33675],[9.8848,54.2541],[9.82665,54.27591],[9.73943,54.27591],[9.67401,54.18869],[9.44868,54.18869],[9.44141,54.24683],[9.29604,54.24683],[9.2597,54.30498],[9.21609,54.29045],[9.16521,54.31952],[9.13613,54.29772],[9.05618,54.3486],[8.96168,54.27591],[8.88401,54.22945],[8.58073,54.19369],[8.55395,54.27544],[8.85242,54.33165],[8.9506,54.41856],[8.74207,54.6078],[8.59599,54.76135],[8.6161,54.88736],[8.64507,55.06905],[8.63721,55.09546],[8.63104,55.10069],[8.5409,55.07375],[8.48611,55.07618]],[[9.56707,54.90206],[9.61026,54.88004],[9.61844,54.87509],[9.61472,54.91006],[9.56707,54.90206]]],[[[14.69639,55.14868],[14.72972,55.2466],[14.84507,55.25632],[15.04243,55.17785],[15.11875,55.10271],[15.07403,55.0309],[14.95868,55.02118],[14.77271,55.07354],[14.69639,55.14868]]],[[[8.7025,56.70305],[8.57361,56.72472],[8.54437,56.77402],[8.61479,56.85097],[8.71868,56.89673],[8.85604,56.91132],[8.88528,56.86201],[8.80639,56.74881],[8.7025,56.70305]]],[[[11.51896,56.69854],[11.53951,56.71166],[11.61187,56.71944],[11.64819,56.72249],[11.64847,56.72083],[11.62792,56.7077],[11.58653,56.68312],[11.55021,56.68007],[11.51896,56.69854]]],[[[10.55035,55.95243],[10.60382,55.89451],[10.62639,55.84],[10.61805,55.78889],[10.59229,55.76395],[10.5491,55.76521],[10.52653,55.81972],[10.52458,55.9275],[10.55035,55.95243]]],[[[10.12378,57.62177],[10.47189,57.6981],[10.59259,57.70025],[10.48586,57.62823],[10.45993,57.50166],[10.51479,57.32055],[10.49082,57.17041],[10.38802,57.05125],[10.25413,57.01625],[10.08915,57.06541],[9.81597,57.06638],[9.43458,57.01916],[9.2118,57.00986],[9.14763,57.03847],[9.00437,57.0259],[8.78201,56.97215],[8.60707,56.87849],[8.47956,56.74491],[8.45969,56.68012],[8.54749,56.68411],[8.58229,56.6602],[8.5641,56.6084],[8.47632,56.61368],[8.31896,56.67604],[8.24625,56.73861],[8.25819,56.80138],[8.35243,56.90499],[8.52896,57.04944],[8.81042,57.12903],[9.1968,57.14375],[9.52993,57.25923],[9.80979,57.47549],[10.12378,57.62177]]],[[[10.96173,57.23326],[10.89021,57.25312],[10.89729,57.27736],[10.98299,57.30597],[11.06833,57.31791],[11.15333,57.31319],[11.14625,57.28895],[11.04708,57.2452],[10.96173,57.23326]]],[[[10.43479,54.84722],[10.38667,54.85728],[10.29444,54.88853],[10.23229,54.92152],[10.20021,54.95625],[10.24833,54.94618],[10.37667,54.89132],[10.43882,54.85833],[10.43479,54.84722]]],[[[11.70507,54.86937],[11.80132,54.80034],[11.80251,54.79903],[11.77257,54.84291],[11.79097,54.92562],[11.95569,54.90354],[12.0709,54.87916],[12.1366,54.8525],[12.11951,54.80423],[12.01965,54.73437],[11.9684,54.665],[11.96576,54.59611],[11.90048,54.65541],[11.85271,54.72544],[11.85444,54.70395],[11.75597,54.66735],[11.55569,54.63541],[11.33914,54.66229],[11.10631,54.748],[11.0004,54.82182],[11.02143,54.88375],[11.06507,54.92521],[11.13132,54.94618],[11.2518,54.92493],[11.42653,54.86146],[11.54965,54.84826],[11.62118,54.88534],[11.70507,54.86937]]],[[[10.67674,54.79256],[10.68021,54.86993],[10.74875,54.97173],[10.88236,55.09798],[10.90111,55.06514],[10.805,54.87319],[10.73646,54.77139],[10.69548,54.75972],[10.67674,54.79256]]],[[[9.83736,55.05847],[9.92708,55.02542],[9.99673,54.97534],[10.04632,54.90825],[9.99979,54.88256],[9.85715,54.89826],[9.77951,54.92486],[9.76687,54.96236],[9.78146,54.97139],[9.82326,54.95194],[9.83285,54.95944],[9.81021,54.99388],[9.7568,55.02069],[9.67264,55.03986],[9.67104,55.05583],[9.75201,55.06861],[9.83736,55.05847]]],[[[10.53194,55.01562],[10.59861,55.03409],[10.64326,55.02986],[10.6659,55.00291],[10.66167,54.97965],[10.63056,54.96006],[10.59854,54.9502],[10.56562,54.95007],[10.53653,54.96409],[10.51125,54.99229],[10.53194,55.01562]]],[[[12.16486,54.93694],[12.26292,55.00249],[12.37333,55.01749],[12.49611,54.98194],[12.46403,54.94319],[12.27708,54.90125],[12.16667,54.88624],[12.13278,54.89819],[12.16486,54.93694]]],[[[12.53549,55.63132],[12.58257,55.67451],[12.62424,55.66972],[12.66048,55.61694],[12.65382,55.58076],[12.60423,55.56118],[12.56257,55.56597],[12.52882,55.59513],[12.53549,55.63132]]],[[[10.03347,55.18812],[9.79486,55.39548],[9.8341,55.52861],[10.15118,55.5875],[10.35347,55.59583],[10.44097,55.55361],[10.46757,55.51256],[10.43326,55.4727],[10.43174,55.44909],[10.46299,55.44173],[10.51049,55.45013],[10.57424,55.4743],[10.60937,55.51958],[10.6159,55.58597],[10.65069,55.58493],[10.71375,55.51645],[10.76764,55.43513],[10.81236,55.34097],[10.82173,55.25104],[10.79576,55.16534],[10.71153,55.09909],[10.56903,55.05229],[10.41153,55.04277],[10.23903,55.07055],[10.03347,55.18812]]],[[[8.45965,55.40333],[8.46229,55.35722],[8.44847,55.34548],[8.41819,55.36812],[8.39236,55.39902],[8.37097,55.43819],[8.38479,55.44992],[8.43382,55.43423],[8.45965,55.40333]]]]}},{"type":"Feature","properties":{"NAME":"Celtic kingdoms","ABBREVN":"Celtic kingdoms","wikipedia":null,"SUBJECTO":"Celtic kingdoms","BORDERPRECISION":1,"PARTOF":"Celtic kingdoms"},"geometry":{"type":"MultiPolygon","coordinates":[[[[-4.6296,55.92407],[-3.82815,55.9482],[-3.71304,55.8847],[-3.57718,55.8847],[-3.35585,55.84269],[-3.16146,55.84568],[-2.9279,55.94603],[-2.74213,55.95719],[-2.54035,55.8847],[-2.24501,55.81097],[-1.942,55.55607],[-2.06459,55.30033],[-2.06459,55.30033],[-2.06459,55.30033],[-1.91738,54.45387],[-1.8969,54.33615],[-2.88594,54.16867],[-3.26147,54.14118],[-3.47927,54.2746],[-3.56923,54.41503],[-3.43041,54.64308],[-3.15253,54.83806],[-3.3087,54.88473],[-3.57668,54.92448],[-3.90768,54.78967],[-4.12161,54.76244],[-4.4607,54.8624],[-4.50027,54.77511],[-4.59991,54.68776],[-4.90252,54.73412],[-5.11142,54.79407],[-5.06665,54.94847],[-4.90999,55.11034],[-4.63836,55.42791],[-4.77052,55.48842],[-4.90776,55.66387],[-4.8951,55.77211],[-4.75843,55.81971],[-4.62329,55.90796],[-4.6296,55.92407]]]]}},{"type":"Feature","properties":{"NAME":"Picts","ABBREVN":"Picts","wikipedia":null,"SUBJECTO":"Picts","BORDERPRECISION":1,"PARTOF":"Picts"},"geometry":{"type":"MultiPolygon","coordinates":[[[[-3.89467,55.98491],[-4.15243,56.05275],[-4.65211,56.94901],[-5.2263,57.71052],[-5.05559,57.75102],[-5.34593,58.09274],[-4.90713,58.16896],[-5.11271,58.39492],[-4.92556,58.56696],[-4.50985,58.40293],[-4.13889,58.44482],[-3.83055,58.50719],[-3.44054,58.52855],[-3.16501,58.5222],[-3.02839,58.40575],[-3.16637,58.27511],[-3.9432,57.95842],[-4.15046,57.83482],[-4.2485,57.63633],[-4.14843,57.55453],[-3.79582,57.54153],[-3.40082,57.57645],[-3.09264,57.57703],[-2.85398,57.54332],[-2.15036,57.57198],[-1.94463,57.40166],[-2.10781,57.21033],[-2.20316,57.06481],[-2.15895,57.01432],[-2.41314,56.71725],[-2.51475,56.66734],[-2.66714,56.471],[-2.98053,56.35358],[-3.15241,56.33682],[-2.94943,56.25301],[-2.72086,56.17819],[-2.77286,56.17131],[-2.89534,56.0855],[-3.16981,56.06211],[-3.29351,55.97391],[-3.89496,55.98507],[-3.89467,55.98491]]]]}},{"type":"Feature","properties":{"NAME":"Scots","ABBREVN":"Scots","wikipedia":null,"SUBJECTO":"Scots","BORDERPRECISION":1,"PARTOF":"Scots"},"geometry":{"type":"MultiPolygon","coordinates":[[[[-3.82815,55.9482],[-4.6296,55.92407],[-4.71072,56.13131],[-4.84837,56.09716],[-5.13463,55.89343],[-5.33355,55.87952],[-5.57017,55.75052],[-5.63306,55.93986],[-5.49702,56.17727],[-5.30011,56.42866],[-5.2707,56.54415],[-5.45825,56.63214],[-5.54658,56.65235],[-5.6445,56.51628],[-5.82168,56.4005],[-6.04355,56.47477],[-5.90896,56.73326],[-5.66593,56.93784],[-5.62529,56.99921],[-5.72634,57.25801],[-5.5616,57.29926],[-5.46064,57.38815],[-5.76297,57.61978],[-5.56846,57.77739],[-5.22997,57.70964],[-5.2263,57.71052],[-4.65211,56.94901],[-4.15243,56.05275],[-3.89467,55.98491],[-3.82815,55.9482]]]]}},{"type":"Feature","properties":{"NAME":"Irlanda","ABBREVN":"Irlanda","wikipedia":null,"SUBJECTO":"Irlanda","BORDERPRECISION":1,"PARTOF":"Irlanda"},"geometry":{"type":"MultiPolygon","coordinates":[[[[-6.6452,55.20643],[-6.45431,55.18655],[-6.27926,55.13969],[-6.11652,55.16022],[-6.01819,55.093],[-5.78489,54.73742],[-5.76368,54.65699],[-5.79993,54.52289],[-5.66151,54.32225],[-5.73139,54.17487],[-5.91215,54.02738],[-6.07171,53.97359],[-6.20639,53.95675],[-6.34315,53.93964],[-6.4434,53.89938],[-6.33498,53.78598],[-6.17221,53.4392],[-6.04306,52.89309],[-6.07068,52.7666],[-6.23211,52.61333],[-6.3409,52.42706],[-6.40597,52.21444],[-6.48915,52.19436],[-6.61682,52.22066],[-6.8939,52.20665],[-6.96168,52.1112],[-7.37241,52.09211],[-7.75065,52.03271],[-7.86165,51.96809],[-8.15881,51.83964],[-8.56523,51.61545],[-8.84776,51.59982],[-9.24331,51.47263],[-9.81911,51.43455],[-9.79524,51.60463],[-9.83542,51.80326],[-10.21691,51.75835],[-10.29403,51.97763],[-9.96377,52.09211],[-10.49733,52.10165],[-10.46924,52.20665],[-9.89064,52.19443],[-9.80161,52.24108],[-9.784,52.34071],[-9.73572,52.48028],[-9.50399,52.54055],[-9.19263,52.55446],[-9.13429,52.6809],[-9.61569,52.63663],[-9.44156,52.83328],[-9.52576,52.90456],[-9.30935,53.11527],[-8.997,53.12044],[-8.92358,53.16058],[-9.00167,53.30038],[-9.15816,53.2207],[-9.29736,53.2798],[-9.44067,53.26621],[-9.6167,53.34588],[-9.80292,53.34535],[-9.88481,53.2974],[-10.15983,53.37412],[-10.02107,53.51186],[-10.15143,53.57564],[-9.8096,53.63242],[-9.87239,53.76772],[-9.69648,53.87342],[-9.91285,53.96956],[-10.17854,53.91187],[-10.15968,54.13307],[-9.98879,54.25372],[-9.89197,54.32558],[-9.47429,54.24131],[-9.32291,54.27507],[-9.08584,54.25819],[-8.59008,54.20285],[-8.68673,54.36411],[-8.30058,54.48935],[-8.21148,54.63392],[-8.82936,54.63392],[-8.76004,54.70143],[-8.50374,54.74964],[-8.47625,54.87985],[-8.34538,55.09528],[-8.11832,55.17663],[-7.75623,55.25273],[-7.4265,55.29409],[-7.33389,55.38363],[-7.11162,55.31517],[-6.96344,55.24132],[-6.99682,55.17202],[-6.6452,55.20643]]],[[[-5.51784,55.66802],[-5.4824,55.4427],[-5.62034,55.32952],[-5.69817,55.33073],[-5.75568,55.47727],[-5.68866,55.62812],[-5.51784,55.66802]]]]}},{"type":"Feature","properties":{"NAME":"Baltic Tribes","ABBREVN":"Baltic Tribes","wikipedia":null,"SUBJECTO":"Baltic Tribes","BORDERPRECISION":1,"PARTOF":"Baltic Tribes"},"geometry":{"type":"MultiPolygon","coordinates":[[[[25.74982,58.54859],[27.36893,58.35812],[27.42549,58.30308],[27.47266,58.21675],[27.49707,58.18413],[27.62383,58.01426],[27.67832,58.01851],[27.80273,57.99023],[27.88164,57.93701],[27.87539,57.92041],[27.91094,57.89575],[27.99209,57.86812],[28.10176,57.85996],[28.16924,57.9145],[28.14922,57.97466],[28.09697,58.04443],[27.97305,58.13262],[27.86514,58.17349],[27.71436,58.16426],[27.5918,58.17461],[27.56855,58.21479],[27.56133,58.25742],[27.58271,58.3064],[27.61341,58.32936],[28.32714,58.24539],[28.41629,57.90335],[28.80053,56.42907],[24.69785,55.30768],[22.54131,53.53302],[17.86004,53.65788],[18.14236,54.7156],[18.27945,54.72412],[18.75953,54.53641],[18.36292,54.66889],[18.3385,54.60265],[18.45381,54.52538],[18.51316,54.31578],[18.67308,54.25514],[18.68493,54.25402],[18.96498,54.22758],[19.255,54.27719],[19.7336,54.46117],[19.75772,54.45917],[19.31761,54.27168],[19.23206,54.22207],[19.23031,54.16697],[19.3281,54.16145],[19.45682,54.21656],[19.5704,54.25508],[19.73312,54.31027],[19.91458,54.39466],[19.97754,54.42394],[20.18865,54.52198],[20.32671,54.56401],[20.19423,54.57505],[20.0057,54.54746],[19.93812,54.60817],[19.88181,54.52538],[19.83325,54.5309],[19.86317,54.75173],[19.94257,54.84986],[20.1271,54.84564],[20.79715,54.81798],[20.9852,54.81164],[21.13734,54.84546],[21.19194,54.95958],[21.11335,55.08924],[21.22385,55.11145],[21.19312,55.16635],[21.16232,55.22138],[21.14303,55.25584],[21.20093,55.26139],[21.2163,55.34367],[21.01845,55.63401],[21.01482,55.69706],[20.99596,56.02413],[20.94545,56.06996],[20.91601,56.09667],[20.94905,56.47319],[20.96483,56.60902],[21.02205,56.68388],[21.32438,56.85442],[21.33975,57.17707],[21.45959,57.24961],[21.57951,57.3726],[21.67733,57.46366],[21.81025,57.47538],[22.2854,57.56504],[22.35993,57.58567],[22.43297,57.61556],[22.56364,57.61556],[22.58542,57.50865],[22.88137,57.33414],[23.07089,57.26132],[23.10979,57.18154],[22.8043,55.99028],[25.32903,56.54523],[25.74982,58.54859]],[[26.07744,58.39116],[26.01904,58.39624],[25.96611,58.38164],[25.94092,58.34497],[25.92793,58.30513],[26.00371,58.21948],[26.05098,58.14585],[26.08477,58.14346],[26.11025,58.20981],[26.14063,58.2688],[26.14277,58.32734],[26.12148,58.37368],[26.07744,58.39116]]]]}},{"type":"Feature","properties":{"NAME":"Avars","ABBREVN":"Avars","wikipedia":null,"SUBJECTO":"Avars","BORDERPRECISION":1,"PARTOF":"Avars"},"geometry":{"type":"MultiPolygon","coordinates":[[[[34.79676,48.32397],[26.11801,44.83696],[26.51249,42.59436],[24.03518,42.1936],[23.73069,42.17536],[21.60666,41.78584],[21.0819,40.60515],[20.68834,40.60515],[20.42596,42.63857],[18.58932,43.95045],[17.14625,44.21283],[15.54822,44.22935],[15.28594,44.32892],[14.98911,44.54003],[14.90696,44.72332],[14.94553,44.92659],[14.81539,45.07787],[14.35449,45.32289],[16.94947,47.9517],[20.64365,47.71212],[26.78767,48.53055],[34.79676,48.32397]]]]}},{"type":"Feature","properties":{"NAME":"Khazars","ABBREVN":"Khazars","wikipedia":null,"SUBJECTO":"Khazars","BORDERPRECISION":1,"PARTOF":"Khazars"},"geometry":{"type":"MultiPolygon","coordinates":[[[[45.64216,54.27789],[53.43411,50.91471],[55.10981,48.60153],[52.95724,46.92652],[52.86151,46.93716],[52.55579,46.98212],[52.46587,46.91018],[52.37595,46.87422],[52.14216,46.83825],[51.93535,46.8922],[51.79148,47.00909],[51.67458,47.03607],[51.36886,47.09002],[51.11708,47.06305],[50.82035,46.91918],[50.63152,46.91018],[50.27185,46.68539],[49.94814,46.5595],[49.72335,46.53252],[49.53451,46.54152],[49.40863,46.43362],[49.3132,46.35269],[49.23778,46.26277],[49.05794,46.13688],[48.8871,46.08293],[48.83315,46.08293],[48.83315,46.01999],[48.83315,45.92108],[48.77021,45.88511],[48.63533,45.97503],[48.48247,45.88511],[48.30263,45.76821],[48.01489,45.71426],[47.87102,45.6783],[47.75412,45.71426],[47.6732,45.75023],[47.62824,45.73225],[47.60126,45.66031],[47.65521,45.54342],[47.5563,45.4535],[47.47538,45.31862],[47.39445,45.17475],[47.25058,44.98592],[47.16965,44.86004],[47.02578,44.7881],[46.87292,44.6802],[46.80998,44.53633],[46.84595,44.44641],[46.99881,44.35649],[47.14268,44.33851],[47.2236,44.20363],[47.33151,44.18565],[47.43941,44.03278],[47.5653,43.84396],[47.53832,43.67311],[47.49336,43.58319],[47.52034,43.51126],[47.5653,43.60117],[47.61026,43.75404],[47.66421,43.85295],[47.73614,43.86194],[47.6732,43.66412],[47.57429,43.50226],[47.60126,43.32243],[47.65521,43.27747],[47.58328,43.18755],[47.5653,43.00771],[47.73614,42.89981],[47.79009,42.85485],[47.84404,42.62106],[47.96993,42.59409],[48.13178,42.40525],[48.2217,42.27937],[48.41952,42.09054],[48.50045,41.92868],[48.6623,41.90171],[48.68324,41.83591],[48.8925,41.68698],[48.99887,41.51679],[49.0869,41.45277],[48.63146,41.1955],[48.95943,40.14599],[48.23789,39.94921],[46.82936,40.34532],[45.7611,40.64575],[44.04927,41.12717],[43.36173,41.32052],[41.68047,41.79334],[41.65184,42.12064],[41.50272,42.60848],[41.40974,42.78824],[41.12255,43.01909],[40.96934,43.07666],[40.55709,43.14659],[40.25162,43.26818],[40.09806,43.37755],[39.45869,43.83293],[38.92371,44.21186],[38.55609,44.3851],[38.277,44.42321],[38.10918,44.49377],[37.88037,44.71895],[37.77405,44.74454],[37.62175,44.67331],[37.47389,44.69236],[37.31794,44.92421],[36.95987,45.22736],[37.22775,45.31202],[37.46097,45.31248],[37.66127,45.34523],[37.7061,45.5784],[37.86788,45.79251],[37.98994,46.00666],[38.22715,46.02009],[38.45898,46.07891],[38.26491,46.31856],[37.97017,46.44128],[37.7571,46.60319],[37.8666,46.65536],[38.03186,46.66868],[38.40109,46.72135],[38.72274,46.87792],[39.28236,47.07403],[39.19409,47.24295],[39.15985,47.26889],[38.80025,47.22917],[38.20973,47.15046],[37.85925,47.10374],[37.42214,47.07688],[37.19263,46.89442],[36.93672,46.82802],[36.35397,46.7758],[35.85056,46.66439],[35.62433,46.52106],[35.4161,46.49469],[35.21237,46.63714],[35.04637,46.35765],[34.90681,46.27302],[34.69235,46.25313],[34.49565,46.2787],[34.06422,46.26487],[33.91096,46.21598],[33.84824,46.23071],[33.77813,46.23398],[33.72803,46.22812],[33.70391,46.21484],[33.69619,46.20029],[33.70762,46.18179],[33.77051,46.1333],[33.81523,46.14233],[33.83135,46.14341],[33.88506,46.05991],[33.92432,46.03911],[33.96016,46.04004],[33.97773,46.05181],[33.99834,46.07227],[34.07236,46.05928],[34.12148,46.02583],[34.13281,46.00972],[34.14033,45.9626],[34.16445,45.94438],[34.18662,45.95625],[34.18711,45.97656],[34.18193,46.01606],[34.18975,46.02959],[34.19738,46.02792],[34.38488,45.93171],[34.37998,45.90132],[34.39004,45.88789],[34.41172,45.88979],[34.43775,45.90458],[34.54594,45.84906],[34.49512,45.80283],[34.49521,45.7853],[34.59945,45.82161],[35.00805,45.61195],[35.0319,45.53427],[34.99001,45.45002],[35.06342,45.3401],[35.17768,45.33156],[35.27637,45.30215],[35.39902,45.25537],[35.43906,45.27544],[35.42617,45.29497],[35.35849,45.33188],[35.54622,45.37989],[35.84976,45.44523],[36.32316,45.4397],[36.52105,45.38829],[36.41513,45.27157],[36.36711,45.16148],[36.26475,45.09659],[36.0047,45.04433],[35.86545,45.03112],[35.59956,45.10174],[35.38666,45.08192],[35.06732,44.86172],[34.61416,44.84147],[34.37224,44.75718],[34.13496,44.5375],[34.01372,44.49212],[33.66016,44.52366],[33.3955,44.60049],[33.55938,44.93614],[33.51667,45.12351],[33.39787,45.25268],[33.01349,45.38137],[32.92629,45.38767],[32.64345,45.38063],[32.5753,45.36108],[32.50324,45.4451],[32.90226,45.67258],[33.19165,45.78978],[33.53946,45.87471],[33.63884,45.92677],[33.52795,46.13406],[33.33253,46.16611],[32.97293,46.14595],[32.51644,46.12558],[32.20217,46.17036],[32.1141,46.21562],[31.92594,46.40993],[32.18879,46.59224],[32.15019,46.63651],[32.25888,47.36202],[30.83872,47.07622],[28.52439,47.98183],[32.09808,49.43335],[32.17012,49.40439],[32.29355,49.34619],[32.4082,49.30171],[32.62051,49.19863],[32.71807,49.14014],[32.76953,49.11592],[32.86338,49.08726],[32.98086,49.08257],[33.04346,49.06313],[33.06611,49.02139],[33.07627,49.00435],[33.1625,48.9936],[33.16709,49.01929],[33.19395,49.0939],[33.19434,49.11875],[33.1041,49.20015],[33.01543,49.28066],[32.86064,49.40781],[32.75391,49.48477],[32.71201,49.55938],[32.66465,49.53701],[32.65947,49.4644],[32.68242,49.40098],[32.63184,49.38184],[32.46143,49.42607],[32.35,49.46909],[32.25724,49.498],[35.21944,50.70115],[34.97464,52.85887],[40.05433,53.91729],[45.64216,54.27789]],[[35.08564,47.82432],[35.08779,47.67554],[34.99707,47.5876],[34.73066,47.57754],[34.48662,47.59297],[34.43633,47.5689],[34.38027,47.55752],[34.31582,47.5668],[34.26621,47.58989],[34.24033,47.5749],[34.21074,47.53618],[34.14785,47.54229],[34.06699,47.55835],[33.98398,47.55571],[33.93613,47.54146],[33.94727,47.45142],[33.96455,47.35894],[33.96279,47.33125],[33.9335,47.28242],[33.83477,47.21226],[33.77715,47.1625],[33.76133,47.11904],[33.70469,47.06084],[33.6668,47.04199],[33.65537,47.05029],[33.62979,47.03398],[33.57588,46.88257],[33.53984,46.83125],[33.55938,46.82222],[33.6873,46.86064],[33.69971,46.89873],[33.71816,46.94058],[33.9041,47.15874],[34.09717,47.31606],[34.17285,47.32456],[34.1834,47.34565],[34.17676,47.38931],[34.18984,47.41997],[34.41943,47.48696],[34.59238,47.52012],[34.80771,47.46313],[34.96055,47.40649],[35.04902,47.42817],[35.21318,47.4499],[35.26943,47.45049],[35.30176,47.4918],[35.24238,47.64727],[35.13027,47.84004],[35.10566,47.8416],[35.08564,47.82432]]]]}},{"type":"Feature","properties":{"NAME":"Northmen","ABBREVN":"Northmen","wikipedia":null,"SUBJECTO":"Northmen","BORDERPRECISION":1,"PARTOF":"Northmen"},"geometry":{"type":"MultiPolygon","coordinates":[[[[-24.16154,65.60662],[-23.97264,65.68711],[-23.57052,65.68057],[-23.26697,65.72486],[-23.42614,65.82667],[-23.60829,65.97963],[-23.46557,66.13343],[-23.3411,66.13366],[-22.91092,65.94441],[-22.6093,65.92308],[-22.47414,65.99638],[-22.56006,66.11319],[-22.84109,66.28104],[-22.67637,66.39131],[-22.20982,66.28955],[-21.77907,66.25373],[-21.44325,66.12992],[-21.24249,65.88182],[-21.29617,65.69941],[-21.49472,65.56797],[-21.07972,65.20545],[-20.83062,65.3656],[-20.67248,65.42405],[-20.38893,65.47545],[-20.16845,65.5559],[-20.14128,65.65057],[-20.21739,66.0006],[-19.97331,66.11073],[-19.74766,65.90653],[-19.55601,65.76826],[-19.336,65.67393],[-19.23918,65.66684],[-19.15589,65.72528],[-19.27453,65.9293],[-19.16544,66.00257],[-19.04412,66.01741],[-18.6763,66.0912],[-18.36903,65.8945],[-18.12793,65.78553],[-17.88377,65.75682],[-17.86104,65.83709],[-18.02248,66.07779],[-17.56967,66.01287],[-16.92214,65.97755],[-16.56799,66.02935],[-16.37569,66.13209],[-16.38522,66.45442],[-15.85989,66.41872],[-15.57399,66.20677],[-15.07075,66.06139],[-14.76334,66.05466],[-14.64068,65.94529],[-14.75407,65.69707],[-14.40011,65.56669],[-13.6469,65.49534],[-13.58979,65.43004],[-13.52557,65.18335],[-13.55737,65.00939],[-13.62584,64.89389],[-13.69419,64.77863],[-13.89342,64.72071],[-14.26032,64.71283],[-14.34812,64.66954],[-14.3659,64.47556],[-14.59754,64.26713],[-14.8212,64.19503],[-15.07681,64.2089],[-15.26654,64.28021],[-15.63414,64.05748],[-15.8765,63.99266],[-16.53384,63.78413],[-16.91754,63.73341],[-17.24438,63.73283],[-17.59146,63.68934],[-17.9441,63.42484],[-18.15692,63.36746],[-18.64186,63.32382],[-18.96079,63.33746],[-19.55309,63.41468],[-19.82675,63.4783],[-20.40395,63.69834],[-20.87988,63.74029],[-21.07912,63.71134],[-21.54751,63.71762],[-22.37291,63.77319],[-22.50659,63.86582],[-22.31134,63.95198],[-21.80411,64.11036],[-21.48847,64.37614],[-21.85671,64.38262],[-22.08618,64.43959],[-22.27861,64.6188],[-22.39242,64.6617],[-22.55359,64.62545],[-23.25753,64.57384],[-23.50831,64.55902],[-23.67458,64.65931],[-23.61117,64.7457],[-23.43667,64.80359],[-23.13565,64.84734],[-22.77842,64.8552],[-22.45029,64.90623],[-21.97829,64.95034],[-21.80916,65.03736],[-21.72895,65.18245],[-21.79376,65.29845],[-21.9548,65.37805],[-22.14649,65.38492],[-22.36159,65.44995],[-22.81372,65.4709],[-23.18324,65.42659],[-23.37423,65.35359],[-23.67845,65.3167],[-24.14689,65.43932],[-24.21885,65.53374],[-24.16154,65.60662]]]]}},{"type":"Feature","properties":{"NAME":"Czechs","ABBREVN":"Czechs","wikipedia":null,"SUBJECTO":"Slavic tribes","BORDERPRECISION":1,"PARTOF":"Czechs"},"geometry":{"type":"MultiPolygon","coordinates":[[[[12.39884,50.17294],[14.31868,50.80873],[15.00246,50.90834],[16.68562,50.18979],[15.71254,49.0138],[14.45018,48.77172],[13.95049,48.7197],[12.66183,49.51151],[12.39884,50.17294]]]]}},{"type":"Feature","properties":{"NAME":"Subarctic forest hunter-gatherers","ABBREVN":"Subarctic forest hunter-gatherers","wikipedia":null,"SUBJECTO":"Subarctic forest hunter-gatherers","BORDERPRECISION":1,"PARTOF":"Subarctic forest hunter-gatherers"},"geometry":{"type":"MultiPolygon","coordinates":[[[[-66.85474,50.08889],[-67.09636,49.82563],[-67.1886,49.5763],[-67.31771,49.42533],[-67.58378,49.33966],[-68.06533,49.29287],[-68.30697,49.22692],[-68.80112,48.9772],[-69.1496,48.73448],[-69.50712,48.45921],[-69.65326,48.2956],[-69.80172,48.19081],[-70.19233,47.81148],[-70.4108,47.55672],[-70.59883,47.43251],[-70.80607,47.17151],[-71.03368,46.74621],[-71.11761,46.64064],[-72.32235,46.29511],[-81.93099,48.90188],[-85.03622,49.09408],[-87.78992,49.93095],[-95.17216,49.96865],[-95.56636,49.9963],[-98.92188,50.23172],[-105.19093,51.45252],[-114.46737,51.99955],[-115.03005,52.03273],[-115.03393,52.03296],[-122.49113,54.24356],[-111.4967,57.98861],[-102.14429,57.21394],[-93.82461,56.8633],[-92.71141,56.83126],[-92.4041,56.97508],[-92.18015,56.97046],[-91.33693,57.16313],[-90.76973,57.17786],[-90.44458,57.14435],[-90.20366,57.07395],[-89.72552,56.93423],[-88.76748,56.73847],[-87.9142,56.33195],[-87.46718,55.91203],[-85.89243,55.61024],[-85.60286,55.50932],[-85.16096,55.32764],[-84.71717,55.21366],[-84.46837,55.16688],[-84.1524,55.20799],[-83.94864,55.18815],[-83.576,55.22261],[-83.01604,55.14943],[-82.38273,55.05616],[-82.20208,54.96887],[-82.33567,54.65297],[-82.39934,54.27056],[-82.33006,54.14342],[-82.1921,53.9897],[-82.16041,53.80242],[-82.21217,53.34128],[-82.35113,53.07413],[-82.34121,52.98082],[-82.06907,52.86138],[-81.85244,52.70861],[-81.73378,52.5491],[-81.71295,52.32967],[-81.74736,52.1701],[-81.31072,52.11781],[-80.8771,51.90618],[-80.57279,51.64145],[-80.39647,51.37678],[-80.36129,51.30403],[-80.07332,51.29795],[-79.74672,51.1133],[-79.33848,50.84305],[-79.4953,51.14026],[-79.59435,51.26579],[-79.53405,51.41818],[-79.27615,51.60419],[-79.11176,51.52499],[-78.94056,51.32001],[-78.82267,51.1614],[-78.74843,51.32038],[-78.7001,51.56556],[-78.79678,51.77089],[-78.55342,52.01023],[-78.49099,52.25614],[-78.57313,52.48868],[-78.72468,52.69468],[-78.74177,52.74414],[-74.19721,52.92723],[-71.03338,55.19605],[-65.64317,55.26287],[-62.88948,54.72512],[-62.59389,54.56998],[-65.0068,50.34061],[-64.32592,50.30467],[-65.1687,50.34916],[-65.5815,50.36156],[-66.37274,50.31388],[-66.61908,50.2211],[-66.85474,50.08889]]]]}},{"type":"Feature","properties":{"NAME":"Australian aboriginal hunter-gatherers","ABBREVN":"Australian aboriginal hunter-gatherers","wikipedia":null,"SUBJECTO":"Australian aboriginal hunter-gatherers","BORDERPRECISION":1,"PARTOF":"Australian aboriginal hunter-gatherers"},"geometry":{"type":"MultiPolygon","coordinates":[[[[142.33755,-10.91538],[142.64427,-11.09271],[142.7492,-11.32131],[142.77032,-11.61368],[142.82347,-11.91868],[142.93835,-12.00742],[143.12742,-12.01337],[143.17309,-12.12134],[142.97079,-12.53497],[143.29229,-12.68684],[143.37115,-12.8138],[143.43748,-13.08065],[143.47352,-13.66541],[143.5381,-13.94499],[143.74317,-14.46582],[143.87487,-14.58633],[144.06472,-14.59228],[144.21231,-14.4521],[144.38536,-14.36909],[144.52919,-14.66757],[144.69259,-14.72443],[144.94622,-14.90825],[145.11967,-14.9778],[145.18434,-15.0476],[145.18486,-15.23195],[145.22221,-15.66418],[145.34639,-16.01357],[145.32554,-16.49043],[145.45112,-16.59823],[145.86949,-17.19496],[145.99418,-17.51258],[146.01872,-17.86221],[145.92456,-18.2566],[146.10623,-18.54867],[146.22996,-18.92354],[146.32176,-19.08229],[146.94949,-19.44336],[147.07759,-19.51303],[147.41271,-19.56318],[147.59359,-19.85528],[147.97294,-20.09608],[148.19044,-20.17191],[148.70373,-20.20262],[148.75645,-20.29151],[148.68986,-20.39974],[148.56704,-20.65433],[148.706,-20.84478],[149.10148,-21.06012],[149.20016,-21.31424],[149.41137,-21.91784],[149.50621,-22.25463],[149.55676,-22.43255],[149.67019,-22.5722],[150.01727,-22.73043],[150.00811,-22.67323],[149.94477,-22.32365],[150.35559,-22.55167],[150.61091,-22.62108],[150.69363,-22.67812],[150.75441,-22.81152],[150.80247,-23.59989],[151.20016,-23.94241],[151.45822,-24.08811],[151.73014,-24.15749],[151.85948,-24.29075],[151.96925,-24.55122],[152.07273,-24.74176],[152.31797,-24.81755],[152.39674,-24.95092],[152.39982,-25.07174],[152.48574,-25.3132],[152.53358,-25.36398],[152.76116,-25.42073],[152.83136,-25.47146],[152.90423,-25.6303],[153.06907,-26.22775],[153.08102,-26.62203],[153.08671,-27.00997],[153.02763,-27.19454],[152.94622,-27.34099],[153.29647,-27.91267],[153.3964,-28.12871],[153.47784,-28.5038],[153.4935,-28.84087],[153.36137,-29.15919],[153.20272,-29.91008],[152.93956,-30.6994],[153.00108,-31.05551],[152.97186,-31.41818],[152.83398,-31.76834],[152.53671,-32.20792],[152.44512,-32.50711],[152.17619,-32.87667],[151.97366,-32.95978],[151.76464,-33.00474],[151.57431,-33.21509],[151.3645,-33.5209],[151.21693,-34.20833],[151.00256,-34.49508],[150.84971,-34.71808],[150.85572,-35.01075],[150.76197,-35.25313],[150.61311,-35.39366],[150.34281,-35.54722],[150.22151,-35.69411],[150.08653,-36.15351],[150.01074,-36.62572],[149.9752,-37.04692],[149.98484,-37.34688],[149.8571,-37.63442],[149.71237,-37.79433],[149.50415,-37.92885],[149.16476,-37.97424],[148.64346,-38.01361],[148.27417,-38.02714],[148.037,-38.09787],[147.80525,-38.23246],[147.1168,-38.65546],[146.91714,-38.71336],[146.82104,-38.84134],[146.66537,-38.87361],[146.42768,-38.89965],[146.29922,-38.89352],[146.43193,-39.05939],[146.52592,-39.18064],[145.93388,-38.88147],[145.53591,-38.72254],[145.53714,-38.51172],[145.50425,-38.44151],[145.25207,-38.23124],[144.96983,-38.06576],[144.78031,-38.05976],[144.56175,-38.13683],[144.41111,-38.24572],[144.74758,-38.45581],[144.31143,-38.56529],[143.89346,-38.75779],[143.46447,-38.95675],[143.3648,-38.96973],[143.09292,-38.86804],[142.69432,-38.67078],[142.39294,-38.56917],[141.90403,-38.42963],[141.67472,-38.41092],[141.56707,-38.48142],[141.54719,-38.53255],[141.22526,-38.45655],[140.88732,-38.29756],[140.65219,-38.16391],[140.24916,-37.79437],[140.01202,-37.64163],[139.82251,-37.24626],[139.86265,-36.78035],[139.82568,-36.59542],[139.74336,-36.37233],[139.44448,-36.04131],[139.38101,-35.80551],[139.36792,-35.61427],[139.12747,-35.60839],[138.77366,-35.78763],[138.50552,-35.83918],[138.35237,-35.86501],[138.27249,-35.83328],[138.19717,-35.75693],[138.42984,-35.55245],[138.5346,-35.29727],[138.56762,-34.92772],[138.45405,-34.78164],[138.21263,-34.51493],[138.1015,-34.35611],[137.88285,-34.68737],[137.68333,-35.33088],[137.59805,-35.38204],[137.23948,-35.38278],[137.14982,-35.45308],[137.06188,-35.45963],[136.94705,-35.47262],[137.03613,-35.29396],[137.07247,-35.11544],[137.10836,-35.07077],[137.39343,-35.08929],[137.50228,-35.02535],[137.55925,-34.91071],[137.51188,-34.45911],[137.71604,-34.08335],[137.86373,-33.87947],[137.9046,-33.70126],[137.9125,-33.51676],[137.98065,-33.45936],[138.09085,-33.45277],[138.18875,-33.29354],[138.16577,-33.1918],[138.02003,-32.96946],[137.86824,-32.74712],[137.81987,-33.06529],[137.69018,-33.18007],[137.45718,-33.31413],[137.31748,-33.52449],[137.27879,-33.5944],[137.19342,-33.8045],[137.06712,-33.95108],[136.73085,-34.05992],[136.40008,-34.2769],[136.10612,-34.53197],[135.94393,-34.84403],[135.71243,-35.20744],[135.52807,-35.05489],[135.35731,-34.45716],[135.23901,-34.19658],[135.1531,-34.05044],[134.8437,-33.69483],[134.71023,-33.36431],[134.6311,-33.26905],[134.31439,-33.30152],[134.20846,-33.2572],[134.14605,-33.14919],[134.1078,-33.0284],[134.2581,-32.87542],[134.23699,-32.74189],[134.08125,-32.56411],[133.83703,-32.34197],[133.71751,-32.2977],[133.34407,-32.36844],[133.12509,-32.33708],[132.69767,-32.08989],[132.57414,-32.08378],[132.37664,-32.16052],[132.18223,-32.1482],[131.99255,-32.06591],[131.69445,-31.83118],[131.28016,-31.63485],[131.18235,-31.63506],[130.85728,-31.73114],[130.28022,-31.7705],[129.97918,-31.77112],[129.18539,-31.7982],[128.91026,-31.85602],[128.61482,-31.95204],[128.17002,-32.15014],[127.73266,-32.26553],[127.26508,-32.38099],[126.5887,-32.42056],[126.23125,-32.41493],[126.05895,-32.43436],[125.64191,-32.56243],[125.19517,-32.77326],[124.84723,-32.95208],[124.60478,-33.01618],[124.41095,-33.05475],[124.24839,-33.14413],[123.97166,-33.45638],[123.62303,-33.91507],[123.35855,-34.04284],[123.01397,-34.03719],[122.76803,-34.03133],[122.35103,-34.0958],[122.17092,-34.17886],[121.87241,-34.00136],[121.74031,-33.96346],[121.40952,-33.97051],[120.70224,-34.04829],[120.28014,-34.11914],[120.07367,-34.10047],[119.77149,-34.12017],[119.59207,-34.22231],[119.32983,-34.57905],[119.17498,-34.63662],[118.74419,-34.58025],[118.67277,-34.60584],[118.41594,-34.9244],[118.20708,-35.09034],[117.79331,-35.21225],[117.52977,-35.25102],[116.8478,-35.21419],[116.56098,-35.1893],[116.25139,-35.10072],[115.96654,-34.93578],[115.61627,-34.63118],[115.28334,-34.47285],[115.11486,-34.45411],[115.04692,-34.42246],[114.96134,-33.86926],[114.98579,-33.75472],[115.20575,-33.80515],[115.4085,-33.76656],[115.55802,-33.57545],[115.64669,-33.36538],[115.76686,-32.75454],[115.74726,-32.20761],[115.67698,-31.92792],[115.5609,-31.66103],[115.05826,-30.80351],[114.96465,-30.51753],[114.89997,-30.14244],[114.91221,-29.69726],[114.84051,-29.38582],[114.6304,-28.90296],[114.33209,-28.47753],[114.06082,-28.14744],[113.96464,-28.03318],[114.02223,-27.62609],[113.92523,-27.38467],[113.59547,-26.88304],[113.15807,-26.42506],[113.03511,-26.16266],[113.09159,-26.0577],[113.17619,-26.14167],[113.24452,-26.3411],[113.32665,-26.41457],[113.43299,-26.57201],[113.57983,-26.65598],[113.73938,-26.66653],[113.58323,-26.15217],[113.3866,-25.97373],[113.28495,-25.82679],[113.32116,-25.69034],[113.65769,-26.0682],[113.88066,-26.50903],[114.0951,-26.53862],[114.05043,-26.28861],[114.18084,-26.27139],[114.18252,-26.01704],[114.05531,-25.80113],[113.5919,-25.18536],[113.43259,-24.87416],[113.37921,-24.61361],[113.3619,-24.28304],[113.52196,-24.01567],[113.66741,-23.78015],[113.76202,-23.48113],[113.72467,-23.01711],[113.61012,-22.73126],[113.62543,-22.56593],[113.82231,-22.25399],[113.87155,-22.10767],[113.90057,-22.03768],[114.02252,-22.32986],[114.02735,-22.52058],[114.07483,-22.60313],[114.232,-22.6155],[114.30905,-22.56448],[114.39311,-22.31001],[114.45635,-22.09372],[114.8002,-21.88319],[115.34924,-21.60229],[115.56739,-21.45561],[115.87117,-21.19431],[116.13455,-20.98395],[116.4188,-20.83712],[116.77441,-20.78552],[117.08811,-20.77848],[117.40318,-20.77782],[117.59693,-20.75833],[117.75521,-20.67535],[117.96847,-20.47146],[118.19072,-20.41376],[118.60868,-20.38109],[118.73432,-20.31725],[118.86508,-20.06903],[118.93625,-20.02437],[119.13646,-20.03667],[119.53112,-20.13755],[119.81252,-20.11787],[120.2229,-19.98349],[120.71038,-19.77266],[120.87215,-19.67694],[121.19429,-19.37745],[121.38649,-19.11638],[121.51683,-18.83638],[121.57633,-18.70275],[121.76077,-18.53706],[122.19645,-18.24369],[122.23191,-18.16732],[122.20168,-17.98303],[122.09275,-17.6209],[122.08548,-17.3984],[122.56407,-16.89516],[122.73834,-16.58328],[122.86901,-16.6593],[123.02267,-16.85603],[123.30125,-17.46574],[123.4187,-17.57992],[123.49825,-17.31909],[123.5083,-17.10929],[123.70409,-17.21694],[123.82685,-17.24847],[123.91204,-16.97492],[123.88523,-16.91141],[123.63166,-16.80388],[123.55294,-16.69597],[123.55619,-16.44168],[123.57584,-16.39079],[123.97947,-16.40899],[124.27727,-16.52278],[124.56587,-16.50945],[124.71627,-16.49641],[124.84635,-16.53004],[124.53141,-16.32517],[124.33776,-16.26201],[124.39524,-16.02032],[124.36375,-15.88689],[124.4245,-15.6579],[124.61433,-15.49857],[124.68865,-15.46662],[125.01805,-15.64392],[125.10913,-15.62465],[125.05854,-15.42134],[125.10796,-15.20508],[125.17387,-15.03968],[125.15566,-14.80451],[125.317,-14.72787],[125.49717,-14.67664],[125.8632,-14.69491],[126.10147,-14.20493],[126.26836,-14.07107],[126.42574,-14.14702],[126.54605,-14.35018],[126.66506,-14.10201],[126.76466,-14.00009],[126.85343,-13.78377],[127.16648,-14.0628],[127.39746,-14.10044],[127.52909,-14.19551],[127.67796,-14.43675],[127.96257,-14.70313],[128.01756,-15.02086],[127.98487,-15.28791],[128.06614,-15.37674],[128.18139,-15.24935],[128.38897,-14.94378],[128.45886,-14.88641],[128.98088,-14.92344],[129.19642,-14.9929],[129.48287,-15.21478],[129.63227,-15.27803],[129.70249,-15.06175],[129.83856,-14.92795],[129.84861,-14.81986],[129.72885,-14.6739],[129.45883,-14.49649],[129.42303,-14.41393],[129.42655,-14.30586],[129.4916,-14.26122],[129.76329,-14.01907],[129.76626,-13.81565],[129.85227,-13.72012],[130.08554,-13.59248],[130.20599,-13.48416],[130.27386,-13.36323],[130.23193,-13.28068],[130.23289,-13.14719],[130.4635,-12.75894],[130.5176,-12.73339],[130.66049,-12.72037],[130.83958,-12.70727],[130.95127,-12.63075],[130.85887,-12.44661],[131.02835,-12.26826],[131.18295,-12.23615],[131.53991,-12.40064],[131.81747,-12.36827],[132.39804,-12.32888],[132.62846,-12.27117],[132.7331,-12.19467],[132.75112,-12.1692],[132.71655,-12.08028],[132.62626,-11.74994],[132.5146,-11.62305],[132.30281,-11.50274],[132.13444,-11.54123],[132.02456,-11.4779],[132.04063,-11.38253],[132.20559,-11.3186],[132.38377,-11.29916],[132.66145,-11.53375],[132.77601,-11.57799],[132.92898,-11.53317],[133.09294,-11.67266],[133.39729,-11.88177],[133.55918,-11.95135],[134.1427,-12.08357],[134.40872,-12.12114],[134.5948,-12.05718],[134.76211,-12.06317],[134.93998,-12.33612],[135.12852,-12.38657],[135.19175,-12.37372],[135.44454,-12.17612],[135.64901,-12.1884],[135.94247,-12.35938],[136.09121,-12.57519],[136.29861,-12.51118],[136.35337,-12.1551],[136.4345,-12.11678],[136.63961,-12.3261],[136.79109,-12.37027],[136.85968,-12.44006],[136.66369,-12.62482],[136.60668,-12.81565],[136.52763,-12.91117],[136.52298,-13.10823],[136.46908,-13.22277],[136.23832,-13.22963],[136.00863,-13.33182],[135.8309,-13.48477],[135.82882,-13.73269],[135.96455,-13.89132],[135.88064,-14.203],[135.70904,-14.464],[135.45758,-14.68068],[135.38806,-14.89697],[135.41661,-14.97319],[135.62745,-15.16981],[136.09437,-15.44852],[136.45863,-15.75289],[136.68714,-16.02576],[136.79785,-16.07003],[136.95488,-16.01883],[137.07371,-16.0313],[137.4257,-16.18947],[137.75956,-16.39856],[137.95462,-16.60157],[138.26033,-16.8425],[138.41084,-16.8994],[138.6101,-16.91169],[138.96275,-16.99357],[139.07531,-17.07598],[139.17309,-17.3555],[139.24832,-17.43164],[139.47628,-17.57102],[139.81826,-17.76103],[140.06021,-17.83044],[140.24972,-17.79824],[140.43634,-17.72155],[140.70755,-17.63197],[140.80094,-17.56183],[141.13241,-16.95715],[141.31382,-16.44816],[141.40152,-15.85674],[141.5176,-15.53226],[141.7113,-15.22669],[141.65237,-15.0361],[141.46815,-14.75678],[141.4781,-14.6169],[141.58454,-14.3306],[141.66839,-14.11429],[141.59475,-13.98731],[141.51232,-13.80948],[141.55217,-13.4979],[141.59883,-13.04647],[141.69979,-12.91275],[141.84761,-12.84251],[141.91894,-12.70251],[141.67852,-12.46782],[141.6934,-12.3788],[141.95303,-11.95234],[142.09292,-11.5325],[142.12565,-11.15739],[142.21162,-11.04915],[142.33755,-10.91538]]]]}},{"type":"Feature","properties":{"NAME":"Tasmanian hunter-gatherers","ABBREVN":"Tasmanian hunter-gatherers","wikipedia":null,"SUBJECTO":"Tasmanian hunter-gatherers","BORDERPRECISION":1,"PARTOF":"Tasmanian hunter-gatherers"},"geometry":{"type":"MultiPolygon","coordinates":[[[[146.71273,-43.72181],[146.49713,-43.61905],[145.9669,-43.40729],[145.72265,-43.24017],[145.49386,-42.91843],[145.27937,-42.66768],[145.18251,-42.48117],[145.30096,-42.46162],[145.37702,-42.50653],[145.56631,-42.5834],[145.62429,-42.51892],[145.5305,-42.34531],[145.2142,-42.03066],[144.93605,-41.70971],[144.86892,-41.59413],[144.70011,-41.16399],[144.69688,-40.86219],[144.77613,-40.84276],[145.22802,-40.98311],[145.89189,-41.14232],[146.38221,-41.30835],[146.7407,-41.29478],[146.94914,-41.23012],[147.1206,-41.17839],[147.28858,-41.15235],[147.59635,-41.16459],[147.73382,-41.02944],[148.05589,-40.91965],[148.26953,-41.09258],[148.26568,-41.13755],[148.32305,-41.49723],[148.31925,-41.80581],[147.9812,-42.48201],[147.92567,-42.8234],[147.81532,-42.96535],[147.39067,-43.08218],[147.14172,-43.25669],[146.92144,-43.5666],[146.83598,-43.68932],[146.71273,-43.72181]]]]}},{"type":"Feature","properties":{"NAME":"Arctic marine mammal hunters","ABBREVN":"Arctic marine mammal hunters","wikipedia":null,"SUBJECTO":"Arctic marine mammal hunters","BORDERPRECISION":1,"PARTOF":"Arctic marine mammal hunters"},"geometry":{"type":"MultiPolygon","coordinates":[[[[-124.93551,64.83463],[-132.43494,62.49697],[-139.52424,62.41569],[-140.05179,62.49514],[-144.6801,63.19219],[-150.1289,63.324],[-160.9395,63.98492],[-161.00631,64.15789],[-161.37294,64.46637],[-161.361,64.50956],[-160.94391,64.52477],[-160.78966,64.64032],[-160.9022,64.81319],[-161.12569,64.92829],[-161.29062,64.96411],[-162.13665,64.78922],[-162.56151,64.60096],[-162.80195,64.47088],[-163.02521,64.44165],[-163.8834,64.59127],[-164.26511,64.605],[-164.59992,64.61876],[-165.17119,64.54565],[-165.74068,64.55899],[-166.34774,64.6371],[-166.58603,64.7304],[-166.66852,65.08462],[-166.6038,65.15015],[-166.31743,65.16523],[-165.86377,65.16608],[-165.66329,65.24649],[-166.13866,65.3548],[-166.99906,65.4917],[-167.60157,65.6],[-168.1798,65.69389],[-168.08133,65.74523],[-167.73,65.86296],[-167.02422,65.95947],[-166.4282,66.1072],[-165.99724,66.20342],[-165.52137,66.36595],[-165.09273,66.46976],[-164.46314,66.59616],[-163.78244,66.53849],[-163.8534,66.30294],[-163.84308,66.17811],[-163.37005,66.1056],[-162.7585,66.06276],[-162.27507,66.07098],[-161.9795,66.11555],[-161.62682,66.22629],[-161.37917,66.35901],[-161.26143,66.39603],[-160.92296,66.36724],[-160.58469,66.31643],[-160.12523,66.33931],[-160.03541,66.48663],[-160.03228,66.56762],[-160.34266,66.59653],[-161.21837,66.72757],[-161.79561,66.74863],[-161.93573,67.08837],[-162.59874,67.16119],[-163.03089,67.17517],[-163.73874,67.21833],[-163.82598,67.44822],[-164.04397,67.58904],[-164.51267,67.79666],[-164.74297,67.86329],[-165.93999,68.15982],[-166.84353,68.40521],[-166.70107,68.4805],[-166.33539,68.66138],[-166.2968,68.87962],[-165.33555,68.90402],[-164.8902,68.93497],[-164.06719,69.06468],[-163.71424,69.22389],[-163.51073,69.50418],[-163.15621,69.76277],[-162.87912,69.99907],[-162.51104,70.18375],[-162.17724,70.28422],[-161.69739,70.33124],[-161.1876,70.43989],[-160.71656,70.45616],[-159.90467,70.42692],[-159.83912,70.51174],[-159.90958,70.60413],[-160.24831,70.76564],[-160.24033,70.85846],[-159.36936,70.89876],[-158.85517,70.88427],[-158.41686,70.90831],[-157.81194,70.9714],[-157.31788,71.1585],[-156.90474,71.34586],[-156.47402,71.35444],[-156.34713,71.33133],[-156.04322,71.22303],[-155.97292,71.14548],[-156.14545,71.08307],[-156.13797,70.92808],[-155.66579,70.86703],[-155.47481,70.8519],[-155.23369,70.98398],[-155.09986,71.07727],[-154.46129,70.99316],[-153.77106,70.97123],[-153.29307,70.9489],[-152.97117,70.93401],[-152.6512,70.81853],[-152.48952,70.6952],[-152.13712,70.5339],[-151.91501,70.49578],[-151.72561,70.53467],[-151.1442,70.48183],[-150.63855,70.47509],[-149.93851,70.49948],[-149.28632,70.53923],[-148.74062,70.49404],[-148.12078,70.37976],[-147.72355,70.32667],[-146.18264,70.2681],[-145.60703,70.19242],[-145.27254,70.11638],[-144.36034,70.13343],[-143.30758,70.19675],[-142.80248,70.09034],[-141.70397,69.73444],[-141.16135,69.59894],[-141.05925,69.59546],[-140.7394,69.58457],[-140.33457,69.62324],[-139.90065,69.57099],[-138.99546,69.3683],[-138.27507,69.13549],[-137.72852,69.01584],[-137.26085,68.964],[-136.93157,68.94953],[-136.20307,68.87561],[-135.80329,68.77105],[-135.61019,68.70378],[-135.49578,68.71903],[-135.69887,68.9895],[-135.85952,69.07965],[-136.01494,69.14724],[-136.04397,69.33599],[-135.4392,69.52629],[-135.10398,69.49662],[-134.84383,69.52739],[-134.77598,69.57299],[-133.99483,69.50625],[-133.64763,69.50692],[-133.14132,69.67456],[-133.00216,69.75827],[-132.80314,69.75862],[-132.50795,69.85788],[-132.16646,69.88893],[-131.77656,69.92764],[-131.44623,69.96627],[-131.23551,70.07375],[-131.05906,70.15834],[-130.71192,70.20501],[-130.24183,70.20591],[-129.84948,70.15069],[-130.04979,69.96888],[-130.20801,69.91536],[-130.70325,69.85366],[-131.19462,69.68579],[-131.75438,69.60891],[-132.30321,69.48671],[-132.61789,69.25174],[-133.41318,69.13703],[-133.71958,68.91787],[-133.33893,68.79822],[-132.69037,68.46159],[-132.78898,68.70906],[-132.71331,68.86709],[-132.17496,68.98101],[-131.99942,69.08688],[-131.67298,69.27616],[-130.8958,69.30026],[-130.46363,69.46743],[-129.94268,69.64259],[-129.01314,69.72018],[-128.72376,69.87254],[-128.30909,69.99501],[-127.9398,70.07992],[-127.72554,70.18759],[-127.80552,70.31024],[-128.12115,70.48648],[-128.41585,70.68631],[-128.01106,70.6408],[-127.66734,70.51815],[-127.3517,70.38026],[-127.16632,70.23468],[-126.99711,70.02043],[-126.79519,69.78502],[-126.61846,69.67915],[-126.05785,69.46052],[-125.974,69.43039],[-125.45462,69.3331],[-125.27736,69.34096],[-125.18771,69.4092],[-125.41768,69.69654],[-125.38624,69.818],[-125.13957,69.83365],[-124.98928,69.8947],[-124.70694,69.94081],[-124.53439,69.78164],[-124.5081,69.59214],[-124.6,69.46324],[-124.2253,69.40343],[-123.80284,69.43446],[-123.29194,69.63985],[-123.05068,69.86033],[-122.83528,69.89112],[-122.32606,69.88449],[-121.63505,69.76428],[-120.84986,69.56865],[-120.22155,69.41845],[-119.97896,69.37806],[-120.40259,67.94747],[-110.86016,65.94355],[-97.36111,65.12429],[-87.82448,64.34704],[-87.43523,64.56887],[-87.99179,64.25168],[-88.37706,64.05732],[-88.70446,63.98507],[-89.07741,63.96287],[-89.49485,64.0194],[-89.97269,64.19055],[-89.99451,64.0328],[-90.0058,63.90386],[-89.86152,63.64666],[-89.8704,63.57522],[-90.20366,63.56135],[-90.22967,63.56026],[-90.84386,63.60909],[-91.58617,63.79354],[-91.98385,63.82856],[-93.31688,63.97362],[-92.35104,63.58483],[-91.64174,63.51475],[-91.02675,63.39461],[-90.77394,63.30239],[-90.62545,63.18154],[-90.63058,63.09613],[-90.91964,62.94619],[-91.41749,62.85289],[-92.06038,62.88721],[-92.29017,62.91521],[-92.4553,62.79411],[-91.89086,62.60355],[-92.10219,62.41182],[-92.57919,62.26934],[-93.23329,61.9713],[-93.42262,61.85803],[-93.32457,61.54114],[-93.4656,61.43535],[-93.8743,61.34319],[-94.01384,61.21649],[-94.25195,60.92844],[-94.37603,60.79514],[-94.4843,60.49421],[-94.60756,60.24971],[-94.75319,59.94999],[-94.72809,59.7629],[-94.80027,59.51355],[-94.74501,59.1198],[-94.68383,58.87849],[-94.41486,58.71365],[-94.30231,58.70699],[-94.1865,58.66589],[-93.88757,58.65958],[-93.36379,58.70187],[-93.23948,58.68147],[-93.07418,58.55101],[-92.88842,58.20769],[-92.52272,57.68727],[-92.42362,57.38647],[-92.48305,56.97671],[-92.4041,56.97508],[-92.71141,56.83126],[-93.82461,56.8633],[-102.14429,57.21394],[-111.4967,57.98861],[-118.19566,62.71142],[-118.19775,62.71264],[-124.93551,64.83463]]],[[[-90,68.3691],[-90,68.37464],[-89.73559,68.53431],[-90,68.3691]]],[[[-79.23004,54.14938],[-79.39868,54.27635],[-79.54512,54.69186],[-78.98182,54.8138],[-78.58927,54.92203],[-78.30786,55.04376],[-77.51692,55.47071],[-77.23384,55.60654],[-76.76447,56.02744],[-76.5694,56.27212],[-76.46291,56.57139],[-76.46229,56.57751],[-62.50973,57.97173],[-62.49481,57.95678],[-62.34918,57.90223],[-62.01472,57.84121],[-61.88811,57.72504],[-61.82845,57.55412],[-61.99918,57.51278],[-62.18602,57.43724],[-62.00141,57.29415],[-61.82238,57.19208],[-61.4761,57.10406],[-61.35063,57.002],[-61.33525,56.81126],[-61.36063,56.77717],[-61.5446,56.72916],[-61.84881,56.7422],[-62.18406,56.79604],[-62.32643,56.76851],[-62.28565,56.69371],[-62.16279,56.6123],[-62.07784,56.50367],[-61.92769,56.27296],[-61.74302,56.17149],[-61.4578,56.15848],[-61.24986,56.07746],[-60.87275,55.85453],[-60.46834,55.65897],[-60.35763,55.51038],[-60.37331,55.42248],[-60.57453,55.07103],[-60.34574,55.0445],[-60.04724,55.11924],[-59.69376,55.15366],[-59.3382,55.08015],[-59.07975,54.99299],[-58.55717,54.77232],[-58.11545,54.71278],[-57.43287,54.57991],[-57.51535,54.46577],[-57.83857,54.37131],[-58.16992,54.27686],[-58.46811,54.25622],[-58.84362,54.14834],[-59.10616,53.96712],[-59.39872,53.86623],[-59.86297,53.83858],[-59.99153,53.80492],[-60.13724,53.68432],[-60.12421,53.51735],[-60.22166,53.32492],[-62.88948,54.72512],[-65.64317,55.26287],[-71.03338,55.19605],[-74.19721,52.92723],[-78.74177,52.74414],[-78.84203,53.03423],[-78.84399,53.28101],[-78.93641,53.54792],[-79.03456,53.74155],[-78.75792,53.74877],[-78.80142,53.96274],[-78.93461,54.0763],[-79.23004,54.14938]]],[[[-121.3904,71.4747],[-121.93623,71.50484],[-122.17037,71.28651],[-122.57442,71.14598],[-122.99114,71.153],[-123.46767,71.19864],[-123.63046,71.40821],[-123.87773,71.61818],[-124.07214,71.73497],[-124.57727,71.89828],[-125.18923,71.92848],[-125.61702,71.99038],[-125.82783,72.07625],[-125.90373,72.15464],[-125.66237,72.20224],[-125.39704,72.33649],[-125.18065,72.43141],[-125.14469,72.60512],[-125.34129,72.96896],[-125.09274,72.96944],[-124.88213,73.04924],[-124.74394,73.21649],[-124.24724,73.45661],[-124.01027,73.72099],[-124.06482,73.86521],[-124.18707,73.93727],[-124.74035,74.24207],[-124.90926,74.44366],[-124.51832,74.44439],[-124.14805,74.46936],[-123.49339,74.4463],[-123.14842,74.44057],[-121.65451,73.99458],[-119.25235,73.55257],[-117.68576,73.21546],[-118.10413,73.11756],[-118.585,72.97369],[-119.307,72.64763],[-119.76837,72.39427],[-120.01549,72.35443],[-120.4536,72.29851],[-120.42399,71.88258],[-120.5456,71.65564],[-120.8435,71.53028],[-121.3904,71.4747]]],[[[-40.82775,64.89354],[-40.48362,64.68541],[-40.35071,64.52752],[-40.35533,64.42695],[-40.47242,64.3478],[-41.01111,64.33243],[-41.48412,64.27419],[-41.10417,64.08855],[-40.89255,64.03168],[-40.69122,63.93187],[-40.51625,63.78207],[-40.7657,63.57453],[-40.89391,63.52437],[-41.16342,63.56666],[-41.37824,63.52344],[-41.22302,63.30993],[-41.22701,63.25296],[-41.43447,63.0392],[-41.6531,63.09566],[-41.91557,63.12361],[-41.90392,63.05252],[-41.78911,62.84676],[-41.83441,62.69062],[-41.96373,62.69039],[-42.25886,62.73239],[-42.29884,62.7394],[-42.73953,62.68891],[-43.22597,62.68092],[-42.9191,62.46191],[-42.42037,62.28601],[-42.27136,62.19442],[-42.3062,61.72888],[-42.47826,61.30676],[-42.67033,61.26429],[-43.03726,61.29166],[-42.81712,61.02562],[-42.82441,60.80161],[-42.75409,60.69687],[-42.78493,60.52916],[-42.92721,60.50099],[-43.14993,60.51451],[-43.49709,60.47897],[-43.15412,60.30527],[-42.96204,60.03407],[-43.01451,59.83288],[-43.14357,59.81878],[-43.57878,59.93569],[-43.71973,60.00372],[-43.84796,61.05826],[-44.25809,61.86988],[-43.84796,64.20613],[-42.79336,65.40311],[-39.69495,65.18697],[-39.68631,65.17056],[-39.72692,64.99654],[-39.89782,64.95292],[-40.04237,64.98147],[-40.25372,64.96666],[-41.06033,65.03749],[-40.82775,64.89354]]],[[[-47.63048,60.59681],[-47.82239,60.77819],[-47.86936,60.93903],[-47.96923,61.03691],[-48.20002,61.14163],[-48.56791,61.24614],[-48.91546,61.42104],[-49.14827,61.77233],[-49.11644,62.10383],[-49.20595,62.1743],[-49.4013,62.21632],[-49.61146,62.19474],[-50.04793,62.31408],[-50.09668,62.35641],[-50.15893,62.46243],[-50.09594,62.66799],[-49.88933,62.84574],[-49.85748,62.96654],[-49.97368,62.99473],[-50.22173,63.00849],[-50.46582,63.05067],[-50.59094,63.14999],[-50.61674,63.43481],[-50.82309,63.49146],[-51.10052,63.46954],[-51.36577,63.72601],[-51.35502,63.81178],[-51.26595,63.92637],[-50.98795,64.09154],[-50.43902,64.24309],[-50.25692,64.37973],[-50.04263,64.43757],[-50.01991,64.61006],[-50.14448,64.73932],[-50.3574,64.69574],[-50.77184,64.65901],[-50.99375,64.61543],[-51.27966,64.42807],[-51.5214,64.37019],[-51.80485,64.23334],[-51.95738,64.37657],[-51.94018,64.65683],[-51.99165,65.00975],[-52.08433,65.21263],[-52.07773,65.37242],[-52.18694,65.5177],[-52.41381,65.48089],[-52.53601,65.49522],[-52.83536,65.65489],[-53.10254,65.87325],[-53.10843,66.03404],[-52.72966,66.27638],[-52.6105,66.26798],[-52.86044,66.3532],[-53.34805,66.32428],[-53.39427,66.45182],[-53.2217,66.53086],[-52.91685,66.54447],[-52.65324,66.56777],[-52.44805,66.60731],[-52.30317,66.90947],[-52.84683,66.93058],[-53.1042,66.90795],[-53.26726,66.92242],[-53.39742,66.99594],[-53.44956,67.08445],[-53.34943,67.21025],[-53.25116,67.21394],[-53.17031,67.28581],[-52.9781,67.31034],[-53.14671,67.39515],[-53.39496,67.36226],[-53.49412,67.4735],[-53.46845,67.55819],[-53.43576,67.61762],[-53.31904,67.61785],[-53.18011,67.66265],[-52.8079,67.77478],[-52.25998,67.73864],[-51.87599,67.66508],[-51.5268,67.65088],[-51.35653,67.59182],[-50.93936,67.52581],[-50.53912,67.48806],[-49.47253,67.03273],[-49.06241,64.78632],[-47.65627,62.79478],[-46.13294,61.75919],[-46.1581,60.9374],[-46.19585,60.9352],[-46.33109,60.87194],[-46.53103,60.89256],[-46.97205,60.86374],[-47.15937,60.85638],[-47.4162,60.723],[-47.63048,60.59681]]],[[[-66.54038,75.97068],[-66.56342,75.92874],[-67.03666,75.93624],[-67.61905,76.01897],[-69.04484,76.29376],[-68.35297,76.54863],[-68.1444,76.59985],[-68.18594,76.7016],[-68.37634,76.77777],[-68.85624,76.78536],[-69.85101,76.79199],[-70.21667,76.82533],[-70.49995,76.83332],[-71.05699,77.0285],[-71.44828,77.12186],[-71.18388,77.25953],[-70.61842,77.2778],[-69.25207,77.21171],[-68.34064,77.19631],[-67.7363,77.18888],[-66.78378,77.25933],[-66.30935,77.35475],[-66.17778,77.39801],[-66.15341,77.55317],[-66.4356,77.68225],[-66.80472,77.77682],[-67.35228,77.70645],[-67.85181,77.59309],[-68.44124,77.58334],[-68.95322,77.63423],[-69.29207,77.59899],[-69.68752,77.55508],[-69.99364,77.58039],[-70.37952,77.6661],[-70.67804,77.83014],[-71.04521,77.91627],[-71.343,77.9418],[-71.66947,77.91511],[-71.88843,77.94944],[-72.52538,78.16613],[-72.54528,78.32354],[-72.38323,78.52573],[-72.01877,78.57923],[-71.46277,78.62432],[-70.7802,78.68734],[-69.84684,78.75975],[-69.26627,78.79619],[-68.83853,78.97411],[-68.34852,79.09048],[-67.96913,79.12679],[-66.85431,79.12892],[-66.35872,79.17437],[-65.48489,79.15824],[-65.3041,79.22092],[-65.16449,79.31037],[-64.89054,79.38237],[-64.79951,79.6784],[-64.67546,79.9039],[-64.62318,79.94921],[-65.02372,80.05177],[-65.89964,80.06921],[-66.41941,79.98193],[-66.85122,80.03851],[-67.41029,80.21074],[-67.1428,80.56214],[-66.52168,80.71128],[-65.24134,80.87277],[-64.60833,80.97395],[-63.72541,81.08618],[-62.81141,81.15596],[-63.35819,78.23563],[-62.44868,76.33836],[-62.46763,76.33999],[-62.91621,76.36447],[-63.65077,76.37994],[-64.0038,76.29493],[-64.47336,76.25186],[-64.83592,76.16703],[-65.47452,76.0986],[-66.02684,76.17317],[-66.68392,76.30668],[-66.54038,75.97068]]],[[[-90.20366,74.64215],[-90.5203,74.71844],[-91.05401,74.97727],[-90,74.71844],[-90,74.64215],[-90,74.62996],[-89.69808,74.61463],[-90.15306,74.62996],[-90.20366,74.64215]]],[[[-90.18296,75.96778],[-90.05633,75.95131],[-90.41722,75.95886],[-90.20365,75.967],[-90.18296,75.96778]]],[[[-54.72269,70.08693],[-54.5937,70.24024],[-54.42834,70.2482],[-54.13746,70.18747],[-53.6167,70.15783],[-53.03749,70.03656],[-52.70119,69.91539],[-52.43356,69.87039],[-52.08399,69.77249],[-51.81285,69.62156],[-51.87741,69.53068],[-51.92794,69.51549],[-52.1726,69.49234],[-52.52108,69.47657],[-52.86744,69.39284],[-53.32171,69.32408],[-53.5515,69.27842],[-53.80711,69.33827],[-54.12526,69.48116],[-54.4859,69.56363],[-54.5744,69.60885],[-54.68688,69.70703],[-54.72269,70.08693]]],[[[-59.18076,53.51914],[-58.64011,53.86768],[-58.07692,54.08286],[-57.56114,54.13071],[-57.26304,54.02418],[-57.10582,53.87063],[-57.2852,53.66976],[-57.26894,53.61632],[-57.13083,53.48303],[-56.8538,53.58374],[-56.64929,53.6576],[-56.35446,53.57132],[-56.12696,53.46584],[-58.78823,52.57259],[-60.17146,53.29858],[-59.71703,53.43131],[-59.47287,53.47185],[-59.18076,53.51914]]],[[[168.1355,67.45778],[155.89216,68.16901],[130.86732,69.90104],[124.54383,71.5861],[123.5007,73.50495],[124.22216,73.69691],[124.45667,73.7053],[124.81766,73.65823],[125.33463,73.52407],[125.71733,73.3978],[126.48702,73.3834],[127.09684,73.41626],[127.71956,73.40154],[128.31478,73.20752],[128.49888,73.12594],[128.52493,72.95234],[128.29104,72.91248],[128.17056,72.89653],[127.3135,72.71389],[126.21644,72.38231],[126.1113,72.28038],[126.2253,72.24935],[126.69001,72.21893],[127.12091,72.21193],[127.41754,72.14218],[127.7141,72.01011],[128.17013,71.83187],[128.43249,71.75463],[128.78353,71.53804],[129.3552,71.17569],[130.17172,70.81535],[130.77928,70.67834],[131.0548,70.6865],[131.41268,70.86377],[131.79167,71.18792],[132.28361,71.66088],[132.55375,71.80897],[132.68426,71.80141],[132.79061,71.59201],[133.13841,71.45321],[133.74391,71.32285],[134.24136,71.26194],[134.6229,71.30131],[135.51062,71.51182],[135.86064,71.54345],[136.22662,71.51316],[136.76503,71.40578],[137.62968,71.07542],[137.77127,71.09883],[137.85495,71.1298],[138.07579,71.24595],[138.17544,71.36201],[138.11381,71.3851],[138.1194,71.4702],[138.44612,71.61027],[138.67488,71.61845],[138.89985,71.50264],[139.15876,71.41796],[139.74447,71.4036],[139.82569,71.62836],[139.73857,71.83789],[139.80598,72.00148],[139.8479,72.23561],[139.33877,72.16436],[139.04995,72.16382],[138.96934,72.21052],[139.16831,72.34379],[139.31179,72.3832],[139.75561,72.42318],[140.21502,72.43185],[140.58908,72.49524],[141.29397,72.78707],[141.4084,72.7873],[142.20024,72.67872],[142.90252,72.61721],[143.81883,72.53263],[144.26744,72.50208],[144.56184,72.45562],[145.59996,72.42623],[144.82037,72.14334],[145.20956,72.12068],[145.66462,72.16053],[145.815,72.0984],[145.67819,71.92672],[145.26141,71.84038],[144.88078,71.72315],[144.80126,71.59111],[145.10038,71.57618],[145.33378,71.63086],[145.74624,71.69371],[146.18606,71.8421],[146.91513,72.2019],[148.15946,72.1964],[148.69796,72.16619],[149.10447,72.08892],[149.53033,72.02736],[149.62254,71.94186],[149.72198,71.89521],[148.71086,71.6294],[148.96217,71.56786],[149.71542,71.43765],[150.69371,71.34668],[151.11947,71.25476],[151.47996,71.08581],[151.64485,70.89378],[151.89907,70.73301],[152.13401,70.66443],[152.79058,70.68099],[153.40443,70.72815],[153.9165,70.79047],[155.04924,70.93855],[156.04318,70.98655],[157.39642,70.92752],[158.07795,70.86731],[158.40867,70.81419],[158.93414,70.62347],[159.22921,70.54745],[159.46557,70.39498],[159.62791,70.21981],[159.57267,69.99897],[159.44381,69.76456],[159.67295,69.65193],[160.01661,69.62243],[160.39239,69.6156],[160.68161,69.57848],[160.67404,69.27027],[160.86235,69.08312],[161.17082,69.15865],[161.4161,69.35424],[161.96099,69.52816],[162.11776,69.55856],[162.27485,69.53628],[163.03823,69.54521],[163.72241,69.67449],[164.05369,69.66004],[164.31817,69.46485],[164.63647,69.41282],[165.33015,69.40657],[166.30925,69.37833],[166.70036,69.43166],[167.32008,69.65857],[167.50323,69.56856],[167.92161,69.32874],[168.09997,69.2315],[168.59242,69.11246],[168.98606,68.9634],[169.11322,68.78421],[169.38861,68.71749],[170.08889,68.77854],[170.8328,68.92195],[170.90487,69.03432],[170.79321,69.184],[170.4313,69.55892],[170.05627,69.61092],[170.23629,69.76195],[170.4517,70.01921],[171.30224,69.97523],[171.84838,69.93848],[172.35925,69.90923],[172.90817,69.83477],[173.00828,69.69171],[173.63665,69.76071],[174.57446,69.78506],[175.61097,69.77943],[176.19218,69.71266],[176.54602,69.62294],[177.07916,69.5336],[177.705,69.48964],[178.04284,69.40761],[178.62886,69.25852],[178.96496,69.22914],[179.28149,69.14726],[180,68.91989],[180,67.96313],[180,66.96313],[180,65.96313],[180,65.38163],[180,65.31103],[180,65.05194],[180,64.95348],[179.30911,64.78647],[179.01597,64.77293],[178.72602,64.60633],[178.47384,64.57721],[178.00439,64.54774],[177.84413,64.58321],[177.42666,64.60674],[177.37353,64.76136],[177.25146,64.85611],[177.02626,64.84422],[177.13465,64.92744],[176.71246,64.78166],[176.33171,64.77293],[176.18017,64.86799],[175.96505,64.90366],[176.15596,64.67793],[175.89978,64.54743],[176.04405,64.50116],[176.46778,64.40898],[176.75323,64.57115],[176.93052,64.55288],[177.0816,64.5174],[177.08158,64.30297],[177.19323,64.21035],[177.53472,64.08969],[178.01113,64.19211],[177.81341,64.04744],[178.14726,64.15663],[178.17651,64.00532],[178.28776,63.91291],[178.37162,63.74938],[178.40261,63.66409],[178.07768,63.42905],[178.34437,63.45796],[178.50112,63.38019],[178.71395,63.15373],[178.93949,63.08334],[179.00428,62.9702],[178.93164,62.76507],[179.2877,62.81508],[179.23178,62.63854],[179.24217,62.5257],[179.04876,62.3914],[178.73767,62.29927],[178.45187,62.31985],[178.25027,62.38287],[177.69097,62.45227],[177.29084,62.48679],[177.13487,62.54996],[177.19035,62.67001],[176.96835,62.69078],[176.83198,62.67641],[176.5805,62.42905],[176.54911,62.37969],[175.17263,61.96909],[174.65267,61.89086],[174.54231,61.89066],[174.34872,61.79903],[174.25044,61.71468],[173.92677,61.61596],[173.48091,61.6011],[173.34259,61.55182],[173.12634,61.36941],[172.91828,61.27813],[172.49244,61.26332],[172.10816,60.98328],[172.00009,60.85757],[171.24841,60.65418],[171.07238,60.45214],[170.51969,60.33994],[170.3441,60.27961],[169.48092,61.19264],[172.44085,63.07842],[171.76814,65.85918],[168.1355,67.45778]]],[[[-169.8727,66.08316],[-169.83243,66.02456],[-169.98691,66.00964],[-170.44874,66.05274],[-170.61266,66.03776],[-170.97617,65.67844],[-171.66857,65.88924],[-171.60648,65.80886],[-171.40963,65.70685],[-171.20031,65.56118],[-171.73003,65.61127],[-172.18363,65.5885],[-172.72432,65.76287],[-173.04314,65.80616],[-172.98259,65.74776],[-172.85268,65.63108],[-172.81469,65.63115],[-172.56234,65.5148],[-172.47016,65.37645],[-172.41123,65.17273],[-172.43656,65.02005],[-172.80272,64.99756],[-173.16509,64.96793],[-173.2504,64.89551],[-173.02515,64.50646],[-173.07702,64.38398],[-173.54488,64.41909],[-173.72377,64.38279],[-174.26069,64.46094],[-174.37945,64.61921],[-175.18715,64.84854],[-175.30088,64.72565],[-175.82738,64.93402],[-175.95168,65.00618],[-176.07093,65.18766],[-175.99268,65.26787],[-176.13723,65.45704],[-176.52851,65.60958],[-176.78275,65.63829],[-177.12562,65.62305],[-177.51186,65.52012],[-178.11628,65.48249],[-178.65354,65.53987],[-178.62723,65.68597],[-178.69695,65.83213],[-178.97509,66.0514],[-179.37858,65.99599],[-179.58118,65.8118],[-180,65.25923],[-180,65.31103],[-180,65.38162],[-180,65.96313],[-180,66.96313],[-180,67.96313],[-180,68.91693],[-178.89124,68.64245],[-178.12919,68.37365],[-177.70939,68.292],[-175.99059,67.84674],[-175.51398,67.66881],[-175.42215,67.60199],[-175.38904,67.50534],[-175.18892,67.31261],[-175.00623,66.95733],[-175.10054,66.76505],[-174.63517,66.40479],[-174.19333,66.28796],[-174.20202,66.36882],[-174.06827,66.43529],[-174.09121,66.52359],[-174.3783,66.69998],[-174.37114,66.94374],[-174.33661,67.077],[-173.87494,67.15933],[-173.43223,67.03428],[-173.1744,66.99038],[-172.82923,66.96141],[-172.37796,67.01406],[-171.958,66.95567],[-171.53966,66.76436],[-171.22724,66.60267],[-170.47313,66.29494],[-170.32911,66.25849],[-170.06617,66.17817],[-169.8727,66.08316]]]]}},{"type":"Feature","properties":{"NAME":"Dorset","ABBREVN":"Dorset","wikipedia":"https://en.wikipedia.org/wiki/Dorset_culture","SUBJECTO":"Dorset","BORDERPRECISION":1,"PARTOF":"Dorset"},"geometry":{"type":"MultiPolygon","coordinates":[[[[-116.81318,68.91183],[-116.32003,68.89771],[-115.68983,68.93649],[-115.28511,68.89209],[-114.83146,68.76513],[-114.38961,68.60826],[-114.19451,68.49615],[-114.10867,68.34652],[-114.34469,68.2862],[-114.76537,68.30039],[-115.02009,68.27747],[-115.40214,68.21694],[-115.56166,67.89569],[-114.06629,67.73465],[-113.28976,67.69892],[-112.50253,67.69296],[-112.11188,67.72342],[-111.77984,67.74637],[-111.35673,67.82159],[-110.95406,67.87452],[-110.53196,67.92001],[-110.13337,67.90583],[-109.4888,67.69112],[-108.83539,67.6106],[-108.6462,67.55893],[-108.09502,67.3596],[-108.10113,67.21882],[-108.32774,67.18139],[-108.48517,67.07013],[-108.34802,67.00387],[-107.52764,66.56298],[-107.60025,66.73959],[-107.61107,66.87972],[-107.40584,66.90224],[-107.12818,66.96184],[-107.15621,67.04304],[-107.59382,67.33831],[-107.65141,67.42718],[-107.71652,67.62756],[-107.66202,67.96262],[-107.50445,67.97784],[-106.62961,68.03916],[-106.21192,68.1071],[-106.11859,68.24176],[-105.91195,68.33937],[-105.63598,68.35485],[-105.14194,68.22862],[-104.45434,68.10292],[-104.01886,68.07389],[-103.58274,68.1195],[-103.30746,67.93351],[-103.19612,67.89646],[-102.76309,67.80045],[-102.21799,67.74195],[-101.91297,67.70533],[-101.39744,67.70628],[-101.002,67.79631],[-100.21193,67.80522],[-99.36767,67.79193],[-98.88603,67.81515],[-98.35488,67.93531],[-97.92311,67.72022],[-97.4955,67.58722],[-97.26069,67.5951],[-97.15116,67.73652],[-97.15859,67.96737],[-97.45818,68.07123],[-97.78758,68.13031],[-98.40711,68.15903],[-98.36706,68.36095],[-97.83036,68.39937],[-97.57179,68.36991],[-97.21005,68.27336],[-96.81832,68.18441],[-96.4321,68.16273],[-96.20793,68.07355],[-96.16806,67.99159],[-96.211,67.93185],[-96.34025,67.54483],[-96.2596,67.31505],[-96.12275,67.24124],[-96.043,67.2118],[-95.68652,67.16807],[-95.25866,67.02838],[-95.29073,67.27984],[-95.50045,67.72474],[-95.43879,67.94078],[-95.32255,68.06028],[-95.00206,68.05342],[-94.63704,68.06902],[-94.08401,68.45131],[-93.86266,68.47418],[-93.6468,68.4746],[-93.41411,68.54245],[-93.39924,68.60246],[-93.46689,68.76744],[-93.63582,68.92499],[-93.77388,68.92472],[-94.13841,68.84133],[-94.58307,68.87809],[-94.34251,69.1119],[-93.97977,69.14273],[-93.7844,69.21851],[-93.52708,69.21897],[-93.19426,69.0387],[-92.98549,68.96381],[-92.95614,69.08435],[-92.99247,69.51458],[-93.32716,69.48373],[-93.73072,69.49808],[-94.03673,69.55048],[-94.42321,69.69365],[-94.74958,69.65517],[-95.30958,69.73747],[-95.69699,69.84295],[-96.12698,69.94085],[-96.42263,70.09301],[-96.46397,70.15419],[-96.47409,70.29985],[-96.32551,70.36153],[-95.94668,70.56987],[-96.16534,70.66959],[-96.69965,70.83836],[-96.65925,70.93119],[-96.39831,71.20279],[-96.13159,71.33528],[-95.95746,71.35116],[-95.49298,71.23552],[-95.43042,71.25116],[-95.35268,71.40671],[-95.67177,71.56962],[-95.76205,71.69425],[-95.65869,71.71005],[-95.41065,71.85899],[-95.24577,71.87495],[-94.41721,71.88431],[-94.16578,71.84571],[-93.83814,71.76035],[-93.27117,71.55854],[-93.07692,71.411],[-92.9889,71.24022],[-93.09945,70.9688],[-92.53204,70.7304],[-92.16815,70.50768],[-91.65773,70.28585],[-91.82776,70.13226],[-92.27079,70.11612],[-92.48423,69.99329],[-92.67122,69.74241],[-92.45926,69.71245],[-91.97731,69.60731],[-91.61508,69.58525],[-91.44098,69.64617],[-91.17245,69.64666],[-90,69.48896],[-90,69.32998],[-90,69.23139],[-90,69.16359],[-90,68.95337],[-90,68.68317],[-90,68.3691],[-89.73559,68.53431],[-89.44108,69.0457],[-89.14041,69.23469],[-88.90502,69.2276],[-88.57614,69.10005],[-88.09737,68.85259],[-87.8844,68.68026],[-87.79026,68.47802],[-87.86149,68.28335],[-88.01305,68.2681],[-88.37114,68.31229],[-88.46199,68.17761],[-88.48146,67.99102],[-88.32388,67.81255],[-87.80835,67.51626],[-87.53399,67.29435],[-87.32541,67.16891],[-87.05794,67.24339],[-86.65455,67.3182],[-86.48844,67.37779],[-86.39503,67.67486],[-86.05096,67.85401],[-85.78174,68.04083],[-85.66954,68.33979],[-85.50633,68.67721],[-85.39985,68.75996],[-84.77273,68.72358],[-84.62459,68.75391],[-84.56435,68.98705],[-85.0076,69.13683],[-85.42065,69.29444],[-85.38107,69.69534],[-85.11337,69.81715],[-84.75946,69.80262],[-84.57022,69.83332],[-84.31352,69.82621],[-82.75667,69.54879],[-82.1605,69.24771],[-81.93276,69.24814],[-81.68396,69.27877],[-81.47992,69.18865],[-81.36991,68.72242],[-81.58303,68.602],[-81.7771,68.55667],[-81.88646,68.57896],[-82.20959,68.8185],[-82.32785,68.81827],[-82.68727,68.69748],[-82.63179,68.55508],[-82.49299,68.32328],[-82.1783,67.99536],[-81.79373,67.7578],[-81.29496,67.49873],[-81.28435,67.35788],[-81.49922,67.06891],[-81.69674,66.98729],[-82.32999,66.63962],[-82.63348,66.60228],[-83.13871,66.37349],[-83.48195,66.49772],[-84.22641,66.93089],[-84.49037,67.04853],[-84.71386,67.07028],[-85.02159,66.94414],[-84.4077,66.70937],[-83.74045,66.30631],[-84.05871,66.27637],[-84.36998,66.31247],[-84.94954,66.27471],[-85.1185,66.33306],[-85.38676,66.61183],[-85.90318,66.61823],[-86.73899,66.56514],[-86.85314,66.46202],[-86.57687,66.35237],[-85.98715,66.16278],[-86.05866,66.07476],[-86.33371,65.9279],[-87.25401,65.43012],[-87.54984,65.34954],[-87.78695,65.34909],[-88.17353,65.4575],[-88.54085,65.67545],[-88.64201,65.71173],[-89.1774,65.81295],[-89.50873,65.92925],[-89.77757,65.97996],[-90,65.97355],[-90,65.9716],[-90,65.89312],[-90,65.76792],[-89.69237,65.67328],[-88.90442,65.32516],[-88.17144,65.13038],[-87.61631,65.07339],[-87.15728,65.05959],[-87.43523,64.56887],[-87.82448,64.34704],[-97.36111,65.12429],[-110.86016,65.94355],[-120.40259,67.94747],[-119.97896,69.37806],[-119.27894,69.26152],[-118.81795,69.16424],[-118.53955,69.1346],[-117.83234,69.00779],[-117.32802,68.9786],[-116.81318,68.91183]]],[[[-78.0648,58.40758],[-78.26871,58.53095],[-78.33679,58.55147],[-78.46879,58.7095],[-78.43261,58.75774],[-78.04195,58.99277],[-77.7932,59.38671],[-77.66153,59.57363],[-77.54866,59.61536],[-77.34766,59.62266],[-77.21479,59.74752],[-77.26243,59.98302],[-77.34337,60.14298],[-77.48544,60.32395],[-77.50718,60.41463],[-77.39095,60.57546],[-77.38848,60.69432],[-78.17646,60.74177],[-77.68837,61.15606],[-77.46219,61.47258],[-77.4591,61.52888],[-77.60144,61.6201],[-77.87536,61.73932],[-77.98536,61.85892],[-78.00492,62.09886],[-77.86759,62.29],[-77.61822,62.43201],[-77.36155,62.51749],[-76.98962,62.48984],[-76.18819,62.32145],[-75.6946,62.21629],[-75.35587,62.18159],[-74.70775,62.17575],[-74.22191,62.24028],[-73.83501,62.34003],[-73.74016,62.36142],[-73.65973,62.3899],[-73.39458,62.355],[-72.94856,62.17197],[-72.83432,62.11567],[-72.49497,61.9116],[-72.08188,61.7432],[-71.72386,61.54673],[-71.8562,61.3707],[-71.67342,61.26569],[-70.90925,61.04264],[-70.02829,60.88317],[-69.70211,60.8978],[-69.53633,60.98915],[-69.3838,60.85639],[-69.38945,60.67447],[-69.64902,60.52024],[-69.70431,60.31776],[-69.50728,59.72054],[-69.44611,59.39558],[-69.34257,59.20933],[-69.36467,59.0506],[-69.47604,58.97453],[-69.67648,58.98103],[-69.83239,58.98765],[-69.89423,58.68446],[-69.72582,58.56094],[-69.21422,58.74768],[-69.04963,58.76864],[-68.69823,58.78997],[-68.56939,58.78335],[-68.26483,58.63937],[-68.09467,58.48149],[-68.09272,58.3647],[-68.12937,58.30967],[-68.00455,58.16574],[-67.7724,58.24854],[-67.63469,58.26941],[-67.10699,58.30474],[-66.82087,58.38769],[-66.62459,58.55993],[-66.47464,58.80796],[-66.32811,58.80136],[-66.24102,58.74644],[-65.92905,58.42375],[-65.91018,58.45127],[-65.86145,58.79534],[-65.71872,59.05748],[-65.50515,59.17518],[-65.26261,59.34823],[-65.55537,59.57577],[-65.55169,59.71416],[-65.42895,59.77672],[-64.9879,59.8191],[-64.90074,59.88159],[-64.67062,60.18092],[-64.37056,60.01439],[-64.09743,59.74461],[-63.7441,59.51696],[-63.47582,59.15831],[-63.00572,58.81453],[-62.88696,58.65644],[-63.04202,58.52547],[-62.999,58.37438],[-62.74108,58.38858],[-62.57671,58.03888],[-62.50973,57.97173],[-76.46229,56.57751],[-76.43863,56.80969],[-76.55454,57.28006],[-76.66498,57.51905],[-76.77238,57.6625],[-77.19423,57.9905],[-77.40436,58.11357],[-77.65973,58.2365],[-77.90159,58.35292],[-78.0648,58.40758]]],[[[-85.05793,65.60907],[-85.1984,65.37575],[-84.84234,65.20199],[-84.60505,65.18065],[-84.42398,65.39175],[-84.12236,65.34141],[-83.75972,65.21129],[-83.34707,64.9799],[-83.08543,64.86502],[-82.10961,64.64357],[-81.9107,64.52168],[-81.83136,64.40681],[-81.87213,63.99072],[-81.6296,63.96969],[-81.37314,63.9988],[-80.95305,63.97812],[-80.63768,63.91427],[-80.17939,63.722],[-80.3679,63.67876],[-80.48861,63.62139],[-80.69595,63.49963],[-81.12308,63.52021],[-81.40322,63.57683],[-82.00051,63.63282],[-82.19765,63.6896],[-82.49345,63.93943],[-82.73104,64.07508],[-83.18855,64.18177],[-83.42595,64.17414],[-83.51739,64.0521],[-83.43925,63.78738],[-83.49582,63.74437],[-84.08714,63.67179],[-84.39013,63.44988],[-84.65469,63.3139],[-85.1568,63.18473],[-85.4628,63.20552],[-85.43207,63.59783],[-85.60073,63.74756],[-86.03206,63.67527],[-87.1012,63.54468],[-87.05285,63.75199],[-86.80084,63.88837],[-86.06108,64.14051],[-86.19712,64.35553],[-86.24284,64.54232],[-86.19514,64.72953],[-86.01604,65.10542],[-85.82079,65.36003],[-85.70657,65.65158],[-85.55755,65.86355],[-85.05793,65.60907]]],[[[-76.26924,67.24878],[-76.86277,67.26249],[-77.06482,67.32873],[-77.16954,67.4397],[-77.24754,67.6548],[-77.11247,67.8484],[-76.79419,68.14715],[-76.4963,68.26721],[-75.88469,68.3431],[-75.47484,68.25417],[-75.1195,68.11297],[-75.12883,67.90422],[-75.14626,67.57703],[-75.30918,67.45801],[-75.7704,67.30152],[-76.26924,67.24878]]],[[[-97.4074,69.74872],[-96.76149,69.4773],[-96.18221,69.29705],[-96.14882,69.16884],[-96.00719,69.041],[-95.51457,68.80869],[-95.64428,68.75588],[-96.21271,68.53721],[-96.47281,68.51426],[-96.79361,68.52864],[-97.2087,68.61033],[-97.60563,68.63961],[-98.16823,68.78121],[-98.60599,68.86307],[-98.8779,68.88512],[-99.36505,68.97448],[-99.17148,69.12549],[-98.4774,69.30786],[-98.30435,69.39128],[-98.25264,69.6941],[-98.11539,69.80052],[-97.74158,69.83156],[-97.4074,69.74872]]],[[[-110.0794,72.56223],[-110.52461,72.9967],[-110.45457,73.01272],[-109.83352,72.95041],[-109.29004,72.84044],[-108.98632,72.7302],[-108.86968,72.61977],[-108.78216,72.39121],[-108.34788,71.91303],[-108.06053,71.75713],[-107.59039,71.89878],[-107.52726,72.01641],[-108.08661,72.62913],[-108.28399,73.22342],[-108.18151,73.38295],[-107.32208,73.26502],[-106.52324,73.1949],[-105.60927,72.87112],[-105.44746,72.79221],[-105.3126,72.65014],[-105.24045,72.33487],[-105.01037,72.04465],[-104.85225,71.92741],[-104.46709,71.65454],[-104.44526,71.56881],[-104.52513,71.45958],[-104.67539,71.1873],[-104.59457,71.04791],[-104.49382,70.99388],[-103.86364,70.70147],[-103.63449,70.62477],[-103.11633,70.51027],[-102.43571,70.46538],[-101.51056,70.20607],[-101.05518,70.03077],[-100.89128,69.67402],[-100.96714,69.62841],[-101.44928,69.6654],[-101.81391,69.77085],[-102.23951,69.87631],[-102.48754,69.79996],[-102.78671,69.70837],[-103.24611,69.69238],[-103.36133,69.63911],[-103.26754,69.32913],[-102.77837,69.36026],[-102.50229,69.4288],[-102.19798,69.48231],[-101.80372,69.24128],[-101.80838,69.13565],[-102.04509,69.06739],[-102.27785,68.95402],[-102.54044,68.90835],[-103.17824,68.85452],[-103.65028,68.86117],[-104.18777,68.89776],[-104.90506,69.00933],[-105.93044,69.23358],[-106.17933,69.33125],[-106.37526,69.48207],[-106.59244,69.4968],[-106.85383,69.45092],[-107.03467,69.28435],[-107.53623,69.05714],[-108.01073,69.04872],[-108.64557,69.00235],[-109.20942,68.81319],[-110.44822,68.65314],[-111.08742,68.64444],[-111.62939,68.60591],[-112.52248,68.63426],[-112.73987,68.58884],[-113.15218,68.59557],[-113.60199,68.72235],[-113.62914,68.93282],[-113.53999,68.97814],[-113.53913,69.1138],[-113.71682,69.20395],[-113.92465,69.24885],[-115.3407,69.29905],[-115.90655,69.35089],[-116.29551,69.42577],[-116.6562,69.5159],[-116.99492,69.74259],[-117.5682,69.99218],[-117.43177,70.02304],[-117.1929,70.12302],[-116.48556,70.14733],[-116.21415,70.2322],[-115.96314,70.22499],[-115.55354,70.23343],[-115.14665,70.27255],[-114.37436,70.25865],[-113.9538,70.25943],[-112.99109,70.23822],[-112.50061,70.23913],[-111.73053,70.25592],[-111.54371,70.32538],[-111.84993,70.42466],[-112.89022,70.64599],[-113.76405,70.73692],[-115.59048,70.76438],[-116.29657,70.77075],[-117.05903,70.74617],[-117.48882,70.72221],[-117.76066,70.72171],[-118.50345,70.9599],[-118.49877,71.05284],[-118.37259,71.08409],[-118.00223,71.10803],[-117.41016,71.20224],[-116.96211,71.18756],[-116.16114,71.25117],[-115.74225,71.29856],[-115.51704,71.42343],[-115.69346,71.57892],[-116.60405,71.54601],[-117.31388,71.47455],[-117.49078,71.49758],[-117.74025,71.58288],[-118.04493,71.73843],[-118.33757,71.8239],[-118.64907,71.79982],[-118.96837,71.90881],[-118.98561,72.03417],[-118.39876,72.47567],[-117.21971,72.8573],[-116.81048,72.92147],[-116.6429,73.00113],[-116.05919,73.12137],[-115.46322,73.19406],[-115.14786,73.31409],[-114.64695,73.35488],[-114.18506,73.24423],[-114.21641,73.14867],[-114.46294,72.98933],[-114.47271,72.62509],[-114.10439,72.64158],[-113.75349,72.69757],[-113.24133,72.94403],[-112.83889,72.95272],[-112.06347,72.84318],[-111.64081,72.72526],[-111.72554,72.33059],[-111.49363,72.36252],[-111.19661,72.37096],[-110.84028,72.47403],[-110.57087,72.53765],[-110.22986,72.53041],[-110.0794,72.56223]]],[[[-101.04202,72.76881],[-100.83489,72.74548],[-100.55805,72.87265],[-100.14955,73.15113],[-99.96296,73.16739],[-99.95504,73.26287],[-100.43335,73.51712],[-100.91383,73.70813],[-100.99366,73.81211],[-100.93396,73.86035],[-100.17654,73.82167],[-99.85664,73.91853],[-99.66771,73.91889],[-99.2194,73.74334],[-98.9675,73.72777],[-98.70653,73.7523],[-98.51104,73.86486],[-97.95663,73.92206],[-97.34714,73.89112],[-96.93673,73.78765],[-97.08239,73.66727],[-97.34347,73.61081],[-97.48886,73.45877],[-98.18635,73.29009],[-98.36284,73.21813],[-98.39371,73.13058],[-98.27965,73.0196],[-98.05192,72.97245],[-97.74046,73.01268],[-97.25463,72.9343],[-96.86413,72.82412],[-96.68853,72.81654],[-96.43458,72.69835],[-96.35087,72.50116],[-96.65747,72.34305],[-96.72786,72.18573],[-96.84962,71.87977],[-97.0552,71.71527],[-97.28401,71.6524],[-97.58004,71.64402],[-97.84193,71.69036],[-98.18998,71.84595],[-98.48398,71.89236],[-98.47841,71.79854],[-98.00388,71.54968],[-98.37188,71.36997],[-98.71809,71.35376],[-98.93899,71.39222],[-99.43435,71.64057],[-99.86263,71.92894],[-100.31894,72.13973],[-100.7592,72.24101],[-101.40629,72.29485],[-101.65374,72.37307],[-102.66873,72.85284],[-102.27919,73.14716],[-101.98523,73.08414],[-101.52066,72.87085],[-101.04202,72.76881]]],[[[-95.06854,74.06405],[-94.97359,74.10443],[-94.86818,74.13681],[-93.89901,74.16276],[-93.35233,74.12356],[-92.69331,74.01223],[-92.11629,73.98919],[-91.52424,74.05461],[-91.05135,74.04741],[-90,73.99981],[-90,73.90398],[-90,73.86388],[-90,73.78355],[-90,73.59082],[-91.31958,73.25516],[-92.00058,72.84114],[-92.62426,72.80831],[-93.69485,72.87755],[-94.26578,72.85272],[-93.63933,72.5299],[-93.72376,72.38791],[-94.10856,72.22203],[-94.5424,72.18979],[-95.05837,72.28314],[-95.1239,72.51923],[-95.54763,72.88201],[-95.64077,73.14367],[-95.61454,73.31877],[-95.49306,73.61426],[-95.32336,73.75862],[-94.75805,73.74366],[-94.79847,73.81568],[-94.98547,73.93563],[-95.06854,74.06405]]],[[[-72.72999,64.015],[-73.14795,64.34407],[-73.16356,64.57397],[-73.6656,64.60179],[-74.25551,64.76625],[-74.55906,64.78009],[-74.4312,64.43504],[-74.50112,64.39182],[-74.68512,64.39864],[-75.45185,64.54811],[-75.59101,64.53347],[-75.73707,64.39668],[-75.93553,64.26706],[-76.5261,64.23011],[-77.13303,64.30788],[-77.73748,64.39293],[-78.10337,64.50723],[-78.12671,64.651],[-78.03856,64.83123],[-77.86662,64.99018],[-77.38702,65.06357],[-77.30075,65.14354],[-77.35837,65.37593],[-77.26592,65.39064],[-76.6551,65.34089],[-76.02154,65.2621],[-75.78904,65.19719],[-75.35587,64.91552],[-75.33304,65.08918],[-75.40232,65.17612],[-75.3676,65.26336],[-75.10431,65.27838],[-74.66482,65.32282],[-74.37126,65.39608],[-74.07913,65.44757],[-73.84737,65.41888],[-73.49424,65.405],[-73.41993,65.52888],[-73.932,65.89996],[-74.27989,66.06022],[-74.33333,66.16264],[-74.25811,66.23606],[-73.99428,66.26588],[-73.67012,66.37653],[-73.03596,66.64232],[-72.87355,66.88572],[-72.52696,67.09307],[-72.30491,67.26361],[-72.35402,67.53032],[-72.75854,67.90865],[-72.94172,68.13196],[-73.18492,68.2958],[-73.37103,68.29544],[-73.93709,68.44398],[-74.40534,68.6604],[-74.51526,68.87042],[-74.75226,69.04298],[-74.95114,68.9523],[-75.19906,68.86164],[-75.57037,68.86847],[-75.70227,68.81562],[-75.98152,68.80757],[-76.54644,68.73145],[-76.64258,69.03192],[-76.17832,69.05539],[-75.6247,69.1016],[-75.55169,69.22234],[-76.27321,69.50035],[-76.97149,69.80197],[-77.36705,69.8088],[-77.62225,69.8918],[-77.69864,70.13575],[-78.00344,70.28839],[-78.20575,70.31102],[-78.61879,70.44847],[-78.92801,70.60174],[-79.1011,70.65532],[-79.37589,70.58551],[-79.74047,70.66954],[-80.27012,70.77649],[-80.48997,70.81469],[-80.6605,70.75261],[-80.42231,70.61434],[-80.21841,70.59161],[-78.94104,70.27133],[-78.74378,70.14908],[-78.71292,70.01145],[-78.94032,69.91211],[-79.24144,69.88118],[-79.48502,69.8959],[-79.82563,69.91806],[-80.19363,70.0316],[-80.71258,70.15307],[-81.01278,70.18313],[-81.15785,70.10628],[-81.13795,70.01452],[-80.94609,69.90837],[-80.82937,69.71139],[-81.59564,69.96034],[-81.8072,69.98272],[-81.98577,69.92923],[-82.26922,69.86035],[-82.61402,69.95842],[-82.9262,70.01121],[-83.31289,69.95713],[-83.97605,70.0398],[-84.87374,70.11463],[-85.46806,70.09822],[-85.98391,70.11258],[-86.37189,70.19607],[-86.37335,70.46472],[-86.53694,70.53361],[-86.94352,70.55595],[-87.12149,70.40183],[-87.40171,70.3629],[-87.94801,70.38491],[-88.43218,70.46083],[-89.01851,70.67528],[-89.20502,70.84468],[-89.14981,70.96847],[-88.75949,71.00014],[-88.2504,70.97013],[-87.70471,70.92475],[-87.30907,70.93323],[-87.1688,71.0186],[-87.58924,71.22703],[-87.94922,71.3506],[-88.35642,71.39649],[-88.85417,71.45],[-89.19249,71.4338],[-89.43505,71.44115],[-89.99718,71.54129],[-89.94577,71.72855],[-89.81404,71.97904],[-89.66103,72.04203],[-89.37053,72.0661],[-89.33409,72.16812],[-89.82087,72.348],[-89.8407,72.42665],[-89.63865,72.78225],[-89.10019,73.19565],[-88.84568,73.32347],[-88.43248,73.46773],[-88.09925,73.63607],[-87.90912,73.65243],[-87.74259,73.73275],[-87.4284,73.73333],[-87.21197,73.7898],[-86.89244,73.83047],[-86.24623,73.87976],[-85.63981,73.86488],[-85.25421,73.77745],[-85.66802,73.60064],[-86.03498,73.38449],[-86.66202,73.0969],[-86.85537,72.85867],[-86.77942,72.69271],[-86.21418,72.44921],[-86.41395,72.31502],[-86.44831,72.13428],[-86.33254,71.9934],[-85.94468,71.74387],[-85.24308,71.46455],[-85.28621,71.41001],[-85.85852,71.26133],[-85.89104,71.12167],[-85.45938,71.10698],[-84.78257,71.06175],[-84.48841,71.34931],[-84.53479,71.53594],[-84.68887,71.66037],[-85.01464,71.70658],[-85.20472,71.76867],[-85.60246,72.01045],[-85.55709,72.08106],[-85.32934,72.19133],[-85.11649,72.27815],[-84.66581,72.224],[-84.28932,72.25613],[-84.83113,72.46758],[-85.14729,72.48272],[-85.50441,72.60823],[-85.52945,72.69506],[-85.50573,72.9404],[-85.10701,73.08396],[-84.56403,73.04528],[-83.88482,73.07036],[-84.30761,73.19668],[-84.86235,73.35481],[-84.50546,73.49106],[-83.92614,73.57995],[-83.45606,73.63676],[-82.6968,73.78224],[-82.1952,73.77516],[-81.90645,73.75168],[-81.53178,73.68836],[-81.17988,73.47333],[-80.48867,73.03701],[-80.46251,72.97364],[-80.72471,72.66456],[-81.04363,72.38014],[-81.0268,72.05034],[-80.86315,72.01147],[-80.57043,71.99636],[-80.08085,72.13839],[-79.95325,72.34285],[-79.68543,72.3827],[-79.32959,72.36761],[-79.12539,72.28936],[-79.1281,72.17155],[-79.05626,71.96003],[-78.66254,71.87471],[-78.57443,71.92962],[-78.66637,72.31381],[-78.56826,72.36905],[-78.36335,72.58214],[-77.89602,72.70143],[-77.45512,72.72597],[-77.11871,72.7108],[-76.6775,72.63264],[-76.14997,72.5705],[-75.63189,72.61091],[-75.32203,72.54842],[-75.17511,72.43048],[-74.89579,72.28155],[-74.63761,72.19564],[-74.31275,72.03939],[-74.31252,71.95327],[-74.5515,71.9137],[-74.76948,71.78821],[-75.13749,71.67046],[-75.20394,71.56898],[-75.00154,71.45261],[-74.80948,71.42186],[-74.40551,71.60944],[-74.11194,71.68795],[-73.886,71.66499],[-73.67182,71.55626],[-73.50741,71.34658],[-73.27524,71.16077],[-73.12123,71.26965],[-72.53456,71.62851],[-71.66397,71.5133],[-71.25251,71.3508],[-71.27546,71.31968],[-71.56268,71.16399],[-71.88152,70.93119],[-71.35637,70.95535],[-71.15184,71.03308],[-70.66658,71.08046],[-70.65165,70.76364],[-70.2929,70.61791],[-70.05768,70.64914],[-69.68382,70.74232],[-69.09159,70.78199],[-68.7242,70.68246],[-68.46939,70.55974],[-68.54206,70.4904],[-68.74963,70.39015],[-69.59112,70.19687],[-69.6981,70.07418],[-69.46268,69.96012],[-69.25789,69.99094],[-68.92173,70.068],[-68.36594,70.12257],[-68.18325,70.25313],[-68.0208,70.29945],[-67.805,70.26916],[-67.57548,70.18531],[-67.33066,70.03273],[-67.0443,69.7977],[-67.50282,69.79684],[-68.04297,69.77309],[-68.23384,69.71212],[-68.20718,69.59103],[-68.03991,69.53081],[-67.43982,69.5017],[-67.01748,69.41935],[-66.77282,69.32167],[-66.66814,69.18608],[-66.8347,69.17071],[-67.17119,69.17011],[-67.6261,69.20692],[-68.01995,69.30425],[-68.39074,69.33374],[-68.53315,69.25049],[-67.97969,68.98788],[-68.07705,68.89747],[-68.77549,68.84356],[-68.66535,68.71613],[-68.4689,68.64147],[-68.22119,68.62696],[-67.6222,68.46327],[-67.03156,68.3073],[-66.92033,68.22531],[-66.90284,68.09846],[-66.74474,67.92733],[-66.40714,68.02483],[-66.16581,68.00291],[-65.52998,67.87005],[-65.39576,67.90006],[-65.10331,67.96766],[-64.82885,67.95326],[-64.49025,67.78271],[-64.10211,67.56799],[-63.93301,67.41257],[-64.24091,67.36753],[-64.60144,67.31504],[-64.61375,67.11527],[-64.25593,67.11595],[-63.62352,67.13931],[-63.39403,67.19888],[-62.99138,67.17745],[-63.16489,66.92601],[-62.75195,66.84569],[-62.52051,66.84611],[-62.09613,67.01658],[-61.78801,66.86222],[-61.29785,66.67901],[-61.21058,66.63501],[-61.33414,66.53183],[-61.4488,66.48754],[-61.49476,66.34064],[-61.8636,66.31794],[-62.18678,66.41272],[-62.29767,66.43455],[-62.65512,66.33845],[-62.21956,66.13405],[-62.09398,66.0611],[-62.06825,65.93682],[-62.54404,65.84826],[-62.70429,65.74578],[-62.84475,65.61426],[-63.01229,65.66497],[-63.38091,65.92704],[-63.51128,65.431],[-63.352,65.02465],[-63.54065,64.99533],[-63.84556,65.11074],[-64.18361,65.18994],[-64.27581,65.26962],[-64.28371,65.37863],[-64.42532,65.50203],[-64.84371,65.37758],[-65.17781,65.65363],[-65.15502,65.78496],[-65.03385,65.9532],[-65.17035,66.01144],[-65.27105,66.01857],[-65.71737,66.05431],[-66.04065,66.1855],[-66.56691,66.46327],[-66.91285,66.59491],[-67.25595,66.61634],[-67.45919,66.51303],[-67.74914,66.47574],[-67.75988,66.37292],[-67.63355,66.29246],[-67.16103,65.98576],[-67.30549,65.9343],[-67.61417,65.91181],[-67.77575,66.02852],[-68.08504,66.18898],[-68.37565,66.28373],[-68.25179,66.06419],[-67.86521,65.62672],[-67.5935,65.61993],[-67.32944,65.584],[-67.10421,65.32244],[-66.82872,64.96029],[-66.59773,64.76616],[-66.32096,64.91077],[-66.19254,64.88937],[-65.92605,64.70983],[-65.6628,64.58801],[-65.04183,64.40952],[-65.32708,64.35872],[-65.42321,64.26522],[-65.30861,64.17939],[-65.05298,64.05088],[-64.61976,63.85126],[-64.47394,63.7443],[-64.36486,63.43754],[-64.41539,63.24504],[-65.00145,63.76474],[-65.25071,63.87155],[-65.26278,63.76427],[-65.20952,63.64291],[-64.73497,63.06652],[-64.73933,62.93145],[-65.15611,62.98751],[-65.1325,62.89521],[-64.93792,62.711],[-64.76776,62.47745],[-65.02101,62.55489],[-65.29798,62.69614],[-65.69803,63.00782],[-65.76305,63.02193],[-66.0868,62.99288],[-66.49595,63.07743],[-67.14419,63.37528],[-67.28792,63.50336],[-67.76574,63.80247],[-67.68161,63.45271],[-68.23077,63.6658],[-68.48603,63.73677],[-68.87864,63.75033],[-68.83601,63.65038],[-68.47648,63.33714],[-68.09263,63.14558],[-67.26384,62.85569],[-66.68069,62.56592],[-66.33226,62.31878],[-66.13322,62.10004],[-65.94034,61.79],[-66.76502,61.94357],[-67.45084,62.13288],[-68.01397,62.25903],[-68.66358,62.30733],[-69.15526,62.41962],[-69.55949,62.70942],[-70.07524,62.7723],[-70.36223,62.86407],[-70.64811,62.92745],[-70.67387,62.86225],[-70.7794,62.95563],[-71.31892,63.06126],[-71.62174,63.21014],[-71.69125,63.33111],[-71.53546,63.35991],[-71.25812,63.56728],[-71.87858,63.8019],[-72.38791,63.85817],[-72.72999,64.015]]],[[[-89.3694,75.65158],[-89.0422,75.4608],[-88.76273,75.4198],[-88.66658,75.4532],[-88.64735,75.59465],[-88.51881,75.61987],[-88.03487,75.62078],[-87.63767,75.7049],[-87.2929,75.65551],[-86.91691,75.54795],[-86.61799,75.43216],[-86.17896,75.40808],[-85.83033,75.61662],[-85.20331,75.74293],[-84.43666,75.79451],[-83.55868,75.90493],[-82.86868,75.88112],[-81.70312,75.87495],[-81.53156,75.85854],[-81.17606,75.71719],[-80.76611,75.60955],[-80.12798,75.54417],[-79.83384,75.48653],[-79.73918,75.47009],[-79.57665,75.39566],[-79.49518,75.27981],[-79.67514,75.21329],[-80.49992,75.03009],[-80.56049,74.91556],[-80.34932,74.6159],[-81.46825,74.58145],[-81.73455,74.57284],[-82.02742,74.53186],[-82.37299,74.5555],[-82.75358,74.62759],[-82.93596,74.68396],[-83.07375,74.98405],[-83.44873,75.08227],[-83.6136,75.0242],[-83.58103,74.69896],[-83.82236,74.6418],[-84.15854,74.66548],[-84.56787,74.61612],[-84.89557,74.62362],[-85.11821,74.62321],[-85.72237,74.71926],[-85.98915,74.80799],[-86.21156,74.81569],[-86.30568,74.62096],[-87.11603,74.5709],[-87.48978,74.53785],[-88.14364,74.56897],[-88.32573,74.682],[-88.39016,74.99047],[-88.94714,74.93243],[-89.12196,74.85086],[-89.26858,74.70456],[-89.69808,74.61463],[-90,74.62996],[-90,74.64215],[-90,74.71844],[-91.05401,74.97727],[-91.35767,74.75738],[-91.8668,74.7889],[-92.16646,75.0988],[-92.36552,75.42128],[-92.10123,75.63806],[-92.09278,75.80506],[-92.22412,75.94715],[-92.78618,76.24028],[-93.06394,76.37476],[-93.08487,76.52703],[-92.7989,76.58693],[-92.24705,76.62192],[-91.13463,76.63253],[-90,76.59077],[-90,76.47307],[-90,76.45518],[-89.81153,76.37252],[-90,76.28755],[-90,76.28166],[-90,76.26128],[-90,76.1847],[-91.1564,75.97434],[-90,75.95013],[-90,75.967],[-90,75.96778],[-89.80174,75.9182],[-89.59355,75.85999],[-89.3694,75.65158]]],[[[-87.45333,82.13975],[-86.68183,81.99372],[-86.50296,82.03618],[-86.32438,82.20583],[-85.73823,82.33498],[-84.94663,82.37949],[-84.05814,82.28525],[-83.72272,82.28599],[-82.56995,82.22458],[-81.39061,82.07885],[-80.74977,82.03807],[-80.09238,81.96588],[-79.89058,82.03991],[-80.53531,82.22901],[-81.28701,82.38749],[-81.65429,82.58049],[-81.52257,82.6893],[-80.9099,82.75599],[-80.41458,82.86655],[-79.77068,82.91193],[-78.69849,83.00252],[-77.94878,82.94901],[-77.07409,82.86299],[-76.61992,82.74363],[-76.08424,82.53871],[-75.92494,82.51744],[-75.8021,82.68013],[-76.234,82.90876],[-76.60655,83.04039],[-76.38208,83.15191],[-75.72928,83.09776],[-74.90499,83.02204],[-74.16105,82.99055],[-73.42364,82.78347],[-73.25344,82.77292],[-73.22588,82.86053],[-73.36117,83.10304],[-72.55954,83.10484],[-71.92592,83.08406],[-71.55182,82.96325],[-71.17767,82.81031],[-70.89964,82.81092],[-70.91942,82.93159],[-71.06805,83.14152],[-70.5843,83.17604],[-68.92305,83.0022],[-67.69633,82.8728],[-66.82489,82.90769],[-65.48093,82.89966],[-65.04577,82.8787],[-64.70529,82.82466],[-64.64853,82.82477],[-64.00984,82.78244],[-63.51987,82.6963],[-63.18511,82.65362],[-62.4271,82.63357],[-61.81634,82.47298],[-61.98938,82.31192],[-62.54636,82.25742],[-63.0887,82.09729],[-63.92061,82.0112],[-64.36049,82.03129],[-65.34669,82.10295],[-66.3745,82.10073],[-66.7236,82.03674],[-67.58519,81.96132],[-67.85379,81.75202],[-67.51643,81.58725],[-67.17384,81.56736],[-66.71057,81.58895],[-65.94339,81.71458],[-65.5879,81.705],[-65.22434,81.50984],[-65.29983,81.45841],[-65.86058,81.39586],[-66.48169,81.30288],[-67.00994,81.17004],[-67.95411,80.93699],[-68.54624,80.83605],[-69.08181,80.67633],[-69.49747,80.54749],[-70.51106,80.54539],[-70.21854,80.13745],[-70.42052,80.05045],[-71.45447,79.84579],[-71.79984,79.85418],[-72.51384,79.87085],[-73.17185,79.96901],[-74.24547,80.04267],[-74.54227,79.89407],[-73.37603,79.58112],[-73.6739,79.51775],[-74.10913,79.53486],[-74.69301,79.52475],[-75.17368,79.51487],[-76.33468,79.61135],[-77.23877,79.58269],[-77.29916,79.28556],[-76.73341,79.33287],[-76.25381,79.32485],[-75.21376,79.19303],[-74.96309,79.12227],[-74.90886,78.82077],[-75.05745,78.73213],[-75.52127,78.67827],[-75.75304,78.36125],[-76.236,78.35155],[-76.43763,78.37748],[-76.61847,78.29825],[-76.48484,78.18409],[-76.14319,78.07197],[-76.29064,78.01065],[-77.01715,77.97447],[-77.40727,77.99115],[-78.17676,78.0681],[-78.36676,78.03287],[-78.18245,77.67718],[-78.21856,77.57334],[-78.51054,77.44339],[-78.8554,77.37383],[-79.53947,77.42421],[-80.45712,77.47416],[-81.10029,77.5765],[-81.55393,77.5411],[-82.10243,77.31605],[-81.63842,77.2654],[-81.47284,77.23994],[-80.50338,77.19033],[-79.71195,77.13182],[-79.02188,77.05609],[-78.12143,77.04071],[-77.82434,76.88758],[-77.80407,76.72584],[-78.21225,76.54685],[-79.42032,76.42604],[-79.83748,76.37455],[-80.31186,76.2724],[-80.8135,76.23771],[-81.02364,76.36386],[-81.38231,76.65106],[-81.63405,76.63363],[-81.91791,76.63306],[-82.57185,76.77632],[-82.57236,76.69975],[-82.42357,76.4711],[-83.08796,76.47829],[-83.7633,76.53631],[-84.15718,76.67976],[-84.62187,76.89168],[-84.7964,76.86577],[-84.55935,76.54325],[-84.66751,76.46683],[-85.03705,76.40692],[-85.81091,76.45618],[-86.83531,76.47119],[-87.27271,76.50421],[-87.89473,76.68115],[-88.18345,76.7401],[-88.31024,76.53611],[-88.58884,76.46783],[-89.41813,76.61032],[-89.34565,76.87418],[-89.24701,76.97679],[-88.56067,77.02938],[-88.28634,77.14118],[-87.8539,77.21922],[-87.32338,77.20305],[-87.09916,77.28074],[-87.58184,77.46057],[-88.05124,77.75363],[-88.02764,77.82308],[-87.81247,77.87561],[-87.22,77.85936],[-86.4357,77.81746],[-86.03608,77.72282],[-85.53759,77.49034],[-84.92994,77.34507],[-84.44174,77.30302],[-83.69174,77.31303],[-83.31881,77.37396],[-83.27977,77.49464],[-83.04858,77.63122],[-84.40709,77.6307],[-84.8683,77.70773],[-84.93851,78.09006],[-84.84344,78.15964],[-85.62624,78.22853],[-86.50987,78.29688],[-86.63319,78.29664],[-86.91719,78.24524],[-86.82544,78.58614],[-86.30379,78.83437],[-85.80681,78.90618],[-84.97997,78.90775],[-84.45631,78.89105],[-83.83996,78.85679],[-82.92934,78.71704],[-82.3256,78.66528],[-82.10682,78.73632],[-81.59718,78.75462],[-83.1269,79.11557],[-83.91088,79.25663],[-85.51048,79.82788],[-85.69302,79.71916],[-86.32239,80.11429],[-86.31093,80.23021],[-86.17015,80.27898],[-85.38411,80.23207],[-84.52677,80.23385],[-83.61837,80.20665],[-82.89854,80.03467],[-81.75811,79.6819],[-81.10627,79.70113],[-80.73165,79.65852],[-81.35573,79.90811],[-82.26256,80.05098],[-81.71875,80.38538],[-81.06369,80.53345],[-80.28473,80.54489],[-79.59666,80.64473],[-78.67794,80.67624],[-78.15716,80.72676],[-77.52089,80.74994],[-78.32093,80.96536],[-78.96228,81.03421],[-80.08789,81.02182],[-80.64737,80.91053],[-81.23449,80.8395],[-81.87591,80.74875],[-82.52704,80.72763],[-82.79074,80.69738],[-83.48033,80.89461],[-83.57652,80.84459],[-83.8209,80.7745],[-84.79298,80.7824],[-85.50383,80.61806],[-85.36412,80.99073],[-84.92305,81.12236],[-84.91957,81.21334],[-85.19237,81.32448],[-85.81105,81.39453],[-86.43676,81.39323],[-88.32173,81.16574],[-89.23554,80.86361],[-89.41893,80.9131],[-89.67524,81.0262],[-89.4974,81.08578],[-89.19255,81.09641],[-89.24527,81.23857],[-89.55921,81.41771],[-90,81.44271],[-90,81.44432],[-90,81.45074],[-91.07987,81.53849],[-91.21859,81.83732],[-90,81.97421],[-90,82.0065],[-90,82.01733],[-88.63978,82.07377],[-88.07138,82.12784],[-87.45333,82.13975]]],[[[-95.62854,77.0416],[-94.93448,76.92328],[-94.27182,76.89894],[-94.19507,76.89907],[-93.79453,76.73796],[-93.87482,76.62734],[-93.81958,76.48329],[-93.9376,76.39846],[-94.50723,76.42276],[-95.53257,76.49697],[-95.72408,76.4712],[-95.87342,76.51328],[-96.27654,76.73324],[-96.80947,76.9197],[-96.7231,77.02239],[-95.62854,77.0416]]],[[[-89.04198,80.16661],[-88.84984,80.13805],[-88.33642,80.11981],[-88.37289,80.22599],[-88.34771,80.41079],[-88.15042,80.46008],[-87.82734,80.37284],[-87.5041,80.22776],[-87.33573,80.09296],[-87.36558,80.01603],[-87.34057,79.64422],[-86.99669,79.44535],[-86.56811,79.45285],[-85.99371,79.48603],[-85.25317,79.25917],[-85.75851,79.37819],[-86.4461,79.22502],[-87.16542,79.12562],[-87.53909,78.95608],[-87.6683,78.86718],[-87.78726,78.72545],[-87.98874,78.71623],[-88.66073,78.90074],[-88.95589,78.74972],[-88.74637,78.55607],[-88.75939,78.45051],[-88.94465,78.36235],[-89.1208,78.34448],[-89.60959,78.48402],[-90,78.6241],[-90,78.33374],[-90,78.30295],[-90,78.28098],[-90,78.2627],[-91.42383,78.30503],[-92.07972,78.37389],[-92.47908,78.44339],[-92.70154,78.43417],[-94.10336,79.02345],[-94.18932,79.14778],[-93.30256,79.25649],[-91.8085,79.21474],[-91.40872,79.17096],[-90,79.12607],[-91.81904,79.4382],[-93.17762,79.53421],[-93.67397,79.47941],[-94.31747,79.48716],[-94.58588,79.40601],[-95.03941,79.39621],[-95.31238,79.48527],[-95.79211,79.71801],[-96.43337,79.93342],[-96.5869,80.09339],[-95.70009,80.03749],[-94.67505,80.11653],[-95.24011,80.22835],[-95.5804,80.38618],[-95.40915,80.52351],[-95.08132,80.58318],[-94.73533,80.59372],[-94.32073,80.57491],[-94.25027,80.67363],[-95.05992,81.03066],[-94.5859,81.08194],[-94.04014,81.16381],[-93.53174,81.12448],[-93.26863,81.14521],[-93.20341,81.22631],[-93.4347,81.43978],[-92.82201,81.37972],[-92.39833,81.35003],[-92.02488,81.25922],[-91.31003,80.86836],[-91.01618,80.74964],[-90,80.64156],[-90,80.6422],[-90,80.65948],[-89.79909,80.70266],[-89.42469,80.61454],[-89.27208,80.38938],[-89.04198,80.16661]]]]}},{"type":"Feature","properties":{"NAME":"Andean hunter-gatherers","ABBREVN":"Andean hunter-gatherers","wikipedia":null,"SUBJECTO":"Andean hunter-gatherers","BORDERPRECISION":1,"PARTOF":"Andean hunter-gatherers"},"geometry":{"type":"MultiPolygon","coordinates":[[[[-67.12255,-25.03204],[-68.61658,-26.6665],[-69.31965,-29.30478],[-67.49931,-31.66319],[-67.48159,-31.65586],[-67.64985,-33.57695],[-69.43683,-37.15903],[-71.51675,-39.70575],[-72.06848,-40.54723],[-72.72818,-41.55336],[-72.76747,-41.53527],[-72.89089,-41.52911],[-72.96338,-41.57414],[-73.1777,-41.76055],[-73.42417,-41.7867],[-73.46355,-41.78677],[-73.59364,-41.69724],[-73.66562,-41.47936],[-73.84526,-41.15283],[-73.90523,-40.83904],[-73.82081,-40.42911],[-73.75937,-40.24339],[-73.43432,-39.91036],[-73.19384,-39.56537],[-73.19634,-39.41867],[-73.44117,-38.62841],[-73.44044,-38.35431],[-73.40069,-38.09928],[-73.43501,-37.90178],[-73.67254,-37.50085],[-73.69027,-37.3671],[-73.58405,-37.27772],[-73.35967,-37.32185],[-73.27789,-37.28346],[-73.1879,-37.21957],[-73.14423,-37.1558],[-72.95996,-36.57589],[-72.84636,-36.3592],[-72.70962,-35.9388],[-72.62885,-35.64588],[-72.33002,-35.28258],[-72.16658,-34.95791],[-72.07612,-34.67194],[-71.96271,-34.24619],[-71.82276,-33.93471],[-71.73862,-33.87738],[-71.61574,-33.70565],[-71.60992,-33.57228],[-71.67725,-33.38978],[-71.7504,-33.19149],[-71.71337,-33.10885],[-71.50858,-32.90519],[-71.41605,-32.75257],[-71.41327,-32.72888],[-71.40336,-32.64458],[-71.44536,-32.54305],[-71.51985,-32.18118],[-71.6515,-31.24145],[-71.69539,-30.85409],[-71.68158,-30.6],[-71.49607,-30.34556],[-71.32951,-30.10385],[-71.23666,-29.84959],[-71.23364,-29.5193],[-71.38621,-29.28459],[-71.43015,-29.10048],[-71.2972,-28.66828],[-71.19902,-28.24496],[-71.14201,-27.99464],[-70.93462,-27.72742],[-70.85741,-27.31438],[-70.849,-27.28067],[-70.74798,-26.87585],[-70.69128,-26.51365],[-70.65463,-26.25948],[-70.683,-25.77041],[-70.49319,-25.47144],[-70.39814,-25.24891],[-69.09424,-25.54844],[-68.19179,-25.49204],[-67.95249,-24.64515],[-67.82483,-22.47488],[-67.35618,-19.19434],[-66.59525,-19.14512],[-65.90623,-18.31106],[-66.09724,-20.13835],[-67.12255,-25.03204]]]]}},{"type":"Feature","properties":{"NAME":"Amazon hunter-gatherers","ABBREVN":"Amazon hunter-gatherers","wikipedia":null,"SUBJECTO":"Amazon hunter-gatherers","BORDERPRECISION":1,"PARTOF":"Amazon hunter-gatherers"},"geometry":{"type":"MultiPolygon","coordinates":[[[[-69.04501,-8.23585],[-70.15821,-5.73542],[-66.40849,3.04194],[-62.65878,4.15292],[-58.55753,3.9776],[-55.86243,1.69557],[-55.80384,0.87553],[-57.97164,-0.58916],[-58.44035,-2.28765],[-56.33114,-4.33474],[-54.16334,-4.62679],[-49.06607,-4.74358],[-46.28089,-3.55281],[-53.12847,-14.26468],[-53.12338,-14.27504],[-60.26761,-13.81],[-64.19309,-14.69018],[-64.19406,-14.69458],[-69.04501,-8.23585]]],[[[-37.88789,-4.39302],[-37.88789,-4.39302],[-38.0684,-4.2318],[-37.88789,-4.39302]]]]}},{"type":"Feature","properties":{"NAME":"Patagonian shellfish and marine mammal hunters","ABBREVN":"Patagonian shellfish and marine mammal hunters","wikipedia":null,"SUBJECTO":"Patagonian shellfish and marine mammal hunters","BORDERPRECISION":1,"PARTOF":"Patagonian shellfish and marine mammal hunters"},"geometry":{"type":"MultiPolygon","coordinates":[[[[-69.21397,-54.93402],[-69.42404,-54.88081],[-69.67172,-54.77409],[-69.86099,-54.77446],[-70.07761,-54.82176],[-70.49822,-54.92307],[-70.72149,-54.9369],[-70.66498,-54.78269],[-70.57391,-54.6419],[-70.62075,-54.50145],[-70.213,-54.43378],[-69.56778,-54.4593],[-69.37307,-54.60481],[-69.05546,-54.60198],[-69.33532,-54.29168],[-69.47352,-54.21842],[-69.7257,-54.16546],[-69.80562,-54.12552],[-69.89022,-54.13905],[-70.04246,-53.98574],[-70.14554,-53.80573],[-69.42058,-53.54429],[-69.44066,-53.41107],[-69.51458,-53.34461],[-70.33333,-53.47274],[-70.46471,-53.37307],[-70.34638,-53.15982],[-70.28055,-53.08651],[-69.79728,-52.85286],[-69.40672,-52.56649],[-69.2205,-52.69229],[-68.70134,-52.72009],[-68.33215,-52.85004],[-68.30538,-52.94305],[-68.46482,-53.08301],[-68.70526,-53.23463],[-68.62442,-53.31627],[-68.55745,-53.34943],[-68.2844,-53.31561],[-68.12968,-53.37524],[-67.83812,-53.70125],[-67.42971,-54.00075],[-66.98282,-54.34066],[-66.74633,-54.44053],[-66.41753,-54.60718],[-66.30703,-54.64044],[-66.11799,-54.64008],[-65.90043,-54.71331],[-65.32306,-54.7256],[-65.25924,-54.71878],[-65.26216,-54.81925],[-65.34771,-54.91324],[-65.5691,-54.94046],[-66.1082,-54.98172],[-66.45801,-55.06973],[-66.62185,-55.07004],[-67.15256,-54.90998],[-67.4916,-54.87042],[-68.00917,-54.85801],[-68.3755,-54.852],[-68.74939,-54.88858],[-69.21397,-54.93402]]],[[[-73.94838,-43.45772],[-74.1418,-43.44525],[-74.23627,-43.36826],[-74.29605,-43.2655],[-74.20158,-43.05959],[-74.13408,-42.76387],[-74.17348,-42.53272],[-74.1686,-42.34649],[-74.00481,-42.01882],[-73.6372,-41.96676],[-73.47507,-42.11402],[-73.45524,-42.26161],[-73.7649,-42.46126],[-73.83052,-42.56413],[-73.6086,-42.9106],[-73.69581,-43.38648],[-73.77129,-43.50883],[-73.94838,-43.45772]]],[[[-73.28059,-52.95263],[-73.24333,-52.57389],[-73.62555,-52.60782],[-73.65839,-52.44196],[-73.56045,-52.2826],[-73.19004,-52.32829],[-72.96131,-52.23502],[-72.86903,-52.28125],[-72.84486,-52.64615],[-72.96489,-52.79915],[-73.08036,-53.03204],[-73.28059,-52.95263]]],[[[-70.57932,-40.5791],[-71.63392,-43.19555],[-72.19052,-45.99012],[-72.04405,-48.76639],[-71.48745,-51.10387],[-71.16521,-51.56144],[-69.11474,-51.35236],[-69.07692,-51.49935],[-68.83097,-51.90242],[-68.51646,-52.25297],[-68.41053,-52.40529],[-68.4559,-52.42018],[-68.59379,-52.46537],[-68.99491,-52.42632],[-69.23708,-52.29413],[-69.34321,-52.2877],[-69.48302,-52.36094],[-69.67135,-52.54045],[-69.8952,-52.62719],[-70.41564,-52.66803],[-70.57267,-52.70818],[-70.73359,-52.80151],[-70.85383,-53.08096],[-70.9051,-53.2341],[-70.87806,-53.47379],[-70.95145,-53.75391],[-70.99803,-53.82071],[-71.20199,-53.83445],[-71.44229,-53.88161],[-71.87228,-53.69565],[-71.57216,-53.4085],[-71.42531,-53.20848],[-71.16356,-53.02835],[-71.15202,-52.96183],[-71.31958,-52.88238],[-71.44254,-52.82945],[-72.05114,-53.06997],[-72.50551,-53.06418],[-72.75087,-53.13783],[-72.84179,-52.98503],[-72.78421,-52.8985],[-72.35263,-52.77805],[-72.23311,-52.79111],[-71.87656,-52.69741],[-71.678,-52.64391],[-71.95034,-52.57139],[-72.21231,-52.57189],[-72.55881,-52.57257],[-72.56517,-52.38677],[-72.44601,-52.2473],[-72.44915,-52.16113],[-72.64995,-52.12838],[-72.8102,-51.92997],[-73.10692,-52.10275],[-73.40807,-52.02384],[-73.27673,-51.78525],[-73.25849,-51.70582],[-73.42886,-51.72599],[-73.59121,-51.79248],[-73.77849,-51.61423],[-73.8753,-51.56152],[-73.68936,-51.43558],[-73.63794,-51.35619],[-73.67885,-51.23079],[-73.70286,-51.19783],[-73.86053,-51.21135],[-74.20848,-51.02063],[-74.26941,-50.99436],[-73.8894,-50.90789],[-73.77561,-50.83514],[-73.73059,-50.70325],[-73.55211,-50.53822],[-73.53017,-50.43286],[-73.81846,-50.45975],[-73.93423,-50.50605],[-74.07495,-50.47342],[-74.19024,-50.17102],[-73.93245,-49.99314],[-74.18662,-49.8234],[-74.24048,-49.63373],[-73.89993,-49.4303],[-73.96309,-49.24083],[-74.27157,-49.43103],[-74.31235,-48.74513],[-74.13297,-48.47726],[-74.2162,-48.10583],[-74.21032,-48.00809],[-73.94345,-48.01408],[-73.75891,-48.12448],[-73.43873,-48.15644],[-73.36164,-48.04552],[-73.36047,-47.97385],[-73.76372,-47.77276],[-74.15407,-47.83864],[-74.29663,-47.76079],[-74.53776,-47.78729],[-74.54526,-47.68316],[-74.39259,-47.53319],[-74.38109,-47.42257],[-74.41158,-47.3836],[-74.32801,-47.2924],[-74.08675,-47.29842],[-73.98341,-47.12919],[-73.97876,-47.0317],[-74.30359,-46.85693],[-74.46321,-46.79881],[-74.86197,-46.81907],[-75.0112,-46.77391],[-75.02187,-46.55322],[-75.44431,-46.62543],[-75.49602,-46.58011],[-75.44137,-46.51509],[-74.97676,-46.28066],[-74.86388,-46.22855],[-74.68378,-46.04669],[-74.56387,-45.87151],[-74.18901,-45.84486],[-74.06846,-45.93531],[-74.0418,-46.0908],[-74.33361,-46.18213],[-74.47889,-46.30562],[-74.42935,-46.53259],[-74.37647,-46.55845],[-74.29072,-46.51284],[-74.16999,-46.33744],[-74.0875,-46.29836],[-73.97867,-46.34354],[-73.99524,-46.4863],[-73.96972,-46.71343],[-73.57109,-46.26491],[-73.49872,-45.96011],[-73.47365,-45.66858],[-73.36693,-45.50007],[-73.33136,-45.4741],[-73.04726,-45.37649],[-73.1377,-45.34431],[-73.33457,-45.28002],[-73.3597,-45.20893],[-73.31409,-45.08598],[-73.20363,-45.05345],[-72.94659,-44.94323],[-72.67706,-44.74932],[-72.55525,-44.54287],[-72.5827,-44.43985],[-72.76008,-44.36934],[-73.05803,-44.18961],[-73.08199,-44.02225],[-73.01934,-43.9127],[-72.97188,-43.70668],[-72.99853,-43.33366],[-72.83393,-43.18544],[-72.52966,-43.06271],[-72.7236,-42.79961],[-72.74736,-42.4464],[-72.68747,-42.37563],[-72.43805,-42.30452],[-72.4138,-42.16326],[-72.46592,-42.03499],[-72.6086,-41.99678],[-72.73108,-41.9072],[-72.62617,-41.75945],[-72.58718,-41.61828],[-72.72818,-41.55336],[-72.06848,-40.54723],[-70.57932,-40.5791]]]]}},{"type":"Feature","properties":{"NAME":"Caribbean hunter-gatherers","ABBREVN":"Caribbean hunter-gatherers","wikipedia":null,"SUBJECTO":"Caribbean hunter-gatherers","BORDERPRECISION":1,"PARTOF":"Caribbean hunter-gatherers"},"geometry":{"type":"MultiPolygon","coordinates":[[[[-48.88569,-1.42114],[-49.13813,-1.56784],[-49.34712,-1.64454],[-49.58445,-1.65142],[-49.93685,-1.65853],[-50.22499,-1.73542],[-50.47628,-1.67876],[-50.61148,-1.43759],[-50.6466,-1.26609],[-50.57435,-1.17696],[-50.61665,-0.8911],[-50.5948,-0.71948],[-50.50141,-0.26175],[-50.4224,-0.2171],[-50.20676,-0.19121],[-49.81126,-0.23484],[-49.35823,-0.28469],[-49.1427,-0.19526],[-48.9773,-0.20761],[-48.76151,-0.2834],[-48.54576,-0.32106],[-48.40189,-0.39065],[-48.55283,-0.63245],[-48.63982,-1.0584],[-48.75563,-1.28105],[-48.88569,-1.42114]]],[[[-63.06524,8.3254],[-65.96541,8.18044],[-70.68185,8.55722],[-71.1817,9.27705],[-71.09832,9.32786],[-71.04417,9.39153],[-71.01439,9.62674],[-71.08939,9.91892],[-71.18395,10.04583],[-71.38125,10.40767],[-71.44251,10.46837],[-71.49556,10.64621],[-71.60672,10.72704],[-71.49932,10.7715],[-71.45635,10.88467],[-71.54816,10.94934],[-71.09842,11.12009],[-70.61013,11.26733],[-70.16137,11.38989],[-70.12243,11.49094],[-69.81202,11.52963],[-69.74784,11.53346],[-69.76678,11.60411],[-69.79155,11.69303],[-69.84794,11.70919],[-69.86524,11.75769],[-69.92283,11.79003],[-70.02431,11.75798],[-70.09457,11.74557],[-70.19743,11.75124],[-70.33928,11.99881],[-70.29027,12.11332],[-70.13849,12.20897],[-69.97353,12.2284],[-69.93297,12.17804],[-69.86998,12.01233],[-69.78634,11.93957],[-69.78696,11.87288],[-69.77519,11.78599],[-69.74466,11.74557],[-69.74291,11.65665],[-69.62888,11.54056],[-69.48075,11.5494],[-69.16608,11.49925],[-68.9613,11.4679],[-68.6946,11.3795],[-68.54912,11.26541],[-68.37241,11.01157],[-68.30246,10.72572],[-68.14106,10.5799],[-67.97961,10.54212],[-67.52092,10.6003],[-67.10348,10.62663],[-66.83779,10.65261],[-66.47812,10.67881],[-66.15651,10.62231],[-65.97667,10.40662],[-65.85632,10.3306],[-65.59649,10.21676],[-65.37594,10.15369],[-64.88366,10.13568],[-64.71182,10.16148],[-64.53736,10.26354],[-64.06826,10.62681],[-63.85663,10.70989],[-63.65311,10.69126],[-63.22149,10.72397],[-62.70314,10.75686],[-62.28967,10.73233],[-62.17819,10.68172],[-62.20323,10.61812],[-62.33555,10.53521],[-62.71964,10.55345],[-62.91433,10.54667],[-62.95194,10.45126],[-62.92532,10.3687],[-62.65851,10.25488],[-62.38455,10.01396],[-62.2969,9.72182],[-62.18643,9.95719],[-62.10326,10.02093],[-61.91655,9.90693],[-61.69927,9.8947],[-61.53087,9.85058],[-61.41473,9.69829],[-61.00146,9.52124],[-60.79272,9.38823],[-61.12109,9.16509],[-61.1937,8.87259],[-61.28993,8.77069],[-61.69577,8.61009],[-62.12782,8.64411],[-63.06524,8.3254]]],[[[-59.64111,13.33139],[-59.63111,13.335],[-59.61973,13.33722],[-59.6125,13.33694],[-59.59584,13.33194],[-59.59112,13.32972],[-59.57362,13.29917],[-59.56945,13.29028],[-59.56612,13.27972],[-59.56529,13.27417],[-59.55945,13.25944],[-59.55445,13.25111],[-59.55167,13.24694],[-59.54501,13.23972],[-59.52112,13.21444],[-59.51306,13.20861],[-59.47945,13.18583],[-59.47,13.18111],[-59.46361,13.18028],[-59.44222,13.17305],[-59.4375,13.17083],[-59.42917,13.165],[-59.42695,13.15389],[-59.42722,13.14694],[-59.43028,13.13528],[-59.43944,13.11666],[-59.44472,13.10806],[-59.45028,13.09944],[-59.45667,13.09222],[-59.46445,13.08555],[-59.5,13.05944],[-59.51028,13.055],[-59.53306,13.05055],[-59.54333,13.0675],[-59.5475,13.07056],[-59.57111,13.07583],[-59.60334,13.08],[-59.60778,13.0825],[-59.61139,13.08583],[-59.62556,13.09972],[-59.62862,13.10333],[-59.64223,13.14361],[-59.64333,13.14917],[-59.65945,13.28778],[-59.65834,13.29917],[-59.65306,13.31555],[-59.65084,13.32028],[-59.64473,13.32805],[-59.64111,13.33139]]],[[[-66.9056,17.93621],[-67.15195,17.98652],[-67.18457,18.0818],[-67.16168,18.32974],[-67.21058,18.43769],[-67.16099,18.51406],[-67.05517,18.54608],[-66.81061,18.51481],[-66.62883,18.52156],[-65.9515,18.47216],[-65.77501,18.39626],[-65.72408,18.33281],[-65.80848,18.17373],[-65.84002,18.12916],[-65.96735,18.02719],[-66.11842,18.00781],[-66.45086,18.04522],[-66.74636,18.01282],[-66.9056,17.93621]]]]}},{"type":"Feature","properties":{"NAME":"Savanna hunter-gatherers","ABBREVN":"Savanna hunter-gatherers","wikipedia":null,"SUBJECTO":"Savanna hunter-gatherers","BORDERPRECISION":1,"PARTOF":"Savanna hunter-gatherers"},"geometry":{"type":"MultiPolygon","coordinates":[[[[-69.31965,-29.30478],[-68.61658,-26.6665],[-67.12255,-25.03204],[-66.09724,-20.13835],[-65.90623,-18.31106],[-64.6618,-16.80468],[-64.19406,-14.69458],[-64.19309,-14.69018],[-60.26761,-13.81],[-53.12338,-14.27504],[-48.46896,-23.74877],[-49.48718,-24.55334],[-49.83872,-26.79731],[-48.7969,-28.47555],[-48.85215,-28.56303],[-48.93729,-28.69783],[-49.19207,-28.92072],[-49.54648,-29.15651],[-49.93632,-29.6274],[-50.03014,-29.80548],[-50.24409,-30.32048],[-50.46869,-30.7402],[-50.80609,-31.19193],[-51.11682,-31.47207],[-51.47738,-31.82347],[-51.33295,-31.45982],[-51.13702,-31.19262],[-50.854,-30.93793],[-50.58173,-30.41647],[-50.60855,-30.30217],[-50.76864,-30.36603],[-50.94764,-30.36005],[-51.23235,-30.26536],[-51.26606,-30.33531],[-51.26511,-30.46871],[-51.44542,-31.01539],[-51.60229,-31.23168],[-51.89955,-31.42923],[-52.04219,-31.55657],[-52.14021,-31.74094],[-53.54449,-31.44648],[-54.36474,-30.59292],[-57.35279,-29.68088],[-63.56325,-30.03656],[-67.48159,-31.65586],[-67.49931,-31.66319],[-69.31965,-29.30478]]],[[[-37.88789,-4.39302],[-37.73482,-4.52973],[-37.88789,-4.39302],[-37.88789,-4.39302]]]]}},{"type":"Feature","properties":{"NAME":"Shellfish gatherers","ABBREVN":"Shellfish gatherers","wikipedia":null,"SUBJECTO":"Shellfish gatherers","BORDERPRECISION":1,"PARTOF":"Shellfish gatherers"},"geometry":{"type":"MultiPolygon","coordinates":[[[[-49.83872,-26.79731],[-49.48718,-24.55334],[-48.46896,-23.74877],[-47.86779,-24.97241],[-47.60906,-24.78796],[-47.88615,-24.9855],[-48.1255,-25.29094],[-48.3444,-25.39941],[-48.59945,-25.43172],[-48.72452,-25.42562],[-48.72176,-25.53362],[-48.57032,-25.63495],[-48.51619,-25.87625],[-48.56617,-26.11778],[-48.61063,-26.24494],[-48.73747,-26.31508],[-48.7754,-26.38504],[-48.60261,-26.67692],[-48.5863,-27.21054],[-48.56391,-27.68059],[-48.58936,-27.82042],[-48.63908,-28.08734],[-48.72838,-28.36705],[-48.7969,-28.47555],[-49.83872,-26.79731]]]]}},{"type":"Feature","properties":{"NAME":"Pampas cultures","ABBREVN":"Pampas cultures","wikipedia":null,"SUBJECTO":"Pampas cultures","BORDERPRECISION":1,"PARTOF":"Pampas cultures"},"geometry":{"type":"MultiPolygon","coordinates":[[[[-69.11474,-51.35236],[-71.16521,-51.56144],[-71.48745,-51.10387],[-72.04405,-48.76639],[-72.19052,-45.99012],[-71.63392,-43.19555],[-70.57932,-40.5791],[-72.06848,-40.54723],[-71.51675,-39.70575],[-69.43683,-37.15903],[-67.64985,-33.57695],[-67.48159,-31.65586],[-63.56325,-30.03656],[-57.35279,-29.68088],[-54.36474,-30.59292],[-53.54449,-31.44648],[-52.14021,-31.74094],[-52.14362,-31.74735],[-52.14933,-31.90617],[-52.35067,-32.67519],[-52.56704,-33.01865],[-52.92139,-33.43862],[-53.40556,-33.87948],[-53.43191,-33.90336],[-53.79321,-34.39954],[-54.07434,-34.64784],[-54.42318,-34.85181],[-54.62151,-34.92208],[-54.98984,-34.9673],[-55.38311,-34.81566],[-55.63132,-34.83522],[-55.87907,-34.88655],[-56.16711,-35.01417],[-56.33826,-34.99545],[-56.71903,-34.69135],[-57.00558,-34.57762],[-57.34774,-34.50844],[-57.5587,-34.56604],[-57.78684,-34.59826],[-57.93369,-34.54141],[-58.18024,-34.28784],[-58.33968,-34.21614],[-58.41247,-34.33913],[-58.52974,-34.48545],[-58.52278,-34.58706],[-58.10705,-34.96096],[-57.80093,-35.08749],[-57.47928,-35.21407],[-57.3519,-35.29017],[-57.22551,-35.43626],[-57.23683,-35.58266],[-57.39962,-35.81847],[-57.41924,-35.99675],[-57.37169,-36.14944],[-57.29357,-36.27024],[-57.08357,-36.41626],[-56.84879,-36.4922],[-56.79973,-36.54303],[-56.69811,-36.94407],[-56.83651,-37.16093],[-57.17393,-37.58212],[-57.50211,-37.92692],[-57.64335,-38.25866],[-57.80888,-38.38649],[-58.18312,-38.54026],[-58.65121,-38.69424],[-59.51543,-38.87452],[-60.32303,-38.95906],[-60.9357,-39.01131],[-61.36071,-39.0313],[-61.88954,-38.98135],[-62.30993,-38.88016],[-62.36728,-38.96955],[-62.35104,-39.33307],[-62.20636,-39.47312],[-62.06777,-39.55578],[-62.10818,-39.68983],[-62.27949,-39.97094],[-62.43494,-40.19506],[-62.4658,-40.36791],[-62.28934,-40.67487],[-62.25975,-40.80291],[-62.35331,-40.89917],[-62.40079,-40.92489],[-62.7315,-41.04971],[-62.96398,-41.13746],[-63.47564,-41.18976],[-63.84194,-41.15844],[-64.27733,-41.00552],[-64.93895,-40.82748],[-65.04944,-40.85331],[-65.15316,-40.97525],[-65.13463,-41.24435],[-64.9414,-41.5517],[-64.92475,-41.73124],[-65.03349,-42.02017],[-64.99203,-42.19339],[-64.64391,-42.43667],[-64.28588,-42.47448],[-64.11974,-42.38425],[-64.29368,-42.20484],[-63.90142,-42.1206],[-63.72898,-42.10101],[-63.62366,-42.5695],[-63.59997,-42.70437],[-63.66458,-42.77517],[-63.79941,-42.82042],[-64.00108,-42.85295],[-64.11845,-42.78249],[-64.1654,-42.64767],[-64.21732,-42.61565],[-64.68794,-42.64871],[-64.98956,-42.73925],[-65.08506,-42.78442],[-65.01706,-42.88067],[-64.75125,-42.91227],[-64.5399,-42.96327],[-64.33642,-43.01428],[-64.30934,-43.02709],[-64.698,-43.20144],[-65.04729,-43.33073],[-65.30717,-43.6014],[-65.30584,-43.78802],[-65.23327,-44.14194],[-65.26982,-44.25792],[-65.63664,-44.62587],[-65.62661,-44.72252],[-65.43618,-44.88974],[-65.65723,-44.94176],[-66.19433,-44.9815],[-66.41058,-45.02063],[-66.69494,-45.1311],[-66.97349,-45.30628],[-67.22535,-45.55268],[-67.47248,-45.92232],[-67.49597,-46.09736],[-67.46863,-46.26589],[-67.32807,-46.53162],[-67.11191,-46.73243],[-66.67089,-47.01737],[-66.37552,-47.12729],[-65.93883,-47.19144],[-65.77598,-47.23012],[-65.71326,-47.35355],[-65.7812,-47.71158],[-65.83886,-47.86797],[-65.99265,-48.07673],[-66.07773,-48.14207],[-66.56371,-48.37772],[-67.25715,-48.74445],[-67.5776,-49.05853],[-67.65802,-49.18283],[-67.69995,-49.38557],[-67.64982,-49.62094],[-67.72589,-49.82397],[-67.83347,-49.96821],[-68.27004,-50.17266],[-68.70603,-50.28531],[-68.89541,-50.38437],[-69.04092,-50.5624],[-69.14271,-50.91847],[-69.16695,-51.14944],[-69.11474,-51.35236]]]]}},{"type":"Feature","properties":{"NAME":"Plain bison hunters","ABBREVN":"Plain bison hunters","wikipedia":null,"SUBJECTO":"Plain bison hunters","BORDERPRECISION":1,"PARTOF":"Plain bison hunters"},"geometry":{"type":"MultiPolygon","coordinates":[[[[-94.61923,36.09734],[-96.4062,35.64631],[-97.13857,34.47136],[-95.82031,32.71453],[-94.47275,31.92233],[-94.11756,31.93048],[-94.11756,29.6927],[-94.14153,29.69002],[-94.42585,29.54269],[-94.60209,29.54917],[-94.79687,29.56335],[-94.8574,29.7839],[-95.00703,29.75816],[-95.05766,29.67538],[-94.84458,29.34635],[-95.23919,29.05825],[-95.60277,28.79866],[-96.01457,28.65606],[-96.20308,28.63659],[-96.38913,28.66163],[-96.71656,28.71181],[-96.77358,28.62267],[-96.57712,28.42599],[-96.68453,28.24773],[-96.60266,28.38361],[-97.75842,28.69527],[-98.18951,29.18084],[-102.56821,32.4278],[-102.56821,38.88015],[-109.04856,38.88015],[-111.54787,41.64185],[-111.66774,41.93526],[-114.12579,47.95182],[-114.46737,51.99955],[-105.19093,51.45252],[-98.92188,50.23172],[-95.56636,49.9963],[-94.23474,46.72103],[-94.11756,39.73169],[-94.11756,35.87563],[-94.61923,36.09734]]]]}},{"type":"Feature","properties":{"NAME":"Desert hunter-gatherers","ABBREVN":"Desert hunter-gatherers","wikipedia":null,"SUBJECTO":"Desert hunter-gatherers","BORDERPRECISION":1,"PARTOF":"Desert hunter-gatherers"},"geometry":{"type":"MultiPolygon","coordinates":[[[[-120.47362,43.57024],[-119.018,43.1133],[-115.09252,42.51158],[-111.66774,41.93526],[-111.54787,41.64185],[-109.04856,38.88015],[-121.16972,38.88015],[-121.36157,39.68662],[-120.47362,43.57024]]],[[[-98.18951,29.18084],[-97.75842,28.69527],[-102.56821,29.99225],[-102.56821,32.4278],[-98.18951,29.18084]]],[[[-112.73715,30.10912],[-112.89228,30.38599],[-112.90798,30.41402],[-112.73715,30.10912]]]]}},{"type":"Feature","properties":{"NAME":"Plateau fishers and hunter-gatherers","ABBREVN":"Plateau fishers and hunter-gatherers","wikipedia":null,"SUBJECTO":"Plateau fishers and hunter-gatherers","BORDERPRECISION":1,"PARTOF":"Plateau fishers and hunter-gatherers"},"geometry":{"type":"MultiPolygon","coordinates":[[[[-120.30696,44.29914],[-120.48273,48.96202],[-124.75975,52.44779],[-125.75791,53.13079],[-122.49113,54.24356],[-115.03393,52.03296],[-115.03005,52.03273],[-114.46737,51.99955],[-114.12579,47.95182],[-111.66774,41.93526],[-115.09252,42.51158],[-119.018,43.1133],[-120.47362,43.57024],[-120.30696,44.29914]]]]}},{"type":"Feature","properties":{"NAME":"North American Pacific foraging, hunting and fishing peoples","ABBREVN":"North American Pacific foraging, hunting and fishing peoples","wikipedia":null,"SUBJECTO":"North American Pacific foraging, hunting and fishing peoples","BORDERPRECISION":1,"PARTOF":"North American Pacific foraging, hunting and fishing peoples"},"geometry":{"type":"MultiPolygon","coordinates":[[[[-132.59437,55.81202],[-132.62078,55.75095],[-132.68808,55.64918],[-132.55471,55.45311],[-132.17721,55.28475],[-132.17379,54.84631],[-133.01601,55.37103],[-133.27102,55.62098],[-133.2663,55.83106],[-133.5178,56.21072],[-133.48555,56.25834],[-133.28069,56.23157],[-133.15726,56.11631],[-132.63326,55.90011],[-132.59437,55.81202]]],[[[-123.74096,38.96677],[-123.79631,39.03041],[-123.74488,39.07595],[-123.89215,39.41376],[-123.81973,39.60737],[-123.93385,39.82276],[-124.03277,39.98238],[-124.36481,40.33432],[-124.41187,40.46892],[-124.36724,40.75131],[-124.25388,41.03396],[-124.17913,41.19464],[-124.15261,41.58015],[-124.24943,41.93351],[-124.30591,42.05482],[-124.56067,42.602],[-124.62967,43.014],[-124.58679,43.14293],[-124.48282,43.25269],[-124.30166,43.34328],[-124.1373,43.66596],[-124.30169,43.92364],[-124.33127,44.07199],[-124.23045,44.45096],[-124.15714,44.72654],[-124.14049,44.78911],[-124.07173,45.04792],[-124.04446,45.33319],[-124.00342,45.68362],[-123.99469,45.76409],[-124.0638,45.83627],[-124.02785,45.94021],[-124.07431,46.0153],[-124.00367,46.04996],[-124.01732,46.13374],[-124.03835,46.21754],[-124.05224,46.26378],[-124.05423,46.28979],[-123.90927,46.24644],[-123.81508,46.25511],[-123.78711,46.29847],[-123.88215,46.29558],[-124.15863,46.3505],[-124.13073,46.66864],[-124.17708,46.81623],[-124.16961,46.94071],[-123.90528,47.04205],[-124.0605,47.05075],[-124.13232,47.11447],[-124.19026,47.11447],[-124.2141,47.0942],[-124.19484,47.04205],[-124.24902,47.01889],[-124.30879,47.45929],[-124.72606,48.11776],[-124.73342,48.32688],[-124.67528,48.38583],[-124.43046,48.34708],[-124.14605,48.24959],[-123.79303,48.19801],[-123.50459,48.18549],[-123.25892,48.20558],[-123.07205,48.16673],[-122.82604,48.02348],[-122.80843,47.82762],[-122.9973,47.64451],[-123.18336,47.48833],[-122.94404,47.42283],[-122.86107,47.33822],[-122.7483,47.26223],[-122.73528,47.36455],[-122.66283,47.46904],[-122.48594,47.60636],[-122.39111,47.86761],[-122.34529,48.07669],[-122.37436,48.26612],[-122.53463,48.69743],[-122.60557,48.83473],[-122.90025,49.06718],[-122.98426,49.13523],[-123.21332,49.27238],[-123.24522,49.46899],[-123.21205,49.62469],[-123.531,49.51257],[-123.69861,49.52535],[-123.84744,49.66282],[-123.92053,49.8858],[-123.9765,49.97105],[-124.14969,49.93132],[-124.25335,49.8392],[-124.47061,49.81253],[-124.79499,50.03529],[-124.84853,50.22638],[-124.93922,50.59581],[-125.41229,50.54866],[-125.86683,50.67329],[-126.08587,50.7125],[-126.16375,50.75201],[-126.22814,50.9304],[-126.42526,51.08882],[-126.69129,50.98905],[-127.24746,50.96812],[-127.45511,51.02064],[-127.62732,51.13283],[-127.67498,51.24528],[-127.55916,51.5371],[-127.35296,51.63697],[-127.45503,51.76948],[-128.01286,51.80823],[-127.73506,52.04121],[-127.55577,52.16784],[-127.30971,52.23481],[-127.03733,52.46356],[-127.43062,52.46079],[-127.71019,52.39368],[-127.86648,52.41255],[-125.75791,53.13079],[-124.75975,52.44779],[-120.48273,48.96202],[-120.30696,44.29914],[-120.47362,43.57024],[-121.36157,39.68662],[-121.16972,38.88015],[-123.64847,38.88015],[-123.74096,38.96677]]],[[[-132.08231,54.02106],[-131.95638,53.96771],[-131.89425,53.89415],[-131.99947,53.79354],[-132.07715,53.53918],[-132.08985,53.3988],[-132.35137,53.36487],[-132.56876,53.2795],[-132.99697,53.65111],[-133.08599,53.80482],[-133.0967,54.01911],[-133.05393,54.06609],[-132.87006,54.04634],[-132.72988,54.06671],[-132.37853,53.98699],[-132.08231,54.02106]]],[[[-126.5222,49.82167],[-126.96117,50.05743],[-127.21158,50.00423],[-127.38546,50.05001],[-127.76865,50.28006],[-128.3431,50.66847],[-128.44161,50.77402],[-128.43282,50.82692],[-127.9997,50.88066],[-127.84802,50.86111],[-126.95738,50.59189],[-126.5159,50.5003],[-125.71859,50.40943],[-125.54544,50.29098],[-125.2675,50.05415],[-125.07567,49.76541],[-124.88077,49.57553],[-124.71793,49.49057],[-124.00361,49.24943],[-123.86136,49.15797],[-123.64537,48.81786],[-123.59342,48.63472],[-123.71907,48.47749],[-123.90202,48.4706],[-124.49255,48.60025],[-125.09777,48.79538],[-125.19606,48.87374],[-125.16861,48.9589],[-124.99903,49.16885],[-125.45961,49.16795],[-125.64538,49.05622],[-125.77978,49.08871],[-125.96684,49.17351],[-125.89225,49.37683],[-126.11152,49.52722],[-126.23254,49.53354],[-126.56312,49.57225],[-126.66481,49.69015],[-126.5222,49.82167]]]]}},{"type":"Feature","properties":{"NAME":"West African cereal farmers","ABBREVN":"West African cereal farmers","wikipedia":null,"SUBJECTO":"West African cereal farmers","BORDERPRECISION":1,"PARTOF":"West African cereal farmers"},"geometry":{"type":"MultiPolygon","coordinates":[[[[30.78994,11.20366],[31.2676,10.6464],[31.74525,10.24835],[32.84695,10.10465],[32.34881,9.52765],[33.02152,6.86454],[35.57782,5.52701],[38.60502,6.59731],[38.87938,7.85431],[39.75203,7.95127],[40.17238,9.84285],[40.19073,10.0072],[41.52688,10.27988],[43.10357,11.53131],[43.29848,11.47555],[43.36809,11.45563],[43.78858,10.94186],[44.05242,10.66285],[44.16155,10.49152],[44.28084,10.39647],[44.44821,10.42861],[44.6361,10.42901],[44.84515,10.41675],[45.01258,10.44888],[45.27016,10.57016],[45.64632,10.7616],[45.90937,10.83206],[46.08828,10.78797],[46.43031,10.66798],[46.67734,10.70028],[46.92916,10.84696],[47.27976,11.10188],[47.39071,11.15931],[47.59234,11.14067],[47.80732,11.09667],[47.99616,11.11613],[48.44251,11.29647],[48.53374,11.33333],[48.66335,11.32089],[48.97027,11.2326],[49.3035,11.24603],[49.64723,11.32937],[50.08087,11.47644],[50.48607,11.77595],[50.69729,11.94796],[50.96875,11.87865],[51.14483,11.78372],[51.18071,11.77745],[51.24702,11.65686],[51.06053,11.24346],[51.07025,10.98932],[51.12976,10.70988],[51.05567,10.50639],[50.88676,10.27728],[50.87398,9.97226],[50.85271,9.59732],[50.77938,9.36842],[50.21083,8.35053],[49.83185,7.99388],[49.77715,7.85397],[49.82292,7.69521],[49.42105,6.98903],[49.04607,6.41634],[48.94952,5.99039],[48.79181,5.70411],[48.47158,5.20143],[48.0782,4.66682],[47.63647,4.09604],[47.55638,3.99256],[47.38399,3.79478],[46.3605,2.66783],[46.22544,2.5523],[46.19034,2.52228],[34.40596,2.49046],[33.92968,2.84359],[22.22451,6.1962],[12.60475,7.73197],[5.35949,5.36835],[5.44819,5.47693],[5.38336,5.61023],[5.15289,5.64151],[5.09524,5.75576],[4.88631,6.00315],[4.63412,6.2123],[4.36032,6.32609],[4.07206,6.43985],[3.9495,6.57939],[3.71895,6.54712],[3.61096,6.41343],[3.45968,6.38133],[3.41357,6.37901],[3.06343,6.36142],[2.76681,6.34811],[2.61675,6.34138],[2.0621,6.27664],[1.92295,6.26582],[1.76101,6.25323],[1.55786,6.23743],[1.34184,6.17976],[1.17637,6.08408],[1.16573,6.06632],[0.93938,5.75948],[0.80264,5.71472],[0.53613,5.72049],[0.08977,5.65598],[-0.11885,5.57292],[-0.20366,5.52864],[-0.30065,5.47801],[-0.47704,5.38593],[-0.60779,5.31767],[-1.17607,5.13851],[-1.60023,4.95331],[-2.03122,4.6982],[-2.29096,4.84378],[-2.71655,5.03986],[-2.74974,5.09556],[-2.80354,5.18583],[-2.93352,5.27452],[-3.0271,5.26795],[-3.09145,5.15979],[-3.13457,5.14063],[-3.35064,5.15287],[-3.6678,5.22844],[-3.94159,5.26598],[-4.37434,5.25465],[-4.57523,5.24939],[-4.99997,5.23827],[-5.57543,5.129],[-5.83415,5.03947],[-6.31553,4.87321],[-7.09794,4.52201],[-7.41341,4.33069],[-7.52861,4.33679],[-7.56249,4.35118],[-8.24328,4.64028],[-8.79248,4.91869],[-9.2479,5.17188],[-9.42929,5.36214],[-9.93726,5.86306],[-10.43712,6.20513],[-10.76262,6.35695],[-11.16827,6.59755],[-11.4654,6.8439],[-11.74939,7.07925],[-12.04676,7.2629],[-12.26394,7.35139],[-12.27901,7.4149],[-12.25158,7.54841],[-12.27409,7.63098],[-12.51305,7.72578],[-12.86915,7.97284],[-13.04414,8.13769],[-13.21249,8.34704],[-12.99016,8.45555],[-12.912,8.55739],[-12.92725,8.62726],[-13.14487,8.72211],[-13.17435,8.77289],[-13.16425,8.85077],[-13.14141,9.02715],[-13.28167,9.27468],[-13.62555,9.62344],[-13.68005,9.91565],[-14.058,10.08005],[-14.46644,10.33337],[-14.59138,10.46655],[-14.5509,10.64457],[-14.57486,10.78433],[-14.82092,10.80286],[-14.96622,10.84703],[-15.01801,10.91682],[-14.99149,11.05669],[-15.0083,11.10174],[-15.0294,11.15829],[-15.11615,11.1581],[-15.34142,11.22115],[-15.41578,11.33539],[-15.36126,11.5198],[-15.21297,11.71712],[-15.09897,11.81268],[-15.15803,11.8761],[-15.32539,11.92658],[-15.54958,11.91975],[-15.73625,11.84309],[-15.8086,11.84292],[-16.08602,11.96943],[-16.24787,12.10253],[-16.27899,12.2105],[-16.42453,12.24831],[-16.56661,12.30981],[-16.5706,12.31154],[-16.69579,12.41296],[-16.7721,12.59708],[-16.7255,12.78783],[-16.76821,13.0354],[-16.77635,13.12453],[-16.77557,13.14534],[-16.76712,13.35968],[-16.68941,13.44881],[-16.49428,13.47466],[-16.45235,13.54465],[-16.4551,13.57107],[-16.45826,13.60141],[-16.47089,13.72255],[-16.64043,13.84293],[-16.67106,13.91276],[-16.6967,14.07793],[-16.87042,14.36352],[-17.03326,14.56479],[-13.39553,14.91667],[-6.26479,13.3511],[2.3459,13.28563],[8.26576,12.36735],[14.58174,12.67336],[15.65736,11.30618],[18.62795,10.16949],[20.67329,11.95622],[23.19994,11.7753],[24.07447,11.18197],[30.59976,11.11597],[30.78671,11.22708],[30.78994,11.20366]]],[[[42.35496,13.2707],[42.35496,13.2707],[42.40844,13.1755],[42.35496,13.2707]]]]}},{"type":"Feature","properties":{"NAME":"Khoisan","ABBREVN":"Khoisan","wikipedia":null,"SUBJECTO":"Khoisan","BORDERPRECISION":1,"PARTOF":"Khoisan"},"geometry":{"type":"MultiPolygon","coordinates":[[[[34.7103,-20.29258],[34.67332,-20.51511],[34.69902,-20.57225],[35.02254,-20.81307],[35.10715,-20.98449],[35.03267,-21.18803],[34.99419,-21.27073],[35.20165,-21.95032],[35.23385,-22.20448],[35.26076,-22.27433],[35.37144,-22.28045],[35.44829,-22.22309],[35.51176,-22.18482],[35.53088,-22.45807],[35.42541,-23.45611],[35.29743,-23.82501],[35.444,-23.91367],[35.51223,-23.93895],[35.50087,-24.08517],[35.43009,-24.22513],[35.19803,-24.47984],[34.88372,-24.72202],[34.5848,-24.87518],[34.01503,-25.0607],[33.65691,-25.20127],[33.34727,-25.30361],[32.94486,-25.53962],[32.6511,-25.83896],[32.49971,-26.06809],[32.63101,-26.22034],[32.89596,-26.37233],[32.91597,-26.51846],[32.88739,-26.71505],[32.84904,-26.97888],[32.76723,-27.51663],[32.60903,-27.89831],[32.52743,-27.9811],[32.34548,-28.02598],[32.30344,-28.13411],[32.39325,-28.37545],[32.34622,-28.58529],[32.23474,-28.74442],[31.97833,-28.94835],[31.56308,-29.2098],[31.32681,-29.50941],[31.29699,-29.54721],[30.6749,-30.43834],[30.48716,-30.68672],[30.39101,-30.81393],[30.29479,-30.92022],[29.83187,-31.43162],[29.29514,-31.90943],[29.08636,-32.12671],[28.92185,-32.29791],[28.27692,-32.76323],[27.65636,-33.25392],[27.40815,-33.42601],[26.96297,-33.71298],[26.65866,-33.84707],[26.30665,-33.89229],[25.86573,-33.88683],[25.61852,-33.91912],[25.5591,-34.07815],[25.56506,-34.13534],[25.51586,-34.17358],[25.31367,-34.1295],[25.06467,-34.0728],[24.92859,-34.07945],[24.81607,-34.16864],[24.69349,-34.30873],[24.59222,-34.35979],[24.42994,-34.3347],[24.08467,-34.15109],[23.74292,-34.07551],[23.49922,-34.06966],[23.35976,-34.1208],[23.18892,-34.2419],[22.97186,-34.19785],[22.68178,-34.10312],[22.58853,-34.13458],[22.54913,-34.14788],[22.26213,-34.16753],[21.99722,-34.26341],[21.6693,-34.50561],[21.34551,-34.5444],[21.14706,-34.53845],[20.84691,-34.50092],[20.51483,-34.53339],[20.25607,-34.62289],[19.88381,-34.99229],[19.32089,-34.73286],[19.27935,-34.50413],[19.18137,-34.42172],[18.96636,-34.39673],[18.84006,-34.43512],[18.72424,-34.21927],[18.57027,-34.19417],[18.50307,-34.3087],[18.48716,-34.39772],[18.34633,-34.34716],[18.29292,-34.24558],[18.41277,-34.02288],[18.45908,-33.83213],[18.07305,-33.22279],[17.92774,-33.09597],[17.86761,-32.99441],[17.94546,-32.91798],[18.23151,-32.89832],[18.3087,-32.70751],[18.33569,-32.33882],[18.26231,-32.04027],[18.17856,-31.8053],[17.90387,-31.29107],[17.56654,-30.82782],[17.43211,-30.57048],[17.35429,-30.42151],[17.07853,-29.79927],[16.7883,-29.13892],[16.53016,-28.77085],[16.33421,-28.5608],[16.12818,-28.33954],[15.65979,-27.8893],[15.4538,-27.61646],[15.29195,-27.15286],[15.13691,-26.82907],[15.07561,-26.60677],[15.12991,-26.48591],[15.15325,-26.33335],[14.94742,-26.00966],[14.84333,-25.62222],[14.9098,-25.23442],[14.90904,-25.01835],[14.66757,-24.42148],[14.44404,-23.41169],[14.409,-23.25271],[14.39609,-23.07479],[14.52443,-22.94107],[14.57006,-22.75814],[14.57677,-22.73125],[14.53272,-22.4962],[14.41547,-22.26767],[13.95757,-21.69034],[13.80365,-21.44282],[13.30755,-20.47157],[12.9294,-19.74156],[12.52433,-19.06244],[12.90597,-19.70227],[34.71949,-20.04278],[34.7103,-20.29258]]]]}},{"type":"Feature","properties":{"NAME":"Tibetan Empire","ABBREVN":"Tibet","wikipedia":null,"SUBJECTO":"Tibetan Empire","BORDERPRECISION":1,"PARTOF":"Tibetan Empire"},"geometry":{"type":"MultiPolygon","coordinates":[[[[91.58073,27.16989],[87.86779,27.01791],[87.18715,25.1054],[85.93252,25.2448],[85.09777,25.8013],[84.04122,24.8328],[83.2044,24.77303],[82.74404,24.77303],[81.59313,25.23339],[79.86677,27.30503],[79.28046,27.63075],[79.24652,27.81189],[79.85371,27.97039],[79.14818,28.33668],[79.06114,28.80121],[78.48568,30.52757],[77.56496,31.10302],[77.1046,31.3332],[76.75932,31.90865],[76.7597,33.18388],[76.52914,35.13119],[76.52914,36.97265],[75.95369,37.43301],[75.14805,37.77828],[75.14805,39.27446],[75.37823,40.19518],[77.91023,40.42537],[79.98186,40.77064],[82.0535,41.46118],[85.62131,43.41772],[87.57785,43.763],[90,43.763],[90.95969,43.54919],[92.06639,43.30263],[94.59838,41.11591],[96.32474,40.65555],[98.97183,41.00082],[100.81328,40.31028],[101.27364,39.38955],[102.19437,38.46882],[104.03582,38.00846],[104.266,37.20283],[104.266,36.51228],[103.13087,34.15471],[102.76982,33.40483],[103.00595,33.16871],[104.266,31.90865],[103.57546,30.29738],[104.15091,28.68611],[104.15091,27.99557],[103,26.3843],[102.42455,24.88812],[101.96419,22.58631],[101.42947,21.97521],[99.43219,21.89576],[98.28128,22.58631],[98.39637,24.42776],[97.93601,24.88812],[94.48329,24.65794],[93.41314,24.24634],[93.11712,24.869],[91.58073,27.16989]]]]}},{"type":"Feature","properties":{"NAME":"Bantou","ABBREVN":"Bantou","wikipedia":null,"SUBJECTO":"Bantou","BORDERPRECISION":1,"PARTOF":"Bantou"},"geometry":{"type":"MultiPolygon","coordinates":[[[[45.54126,1.96707],[44.56747,1.46295],[44.3007,1.29081],[43.72431,0.80025],[43.09934,0.17002],[42.94123,0.01059],[42.91478,-0.01697],[42.44007,-0.51158],[41.88418,-1.21816],[41.60732,-1.59368],[41.6522,-1.75245],[41.60989,-1.87674],[41.33932,-2.0518],[41.08861,-2.1286],[40.91537,-2.07814],[40.87686,-2.42773],[40.74981,-2.59323],[40.4485,-2.64473],[40.27134,-2.81669],[40.2317,-3.03283],[40.23442,-3.19171],[40.07403,-3.47167],[39.64013,-4.08267],[39.6814,-4.32407],[39.52981,-4.61672],[39.41737,-4.73135],[39.26727,-4.77616],[39.22912,-4.84489],[39.12247,-5.03702],[38.93381,-5.63479],[38.87237,-6.09247],[38.92153,-6.34021],[39.22088,-6.78441],[39.56643,-7.04422],[39.55542,-7.17134],[39.43721,-7.33047],[39.27013,-7.80109],[39.28673,-7.87733],[39.4243,-7.89609],[39.47773,-7.99765],[39.40043,-8.30921],[39.39183,-8.73502],[39.57677,-9.54171],[39.65761,-9.79574],[39.83822,-10.00506],[40.20879,-10.25211],[40.38687,-10.37248],[40.46619,-10.47526],[40.52401,-10.55012],[40.61952,-10.76599],[40.53641,-11.02673],[40.40044,-11.23039],[40.31134,-11.34497],[40.39252,-11.54817],[40.45038,-11.87215],[40.44549,-12.08189],[40.52702,-12.58378],[40.48177,-12.84444],[40.36584,-12.99086],[40.53394,-13.30827],[40.60333,-13.53055],[40.60086,-14.03262],[40.59921,-14.40124],[40.61833,-14.48381],[40.70134,-14.54084],[40.84862,-14.57865],[40.85544,-14.69938],[40.78104,-14.92198],[40.52744,-15.1831],[40.61016,-15.35452],[40.57407,-15.4817],[40.3858,-15.73633],[40.02516,-16.14384],[39.79506,-16.42397],[39.47126,-16.71702],[38.85897,-17.05516],[38.19268,-17.34893],[37.86389,-17.45133],[37.27532,-17.71316],[36.89233,-17.99997],[36.31359,-18.64946],[35.91478,-19.03164],[35.37789,-19.42682],[34.84679,-19.80293],[34.7262,-19.86038],[34.71949,-20.04278],[12.90597,-19.70227],[12.52433,-19.06244],[12.07951,-18.49144],[11.84974,-18.02167],[11.79468,-17.84386],[11.77461,-17.59605],[11.78128,-17.33602],[11.80263,-16.52201],[11.79518,-16.15981],[11.782,-15.86751],[11.9607,-15.71462],[12.06003,-15.59366],[12.17723,-15.27566],[12.2506,-14.94506],[12.30092,-14.56019],[12.33288,-14.31575],[12.44073,-13.87704],[12.58539,-13.46366],[12.84809,-13.16442],[12.93046,-12.91004],[13.05074,-12.75091],[13.33857,-12.64862],[13.45904,-12.5022],[13.64904,-12.19676],[13.81323,-11.65625],[13.83707,-11.35752],[13.81629,-10.97627],[13.72988,-10.54433],[13.63945,-10.30304],[13.41803,-9.98578],[13.20385,-9.63673],[13.08376,-9.28749],[13.14586,-9.06493],[13.36017,-8.89289],[13.43143,-8.82283],[13.47953,-8.63209],[13.47683,-8.41603],[13.38709,-8.15568],[13.16704,-7.84478],[13.0231,-7.6054],[12.96859,-7.51475],[12.877,-7.05105],[12.79571,-6.86059],[12.67148,-6.69564],[12.37169,-6.25781],[12.33938,-6.18982],[12.19425,-5.77524],[12.19966,-5.75135],[12.26348,-5.47005],[12.22651,-5.3621],[11.99969,-5.00411],[11.949,-4.92423],[11.7726,-4.53698],[11.15115,-3.93229],[11.13401,-3.91559],[10.88046,-3.69373],[10.64122,-3.44642],[10.52466,-3.23696],[9.93144,-2.71082],[10.06008,-2.57073],[9.89392,-2.444],[9.65645,-2.4191],[9.24319,-1.77181],[9.41514,-1.63799],[9.46527,-1.5934],[9.32065,-1.41578],[9.11186,-1.35269],[8.98138,-1.09879],[8.81521,-0.8958],[8.95872,-0.81924],[9.20251,-0.63442],[9.30255,-0.45627],[9.43366,-0.01697],[9.47335,0.11601],[9.66036,0.08464],[9.88325,0.07877],[9.85423,0.17403],[9.60219,0.33235],[9.35006,0.53515],[9.44348,0.55441],[9.56558,0.61187],[9.62898,0.88953],[9.64398,0.95519],[9.62219,1.08859],[9.55741,1.12658],[9.37039,1.17065],[9.49951,1.38064],[9.70056,1.61619],[9.85134,1.87706],[9.88123,2.05827],[9.89434,2.13769],[9.80077,2.37896],[9.92309,2.82405],[9.85134,3.14798],[9.76521,3.38291],[9.58565,3.67483],[9.78018,3.85318],[9.65089,4.01812],[9.54299,4.04331],[9.28389,4.01732],[9.03219,4.13751],[8.95325,4.2835],[8.92487,4.52491],[8.87466,4.62012],[8.63723,4.68315],[8.59181,4.71204],[8.50779,4.76549],[8.40704,4.78433],[8.32797,4.84134],[8.26299,4.74589],[8.32756,4.61258],[8.29869,4.55533],[8.1402,4.46602],[7.88826,4.45277],[7.44915,4.40734],[7.17574,4.52748],[7.04616,4.50814],[6.92368,4.34265],[6.84448,4.29164],[6.65017,4.323],[6.08878,4.32813],[5.85129,4.42929],[5.60659,4.63211],[5.41949,4.95579],[5.33302,5.24791],[5.35459,5.36234],[5.35949,5.36835],[12.60475,7.73197],[22.22451,6.1962],[33.92968,2.84359],[34.40596,2.49046],[46.19034,2.52228],[45.54126,1.96707]]]]}},{"type":"Feature","properties":{"NAME":"Eastern North American hunter-gatherers","ABBREVN":"Eastern North American hunter-gatherers","wikipedia":null,"SUBJECTO":"Eastern North American hunter-gatherers","BORDERPRECISION":1,"PARTOF":"Eastern North American hunter-gatherers"},"geometry":{"type":"MultiPolygon","coordinates":[[[[-94.23474,46.72103],[-95.56636,49.9963],[-95.17216,49.96865],[-87.78992,49.93095],[-85.03622,49.09408],[-81.93099,48.90188],[-72.32235,46.29511],[-71.11761,46.64064],[-71.03368,46.74621],[-71.03922,46.73586],[-70.70225,47.06752],[-70.53372,47.12646],[-70.22406,47.34202],[-69.74747,47.7667],[-69.25393,48.12006],[-68.34129,48.54646],[-67.78133,48.72407],[-66.9727,48.95459],[-66.49335,49.06023],[-66.0299,49.16588],[-65.36737,49.23264],[-64.9524,49.20726],[-64.54969,49.07711],[-64.32045,48.94669],[-64.25923,48.86175],[-64.19431,48.65262],[-64.25091,48.55445],[-64.39767,48.45612],[-64.87423,48.32453],[-65.21309,48.12143],[-65.47444,48.10134],[-65.85463,48.20506],[-66.18143,48.18483],[-66.47155,48.09939],[-66.34565,48.06366],[-65.83716,47.96051],[-65.76066,47.90591],[-65.64544,47.7058],[-65.61234,47.66336],[-65.02793,47.88165],[-65.04042,47.78462],[-64.82512,47.85133],[-64.6579,47.77855],[-64.82007,47.67548],[-64.92394,47.56032],[-64.87364,47.43913],[-64.94693,47.43307],[-64.98009,47.3301],[-65.38958,47.13028],[-64.84222,47.12423],[-64.80748,47.03949],[-64.8916,46.91241],[-64.85053,46.71887],[-64.79732,46.75515],[-64.68977,46.69468],[-64.71814,46.63423],[-64.69661,46.54355],[-64.53875,46.33811],[-64.53479,46.27166],[-64.1639,46.24751],[-64.09448,46.20523],[-64.07634,46.23543],[-63.74918,46.16901],[-63.89089,46.10862],[-64.0587,46.11467],[-64.08001,46.05429],[-63.84349,45.9879],[-63.74844,45.87929],[-63.49219,45.91548],[-63.43121,45.85514],[-63.33596,45.86119],[-63.27559,45.78276],[-63.08745,45.80086],[-63.12107,45.84912],[-62.74164,45.81895],[-62.63311,45.7707],[-62.72609,45.68023],[-62.61699,45.72847],[-62.49986,45.71641],[-62.38964,45.72245],[-62.07625,45.88532],[-61.9398,45.92152],[-61.89317,45.75863],[-61.72339,45.68626],[-61.48121,45.74054],[-61.26151,45.55361],[-61.44372,45.43909],[-61.40337,45.39089],[-61.03209,45.37883],[-60.95839,45.30051],[-61.19283,45.2463],[-61.26518,45.30051],[-61.40005,45.24027],[-61.34711,45.19811],[-61.57892,45.19811],[-61.68283,45.21617],[-61.63366,45.14391],[-61.83627,45.12584],[-61.81097,45.07767],[-62.01048,45.07165],[-62.0681,45.00543],[-62.27054,44.98737],[-62.43621,44.87329],[-62.47688,44.92131],[-62.79448,44.79525],[-62.81517,44.77124],[-63.05327,44.71122],[-63.10668,44.83126],[-63.22999,44.78324],[-63.30329,44.6632],[-63.3877,44.74723],[-63.41852,44.6332],[-63.51651,44.59719],[-63.55886,44.51319],[-63.78972,44.51319],[-63.82588,44.54919],[-63.90215,44.57319],[-63.88783,44.72922],[-63.99667,44.56719],[-64.0876,44.51319],[-64.14652,44.6272],[-64.3058,44.6152],[-64.28634,44.50719],[-64.39109,44.48919],[-64.25063,44.45319],[-64.23605,44.35721],[-64.28229,44.30323],[-64.36075,44.33321],[-64.70627,44.12932],[-64.64903,44.05737],[-64.75466,44.00341],[-64.84202,43.97944],[-64.83514,43.88352],[-64.90764,43.93747],[-64.87053,43.85955],[-64.96812,43.82359],[-65.03088,43.87154],[-64.98755,43.75767],[-65.08738,43.72771],[-65.15294,43.76366],[-65.21966,43.76366],[-65.24874,43.70374],[-65.31888,43.75168],[-65.4283,43.64982],[-65.46712,43.51802],[-65.55764,43.61986],[-65.71257,43.55995],[-65.78163,43.64382],[-65.93872,43.85955],[-66.00089,43.75168],[-66.1895,44.14131],[-65.98448,44.48919],[-65.85663,44.56118],[-65.8408,44.6152],[-65.99815,44.56118],[-66.15902,44.44119],[-66.19297,44.48919],[-65.77703,44.71722],[-65.72096,44.6512],[-65.63328,44.69321],[-65.74932,44.74122],[-65.25313,44.97535],[-64.75376,45.22822],[-64.45788,45.39089],[-64.30676,45.3487],[-64.33692,45.15595],[-64.2565,45.18003],[-64.1406,45.05359],[-64.16035,45.14391],[-64.16807,45.2222],[-63.8835,45.31858],[-63.55487,45.37883],[-63.46848,45.3487],[-63.37751,45.38486],[-63.44608,45.42704],[-63.73991,45.45114],[-64.0077,45.42704],[-64.19676,45.45114],[-64.5586,45.45718],[-64.69619,45.44511],[-64.80935,45.40897],[-64.92009,45.36678],[-64.90548,45.4632],[-64.39772,45.71641],[-64.37322,45.80689],[-64.25983,45.84309],[-64.28318,45.92152],[-64.51857,45.79483],[-64.47479,45.85515],[-64.70089,46.08448],[-64.56179,45.88532],[-64.72378,45.66817],[-64.87137,45.66214],[-65.75975,45.29448],[-65.88757,45.25834],[-66.05068,45.3487],[-66.15252,45.37883],[-66.04915,45.28846],[-66.40353,45.10778],[-66.50201,45.18607],[-66.96033,45.21016],[-67.01594,45.14391],[-67.18676,45.25232],[-67.02982,45.02951],[-67.15028,44.90331],[-67.01581,44.92131],[-66.93894,44.87929],[-67.16887,44.71122],[-67.39778,44.6692],[-67.53167,44.72322],[-67.5373,44.6092],[-67.59958,44.57919],[-67.63406,44.6272],[-67.73821,44.6632],[-67.86269,44.60319],[-67.90805,44.47719],[-67.98496,44.48319],[-68.05237,44.4112],[-68.13104,44.56719],[-68.46656,44.44119],[-68.55826,44.48319],[-68.50435,44.29723],[-68.80407,44.3932],[-68.71459,44.6092],[-68.78167,44.6272],[-68.94546,44.3932],[-69.09475,44.14131],[-69.24887,43.99142],[-69.39454,44.09333],[-69.50658,43.89551],[-69.66227,43.93148],[-69.60751,44.06935],[-69.75374,43.95545],[-69.67975,43.88352],[-69.82613,43.75168],[-69.96925,43.8116],[-69.92204,43.91349],[-70.21647,43.79962],[-70.18728,43.63783],[-70.30587,43.61986],[-70.37821,43.45213],[-70.53633,43.40422],[-70.68628,43.09886],[-70.86808,42.87143],[-70.79017,42.80561],[-70.75945,42.70988],[-70.68366,42.68595],[-70.64629,42.72185],[-70.57024,42.71587],[-70.62524,42.65006],[-70.87148,42.60222],[-70.84755,42.56035],[-71.0238,42.42879],[-71.05439,42.35703],[-70.90262,42.34508],[-70.77593,42.30322],[-70.50623,41.98646],[-70.48159,41.80722],[-70.30209,41.75944],[-69.99098,41.86697],[-70.00081,41.95062],[-70.06406,41.96256],[-70.1782,42.08804],[-70.22181,42.10598],[-70.22596,42.13586],[-70.13782,42.13586],[-70.03408,42.0761],[-69.93578,41.91476],[-69.92204,41.72361],[-70.64161,41.59222],[-70.65623,41.76543],[-70.71164,41.79528],[-70.76081,41.69375],[-70.83458,41.67584],[-70.84794,41.63403],[-70.89547,41.6818],[-70.96714,41.56237],[-71.04087,41.54446],[-71.17315,41.52655],[-71.1936,41.67584],[-71.1044,41.82515],[-71.30364,41.7714],[-71.37301,41.83711],[-71.40983,41.72361],[-71.44922,41.42505],[-72.09216,41.36536],[-72.85444,41.29374],[-73.38649,41.13858],[-73.74051,40.97749],[-73.78397,40.88205],[-73.928,40.85819],[-73.99299,40.78067],[-74.00715,40.79855],[-73.8687,41.13858],[-73.85808,41.18631],[-73.88996,41.17438],[-74.07444,40.72699],[-74.11007,40.76278],[-74.29293,40.6316],[-74.23124,40.54191],[-74.23389,40.53555],[-74.23111,40.54222],[-74.185,40.63166],[-74.18167,40.6375],[-74.17694,40.64194],[-74.17084,40.64277],[-74.08278,40.65138],[-74.0739,40.64916],[-74.06889,40.64583],[-74.06278,40.63943],[-74.05695,40.62443],[-74.05388,40.61527],[-74.0536,40.60444],[-74.0575,40.59972],[-74.10861,40.55971],[-74.12332,40.54972],[-74.145,40.53889],[-74.21235,40.51444],[-74.19452,40.48852],[-73.94569,40.4468],[-74.15281,39.76524],[-74.28892,39.57219],[-74.40558,39.61377],[-74.38616,39.50092],[-74.41391,39.41777],[-74.52056,39.35244],[-74.72847,39.12677],[-74.8601,38.99021],[-74.93535,38.97834],[-74.96902,39.03178],[-74.88921,39.17131],[-74.93995,39.25148],[-75.13318,39.24554],[-75.33439,39.39995],[-75.40106,39.42371],[-75.54908,39.66722],[-75.40728,39.78306],[-75.33946,39.89296],[-75.46101,39.8395],[-75.62382,39.67317],[-75.40381,39.29305],[-75.38875,39.13272],[-75.21488,38.87147],[-75.08867,38.84178],[-75.0421,38.49749],[-75.08737,38.39065],[-75.15538,38.28679],[-75.2115,38.29272],[-75.43081,37.99305],[-75.60869,37.63411],[-75.59338,37.61037],[-75.65202,37.55106],[-75.70007,37.60741],[-75.86853,37.28118],[-75.85659,37.22483],[-75.95808,37.20705],[-76.0199,37.32566],[-75.86614,37.71419],[-75.77839,37.84471],[-75.66752,37.89811],[-75.63996,38.00491],[-75.68165,38.03161],[-75.85003,37.97821],[-75.7484,38.15029],[-75.84652,38.13249],[-75.92593,38.17403],[-75.92031,38.26008],[-75.81136,38.27789],[-75.84593,38.42626],[-76.04351,38.29272],[-76.15187,38.38471],[-76.22268,38.36097],[-76.32606,38.53904],[-76.16627,38.61619],[-76.00526,38.63995],[-76.00765,38.66666],[-76.27932,38.80913],[-76.321,38.73492],[-76.35347,38.73492],[-76.30523,38.88037],[-76.26513,38.88929],[-76.17063,38.81804],[-76.11171,38.84476],[-76.15564,38.94568],[-76.31461,38.97537],[-76.34394,39.02583],[-76.30101,39.07631],[-76.14952,39.0674],[-76.06257,39.19506],[-76.18875,39.17428],[-76.26009,39.201],[-76.15147,39.36728],[-75.85812,39.43558],[-76.00566,39.46231],[-75.94014,39.64643],[-76.06598,39.60486],[-76.10904,39.54546],[-76.05952,39.50982],[-76.20136,39.42371],[-76.21724,39.52467],[-76.25909,39.50092],[-76.23599,39.39995],[-76.27235,39.36135],[-76.29522,39.43261],[-76.33888,39.46231],[-76.38521,39.27523],[-76.58661,39.31086],[-76.4055,39.08521],[-76.53785,38.78538],[-76.50627,38.67853],[-76.38382,38.4589],[-76.40835,38.39658],[-76.61814,38.53904],[-76.6633,38.63401],[-76.65166,38.542],[-76.57313,38.44406],[-76.38353,38.33723],[-76.32401,38.10875],[-76.60791,38.28976],[-76.76746,38.29272],[-76.82049,38.42032],[-76.89032,38.44406],[-76.86055,38.33129],[-77.10397,38.47671],[-77.25252,38.4589],[-77.24592,38.58948],[-77.05369,38.73492],[-77.24636,38.6993],[-77.33178,38.48858],[-77.24007,38.38471],[-77.03441,38.36394],[-76.94346,38.25118],[-76.5143,38.11765],[-76.53557,38.07612],[-76.28637,38.00195],[-76.21518,37.94261],[-76.31416,37.73199],[-76.41624,37.70529],[-76.88504,38.06722],[-76.56606,37.70232],[-76.28428,37.62521],[-76.39557,37.58369],[-76.25045,37.54809],[-76.27048,37.5125],[-76.24334,37.48581],[-76.25847,37.37311],[-76.39921,37.45911],[-76.43104,37.42649],[-76.38411,37.33159],[-76.48146,37.3227],[-76.77661,37.57478],[-76.78685,37.56292],[-76.5982,37.34938],[-76.45905,37.27821],[-76.37706,37.29007],[-76.29094,37.19518],[-76.28306,37.05582],[-76.41729,37.02914],[-76.63884,37.26932],[-76.85231,37.35828],[-76.94189,37.28637],[-76.92103,37.26635],[-76.72301,37.20111],[-76.50324,37.02914],[-76.52443,36.9224],[-76.3254,36.93723],[-76.31117,36.9906],[-75.97459,36.93723],[-75.90645,36.76528],[-75.72384,36.21992],[-75.52215,35.85842],[-75.58525,35.89991],[-75.70331,36.05694],[-75.72954,36.1162],[-75.89119,36.64374],[-75.95752,36.76825],[-75.9828,36.62892],[-75.92203,36.62892],[-75.90698,36.54],[-76.03827,36.56964],[-75.96057,36.44219],[-75.896,36.39773],[-75.79331,36.13694],[-75.85806,36.16065],[-75.95323,36.33253],[-75.9525,36.23177],[-76.18624,36.36809],[-76.2132,36.34142],[-76.0937,36.2051],[-76.20479,36.15176],[-76.44172,36.24363],[-76.34036,36.15176],[-76.50922,36.05694],[-76.587,36.06583],[-76.7,36.16065],[-76.71069,36.25844],[-76.67342,36.32956],[-76.70981,36.35327],[-76.75093,36.2614],[-76.73114,36.15769],[-76.67875,36.06286],[-76.7269,35.99176],[-76.32475,35.98287],[-76.06772,36.04805],[-76.01174,35.97398],[-76.06253,35.88805],[-76.09495,35.72214],[-76.0321,35.69252],[-75.9906,35.80806],[-75.92976,35.97398],[-75.84875,36.02138],[-75.72925,35.88213],[-75.70816,35.74881],[-75.78284,35.63624],[-75.85591,35.64217],[-75.88424,35.6866],[-76.02676,35.47332],[-76.14105,35.38447],[-76.35832,35.40816],[-76.44948,35.43778],[-76.51577,35.4674],[-76.57686,35.5774],[-76.64481,35.57107],[-76.58149,35.46147],[-76.61518,35.45555],[-76.8572,35.51183],[-77.05335,35.57996],[-76.98053,35.49702],[-76.85936,35.48517],[-76.48432,35.33412],[-76.49952,35.28081],[-76.67806,35.21565],[-76.56698,35.21269],[-76.65252,35.10016],[-76.7787,35.03797],[-76.84615,35.03797],[-77.06258,35.20677],[-76.95346,35.02909],[-76.75988,34.95511],[-76.62417,35.03205],[-76.49266,35.02021],[-76.44311,35.112],[-76.42532,35.03205],[-76.32749,35.01429],[-76.30581,34.97876],[-76.49839,34.8339],[-76.50419,34.79547],[-76.62176,34.76295],[-77.29592,34.6666],[-77.68516,34.26403],[-77.90457,33.99015],[-77.96292,33.93281],[-78.25298,33.88836],[-78.38356,33.86835],[-78.62114,33.81067],[-78.89894,33.702],[-79.20414,33.45975],[-79.30545,33.26878],[-79.34852,33.10973],[-79.71711,32.79741],[-80.02908,32.62508],[-80.22191,32.53567],[-80.58064,32.49678],[-80.73827,32.23576],[-80.81801,32.14658],[-81.18198,31.64041],[-81.1992,31.59116],[-81.30479,31.28907],[-81.51155,30.72725],[-81.40537,30.07258],[-81.23108,29.65635],[-81.02594,29.26367],[-80.60546,28.56099],[-80.59153,28.49188],[-82.42941,27.82632],[-82.42929,27.82615],[-82.50467,27.9277],[-82.71655,27.74463],[-82.84134,27.838],[-82.78439,28.09597],[-82.7181,28.43698],[-82.64696,28.9065],[-82.77892,29.10967],[-82.89488,29.18573],[-83.11821,29.24248],[-83.49242,29.68676],[-83.88618,30.04835],[-84.12382,30.12415],[-84.31743,30.09196],[-84.55865,29.95794],[-84.76381,29.79856],[-85.30478,29.66391],[-85.4276,29.75969],[-85.48667,30.03866],[-85.60032,30.15287],[-85.71918,30.20348],[-86.05757,30.23458],[-86.28961,30.36762],[-86.38868,30.47271],[-86.61546,30.41071],[-87.08911,30.35904],[-87.38301,30.44164],[-87.40405,30.30737],[-87.69217,30.26298],[-87.77459,30.2628],[-88.03457,30.67939],[-88.14183,30.32805],[-88.34287,30.38878],[-88.6352,30.38818],[-89.23281,30.40601],[-89.53548,30.20827],[-89.71074,30.18337],[-90.16053,30.39005],[-90.20367,30.38587],[-90.26737,30.37971],[-90.43052,30.14204],[-90.34004,30.0387],[-90.20366,30.0387],[-90.10844,30.0387],[-89.86672,30.1317],[-89.68429,30.09037],[-89.38002,29.87336],[-89.686,29.70565],[-89.67697,29.59122],[-89.55887,29.43251],[-89.2917,29.36701],[-89.18898,29.26925],[-89.03153,29.11901],[-89.27152,29.05798],[-89.49815,29.09566],[-89.62235,29.28435],[-89.97789,29.40621],[-90.07866,29.50137],[-90.19776,29.52655],[-90.20366,29.51755],[-90.29799,29.37375],[-90.20366,29.30436],[-90.09218,29.22234],[-90.20366,29.14158],[-90.23483,29.11901],[-90.43608,29.32568],[-90.65007,29.23949],[-90.77903,29.10867],[-91.24035,29.32091],[-91.42898,29.54307],[-91.95101,29.83203],[-92.22781,29.80209],[-91.97833,29.62536],[-92.1167,29.54164],[-92.45743,29.56561],[-92.64325,29.57869],[-93.04219,29.6923],[-93.44552,29.76777],[-94.06057,29.69906],[-94.11756,29.6927],[-94.11756,31.93048],[-94.47275,31.92233],[-95.82031,32.71453],[-97.13857,34.47136],[-96.4062,35.64631],[-94.61923,36.09734],[-94.11756,35.87563],[-94.11756,39.73169],[-94.23474,46.72103]],[[-86.67447,41.87438],[-86.51783,42.0351],[-86.37181,42.24819],[-86.27589,42.44203],[-86.23006,42.61661],[-86.21895,42.79857],[-86.24258,42.9879],[-86.32617,43.22021],[-86.46972,43.4955],[-86.51378,43.68082],[-86.45835,43.77617],[-86.45177,43.88226],[-86.49407,43.99907],[-86.45337,44.12994],[-86.32968,44.27486],[-86.26475,44.43334],[-86.25857,44.60538],[-86.21421,44.70385],[-86.13167,44.72877],[-86.08427,44.78256],[-86.07201,44.86523],[-86.00177,44.9172],[-85.87354,44.93847],[-85.7433,45.01493],[-85.61104,45.14659],[-85.54344,45.21175],[-85.5405,45.21041],[-85.53602,45.20395],[-85.53,45.19238],[-85.53487,45.1733],[-85.55062,45.14672],[-85.57248,45.13176],[-85.60046,45.12841],[-85.60224,45.10677],[-85.57782,45.06684],[-85.58732,44.9976],[-85.63076,44.89907],[-85.63793,44.82939],[-85.60883,44.78855],[-85.56446,44.824],[-85.50481,44.93572],[-85.50036,44.93394],[-85.5511,44.81867],[-85.56378,44.75785],[-85.53839,44.75148],[-85.4916,44.79821],[-85.4234,44.89806],[-85.3826,45.03286],[-85.36921,45.20261],[-85.25063,45.31409],[-85.02689,45.36729],[-84.9519,45.40815],[-85.02567,45.43669],[-85.0765,45.48311],[-85.10438,45.54742],[-85.0746,45.61238],[-84.98715,45.67798],[-84.96085,45.72412],[-84.99567,45.7508],[-84.95858,45.76049],[-84.84955,45.75318],[-84.78435,45.77192],[-84.76297,45.81673],[-84.81766,45.88203],[-84.94843,45.96783],[-85.1365,46.0321],[-85.38185,46.07484],[-85.55125,46.06162],[-85.64469,45.99245],[-85.83751,45.95425],[-86.1297,45.94701],[-86.29549,45.90534],[-86.33486,45.82925],[-86.41118,45.77134],[-86.52445,45.73161],[-86.58937,45.6839],[-86.60596,45.62819],[-86.64025,45.61983],[-86.69223,45.65881],[-86.67867,45.70156],[-86.59957,45.74809],[-86.5542,45.80016],[-86.54256,45.85775],[-86.59785,45.88009],[-86.72007,45.86716],[-86.79559,45.82601],[-86.82442,45.75664],[-86.87094,45.70834],[-86.93518,45.68112],[-86.96888,45.72941],[-86.97205,45.8532],[-86.99518,45.86378],[-87.03826,45.76116],[-87.19482,45.56991],[-87.46487,45.29003],[-87.60684,45.10742],[-87.62074,45.02208],[-87.68065,44.96764],[-87.78658,44.94408],[-87.87624,44.87817],[-87.94965,44.76989],[-87.99057,44.67144],[-87.99902,44.5828],[-87.94345,44.56456],[-87.82387,44.61672],[-87.71822,44.69514],[-87.6265,44.79982],[-87.5438,44.86233],[-87.47013,44.88267],[-87.40329,44.8678],[-87.34329,44.81772],[-87.37119,44.67563],[-87.48699,44.44153],[-87.53671,44.29154],[-87.52034,44.22566],[-87.56368,44.12955],[-87.66672,44.0032],[-87.71461,43.87607],[-87.70734,43.74817],[-87.75579,43.57543],[-87.85997,43.35785],[-87.90837,43.19183],[-87.901,43.07738],[-87.86235,42.96059],[-87.79241,42.84147],[-87.77659,42.65996],[-87.81488,42.41605],[-87.78322,42.20361],[-87.68161,42.02262],[-87.60512,41.87682],[-87.55376,41.7662],[-87.47709,41.68539],[-87.37513,41.63438],[-87.22445,41.63462],[-87.02508,41.68611],[-86.84175,41.76602],[-86.67447,41.87438]],[[-84.63279,46.02885],[-84.69415,45.98419],[-84.74677,45.85443],[-84.63379,45.75098],[-84.35524,45.67385],[-84.18232,45.59946],[-84.11505,45.52782],[-83.9331,45.45857],[-83.63648,45.39169],[-83.4309,45.27498],[-83.31637,45.10843],[-83.26048,45.02379],[-83.26323,45.02108],[-83.28362,45.02525],[-83.32166,45.03629],[-83.35004,45.05057],[-83.36875,45.06807],[-83.39803,45.05883],[-83.43788,45.02286],[-83.42134,44.97439],[-83.34842,44.91341],[-83.30136,44.84063],[-83.28016,44.75605],[-83.28591,44.61883],[-83.31862,44.42897],[-83.38558,44.31267],[-83.4868,44.26993],[-83.5478,44.1987],[-83.5686,44.09897],[-83.64645,44.03386],[-83.78136,44.00337],[-83.87155,43.92021],[-83.91701,43.78438],[-83.87452,43.68453],[-83.74407,43.62068],[-83.58991,43.66512],[-83.41203,43.81785],[-83.34336,43.89968],[-83.38391,43.91063],[-83.29396,43.95424],[-83.07351,44.0305],[-82.92074,44.05726],[-82.83565,44.0345],[-82.7481,43.96196],[-82.6581,43.83964],[-82.56362,43.58413],[-82.46467,43.19544],[-82.35441,43.01539],[-82.23283,43.04399],[-82.13797,43.10036],[-82.06985,43.1845],[-81.95983,43.25692],[-81.80792,43.31762],[-81.73869,43.52941],[-81.75216,43.89228],[-81.71861,44.13859],[-81.63806,44.26833],[-81.51671,44.4042],[-81.35459,44.5462],[-81.297,44.71308],[-81.34396,44.90485],[-81.38484,44.99343],[-81.41962,44.97882],[-81.47228,45.02654],[-81.54282,45.1366],[-81.61513,45.19732],[-81.68921,45.20871],[-81.71685,45.22497],[-81.69804,45.2461],[-81.58923,45.25379],[-81.39041,45.24804],[-81.30227,45.21948],[-81.32482,45.1681],[-81.30819,45.09669],[-81.25238,45.00525],[-81.18878,44.94256],[-81.11737,44.90863],[-81.05134,44.90793],[-80.99067,44.94047],[-81.00518,44.90422],[-81.09486,44.79919],[-81.08071,44.75805],[-80.96275,44.78081],[-80.91394,44.73596],[-80.93428,44.62352],[-80.90724,44.60153],[-80.83283,44.67002],[-80.7583,44.70866],[-80.68366,44.71746],[-80.63256,44.69291],[-80.60501,44.63501],[-80.46893,44.57225],[-80.22432,44.50461],[-80.07131,44.52001],[-80.00991,44.61844],[-80.01539,44.7031],[-80.08776,44.77399],[-80.08077,44.82383],[-79.9944,44.85263],[-79.95071,44.84171],[-79.9497,44.79108],[-79.94666,44.76701],[-79.94159,44.76949],[-79.93731,44.78012],[-79.93381,44.79891],[-79.92034,44.80931],[-79.89688,44.81132],[-79.88653,44.79726],[-79.88927,44.76714],[-79.83152,44.74781],[-79.71327,44.73928],[-79.67131,44.7498],[-79.70563,44.77938],[-79.71087,44.79932],[-79.68702,44.80961],[-79.67535,44.83211],[-79.67586,44.86683],[-79.69374,44.88202],[-79.729,44.87768],[-79.74358,44.87118],[-79.7375,44.86251],[-79.72617,44.85277],[-79.70959,44.84195],[-79.70266,44.83666],[-79.70539,44.83688],[-79.70075,44.83492],[-79.68874,44.83076],[-79.69554,44.82628],[-79.72113,44.82149],[-79.73332,44.81224],[-79.73211,44.79853],[-79.74684,44.79644],[-79.77751,44.80597],[-79.79913,44.84108],[-79.8117,44.90176],[-79.85135,44.94368],[-79.91808,44.96683],[-79.93233,44.98849],[-79.89409,45.00866],[-79.9307,45.03546],[-80.04214,45.0689],[-80.05428,45.09044],[-79.96712,45.10009],[-79.97802,45.12897],[-80.087,45.17708],[-80.1127,45.23839],[-80.05513,45.3129],[-80.05043,45.36532],[-80.09859,45.39567],[-80.15187,45.40775],[-80.21027,45.40155],[-80.22168,45.38207],[-80.18611,45.3493],[-80.20143,45.33885],[-80.26764,45.35071],[-80.29666,45.37338],[-80.2885,45.40684],[-80.31263,45.43295],[-80.36905,45.45169],[-80.38313,45.48607],[-80.35488,45.53609],[-80.35963,45.57719],[-80.39739,45.60935],[-80.44082,45.60993],[-80.48991,45.57893],[-80.50893,45.57829],[-80.49785,45.60801],[-80.53343,45.65019],[-80.61567,45.70483],[-80.6491,45.74048],[-80.63371,45.75713],[-80.59451,45.76765],[-80.5315,45.77204],[-80.54088,45.77472],[-80.62264,45.7757],[-80.67886,45.79093],[-80.70954,45.82042],[-80.71326,45.83452],[-80.69003,45.83323],[-80.66116,45.84027],[-80.62665,45.85565],[-80.61273,45.86428],[-80.6194,45.86616],[-80.63742,45.86066],[-80.66678,45.84778],[-80.69352,45.84434],[-80.71766,45.85033],[-80.73148,45.86166],[-80.73498,45.87834],[-80.72791,45.88611],[-80.71025,45.88498],[-80.68722,45.8854],[-80.65881,45.88737],[-80.64491,45.88864],[-80.64551,45.88921],[-80.6513,45.88965],[-80.66228,45.88998],[-80.67732,45.88936],[-80.69644,45.88778],[-80.71519,45.88868],[-80.73356,45.89204],[-80.74616,45.91273],[-80.753,45.95074],[-80.75785,45.96987],[-80.76073,45.97013],[-80.76875,45.95249],[-80.78193,45.91693],[-80.79037,45.90241],[-80.79407,45.90892],[-80.79647,45.90781],[-80.79755,45.89908],[-80.7998,45.89657],[-80.80324,45.90028],[-80.80357,45.90494],[-80.80078,45.91056],[-80.80107,45.91286],[-80.80443,45.91184],[-80.80254,45.91945],[-80.7954,45.93566],[-80.79691,45.94746],[-80.80708,45.95483],[-80.90846,45.95137],[-81.10106,45.93707],[-81.18671,45.94783],[-81.16542,45.98363],[-81.18633,45.98871],[-81.24946,45.96305],[-81.30978,45.95767],[-81.3673,45.97257],[-81.35564,45.98317],[-81.27482,45.98946],[-81.2379,45.99366],[-81.2449,45.99576],[-81.27673,45.99709],[-81.33342,45.99767],[-81.37245,45.99575],[-81.39384,45.99133],[-81.40909,45.99081],[-81.4182,45.99418],[-81.44214,45.98886],[-81.48091,45.97486],[-81.50382,45.97842],[-81.51089,45.99956],[-81.55436,45.99258],[-81.63424,45.95749],[-81.67811,45.94215],[-81.68597,45.94655],[-81.65648,45.96131],[-81.58965,45.98642],[-81.58503,46.00163],[-81.64261,46.00694],[-81.62219,46.01911],[-81.52378,46.03812],[-81.47586,46.04832],[-81.47843,46.04972],[-81.51891,46.04366],[-81.59728,46.03012],[-81.6471,46.01967],[-81.66836,46.01233],[-81.68865,46.00847],[-81.70797,46.00808],[-81.67123,46.02093],[-81.57841,46.04701],[-81.56449,46.07369],[-81.62945,46.10098],[-81.69894,46.07904],[-81.77296,46.00789],[-81.84687,45.99079],[-81.92067,46.02777],[-81.91222,46.03887],[-81.82151,46.02408],[-81.7802,46.02863],[-81.78829,46.0525],[-81.77496,46.07557],[-81.74021,46.09785],[-81.96843,46.1235],[-82.4596,46.15254],[-82.68557,46.17767],[-82.64634,46.19889],[-82.74333,46.19851],[-82.97655,46.17653],[-83.26663,46.19904],[-83.61359,46.26604],[-83.79359,46.257],[-83.80662,46.17195],[-83.82965,46.13655],[-83.86269,46.15082],[-83.89526,46.13421],[-83.92736,46.08672],[-83.93385,46.03895],[-83.91474,45.99092],[-83.92733,45.96144],[-83.97163,45.95052],[-84.12724,45.95084],[-84.39415,45.96241],[-84.56267,45.98841],[-84.63279,46.02885]],[[-79.35685,42.86608],[-79.63699,42.85309],[-80.02294,42.80663],[-80.2756,42.74111],[-80.39497,42.65651],[-80.35168,42.59793],[-80.14575,42.56537],[-80.05773,42.54705],[-80.0876,42.54299],[-80.40641,42.56871],[-81.01416,42.62421],[-81.43946,42.58709],[-81.6823,42.45737],[-81.81527,42.35845],[-81.83837,42.29032],[-81.86402,42.25714],[-81.89222,42.2589],[-81.89853,42.27853],[-81.88296,42.31604],[-81.88362,42.31496],[-81.9005,42.2753],[-82.0341,42.21938],[-82.28443,42.1472],[-82.43447,42.06077],[-82.48422,41.96008],[-82.53469,41.94027],[-82.58588,42.00135],[-82.68946,42.01911],[-82.84544,41.99355],[-82.99066,42.00419],[-83.12511,42.05105],[-83.18745,42.05965],[-83.17766,42.03],[-83.20307,42.0108],[-83.26368,42.00206],[-83.28379,41.98456],[-83.26341,41.9583],[-83.28096,41.93695],[-83.33645,41.92052],[-83.39275,41.8595],[-83.44986,41.7539],[-83.44277,41.70222],[-83.37146,41.70447],[-83.23511,41.65792],[-83.03371,41.56257],[-82.90793,41.53318],[-82.85778,41.56978],[-82.83893,41.57243],[-82.85137,41.54116],[-82.82107,41.52825],[-82.74802,41.5337],[-82.79734,41.51527],[-82.96903,41.47297],[-83.02725,41.44386],[-82.97202,41.42793],[-82.91122,41.43393],[-82.84485,41.46186],[-82.7303,41.45205],[-82.56756,41.4045],[-82.36773,41.41447],[-82.13081,41.48197],[-81.94516,41.50876],[-81.81078,41.49482],[-81.628,41.55822],[-81.39681,41.69896],[-81.04294,41.83613],[-80.56637,41.96976],[-80.07337,42.15338],[-79.56392,42.387],[-79.19839,42.57067],[-78.97677,42.70441],[-78.87492,42.80435],[-78.89286,42.87049],[-78.95021,42.88651],[-79.04697,42.85242],[-79.18252,42.84561],[-79.35685,42.86608]],[[-91.15034,47.36761],[-91.89692,46.89078],[-92.26546,46.65053],[-92.25597,46.64685],[-92.23952,46.64635],[-92.21609,46.64903],[-92.19846,46.66293],[-92.18662,46.68805],[-92.16893,46.69294],[-92.14539,46.67761],[-92.14336,46.68002],[-92.16285,46.70018],[-92.16961,46.71033],[-92.16364,46.71047],[-92.15682,46.70559],[-92.14918,46.69568],[-92.13391,46.70504],[-92.11102,46.73367],[-92.02246,46.73459],[-91.86824,46.70782],[-91.55804,46.76149],[-91.09187,46.8956],[-90.83185,46.94398],[-90.77798,46.90661],[-90.80057,46.81225],[-90.89961,46.66091],[-90.8844,46.60399],[-90.75495,46.64149],[-90.71605,46.67795],[-90.7677,46.71336],[-90.7048,46.68842],[-90.52736,46.60314],[-90.27661,46.62499],[-89.95256,46.75397],[-89.69841,46.82435],[-89.51415,46.83614],[-89.31141,46.88141],[-89.09019,46.96018],[-88.83959,47.0927],[-88.55963,47.27899],[-88.29931,47.39914],[-88.05865,47.45317],[-87.88122,47.46165],[-87.76703,47.4246],[-87.77166,47.40142],[-87.89512,47.39214],[-88.02496,47.34024],[-88.16117,47.24572],[-88.28272,47.14248],[-88.38961,47.03052],[-88.45662,46.91969],[-88.48376,46.80999],[-88.40913,46.80813],[-88.23273,46.91411],[-88.18053,46.93083],[-88.25253,46.85829],[-88.28248,46.82388],[-88.27037,46.82762],[-88.25047,46.84573],[-88.22277,46.87821],[-88.1771,46.90099],[-88.11348,46.91406],[-88.01558,46.91321],[-87.88341,46.89843],[-87.76048,46.8639],[-87.64681,46.80961],[-87.53294,46.71299],[-87.41886,46.57404],[-87.27263,46.51189],[-87.09422,46.52653],[-86.91484,46.50295],[-86.73446,46.44114],[-86.52214,46.47541],[-86.27786,46.60575],[-85.99307,46.6722],[-85.66778,46.67476],[-85.37015,46.70025],[-85.10019,46.74866],[-84.98177,46.70117],[-85.0149,46.55777],[-84.88765,46.47726],[-84.60002,46.45965],[-84.49216,46.475],[-84.56405,46.52332],[-84.55524,46.58326],[-84.46573,46.65483],[-84.43624,46.70845],[-84.46677,46.74412],[-84.50305,46.74383],[-84.54507,46.70758],[-84.56484,46.72138],[-84.56238,46.78524],[-84.5215,46.81712],[-84.4422,46.81703],[-84.39249,46.83544],[-84.37238,46.87237],[-84.41456,46.90428],[-84.51904,46.93118],[-84.58242,46.93071],[-84.60468,46.90285],[-84.65666,46.91016],[-84.73835,46.95263],[-84.76915,47.01614],[-84.74906,47.10068],[-84.70048,47.18228],[-84.62341,47.26095],[-84.69791,47.37491],[-84.92396,47.52418],[-84.98917,47.68584],[-84.89355,47.85989],[-85.02661,47.93955],[-85.38836,47.9248],[-85.64526,47.93371],[-85.7973,47.96628],[-85.94119,48.04819],[-86.07693,48.17943],[-86.17141,48.32843],[-86.22463,48.49519],[-86.29548,48.62749],[-86.38397,48.72533],[-86.4802,48.7632],[-86.58417,48.7411],[-86.65302,48.75033],[-86.68677,48.79088],[-86.74367,48.79457],[-86.82371,48.7614],[-86.88724,48.7633],[-86.93424,48.80027],[-87.03568,48.80379],[-87.19155,48.77385],[-87.46214,48.82383],[-87.84744,48.95373],[-88.09495,49.00461],[-88.20466,48.97646],[-88.2517,48.93209],[-88.23607,48.87149],[-88.19411,48.82495],[-88.12581,48.79248],[-88.1176,48.72961],[-88.16949,48.63636],[-88.23103,48.60393],[-88.30223,48.63231],[-88.32921,48.62651],[-88.31198,48.58652],[-88.33422,48.56694],[-88.39594,48.56777],[-88.46017,48.52865],[-88.52691,48.4496],[-88.55834,48.442],[-88.55443,48.50585],[-88.48967,48.59262],[-88.36405,48.7023],[-88.34417,48.77976],[-88.43004,48.82497],[-88.54205,48.72279],[-88.68019,48.4732],[-88.79674,48.33706],[-88.89167,48.31439],[-88.89828,48.37106],[-88.81654,48.50709],[-88.88832,48.53471],[-89.11362,48.45392],[-89.23603,48.35894],[-89.25556,48.24978],[-89.34409,48.1482],[-89.50162,48.05418],[-89.55915,48.00601],[-89.51669,48.00369],[-89.81585,47.9034],[-90.45666,47.70515],[-91.15034,47.36761]],[[-76.16877,43.9617],[-76.18982,43.96605],[-76.1781,43.98772],[-76.13361,44.0267],[-76.13491,44.05471],[-76.182,44.07178],[-76.22449,44.05051],[-76.2624,43.9909],[-76.30349,43.9969],[-76.34776,44.06851],[-76.28109,44.14347],[-76.10348,44.2218],[-76.01543,44.28594],[-76.01695,44.33589],[-76.13083,44.32728],[-76.35707,44.26011],[-76.46299,44.24348],[-76.44859,44.27739],[-76.58621,44.23346],[-76.87583,44.1117],[-77.03486,44.05892],[-77.06328,44.07512],[-77.02923,44.10079],[-76.93268,44.13592],[-76.88479,44.15883],[-76.88555,44.16952],[-76.89722,44.17486],[-76.9198,44.17485],[-76.93157,44.18159],[-76.93253,44.19506],[-76.96671,44.17764],[-77.03413,44.12932],[-77.03717,44.14138],[-76.97584,44.21382],[-76.95095,44.24655],[-76.96252,44.23958],[-76.97381,44.22689],[-76.98482,44.20848],[-77.00182,44.19946],[-77.0248,44.19983],[-77.07486,44.18934],[-77.152,44.16798],[-77.23086,44.15917],[-77.31146,44.16289],[-77.41444,44.14002],[-77.53982,44.09056],[-77.53008,44.08654],[-77.38521,44.12798],[-77.31179,44.13002],[-77.30981,44.09265],[-77.24836,44.09892],[-77.12744,44.14885],[-77.08436,44.13254],[-77.11913,44.05],[-77.12976,44.01724],[-77.11625,44.03427],[-77.08042,44.04192],[-77.02227,44.0402],[-76.95572,44.05713],[-76.88076,44.0927],[-76.89538,44.06262],[-76.99959,43.96688],[-77.04965,43.9168],[-77.04557,43.91236],[-77.04097,43.91105],[-77.03584,43.91285],[-77.02677,43.92094],[-77.01377,43.9353],[-76.97041,43.94016],[-76.89668,43.93551],[-76.93275,43.90972],[-77.07862,43.86277],[-77.17539,43.8433],[-77.22306,43.8513],[-77.26959,43.87863],[-77.31499,43.92527],[-77.32699,43.94862],[-77.30562,43.94868],[-77.30027,43.9459],[-77.31094,43.94029],[-77.3057,43.93077],[-77.28454,43.91734],[-77.26694,43.92304],[-77.25291,43.94785],[-77.25992,43.95501],[-77.28796,43.94454],[-77.29921,43.94111],[-77.29365,43.94473],[-77.29042,43.94969],[-77.28952,43.95599],[-77.3405,43.9509],[-77.44337,43.93443],[-77.53747,43.95421],[-77.62279,44.01024],[-78.02309,43.98473],[-78.73836,43.87766],[-79.1529,43.77241],[-79.26672,43.66897],[-79.39244,43.6014],[-79.53005,43.5697],[-79.6469,43.49084],[-79.74298,43.3648],[-79.79367,43.30057],[-79.79897,43.29815],[-79.80335,43.30132],[-79.8068,43.31008],[-79.83772,43.30376],[-79.89613,43.28238],[-79.89109,43.2695],[-79.82259,43.26512],[-79.78659,43.26439],[-79.78307,43.26731],[-79.78569,43.27577],[-79.79442,43.28978],[-79.7967,43.29787],[-79.79251,43.30005],[-79.68612,43.2657],[-79.47753,43.1948],[-79.18909,43.20889],[-78.82082,43.30795],[-78.50337,43.36199],[-78.23674,43.371],[-78.01753,43.36692],[-77.84576,43.34975],[-77.69975,43.29957],[-77.57953,43.21638],[-77.52296,43.1902],[-77.53004,43.22102],[-77.48549,43.24749],[-77.38928,43.26959],[-77.23735,43.26642],[-77.0297,43.23798],[-76.93749,43.23703],[-76.96073,43.26358],[-76.93574,43.2758],[-76.86253,43.27368],[-76.72363,43.33484],[-76.51905,43.45926],[-76.36927,43.52473],[-76.27431,43.53125],[-76.20918,43.56473],[-76.17388,43.62518],[-76.19195,43.70133],[-76.2634,43.79318],[-76.28905,43.84981],[-76.26891,43.87122],[-76.24554,43.87375],[-76.21892,43.85739],[-76.16554,43.88817],[-76.08542,43.9661],[-76.05104,44.00803],[-76.06242,44.01396],[-76.09064,44.00258],[-76.13571,43.97387],[-76.16877,43.9617]]],[[[-72.38834,41.08499],[-72.61777,40.92305],[-72.62166,40.91833],[-72.62111,40.91305],[-72.61583,40.90971],[-72.60722,40.90749],[-72.58473,40.9061],[-72.49805,40.90416],[-72.48444,40.90499],[-72.44222,40.9175],[-72.43639,40.91972],[-72.43195,40.92361],[-72.43443,40.9286],[-72.40195,40.96471],[-72.34584,40.99972],[-72.26363,41.01944],[-72.13501,41.03527],[-72.11389,41.00777],[-72.11,41.00388],[-72.10194,41.0025],[-72.05333,41.01611],[-72.02583,41.02943],[-72.02084,41.03249],[-72.01279,41.04194],[-72.00334,41.04944],[-71.99805,41.05249],[-71.92389,41.08194],[-71.91611,41.08221],[-71.87332,41.07861],[-71.86556,41.07666],[-71.85916,41.07361],[-71.85611,41.06916],[-71.86028,41.06444],[-72.08417,40.98166],[-72.35278,40.88721],[-72.44666,40.85555],[-72.54277,40.82555],[-72.66583,40.79444],[-72.69861,40.78972],[-72.81946,40.76999],[-72.86777,40.7561],[-72.88695,40.77361],[-72.89417,40.77388],[-73.00307,40.75471],[-73.01584,40.75222],[-73.02167,40.75],[-73.09528,40.73054],[-73.14029,40.71888],[-73.4386,40.66582],[-73.56111,40.64527],[-73.65279,40.61999],[-73.59334,40.60722],[-73.58583,40.60471],[-73.57973,40.60166],[-73.57667,40.59749],[-73.58278,40.5961],[-73.61806,40.59444],[-73.65361,40.59388],[-73.79723,40.59222],[-73.85294,40.57811],[-73.91409,40.56315],[-73.92905,40.56422],[-73.93305,40.56716],[-73.92931,40.57196],[-73.85774,40.58452],[-73.83103,40.5976],[-73.79178,40.60877],[-73.77478,40.61494],[-73.77145,40.61627],[-73.77112,40.6196],[-73.77129,40.6261],[-73.77178,40.62927],[-73.7675,40.64166],[-73.77389,40.64471],[-73.81278,40.65665],[-73.82889,40.65916],[-73.84389,40.65971],[-73.85055,40.65916],[-73.86888,40.65443],[-73.89973,40.63583],[-73.88779,40.61888],[-73.88362,40.615],[-73.875,40.61305],[-73.87193,40.6086],[-73.87555,40.60305],[-73.88028,40.6],[-73.88806,40.59804],[-73.93999,40.58555],[-73.94666,40.58499],[-74.00111,40.58055],[-74.00778,40.58028],[-74.0325,40.62582],[-74.035,40.63583],[-74.03307,40.64749],[-74.03,40.65388],[-74.02611,40.6586],[-74.005,40.67999],[-74.00389,40.6911],[-74.00111,40.69777],[-73.97988,40.70723],[-73.96595,40.72153],[-73.93999,40.77305],[-73.9225,40.78972],[-73.91139,40.795],[-73.83556,40.80499],[-73.73167,40.85166],[-73.62305,40.90638],[-73.61221,40.91166],[-73.58945,40.92055],[-73.49056,40.93416],[-73.35417,40.92583],[-73.22667,40.91055],[-73.20778,40.91471],[-73.18999,40.92027],[-73.15556,40.93499],[-73.14639,40.94276],[-73.14417,40.9486],[-73.14445,40.95388],[-73.14612,40.95916],[-73.03722,40.9686],[-72.89362,40.96999],[-72.78139,40.96555],[-72.76556,40.96361],[-72.75111,40.96388],[-72.64723,40.97971],[-72.62805,40.9836],[-72.6161,40.9886],[-72.61111,40.99166],[-72.5775,41.01555],[-72.52795,41.04522],[-72.45306,41.08888],[-72.35083,41.14083],[-72.28528,41.16193],[-72.24611,41.16361],[-72.23972,41.16054],[-72.23889,41.15527],[-72.24194,41.14888],[-72.25307,41.13305],[-72.26222,41.12527],[-72.27861,41.11721],[-72.285,41.11583],[-72.28889,41.11971],[-72.28944,41.12499],[-72.38834,41.08499]]]]}},{"type":"Feature","properties":{"NAME":"Carolingian Empire","ABBREVN":"Carol. Empir","wikipedia":null,"SUBJECTO":"Carolingian Empire","BORDERPRECISION":1,"PARTOF":"Carolingian Empire"},"geometry":{"type":"MultiPolygon","coordinates":[[[[-2.57648,47.32487],[-2.46554,47.49438],[-2.46554,47.49438],[-2.57648,47.32487],[-2.57648,47.32487]]],[[[-4.39094,47.94185],[-4.36437,47.82931],[-4.36437,47.82931],[-4.39094,47.94185]]],[[[-4.51013,47.99813],[-4.39094,47.94185],[-4.39094,47.94185],[-4.51013,47.99813]]],[[[-4.35098,48.20457],[-4.31287,48.10133],[-4.70031,48.0638],[-4.70031,48.0638],[-4.31287,48.10133],[-4.35098,48.20457]]],[[[-4.3502,48.39051],[-4.47379,48.38294],[-4.3502,48.39051],[-4.3889,48.29844],[-4.58797,48.25149],[-4.58797,48.25149],[-4.3889,48.29844],[-4.3502,48.39051]]],[[[9.17302,41.34991],[9.03894,41.3695],[9.01327,41.45768],[8.82875,41.49198],[8.72692,41.56057],[8.85465,41.65368],[8.82325,41.68798],[8.62693,41.73209],[8.74245,41.8816],[8.69283,41.91346],[8.56187,41.8816],[8.53793,41.94778],[8.58959,41.95759],[8.66831,42.02869],[8.62645,42.09734],[8.5107,42.13412],[8.51725,42.2077],[8.62842,42.26166],[8.50045,42.35978],[8.6093,42.48735],[8.879,42.62477],[9.00039,42.63459],[9.01843,42.69104],[9.14946,42.71067],[9.23769,42.66404],[9.28039,42.72786],[9.27052,42.88251],[9.30319,42.98319],[9.36705,42.9881],[9.41424,42.90953],[9.43216,42.79414],[9.40549,42.5806],[9.45855,42.55606],[9.48671,42.40638],[9.45251,42.04831],[9.35746,41.90121],[9.30454,41.57527],[9.17302,41.34991]]],[[[11.66608,44.90715],[11.79139,42.14191],[11.49737,42.37635],[11.10476,42.54908],[10.74276,42.85051],[10.48775,43.23594],[10.33791,43.5962],[10.29248,43.70544],[10.26138,43.74524],[10.15524,43.8811],[10.13675,43.90477],[9.9093,44.11048],[9.8255,44.15255],[9.69194,44.2196],[9.15704,44.37324],[8.89659,44.43719],[8.67172,44.4174],[8.34279,44.22019],[8.18636,44.1264],[8.08957,44.05083],[7.97953,43.96492],[7.68912,43.88705],[7.55281,43.86745],[7.46753,43.81083],[7.39712,43.76409],[7.29762,43.6673],[6.92308,43.44767],[6.52301,43.15085],[6.33122,43.11187],[6.18778,43.09229],[5.82857,43.02082],[5.64655,43.03332],[5.43449,43.10366],[5.05182,43.3281],[4.90985,43.36644],[4.75059,43.35326],[4.64651,43.32087],[4.41676,43.34615],[4.0782,43.48709],[3.80747,43.46723],[3.47871,43.3121],[3.31787,43.19595],[3.0679,42.94456],[3.00189,42.77081],[3.0459,42.53946],[3.08708,42.36864],[3.08653,42.32911],[3.08629,42.12072],[3.15655,42.07572],[3.12888,41.85723],[2.62826,41.61954],[2.20059,41.44615],[2.08072,41.29849],[2.06549,41.2956],[0.48533,42.57297],[-0.49858,42.90094],[-1.94165,42.63857],[-1.91458,43.30542],[-1.74607,43.36016],[-1.56141,43.52443],[-1.31438,44.55896],[-1.13585,44.6001],[-1.23032,44.73041],[-1.33178,44.61383],[-1.27551,45.12873],[-1.17519,45.5005],[-1.12344,45.43162],[-0.90036,45.29391],[-0.81423,45.12184],[-0.72849,45.01864],[-0.8547,45.32145],[-1.13839,45.58316],[-1.2474,45.68815],[-1.23651,45.80004],[-1.0752,46.01462],[-1.16598,46.18368],[-1.25606,46.30683],[-1.40267,46.40393],[-1.71073,46.44879],[-1.94248,46.7058],[-2.12966,46.85084],[-2.00465,47.0425],[-2.10948,47.12404],[-2.26375,47.18288],[-2.49371,47.24692],[-2.57553,47.32397],[-2.01036,47.74565],[-1.75197,48.17821],[-1.99911,48.67696],[-2.07597,48.65616],[-2.20007,48.59898],[-2.34289,48.67415],[-2.63638,48.552],[-2.79054,48.58958],[-2.91446,48.70679],[-3.09123,48.87155],[-3.43506,48.83646],[-3.55767,48.81008],[-3.60787,48.69295],[-3.82131,48.72115],[-3.90222,48.64596],[-3.99887,48.73054],[-4.25148,48.65191],[-4.4883,48.61227],[-4.6257,48.54667],[-4.76196,48.552],[-4.77963,48.35477],[-4.77963,48.35477],[-4.76196,48.552],[-4.6257,48.54667],[-4.4883,48.61227],[-4.25148,48.65191],[-3.99887,48.73054],[-3.90222,48.64596],[-3.82131,48.72115],[-3.60787,48.69295],[-3.55767,48.81008],[-3.43506,48.83646],[-3.09123,48.87155],[-2.91446,48.70679],[-2.79054,48.58958],[-2.63638,48.552],[-2.34289,48.67415],[-2.20007,48.59898],[-2.07597,48.65616],[-1.87057,48.71174],[-1.85761,48.60837],[-1.59136,48.6375],[-1.45659,48.68355],[-1.57555,48.76814],[-1.58841,48.88095],[-1.56341,49.03624],[-1.57978,49.22901],[-1.639,49.21961],[-1.89154,49.52635],[-1.94128,49.7093],[-1.52425,49.65277],[-1.25097,49.69988],[-1.28866,49.52097],[-1.17714,49.33255],[-1.02319,49.39846],[-0.46495,49.35138],[-0.23936,49.28549],[-0.20366,49.29181],[0.03287,49.33371],[0.33085,49.45496],[0.09037,49.51055],[0.11505,49.60228],[0.18937,49.68103],[0.52856,49.8258],[0.86876,49.90725],[1.27452,50.0043],[1.41623,50.10984],[1.55199,50.22881],[1.5283,50.57773],[1.58892,50.82188],[1.79618,50.92141],[1.82356,50.93456],[2.03033,51.00666],[2.4426,51.04803],[2.52213,51.09112],[2.99526,51.31348],[3.21361,51.35357],[3.47202,51.31439],[3.6813,51.32142],[3.77505,51.38774],[3.74348,51.46045],[3.52032,51.57914],[3.87814,51.79173],[4.26441,52.07089],[4.38724,52.23037],[4.64101,52.7557],[4.71877,52.80242],[5.0084,52.85619],[5.17329,52.74342],[5.23463,52.62285],[5.10824,52.5315],[5.00609,52.55688],[5.03574,52.33372],[4.94983,52.27795],[5.47319,52.1766],[5.57437,52.28302],[5.75691,52.33372],[5.81714,52.52136],[5.61125,52.5315],[5.55571,52.58732],[5.54689,52.6787],[5.65344,52.74978],[5.57638,52.75993],[5.32575,52.79041],[5.35802,52.93775],[5.34275,52.99631],[5.33212,53.01145],[5.38952,53.13857],[5.64735,53.22776],[5.96631,53.33501],[6.26072,53.32174],[6.75072,53.38986],[6.86105,53.26576],[7.00906,53.24541],[7.04328,53.164],[7.15994,53.164],[7.18975,53.23014],[6.98071,53.31666],[7.03733,53.51015],[7.16564,53.59167],[7.33239,53.60443],[7.83638,53.63209],[7.87503,53.63369],[7.96854,53.63753],[8.01102,53.56569],[8.09873,53.44393],[8.02908,53.37265],[8.17499,53.32174],[8.24193,53.35229],[8.26077,53.43885],[8.189,53.53052],[8.30565,53.52543],[8.5018,53.44903],[8.42866,53.61205],[8.51624,53.76104],[8.53954,53.80068],[8.5856,53.79308],[8.84848,53.74968],[9.12504,53.79048],[8.8571,53.86699],[8.81897,53.96904],[8.94634,54.01497],[8.83265,54.06602],[8.77879,54.1324],[8.8533,54.16816],[8.88401,54.22945],[8.96168,54.27591],[9.05618,54.3486],[9.13613,54.29772],[9.16521,54.31952],[9.21609,54.29045],[9.2597,54.30498],[9.29604,54.24683],[9.44141,54.24683],[9.44868,54.18869],[9.67401,54.18869],[9.73943,54.27591],[9.82665,54.27591],[9.8848,54.2541],[10.14173,54.33675],[10.21288,54.37192],[10.34024,54.36232],[10.44597,54.29203],[10.64859,54.25898],[11.03861,54.31325],[11.07301,54.21963],[11.01589,54.09666],[10.71672,53.96393],[10.85892,53.87719],[11.15138,53.93842],[11.20249,53.85678],[11.40782,53.85929],[11.56502,54.03538],[12.04107,54.09666],[12.65252,54.32143],[12.7648,54.27033],[12.94314,54.34698],[13.02581,54.26522],[13.06377,54.19369],[13.43102,54.03025],[13.66761,54.08417],[13.73778,54.03029],[13.7805,53.77518],[12.96427,51.51788],[13.84318,50.65126],[12.39884,50.17294],[12.66183,49.51151],[13.95049,48.7197],[15.02876,47.82702],[14.97617,47.24108],[14.37128,46.70272],[14.35449,45.32289],[14.23862,45.06235],[14.17461,45.01039],[14.18851,44.94255],[14.0604,44.8947],[13.99126,44.7831],[13.8951,44.75918],[13.67206,45.05036],[13.64359,45.17909],[13.52689,45.45431],[13.55628,45.4596],[13.74909,45.49433],[13.79998,45.56637],[13.67318,45.71451],[13.56461,45.72652],[13.43773,45.63843],[13.3677,45.69449],[13.15617,45.72652],[13.10461,45.58239],[12.89865,45.55837],[12.44816,45.39429],[12.48321,45.46231],[12.27974,45.40229],[12.25142,45.29028],[12.18037,45.27028],[12.17619,45.21429],[12.31251,45.17829],[12.31698,45.11517],[11.66608,44.90715]]]]}},{"type":"Feature","properties":{"NAME":"Byzantine Empire","ABBREVN":"Byzantine E.","wikipedia":null,"SUBJECTO":"Byzantine Empire","BORDERPRECISION":1,"PARTOF":"Byzantine Empire"},"geometry":{"type":"MultiPolygon","coordinates":[[[[25.87278,36.35593],[25.76635,36.33756],[25.71314,36.34981],[25.73594,36.38654],[25.78916,36.40489],[25.87278,36.35593]]],[[[25.31782,36.39877],[25.33302,36.45994],[25.37104,36.49662],[25.49267,36.42325],[25.49267,36.33144],[25.38624,36.31919],[25.31782,36.39877]]],[[[25.85758,36.8381],[25.9488,36.91107],[26.02483,36.95969],[26.08564,36.89892],[25.95641,36.84418],[25.83477,36.78332],[25.75115,36.78332],[25.75115,36.81376],[25.85758,36.8381]]],[[[24.58801,36.86851],[24.67923,36.75896],[24.46637,36.64925],[24.29912,36.75287],[24.42836,36.7955],[24.58801,36.86851]]],[[[24.87689,36.67974],[24.97572,36.63705],[24.94531,36.56992],[24.82368,36.63705],[24.82368,36.66145],[24.87689,36.67974]]],[[[25.16578,36.74069],[25.19618,36.67364],[25.10496,36.63705],[25.05934,36.61875],[25.04414,36.66145],[25.16578,36.74069]]],[[[25.43185,36.69803],[25.38624,36.63705],[25.2646,36.70413],[25.2418,36.75287],[25.2494,36.75896],[25.29501,36.80767],[25.43185,36.69803]]],[[[24.44356,37.09927],[24.42836,37.20834],[24.53479,37.11746],[24.44356,37.09927]]],[[[24.38275,37.57075],[24.26111,37.54061],[24.29912,37.66108],[24.39795,37.66709],[24.38275,37.57075]]],[[[24.35994,37.30515],[24.35994,37.3958],[24.39795,37.46824],[24.48918,37.3958],[24.35994,37.30515]]],[[[24.94531,37.51047],[25.04414,37.37768],[24.84648,37.3656],[24.86169,37.52856],[24.94531,37.51047]]],[[[24.65643,37.90141],[24.76286,38.00332],[25.27221,37.56472],[25.46986,37.43807],[25.31782,37.40184],[24.9225,37.69116],[24.65643,37.90141]]],[[[24.67923,36.905],[24.64882,37.01434],[24.71724,37.05075],[24.78566,36.94754],[24.67923,36.905]]],[[[25.15057,37.172],[25.31022,37.19623],[25.31022,37.0022],[25.11256,36.94146],[24.93771,36.95969],[25.15057,37.172]]],[[[25.53828,37.22045],[25.6067,37.12352],[25.5991,37.02648],[25.54589,36.95969],[25.45466,36.92323],[25.36343,37.00827],[25.34063,37.08715],[25.37864,37.11746],[25.53828,37.22045]]],[[[8.15949,40.78468],[8.24071,40.85534],[8.40555,40.86208],[8.76607,40.8628],[8.91842,40.94002],[9.3062,41.18445],[9.59085,40.90291],[9.79374,40.56368],[9.78785,40.44196],[9.69572,40.31369],[9.6308,40.09586],[9.69801,39.6935],[9.64834,39.45721],[9.47892,39.14416],[9.29628,39.23312],[9.06254,39.21989],[8.99852,39.17509],[8.93137,39.0537],[8.81956,38.97691],[8.6961,38.99581],[8.58238,39.06577],[8.41717,39.2122],[8.37422,39.30785],[8.46503,39.63994],[8.50848,39.94648],[8.48798,40.2088],[8.42819,40.46485],[8.20155,40.663],[8.15949,40.78468]]],[[[16.572,38.45712],[16.33069,38.32074],[16.05294,37.93117],[15.78524,37.90971],[15.71023,37.94144],[15.62748,38.00421],[15.62658,38.23308],[15.79087,38.2964],[15.93347,38.53992],[15.8273,38.62273],[15.98985,38.73476],[16.15221,38.70127],[16.21223,38.77795],[16.17721,38.93099],[16.08256,39.01247],[15.98955,39.42835],[15.84651,39.62986],[16.5321,39.69751],[16.87399,39.54365],[17.14907,39.4218],[17.10742,39.28047],[17.121,39.08602],[17.18071,39.02221],[17.09469,38.91502],[16.7977,38.92586],[16.61333,38.82733],[16.5222,38.72502],[16.572,38.45712]]],[[[27.55348,36.91483],[27.30811,36.92071],[27.26863,37.04168],[27.52564,37.13141],[27.49252,37.23967],[27.36463,37.32863],[27.16041,37.36008],[27.12256,37.49385],[27.14109,37.64687],[27.17978,37.77443],[27.13977,37.88909],[26.96138,37.94611],[26.67933,38.10494],[26.51232,38.06635],[26.39321,38.10436],[26.3916,38.21913],[26.46871,38.44476],[26.52741,38.41824],[26.74245,38.27839],[26.99743,38.40006],[26.81967,38.52725],[26.82882,38.58296],[26.6957,38.64077],[26.70947,38.69857],[26.96638,38.76993],[27.03491,38.8211],[27.00422,38.88483],[26.9368,38.92456],[26.78534,38.94033],[26.78985,39.02443],[26.87075,39.05597],[26.79714,39.12956],[26.70794,39.18213],[26.70405,39.25047],[26.60224,39.25573],[26.72016,39.33725],[26.85351,39.46077],[26.92615,39.47655],[26.95752,39.54833],[26.80427,39.56715],[26.54618,39.51335],[26.13898,39.43974],[26.06406,39.45551],[26.08489,39.60401],[26.1419,39.66058],[26.14071,39.74998],[26.12758,39.87856],[26.18601,39.9972],[26.32033,39.99192],[26.40305,40.17649],[26.48171,40.18704],[26.76528,40.37694],[26.99647,40.37166],[27.05612,40.42969],[27.27175,40.45081],[27.32923,40.35583],[27.44961,40.30979],[27.52599,40.29714],[27.76389,40.28725],[27.83016,40.34528],[27.79984,40.40332],[27.67929,40.46135],[27.80783,40.50357],[27.95381,40.48774],[28.00646,40.45081],[27.90822,40.35056],[28.00399,40.36213],[28.47772,40.3951],[28.75644,40.37645],[28.92676,40.35583],[29.05242,40.33473],[29.12229,40.41387],[29.08353,40.45608],[28.87322,40.47191],[28.77796,40.52468],[28.90162,40.62011],[29.5252,40.68829],[29.71315,40.69356],[29.88272,40.74636],[29.68345,40.75164],[29.41717,40.74107],[29.32036,40.74107],[29.28964,40.80669],[29.01453,40.97867],[29.16121,41.21637],[29.57778,41.15337],[30.13762,41.13184],[30.25609,41.18467],[30.74481,41.04032],[31.21768,41.05409],[31.40413,41.16354],[31.38567,41.28504],[31.66639,41.39481],[31.87129,41.49144],[32.41898,41.74917],[32.68791,41.84597],[33.15546,41.94961],[33.55554,41.9825],[33.89666,41.95108],[34.3039,41.89412],[34.66291,41.87558],[35.00187,42.04316],[35.09883,41.80586],[35.28607,41.67148],[35.41144,41.62682],[35.67786,41.62093],[35.95779,41.68565],[36.16137,41.3525],[36.3829,41.23752],[36.64125,41.31498],[36.81701,41.28968],[37.25283,41.02772],[37.82184,41.00963],[38.31396,40.9209],[38.65118,40.92157],[39.13864,41.04432],[39.37018,41.064],[39.663,41.0005],[40.00671,40.95633],[40.36101,40.96344],[40.60989,41.02803],[41.27776,41.28003],[40.62897,39.88361],[37.34926,38.83411],[34.66238,36.64777],[34.48513,36.62678],[34.10322,36.38032],[33.95171,36.25158],[33.95405,36.15976],[33.89098,36.13877],[33.83588,36.1073],[33.8337,36.07057],[33.75318,36.14664],[33.4817,36.05428],[33.17134,35.97088],[32.90412,35.9767],[32.64034,36.008],[32.33498,36.12837],[31.90201,36.49686],[31.37069,36.71234],[30.90531,36.79422],[30.59359,36.76173],[30.54007,36.64696],[30.49665,36.37298],[30.47283,36.18825],[30.39486,36.11805],[30.27989,36.11781],[30.16613,36.18762],[29.66196,36.07835],[29.47193,36.09069],[29.29819,36.17312],[29.00225,36.6948],[28.81353,36.53516],[28.46985,36.73831],[28.26692,36.71241],[28.01419,36.52716],[27.9119,36.69894],[27.94186,36.75634],[28.05104,36.83302],[27.99881,36.90937],[27.55348,36.91483]]],[[[12.51664,37.91917],[12.66433,38.0725],[12.78284,38.11738],[13.06595,38.06693],[13.32248,38.22051],[13.62796,38.02981],[13.80953,37.96642],[14.13447,37.97345],[14.76587,38.05761],[15.38674,38.20555],[15.45369,38.16742],[15.47289,38.11006],[15.42252,38.05257],[15.18103,37.68228],[15.11218,37.45903],[15.11625,37.28694],[15.30135,37.0579],[15.22063,37.00038],[15.02734,36.74512],[14.9424,36.73856],[14.62202,36.77614],[14.21591,37.04932],[13.8684,37.15695],[13.01157,37.52489],[12.63688,37.5815],[12.53204,37.63867],[12.45415,37.76601],[12.51664,37.91917]]],[[[23.51313,35.27596],[23.46689,35.31791],[23.52944,35.56963],[23.67147,35.57225],[23.66909,35.61158],[23.66513,35.66666],[23.69666,35.69812],[23.73368,35.62732],[23.74288,35.56176],[23.87945,35.55242],[23.95681,35.52767],[24.039,35.56176],[24.03326,35.59847],[24.08186,35.61158],[24.15268,35.56438],[24.13582,35.52243],[24.09146,35.5198],[24.07332,35.4962],[24.1132,35.48572],[24.17774,35.46999],[24.2197,35.449],[24.2296,35.39132],[24.38828,35.37297],[24.76857,35.42803],[24.99748,35.42102],[25.0136,35.36248],[25.10009,35.34675],[25.37402,35.31791],[25.51164,35.29477],[25.67321,35.34937],[25.71353,35.32701],[25.66847,35.18682],[25.7418,35.137],[25.78897,35.137],[25.93549,35.21304],[26.06415,35.23925],[26.09935,35.21565],[26.16883,35.24711],[26.27351,35.31266],[26.23604,35.22876],[26.24267,35.14487],[26.16049,35.02428],[25.89868,35.04526],[25.74174,35.00885],[25.59072,35.01642],[24.69347,34.94047],[24.71564,35.03477],[24.69007,35.09244],[24.32436,35.20779],[24.0132,35.21041],[23.78559,35.26285],[23.56772,35.25498],[23.51313,35.27596]]],[[[18.36492,39.74672],[18.16013,39.87313],[18.01707,39.94789],[17.96775,40.16689],[17.8496,40.2435],[17.61915,40.28784],[17.40165,40.29193],[17.20417,40.39794],[17.2428,40.49576],[17.08408,40.52511],[17.25861,40.95599],[17.31927,40.92925],[18.03392,40.59665],[18.05994,40.51353],[18.38361,40.30775],[18.52265,40.09413],[18.43368,39.89841],[18.36492,39.74672]]],[[[28.0262,41.88238],[28.01818,41.75321],[28.06984,41.62497],[28.1044,41.59297],[28.37146,41.43313],[28.74022,41.32483],[29.01237,41.25483],[29.0811,41.20051],[28.96445,40.98924],[28.82781,40.9147],[28.59615,40.94699],[28.17331,41.0579],[28.02637,41.02621],[27.93218,40.95755],[27.47417,40.96283],[27.31305,40.78991],[27.26376,40.66717],[26.88893,40.52468],[26.61357,40.39804],[26.51394,40.28197],[26.37586,40.21341],[26.25516,40.08156],[26.14089,40.04465],[26.21429,40.16067],[26.2228,40.22396],[26.19482,40.30307],[26.45755,40.43497],[26.55648,40.49829],[26.45484,40.58431],[26.41806,40.57782],[26.12404,40.60285],[26.02072,40.66932],[25.99288,40.85246],[25.63571,40.87738],[25.30111,40.89594],[25.04632,40.95227],[25.01893,41.01715],[24.81212,40.93342],[24.70066,40.87834],[24.51913,40.87307],[24.50495,40.98407],[24.3543,40.97096],[24.21906,40.82968],[24.02516,40.74636],[23.88595,40.73289],[23.74839,40.80443],[23.6347,40.77275],[23.63298,40.71317],[23.70906,40.63004],[23.78517,40.47719],[23.9237,40.45081],[24.29535,40.17649],[24.22064,40.14485],[24.05478,40.26088],[24.04778,40.30836],[23.92353,40.34528],[23.77477,40.39276],[23.72217,40.34824],[23.62723,40.34528],[23.6588,40.28726],[23.65175,40.22923],[23.80366,40.15539],[23.86866,40.16067],[23.92011,40.0552],[23.90662,39.9972],[23.79603,39.98665],[23.59577,40.19232],[23.44249,40.25561],[23.34908,40.28198],[23.29176,40.28726],[23.29314,40.24506],[23.25906,40.22923],[23.32103,40.15539],[23.36684,40.10793],[23.43647,40.04465],[23.52335,40.01829],[23.59219,40.00246],[23.63859,39.96034],[23.59689,39.93405],[23.37439,39.95509],[23.26053,39.97087],[23.27631,40.04992],[23.21478,40.18177],[23.14114,40.26615],[22.96016,40.31471],[22.74806,40.48247],[22.8639,40.53523],[22.87546,40.59632],[22.85195,40.65134],[22.76997,40.66717],[22.70125,40.57745],[22.49207,40.49829],[22.60227,40.39724],[22.48962,40.23053],[22.46736,40.11848],[22.52561,40.06417],[22.55513,39.98665],[22.6951,39.83448],[22.75447,39.81835],[22.81343,39.60274],[23.07417,39.41345],[23.23608,39.20316],[23.1585,39.14008],[23.05192,39.10329],[23.09981,39.18739],[23.04525,39.2715],[22.9813,39.32933],[22.91899,39.3451],[22.85085,39.36613],[22.72026,39.28727],[22.76606,39.20279],[22.83488,39.16636],[22.87106,39.02435],[22.78421,38.94033],[22.4905,38.87685],[22.60231,38.85624],[22.72329,38.79317],[22.89937,38.76689],[22.98423,38.66704],[23.0998,38.6723],[23.16949,38.66704],[23.191,38.61034],[23.35616,38.4895],[23.49384,38.48313],[23.55577,38.35176],[23.68275,38.34651],[23.80395,38.34651],[23.96074,38.20991],[23.96699,38.15213],[23.88002,38.11536],[23.9873,37.76343],[23.91818,37.68464],[23.83551,37.68464],[23.73368,37.85786],[23.63415,37.87898],[23.54072,38.0041],[23.4957,38.06808],[23.41926,38.06808],[23.19584,38.00504],[22.98061,37.95777],[22.89806,37.89999],[23.03997,37.85797],[23.04539,37.77358],[23.04887,37.64263],[23.15138,37.59012],[23.22055,37.60183],[23.32171,37.63738],[23.31216,37.54811],[23.41812,37.46934],[23.18498,37.42733],[23.18579,37.37483],[23.10956,37.34664],[22.97098,37.38532],[23.02535,37.47984],[22.94207,37.51839],[22.71329,37.54343],[22.64232,37.58487],[22.63875,37.49229],[22.72624,37.28851],[22.81335,37.21205],[22.79311,37.13856],[22.88689,37.04668],[22.98255,36.61475],[22.67355,36.75428],[22.52445,36.72213],[22.3903,36.52437],[22.19141,36.85524],[21.98417,37.02048],[21.78092,36.82254],[21.58817,36.98144],[21.53144,37.11515],[21.6265,37.30652],[21.61371,37.41485],[21.51731,37.53576],[21.29635,37.72654],[21.22113,37.8284],[21.22843,37.90491],[21.44045,38.17952],[21.7145,38.13544],[21.90577,38.26974],[21.99669,38.25078],[22.74721,37.95261],[22.89866,37.99755],[23.11635,38.15739],[22.99674,38.17934],[22.87564,38.2046],[22.33374,38.42671],[21.82647,38.46396],[21.66126,38.43811],[21.36446,38.41201],[21.1724,38.34784],[20.77183,38.85093],[20.8926,38.89583],[21.00651,38.87054],[21.10469,38.92178],[21.15952,39.00483],[21.00718,39.11299],[20.90115,39.06173],[20.67775,39.08042],[20.21181,39.40493],[20.12238,39.55101],[20.09083,39.60253],[20.02856,39.81378],[19.80365,40.01696],[19.36907,40.26028],[19.38023,40.32358],[19.48371,40.29589],[19.49448,40.40272],[19.33922,40.58874],[19.52726,40.86589],[19.4454,40.9649],[19.52995,41.21844],[19.41699,41.34525],[19.49892,41.52362],[19.61938,41.5593],[19.60697,41.76154],[19.45789,41.79808],[19.36771,41.84637],[19.33847,41.86202],[19.14304,41.93209],[19.13554,41.99954],[18.9099,42.21779],[18.52864,42.35274],[18.51359,42.36214],[18.24871,42.52744],[18.00137,42.69446],[17.64638,42.8646],[17.59568,42.8889],[17.54798,42.92012],[17.30407,43.07621],[17.07509,43.22275],[16.99226,43.32272],[16.63981,43.38974],[16.54851,43.46131],[16.36675,43.51302],[16.05941,43.43348],[15.91284,43.65225],[15.49437,43.88844],[15.41232,43.93476],[15.14947,44.23993],[15.27441,44.23661],[15.54822,44.22935],[15.28594,44.32892],[15.19364,44.39456],[15.28594,44.32892],[15.54822,44.22935],[15.5503,44.22933],[17.14625,44.21283],[18.58932,43.95045],[20.42596,42.63857],[20.68834,40.60515],[21.0819,40.60515],[21.0819,40.60515],[21.60666,41.78584],[23.73069,42.17536],[27.4947,42.4009],[27.4947,42.4009],[27.4947,42.4009],[27.60787,42.41678],[27.72253,42.31622],[27.73771,42.247],[27.91341,42.0781],[27.91795,41.97767],[28.0262,41.88238]]],[[[23.24241,39.04412],[23.40966,38.94367],[23.78977,38.71863],[24.13187,38.65336],[24.2079,38.55236],[24.29152,38.19476],[24.58801,38.15293],[24.52719,37.96737],[24.31433,37.98535],[24.19269,38.15293],[24.02544,38.3857],[23.66053,38.40357],[23.59972,38.45717],[23.63773,38.52263],[23.46288,38.62367],[23.12078,38.86677],[22.8699,38.83716],[23.01435,38.96141],[23.24241,39.04412]]]]}},{"type":"Feature","properties":{"NAME":"Britany","ABBREVN":"Britany","wikipedia":null,"SUBJECTO":"Britany","BORDERPRECISION":1,"PARTOF":"Britany"},"geometry":{"type":"MultiPolygon","coordinates":[[[[-1.99911,48.67696],[-1.75197,48.17821],[-2.01036,47.74565],[-2.57553,47.32397],[-2.57648,47.32487],[-2.46554,47.49438],[-2.61365,47.57225],[-2.84247,47.4919],[-3.0627,47.60394],[-3.43353,47.71681],[-3.71187,47.79815],[-3.8581,47.79181],[-3.95484,47.90434],[-4.36437,47.82931],[-4.39094,47.94185],[-4.51013,47.99813],[-4.6754,48.01689],[-4.70031,48.0638],[-4.31287,48.10133],[-4.35098,48.20457],[-4.58797,48.25149],[-4.3889,48.29844],[-4.3502,48.39051],[-4.47379,48.38294],[-4.59202,48.39232],[-4.77963,48.35477],[-4.76196,48.552],[-4.6257,48.54667],[-4.4883,48.61227],[-4.25148,48.65191],[-3.99887,48.73054],[-3.90222,48.64596],[-3.82131,48.72115],[-3.60787,48.69295],[-3.55767,48.81008],[-3.43506,48.83646],[-3.09123,48.87155],[-2.91446,48.70679],[-2.79054,48.58958],[-2.63638,48.552],[-2.34289,48.67415],[-2.20007,48.59898],[-2.07597,48.65616],[-1.99911,48.67696]]]]}},{"type":"Feature","properties":{"NAME":"Sámi","ABBREVN":"Sámi","wikipedia":"https://en.wikipedia.org/wiki/S%C3%A1mi","SUBJECTO":"Sámi","BORDERPRECISION":1,"PARTOF":"Sámi"},"geometry":{"type":"MultiPolygon","coordinates":[[[[34.25849,66.10983],[34.5437,66.00084],[34.72617,65.79698],[34.72559,65.61499],[34.72612,65.78029],[29.21615,65.48409],[25.19562,65.26795],[25.18613,65.24266],[25.21731,65.32576],[25.25151,65.41689],[25.10361,65.54013],[24.59114,65.58278],[24.2148,65.78591],[23.94773,65.79668],[23.84408,65.79847],[23.40569,65.72483],[23.20402,65.68075],[22.79816,65.85482],[22.64555,65.93479],[22.4898,65.88342],[22.20157,65.71529],[21.95748,65.44574],[21.81873,65.38014],[21.52233,65.37231],[21.27735,65.21228],[21.42371,65.10389],[21.48945,65.01716],[21.32944,64.89435],[20.92119,64.71382],[21.06432,64.592],[21.23705,64.52054],[21.38583,64.38456],[21.0489,64.21917],[20.87327,64.03282],[20.86648,64.02562],[20.70066,63.81813],[19.98489,63.51727],[19.67028,63.38854],[19.46501,63.4807],[19.31822,63.44483],[19.2524,63.37899],[19.07593,63.2025],[18.78499,63.13801],[18.48662,62.98124],[18.38895,62.85337],[18.30319,62.78942],[17.96744,62.77462],[17.86817,62.78862],[17.93626,62.548],[17.71811,62.35673],[17.29024,62.44072],[17.38736,62.20077],[17.49677,62.0881],[17.38697,61.65844],[17.16264,61.62991],[17.06518,61.53838],[17.15019,61.19771],[17.14621,60.95283],[17.31763,60.75307],[17.19784,60.67999],[12.28793,59.23726],[12.98153,63.16297],[13.80223,64.95474],[14.97851,67.5228],[15.22666,67.50856],[15.3845,67.46444],[15.57994,67.58332],[15.74567,67.59729],[15.76182,67.67629],[15.57224,67.8207],[15.85421,67.92524],[15.91974,68.04897],[16.07106,68.04467],[16.23273,67.91109],[16.41161,67.87425],[16.64855,68.04575],[16.5219,68.3409],[16.71914,68.31136],[17.03327,68.33763],[17.12642,68.41608],[16.85476,68.55778],[17.03973,68.65853],[17.40691,68.77154],[17.44891,68.887],[17.56586,68.97437],[17.89471,69.03508],[17.92815,69.00508],[18.05155,69.02786],[18.09735,69.058],[18.31905,69.35938],[18.55324,69.24688],[18.98485,69.31544],[19.17016,69.25553],[19.28917,69.21059],[19.57998,69.18106],[19.82121,69.36973],[20.15765,69.74783],[20.28638,69.78591],[20.35832,69.71038],[20.27816,69.58179],[20.1965,69.31769],[20.55269,69.52191],[20.73394,69.77919],[21.10273,69.81769],[21.41196,70.01541],[21.60856,69.96254],[21.90807,69.80404],[22.16331,70.09311],[22.30645,70.21562],[22.74557,70.1706],[23.20361,69.94278],[23.29247,70.01129],[23.50841,70.27907],[23.82729,70.47884],[23.95485,70.50206],[24.20772,70.47187],[24.35961,70.61029],[24.57051,70.74138],[24.84904,70.8266],[25.38903,70.90463],[25.83206,70.89776],[25.23069,70.55819],[25.12242,70.43525],[25.07408,70.14438],[25.26302,70.10655],[25.57404,70.36714],[26.26272,70.79074],[26.60652,70.91462],[26.61911,70.79908],[26.61742,70.39205],[26.93435,70.46929],[27.13108,70.57708],[27.51601,70.97031],[27.94754,71.01741],[28.21116,71.01791],[28.30841,70.94865],[28.13644,70.83273],[27.98529,70.71701],[28.01893,70.60945],[27.8754,70.42506],[28.28973,70.37221],[28.38891,70.57175],[28.79481,70.86477],[28.98434,70.85741],[29.74123,70.60498],[30.04144,70.54414],[30.46196,70.53725],[30.7542,70.43042],[30.79884,70.30796],[30.25188,70.13115],[29.7349,70.11489],[28.73008,70.13593],[28.81709,70.09792],[29.08002,69.96123],[29.55593,69.8334],[29.72858,69.69757],[30.05581,69.72086],[30.36129,69.76681],[30.73536,69.75236],[31.05378,69.63959],[31.33128,69.66276],[31.7822,69.77702],[32.07156,69.88349],[32.07601,69.81536],[32.19056,69.64171],[32.35173,69.51368],[32.59631,69.42362],[33.00963,69.38669],[33.28057,69.34201],[33.3156,69.07128],[33.62838,69.21469],[33.81805,69.19248],[34.30515,69.17083],[34.69889,69.16405],[34.93414,69.14944],[35.43655,69.15036],[36.01828,69.02371],[37.24586,68.7935],[37.68858,68.62961],[38.40644,68.24269],[38.66845,68.14634],[39.33471,68.03594],[39.91807,67.94038],[40.82605,67.66005],[40.97339,67.53437],[40.95083,67.33466],[41.01687,67.20186],[41.20883,67.06946],[41.2553,66.93698],[41.14697,66.78227],[40.83638,66.5614],[40.34515,66.31865],[39.97752,66.20092],[39.19003,66.03871],[38.78211,66.00145],[38.04787,66.00737],[37.42243,66.09382],[36.50523,66.17249],[35.77175,66.25887],[35.16772,66.4115],[34.15295,66.62963],[33.65128,66.6801],[33.43749,66.70174],[33.15773,66.91448],[32.99095,66.98782],[32.64434,67.0461],[32.21944,66.99375],[32.35782,66.92033],[32.42473,66.89103],[32.75354,66.64904],[32.97086,66.58339],[33.46967,66.3131],[33.84421,66.18214],[34.0761,66.14167],[34.25849,66.10983]]]]}},{"type":"Feature","properties":{"NAME":"Caloosahatchee cultureure","ABBREVN":"Caloosahatchee cultureure","wikipedia":null,"SUBJECTO":"Caloosahatchee cultureure","BORDERPRECISION":1,"PARTOF":"Caloosahatchee cultureure"},"geometry":{"type":"MultiPolygon","coordinates":[[[[-82.42941,27.82632],[-80.59153,28.49188],[-80.44718,27.77563],[-80.22851,27.23828],[-80.26209,27.19695],[-80.13326,27.07294],[-80.07789,26.9231],[-80.04998,26.55109],[-80.18538,25.86006],[-80.21441,25.73473],[-80.35404,25.5482],[-80.30528,25.35755],[-80.3141,25.24388],[-80.49076,24.99588],[-80.49836,25.03721],[-80.44022,25.14571],[-80.45173,25.20772],[-80.56696,25.19175],[-80.73805,25.13021],[-80.86892,25.18705],[-81.09792,25.12505],[-81.15179,25.27316],[-81.14558,25.37822],[-81.40104,25.85874],[-81.74466,25.92074],[-81.83656,26.07909],[-81.88733,26.44776],[-82.07762,26.55109],[-82.14231,26.86676],[-82.31009,26.82493],[-82.58389,27.31062],[-82.75273,27.52762],[-82.61963,27.52762],[-82.45076,27.72438],[-82.42929,27.82615],[-82.42941,27.82632]]]]}},{"type":"Feature","properties":{"NAME":"Rus' Khaganate","ABBREVN":"Rus' Khaganate","wikipedia":null,"SUBJECTO":"Rus' Khaganate","BORDERPRECISION":1,"PARTOF":"Rus' Khaganate"},"geometry":{"type":"MultiPolygon","coordinates":[[[[27.70204,59.2975],[27.8936,59.34611],[28.01585,59.45415],[28.01309,59.45822],[27.97339,59.51671],[27.89666,59.53378],[27.94169,59.6476],[28.09419,59.66468],[28.1631,59.59068],[28.26634,59.56223],[28.35098,59.60206],[28.3091,59.6644],[28.44436,59.73374],[28.66273,59.64434],[28.79593,59.67222],[28.93627,59.82455],[29.07607,59.90779],[29.41363,59.86003],[29.76545,59.73624],[29.96316,59.73662],[30.12664,59.80605],[29.95287,59.98558],[29.6873,60.131],[29.51074,60.14457],[28.96898,60.10879],[28.69163,60.14998],[28.5694,60.19842],[28.47543,60.29572],[30.50425,60.71773],[30.504,60.70356],[30.52393,60.65459],[30.53389,60.63008],[30.66328,60.59282],[30.72373,60.56177],[30.75859,60.52451],[30.77422,60.49209],[30.77598,60.4481],[30.80332,60.44663],[30.81689,60.45884],[30.83213,60.45752],[30.84912,60.44263],[30.95684,60.26362],[31.01895,60.19292],[31.10898,60.14644],[31.11494,60.13486],[31.09512,60.08374],[31.10596,60.0563],[31.14287,60.03169],[31.14531,60.00552],[31.06318,59.96289],[31.04277,59.95098],[31.06396,59.94321],[31.10625,59.92769],[31.17637,59.92578],[31.27441,59.93765],[31.34932,59.93276],[31.40137,59.91133],[31.45479,59.90718],[31.50977,59.92036],[31.54717,59.94014],[31.56719,59.96655],[31.56504,59.99805],[31.54092,60.03452],[31.54824,60.07187],[31.60645,60.13364],[31.60586,60.14229],[31.59688,60.1438],[31.59062,60.15557],[31.59893,60.16963],[31.69941,60.23564],[31.84326,60.24785],[32.05713,60.22651],[32.19609,60.19536],[32.26016,60.15435],[32.36152,60.1481],[32.50039,60.17651],[32.58389,60.20894],[32.6123,60.24536],[32.61436,60.28579],[32.59023,60.33022],[32.59492,60.35459],[32.65586,60.37168],[32.67666,60.39243],[32.66396,60.4271],[32.61787,60.47559],[32.59648,60.51108],[32.5999,60.5335],[32.6417,60.53687],[32.72207,60.52114],[32.78184,60.48823],[32.81572,60.48188],[32.84141,60.49702],[32.90693,60.58594],[32.94434,60.64258],[32.93652,60.67031],[32.90303,60.69351],[32.84355,60.71221],[32.81191,60.75649],[32.80781,60.82637],[32.7763,60.87073],[32.76543,60.88604],[32.64072,60.96914],[32.6334,60.98672],[32.59258,60.99761],[32.58057,61.01387],[32.58106,61.03639],[35.03694,61.52059],[35.15391,61.48516],[35.30391,61.42959],[35.39844,61.38584],[35.45742,61.35591],[35.49463,61.32896],[35.53691,61.29224],[35.57773,61.24639],[35.61143,61.19741],[35.62939,61.14995],[35.63223,61.10781],[35.61465,61.07612],[35.5834,61.03423],[35.52734,61.0228],[35.44062,61.06265],[35.34531,61.07256],[35.25928,61.06655],[35.19209,61.06895],[35.14199,61.07729],[35.10811,61.0916],[35.07998,61.10835],[35.06201,61.12563],[35.05264,61.14111],[35.07773,61.15132],[35.14316,61.15581],[35.20771,61.15879],[35.23105,61.16523],[35.20693,61.17725],[35.15664,61.19365],[35.07471,61.20708],[34.97422,61.21196],[34.8873,61.2061],[34.83809,61.19365],[34.81875,61.17363],[34.804,61.14956],[34.79668,61.1228],[34.79551,61.09648],[34.80244,61.07354],[34.81494,61.05503],[34.82852,61.03862],[34.84639,61.02666],[34.86904,61.027],[34.89629,61.04688],[34.94248,61.07041],[35.02236,61.06445],[35.09287,61.04468],[35.1168,61.02222],[35.13291,61.00708],[35.18447,61.00488],[35.25488,61.0146],[35.31611,61.02808],[35.36328,61.03823],[35.39961,61.03989],[35.42617,61.03315],[35.4498,61.023],[35.47334,61.00215],[35.49941,60.96982],[35.55059,60.93799],[35.63457,60.91846],[35.66528,60.9134],[35.209,60.29363],[35.0561,60.3299],[31.55811,56.25453],[30.08648,57.39124],[28.41629,57.90335],[28.32714,58.24539],[27.61341,58.32936],[27.74785,58.42993],[27.79814,58.44683],[27.82051,58.48491],[27.81367,58.57134],[27.74844,58.91206],[27.68301,58.97964],[27.58238,58.99688],[27.63548,59.28443],[27.60716,59.30631],[27.63897,59.30336],[27.70204,59.2975]],[[31.68828,58.20229],[31.64697,58.3084],[31.6457,58.35142],[31.65342,58.36875],[31.63711,58.38799],[31.51816,58.37256],[31.51074,58.38887],[31.43018,58.41655],[31.37432,58.42925],[31.29834,58.47656],[31.25166,58.42544],[31.17021,58.35947],[31.07998,58.33159],[31.01943,58.31973],[30.95488,58.28437],[30.85703,58.23911],[30.87617,58.21411],[31.15625,58.17134],[31.39404,58.14199],[31.44648,58.20591],[31.53096,58.23018],[31.63057,58.20728],[31.68828,58.20229]]]]}},{"type":"Feature","properties":{"NAME":"Paleo-Siberian hunter-gatherers","ABBREVN":"Paleo-Siberian hunter-gatherers","wikipedia":null,"SUBJECTO":"Paleo-Siberian hunter-gatherers","BORDERPRECISION":1,"PARTOF":"Paleo-Siberian hunter-gatherers"},"geometry":{"type":"MultiPolygon","coordinates":[[[[69.66336,55.50131],[64.62543,57.57867],[75.85638,61.42678],[98.45947,69.79095],[105.40307,72.74873],[105.60022,72.74427],[106.08699,72.8554],[106.50154,73.06131],[107.24994,73.13382],[107.80429,73.14277],[108.74963,73.26323],[109.59519,73.3916],[109.99059,73.43995],[110.44229,73.56787],[110.40002,73.74288],[110.17845,73.79822],[110.16323,73.83009],[110.28964,73.94207],[110.55127,74.03845],[110.94413,73.94327],[111.21531,73.7683],[111.49485,73.74488],[111.76165,73.65779],[112.09339,73.63456],[112.4768,73.65914],[112.99697,73.77957],[113.22158,73.7481],[113.30773,73.61296],[113.31174,73.38266],[113.54699,73.20093],[114.18668,73.551],[114.93412,73.56032],[115.61149,73.6252],[116.67114,73.61923],[117.53465,73.54927],[117.91885,73.53409],[118.46038,73.51923],[118.33847,73.18611],[118.4978,73.03624],[119.41745,72.96693],[119.79856,72.91246],[120.11277,72.88153],[120.57852,72.83512],[121.6995,72.90022],[122.24328,72.90912],[122.88243,72.75281],[123.51475,73.17201],[123.4422,73.33019],[123.42498,73.43322],[123.40985,73.48078],[123.5007,73.50495],[124.54383,71.5861],[130.86732,69.90104],[155.89216,68.16901],[168.1355,67.45778],[171.76814,65.85918],[172.44085,63.07842],[169.48092,61.19264],[170.3441,60.27961],[170.3368,60.2771],[170.26843,60.14514],[170.27305,60.01343],[170.06013,59.8818],[169.8775,59.87456],[169.61364,60.0122],[169.53161,60.12989],[169.45571,60.29627],[169.15412,60.43464],[168.67076,60.45458],[168.2109,60.43286],[167.68962,60.35545],[167.10398,60.27103],[166.86842,60.17342],[166.26852,59.83328],[166.02722,59.70872],[165.94497,59.77061],[166.20343,60.35264],[165.95634,60.31052],[165.77999,60.35411],[165.41539,60.11519],[165.1136,60.03144],[164.93296,59.96188],[164.88157,59.73414],[164.58461,59.66465],[164.44191,59.74019],[164.32806,59.96073],[164.11053,60.07821],[163.6497,59.79202],[163.76683,59.88376],[163.51628,59.85569],[163.38868,59.81406],[163.10639,59.57917],[163.0429,59.462],[163.09977,59.35887],[163.25451,59.29037],[162.83522,59.05591],[162.75344,58.96646],[162.9074,58.89128],[162.6159,58.73296],[162.22001,58.48553],[161.93841,58.25919],[161.80436,58.10172],[161.79994,57.86274],[161.98922,57.71985],[162.20365,57.67936],[162.82566,57.70098],[163.07838,57.6265],[163.12783,57.55162],[162.93203,57.37424],[162.59327,57.16954],[162.5124,57.03349],[162.61282,56.80288],[162.7443,56.59971],[163.09797,56.55973],[163.17227,56.38382],[163.166,56.1065],[163.00907,55.94407],[162.77128,55.9166],[162.55464,56.01072],[162.54719,56.10532],[162.72187,56.34235],[162.52182,56.34874],[162.31758,56.2401],[161.86132,55.86087],[161.60943,55.55691],[161.50274,55.28737],[161.64738,54.98509],[161.93853,54.8451],[162.0082,54.73822],[161.87587,54.56413],[161.56662,54.42324],[161.13636,54.40907],[160.8376,54.44857],[160.68292,54.44828],[160.40431,54.36759],[160.02738,54.15327],[159.93115,54.08636],[159.69506,53.85923],[159.63322,53.70584],[159.6835,53.57943],[159.90477,53.40018],[159.92208,53.30047],[159.89686,53.24058],[159.59176,53.13362],[159.31982,53.12647],[158.78814,52.95937],[158.46136,52.82596],[158.43167,52.71308],[158.46237,52.58714],[158.38951,52.20269],[158.25802,52.01712],[157.89778,51.66602],[157.20953,51.229],[156.82464,51.00412],[156.69638,50.95775],[156.56373,51.23436],[156.4747,51.60382],[156.36186,51.91424],[156.33323,52.27156],[156.17524,52.60926],[156.0381,52.78149],[155.94184,53.19308],[155.7108,53.80494],[155.70747,54.06495],[155.63807,54.31841],[155.63018,54.46535],[155.58306,54.55207],[155.46521,54.91977],[155.45347,55.27581],[155.50569,55.63962],[155.62757,56.26792],[155.703,56.3696],[156.23584,56.75683],[156.55787,56.94747],[156.81468,57.26057],[156.87765,57.36274],[156.83949,57.50566],[156.77685,57.58046],[157.51116,57.74545],[157.9617,57.88276],[158.32626,58.02682],[159.10429,58.42488],[159.3927,58.61035],[159.58628,58.80268],[159.64912,58.95375],[160.45193,59.35389],[160.84425,59.55424],[161.53524,59.94169],[161.70085,60.07351],[161.81793,60.26799],[162.38113,60.46357],[163.3293,60.69495],[163.4448,60.89027],[163.79266,61.12819],[163.83137,61.23309],[163.57572,61.33047],[163.94229,61.73741],[163.92588,61.955],[164.0083,62.1309],[164.2772,62.22288],[165.05479,62.25954],[165.28572,62.28814],[165.06716,62.43569],[164.13768,62.53265],[163.81842,62.48974],[163.34025,62.4113],[162.99024,62.32608],[163.00915,62.17828],[162.71057,61.76319],[162.76686,61.6721],[162.74877,61.60899],[162.45062,61.55938],[162.23524,61.50993],[161.53578,61.18682],[160.64498,60.71775],[160.11885,60.56362],[160.00711,60.59125],[160.07699,60.73759],[160.23559,60.94701],[159.81552,60.98108],[159.74351,61.09964],[159.85687,61.3025],[160.05624,61.51285],[160.14935,61.66017],[160.11825,61.75128],[159.9658,61.76504],[159.45463,61.56075],[159.23106,61.54631],[159.10643,61.70729],[158.84126,61.78397],[158.11836,61.71947],[157.52827,61.66927],[157.09799,61.6334],[156.82524,61.56281],[156.42315,61.401],[156.38118,61.20508],[156.41844,61.12133],[155.85076,60.88297],[155.66668,60.77804],[155.7339,60.55537],[155.1518,60.39435],[154.69332,60.19902],[154.31565,59.98335],[154.09216,59.77588],[153.94297,59.56883],[153.94447,59.39668],[154.18179,59.30078],[154.7528,59.28122],[154.87805,59.1577],[154.90589,59.10277],[154.38708,59.03995],[153.92443,58.92235],[153.45414,58.94892],[153.13989,59.01012],[152.96824,58.99607],[152.82833,58.94774],[152.50421,58.76872],[152.19125,58.92594],[151.69065,58.75346],[151.35449,58.69112],[151.1354,58.73183],[151.00749,58.79334],[151.05618,58.92381],[151.39268,58.97937],[151.78331,59.03505],[151.85726,59.05581],[151.5236,59.34394],[151.14021,59.43957],[150.66342,59.4318],[150.27865,59.36225],[150.12007,59.38945],[149.72958,59.59533],[149.38031,59.60846],[149.04528,59.58715],[148.72845,59.47634],[148.7472,59.29743],[148.63029,59.19403],[148.41609,59.09739],[148.10282,59.2068],[147.91918,59.26147],[147.35223,59.23289],[146.99963,59.19096],[146.7064,59.2248],[146.30735,59.28595],[146.05397,59.25107],[146.02348,59.19599],[145.95697,58.98286],[145.65258,58.97541],[145.5128,59.03695],[145.49566,59.20875],[145.40414,59.3255],[144.8457,59.2832],[144.38981,59.30986],[143.82409,59.29501],[143.30285,59.26653],[142.92681,59.27957],[142.84585,59.27253],[142.35777,59.14096],[142.72148,59.239],[137.17797,61.33434],[127.8094,61.80384],[116.96158,59.88267],[115.20548,57.38612],[114.01591,59.54673],[107.96151,59.81839],[99.48535,55.65854],[99.53746,55.28112],[93.70004,56.48456],[78.36223,56.41019],[70.38421,55.57663],[69.66336,55.50131]]]]}},{"type":"Feature","properties":{"NAME":"Slavonic tribes","ABBREVN":"Slavs","wikipedia":null,"SUBJECTO":"Slavonic tribes","BORDERPRECISION":1,"PARTOF":"Slavonic tribes"},"geometry":{"type":"MultiPolygon","coordinates":[[[[45.9586,54.29831],[45.64216,54.27789],[40.05433,53.91729],[35.74616,53.01963],[34.97464,52.85887],[35.21944,50.70115],[35.60111,49.84034],[32.92593,49.35418],[32.86064,49.40781],[32.75391,49.48477],[32.71201,49.55938],[32.66465,49.53701],[32.65947,49.4644],[32.68242,49.40098],[32.63184,49.38184],[32.46143,49.42607],[32.35,49.46909],[32.18359,49.52095],[32.11445,49.54131],[31.95537,49.56968],[31.88799,49.55444],[31.90049,49.51279],[32.17012,49.40439],[32.29355,49.34619],[32.4082,49.30171],[32.47057,49.27143],[26.93745,48.26589],[26.78767,48.53055],[25.83775,43.45412],[22.76074,42.51142],[21.92328,39.8958],[21.34469,39.69373],[20.34532,41.17494],[19.97302,42.25889],[15.65995,45.24058],[14.35449,45.32289],[13.95049,48.7197],[14.45018,48.77172],[15.71254,49.0138],[16.19189,49.59311],[16.68562,50.18979],[15.00246,50.90834],[14.31868,50.80873],[12.39884,50.17294],[12.19255,50.65528],[10.98279,52.01885],[10.39005,53.5272],[10.14173,54.33675],[10.21288,54.37192],[10.34024,54.36232],[10.44597,54.29203],[10.64859,54.25898],[11.03861,54.31325],[11.07301,54.21963],[11.04137,54.1527],[11.01589,54.09666],[10.71672,53.96393],[10.77092,53.93087],[10.85892,53.87719],[10.88371,53.88238],[10.89351,53.88443],[10.9604,53.89843],[11.15138,53.93842],[11.20249,53.85678],[11.40782,53.85929],[11.56502,54.03538],[12.04107,54.09666],[12.31188,54.20194],[12.46254,54.25479],[12.65252,54.32143],[12.7648,54.27033],[12.94314,54.34698],[13.02581,54.26522],[13.06377,54.19369],[13.34917,54.06349],[13.43102,54.03025],[13.66761,54.08417],[13.73778,54.03029],[13.76433,53.87719],[13.7805,53.77518],[13.85017,53.72929],[14.00974,53.67321],[14.17686,53.68341],[14.18958,53.62479],[14.28019,53.61342],[14.43316,53.59421],[14.53706,53.53817],[14.4953,53.62479],[14.5653,53.6936],[14.55694,53.75988],[14.48252,53.81853],[14.47294,53.87678],[14.46741,53.91035],[14.58024,53.92902],[14.88576,53.97956],[15.07968,54.00252],[15.31169,54.071],[15.89836,54.1284],[16.11468,54.19961],[16.47325,54.41503],[16.9759,54.54931],[17.65761,54.68546],[18.14236,54.7156],[17.86004,53.65788],[22.54131,53.53302],[24.69785,55.30768],[28.80053,56.42907],[28.41629,57.90335],[30.08648,57.39124],[31.55811,56.25453],[35.0561,60.3299],[35.209,60.29363],[43.17158,58.40469],[44.17773,58.166],[43.19087,57.4675],[44.40198,56.22729],[46.06633,56.21046],[45.9586,54.29831]],[[38.81875,58.13481],[38.81211,58.25073],[38.83047,58.29556],[38.8709,58.33105],[39.00527,58.35806],[39.00039,58.38677],[38.97031,58.44082],[39.00371,58.47563],[38.98926,58.49561],[38.75283,58.54692],[38.60996,58.63657],[38.42734,58.74702],[38.11943,58.95459],[38.04697,58.99419],[37.91992,59.04209],[37.85771,59.07515],[37.86641,59.09409],[37.91016,59.10273],[38.17051,59.06504],[38.23945,59.0627],[38.33154,59.09258],[38.40732,59.15229],[38.41465,59.17344],[38.29404,59.16133],[38.18291,59.20308],[38.14326,59.20977],[38.12402,59.20288],[38.17637,59.14824],[38.18047,59.13213],[38.17969,59.11333],[38.15937,59.10156],[38.11621,59.10259],[38.02725,59.12808],[38.00742,59.14375],[38.00156,59.15977],[37.9873,59.17676],[37.94004,59.17407],[37.84287,59.15527],[37.64492,59.15679],[37.64004,59.1377],[37.67627,59.10234],[37.69561,59.06396],[37.67324,59.0252],[37.60889,58.98896],[37.49912,58.94419],[37.48438,58.9272],[37.46582,58.87456],[37.47129,58.85708],[37.50137,58.84478],[37.58125,58.89883],[37.64238,58.9189],[37.71367,58.92773],[37.77725,58.92622],[37.82832,58.91406],[37.86943,58.89707],[37.91758,58.85825],[37.9959,58.86167],[38.02393,58.7459],[37.96133,58.7436],[37.9417,58.7355],[37.94531,58.72031],[37.98418,58.69238],[37.9877,58.67222],[38.09551,58.63447],[38.10312,58.61948],[38.07383,58.59155],[38.07393,58.54194],[37.99492,58.55044],[37.76777,58.61763],[37.71484,58.61753],[37.63232,58.63623],[37.6209,58.62622],[37.6666,58.57246],[37.66113,58.55747],[37.60869,58.54531],[37.56465,58.55283],[37.5377,58.6127],[37.45918,58.63394],[37.41035,58.66997],[37.41035,58.68906],[37.42285,58.72656],[37.37227,58.73145],[37.30791,58.76001],[37.15078,58.84873],[37.16924,58.72563],[37.15459,58.70654],[37.15527,58.69497],[37.3168,58.65742],[37.41689,58.61309],[37.50713,58.53535],[37.89717,58.2918],[37.94404,58.30088],[38.14873,58.24863],[38.22051,58.2373],[38.25098,58.19873],[38.24961,58.10269],[38.25918,58.0709],[38.28105,58.05386],[38.31016,58.04058],[38.36924,58.03159],[38.41533,58.01558],[38.43711,58.01753],[38.43691,58.03564],[38.35703,58.1001],[38.38311,58.12188],[38.61172,58.11313],[38.68096,58.1082],[38.704,58.11313],[38.69795,58.13296],[38.61924,58.20127],[38.63828,58.22031],[38.6917,58.20703],[38.77949,58.13477],[38.80518,58.12197],[38.81875,58.13481]]]]}},{"type":"Feature","properties":{"NAME":"Volga Bulgars","ABBREVN":"Volga Bulgars","wikipedia":null,"SUBJECTO":"Volga Bulgars","BORDERPRECISION":1,"PARTOF":"Volga Bulgars"},"geometry":{"type":"MultiPolygon","coordinates":[[[[56.60362,52.66192],[56.09106,52.8923],[49.98784,55.3066],[50.73447,55.40708],[50.76357,55.42886],[50.87715,55.45205],[51.07109,55.41504],[51.12979,55.39302],[51.18428,55.35742],[51.21875,55.40015],[51.19844,55.44116],[51.17422,55.46348],[51.20586,55.48872],[51.41045,55.44102],[51.52373,55.50303],[51.5502,55.5584],[51.61504,55.56538],[51.71445,55.59282],[51.72773,55.64302],[51.74844,55.67529],[51.79961,55.68394],[51.88584,55.67085],[51.93652,55.69907],[51.87471,55.70361],[51.76348,55.72046],[51.63496,55.6459],[51.52148,55.63232],[51.46084,55.70098],[51.47158,55.79502],[51.48027,55.83271],[51.44814,55.8123],[51.41367,55.77446],[51.39805,55.68491],[51.4666,55.58984],[51.46914,55.51128],[51.41387,55.49438],[51.35342,55.49556],[51.33105,55.49893],[51.25498,55.52617],[51.12578,55.50112],[50.83389,55.47954],[50.6752,55.45063],[50.48145,55.45996],[50.3791,55.43052],[50.2248,55.43843],[50.08955,55.46279],[49.9999,55.41504],[49.79203,55.38406],[49.78828,55.3835],[49.58281,55.39023],[49.45488,55.40361],[49.37129,55.46479],[49.36768,55.52427],[49.36738,55.54438],[49.329,55.51777],[49.33193,55.45156],[49.32813,55.37891],[49.35801,55.33906],[49.30332,55.32339],[49.2335,55.33794],[49.18887,55.3812],[49.16907,55.40824],[49.11953,55.47593],[49.05898,55.48267],[49.04766,55.44282],[49.10352,55.35288],[49.10481,55.35175],[49.17227,55.29268],[49.15947,55.16309],[48.97686,55.07397],[48.85947,55.01162],[48.86377,54.8708],[48.83154,54.80366],[48.8082,54.73291],[48.74512,54.67505],[48.55146,54.6522],[48.41582,54.59717],[48.40459,54.45249],[48.39873,54.33667],[48.37803,54.23115],[48.38595,54.17722],[47.97223,54.35605],[47.82688,54.41887],[45.9586,54.29831],[46.06633,56.21046],[46.82422,56.2028],[47.57291,56.81037],[49.10288,57.70862],[51.78569,57.70862],[53.97646,57.70862],[53.92448,57.60138],[59.0437,56.44328],[56.60362,52.66192]]]]}},{"type":"Feature","properties":{"NAME":"Bashkirs","ABBREVN":"Bashkirs","wikipedia":null,"SUBJECTO":"Bashkirs","BORDERPRECISION":1,"PARTOF":"Bashkirs"},"geometry":{"type":"MultiPolygon","coordinates":[[[[62.80579,56.9552],[64.62543,57.57867],[69.66336,55.50131],[70.38421,55.57663],[63.52946,51.25641],[62.74102,50.75949],[60.60169,50.86485],[56.24637,51.07933],[55.60285,51.11103],[55.70655,51.27173],[56.60362,52.66192],[59.0437,56.44328],[59.09429,56.43184],[60.31313,56.60371],[62.80579,56.9552]]]]}},{"type":"Feature","properties":{"NAME":"Mordvinians","ABBREVN":"Mordvinians","wikipedia":null,"SUBJECTO":"Mordvinians","BORDERPRECISION":1,"PARTOF":"Mordvinians"},"geometry":{"type":"MultiPolygon","coordinates":[[[[55.70655,51.27173],[55.60285,51.11103],[53.20951,51.22889],[53.20874,51.22581],[53.43411,50.91471],[45.64216,54.27789],[45.9586,54.29831],[47.82688,54.41887],[47.97223,54.35605],[48.38595,54.17722],[48.3873,54.16797],[48.46807,54.12441],[48.5668,54.09751],[48.66123,54.03789],[48.81338,53.93867],[48.88281,53.86592],[48.90313,53.82754],[48.87676,53.7543],[48.86543,53.64766],[48.95586,53.53535],[49.00879,53.45967],[48.99189,53.43979],[49.10645,53.40498],[49.20498,53.36758],[49.20586,53.33755],[49.13652,53.30894],[48.9248,53.30903],[48.75937,53.32378],[48.80078,53.28057],[49.09414,53.26958],[49.22988,53.28423],[49.25771,53.3521],[49.31611,53.40225],[49.49473,53.43599],[49.85186,53.42603],[49.90479,53.45674],[49.88164,53.4856],[49.56084,53.49878],[49.24668,53.5021],[49.08672,53.53403],[49.06299,53.60659],[49.07187,53.71328],[49.09111,53.79395],[49.12676,53.82476],[49.18984,53.80742],[49.2793,53.72812],[49.31035,53.72231],[49.34453,53.69824],[49.36895,53.69482],[49.37178,53.73047],[49.35754,53.75726],[49.35068,53.77017],[49.32021,53.79131],[49.26973,53.81802],[49.21914,53.87803],[49.21834,53.91364],[49.21787,53.93442],[49.30879,53.97305],[49.44121,54.0377],[49.53682,54.12666],[49.66641,54.15937],[49.74219,54.19072],[49.72734,54.2251],[49.56328,54.17944],[49.39531,54.11978],[49.2752,54.0707],[49.02031,54.01519],[48.84766,54.04541],[48.80889,54.09868],[48.79805,54.13081],[48.75586,54.15034],[48.65898,54.1709],[48.54941,54.24053],[48.49941,54.33438],[48.52959,54.39424],[48.63125,54.43501],[48.78652,54.44736],[48.86406,54.46226],[48.86299,54.50098],[48.89502,54.52798],[48.90879,54.54956],[48.89551,54.58154],[48.94258,54.61655],[48.97314,54.64121],[48.97607,54.66694],[48.98633,54.72764],[49.08066,54.77573],[49.09785,54.80049],[49.03027,54.80869],[48.96934,54.82813],[48.93984,54.90166],[49.0085,54.97007],[49.13643,54.99785],[49.22441,55.02334],[49.31973,55.01377],[49.39609,55.01606],[49.44551,55.05161],[49.45215,55.07363],[49.46074,55.11411],[49.52324,55.13389],[49.69248,55.19072],[49.81074,55.24365],[49.89199,55.2937],[49.98784,55.3066],[56.09106,52.8923],[56.60362,52.66192],[55.70655,51.27173]]]]}},{"type":"Feature","properties":{"NAME":"Ests","ABBREVN":"Ests","wikipedia":null,"SUBJECTO":"Ests","BORDERPRECISION":1,"PARTOF":"Finno-Ugric taiga hunter-gatherers"},"geometry":{"type":"MultiPolygon","coordinates":[[[[24.45701,57.28075],[24.56782,58.26557],[23.79213,58.47864],[23.5705,59.31813],[25.78676,59.56228],[27.70204,59.2975],[27.62442,58.98968],[27.52373,59.00693],[27.29814,58.99492],[27.10732,58.9542],[26.97412,58.88428],[26.96641,58.80557],[27.15674,58.64795],[27.23662,58.45225],[27.32393,58.4019],[27.36893,58.35812],[25.74982,58.54859],[25.32903,56.54523],[22.8043,55.99028],[23.07089,57.26132],[23.90294,56.95991],[24.45701,57.28075]]]]}},{"type":"Feature","properties":{"NAME":"Finns","ABBREVN":"Finns","wikipedia":null,"SUBJECTO":"Finns","BORDERPRECISION":1,"PARTOF":"Finno-Ugric taiga hunter-gatherers"},"geometry":{"type":"MultiPolygon","coordinates":[[[[29.21615,65.48409],[30.79657,61.75065],[30.75752,61.73345],[30.59434,61.60581],[30.59336,61.57949],[30.6167,61.5603],[30.60586,61.54131],[30.55078,61.53545],[30.5127,61.5252],[30.48633,61.51494],[30.48066,61.49004],[30.46621,61.48716],[30.28516,61.5166],[30.23877,61.51484],[30.23486,61.49263],[30.24883,61.47593],[30.25156,61.47266],[30.25205,61.45864],[30.2373,61.44634],[30.21689,61.43135],[30.20996,61.41797],[30.20088,61.38896],[30.1793,61.37266],[30.18262,61.36108],[30.196,61.3478],[30.19297,61.32725],[30.17393,61.31406],[30.12998,61.3126],[30.09004,61.29927],[30.08945,61.27056],[30.09414,61.25854],[30.0793,61.24263],[30.0291,61.25449],[29.94941,61.2894],[29.89131,61.29497],[29.85508,61.27124],[29.86455,61.25098],[29.86016,61.23931],[29.83672,61.22607],[29.825,61.21558],[29.85723,61.18799],[30.1249,61.08735],[30.29268,61.00513],[30.40869,60.92803],[30.43584,60.90269],[30.44121,60.87363],[30.45586,60.86001],[30.50205,60.84321],[30.52793,60.81172],[30.5332,60.76553],[30.52539,60.73887],[30.50449,60.73164],[30.50425,60.71773],[28.47543,60.29572],[28.43523,60.33734],[28.55125,60.53264],[28.52151,60.62326],[28.43178,60.60347],[28.01144,60.51073],[27.47362,60.42608],[27.40622,60.34482],[27.17848,60.44239],[26.94557,60.37631],[26.92231,60.31612],[26.61308,60.34783],[26.52588,60.39647],[26.55164,60.5707],[26.44284,60.33334],[26.32271,60.27024],[26.03775,60.2493],[25.8901,60.23584],[25.84553,60.11548],[25.58054,60.26234],[25.44989,60.1384],[25.14579,60.10975],[24.99298,60.02957],[24.96947,60.08683],[24.74298,60.03823],[24.51596,59.9895],[24.42105,59.86975],[24.28136,59.93815],[23.97895,59.88115],[23.96111,59.93245],[23.66466,59.83555],[23.41885,59.82985],[23.20144,59.81846],[22.98213,59.93245],[22.882,60.05556],[23.0052,60.20876],[22.62462,60.2011],[22.39207,60.1212],[22.42147,60.29319],[22.22065,60.25877],[21.93095,60.38077],[21.74681,60.40827],[21.56015,60.51249],[21.44318,60.69365],[21.42726,61.0151],[21.49831,61.18327],[21.52079,61.37957],[21.56101,61.48492],[21.40522,61.70243],[21.2112,61.87091],[21.34644,62.16713],[21.33756,62.3436],[21.20014,62.43518],[21.03373,62.4773],[21.06181,62.61174],[21.19481,62.76068],[21.48128,62.88881],[21.54597,62.97406],[21.49466,63.12303],[21.66648,63.18731],[21.95132,63.13102],[22.07504,63.10282],[22.29236,63.20269],[22.42877,63.39497],[22.47583,63.60162],[22.56902,63.72301],[22.70422,63.58064],[22.82553,63.58088],[23.13056,63.78343],[23.58029,64.08206],[24.09404,64.37657],[24.47009,64.63552],[24.93192,64.81604],[25.32509,64.80239],[25.3519,64.9391],[25.29341,65.00389],[25.13256,65.07595],[25.18613,65.24266],[25.19562,65.26795],[29.21615,65.48409]]]]}},{"type":"Feature","properties":{"NAME":"Mari","ABBREVN":"Mari","wikipedia":null,"SUBJECTO":"Mari","BORDERPRECISION":1,"PARTOF":"Mari"},"geometry":{"type":"MultiPolygon","coordinates":[[[[44.51209,58.40265],[46.62603,58.15953],[49.11433,57.71534],[47.57291,56.81037],[46.82422,56.2028],[44.40198,56.22729],[43.19087,57.4675],[44.51209,58.40265]]]]}},{"type":"Feature","properties":{"NAME":"Permians","ABBREVN":"Permians","wikipedia":null,"SUBJECTO":"Permians","BORDERPRECISION":1,"PARTOF":"Finno-Ugric taiga hunter-gatherers"},"geometry":{"type":"MultiPolygon","coordinates":[[[[57.96722,68.70704],[60.31313,56.60371],[59.09429,56.43184],[59.0437,56.44328],[53.92448,57.60138],[53.97646,57.70862],[51.78569,57.70862],[49.10288,57.70862],[49.11433,57.71534],[46.62603,58.15953],[44.51209,58.40265],[44.17773,58.166],[43.17158,58.40469],[42.86056,61.47747],[37.79465,63.83192],[37.94492,63.85039],[38.05408,63.98632],[38.05386,64.12928],[37.87986,64.3079],[37.66813,64.34331],[37.46329,64.29996],[37.26195,64.31389],[36.99674,64.40656],[36.56851,64.76458],[36.88391,65.0677],[37.10194,65.06813],[37.60409,64.85277],[38.25292,64.70307],[39.19344,64.51104],[39.6216,64.47596],[39.99705,64.54122],[40.32217,64.46293],[40.43979,64.56356],[40.46206,64.75028],[40.36595,64.85793],[39.97939,65.15314],[39.8231,65.43561],[39.95133,65.58116],[40.03687,65.60314],[40.68141,65.79356],[41.35425,65.95517],[41.62328,66.06517],[42.13344,66.38789],[42.21079,66.41001],[42.41852,66.3811],[43.24143,66.2509],[43.87622,66.01097],[44.02943,66.01125],[44.05284,66.0405],[44.12211,66.26716],[44.38361,66.61202],[44.36195,66.90596],[44.21916,67.08982],[43.83811,67.16285],[43.7036,67.26593],[44.21583,67.71827],[44.26107,67.82964],[44.16875,68.09703],[43.82217,68.32732],[43.85324,68.4692],[44.01203,68.49191],[44.66781,68.38859],[45.57964,68.44254],[45.86344,68.38335],[46.16195,68.1082],[46.43937,67.90794],[46.63407,67.70051],[46.16411,67.67742],[45.46258,67.63906],[45.09251,67.54208],[44.87121,67.31242],[44.95714,67.23136],[45.38563,67.09938],[45.71535,66.84963],[46.07678,66.76208],[46.40205,66.7186],[46.97264,66.77846],[47.57119,66.81631],[47.70619,66.89011],[47.82213,67.11129],[47.95292,67.37729],[48.08066,67.56246],[48.63532,67.65239],[49.18563,67.83882],[49.63012,67.93619],[50.4959,68.15347],[51.13896,68.2664],[51.83081,68.40938],[52.24488,68.54456],[52.33738,68.33573],[52.46267,68.29867],[52.71973,68.35138],[52.93877,68.47118],[53.00575,68.68057],[53.17943,68.75575],[53.50243,68.81626],[53.88912,68.787],[53.80839,68.60727],[53.78208,68.33842],[53.39591,68.30043],[53.31618,68.2332],[53.31684,68.13639],[53.62574,68.04769],[53.85399,68.0853],[54.37975,68.16071],[54.57596,68.16109],[54.64847,68.07192],[54.7523,68.04979],[54.8772,68.10955],[54.99599,68.20653],[55.1265,68.40061],[55.33539,68.4831],[55.72289,68.53611],[56.1951,68.56687],[56.54026,68.55257],[57.02423,68.44891],[57.36369,68.45702],[57.52587,68.49464],[57.9592,68.70476],[57.96722,68.70704]]]]}},{"type":"Feature","properties":{"NAME":"Finno-Ugric taiga hunter-gatherers","ABBREVN":"Finno-Ugric taiga hunter-gatherers","wikipedia":null,"SUBJECTO":"Finno-Ugric taiga hunter-gatherers","BORDERPRECISION":1,"PARTOF":"Finno-Ugric taiga hunter-gatherers"},"geometry":{"type":"MultiPolygon","coordinates":[[[[60.31313,56.60371],[57.96722,68.70704],[58.40929,68.83286],[58.77038,68.85601],[59.19905,68.77441],[59.34587,68.69986],[59.06196,68.49749],[59.11979,68.39309],[59.21766,68.34854],[59.50186,68.28942],[59.76235,68.29739],[59.89205,68.402],[59.92538,68.58127],[60.07909,68.61895],[60.51208,68.58985],[60.75627,68.67255],[60.93412,68.81508],[60.98596,69.0026],[60.36924,69.46769],[60.55171,69.54342],[60.84873,69.71004],[61.03004,69.7406],[61.30435,69.73352],[62.28127,69.70513],[62.85395,69.6156],[63.41232,69.54874],[63.92324,69.45922],[64.873,69.22766],[65.35536,69.18344],[66.1255,68.99716],[66.58425,68.88554],[67.17169,68.6471],[67.64554,68.44807],[67.82653,68.37205],[68.2154,68.20135],[68.38463,68.17934],[68.48789,68.22422],[69.00261,68.69537],[69.10895,68.83031],[68.69184,68.81455],[68.51177,68.83668],[68.25766,68.94112],[68.09355,69.13594],[68.10593,69.42932],[67.7787,69.55685],[66.88444,69.62308],[66.79897,69.74375],[66.82804,69.81938],[66.96485,69.95582],[67.2772,70.07055],[67.38329,70.1394],[67.42176,70.22343],[67.39824,70.59851],[67.2853,70.70581],[66.77481,70.73558],[66.67021,70.86613],[66.81797,71.10538],[66.97965,71.21384],[67.15545,71.22965],[67.82254,71.41665],[68.31625,71.63485],[68.55076,71.82196],[68.81211,72.09546],[69.05669,72.64472],[69.34311,72.83426],[69.51156,72.80304],[70.21436,72.73346],[70.94033,72.78995],[71.66292,72.83071],[71.97578,72.79976],[72.4553,72.82428],[72.714,72.76959],[72.85273,72.64393],[72.84481,72.49461],[72.65457,72.11826],[72.49832,71.96181],[71.89781,71.58716],[71.79756,71.4318],[72.13623,71.27759],[72.55498,70.97724],[72.67971,70.82351],[72.7742,70.45523],[72.69589,70.35558],[72.43689,70.18697],[72.55149,69.65626],[72.52553,69.06908],[72.6435,68.80691],[72.84616,68.63523],[73.30861,68.51655],[73.39412,68.44205],[73.39365,68.38239],[73.17524,68.16593],[72.98777,67.79415],[72.8377,67.64565],[72.48503,67.43782],[71.93048,67.15628],[71.64714,67.06733],[71.3995,66.94907],[71.54406,66.71412],[71.34951,66.6624],[70.83993,66.5514],[70.12075,66.71882],[69.79152,66.75493],[69.35537,66.73944],[69.08477,66.68753],[69.17261,66.54829],[69.43512,66.42424],[69.7673,66.32972],[70.47357,66.23597],[70.98342,66.20039],[71.25953,66.22281],[71.79434,66.15806],[72.20881,66.17346],[72.42108,66.33467],[72.55741,66.49599],[73.16545,66.64376],[73.69017,66.86507],[73.81081,66.99035],[73.98451,67.26336],[74.35253,67.40435],[74.74172,67.68622],[74.77065,67.84937],[74.66936,68.10175],[74.39513,68.34699],[74.50498,68.59348],[74.61211,68.63852],[74.9163,68.70639],[75.5372,68.77487],[76.32775,68.77634],[76.66088,68.67222],[77.03982,68.46377],[77.10788,68.11375],[76.95494,67.65332],[77.09069,67.52774],[77.50478,67.4324],[78.08905,67.41131],[78.47786,67.47854],[78.53575,67.61184],[78.30458,67.69287],[77.94602,67.77372],[77.68886,67.7584],[77.48323,67.80252],[77.51419,67.97325],[77.97752,68.14512],[78.00718,68.25684],[77.90906,68.3237],[77.8342,68.47271],[77.63583,68.8162],[77.40598,68.93562],[77.02995,68.97992],[76.53799,69.08406],[76.17752,69.13594],[75.59803,69.21],[75.18865,69.1266],[74.90171,69.081],[74.31796,69.16254],[73.91452,69.15428],[73.90792,69.27452],[73.65408,69.75647],[73.791,70.05221],[74.12223,70.36588],[74.24958,70.57295],[74.18919,70.6726],[73.69797,71.1414],[73.27066,71.37258],[73.21685,71.45774],[73.59136,71.70686],[74.13716,71.75453],[74.58655,71.87217],[74.92115,72.02874],[74.99874,72.13044],[75.0746,72.42029],[75.01611,72.71877],[75.11988,72.68748],[75.40757,72.66442],[75.61734,72.62549],[75.66618,72.41354],[75.58254,72.17062],[75.29658,71.89687],[75.22127,71.64771],[75.28429,71.44609],[75.45203,71.32248],[75.67059,71.19912],[76.29319,71.13853],[77.00164,71.06264],[77.73619,71.02548],[78.10473,70.8413],[78.24921,70.83387],[78.60852,70.84993],[78.3716,71.25055],[78.1369,71.37393],[77.2849,71.4188],[76.86613,71.44902],[76.60715,71.51834],[76.33286,71.71975],[76.4567,71.86785],[77.0749,71.89238],[77.27493,71.81488],[77.78992,71.77691],[78.12637,71.8476],[78.08573,72.17527],[78.26956,72.21475],[78.64726,72.26238],[79.22256,72.27129],[79.70316,72.17828],[80.33873,72.00764],[80.82827,71.76702],[81.42527,71.61268],[81.67137,71.57431],[82.49135,71.5681],[82.81835,71.64633],[82.88012,71.49127],[82.52887,71.3202],[82.21533,71.20362],[82.10357,70.85644],[82.04561,70.41893],[82.19572,70.35798],[82.50153,70.71113],[82.67546,70.84213],[82.80374,70.81928],[83.07591,70.58175],[83.03633,70.24493],[83.37072,70.33726],[83.67697,70.46026],[83.65712,70.59817],[83.57093,70.65171],[83.5047,70.81292],[83.16805,71.18223],[83.25262,71.28286],[83.56109,71.62442],[83.20243,71.82591],[82.85465,71.94215],[82.43626,72.05059],[82.32062,72.22228],[82.02603,72.24523],[81.58525,72.35401],[80.98232,72.44698],[80.8442,72.5802],[80.87171,72.83999],[80.82887,73.01352],[80.46402,73.31358],[80.50051,73.42475],[80.62014,73.49647],[80.83823,73.55255],[81.87747,73.60222],[83.02044,73.61229],[83.97657,73.66979],[84.61605,73.74269],[84.82946,73.59973],[85.0015,73.57619],[85.38118,73.69632],[85.8562,73.82476],[86.49205,73.87383],[86.75695,73.78657],[86.32635,73.63436],[86.12352,73.45112],[86.90497,73.55589],[87.13968,73.60405],[87.56963,73.77213],[87.69079,73.90001],[87.54062,74.09967],[87.39397,74.17949],[86.97763,74.29901],[86.81353,74.43529],[86.81262,74.53988],[86.95832,74.78206],[87.48745,74.96092],[87.92227,75.05989],[89.28469,75.46612],[89.68457,75.50821],[89.79633,75.52443],[90.03131,75.55853],[90.88617,75.60154],[91.63468,75.65273],[92.67054,75.76261],[93.59206,75.88085],[94.30955,76.07407],[94.69434,76.18358],[95.48768,76.16833],[95.96727,76.16924],[96.13937,76.0859],[95.98182,75.90201],[96.65823,75.85331],[97.11641,75.87083],[97.68373,75.95522],[98.28865,76.05654],[98.71624,76.07404],[99.15856,75.99971],[99.46723,75.96692],[99.77943,76.05931],[99.83341,76.21003],[99.77361,76.28535],[99.98323,76.43697],[100.4074,76.47144],[100.83032,76.45541],[101.38946,76.625],[101.11151,76.85286],[101.16646,77.00576],[101.69046,77.20259],[102.38967,77.37482],[103.39331,77.55779],[103.9466,77.59217],[104.39374,77.56722],[105.06251,77.56851],[105.44954,77.44914],[105.46973,77.32932],[104.78229,77.14877],[104.48514,76.99503],[104.70461,76.9275],[105.52815,76.98001],[106.24294,76.91346],[107.16026,76.94913],[107.24013,76.89837],[107.07138,76.77098],[106.53744,76.56723],[106.40403,76.43228],[107.29075,76.43395],[107.66596,76.44307],[107.77149,76.40123],[108.24447,76.64642],[108.85952,76.64755],[109.65641,76.69129],[109.94025,76.63273],[110.54772,76.6423],[111.42729,76.56807],[112.05716,76.45136],[112.58855,76.25924],[112.82231,76.05889],[113.14888,76.05949],[113.53301,76.09365],[113.72303,75.86884],[113.11341,75.49445],[113.22164,75.43681],[113.62505,75.27267],[112.57713,74.88621],[112.11135,74.78038],[111.58662,74.73096],[110.05471,74.25369],[108.6969,73.81941],[108.33986,73.69124],[107.26554,73.52223],[106.20831,73.2585],[105.27882,72.75154],[105.40307,72.74873],[98.45947,69.79095],[75.85638,61.42678],[64.62543,57.57867],[62.80579,56.9552],[60.31313,56.60371]]]]}},{"type":"Feature","properties":{"NAME":"Karelians","ABBREVN":"Karelians","wikipedia":null,"SUBJECTO":"Karelians","BORDERPRECISION":1,"PARTOF":"Finno-Ugric taiga hunter-gatherers"},"geometry":{"type":"MultiPolygon","coordinates":[[[[36.6808,63.86021],[35.73301,62.52306],[35.69805,62.5376],[35.64121,62.55557],[35.58457,62.57603],[35.54355,62.59937],[35.51943,62.61729],[35.50371,62.62471],[35.49502,62.61919],[35.4876,62.60591],[35.46387,62.6042],[35.41572,62.62671],[35.32598,62.66616],[35.20195,62.70527],[35.08301,62.74116],[35.00576,62.773],[34.95811,62.79741],[34.91045,62.81543],[34.85488,62.82563],[34.78789,62.8311],[34.70332,62.84424],[34.60537,62.87275],[34.53252,62.91572],[34.48945,62.90361],[34.47959,62.87383],[34.53555,62.81846],[34.58311,62.75566],[34.62109,62.71235],[34.6582,62.67993],[34.70371,62.64341],[34.73926,62.62129],[34.77607,62.62231],[34.83857,62.59116],[34.86797,62.61055],[34.94336,62.64282],[34.96699,62.63896],[35.02373,62.61333],[35.09297,62.58047],[35.14717,62.55918],[35.20137,62.54966],[35.2709,62.54541],[35.35176,62.52266],[35.43311,62.4686],[35.49834,62.40356],[35.54023,62.35425],[35.55859,62.31875],[35.56719,62.28711],[35.56387,62.26016],[35.55352,62.23594],[35.51826,62.2105],[35.45498,62.18071],[35.38721,62.15781],[35.34131,62.14902],[35.28398,62.16157],[35.18838,62.19023],[35.0959,62.21807],[35.0459,62.22876],[35.05176,62.21157],[35.09375,62.17222],[35.14355,62.12725],[35.16777,62.09668],[35.16504,62.08066],[35.14961,62.071],[35.11455,62.05361],[35.0749,62.05361],[35.02861,62.07793],[34.97568,62.11763],[34.92803,62.15967],[34.89248,62.18706],[34.8708,62.21938],[34.85928,62.2604],[34.85195,62.29443],[34.84053,62.31006],[34.81055,62.33232],[34.7585,62.38257],[34.6959,62.44268],[34.64063,62.48906],[34.59531,62.51909],[34.55664,62.53989],[34.53203,62.54629],[34.52021,62.54165],[34.52695,62.52358],[34.54697,62.49775],[34.59219,62.45796],[34.65957,62.4063],[34.69561,62.36455],[34.68154,62.33882],[34.6332,62.34834],[34.60898,62.33882],[34.61484,62.30435],[34.65811,62.24521],[34.64697,62.21265],[34.63242,62.18193],[34.64404,62.13613],[34.65322,62.10854],[34.63564,62.09502],[34.59141,62.09648],[34.51416,62.11958],[34.41699,62.1582],[34.34287,62.19893],[34.32119,62.227],[34.32949,62.2457],[34.32754,62.26396],[34.2916,62.29727],[34.21768,62.35229],[34.13691,62.41401],[34.08418,62.46348],[34.05391,62.49453],[34.02715,62.51182],[34.00293,62.51606],[33.97871,62.51587],[33.95859,62.50996],[33.94404,62.50049],[33.94062,62.48159],[33.94727,62.45298],[33.96182,62.4251],[33.97754,62.40801],[34.00332,62.40078],[34.04238,62.39653],[34.09834,62.37886],[34.16494,62.33916],[34.22256,62.2937],[34.25654,62.2623],[34.26543,62.23823],[34.26211,62.2105],[34.25518,62.18569],[34.25518,62.16855],[34.29404,62.1415],[34.38096,62.09263],[34.47676,62.03853],[34.5373,61.99897],[34.56631,61.9689],[34.58594,61.93784],[34.59375,61.90601],[34.59434,61.87402],[34.58291,61.84604],[34.5624,61.82383],[34.53125,61.81157],[34.49443,61.80762],[34.44531,61.81875],[34.38467,61.84302],[34.33564,61.8644],[34.31455,61.8687],[34.32266,61.85449],[34.34453,61.8312],[34.38799,61.79614],[34.44824,61.75332],[34.53145,61.70435],[34.62998,61.65439],[34.77246,61.60088],[34.96162,61.54341],[35.03694,61.52059],[32.58106,61.03639],[32.58125,61.04487],[32.56338,61.07944],[32.52686,61.11753],[32.35957,61.18052],[31.89863,61.32397],[31.8707,61.34736],[31.7623,61.38369],[31.69785,61.41548],[31.63691,61.46274],[31.62041,61.46108],[31.6165,61.44248],[31.61973,61.42695],[31.60361,61.42256],[31.57578,61.43721],[31.5332,61.49736],[31.48613,61.55083],[31.36484,61.62744],[31.33408,61.62744],[31.32783,61.61665],[31.30811,61.60503],[31.28594,61.61523],[31.25752,61.64106],[31.23818,61.64302],[31.17227,61.62979],[31.16064,61.6187],[31.09844,61.62036],[31.07109,61.64512],[31.05674,61.68921],[31.02588,61.71436],[30.90566,61.74224],[30.8959,61.75444],[30.88818,61.76479],[30.85195,61.77505],[30.79657,61.75065],[29.21615,65.48409],[34.72612,65.78029],[34.72559,65.61499],[34.60119,65.48393],[34.29341,65.39624],[34.33202,65.34551],[34.42566,65.10653],[34.77286,64.68222],[34.81477,64.45982],[34.88461,64.36677],[35.08176,64.28833],[35.62327,64.25357],[36.01547,64.19702],[36.23997,63.91862],[36.42062,63.8761],[36.47512,63.87277],[36.6808,63.86021]]]]}},{"type":"Feature","properties":{"NAME":"Veps","ABBREVN":"Veps","wikipedia":null,"SUBJECTO":"Veps","BORDERPRECISION":1,"PARTOF":"Finno-Ugric taiga hunter-gatherers"},"geometry":{"type":"MultiPolygon","coordinates":[[[[35.73301,62.52306],[36.6808,63.86021],[36.98754,63.84148],[37.05204,63.82738],[37.24651,63.78488],[37.41054,63.7495],[37.59146,63.80694],[37.79465,63.83192],[42.86056,61.47747],[43.17158,58.40469],[35.209,60.29363],[35.66528,60.9134],[35.71904,60.90454],[35.77158,60.88643],[35.80078,60.87183],[35.82871,60.8665],[35.85508,60.87051],[35.88027,60.87832],[35.89902,60.88979],[35.90986,60.90249],[35.90449,60.91655],[35.88418,60.9311],[35.88027,60.94775],[35.91484,60.96685],[35.97627,60.9939],[36.03682,61.02969],[36.09873,61.06265],[36.16279,61.08276],[36.22412,61.09648],[36.2793,61.11382],[36.325,61.1355],[36.36387,61.15972],[36.38691,61.18408],[36.39463,61.20615],[36.38848,61.22505],[36.37812,61.24189],[36.37119,61.25684],[36.37363,61.27114],[36.38008,61.28096],[36.38271,61.28501],[36.39561,61.3021],[36.4084,61.31914],[36.4249,61.34912],[36.42793,61.37314],[36.41895,61.39238],[36.40557,61.41074],[36.37148,61.43232],[36.31201,61.45947],[36.24727,61.49326],[36.2002,61.5312],[36.15908,61.57148],[36.10869,61.61108],[36.06064,61.65439],[36.02559,61.70361],[35.98545,61.75586],[35.92559,61.8064],[35.8707,61.85483],[35.84297,61.9019],[35.81836,61.95107],[35.80777,61.95846],[35.74951,61.99907],[35.68936,62.04023],[35.67441,62.07939],[35.73018,62.13916],[35.76426,62.20518],[35.80039,62.28145],[35.82266,62.3522],[35.82187,62.41177],[35.80293,62.46113],[35.77119,62.4959],[35.73984,62.52021],[35.73728,62.52128],[35.73301,62.52306]]]]}},{"type":"Feature","properties":{"NAME":"Northmen","ABBREVN":"Northmen","wikipedia":null,"SUBJECTO":"Northmen","BORDERPRECISION":1,"PARTOF":"Northmen"},"geometry":{"type":"MultiPolygon","coordinates":[[[[12.25163,59.03182],[11.87527,59.90403],[10.62011,60.1022],[9.60718,59.89299],[9.70751,58.99677],[9.69758,58.99922],[9.3462,58.84531],[9.37162,58.78615],[9.14589,58.65607],[8.92173,58.53789],[8.17524,58.17205],[8.15375,58.08955],[8.0302,58.06598],[7.90843,58.06598],[6.95864,57.97174],[6.87418,58.07775],[6.72566,58.13669],[6.64366,58.04241],[6.47912,58.08955],[6.65171,58.17205],[6.23133,58.27818],[5.87384,58.4316],[5.61548,58.45522],[5.39974,58.71518],[5.531,58.88081],[5.47465,58.97553],[5.62749,58.96368],[5.66579,58.82165],[5.79366,58.91632],[6.09355,58.79798],[5.98371,58.88672],[6.04116,58.95184],[6.26615,58.99329],[6.05055,58.98144],[5.9404,58.93408],[5.8223,59.01698],[5.77186,59.07622],[6.03258,59.20067],[6.23753,59.28369],[6.0203,59.25404],[5.8775,59.31335],[6.07625,59.42017],[6.11343,59.52705],[5.81591,59.31335],[5.7995,59.43204],[5.68047,59.50923],[5.68291,59.41423],[5.71715,59.33707],[5.52852,59.2659],[5.34384,59.2659],[5.35033,59.39049],[5.28259,59.27183],[5.17665,59.30741],[5.0866,59.50923],[5.38263,59.71127],[5.41856,59.51517],[5.44931,59.65776],[5.64617,59.58645],[5.74112,59.62804],[5.66655,59.6756],[5.9699,59.71127],[6.18539,59.82426],[5.9105,59.75289],[5.69405,59.75289],[5.54334,59.82426],[5.63173,59.88377],[5.80576,59.94925],[5.89406,60.16126],[5.52462,60.16753],[5.27905,60.12534],[5.09623,60.26413],[5.26178,60.32713],[5.55114,60.50889],[5.45583,60.59241],[5.25523,60.56414],[5.07547,60.59169],[4.98038,60.68924],[5.10853,60.90611],[5.38705,61.02558],[5.11961,61.1371],[5.01831,61.30514],[5.14095,61.38956],[5.10115,61.69859],[5.14898,61.74088],[5.41603,61.76954],[5.59242,61.7897],[5.79709,61.76991],[5.8339,61.81941],[5.71947,61.87955],[5.52818,61.93255],[5.42569,62.00926],[5.46967,62.0937],[5.56459,62.1503],[5.82363,62.17902],[6.05349,62.3348],[6.30839,62.28583],[6.53251,62.3357],[6.61296,62.58334],[6.98868,62.54157],[7.28926,62.48556],[7.54674,62.59925],[7.10156,62.70464],[6.98186,62.84614],[7.08818,62.9102],[7.60649,62.90406],[7.98916,62.94027],[8.23129,62.84141],[8.25797,63.05432],[8.47229,63.17552],[8.6059,63.3251],[8.9572,63.40404],[9.15422,63.31902],[9.21607,63.28356],[9.4409,63.49752],[9.83211,63.68362],[9.87006,63.87643],[10.06616,64.05551],[10.73985,64.38617],[10.8906,64.47251],[10.99662,64.49424],[11.2135,64.41574],[11.36406,64.41602],[11.50772,64.51672],[11.40654,64.61704],[11.46994,64.67464],[11.68973,64.77565],[11.89557,64.91273],[12.11214,65.12992],[12.22221,65.10115],[12.52645,65.10895],[12.50209,65.33064],[12.49617,65.38447],[12.28409,65.43489],[12.47922,65.61703],[12.70906,65.90888],[13.08739,65.88041],[13.1088,66.03374],[13.15191,66.13613],[13.58101,66.18811],[13.4028,66.34882],[13.2554,66.39254],[13.16865,66.45834],[13.24208,66.56853],[13.38319,66.67895],[13.59203,66.65732],[13.99165,66.68746],[13.74719,66.9224],[13.85907,66.95945],[14.05474,66.97456],[14.37308,67.0931],[14.63927,67.12311],[14.77766,67.21653],[14.61647,67.24527],[14.56921,67.32934],[14.69915,67.37439],[14.97616,67.52294],[14.97851,67.5228],[13.80223,64.95474],[12.98153,63.16297],[12.28793,59.23726],[12.25163,59.03182]]]]}},{"type":"Feature","properties":{"NAME":"Carolingian Empire","ABBREVN":"Carol. Empir","wikipedia":null,"SUBJECTO":"Carolingian Empire","BORDERPRECISION":1,"PARTOF":"Carolingian Empire"},"geometry":{"type":"MultiPolygon","coordinates":[[[[12.64035,41.53204],[13.07398,43.76801],[13.60087,43.5348],[13.73156,43.37416],[13.79163,43.12334],[13.91509,42.87276],[14.0764,42.63378],[13.90624,41.86504],[13.76051,41.2067],[13.49839,41.30186],[13.27145,41.31424],[12.97678,41.37138],[12.64152,41.5311],[12.64035,41.53204]]]]}},{"type":"Feature","properties":{"NAME":"Papal States","ABBREVN":"Papal States","wikipedia":null,"SUBJECTO":"Papal States","BORDERPRECISION":1,"PARTOF":"Papal States"},"geometry":{"type":"MultiPolygon","coordinates":[[[[11.79139,42.14191],[11.66608,44.90715],[12.31698,45.11517],[12.32214,45.04237],[12.40899,44.98901],[12.52309,44.88275],[12.47604,44.78709],[12.37777,44.73153],[12.27358,44.67264],[12.28073,44.55012],[12.34508,44.30104],[12.50812,44.13146],[12.69723,43.93476],[13.07398,43.76801],[12.64035,41.53204],[12.39485,41.72955],[11.96343,42.00474],[11.96013,42.00737],[11.79139,42.14191]]]]}},{"type":"Feature","properties":{"NAME":"Palas","ABBREVN":"Palas","wikipedia":null,"SUBJECTO":"Palas","BORDERPRECISION":1,"PARTOF":"Palas"},"geometry":{"type":"MultiPolygon","coordinates":[[[[87.86749,21.69696],[87.64072,21.56308],[87.19424,21.38426],[86.9372,21.28843],[86.8187,21.18653],[86.79619,21.13567],[86.84421,20.87532],[86.92611,20.69126],[86.77521,20.4686],[86.63785,20.31911],[86.63238,20.20365],[86.38562,20.01674],[86.11917,19.80654],[85.90895,19.72351],[85.71478,19.69768],[85.37911,19.60537],[84.72676,20.88552],[84.72676,21.90578],[84.91227,22.74053],[84.81952,23.85354],[83.98476,24.78105],[85.09777,25.8013],[85.93252,25.2448],[87.18715,25.1054],[87.86779,27.01791],[91.58073,27.16989],[93.11712,24.869],[93.41314,24.24634],[92.98711,24.08249],[91.65179,22.35692],[91.57107,22.54331],[91.41017,22.72083],[91.08138,22.56133],[90,22.56096],[90,22.32539],[90,22.13481],[90,22.05845],[90,22.0199],[90,21.93025],[89.90269,22.10783],[89.86969,22.13323],[89.79634,21.83207],[89.67018,21.71984],[89.57895,21.70058],[89.45661,21.94171],[89.23388,21.65538],[89.07225,21.77434],[88.99477,21.62948],[89.02554,21.54696],[88.88094,21.51489],[88.72346,21.53995],[88.65698,21.85744],[88.5676,21.89537],[88.45388,21.73631],[88.37706,21.57734],[88.29957,21.55177],[88.24793,21.59612],[88.12161,21.86265],[88.09043,21.89725],[88.05304,21.93874],[87.86749,21.69696]]]]}},{"type":"Feature","properties":{"NAME":"Chauhans","ABBREVN":"Chauhans","wikipedia":null,"SUBJECTO":"Chauhans","BORDERPRECISION":1,"PARTOF":"Chauhans"},"geometry":{"type":"MultiPolygon","coordinates":[[[[76.30908,27.04515],[74.1174,26.54434],[72.62766,28.36655],[77.06013,29.42076],[79.85371,27.97039],[78.55132,27.63043],[76.30908,27.04515]]]]}}]}
