{"type":"FeatureCollection","name":"Seshat Cliopatria -200–-101","datasetId":"cliopatria","startYear":-200,"endYear":-101,"features":[{"type":"Feature","id":"cliopatria-bdb85e41bf11d04c13ad49e8","properties":{"NAME":"Kingdom of Kush","ABBREVN":null,"CONTROL":null,"SUBJECTO":"Kingdom of Kush","PARTOF":null,"BORDERPRECISION":1,"FromYear":-630,"ToYear":337,"Area":336379.15609700844,"Type":"POLITY","Wikipedia":"Kingdom of Kush","Wikidata":"Q241790","SeshatID":"","Components":"","MemberOf":"","sourceFeatureId":"cliopatria-bdb85e41bf11d04c13ad49e8","datasetId":"cliopatria"},"geometry":{"type":"MultiPolygon","coordinates":[[[[33.838,22.079],[33.763,22.079],[33.835,22.015],[33.745,21.629],[33.82,21.629],[34.258,19.636],[34.469,19.379],[34.597,18.929],[34.879,18.608],[34.939,18.286],[35.3,18.093],[35.501,17.643],[36.003,17.322],[36.054,16.808],[35.671,16.486],[34.714,16.486],[34.556,16.229],[34.684,15.779],[34.098,15.843],[33.862,15.458],[32.529,15.2],[32.533,15.329],[32.094,15.393],[31.734,15.586],[31.527,15.972],[31.536,16.229],[31.394,16.358],[31.477,16.615],[31.337,16.808],[31.221,17.643],[31.147,17.643],[30.877,20.343],[30.803,20.343],[30.818,20.793],[30.744,20.793],[30.762,21.308],[30.688,21.308],[30.636,21.951],[30.561,21.951],[30.721,22.272],[30.742,22.851],[30.535,23.301],[30.537,23.365],[31.67,23.751],[32.041,23.686],[33.389,23.815],[33.682,23.686],[33.679,23.622],[33.823,23.493],[33.809,23.172],[33.883,23.172],[33.84,22.143],[33.838,22.079]]]]}},{"type":"Feature","id":"cliopatria-14d230c6ae107b09a1c616c5","properties":{"NAME":"Minaeans","ABBREVN":null,"CONTROL":null,"SUBJECTO":"Minaeans","PARTOF":null,"BORDERPRECISION":1,"FromYear":-383,"ToYear":-189,"Area":28483.780615845044,"Type":"POLITY","Wikipedia":"Minaeans","Wikidata":"Q1177379","SeshatID":"","Components":"","MemberOf":"","sourceFeatureId":"cliopatria-14d230c6ae107b09a1c616c5","datasetId":"cliopatria"},"geometry":{"type":"MultiPolygon","coordinates":[[[[44.813,16.615],[44.81,16.55],[45.226,16.1],[45.218,15.972],[45.215,15.908],[44.331,15.908],[44.125,16.165],[43.392,16.229],[43.108,16.422],[42.813,16.422],[42.817,16.486],[42.757,16.743],[42.477,17],[42.487,17.193],[42.635,17.193],[43.022,17.515],[43.033,17.708],[43.25,17.643],[43.479,17.772],[43.9,17.386],[43.818,17.258],[44.088,16.808],[44.312,16.872],[44.305,16.743],[44.813,16.615]]]]}},{"type":"Feature","id":"cliopatria-2f50e8ce3c9d1f7cf4dba6f7","properties":{"NAME":"Qataban","ABBREVN":null,"CONTROL":null,"SUBJECTO":"Qataban","PARTOF":null,"BORDERPRECISION":1,"FromYear":-350,"ToYear":-111,"Area":11919.552361296885,"Type":"POLITY","Wikipedia":"Qataban","Wikidata":"Q748595","SeshatID":"ye_qatabanian_commonwealth","Components":"","MemberOf":"","sourceFeatureId":"cliopatria-2f50e8ce3c9d1f7cf4dba6f7","datasetId":"cliopatria"},"geometry":{"type":"MultiPolygon","coordinates":[[[[45.155,14.815],[44.777,14.622],[44.206,14.943],[44.286,15.072],[44.29,15.136],[45.025,15.136],[45.179,15.265],[45.848,15.393],[45.855,15.522],[46.149,15.522],[46.58,15.329],[46.576,15.265],[46.341,15.008],[45.75,14.943],[45.298,14.75],[45.228,14.815],[45.155,14.815]]]]}},{"type":"Feature","id":"cliopatria-203d76aa023def8462845ad4","properties":{"NAME":"Sabaeans","ABBREVN":null,"CONTROL":null,"SUBJECTO":"Sabaeans","PARTOF":null,"BORDERPRECISION":1,"FromYear":-350,"ToYear":-111,"Area":35605.01064592353,"Type":"POLITY","Wikipedia":"Sabaeans","Wikidata":"Q940785","SeshatID":"","Components":"","MemberOf":"","sourceFeatureId":"cliopatria-203d76aa023def8462845ad4","datasetId":"cliopatria"},"geometry":{"type":"MultiPolygon","coordinates":[[[[45.215,15.908],[45.288,15.908],[45.366,15.972],[45.579,15.843],[46.021,15.843],[46.175,15.972],[46.396,15.972],[46.47,15.972],[46.381,15.715],[46.149,15.522],[45.855,15.522],[45.848,15.393],[45.179,15.265],[45.025,15.136],[44.29,15.136],[44.216,15.136],[42.816,15.072],[42.766,15.522],[42.692,15.522],[42.81,16.358],[42.813,16.422],[43.108,16.422],[43.392,16.229],[44.125,16.165],[44.331,15.908],[45.215,15.908]]]]}},{"type":"Feature","id":"cliopatria-efc2752582a0cbda1f9b7bb9","properties":{"NAME":"Hadhramaut","ABBREVN":null,"CONTROL":null,"SUBJECTO":"Hadhramaut","PARTOF":null,"BORDERPRECISION":1,"FromYear":-350,"ToYear":183,"Area":86171.17286842145,"Type":"POLITY","Wikipedia":"Hadhramaut","Wikidata":"Q1517159","SeshatID":"","Components":"","MemberOf":"","sourceFeatureId":"cliopatria-efc2752582a0cbda1f9b7bb9","datasetId":"cliopatria"},"geometry":{"type":"MultiPolygon","coordinates":[[[[51.074,15.458],[50.845,15.329],[50.752,15.008],[49.63,14.686],[48.535,14.815],[48.322,14.943],[47.521,15.072],[47.528,15.2],[46.653,15.329],[46.58,15.329],[46.149,15.522],[46.381,15.715],[46.47,15.972],[46.473,16.036],[46.555,16.165],[46.698,16.1],[48.117,16.422],[49.594,16.486],[50.118,16.615],[50.483,16.55],[51.081,16.679],[51.887,16.615],[51.952,16.486],[51.86,16.229],[51.242,15.779],[51.078,15.522],[51.074,15.458]]],[[[46.702,16.165],[46.628,16.165],[46.632,16.229],[46.706,16.229],[46.702,16.165]]]]}},{"type":"Feature","id":"cliopatria-83d1268ee21b644a44a93a68","properties":{"NAME":"Zapotec Civilization","ABBREVN":null,"CONTROL":null,"SUBJECTO":"Zapotec Civilization","PARTOF":null,"BORDERPRECISION":1,"FromYear":-291,"ToYear":-92,"Area":6447.078460848409,"Type":"POLITY","Wikipedia":"Zapotec civilization","Wikidata":"Q844750","SeshatID":"mx_monte_alban_1_late","Components":"","MemberOf":"","sourceFeatureId":"cliopatria-83d1268ee21b644a44a93a68","datasetId":"cliopatria"},"geometry":{"type":"MultiPolygon","coordinates":[[[[-97.18,17.129],[-97.19,17.193],[-97.349,17.258],[-97.37,17.386],[-97.233,17.45],[-97.413,17.643],[-96.96,17.579],[-96.908,17.708],[-96.864,17.45],[-96.305,17.193],[-96.263,16.936],[-96.558,16.936],[-96.537,16.808],[-96.896,16.743],[-97.18,17.129]]]]}},{"type":"Feature","id":"cliopatria-6f339947b29c0cbf20f6698e","properties":{"NAME":"Anurādhapura","ABBREVN":null,"CONTROL":null,"SUBJECTO":"Anurādhapura","PARTOF":null,"BORDERPRECISION":1,"FromYear":-291,"ToYear":77,"Area":73532.27500724063,"Type":"POLITY","Wikipedia":"Anurādhapura","Wikidata":"Q5724","SeshatID":"sl_anuradhapura_1","Components":"","MemberOf":"","sourceFeatureId":"cliopatria-6f339947b29c0cbf20f6698e","datasetId":"cliopatria"},"geometry":{"type":"MultiPolygon","coordinates":[[[[81.259,8.643],[81.255,8.579],[81.397,8.514],[81.447,8.129],[81.654,7.936],[81.774,7.486],[81.917,7.422],[81.878,6.714],[81.338,6.136],[80.669,5.879],[80.231,5.879],[79.952,6.136],[79.759,6.65],[79.742,7.679],[79.607,7.872],[79.618,8.064],[79.764,8.064],[79.806,8.772],[80.05,9.157],[79.993,9.415],[80.079,9.607],[79.864,9.672],[79.876,9.865],[80.453,9.736],[80.521,9.672],[80.44,9.543],[80.728,9.479],[80.72,9.35],[80.861,9.286],[80.853,9.157],[80.995,9.093],[80.987,8.964],[81.259,8.643]]]]}},{"type":"Feature","id":"cliopatria-9248992f156b8edb06b07754","properties":{"NAME":"Early Cheras","ABBREVN":null,"CONTROL":null,"SUBJECTO":"Early Cheras","PARTOF":null,"BORDERPRECISION":1,"FromYear":-291,"ToYear":298,"Area":25180.57698982755,"Type":"POLITY","Wikipedia":"Chera dynasty","Wikidata":"Q877155","SeshatID":"in_cheras_1","Components":"","MemberOf":"","sourceFeatureId":"cliopatria-9248992f156b8edb06b07754","datasetId":"cliopatria"},"geometry":{"type":"MultiPolygon","coordinates":[[[[75.986,10.6],[75.985,10.626],[76.707,10.907],[76.892,10.757],[76.85,10.45],[77.414,10.207],[77.233,9.76],[77.345,9.581],[77.249,8.387],[77.147,8.257],[76.553,8.925],[75.986,10.6]]]]}},{"type":"Feature","id":"cliopatria-7040c26a39f3ebd5f1225595","properties":{"NAME":"Early Cholas","ABBREVN":null,"CONTROL":null,"SUBJECTO":"Early Cholas","PARTOF":null,"BORDERPRECISION":1,"FromYear":-291,"ToYear":298,"Area":28856.214614374065,"Type":"POLITY","Wikipedia":"Early Cholas","Wikidata":"Q3532146","SeshatID":"in_cholas_1","Components":"","MemberOf":"","sourceFeatureId":"cliopatria-7040c26a39f3ebd5f1225595","datasetId":"cliopatria"},"geometry":{"type":"MultiPolygon","coordinates":[[[[79.835,11.357],[79.868,11.197],[79.854,10.271],[79.394,10.323],[78.925,10.16],[77.399,10.215],[76.847,10.481],[76.904,10.769],[76.681,10.944],[77.02,11.169],[77.591,11.138],[77.876,10.939],[78.964,10.839],[79.835,11.357]]]]}},{"type":"Feature","id":"cliopatria-6da5fba33d8009cd9d9aa258","properties":{"NAME":"Early Pandyas","ABBREVN":null,"CONTROL":null,"SUBJECTO":"Early Pandyas","PARTOF":null,"BORDERPRECISION":1,"FromYear":-291,"ToYear":298,"Area":32556.36563924926,"Type":"POLITY","Wikipedia":"Early Pandyas","Wikidata":"Q3532152","SeshatID":"in_pandya_emp_1","Components":"","MemberOf":"","sourceFeatureId":"cliopatria-6da5fba33d8009cd9d9aa258","datasetId":"cliopatria"},"geometry":{"type":"MultiPolygon","coordinates":[[[[79.295,10.265],[79.266,9.994],[78.937,9.673],[78.914,9.45],[79.148,9.257],[78.541,9.104],[78.246,8.914],[78.176,8.514],[77.842,8.174],[77.526,8.081],[77.262,8.154],[77.158,8.292],[77.267,8.394],[77.364,9.58],[77.24,9.774],[77.441,10.188],[78.916,10.127],[79.295,10.265]]]]}},{"type":"Feature","id":"cliopatria-01291fda52b1dfaf570d53e2","properties":{"NAME":"Paphlagonia","ABBREVN":null,"CONTROL":null,"SUBJECTO":"Paphlagonia","PARTOF":null,"BORDERPRECISION":1,"FromYear":-279,"ToYear":-145,"Area":22923.15356555682,"Type":"POLITY","Wikipedia":"Paphlagonia","Wikidata":"Q622032","SeshatID":"","Components":"","MemberOf":"","sourceFeatureId":"cliopatria-01291fda52b1dfaf570d53e2","datasetId":"cliopatria"},"geometry":{"type":"MultiPolygon","coordinates":[[[[34.6,40.485],[34.568,40.226],[33.555,40.355],[33.413,40.485],[32.764,40.355],[32.304,40.485],[32.103,40.809],[32.14,41.133],[32.307,41.198],[32.656,41.457],[33.133,41.457],[33.308,41.587],[34.335,41.522],[34.406,41.457],[34.26,40.938],[34.403,40.809],[34.379,40.614],[34.6,40.485]]]]}},{"type":"Feature","id":"cliopatria-e4fcc4f76f19c24c42041c45","properties":{"NAME":"Mayan City-States","ABBREVN":null,"CONTROL":null,"SUBJECTO":"Mayan City-States","PARTOF":null,"BORDERPRECISION":1,"FromYear":-247,"ToYear":259,"Area":198040.49172174494,"Type":"POLITY","Wikipedia":"Maya civilization","Wikidata":"Q28567","SeshatID":"","Components":"","MemberOf":"","sourceFeatureId":"cliopatria-e4fcc4f76f19c24c42041c45","datasetId":"cliopatria"},"geometry":{"type":"MultiPolygon","coordinates":[[[[-88.504,17.772],[-88.494,17.708],[-88.474,17.579],[-88.316,17.515],[-88.178,17.579],[-88.135,16.808],[-88.209,16.808],[-88.236,16.486],[-88.493,16.229],[-88.64,16.229],[-88.825,15.972],[-88.512,15.843],[-88.377,15.393],[-88.629,15.072],[-88.695,14.429],[-88.907,14.365],[-88.818,14.236],[-89.186,14.236],[-89.097,14.107],[-89.391,14.107],[-89.588,13.915],[-89.566,13.722],[-89.867,13.786],[-89.991,13.593],[-90.469,13.915],[-91.504,13.979],[-92.474,14.686],[-92.755,15.136],[-93.323,15.522],[-93.121,15.65],[-93.149,15.843],[-92.715,16.872],[-92.46,17.129],[-92.481,17.258],[-91.952,17.643],[-91.92,17.9],[-91.699,17.9],[-91.656,18.093],[-90.211,18.286],[-89.336,17.9],[-89.051,17.965],[-89.104,17.836],[-88.947,17.772],[-88.504,17.772]]]]}},{"type":"Feature","id":"cliopatria-4c5e87e44f050df60da37f79","properties":{"NAME":"Galatia","ABBREVN":null,"CONTROL":null,"SUBJECTO":"Galatia","PARTOF":null,"BORDERPRECISION":1,"FromYear":-239,"ToYear":-127,"Area":50699.037696978645,"Type":"POLITY","Wikipedia":"Galatia","Wikidata":"Q26847","SeshatID":"","Components":"","MemberOf":"","sourceFeatureId":"cliopatria-4c5e87e44f050df60da37f79","datasetId":"cliopatria"},"geometry":{"type":"MultiPolygon","coordinates":[[[[34.828,39.773],[34.726,39.579],[34.767,39.256],[34.479,38.803],[33.68,38.674],[33.587,38.545],[32.189,38.674],[31.803,38.739],[31.738,38.868],[31.424,38.868],[31.443,39.062],[31.233,39.32],[31.378,39.967],[31.299,39.967],[31.306,40.032],[31.385,40.032],[31.464,40.032],[31.543,40.032],[31.622,40.032],[31.701,40.032],[31.708,40.096],[32.11,40.161],[32.304,40.485],[32.764,40.355],[33.413,40.485],[33.555,40.355],[34.568,40.226],[34.536,39.967],[34.828,39.773]]]]}},{"type":"Feature","id":"cliopatria-1456638df2066443266fb9fd","properties":{"NAME":"Kingdom of Pontus","ABBREVN":null,"CONTROL":null,"SUBJECTO":"Kingdom of Pontus","PARTOF":null,"BORDERPRECISION":1,"FromYear":-230,"ToYear":-171,"Area":93098.56005500077,"Type":"POLITY","Wikipedia":"Kingdom of Pontus","Wikidata":"Q7380487","SeshatID":"","Components":"","MemberOf":"","sourceFeatureId":"cliopatria-1456638df2066443266fb9fd","datasetId":"cliopatria"},"geometry":{"type":"MultiPolygon","coordinates":[[[[35.865,41.652],[35.954,41.717],[36.095,41.587],[36.209,41.263],[36.448,41.263],[36.527,41.263],[36.509,41.133],[37.355,40.938],[37.873,40.679],[38.824,40.679],[39.002,40.809],[39.398,40.809],[39.616,40.679],[40.409,40.679],[40.578,40.744],[40.598,40.874],[40.46,41.003],[40.539,41.003],[41.047,41.198],[41.238,41.392],[41.354,41.133],[41.084,40.938],[41.005,40.938],[40.567,40.679],[40.774,40.485],[40.754,40.355],[40.507,40.291],[40.398,40.096],[38.79,39.902],[38.93,39.773],[38.745,39.579],[38.954,39.385],[38.927,39.191],[38.752,39.062],[37.861,39.45],[36.933,39.579],[35.435,39.579],[35.294,39.708],[34.828,39.773],[34.536,39.967],[34.568,40.226],[34.6,40.485],[34.379,40.614],[34.403,40.809],[34.26,40.938],[34.406,41.457],[34.335,41.522],[33.308,41.587],[33.133,41.457],[32.656,41.457],[32.307,41.198],[32.258,41.457],[32.114,41.587],[32.193,41.587],[32.695,41.782],[32.631,41.911],[32.862,41.847],[33.277,41.976],[34.474,41.976],[34.944,41.911],[35.308,41.652],[35.785,41.652],[35.865,41.652]]],[[[40.391,41.068],[40.47,41.068],[40.46,41.003],[40.381,41.003],[40.391,41.068]]]]}},{"type":"Feature","id":"cliopatria-866df7bbd67af55e84042248","properties":{"NAME":"Cimmerian Bosporus","ABBREVN":null,"CONTROL":null,"SUBJECTO":"Cimmerian Bosporus","PARTOF":null,"BORDERPRECISION":1,"FromYear":-230,"ToYear":-92,"Area":24828.264958860225,"Type":"POLITY","Wikipedia":"Bosporan Kingdom","Wikidata":"Q321371","SeshatID":"","Components":"","MemberOf":"","sourceFeatureId":"cliopatria-866df7bbd67af55e84042248","datasetId":"cliopatria"},"geometry":{"type":"MultiPolygon","coordinates":[[[[36.087,45.366],[36.423,45.431],[36.373,45.104],[35.875,45.039],[35.732,45.17],[35.407,45.17],[35.388,45.039],[35.216,44.973],[35.235,45.104],[35.154,45.104],[35.183,45.3],[36.006,45.366],[36.087,45.366]]],[[[39.093,46.283],[38.862,45.89],[38.699,45.89],[38.388,45.497],[38.117,44.843],[37.934,44.712],[37.528,44.712],[37.256,45.039],[36.779,45.104],[36.749,45.431],[36.912,45.431],[36.972,45.3],[37.704,45.3],[37.747,45.562],[37.595,45.628],[37.758,45.628],[37.893,45.955],[38.335,46.152],[38.368,46.349],[37.899,46.48],[37.839,46.612],[38.495,46.612],[38.622,46.874],[38.786,46.874],[38.892,47.006],[39.22,47.006],[39.197,47.335],[38.35,47.203],[38.49,47.532],[39.244,47.598],[39.715,47.466],[39.737,47.137],[39.549,47.006],[39.596,46.809],[39.432,46.809],[39.291,46.48],[39.105,46.349],[39.093,46.283]]]]}},{"type":"Feature","id":"cliopatria-328eeef19823b2470eac66eb","properties":{"NAME":"Kalinga","ABBREVN":null,"CONTROL":null,"SUBJECTO":"Kalinga","PARTOF":null,"BORDERPRECISION":1,"FromYear":-225,"ToYear":-189,"Area":81308.41485314148,"Type":"POLITY","Wikipedia":"Kalinga","Wikidata":"Q356524","SeshatID":"","Components":"","MemberOf":"","sourceFeatureId":"cliopatria-328eeef19823b2470eac66eb","datasetId":"cliopatria"},"geometry":{"type":"MultiPolygon","coordinates":[[[[85.802,19.701],[85.728,19.701],[85.497,19.636],[85.522,19.829],[85.374,19.829],[85.415,19.572],[84.749,18.993],[84.38,18.415],[84.052,18.158],[83.748,18.093],[83.561,17.772],[82.916,17.322],[82.614,17.258],[82.436,17],[82.362,17],[82.082,17.129],[81.884,17.322],[81.899,17.45],[81.693,17.579],[81.517,17.965],[81.548,18.222],[82.858,19.251],[85.35,20.793],[86.141,20.601],[86.157,20.151],[86.436,20.022],[86.428,19.958],[85.802,19.701]]]]}},{"type":"Feature","id":"cliopatria-26889c41374128c61bd2b22d","properties":{"NAME":"Maurya Empire","ABBREVN":null,"CONTROL":null,"SUBJECTO":"Maurya Empire","PARTOF":null,"BORDERPRECISION":1,"FromYear":-225,"ToYear":-189,"Area":1140195.3791244929,"Type":"POLITY","Wikipedia":"Maurya Empire","Wikidata":"Q62943","SeshatID":"in_mauryan_emp","Components":"","MemberOf":"","sourceFeatureId":"cliopatria-26889c41374128c61bd2b22d","datasetId":"cliopatria"},"geometry":{"type":"MultiPolygon","coordinates":[[[[81.087,30.179],[81.163,30.179],[81.39,30.179],[81.697,29.858],[82.336,29.665],[82.459,29.537],[83.05,29.472],[83.249,29.344],[83.49,29.408],[83.523,29.215],[83.75,29.215],[84.01,29.022],[84.251,29.087],[84.483,28.765],[84.833,28.637],[84.717,28.444],[84.792,28.444],[84.813,28.187],[85.213,27.93],[85.851,27.737],[86.227,27.737],[86.569,27.93],[86.781,27.865],[87.11,27.994],[87.247,27.93],[87.158,27.865],[87.206,27.737],[87.357,27.737],[87.405,27.608],[87.569,27.672],[87.543,27.544],[87.955,27.351],[88.118,27.415],[88.092,27.287],[88.292,27.158],[88.844,27.287],[88.818,27.158],[89.067,26.901],[89.942,26.772],[89.742,26.129],[89.88,26.065],[89.871,25.615],[89.946,25.615],[89.79,25.165],[89.948,24.779],[89.927,24.201],[89.822,24.008],[89.961,23.943],[89.589,22.979],[89.729,22.915],[89.952,22.401],[89.869,21.822],[88.728,21.629],[88.716,22.079],[88.642,22.079],[88.514,21.693],[88.365,21.693],[88.348,21.565],[88.134,21.629],[88.178,21.951],[88.103,21.951],[87.762,21.629],[87.067,21.436],[86.885,21.179],[86.959,21.179],[87.031,20.601],[86.792,20.472],[86.84,20.279],[86.51,20.022],[86.436,20.022],[86.157,20.151],[86.141,20.601],[85.35,20.793],[82.858,19.251],[82.371,19.508],[82.313,19.636],[82.165,19.636],[81.776,20.086],[80.844,20.343],[80.453,20.793],[80.156,20.793],[79.783,20.151],[79.101,20.022],[79.07,19.765],[78.841,19.701],[78.715,19.893],[78.738,20.086],[78.597,20.151],[78.62,20.343],[78.42,20.536],[78.391,20.922],[77.315,21.243],[77.219,21.693],[77.078,21.758],[77.103,22.593],[77.111,22.658],[77.2,23.943],[77.426,25.036],[77.928,25.872],[78.988,26.837],[78.807,27.094],[78.841,27.287],[77.992,27.994],[78.014,28.894],[77.938,28.894],[77.953,29.344],[77.878,29.344],[77.93,29.601],[77.855,29.601],[77.936,29.987],[79.303,31.015],[79.333,31.143],[79.485,31.143],[79.531,31.015],[80.048,30.951],[80.34,30.565],[80.918,30.436],[81.087,30.179]]]]}},{"type":"Feature","id":"cliopatria-7381ebc1c13792dfd82759fb","properties":{"NAME":"Satavahana Dynasty","ABBREVN":null,"CONTROL":null,"SUBJECTO":"Satavahana Dynasty","PARTOF":null,"BORDERPRECISION":1,"FromYear":-225,"ToYear":-171,"Area":535339.4007227576,"Type":"POLITY","Wikipedia":"Satavahana dynasty","Wikidata":"Q5257","SeshatID":"","Components":"","MemberOf":"","sourceFeatureId":"cliopatria-7381ebc1c13792dfd82759fb","datasetId":"cliopatria"},"geometry":{"type":"MultiPolygon","coordinates":[[[[82.354,16.936],[82.383,16.55],[82.221,16.422],[81.477,16.358],[81.235,16.165],[81.119,15.779],[80.611,15.843],[80.376,15.715],[80.088,15.072],[80.216,14.879],[80.245,14.429],[79.26,14.107],[79.272,14.236],[78.782,14.493],[78.992,15.136],[76.69,15.65],[76.429,15.972],[76.282,15.972],[76.014,16.229],[76.081,16.872],[75.727,17],[75.459,17.258],[75.473,17.386],[75.065,17.708],[75.079,17.836],[74.879,18.029],[74.429,17.965],[73.878,17.643],[73.073,17.708],[72.947,18.608],[72.873,18.608],[72.875,19.315],[72.734,19.379],[72.754,19.572],[73.396,20.022],[73.709,20.858],[73.758,21.308],[74.052,21.951],[74.379,22.208],[75.473,22.658],[76.598,22.722],[77.029,22.593],[77.103,22.593],[77.078,21.758],[77.219,21.693],[77.315,21.243],[78.391,20.922],[78.42,20.536],[78.62,20.343],[78.597,20.151],[78.738,20.086],[78.715,19.893],[78.841,19.701],[79.07,19.765],[79.101,20.022],[79.783,20.151],[80.156,20.793],[80.453,20.793],[80.844,20.343],[81.776,20.086],[82.165,19.636],[82.313,19.636],[82.371,19.508],[82.858,19.251],[81.548,18.222],[81.517,17.965],[81.693,17.579],[81.899,17.45],[81.884,17.322],[82.082,17.129],[82.362,17],[82.354,16.936]]]]}},{"type":"Feature","id":"cliopatria-103d22a4e6e73a5154cbe821","properties":{"NAME":"Parthian Empire","ABBREVN":null,"CONTROL":null,"SUBJECTO":"Parthian Empire","PARTOF":null,"BORDERPRECISION":1,"FromYear":-218,"ToYear":-165,"Area":253595.888264902,"Type":"POLITY","Wikipedia":"Parthian Empire","Wikidata":"Q1986139","SeshatID":"ir_parthian_emp_1","Components":"","MemberOf":"","sourceFeatureId":"cliopatria-103d22a4e6e73a5154cbe821","datasetId":"cliopatria"},"geometry":{"type":"MultiPolygon","coordinates":[[[[56.892,40.355],[56.987,40.42],[56.956,40.291],[57.114,40.291],[57.162,40.161],[57.351,40.291],[58.174,40.42],[58.854,40.291],[58.98,40.161],[59.77,40.161],[59.768,39.838],[60.084,39.838],[60.052,39.708],[60.683,39.708],[60.65,39.579],[60.729,39.579],[60.713,39.514],[60.414,39.256],[60.32,38.868],[60.431,38.674],[60.371,38.416],[60.561,38.222],[60.531,38.093],[60.736,37.964],[60.663,37.642],[60.98,37.319],[60.873,37.19],[61.029,37.19],[61.474,36.739],[61.213,36.61],[60.047,36.61],[59.074,36.417],[58.453,36.417],[57.702,36.546],[57.444,36.804],[56.834,36.868],[56.212,36.868],[55.785,36.675],[54.774,36.675],[54.033,36.868],[54.045,36.933],[54.095,37.19],[53.91,37.448],[53.908,37.835],[53.83,37.835],[53.987,38.997],[53.518,39.385],[53.138,39.45],[53.545,39.514],[53.498,40.032],[52.723,40.096],[52.714,40.42],[52.793,40.42],[52.893,40.874],[52.972,40.874],[52.943,40.744],[53.34,40.744],[53.448,40.874],[53.404,40.679],[54.544,40.809],[56.813,40.355],[56.892,40.355]]]]}},{"type":"Feature","id":"cliopatria-524ba09f0e62159bb470dc44","properties":{"NAME":"Mauretania","ABBREVN":null,"CONTROL":null,"SUBJECTO":"Mauretania","PARTOF":null,"BORDERPRECISION":1,"FromYear":-212,"ToYear":-198,"Area":51320.52200354256,"Type":"POLITY","Wikipedia":"Mauretania","Wikidata":"Q309272","SeshatID":"","Components":"","MemberOf":"","sourceFeatureId":"cliopatria-524ba09f0e62159bb470dc44","datasetId":"cliopatria"},"geometry":{"type":"MultiPolygon","coordinates":[[[[-2.945,34.615],[-2.788,34.551],[-2.854,34.358],[-2.459,34.165],[-2.536,34.165],[-3.763,34.1],[-4.141,33.972],[-4.21,33.843],[-4.367,33.907],[-5.039,33.586],[-5.274,33.65],[-5.799,33.457],[-6.033,33.522],[-6.634,33.329],[-6.703,33.2],[-6.937,33.264],[-7.528,32.943],[-8.064,32.943],[-8.154,33.136],[-8.47,33.264],[-8.403,33.393],[-7.88,33.586],[-7.803,33.586],[-7.794,33.457],[-7.64,33.457],[-7.555,33.329],[-6.882,33.586],[-6.592,33.843],[-6.601,33.972],[-6.234,34.229],[-5.627,35.516],[-5.39,35.451],[-5.214,35.13],[-4.738,34.937],[-2.886,34.937],[-2.945,34.615]]]]}},{"type":"Feature","id":"cliopatria-f81ad1dbea81898f3760f8de","properties":{"NAME":"Kingdom of Cappadocia","ABBREVN":null,"CONTROL":null,"SUBJECTO":"Kingdom of Cappadocia","PARTOF":null,"BORDERPRECISION":1,"FromYear":-212,"ToYear":-189,"Area":67615.05141506802,"Type":"POLITY","Wikipedia":"Kingdom of Cappadocia","Wikidata":"Q29654286","SeshatID":"tr_cappadocia_2","Components":"","MemberOf":"","sourceFeatureId":"cliopatria-f81ad1dbea81898f3760f8de","datasetId":"cliopatria"},"geometry":{"type":"MultiPolygon","coordinates":[[[[38.744,38.997],[38.822,38.997],[38.814,38.933],[38.126,38.481],[37.318,38.287],[37.115,37.9],[36.348,38.029],[35.998,37.706],[35.671,37.577],[33.669,37.835],[33.587,38.545],[33.68,38.674],[34.479,38.803],[34.767,39.256],[34.726,39.579],[34.828,39.773],[35.294,39.708],[35.435,39.579],[36.933,39.579],[37.861,39.45],[38.752,39.062],[38.744,38.997]]]]}},{"type":"Feature","id":"cliopatria-c14d4f66e4268963ba7e272d","properties":{"NAME":"Kingdom of Pergamon","ABBREVN":null,"CONTROL":null,"SUBJECTO":"Kingdom of Pergamon","PARTOF":null,"BORDERPRECISION":1,"FromYear":-212,"ToYear":-189,"Area":38422.274302952996,"Type":"POLITY","Wikipedia":"Kingdom of Pergamon","Wikidata":"Q2022162","SeshatID":"tr_pergamon_k","Components":"","MemberOf":"","sourceFeatureId":"cliopatria-c14d4f66e4268963ba7e272d","datasetId":"cliopatria"},"geometry":{"type":"MultiPolygon","coordinates":[[[[27.197,38.029],[26.889,38.093],[26.82,38.222],[26.429,38.222],[26.384,38.674],[26.536,38.61],[26.595,38.351],[27.065,38.351],[27.08,38.545],[26.849,38.61],[26.958,38.997],[26.879,38.997],[26.894,39.191],[26.742,39.256],[26.836,39.45],[26.841,39.514],[27.235,39.514],[27.409,39.708],[27.972,39.838],[28.84,39.838],[29.301,39.708],[29.315,38.997],[29.236,38.997],[29.208,38.674],[28.961,38.545],[28.861,38.287],[28.527,38.029],[28.141,38.093],[27.969,37.9],[27.73,37.835],[27.5,37.9],[27.51,38.029],[27.275,38.029],[27.197,38.029]]]]}},{"type":"Feature","id":"cliopatria-a16e9f457478d8494d07b6ad","properties":{"NAME":"Kingdom of Sophene","ABBREVN":null,"CONTROL":null,"SUBJECTO":"Kingdom of Sophene","PARTOF":null,"BORDERPRECISION":1,"FromYear":-212,"ToYear":-189,"Area":17020.33529793496,"Type":"POLITY","Wikipedia":"Kingdom of Sophene","Wikidata":"Q2626105","SeshatID":"","Components":"","MemberOf":"","sourceFeatureId":"cliopatria-a16e9f457478d8494d07b6ad","datasetId":"cliopatria"},"geometry":{"type":"MultiPolygon","coordinates":[[[[38.822,38.997],[38.744,38.997],[38.752,39.062],[38.927,39.191],[38.954,39.385],[39.209,39.514],[39.751,39.45],[39.848,39.579],[40.478,39.579],[40.51,39.256],[40.658,39.191],[40.514,38.739],[40.52,38.222],[39.45,38.416],[39.389,38.545],[39.232,38.545],[39.25,38.674],[39.11,38.803],[38.814,38.933],[38.822,38.997]]]]}},{"type":"Feature","id":"cliopatria-79b9de98bb082dea554499b1","properties":{"NAME":"Atropatene","ABBREVN":null,"CONTROL":null,"SUBJECTO":"Atropatene","PARTOF":null,"BORDERPRECISION":1,"FromYear":-206,"ToYear":-198,"Area":146792.64214983417,"Type":"POLITY","Wikipedia":"Atropatene","Wikidata":"Q260437","SeshatID":"ir_atropatene_k","Components":"","MemberOf":"","sourceFeatureId":"cliopatria-79b9de98bb082dea554499b1","datasetId":"cliopatria"},"geometry":{"type":"MultiPolygon","coordinates":[[[[49.999,37.384],[50.321,36.997],[50.566,37.062],[50.632,36.997],[50.532,36.868],[50.821,36.739],[52.03,36.546],[52.108,36.546],[52.008,36.417],[50.855,36.031],[50.48,35.645],[49.608,35.516],[49.5,35.323],[49.083,35.13],[47.954,35.323],[46.031,35.387],[45.149,35.709],[45.261,36.997],[45.426,37.062],[45.446,37.19],[45.29,37.19],[45.252,37.448],[45.174,37.448],[45.224,37.771],[45.635,37.9],[45.854,38.287],[46.121,38.481],[47.252,38.674],[48.326,38.093],[48.795,38.093],[48.874,38.093],[48.829,37.835],[49.029,37.642],[49.018,37.577],[49.999,37.384]]]]}},{"type":"Feature","id":"cliopatria-5605e4e0ac45349b8c70a594","properties":{"NAME":"Achaean League","ABBREVN":null,"CONTROL":null,"SUBJECTO":"Achaean League","PARTOF":null,"BORDERPRECISION":1,"FromYear":-206,"ToYear":-165,"Area":11769.542173731103,"Type":"POLITY","Wikipedia":"Achaean League","Wikidata":"Q244796","SeshatID":"","Components":"","MemberOf":"","sourceFeatureId":"cliopatria-5605e4e0ac45349b8c70a594","datasetId":"cliopatria"},"geometry":{"type":"MultiPolygon","coordinates":[[[[23.335,37.513],[23.413,37.513],[23.402,37.319],[23.169,37.319],[23.176,37.448],[22.949,37.577],[22.714,37.577],[22.704,37.384],[22.399,37.513],[22.321,37.513],[22.236,37.384],[22.087,37.513],[21.697,37.513],[21.619,37.513],[21.622,37.577],[21.544,37.577],[21.547,37.642],[21.469,37.642],[21.472,37.706],[21.394,37.706],[21.397,37.771],[21.631,37.771],[21.637,37.9],[21.412,38.093],[21.416,38.158],[21.729,38.158],[21.742,38.416],[22.134,38.416],[22.287,38.351],[22.28,38.222],[22.44,38.287],[22.433,38.158],[22.589,38.158],[22.657,37.964],[22.97,37.964],[22.977,38.093],[23.216,38.158],[23.286,38.029],[23.201,37.9],[23.044,37.9],[23.037,37.771],[23.108,37.642],[23.339,37.577],[23.335,37.513]]]]}},{"type":"Feature","id":"cliopatria-530ffc85e718656dd996d177","properties":{"NAME":"Ptolemaic Kingdom","ABBREVN":null,"CONTROL":null,"SUBJECTO":"Ptolemaic Kingdom","PARTOF":null,"BORDERPRECISION":1,"FromYear":-203,"ToYear":-198,"Area":780514.3381541364,"Type":"POLITY","Wikipedia":"Ptolemaic Kingdom","Wikidata":"Q2320005","SeshatID":"eg_ptolemaic_k_1","Components":"","MemberOf":"","sourceFeatureId":"cliopatria-530ffc85e718656dd996d177","datasetId":"cliopatria"},"geometry":{"type":"MultiPolygon","coordinates":[[[[37.054,33.072],[36.901,33.072],[36.717,32.75],[36.751,32.3],[36.516,32.236],[36.656,32.107],[36.492,31.979],[36.463,31.658],[36.387,31.658],[36.423,31.208],[35.662,31.208],[35.499,31.079],[35.352,31.143],[34.621,30.565],[34.611,30.436],[34.389,30.501],[34.303,30.372],[33.838,30.244],[32.919,30.115],[32.91,29.987],[32.758,29.987],[32.673,29.858],[32.526,29.922],[32.442,29.794],[32.689,28.958],[32.836,28.894],[33.105,28.38],[33.609,27.994],[33.585,27.608],[33.799,27.415],[33.927,27.029],[34.073,26.965],[34.051,26.579],[34.197,26.515],[34.461,25.872],[34.608,25.808],[35.146,24.651],[35.86,24.008],[35.854,23.879],[35.559,23.943],[35.553,23.815],[35.108,23.879],[33.756,23.686],[33.682,23.686],[33.389,23.815],[32.041,23.686],[31.67,23.751],[30.537,23.365],[30.463,23.365],[30.395,23.558],[30.104,23.751],[30.109,23.879],[29.959,23.879],[29.673,24.201],[28.569,24.651],[28.289,25.165],[28.244,25.936],[28.345,26.579],[28.27,26.579],[28.154,27.351],[27.937,27.544],[27.711,27.544],[27.792,27.672],[27.43,27.994],[27.276,27.93],[27.285,28.122],[26.847,28.444],[25.883,28.83],[25.225,29.344],[24.922,29.344],[24.855,29.537],[24.406,29.665],[24.263,29.858],[23.667,30.115],[23.227,30.501],[22.848,30.501],[22.853,30.629],[21.951,30.886],[20.582,30.886],[19.957,30.308],[19.651,30.244],[19.572,30.115],[18.735,29.987],[18.738,30.115],[18.894,30.308],[19.272,30.244],[19.655,30.372],[19.964,30.565],[19.968,30.694],[20.202,30.886],[20.134,31.143],[20.214,31.272],[19.996,31.593],[20.089,32.107],[20.017,32.236],[20.246,32.236],[20.331,32.493],[20.482,32.429],[20.563,32.557],[20.716,32.557],[20.644,32.686],[20.871,32.622],[21.108,32.814],[21.412,32.75],[21.879,32.943],[23.089,32.622],[23.081,32.429],[23.231,32.365],[23.149,32.236],[23.299,32.172],[23.68,32.172],[24.129,31.979],[24.892,31.979],[25.112,31.786],[25.102,31.593],[25.248,31.465],[26.848,31.465],[27.297,31.336],[27.515,31.143],[28.496,31.015],[28.865,30.822],[29.397,30.822],[29.485,31.015],[29.633,30.951],[29.87,31.079],[29.802,31.208],[29.882,31.272],[30.339,31.272],[30.271,31.4],[30.352,31.465],[30.809,31.465],[30.966,31.529],[30.975,31.658],[31.203,31.658],[31.118,31.529],[31.266,31.465],[31.875,31.465],[31.781,31.208],[31.937,31.272],[32,31.079],[32.304,31.079],[32.237,31.208],[32.532,31.079],[32.765,31.143],[32.832,31.015],[33.983,31.143],[34.297,31.272],[34.308,31.4],[34.633,31.658],[34.573,31.85],[34.813,31.979],[34.77,32.365],[35.022,32.622],[35.056,33.007],[35.215,33.072],[35.398,33.393],[35.346,33.65],[35.499,33.65],[35.447,33.907],[35.684,33.972],[35.644,34.358],[35.792,34.293],[36.049,34.551],[36.068,34.744],[35.927,34.872],[35.96,35.194],[35.882,35.194],[35.889,35.258],[36.269,35.194],[36.165,34.937],[36.313,34.872],[36.293,34.679],[36.441,34.615],[36.562,34.293],[36.87,34.293],[37.004,34.1],[37.389,34.1],[37.599,33.907],[37.649,33.65],[37.573,33.65],[37.073,33.264],[37.054,33.072]]],[[[28.139,36.031],[27.743,35.902],[27.693,36.288],[28.017,36.482],[28.095,36.482],[28.25,36.482],[28.139,36.031]]],[[[26.865,36.675],[27.039,36.933],[27.117,36.933],[27.185,36.804],[26.865,36.675]]],[[[27.195,36.933],[27.209,37.126],[27.286,37.126],[27.442,37.126],[27.35,36.933],[27.195,36.933]]],[[[25.988,37.513],[26.08,37.706],[26.158,37.706],[26.314,37.706],[26.305,37.577],[25.988,37.513]]],[[[27.012,37.642],[26.622,37.642],[26.557,37.835],[26.636,37.835],[27.026,37.835],[27.012,37.642]]],[[[33.957,35.258],[34.087,35.001],[33.695,34.937],[33.523,34.744],[33.132,34.679],[33.044,34.551],[32.367,34.744],[32.229,34.937],[32.246,35.13],[32.555,35.13],[32.875,35.258],[32.887,35.387],[33.737,35.387],[34.31,35.709],[34.387,35.709],[34.542,35.709],[34.529,35.58],[33.957,35.258]]],[[[33.375,37.255],[33.609,37.255],[33.674,37.126],[34.219,37.126],[34.335,36.739],[34.328,36.675],[33.979,36.288],[33.274,36.224],[32.713,36.031],[32.558,36.031],[32.499,36.224],[32.212,36.482],[32.134,36.482],[32.14,36.546],[32.062,36.546],[32.068,36.61],[33.375,37.255]]],[[[34.95,36.675],[34.957,36.739],[35.035,36.739],[35.028,36.675],[34.95,36.675]]],[[[29.24,36.224],[29.125,36.739],[28.357,36.868],[28.187,36.675],[28.031,36.675],[28.226,37.19],[28.304,37.19],[29.369,36.868],[29.363,36.804],[29.441,36.804],[29.446,36.868],[30.619,36.933],[30.613,36.868],[30.536,36.868],[30.53,36.804],[30.492,36.353],[30.026,36.353],[29.938,36.224],[29.24,36.224]]],[[[35.289,36.933],[35.834,36.933],[35.827,36.868],[35.749,36.868],[35.488,36.61],[35.113,36.739],[35.035,36.739],[35.289,36.933]]]]}},{"type":"Feature","id":"cliopatria-0b7a69ec2d874df6f8c33c39","properties":{"NAME":"Xiongnu","ABBREVN":null,"CONTROL":null,"SUBJECTO":"Xiongnu","PARTOF":null,"BORDERPRECISION":1,"FromYear":-203,"ToYear":-198,"Area":4113974.7735860627,"Type":"POLITY","Wikipedia":"Xiongnu","Wikidata":"Q188836","SeshatID":"mn_hunnu_emp","Components":"","MemberOf":"","sourceFeatureId":"cliopatria-0b7a69ec2d874df6f8c33c39","datasetId":"cliopatria"},"geometry":{"type":"MultiPolygon","coordinates":[[[[98.836,54.071],[100.48,54.071],[100.43,54.003],[101.763,53.935],[101.712,53.868],[104.34,53.462],[104.289,53.395],[104.962,53.26],[104.911,53.192],[105.083,53.192],[105.032,53.125],[106.408,52.788],[105.915,52.586],[105.265,52.049],[104.44,51.848],[103.845,51.848],[103.572,51.58],[104.118,51.513],[104.072,51.447],[104.834,51.447],[105.74,51.647],[106.006,51.781],[106.398,52.318],[106.825,52.318],[106.925,52.452],[107.096,52.452],[107.045,52.385],[107.216,52.385],[107.166,52.318],[107.627,52.25],[107.577,52.183],[107.953,52.116],[107.903,52.049],[108.073,52.049],[108.024,51.982],[109.234,51.781],[109.184,51.714],[109.404,51.781],[109.389,51.647],[109.778,51.714],[109.678,51.58],[110.018,51.58],[109.968,51.513],[110.511,51.447],[110.461,51.38],[113.916,51.246],[113.865,51.179],[115.823,50.979],[115.772,50.912],[116.11,50.912],[116.058,50.845],[116.597,50.779],[116.546,50.712],[116.799,50.712],[116.748,50.645],[118.343,50.313],[118.292,50.246],[118.544,50.246],[118.493,50.179],[118.829,50.179],[118.778,50.113],[119.147,50.046],[119.096,49.98],[119.582,49.847],[119.531,49.781],[119.699,49.781],[119.648,49.714],[119.899,49.714],[121.096,50.179],[121.044,50.113],[121.296,50.113],[121.244,50.046],[121.495,50.046],[121.444,49.98],[121.611,49.98],[121.56,49.914],[122.61,49.648],[122.558,49.582],[122.725,49.582],[122.674,49.515],[123.723,49.25],[123.672,49.184],[124.237,49.051],[124.186,48.985],[124.57,49.051],[124.52,48.985],[124.686,48.985],[124.635,48.919],[124.834,48.853],[124.784,48.787],[125.033,48.787],[124.983,48.72],[125.348,48.654],[125.298,48.588],[125.58,48.522],[125.53,48.456],[125.779,48.456],[125.729,48.39],[125.895,48.39],[125.845,48.324],[126.094,48.324],[126.044,48.258],[126.209,48.258],[126.16,48.192],[126.408,48.192],[126.358,48.126],[126.524,48.126],[126.474,48.06],[126.723,48.06],[126.673,47.994],[126.838,47.994],[126.789,47.928],[127.351,47.796],[127.302,47.73],[127.583,47.664],[127.534,47.598],[127.781,47.598],[127.732,47.532],[127.897,47.532],[127.848,47.466],[128.095,47.466],[128.046,47.401],[128.211,47.401],[128.162,47.335],[128.409,47.335],[128.36,47.269],[128.525,47.269],[128.476,47.203],[128.723,47.203],[128.674,47.137],[128.838,47.137],[128.789,47.072],[129.036,47.072],[128.987,47.006],[129.152,47.006],[129.103,46.94],[129.349,46.94],[129.301,46.874],[129.58,46.809],[129.532,46.743],[129.893,46.677],[129.782,46.415],[129.864,46.415],[129.74,46.021],[129.821,46.021],[129.631,45.759],[128.434,44.647],[128.242,44.255],[127.991,44.124],[125.676,41.717],[125.513,41.327],[124.916,41.133],[124.837,41.133],[124.439,41.263],[124.479,41.327],[124.24,41.327],[124.28,41.392],[124.002,41.457],[124.042,41.522],[123.803,41.522],[123.843,41.587],[123.564,41.652],[123.604,41.717],[123.365,41.717],[123.405,41.782],[123.127,41.847],[123.167,41.911],[122.928,41.911],[118.979,40.614],[117.453,40.291],[117.109,40.096],[116.102,39.838],[115.55,39.838],[115.283,40.226],[114.764,40.291],[114.799,40.355],[114.448,40.291],[114.482,40.355],[114.008,40.355],[114.042,40.42],[113.488,40.42],[112.629,40.291],[112.078,39.838],[111.486,38.803],[110.133,38.093],[108.754,36.739],[108.302,36.031],[107.267,35.773],[106.7,35.516],[106.493,35.58],[106.185,35.387],[105.259,35.194],[105.284,35.258],[105.951,35.773],[105.847,35.902],[106.08,36.288],[106.029,36.353],[104.166,36.739],[102.871,37.19],[102.611,37.126],[102.586,37.255],[102.119,37.448],[102.096,37.771],[101.755,37.513],[101.601,37.706],[101.315,37.771],[101.29,37.9],[100.796,38.029],[100.799,38.222],[100.642,38.222],[100.414,38.61],[100.199,38.287],[99.862,38.416],[99.379,39.126],[99.092,39.191],[99.12,39.256],[98.958,39.062],[98.384,39.191],[98.117,38.933],[97.96,38.933],[97.857,39.062],[97.492,39.126],[97.468,39.256],[96.763,39.45],[96.681,39.256],[96.76,39.256],[96.678,39.062],[96.757,39.062],[96.677,38.868],[96.755,38.868],[96.649,38.61],[96.414,38.61],[96.31,38.739],[95.682,38.933],[95.319,39.385],[94.977,39.32],[94.506,39.514],[93.955,39.514],[93.193,39.385],[93.272,39.579],[93.193,39.579],[93.169,39.902],[93.09,39.902],[93.444,40.55],[93.523,40.55],[93.817,40.679],[94.184,41.327],[94.789,41.782],[94.392,42.301],[94.367,42.756],[94.238,42.821],[94.3,42.951],[93.907,43.472],[93.616,43.538],[93.549,43.733],[93.209,43.863],[93.191,43.994],[92.249,44.385],[92.281,44.451],[91.957,44.451],[91.858,44.581],[91.696,44.581],[91.728,44.647],[91.484,44.647],[91.516,44.712],[91.223,44.777],[91.254,44.843],[91.092,44.843],[90.974,45.104],[90.812,45.104],[90.612,45.366],[90.675,45.497],[90.544,45.562],[90.962,46.087],[90.863,46.218],[90.959,46.743],[90.222,47.73],[89.925,47.796],[89.959,47.862],[89.628,47.862],[89.53,47.994],[88.951,47.994],[88.853,48.126],[88.687,48.126],[88.671,48.258],[88.373,48.324],[88.358,48.456],[87.977,48.522],[87.946,48.787],[87.78,48.787],[87.681,48.919],[87.784,49.118],[87.118,49.118],[87.186,49.25],[86.804,49.316],[86.74,49.515],[86.524,49.582],[86.629,49.781],[86.239,49.515],[85.187,49.582],[84.876,50.113],[84.274,50.246],[83.918,50.845],[83.616,50.912],[83.736,50.979],[83.905,51.447],[84.186,51.647],[84.648,52.318],[85.309,52.721],[87.946,53.395],[88.977,53.53],[89.063,53.665],[89.451,53.597],[91.437,53.868],[93.941,53.868],[95.377,54.071],[98.75,54.071],[98.836,54.071]]],[[[109.524,51.714],[109.439,51.714],[109.489,51.781],[109.574,51.781],[109.524,51.714]]]]}},{"type":"Feature","id":"cliopatria-4ce555d61a84678f7a8709f0","properties":{"NAME":"Greco-Bactrian Kingdom","ABBREVN":null,"CONTROL":null,"SUBJECTO":"Greco-Bactrian Kingdom","PARTOF":null,"BORDERPRECISION":1,"FromYear":-203,"ToYear":-171,"Area":685135.1630846385,"Type":"POLITY","Wikipedia":"Greco-Bactrian Kingdom","Wikidata":"Q488880","SeshatID":"af_greco_bactrian_k","Components":"","MemberOf":"","sourceFeatureId":"cliopatria-4ce555d61a84678f7a8709f0","datasetId":"cliopatria"},"geometry":{"type":"MultiPolygon","coordinates":[[[[72.556,33.522],[72.571,33.586],[72.648,33.586],[72.633,33.522],[72.556,33.522]]],[[[70.218,35.645],[70.295,35.645],[70.279,35.58],[70.202,35.58],[70.218,35.645]]],[[[72.822,35.838],[72.899,35.838],[72.883,35.773],[72.805,35.773],[72.822,35.838]]],[[[29.363,36.804],[29.369,36.868],[29.446,36.868],[29.441,36.804],[29.363,36.804]]],[[[72.723,40.874],[73.019,40.809],[73.099,40.809],[73.135,40.679],[73.294,40.679],[73.331,40.55],[73.489,40.55],[73.526,40.42],[73.684,40.42],[73.858,40.226],[73.816,40.096],[73.953,40.032],[73.85,39.708],[73.929,39.708],[73.769,39.45],[73.69,39.45],[73.63,39.256],[73.748,39.126],[73.494,38.545],[72.663,37.835],[72.398,37.448],[71.825,37.062],[71.216,36.224],[70.514,35.902],[70.14,35.645],[70.093,35.451],[69.876,35.516],[69.598,35.323],[69.366,35.323],[69.335,35.194],[69.026,35.194],[68.517,35.001],[68.395,34.808],[68.101,34.872],[67.825,34.679],[67.609,34.744],[67.088,34.486],[66.612,34.422],[66.535,34.422],[66.563,34.551],[66.144,34.744],[65.618,34.808],[65.415,34.937],[64.755,34.744],[64.37,34.744],[64.188,34.615],[63.957,34.615],[63.83,34.744],[63.277,34.679],[63.15,34.808],[62.623,34.872],[62.191,35.387],[61.804,35.387],[61.303,35.58],[61.235,36.353],[61.157,36.353],[61.213,36.61],[61.474,36.739],[61.029,37.19],[60.873,37.19],[60.98,37.319],[60.663,37.642],[60.736,37.964],[60.531,38.093],[60.561,38.222],[60.371,38.416],[60.431,38.674],[60.32,38.868],[60.414,39.256],[60.713,39.514],[60.792,39.514],[62.502,40.032],[62.879,39.967],[64.02,40.096],[64.389,40.291],[65.235,40.485],[65.272,40.614],[65.351,40.614],[65.37,40.679],[65.449,40.679],[65.43,40.614],[65.589,40.614],[65.804,40.809],[66.614,41.133],[66.653,41.263],[66.891,41.263],[67.547,41.587],[68.686,41.911],[70.708,42.236],[70.934,42.431],[71.166,42.171],[71.876,41.911],[71.97,41.717],[72.13,41.717],[72.477,41.327],[72.455,41.263],[72.766,41.003],[72.723,40.874]]]]}},{"type":"Feature","id":"cliopatria-08c0f95ad6cbf962c46afa92","properties":{"NAME":"Yuezhi","ABBREVN":null,"CONTROL":null,"SUBJECTO":"Yuezhi","PARTOF":null,"BORDERPRECISION":1,"FromYear":-203,"ToYear":-171,"Area":900302.0695880828,"Type":"POLITY","Wikipedia":"Yuezhi","Wikidata":"Q467985","SeshatID":"","Components":"","MemberOf":"","sourceFeatureId":"cliopatria-08c0f95ad6cbf962c46afa92","datasetId":"cliopatria"},"geometry":{"type":"MultiPolygon","coordinates":[[[[78.65,45.17],[79.545,44.973],[79.518,44.908],[79.951,44.973],[80.059,44.843],[80.384,44.843],[80.491,44.712],[80.329,44.516],[80.41,44.516],[80.384,44.059],[80.762,43.603],[80.737,43.342],[80.871,43.277],[80.792,43.082],[81.089,42.821],[81.04,42.496],[81.12,42.496],[81.122,42.301],[82.561,42.301],[84.108,42.756],[85.792,42.756],[85.764,42.691],[88.105,42.366],[88.077,42.301],[88.848,42.236],[88.82,42.171],[89.642,42.041],[89.613,41.976],[90.223,41.911],[90.195,41.847],[90.434,41.847],[90.536,41.717],[90.775,41.717],[91.27,41.392],[92.349,41.133],[92.321,41.068],[92.48,41.068],[92.451,41.003],[92.61,41.003],[93.234,40.614],[93.472,40.614],[93.444,40.55],[93.09,39.902],[93.064,39.838],[90.809,39.126],[88.746,38.868],[87.662,38.481],[86.44,38.351],[86.081,38.222],[85.813,37.9],[85.356,37.706],[85.113,37.448],[82.101,36.804],[81.712,36.804],[81.264,36.61],[81.031,36.61],[80.371,36.997],[79.398,37.126],[79.145,37.319],[78.424,37.513],[78.386,37.642],[78.093,37.706],[77.801,38.029],[77.841,38.158],[77.667,38.351],[77.51,38.351],[77.414,38.545],[77.258,38.545],[77.025,38.803],[75.792,39.126],[73.848,39.45],[73.769,39.45],[73.929,39.708],[73.85,39.708],[73.953,40.032],[73.816,40.096],[73.858,40.226],[73.684,40.42],[73.526,40.42],[73.489,40.55],[73.331,40.55],[73.294,40.679],[73.135,40.679],[73.099,40.809],[73.12,40.874],[73.343,41.068],[73.582,41.068],[73.886,41.263],[74.464,41.327],[74.589,41.457],[74.828,41.457],[74.873,41.587],[75.089,41.522],[76.001,41.847],[76.207,41.976],[76.278,42.171],[76.142,42.236],[76.158,42.496],[75.814,42.431],[75.701,42.561],[75.878,42.821],[75.766,42.951],[75.388,43.017],[75.14,43.212],[75.205,43.603],[74.795,43.798],[74.998,44.124],[74.563,44.255],[74.443,44.581],[74.281,44.581],[74.25,44.712],[73.975,44.843],[73.968,45.039],[74.13,45.039],[74.255,45.366],[74.117,45.431],[74.319,45.955],[74.753,46.021],[74.881,46.349],[75.317,46.415],[75.451,46.546],[77.391,46.48],[77.364,46.415],[77.747,46.349],[77.748,46.152],[77.884,46.087],[77.831,45.955],[78.022,45.824],[77.996,45.562],[78.35,45.431],[78.569,45.17],[78.65,45.17]]]]}},{"type":"Feature","id":"cliopatria-8a784944573fa7d69d06f822","properties":{"NAME":"Kingdom of Bithynia","ABBREVN":null,"CONTROL":null,"SUBJECTO":"Kingdom of Bithynia","PARTOF":null,"BORDERPRECISION":1,"FromYear":-203,"ToYear":-127,"Area":29830.45307590682,"Type":"POLITY","Wikipedia":"Kingdom of Bithynia","Wikidata":"Q3762571","SeshatID":"","Components":"","MemberOf":"","sourceFeatureId":"cliopatria-8a784944573fa7d69d06f822","datasetId":"cliopatria"},"geometry":{"type":"MultiPolygon","coordinates":[[[[31.708,40.096],[31.701,40.032],[31.622,40.032],[31.543,40.032],[31.464,40.032],[31.385,40.032],[31.306,40.032],[31.299,39.967],[30.589,39.967],[30.602,40.096],[30.457,40.226],[30.068,40.291],[29.923,40.42],[29.936,40.55],[29.455,40.485],[29.35,40.226],[28.955,40.226],[28.73,40.355],[28.809,40.355],[29.046,40.355],[28.9,40.485],[28.913,40.614],[29.48,40.744],[29.493,40.874],[29.249,40.809],[29.367,41.198],[30.479,41.198],[30.624,41.068],[31.18,41.068],[31.353,41.198],[31.592,41.198],[31.701,41.457],[32.027,41.522],[32.121,41.652],[32.114,41.587],[32.258,41.457],[32.307,41.198],[32.14,41.133],[32.103,40.809],[32.304,40.485],[32.11,40.161],[31.708,40.096]]]]}},{"type":"Feature","id":"cliopatria-cce9baf08704eb374f857f8f","properties":{"NAME":"Aetolian League","ABBREVN":null,"CONTROL":null,"SUBJECTO":"Aetolian League","PARTOF":null,"BORDERPRECISION":1,"FromYear":-202,"ToYear":-198,"Area":10117.246884740302,"Type":"POLITY","Wikipedia":"Aetolian League","Wikidata":"Q245273","SeshatID":"","Components":"","MemberOf":"","sourceFeatureId":"cliopatria-cce9baf08704eb374f857f8f","datasetId":"cliopatria"},"geometry":{"type":"MultiPolygon","coordinates":[[[[22.369,38.416],[21.428,38.416],[21.35,38.416],[21.291,38.803],[21.14,38.933],[21.144,38.997],[20.678,39.126],[20.53,39.32],[20.845,39.32],[21.075,39.191],[21.314,39.256],[21.317,39.32],[21.471,39.256],[21.536,38.997],[21.7,39.126],[22.254,39.191],[22.49,39.191],[22.561,39.062],[22.397,38.933],[22.39,38.803],[22.547,38.803],[22.447,38.416],[22.369,38.416]]]]}},{"type":"Feature","id":"cliopatria-2fcf273046db42728a19428b","properties":{"NAME":"Antigonid Macedonia","ABBREVN":null,"CONTROL":null,"SUBJECTO":"Antigonid Macedonia","PARTOF":null,"BORDERPRECISION":1,"FromYear":-202,"ToYear":-198,"Area":114371.35696249243,"Type":"POLITY","Wikipedia":"Antigonid dynasty","Wikidata":"Q237325","SeshatID":"gr_antigonid_emp","Components":"","MemberOf":"","sourceFeatureId":"cliopatria-2fcf273046db42728a19428b","datasetId":"cliopatria"},"geometry":{"type":"MultiPolygon","coordinates":[[[[24.201,37.642],[24.283,37.706],[24.361,37.706],[24.432,37.577],[24.272,37.513],[24.201,37.642]]],[[[20.613,37.706],[20.621,37.9],[20.699,37.9],[20.934,37.9],[20.922,37.642],[20.613,37.706]]],[[[24.682,37.835],[24.694,38.029],[24.772,38.029],[25.068,37.771],[24.83,37.706],[24.682,37.835]]],[[[24.088,38.351],[23.626,38.481],[23.563,38.739],[23.72,38.739],[23.799,38.739],[24.179,38.545],[24.159,38.222],[24.088,38.351]]],[[[23.489,38.803],[23.567,38.803],[23.563,38.739],[23.485,38.739],[23.489,38.803]]],[[[24.357,38.868],[24.365,38.997],[24.444,38.997],[24.675,38.933],[24.662,38.739],[24.357,38.868]]],[[[24.763,41.263],[26.03,41.198],[26.178,41.068],[26.904,41.198],[27.091,41.522],[27.483,41.457],[27.472,41.327],[27.631,41.327],[27.728,41.522],[28.139,41.652],[28.292,41.587],[28.285,41.522],[28.206,41.522],[28.083,41.068],[28.077,41.003],[27.527,41.068],[26.842,40.485],[26.779,40.679],[26.626,40.744],[26.14,40.614],[26.082,40.874],[25.849,40.938],[24.347,41.003],[24.011,40.744],[23.698,40.809],[23.685,40.614],[23.839,40.55],[23.737,40.226],[23.267,40.291],[22.884,40.485],[22.892,40.614],[22.655,40.614],[22.56,40.355],[22.544,40.096],[22.702,40.096],[22.611,39.902],[23.135,39.45],[22.816,39.385],[22.797,39.062],[22.958,39.126],[23.108,38.997],[23.344,38.997],[23.489,38.803],[23.183,38.933],[23.022,38.868],[22.943,38.868],[22.786,38.868],[22.794,38.997],[22.561,39.062],[22.49,39.191],[22.254,39.191],[21.7,39.126],[21.536,38.997],[21.471,39.256],[21.317,39.32],[21.321,39.385],[20.943,39.708],[20.806,40.096],[20.569,40.096],[20.427,40.42],[20.19,40.42],[19.809,40.744],[19.813,40.809],[19.978,40.938],[20.077,41.327],[19.785,41.847],[19.466,41.847],[19.386,41.847],[19.322,42.171],[20.041,42.171],[20.045,42.236],[20.125,42.236],[20.121,42.171],[20.281,42.171],[20.354,42.041],[20.441,42.171],[20.916,42.106],[21.004,42.236],[21.319,42.171],[21.407,42.301],[22.455,42.431],[22.442,42.236],[22.593,42.106],[22.753,42.106],[23.054,41.847],[23.528,41.782],[23.669,41.522],[24.231,41.587],[24.236,41.652],[24.554,41.652],[24.853,41.392],[24.763,41.263]]],[[[24.491,40.809],[24.57,40.809],[24.808,40.809],[24.794,40.614],[24.551,40.55],[24.491,40.809]]],[[[25.331,36.997],[25.339,37.126],[25.417,37.126],[25.573,37.126],[25.564,36.997],[25.331,36.997]]],[[[25.052,37.513],[24.986,37.706],[25.064,37.706],[25.22,37.706],[25.286,37.513],[25.052,37.513]]],[[[25.988,37.513],[26.08,37.706],[26.158,37.706],[26.314,37.706],[26.305,37.577],[25.988,37.513]]],[[[26.622,37.642],[26.557,37.835],[26.636,37.835],[27.026,37.835],[27.012,37.642],[26.622,37.642]]],[[[24.974,39.838],[25.067,40.032],[25.146,40.032],[25.462,40.032],[25.447,39.838],[24.974,39.838]]],[[[25.704,40.096],[25.719,40.291],[25.798,40.291],[26.035,40.291],[26.025,40.161],[25.704,40.096]]],[[[26.673,40.355],[26.257,40.096],[26.262,40.161],[26.267,40.226],[26.272,40.291],[26.351,40.291],[26.357,40.355],[26.605,40.485],[26.678,40.42],[26.673,40.355]]],[[[28.097,40.355],[28.103,40.42],[28.182,40.42],[28.17,40.291],[27.696,40.291],[27.701,40.355],[27.781,40.355],[27.786,40.42],[27.792,40.485],[27.871,40.485],[27.95,40.485],[27.945,40.42],[27.939,40.355],[28.018,40.355],[28.097,40.355]]],[[[25.24,41.263],[25.161,41.263],[25.166,41.327],[25.245,41.327],[25.24,41.263]]]]}},{"type":"Feature","id":"cliopatria-61aa6719ac651887ff5d6606","properties":{"NAME":"Carthage","ABBREVN":null,"CONTROL":null,"SUBJECTO":"Carthage","PARTOF":null,"BORDERPRECISION":1,"FromYear":-202,"ToYear":-198,"Area":140736.4431913111,"Type":"POLITY","Wikipedia":"Ancient Carthage","Wikidata":"Q2429397","SeshatID":"tn_carthage_emp","Components":"","MemberOf":"","sourceFeatureId":"cliopatria-61aa6719ac651887ff5d6606","datasetId":"cliopatria"},"geometry":{"type":"MultiPolygon","coordinates":[[[[10.54,36.739],[10.851,36.997],[11.006,36.997],[11.006,36.804],[10.462,36.417],[10.54,36.353],[10.464,35.902],[10.696,35.709],[10.851,35.773],[10.928,35.58],[11.083,35.58],[11.083,35.387],[11.006,35.387],[11.083,35.001],[10.851,34.937],[10.851,34.808],[10.543,34.551],[10.004,34.293],[10.082,34.229],[10.006,33.907],[10.237,33.715],[10.544,33.715],[10.698,33.522],[11.082,33.586],[11.158,33.2],[11.464,33.2],[12.229,32.814],[12.612,32.879],[12.535,32.75],[12.841,32.75],[12.842,32.879],[13.302,32.943],[13.454,32.814],[13.761,32.879],[13.759,32.75],[14.065,32.75],[14.444,32.493],[14.675,32.557],[14.749,32.429],[15.055,32.429],[15.282,32.3],[15.425,31.658],[15.576,31.593],[15.649,31.4],[16.179,31.208],[16.864,31.208],[17.847,30.951],[18.222,30.758],[18.592,30.372],[18.896,30.372],[18.893,30.244],[18.814,30.115],[18.586,30.115],[18.216,30.501],[17.765,30.694],[16.555,31.015],[15.947,31.015],[15.569,31.143],[15.193,31.465],[15.05,32.107],[14.899,32.236],[14.517,32.172],[14.443,32.365],[13.758,32.622],[11.998,32.622],[12.076,32.75],[11.617,32.943],[11.081,32.879],[10.698,33.136],[10.468,33.136],[10.468,33.264],[9.854,33.393],[9.624,33.329],[9.624,33.457],[9.316,33.586],[9.238,33.843],[8.928,34.1],[8.928,34.165],[8.924,34.679],[8.769,34.808],[8.151,34.872],[7.994,35.065],[7.991,35.323],[7.99,35.387],[7.822,36.417],[7.666,36.482],[7.664,36.61],[7.12,36.61],[6.96,36.868],[7.038,36.868],[7.194,36.868],[7.346,37.062],[7.659,36.997],[7.738,36.868],[8.516,36.868],[8.903,37.126],[9.059,37.062],[9.37,37.255],[9.448,37.255],[9.605,37.062],[9.528,36.804],[9.762,36.675],[9.84,36.675],[9.996,36.675],[10.074,36.482],[10.307,36.482],[10.384,36.675],[10.073,36.804],[10.072,36.933],[10.306,36.933],[10.306,36.868],[10.228,36.804],[10.54,36.739]]],[[[-2.993,35.451],[-2.838,35.451],[-2.82,35.13],[-2.743,35.13],[-2.809,34.937],[-2.886,34.937],[-4.738,34.937],[-5.214,35.13],[-5.39,35.451],[-5.627,35.516],[-6.234,34.229],[-6.601,33.972],[-6.592,33.843],[-6.882,33.586],[-7.555,33.329],[-7.64,33.457],[-7.794,33.457],[-7.803,33.586],[-7.726,33.586],[-7.13,33.843],[-7.062,33.972],[-6.904,33.907],[-6.614,34.165],[-6.7,34.293],[-6.473,34.358],[-6.482,34.486],[-6.332,34.551],[-6.277,34.872],[-6.2,34.872],[-6.291,35.065],[-6.132,35.001],[-6.145,35.194],[-6,35.323],[-5.877,35.773],[-5.339,35.838],[-5.24,35.516],[-4.755,35.194],[-3.364,35.194],[-3.287,35.194],[-2.982,35.258],[-2.993,35.451]]],[[[0.388,35.966],[0.158,35.902],[0.155,35.966],[0.376,36.224],[0.454,36.224],[0.388,35.966]]],[[[3.23,36.739],[3.459,36.868],[3.85,36.804],[4.235,36.933],[4.859,36.868],[5.098,36.675],[5.564,36.675],[5.639,36.804],[6.106,36.804],[6.103,36.933],[6.334,37.062],[6.648,36.933],[6.726,36.933],[6.34,36.739],[5.952,36.739],[5.645,36.546],[5.41,36.61],[5.258,36.482],[4.866,36.61],[3.156,36.61],[2.772,36.482],[1.918,36.482],[1.913,36.61],[1.991,36.61],[2.69,36.61],[2.841,36.739],[3.23,36.739]]],[[[1.658,38.997],[1.431,38.803],[1.274,38.803],[1.183,39.062],[1.259,39.126],[1.337,39.126],[1.652,39.126],[1.658,38.997]]],[[[3.198,39.838],[3.516,39.773],[3.296,39.32],[2.824,39.32],[2.659,39.514],[2.346,39.45],[2.338,39.644],[2.877,39.967],[2.956,39.967],[3.193,39.967],[3.198,39.838]]],[[[4.302,39.838],[3.827,39.902],[3.741,40.096],[3.82,40.096],[4.215,40.096],[4.302,39.838]]]]}},{"type":"Feature","id":"cliopatria-5a404e8d3ecd5713dd921332","properties":{"NAME":"Greek City-States","ABBREVN":null,"CONTROL":null,"SUBJECTO":"Greek City-States","PARTOF":null,"BORDERPRECISION":1,"FromYear":-202,"ToYear":-198,"Area":78129.9826702815,"Type":"POLITY","Wikipedia":"Polis","Wikidata":"Q148837","SeshatID":"","Components":"","MemberOf":"","sourceFeatureId":"cliopatria-5a404e8d3ecd5713dd921332","datasetId":"cliopatria"},"geometry":{"type":"MultiPolygon","coordinates":[[[[24.157,35.516],[24.15,35.387],[24.301,35.323],[25.692,35.323],[25.681,35.13],[26.225,35.194],[26.14,35.065],[24.824,35.001],[24.757,35.194],[24.526,35.194],[24.448,35.194],[23.679,35.258],[23.615,35.516],[24.157,35.516]]],[[[22.874,36.16],[22.887,36.417],[22.965,36.417],[23.117,36.353],[23.107,36.16],[22.874,36.16]]],[[[22.833,36.868],[22.599,36.868],[22.512,36.675],[22.356,36.675],[22.22,37.062],[21.909,37.062],[21.899,36.868],[21.744,36.868],[21.681,37.19],[21.603,37.19],[21.693,37.448],[21.697,37.513],[22.087,37.513],[22.236,37.384],[22.321,37.513],[22.399,37.513],[22.853,37.255],[23.056,36.675],[22.833,36.868]]],[[[21.631,37.771],[21.397,37.771],[21.319,37.771],[21.322,37.835],[21.244,37.835],[21.247,37.9],[21.25,37.964],[21.328,37.964],[21.331,38.029],[21.334,38.093],[21.412,38.093],[21.637,37.9],[21.631,37.771]]],[[[20.328,38.351],[20.488,38.416],[20.566,38.416],[20.795,38.287],[20.786,38.093],[20.32,38.158],[20.328,38.351]]],[[[25.876,38.158],[25.899,38.481],[25.821,38.481],[25.913,38.674],[25.991,38.674],[26.217,38.545],[26.111,38.158],[25.876,38.158]]],[[[22.988,38.287],[22.525,38.416],[22.447,38.416],[22.547,38.803],[22.39,38.803],[22.397,38.933],[22.561,39.062],[22.794,38.997],[22.786,38.868],[22.943,38.868],[22.939,38.803],[23.313,38.481],[23.705,38.481],[24.084,38.287],[23.979,37.835],[23.443,38.029],[23.365,38.029],[23.216,38.158],[22.981,38.158],[22.988,38.287]]],[[[20.829,38.997],[21.062,38.933],[21.14,38.933],[21.291,38.803],[21.35,38.416],[21.272,38.416],[21.193,38.416],[21.196,38.481],[20.898,38.803],[20.741,38.803],[20.829,38.997]]],[[[27.532,41.976],[27.452,41.976],[27.458,42.041],[27.378,42.041],[27.384,42.106],[27.464,42.106],[27.317,42.236],[27.329,42.366],[27.175,42.431],[27.193,42.626],[27.657,43.277],[27.998,43.472],[28.119,43.863],[28.3,44.059],[28.341,44.451],[28.422,44.451],[28.368,44.712],[28.64,44.973],[28.802,44.973],[28.841,44.581],[28.577,44.385],[28.536,43.994],[28.616,43.994],[28.481,43.472],[28.159,43.472],[28.226,43.342],[27.898,43.277],[27.805,43.147],[27.853,42.821],[27.847,42.756],[27.514,42.626],[27.495,42.431],[27.796,42.236],[27.924,41.911],[27.612,41.976],[27.538,42.041],[27.532,41.976]],[[27.538,42.041],[27.464,42.106],[27.458,42.041],[27.538,42.041]]],[[[5.391,43.277],[5.387,43.407],[5.063,43.472],[4.178,43.472],[4.173,43.603],[3.851,43.603],[2.985,43.147],[3.01,42.561],[3.178,42.366],[3.04,41.847],[2.698,42.366],[2.775,42.431],[2.669,43.017],[2.75,43.017],[2.741,43.212],[3.446,43.668],[4.728,43.863],[5.87,43.407],[6.594,43.407],[6.597,43.277],[6.278,43.147],[6.198,43.147],[5.796,43.147],[5.632,43.277],[5.391,43.277]]],[[[27.612,37.319],[28.241,37.384],[28.304,37.19],[28.226,37.19],[28.221,37.126],[27.598,37.126],[27.608,37.255],[27.612,37.319]]],[[[40.381,41.003],[40.46,41.003],[40.598,40.874],[40.578,40.744],[40.409,40.679],[39.616,40.679],[39.398,40.809],[39.002,40.809],[38.824,40.679],[37.873,40.679],[37.355,40.938],[36.509,41.133],[36.527,41.263],[36.607,41.263],[36.775,41.327],[37.065,41.133],[37.233,41.198],[37.215,41.068],[37.771,41.068],[37.831,40.938],[38.158,41.003],[38.298,40.874],[38.952,41.003],[38.962,41.068],[39.21,41.133],[39.736,40.938],[40.381,41.003]]],[[[28.285,41.522],[28.279,41.457],[28.976,41.263],[28.963,41.133],[29.367,41.198],[29.255,40.874],[29.103,40.938],[29.116,41.068],[28.639,41.068],[28.56,41.068],[28.163,41.068],[28.083,41.068],[28.206,41.522],[28.285,41.522]]],[[[31.512,41.198],[31.361,41.263],[31.693,41.392],[31.592,41.198],[31.512,41.198]]],[[[35.086,41.782],[35.006,41.782],[35.015,41.847],[34.793,41.976],[35.121,42.041],[35.086,41.782]]],[[[40.416,43.147],[40.219,43.407],[39.978,43.407],[39.63,43.733],[40.414,43.603],[40.322,43.538],[40.38,43.407],[41.15,43.212],[41.208,43.082],[41.437,43.017],[41.414,42.886],[41.334,42.886],[41.173,42.886],[41.116,43.017],[40.817,43.147],[40.416,43.147]]],[[[40.045,43.798],[40.033,43.733],[39.953,43.733],[39.964,43.798],[40.045,43.798]]],[[[33.467,44.647],[33.548,44.647],[33.61,45.104],[33.23,45.3],[33.637,45.3],[33.917,44.973],[34.604,45.235],[35.183,45.3],[35.154,45.104],[35.235,45.104],[35.135,44.973],[35.125,44.908],[34.376,44.777],[33.926,44.451],[33.521,44.451],[33.467,44.647]]],[[[31.567,46.94],[31.533,46.677],[30.877,46.677],[30.298,45.955],[30.045,45.89],[29.859,45.693],[29.614,45.693],[29.644,45.955],[30.189,46.415],[30.271,46.415],[30.458,46.612],[31.065,46.874],[31.082,47.006],[31.567,46.94]]]]}},{"type":"Feature","id":"cliopatria-9f52c4dcb234499f2745cfe6","properties":{"NAME":"Han Dynasty","ABBREVN":null,"CONTROL":null,"SUBJECTO":"Han Dynasty","PARTOF":null,"BORDERPRECISION":1,"FromYear":-202,"ToYear":-198,"Area":2042614.946454858,"Type":"POLITY","Wikipedia":"Han dynasty","Wikidata":"Q1068371","SeshatID":"cn_western_han_dyn","Components":"","MemberOf":"","sourceFeatureId":"cliopatria-9f52c4dcb234499f2745cfe6","datasetId":"cliopatria"},"geometry":{"type":"MultiPolygon","coordinates":[[[[122.045,30.179],[122.273,30.179],[122.28,29.987],[121.977,29.987],[122.022,30.115],[122.045,30.179]]],[[[124.797,41.068],[124.412,40.291],[123.871,39.902],[123.876,39.773],[123.597,39.838],[122.936,39.644],[122.17,39.256],[121.952,38.997],[121.716,38.997],[121.422,38.739],[121.029,38.739],[121.201,39.062],[121.515,39.062],[121.69,39.385],[121.297,39.385],[121.21,39.514],[121.281,39.644],[121.438,39.644],[121.503,39.902],[121.776,39.967],[122.231,40.485],[122.106,40.679],[121.827,40.744],[121.824,40.874],[121.11,40.874],[120.997,40.679],[120.647,40.485],[120.5,40.226],[119.38,39.773],[119.215,39.32],[118.45,39.062],[118.057,39.062],[118.046,39.191],[117.888,39.191],[117.576,38.739],[117.655,38.739],[117.602,38.481],[118.054,38.287],[118.067,38.158],[118.583,38.093],[118.648,38.222],[118.804,38.222],[118.772,38.158],[119.457,37.964],[119.393,37.835],[119.237,37.835],[118.984,37.319],[119.14,37.319],[119.156,37.19],[119.701,37.19],[119.827,37.448],[120.202,37.577],[120.188,37.706],[120.754,37.9],[121.112,37.835],[121.171,37.642],[121.483,37.642],[121.497,37.513],[122.154,37.577],[122.121,37.513],[122.713,37.448],[122.474,37.126],[122.566,36.997],[122.394,36.804],[121.912,36.933],[121.212,36.61],[120.979,36.61],[120.965,36.417],[120.732,36.417],[120.659,36.095],[120.318,36.031],[119.986,35.645],[119.619,35.516],[119.228,34.808],[119.459,34.808],[119.431,34.744],[119.711,34.679],[119.732,34.551],[120.342,34.358],[120.489,34.165],[120.55,33.586],[120.926,33.2],[120.919,32.622],[121.403,32.493],[121.503,32.172],[121.783,32.107],[121.987,31.85],[121.836,31.658],[121.683,31.658],[121.581,31.786],[120.919,31.85],[121.454,31.658],[121.481,31.529],[121.634,31.529],[121.584,31.4],[121.737,31.4],[121.995,31.079],[121.899,30.822],[121.519,30.822],[121.197,30.565],[121.045,30.565],[120.68,30.179],[120.809,30.115],[121.105,30.308],[121.484,30.308],[121.62,30.051],[122.03,29.922],[121.865,29.665],[122.016,29.665],[121.938,29.215],[121.712,29.215],[121.745,29.537],[121.571,29.472],[121.647,29.472],[121.539,29.151],[121.744,29.087],[121.714,28.765],[121.522,28.637],[121.652,28.572],[121.646,28.315],[121.153,28.187],[121.193,28.315],[121.118,28.315],[121.038,28.058],[120.868,27.994],[120.715,27.737],[120.657,27.544],[120.733,27.544],[120.545,27.158],[120.395,27.158],[120.247,26.901],[120.096,26.901],[120.061,26.772],[120.211,26.772],[120.158,26.579],[119.84,26.515],[119.938,26.322],[119.587,26.129],[119.57,26.065],[119.254,26.001],[119.137,26.129],[119.009,26.772],[118.877,26.837],[118.625,27.801],[118.494,27.865],[118.422,28.38],[118.291,28.444],[118.351,28.637],[118.165,28.765],[118.036,29.537],[117.808,29.537],[117.7,29.665],[116.53,29.794],[116.27,29.922],[116.129,30.179],[115.977,30.179],[115.804,30.115],[115.642,29.858],[115.259,28.894],[115.335,28.894],[114.953,26.772],[115.028,26.772],[114.961,26.515],[115.228,26.387],[114.781,25.486],[114.533,24.393],[113.828,24.586],[112.109,24.586],[111.457,24.329],[111.022,24.393],[111.036,24.458],[111.356,24.908],[111.606,25.679],[111.546,25.744],[111.82,26.258],[111.965,26.837],[111.89,26.837],[112.055,27.737],[111.94,27.865],[111.955,28.187],[111.727,28.444],[110.802,28.894],[110.443,28.958],[108.27,29.022],[107.647,28.958],[106.726,28.637],[106.273,28.637],[106.028,28.572],[106.069,28.444],[105.616,28.444],[105.43,28.315],[104.618,28.38],[104.066,28.572],[103.898,28.508],[103.857,28.637],[102.927,28.83],[102.602,29.022],[101.614,29.279],[101.44,29.472],[101.156,29.537],[100.982,29.729],[101.019,29.858],[100.828,29.987],[100.865,30.115],[100.674,30.244],[100.673,30.501],[100.598,30.501],[100.847,31.079],[101.331,31.658],[101.836,32.043],[102.158,32.557],[102.312,33.457],[102.235,33.457],[102.325,33.715],[102.248,33.715],[102.409,34.165],[103.094,34.358],[103.379,34.293],[103.598,34.679],[105.235,35.13],[105.259,35.194],[106.185,35.387],[106.493,35.58],[106.7,35.516],[107.267,35.773],[108.302,36.031],[108.754,36.739],[110.133,38.093],[111.486,38.803],[112.078,39.838],[112.629,40.291],[113.488,40.42],[114.042,40.42],[114.008,40.355],[114.482,40.355],[114.448,40.291],[114.799,40.355],[114.764,40.291],[115.283,40.226],[115.55,39.838],[116.102,39.838],[117.109,40.096],[117.453,40.291],[118.979,40.614],[122.928,41.911],[123.167,41.911],[123.127,41.847],[123.405,41.782],[123.365,41.717],[123.604,41.717],[123.564,41.652],[123.843,41.587],[123.803,41.522],[124.042,41.522],[124.002,41.457],[124.28,41.392],[124.24,41.327],[124.479,41.327],[124.439,41.263],[124.837,41.133],[124.797,41.068]]]]}},{"type":"Feature","id":"cliopatria-4c8d3115e3002f70966618ac","properties":{"NAME":"Roman Republic","ABBREVN":null,"CONTROL":null,"SUBJECTO":"Roman Republic","PARTOF":null,"BORDERPRECISION":1,"FromYear":-202,"ToYear":-198,"Area":594841.1640643798,"Type":"POLITY","Wikipedia":"Roman Republic","Wikidata":"Q175881","SeshatID":"it_roman_rep_2","Components":"","MemberOf":"","sourceFeatureId":"cliopatria-4c8d3115e3002f70966618ac","datasetId":"cliopatria"},"geometry":{"type":"MultiPolygon","coordinates":[[[[2.531,34.486],[2.608,34.486],[2.61,34.422],[2.533,34.422],[2.531,34.486]]],[[[8.769,34.808],[8.924,34.679],[8.928,34.165],[8.851,34.165],[8.311,34.293],[8.081,34.229],[8.002,34.422],[7.615,34.551],[7.153,34.486],[6.92,34.615],[6.459,34.551],[6.148,34.679],[5.377,34.679],[5.149,34.551],[4.454,34.615],[3.843,34.422],[3.456,34.486],[3.151,34.358],[2.921,34.358],[2.45,34.615],[1.294,34.615],[0.685,34.422],[0.451,34.486],[0.303,34.358],[-1.237,34.358],[-1.305,34.165],[-1.539,34.229],[-1.61,34.1],[-1.693,34.229],[-2.382,34.165],[-2.459,34.165],[-2.854,34.358],[-2.788,34.551],[-2.945,34.615],[-2.886,34.937],[-2.809,34.937],[-2.743,35.13],[-1.661,35.13],[-1.591,35.258],[-1.359,35.258],[-1.136,35.451],[-1.224,35.645],[-1.066,35.58],[-0.917,35.709],[-0.53,35.709],[-0.459,35.838],[-0.146,35.773],[0.081,35.902],[0.158,35.902],[0.388,35.966],[0.454,36.224],[0.531,36.224],[0.684,36.288],[0.678,36.417],[0.914,36.353],[1.216,36.546],[1.53,36.482],[1.835,36.61],[1.913,36.61],[1.918,36.482],[2.772,36.482],[3.156,36.61],[4.866,36.61],[5.258,36.482],[5.41,36.61],[5.645,36.546],[5.952,36.739],[6.34,36.739],[6.726,36.933],[6.803,36.933],[6.805,36.868],[6.882,36.868],[6.96,36.868],[7.12,36.61],[7.664,36.61],[7.666,36.482],[7.822,36.417],[7.99,35.387],[7.991,35.323],[7.994,35.065],[8.151,34.872],[8.769,34.808]]],[[[9.448,37.255],[9.526,37.255],[10.227,37.255],[10.306,36.997],[10.306,36.933],[10.072,36.933],[10.073,36.804],[10.384,36.675],[10.307,36.482],[10.074,36.482],[9.996,36.675],[9.84,36.675],[9.762,36.675],[9.528,36.804],[9.605,37.062],[9.448,37.255]]],[[[2.334,41.587],[2.107,41.327],[1.238,41.198],[0.696,40.938],[0.709,40.679],[0.248,40.42],[0.183,40.161],[-0.126,40.032],[-0.345,39.708],[-0.314,39.126],[0.099,38.739],[-0.661,38.287],[-0.803,38.029],[-0.705,37.642],[-1.709,37.448],[-1.623,37.319],[-1.857,37.319],[-2.062,36.804],[-2.532,36.868],[-2.68,36.739],[-4.469,36.739],[-4.689,36.546],[-5.228,36.482],[-5.288,36.224],[-5.662,36.031],[-5.831,36.224],[-6.064,36.224],[-6.432,36.997],[-6.588,36.997],[-6.842,37.255],[-7.465,37.255],[-7.554,37.384],[-7.575,37.642],[-7.284,37.9],[-7.222,38.093],[-6.011,38.61],[-5.87,38.803],[-5.482,38.868],[-5.34,39.062],[-4.943,38.997],[-4.854,38.868],[-4.702,38.933],[-4.692,38.803],[-4.203,38.545],[-2.239,38.481],[-1.941,38.739],[-1.631,38.803],[-1.418,39.191],[-1.43,39.385],[-1.351,39.385],[-1.449,39.708],[-1.22,39.838],[-1.232,40.032],[-1.003,40.161],[-1.011,40.291],[-0.411,40.874],[-0.419,41.003],[-0.184,41.068],[-0.048,41.457],[0.18,41.652],[0.299,42.366],[0.772,42.496],[0.859,42.366],[1.422,42.301],[1.997,41.976],[2.718,41.911],[2.712,42.041],[2.869,42.106],[2.875,41.976],[2.955,41.976],[2.886,41.717],[2.334,41.587]]],[[[9.823,40.355],[9.665,40.291],[9.747,39.644],[9.669,39.644],[9.593,39.126],[9.12,39.191],[8.966,38.868],[8.73,38.868],[8.336,38.997],[8.412,39.256],[8.333,39.256],[8.33,39.514],[8.409,39.514],[8.483,39.902],[8.325,39.967],[8.4,40.291],[8.321,40.291],[8.319,40.485],[8.16,40.55],[8.155,40.938],[8.552,40.874],[9.025,41.263],[9.104,41.263],[9.502,41.198],[9.822,40.744],[9.823,40.355]]],[[[9.574,42.756],[9.578,41.976],[9.498,41.976],[9.499,41.782],[9.262,41.392],[9.104,41.327],[8.784,41.522],[8.782,41.717],[8.623,41.717],[8.7,41.911],[8.539,42.106],[8.535,42.496],[8.773,42.691],[9.173,42.756],[9.251,43.017],[9.331,43.017],[9.492,43.017],[9.493,42.756],[9.574,42.756]]],[[[14.568,35.773],[14.337,35.838],[14.34,36.031],[14.417,36.031],[14.571,35.966],[14.568,35.773]]],[[[19.764,39.773],[19.921,39.773],[19.918,39.708],[19.912,39.579],[19.758,39.644],[19.764,39.773]]],[[[19.438,41.263],[19.523,41.392],[19.444,41.392],[19.53,41.522],[19.45,41.522],[19.542,41.782],[19.463,41.782],[19.466,41.847],[19.785,41.847],[20.077,41.327],[19.978,40.938],[19.813,40.809],[19.733,40.809],[19.575,40.809],[19.562,40.55],[19.41,40.679],[19.328,40.614],[19.249,40.614],[19.255,40.744],[19.498,40.874],[19.438,41.263]]],[[[12.154,44.451],[12.313,44.19],[12.873,43.798],[13.036,43.863],[13.034,43.733],[13.355,43.668],[13.673,43.407],[13.747,43.082],[13.985,42.951],[13.901,42.756],[14.056,42.496],[14.371,42.236],[14.531,42.236],[14.608,42.106],[14.769,42.171],[14.766,42.041],[14.924,41.976],[15.165,42.041],[15.241,41.911],[16.119,41.911],[16.115,41.782],[15.874,41.717],[15.944,41.392],[17.203,41.003],[17.511,40.744],[17.981,40.614],[18.438,40.161],[18.349,39.902],[18.112,39.902],[17.813,40.355],[17.418,40.355],[17.345,40.55],[17.028,40.55],[16.868,40.485],[16.945,40.42],[16.862,40.291],[16.624,40.291],[16.697,40.096],[16.457,39.967],[16.447,39.644],[16.916,39.514],[17.07,39.385],[17.138,39.062],[16.502,38.803],[16.492,38.416],[15.933,37.964],[15.698,37.964],[15.624,38.158],[15.389,38.158],[15.066,37.642],[15.059,37.255],[15.214,37.19],[15.05,36.739],[14.661,36.739],[14.278,37.126],[13.578,37.255],[13.192,37.577],[12.49,37.706],[12.492,37.9],[12.65,38.093],[13.04,38.029],[13.12,38.158],[13.355,38.158],[13.665,37.964],[14.056,37.964],[15.862,38.287],[15.95,38.674],[16.265,38.739],[16.27,38.933],[16.117,39.062],[15.899,39.773],[15.666,39.902],[15.748,40.032],[15.432,40.032],[15.199,40.226],[15.041,40.226],[14.893,40.679],[14.418,40.679],[14.422,40.874],[14.105,40.874],[13.951,41.133],[13.792,41.133],[13.715,41.263],[13,41.327],[12.131,41.911],[12.132,42.041],[11.813,42.106],[11.655,42.366],[11.495,42.301],[11.415,42.431],[11.255,42.431],[11.176,42.626],[11.016,42.626],[11.016,42.821],[10.535,43.082],[10.374,43.668],[10.213,43.863],[10.212,44.059],[10.374,44.124],[10.373,44.255],[10.535,44.255],[10.535,44.385],[10.697,44.451],[10.616,44.712],[10.21,44.973],[8.909,45.104],[8.581,45.366],[8.579,45.497],[8.904,45.628],[10.534,45.628],[10.86,45.497],[11.511,45.497],[12.082,45.628],[12.741,46.152],[13.15,46.218],[13.39,45.824],[13.145,45.824],[13.06,45.628],[12.817,45.693],[12.652,45.562],[12.163,45.497],[12.16,45.17],[12.403,45.039],[12.4,44.777],[12.319,44.777],[12.238,44.777],[12.157,44.843],[12.154,44.451]]],[[[10.215,42.691],[10.134,42.886],[10.214,42.886],[10.455,42.886],[10.455,42.691],[10.215,42.691]]],[[[16.796,43.017],[17.119,43.082],[17.2,43.082],[17.192,42.886],[16.791,42.886],[16.796,43.017]]]]}},{"type":"Feature","id":"cliopatria-231ac83fb91c4d6cd7b7d988","properties":{"NAME":"Seleucid Empire","ABBREVN":null,"CONTROL":null,"SUBJECTO":"Seleucid Empire","PARTOF":null,"BORDERPRECISION":1,"FromYear":-202,"ToYear":-198,"Area":2274946.6092881486,"Type":"POLITY","Wikipedia":"Seleucid dynasty","Wikidata":"Q705904","SeshatID":"ir_seleucid_emp","Components":"","MemberOf":"","sourceFeatureId":"cliopatria-231ac83fb91c4d6cd7b7d988","datasetId":"cliopatria"},"geometry":{"type":"MultiPolygon","coordinates":[[[[45.473,41.068],[45.675,40.874],[45.492,40.744],[45.524,40.485],[46.493,40.161],[46.537,39.967],[46.774,39.967],[47.054,39.773],[47.381,39.838],[47.515,39.708],[48.304,39.708],[48.673,39.579],[48.806,39.45],[48.782,39.32],[48.928,39.256],[48.742,38.674],[48.821,38.674],[48.807,38.158],[48.795,38.093],[48.326,38.093],[47.252,38.674],[46.121,38.481],[45.854,38.287],[45.635,37.9],[45.224,37.771],[45.174,37.448],[45.252,37.448],[45.29,37.19],[45.446,37.19],[45.426,37.062],[45.261,36.997],[45.149,35.709],[46.031,35.387],[47.954,35.323],[49.083,35.13],[49.5,35.323],[49.608,35.516],[50.48,35.645],[50.855,36.031],[52.008,36.417],[52.108,36.546],[52.186,36.546],[53.088,36.804],[53.955,36.868],[54.033,36.868],[54.774,36.675],[55.785,36.675],[56.212,36.868],[56.834,36.868],[57.444,36.804],[57.702,36.546],[58.453,36.417],[59.074,36.417],[60.047,36.61],[61.213,36.61],[61.157,36.353],[61.235,36.353],[61.303,35.58],[61.804,35.387],[62.191,35.387],[62.623,34.872],[63.15,34.808],[63.277,34.679],[63.83,34.744],[63.957,34.615],[64.188,34.615],[64.37,34.744],[64.755,34.744],[65.415,34.937],[65.618,34.808],[66.144,34.744],[66.563,34.551],[66.535,34.422],[66.458,34.422],[66.352,34.293],[65.751,34.358],[65.387,34.1],[65.242,33.779],[65.062,33.65],[65.035,33.522],[65.112,33.522],[64.982,33.264],[64.829,33.264],[64.687,32.943],[64.355,32.814],[64.406,32.686],[63.873,32.3],[63.643,32.3],[63.442,32.043],[63.301,32.107],[62.124,30.629],[61.68,30.244],[61.37,29.729],[61.027,29.472],[60.244,28.251],[59.395,27.544],[58.994,27.351],[58.978,27.222],[58.836,27.287],[58.745,27.158],[58.594,27.158],[58.428,27.029],[58.405,26.837],[58.262,26.901],[57.773,26.579],[57.483,26.001],[57.529,25.744],[57.38,25.744],[57.176,25.936],[57.052,26.837],[56.715,27.158],[56.188,27.158],[56.098,27.029],[56.324,27.029],[56.309,26.901],[56.061,26.708],[55.289,26.515],[55.31,26.708],[55.543,26.772],[55.242,26.772],[54.989,26.515],[54.681,26.451],[54.259,26.708],[53.658,26.708],[53.461,26.965],[52.737,27.222],[52.479,27.608],[52.049,27.801],[51.453,27.865],[51.066,28.444],[51.028,28.765],[50.809,28.83],[50.915,29.087],[50.62,29.151],[50.651,29.408],[50.236,29.729],[50.065,30.179],[49.586,29.987],[48.943,30.308],[48.987,30.051],[48.365,29.922],[48.404,29.601],[48.093,29.537],[47.646,29.601],[47.29,29.794],[46.979,29.729],[46.994,29.858],[46.85,29.922],[46.615,29.858],[46.591,30.308],[45.77,30.436],[44.955,31.272],[44.581,31.336],[44.459,31.593],[43.153,32.814],[42.709,32.943],[42.578,33.136],[42.065,33.329],[42.003,33.457],[41.489,33.65],[41.427,33.779],[41.273,33.779],[41.212,33.907],[40.912,33.972],[40.704,34.165],[40.311,34.1],[40.403,34.229],[40.257,34.293],[39.124,34.486],[37.99,33.972],[37.739,33.779],[37.726,33.65],[37.649,33.65],[37.599,33.907],[37.389,34.1],[37.004,34.1],[36.87,34.293],[36.562,34.293],[36.441,34.615],[36.293,34.679],[36.313,34.872],[36.165,34.937],[36.269,35.194],[35.889,35.258],[35.896,35.323],[35.993,35.516],[35.845,35.58],[35.872,35.838],[35.99,36.224],[35.849,36.353],[36.265,36.61],[36.286,36.804],[36.145,36.933],[35.911,36.933],[35.834,36.933],[35.289,36.933],[35.035,36.739],[34.957,36.739],[34.893,36.868],[34.582,36.868],[34.413,36.739],[34.335,36.739],[34.219,37.126],[33.674,37.126],[33.609,37.255],[33.375,37.255],[32.068,36.61],[31.99,36.61],[31.392,36.868],[30.697,36.933],[30.619,36.933],[29.446,36.868],[29.369,36.868],[28.304,37.19],[28.241,37.384],[27.612,37.319],[27.534,37.319],[27.223,37.319],[27.31,37.448],[27.173,37.706],[27.251,37.706],[27.192,37.964],[27.27,37.964],[27.275,38.029],[27.51,38.029],[27.5,37.9],[27.73,37.835],[27.969,37.9],[28.141,38.093],[28.527,38.029],[28.861,38.287],[28.961,38.545],[29.208,38.674],[29.236,38.997],[29.315,38.997],[29.301,39.708],[28.84,39.838],[27.972,39.838],[27.409,39.708],[27.235,39.514],[26.841,39.514],[26.847,39.579],[26.132,39.514],[26.252,40.032],[26.257,40.096],[26.673,40.355],[26.752,40.355],[27.47,40.42],[27.617,40.291],[27.696,40.291],[28.17,40.291],[28.182,40.42],[28.261,40.42],[28.34,40.42],[28.334,40.355],[28.413,40.355],[28.493,40.355],[28.572,40.355],[28.651,40.355],[28.73,40.355],[28.955,40.226],[29.35,40.226],[29.455,40.485],[29.936,40.55],[29.923,40.42],[30.068,40.291],[30.457,40.226],[30.602,40.096],[30.589,39.967],[31.299,39.967],[31.378,39.967],[31.233,39.32],[31.443,39.062],[31.424,38.868],[31.738,38.868],[31.803,38.739],[32.189,38.674],[33.587,38.545],[33.669,37.835],[35.671,37.577],[35.998,37.706],[36.348,38.029],[37.115,37.9],[37.318,38.287],[38.126,38.481],[38.814,38.933],[39.11,38.803],[39.25,38.674],[39.232,38.545],[39.389,38.545],[39.45,38.416],[40.52,38.222],[40.514,38.739],[40.658,39.191],[40.51,39.256],[40.478,39.579],[39.848,39.579],[39.751,39.45],[39.209,39.514],[38.954,39.385],[38.745,39.579],[38.93,39.773],[38.79,39.902],[40.398,40.096],[40.507,40.291],[40.754,40.355],[40.774,40.485],[40.567,40.679],[41.005,40.938],[40.995,40.874],[41.122,40.679],[41.36,40.679],[41.535,41.263],[42.25,41.263],[42.363,41.457],[42.295,41.522],[42.533,41.522],[42.556,41.652],[43.784,41.392],[44.034,41.457],[44.237,41.263],[45.124,41.327],[45.179,41.198],[45.259,41.198],[45.235,41.068],[45.473,41.068]]],[[[26.644,38.997],[26.246,38.933],[26.094,38.997],[26.103,39.126],[25.793,39.191],[26.044,39.385],[26.123,39.385],[26.511,39.32],[26.644,38.997]]],[[[47.077,39.902],[47.156,39.902],[47.145,39.838],[47.066,39.838],[47.077,39.902]]],[[[46.931,39.967],[47.01,39.967],[46.999,39.902],[46.92,39.902],[46.931,39.967]]]]}},{"type":"Feature","id":"cliopatria-64226e14888f2bc197e7bcc2","properties":{"NAME":"(Allegiance of Seleucid Empire to Roman Republic)","ABBREVN":null,"CONTROL":null,"SUBJECTO":"(Allegiance of Seleucid Empire to Roman Republic)","PARTOF":null,"BORDERPRECISION":1,"FromYear":-202,"ToYear":-198,"Area":2869787.7733525243,"Type":"RELATION","Wikipedia":"Seleucid dynasty","Wikidata":"Q705904","SeshatID":"ir_seleucid_emp;it_roman_rep_2","Components":"Roman Republic;Seleucid Empire","MemberOf":"","sourceFeatureId":"cliopatria-64226e14888f2bc197e7bcc2","datasetId":"cliopatria"},"geometry":{"type":"MultiPolygon","coordinates":[[[[2.608,34.486],[2.61,34.422],[2.533,34.422],[2.531,34.486],[2.608,34.486]]],[[[8.769,34.808],[8.924,34.679],[8.928,34.165],[8.851,34.165],[8.311,34.293],[8.081,34.229],[8.002,34.422],[7.615,34.551],[7.153,34.486],[6.92,34.615],[6.459,34.551],[6.148,34.679],[5.377,34.679],[5.149,34.551],[4.454,34.615],[3.843,34.422],[3.456,34.486],[3.151,34.358],[2.921,34.358],[2.45,34.615],[1.294,34.615],[0.685,34.422],[0.451,34.486],[0.303,34.358],[-1.237,34.358],[-1.305,34.165],[-1.539,34.229],[-1.61,34.1],[-1.693,34.229],[-2.382,34.165],[-2.459,34.165],[-2.854,34.358],[-2.788,34.551],[-2.945,34.615],[-2.886,34.937],[-2.809,34.937],[-2.743,35.13],[-1.661,35.13],[-1.591,35.258],[-1.359,35.258],[-1.136,35.451],[-1.224,35.645],[-1.066,35.58],[-0.917,35.709],[-0.53,35.709],[-0.459,35.838],[-0.146,35.773],[0.081,35.902],[0.158,35.902],[0.388,35.966],[0.454,36.224],[0.531,36.224],[0.684,36.288],[0.678,36.417],[0.914,36.353],[1.216,36.546],[1.53,36.482],[1.835,36.61],[1.913,36.61],[1.918,36.482],[2.772,36.482],[3.156,36.61],[4.866,36.61],[5.258,36.482],[5.41,36.61],[5.645,36.546],[5.952,36.739],[6.34,36.739],[6.726,36.933],[6.803,36.933],[6.805,36.868],[6.882,36.868],[6.96,36.868],[7.12,36.61],[7.664,36.61],[7.666,36.482],[7.822,36.417],[7.99,35.387],[7.991,35.323],[7.994,35.065],[8.151,34.872],[8.769,34.808]]],[[[14.337,35.838],[14.34,36.031],[14.417,36.031],[14.571,35.966],[14.568,35.773],[14.337,35.838]]],[[[9.526,37.255],[10.227,37.255],[10.306,36.997],[10.306,36.933],[10.072,36.933],[10.073,36.804],[10.384,36.675],[10.307,36.482],[10.074,36.482],[9.996,36.675],[9.84,36.675],[9.762,36.675],[9.528,36.804],[9.605,37.062],[9.448,37.255],[9.526,37.255]]],[[[1.238,41.198],[0.696,40.938],[0.709,40.679],[0.248,40.42],[0.183,40.161],[-0.126,40.032],[-0.345,39.708],[-0.314,39.126],[0.099,38.739],[-0.661,38.287],[-0.803,38.029],[-0.705,37.642],[-1.709,37.448],[-1.623,37.319],[-1.857,37.319],[-2.062,36.804],[-2.532,36.868],[-2.68,36.739],[-4.469,36.739],[-4.689,36.546],[-5.228,36.482],[-5.288,36.224],[-5.662,36.031],[-5.831,36.224],[-6.064,36.224],[-6.432,36.997],[-6.588,36.997],[-6.842,37.255],[-7.465,37.255],[-7.554,37.384],[-7.575,37.642],[-7.284,37.9],[-7.222,38.093],[-6.011,38.61],[-5.87,38.803],[-5.482,38.868],[-5.34,39.062],[-4.943,38.997],[-4.854,38.868],[-4.702,38.933],[-4.692,38.803],[-4.203,38.545],[-2.239,38.481],[-1.941,38.739],[-1.631,38.803],[-1.418,39.191],[-1.43,39.385],[-1.351,39.385],[-1.449,39.708],[-1.22,39.838],[-1.232,40.032],[-1.003,40.161],[-1.011,40.291],[-0.411,40.874],[-0.419,41.003],[-0.184,41.068],[-0.048,41.457],[0.18,41.652],[0.299,42.366],[0.772,42.496],[0.859,42.366],[1.422,42.301],[1.997,41.976],[2.718,41.911],[2.712,42.041],[2.869,42.106],[2.875,41.976],[2.955,41.976],[2.886,41.717],[2.334,41.587],[2.107,41.327],[1.238,41.198]]],[[[9.823,40.355],[9.665,40.291],[9.747,39.644],[9.669,39.644],[9.593,39.126],[9.12,39.191],[8.966,38.868],[8.73,38.868],[8.336,38.997],[8.412,39.256],[8.333,39.256],[8.33,39.514],[8.409,39.514],[8.483,39.902],[8.325,39.967],[8.4,40.291],[8.321,40.291],[8.319,40.485],[8.16,40.55],[8.155,40.938],[8.552,40.874],[9.025,41.263],[9.104,41.263],[9.502,41.198],[9.822,40.744],[9.823,40.355]]],[[[12.313,44.19],[12.873,43.798],[13.036,43.863],[13.034,43.733],[13.355,43.668],[13.673,43.407],[13.747,43.082],[13.985,42.951],[13.901,42.756],[14.056,42.496],[14.371,42.236],[14.531,42.236],[14.608,42.106],[14.769,42.171],[14.766,42.041],[14.924,41.976],[15.165,42.041],[15.241,41.911],[16.119,41.911],[16.115,41.782],[15.874,41.717],[15.944,41.392],[17.203,41.003],[17.511,40.744],[17.981,40.614],[18.438,40.161],[18.349,39.902],[18.112,39.902],[17.813,40.355],[17.418,40.355],[17.345,40.55],[17.028,40.55],[16.868,40.485],[16.945,40.42],[16.862,40.291],[16.624,40.291],[16.697,40.096],[16.457,39.967],[16.447,39.644],[16.916,39.514],[17.07,39.385],[17.138,39.062],[16.502,38.803],[16.492,38.416],[15.933,37.964],[15.698,37.964],[15.624,38.158],[15.389,38.158],[15.066,37.642],[15.059,37.255],[15.214,37.19],[15.05,36.739],[14.661,36.739],[14.278,37.126],[13.578,37.255],[13.192,37.577],[12.49,37.706],[12.492,37.9],[12.65,38.093],[13.04,38.029],[13.12,38.158],[13.355,38.158],[13.665,37.964],[14.056,37.964],[15.862,38.287],[15.95,38.674],[16.265,38.739],[16.27,38.933],[16.117,39.062],[15.899,39.773],[15.666,39.902],[15.748,40.032],[15.432,40.032],[15.199,40.226],[15.041,40.226],[14.893,40.679],[14.418,40.679],[14.422,40.874],[14.105,40.874],[13.951,41.133],[13.792,41.133],[13.715,41.263],[13,41.327],[12.131,41.911],[12.132,42.041],[11.813,42.106],[11.655,42.366],[11.495,42.301],[11.415,42.431],[11.255,42.431],[11.176,42.626],[11.016,42.626],[11.016,42.821],[10.535,43.082],[10.374,43.668],[10.213,43.863],[10.212,44.059],[10.374,44.124],[10.373,44.255],[10.535,44.255],[10.535,44.385],[10.697,44.451],[10.616,44.712],[10.21,44.973],[8.909,45.104],[8.581,45.366],[8.579,45.497],[8.904,45.628],[10.534,45.628],[10.86,45.497],[11.511,45.497],[12.082,45.628],[12.741,46.152],[13.15,46.218],[13.39,45.824],[13.145,45.824],[13.06,45.628],[12.817,45.693],[12.652,45.562],[12.163,45.497],[12.16,45.17],[12.403,45.039],[12.4,44.777],[12.319,44.777],[12.238,44.777],[12.157,44.843],[12.154,44.451],[12.313,44.19]]],[[[9.574,42.756],[9.578,41.976],[9.498,41.976],[9.499,41.782],[9.262,41.392],[9.104,41.327],[8.784,41.522],[8.782,41.717],[8.623,41.717],[8.7,41.911],[8.539,42.106],[8.535,42.496],[8.773,42.691],[9.173,42.756],[9.251,43.017],[9.331,43.017],[9.492,43.017],[9.493,42.756],[9.574,42.756]]],[[[10.134,42.886],[10.214,42.886],[10.455,42.886],[10.455,42.691],[10.215,42.691],[10.134,42.886]]],[[[17.119,43.082],[17.2,43.082],[17.192,42.886],[16.791,42.886],[16.796,43.017],[17.119,43.082]]],[[[45.675,40.874],[45.492,40.744],[45.524,40.485],[46.493,40.161],[46.537,39.967],[46.774,39.967],[47.054,39.773],[47.381,39.838],[47.515,39.708],[48.304,39.708],[48.673,39.579],[48.806,39.45],[48.782,39.32],[48.928,39.256],[48.742,38.674],[48.821,38.674],[48.807,38.158],[48.795,38.093],[48.326,38.093],[47.252,38.674],[46.121,38.481],[45.854,38.287],[45.635,37.9],[45.224,37.771],[45.174,37.448],[45.252,37.448],[45.29,37.19],[45.446,37.19],[45.426,37.062],[45.261,36.997],[45.149,35.709],[46.031,35.387],[47.954,35.323],[49.083,35.13],[49.5,35.323],[49.608,35.516],[50.48,35.645],[50.855,36.031],[52.008,36.417],[52.108,36.546],[52.186,36.546],[53.088,36.804],[53.955,36.868],[54.033,36.868],[54.774,36.675],[55.785,36.675],[56.212,36.868],[56.834,36.868],[57.444,36.804],[57.702,36.546],[58.453,36.417],[59.074,36.417],[60.047,36.61],[61.213,36.61],[61.157,36.353],[61.235,36.353],[61.303,35.58],[61.804,35.387],[62.191,35.387],[62.623,34.872],[63.15,34.808],[63.277,34.679],[63.83,34.744],[63.957,34.615],[64.188,34.615],[64.37,34.744],[64.755,34.744],[65.415,34.937],[65.618,34.808],[66.144,34.744],[66.563,34.551],[66.535,34.422],[66.458,34.422],[66.352,34.293],[65.751,34.358],[65.387,34.1],[65.242,33.779],[65.062,33.65],[65.035,33.522],[65.112,33.522],[64.982,33.264],[64.829,33.264],[64.687,32.943],[64.355,32.814],[64.406,32.686],[63.873,32.3],[63.643,32.3],[63.442,32.043],[63.301,32.107],[62.124,30.629],[61.68,30.244],[61.37,29.729],[61.027,29.472],[60.244,28.251],[59.395,27.544],[58.994,27.351],[58.978,27.222],[58.836,27.287],[58.745,27.158],[58.594,27.158],[58.428,27.029],[58.405,26.837],[58.262,26.901],[57.773,26.579],[57.483,26.001],[57.529,25.744],[57.38,25.744],[57.176,25.936],[57.052,26.837],[56.715,27.158],[56.188,27.158],[56.098,27.029],[56.324,27.029],[56.309,26.901],[56.061,26.708],[55.289,26.515],[55.31,26.708],[55.543,26.772],[55.242,26.772],[54.989,26.515],[54.681,26.451],[54.259,26.708],[53.658,26.708],[53.461,26.965],[52.737,27.222],[52.479,27.608],[52.049,27.801],[51.453,27.865],[51.066,28.444],[51.028,28.765],[50.809,28.83],[50.915,29.087],[50.62,29.151],[50.651,29.408],[50.236,29.729],[50.065,30.179],[49.586,29.987],[48.943,30.308],[48.987,30.051],[48.365,29.922],[48.404,29.601],[48.093,29.537],[47.646,29.601],[47.29,29.794],[46.979,29.729],[46.994,29.858],[46.85,29.922],[46.615,29.858],[46.591,30.308],[45.77,30.436],[44.955,31.272],[44.581,31.336],[44.459,31.593],[43.153,32.814],[42.709,32.943],[42.578,33.136],[42.065,33.329],[42.003,33.457],[41.489,33.65],[41.427,33.779],[41.273,33.779],[41.212,33.907],[40.912,33.972],[40.704,34.165],[40.311,34.1],[40.403,34.229],[40.257,34.293],[39.124,34.486],[37.99,33.972],[37.739,33.779],[37.726,33.65],[37.649,33.65],[37.599,33.907],[37.389,34.1],[37.004,34.1],[36.87,34.293],[36.562,34.293],[36.441,34.615],[36.293,34.679],[36.313,34.872],[36.165,34.937],[36.269,35.194],[35.889,35.258],[35.896,35.323],[35.993,35.516],[35.845,35.58],[35.872,35.838],[35.99,36.224],[35.849,36.353],[36.265,36.61],[36.286,36.804],[36.145,36.933],[35.911,36.933],[35.834,36.933],[35.289,36.933],[35.035,36.739],[34.957,36.739],[34.893,36.868],[34.582,36.868],[34.413,36.739],[34.335,36.739],[34.219,37.126],[33.674,37.126],[33.609,37.255],[33.375,37.255],[32.068,36.61],[31.99,36.61],[31.392,36.868],[30.697,36.933],[30.619,36.933],[29.446,36.868],[29.369,36.868],[28.304,37.19],[28.241,37.384],[27.612,37.319],[27.534,37.319],[27.223,37.319],[27.31,37.448],[27.173,37.706],[27.251,37.706],[27.192,37.964],[27.27,37.964],[27.275,38.029],[27.51,38.029],[27.5,37.9],[27.73,37.835],[27.969,37.9],[28.141,38.093],[28.527,38.029],[28.861,38.287],[28.961,38.545],[29.208,38.674],[29.236,38.997],[29.315,38.997],[29.301,39.708],[28.84,39.838],[27.972,39.838],[27.409,39.708],[27.235,39.514],[26.841,39.514],[26.847,39.579],[26.132,39.514],[26.252,40.032],[26.257,40.096],[26.673,40.355],[26.752,40.355],[27.47,40.42],[27.617,40.291],[27.696,40.291],[28.17,40.291],[28.182,40.42],[28.261,40.42],[28.34,40.42],[28.334,40.355],[28.413,40.355],[28.493,40.355],[28.572,40.355],[28.651,40.355],[28.73,40.355],[28.955,40.226],[29.35,40.226],[29.455,40.485],[29.936,40.55],[29.923,40.42],[30.068,40.291],[30.457,40.226],[30.602,40.096],[30.589,39.967],[31.299,39.967],[31.378,39.967],[31.233,39.32],[31.443,39.062],[31.424,38.868],[31.738,38.868],[31.803,38.739],[32.189,38.674],[33.587,38.545],[33.669,37.835],[35.671,37.577],[35.998,37.706],[36.348,38.029],[37.115,37.9],[37.318,38.287],[38.126,38.481],[38.814,38.933],[39.11,38.803],[39.25,38.674],[39.232,38.545],[39.389,38.545],[39.45,38.416],[40.52,38.222],[40.514,38.739],[40.658,39.191],[40.51,39.256],[40.478,39.579],[39.848,39.579],[39.751,39.45],[39.209,39.514],[38.954,39.385],[38.745,39.579],[38.93,39.773],[38.79,39.902],[40.398,40.096],[40.507,40.291],[40.754,40.355],[40.774,40.485],[40.567,40.679],[41.005,40.938],[40.995,40.874],[41.122,40.679],[41.36,40.679],[41.535,41.263],[42.25,41.263],[42.363,41.457],[42.295,41.522],[42.533,41.522],[42.556,41.652],[43.784,41.392],[44.034,41.457],[44.237,41.263],[45.124,41.327],[45.179,41.198],[45.259,41.198],[45.235,41.068],[45.473,41.068],[45.675,40.874]]],[[[26.246,38.933],[26.094,38.997],[26.103,39.126],[25.793,39.191],[26.044,39.385],[26.123,39.385],[26.511,39.32],[26.644,38.997],[26.246,38.933]]],[[[19.764,39.773],[19.921,39.773],[19.918,39.708],[19.912,39.579],[19.758,39.644],[19.764,39.773]]],[[[47.156,39.902],[47.145,39.838],[47.066,39.838],[47.077,39.902],[47.156,39.902]]],[[[46.999,39.902],[46.92,39.902],[46.931,39.967],[47.01,39.967],[46.999,39.902]]],[[[19.523,41.392],[19.444,41.392],[19.53,41.522],[19.45,41.522],[19.542,41.782],[19.463,41.782],[19.466,41.847],[19.785,41.847],[20.077,41.327],[19.978,40.938],[19.813,40.809],[19.733,40.809],[19.575,40.809],[19.562,40.55],[19.41,40.679],[19.328,40.614],[19.249,40.614],[19.255,40.744],[19.498,40.874],[19.438,41.263],[19.523,41.392]]]]}},{"type":"Feature","id":"cliopatria-5ef2f6cf1a1134363fc10b66","properties":{"NAME":"Minyue","ABBREVN":null,"CONTROL":null,"SUBJECTO":"Minyue","PARTOF":null,"BORDERPRECISION":1,"FromYear":-202,"ToYear":-171,"Area":268210.54502946703,"Type":"POLITY","Wikipedia":"Minyue","Wikidata":"Q1936158","SeshatID":"","Components":"","MemberOf":"","sourceFeatureId":"cliopatria-5ef2f6cf1a1134363fc10b66","datasetId":"cliopatria"},"geometry":{"type":"MultiPolygon","coordinates":[[[[119.645,26.065],[119.778,26.001],[119.546,25.679],[119.664,25.551],[119.616,25.358],[119.273,25.486],[119.391,25.358],[119.344,25.165],[119.029,25.101],[119.074,24.972],[118.819,24.844],[118.76,24.586],[118.147,24.522],[118.076,24.201],[117.721,23.943],[117.694,23.815],[117.47,23.815],[117.179,23.493],[116.894,23.558],[116.78,23.365],[116.815,23.172],[116.591,23.172],[116.54,22.915],[115.696,22.786],[115.671,22.658],[115.373,22.658],[115.174,22.786],[114.902,22.529],[114.753,22.529],[114.703,22.658],[114.715,22.722],[114.902,22.915],[114.605,23.301],[114.631,23.429],[114.495,23.493],[114.526,24.008],[114.451,24.008],[114.465,24.072],[114.478,24.136],[114.492,24.201],[114.506,24.265],[114.519,24.329],[114.533,24.393],[114.781,25.486],[115.228,26.387],[114.961,26.515],[115.028,26.772],[114.953,26.772],[115.335,28.894],[115.259,28.894],[115.642,29.858],[115.804,30.115],[115.977,30.179],[116.129,30.179],[116.27,29.922],[116.53,29.794],[117.7,29.665],[117.808,29.537],[118.036,29.537],[118.165,28.765],[118.351,28.637],[118.291,28.444],[118.422,28.38],[118.494,27.865],[118.625,27.801],[118.877,26.837],[119.009,26.772],[119.137,26.129],[119.254,26.001],[119.57,26.065],[119.645,26.065]]]]}},{"type":"Feature","id":"cliopatria-a8fb2247aec417d75e5ea6da","properties":{"NAME":"Nanyue","ABBREVN":null,"CONTROL":null,"SUBJECTO":"Nanyue","PARTOF":null,"BORDERPRECISION":1,"FromYear":-202,"ToYear":-171,"Area":351447.67468188703,"Type":"POLITY","Wikipedia":"Nanyue","Wikidata":"Q827040","SeshatID":"","Components":"","MemberOf":"","sourceFeatureId":"cliopatria-a8fb2247aec417d75e5ea6da","datasetId":"cliopatria"},"geometry":{"type":"MultiPolygon","coordinates":[[[[114.451,24.008],[114.526,24.008],[114.495,23.493],[114.631,23.429],[114.605,23.301],[114.902,22.915],[114.715,22.722],[114.641,22.722],[114.531,22.143],[114.37,22.079],[113.999,22.079],[113.996,22.465],[113.785,22.529],[113.747,22.722],[113.599,22.722],[113.699,22.465],[113.639,22.143],[113.416,22.143],[113.318,22.015],[113.106,22.079],[113.071,21.886],[112.774,21.886],[112.441,21.693],[111.859,21.758],[111.664,21.501],[110.984,21.436],[110.739,21.308],[110.716,21.179],[110.419,21.179],[110.483,21.115],[110.364,20.858],[110.616,20.601],[110.487,20.279],[109.883,20.215],[109.927,20.472],[109.789,20.536],[109.77,20.858],[109.696,20.858],[109.87,21.436],[109.807,21.501],[109.116,21.372],[109.086,21.629],[108.652,21.693],[108.555,21.565],[107.79,21.436],[107.417,20.986],[106.961,20.922],[106.834,20.601],[106.685,20.601],[106.537,20.151],[105.965,19.829],[105.734,18.865],[106.051,18.543],[106.031,18.415],[106.178,18.415],[106.295,18.222],[106.57,18.093],[106.571,17.643],[106.772,17.515],[106.752,17.386],[107.026,17.258],[106.607,16.936],[106.396,17],[106.416,17.129],[105.144,18.415],[105.185,18.672],[105.037,18.672],[105.142,18.865],[105.015,18.993],[105.014,19.443],[104.94,19.443],[104.992,19.765],[104.865,19.893],[104.981,20.151],[104.44,20.472],[104.619,20.665],[104.905,20.601],[104.873,20.858],[105.096,20.858],[104.851,21.179],[104.979,21.501],[104.926,21.629],[105.096,21.758],[105.128,21.951],[104.863,22.143],[104.981,22.401],[105.141,22.465],[105.272,22.786],[105.764,23.043],[106.156,23.558],[106.466,23.622],[107.149,24.072],[109.379,24.393],[111.009,24.329],[111.022,24.393],[111.457,24.329],[112.109,24.586],[113.828,24.586],[114.533,24.393],[114.519,24.329],[114.506,24.265],[114.492,24.201],[114.478,24.136],[114.465,24.072],[114.451,24.008]]],[[[106.156,23.558],[106.082,23.558],[106.094,23.622],[106.168,23.622],[106.156,23.558]]]]}},{"type":"Feature","id":"cliopatria-75e0f04e0e147573d81a3abb","properties":{"NAME":"Aetolian League","ABBREVN":null,"CONTROL":null,"SUBJECTO":"Aetolian League","PARTOF":null,"BORDERPRECISION":1,"FromYear":-197,"ToYear":-189,"Area":10068.470473776584,"Type":"POLITY","Wikipedia":"Aetolian League","Wikidata":"Q245273","SeshatID":"","Components":"","MemberOf":"","sourceFeatureId":"cliopatria-75e0f04e0e147573d81a3abb","datasetId":"cliopatria"},"geometry":{"type":"MultiPolygon","coordinates":[[[[22.369,38.416],[21.428,38.416],[21.35,38.416],[21.291,38.803],[21.14,38.933],[21.144,38.997],[20.678,39.126],[20.53,39.32],[20.845,39.32],[21.075,39.191],[21.314,39.256],[21.317,39.32],[21.471,39.256],[21.536,38.997],[21.7,39.126],[22.49,39.191],[22.558,38.997],[22.397,38.933],[22.39,38.803],[22.547,38.803],[22.447,38.416],[22.369,38.416]]]]}},{"type":"Feature","id":"cliopatria-c800ce0ccb70fac7d00001f4","properties":{"NAME":"Ankhwennefer","ABBREVN":null,"CONTROL":null,"SUBJECTO":"Ankhwennefer","PARTOF":null,"BORDERPRECISION":1,"FromYear":-197,"ToYear":-189,"Area":176096.4160455501,"Type":"POLITY","Wikipedia":"Ankhwennefer (pharaoh)","Wikidata":"Q489289","SeshatID":"","Components":"","MemberOf":"","sourceFeatureId":"cliopatria-c800ce0ccb70fac7d00001f4","datasetId":"cliopatria"},"geometry":{"type":"MultiPolygon","coordinates":[[[[34.468,26.001],[34.465,25.936],[35.146,24.651],[35.86,24.008],[35.854,23.879],[35.559,23.943],[35.553,23.815],[35.108,23.879],[33.756,23.686],[33.682,23.686],[33.389,23.815],[32.041,23.686],[31.67,23.751],[30.537,23.365],[30.463,23.365],[30.395,23.558],[30.248,23.622],[30.251,23.686],[30.96,24.651],[30.475,25.551],[30.259,25.744],[30.144,26.515],[30.162,26.901],[30.316,26.965],[30.322,27.094],[30.865,27.415],[32.14,27.351],[33.585,27.608],[33.66,27.608],[33.927,27.029],[34.073,26.965],[34.051,26.579],[34.197,26.515],[34.468,26.001]]]]}},{"type":"Feature","id":"cliopatria-1a3559aaf4a12d8b992d0e0c","properties":{"NAME":"Atropatene","ABBREVN":null,"CONTROL":null,"SUBJECTO":"Atropatene","PARTOF":null,"BORDERPRECISION":1,"FromYear":-197,"ToYear":-189,"Area":146792.64214983417,"Type":"POLITY","Wikipedia":"Atropatene","Wikidata":"Q260437","SeshatID":"","Components":"","MemberOf":"","sourceFeatureId":"cliopatria-1a3559aaf4a12d8b992d0e0c","datasetId":"cliopatria"},"geometry":{"type":"MultiPolygon","coordinates":[[[[49.999,37.384],[50.321,36.997],[50.566,37.062],[50.632,36.997],[50.532,36.868],[50.821,36.739],[52.03,36.546],[52.108,36.546],[52.008,36.417],[50.855,36.031],[50.48,35.645],[49.608,35.516],[49.5,35.323],[49.083,35.13],[47.954,35.323],[46.031,35.387],[45.149,35.709],[45.261,36.997],[45.426,37.062],[45.446,37.19],[45.29,37.19],[45.252,37.448],[45.174,37.448],[45.224,37.771],[45.635,37.9],[45.854,38.287],[46.121,38.481],[47.252,38.674],[48.326,38.093],[48.795,38.093],[48.874,38.093],[48.829,37.835],[49.029,37.642],[49.018,37.577],[49.999,37.384]]]]}},{"type":"Feature","id":"cliopatria-993031f6458ad75079e6cc01","properties":{"NAME":"Greek City-States","ABBREVN":null,"CONTROL":null,"SUBJECTO":"Greek City-States","PARTOF":null,"BORDERPRECISION":1,"FromYear":-197,"ToYear":-189,"Area":130882.49508400114,"Type":"POLITY","Wikipedia":"Polis","Wikidata":"Q148837","SeshatID":"","Components":"","MemberOf":"","sourceFeatureId":"cliopatria-993031f6458ad75079e6cc01","datasetId":"cliopatria"},"geometry":{"type":"MultiPolygon","coordinates":[[[[24.15,35.387],[24.301,35.323],[25.692,35.323],[25.681,35.13],[26.225,35.194],[26.14,35.065],[24.824,35.001],[24.757,35.194],[24.526,35.194],[24.448,35.194],[23.679,35.258],[23.615,35.516],[24.157,35.516],[24.15,35.387]]],[[[22.887,36.417],[22.965,36.417],[23.117,36.353],[23.107,36.16],[22.874,36.16],[22.887,36.417]]],[[[22.599,36.868],[22.512,36.675],[22.356,36.675],[22.22,37.062],[21.909,37.062],[21.899,36.868],[21.744,36.868],[21.681,37.19],[21.603,37.19],[21.693,37.448],[21.697,37.513],[22.087,37.513],[22.236,37.384],[22.321,37.513],[22.399,37.513],[22.853,37.255],[23.056,36.675],[22.833,36.868],[22.599,36.868]]],[[[24.283,37.706],[24.361,37.706],[24.432,37.577],[24.272,37.513],[24.201,37.642],[24.283,37.706]]],[[[24.986,37.706],[25.064,37.706],[25.22,37.706],[25.286,37.513],[25.052,37.513],[24.986,37.706]]],[[[20.621,37.9],[20.699,37.9],[20.934,37.9],[20.922,37.642],[20.613,37.706],[20.621,37.9]]],[[[24.694,38.029],[24.772,38.029],[25.068,37.771],[24.83,37.706],[24.682,37.835],[24.694,38.029]]],[[[21.631,37.771],[21.397,37.771],[21.319,37.771],[21.322,37.835],[21.244,37.835],[21.247,37.9],[21.25,37.964],[21.328,37.964],[21.331,38.029],[21.334,38.093],[21.412,38.093],[21.637,37.9],[21.631,37.771]]],[[[20.328,38.351],[20.488,38.416],[20.566,38.416],[20.795,38.287],[20.786,38.093],[20.32,38.158],[20.328,38.351]]],[[[21.062,38.933],[21.14,38.933],[21.291,38.803],[21.35,38.416],[21.272,38.416],[21.193,38.416],[21.196,38.481],[20.898,38.803],[20.741,38.803],[20.829,38.997],[21.062,38.933]]],[[[23.567,38.803],[23.563,38.739],[23.485,38.739],[23.489,38.803],[23.567,38.803]]],[[[24.365,38.997],[24.444,38.997],[24.675,38.933],[24.662,38.739],[24.357,38.868],[24.365,38.997]]],[[[22.958,39.126],[23.493,38.868],[23.332,38.803],[23.025,38.933],[22.936,38.739],[23.167,38.674],[23.313,38.481],[23.626,38.481],[23.563,38.739],[24.03,38.674],[24.179,38.545],[24.159,38.222],[24.002,38.222],[23.979,37.835],[23.9,37.835],[22.525,38.416],[22.447,38.416],[22.547,38.803],[22.39,38.803],[22.397,38.933],[22.558,38.997],[22.49,39.191],[21.7,39.126],[21.536,38.997],[21.471,39.256],[21.317,39.32],[21.321,39.385],[21.091,39.514],[20.875,39.902],[20.559,39.902],[20.575,40.226],[20.909,40.55],[20.912,40.614],[21.301,40.485],[21.369,40.291],[21.923,40.291],[22.137,39.902],[22.615,39.967],[22.611,39.902],[22.69,39.902],[22.686,39.838],[22.765,39.838],[22.761,39.773],[22.757,39.708],[22.836,39.708],[22.832,39.644],[23.135,39.45],[22.816,39.385],[22.797,39.062],[22.958,39.126]]],[[[25.067,40.032],[25.146,40.032],[25.462,40.032],[25.447,39.838],[24.974,39.838],[25.067,40.032]]],[[[24.491,40.809],[24.57,40.809],[24.808,40.809],[24.794,40.614],[24.551,40.55],[24.491,40.809]]],[[[25.161,41.263],[25.166,41.327],[25.245,41.327],[25.24,41.263],[25.161,41.263]]],[[[20.662,41.847],[20.756,42.106],[20.916,42.106],[21.004,42.236],[21.08,42.171],[21.16,42.171],[21.133,41.717],[21.285,41.587],[21.273,41.392],[20.944,41.198],[20.85,40.938],[20.771,40.938],[20.699,41.068],[20.54,41.068],[20.478,41.392],[20.481,41.457],[20.402,41.457],[20.412,41.652],[20.492,41.652],[20.503,41.847],[20.662,41.847]]],[[[5.387,43.407],[5.063,43.472],[4.178,43.472],[4.173,43.603],[3.851,43.603],[2.985,43.147],[3.01,42.561],[3.178,42.366],[3.04,41.847],[2.698,42.366],[2.775,42.431],[2.669,43.017],[2.75,43.017],[2.741,43.212],[3.446,43.668],[4.728,43.863],[5.87,43.407],[6.594,43.407],[6.597,43.277],[6.278,43.147],[6.198,43.147],[5.796,43.147],[5.632,43.277],[5.391,43.277],[5.387,43.407]]],[[[25.339,37.126],[25.417,37.126],[25.573,37.126],[25.564,36.997],[25.331,36.997],[25.339,37.126]]],[[[28.241,37.384],[28.304,37.19],[28.226,37.19],[28.221,37.126],[27.598,37.126],[27.608,37.255],[27.612,37.319],[28.241,37.384]]],[[[25.899,38.481],[25.821,38.481],[25.913,38.674],[25.991,38.674],[26.217,38.545],[26.111,38.158],[25.876,38.158],[25.899,38.481]]],[[[25.719,40.291],[25.798,40.291],[26.035,40.291],[26.025,40.161],[25.704,40.096],[25.719,40.291]]],[[[26.257,40.096],[26.262,40.161],[26.267,40.226],[26.272,40.291],[26.351,40.291],[26.357,40.355],[26.605,40.485],[26.678,40.42],[26.673,40.355],[26.257,40.096]]],[[[28.097,40.355],[28.103,40.42],[28.182,40.42],[28.17,40.291],[27.696,40.291],[27.701,40.355],[27.781,40.355],[27.786,40.42],[27.792,40.485],[27.871,40.485],[27.95,40.485],[27.945,40.42],[27.939,40.355],[28.018,40.355],[28.097,40.355]]],[[[26.842,40.485],[26.779,40.679],[26.626,40.744],[26.14,40.614],[26.082,40.874],[25.849,40.938],[24.347,41.003],[24.011,40.744],[23.698,40.809],[23.685,40.614],[23.839,40.55],[23.737,40.226],[23.271,40.355],[23.192,40.355],[23.385,40.874],[24.038,41.133],[24.118,41.133],[24.272,41.068],[24.684,41.263],[25.161,41.263],[26.495,41.068],[26.989,41.263],[27.091,41.522],[27.483,41.457],[27.472,41.327],[27.631,41.327],[27.728,41.522],[28.139,41.652],[28.292,41.587],[28.352,41.392],[28.976,41.263],[28.963,41.133],[29.367,41.198],[29.255,40.874],[29.103,40.938],[29.116,41.068],[28.712,41.003],[28.633,41.003],[28.407,41.133],[28.169,41.133],[28.077,41.003],[27.527,41.068],[26.842,40.485]]],[[[40.598,40.874],[40.578,40.744],[40.409,40.679],[39.616,40.679],[39.398,40.809],[39.002,40.809],[38.824,40.679],[37.873,40.679],[37.355,40.938],[36.509,41.133],[36.527,41.263],[36.607,41.263],[36.775,41.327],[37.065,41.133],[37.233,41.198],[37.215,41.068],[37.771,41.068],[37.831,40.938],[38.158,41.003],[38.298,40.874],[38.952,41.003],[38.962,41.068],[39.21,41.133],[39.736,40.938],[40.381,41.003],[40.46,41.003],[40.598,40.874]]],[[[31.512,41.198],[31.361,41.263],[31.693,41.392],[31.592,41.198],[31.512,41.198]]],[[[35.006,41.782],[35.015,41.847],[34.793,41.976],[35.121,42.041],[35.086,41.782],[35.006,41.782]]],[[[27.384,42.106],[27.464,42.106],[27.317,42.236],[27.329,42.366],[27.175,42.431],[27.193,42.626],[27.657,43.277],[27.998,43.472],[28.119,43.863],[28.3,44.059],[28.341,44.451],[28.422,44.451],[28.368,44.712],[28.64,44.973],[28.802,44.973],[28.841,44.581],[28.577,44.385],[28.536,43.994],[28.616,43.994],[28.481,43.472],[28.159,43.472],[28.226,43.342],[27.898,43.277],[27.805,43.147],[27.853,42.821],[27.847,42.756],[27.514,42.626],[27.495,42.431],[27.796,42.236],[27.924,41.911],[27.612,41.976],[27.538,42.041],[27.532,41.976],[27.452,41.976],[27.458,42.041],[27.378,42.041],[27.384,42.106]],[[27.538,42.041],[27.464,42.106],[27.458,42.041],[27.538,42.041]]],[[[40.416,43.147],[40.219,43.407],[39.978,43.407],[39.63,43.733],[40.414,43.603],[40.322,43.538],[40.38,43.407],[41.15,43.212],[41.208,43.082],[41.437,43.017],[41.414,42.886],[41.334,42.886],[41.173,42.886],[41.116,43.017],[40.817,43.147],[40.416,43.147]]],[[[40.033,43.733],[39.953,43.733],[39.964,43.798],[40.045,43.798],[40.033,43.733]]],[[[33.548,44.647],[33.61,45.104],[33.23,45.3],[33.637,45.3],[33.917,44.973],[34.604,45.235],[35.183,45.3],[35.154,45.104],[35.235,45.104],[35.135,44.973],[35.125,44.908],[34.376,44.777],[33.926,44.451],[33.521,44.451],[33.467,44.647],[33.548,44.647]]],[[[31.533,46.677],[30.877,46.677],[30.298,45.955],[30.045,45.89],[29.859,45.693],[29.614,45.693],[29.644,45.955],[30.189,46.415],[30.271,46.415],[30.458,46.612],[31.065,46.874],[31.082,47.006],[31.567,46.94],[31.533,46.677]]]]}},{"type":"Feature","id":"cliopatria-75c716ec27649e898fbdfd27","properties":{"NAME":"Ptolemaic Kingdom","ABBREVN":null,"CONTROL":null,"SUBJECTO":"Ptolemaic Kingdom","PARTOF":null,"BORDERPRECISION":1,"FromYear":-197,"ToYear":-189,"Area":505776.12921927334,"Type":"POLITY","Wikipedia":"Ptolemaic Kingdom","Wikidata":"Q2320005","SeshatID":"eg_ptolemaic_k_2","Components":"","MemberOf":"","sourceFeatureId":"cliopatria-75c716ec27649e898fbdfd27","datasetId":"cliopatria"},"geometry":{"type":"MultiPolygon","coordinates":[[[[24.892,31.979],[25.112,31.786],[25.102,31.593],[25.248,31.465],[26.848,31.465],[27.297,31.336],[27.515,31.143],[28.496,31.015],[28.865,30.822],[29.397,30.822],[29.485,31.015],[29.633,30.951],[29.87,31.079],[29.802,31.208],[29.882,31.272],[30.339,31.272],[30.271,31.4],[30.352,31.465],[30.809,31.465],[30.966,31.529],[30.975,31.658],[31.203,31.658],[31.118,31.529],[31.266,31.465],[31.875,31.465],[31.781,31.208],[31.937,31.272],[32,31.079],[32.304,31.079],[32.237,31.208],[32.389,31.208],[32.532,31.079],[32.765,31.143],[32.832,31.015],[33.749,31.079],[34.221,31.272],[34.297,31.272],[34.434,31.079],[34.541,30.501],[34.465,30.501],[33.838,30.244],[32.919,30.115],[32.91,29.987],[32.758,29.987],[32.673,29.858],[32.526,29.922],[32.442,29.794],[32.689,28.958],[32.836,28.894],[33.105,28.38],[33.609,27.994],[33.589,27.672],[33.585,27.608],[32.14,27.351],[30.865,27.415],[30.322,27.094],[30.316,26.965],[30.162,26.901],[30.144,26.515],[30.259,25.744],[30.475,25.551],[30.96,24.651],[30.251,23.686],[30.176,23.686],[30.109,23.879],[29.959,23.879],[29.673,24.201],[28.569,24.651],[28.289,25.165],[28.244,25.936],[28.345,26.579],[28.27,26.579],[28.154,27.351],[27.937,27.544],[27.711,27.544],[27.792,27.672],[27.43,27.994],[27.276,27.93],[27.285,28.122],[27.068,28.315],[25.883,28.83],[25.225,29.344],[24.922,29.344],[24.855,29.537],[24.406,29.665],[24.263,29.858],[23.667,30.115],[23.227,30.501],[22.848,30.501],[22.853,30.629],[21.951,30.886],[20.582,30.886],[19.957,30.308],[19.651,30.244],[19.572,30.115],[18.812,30.051],[18.894,30.308],[19.501,30.308],[20.122,30.758],[20.214,31.272],[19.996,31.593],[20.089,32.107],[20.017,32.236],[20.246,32.236],[20.331,32.493],[20.482,32.429],[20.563,32.557],[20.716,32.557],[20.644,32.686],[20.871,32.622],[21.108,32.814],[21.412,32.75],[21.57,32.879],[22.108,32.943],[23.089,32.622],[23.081,32.429],[23.231,32.365],[23.149,32.236],[23.903,32.043],[23.98,32.043],[24.892,31.979]]],[[[34.536,30.436],[34.541,30.501],[34.616,30.501],[34.611,30.436],[34.536,30.436]]],[[[34.542,35.709],[34.529,35.58],[33.957,35.258],[34.087,35.001],[33.695,34.937],[33.523,34.744],[33.132,34.679],[33.044,34.551],[32.367,34.744],[32.229,34.937],[32.246,35.13],[32.555,35.13],[32.875,35.258],[32.887,35.387],[33.737,35.387],[34.31,35.709],[34.387,35.709],[34.542,35.709]]],[[[28.25,36.482],[28.139,36.031],[27.743,35.902],[27.693,36.288],[28.017,36.482],[28.095,36.482],[28.25,36.482]]]]}},{"type":"Feature","id":"cliopatria-e5b45b5f398c7e80d93e73b5","properties":{"NAME":"Roman Republic","ABBREVN":null,"CONTROL":null,"SUBJECTO":"Roman Republic","PARTOF":null,"BORDERPRECISION":1,"FromYear":-197,"ToYear":-189,"Area":392399.3653860277,"Type":"POLITY","Wikipedia":"Roman Republic","Wikidata":"Q175881","SeshatID":"it_roman_rep_2","Components":"","MemberOf":"","sourceFeatureId":"cliopatria-e5b45b5f398c7e80d93e73b5","datasetId":"cliopatria"},"geometry":{"type":"MultiPolygon","coordinates":[[[[14.568,35.773],[14.337,35.838],[14.34,36.031],[14.417,36.031],[14.571,35.966],[14.568,35.773]]],[[[2.334,41.587],[2.107,41.327],[1.238,41.198],[0.696,40.938],[0.709,40.679],[0.248,40.42],[0.183,40.161],[-0.126,40.032],[-0.345,39.708],[-0.314,39.126],[0.099,38.739],[-0.661,38.287],[-0.803,38.029],[-0.705,37.642],[-1.709,37.448],[-1.623,37.319],[-1.857,37.319],[-2.062,36.804],[-2.532,36.868],[-2.68,36.739],[-4.469,36.739],[-4.689,36.546],[-5.228,36.482],[-5.288,36.224],[-5.662,36.031],[-5.831,36.224],[-6.064,36.224],[-6.432,36.997],[-6.588,36.997],[-6.842,37.255],[-7.465,37.255],[-7.554,37.384],[-7.575,37.642],[-7.284,37.9],[-7.222,38.093],[-6.011,38.61],[-5.87,38.803],[-5.482,38.868],[-5.34,39.062],[-4.943,38.997],[-4.854,38.868],[-4.702,38.933],[-4.692,38.803],[-4.203,38.545],[-2.239,38.481],[-1.941,38.739],[-1.631,38.803],[-1.418,39.191],[-1.43,39.385],[-1.351,39.385],[-1.449,39.708],[-1.22,39.838],[-1.232,40.032],[-1.003,40.161],[-1.011,40.291],[-0.411,40.874],[-0.419,41.003],[-0.184,41.068],[-0.048,41.457],[0.18,41.652],[0.299,42.366],[0.772,42.496],[0.859,42.366],[1.422,42.301],[1.997,41.976],[2.718,41.911],[2.712,42.041],[2.869,42.106],[2.875,41.976],[2.955,41.976],[2.886,41.717],[2.334,41.587]]],[[[19.758,39.644],[19.764,39.773],[19.921,39.773],[19.918,39.708],[19.912,39.579],[19.758,39.644]]],[[[9.822,40.744],[9.823,40.355],[9.665,40.291],[9.747,39.644],[9.669,39.644],[9.593,39.126],[9.12,39.191],[8.966,38.868],[8.73,38.868],[8.336,38.997],[8.412,39.256],[8.333,39.256],[8.33,39.514],[8.409,39.514],[8.483,39.902],[8.325,39.967],[8.4,40.291],[8.321,40.291],[8.319,40.485],[8.16,40.55],[8.155,40.938],[8.552,40.874],[9.025,41.263],[9.104,41.263],[9.502,41.198],[9.822,40.744]]],[[[19.249,40.614],[19.255,40.744],[19.498,40.874],[19.438,41.263],[19.523,41.392],[19.444,41.392],[19.53,41.522],[19.45,41.522],[19.542,41.782],[19.386,41.847],[19.472,41.976],[20.017,41.717],[19.928,41.522],[20.156,41.327],[19.991,41.198],[20.054,40.874],[19.575,40.809],[19.566,40.614],[19.562,40.55],[19.41,40.679],[19.249,40.614]]],[[[12.154,44.451],[12.313,44.19],[12.873,43.798],[13.036,43.863],[13.034,43.733],[13.355,43.668],[13.673,43.407],[13.747,43.082],[13.985,42.951],[13.901,42.756],[14.056,42.496],[14.371,42.236],[14.531,42.236],[14.608,42.106],[14.769,42.171],[14.766,42.041],[14.924,41.976],[15.165,42.041],[15.241,41.911],[16.119,41.911],[16.115,41.782],[15.874,41.717],[15.944,41.392],[17.203,41.003],[17.511,40.744],[17.981,40.614],[18.438,40.161],[18.349,39.902],[18.112,39.902],[17.813,40.355],[17.418,40.355],[17.345,40.55],[17.028,40.55],[16.868,40.485],[16.945,40.42],[16.862,40.291],[16.624,40.291],[16.697,40.096],[16.457,39.967],[16.447,39.644],[16.916,39.514],[17.07,39.385],[17.138,39.062],[16.502,38.803],[16.492,38.416],[15.933,37.964],[15.698,37.964],[15.624,38.158],[15.389,38.158],[15.066,37.642],[15.059,37.255],[15.214,37.19],[15.05,36.739],[14.661,36.739],[14.278,37.126],[13.578,37.255],[13.192,37.577],[12.49,37.706],[12.492,37.9],[12.65,38.093],[13.04,38.029],[13.12,38.158],[13.355,38.158],[13.665,37.964],[14.056,37.964],[15.862,38.287],[15.95,38.674],[16.265,38.739],[16.27,38.933],[16.117,39.062],[15.899,39.773],[15.666,39.902],[15.748,40.032],[15.432,40.032],[15.199,40.226],[15.041,40.226],[14.893,40.679],[14.418,40.679],[14.422,40.874],[14.105,40.874],[13.951,41.133],[13.792,41.133],[13.715,41.263],[13,41.327],[12.131,41.911],[12.132,42.041],[11.813,42.106],[11.655,42.366],[11.495,42.301],[11.415,42.431],[11.255,42.431],[11.176,42.626],[11.016,42.626],[11.016,42.821],[10.535,43.082],[10.374,43.668],[10.213,43.863],[10.212,44.059],[10.374,44.124],[10.373,44.255],[10.535,44.255],[10.535,44.385],[10.697,44.451],[10.616,44.712],[10.21,44.973],[8.909,45.104],[8.581,45.366],[8.579,45.497],[8.904,45.628],[10.534,45.628],[10.86,45.497],[11.511,45.497],[12.082,45.628],[12.741,46.152],[13.15,46.218],[13.39,45.824],[13.145,45.824],[13.06,45.628],[12.817,45.693],[12.652,45.562],[12.163,45.497],[12.16,45.17],[12.403,45.039],[12.4,44.777],[12.319,44.777],[12.238,44.777],[12.157,44.843],[12.154,44.451]]],[[[9.493,42.756],[9.574,42.756],[9.578,41.976],[9.498,41.976],[9.499,41.782],[9.262,41.392],[9.104,41.327],[8.784,41.522],[8.782,41.717],[8.623,41.717],[8.7,41.911],[8.539,42.106],[8.535,42.496],[8.773,42.691],[9.173,42.756],[9.251,43.017],[9.331,43.017],[9.492,43.017],[9.493,42.756]]],[[[10.215,42.691],[10.134,42.886],[10.214,42.886],[10.455,42.886],[10.455,42.691],[10.215,42.691]]],[[[16.796,43.017],[17.119,43.082],[17.2,43.082],[17.192,42.886],[16.791,42.886],[16.796,43.017]]]]}},{"type":"Feature","id":"cliopatria-c91ef23af5824da9bd8119d2","properties":{"NAME":"Seleucid Empire","ABBREVN":null,"CONTROL":null,"SUBJECTO":"Seleucid Empire","PARTOF":null,"BORDERPRECISION":1,"FromYear":-197,"ToYear":-189,"Area":2367037.6355197965,"Type":"POLITY","Wikipedia":"Seleucid dynasty","Wikidata":"Q705904","SeshatID":"ir_seleucid_emp","Components":"","MemberOf":"","sourceFeatureId":"cliopatria-c91ef23af5824da9bd8119d2","datasetId":"cliopatria"},"geometry":{"type":"MultiPolygon","coordinates":[[[[45.492,40.744],[45.524,40.485],[46.493,40.161],[46.537,39.967],[46.774,39.967],[47.054,39.773],[47.381,39.838],[47.515,39.708],[48.304,39.708],[48.673,39.579],[48.806,39.45],[48.782,39.32],[48.928,39.256],[48.742,38.674],[48.821,38.674],[48.807,38.158],[48.795,38.093],[48.326,38.093],[47.252,38.674],[46.121,38.481],[45.854,38.287],[45.635,37.9],[45.224,37.771],[45.174,37.448],[45.252,37.448],[45.29,37.19],[45.446,37.19],[45.426,37.062],[45.261,36.997],[45.149,35.709],[46.031,35.387],[47.954,35.323],[49.083,35.13],[49.5,35.323],[49.608,35.516],[50.48,35.645],[50.855,36.031],[52.008,36.417],[52.108,36.546],[52.186,36.546],[53.088,36.804],[53.955,36.868],[54.033,36.868],[54.774,36.675],[55.785,36.675],[56.212,36.868],[56.834,36.868],[57.444,36.804],[57.702,36.546],[58.453,36.417],[59.074,36.417],[60.047,36.61],[61.213,36.61],[61.157,36.353],[61.235,36.353],[61.303,35.58],[61.804,35.387],[62.191,35.387],[62.623,34.872],[63.15,34.808],[63.277,34.679],[63.83,34.744],[63.957,34.615],[64.188,34.615],[64.37,34.744],[64.755,34.744],[65.415,34.937],[65.618,34.808],[66.144,34.744],[66.563,34.551],[66.535,34.422],[66.458,34.422],[66.352,34.293],[65.751,34.358],[65.387,34.1],[65.242,33.779],[65.062,33.65],[65.035,33.522],[65.112,33.522],[64.982,33.264],[64.829,33.264],[64.687,32.943],[64.355,32.814],[64.406,32.686],[63.873,32.3],[63.643,32.3],[63.442,32.043],[63.301,32.107],[62.124,30.629],[61.68,30.244],[61.37,29.729],[61.027,29.472],[60.244,28.251],[59.395,27.544],[58.994,27.351],[58.978,27.222],[58.836,27.287],[58.745,27.158],[58.594,27.158],[58.428,27.029],[58.405,26.837],[58.262,26.901],[57.773,26.579],[57.483,26.001],[57.529,25.744],[57.38,25.744],[57.176,25.936],[57.052,26.837],[56.715,27.158],[56.188,27.158],[56.098,27.029],[56.324,27.029],[56.309,26.901],[56.061,26.708],[55.289,26.515],[55.31,26.708],[55.543,26.772],[55.242,26.772],[54.989,26.515],[54.681,26.451],[54.259,26.708],[53.658,26.708],[53.461,26.965],[52.737,27.222],[52.479,27.608],[52.049,27.801],[51.453,27.865],[51.066,28.444],[51.028,28.765],[50.809,28.83],[50.915,29.087],[50.62,29.151],[50.651,29.408],[50.236,29.729],[50.065,30.179],[49.586,29.987],[48.943,30.308],[48.987,30.051],[48.365,29.922],[48.404,29.601],[48.093,29.537],[47.646,29.601],[47.29,29.794],[46.979,29.729],[46.994,29.858],[46.85,29.922],[46.615,29.858],[46.591,30.308],[45.77,30.436],[44.955,31.272],[44.581,31.336],[44.459,31.593],[43.153,32.814],[42.709,32.943],[42.578,33.136],[41.489,33.65],[41.212,33.907],[40.912,33.972],[40.85,34.1],[40.311,34.1],[40.403,34.229],[39.509,34.486],[39.124,34.486],[38.479,34.229],[37.073,33.264],[37.054,33.072],[36.901,33.072],[36.717,32.75],[36.751,32.3],[36.516,32.236],[36.662,32.172],[36.387,31.658],[36.423,31.208],[35.662,31.208],[35.499,31.079],[35.352,31.143],[34.616,30.501],[34.541,30.501],[34.434,31.079],[34.297,31.272],[34.302,31.336],[34.633,31.658],[34.573,31.85],[34.813,31.979],[34.77,32.365],[35.022,32.622],[35.056,33.007],[35.215,33.072],[35.398,33.393],[35.346,33.65],[35.499,33.65],[35.447,33.907],[35.684,33.972],[35.644,34.358],[35.792,34.293],[36.049,34.551],[36.068,34.744],[35.927,34.872],[35.96,35.194],[35.882,35.194],[35.993,35.516],[35.845,35.58],[35.99,36.224],[35.842,36.288],[36.265,36.61],[36.286,36.804],[36.145,36.933],[35.834,36.933],[35.488,36.61],[35.332,36.61],[35.113,36.739],[34.95,36.675],[34.893,36.868],[34.582,36.868],[34.251,36.675],[33.979,36.288],[32.558,36.031],[32.499,36.224],[32.068,36.61],[31.392,36.868],[30.619,36.933],[30.492,36.353],[29.395,36.224],[29.317,36.224],[29.333,36.417],[29.581,36.61],[29.597,36.804],[29.446,36.868],[29.369,36.868],[28.304,37.19],[28.241,37.384],[27.612,37.319],[27.534,37.319],[27.223,37.319],[27.31,37.448],[27.173,37.706],[27.251,37.706],[27.192,37.964],[27.27,37.964],[27.275,38.029],[27.51,38.029],[27.5,37.9],[27.73,37.835],[27.969,37.9],[28.141,38.093],[28.527,38.029],[28.861,38.287],[28.961,38.545],[29.208,38.674],[29.236,38.997],[29.315,38.997],[29.301,39.708],[28.84,39.838],[27.972,39.838],[27.409,39.708],[27.235,39.514],[26.841,39.514],[26.847,39.579],[26.132,39.514],[26.252,40.032],[26.257,40.096],[26.673,40.355],[26.752,40.355],[27.47,40.42],[27.617,40.291],[27.696,40.291],[28.17,40.291],[28.182,40.42],[28.261,40.42],[28.34,40.42],[28.334,40.355],[28.413,40.355],[28.493,40.355],[28.572,40.355],[28.651,40.355],[28.73,40.355],[28.955,40.226],[29.35,40.226],[29.455,40.485],[29.936,40.55],[29.923,40.42],[30.068,40.291],[30.457,40.226],[30.602,40.096],[30.589,39.967],[31.299,39.967],[31.378,39.967],[31.233,39.32],[31.443,39.062],[31.424,38.868],[31.738,38.868],[31.803,38.739],[32.189,38.674],[33.587,38.545],[33.669,37.835],[35.671,37.577],[35.998,37.706],[36.348,38.029],[37.115,37.9],[37.318,38.287],[38.126,38.481],[38.814,38.933],[39.11,38.803],[39.25,38.674],[39.232,38.545],[39.389,38.545],[39.45,38.416],[40.52,38.222],[40.514,38.739],[40.658,39.191],[40.51,39.256],[40.478,39.579],[39.848,39.579],[39.751,39.45],[39.209,39.514],[38.954,39.385],[38.745,39.579],[38.93,39.773],[38.79,39.902],[40.398,40.096],[40.507,40.291],[40.754,40.355],[40.774,40.485],[40.567,40.679],[41.005,40.938],[40.995,40.874],[41.122,40.679],[41.36,40.679],[41.535,41.263],[42.25,41.263],[42.363,41.457],[42.295,41.522],[42.533,41.522],[42.556,41.652],[43.784,41.392],[44.034,41.457],[44.237,41.263],[45.124,41.327],[45.259,41.198],[45.247,41.133],[45.675,40.874],[45.492,40.744]]],[[[26.644,38.997],[26.246,38.933],[26.094,38.997],[26.103,39.126],[25.793,39.191],[26.044,39.385],[26.123,39.385],[26.511,39.32],[26.644,38.997]]],[[[47.156,39.902],[47.145,39.838],[47.066,39.838],[47.077,39.902],[47.156,39.902]]],[[[47.01,39.967],[46.999,39.902],[46.92,39.902],[46.931,39.967],[47.01,39.967]]]]}},{"type":"Feature","id":"cliopatria-08c8a2836cc65f78e0638f77","properties":{"NAME":"(Allegiance of Seleucid Empire to Roman Republic)","ABBREVN":null,"CONTROL":null,"SUBJECTO":"(Allegiance of Seleucid Empire to Roman Republic)","PARTOF":null,"BORDERPRECISION":1,"FromYear":-197,"ToYear":-189,"Area":2759437.0009058253,"Type":"RELATION","Wikipedia":"Seleucid dynasty","Wikidata":"Q705904","SeshatID":"ir_seleucid_emp;it_roman_rep_2","Components":"Roman Republic;Seleucid Empire","MemberOf":"","sourceFeatureId":"cliopatria-08c8a2836cc65f78e0638f77","datasetId":"cliopatria"},"geometry":{"type":"MultiPolygon","coordinates":[[[[14.337,35.838],[14.34,36.031],[14.417,36.031],[14.571,35.966],[14.568,35.773],[14.337,35.838]]],[[[2.107,41.327],[1.238,41.198],[0.696,40.938],[0.709,40.679],[0.248,40.42],[0.183,40.161],[-0.126,40.032],[-0.345,39.708],[-0.314,39.126],[0.099,38.739],[-0.661,38.287],[-0.803,38.029],[-0.705,37.642],[-1.709,37.448],[-1.623,37.319],[-1.857,37.319],[-2.062,36.804],[-2.532,36.868],[-2.68,36.739],[-4.469,36.739],[-4.689,36.546],[-5.228,36.482],[-5.288,36.224],[-5.662,36.031],[-5.831,36.224],[-6.064,36.224],[-6.432,36.997],[-6.588,36.997],[-6.842,37.255],[-7.465,37.255],[-7.554,37.384],[-7.575,37.642],[-7.284,37.9],[-7.222,38.093],[-6.011,38.61],[-5.87,38.803],[-5.482,38.868],[-5.34,39.062],[-4.943,38.997],[-4.854,38.868],[-4.702,38.933],[-4.692,38.803],[-4.203,38.545],[-2.239,38.481],[-1.941,38.739],[-1.631,38.803],[-1.418,39.191],[-1.43,39.385],[-1.351,39.385],[-1.449,39.708],[-1.22,39.838],[-1.232,40.032],[-1.003,40.161],[-1.011,40.291],[-0.411,40.874],[-0.419,41.003],[-0.184,41.068],[-0.048,41.457],[0.18,41.652],[0.299,42.366],[0.772,42.496],[0.859,42.366],[1.422,42.301],[1.997,41.976],[2.718,41.911],[2.712,42.041],[2.869,42.106],[2.875,41.976],[2.955,41.976],[2.886,41.717],[2.334,41.587],[2.107,41.327]]],[[[19.764,39.773],[19.921,39.773],[19.918,39.708],[19.912,39.579],[19.758,39.644],[19.764,39.773]]],[[[9.823,40.355],[9.665,40.291],[9.747,39.644],[9.669,39.644],[9.593,39.126],[9.12,39.191],[8.966,38.868],[8.73,38.868],[8.336,38.997],[8.412,39.256],[8.333,39.256],[8.33,39.514],[8.409,39.514],[8.483,39.902],[8.325,39.967],[8.4,40.291],[8.321,40.291],[8.319,40.485],[8.16,40.55],[8.155,40.938],[8.552,40.874],[9.025,41.263],[9.104,41.263],[9.502,41.198],[9.822,40.744],[9.823,40.355]]],[[[19.255,40.744],[19.498,40.874],[19.438,41.263],[19.523,41.392],[19.444,41.392],[19.53,41.522],[19.45,41.522],[19.542,41.782],[19.386,41.847],[19.472,41.976],[20.017,41.717],[19.928,41.522],[20.156,41.327],[19.991,41.198],[20.054,40.874],[19.575,40.809],[19.566,40.614],[19.562,40.55],[19.41,40.679],[19.249,40.614],[19.255,40.744]]],[[[12.313,44.19],[12.873,43.798],[13.036,43.863],[13.034,43.733],[13.355,43.668],[13.673,43.407],[13.747,43.082],[13.985,42.951],[13.901,42.756],[14.056,42.496],[14.371,42.236],[14.531,42.236],[14.608,42.106],[14.769,42.171],[14.766,42.041],[14.924,41.976],[15.165,42.041],[15.241,41.911],[16.119,41.911],[16.115,41.782],[15.874,41.717],[15.944,41.392],[17.203,41.003],[17.511,40.744],[17.981,40.614],[18.438,40.161],[18.349,39.902],[18.112,39.902],[17.813,40.355],[17.418,40.355],[17.345,40.55],[17.028,40.55],[16.868,40.485],[16.945,40.42],[16.862,40.291],[16.624,40.291],[16.697,40.096],[16.457,39.967],[16.447,39.644],[16.916,39.514],[17.07,39.385],[17.138,39.062],[16.502,38.803],[16.492,38.416],[15.933,37.964],[15.698,37.964],[15.624,38.158],[15.389,38.158],[15.066,37.642],[15.059,37.255],[15.214,37.19],[15.05,36.739],[14.661,36.739],[14.278,37.126],[13.578,37.255],[13.192,37.577],[12.49,37.706],[12.492,37.9],[12.65,38.093],[13.04,38.029],[13.12,38.158],[13.355,38.158],[13.665,37.964],[14.056,37.964],[15.862,38.287],[15.95,38.674],[16.265,38.739],[16.27,38.933],[16.117,39.062],[15.899,39.773],[15.666,39.902],[15.748,40.032],[15.432,40.032],[15.199,40.226],[15.041,40.226],[14.893,40.679],[14.418,40.679],[14.422,40.874],[14.105,40.874],[13.951,41.133],[13.792,41.133],[13.715,41.263],[13,41.327],[12.131,41.911],[12.132,42.041],[11.813,42.106],[11.655,42.366],[11.495,42.301],[11.415,42.431],[11.255,42.431],[11.176,42.626],[11.016,42.626],[11.016,42.821],[10.535,43.082],[10.374,43.668],[10.213,43.863],[10.212,44.059],[10.374,44.124],[10.373,44.255],[10.535,44.255],[10.535,44.385],[10.697,44.451],[10.616,44.712],[10.21,44.973],[8.909,45.104],[8.581,45.366],[8.579,45.497],[8.904,45.628],[10.534,45.628],[10.86,45.497],[11.511,45.497],[12.082,45.628],[12.741,46.152],[13.15,46.218],[13.39,45.824],[13.145,45.824],[13.06,45.628],[12.817,45.693],[12.652,45.562],[12.163,45.497],[12.16,45.17],[12.403,45.039],[12.4,44.777],[12.319,44.777],[12.238,44.777],[12.157,44.843],[12.154,44.451],[12.313,44.19]]],[[[9.574,42.756],[9.578,41.976],[9.498,41.976],[9.499,41.782],[9.262,41.392],[9.104,41.327],[8.784,41.522],[8.782,41.717],[8.623,41.717],[8.7,41.911],[8.539,42.106],[8.535,42.496],[8.773,42.691],[9.173,42.756],[9.251,43.017],[9.331,43.017],[9.492,43.017],[9.493,42.756],[9.574,42.756]]],[[[10.134,42.886],[10.214,42.886],[10.455,42.886],[10.455,42.691],[10.215,42.691],[10.134,42.886]]],[[[17.119,43.082],[17.2,43.082],[17.192,42.886],[16.791,42.886],[16.796,43.017],[17.119,43.082]]],[[[45.524,40.485],[46.493,40.161],[46.537,39.967],[46.774,39.967],[47.054,39.773],[47.381,39.838],[47.515,39.708],[48.304,39.708],[48.673,39.579],[48.806,39.45],[48.782,39.32],[48.928,39.256],[48.742,38.674],[48.821,38.674],[48.807,38.158],[48.795,38.093],[48.326,38.093],[47.252,38.674],[46.121,38.481],[45.854,38.287],[45.635,37.9],[45.224,37.771],[45.174,37.448],[45.252,37.448],[45.29,37.19],[45.446,37.19],[45.426,37.062],[45.261,36.997],[45.149,35.709],[46.031,35.387],[47.954,35.323],[49.083,35.13],[49.5,35.323],[49.608,35.516],[50.48,35.645],[50.855,36.031],[52.008,36.417],[52.108,36.546],[52.186,36.546],[53.088,36.804],[53.955,36.868],[54.033,36.868],[54.774,36.675],[55.785,36.675],[56.212,36.868],[56.834,36.868],[57.444,36.804],[57.702,36.546],[58.453,36.417],[59.074,36.417],[60.047,36.61],[61.213,36.61],[61.157,36.353],[61.235,36.353],[61.303,35.58],[61.804,35.387],[62.191,35.387],[62.623,34.872],[63.15,34.808],[63.277,34.679],[63.83,34.744],[63.957,34.615],[64.188,34.615],[64.37,34.744],[64.755,34.744],[65.415,34.937],[65.618,34.808],[66.144,34.744],[66.563,34.551],[66.535,34.422],[66.458,34.422],[66.352,34.293],[65.751,34.358],[65.387,34.1],[65.242,33.779],[65.062,33.65],[65.035,33.522],[65.112,33.522],[64.982,33.264],[64.829,33.264],[64.687,32.943],[64.355,32.814],[64.406,32.686],[63.873,32.3],[63.643,32.3],[63.442,32.043],[63.301,32.107],[62.124,30.629],[61.68,30.244],[61.37,29.729],[61.027,29.472],[60.244,28.251],[59.395,27.544],[58.994,27.351],[58.978,27.222],[58.836,27.287],[58.745,27.158],[58.594,27.158],[58.428,27.029],[58.405,26.837],[58.262,26.901],[57.773,26.579],[57.483,26.001],[57.529,25.744],[57.38,25.744],[57.176,25.936],[57.052,26.837],[56.715,27.158],[56.188,27.158],[56.098,27.029],[56.324,27.029],[56.309,26.901],[56.061,26.708],[55.289,26.515],[55.31,26.708],[55.543,26.772],[55.242,26.772],[54.989,26.515],[54.681,26.451],[54.259,26.708],[53.658,26.708],[53.461,26.965],[52.737,27.222],[52.479,27.608],[52.049,27.801],[51.453,27.865],[51.066,28.444],[51.028,28.765],[50.809,28.83],[50.915,29.087],[50.62,29.151],[50.651,29.408],[50.236,29.729],[50.065,30.179],[49.586,29.987],[48.943,30.308],[48.987,30.051],[48.365,29.922],[48.404,29.601],[48.093,29.537],[47.646,29.601],[47.29,29.794],[46.979,29.729],[46.994,29.858],[46.85,29.922],[46.615,29.858],[46.591,30.308],[45.77,30.436],[44.955,31.272],[44.581,31.336],[44.459,31.593],[43.153,32.814],[42.709,32.943],[42.578,33.136],[41.489,33.65],[41.212,33.907],[40.912,33.972],[40.85,34.1],[40.311,34.1],[40.403,34.229],[39.509,34.486],[39.124,34.486],[38.479,34.229],[37.073,33.264],[37.054,33.072],[36.901,33.072],[36.717,32.75],[36.751,32.3],[36.516,32.236],[36.662,32.172],[36.387,31.658],[36.423,31.208],[35.662,31.208],[35.499,31.079],[35.352,31.143],[34.616,30.501],[34.541,30.501],[34.434,31.079],[34.297,31.272],[34.302,31.336],[34.633,31.658],[34.573,31.85],[34.813,31.979],[34.77,32.365],[35.022,32.622],[35.056,33.007],[35.215,33.072],[35.398,33.393],[35.346,33.65],[35.499,33.65],[35.447,33.907],[35.684,33.972],[35.644,34.358],[35.792,34.293],[36.049,34.551],[36.068,34.744],[35.927,34.872],[35.96,35.194],[35.882,35.194],[35.993,35.516],[35.845,35.58],[35.99,36.224],[35.842,36.288],[36.265,36.61],[36.286,36.804],[36.145,36.933],[35.834,36.933],[35.488,36.61],[35.332,36.61],[35.113,36.739],[34.95,36.675],[34.893,36.868],[34.582,36.868],[34.251,36.675],[33.979,36.288],[32.558,36.031],[32.499,36.224],[32.068,36.61],[31.392,36.868],[30.619,36.933],[30.492,36.353],[29.395,36.224],[29.317,36.224],[29.333,36.417],[29.581,36.61],[29.597,36.804],[29.446,36.868],[29.369,36.868],[28.304,37.19],[28.241,37.384],[27.612,37.319],[27.534,37.319],[27.223,37.319],[27.31,37.448],[27.173,37.706],[27.251,37.706],[27.192,37.964],[27.27,37.964],[27.275,38.029],[27.51,38.029],[27.5,37.9],[27.73,37.835],[27.969,37.9],[28.141,38.093],[28.527,38.029],[28.861,38.287],[28.961,38.545],[29.208,38.674],[29.236,38.997],[29.315,38.997],[29.301,39.708],[28.84,39.838],[27.972,39.838],[27.409,39.708],[27.235,39.514],[26.841,39.514],[26.847,39.579],[26.132,39.514],[26.252,40.032],[26.257,40.096],[26.673,40.355],[26.752,40.355],[27.47,40.42],[27.617,40.291],[27.696,40.291],[28.17,40.291],[28.182,40.42],[28.261,40.42],[28.34,40.42],[28.334,40.355],[28.413,40.355],[28.493,40.355],[28.572,40.355],[28.651,40.355],[28.73,40.355],[28.955,40.226],[29.35,40.226],[29.455,40.485],[29.936,40.55],[29.923,40.42],[30.068,40.291],[30.457,40.226],[30.602,40.096],[30.589,39.967],[31.299,39.967],[31.378,39.967],[31.233,39.32],[31.443,39.062],[31.424,38.868],[31.738,38.868],[31.803,38.739],[32.189,38.674],[33.587,38.545],[33.669,37.835],[35.671,37.577],[35.998,37.706],[36.348,38.029],[37.115,37.9],[37.318,38.287],[38.126,38.481],[38.814,38.933],[39.11,38.803],[39.25,38.674],[39.232,38.545],[39.389,38.545],[39.45,38.416],[40.52,38.222],[40.514,38.739],[40.658,39.191],[40.51,39.256],[40.478,39.579],[39.848,39.579],[39.751,39.45],[39.209,39.514],[38.954,39.385],[38.745,39.579],[38.93,39.773],[38.79,39.902],[40.398,40.096],[40.507,40.291],[40.754,40.355],[40.774,40.485],[40.567,40.679],[41.005,40.938],[40.995,40.874],[41.122,40.679],[41.36,40.679],[41.535,41.263],[42.25,41.263],[42.363,41.457],[42.295,41.522],[42.533,41.522],[42.556,41.652],[43.784,41.392],[44.034,41.457],[44.237,41.263],[45.124,41.327],[45.259,41.198],[45.247,41.133],[45.675,40.874],[45.492,40.744],[45.524,40.485]]],[[[26.246,38.933],[26.094,38.997],[26.103,39.126],[25.793,39.191],[26.044,39.385],[26.123,39.385],[26.511,39.32],[26.644,38.997],[26.246,38.933]]],[[[47.145,39.838],[47.066,39.838],[47.077,39.902],[47.156,39.902],[47.145,39.838]]],[[[46.999,39.902],[46.92,39.902],[46.931,39.967],[47.01,39.967],[46.999,39.902]]]]}},{"type":"Feature","id":"cliopatria-0bd51d422db517352f1baf9e","properties":{"NAME":"Antigonid Macedonia","ABBREVN":null,"CONTROL":null,"SUBJECTO":"Antigonid Macedonia","PARTOF":null,"BORDERPRECISION":1,"FromYear":-197,"ToYear":-171,"Area":50293.87207841395,"Type":"POLITY","Wikipedia":"Antigonid dynasty","Wikidata":"Q237325","SeshatID":"gr_antigonid_emp","Components":"","MemberOf":"","sourceFeatureId":"cliopatria-0bd51d422db517352f1baf9e","datasetId":"cliopatria"},"geometry":{"type":"MultiPolygon","coordinates":[[[[29.255,36.417],[29.11,36.546],[29.125,36.739],[28.357,36.868],[28.187,36.675],[28.031,36.675],[28.226,37.19],[28.304,37.19],[29.369,36.868],[29.363,36.804],[29.441,36.804],[29.446,36.868],[29.597,36.804],[29.581,36.61],[29.333,36.417],[29.317,36.224],[29.24,36.224],[29.245,36.288],[29.167,36.288],[29.172,36.353],[29.255,36.417]]],[[[26.865,36.675],[27.039,36.933],[27.117,36.933],[27.185,36.804],[26.865,36.675]]],[[[27.35,36.933],[27.195,36.933],[27.209,37.126],[27.286,37.126],[27.442,37.126],[27.35,36.933]]],[[[26.314,37.706],[26.305,37.577],[25.988,37.513],[26.08,37.706],[26.158,37.706],[26.314,37.706]]],[[[27.012,37.642],[26.622,37.642],[26.557,37.835],[26.636,37.835],[27.026,37.835],[27.012,37.642]]],[[[24.043,41.198],[24.038,41.133],[23.385,40.874],[23.192,40.355],[23.113,40.355],[22.884,40.485],[22.892,40.614],[22.572,40.55],[22.544,40.096],[22.702,40.096],[22.694,39.967],[22.615,39.967],[22.137,39.902],[21.923,40.291],[21.369,40.291],[21.301,40.485],[20.912,40.614],[20.916,40.679],[20.836,40.679],[20.84,40.744],[20.843,40.809],[20.847,40.874],[20.85,40.938],[20.944,41.198],[21.273,41.392],[21.285,41.587],[21.133,41.717],[21.16,42.171],[21.239,42.171],[21.407,42.301],[22.455,42.431],[22.442,42.236],[22.593,42.106],[22.753,42.106],[23.054,41.847],[23.448,41.782],[23.669,41.522],[23.828,41.522],[23.744,41.457],[23.809,41.263],[23.889,41.263],[23.884,41.198],[23.964,41.198],[24.043,41.198]]]]}},{"type":"Feature","id":"cliopatria-ff539e93e56f626f24a73235","properties":{"NAME":"Xiongnu","ABBREVN":null,"CONTROL":null,"SUBJECTO":"Xiongnu","PARTOF":null,"BORDERPRECISION":1,"FromYear":-197,"ToYear":-171,"Area":4113926.1447961894,"Type":"POLITY","Wikipedia":"Xiongnu","Wikidata":"Q188836","SeshatID":"mn_hunnu_emp","Components":"","MemberOf":"","sourceFeatureId":"cliopatria-ff539e93e56f626f24a73235","datasetId":"cliopatria"},"geometry":{"type":"MultiPolygon","coordinates":[[[[98.836,54.071],[100.48,54.071],[100.43,54.003],[101.763,53.935],[101.712,53.868],[104.34,53.462],[104.289,53.395],[104.962,53.26],[104.911,53.192],[105.083,53.192],[105.032,53.125],[106.408,52.788],[105.915,52.586],[105.265,52.049],[104.44,51.848],[103.845,51.848],[103.572,51.58],[104.118,51.513],[104.072,51.447],[104.834,51.447],[105.74,51.647],[106.006,51.781],[106.398,52.318],[106.825,52.318],[106.925,52.452],[107.096,52.452],[107.045,52.385],[107.216,52.385],[107.166,52.318],[107.627,52.25],[107.577,52.183],[107.953,52.116],[107.903,52.049],[108.073,52.049],[108.024,51.982],[109.234,51.781],[109.184,51.714],[109.404,51.781],[109.389,51.647],[109.778,51.714],[109.678,51.58],[110.018,51.58],[109.968,51.513],[110.511,51.447],[110.461,51.38],[113.916,51.246],[113.865,51.179],[115.823,50.979],[115.772,50.912],[116.11,50.912],[116.058,50.845],[116.597,50.779],[116.546,50.712],[116.799,50.712],[116.748,50.645],[118.343,50.313],[118.292,50.246],[118.544,50.246],[118.493,50.179],[118.829,50.179],[118.778,50.113],[119.147,50.046],[119.096,49.98],[119.582,49.847],[119.531,49.781],[119.699,49.781],[119.648,49.714],[119.899,49.714],[121.096,50.179],[121.044,50.113],[121.296,50.113],[121.244,50.046],[121.495,50.046],[121.444,49.98],[121.611,49.98],[121.56,49.914],[122.61,49.648],[122.558,49.582],[122.725,49.582],[122.674,49.515],[123.723,49.25],[123.672,49.184],[124.237,49.051],[124.186,48.985],[124.57,49.051],[124.52,48.985],[124.686,48.985],[124.635,48.919],[124.834,48.853],[124.784,48.787],[125.033,48.787],[124.983,48.72],[125.348,48.654],[125.298,48.588],[125.58,48.522],[125.53,48.456],[125.779,48.456],[125.729,48.39],[125.895,48.39],[125.845,48.324],[126.094,48.324],[126.044,48.258],[126.209,48.258],[126.16,48.192],[126.408,48.192],[126.358,48.126],[126.524,48.126],[126.474,48.06],[126.723,48.06],[126.673,47.994],[126.838,47.994],[126.789,47.928],[127.351,47.796],[127.302,47.73],[127.583,47.664],[127.534,47.598],[127.781,47.598],[127.732,47.532],[127.897,47.532],[127.848,47.466],[128.095,47.466],[128.046,47.401],[128.211,47.401],[128.162,47.335],[128.409,47.335],[128.36,47.269],[128.525,47.269],[128.476,47.203],[128.723,47.203],[128.674,47.137],[128.838,47.137],[128.789,47.072],[129.036,47.072],[128.987,47.006],[129.152,47.006],[129.103,46.94],[129.349,46.94],[129.301,46.874],[129.58,46.809],[129.532,46.743],[129.893,46.677],[129.782,46.415],[129.864,46.415],[129.74,46.021],[129.821,46.021],[129.631,45.759],[128.434,44.647],[128.242,44.255],[127.991,44.124],[125.676,41.717],[125.553,41.392],[125.513,41.327],[124.837,41.133],[124.439,41.263],[124.479,41.327],[124.24,41.327],[124.28,41.392],[124.002,41.457],[124.042,41.522],[123.803,41.522],[123.843,41.587],[123.564,41.652],[123.604,41.717],[123.365,41.717],[123.405,41.782],[123.127,41.847],[123.167,41.911],[122.928,41.911],[118.979,40.614],[117.453,40.291],[117.109,40.096],[116.102,39.838],[115.55,39.838],[115.283,40.226],[114.764,40.291],[114.799,40.355],[114.448,40.291],[114.482,40.355],[114.008,40.355],[114.042,40.42],[113.488,40.42],[112.629,40.291],[112.078,39.838],[111.486,38.803],[110.133,38.093],[108.754,36.739],[108.302,36.031],[107.267,35.773],[106.7,35.516],[106.493,35.58],[106.185,35.387],[105.259,35.194],[105.284,35.258],[105.951,35.773],[105.847,35.902],[106.08,36.288],[106.029,36.353],[104.166,36.739],[102.871,37.19],[102.611,37.126],[102.586,37.255],[102.119,37.448],[102.096,37.771],[101.755,37.513],[101.601,37.706],[101.315,37.771],[101.29,37.9],[100.796,38.029],[100.799,38.222],[100.642,38.222],[100.414,38.61],[100.199,38.287],[99.862,38.416],[99.379,39.126],[99.092,39.191],[99.12,39.256],[98.958,39.062],[98.384,39.191],[98.117,38.933],[97.96,38.933],[97.857,39.062],[97.492,39.126],[97.468,39.256],[96.763,39.45],[96.681,39.256],[96.76,39.256],[96.678,39.062],[96.757,39.062],[96.677,38.868],[96.755,38.868],[96.649,38.61],[96.414,38.61],[96.31,38.739],[95.682,38.933],[95.319,39.385],[94.977,39.32],[94.506,39.514],[93.955,39.514],[93.193,39.385],[93.272,39.579],[93.193,39.579],[93.169,39.902],[93.09,39.902],[93.444,40.55],[93.523,40.55],[93.817,40.679],[94.184,41.327],[94.789,41.782],[94.392,42.301],[94.367,42.756],[94.238,42.821],[94.3,42.951],[93.907,43.472],[93.616,43.538],[93.549,43.733],[93.209,43.863],[93.191,43.994],[92.249,44.385],[92.281,44.451],[91.957,44.451],[91.858,44.581],[91.696,44.581],[91.728,44.647],[91.484,44.647],[91.516,44.712],[91.223,44.777],[91.254,44.843],[91.092,44.843],[90.974,45.104],[90.812,45.104],[90.612,45.366],[90.675,45.497],[90.544,45.562],[90.962,46.087],[90.863,46.218],[90.959,46.743],[90.222,47.73],[89.925,47.796],[89.959,47.862],[89.628,47.862],[89.53,47.994],[88.951,47.994],[88.853,48.126],[88.687,48.126],[88.671,48.258],[88.373,48.324],[88.358,48.456],[87.977,48.522],[87.946,48.787],[87.78,48.787],[87.681,48.919],[87.784,49.118],[87.118,49.118],[87.186,49.25],[86.804,49.316],[86.74,49.515],[86.524,49.582],[86.629,49.781],[86.239,49.515],[85.187,49.582],[84.876,50.113],[84.274,50.246],[83.918,50.845],[83.616,50.912],[83.736,50.979],[83.905,51.447],[84.186,51.647],[84.648,52.318],[85.309,52.721],[87.946,53.395],[88.977,53.53],[89.063,53.665],[89.451,53.597],[91.437,53.868],[93.941,53.868],[95.377,54.071],[98.75,54.071],[98.836,54.071]]],[[[109.524,51.714],[109.439,51.714],[109.489,51.781],[109.574,51.781],[109.524,51.714]]]]}},{"type":"Feature","id":"cliopatria-418c053c9291efaa85dc2366","properties":{"NAME":"Carthage","ABBREVN":null,"CONTROL":null,"SUBJECTO":"Carthage","PARTOF":null,"BORDERPRECISION":1,"FromYear":-197,"ToYear":-165,"Area":46315.275517195936,"Type":"POLITY","Wikipedia":"Ancient Carthage","Wikidata":"Q2429397","SeshatID":"tn_carthage_emp","Components":"","MemberOf":"","sourceFeatureId":"cliopatria-418c053c9291efaa85dc2366","datasetId":"cliopatria"},"geometry":{"type":"MultiPolygon","coordinates":[[[[10.851,35.645],[11.083,35.58],[11.083,35.387],[11.006,35.387],[11.083,35.001],[10.851,34.937],[10.851,34.808],[10.081,34.293],[10.004,34.293],[9.386,34.808],[9.228,35.258],[8.917,35.516],[8.992,35.773],[8.837,35.838],[8.835,36.031],[8.678,36.224],[8.676,36.417],[8.908,36.546],[8.828,36.804],[8.828,36.868],[8.749,36.997],[8.903,37.126],[9.059,37.062],[9.603,37.319],[9.993,37.19],[10.227,37.255],[10.228,37.062],[10.305,37.062],[10.228,36.804],[10.462,36.739],[11.006,36.997],[11.006,36.804],[10.462,36.417],[10.54,36.353],[10.464,35.902],[10.851,35.709],[10.851,35.645]]]]}},{"type":"Feature","id":"cliopatria-ac61bf0d1bc1d64bbbd14b4a","properties":{"NAME":"Kingdom of Numidia","ABBREVN":null,"CONTROL":null,"SUBJECTO":"Kingdom of Numidia","PARTOF":null,"BORDERPRECISION":1,"FromYear":-197,"ToYear":-145,"Area":306737.2640750468,"Type":"POLITY","Wikipedia":"Jugurtha","Wikidata":"Q156173","SeshatID":"dz_numidia","Components":"","MemberOf":"","sourceFeatureId":"cliopatria-ac61bf0d1bc1d64bbbd14b4a","datasetId":"cliopatria"},"geometry":{"type":"MultiPolygon","coordinates":[[[[8.828,36.804],[8.908,36.546],[8.676,36.417],[8.678,36.224],[8.835,36.031],[8.837,35.838],[8.992,35.773],[8.917,35.516],[9.228,35.258],[9.386,34.808],[10.004,34.293],[10.005,34.229],[10.082,34.229],[10.006,33.907],[10.237,33.715],[10.544,33.715],[10.698,33.522],[11.082,33.586],[11.158,33.2],[11.464,33.2],[12.229,32.814],[12.612,32.879],[12.535,32.75],[12.841,32.75],[12.842,32.879],[13.072,32.943],[13.302,32.943],[13.454,32.814],[13.761,32.879],[13.759,32.75],[14.065,32.75],[14.444,32.493],[14.675,32.557],[14.749,32.429],[15.207,32.365],[15.425,31.658],[15.576,31.593],[15.649,31.4],[16.179,31.208],[17.469,31.079],[17.997,30.886],[18.592,30.372],[18.896,30.372],[18.81,29.987],[18.281,30.051],[16.701,30.694],[15.49,30.951],[15.184,30.886],[15.187,31.079],[14.584,31.529],[14.586,31.658],[13.829,32.107],[13.295,32.236],[13.066,32.172],[13.067,32.3],[12.456,32.365],[11.768,32.3],[11.768,32.429],[11.539,32.429],[11.463,32.557],[11.31,32.493],[11.157,32.686],[10.392,33.007],[10.009,33.007],[10.085,33.136],[9.625,33.136],[9.547,33.329],[9.624,33.457],[9.316,33.586],[9.238,33.843],[9.083,33.907],[9.083,34.036],[8.929,34.036],[8.928,34.165],[8.311,34.293],[8.081,34.229],[8.002,34.422],[7.615,34.551],[7.153,34.486],[6.92,34.615],[6.459,34.551],[6.148,34.679],[5.377,34.679],[5.149,34.551],[4.454,34.615],[3.843,34.422],[3.456,34.486],[2.921,34.358],[2.45,34.615],[1.294,34.615],[0.685,34.422],[0.451,34.486],[0.303,34.358],[-1.237,34.358],[-1.305,34.165],[-1.539,34.229],[-1.61,34.1],[-1.693,34.229],[-2.382,34.165],[-2.459,34.165],[-2.854,34.358],[-2.788,34.551],[-2.945,34.615],[-2.96,34.872],[-2.809,34.937],[-2.743,35.13],[-2.665,35.13],[-1.661,35.13],[-1.591,35.258],[-1.359,35.258],[-1.136,35.451],[-1.224,35.645],[-1.066,35.58],[-0.917,35.709],[-0.53,35.709],[-0.459,35.838],[0.084,35.838],[0.376,36.224],[0.684,36.288],[0.678,36.417],[0.914,36.353],[1.216,36.546],[1.53,36.482],[2.377,36.675],[2.69,36.61],[2.841,36.739],[3.23,36.739],[3.459,36.868],[3.85,36.804],[4.235,36.933],[4.859,36.868],[5.098,36.675],[5.564,36.675],[5.639,36.804],[6.106,36.804],[6.103,36.933],[6.334,37.062],[6.805,36.868],[7.194,36.868],[7.346,37.062],[7.502,37.062],[7.738,36.868],[8.516,36.868],[8.749,36.997],[8.828,36.868],[8.828,36.804]]],[[[2.61,34.422],[2.533,34.422],[2.531,34.486],[2.608,34.486],[2.61,34.422]]]]}},{"type":"Feature","id":"cliopatria-645587f3602a4f8f9f3ff356","properties":{"NAME":"Han Dynasty","ABBREVN":null,"CONTROL":null,"SUBJECTO":"Han Dynasty","PARTOF":null,"BORDERPRECISION":1,"FromYear":-197,"ToYear":-127,"Area":2042839.6982293052,"Type":"POLITY","Wikipedia":"Han dynasty","Wikidata":"Q1068371","SeshatID":"cn_western_han_dyn","Components":"","MemberOf":"","sourceFeatureId":"cliopatria-645587f3602a4f8f9f3ff356","datasetId":"cliopatria"},"geometry":{"type":"MultiPolygon","coordinates":[[[[122.045,30.179],[122.273,30.179],[122.28,29.987],[121.977,29.987],[122.022,30.115],[122.045,30.179]]],[[[123.718,39.773],[123.597,39.838],[122.936,39.644],[122.17,39.256],[121.952,38.997],[121.716,38.997],[121.422,38.739],[121.029,38.739],[121.201,39.062],[121.515,39.062],[121.69,39.385],[121.297,39.385],[121.21,39.514],[121.281,39.644],[121.438,39.644],[121.503,39.902],[121.776,39.967],[122.231,40.485],[122.106,40.679],[121.827,40.744],[121.824,40.874],[121.11,40.874],[120.997,40.679],[120.647,40.485],[120.5,40.226],[119.38,39.773],[119.215,39.32],[118.45,39.062],[118.057,39.062],[118.046,39.191],[117.888,39.191],[117.576,38.739],[117.655,38.739],[117.602,38.481],[118.054,38.287],[118.067,38.158],[118.583,38.093],[118.648,38.222],[118.804,38.222],[118.772,38.158],[119.457,37.964],[119.393,37.835],[119.237,37.835],[118.984,37.319],[119.14,37.319],[119.156,37.19],[119.701,37.19],[119.827,37.448],[120.202,37.577],[120.188,37.706],[120.754,37.9],[121.112,37.835],[121.171,37.642],[121.483,37.642],[121.497,37.513],[122.154,37.577],[122.121,37.513],[122.713,37.448],[122.474,37.126],[122.566,36.997],[122.394,36.804],[121.912,36.933],[121.212,36.61],[120.979,36.61],[120.965,36.417],[120.732,36.417],[120.659,36.095],[120.318,36.031],[119.986,35.645],[119.619,35.516],[119.228,34.808],[119.459,34.808],[119.431,34.744],[119.711,34.679],[119.732,34.551],[120.342,34.358],[120.489,34.165],[120.55,33.586],[120.926,33.2],[120.919,32.622],[121.403,32.493],[121.503,32.172],[121.783,32.107],[121.987,31.85],[121.836,31.658],[121.683,31.658],[121.581,31.786],[120.919,31.85],[121.454,31.658],[121.481,31.529],[121.634,31.529],[121.584,31.4],[121.737,31.4],[121.995,31.079],[121.899,30.822],[121.519,30.822],[121.197,30.565],[121.045,30.565],[120.68,30.179],[120.809,30.115],[121.105,30.308],[121.484,30.308],[121.62,30.051],[122.03,29.922],[121.865,29.665],[122.016,29.665],[121.938,29.215],[121.712,29.215],[121.745,29.537],[121.571,29.472],[121.647,29.472],[121.539,29.151],[121.744,29.087],[121.714,28.765],[121.522,28.637],[121.652,28.572],[121.646,28.315],[121.153,28.187],[121.193,28.315],[121.118,28.315],[121.038,28.058],[120.868,27.994],[120.715,27.737],[120.657,27.544],[120.733,27.544],[120.545,27.158],[120.395,27.158],[120.247,26.901],[120.096,26.901],[120.061,26.772],[120.211,26.772],[120.158,26.579],[119.84,26.515],[119.938,26.322],[119.587,26.129],[119.57,26.065],[119.254,26.001],[119.137,26.129],[119.009,26.772],[118.877,26.837],[118.625,27.801],[118.494,27.865],[118.422,28.38],[118.291,28.444],[118.351,28.637],[118.165,28.765],[118.036,29.537],[117.808,29.537],[117.7,29.665],[116.53,29.794],[116.27,29.922],[116.129,30.179],[115.977,30.179],[115.804,30.115],[115.642,29.858],[115.259,28.894],[115.335,28.894],[114.953,26.772],[115.028,26.772],[114.961,26.515],[115.228,26.387],[114.781,25.486],[114.533,24.393],[113.828,24.586],[112.109,24.586],[111.457,24.329],[111.022,24.393],[111.036,24.458],[111.356,24.908],[111.606,25.679],[111.546,25.744],[111.82,26.258],[111.965,26.837],[111.89,26.837],[112.055,27.737],[111.94,27.865],[111.955,28.187],[111.727,28.444],[110.802,28.894],[110.443,28.958],[108.27,29.022],[107.647,28.958],[106.726,28.637],[106.273,28.637],[106.028,28.572],[106.069,28.444],[105.616,28.444],[105.43,28.315],[104.618,28.38],[104.066,28.572],[103.898,28.508],[103.857,28.637],[102.927,28.83],[102.602,29.022],[101.614,29.279],[101.44,29.472],[101.156,29.537],[100.982,29.729],[101.019,29.858],[100.828,29.987],[100.865,30.115],[100.674,30.244],[100.673,30.501],[100.598,30.501],[100.847,31.079],[101.331,31.658],[101.836,32.043],[102.158,32.557],[102.312,33.457],[102.235,33.457],[102.325,33.715],[102.248,33.715],[102.409,34.165],[103.094,34.358],[103.379,34.293],[103.598,34.679],[105.235,35.13],[105.259,35.194],[106.185,35.387],[106.493,35.58],[106.7,35.516],[107.267,35.773],[108.302,36.031],[108.754,36.739],[110.133,38.093],[111.486,38.803],[112.078,39.838],[112.629,40.291],[113.488,40.42],[114.042,40.42],[114.008,40.355],[114.482,40.355],[114.448,40.291],[114.799,40.355],[114.764,40.291],[115.283,40.226],[115.55,39.838],[116.102,39.838],[117.109,40.096],[117.453,40.291],[118.979,40.614],[122.928,41.911],[123.167,41.911],[123.127,41.847],[123.405,41.782],[123.365,41.717],[123.604,41.717],[123.564,41.652],[123.843,41.587],[123.803,41.522],[124.042,41.522],[124.002,41.457],[124.28,41.392],[124.24,41.327],[124.479,41.327],[124.439,41.263],[124.837,41.133],[124.412,40.291],[123.797,39.773],[123.718,39.773]]]]}},{"type":"Feature","id":"cliopatria-ba1ad1ace105a866b10335e2","properties":{"NAME":"Gojoseon","ABBREVN":null,"CONTROL":null,"SUBJECTO":"Gojoseon","PARTOF":null,"BORDERPRECISION":1,"FromYear":-197,"ToYear":-111,"Area":81296.00312829023,"Type":"POLITY","Wikipedia":"Gojoseon","Wikidata":"Q28405","SeshatID":"","Components":"","MemberOf":"","sourceFeatureId":"cliopatria-ba1ad1ace105a866b10335e2","datasetId":"cliopatria"},"geometry":{"type":"MultiPolygon","coordinates":[[[[127.336,40.679],[127.415,40.679],[127.653,40.679],[127.574,40.42],[127.654,40.291],[127.931,40.226],[128.052,40.032],[127.545,39.708],[127.665,39.644],[127.441,39.256],[127.798,39.191],[127.761,39.126],[127.18,38.933],[126.902,38.287],[126.348,37.835],[126.27,37.835],[125.845,37.771],[125.835,37.9],[125.678,37.9],[125.387,37.642],[125.231,37.642],[125.298,37.771],[125.209,37.9],[124.897,37.9],[125.077,38.093],[124.764,38.093],[124.866,38.287],[124.788,38.287],[124.961,38.61],[125.153,38.674],[125.189,38.739],[125.032,38.739],[125.39,39.385],[125.306,39.514],[124.87,39.579],[124.865,39.708],[124.512,39.644],[124.345,39.902],[123.876,39.773],[123.797,39.773],[124.412,40.291],[124.837,41.133],[125.513,41.327],[125.592,41.327],[126.108,41.263],[126.068,41.198],[126.347,41.263],[126.266,41.133],[127.297,40.874],[127.336,40.679]]]]}},{"type":"Feature","id":"cliopatria-6d6c7f38d86d0bd7ee33c3ea","properties":{"NAME":"Korean Jin","ABBREVN":null,"CONTROL":null,"SUBJECTO":"Korean Jin","PARTOF":null,"BORDERPRECISION":1,"FromYear":-197,"ToYear":-111,"Area":112813.62666535315,"Type":"POLITY","Wikipedia":"Jin (Korean state)","Wikidata":"Q1155101","SeshatID":"","Components":"","MemberOf":"","sourceFeatureId":"cliopatria-6d6c7f38d86d0bd7ee33c3ea","datasetId":"cliopatria"},"geometry":{"type":"MultiPolygon","coordinates":[[[[128.918,37.964],[129.529,37.062],[129.421,36.095],[129.577,36.095],[129.667,35.966],[129.521,35.516],[129.147,35.065],[128.529,35.065],[128.545,34.937],[128.807,35.001],[128.685,34.744],[128.454,34.744],[128.514,34.872],[128.283,34.872],[128.314,34.937],[128.082,34.937],[128.068,34.744],[127.759,34.744],[127.378,34.422],[127.224,34.422],[127.13,34.551],[127.297,34.744],[127.22,34.744],[127.023,34.486],[126.626,34.293],[126.425,34.358],[126.484,34.486],[126.348,34.358],[126.117,34.358],[126.264,34.679],[126.419,34.679],[126.478,34.808],[126.2,34.872],[126.381,35.258],[126.304,35.258],[126.519,35.709],[126.768,35.902],[126.613,35.902],[126.676,36.031],[126.521,36.031],[126.429,36.16],[126.452,36.675],[126.264,36.61],[126.05,36.804],[126.681,37.126],[126.603,37.126],[126.702,37.319],[126.535,37.448],[126.603,37.577],[126.29,37.577],[126.314,37.771],[126.348,37.835],[126.902,38.287],[127.18,38.933],[127.761,39.126],[127.84,39.126],[127.923,38.997],[128.201,38.933],[128.207,38.803],[128.364,38.803],[128.84,37.964],[128.918,37.964]]]]}},{"type":"Feature","id":"cliopatria-5b23d3d305b72def3e39a052","properties":{"NAME":"Mauretania","ABBREVN":null,"CONTROL":null,"SUBJECTO":"Mauretania","PARTOF":null,"BORDERPRECISION":1,"FromYear":-197,"ToYear":-111,"Area":69468.55730687708,"Type":"POLITY","Wikipedia":"Mauretania","Wikidata":"Q309272","SeshatID":"","Components":"","MemberOf":"","sourceFeatureId":"cliopatria-5b23d3d305b72def3e39a052","datasetId":"cliopatria"},"geometry":{"type":"MultiPolygon","coordinates":[[[[-3.287,35.194],[-2.982,35.258],[-2.993,35.451],[-2.838,35.451],[-2.82,35.13],[-2.743,35.13],[-2.809,34.937],[-2.96,34.872],[-2.945,34.615],[-2.788,34.551],[-2.854,34.358],[-2.459,34.165],[-2.536,34.165],[-3.763,34.1],[-4.141,33.972],[-4.21,33.843],[-4.367,33.907],[-5.039,33.586],[-5.274,33.65],[-5.799,33.457],[-6.033,33.522],[-6.634,33.329],[-6.703,33.2],[-6.937,33.264],[-7.528,32.943],[-8.064,32.943],[-8.154,33.136],[-8.47,33.264],[-8.403,33.393],[-7.13,33.843],[-7.062,33.972],[-6.904,33.907],[-6.614,34.165],[-6.7,34.293],[-6.473,34.358],[-6.482,34.486],[-6.332,34.551],[-6.277,34.872],[-6.2,34.872],[-6.291,35.065],[-6.132,35.001],[-6.145,35.194],[-6,35.323],[-5.877,35.773],[-5.339,35.838],[-5.24,35.516],[-4.755,35.194],[-3.364,35.194],[-3.287,35.194]]]]}},{"type":"Feature","id":"cliopatria-497ccaec111b00be3bb1a88d","properties":{"NAME":"Ankhwennefer","ABBREVN":null,"CONTROL":null,"SUBJECTO":"Ankhwennefer","PARTOF":null,"BORDERPRECISION":1,"FromYear":-188,"ToYear":-171,"Area":110255.9174631139,"Type":"POLITY","Wikipedia":"Ankhwennefer (pharaoh)","Wikidata":"Q489289","SeshatID":"","Components":"","MemberOf":"","sourceFeatureId":"cliopatria-497ccaec111b00be3bb1a88d","datasetId":"cliopatria"},"geometry":{"type":"MultiPolygon","coordinates":[[[[34.737,25.422],[34.812,25.422],[35.146,24.651],[35.86,24.008],[35.854,23.879],[35.559,23.943],[35.553,23.815],[35.108,23.879],[33.756,23.686],[33.682,23.686],[33.389,23.815],[32.041,23.686],[31.67,23.751],[30.537,23.365],[30.463,23.365],[30.395,23.558],[30.248,23.622],[30.251,23.686],[30.958,24.586],[30.608,25.165],[30.616,25.358],[30.691,25.358],[30.711,25.808],[31.104,26.194],[32.164,26.387],[32.304,26.194],[32.604,26.194],[33.031,25.744],[33.845,25.551],[33.988,25.422],[34.737,25.422]]]]}},{"type":"Feature","id":"cliopatria-377e491a1f6fd815c8f7a1b8","properties":{"NAME":"Atropatene","ABBREVN":null,"CONTROL":null,"SUBJECTO":"Atropatene","PARTOF":null,"BORDERPRECISION":1,"FromYear":-188,"ToYear":-171,"Area":147248.59672960456,"Type":"POLITY","Wikipedia":"Atropatene","Wikidata":"Q260437","SeshatID":"","Components":"","MemberOf":"","sourceFeatureId":"cliopatria-377e491a1f6fd815c8f7a1b8","datasetId":"cliopatria"},"geometry":{"type":"MultiPolygon","coordinates":[[[[49.999,37.384],[50.321,36.997],[50.566,37.062],[50.632,36.997],[50.532,36.868],[50.821,36.739],[52.03,36.546],[52.108,36.546],[52.008,36.417],[50.855,36.031],[50.48,35.645],[49.608,35.516],[49.413,35.258],[48.774,35.13],[47.954,35.323],[46.031,35.387],[45.217,35.645],[45.195,36.031],[45.118,36.031],[45.251,36.933],[45.446,37.19],[45.29,37.19],[45.252,37.448],[45.174,37.448],[45.224,37.771],[45.635,37.9],[45.854,38.287],[46.121,38.481],[47.252,38.674],[48.326,38.093],[48.795,38.093],[48.874,38.093],[48.829,37.835],[49.029,37.642],[49.018,37.577],[49.999,37.384]]]]}},{"type":"Feature","id":"cliopatria-259c753d7bdd0556195377c6","properties":{"NAME":"Greek City-States","ABBREVN":null,"CONTROL":null,"SUBJECTO":"Greek City-States","PARTOF":null,"BORDERPRECISION":1,"FromYear":-188,"ToYear":-171,"Area":190740.23013512834,"Type":"POLITY","Wikipedia":"Polis","Wikidata":"Q148837","SeshatID":"","Components":"","MemberOf":"","sourceFeatureId":"cliopatria-259c753d7bdd0556195377c6","datasetId":"cliopatria"},"geometry":{"type":"MultiPolygon","coordinates":[[[[24.15,35.387],[24.301,35.323],[25.692,35.323],[25.681,35.13],[26.225,35.194],[26.14,35.065],[24.824,35.001],[24.757,35.194],[24.526,35.194],[24.448,35.194],[23.679,35.258],[23.615,35.516],[24.157,35.516],[24.15,35.387]]],[[[22.887,36.417],[22.965,36.417],[23.117,36.353],[23.107,36.16],[22.874,36.16],[22.887,36.417]]],[[[22.599,36.868],[22.512,36.675],[22.356,36.675],[22.22,37.062],[21.909,37.062],[21.899,36.868],[21.744,36.868],[21.681,37.19],[21.603,37.19],[21.693,37.448],[21.697,37.513],[22.087,37.513],[22.236,37.384],[22.321,37.513],[22.399,37.513],[22.853,37.255],[23.056,36.675],[22.833,36.868],[22.599,36.868]]],[[[24.283,37.706],[24.361,37.706],[24.432,37.577],[24.272,37.513],[24.201,37.642],[24.283,37.706]]],[[[24.986,37.706],[25.064,37.706],[25.22,37.706],[25.286,37.513],[25.052,37.513],[24.986,37.706]]],[[[20.621,37.9],[20.699,37.9],[20.934,37.9],[20.922,37.642],[20.613,37.706],[20.621,37.9]]],[[[24.694,38.029],[24.772,38.029],[25.068,37.771],[24.83,37.706],[24.682,37.835],[24.694,38.029]]],[[[21.631,37.771],[21.397,37.771],[21.319,37.771],[21.322,37.835],[21.244,37.835],[21.247,37.9],[21.25,37.964],[21.328,37.964],[21.331,38.029],[21.334,38.093],[21.412,38.093],[21.637,37.9],[21.631,37.771]]],[[[20.328,38.351],[20.488,38.416],[20.566,38.416],[20.795,38.287],[20.786,38.093],[20.32,38.158],[20.328,38.351]]],[[[23.567,38.803],[23.563,38.739],[23.485,38.739],[23.489,38.803],[23.567,38.803]]],[[[24.365,38.997],[24.444,38.997],[24.675,38.933],[24.662,38.739],[24.357,38.868],[24.365,38.997]]],[[[22.958,39.126],[23.493,38.868],[23.332,38.803],[23.025,38.933],[22.943,38.868],[23.01,38.674],[23.167,38.674],[23.313,38.481],[23.626,38.481],[23.563,38.739],[24.03,38.674],[24.179,38.545],[24.159,38.222],[24.002,38.222],[23.979,37.835],[23.286,38.029],[23.216,38.158],[22.981,38.158],[22.988,38.287],[22.604,38.416],[21.193,38.416],[20.974,38.739],[20.741,38.803],[20.911,39.062],[20.678,39.126],[20.53,39.32],[20.845,39.32],[21.075,39.191],[21.314,39.256],[21.321,39.385],[20.943,39.708],[20.95,39.838],[20.559,39.902],[20.575,40.226],[20.909,40.55],[20.912,40.614],[21.301,40.485],[21.369,40.291],[21.923,40.291],[22.137,39.902],[22.615,39.967],[22.611,39.902],[22.69,39.902],[22.686,39.838],[22.765,39.838],[22.761,39.773],[22.757,39.708],[22.836,39.708],[22.832,39.644],[23.135,39.45],[22.816,39.385],[22.797,39.062],[22.958,39.126]]],[[[25.067,40.032],[25.146,40.032],[25.462,40.032],[25.447,39.838],[24.974,39.838],[25.067,40.032]]],[[[24.491,40.809],[24.57,40.809],[24.808,40.809],[24.794,40.614],[24.551,40.55],[24.491,40.809]]],[[[25.24,41.263],[25.161,41.263],[25.166,41.327],[25.245,41.327],[25.24,41.263]]],[[[20.662,41.847],[20.756,42.106],[20.916,42.106],[21.004,42.236],[21.08,42.171],[21.16,42.171],[21.133,41.717],[21.285,41.587],[21.273,41.392],[20.944,41.198],[20.85,40.938],[20.771,40.938],[20.699,41.068],[20.54,41.068],[20.478,41.392],[20.481,41.457],[20.402,41.457],[20.412,41.652],[20.492,41.652],[20.503,41.847],[20.662,41.847]]],[[[5.063,43.472],[4.178,43.472],[4.173,43.603],[3.851,43.603],[2.985,43.147],[3.01,42.561],[3.178,42.366],[3.04,41.847],[2.698,42.366],[2.775,42.431],[2.669,43.017],[2.75,43.017],[2.741,43.212],[3.446,43.668],[4.728,43.863],[5.87,43.407],[6.594,43.407],[6.597,43.277],[6.278,43.147],[6.198,43.147],[5.796,43.147],[5.632,43.277],[5.391,43.277],[5.387,43.407],[5.063,43.472]]],[[[25.339,37.126],[25.417,37.126],[25.573,37.126],[25.564,36.997],[25.331,36.997],[25.339,37.126]]],[[[35.982,36.868],[35.904,36.868],[35.834,36.933],[35.488,36.61],[35.332,36.61],[35.113,36.739],[34.95,36.675],[34.893,36.868],[34.582,36.868],[34.251,36.675],[33.979,36.288],[33.274,36.224],[32.713,36.031],[32.558,36.031],[32.499,36.224],[32.068,36.61],[31.763,36.675],[31.769,36.739],[32.553,36.804],[32.72,36.933],[32.864,36.804],[33.097,36.804],[33.434,37.062],[33.985,37.126],[34.304,37.19],[34.565,37.448],[34.877,37.448],[35.054,37.642],[35.671,37.577],[35.998,37.706],[36.348,38.029],[37.115,37.9],[37.13,38.029],[37.764,38.093],[37.638,37.706],[37.989,37.384],[37.958,37.126],[38.176,36.997],[38.161,36.868],[37.601,36.739],[37.523,36.739],[37.198,36.61],[36.159,37.062],[35.996,36.997],[35.982,36.868]]],[[[25.899,38.481],[25.821,38.481],[25.913,38.674],[25.991,38.674],[26.217,38.545],[26.111,38.158],[25.876,38.158],[25.899,38.481]]],[[[26.094,38.997],[26.103,39.126],[25.793,39.191],[26.044,39.385],[26.123,39.385],[26.511,39.32],[26.644,38.997],[26.246,38.933],[26.094,38.997]]],[[[25.719,40.291],[25.798,40.291],[26.035,40.291],[26.025,40.161],[25.704,40.096],[25.719,40.291]]],[[[28.097,40.355],[28.103,40.42],[28.182,40.42],[28.17,40.291],[27.696,40.291],[27.701,40.355],[27.781,40.355],[27.786,40.42],[27.792,40.485],[27.871,40.485],[27.95,40.485],[27.945,40.42],[27.939,40.355],[28.018,40.355],[28.097,40.355]]],[[[27.527,41.068],[27.181,40.744],[26.621,40.679],[26.072,40.744],[26.082,40.874],[25.849,40.938],[24.347,41.003],[24.011,40.744],[23.698,40.809],[23.685,40.614],[23.839,40.55],[23.737,40.226],[23.271,40.355],[23.192,40.355],[23.385,40.874],[24.038,41.133],[24.118,41.133],[24.272,41.068],[24.684,41.263],[25.161,41.263],[26.495,41.068],[26.989,41.263],[27.091,41.522],[27.483,41.457],[27.472,41.327],[27.631,41.327],[27.728,41.522],[28.139,41.652],[28.292,41.587],[28.352,41.392],[28.976,41.263],[28.963,41.133],[29.367,41.198],[29.255,40.874],[29.103,40.938],[29.116,41.068],[28.712,41.003],[28.633,41.003],[28.407,41.133],[28.169,41.133],[28.077,41.003],[27.527,41.068]]],[[[40.46,41.003],[40.598,40.874],[40.578,40.744],[40.409,40.679],[39.616,40.679],[39.398,40.809],[39.002,40.809],[38.824,40.679],[37.873,40.679],[37.355,40.938],[36.509,41.133],[36.527,41.263],[36.607,41.263],[36.775,41.327],[37.065,41.133],[37.233,41.198],[37.215,41.068],[37.771,41.068],[37.831,40.938],[38.158,41.003],[38.298,40.874],[38.952,41.003],[38.962,41.068],[39.21,41.133],[39.736,40.938],[40.381,41.003],[40.46,41.003]]],[[[31.512,41.198],[31.361,41.263],[31.693,41.392],[31.592,41.198],[31.512,41.198]]],[[[35.006,41.782],[35.015,41.847],[34.793,41.976],[35.121,42.041],[35.086,41.782],[35.006,41.782]]],[[[27.384,42.106],[27.464,42.106],[27.317,42.236],[27.329,42.366],[27.175,42.431],[27.193,42.626],[27.657,43.277],[27.998,43.472],[28.119,43.863],[28.3,44.059],[28.341,44.451],[28.422,44.451],[28.368,44.712],[28.64,44.973],[28.802,44.973],[28.841,44.581],[28.577,44.385],[28.536,43.994],[28.616,43.994],[28.481,43.472],[28.159,43.472],[28.226,43.342],[27.898,43.277],[27.805,43.147],[27.853,42.821],[27.847,42.756],[27.514,42.626],[27.495,42.431],[27.796,42.236],[27.924,41.911],[27.612,41.976],[27.538,42.041],[27.532,41.976],[27.452,41.976],[27.458,42.041],[27.378,42.041],[27.384,42.106]],[[27.538,42.041],[27.464,42.106],[27.458,42.041],[27.538,42.041]]],[[[40.416,43.147],[40.219,43.407],[39.978,43.407],[39.63,43.733],[40.414,43.603],[40.322,43.538],[40.38,43.407],[41.15,43.212],[41.208,43.082],[41.437,43.017],[41.414,42.886],[41.334,42.886],[41.173,42.886],[41.116,43.017],[40.817,43.147],[40.416,43.147]]],[[[40.033,43.733],[39.953,43.733],[39.964,43.798],[40.045,43.798],[40.033,43.733]]],[[[33.548,44.647],[33.61,45.104],[33.23,45.3],[33.637,45.3],[33.917,44.973],[34.604,45.235],[35.183,45.3],[35.154,45.104],[35.235,45.104],[35.135,44.973],[35.125,44.908],[34.376,44.777],[33.926,44.451],[33.521,44.451],[33.467,44.647],[33.548,44.647]]],[[[31.533,46.677],[30.877,46.677],[30.298,45.955],[30.045,45.89],[29.859,45.693],[29.614,45.693],[29.644,45.955],[30.189,46.415],[30.271,46.415],[30.458,46.612],[31.065,46.874],[31.082,47.006],[31.567,46.94],[31.533,46.677]]]]}},{"type":"Feature","id":"cliopatria-7328c2294b182db47237cc1a","properties":{"NAME":"Kalinga","ABBREVN":null,"CONTROL":null,"SUBJECTO":"Kalinga","PARTOF":null,"BORDERPRECISION":1,"FromYear":-188,"ToYear":-171,"Area":81308.41485314148,"Type":"POLITY","Wikipedia":"Kalinga","Wikidata":"Q356524","SeshatID":"","Components":"","MemberOf":"","sourceFeatureId":"cliopatria-7328c2294b182db47237cc1a","datasetId":"cliopatria"},"geometry":{"type":"MultiPolygon","coordinates":[[[[85.802,19.701],[85.728,19.701],[85.497,19.636],[85.522,19.829],[85.374,19.829],[85.415,19.572],[84.749,18.993],[84.38,18.415],[84.052,18.158],[83.748,18.093],[83.561,17.772],[82.916,17.322],[82.614,17.258],[82.436,17],[82.362,17],[82.082,17.129],[81.884,17.322],[81.899,17.45],[81.693,17.579],[81.517,17.965],[81.548,18.222],[82.858,19.251],[85.35,20.793],[86.141,20.601],[86.157,20.151],[86.436,20.022],[86.428,19.958],[85.802,19.701]]]]}},{"type":"Feature","id":"cliopatria-f10b002ff9c7eb699e03c35f","properties":{"NAME":"Kingdom of Pergamon","ABBREVN":null,"CONTROL":null,"SUBJECTO":"Kingdom of Pergamon","PARTOF":null,"BORDERPRECISION":1,"FromYear":-188,"ToYear":-171,"Area":175955.6172311701,"Type":"POLITY","Wikipedia":"Kingdom of Pergamon","Wikidata":"Q2022162","SeshatID":"tr_pergamon_k","Components":"","MemberOf":"","sourceFeatureId":"cliopatria-f10b002ff9c7eb699e03c35f","datasetId":"cliopatria"},"geometry":{"type":"MultiPolygon","coordinates":[[[[26.305,37.577],[25.988,37.513],[26.08,37.706],[26.158,37.706],[26.314,37.706],[26.305,37.577]]],[[[27.012,37.642],[26.622,37.642],[26.557,37.835],[26.636,37.835],[27.026,37.835],[27.012,37.642]]],[[[28.493,40.355],[28.572,40.355],[28.651,40.355],[28.73,40.355],[28.955,40.226],[29.35,40.226],[29.455,40.485],[29.936,40.55],[29.923,40.42],[30.068,40.291],[30.457,40.226],[30.602,40.096],[30.589,39.967],[31.299,39.967],[31.378,39.967],[31.233,39.32],[31.443,39.062],[31.424,38.868],[31.738,38.868],[31.803,38.739],[32.189,38.674],[33.587,38.545],[33.617,38.093],[33.696,38.093],[33.648,37.642],[33.785,37.448],[33.941,37.448],[33.985,37.126],[33.434,37.062],[33.097,36.804],[32.864,36.804],[32.72,36.933],[32.553,36.804],[31.769,36.739],[31.691,36.739],[31.086,36.933],[30.619,36.933],[30.519,36.675],[30.514,36.61],[29.876,36.417],[29.571,36.482],[29.701,37.126],[29.4,37.255],[29.26,37.448],[28.724,37.577],[28.678,37.964],[28.454,38.093],[28.141,38.093],[27.969,37.9],[27.73,37.835],[27.183,37.835],[27.187,37.9],[27.275,38.029],[26.889,38.093],[26.82,38.222],[26.429,38.222],[26.384,38.674],[26.536,38.61],[26.595,38.351],[27.065,38.351],[27.08,38.545],[26.849,38.61],[26.958,38.997],[26.879,38.997],[26.894,39.191],[26.742,39.256],[26.847,39.579],[26.132,39.514],[26.168,39.967],[26.247,39.967],[26.272,40.291],[26.605,40.485],[26.684,40.485],[26.673,40.355],[27.47,40.42],[27.617,40.291],[27.696,40.291],[28.17,40.291],[28.182,40.42],[28.261,40.42],[28.34,40.42],[28.334,40.355],[28.413,40.355],[28.493,40.355]]],[[[27.102,40.744],[26.921,40.485],[26.768,40.55],[26.774,40.614],[26.785,40.744],[27.102,40.744]]],[[[26.066,40.679],[26.23,40.744],[26.309,40.744],[26.542,40.679],[26.066,40.679]]]]}},{"type":"Feature","id":"cliopatria-a9a4e7329c2a1fbed54000f9","properties":{"NAME":"Maurya Empire","ABBREVN":null,"CONTROL":null,"SUBJECTO":"Maurya Empire","PARTOF":null,"BORDERPRECISION":1,"FromYear":-188,"ToYear":-171,"Area":1140195.3791244929,"Type":"POLITY","Wikipedia":"Maurya Empire","Wikidata":"Q62943","SeshatID":"in_mauryan_emp","Components":"","MemberOf":"","sourceFeatureId":"cliopatria-a9a4e7329c2a1fbed54000f9","datasetId":"cliopatria"},"geometry":{"type":"MultiPolygon","coordinates":[[[[81.087,30.179],[81.163,30.179],[81.39,30.179],[81.697,29.858],[82.336,29.665],[82.459,29.537],[83.05,29.472],[83.249,29.344],[83.49,29.408],[83.523,29.215],[83.75,29.215],[84.01,29.022],[84.251,29.087],[84.483,28.765],[84.833,28.637],[84.717,28.444],[84.792,28.444],[84.813,28.187],[85.213,27.93],[85.851,27.737],[86.227,27.737],[86.569,27.93],[86.781,27.865],[87.11,27.994],[87.247,27.93],[87.158,27.865],[87.206,27.737],[87.357,27.737],[87.405,27.608],[87.569,27.672],[87.543,27.544],[87.955,27.351],[88.118,27.415],[88.092,27.287],[88.292,27.158],[88.844,27.287],[88.818,27.158],[89.067,26.901],[89.942,26.772],[89.742,26.129],[89.88,26.065],[89.871,25.615],[89.946,25.615],[89.79,25.165],[89.948,24.779],[89.927,24.201],[89.822,24.008],[89.961,23.943],[89.589,22.979],[89.729,22.915],[89.952,22.401],[89.869,21.822],[88.728,21.629],[88.716,22.079],[88.642,22.079],[88.514,21.693],[88.365,21.693],[88.348,21.565],[88.134,21.629],[88.178,21.951],[88.103,21.951],[87.762,21.629],[87.067,21.436],[86.885,21.179],[86.959,21.179],[87.031,20.601],[86.792,20.472],[86.84,20.279],[86.51,20.022],[86.436,20.022],[86.157,20.151],[86.141,20.601],[85.35,20.793],[82.858,19.251],[82.371,19.508],[82.313,19.636],[82.165,19.636],[81.776,20.086],[80.844,20.343],[80.453,20.793],[80.156,20.793],[79.783,20.151],[79.101,20.022],[79.07,19.765],[78.841,19.701],[78.715,19.893],[78.738,20.086],[78.597,20.151],[78.62,20.343],[78.42,20.536],[78.391,20.922],[77.315,21.243],[77.219,21.693],[77.078,21.758],[77.103,22.593],[77.111,22.658],[77.2,23.943],[77.426,25.036],[77.928,25.872],[78.988,26.837],[78.807,27.094],[78.841,27.287],[77.992,27.994],[78.014,28.894],[77.938,28.894],[77.953,29.344],[77.878,29.344],[77.93,29.601],[77.855,29.601],[77.936,29.987],[79.303,31.015],[79.333,31.143],[79.485,31.143],[79.531,31.015],[80.048,30.951],[80.34,30.565],[80.918,30.436],[81.087,30.179]]]]}},{"type":"Feature","id":"cliopatria-3fbeb988f4fd1c66a0fdc808","properties":{"NAME":"Minaeans","ABBREVN":null,"CONTROL":null,"SUBJECTO":"Minaeans","PARTOF":null,"BORDERPRECISION":1,"FromYear":-188,"ToYear":-171,"Area":137479.4767091788,"Type":"POLITY","Wikipedia":"Minaeans","Wikidata":"Q1177379","SeshatID":"","Components":"","MemberOf":"","sourceFeatureId":"cliopatria-3fbeb988f4fd1c66a0fdc808","datasetId":"cliopatria"},"geometry":{"type":"MultiPolygon","coordinates":[[[[42.957,20.279],[42.954,20.215],[43.31,19.958],[43.51,19.572],[43.498,19.379],[43.639,19.251],[43.628,19.058],[43.905,18.736],[43.886,18.415],[44.092,18.158],[44.081,17.965],[44.42,17.45],[44.338,17.322],[44.475,17.129],[44.622,17.129],[44.537,16.936],[45.02,16.358],[45.012,16.229],[45.226,16.1],[45.218,15.972],[45.215,15.908],[44.331,15.908],[44.125,16.165],[43.392,16.229],[43.108,16.422],[42.813,16.422],[42.817,16.486],[42.484,17.129],[42.336,17.129],[42.28,17.45],[41.785,17.836],[41.451,18.479],[41.236,18.608],[41.25,18.865],[41.042,19.122],[40.985,19.443],[40.841,19.508],[40.851,19.701],[40.562,19.829],[40.14,20.279],[39.918,20.279],[40.554,21.115],[41.526,21.243],[41.958,20.986],[42.163,20.665],[42.315,20.729],[42.809,20.279],[42.957,20.279]]]]}},{"type":"Feature","id":"cliopatria-57e8d6b2001b6c85439100f9","properties":{"NAME":"Ptolemaic Kingdom","ABBREVN":null,"CONTROL":null,"SUBJECTO":"Ptolemaic Kingdom","PARTOF":null,"BORDERPRECISION":1,"FromYear":-188,"ToYear":-171,"Area":570196.9895210691,"Type":"POLITY","Wikipedia":"Ptolemaic Kingdom","Wikidata":"Q2320005","SeshatID":"eg_ptolemaic_k_2","Components":"","MemberOf":"","sourceFeatureId":"cliopatria-57e8d6b2001b6c85439100f9","datasetId":"cliopatria"},"geometry":{"type":"MultiPolygon","coordinates":[[[[23.98,32.043],[24.892,31.979],[25.112,31.786],[25.102,31.593],[25.248,31.465],[26.848,31.465],[27.297,31.336],[27.515,31.143],[28.496,31.015],[28.865,30.822],[29.397,30.822],[29.485,31.015],[29.633,30.951],[29.87,31.079],[29.802,31.208],[29.882,31.272],[30.339,31.272],[30.271,31.4],[30.352,31.465],[30.809,31.465],[30.966,31.529],[30.975,31.658],[31.203,31.658],[31.118,31.529],[31.266,31.465],[31.875,31.465],[31.781,31.208],[31.937,31.272],[32,31.079],[32.304,31.079],[32.237,31.208],[32.389,31.208],[32.532,31.079],[32.765,31.143],[32.832,31.015],[33.749,31.079],[34.221,31.272],[34.297,31.272],[34.434,31.079],[34.541,30.501],[34.465,30.501],[33.838,30.244],[32.919,30.115],[32.91,29.987],[32.758,29.987],[32.673,29.858],[32.526,29.922],[32.429,29.601],[32.639,29.344],[32.689,28.958],[32.836,28.894],[33.105,28.38],[33.609,27.994],[33.585,27.608],[33.799,27.415],[33.927,27.029],[34.073,26.965],[34.051,26.579],[34.197,26.515],[34.74,25.486],[34.737,25.422],[33.988,25.422],[33.845,25.551],[33.031,25.744],[32.604,26.194],[32.304,26.194],[32.164,26.387],[31.104,26.194],[30.711,25.808],[30.691,25.358],[30.616,25.358],[30.608,25.165],[30.958,24.586],[30.251,23.686],[30.176,23.686],[30.109,23.879],[29.959,23.879],[29.673,24.201],[28.569,24.651],[28.289,25.165],[28.244,25.936],[28.345,26.579],[28.27,26.579],[28.154,27.351],[27.937,27.544],[27.711,27.544],[27.792,27.672],[27.43,27.994],[27.276,27.93],[27.285,28.122],[27.068,28.315],[25.883,28.83],[25.225,29.344],[24.922,29.344],[24.855,29.537],[24.406,29.665],[24.263,29.858],[23.667,30.115],[23.227,30.501],[22.848,30.501],[22.853,30.629],[21.951,30.886],[20.582,30.886],[19.957,30.308],[19.651,30.244],[19.572,30.115],[18.812,30.051],[18.894,30.308],[19.501,30.308],[20.122,30.758],[20.214,31.272],[19.996,31.593],[20.089,32.107],[20.017,32.236],[20.246,32.236],[20.331,32.493],[20.482,32.429],[20.563,32.557],[20.716,32.557],[20.644,32.686],[20.871,32.622],[21.108,32.814],[21.412,32.75],[21.57,32.879],[22.108,32.943],[23.089,32.622],[23.081,32.429],[23.231,32.365],[23.149,32.236],[23.903,32.043],[23.98,32.043]]],[[[34.536,30.436],[34.541,30.501],[34.616,30.501],[34.611,30.436],[34.536,30.436]]],[[[34.542,35.709],[34.529,35.58],[33.957,35.258],[34.087,35.001],[33.695,34.937],[33.523,34.744],[33.132,34.679],[33.044,34.551],[32.367,34.744],[32.229,34.937],[32.246,35.13],[32.555,35.13],[32.875,35.258],[32.887,35.387],[33.737,35.387],[34.31,35.709],[34.387,35.709],[34.542,35.709]]]]}},{"type":"Feature","id":"cliopatria-cb54d254eb346fe34ab9cd4f","properties":{"NAME":"Rhodes","ABBREVN":null,"CONTROL":null,"SUBJECTO":"Rhodes","PARTOF":null,"BORDERPRECISION":1,"FromYear":-188,"ToYear":-171,"Area":25801.44065112528,"Type":"POLITY","Wikipedia":"Rhodes","Wikidata":"Q43048","SeshatID":"","Components":"","MemberOf":"","sourceFeatureId":"cliopatria-cb54d254eb346fe34ab9cd4f","datasetId":"cliopatria"},"geometry":{"type":"MultiPolygon","coordinates":[[[[28.095,36.482],[28.25,36.482],[28.139,36.031],[27.743,35.902],[27.693,36.288],[28.017,36.482],[28.095,36.482]]],[[[27.185,36.804],[26.865,36.675],[27.039,36.933],[27.117,36.933],[27.185,36.804]]],[[[30.026,36.353],[29.938,36.224],[29.24,36.224],[29.125,36.739],[28.357,36.868],[28.187,36.675],[28.031,36.675],[28.138,37.062],[27.598,37.126],[27.539,37.384],[27.223,37.319],[27.31,37.448],[27.163,37.577],[27.256,37.771],[27.178,37.771],[27.183,37.835],[27.73,37.835],[27.969,37.9],[28.141,38.093],[28.454,38.093],[28.678,37.964],[28.724,37.577],[29.26,37.448],[29.4,37.255],[29.701,37.126],[29.571,36.482],[29.876,36.417],[30.514,36.61],[30.508,36.546],[30.492,36.353],[30.026,36.353]]]]}},{"type":"Feature","id":"cliopatria-3612dc7d646fa07add541456","properties":{"NAME":"Roman Republic","ABBREVN":null,"CONTROL":null,"SUBJECTO":"Roman Republic","PARTOF":null,"BORDERPRECISION":1,"FromYear":-188,"ToYear":-171,"Area":417626.9024253097,"Type":"POLITY","Wikipedia":"Roman Republic","Wikidata":"Q175881","SeshatID":"it_roman_rep_2","Components":"","MemberOf":"","sourceFeatureId":"cliopatria-3612dc7d646fa07add541456","datasetId":"cliopatria"},"geometry":{"type":"MultiPolygon","coordinates":[[[[14.568,35.773],[14.337,35.838],[14.34,36.031],[14.417,36.031],[14.571,35.966],[14.568,35.773]]],[[[2.718,41.911],[2.712,42.041],[2.869,42.106],[2.963,41.782],[2.573,41.587],[2.334,41.587],[2.107,41.327],[1.238,41.198],[0.696,40.938],[0.709,40.679],[0.248,40.42],[0.183,40.161],[-0.126,40.032],[-0.345,39.708],[-0.314,39.126],[0.099,38.739],[-0.661,38.287],[-0.803,38.029],[-0.705,37.642],[-1.709,37.448],[-1.623,37.319],[-1.857,37.319],[-2.062,36.804],[-2.532,36.868],[-2.68,36.739],[-4.469,36.739],[-4.689,36.546],[-5.228,36.482],[-5.288,36.224],[-5.662,36.031],[-5.831,36.224],[-6.064,36.224],[-6.432,36.997],[-6.588,36.997],[-6.842,37.255],[-7.465,37.255],[-7.554,37.384],[-7.575,37.642],[-7.284,37.9],[-7.222,38.093],[-6.011,38.61],[-5.87,38.803],[-5.482,38.868],[-5.34,39.062],[-4.943,38.997],[-4.854,38.868],[-4.702,38.933],[-4.692,38.803],[-4.203,38.545],[-2.239,38.481],[-1.941,38.739],[-1.631,38.803],[-1.418,39.191],[-1.43,39.385],[-1.351,39.385],[-1.449,39.708],[-1.22,39.838],[-1.232,40.032],[-1.003,40.161],[-0.864,40.485],[-0.411,40.874],[-0.419,41.003],[-0.184,41.068],[-0.04,41.327],[-0.313,41.911],[-0.816,42.301],[-0.761,42.691],[-0.445,42.756],[0.455,42.431],[0.772,42.496],[0.859,42.366],[1.422,42.301],[1.751,42.106],[1.831,42.106],[1.997,41.976],[2.718,41.911]]],[[[19.758,39.644],[19.764,39.773],[19.921,39.773],[19.918,39.708],[19.912,39.579],[19.758,39.644]]],[[[9.822,40.744],[9.823,40.355],[9.665,40.291],[9.747,39.644],[9.669,39.644],[9.593,39.126],[9.12,39.191],[8.966,38.868],[8.73,38.868],[8.336,38.997],[8.412,39.256],[8.333,39.256],[8.33,39.514],[8.409,39.514],[8.483,39.902],[8.325,39.967],[8.4,40.291],[8.321,40.291],[8.319,40.485],[8.16,40.55],[8.155,40.938],[8.552,40.874],[9.025,41.263],[9.104,41.263],[9.502,41.198],[9.822,40.744]]],[[[19.249,40.614],[19.255,40.744],[19.498,40.874],[19.438,41.263],[19.523,41.392],[19.444,41.392],[19.53,41.522],[19.45,41.522],[19.542,41.782],[19.386,41.847],[19.472,41.976],[20.017,41.717],[19.928,41.522],[20.156,41.327],[19.991,41.198],[20.054,40.874],[19.575,40.809],[19.566,40.614],[19.562,40.55],[19.41,40.679],[19.249,40.614]]],[[[12.154,44.451],[12.313,44.19],[12.873,43.798],[13.036,43.863],[13.034,43.733],[13.355,43.668],[13.673,43.407],[13.747,43.082],[13.985,42.951],[13.901,42.756],[14.056,42.496],[14.371,42.236],[14.531,42.236],[14.608,42.106],[14.769,42.171],[14.766,42.041],[14.924,41.976],[15.165,42.041],[15.241,41.911],[16.119,41.911],[16.115,41.782],[15.874,41.717],[15.944,41.392],[17.203,41.003],[17.511,40.744],[17.981,40.614],[18.438,40.161],[18.349,39.902],[18.112,39.902],[17.813,40.355],[17.418,40.355],[17.345,40.55],[17.028,40.55],[16.868,40.485],[16.945,40.42],[16.862,40.291],[16.624,40.291],[16.697,40.096],[16.457,39.967],[16.447,39.644],[16.916,39.514],[17.07,39.385],[17.138,39.062],[16.502,38.803],[16.492,38.416],[15.933,37.964],[15.698,37.964],[15.624,38.158],[15.389,38.158],[15.066,37.642],[15.059,37.255],[15.214,37.19],[15.05,36.739],[14.661,36.739],[14.278,37.126],[13.578,37.255],[13.192,37.577],[12.49,37.706],[12.492,37.9],[12.65,38.093],[13.04,38.029],[13.12,38.158],[13.355,38.158],[13.665,37.964],[14.056,37.964],[15.862,38.287],[15.95,38.674],[16.265,38.739],[16.27,38.933],[16.117,39.062],[15.899,39.773],[15.666,39.902],[15.748,40.032],[15.432,40.032],[15.199,40.226],[15.041,40.226],[14.893,40.679],[14.418,40.679],[14.422,40.874],[14.105,40.874],[13.951,41.133],[13.792,41.133],[13.715,41.263],[13,41.327],[12.131,41.911],[12.132,42.041],[11.813,42.106],[11.655,42.366],[11.495,42.301],[11.415,42.431],[11.255,42.431],[11.176,42.626],[11.016,42.626],[11.016,42.821],[10.535,43.082],[10.374,43.668],[10.131,44.059],[9.889,43.994],[9.97,44.124],[9.727,44.124],[9.159,44.451],[8.593,44.451],[8.192,44.19],[8.193,44.059],[8.031,44.124],[8.109,44.32],[8.026,44.451],[8.186,44.581],[8.34,45.17],[8.581,45.366],[8.579,45.497],[8.904,45.628],[10.534,45.628],[10.86,45.497],[11.511,45.497],[12.082,45.628],[12.741,46.152],[13.15,46.218],[13.39,45.824],[13.145,45.824],[13.06,45.628],[12.817,45.693],[12.652,45.562],[12.163,45.497],[12.16,45.17],[12.403,45.039],[12.4,44.777],[12.319,44.777],[12.238,44.777],[12.157,44.843],[12.154,44.451]]],[[[9.493,42.756],[9.574,42.756],[9.578,41.976],[9.498,41.976],[9.499,41.782],[9.262,41.392],[9.104,41.327],[8.784,41.522],[8.782,41.717],[8.623,41.717],[8.7,41.911],[8.539,42.106],[8.535,42.496],[8.773,42.691],[9.173,42.756],[9.251,43.017],[9.331,43.017],[9.492,43.017],[9.493,42.756]]],[[[10.215,42.691],[10.134,42.886],[10.214,42.886],[10.455,42.886],[10.455,42.691],[10.215,42.691]]],[[[16.796,43.017],[17.119,43.082],[17.2,43.082],[17.192,42.886],[16.791,42.886],[16.796,43.017]]]]}},{"type":"Feature","id":"cliopatria-a43386b63559f6784d9c4c06","properties":{"NAME":"Seleucid Empire","ABBREVN":null,"CONTROL":null,"SUBJECTO":"Seleucid Empire","PARTOF":null,"BORDERPRECISION":1,"FromYear":-188,"ToYear":-171,"Area":1924785.333545209,"Type":"POLITY","Wikipedia":"Seleucid dynasty","Wikidata":"Q705904","SeshatID":"ir_seleucid_emp","Components":"","MemberOf":"","sourceFeatureId":"cliopatria-a43386b63559f6784d9c4c06","datasetId":"cliopatria"},"geometry":{"type":"MultiPolygon","coordinates":[[[[53.955,36.868],[54.033,36.868],[54.774,36.675],[55.785,36.675],[56.212,36.868],[56.834,36.868],[57.444,36.804],[57.702,36.546],[58.453,36.417],[59.074,36.417],[60.047,36.61],[61.213,36.61],[61.157,36.353],[61.235,36.353],[61.303,35.58],[61.804,35.387],[62.191,35.387],[62.623,34.872],[63.15,34.808],[63.277,34.679],[63.83,34.744],[63.957,34.615],[64.188,34.615],[64.37,34.744],[64.755,34.744],[65.415,34.937],[65.618,34.808],[66.144,34.744],[66.563,34.551],[66.535,34.422],[66.458,34.422],[66.352,34.293],[65.751,34.358],[65.387,34.1],[65.242,33.779],[65.062,33.65],[65.035,33.522],[65.112,33.522],[64.982,33.264],[64.829,33.264],[64.687,32.943],[64.355,32.814],[64.406,32.686],[63.873,32.3],[63.643,32.3],[63.442,32.043],[63.301,32.107],[62.124,30.629],[61.68,30.244],[61.37,29.729],[61.027,29.472],[60.244,28.251],[59.395,27.544],[58.994,27.351],[58.978,27.222],[58.836,27.287],[58.745,27.158],[58.594,27.158],[58.428,27.029],[58.405,26.837],[58.262,26.901],[57.773,26.579],[57.483,26.001],[57.529,25.744],[57.38,25.744],[57.176,25.936],[57.052,26.837],[56.715,27.158],[56.188,27.158],[56.098,27.029],[56.324,27.029],[56.309,26.901],[56.061,26.708],[55.289,26.515],[55.31,26.708],[55.543,26.772],[55.242,26.772],[54.989,26.515],[54.681,26.451],[54.259,26.708],[53.658,26.708],[53.461,26.965],[52.737,27.222],[52.479,27.608],[52.049,27.801],[51.453,27.865],[51.066,28.444],[51.028,28.765],[50.809,28.83],[50.915,29.087],[50.62,29.151],[50.651,29.408],[50.236,29.729],[50.065,30.179],[49.586,29.987],[48.943,30.308],[48.987,30.051],[48.365,29.922],[48.404,29.601],[48.093,29.537],[47.646,29.601],[47.29,29.794],[46.979,29.729],[46.994,29.858],[46.85,29.922],[46.615,29.858],[46.591,30.308],[45.77,30.436],[44.955,31.272],[44.581,31.336],[44.459,31.593],[43.153,32.814],[42.709,32.943],[42.578,33.136],[41.489,33.65],[41.212,33.907],[40.912,33.972],[40.85,34.1],[40.311,34.1],[40.403,34.229],[39.509,34.486],[39.124,34.486],[38.479,34.229],[37.073,33.264],[37.054,33.072],[36.901,33.072],[36.717,32.75],[36.751,32.3],[36.516,32.236],[36.662,32.172],[36.387,31.658],[36.423,31.208],[35.662,31.208],[35.499,31.079],[35.352,31.143],[34.616,30.501],[34.541,30.501],[34.434,31.079],[34.297,31.272],[34.302,31.336],[34.633,31.658],[34.573,31.85],[34.813,31.979],[34.77,32.365],[35.022,32.622],[35.056,33.007],[35.215,33.072],[35.398,33.393],[35.346,33.65],[35.499,33.65],[35.447,33.907],[35.684,33.972],[35.644,34.358],[35.792,34.293],[36.049,34.551],[36.068,34.744],[35.927,34.872],[35.96,35.194],[35.882,35.194],[35.993,35.516],[35.845,35.58],[35.99,36.224],[35.842,36.288],[36.265,36.61],[36.286,36.804],[36.145,36.933],[36.06,36.868],[35.982,36.868],[35.996,36.997],[36.159,37.062],[37.198,36.61],[37.523,36.739],[37.601,36.739],[38.161,36.868],[38.176,36.997],[37.958,37.126],[37.989,37.384],[37.638,37.706],[37.764,38.093],[38.147,38.029],[38.312,38.093],[38.423,38.351],[38.658,38.351],[38.868,38.158],[39.181,38.158],[39.38,38.481],[40.137,38.287],[40.216,38.287],[40.294,38.287],[40.372,38.287],[40.451,38.287],[40.442,38.222],[40.52,38.222],[40.598,38.222],[40.572,38.029],[41.667,38.029],[41.961,37.9],[42.508,37.9],[43.945,37.577],[44.413,37.577],[44.774,37.384],[44.745,37.19],[44.871,36.997],[45.251,36.933],[45.118,36.031],[45.195,36.031],[45.217,35.645],[46.031,35.387],[47.954,35.323],[48.774,35.13],[49.413,35.258],[49.608,35.516],[50.48,35.645],[50.855,36.031],[52.008,36.417],[52.108,36.546],[52.186,36.546],[53.088,36.804],[53.955,36.868]]]]}},{"type":"Feature","id":"cliopatria-967754335ac2e5ea781af82e","properties":{"NAME":"Kingdom of Armenia","ABBREVN":null,"CONTROL":null,"SUBJECTO":"Kingdom of Armenia","PARTOF":null,"BORDERPRECISION":1,"FromYear":-188,"ToYear":-127,"Area":224603.3037351129,"Type":"POLITY","Wikipedia":"Kingdom of Armenia (antiquity)","Wikidata":"Q208404","SeshatID":"","Components":"","MemberOf":"","sourceFeatureId":"cliopatria-967754335ac2e5ea781af82e","datasetId":"cliopatria"},"geometry":{"type":"MultiPolygon","coordinates":[[[[45.124,41.327],[45.259,41.198],[45.235,41.068],[45.473,41.068],[45.675,40.874],[45.492,40.744],[45.524,40.485],[46.493,40.161],[46.537,39.967],[46.774,39.967],[47.054,39.773],[47.381,39.838],[47.515,39.708],[48.304,39.708],[48.673,39.579],[48.806,39.45],[48.782,39.32],[48.928,39.256],[48.742,38.674],[48.821,38.674],[48.807,38.158],[48.795,38.093],[48.326,38.093],[47.252,38.674],[46.121,38.481],[45.854,38.287],[45.635,37.9],[45.224,37.771],[45.174,37.448],[45.252,37.448],[45.29,37.19],[45.446,37.19],[45.251,36.933],[44.871,36.997],[44.745,37.19],[44.774,37.384],[44.413,37.577],[43.945,37.577],[42.508,37.9],[41.961,37.9],[41.667,38.029],[40.572,38.029],[40.598,38.222],[40.52,38.222],[40.514,38.739],[40.658,39.191],[40.51,39.256],[40.478,39.579],[39.848,39.579],[39.751,39.45],[39.209,39.514],[38.954,39.385],[38.745,39.579],[38.93,39.773],[38.79,39.902],[40.398,40.096],[40.507,40.291],[40.754,40.355],[40.774,40.485],[40.567,40.679],[41.005,40.938],[40.995,40.874],[41.122,40.679],[41.36,40.679],[41.535,41.263],[42.25,41.263],[42.363,41.457],[42.295,41.522],[42.533,41.522],[42.556,41.652],[43.784,41.392],[44.034,41.457],[44.237,41.263],[45.044,41.327],[45.124,41.327]]],[[[47.066,39.838],[47.077,39.902],[47.156,39.902],[47.145,39.838],[47.066,39.838]]],[[[46.92,39.902],[46.931,39.967],[47.01,39.967],[46.999,39.902],[46.92,39.902]]]]}},{"type":"Feature","id":"cliopatria-70ae0666d017982d480dce8c","properties":{"NAME":"Kingdom of Cappadocia","ABBREVN":null,"CONTROL":null,"SUBJECTO":"Kingdom of Cappadocia","PARTOF":null,"BORDERPRECISION":1,"FromYear":-188,"ToYear":-127,"Area":81396.49213957827,"Type":"POLITY","Wikipedia":"Kingdom of Cappadocia","Wikidata":"Q29654286","SeshatID":"","Components":"","MemberOf":"","sourceFeatureId":"cliopatria-70ae0666d017982d480dce8c","datasetId":"cliopatria"},"geometry":{"type":"MultiPolygon","coordinates":[[[[38.752,39.062],[39.38,38.481],[39.181,38.158],[38.868,38.158],[38.658,38.351],[38.423,38.351],[38.312,38.093],[38.147,38.029],[37.764,38.093],[37.13,38.029],[37.115,37.9],[36.348,38.029],[35.998,37.706],[35.671,37.577],[35.054,37.642],[34.877,37.448],[34.565,37.448],[34.304,37.19],[33.985,37.126],[33.941,37.448],[33.785,37.448],[33.648,37.642],[33.696,38.093],[33.617,38.093],[33.587,38.545],[33.68,38.674],[34.479,38.803],[34.767,39.256],[34.726,39.579],[34.828,39.773],[35.294,39.708],[35.435,39.579],[36.933,39.579],[37.861,39.45],[38.752,39.062]]]]}},{"type":"Feature","id":"cliopatria-77c9ec510ae4978cabfe6057","properties":{"NAME":"Kingdom of Sophene","ABBREVN":null,"CONTROL":null,"SUBJECTO":"Kingdom of Sophene","PARTOF":null,"BORDERPRECISION":1,"FromYear":-188,"ToYear":-111,"Area":16900.01034398724,"Type":"POLITY","Wikipedia":"Kingdom of Sophene","Wikidata":"Q2626105","SeshatID":"","Components":"","MemberOf":"","sourceFeatureId":"cliopatria-77c9ec510ae4978cabfe6057","datasetId":"cliopatria"},"geometry":{"type":"MultiPolygon","coordinates":[[[[40.137,38.287],[39.38,38.481],[38.752,39.062],[38.927,39.191],[38.954,39.385],[39.209,39.514],[39.751,39.45],[39.848,39.579],[40.478,39.579],[40.51,39.256],[40.658,39.191],[40.514,38.739],[40.52,38.222],[40.442,38.222],[40.451,38.287],[40.372,38.287],[40.294,38.287],[40.216,38.287],[40.137,38.287]]]]}},{"type":"Feature","id":"cliopatria-3af2d7b41ce52b4592b4a402","properties":{"NAME":"Antigonid Macedonia","ABBREVN":null,"CONTROL":null,"SUBJECTO":"Antigonid Macedonia","PARTOF":null,"BORDERPRECISION":1,"FromYear":-170,"ToYear":-165,"Area":43431.30098185258,"Type":"POLITY","Wikipedia":"Antigonid dynasty","Wikidata":"Q237325","SeshatID":"gr_antigonid_emp","Components":"","MemberOf":"","sourceFeatureId":"cliopatria-3af2d7b41ce52b4592b4a402","datasetId":"cliopatria"},"geometry":{"type":"MultiPolygon","coordinates":[[[[23.889,41.263],[23.884,41.198],[23.964,41.198],[24.043,41.198],[24.038,41.133],[23.385,40.874],[23.192,40.355],[23.113,40.355],[22.884,40.485],[22.892,40.614],[22.572,40.55],[22.544,40.096],[22.702,40.096],[22.694,39.967],[22.615,39.967],[22.137,39.902],[21.923,40.291],[21.369,40.291],[21.301,40.485],[20.912,40.614],[20.916,40.679],[20.836,40.679],[20.84,40.744],[20.843,40.809],[20.847,40.874],[20.85,40.938],[20.944,41.198],[21.273,41.392],[21.285,41.587],[21.133,41.717],[21.16,42.171],[21.239,42.171],[21.407,42.301],[22.455,42.431],[22.442,42.236],[22.593,42.106],[22.753,42.106],[23.054,41.847],[23.448,41.782],[23.669,41.522],[23.828,41.522],[23.744,41.457],[23.809,41.263],[23.889,41.263]]]]}},{"type":"Feature","id":"cliopatria-c0fecdda2cfc404873bbbf97","properties":{"NAME":"Atropatene","ABBREVN":null,"CONTROL":null,"SUBJECTO":"Atropatene","PARTOF":null,"BORDERPRECISION":1,"FromYear":-170,"ToYear":-165,"Area":147248.59672960456,"Type":"POLITY","Wikipedia":"Atropatene","Wikidata":"Q260437","SeshatID":"","Components":"","MemberOf":"","sourceFeatureId":"cliopatria-c0fecdda2cfc404873bbbf97","datasetId":"cliopatria"},"geometry":{"type":"MultiPolygon","coordinates":[[[[49.999,37.384],[50.321,36.997],[50.566,37.062],[50.632,36.997],[50.532,36.868],[50.821,36.739],[52.03,36.546],[52.108,36.546],[52.008,36.417],[50.855,36.031],[50.48,35.645],[49.608,35.516],[49.413,35.258],[48.774,35.13],[47.954,35.323],[46.031,35.387],[45.217,35.645],[45.195,36.031],[45.118,36.031],[45.251,36.933],[45.446,37.19],[45.29,37.19],[45.252,37.448],[45.174,37.448],[45.224,37.771],[45.635,37.9],[45.854,38.287],[46.121,38.481],[47.252,38.674],[48.326,38.093],[48.795,38.093],[48.874,38.093],[48.829,37.835],[49.029,37.642],[49.018,37.577],[49.999,37.384]]]]}},{"type":"Feature","id":"cliopatria-4b22f0457bebf6ccf5a2278a","properties":{"NAME":"Greco-Bactrian Kingdom","ABBREVN":null,"CONTROL":null,"SUBJECTO":"Greco-Bactrian Kingdom","PARTOF":null,"BORDERPRECISION":1,"FromYear":-170,"ToYear":-165,"Area":1364109.8599099824,"Type":"POLITY","Wikipedia":"Greco-Bactrian Kingdom","Wikidata":"Q488880","SeshatID":"af_greco_bactrian_k","Components":"","MemberOf":"","sourceFeatureId":"cliopatria-4b22f0457bebf6ccf5a2278a","datasetId":"cliopatria"},"geometry":{"type":"MultiPolygon","coordinates":[[[[67.638,33.843],[67.561,33.843],[67.575,33.907],[67.652,33.907],[67.638,33.843]]],[[[72.766,41.003],[72.781,40.809],[73.019,40.809],[73.294,40.679],[73.331,40.55],[73.489,40.55],[73.526,40.42],[73.684,40.42],[73.933,39.967],[73.912,39.902],[73.868,39.514],[73.69,39.45],[73.63,39.256],[73.748,39.126],[73.494,38.545],[72.989,38.158],[71.886,36.997],[71.894,36.739],[71.705,36.61],[71.671,36.482],[71.749,36.482],[71.621,36.288],[71.698,36.288],[71.632,36.031],[71.709,36.031],[71.721,35.773],[71.859,35.709],[71.827,35.58],[72.026,35.451],[71.994,35.323],[72.116,35.194],[72.747,34.937],[72.792,34.808],[72.946,34.808],[72.991,34.679],[73.283,34.615],[73.466,34.422],[73.928,34.422],[73.896,34.293],[74.034,34.229],[75.541,34.1],[75.687,33.457],[75.825,33.393],[75.944,32.943],[76.097,32.943],[76.066,32.814],[76.143,32.814],[76.081,32.557],[76.463,32.236],[78.448,31.593],[78.844,31.658],[78.845,31.336],[79.18,31.465],[79.424,31.208],[79.409,31.143],[77.936,29.987],[77.855,29.601],[77.93,29.601],[77.878,29.344],[77.99,29.151],[77.963,28.637],[77.007,28.765],[76.389,29.087],[75.344,29.151],[74.817,28.765],[73.354,28.187],[72.653,28.058],[72.577,28.058],[70.716,27.737],[70.737,27.865],[70.543,28.058],[70.069,27.93],[69.907,28.315],[69.53,28.315],[69.249,28.444],[68.721,28.894],[67.265,29.215],[66.995,29.408],[67.017,29.537],[66.565,29.987],[66.537,31.079],[67.042,31.722],[67.488,32.043],[67.527,32.236],[67.899,32.557],[67.939,32.75],[68.391,33.072],[68.551,33.457],[68.474,33.457],[68.517,33.65],[67.792,33.843],[67.666,33.972],[67.498,33.907],[67.387,34.1],[66.988,34.036],[66.968,34.293],[66.752,34.358],[66.78,34.486],[66.612,34.422],[66.535,34.422],[66.563,34.551],[66.144,34.744],[65.618,34.808],[65.415,34.937],[64.755,34.744],[64.37,34.744],[64.188,34.615],[63.957,34.615],[63.83,34.744],[63.277,34.679],[63.15,34.808],[62.623,34.872],[62.191,35.387],[61.804,35.387],[61.303,35.58],[61.235,36.353],[61.157,36.353],[61.213,36.61],[61.474,36.739],[61.029,37.19],[60.873,37.19],[60.98,37.319],[60.663,37.642],[60.736,37.964],[60.531,38.093],[60.561,38.222],[60.371,38.416],[60.431,38.674],[60.32,38.868],[60.414,39.256],[60.713,39.514],[60.792,39.514],[62.502,40.032],[62.879,39.967],[64.02,40.096],[64.389,40.291],[65.235,40.485],[65.272,40.614],[65.351,40.614],[65.37,40.679],[65.449,40.679],[65.43,40.614],[65.589,40.614],[65.804,40.809],[66.614,41.133],[66.653,41.263],[66.891,41.263],[67.547,41.587],[68.686,41.911],[70.628,42.236],[70.708,42.236],[71.05,42.301],[71.086,42.171],[71.326,42.171],[71.876,41.911],[72.513,41.198],[72.592,41.198],[72.766,41.003]]]]}},{"type":"Feature","id":"cliopatria-383d5da9aca4b769484414fa","properties":{"NAME":"Greek City-States","ABBREVN":null,"CONTROL":null,"SUBJECTO":"Greek City-States","PARTOF":null,"BORDERPRECISION":1,"FromYear":-170,"ToYear":-165,"Area":178655.51624149003,"Type":"POLITY","Wikipedia":"Polis","Wikidata":"Q148837","SeshatID":"","Components":"","MemberOf":"","sourceFeatureId":"cliopatria-383d5da9aca4b769484414fa","datasetId":"cliopatria"},"geometry":{"type":"MultiPolygon","coordinates":[[[[24.15,35.387],[24.301,35.323],[25.692,35.323],[25.681,35.13],[26.225,35.194],[26.14,35.065],[24.824,35.001],[24.757,35.194],[24.526,35.194],[24.448,35.194],[23.679,35.258],[23.615,35.516],[24.157,35.516],[24.15,35.387]]],[[[22.887,36.417],[22.965,36.417],[23.117,36.353],[23.107,36.16],[22.874,36.16],[22.887,36.417]]],[[[25.339,37.126],[25.417,37.126],[25.573,37.126],[25.564,36.997],[25.331,36.997],[25.339,37.126]]],[[[22.599,36.868],[22.512,36.675],[22.356,36.675],[22.22,37.062],[21.909,37.062],[21.899,36.868],[21.744,36.868],[21.681,37.19],[21.603,37.19],[21.693,37.448],[21.697,37.513],[22.087,37.513],[22.236,37.384],[22.321,37.513],[22.399,37.513],[22.853,37.255],[23.056,36.675],[22.833,36.868],[22.599,36.868]]],[[[24.283,37.706],[24.361,37.706],[24.432,37.577],[24.272,37.513],[24.201,37.642],[24.283,37.706]]],[[[24.986,37.706],[25.064,37.706],[25.22,37.706],[25.286,37.513],[25.052,37.513],[24.986,37.706]]],[[[20.621,37.9],[20.699,37.9],[20.934,37.9],[20.922,37.642],[20.613,37.706],[20.621,37.9]]],[[[24.694,38.029],[24.772,38.029],[25.068,37.771],[24.83,37.706],[24.682,37.835],[24.694,38.029]]],[[[21.631,37.771],[21.397,37.771],[21.319,37.771],[21.322,37.835],[21.244,37.835],[21.247,37.9],[21.25,37.964],[21.328,37.964],[21.331,38.029],[21.334,38.093],[21.412,38.093],[21.637,37.9],[21.631,37.771]]],[[[20.328,38.351],[20.488,38.416],[20.566,38.416],[20.795,38.287],[20.786,38.093],[20.32,38.158],[20.328,38.351]]],[[[23.567,38.803],[23.563,38.739],[23.485,38.739],[23.489,38.803],[23.567,38.803]]],[[[24.365,38.997],[24.444,38.997],[24.675,38.933],[24.662,38.739],[24.357,38.868],[24.365,38.997]]],[[[22.958,39.126],[23.493,38.868],[23.332,38.803],[23.025,38.933],[22.943,38.868],[23.01,38.674],[23.167,38.674],[23.313,38.481],[23.626,38.481],[23.563,38.739],[24.03,38.674],[24.179,38.545],[24.159,38.222],[24.002,38.222],[23.979,37.835],[23.286,38.029],[23.216,38.158],[22.981,38.158],[22.988,38.287],[22.604,38.416],[21.193,38.416],[20.974,38.739],[20.741,38.803],[20.829,38.997],[21.144,38.997],[21.147,39.062],[21.471,39.256],[21.55,39.256],[21.553,39.32],[21.632,39.32],[21.636,39.385],[21.557,39.385],[21.478,39.385],[21.399,39.385],[21.396,39.32],[21.094,39.579],[20.806,40.096],[20.569,40.096],[20.572,40.161],[20.747,40.485],[20.909,40.55],[20.912,40.614],[21.301,40.485],[21.369,40.291],[21.923,40.291],[22.137,39.902],[22.615,39.967],[22.611,39.902],[22.69,39.902],[22.686,39.838],[22.765,39.838],[22.761,39.773],[22.757,39.708],[22.836,39.708],[22.832,39.644],[23.135,39.45],[22.816,39.385],[22.797,39.062],[22.958,39.126]]],[[[25.067,40.032],[25.146,40.032],[25.462,40.032],[25.447,39.838],[24.974,39.838],[25.067,40.032]]],[[[24.491,40.809],[24.57,40.809],[24.808,40.809],[24.794,40.614],[24.551,40.55],[24.491,40.809]]],[[[25.161,41.263],[25.166,41.327],[25.245,41.327],[25.24,41.263],[25.161,41.263]]],[[[20.662,41.847],[20.756,42.106],[20.916,42.106],[21.004,42.236],[21.08,42.171],[21.16,42.171],[21.133,41.717],[21.285,41.587],[21.273,41.392],[20.944,41.198],[20.85,40.938],[20.771,40.938],[20.699,41.068],[20.54,41.068],[20.478,41.392],[20.481,41.457],[20.402,41.457],[20.412,41.652],[20.492,41.652],[20.503,41.847],[20.662,41.847]]],[[[5.387,43.407],[5.063,43.472],[4.178,43.472],[4.173,43.603],[3.851,43.603],[2.985,43.147],[3.01,42.561],[3.178,42.366],[3.04,41.847],[2.698,42.366],[2.775,42.431],[2.669,43.017],[2.75,43.017],[2.741,43.212],[3.446,43.668],[4.728,43.863],[5.87,43.407],[6.594,43.407],[6.597,43.277],[6.278,43.147],[6.198,43.147],[5.796,43.147],[5.632,43.277],[5.391,43.277],[5.387,43.407]]],[[[69.53,28.315],[69.454,28.315],[69.465,28.38],[69.54,28.38],[69.53,28.315]]],[[[66.613,31.079],[66.537,31.079],[66.549,31.143],[66.626,31.143],[66.613,31.079]]],[[[67.411,32.043],[67.335,32.043],[67.348,32.107],[67.424,32.107],[67.501,32.107],[67.488,32.043],[67.411,32.043]]],[[[35.982,36.868],[35.904,36.868],[35.834,36.933],[35.488,36.61],[35.332,36.61],[35.113,36.739],[34.95,36.675],[34.893,36.868],[34.582,36.868],[34.251,36.675],[33.979,36.288],[33.274,36.224],[32.713,36.031],[32.558,36.031],[32.499,36.224],[32.068,36.61],[31.763,36.675],[31.769,36.739],[32.553,36.804],[32.72,36.933],[32.864,36.804],[33.097,36.804],[33.434,37.062],[33.985,37.126],[34.304,37.19],[34.565,37.448],[34.877,37.448],[35.054,37.642],[35.671,37.577],[35.998,37.706],[36.348,38.029],[37.115,37.9],[37.13,38.029],[37.764,38.093],[37.638,37.706],[37.989,37.384],[37.958,37.126],[38.176,36.997],[38.161,36.868],[37.601,36.739],[37.523,36.739],[37.198,36.61],[36.159,37.062],[35.996,36.997],[35.982,36.868]]],[[[25.899,38.481],[25.821,38.481],[25.913,38.674],[25.991,38.674],[26.217,38.545],[26.111,38.158],[25.876,38.158],[25.899,38.481]]],[[[26.094,38.997],[26.103,39.126],[25.793,39.191],[26.044,39.385],[26.123,39.385],[26.511,39.32],[26.644,38.997],[26.246,38.933],[26.094,38.997]]],[[[25.798,40.291],[26.035,40.291],[26.025,40.161],[25.704,40.096],[25.719,40.291],[25.798,40.291]]],[[[28.103,40.42],[28.182,40.42],[28.17,40.291],[27.696,40.291],[27.701,40.355],[27.781,40.355],[27.786,40.42],[27.792,40.485],[27.871,40.485],[27.95,40.485],[27.945,40.42],[27.939,40.355],[28.018,40.355],[28.097,40.355],[28.103,40.42]]],[[[27.527,41.068],[27.181,40.744],[26.621,40.679],[26.072,40.744],[26.082,40.874],[25.849,40.938],[24.347,41.003],[24.011,40.744],[23.698,40.809],[23.685,40.614],[23.839,40.55],[23.737,40.226],[23.271,40.355],[23.192,40.355],[23.385,40.874],[24.038,41.133],[24.118,41.133],[24.272,41.068],[24.684,41.263],[25.161,41.263],[26.495,41.068],[26.989,41.263],[27.091,41.522],[27.483,41.457],[27.472,41.327],[27.631,41.327],[27.728,41.522],[28.139,41.652],[28.292,41.587],[28.352,41.392],[28.976,41.263],[28.963,41.133],[29.367,41.198],[29.255,40.874],[29.103,40.938],[29.116,41.068],[28.712,41.003],[28.633,41.003],[28.407,41.133],[28.169,41.133],[28.077,41.003],[27.527,41.068]]],[[[31.512,41.198],[31.361,41.263],[31.693,41.392],[31.592,41.198],[31.512,41.198]]],[[[27.384,42.106],[27.464,42.106],[27.317,42.236],[27.329,42.366],[27.175,42.431],[27.193,42.626],[27.657,43.277],[27.998,43.472],[28.119,43.863],[28.3,44.059],[28.341,44.451],[28.422,44.451],[28.368,44.712],[28.64,44.973],[28.802,44.973],[28.841,44.581],[28.577,44.385],[28.536,43.994],[28.616,43.994],[28.481,43.472],[28.159,43.472],[28.226,43.342],[27.898,43.277],[27.805,43.147],[27.853,42.821],[27.847,42.756],[27.514,42.626],[27.495,42.431],[27.796,42.236],[27.924,41.911],[27.612,41.976],[27.538,42.041],[27.532,41.976],[27.452,41.976],[27.458,42.041],[27.378,42.041],[27.384,42.106]],[[27.538,42.041],[27.464,42.106],[27.458,42.041],[27.538,42.041]]],[[[40.416,43.147],[40.219,43.407],[39.978,43.407],[39.63,43.733],[40.414,43.603],[40.322,43.538],[40.38,43.407],[41.15,43.212],[41.208,43.082],[41.437,43.017],[41.414,42.886],[41.334,42.886],[41.173,42.886],[41.116,43.017],[40.817,43.147],[40.416,43.147]]],[[[40.033,43.733],[39.953,43.733],[39.964,43.798],[40.045,43.798],[40.033,43.733]]],[[[33.548,44.647],[33.61,45.104],[33.23,45.3],[33.637,45.3],[33.917,44.973],[34.604,45.235],[35.183,45.3],[35.154,45.104],[35.235,45.104],[35.135,44.973],[35.125,44.908],[34.376,44.777],[33.926,44.451],[33.521,44.451],[33.467,44.647],[33.548,44.647]]],[[[31.533,46.677],[30.877,46.677],[30.298,45.955],[30.045,45.89],[29.859,45.693],[29.614,45.693],[29.644,45.955],[30.189,46.415],[30.271,46.415],[30.458,46.612],[31.065,46.874],[31.082,47.006],[31.567,46.94],[31.533,46.677]]]]}},{"type":"Feature","id":"cliopatria-8aaec0bceb6317abc4665515","properties":{"NAME":"Kingdom of Pergamon","ABBREVN":null,"CONTROL":null,"SUBJECTO":"Kingdom of Pergamon","PARTOF":null,"BORDERPRECISION":1,"FromYear":-170,"ToYear":-165,"Area":175955.6172311701,"Type":"POLITY","Wikipedia":"Kingdom of Pergamon","Wikidata":"Q2022162","SeshatID":"tr_pergamon_k","Components":"","MemberOf":"","sourceFeatureId":"cliopatria-8aaec0bceb6317abc4665515","datasetId":"cliopatria"},"geometry":{"type":"MultiPolygon","coordinates":[[[[26.314,37.706],[26.305,37.577],[25.988,37.513],[26.08,37.706],[26.158,37.706],[26.314,37.706]]],[[[27.026,37.835],[27.012,37.642],[26.622,37.642],[26.557,37.835],[26.636,37.835],[27.026,37.835]]],[[[28.493,40.355],[28.572,40.355],[28.651,40.355],[28.73,40.355],[28.955,40.226],[29.35,40.226],[29.455,40.485],[29.936,40.55],[29.923,40.42],[30.068,40.291],[30.457,40.226],[30.602,40.096],[30.589,39.967],[31.299,39.967],[31.378,39.967],[31.233,39.32],[31.443,39.062],[31.424,38.868],[31.738,38.868],[31.803,38.739],[32.189,38.674],[33.587,38.545],[33.617,38.093],[33.696,38.093],[33.648,37.642],[33.785,37.448],[33.941,37.448],[33.985,37.126],[33.434,37.062],[33.097,36.804],[32.864,36.804],[32.72,36.933],[32.553,36.804],[31.769,36.739],[31.691,36.739],[31.086,36.933],[30.619,36.933],[30.519,36.675],[30.514,36.61],[29.876,36.417],[29.571,36.482],[29.701,37.126],[29.4,37.255],[29.26,37.448],[28.724,37.577],[28.678,37.964],[28.454,38.093],[28.141,38.093],[27.969,37.9],[27.73,37.835],[27.183,37.835],[27.187,37.9],[27.275,38.029],[26.889,38.093],[26.82,38.222],[26.429,38.222],[26.384,38.674],[26.536,38.61],[26.595,38.351],[27.065,38.351],[27.08,38.545],[26.849,38.61],[26.958,38.997],[26.879,38.997],[26.894,39.191],[26.742,39.256],[26.847,39.579],[26.132,39.514],[26.168,39.967],[26.247,39.967],[26.272,40.291],[26.605,40.485],[26.684,40.485],[26.673,40.355],[27.47,40.42],[27.617,40.291],[27.696,40.291],[28.17,40.291],[28.182,40.42],[28.261,40.42],[28.34,40.42],[28.334,40.355],[28.413,40.355],[28.493,40.355]]],[[[27.102,40.744],[26.921,40.485],[26.768,40.55],[26.774,40.614],[26.785,40.744],[27.102,40.744]]],[[[26.066,40.679],[26.23,40.744],[26.309,40.744],[26.542,40.679],[26.066,40.679]]]]}},{"type":"Feature","id":"cliopatria-4b2988e088dde094c7f2929a","properties":{"NAME":"Mahameghavahana Dynasty","ABBREVN":null,"CONTROL":null,"SUBJECTO":"Mahameghavahana Dynasty","PARTOF":null,"BORDERPRECISION":1,"FromYear":-170,"ToYear":-165,"Area":1655395.3165280859,"Type":"POLITY","Wikipedia":"Mahameghavahana dynasty","Wikidata":"Q6733051","SeshatID":"","Components":"","MemberOf":"","sourceFeatureId":"cliopatria-4b2988e088dde094c7f2929a","datasetId":"cliopatria"},"geometry":{"type":"MultiPolygon","coordinates":[[[[89.832,24.972],[89.948,24.779],[89.938,24.265],[90.226,24.201],[90.419,24.008],[90.398,23.879],[90.666,23.686],[90.642,23.043],[90.539,22.851],[90.687,22.851],[90.798,22.593],[90.938,22.529],[90.863,22.015],[90.631,21.951],[90.649,22.079],[90.426,22.079],[90.232,21.758],[89.897,22.015],[89.869,21.822],[89.712,21.758],[89.117,21.758],[89.099,21.629],[88.728,21.629],[88.716,22.079],[88.642,22.079],[88.514,21.693],[88.365,21.693],[88.348,21.565],[88.134,21.629],[88.178,21.951],[88.103,21.951],[87.762,21.629],[87.067,21.436],[86.893,21.243],[86.974,20.729],[87.048,20.729],[87.031,20.601],[86.792,20.472],[86.84,20.279],[86.436,20.022],[86.419,19.893],[86.106,19.765],[85.497,19.636],[85.522,19.829],[85.374,19.829],[85.415,19.572],[84.749,18.993],[84.38,18.415],[84.052,18.158],[83.667,18.029],[83.561,17.772],[83.153,17.45],[82.451,17.129],[82.347,16.872],[82.421,16.872],[82.383,16.55],[82.066,16.358],[81.323,16.293],[81.119,15.779],[80.611,15.843],[80.376,15.715],[80.088,15.072],[80.216,14.879],[80.245,14.429],[79.26,14.107],[79.272,14.236],[78.782,14.493],[78.992,15.136],[76.69,15.65],[76.429,15.972],[76.282,15.972],[76.014,16.229],[76.081,16.872],[75.727,17],[75.459,17.258],[75.473,17.386],[75.065,17.708],[75.079,17.836],[74.879,18.029],[74.429,17.965],[73.878,17.643],[73.073,17.708],[72.947,18.608],[72.873,18.608],[72.875,19.315],[72.734,19.379],[72.754,19.572],[73.396,20.022],[73.709,20.858],[73.758,21.308],[74.052,21.951],[74.379,22.208],[75.466,22.593],[75.489,22.786],[75.355,22.915],[75.32,23.236],[74.721,23.815],[74.297,24.008],[74.173,24.201],[74.024,24.201],[73.974,24.393],[73.163,25.036],[72.72,25.615],[72.57,25.615],[72.468,26.451],[72.347,26.644],[72.387,26.901],[72.223,27.287],[72.276,27.608],[72.642,27.994],[72.653,28.058],[73.354,28.187],[74.817,28.765],[75.344,29.151],[76.389,29.087],[77.007,28.765],[77.963,28.637],[78.089,28.508],[78.065,28.38],[78.266,28.251],[78.242,28.122],[78.393,28.122],[78.512,27.544],[78.841,27.287],[78.86,26.965],[79.693,26.129],[79.983,26.065],[80.036,25.936],[80.455,25.744],[80.969,25.679],[81.172,25.551],[82.061,25.486],[85.056,25.486],[86.509,25.229],[87.257,25.229],[87.61,25.101],[88.23,25.229],[89.278,25.229],[89.544,25.036],[89.843,25.036],[89.832,24.972]]]]}},{"type":"Feature","id":"cliopatria-042140795c856b9113ccb576","properties":{"NAME":"Minaeans","ABBREVN":null,"CONTROL":null,"SUBJECTO":"Minaeans","PARTOF":null,"BORDERPRECISION":1,"FromYear":-170,"ToYear":-165,"Area":214402.98838853967,"Type":"POLITY","Wikipedia":"Minaeans","Wikidata":"Q1177379","SeshatID":"","Components":"","MemberOf":"","sourceFeatureId":"cliopatria-042140795c856b9113ccb576","datasetId":"cliopatria"},"geometry":{"type":"MultiPolygon","coordinates":[[[[39.72,24.908],[39.795,24.908],[40.283,24.329],[39.929,23.365],[39.908,22.979],[39.834,22.979],[39.878,22.401],[40.094,22.272],[40.158,22.079],[40.882,21.693],[41.091,21.436],[41.385,21.372],[41.523,21.179],[41.816,21.115],[42.163,20.665],[42.315,20.729],[42.382,20.601],[42.53,20.601],[42.809,20.279],[42.957,20.279],[43.31,19.958],[43.51,19.572],[43.498,19.379],[43.639,19.251],[43.628,19.058],[43.905,18.736],[43.886,18.415],[44.092,18.158],[44.081,17.965],[44.42,17.45],[44.338,17.322],[44.475,17.129],[44.622,17.129],[44.537,16.936],[45.02,16.358],[45.012,16.229],[45.226,16.1],[45.218,15.972],[45.215,15.908],[44.331,15.908],[44.125,16.165],[43.392,16.229],[43.108,16.422],[42.813,16.422],[42.817,16.486],[42.484,17.129],[42.336,17.129],[42.28,17.45],[41.785,17.836],[41.451,18.479],[41.236,18.608],[41.25,18.865],[41.042,19.122],[40.985,19.443],[40.841,19.508],[40.851,19.701],[40.562,19.829],[40.14,20.279],[39.844,20.279],[39.489,20.601],[39.496,20.729],[39.351,20.793],[39.147,21.179],[39.169,21.629],[39.027,21.758],[39.14,22.529],[38.859,22.851],[38.869,23.043],[38.601,23.622],[38.242,23.879],[38.7,24.072],[38.864,24.329],[38.897,24.908],[38.823,24.908],[38.579,25.808],[38.296,26.065],[38.308,26.258],[38.467,26.387],[38.767,26.387],[39.05,26.129],[39.041,26.001],[39.461,25.551],[39.508,25.101],[39.72,24.908]]]]}},{"type":"Feature","id":"cliopatria-ffb3e1e28b2bb6c048326f67","properties":{"NAME":"Molossians","ABBREVN":null,"CONTROL":null,"SUBJECTO":"Molossians","PARTOF":null,"BORDERPRECISION":1,"FromYear":-170,"ToYear":-165,"Area":4707.852600264134,"Type":"POLITY","Wikipedia":"Molossians","Wikidata":"Q827399","SeshatID":"","Components":"","MemberOf":"","sourceFeatureId":"cliopatria-ffb3e1e28b2bb6c048326f67","datasetId":"cliopatria"},"geometry":{"type":"MultiPolygon","coordinates":[[[[20.152,39.644],[20.149,39.579],[20.07,39.579],[20.073,39.644],[20.152,39.644]]],[[[21.094,39.579],[20.848,39.385],[20.3,39.45],[20.303,39.514],[20.225,39.514],[20.228,39.579],[20.231,39.644],[20.152,39.644],[20.155,39.708],[20.076,39.708],[20.246,39.967],[20.569,40.096],[20.806,40.096],[21.094,39.579]]]]}},{"type":"Feature","id":"cliopatria-ed46502f87100d9aec5fbc53","properties":{"NAME":"Ptolemaic Kingdom","ABBREVN":null,"CONTROL":null,"SUBJECTO":"Ptolemaic Kingdom","PARTOF":null,"BORDERPRECISION":1,"FromYear":-170,"ToYear":-165,"Area":156392.0740889576,"Type":"POLITY","Wikipedia":"Ptolemaic Kingdom","Wikidata":"Q2320005","SeshatID":"eg_ptolemaic_k_2","Components":"","MemberOf":"","sourceFeatureId":"cliopatria-ed46502f87100d9aec5fbc53","datasetId":"cliopatria"},"geometry":{"type":"MultiPolygon","coordinates":[[[[30.001,30.758],[29.689,30.629],[29.401,30.886],[29.405,30.951],[29.946,31.079],[30.005,30.822],[30.001,30.758]]],[[[24.892,31.979],[25.112,31.786],[25.102,31.593],[25.248,31.465],[26.394,31.529],[27.37,31.272],[27.366,31.208],[26.737,30.822],[26.565,30.436],[26.166,30.051],[25.996,29.665],[25.842,29.601],[25.737,28.958],[25.662,28.958],[25.446,29.215],[25.076,29.408],[24.922,29.344],[24.855,29.537],[24.406,29.665],[24.263,29.858],[23.667,30.115],[23.227,30.501],[22.848,30.501],[22.853,30.629],[21.951,30.886],[20.582,30.886],[19.957,30.308],[19.651,30.244],[19.572,30.115],[18.812,30.051],[18.894,30.308],[19.501,30.308],[20.122,30.758],[20.214,31.272],[19.996,31.593],[20.089,32.107],[20.017,32.236],[20.246,32.236],[20.331,32.493],[20.482,32.429],[20.563,32.557],[20.716,32.557],[20.644,32.686],[20.871,32.622],[21.108,32.814],[21.412,32.75],[21.57,32.879],[22.108,32.943],[23.089,32.622],[23.081,32.429],[23.231,32.365],[23.149,32.236],[23.903,32.043],[23.98,32.043],[24.892,31.979]]],[[[34.542,35.709],[34.529,35.58],[33.957,35.258],[34.087,35.001],[33.695,34.937],[33.523,34.744],[33.132,34.679],[33.044,34.551],[32.367,34.744],[32.229,34.937],[32.246,35.13],[32.555,35.13],[32.875,35.258],[32.887,35.387],[33.737,35.387],[34.31,35.709],[34.387,35.709],[34.542,35.709]]]]}},{"type":"Feature","id":"cliopatria-102a37ebae4f6dac01fc5d48","properties":{"NAME":"Rhodes","ABBREVN":null,"CONTROL":null,"SUBJECTO":"Rhodes","PARTOF":null,"BORDERPRECISION":1,"FromYear":-170,"ToYear":-165,"Area":25801.44065112528,"Type":"POLITY","Wikipedia":"Rhodes","Wikidata":"Q43048","SeshatID":"","Components":"","MemberOf":"","sourceFeatureId":"cliopatria-102a37ebae4f6dac01fc5d48","datasetId":"cliopatria"},"geometry":{"type":"MultiPolygon","coordinates":[[[[28.095,36.482],[28.25,36.482],[28.139,36.031],[27.743,35.902],[27.693,36.288],[28.017,36.482],[28.095,36.482]]],[[[27.185,36.804],[26.865,36.675],[27.039,36.933],[27.117,36.933],[27.185,36.804]]],[[[30.026,36.353],[29.938,36.224],[29.24,36.224],[29.125,36.739],[28.357,36.868],[28.187,36.675],[28.031,36.675],[28.138,37.062],[27.598,37.126],[27.539,37.384],[27.223,37.319],[27.31,37.448],[27.163,37.577],[27.256,37.771],[27.178,37.771],[27.183,37.835],[27.73,37.835],[27.969,37.9],[28.141,38.093],[28.454,38.093],[28.678,37.964],[28.724,37.577],[29.26,37.448],[29.4,37.255],[29.701,37.126],[29.571,36.482],[29.876,36.417],[30.514,36.61],[30.508,36.546],[30.492,36.353],[30.026,36.353]]]]}},{"type":"Feature","id":"cliopatria-06bd7bbeafa9d0a6edaa41be","properties":{"NAME":"Roman Republic","ABBREVN":null,"CONTROL":null,"SUBJECTO":"Roman Republic","PARTOF":null,"BORDERPRECISION":1,"FromYear":-170,"ToYear":-165,"Area":506264.10308669525,"Type":"POLITY","Wikipedia":"Roman Republic","Wikidata":"Q175881","SeshatID":"it_roman_rep_2","Components":"","MemberOf":"","sourceFeatureId":"cliopatria-06bd7bbeafa9d0a6edaa41be","datasetId":"cliopatria"},"geometry":{"type":"MultiPolygon","coordinates":[[[[1.997,41.976],[2.399,41.911],[2.718,41.911],[2.712,42.041],[2.869,42.106],[2.963,41.782],[2.573,41.587],[2.334,41.587],[2.107,41.327],[1.238,41.198],[0.696,40.938],[0.709,40.679],[0.248,40.42],[0.183,40.161],[-0.126,40.032],[-0.345,39.708],[-0.314,39.126],[0.099,38.739],[-0.661,38.287],[-0.803,38.029],[-0.705,37.642],[-1.709,37.448],[-1.623,37.319],[-1.857,37.319],[-2.062,36.804],[-2.532,36.868],[-2.68,36.739],[-4.469,36.739],[-4.689,36.546],[-5.228,36.482],[-5.288,36.224],[-5.662,36.031],[-5.831,36.224],[-6.064,36.224],[-6.432,36.997],[-6.588,36.997],[-6.842,37.255],[-7.465,37.255],[-7.554,37.384],[-7.575,37.642],[-7.284,37.9],[-7.222,38.093],[-6.011,38.61],[-5.87,38.803],[-5.482,38.868],[-5.041,39.256],[-4.342,39.385],[-3.81,39.644],[-3.592,39.902],[-3.207,40.032],[-2.465,40.744],[-2.306,40.744],[-2.006,41.003],[-2.099,41.198],[-1.781,41.198],[-1.732,41.652],[-1.652,41.652],[-1.753,41.976],[-1.607,42.171],[-1.629,42.496],[-1.549,42.496],[-1.491,42.821],[-1.331,42.821],[-1.259,42.951],[-0.938,42.951],[-0.849,42.821],[-0.276,42.626],[1.179,42.366],[1.182,42.301],[1.422,42.301],[1.997,41.976]]],[[[9.822,40.744],[9.823,40.355],[9.665,40.291],[9.747,39.644],[9.669,39.644],[9.593,39.126],[9.12,39.191],[8.966,38.868],[8.73,38.868],[8.336,38.997],[8.412,39.256],[8.333,39.256],[8.33,39.514],[8.409,39.514],[8.483,39.902],[8.325,39.967],[8.4,40.291],[8.321,40.291],[8.319,40.485],[8.16,40.55],[8.155,40.938],[8.552,40.874],[9.025,41.263],[9.104,41.263],[9.502,41.198],[9.822,40.744]]],[[[9.493,42.756],[9.574,42.756],[9.578,41.976],[9.498,41.976],[9.499,41.782],[9.262,41.392],[9.104,41.327],[8.784,41.522],[8.782,41.717],[8.623,41.717],[8.7,41.911],[8.539,42.106],[8.535,42.496],[8.773,42.691],[9.173,42.756],[9.251,43.017],[9.331,43.017],[9.492,43.017],[9.493,42.756]]],[[[-1.691,42.236],[-1.687,42.171],[-1.767,42.171],[-1.771,42.236],[-1.691,42.236]]],[[[10.215,42.691],[10.134,42.886],[10.214,42.886],[10.455,42.886],[10.455,42.691],[10.215,42.691]]],[[[-0.942,43.017],[-0.862,43.017],[-0.858,42.951],[-0.938,42.951],[-0.942,43.017]]],[[[14.337,35.838],[14.34,36.031],[14.417,36.031],[14.571,35.966],[14.568,35.773],[14.337,35.838]]],[[[21.068,39.062],[20.832,39.062],[20.297,39.385],[20.3,39.45],[20.848,39.385],[21.094,39.579],[21.396,39.32],[21.393,39.256],[21.471,39.256],[21.147,39.062],[21.068,39.062]]],[[[20.269,40.42],[20.43,40.485],[20.493,40.161],[20.572,40.161],[20.569,40.096],[20.246,39.967],[20.076,39.708],[20.073,39.644],[19.758,39.644],[19.764,39.773],[20,39.773],[20.009,39.967],[19.63,40.291],[19.471,40.291],[19.486,40.614],[19.249,40.614],[19.255,40.744],[19.498,40.874],[19.438,41.263],[19.523,41.392],[19.444,41.392],[19.53,41.522],[19.45,41.522],[19.542,41.782],[19.386,41.847],[19.472,41.976],[20.017,41.717],[19.928,41.522],[20.153,41.263],[19.991,41.198],[20.054,40.874],[19.816,40.874],[19.809,40.744],[19.882,40.614],[20.041,40.614],[20.038,40.55],[20.196,40.55],[20.269,40.42]]],[[[12.313,44.19],[12.873,43.798],[13.036,43.863],[13.034,43.733],[13.355,43.668],[13.673,43.407],[13.747,43.082],[13.985,42.951],[13.901,42.756],[14.056,42.496],[14.371,42.236],[14.531,42.236],[14.608,42.106],[14.769,42.171],[14.766,42.041],[14.924,41.976],[15.165,42.041],[15.241,41.911],[16.119,41.911],[16.115,41.782],[15.874,41.717],[15.944,41.392],[17.203,41.003],[17.511,40.744],[17.981,40.614],[18.438,40.161],[18.349,39.902],[18.112,39.902],[17.813,40.355],[17.418,40.355],[17.345,40.55],[17.028,40.55],[16.868,40.485],[16.945,40.42],[16.862,40.291],[16.624,40.291],[16.697,40.096],[16.457,39.967],[16.447,39.644],[16.916,39.514],[17.07,39.385],[17.138,39.062],[16.502,38.803],[16.492,38.416],[15.933,37.964],[15.698,37.964],[15.624,38.158],[15.389,38.158],[15.066,37.642],[15.059,37.255],[15.214,37.19],[15.05,36.739],[14.661,36.739],[14.278,37.126],[13.578,37.255],[13.192,37.577],[12.49,37.706],[12.492,37.9],[12.65,38.093],[13.04,38.029],[13.12,38.158],[13.355,38.158],[13.665,37.964],[14.056,37.964],[15.862,38.287],[15.95,38.674],[16.265,38.739],[16.27,38.933],[16.117,39.062],[15.899,39.773],[15.666,39.902],[15.748,40.032],[15.432,40.032],[15.199,40.226],[15.041,40.226],[14.893,40.679],[14.418,40.679],[14.422,40.874],[14.105,40.874],[13.951,41.133],[13.792,41.133],[13.715,41.263],[13,41.327],[12.131,41.911],[12.132,42.041],[11.813,42.106],[11.655,42.366],[11.495,42.301],[11.415,42.431],[11.255,42.431],[11.176,42.626],[11.016,42.626],[11.016,42.821],[10.535,43.082],[10.374,43.668],[10.131,44.059],[9.889,43.994],[9.97,44.124],[9.727,44.124],[9.159,44.451],[8.593,44.451],[8.192,44.19],[8.193,44.059],[8.031,44.124],[8.109,44.32],[8.026,44.451],[8.186,44.581],[8.34,45.17],[8.581,45.366],[8.579,45.497],[8.904,45.628],[10.534,45.628],[10.86,45.497],[11.511,45.497],[12.082,45.628],[12.741,46.152],[13.15,46.218],[13.39,45.824],[13.145,45.824],[13.06,45.628],[12.817,45.693],[12.652,45.562],[12.163,45.497],[12.16,45.17],[12.403,45.039],[12.4,44.777],[12.319,44.777],[12.238,44.777],[12.157,44.843],[12.154,44.451],[12.313,44.19]]],[[[16.796,43.017],[17.119,43.082],[17.2,43.082],[17.192,42.886],[16.791,42.886],[16.796,43.017]]]]}},{"type":"Feature","id":"cliopatria-ad3fd2c47d0b6ffac54b4cac","properties":{"NAME":"Seleucid Empire","ABBREVN":null,"CONTROL":null,"SUBJECTO":"Seleucid Empire","PARTOF":null,"BORDERPRECISION":1,"FromYear":-170,"ToYear":-165,"Area":2448734.0722043575,"Type":"POLITY","Wikipedia":"Seleucid dynasty","Wikidata":"Q705904","SeshatID":"ir_seleucid_emp","Components":"","MemberOf":"","sourceFeatureId":"cliopatria-ad3fd2c47d0b6ffac54b4cac","datasetId":"cliopatria"},"geometry":{"type":"MultiPolygon","coordinates":[[[[53.088,36.804],[53.955,36.868],[54.033,36.868],[54.774,36.675],[55.785,36.675],[56.212,36.868],[56.834,36.868],[57.444,36.804],[57.702,36.546],[58.453,36.417],[59.074,36.417],[60.047,36.61],[61.213,36.61],[61.157,36.353],[61.235,36.353],[61.303,35.58],[61.804,35.387],[62.191,35.387],[62.623,34.872],[63.15,34.808],[63.277,34.679],[63.83,34.744],[63.957,34.615],[64.188,34.615],[64.37,34.744],[64.755,34.744],[65.415,34.937],[65.618,34.808],[66.144,34.744],[66.563,34.551],[66.535,34.422],[66.458,34.422],[66.352,34.293],[65.751,34.358],[65.387,34.1],[65.242,33.779],[65.062,33.65],[65.035,33.522],[65.112,33.522],[64.982,33.264],[64.829,33.264],[64.687,32.943],[64.355,32.814],[64.406,32.686],[63.873,32.3],[63.643,32.3],[63.442,32.043],[63.301,32.107],[62.124,30.629],[61.68,30.244],[61.37,29.729],[61.027,29.472],[60.244,28.251],[59.395,27.544],[58.994,27.351],[58.978,27.222],[58.836,27.287],[58.745,27.158],[58.594,27.158],[58.428,27.029],[58.405,26.837],[58.262,26.901],[57.773,26.579],[57.483,26.001],[57.529,25.744],[57.38,25.744],[57.115,26.065],[57.052,26.837],[56.715,27.158],[56.188,27.158],[56.098,27.029],[56.324,27.029],[56.309,26.901],[56.061,26.708],[55.603,26.644],[55.439,26.515],[55.289,26.515],[55.31,26.708],[55.543,26.772],[55.242,26.772],[54.832,26.451],[54.463,26.515],[54.259,26.708],[53.658,26.708],[53.461,26.965],[52.737,27.222],[52.479,27.608],[52.049,27.801],[51.597,27.801],[51.317,27.994],[51.331,28.122],[51.066,28.444],[51.028,28.765],[50.809,28.83],[50.915,29.087],[50.62,29.151],[50.651,29.408],[50.236,29.729],[50.065,30.179],[49.586,29.987],[48.943,30.308],[48.987,30.051],[48.365,29.922],[48.404,29.601],[48.093,29.537],[47.646,29.601],[47.29,29.794],[46.979,29.729],[46.994,29.858],[46.85,29.922],[46.615,29.858],[46.591,30.308],[45.77,30.436],[44.955,31.272],[44.581,31.336],[44.459,31.593],[43.153,32.814],[42.709,32.943],[42.578,33.136],[42.065,33.329],[42.003,33.457],[41.489,33.65],[41.427,33.779],[41.273,33.779],[41.212,33.907],[40.912,33.972],[40.704,34.165],[40.311,34.1],[40.403,34.229],[40.257,34.293],[39.124,34.486],[37.99,33.972],[37.739,33.779],[37.726,33.65],[37.573,33.65],[37.073,33.264],[37.054,33.072],[36.901,33.072],[36.717,32.75],[36.751,32.3],[36.516,32.236],[36.662,32.172],[36.387,31.658],[36.423,31.208],[35.662,31.208],[35.499,31.079],[35.352,31.143],[34.621,30.565],[34.611,30.436],[34.389,30.501],[34.303,30.372],[33.838,30.244],[32.919,30.115],[32.91,29.987],[32.758,29.987],[32.673,29.858],[32.526,29.922],[32.442,29.794],[32.689,28.958],[32.836,28.894],[33.105,28.38],[33.609,27.994],[33.585,27.608],[33.799,27.415],[33.927,27.029],[34.073,26.965],[34.051,26.579],[34.197,26.515],[34.461,25.872],[34.608,25.808],[35.146,24.651],[35.86,24.008],[35.854,23.879],[35.559,23.943],[35.553,23.815],[35.108,23.879],[33.756,23.686],[33.682,23.686],[33.389,23.815],[32.041,23.686],[31.67,23.751],[30.537,23.365],[30.463,23.365],[30.395,23.558],[30.104,23.751],[30.109,23.879],[29.959,23.879],[29.673,24.201],[28.569,24.651],[28.289,25.165],[28.244,25.936],[28.345,26.579],[28.27,26.579],[28.154,27.351],[27.937,27.544],[27.711,27.544],[27.792,27.672],[27.43,27.994],[27.276,27.93],[27.285,28.122],[27.068,28.315],[26.252,28.637],[25.813,28.958],[25.737,28.958],[25.842,29.601],[25.996,29.665],[26.166,30.051],[26.565,30.436],[26.737,30.822],[27.366,31.208],[27.442,31.208],[28.496,31.015],[28.865,30.822],[29.397,30.822],[29.401,30.886],[29.689,30.629],[30.001,30.758],[30.005,30.822],[29.802,31.208],[30.339,31.272],[30.271,31.4],[30.352,31.465],[30.809,31.465],[30.966,31.529],[30.975,31.658],[31.203,31.658],[31.118,31.529],[31.266,31.465],[31.875,31.465],[31.781,31.208],[31.937,31.272],[32,31.079],[32.304,31.079],[32.237,31.208],[32.389,31.208],[32.532,31.079],[32.765,31.143],[32.832,31.015],[33.749,31.079],[34.297,31.272],[34.308,31.4],[34.633,31.658],[34.573,31.85],[34.813,31.979],[34.77,32.365],[35.022,32.622],[35.056,33.007],[35.215,33.072],[35.398,33.393],[35.346,33.65],[35.499,33.65],[35.447,33.907],[35.684,33.972],[35.644,34.358],[35.792,34.293],[36.049,34.551],[36.068,34.744],[35.927,34.872],[35.96,35.194],[35.882,35.194],[35.993,35.516],[35.845,35.58],[35.99,36.224],[35.842,36.288],[36.265,36.61],[36.286,36.804],[36.145,36.933],[36.06,36.868],[35.982,36.868],[35.996,36.997],[36.159,37.062],[37.198,36.61],[37.523,36.739],[37.601,36.739],[38.161,36.868],[38.176,36.997],[37.958,37.126],[37.989,37.384],[37.638,37.706],[37.764,38.093],[38.147,38.029],[38.312,38.093],[38.423,38.351],[38.658,38.351],[38.868,38.158],[39.181,38.158],[39.38,38.481],[40.137,38.287],[40.216,38.287],[40.294,38.287],[40.372,38.287],[40.451,38.287],[40.442,38.222],[40.52,38.222],[40.598,38.222],[40.572,38.029],[41.667,38.029],[41.961,37.9],[42.508,37.9],[43.945,37.577],[44.413,37.577],[44.774,37.384],[44.745,37.19],[44.871,36.997],[45.251,36.933],[45.118,36.031],[45.195,36.031],[45.217,35.645],[46.031,35.387],[47.954,35.323],[48.774,35.13],[49.413,35.258],[49.608,35.516],[50.48,35.645],[50.855,36.031],[52.008,36.417],[52.108,36.546],[52.186,36.546],[53.088,36.804]]]]}},{"type":"Feature","id":"cliopatria-7717c7cc04a83f08a9055161","properties":{"NAME":"Shunga Empire","ABBREVN":null,"CONTROL":null,"SUBJECTO":"Shunga Empire","PARTOF":null,"BORDERPRECISION":1,"FromYear":-170,"ToYear":-165,"Area":425055.6666271481,"Type":"POLITY","Wikipedia":"Shunga Empire","Wikidata":"Q651377","SeshatID":"in_sunga_emp","Components":"","MemberOf":"","sourceFeatureId":"cliopatria-7717c7cc04a83f08a9055161","datasetId":"cliopatria"},"geometry":{"type":"MultiPolygon","coordinates":[[[[81.087,30.179],[81.163,30.179],[81.39,30.179],[81.697,29.858],[82.336,29.665],[82.459,29.537],[83.05,29.472],[83.249,29.344],[83.49,29.408],[83.523,29.215],[83.75,29.215],[84.01,29.022],[84.251,29.087],[84.483,28.765],[84.833,28.637],[84.717,28.444],[84.792,28.444],[84.813,28.187],[85.213,27.93],[85.851,27.737],[86.227,27.737],[86.569,27.93],[86.781,27.865],[87.11,27.994],[87.247,27.93],[87.158,27.865],[87.206,27.737],[87.357,27.737],[87.405,27.608],[87.569,27.672],[87.543,27.544],[87.955,27.351],[88.118,27.415],[88.092,27.287],[88.292,27.158],[88.844,27.287],[88.818,27.158],[89.067,26.901],[89.942,26.772],[89.742,26.129],[89.88,26.065],[89.843,25.872],[89.918,25.872],[89.854,25.101],[89.843,25.036],[89.544,25.036],[89.278,25.229],[88.23,25.229],[87.61,25.101],[87.257,25.229],[86.509,25.229],[85.056,25.486],[82.061,25.486],[81.172,25.551],[80.969,25.679],[80.455,25.744],[80.036,25.936],[79.983,26.065],[79.693,26.129],[78.86,26.965],[78.841,27.287],[78.512,27.544],[78.393,28.122],[78.242,28.122],[78.266,28.251],[78.065,28.38],[78.089,28.508],[77.963,28.637],[77.99,29.151],[77.878,29.344],[77.93,29.601],[77.855,29.601],[77.936,29.987],[79.409,31.143],[79.485,31.143],[79.531,31.015],[80.048,30.951],[80.34,30.565],[80.918,30.436],[81.087,30.179]]]]}},{"type":"Feature","id":"cliopatria-775ebe41171afed8f3737c0b","properties":{"NAME":"Xiongnu","ABBREVN":null,"CONTROL":null,"SUBJECTO":"Xiongnu","PARTOF":null,"BORDERPRECISION":1,"FromYear":-170,"ToYear":-165,"Area":5131617.584454157,"Type":"POLITY","Wikipedia":"Xiongnu","Wikidata":"Q188836","SeshatID":"mn_hunnu_emp","Components":"","MemberOf":"","sourceFeatureId":"cliopatria-775ebe41171afed8f3737c0b","datasetId":"cliopatria"},"geometry":{"type":"MultiPolygon","coordinates":[[[[98.836,54.071],[100.48,54.071],[100.43,54.003],[101.763,53.935],[101.712,53.868],[104.34,53.462],[104.289,53.395],[104.962,53.26],[104.911,53.192],[105.083,53.192],[105.032,53.125],[106.408,52.788],[105.915,52.586],[105.265,52.049],[104.44,51.848],[103.845,51.848],[103.572,51.58],[104.118,51.513],[104.072,51.447],[104.834,51.447],[105.74,51.647],[106.006,51.781],[106.398,52.318],[106.825,52.318],[106.925,52.452],[107.096,52.452],[107.045,52.385],[107.216,52.385],[107.166,52.318],[107.627,52.25],[107.577,52.183],[107.953,52.116],[107.903,52.049],[108.073,52.049],[108.024,51.982],[109.234,51.781],[109.184,51.714],[109.404,51.781],[109.389,51.647],[109.778,51.714],[109.678,51.58],[110.018,51.58],[109.968,51.513],[110.511,51.447],[110.461,51.38],[113.916,51.246],[113.865,51.179],[115.823,50.979],[115.772,50.912],[116.11,50.912],[116.058,50.845],[116.597,50.779],[116.546,50.712],[116.799,50.712],[116.748,50.645],[118.343,50.313],[118.292,50.246],[118.544,50.246],[118.493,50.179],[118.829,50.179],[118.778,50.113],[119.147,50.046],[119.096,49.98],[119.582,49.847],[119.531,49.781],[119.699,49.781],[119.648,49.714],[119.899,49.714],[121.096,50.179],[121.044,50.113],[121.296,50.113],[121.244,50.046],[121.495,50.046],[121.444,49.98],[121.611,49.98],[121.56,49.914],[122.61,49.648],[122.558,49.582],[122.725,49.582],[122.674,49.515],[123.723,49.25],[123.672,49.184],[124.237,49.051],[124.186,48.985],[124.57,49.051],[124.52,48.985],[124.686,48.985],[124.635,48.919],[124.834,48.853],[124.784,48.787],[125.033,48.787],[124.983,48.72],[125.348,48.654],[125.298,48.588],[125.58,48.522],[125.53,48.456],[125.779,48.456],[125.729,48.39],[125.895,48.39],[125.845,48.324],[126.094,48.324],[126.044,48.258],[126.209,48.258],[126.16,48.192],[126.408,48.192],[126.358,48.126],[126.524,48.126],[126.474,48.06],[126.723,48.06],[126.673,47.994],[126.838,47.994],[126.789,47.928],[127.351,47.796],[127.302,47.73],[127.583,47.664],[127.534,47.598],[127.781,47.598],[127.732,47.532],[127.897,47.532],[127.848,47.466],[128.095,47.466],[128.046,47.401],[128.211,47.401],[128.162,47.335],[128.409,47.335],[128.36,47.269],[128.525,47.269],[128.476,47.203],[128.723,47.203],[128.674,47.137],[128.838,47.137],[128.789,47.072],[129.036,47.072],[128.987,47.006],[129.152,47.006],[129.103,46.94],[129.349,46.94],[129.301,46.874],[129.58,46.809],[129.532,46.743],[129.893,46.677],[129.782,46.415],[129.864,46.415],[129.74,46.021],[129.821,46.021],[129.631,45.759],[128.434,44.647],[128.242,44.255],[127.991,44.124],[125.676,41.717],[125.553,41.392],[125.513,41.327],[124.837,41.133],[124.439,41.263],[124.479,41.327],[124.24,41.327],[124.28,41.392],[124.002,41.457],[124.042,41.522],[123.803,41.522],[123.843,41.587],[123.564,41.652],[123.604,41.717],[123.365,41.717],[123.405,41.782],[123.127,41.847],[123.167,41.911],[122.928,41.911],[118.979,40.614],[117.453,40.291],[117.109,40.096],[116.102,39.838],[115.55,39.838],[115.283,40.226],[114.764,40.291],[114.799,40.355],[114.448,40.291],[114.482,40.355],[114.008,40.355],[114.042,40.42],[113.488,40.42],[112.629,40.291],[112.078,39.838],[111.486,38.803],[110.133,38.093],[108.754,36.739],[108.302,36.031],[107.267,35.773],[106.7,35.516],[106.493,35.58],[106.185,35.387],[105.259,35.194],[105.284,35.258],[105.951,35.773],[105.847,35.902],[106.08,36.288],[106.029,36.353],[104.166,36.739],[102.871,37.19],[102.611,37.126],[102.586,37.255],[102.119,37.448],[102.096,37.771],[101.755,37.513],[101.601,37.706],[101.315,37.771],[101.29,37.9],[100.796,38.029],[100.799,38.222],[100.642,38.222],[100.414,38.61],[100.199,38.287],[99.862,38.416],[99.379,39.126],[99.092,39.191],[99.12,39.256],[98.958,39.062],[98.384,39.191],[98.117,38.933],[97.96,38.933],[97.857,39.062],[97.492,39.126],[97.468,39.256],[96.763,39.45],[96.681,39.256],[96.76,39.256],[96.678,39.062],[96.757,39.062],[96.677,38.868],[96.755,38.868],[96.649,38.61],[96.414,38.61],[96.31,38.739],[95.682,38.933],[95.319,39.385],[94.977,39.32],[94.506,39.514],[93.955,39.514],[92.59,39.256],[90.412,39.32],[87.545,39.644],[85.696,39.967],[85.138,40.161],[84.743,40.161],[84.263,40.355],[83.363,40.485],[82.748,40.744],[82.431,40.744],[82.321,40.874],[81.656,41.003],[81.412,41.198],[81.174,41.198],[80.636,41.457],[80.606,41.587],[80.447,41.587],[80.172,41.911],[80.222,42.041],[80.142,42.041],[80.287,42.821],[80.473,42.886],[80.471,43.082],[80.632,43.082],[80.791,43.277],[80.683,43.407],[80.735,43.538],[80.357,43.994],[80.383,44.451],[80.302,44.451],[80.41,44.712],[79.978,44.843],[80.005,44.908],[79.518,44.908],[79.545,44.973],[78.569,45.17],[78.35,45.431],[77.996,45.562],[78.022,45.824],[77.831,45.955],[77.802,46.283],[77.883,46.283],[78.975,46.349],[79.086,46.612],[79.388,46.743],[79.362,46.874],[80.215,47.137],[81.127,48.787],[82.395,50.512],[82.702,50.779],[82.688,50.912],[83.47,51.58],[85.309,52.721],[87.946,53.395],[88.977,53.53],[89.063,53.665],[89.451,53.597],[91.437,53.868],[93.941,53.868],[95.377,54.071],[98.75,54.071],[98.836,54.071]]],[[[77.802,46.283],[77.72,46.283],[77.747,46.349],[77.829,46.349],[77.802,46.283]]],[[[109.439,51.714],[109.489,51.781],[109.574,51.781],[109.524,51.714],[109.439,51.714]]]]}},{"type":"Feature","id":"cliopatria-c35952b934dcaa4b80bdf0f3","properties":{"NAME":"Wusun","ABBREVN":null,"CONTROL":null,"SUBJECTO":"Wusun","PARTOF":null,"BORDERPRECISION":1,"FromYear":-170,"ToYear":-145,"Area":202950.1510197203,"Type":"POLITY","Wikipedia":"Wusun","Wikidata":"Q854062","SeshatID":"","Components":"","MemberOf":"","sourceFeatureId":"cliopatria-c35952b934dcaa4b80bdf0f3","datasetId":"cliopatria"},"geometry":{"type":"MultiPolygon","coordinates":[[[[80.142,42.041],[80.063,42.041],[79.013,41.587],[78.775,41.587],[78.108,41.068],[77.529,41.003],[77.449,41.003],[77.519,41.198],[77.304,41.263],[77.374,41.457],[76.976,41.457],[76.704,41.587],[76.671,41.717],[76.798,41.847],[76.184,41.911],[76.334,42.106],[76.198,42.171],[76.214,42.431],[75.758,42.496],[75.878,42.821],[75.71,43.017],[75.196,43.147],[75.261,43.538],[74.875,43.798],[75.054,44.059],[74.506,44.32],[74.556,44.451],[74.387,44.647],[74.031,44.777],[74.049,45.039],[74.13,45.039],[74.255,45.366],[74.117,45.431],[74.319,45.955],[74.753,46.021],[74.881,46.349],[75.533,46.546],[75.507,46.48],[77.391,46.48],[77.364,46.415],[77.61,46.415],[77.72,46.283],[77.802,46.283],[77.831,45.955],[78.022,45.824],[77.996,45.562],[78.35,45.431],[78.569,45.17],[79.545,44.973],[79.518,44.908],[80.005,44.908],[79.978,44.843],[80.41,44.712],[80.302,44.451],[80.383,44.451],[80.357,43.994],[80.735,43.538],[80.683,43.407],[80.791,43.277],[80.632,43.082],[80.471,43.082],[80.473,42.886],[80.287,42.821],[80.142,42.041]]]]}},{"type":"Feature","id":"cliopatria-6a9a37580318b820bc3439f4","properties":{"NAME":"Yuezhi","ABBREVN":null,"CONTROL":null,"SUBJECTO":"Yuezhi","PARTOF":null,"BORDERPRECISION":1,"FromYear":-170,"ToYear":-145,"Area":160755.40362577167,"Type":"POLITY","Wikipedia":"Yuezhi","Wikidata":"Q467985","SeshatID":"","Components":"","MemberOf":"","sourceFeatureId":"cliopatria-6a9a37580318b820bc3439f4","datasetId":"cliopatria"},"geometry":{"type":"MultiPolygon","coordinates":[[[[77.37,41.003],[76.293,40.874],[75.491,40.614],[75.267,40.42],[74.893,40.485],[74.749,40.291],[74.011,39.967],[73.933,39.967],[73.684,40.42],[73.526,40.42],[73.489,40.55],[73.331,40.55],[73.294,40.679],[73.019,40.809],[72.781,40.809],[72.766,41.003],[72.592,41.198],[72.513,41.198],[71.876,41.911],[71.326,42.171],[71.086,42.171],[71.05,42.301],[70.708,42.236],[70.73,42.301],[71.183,42.691],[71.731,43.798],[72.209,44.451],[73.246,45.497],[73.742,45.3],[73.911,45.104],[73.862,44.973],[73.968,45.039],[74.049,45.039],[74.031,44.777],[74.387,44.647],[74.556,44.451],[74.506,44.32],[75.054,44.059],[74.875,43.798],[75.261,43.538],[75.196,43.147],[75.71,43.017],[75.878,42.821],[75.758,42.496],[76.214,42.431],[76.198,42.171],[76.334,42.106],[76.184,41.911],[76.798,41.847],[76.671,41.717],[76.704,41.587],[76.976,41.457],[77.374,41.457],[77.304,41.263],[77.519,41.198],[77.449,41.003],[77.37,41.003]]]]}},{"type":"Feature","id":"cliopatria-3cbebd6dc82d7785c24f07fd","properties":{"NAME":"Kingdom of Pontus","ABBREVN":null,"CONTROL":null,"SUBJECTO":"Kingdom of Pontus","PARTOF":null,"BORDERPRECISION":1,"FromYear":-170,"ToYear":-127,"Area":102264.21351587928,"Type":"POLITY","Wikipedia":"Kingdom of Pontus","Wikidata":"Q7380487","SeshatID":"","Components":"","MemberOf":"","sourceFeatureId":"cliopatria-3cbebd6dc82d7785c24f07fd","datasetId":"cliopatria"},"geometry":{"type":"MultiPolygon","coordinates":[[[[37.92,41.003],[37.999,41.003],[38.536,40.874],[39.21,41.133],[39.736,40.938],[40.37,40.938],[40.391,41.068],[40.539,41.003],[41.047,41.198],[41.238,41.392],[41.354,41.133],[41.084,40.938],[41.005,40.938],[40.567,40.679],[40.774,40.485],[40.754,40.355],[40.507,40.291],[40.398,40.096],[38.79,39.902],[38.93,39.773],[38.745,39.579],[38.954,39.385],[38.927,39.191],[38.752,39.062],[37.861,39.45],[36.933,39.579],[35.435,39.579],[35.294,39.708],[34.828,39.773],[34.536,39.967],[34.568,40.226],[34.6,40.485],[34.379,40.614],[34.403,40.809],[34.26,40.938],[34.406,41.457],[34.335,41.522],[33.308,41.587],[33.133,41.457],[32.656,41.457],[32.307,41.198],[32.258,41.457],[32.114,41.587],[32.193,41.587],[32.695,41.782],[32.631,41.911],[34.785,41.911],[34.882,42.041],[35.121,42.041],[35.157,41.717],[35.954,41.717],[36.209,41.263],[36.775,41.327],[37.065,41.133],[37.233,41.198],[37.215,41.068],[37.444,41.003],[37.92,41.003]]]]}},{"type":"Feature","id":"cliopatria-0a23decb5eef98193f8aea30","properties":{"NAME":"Nanyue","ABBREVN":null,"CONTROL":null,"SUBJECTO":"Nanyue","PARTOF":null,"BORDERPRECISION":1,"FromYear":-170,"ToYear":-127,"Area":620249.2944295515,"Type":"POLITY","Wikipedia":"Nanyue","Wikidata":"Q827040","SeshatID":"","Components":"","MemberOf":"","sourceFeatureId":"cliopatria-0a23decb5eef98193f8aea30","datasetId":"cliopatria"},"geometry":{"type":"MultiPolygon","coordinates":[[[[119.778,26.001],[119.53,25.615],[119.904,25.615],[119.872,25.486],[119.616,25.358],[119.273,25.486],[119.391,25.358],[119.344,25.165],[119.029,25.101],[119.074,24.972],[118.819,24.844],[118.76,24.586],[118.147,24.522],[118.076,24.201],[117.721,23.943],[117.694,23.815],[117.47,23.815],[117.179,23.493],[116.894,23.558],[116.78,23.365],[116.815,23.172],[116.591,23.172],[116.54,22.915],[115.696,22.786],[115.671,22.658],[115.373,22.658],[115.174,22.786],[114.902,22.529],[114.753,22.529],[114.641,22.722],[114.531,22.143],[114.37,22.079],[113.999,22.079],[113.996,22.465],[113.785,22.529],[113.747,22.722],[113.599,22.722],[113.699,22.465],[113.639,22.143],[113.416,22.143],[113.318,22.015],[113.106,22.079],[113.071,21.886],[112.774,21.886],[112.441,21.693],[111.859,21.758],[111.664,21.501],[110.984,21.436],[110.739,21.308],[110.716,21.179],[110.419,21.179],[110.483,21.115],[110.364,20.858],[110.616,20.601],[110.487,20.279],[109.883,20.215],[109.927,20.472],[109.789,20.536],[109.77,20.858],[109.696,20.858],[109.87,21.436],[109.807,21.501],[109.116,21.372],[109.086,21.629],[108.652,21.693],[108.555,21.565],[107.79,21.436],[107.417,20.986],[106.961,20.922],[106.834,20.601],[106.685,20.601],[106.537,20.151],[105.965,19.829],[105.734,18.865],[106.051,18.543],[106.031,18.415],[106.178,18.415],[106.295,18.222],[106.57,18.093],[106.571,17.643],[106.772,17.515],[106.752,17.386],[107.026,17.258],[106.607,16.936],[106.396,17],[106.416,17.129],[105.144,18.415],[105.185,18.672],[105.037,18.672],[105.142,18.865],[105.015,18.993],[105.014,19.443],[104.94,19.443],[104.992,19.765],[104.865,19.893],[104.981,20.151],[104.44,20.472],[104.619,20.665],[104.905,20.601],[104.873,20.858],[105.096,20.858],[104.851,21.179],[104.979,21.501],[104.926,21.629],[105.096,21.758],[105.128,21.951],[104.863,22.143],[104.981,22.401],[105.141,22.465],[105.272,22.786],[105.764,23.043],[106.156,23.558],[106.466,23.622],[107.149,24.072],[109.379,24.393],[111.009,24.329],[111.022,24.393],[111.457,24.329],[112.109,24.586],[113.828,24.586],[114.533,24.393],[114.781,25.486],[115.228,26.387],[114.961,26.515],[115.028,26.772],[114.953,26.772],[115.335,28.894],[115.259,28.894],[115.642,29.858],[115.804,30.115],[115.977,30.179],[116.129,30.179],[116.27,29.922],[116.53,29.794],[117.7,29.665],[117.808,29.537],[118.036,29.537],[118.165,28.765],[118.351,28.637],[118.291,28.444],[118.422,28.38],[118.494,27.865],[118.625,27.801],[118.877,26.837],[119.009,26.772],[119.137,26.129],[119.254,26.001],[119.57,26.065],[119.645,26.065],[119.778,26.001]]],[[[106.156,23.558],[106.082,23.558],[106.094,23.622],[106.168,23.622],[106.156,23.558]]]]}},{"type":"Feature","id":"cliopatria-12f6164e1808c9184cb8de20","properties":{"NAME":"Achaean League","ABBREVN":null,"CONTROL":null,"SUBJECTO":"Achaean League","PARTOF":null,"BORDERPRECISION":1,"FromYear":-164,"ToYear":-145,"Area":11769.542173731103,"Type":"POLITY","Wikipedia":"Achaean League","Wikidata":"Q244796","SeshatID":"","Components":"","MemberOf":"","sourceFeatureId":"cliopatria-12f6164e1808c9184cb8de20","datasetId":"cliopatria"},"geometry":{"type":"MultiPolygon","coordinates":[[[[23.335,37.513],[23.413,37.513],[23.402,37.319],[23.169,37.319],[23.176,37.448],[22.949,37.577],[22.714,37.577],[22.704,37.384],[22.399,37.513],[22.321,37.513],[22.236,37.384],[22.087,37.513],[21.697,37.513],[21.619,37.513],[21.622,37.577],[21.544,37.577],[21.547,37.642],[21.469,37.642],[21.472,37.706],[21.394,37.706],[21.397,37.771],[21.631,37.771],[21.637,37.9],[21.412,38.093],[21.416,38.158],[21.729,38.158],[21.742,38.416],[22.134,38.416],[22.287,38.351],[22.28,38.222],[22.44,38.287],[22.433,38.158],[22.589,38.158],[22.657,37.964],[22.97,37.964],[22.977,38.093],[23.216,38.158],[23.286,38.029],[23.201,37.9],[23.044,37.9],[23.037,37.771],[23.108,37.642],[23.339,37.577],[23.335,37.513]]]]}},{"type":"Feature","id":"cliopatria-8fdbf1c1a566dfa58e251678","properties":{"NAME":"Carthage","ABBREVN":null,"CONTROL":null,"SUBJECTO":"Carthage","PARTOF":null,"BORDERPRECISION":1,"FromYear":-164,"ToYear":-145,"Area":46315.275517195936,"Type":"POLITY","Wikipedia":"Ancient Carthage","Wikidata":"Q2429397","SeshatID":"tn_carthage_emp","Components":"","MemberOf":"","sourceFeatureId":"cliopatria-8fdbf1c1a566dfa58e251678","datasetId":"cliopatria"},"geometry":{"type":"MultiPolygon","coordinates":[[[[10.851,35.645],[11.083,35.58],[11.083,35.387],[11.006,35.387],[11.083,35.001],[10.851,34.937],[10.851,34.808],[10.081,34.293],[10.004,34.293],[9.386,34.808],[9.228,35.258],[8.917,35.516],[8.992,35.773],[8.837,35.838],[8.835,36.031],[8.678,36.224],[8.676,36.417],[8.908,36.546],[8.828,36.804],[8.828,36.868],[8.749,36.997],[8.903,37.126],[9.059,37.062],[9.603,37.319],[9.993,37.19],[10.227,37.255],[10.228,37.062],[10.305,37.062],[10.228,36.804],[10.462,36.739],[11.006,36.997],[11.006,36.804],[10.462,36.417],[10.54,36.353],[10.464,35.902],[10.851,35.709],[10.851,35.645]]]]}},{"type":"Feature","id":"cliopatria-af4b59e6441922ae2acb77e2","properties":{"NAME":"Greco-Bactrian Kingdom","ABBREVN":null,"CONTROL":null,"SUBJECTO":"Greco-Bactrian Kingdom","PARTOF":null,"BORDERPRECISION":1,"FromYear":-164,"ToYear":-145,"Area":1194248.08217611,"Type":"POLITY","Wikipedia":"Greco-Bactrian Kingdom","Wikidata":"Q488880","SeshatID":"af_greco_bactrian_k","Components":"","MemberOf":"","sourceFeatureId":"cliopatria-af4b59e6441922ae2acb77e2","datasetId":"cliopatria"},"geometry":{"type":"MultiPolygon","coordinates":[[[[67.638,33.843],[67.561,33.843],[67.575,33.907],[67.652,33.907],[67.638,33.843]]],[[[72.766,41.003],[72.781,40.809],[73.019,40.809],[73.294,40.679],[73.331,40.55],[73.489,40.55],[73.526,40.42],[73.684,40.42],[73.933,39.967],[73.912,39.902],[73.868,39.514],[73.69,39.45],[73.63,39.256],[73.748,39.126],[73.494,38.545],[72.989,38.158],[71.886,36.997],[71.894,36.739],[71.705,36.61],[71.671,36.482],[71.749,36.482],[71.621,36.288],[71.698,36.288],[71.632,36.031],[71.709,36.031],[71.721,35.773],[71.859,35.709],[71.827,35.58],[72.026,35.451],[71.994,35.323],[72.116,35.194],[72.747,34.937],[72.792,34.808],[72.946,34.808],[72.991,34.679],[73.283,34.615],[73.466,34.422],[73.928,34.422],[73.896,34.293],[74.034,34.229],[75.541,34.1],[75.687,33.457],[75.825,33.393],[75.944,32.943],[76.097,32.943],[76.066,32.814],[76.143,32.814],[76.081,32.557],[76.463,32.236],[78.448,31.593],[78.844,31.658],[78.845,31.336],[79.18,31.465],[79.424,31.208],[79.409,31.143],[77.936,29.987],[77.855,29.601],[77.93,29.601],[77.878,29.344],[77.99,29.151],[77.965,28.251],[78.04,28.251],[78.055,27.93],[78.043,27.865],[78.022,26.901],[77.689,26.708],[77.152,26.644],[76.659,26.837],[76.466,27.029],[76.488,27.158],[76.284,27.287],[76.307,27.415],[76.115,27.608],[76.201,27.672],[76.207,28.122],[75.738,28.444],[75.723,28.765],[75.495,29.151],[75.004,28.958],[74.817,28.765],[73.354,28.187],[70.716,27.737],[70.737,27.865],[70.543,28.058],[70.069,27.93],[69.907,28.315],[69.53,28.315],[69.249,28.444],[68.721,28.894],[67.124,29.279],[67.017,29.537],[66.565,29.987],[66.537,31.079],[67.042,31.722],[67.398,31.979],[67.348,32.107],[67.501,32.107],[67.629,32.365],[67.796,32.429],[67.939,32.75],[68.391,33.072],[68.551,33.457],[68.474,33.457],[68.517,33.65],[67.792,33.843],[67.666,33.972],[67.498,33.907],[67.387,34.1],[66.988,34.036],[66.968,34.293],[66.752,34.358],[66.78,34.486],[66.703,34.486],[66.327,34.872],[66.336,35.258],[65.636,35.58],[65.618,35.838],[65.54,35.838],[65.6,36.095],[65.445,36.095],[65.474,36.224],[65.397,36.224],[65.58,36.675],[65.393,36.868],[65.424,36.997],[65.721,37.577],[64.668,38.674],[64.701,38.803],[64.561,38.868],[64.611,39.062],[64.302,39.385],[64.337,39.514],[64.135,39.644],[64.169,39.773],[63.967,39.902],[63.941,40.096],[64.02,40.096],[64.389,40.291],[65.235,40.485],[65.272,40.614],[65.351,40.614],[65.37,40.679],[65.449,40.679],[65.43,40.614],[65.589,40.614],[65.804,40.809],[66.614,41.133],[66.653,41.263],[66.891,41.263],[67.547,41.587],[68.686,41.911],[70.628,42.236],[70.708,42.236],[71.05,42.301],[71.086,42.171],[71.326,42.171],[71.876,41.911],[72.513,41.198],[72.592,41.198],[72.766,41.003]]]]}},{"type":"Feature","id":"cliopatria-8c149ce235fb4210beb05e76","properties":{"NAME":"Greek City-States","ABBREVN":null,"CONTROL":null,"SUBJECTO":"Greek City-States","PARTOF":null,"BORDERPRECISION":1,"FromYear":-164,"ToYear":-145,"Area":206487.68006130517,"Type":"POLITY","Wikipedia":"Polis","Wikidata":"Q148837","SeshatID":"","Components":"","MemberOf":"","sourceFeatureId":"cliopatria-8c149ce235fb4210beb05e76","datasetId":"cliopatria"},"geometry":{"type":"MultiPolygon","coordinates":[[[[24.157,35.516],[24.15,35.387],[24.301,35.323],[25.692,35.323],[25.681,35.13],[26.225,35.194],[26.14,35.065],[24.824,35.001],[24.757,35.194],[24.526,35.194],[24.448,35.194],[23.679,35.258],[23.615,35.516],[24.157,35.516]]],[[[22.887,36.417],[22.965,36.417],[23.117,36.353],[23.107,36.16],[22.874,36.16],[22.887,36.417]]],[[[22.599,36.868],[22.512,36.675],[22.356,36.675],[22.22,37.062],[21.909,37.062],[21.899,36.868],[21.744,36.868],[21.681,37.19],[21.603,37.19],[21.693,37.448],[21.697,37.513],[22.087,37.513],[22.236,37.384],[22.321,37.513],[22.399,37.513],[22.853,37.255],[23.056,36.675],[22.833,36.868],[22.599,36.868]]],[[[24.283,37.706],[24.361,37.706],[24.432,37.577],[24.272,37.513],[24.201,37.642],[24.283,37.706]]],[[[24.986,37.706],[25.064,37.706],[25.22,37.706],[25.286,37.513],[25.052,37.513],[24.986,37.706]]],[[[20.621,37.9],[20.699,37.9],[20.934,37.9],[20.922,37.642],[20.613,37.706],[20.621,37.9]]],[[[24.694,38.029],[24.772,38.029],[25.068,37.771],[24.83,37.706],[24.682,37.835],[24.694,38.029]]],[[[21.631,37.771],[21.397,37.771],[21.319,37.771],[21.322,37.835],[21.244,37.835],[21.247,37.9],[21.25,37.964],[21.328,37.964],[21.331,38.029],[21.334,38.093],[21.412,38.093],[21.637,37.9],[21.631,37.771]]],[[[20.328,38.351],[20.488,38.416],[20.566,38.416],[20.795,38.287],[20.786,38.093],[20.32,38.158],[20.328,38.351]]],[[[23.567,38.803],[23.563,38.739],[23.485,38.739],[23.489,38.803],[23.567,38.803]]],[[[24.365,38.997],[24.444,38.997],[24.675,38.933],[24.662,38.739],[24.357,38.868],[24.365,38.997]]],[[[25.067,40.032],[25.146,40.032],[25.462,40.032],[25.447,39.838],[24.974,39.838],[25.067,40.032]]],[[[20.559,39.902],[20.572,40.161],[20.905,40.485],[20.916,40.679],[20.836,40.679],[20.85,40.938],[20.543,41.133],[20.495,41.717],[20.745,41.911],[20.753,42.041],[21.08,42.171],[21.16,42.171],[21.319,42.171],[21.407,42.301],[22.455,42.431],[22.442,42.236],[22.593,42.106],[22.753,42.106],[23.054,41.847],[23.448,41.782],[23.669,41.522],[23.748,41.522],[23.734,41.327],[23.884,41.198],[23.964,41.198],[24.034,41.068],[24.347,41.003],[24.342,40.938],[24.011,40.744],[23.698,40.809],[23.685,40.614],[23.839,40.55],[23.737,40.226],[22.959,40.42],[22.892,40.614],[22.572,40.55],[22.544,40.096],[22.702,40.096],[22.611,39.902],[23.135,39.45],[22.816,39.385],[22.797,39.062],[22.958,39.126],[23.493,38.868],[23.332,38.803],[23.025,38.933],[22.936,38.739],[23.167,38.674],[23.313,38.481],[23.626,38.481],[23.563,38.739],[24.03,38.674],[24.179,38.545],[24.159,38.222],[24.002,38.222],[23.979,37.835],[23.286,38.029],[23.216,38.158],[22.981,38.158],[22.988,38.287],[22.604,38.416],[21.193,38.416],[20.974,38.739],[20.741,38.803],[20.911,39.062],[20.678,39.126],[20.606,39.256],[21.314,39.256],[21.321,39.385],[20.943,39.708],[20.95,39.838],[20.559,39.902]]],[[[24.491,40.809],[24.57,40.809],[24.808,40.809],[24.794,40.614],[24.551,40.55],[24.491,40.809]]],[[[5.387,43.407],[5.063,43.472],[4.178,43.472],[4.173,43.603],[3.851,43.603],[2.985,43.147],[3.01,42.561],[3.178,42.366],[3.04,41.847],[2.698,42.366],[2.775,42.431],[2.669,43.017],[2.75,43.017],[2.741,43.212],[3.446,43.668],[4.728,43.863],[5.87,43.407],[6.594,43.407],[6.597,43.277],[6.278,43.147],[6.198,43.147],[5.796,43.147],[5.632,43.277],[5.391,43.277],[5.387,43.407]]],[[[69.54,28.38],[69.53,28.315],[69.454,28.315],[69.465,28.38],[69.54,28.38]]],[[[66.613,31.079],[66.537,31.079],[66.549,31.143],[66.626,31.143],[66.613,31.079]]],[[[25.339,37.126],[25.417,37.126],[25.573,37.126],[25.564,36.997],[25.331,36.997],[25.339,37.126]]],[[[35.982,36.868],[35.904,36.868],[35.834,36.933],[35.488,36.61],[35.332,36.61],[35.113,36.739],[34.95,36.675],[34.893,36.868],[34.582,36.868],[34.251,36.675],[33.979,36.288],[33.274,36.224],[32.713,36.031],[32.558,36.031],[32.499,36.224],[32.068,36.61],[31.763,36.675],[31.769,36.739],[32.553,36.804],[32.72,36.933],[32.864,36.804],[33.097,36.804],[33.434,37.062],[33.985,37.126],[34.304,37.19],[34.565,37.448],[34.877,37.448],[35.054,37.642],[35.671,37.577],[35.998,37.706],[36.348,38.029],[37.115,37.9],[37.13,38.029],[37.764,38.093],[37.638,37.706],[37.989,37.384],[37.958,37.126],[38.176,36.997],[38.161,36.868],[37.601,36.739],[37.523,36.739],[37.198,36.61],[36.159,37.062],[35.996,36.997],[35.982,36.868]]],[[[25.899,38.481],[25.821,38.481],[25.913,38.674],[25.991,38.674],[26.217,38.545],[26.111,38.158],[25.876,38.158],[25.899,38.481]]],[[[26.094,38.997],[26.103,39.126],[25.793,39.191],[26.044,39.385],[26.123,39.385],[26.511,39.32],[26.644,38.997],[26.246,38.933],[26.094,38.997]]],[[[25.719,40.291],[25.798,40.291],[26.035,40.291],[26.025,40.161],[25.704,40.096],[25.719,40.291]]],[[[28.097,40.355],[28.103,40.42],[28.182,40.42],[28.17,40.291],[27.696,40.291],[27.701,40.355],[27.781,40.355],[27.786,40.42],[27.792,40.485],[27.871,40.485],[27.95,40.485],[27.945,40.42],[27.939,40.355],[28.018,40.355],[28.097,40.355]]],[[[29.367,41.198],[29.176,40.874],[29.043,41.133],[29.287,41.198],[29.367,41.198]]],[[[31.512,41.198],[31.361,41.263],[31.693,41.392],[31.592,41.198],[31.512,41.198]]],[[[40.416,43.147],[40.219,43.407],[39.978,43.407],[39.63,43.733],[40.414,43.603],[40.322,43.538],[40.38,43.407],[41.15,43.212],[41.208,43.082],[41.437,43.017],[41.414,42.886],[41.334,42.886],[41.173,42.886],[41.116,43.017],[40.817,43.147],[40.416,43.147]]],[[[27.931,41.976],[27.612,41.976],[27.464,42.106],[27.47,42.171],[27.175,42.431],[27.193,42.626],[27.366,42.756],[27.298,42.886],[27.458,42.886],[27.657,43.277],[27.998,43.472],[28.119,43.863],[28.3,44.059],[28.341,44.451],[28.422,44.451],[28.368,44.712],[28.64,44.973],[28.802,44.973],[28.841,44.581],[28.577,44.385],[28.536,43.994],[28.616,43.994],[28.481,43.472],[28.159,43.472],[28.226,43.342],[27.898,43.277],[27.805,43.147],[27.853,42.821],[27.847,42.756],[27.514,42.626],[27.495,42.431],[27.937,42.041],[27.931,41.976]]],[[[40.033,43.733],[39.953,43.733],[39.964,43.798],[40.045,43.798],[40.033,43.733]]],[[[33.467,44.647],[33.548,44.647],[33.61,45.104],[33.23,45.3],[33.637,45.3],[33.917,44.973],[34.604,45.235],[35.183,45.3],[35.154,45.104],[35.235,45.104],[35.135,44.973],[35.125,44.908],[34.376,44.777],[33.926,44.451],[33.521,44.451],[33.467,44.647]]],[[[31.567,46.94],[31.533,46.677],[30.877,46.677],[30.298,45.955],[30.045,45.89],[29.859,45.693],[29.614,45.693],[29.644,45.955],[30.189,46.415],[30.271,46.415],[30.458,46.612],[31.065,46.874],[31.082,47.006],[31.567,46.94]]]]}},{"type":"Feature","id":"cliopatria-f21c2eafa4287b3dc6d17cdf","properties":{"NAME":"Kingdom of Pergamon","ABBREVN":null,"CONTROL":null,"SUBJECTO":"Kingdom of Pergamon","PARTOF":null,"BORDERPRECISION":1,"FromYear":-164,"ToYear":-145,"Area":176006.4628783132,"Type":"POLITY","Wikipedia":"Kingdom of Pergamon","Wikidata":"Q2022162","SeshatID":"tr_pergamon_k","Components":"","MemberOf":"","sourceFeatureId":"cliopatria-f21c2eafa4287b3dc6d17cdf","datasetId":"cliopatria"},"geometry":{"type":"MultiPolygon","coordinates":[[[[26.314,37.706],[26.305,37.577],[25.988,37.513],[26.08,37.706],[26.158,37.706],[26.314,37.706]]],[[[27.026,37.835],[27.012,37.642],[26.622,37.642],[26.557,37.835],[26.636,37.835],[27.026,37.835]]],[[[28.493,40.355],[28.572,40.355],[28.651,40.355],[28.73,40.355],[28.955,40.226],[29.35,40.226],[29.455,40.485],[29.936,40.55],[29.923,40.42],[30.068,40.291],[30.457,40.226],[30.602,40.096],[30.589,39.967],[31.299,39.967],[31.378,39.967],[31.233,39.32],[31.443,39.062],[31.424,38.868],[31.738,38.868],[31.803,38.739],[32.189,38.674],[33.587,38.545],[33.617,38.093],[33.696,38.093],[33.648,37.642],[33.785,37.448],[33.941,37.448],[33.985,37.126],[33.434,37.062],[33.097,36.804],[32.864,36.804],[32.72,36.933],[32.553,36.804],[31.769,36.739],[31.691,36.739],[31.086,36.933],[30.619,36.933],[30.519,36.675],[30.514,36.61],[29.721,36.417],[29.571,36.482],[29.597,36.804],[29.602,36.868],[29.701,37.126],[29.4,37.255],[29.26,37.448],[28.724,37.577],[28.678,37.964],[28.454,38.093],[28.141,38.093],[27.969,37.9],[27.73,37.835],[27.183,37.835],[27.187,37.9],[27.275,38.029],[26.889,38.093],[26.82,38.222],[26.429,38.222],[26.384,38.674],[26.536,38.61],[26.595,38.351],[27.065,38.351],[27.08,38.545],[26.849,38.61],[26.958,38.997],[26.879,38.997],[26.894,39.191],[26.742,39.256],[26.847,39.579],[26.132,39.514],[26.168,39.967],[26.247,39.967],[26.272,40.291],[26.605,40.485],[26.684,40.485],[26.673,40.355],[27.47,40.42],[27.617,40.291],[27.696,40.291],[28.17,40.291],[28.182,40.42],[28.261,40.42],[28.34,40.42],[28.334,40.355],[28.413,40.355],[28.493,40.355]]],[[[27.102,40.744],[26.921,40.485],[26.768,40.55],[26.774,40.614],[26.785,40.744],[27.102,40.744]]],[[[26.066,40.679],[26.23,40.744],[26.309,40.744],[26.542,40.679],[26.066,40.679]]]]}},{"type":"Feature","id":"cliopatria-cd4eb4b4387c6049b5ca3e5c","properties":{"NAME":"Nabataeans","ABBREVN":null,"CONTROL":null,"SUBJECTO":"Nabataeans","PARTOF":null,"BORDERPRECISION":1,"FromYear":-164,"ToYear":-145,"Area":113328.7543120801,"Type":"POLITY","Wikipedia":"Nabataeans","Wikidata":"Q220594","SeshatID":"jo_nabataean_k","Components":"","MemberOf":"","sourceFeatureId":"cliopatria-cd4eb4b4387c6049b5ca3e5c","datasetId":"cliopatria"},"geometry":{"type":"MultiPolygon","coordinates":[[[[37.07,26.837],[37.075,26.901],[37.15,26.901],[37.146,26.837],[37.07,26.837]]],[[[38.056,26.965],[38.06,27.029],[38.135,27.029],[38.131,26.965],[38.056,26.965]]],[[[37.839,27.094],[37.844,27.158],[37.919,27.158],[37.914,27.094],[37.839,27.094]]],[[[36.401,30.951],[36.156,30.758],[35.942,29.987],[35.866,29.987],[35.826,29.472],[35.958,29.215],[35.858,28.894],[36.401,28.058],[36.552,28.058],[36.689,27.865],[37.127,27.672],[37.26,27.415],[37.481,27.351],[37.472,27.222],[37.769,27.158],[38.051,26.901],[38.206,26.965],[38.268,26.772],[38.493,26.772],[38.409,26.644],[38.696,26.451],[38.692,26.387],[38.467,26.387],[38.229,26.194],[38.154,26.194],[38.163,26.322],[37.95,26.515],[37.654,26.579],[37.154,26.965],[37,26.901],[37.017,27.158],[36.508,27.415],[36.37,27.608],[35.706,27.801],[35.4,27.737],[35.409,27.865],[35.049,28.122],[34.593,28.058],[34.605,28.251],[34.854,28.572],[34.913,29.408],[34.752,29.279],[34.711,28.701],[34.547,28.508],[34.517,28.058],[34.358,27.93],[34.346,27.737],[33.902,27.865],[33.554,28.315],[33.403,28.315],[33.189,28.508],[33.214,28.894],[32.857,29.215],[32.597,29.858],[32.602,29.922],[33.151,30.179],[34.303,30.372],[34.545,30.565],[34.697,30.565],[35.022,30.822],[35.032,30.951],[35.51,31.208],[35.455,31.465],[35.461,31.529],[35.636,31.786],[35.658,32.043],[35.582,32.043],[35.588,32.107],[35.605,32.3],[35.757,32.3],[35.769,32.429],[35.922,32.429],[36.01,32.557],[36.552,32.622],[36.692,32.493],[36.686,32.429],[36.751,32.3],[36.516,32.236],[36.656,32.107],[36.492,31.979],[36.463,31.658],[36.387,31.658],[36.423,31.208],[36.271,31.208],[36.26,31.079],[36.336,31.079],[36.401,30.951]]]]}},{"type":"Feature","id":"cliopatria-c5f0031652071ee4018298e2","properties":{"NAME":"Parthian Empire","ABBREVN":null,"CONTROL":null,"SUBJECTO":"Parthian Empire","PARTOF":null,"BORDERPRECISION":1,"FromYear":-164,"ToYear":-145,"Area":1850941.5304179792,"Type":"POLITY","Wikipedia":"Parthian Empire","Wikidata":"Q1986139","SeshatID":"ir_parthian_emp_1","Components":"","MemberOf":"","sourceFeatureId":"cliopatria-c5f0031652071ee4018298e2","datasetId":"cliopatria"},"geometry":{"type":"MultiPolygon","coordinates":[[[[58.332,40.42],[58.537,40.291],[58.854,40.291],[58.98,40.161],[59.77,40.161],[59.768,39.838],[60.084,39.838],[60.052,39.708],[60.683,39.708],[60.713,39.514],[61.202,39.579],[62.502,40.032],[62.879,39.967],[63.862,40.096],[63.941,40.096],[63.967,39.902],[64.169,39.773],[64.135,39.644],[64.337,39.514],[64.302,39.385],[64.611,39.062],[64.561,38.868],[64.701,38.803],[64.668,38.674],[65.721,37.577],[65.424,36.997],[65.393,36.868],[65.58,36.675],[65.397,36.224],[65.474,36.224],[65.445,36.095],[65.6,36.095],[65.54,35.838],[65.618,35.838],[65.636,35.58],[66.336,35.258],[66.327,34.872],[66.703,34.486],[66.689,34.422],[66.458,34.422],[66.352,34.293],[65.751,34.358],[65.387,34.1],[65.242,33.779],[65.062,33.65],[65.035,33.522],[65.112,33.522],[64.982,33.264],[64.829,33.264],[64.687,32.943],[64.355,32.814],[64.406,32.686],[63.873,32.3],[63.643,32.3],[63.442,32.043],[63.301,32.107],[62.89,31.529],[62.726,31.465],[62.124,30.629],[61.68,30.244],[61.37,29.729],[61.027,29.472],[60.244,28.251],[59.395,27.544],[58.994,27.351],[58.978,27.222],[58.836,27.287],[58.745,27.158],[58.594,27.158],[58.428,27.029],[58.405,26.837],[58.262,26.901],[57.773,26.579],[57.483,26.001],[57.529,25.744],[57.38,25.744],[57.176,25.936],[57.052,26.837],[56.715,27.158],[56.188,27.158],[56.098,27.029],[56.324,27.029],[56.309,26.901],[56.061,26.708],[55.289,26.515],[55.31,26.708],[55.543,26.772],[55.242,26.772],[54.989,26.515],[54.681,26.451],[54.259,26.708],[53.658,26.708],[53.461,26.965],[52.737,27.222],[52.479,27.608],[52.049,27.801],[51.453,27.865],[51.066,28.444],[51.028,28.765],[50.809,28.83],[50.915,29.087],[50.62,29.151],[50.651,29.408],[50.236,29.729],[50.057,30.115],[50.065,30.179],[50.393,30.372],[50.418,30.565],[50.063,30.758],[50.097,31.015],[49.97,31.208],[50.005,31.465],[50.277,31.786],[50.008,32.043],[50.026,32.172],[49.815,32.3],[49.842,32.493],[49.708,32.622],[49.316,32.557],[49.123,32.814],[48.902,32.879],[48.862,33.136],[48.651,33.264],[48.63,33.65],[48.898,33.907],[48.936,34.165],[48.859,34.165],[48.85,34.615],[48.715,34.744],[48.707,35.194],[47.954,35.323],[46.031,35.387],[45.217,35.645],[45.195,36.031],[45.118,36.031],[45.251,36.933],[45.446,37.19],[45.29,37.19],[45.252,37.448],[45.174,37.448],[45.224,37.771],[45.635,37.9],[45.854,38.287],[46.121,38.481],[47.252,38.674],[48.326,38.093],[48.795,38.093],[48.874,38.093],[48.829,37.835],[49.085,37.513],[49.854,37.448],[50.321,36.997],[50.566,37.062],[50.632,36.997],[50.532,36.868],[51.265,36.61],[52.186,36.546],[53.088,36.804],[54.033,36.868],[54.095,37.19],[53.91,37.448],[53.908,37.835],[53.83,37.835],[53.987,38.997],[53.518,39.385],[53.138,39.45],[53.545,39.514],[53.498,40.032],[52.723,40.096],[52.714,40.42],[52.793,40.42],[52.893,40.874],[52.972,40.874],[52.943,40.744],[53.34,40.744],[53.448,40.874],[53.404,40.679],[54.544,40.809],[56.655,40.355],[56.987,40.42],[56.956,40.291],[57.035,40.291],[57.114,40.291],[57.241,40.161],[57.351,40.291],[58.332,40.42]]]]}},{"type":"Feature","id":"cliopatria-457af191b97d262a91bf7544","properties":{"NAME":"Roman Republic","ABBREVN":null,"CONTROL":null,"SUBJECTO":"Roman Republic","PARTOF":null,"BORDERPRECISION":1,"FromYear":-164,"ToYear":-145,"Area":648898.6228174684,"Type":"POLITY","Wikipedia":"Roman Republic","Wikidata":"Q175881","SeshatID":"it_roman_rep_2","Components":"","MemberOf":"","sourceFeatureId":"cliopatria-457af191b97d262a91bf7544","datasetId":"cliopatria"},"geometry":{"type":"MultiPolygon","coordinates":[[[[14.568,35.773],[14.337,35.838],[14.34,36.031],[14.417,36.031],[14.571,35.966],[14.568,35.773]]],[[[2.399,41.911],[2.718,41.911],[2.712,42.041],[2.869,42.106],[2.963,41.782],[2.573,41.587],[2.334,41.587],[2.107,41.327],[1.238,41.198],[0.696,40.938],[0.709,40.679],[0.248,40.42],[0.183,40.161],[-0.126,40.032],[-0.345,39.708],[-0.314,39.126],[0.099,38.739],[-0.661,38.287],[-0.803,38.029],[-0.705,37.642],[-1.709,37.448],[-1.623,37.319],[-1.857,37.319],[-2.062,36.804],[-2.532,36.868],[-2.68,36.739],[-4.469,36.739],[-4.689,36.546],[-5.228,36.482],[-5.288,36.224],[-5.662,36.031],[-5.831,36.224],[-6.064,36.224],[-6.432,36.997],[-6.588,36.997],[-6.842,37.255],[-7.465,37.255],[-7.554,37.384],[-7.575,37.642],[-7.284,37.9],[-7.222,38.093],[-6.011,38.61],[-5.87,38.803],[-5.482,38.868],[-5.041,39.256],[-4.342,39.385],[-3.81,39.644],[-3.592,39.902],[-3.207,40.032],[-2.465,40.744],[-2.306,40.744],[-2.006,41.003],[-2.099,41.198],[-1.781,41.198],[-1.732,41.652],[-1.652,41.652],[-1.753,41.976],[-1.607,42.171],[-1.629,42.496],[-1.549,42.496],[-1.491,42.821],[-1.331,42.821],[-1.259,42.951],[-0.938,42.951],[-0.849,42.821],[-0.276,42.626],[1.179,42.366],[1.182,42.301],[1.422,42.301],[1.997,41.976],[2.399,41.911]]],[[[9.823,40.355],[9.665,40.291],[9.747,39.644],[9.669,39.644],[9.593,39.126],[9.12,39.191],[8.966,38.868],[8.73,38.868],[8.336,38.997],[8.412,39.256],[8.333,39.256],[8.33,39.514],[8.409,39.514],[8.483,39.902],[8.325,39.967],[8.4,40.291],[8.321,40.291],[8.319,40.485],[8.16,40.55],[8.155,40.938],[8.552,40.874],[9.025,41.263],[9.104,41.263],[9.502,41.198],[9.822,40.744],[9.823,40.355]]],[[[9.574,42.756],[9.578,41.976],[9.498,41.976],[9.499,41.782],[9.262,41.392],[9.104,41.327],[8.784,41.522],[8.782,41.717],[8.623,41.717],[8.7,41.911],[8.539,42.106],[8.535,42.496],[8.773,42.691],[9.173,42.756],[9.251,43.017],[9.331,43.017],[9.492,43.017],[9.493,42.756],[9.574,42.756]]],[[[-1.691,42.236],[-1.687,42.171],[-1.767,42.171],[-1.771,42.236],[-1.691,42.236]]],[[[10.215,42.691],[10.134,42.886],[10.214,42.886],[10.455,42.886],[10.455,42.691],[10.215,42.691]]],[[[-0.862,43.017],[-0.858,42.951],[-0.938,42.951],[-0.942,43.017],[-0.862,43.017]]],[[[14.261,44.581],[14.269,44.973],[14.35,44.973],[14.511,44.908],[14.502,44.516],[14.261,44.581]]],[[[27.743,35.902],[27.693,36.288],[28.017,36.482],[28.095,36.482],[28.25,36.482],[28.139,36.031],[27.743,35.902]]],[[[27.039,36.933],[27.117,36.933],[27.185,36.804],[26.865,36.675],[27.039,36.933]]],[[[30.514,36.61],[30.508,36.546],[30.492,36.353],[30.026,36.353],[29.938,36.224],[29.24,36.224],[29.125,36.739],[28.357,36.868],[28.187,36.675],[28.031,36.675],[28.138,37.062],[27.598,37.126],[27.539,37.384],[27.223,37.319],[27.31,37.448],[27.163,37.577],[27.256,37.771],[27.178,37.771],[27.183,37.835],[27.73,37.835],[27.969,37.9],[28.141,38.093],[28.454,38.093],[28.678,37.964],[28.724,37.577],[29.26,37.448],[29.4,37.255],[29.701,37.126],[29.602,36.868],[29.597,36.804],[29.571,36.482],[29.721,36.417],[30.514,36.61]]],[[[20.073,39.644],[20.152,39.644],[20.149,39.579],[20.07,39.579],[20.073,39.644]]],[[[26.082,40.874],[25.849,40.938],[24.426,41.003],[24.347,41.003],[24.034,41.068],[23.964,41.198],[23.884,41.198],[23.734,41.327],[23.748,41.522],[23.828,41.522],[24.719,41.717],[25.032,41.652],[25.202,41.782],[26.318,41.782],[26.825,42.106],[27.384,42.106],[27.464,42.106],[27.612,41.976],[27.931,41.976],[27.924,41.911],[28.004,41.911],[28.053,41.587],[28.218,41.652],[28.352,41.392],[28.976,41.263],[29.036,41.068],[28.633,41.003],[28.169,41.133],[28.077,41.003],[27.527,41.068],[27.357,40.938],[27.351,40.874],[27.181,40.744],[26.621,40.679],[26.072,40.744],[26.082,40.874]]],[[[15.82,45.235],[15.806,44.777],[16.126,44.647],[16.517,44.255],[16.679,44.255],[16.912,43.994],[17.073,43.994],[17.149,43.863],[17.313,43.929],[17.386,43.733],[17.861,43.538],[18.344,43.538],[18.574,43.277],[18.738,43.342],[18.815,43.288],[18.818,43.342],[18.898,43.342],[18.895,43.277],[18.831,43.277],[19.204,43.017],[19.605,43.017],[19.522,42.951],[19.595,42.821],[20.236,42.821],[20.149,42.691],[20.309,42.691],[20.382,42.561],[20.626,42.626],[20.619,42.496],[20.924,42.236],[21.083,42.236],[21.08,42.171],[20.753,42.041],[20.745,41.911],[20.495,41.717],[20.543,41.133],[20.85,40.938],[20.836,40.679],[20.916,40.679],[20.905,40.485],[20.572,40.161],[20.559,39.902],[20.95,39.838],[20.943,39.708],[21.321,39.385],[21.314,39.256],[20.527,39.256],[20.449,39.256],[20.155,39.708],[19.918,39.708],[19.912,39.579],[19.758,39.644],[19.764,39.773],[20,39.773],[20.009,39.967],[19.63,40.291],[19.471,40.291],[19.486,40.614],[19.249,40.614],[19.255,40.744],[19.498,40.874],[19.438,41.263],[19.523,41.392],[19.444,41.392],[19.53,41.522],[19.45,41.522],[19.542,41.782],[18.852,42.366],[18.143,42.626],[17.834,42.886],[17.593,42.886],[17.508,42.756],[17.516,42.951],[17.355,42.951],[17.365,43.212],[17.122,43.147],[17.051,43.407],[16.727,43.342],[16.734,43.538],[16.575,43.603],[15.927,43.472],[16.012,43.603],[15.857,43.798],[15.695,43.798],[15.619,43.929],[15.375,43.863],[15.459,43.994],[15.219,44.059],[15.147,44.385],[14.909,44.581],[14.919,44.973],[14.516,45.104],[14.603,45.366],[14.196,45.366],[14.189,45.039],[13.946,45.039],[13.943,44.908],[13.781,44.908],[13.706,45.235],[13.544,45.3],[13.547,45.497],[13.71,45.497],[13.715,45.759],[13.145,45.824],[13.06,45.628],[12.817,45.693],[12.652,45.562],[12.163,45.497],[12.16,45.17],[12.403,45.039],[12.4,44.777],[12.157,44.843],[12.154,44.451],[12.313,44.19],[12.873,43.798],[13.036,43.863],[13.034,43.733],[13.355,43.668],[13.673,43.407],[13.747,43.082],[13.985,42.951],[13.901,42.756],[14.056,42.496],[14.608,42.106],[14.769,42.171],[14.766,42.041],[14.924,41.976],[15.165,42.041],[15.241,41.911],[16.119,41.911],[16.115,41.782],[15.874,41.717],[15.944,41.392],[17.203,41.003],[17.511,40.744],[17.981,40.614],[18.438,40.161],[18.349,39.902],[18.112,39.902],[17.813,40.355],[17.418,40.355],[17.345,40.55],[17.028,40.55],[16.868,40.485],[16.945,40.42],[16.862,40.291],[16.624,40.291],[16.697,40.096],[16.457,39.967],[16.447,39.644],[16.916,39.514],[17.07,39.385],[17.138,39.062],[16.502,38.803],[16.492,38.416],[15.933,37.964],[15.698,37.964],[15.624,38.158],[15.389,38.158],[15.066,37.642],[15.059,37.255],[15.214,37.19],[15.21,36.997],[15.05,36.739],[14.661,36.739],[14.278,37.126],[13.578,37.255],[13.192,37.577],[12.49,37.706],[12.492,37.9],[12.65,38.093],[13.04,38.029],[13.12,38.158],[13.355,38.158],[13.665,37.964],[14.056,37.964],[15.862,38.287],[15.95,38.674],[16.265,38.739],[16.27,38.933],[16.117,39.062],[15.899,39.773],[15.666,39.902],[15.748,40.032],[15.432,40.032],[15.199,40.226],[15.041,40.226],[14.893,40.679],[14.418,40.679],[14.422,40.874],[14.105,40.874],[13.951,41.133],[13.792,41.133],[13.715,41.263],[13,41.327],[12.131,41.911],[12.132,42.041],[11.813,42.106],[11.655,42.366],[11.495,42.301],[11.415,42.431],[11.255,42.431],[11.176,42.626],[11.016,42.626],[11.016,42.821],[10.535,43.082],[10.374,43.668],[10.131,44.059],[9.889,43.994],[9.97,44.124],[9.727,44.124],[9.159,44.451],[8.593,44.451],[8.192,44.19],[8.193,44.059],[8.031,44.124],[8.109,44.32],[8.026,44.451],[8.343,44.908],[8.34,45.17],[8.581,45.366],[8.579,45.497],[8.904,45.628],[10.534,45.628],[10.86,45.497],[11.511,45.497],[12.082,45.628],[12.41,45.824],[12.412,45.955],[12.575,45.955],[12.905,46.218],[13.641,46.218],[13.802,46.087],[14.948,46.152],[14.945,46.021],[15.27,45.955],[15.268,45.89],[15.991,45.497],[15.907,45.431],[15.982,45.235],[15.82,45.235]]]]}},{"type":"Feature","id":"cliopatria-48dd769e4333b080be336db6","properties":{"NAME":"Satavahana Dynasty","ABBREVN":null,"CONTROL":null,"SUBJECTO":"Satavahana Dynasty","PARTOF":null,"BORDERPRECISION":1,"FromYear":-164,"ToYear":-145,"Area":618592.0498318574,"Type":"POLITY","Wikipedia":"Satavahana dynasty","Wikidata":"Q5257","SeshatID":"","Components":"","MemberOf":"","sourceFeatureId":"cliopatria-48dd769e4333b080be336db6","datasetId":"cliopatria"},"geometry":{"type":"MultiPolygon","coordinates":[[[[86.428,19.958],[85.645,19.636],[85.497,19.636],[85.522,19.829],[85.374,19.829],[85.415,19.572],[84.749,18.993],[84.38,18.415],[84.052,18.158],[83.667,18.029],[83.561,17.772],[83.153,17.45],[82.451,17.129],[82.347,16.872],[82.421,16.872],[82.383,16.55],[82.066,16.358],[81.323,16.293],[81.119,15.779],[80.611,15.843],[80.376,15.715],[80.088,15.072],[80.216,14.879],[80.245,14.429],[79.26,14.107],[79.272,14.236],[78.782,14.493],[78.992,15.136],[76.69,15.65],[76.429,15.972],[76.282,15.972],[76.014,16.229],[76.081,16.872],[75.727,17],[75.459,17.258],[75.473,17.386],[75.065,17.708],[75.079,17.836],[74.879,18.029],[74.429,17.965],[73.878,17.643],[73.14,17.643],[72.959,18.029],[72.875,19.315],[72.734,19.379],[72.754,19.572],[73.396,20.022],[73.709,20.858],[73.758,21.308],[74.052,21.951],[74.379,22.208],[75.473,22.658],[76.598,22.722],[77.029,22.593],[77.103,22.593],[77.078,21.758],[77.219,21.693],[77.315,21.243],[78.391,20.922],[78.42,20.536],[78.62,20.343],[78.597,20.151],[78.738,20.086],[78.715,19.893],[78.841,19.701],[79.07,19.765],[79.101,20.022],[79.783,20.151],[80.156,20.793],[80.453,20.793],[80.844,20.343],[81.776,20.086],[82.165,19.636],[82.519,19.508],[82.784,19.251],[85.35,20.793],[86.141,20.601],[86.157,20.151],[86.436,20.022],[86.428,19.958]]]]}},{"type":"Feature","id":"cliopatria-f00d409d558c88885ee91a15","properties":{"NAME":"Seleucid Empire","ABBREVN":null,"CONTROL":null,"SUBJECTO":"Seleucid Empire","PARTOF":null,"BORDERPRECISION":1,"FromYear":-164,"ToYear":-145,"Area":669880.087522946,"Type":"POLITY","Wikipedia":"Seleucid dynasty","Wikidata":"Q705904","SeshatID":"ir_seleucid_emp","Components":"","MemberOf":"","sourceFeatureId":"cliopatria-f00d409d558c88885ee91a15","datasetId":"cliopatria"},"geometry":{"type":"MultiPolygon","coordinates":[[[[44.871,36.997],[45.251,36.933],[45.118,36.031],[45.195,36.031],[45.217,35.645],[46.031,35.387],[47.954,35.323],[48.707,35.194],[48.715,34.744],[48.85,34.615],[48.859,34.165],[48.936,34.165],[48.898,33.907],[48.63,33.65],[48.651,33.264],[48.862,33.136],[48.902,32.879],[49.123,32.814],[49.316,32.557],[49.708,32.622],[49.842,32.493],[49.815,32.3],[50.026,32.172],[50.008,32.043],[50.277,31.786],[50.005,31.465],[49.97,31.208],[50.097,31.015],[50.063,30.758],[50.418,30.565],[50.393,30.372],[50.065,30.179],[49.989,30.179],[49.586,29.987],[48.943,30.308],[48.987,30.051],[48.365,29.922],[48.404,29.601],[48.093,29.537],[47.646,29.601],[47.29,29.794],[46.979,29.729],[46.994,29.858],[46.85,29.922],[46.615,29.858],[46.591,30.308],[45.77,30.436],[44.955,31.272],[44.581,31.336],[44.459,31.593],[43.153,32.814],[42.709,32.943],[42.578,33.136],[41.489,33.65],[41.212,33.907],[40.912,33.972],[40.85,34.1],[40.311,34.1],[40.403,34.229],[39.509,34.486],[39.124,34.486],[37.99,33.972],[37.739,33.779],[37.726,33.65],[37.573,33.65],[37.073,33.264],[37.054,33.072],[36.901,33.072],[36.812,32.943],[36.698,32.557],[36.692,32.493],[36.552,32.622],[36.01,32.557],[35.922,32.429],[35.769,32.429],[35.757,32.3],[35.605,32.3],[35.588,32.107],[35.511,32.107],[34.9,32.107],[34.873,31.786],[35.314,31.593],[35.379,31.465],[35.455,31.465],[35.51,31.208],[35.032,30.951],[35.022,30.822],[34.697,30.565],[34.545,30.565],[34.297,31.272],[34.302,31.336],[34.633,31.658],[34.573,31.85],[34.813,31.979],[34.77,32.365],[35.022,32.622],[35.056,33.007],[35.215,33.072],[35.398,33.393],[35.346,33.65],[35.499,33.65],[35.447,33.907],[35.684,33.972],[35.644,34.358],[35.792,34.293],[36.049,34.551],[36.068,34.744],[35.927,34.872],[35.96,35.194],[35.882,35.194],[35.993,35.516],[35.845,35.58],[35.99,36.224],[35.842,36.288],[36.265,36.61],[36.286,36.804],[36.145,36.933],[36.06,36.868],[35.982,36.868],[35.996,36.997],[36.159,37.062],[37.198,36.61],[37.523,36.739],[37.601,36.739],[38.161,36.868],[38.176,36.997],[37.958,37.126],[37.989,37.384],[37.638,37.706],[37.764,38.093],[38.147,38.029],[38.312,38.093],[38.423,38.351],[38.658,38.351],[38.868,38.158],[39.181,38.158],[39.38,38.481],[40.137,38.287],[40.216,38.287],[40.294,38.287],[40.372,38.287],[40.451,38.287],[40.442,38.222],[40.52,38.222],[40.598,38.222],[40.572,38.029],[41.667,38.029],[41.961,37.9],[42.508,37.9],[43.945,37.577],[44.413,37.577],[44.774,37.384],[44.745,37.19],[44.871,36.997]]]]}},{"type":"Feature","id":"cliopatria-4fc2d2dd01e524dbc5c3ef6e","properties":{"NAME":"Shunga Empire","ABBREVN":null,"CONTROL":null,"SUBJECTO":"Shunga Empire","PARTOF":null,"BORDERPRECISION":1,"FromYear":-164,"ToYear":-145,"Area":1139247.145483688,"Type":"POLITY","Wikipedia":"Shunga Empire","Wikidata":"Q651377","SeshatID":"in_sunga_emp","Components":"","MemberOf":"","sourceFeatureId":"cliopatria-4fc2d2dd01e524dbc5c3ef6e","datasetId":"cliopatria"},"geometry":{"type":"MultiPolygon","coordinates":[[[[81.087,30.179],[81.163,30.179],[81.39,30.179],[81.697,29.858],[82.336,29.665],[82.459,29.537],[83.05,29.472],[83.249,29.344],[83.49,29.408],[83.523,29.215],[83.75,29.215],[84.01,29.022],[84.251,29.087],[84.483,28.765],[84.833,28.637],[84.717,28.444],[84.792,28.444],[84.813,28.187],[85.213,27.93],[85.851,27.737],[86.227,27.737],[86.569,27.93],[86.781,27.865],[87.11,27.994],[87.247,27.93],[87.158,27.865],[87.206,27.737],[87.357,27.737],[87.405,27.608],[87.569,27.672],[87.543,27.544],[87.955,27.351],[88.118,27.415],[88.092,27.287],[88.292,27.158],[88.844,27.287],[88.818,27.158],[89.067,26.901],[89.942,26.772],[89.742,26.129],[89.88,26.065],[89.871,25.615],[89.946,25.615],[89.79,25.165],[89.948,24.779],[89.927,24.201],[89.822,24.008],[89.961,23.943],[89.589,22.979],[89.729,22.915],[89.952,22.401],[89.869,21.822],[88.728,21.629],[88.716,22.079],[88.642,22.079],[88.514,21.693],[88.365,21.693],[88.348,21.565],[88.134,21.629],[88.178,21.951],[88.103,21.951],[87.762,21.629],[87.067,21.436],[86.885,21.179],[86.959,21.179],[87.031,20.601],[86.792,20.472],[86.84,20.279],[86.51,20.022],[86.436,20.022],[86.157,20.151],[86.141,20.601],[85.35,20.793],[82.784,19.251],[82.519,19.508],[82.165,19.636],[81.776,20.086],[80.844,20.343],[80.453,20.793],[80.156,20.793],[79.783,20.151],[79.101,20.022],[79.07,19.765],[78.841,19.701],[78.715,19.893],[78.738,20.086],[78.597,20.151],[78.62,20.343],[78.42,20.536],[78.391,20.922],[77.315,21.243],[77.219,21.693],[77.078,21.758],[77.103,22.593],[77.111,22.658],[77.2,23.943],[77.426,25.036],[77.928,25.872],[78.976,26.772],[78.807,27.094],[78.841,27.287],[78.131,27.93],[78.055,27.93],[78.04,28.251],[77.965,28.251],[77.99,29.151],[77.878,29.344],[77.93,29.601],[77.855,29.601],[77.936,29.987],[79.409,31.143],[79.485,31.143],[79.531,31.015],[80.048,30.951],[80.34,30.565],[80.918,30.436],[81.087,30.179]]]]}},{"type":"Feature","id":"cliopatria-1835ee0f1517c989a08f6712","properties":{"NAME":"Xiongnu","ABBREVN":null,"CONTROL":null,"SUBJECTO":"Xiongnu","PARTOF":null,"BORDERPRECISION":1,"FromYear":-164,"ToYear":-145,"Area":5131031.661742096,"Type":"POLITY","Wikipedia":"Xiongnu","Wikidata":"Q188836","SeshatID":"mn_hunnu_emp","Components":"","MemberOf":"","sourceFeatureId":"cliopatria-1835ee0f1517c989a08f6712","datasetId":"cliopatria"},"geometry":{"type":"MultiPolygon","coordinates":[[[[92.59,39.256],[92.616,39.32],[90.412,39.32],[87.545,39.644],[85.696,39.967],[85.138,40.161],[84.743,40.161],[84.263,40.355],[83.363,40.485],[82.748,40.744],[82.431,40.744],[82.321,40.874],[81.656,41.003],[81.412,41.198],[81.174,41.198],[80.636,41.457],[80.606,41.587],[80.447,41.587],[80.172,41.911],[80.222,42.041],[80.142,42.041],[80.287,42.821],[80.473,42.886],[80.471,43.082],[80.632,43.082],[80.791,43.277],[80.683,43.407],[80.735,43.538],[80.357,43.994],[80.383,44.451],[80.302,44.451],[80.41,44.712],[79.978,44.843],[80.005,44.908],[79.518,44.908],[79.545,44.973],[78.569,45.17],[78.35,45.431],[77.996,45.562],[78.022,45.824],[77.831,45.955],[77.802,46.283],[77.883,46.283],[78.975,46.349],[79.086,46.612],[79.388,46.743],[79.362,46.874],[80.215,47.137],[81.127,48.787],[82.395,50.512],[82.702,50.779],[82.688,50.912],[83.47,51.58],[85.309,52.721],[87.946,53.395],[88.977,53.53],[89.063,53.665],[89.451,53.597],[91.437,53.868],[93.941,53.868],[95.377,54.071],[98.75,54.071],[98.836,54.071],[100.48,54.071],[100.43,54.003],[101.763,53.935],[101.712,53.868],[104.34,53.462],[104.289,53.395],[104.962,53.26],[104.911,53.192],[105.083,53.192],[105.032,53.125],[106.408,52.788],[105.915,52.586],[105.265,52.049],[104.44,51.848],[103.845,51.848],[103.572,51.58],[104.118,51.513],[104.072,51.447],[104.834,51.447],[105.74,51.647],[106.006,51.781],[106.398,52.318],[106.825,52.318],[106.925,52.452],[107.096,52.452],[107.045,52.385],[107.216,52.385],[107.166,52.318],[107.627,52.25],[107.577,52.183],[107.953,52.116],[107.903,52.049],[108.073,52.049],[108.024,51.982],[109.234,51.781],[109.184,51.714],[109.404,51.781],[109.389,51.647],[109.778,51.714],[109.678,51.58],[110.018,51.58],[109.968,51.513],[110.511,51.447],[110.461,51.38],[113.916,51.246],[113.865,51.179],[115.823,50.979],[115.772,50.912],[116.11,50.912],[116.058,50.845],[116.597,50.779],[116.546,50.712],[116.799,50.712],[116.748,50.645],[118.343,50.313],[118.292,50.246],[118.544,50.246],[118.493,50.179],[118.829,50.179],[118.778,50.113],[119.147,50.046],[119.096,49.98],[119.582,49.847],[119.531,49.781],[119.699,49.781],[119.648,49.714],[119.899,49.714],[121.096,50.179],[121.044,50.113],[121.296,50.113],[121.244,50.046],[121.495,50.046],[121.444,49.98],[121.611,49.98],[121.56,49.914],[122.61,49.648],[122.558,49.582],[122.725,49.582],[122.674,49.515],[123.723,49.25],[123.672,49.184],[124.237,49.051],[124.186,48.985],[124.57,49.051],[124.52,48.985],[124.686,48.985],[124.635,48.919],[124.834,48.853],[124.784,48.787],[125.033,48.787],[124.983,48.72],[125.348,48.654],[125.298,48.588],[125.58,48.522],[125.53,48.456],[125.779,48.456],[125.729,48.39],[125.895,48.39],[125.845,48.324],[126.094,48.324],[126.044,48.258],[126.209,48.258],[126.16,48.192],[126.408,48.192],[126.358,48.126],[126.524,48.126],[126.474,48.06],[126.723,48.06],[126.673,47.994],[126.838,47.994],[126.789,47.928],[127.351,47.796],[127.302,47.73],[127.583,47.664],[127.534,47.598],[127.781,47.598],[127.732,47.532],[127.897,47.532],[127.848,47.466],[128.095,47.466],[128.046,47.401],[128.211,47.401],[128.162,47.335],[128.409,47.335],[128.36,47.269],[128.525,47.269],[128.476,47.203],[128.723,47.203],[128.674,47.137],[128.838,47.137],[128.789,47.072],[129.036,47.072],[128.987,47.006],[129.152,47.006],[129.103,46.94],[129.349,46.94],[129.301,46.874],[129.58,46.809],[129.532,46.743],[129.893,46.677],[129.782,46.415],[129.864,46.415],[129.74,46.021],[129.821,46.021],[129.631,45.759],[128.434,44.647],[128.242,44.255],[127.991,44.124],[125.676,41.717],[125.553,41.392],[125.513,41.327],[124.837,41.133],[124.439,41.263],[124.479,41.327],[124.24,41.327],[124.28,41.392],[124.002,41.457],[124.042,41.522],[123.803,41.522],[123.843,41.587],[123.564,41.652],[123.604,41.717],[123.365,41.717],[123.405,41.782],[123.127,41.847],[123.167,41.911],[122.928,41.911],[118.979,40.614],[117.453,40.291],[117.109,40.096],[116.102,39.838],[115.55,39.838],[115.283,40.226],[114.764,40.291],[114.799,40.355],[114.448,40.291],[114.482,40.355],[114.008,40.355],[114.042,40.42],[113.488,40.42],[112.629,40.291],[112.078,39.838],[111.486,38.803],[110.133,38.093],[108.754,36.739],[108.302,36.031],[107.267,35.773],[106.7,35.516],[106.493,35.58],[106.185,35.387],[105.259,35.194],[105.284,35.258],[105.951,35.773],[105.847,35.902],[106.08,36.288],[106.029,36.353],[104.166,36.739],[102.871,37.19],[102.611,37.126],[102.586,37.255],[102.119,37.448],[102.096,37.771],[101.755,37.513],[101.601,37.706],[101.315,37.771],[101.29,37.9],[100.796,38.029],[100.799,38.222],[100.642,38.222],[100.414,38.61],[100.199,38.287],[99.862,38.416],[99.379,39.126],[99.092,39.191],[99.12,39.256],[98.958,39.062],[98.384,39.191],[98.117,38.933],[97.96,38.933],[97.857,39.062],[97.492,39.126],[97.468,39.256],[96.763,39.45],[96.681,39.256],[96.76,39.256],[96.678,39.062],[96.757,39.062],[96.677,38.868],[96.755,38.868],[96.649,38.61],[96.414,38.61],[96.31,38.739],[95.682,38.933],[95.319,39.385],[94.977,39.32],[94.506,39.514],[93.955,39.514],[93.088,39.32],[92.695,39.32],[92.669,39.256],[92.59,39.256]]],[[[77.802,46.283],[77.72,46.283],[77.747,46.349],[77.829,46.349],[77.802,46.283]]],[[[109.439,51.714],[109.489,51.781],[109.574,51.781],[109.524,51.714],[109.439,51.714]]]]}},{"type":"Feature","id":"cliopatria-fc076f74f958d25b84fde041","properties":{"NAME":"Ptolemaic Kingdom","ABBREVN":null,"CONTROL":null,"SUBJECTO":"Ptolemaic Kingdom","PARTOF":null,"BORDERPRECISION":1,"FromYear":-164,"ToYear":-127,"Area":679404.4347368946,"Type":"POLITY","Wikipedia":"Ptolemaic Kingdom","Wikidata":"Q2320005","SeshatID":"eg_ptolemaic_k_2","Components":"","MemberOf":"","sourceFeatureId":"cliopatria-fc076f74f958d25b84fde041","datasetId":"cliopatria"},"geometry":{"type":"MultiPolygon","coordinates":[[[[23.98,32.043],[24.892,31.979],[25.112,31.786],[25.102,31.593],[25.248,31.465],[26.848,31.465],[27.297,31.336],[27.515,31.143],[28.496,31.015],[28.865,30.822],[29.397,30.822],[29.485,31.015],[29.633,30.951],[29.87,31.079],[29.802,31.208],[29.882,31.272],[30.339,31.272],[30.271,31.4],[30.352,31.465],[30.809,31.465],[30.966,31.529],[30.975,31.658],[31.203,31.658],[31.118,31.529],[31.266,31.465],[31.875,31.465],[31.781,31.208],[31.937,31.272],[32,31.079],[32.304,31.079],[32.237,31.208],[32.389,31.208],[32.532,31.079],[32.765,31.143],[32.832,31.015],[33.749,31.079],[34.221,31.272],[34.297,31.272],[34.545,30.565],[34.303,30.372],[33.151,30.179],[32.602,29.922],[32.526,29.922],[32.429,29.601],[32.639,29.344],[32.689,28.958],[32.836,28.894],[33.105,28.38],[33.609,27.994],[33.585,27.608],[33.799,27.415],[33.927,27.029],[34.073,26.965],[34.051,26.579],[34.197,26.515],[34.461,25.872],[34.608,25.808],[35.146,24.651],[35.86,24.008],[35.854,23.879],[35.559,23.943],[35.553,23.815],[35.108,23.879],[33.756,23.686],[33.682,23.686],[33.389,23.815],[32.041,23.686],[31.67,23.751],[30.537,23.365],[30.463,23.365],[30.395,23.558],[30.104,23.751],[30.109,23.879],[29.959,23.879],[29.673,24.201],[28.569,24.651],[28.289,25.165],[28.244,25.936],[28.345,26.579],[28.27,26.579],[28.154,27.351],[27.937,27.544],[27.711,27.544],[27.792,27.672],[27.43,27.994],[27.276,27.93],[27.285,28.122],[26.847,28.444],[25.883,28.83],[25.225,29.344],[24.922,29.344],[24.855,29.537],[24.406,29.665],[24.263,29.858],[23.667,30.115],[23.227,30.501],[22.848,30.501],[22.853,30.629],[21.951,30.886],[20.582,30.886],[19.957,30.308],[19.651,30.244],[19.572,30.115],[18.812,30.051],[18.894,30.308],[19.501,30.308],[20.122,30.758],[20.214,31.272],[19.996,31.593],[20.089,32.107],[20.017,32.236],[20.246,32.236],[20.331,32.493],[20.482,32.429],[20.563,32.557],[20.716,32.557],[20.644,32.686],[20.871,32.622],[21.108,32.814],[21.412,32.75],[21.57,32.879],[22.108,32.943],[23.089,32.622],[23.081,32.429],[23.231,32.365],[23.149,32.236],[23.903,32.043],[23.98,32.043]]],[[[34.387,35.709],[34.542,35.709],[34.529,35.58],[33.957,35.258],[34.087,35.001],[33.695,34.937],[33.523,34.744],[33.132,34.679],[33.044,34.551],[32.367,34.744],[32.229,34.937],[32.246,35.13],[32.555,35.13],[32.875,35.258],[32.887,35.387],[33.737,35.387],[34.31,35.709],[34.387,35.709]]]]}},{"type":"Feature","id":"cliopatria-6b52d8de62f0e03098020a34","properties":{"NAME":"Minaeans","ABBREVN":null,"CONTROL":null,"SUBJECTO":"Minaeans","PARTOF":null,"BORDERPRECISION":1,"FromYear":-164,"ToYear":-67,"Area":214510.0208082863,"Type":"POLITY","Wikipedia":"Minaeans","Wikidata":"Q1177379","SeshatID":"","Components":"","MemberOf":"","sourceFeatureId":"cliopatria-6b52d8de62f0e03098020a34","datasetId":"cliopatria"},"geometry":{"type":"MultiPolygon","coordinates":[[[[39.72,24.908],[39.795,24.908],[40.283,24.329],[39.929,23.365],[39.908,22.979],[39.834,22.979],[39.878,22.401],[40.094,22.272],[40.158,22.079],[40.882,21.693],[41.091,21.436],[41.385,21.372],[41.523,21.179],[41.816,21.115],[42.163,20.665],[42.315,20.729],[42.382,20.601],[42.53,20.601],[42.809,20.279],[42.957,20.279],[43.31,19.958],[43.51,19.572],[43.498,19.379],[43.639,19.251],[43.628,19.058],[43.905,18.736],[43.886,18.415],[44.092,18.158],[44.081,17.965],[44.42,17.45],[44.338,17.322],[44.475,17.129],[44.622,17.129],[44.537,16.936],[45.02,16.358],[45.012,16.229],[45.226,16.1],[45.218,15.972],[45.215,15.908],[44.331,15.908],[44.125,16.165],[43.392,16.229],[43.108,16.422],[42.813,16.422],[42.817,16.486],[42.484,17.129],[42.336,17.129],[42.28,17.45],[41.785,17.836],[41.451,18.479],[41.236,18.608],[41.25,18.865],[41.042,19.122],[40.985,19.443],[40.841,19.508],[40.851,19.701],[40.562,19.829],[40.14,20.279],[39.844,20.279],[39.489,20.601],[39.496,20.729],[39.351,20.793],[39.147,21.179],[39.169,21.629],[39.027,21.758],[39.14,22.529],[38.859,22.851],[38.869,23.043],[38.601,23.622],[38.242,23.879],[38.7,24.072],[38.864,24.329],[38.897,24.908],[38.823,24.908],[38.579,25.808],[38.225,26.129],[38.229,26.194],[38.467,26.387],[38.692,26.387],[38.767,26.387],[39.05,26.129],[39.316,25.615],[39.461,25.551],[39.508,25.101],[39.72,24.908]]]]}},{"type":"Feature","id":"cliopatria-e3cc643dca0f3a6494de9e81","properties":{"NAME":"Greco-Bactrian Kingdom","ABBREVN":null,"CONTROL":null,"SUBJECTO":"Greco-Bactrian Kingdom","PARTOF":null,"BORDERPRECISION":1,"FromYear":-144,"ToYear":-127,"Area":1099128.8595625437,"Type":"POLITY","Wikipedia":"Greco-Bactrian Kingdom","Wikidata":"Q488880","SeshatID":"af_greco_bactrian_k","Components":"","MemberOf":"","sourceFeatureId":"cliopatria-e3cc643dca0f3a6494de9e81","datasetId":"cliopatria"},"geometry":{"type":"MultiPolygon","coordinates":[[[[67.638,33.843],[67.561,33.843],[67.575,33.907],[67.652,33.907],[67.638,33.843]]],[[[73.868,39.514],[73.69,39.45],[73.63,39.256],[73.748,39.126],[73.494,38.545],[72.989,38.158],[71.886,36.997],[71.894,36.739],[71.705,36.61],[71.671,36.482],[71.749,36.482],[71.621,36.288],[71.698,36.288],[71.632,36.031],[71.709,36.031],[71.721,35.773],[71.859,35.709],[71.827,35.58],[72.026,35.451],[71.994,35.323],[72.116,35.194],[72.747,34.937],[72.792,34.808],[72.946,34.808],[72.991,34.679],[73.283,34.615],[73.466,34.422],[73.928,34.422],[73.896,34.293],[74.034,34.229],[75.541,34.1],[75.687,33.457],[75.825,33.393],[75.944,32.943],[76.097,32.943],[76.066,32.814],[76.143,32.814],[76.081,32.557],[76.463,32.236],[78.448,31.593],[78.844,31.658],[78.845,31.336],[79.18,31.465],[79.424,31.208],[79.409,31.143],[77.936,29.987],[77.855,29.601],[77.93,29.601],[77.878,29.344],[77.99,29.151],[77.965,28.251],[78.04,28.251],[78.055,27.93],[78.043,27.865],[78.022,26.901],[77.689,26.708],[77.152,26.644],[76.659,26.837],[76.466,27.029],[76.488,27.158],[76.284,27.287],[76.307,27.415],[76.115,27.608],[76.201,27.672],[76.207,28.122],[75.738,28.444],[75.723,28.765],[75.495,29.151],[75.004,28.958],[74.817,28.765],[73.354,28.187],[70.716,27.737],[70.737,27.865],[70.543,28.058],[70.069,27.93],[69.907,28.315],[69.454,28.315],[68.721,28.894],[67.124,29.279],[67.017,29.537],[66.565,29.987],[66.549,31.143],[67.233,31.915],[67.398,31.979],[67.348,32.107],[67.501,32.107],[67.629,32.365],[67.796,32.429],[67.939,32.75],[68.391,33.072],[68.551,33.457],[68.474,33.457],[68.517,33.65],[67.792,33.843],[67.666,33.972],[67.498,33.907],[67.387,34.1],[66.988,34.036],[66.968,34.293],[66.752,34.358],[66.78,34.486],[66.703,34.486],[66.327,34.872],[66.336,35.258],[65.636,35.58],[65.618,35.838],[65.54,35.838],[65.6,36.095],[65.445,36.095],[65.474,36.224],[65.397,36.224],[65.58,36.675],[65.393,36.868],[65.471,37.19],[65.721,37.577],[65.209,38.029],[65.15,38.416],[65.072,38.416],[65.155,38.739],[65.077,38.739],[65.144,38.997],[65.065,38.997],[65.282,39.514],[65.203,39.514],[65.256,39.708],[65.273,39.773],[65.564,39.967],[65.85,40.42],[66.852,41.133],[67.984,41.198],[68.143,40.938],[68.083,40.744],[68.738,40.55],[69.095,40.161],[69.807,40.161],[70.281,40.42],[70.44,40.42],[70.617,40.226],[71.507,40.291],[71.782,40.161],[72.459,40.55],[73.157,40.744],[73.331,40.55],[73.489,40.55],[73.526,40.42],[73.684,40.42],[73.933,39.967],[73.912,39.902],[73.868,39.514]]],[[[60.873,37.19],[60.888,37.255],[60.966,37.255],[60.951,37.19],[60.873,37.19]]]]}},{"type":"Feature","id":"cliopatria-c0bee7d0352edf8ce9118eed","properties":{"NAME":"Greek City-States","ABBREVN":null,"CONTROL":null,"SUBJECTO":"Greek City-States","PARTOF":null,"BORDERPRECISION":1,"FromYear":-144,"ToYear":-127,"Area":103509.47941991042,"Type":"POLITY","Wikipedia":"Polis","Wikidata":"Q148837","SeshatID":"","Components":"","MemberOf":"","sourceFeatureId":"cliopatria-c0bee7d0352edf8ce9118eed","datasetId":"cliopatria"},"geometry":{"type":"MultiPolygon","coordinates":[[[[24.157,35.516],[24.15,35.387],[24.301,35.323],[25.692,35.323],[25.681,35.13],[26.225,35.194],[26.14,35.065],[24.824,35.001],[24.757,35.194],[24.526,35.194],[24.448,35.194],[23.679,35.258],[23.615,35.516],[24.157,35.516]]],[[[25.331,36.997],[25.339,37.126],[25.417,37.126],[25.573,37.126],[25.564,36.997],[25.331,36.997]]],[[[24.201,37.642],[24.283,37.706],[24.361,37.706],[24.432,37.577],[24.272,37.513],[24.201,37.642]]],[[[24.986,37.706],[25.064,37.706],[25.22,37.706],[25.286,37.513],[25.052,37.513],[24.986,37.706]]],[[[24.694,38.029],[24.772,38.029],[25.068,37.771],[24.83,37.706],[24.682,37.835],[24.694,38.029]]],[[[23.443,38.029],[23.365,38.029],[23.305,38.351],[23.857,38.416],[23.853,38.351],[24.084,38.287],[23.979,37.835],[23.443,38.029]]],[[[25.876,38.158],[25.899,38.481],[25.821,38.481],[25.913,38.674],[25.991,38.674],[26.217,38.545],[26.111,38.158],[25.876,38.158]]],[[[24.357,38.868],[24.365,38.997],[24.444,38.997],[24.675,38.933],[24.662,38.739],[24.357,38.868]]],[[[25.719,40.291],[25.798,40.291],[26.035,40.291],[26.025,40.161],[25.704,40.096],[25.719,40.291]]],[[[24.491,40.809],[24.57,40.809],[24.808,40.809],[24.794,40.614],[24.551,40.55],[24.491,40.809]]],[[[5.391,43.277],[5.387,43.407],[5.063,43.472],[4.178,43.472],[4.173,43.603],[3.851,43.603],[2.985,43.147],[3.01,42.561],[3.178,42.366],[3.04,41.847],[2.698,42.366],[2.775,42.431],[2.669,43.017],[2.75,43.017],[2.741,43.212],[3.446,43.668],[4.728,43.863],[5.87,43.407],[6.594,43.407],[6.597,43.277],[6.278,43.147],[6.198,43.147],[5.796,43.147],[5.632,43.277],[5.391,43.277]]],[[[35.996,36.997],[35.982,36.868],[35.904,36.868],[35.834,36.933],[35.488,36.61],[35.332,36.61],[35.113,36.739],[34.95,36.675],[34.893,36.868],[34.582,36.868],[34.251,36.675],[33.979,36.288],[33.274,36.224],[32.713,36.031],[32.558,36.031],[32.499,36.224],[32.068,36.61],[31.763,36.675],[31.769,36.739],[32.553,36.804],[32.72,36.933],[32.864,36.804],[33.097,36.804],[33.434,37.062],[33.985,37.126],[34.304,37.19],[34.565,37.448],[34.877,37.448],[35.054,37.642],[35.671,37.577],[35.998,37.706],[36.348,38.029],[37.115,37.9],[37.13,38.029],[37.764,38.093],[37.638,37.706],[37.989,37.384],[37.958,37.126],[38.176,36.997],[38.161,36.868],[37.601,36.739],[37.523,36.739],[37.198,36.61],[36.159,37.062],[35.996,36.997]]],[[[26.246,38.933],[26.094,38.997],[26.103,39.126],[25.793,39.191],[26.044,39.385],[26.123,39.385],[26.511,39.32],[26.644,38.997],[26.246,38.933]]],[[[28.097,40.355],[28.103,40.42],[28.182,40.42],[28.17,40.291],[27.696,40.291],[27.701,40.355],[27.781,40.355],[27.786,40.42],[27.792,40.485],[27.871,40.485],[27.95,40.485],[27.945,40.42],[27.939,40.355],[28.018,40.355],[28.097,40.355]]],[[[29.367,41.198],[29.176,40.874],[29.043,41.133],[29.287,41.198],[29.367,41.198]]],[[[31.592,41.198],[31.512,41.198],[31.361,41.263],[31.693,41.392],[31.592,41.198]]],[[[40.416,43.147],[40.219,43.407],[39.978,43.407],[39.63,43.733],[40.414,43.603],[40.322,43.538],[40.38,43.407],[41.15,43.212],[41.208,43.082],[41.437,43.017],[41.414,42.886],[41.334,42.886],[41.173,42.886],[41.116,43.017],[40.817,43.147],[40.416,43.147]]],[[[27.931,41.976],[27.612,41.976],[27.464,42.106],[27.47,42.171],[27.175,42.431],[27.193,42.626],[27.366,42.756],[27.298,42.886],[27.458,42.886],[27.657,43.277],[27.998,43.472],[28.119,43.863],[28.3,44.059],[28.341,44.451],[28.422,44.451],[28.368,44.712],[28.64,44.973],[28.802,44.973],[28.841,44.581],[28.577,44.385],[28.536,43.994],[28.616,43.994],[28.481,43.472],[28.159,43.472],[28.226,43.342],[27.898,43.277],[27.805,43.147],[27.853,42.821],[27.847,42.756],[27.514,42.626],[27.495,42.431],[27.937,42.041],[27.931,41.976]]],[[[40.045,43.798],[40.033,43.733],[39.953,43.733],[39.964,43.798],[40.045,43.798]]],[[[33.467,44.647],[33.548,44.647],[33.61,45.104],[33.23,45.3],[33.637,45.3],[33.917,44.973],[34.604,45.235],[35.183,45.3],[35.154,45.104],[35.235,45.104],[35.135,44.973],[35.125,44.908],[34.376,44.777],[33.926,44.451],[33.521,44.451],[33.467,44.647]]],[[[31.567,46.94],[31.533,46.677],[30.877,46.677],[30.298,45.955],[30.045,45.89],[29.859,45.693],[29.614,45.693],[29.644,45.955],[30.189,46.415],[30.271,46.415],[30.458,46.612],[31.065,46.874],[31.082,47.006],[31.567,46.94]]]]}},{"type":"Feature","id":"cliopatria-668e1777d000b816750940c2","properties":{"NAME":"Indo-Scythians","ABBREVN":null,"CONTROL":null,"SUBJECTO":"Indo-Scythians","PARTOF":null,"BORDERPRECISION":1,"FromYear":-144,"ToYear":-127,"Area":182869.4697137999,"Type":"POLITY","Wikipedia":"Indo-Scythians","Wikidata":"Q240123","SeshatID":"","Components":"","MemberOf":"","sourceFeatureId":"cliopatria-668e1777d000b816750940c2","datasetId":"cliopatria"},"geometry":{"type":"MultiPolygon","coordinates":[[[[65.256,39.708],[65.203,39.514],[65.282,39.514],[65.065,38.997],[65.144,38.997],[65.077,38.739],[65.155,38.739],[65.072,38.416],[65.15,38.416],[65.209,38.029],[65.721,37.577],[65.471,37.19],[64.925,37.19],[64.695,36.546],[64.48,36.288],[63.618,35.902],[63.139,35.838],[63.111,35.709],[63.188,35.709],[63.055,35.451],[62.304,35.194],[62.191,35.387],[61.804,35.387],[61.303,35.58],[61.485,35.709],[61.581,36.16],[61.503,36.16],[61.538,36.675],[60.951,37.19],[60.966,37.255],[60.775,37.448],[60.804,37.577],[60.663,37.642],[60.736,37.964],[60.531,38.093],[60.561,38.222],[60.371,38.416],[60.431,38.674],[60.32,38.868],[60.414,39.256],[60.713,39.514],[60.792,39.514],[62.502,40.032],[62.879,39.967],[64.02,40.096],[64.389,40.291],[65.235,40.485],[65.272,40.614],[65.351,40.614],[65.37,40.679],[65.449,40.679],[65.43,40.614],[65.589,40.614],[66.653,41.263],[66.871,41.198],[66.852,41.133],[65.85,40.42],[65.564,39.967],[65.273,39.773],[65.256,39.708]]]]}},{"type":"Feature","id":"cliopatria-10765f0337e2803966083638","properties":{"NAME":"Judea","ABBREVN":null,"CONTROL":null,"SUBJECTO":"Judea","PARTOF":null,"BORDERPRECISION":1,"FromYear":-144,"ToYear":-127,"Area":5733.419551952299,"Type":"POLITY","Wikipedia":"Judea","Wikidata":"Q104028","SeshatID":"","Components":"","MemberOf":"","sourceFeatureId":"cliopatria-10765f0337e2803966083638","datasetId":"cliopatria"},"geometry":{"type":"MultiPolygon","coordinates":[[[[35.314,31.593],[35.238,31.593],[34.802,31.85],[34.813,31.979],[34.889,31.979],[34.895,32.043],[34.9,32.107],[34.906,32.172],[34.911,32.236],[34.917,32.3],[35.223,32.3],[35.358,32.107],[35.588,32.107],[35.605,32.3],[35.828,32.236],[35.881,31.979],[35.788,31.786],[35.554,31.722],[35.455,31.465],[35.379,31.465],[35.385,31.529],[35.309,31.529],[35.314,31.593]]]]}},{"type":"Feature","id":"cliopatria-1e51a02e7db61e5762735bf0","properties":{"NAME":"Kingdom of Pergamon","ABBREVN":null,"CONTROL":null,"SUBJECTO":"Kingdom of Pergamon","PARTOF":null,"BORDERPRECISION":1,"FromYear":-144,"ToYear":-127,"Area":176006.4628783132,"Type":"POLITY","Wikipedia":"Kingdom of Pergamon","Wikidata":"Q2022162","SeshatID":"tr_pergamon_k","Components":"","MemberOf":"","sourceFeatureId":"cliopatria-1e51a02e7db61e5762735bf0","datasetId":"cliopatria"},"geometry":{"type":"MultiPolygon","coordinates":[[[[26.314,37.706],[26.305,37.577],[25.988,37.513],[26.08,37.706],[26.158,37.706],[26.314,37.706]]],[[[27.026,37.835],[27.012,37.642],[26.622,37.642],[26.557,37.835],[26.636,37.835],[27.026,37.835]]],[[[28.493,40.355],[28.572,40.355],[28.651,40.355],[28.73,40.355],[28.955,40.226],[29.35,40.226],[29.455,40.485],[29.936,40.55],[29.923,40.42],[30.068,40.291],[30.457,40.226],[30.602,40.096],[30.589,39.967],[31.299,39.967],[31.378,39.967],[31.233,39.32],[31.443,39.062],[31.424,38.868],[31.738,38.868],[31.803,38.739],[32.189,38.674],[33.587,38.545],[33.617,38.093],[33.696,38.093],[33.648,37.642],[33.785,37.448],[33.941,37.448],[33.985,37.126],[33.434,37.062],[33.097,36.804],[32.864,36.804],[32.72,36.933],[32.553,36.804],[31.769,36.739],[31.691,36.739],[31.086,36.933],[30.619,36.933],[30.519,36.675],[30.514,36.61],[29.721,36.417],[29.571,36.482],[29.597,36.804],[29.602,36.868],[29.701,37.126],[29.4,37.255],[29.26,37.448],[28.724,37.577],[28.678,37.964],[28.454,38.093],[28.141,38.093],[27.969,37.9],[27.73,37.835],[27.183,37.835],[27.187,37.9],[27.275,38.029],[26.889,38.093],[26.82,38.222],[26.429,38.222],[26.384,38.674],[26.536,38.61],[26.595,38.351],[27.065,38.351],[27.08,38.545],[26.849,38.61],[26.958,38.997],[26.879,38.997],[26.894,39.191],[26.742,39.256],[26.847,39.579],[26.132,39.514],[26.168,39.967],[26.247,39.967],[26.272,40.291],[26.605,40.485],[26.684,40.485],[26.673,40.355],[27.47,40.42],[27.617,40.291],[27.696,40.291],[28.17,40.291],[28.182,40.42],[28.261,40.42],[28.34,40.42],[28.334,40.355],[28.413,40.355],[28.493,40.355]]],[[[27.102,40.744],[26.921,40.485],[26.768,40.55],[26.774,40.614],[26.785,40.744],[27.102,40.744]]],[[[26.066,40.679],[26.23,40.744],[26.309,40.744],[26.542,40.679],[26.066,40.679]]]]}},{"type":"Feature","id":"cliopatria-fa80e09cd54ed496c858da8a","properties":{"NAME":"Nabataeans","ABBREVN":null,"CONTROL":null,"SUBJECTO":"Nabataeans","PARTOF":null,"BORDERPRECISION":1,"FromYear":-144,"ToYear":-127,"Area":111890.39299347886,"Type":"POLITY","Wikipedia":"Nabataeans","Wikidata":"Q220594","SeshatID":"jo_nabataean_k","Components":"","MemberOf":"","sourceFeatureId":"cliopatria-fa80e09cd54ed496c858da8a","datasetId":"cliopatria"},"geometry":{"type":"MultiPolygon","coordinates":[[[[37.07,26.837],[37.075,26.901],[37.15,26.901],[37.146,26.837],[37.07,26.837]]],[[[38.056,26.965],[38.06,27.029],[38.135,27.029],[38.131,26.965],[38.056,26.965]]],[[[37.839,27.094],[37.844,27.158],[37.919,27.158],[37.914,27.094],[37.839,27.094]]],[[[36.401,30.951],[36.156,30.758],[35.942,29.987],[35.866,29.987],[35.826,29.472],[35.958,29.215],[35.858,28.894],[36.401,28.058],[36.552,28.058],[36.689,27.865],[37.127,27.672],[37.26,27.415],[37.481,27.351],[37.472,27.222],[37.769,27.158],[38.051,26.901],[38.206,26.965],[38.268,26.772],[38.493,26.772],[38.409,26.644],[38.696,26.451],[38.692,26.387],[38.467,26.387],[38.229,26.194],[38.154,26.194],[38.163,26.322],[37.95,26.515],[37.654,26.579],[37.154,26.965],[37,26.901],[37.017,27.158],[36.508,27.415],[36.37,27.608],[35.706,27.801],[35.4,27.737],[35.409,27.865],[35.049,28.122],[34.593,28.058],[34.605,28.251],[34.854,28.572],[34.913,29.408],[34.752,29.279],[34.711,28.701],[34.547,28.508],[34.517,28.058],[34.358,27.93],[34.346,27.737],[33.902,27.865],[33.554,28.315],[33.403,28.315],[33.189,28.508],[33.214,28.894],[32.857,29.215],[32.597,29.858],[32.602,29.922],[33.151,30.179],[34.303,30.372],[34.545,30.565],[34.697,30.565],[35.022,30.822],[35.032,30.951],[35.51,31.208],[35.455,31.465],[35.554,31.722],[35.788,31.786],[35.881,31.979],[35.828,32.236],[36.01,32.557],[36.552,32.622],[36.692,32.493],[36.686,32.429],[36.751,32.3],[36.516,32.236],[36.656,32.107],[36.492,31.979],[36.463,31.658],[36.387,31.658],[36.423,31.208],[36.271,31.208],[36.26,31.079],[36.336,31.079],[36.401,30.951]]]]}},{"type":"Feature","id":"cliopatria-d15d6492162bc19d30195da1","properties":{"NAME":"Paphlagonia","ABBREVN":null,"CONTROL":null,"SUBJECTO":"Paphlagonia","PARTOF":null,"BORDERPRECISION":1,"FromYear":-144,"ToYear":-127,"Area":22923.153565556815,"Type":"POLITY","Wikipedia":"Paphlagonia","Wikidata":"Q622032","SeshatID":"","Components":"","MemberOf":"","sourceFeatureId":"cliopatria-d15d6492162bc19d30195da1","datasetId":"cliopatria"},"geometry":{"type":"MultiPolygon","coordinates":[[[[32.14,41.133],[32.307,41.198],[32.656,41.457],[33.133,41.457],[33.308,41.587],[34.335,41.522],[34.406,41.457],[34.26,40.938],[34.403,40.809],[34.379,40.614],[34.6,40.485],[34.568,40.226],[33.555,40.355],[33.413,40.485],[32.764,40.355],[32.304,40.485],[32.103,40.809],[32.14,41.133]]]]}},{"type":"Feature","id":"cliopatria-0fc16646e5108d8a20dbb76e","properties":{"NAME":"Parthian Empire","ABBREVN":null,"CONTROL":null,"SUBJECTO":"Parthian Empire","PARTOF":null,"BORDERPRECISION":1,"FromYear":-144,"ToYear":-127,"Area":1867950.1346420373,"Type":"POLITY","Wikipedia":"Parthian Empire","Wikidata":"Q1986139","SeshatID":"ir_parthian_emp_1","Components":"","MemberOf":"","sourceFeatureId":"cliopatria-0fc16646e5108d8a20dbb76e","datasetId":"cliopatria"},"geometry":{"type":"MultiPolygon","coordinates":[[[[58.332,40.42],[58.537,40.291],[58.854,40.291],[58.98,40.161],[59.77,40.161],[59.768,39.838],[60.084,39.838],[60.052,39.708],[60.683,39.708],[60.65,39.579],[60.729,39.579],[60.713,39.514],[60.414,39.256],[60.32,38.868],[60.431,38.674],[60.371,38.416],[60.561,38.222],[60.531,38.093],[60.736,37.964],[60.663,37.642],[60.804,37.577],[60.775,37.448],[60.966,37.255],[60.888,37.255],[60.873,37.19],[60.951,37.19],[61.538,36.675],[61.503,36.16],[61.581,36.16],[61.485,35.709],[61.303,35.58],[61.804,35.387],[62.191,35.387],[62.304,35.194],[63.055,35.451],[63.188,35.709],[63.111,35.709],[63.139,35.838],[63.618,35.902],[64.48,36.288],[64.695,36.546],[64.925,37.19],[65.471,37.19],[65.393,36.868],[65.58,36.675],[65.397,36.224],[65.474,36.224],[65.445,36.095],[65.6,36.095],[65.54,35.838],[65.618,35.838],[65.636,35.58],[66.336,35.258],[66.327,34.872],[66.703,34.486],[66.689,34.422],[66.458,34.422],[66.352,34.293],[65.751,34.358],[65.387,34.1],[65.242,33.779],[65.062,33.65],[65.035,33.522],[65.112,33.522],[64.982,33.264],[64.829,33.264],[64.687,32.943],[64.355,32.814],[64.406,32.686],[63.873,32.3],[63.643,32.3],[63.442,32.043],[63.301,32.107],[62.89,31.529],[62.726,31.465],[62.124,30.629],[61.68,30.244],[61.37,29.729],[61.027,29.472],[60.244,28.251],[59.395,27.544],[58.994,27.351],[58.978,27.222],[58.836,27.287],[58.745,27.158],[58.594,27.158],[58.428,27.029],[58.405,26.837],[58.262,26.901],[57.773,26.579],[57.483,26.001],[57.529,25.744],[57.38,25.744],[57.176,25.936],[57.052,26.837],[56.715,27.158],[56.188,27.158],[56.098,27.029],[56.324,27.029],[56.309,26.901],[56.061,26.708],[55.289,26.515],[55.31,26.708],[55.543,26.772],[55.242,26.772],[54.989,26.515],[54.681,26.451],[54.259,26.708],[53.658,26.708],[53.461,26.965],[52.737,27.222],[52.479,27.608],[52.049,27.801],[51.453,27.865],[51.066,28.444],[51.028,28.765],[50.809,28.83],[50.915,29.087],[50.62,29.151],[50.651,29.408],[50.236,29.729],[50.065,30.179],[49.586,29.987],[48.943,30.308],[48.987,30.051],[48.365,29.922],[48.404,29.601],[48.093,29.537],[47.646,29.601],[47.29,29.794],[46.979,29.729],[46.994,29.858],[46.85,29.922],[46.615,29.858],[46.591,30.308],[45.77,30.436],[44.955,31.272],[44.581,31.336],[44.459,31.593],[43.42,32.493],[43.428,32.557],[43.91,32.75],[44.208,32.686],[44.172,33.007],[43.966,33.2],[44.571,33.136],[44.631,33.007],[45.099,33.072],[45.465,32.943],[45.899,33.329],[46.052,33.329],[46.07,33.457],[45.857,33.586],[45.977,33.907],[45.918,34.036],[46.225,34.036],[46.421,33.779],[46.71,33.65],[46.675,33.393],[47.56,33.136],[47.822,32.814],[47.975,32.814],[48.078,33.007],[48.614,33.007],[48.749,32.879],[48.912,32.943],[48.862,33.136],[48.593,33.393],[48.63,33.65],[48.898,33.907],[48.936,34.165],[48.859,34.165],[48.85,34.615],[48.715,34.744],[48.707,35.194],[47.954,35.323],[46.031,35.387],[45.217,35.645],[45.195,36.031],[45.118,36.031],[45.251,36.933],[45.446,37.19],[45.29,37.19],[45.252,37.448],[45.174,37.448],[45.224,37.771],[45.635,37.9],[45.854,38.287],[46.121,38.481],[47.252,38.674],[48.326,38.093],[48.795,38.093],[48.874,38.093],[48.829,37.835],[49.085,37.513],[49.854,37.448],[50.321,36.997],[50.566,37.062],[50.632,36.997],[50.532,36.868],[51.265,36.61],[52.186,36.546],[53.088,36.804],[54.033,36.868],[54.095,37.19],[53.91,37.448],[53.908,37.835],[53.83,37.835],[53.987,38.997],[53.518,39.385],[53.138,39.45],[53.545,39.514],[53.498,40.032],[52.723,40.096],[52.714,40.42],[52.793,40.42],[52.893,40.874],[52.972,40.874],[52.943,40.744],[53.34,40.744],[53.448,40.874],[53.404,40.679],[54.544,40.809],[56.655,40.355],[56.987,40.42],[56.956,40.291],[57.035,40.291],[57.241,40.161],[57.351,40.291],[58.332,40.42]]]]}},{"type":"Feature","id":"cliopatria-12f93bf33dcd116c33d8bb8a","properties":{"NAME":"Roman Republic","ABBREVN":null,"CONTROL":null,"SUBJECTO":"Roman Republic","PARTOF":null,"BORDERPRECISION":1,"FromYear":-144,"ToYear":-127,"Area":850618.6485916233,"Type":"POLITY","Wikipedia":"Roman Republic","Wikidata":"Q175881","SeshatID":"it_roman_rep_2","Components":"","MemberOf":"","sourceFeatureId":"cliopatria-12f93bf33dcd116c33d8bb8a","datasetId":"cliopatria"},"geometry":{"type":"MultiPolygon","coordinates":[[[[11.006,35.387],[11.083,35.001],[10.851,34.937],[10.851,34.808],[10.081,34.293],[10.004,34.293],[9.386,34.808],[9.228,35.258],[8.917,35.516],[8.992,35.773],[8.837,35.838],[8.835,36.031],[8.678,36.224],[8.676,36.417],[8.908,36.546],[8.749,36.997],[8.826,36.997],[8.903,37.126],[9.059,37.062],[9.37,37.255],[9.759,37.319],[9.993,37.19],[10.227,37.255],[10.228,37.062],[10.305,37.062],[10.228,36.804],[10.462,36.739],[11.006,36.997],[11.006,36.804],[10.462,36.417],[10.54,36.353],[10.464,35.902],[10.851,35.709],[10.851,35.645],[11.083,35.58],[11.083,35.387],[11.006,35.387]]],[[[14.337,35.838],[14.34,36.031],[14.417,36.031],[14.571,35.966],[14.568,35.773],[14.337,35.838]]],[[[-5.713,38.803],[-5.482,38.868],[-5.041,39.256],[-4.342,39.385],[-3.81,39.644],[-3.592,39.902],[-3.207,40.032],[-2.465,40.744],[-2.306,40.744],[-2.006,41.003],[-2.099,41.198],[-1.781,41.198],[-1.732,41.652],[-1.652,41.652],[-1.753,41.976],[-1.607,42.171],[-1.629,42.496],[-1.549,42.496],[-1.491,42.821],[-1.331,42.821],[-1.259,42.951],[-0.938,42.951],[-0.685,42.756],[0.288,42.561],[0.455,42.431],[0.772,42.496],[0.859,42.366],[1.179,42.366],[1.182,42.301],[1.422,42.301],[1.997,41.976],[2.399,41.911],[2.718,41.911],[2.712,42.041],[2.869,42.106],[2.963,41.782],[2.573,41.587],[2.334,41.587],[2.107,41.327],[1.238,41.198],[0.696,40.938],[0.709,40.679],[0.248,40.42],[0.183,40.161],[-0.126,40.032],[-0.345,39.708],[-0.314,39.126],[0.099,38.739],[-0.661,38.287],[-0.803,38.029],[-0.705,37.642],[-1.709,37.448],[-1.623,37.319],[-1.857,37.319],[-2.062,36.804],[-2.532,36.868],[-2.68,36.739],[-4.469,36.739],[-4.689,36.546],[-5.228,36.482],[-5.288,36.224],[-5.662,36.031],[-5.831,36.224],[-6.064,36.224],[-6.33,36.675],[-6.35,36.933],[-6.588,36.997],[-6.842,37.255],[-7.465,37.255],[-7.455,37.126],[-7.678,36.997],[-8.701,37.126],[-9.001,36.997],[-8.897,37.577],[-8.819,37.577],[-8.823,38.481],[-9.209,38.416],[-9.233,38.674],[-9.384,38.61],[-9.553,38.739],[-9.572,38.933],[-9.427,39.062],[-9.387,39.45],[-9.23,39.45],[-9.164,39.579],[-9.072,39.45],[-8.836,39.45],[-8.823,39.32],[-8.666,39.32],[-8.575,39.191],[-8.254,39.126],[-8.158,38.933],[-7.765,38.933],[-7.675,38.803],[-7.446,38.868],[-7.434,38.739],[-7.356,38.739],[-7.361,38.803],[-7.283,38.803],[-7.277,38.739],[-7.199,38.739],[-7.109,38.61],[-5.713,38.803]]],[[[9.665,40.291],[9.747,39.644],[9.669,39.644],[9.593,39.126],[9.12,39.191],[8.966,38.868],[8.73,38.868],[8.336,38.997],[8.412,39.256],[8.333,39.256],[8.33,39.514],[8.409,39.514],[8.483,39.902],[8.325,39.967],[8.4,40.291],[8.321,40.291],[8.319,40.485],[8.16,40.55],[8.155,40.938],[8.552,40.874],[9.025,41.263],[9.104,41.263],[9.502,41.198],[9.822,40.744],[9.823,40.355],[9.665,40.291]]],[[[15.82,45.235],[15.806,44.777],[16.126,44.647],[16.517,44.255],[16.679,44.255],[16.912,43.994],[17.073,43.994],[17.149,43.863],[17.313,43.929],[17.386,43.733],[17.861,43.538],[18.344,43.538],[18.574,43.277],[18.738,43.342],[18.815,43.288],[18.818,43.342],[18.898,43.342],[18.895,43.277],[18.831,43.277],[19.204,43.017],[19.605,43.017],[19.522,42.951],[19.595,42.821],[20.236,42.821],[20.149,42.691],[20.309,42.691],[20.382,42.561],[20.626,42.626],[20.619,42.496],[21.08,42.171],[22.455,42.431],[22.442,42.236],[22.593,42.106],[22.753,42.106],[23.054,41.847],[23.448,41.782],[23.669,41.522],[24.719,41.717],[25.032,41.652],[25.202,41.782],[26.318,41.782],[26.825,42.106],[27.384,42.106],[27.464,42.106],[27.612,41.976],[27.931,41.976],[27.924,41.911],[28.004,41.911],[28.053,41.587],[28.218,41.652],[28.352,41.392],[28.976,41.263],[29.036,41.068],[27.527,41.068],[27.181,40.744],[26.779,40.679],[26.072,40.744],[26.082,40.874],[25.378,41.003],[24.347,41.003],[24.011,40.744],[23.698,40.809],[23.685,40.614],[23.839,40.55],[23.737,40.226],[22.959,40.42],[22.892,40.614],[22.572,40.55],[22.544,40.096],[22.702,40.096],[22.611,39.902],[23.135,39.45],[22.816,39.385],[22.797,39.062],[22.958,39.126],[23.493,38.868],[23.332,38.803],[23.025,38.933],[22.936,38.739],[23.167,38.674],[23.313,38.481],[23.626,38.481],[23.563,38.739],[24.03,38.674],[24.179,38.545],[24.159,38.222],[23.936,38.416],[23.857,38.416],[23.305,38.351],[23.365,38.029],[23.286,38.029],[23.201,37.9],[23.044,37.9],[23.037,37.771],[23.108,37.642],[23.342,37.642],[23.402,37.319],[23.169,37.319],[23.176,37.448],[22.949,37.577],[22.714,37.577],[22.701,37.319],[22.853,37.255],[23.056,36.675],[22.833,36.868],[22.599,36.868],[22.512,36.675],[22.356,36.675],[22.22,37.062],[21.909,37.062],[21.899,36.868],[21.744,36.868],[21.681,37.19],[21.603,37.19],[21.697,37.513],[21.244,37.835],[21.416,38.158],[21.729,38.158],[21.738,38.351],[21.193,38.416],[20.974,38.739],[20.741,38.803],[20.911,39.062],[20.297,39.385],[20.155,39.708],[19.918,39.708],[19.912,39.579],[19.758,39.644],[19.764,39.773],[20,39.773],[20.009,39.967],[19.63,40.291],[19.471,40.291],[19.486,40.614],[19.249,40.614],[19.255,40.744],[19.498,40.874],[19.438,41.263],[19.523,41.392],[19.444,41.392],[19.53,41.522],[19.45,41.522],[19.542,41.782],[18.852,42.366],[18.143,42.626],[17.992,42.821],[17.593,42.886],[17.508,42.756],[17.516,42.951],[17.355,42.951],[17.365,43.212],[17.122,43.147],[17.051,43.407],[16.727,43.342],[16.734,43.538],[16.575,43.603],[15.927,43.472],[16.012,43.603],[15.857,43.798],[15.695,43.798],[15.619,43.929],[15.375,43.863],[15.459,43.994],[15.219,44.059],[15.147,44.385],[14.909,44.581],[14.919,44.973],[14.516,45.104],[14.603,45.366],[14.196,45.366],[14.189,45.039],[13.946,45.039],[13.943,44.908],[13.781,44.908],[13.706,45.235],[13.544,45.3],[13.547,45.497],[13.71,45.497],[13.715,45.759],[13.145,45.824],[13.06,45.628],[12.817,45.693],[12.652,45.562],[12.163,45.497],[12.16,45.17],[12.403,45.039],[12.4,44.777],[12.157,44.843],[12.154,44.451],[12.313,44.19],[12.873,43.798],[13.036,43.863],[13.034,43.733],[13.355,43.668],[13.673,43.407],[13.747,43.082],[13.985,42.951],[13.901,42.756],[14.056,42.496],[14.371,42.236],[14.531,42.236],[14.608,42.106],[14.769,42.171],[14.766,42.041],[14.924,41.976],[15.165,42.041],[15.241,41.911],[16.119,41.911],[16.115,41.782],[15.874,41.717],[15.944,41.392],[16.733,41.198],[17.436,40.874],[17.511,40.744],[17.981,40.614],[18.364,40.291],[18.436,40.096],[18.357,40.096],[18.349,39.902],[18.112,39.902],[17.813,40.355],[17.418,40.355],[17.345,40.55],[17.028,40.55],[16.868,40.485],[16.945,40.42],[16.862,40.291],[16.624,40.291],[16.697,40.096],[16.457,39.967],[16.447,39.644],[16.916,39.514],[17.07,39.385],[17.138,39.062],[16.502,38.803],[16.492,38.416],[15.933,37.964],[15.698,37.964],[15.624,38.158],[15.389,38.158],[15.066,37.642],[15.059,37.255],[15.214,37.19],[15.05,36.739],[14.661,36.739],[14.278,37.126],[13.578,37.255],[13.192,37.577],[12.49,37.706],[12.492,37.9],[12.65,38.093],[13.04,38.029],[13.12,38.158],[13.355,38.158],[13.665,37.964],[14.056,37.964],[15.862,38.287],[15.95,38.674],[16.265,38.739],[16.27,38.933],[16.117,39.062],[15.899,39.773],[15.666,39.902],[15.748,40.032],[15.432,40.032],[15.199,40.226],[15.041,40.226],[14.893,40.679],[14.418,40.679],[14.422,40.874],[14.105,40.874],[13.951,41.133],[13.792,41.133],[13.715,41.263],[13,41.327],[12.131,41.911],[12.132,42.041],[11.813,42.106],[11.655,42.366],[11.495,42.301],[11.415,42.431],[11.255,42.431],[11.176,42.626],[11.016,42.626],[11.016,42.821],[10.535,43.082],[10.374,43.668],[10.131,44.059],[9.889,43.994],[9.97,44.124],[9.727,44.124],[9.159,44.451],[8.593,44.451],[8.113,44.059],[8.026,44.451],[8.343,44.908],[8.419,45.3],[8.581,45.366],[8.579,45.497],[8.904,45.628],[10.534,45.628],[10.86,45.497],[11.511,45.497],[12.082,45.628],[12.41,45.824],[12.412,45.955],[12.575,45.955],[12.905,46.218],[13.641,46.218],[13.802,46.087],[14.948,46.152],[14.945,46.021],[15.27,45.955],[15.268,45.89],[15.991,45.497],[15.907,45.431],[15.982,45.235],[15.82,45.235]]],[[[9.574,42.756],[9.578,41.976],[9.498,41.976],[9.499,41.782],[9.262,41.392],[9.104,41.327],[8.784,41.522],[8.782,41.717],[8.623,41.717],[8.7,41.911],[8.539,42.106],[8.535,42.496],[8.773,42.691],[9.173,42.756],[9.251,43.017],[9.331,43.017],[9.492,43.017],[9.493,42.756],[9.574,42.756]]],[[[-1.691,42.236],[-1.687,42.171],[-1.767,42.171],[-1.771,42.236],[-1.691,42.236]]],[[[10.134,42.886],[10.214,42.886],[10.455,42.886],[10.455,42.691],[10.215,42.691],[10.134,42.886]]],[[[-0.858,42.951],[-0.938,42.951],[-0.942,43.017],[-0.862,43.017],[-0.858,42.951]]],[[[14.261,44.581],[14.269,44.973],[14.35,44.973],[14.511,44.908],[14.502,44.516],[14.261,44.581]]],[[[27.743,35.902],[27.693,36.288],[28.017,36.482],[28.095,36.482],[28.25,36.482],[28.139,36.031],[27.743,35.902]]],[[[22.874,36.16],[22.887,36.417],[22.965,36.417],[23.117,36.353],[23.107,36.16],[22.874,36.16]]],[[[27.117,36.933],[27.185,36.804],[26.865,36.675],[27.039,36.933],[27.117,36.933]]],[[[30.508,36.546],[30.492,36.353],[30.026,36.353],[29.938,36.224],[29.24,36.224],[29.125,36.739],[28.357,36.868],[28.187,36.675],[28.031,36.675],[28.138,37.062],[27.598,37.126],[27.539,37.384],[27.223,37.319],[27.31,37.448],[27.163,37.577],[27.256,37.771],[27.178,37.771],[27.183,37.835],[27.73,37.835],[27.969,37.9],[28.141,38.093],[28.454,38.093],[28.678,37.964],[28.724,37.577],[29.26,37.448],[29.4,37.255],[29.701,37.126],[29.602,36.868],[29.597,36.804],[29.571,36.482],[29.721,36.417],[30.514,36.61],[30.508,36.546]]],[[[20.613,37.706],[20.621,37.9],[20.699,37.9],[20.934,37.9],[20.922,37.642],[20.613,37.706]]],[[[20.328,38.351],[20.488,38.416],[20.566,38.416],[20.795,38.287],[20.786,38.093],[20.32,38.158],[20.328,38.351]]],[[[23.567,38.803],[23.563,38.739],[23.485,38.739],[23.489,38.803],[23.567,38.803]]],[[[20.073,39.644],[20.152,39.644],[20.149,39.579],[20.07,39.579],[20.073,39.644]]],[[[25.067,40.032],[25.146,40.032],[25.462,40.032],[25.447,39.838],[24.974,39.838],[25.067,40.032]]]]}},{"type":"Feature","id":"cliopatria-d5d7cbad127fcc7301079b15","properties":{"NAME":"Seleucid Empire","ABBREVN":null,"CONTROL":null,"SUBJECTO":"Seleucid Empire","PARTOF":null,"BORDERPRECISION":1,"FromYear":-144,"ToYear":-127,"Area":491622.76408913627,"Type":"POLITY","Wikipedia":"Seleucid dynasty","Wikidata":"Q705904","SeshatID":"ir_seleucid_emp","Components":"","MemberOf":"","sourceFeatureId":"cliopatria-d5d7cbad127fcc7301079b15","datasetId":"cliopatria"},"geometry":{"type":"MultiPolygon","coordinates":[[[[35.385,31.529],[35.379,31.465],[35.455,31.465],[35.51,31.208],[35.032,30.951],[35.022,30.822],[34.697,30.565],[34.545,30.565],[34.297,31.272],[34.302,31.336],[34.547,31.529],[34.639,31.722],[34.573,31.85],[34.737,31.979],[34.813,31.979],[34.802,31.85],[35.238,31.593],[35.314,31.593],[35.309,31.529],[35.385,31.529]]],[[[34.889,31.979],[34.813,31.979],[34.77,32.365],[34.841,32.3],[34.917,32.3],[34.889,31.979]]],[[[45.118,36.031],[45.195,36.031],[45.217,35.645],[46.031,35.387],[47.954,35.323],[48.707,35.194],[48.715,34.744],[48.85,34.615],[48.859,34.165],[48.936,34.165],[48.898,33.907],[48.63,33.65],[48.593,33.393],[48.862,33.136],[48.912,32.943],[48.749,32.879],[48.614,33.007],[48.078,33.007],[47.975,32.814],[47.822,32.814],[47.56,33.136],[46.675,33.393],[46.71,33.65],[46.421,33.779],[46.225,34.036],[45.918,34.036],[45.977,33.907],[45.857,33.586],[46.07,33.457],[46.052,33.329],[45.899,33.329],[45.465,32.943],[45.099,33.072],[44.631,33.007],[44.571,33.136],[43.966,33.2],[44.172,33.007],[44.208,32.686],[43.91,32.75],[43.428,32.557],[43.351,32.557],[43.153,32.814],[42.709,32.943],[42.578,33.136],[41.489,33.65],[41.212,33.907],[40.912,33.972],[40.85,34.1],[40.311,34.1],[40.403,34.229],[40.257,34.293],[39.124,34.486],[37.99,33.972],[37.739,33.779],[37.726,33.65],[37.573,33.65],[37.073,33.264],[37.054,33.072],[36.901,33.072],[36.812,32.943],[36.698,32.557],[36.692,32.493],[36.552,32.622],[36.01,32.557],[35.828,32.236],[35.605,32.3],[35.588,32.107],[35.358,32.107],[35.223,32.3],[34.917,32.3],[34.923,32.365],[34.846,32.365],[34.863,32.557],[35.022,32.622],[35.056,33.007],[35.215,33.072],[35.398,33.393],[35.346,33.65],[35.499,33.65],[35.447,33.907],[35.684,33.972],[35.644,34.358],[35.792,34.293],[36.049,34.551],[36.068,34.744],[35.927,34.872],[35.96,35.194],[35.882,35.194],[35.993,35.516],[35.845,35.58],[35.99,36.224],[35.842,36.288],[36.265,36.61],[36.286,36.804],[36.145,36.933],[36.06,36.868],[35.982,36.868],[35.996,36.997],[36.159,37.062],[37.198,36.61],[37.523,36.739],[37.601,36.739],[38.161,36.868],[38.176,36.997],[37.958,37.126],[37.989,37.384],[37.638,37.706],[37.764,38.093],[38.147,38.029],[38.312,38.093],[38.423,38.351],[38.658,38.351],[38.868,38.158],[39.181,38.158],[39.38,38.481],[40.137,38.287],[40.216,38.287],[40.294,38.287],[40.372,38.287],[40.451,38.287],[40.442,38.222],[40.52,38.222],[40.598,38.222],[40.572,38.029],[41.667,38.029],[41.961,37.9],[42.508,37.9],[43.945,37.577],[44.413,37.577],[44.774,37.384],[44.745,37.19],[44.871,36.997],[45.251,36.933],[45.118,36.031]]]]}},{"type":"Feature","id":"cliopatria-39567e3a187153bfe2e7aa46","properties":{"NAME":"Xiongnu","ABBREVN":null,"CONTROL":null,"SUBJECTO":"Xiongnu","PARTOF":null,"BORDERPRECISION":1,"FromYear":-144,"ToYear":-127,"Area":5619424.56395954,"Type":"POLITY","Wikipedia":"Xiongnu","Wikidata":"Q188836","SeshatID":"mn_hunnu_emp","Components":"","MemberOf":"","sourceFeatureId":"cliopatria-39567e3a187153bfe2e7aa46","datasetId":"cliopatria"},"geometry":{"type":"MultiPolygon","coordinates":[[[[98.836,54.071],[100.48,54.071],[100.43,54.003],[101.763,53.935],[101.712,53.868],[104.34,53.462],[104.289,53.395],[104.962,53.26],[104.911,53.192],[105.083,53.192],[105.032,53.125],[106.408,52.788],[105.915,52.586],[105.265,52.049],[104.44,51.848],[103.845,51.848],[103.572,51.58],[104.118,51.513],[104.072,51.447],[104.834,51.447],[105.74,51.647],[106.006,51.781],[106.398,52.318],[106.825,52.318],[106.925,52.452],[107.096,52.452],[107.045,52.385],[107.216,52.385],[107.166,52.318],[107.627,52.25],[107.577,52.183],[107.953,52.116],[107.903,52.049],[108.073,52.049],[108.024,51.982],[109.234,51.781],[109.184,51.714],[109.404,51.781],[109.389,51.647],[109.778,51.714],[109.678,51.58],[110.018,51.58],[109.968,51.513],[110.511,51.447],[110.461,51.38],[113.916,51.246],[113.865,51.179],[115.823,50.979],[115.772,50.912],[116.11,50.912],[116.058,50.845],[116.597,50.779],[116.546,50.712],[116.799,50.712],[116.748,50.645],[118.343,50.313],[118.292,50.246],[118.544,50.246],[118.493,50.179],[118.829,50.179],[118.778,50.113],[119.147,50.046],[119.096,49.98],[119.582,49.847],[119.531,49.781],[119.699,49.781],[119.648,49.714],[119.899,49.714],[121.096,50.179],[121.044,50.113],[121.296,50.113],[121.244,50.046],[121.495,50.046],[121.444,49.98],[121.611,49.98],[121.56,49.914],[122.61,49.648],[122.558,49.582],[122.725,49.582],[122.674,49.515],[123.723,49.25],[123.672,49.184],[124.237,49.051],[124.186,48.985],[124.57,49.051],[124.52,48.985],[124.686,48.985],[124.635,48.919],[124.834,48.853],[124.784,48.787],[125.033,48.787],[124.983,48.72],[125.348,48.654],[125.298,48.588],[125.58,48.522],[125.53,48.456],[125.779,48.456],[125.729,48.39],[125.895,48.39],[125.845,48.324],[126.094,48.324],[126.044,48.258],[126.209,48.258],[126.16,48.192],[126.408,48.192],[126.358,48.126],[126.524,48.126],[126.474,48.06],[126.723,48.06],[126.673,47.994],[126.838,47.994],[126.789,47.928],[127.351,47.796],[127.302,47.73],[127.583,47.664],[127.534,47.598],[127.781,47.598],[127.732,47.532],[127.897,47.532],[127.848,47.466],[128.095,47.466],[128.046,47.401],[128.211,47.401],[128.162,47.335],[128.409,47.335],[128.36,47.269],[128.525,47.269],[128.476,47.203],[128.723,47.203],[128.674,47.137],[128.838,47.137],[128.789,47.072],[129.036,47.072],[128.987,47.006],[129.152,47.006],[129.103,46.94],[129.349,46.94],[129.301,46.874],[129.58,46.809],[129.532,46.743],[129.893,46.677],[129.782,46.415],[129.864,46.415],[129.74,46.021],[129.821,46.021],[129.631,45.759],[128.434,44.647],[128.242,44.255],[127.991,44.124],[125.676,41.717],[125.553,41.392],[125.513,41.327],[124.837,41.133],[124.439,41.263],[124.479,41.327],[124.24,41.327],[124.28,41.392],[124.002,41.457],[124.042,41.522],[123.803,41.522],[123.843,41.587],[123.564,41.652],[123.604,41.717],[123.365,41.717],[123.405,41.782],[123.127,41.847],[123.167,41.911],[122.928,41.911],[118.979,40.614],[117.453,40.291],[117.109,40.096],[116.102,39.838],[115.55,39.838],[115.283,40.226],[114.764,40.291],[114.799,40.355],[114.448,40.291],[114.482,40.355],[114.008,40.355],[114.042,40.42],[113.488,40.42],[112.629,40.291],[112.078,39.838],[111.486,38.803],[110.133,38.093],[108.754,36.739],[108.302,36.031],[107.267,35.773],[106.7,35.516],[106.493,35.58],[106.185,35.387],[105.259,35.194],[105.284,35.258],[105.951,35.773],[105.847,35.902],[106.08,36.288],[106.029,36.353],[104.166,36.739],[102.871,37.19],[102.611,37.126],[102.586,37.255],[102.119,37.448],[102.096,37.771],[101.755,37.513],[101.601,37.706],[101.315,37.771],[101.29,37.9],[100.796,38.029],[100.799,38.222],[100.642,38.222],[100.414,38.61],[100.199,38.287],[99.862,38.416],[99.379,39.126],[99.092,39.191],[99.12,39.256],[98.958,39.062],[98.384,39.191],[98.117,38.933],[97.96,38.933],[97.857,39.062],[97.492,39.126],[97.468,39.256],[96.763,39.45],[96.681,39.256],[96.76,39.256],[96.678,39.062],[96.757,39.062],[96.677,38.868],[96.755,38.868],[96.649,38.61],[96.414,38.61],[96.31,38.739],[95.682,38.933],[95.319,39.385],[94.977,39.32],[94.506,39.514],[92.852,39.32],[92.196,39.45],[89.175,39.579],[87.487,39.902],[85.514,39.902],[85.228,39.773],[82.881,39.385],[82.082,39.126],[79.859,39.062],[79.373,39.256],[79.059,39.256],[78.888,39.45],[78.73,39.45],[78.275,39.967],[78.117,39.967],[77.969,40.226],[77.811,40.226],[77.291,41.003],[77.211,41.003],[77.374,41.457],[76.976,41.457],[76.704,41.587],[76.671,41.717],[76.798,41.847],[76.24,41.847],[76.207,41.976],[76.334,42.106],[76.198,42.171],[76.214,42.431],[75.758,42.496],[75.878,42.821],[75.71,43.017],[75.196,43.147],[75.261,43.538],[74.875,43.798],[75.054,44.059],[74.506,44.32],[74.556,44.451],[74.387,44.647],[74.031,44.777],[74.049,45.039],[74.13,45.039],[74.255,45.366],[74.117,45.431],[74.319,45.955],[74.753,46.021],[74.881,46.349],[75.317,46.415],[75.451,46.546],[77.391,46.48],[77.364,46.415],[77.829,46.349],[77.802,46.283],[78.975,46.349],[79.086,46.612],[79.25,46.612],[79.28,46.874],[78.43,46.809],[78.266,46.612],[77.883,46.677],[77.91,46.743],[76.734,46.677],[76.761,46.743],[76.351,46.743],[76.323,46.874],[74.407,46.809],[74.808,47.598],[76.416,48.853],[77.32,49.383],[77.381,49.515],[77.86,49.648],[78.866,50.179],[79.784,50.845],[80.359,50.979],[80.412,51.246],[81.506,51.714],[87.647,53.327],[88.977,53.53],[89.063,53.665],[89.451,53.597],[91.437,53.868],[93.941,53.868],[95.377,54.071],[98.75,54.071],[98.836,54.071]]],[[[109.524,51.714],[109.439,51.714],[109.489,51.781],[109.574,51.781],[109.524,51.714]]]]}},{"type":"Feature","id":"cliopatria-4f12a84f301aa9e34c9e993d","properties":{"NAME":"Yuezhi","ABBREVN":null,"CONTROL":null,"SUBJECTO":"Yuezhi","PARTOF":null,"BORDERPRECISION":1,"FromYear":-144,"ToYear":-127,"Area":233962.4500695193,"Type":"POLITY","Wikipedia":"Yuezhi","Wikidata":"Q467985","SeshatID":"","Components":"","MemberOf":"","sourceFeatureId":"cliopatria-4f12a84f301aa9e34c9e993d","datasetId":"cliopatria"},"geometry":{"type":"MultiPolygon","coordinates":[[[[77.211,41.003],[77.132,41.003],[75.852,40.744],[75.267,40.42],[74.893,40.485],[74.749,40.291],[74.011,39.967],[73.933,39.967],[73.684,40.42],[73.526,40.42],[73.489,40.55],[73.331,40.55],[73.157,40.744],[72.459,40.55],[71.782,40.161],[71.507,40.291],[70.617,40.226],[70.44,40.42],[70.281,40.42],[69.807,40.161],[69.095,40.161],[68.738,40.55],[68.083,40.744],[68.143,40.938],[67.984,41.198],[66.852,41.133],[66.871,41.198],[66.811,41.263],[67.01,41.392],[68.426,41.847],[70.708,42.236],[71.183,42.691],[71.731,43.798],[72.209,44.451],[73.246,45.497],[73.742,45.3],[73.911,45.104],[73.862,44.973],[73.968,45.039],[74.049,45.039],[74.031,44.777],[74.387,44.647],[74.556,44.451],[74.506,44.32],[75.054,44.059],[74.875,43.798],[75.261,43.538],[75.196,43.147],[75.71,43.017],[75.878,42.821],[75.758,42.496],[76.214,42.431],[76.198,42.171],[76.334,42.106],[76.207,41.976],[76.24,41.847],[76.798,41.847],[76.671,41.717],[76.704,41.587],[76.976,41.457],[77.374,41.457],[77.211,41.003]]]]}},{"type":"Feature","id":"cliopatria-60c25eb12983527876a48b01","properties":{"NAME":"Kingdom of Numidia","ABBREVN":null,"CONTROL":null,"SUBJECTO":"Kingdom of Numidia","PARTOF":null,"BORDERPRECISION":1,"FromYear":-144,"ToYear":-111,"Area":306761.70017038303,"Type":"POLITY","Wikipedia":"Jugurtha","Wikidata":"Q156173","SeshatID":"dz_numidia","Components":"","MemberOf":"","sourceFeatureId":"cliopatria-60c25eb12983527876a48b01","datasetId":"cliopatria"},"geometry":{"type":"MultiPolygon","coordinates":[[[[10.005,34.229],[10.082,34.229],[10.006,33.907],[10.237,33.715],[10.544,33.715],[10.698,33.522],[11.082,33.586],[11.158,33.2],[11.464,33.2],[12.229,32.814],[12.612,32.879],[12.535,32.75],[12.841,32.75],[12.842,32.879],[13.072,32.943],[13.302,32.943],[13.454,32.814],[13.761,32.879],[13.759,32.75],[14.065,32.75],[14.444,32.493],[14.675,32.557],[14.749,32.429],[15.207,32.365],[15.425,31.658],[15.576,31.593],[15.649,31.4],[16.179,31.208],[17.469,31.079],[17.997,30.886],[18.592,30.372],[18.896,30.372],[18.81,29.987],[18.281,30.051],[16.701,30.694],[15.49,30.951],[15.184,30.886],[15.187,31.079],[14.584,31.529],[14.586,31.658],[13.829,32.107],[13.295,32.236],[13.066,32.172],[13.067,32.3],[12.456,32.365],[11.768,32.3],[11.768,32.429],[11.539,32.429],[11.463,32.557],[11.31,32.493],[11.157,32.686],[10.392,33.007],[10.009,33.007],[10.085,33.136],[9.625,33.136],[9.547,33.329],[9.624,33.457],[9.316,33.586],[9.238,33.843],[9.083,33.907],[9.083,34.036],[8.929,34.036],[8.928,34.165],[8.311,34.293],[8.081,34.229],[8.002,34.422],[7.615,34.551],[7.153,34.486],[6.92,34.615],[6.459,34.551],[6.148,34.679],[5.377,34.679],[5.149,34.551],[4.454,34.615],[3.843,34.422],[3.456,34.486],[2.921,34.358],[2.45,34.615],[1.294,34.615],[0.685,34.422],[0.451,34.486],[0.303,34.358],[-1.237,34.358],[-1.305,34.165],[-1.539,34.229],[-1.61,34.1],[-1.693,34.229],[-2.382,34.165],[-2.459,34.165],[-2.854,34.358],[-2.788,34.551],[-2.945,34.615],[-2.96,34.872],[-2.809,34.937],[-2.743,35.13],[-2.665,35.13],[-1.661,35.13],[-1.591,35.258],[-1.359,35.258],[-1.136,35.451],[-1.224,35.645],[-1.066,35.58],[-0.917,35.709],[-0.53,35.709],[-0.459,35.838],[0.084,35.838],[0.376,36.224],[0.684,36.288],[0.678,36.417],[0.914,36.353],[1.216,36.546],[1.53,36.482],[2.377,36.675],[2.69,36.61],[2.841,36.739],[3.23,36.739],[3.459,36.868],[3.85,36.804],[4.235,36.933],[4.859,36.868],[5.098,36.675],[5.564,36.675],[5.639,36.804],[6.106,36.804],[6.103,36.933],[6.334,37.062],[6.805,36.868],[7.194,36.868],[7.346,37.062],[7.659,36.997],[7.738,36.868],[8.516,36.868],[8.671,36.997],[8.749,36.997],[8.908,36.546],[8.676,36.417],[8.678,36.224],[8.835,36.031],[8.837,35.838],[8.992,35.773],[8.917,35.516],[9.228,35.258],[9.386,34.808],[10.004,34.293],[10.005,34.229]]],[[[2.61,34.422],[2.533,34.422],[2.531,34.486],[2.608,34.486],[2.61,34.422]]]]}},{"type":"Feature","id":"cliopatria-1251169d353ce761f7807260","properties":{"NAME":"Satavahana Dynasty","ABBREVN":null,"CONTROL":null,"SUBJECTO":"Satavahana Dynasty","PARTOF":null,"BORDERPRECISION":1,"FromYear":-144,"ToYear":-92,"Area":657880.8791161228,"Type":"POLITY","Wikipedia":"Satavahana dynasty","Wikidata":"Q5257","SeshatID":"","Components":"","MemberOf":"","sourceFeatureId":"cliopatria-1251169d353ce761f7807260","datasetId":"cliopatria"},"geometry":{"type":"MultiPolygon","coordinates":[[[[86.428,19.958],[85.645,19.636],[85.497,19.636],[85.522,19.829],[85.374,19.829],[85.415,19.572],[84.749,18.993],[84.38,18.415],[84.052,18.158],[83.667,18.029],[83.561,17.772],[83.153,17.45],[82.451,17.129],[82.347,16.872],[82.421,16.872],[82.383,16.55],[82.066,16.358],[81.323,16.293],[81.119,15.779],[80.611,15.843],[80.376,15.715],[80.088,15.072],[80.216,14.879],[80.245,14.429],[79.26,14.107],[79.272,14.236],[78.782,14.493],[78.992,15.136],[76.69,15.65],[76.429,15.972],[76.282,15.972],[76.014,16.229],[76.081,16.872],[75.727,17],[75.459,17.258],[75.473,17.386],[75.065,17.708],[75.079,17.836],[74.879,18.029],[74.429,17.965],[73.878,17.643],[73.14,17.643],[72.959,18.029],[72.875,19.315],[72.734,19.379],[72.754,19.572],[73.396,20.022],[73.709,20.858],[73.758,21.308],[74.052,21.951],[74.379,22.208],[75.473,22.658],[76.598,22.722],[77.029,22.593],[77.103,22.593],[78.031,22.272],[78.29,21.951],[78.439,21.951],[78.772,21.629],[78.823,21.436],[79.112,21.372],[79.097,21.243],[79.312,21.179],[79.437,20.986],[80.008,20.793],[80.453,20.793],[80.844,20.343],[81.776,20.086],[82.165,19.636],[82.519,19.508],[82.784,19.251],[85.35,20.793],[86.141,20.601],[86.157,20.151],[86.436,20.022],[86.428,19.958]]]]}},{"type":"Feature","id":"cliopatria-d7407fd374b1b390559856ae","properties":{"NAME":"Shunga Empire","ABBREVN":null,"CONTROL":null,"SUBJECTO":"Shunga Empire","PARTOF":null,"BORDERPRECISION":1,"FromYear":-144,"ToYear":-92,"Area":1099958.316199422,"Type":"POLITY","Wikipedia":"Shunga Empire","Wikidata":"Q651377","SeshatID":"in_sunga_emp","Components":"","MemberOf":"","sourceFeatureId":"cliopatria-d7407fd374b1b390559856ae","datasetId":"cliopatria"},"geometry":{"type":"MultiPolygon","coordinates":[[[[81.087,30.179],[81.163,30.179],[81.39,30.179],[81.697,29.858],[82.336,29.665],[82.459,29.537],[83.05,29.472],[83.249,29.344],[83.49,29.408],[83.523,29.215],[83.75,29.215],[84.01,29.022],[84.251,29.087],[84.483,28.765],[84.833,28.637],[84.717,28.444],[84.792,28.444],[84.813,28.187],[85.213,27.93],[85.851,27.737],[86.227,27.737],[86.569,27.93],[86.781,27.865],[87.11,27.994],[87.247,27.93],[87.158,27.865],[87.206,27.737],[87.357,27.737],[87.405,27.608],[87.569,27.672],[87.543,27.544],[87.955,27.351],[88.118,27.415],[88.092,27.287],[88.292,27.158],[88.844,27.287],[88.818,27.158],[89.067,26.901],[89.942,26.772],[89.742,26.129],[89.88,26.065],[89.871,25.615],[89.946,25.615],[89.79,25.165],[89.948,24.779],[89.927,24.201],[89.822,24.008],[89.961,23.943],[89.589,22.979],[89.729,22.915],[89.952,22.401],[89.869,21.822],[88.728,21.629],[88.716,22.079],[88.642,22.079],[88.514,21.693],[88.365,21.693],[88.348,21.565],[88.134,21.629],[88.178,21.951],[88.103,21.951],[87.762,21.629],[87.067,21.436],[86.885,21.179],[86.959,21.179],[87.031,20.601],[86.792,20.472],[86.84,20.279],[86.51,20.022],[86.436,20.022],[86.157,20.151],[86.141,20.601],[85.35,20.793],[82.784,19.251],[82.519,19.508],[82.165,19.636],[81.776,20.086],[80.844,20.343],[80.453,20.793],[80.008,20.793],[79.437,20.986],[79.312,21.179],[79.097,21.243],[79.112,21.372],[78.823,21.436],[78.772,21.629],[78.439,21.951],[78.29,21.951],[78.031,22.272],[77.103,22.593],[77.111,22.658],[77.2,23.943],[77.426,25.036],[77.928,25.872],[78.976,26.772],[78.807,27.094],[78.841,27.287],[78.131,27.93],[78.055,27.93],[78.04,28.251],[77.965,28.251],[77.99,29.151],[77.878,29.344],[77.93,29.601],[77.855,29.601],[77.936,29.987],[79.409,31.143],[79.485,31.143],[79.531,31.015],[80.048,30.951],[80.34,30.565],[80.918,30.436],[81.087,30.179]]]]}},{"type":"Feature","id":"cliopatria-f9ebe19b5813e69c087acba9","properties":{"NAME":"Greek City-States","ABBREVN":null,"CONTROL":null,"SUBJECTO":"Greek City-States","PARTOF":null,"BORDERPRECISION":1,"FromYear":-126,"ToYear":-111,"Area":100248.33677400176,"Type":"POLITY","Wikipedia":"Polis","Wikidata":"Q148837","SeshatID":"","Components":"","MemberOf":"","sourceFeatureId":"cliopatria-f9ebe19b5813e69c087acba9","datasetId":"cliopatria"},"geometry":{"type":"MultiPolygon","coordinates":[[[[24.157,35.516],[24.15,35.387],[24.301,35.323],[25.692,35.323],[25.681,35.13],[26.225,35.194],[26.14,35.065],[24.824,35.001],[24.757,35.194],[24.526,35.194],[24.448,35.194],[23.679,35.258],[23.615,35.516],[24.157,35.516]]],[[[23.443,38.029],[23.365,38.029],[23.305,38.351],[23.857,38.416],[23.853,38.351],[24.084,38.287],[23.979,37.835],[23.443,38.029]]],[[[26.246,38.933],[26.094,38.997],[26.103,39.126],[25.793,39.191],[26.044,39.385],[26.123,39.385],[26.511,39.32],[26.644,38.997],[26.246,38.933]]],[[[25.704,40.096],[25.719,40.291],[25.798,40.291],[26.035,40.291],[26.025,40.161],[25.704,40.096]]],[[[28.018,40.355],[28.097,40.355],[28.103,40.42],[28.182,40.42],[28.17,40.291],[27.696,40.291],[27.701,40.355],[27.781,40.355],[27.786,40.42],[27.792,40.485],[27.871,40.485],[27.95,40.485],[27.945,40.42],[27.939,40.355],[28.018,40.355]]],[[[24.551,40.55],[24.491,40.809],[24.57,40.809],[24.808,40.809],[24.794,40.614],[24.551,40.55]]],[[[29.287,41.198],[29.367,41.198],[29.176,40.874],[29.043,41.133],[29.287,41.198]]],[[[5.391,43.277],[5.387,43.407],[5.063,43.472],[4.178,43.472],[4.173,43.603],[3.851,43.603],[2.985,43.147],[3.01,42.561],[3.178,42.366],[3.04,41.847],[2.698,42.366],[2.775,42.431],[2.669,43.017],[2.75,43.017],[2.741,43.212],[3.446,43.668],[4.728,43.863],[5.87,43.407],[6.594,43.407],[6.597,43.277],[6.278,43.147],[6.198,43.147],[5.796,43.147],[5.632,43.277],[5.391,43.277]]],[[[27.937,42.041],[27.931,41.976],[27.612,41.976],[27.464,42.106],[27.47,42.171],[27.175,42.431],[27.193,42.626],[27.366,42.756],[27.298,42.886],[27.458,42.886],[27.657,43.277],[27.998,43.472],[28.119,43.863],[28.3,44.059],[28.341,44.451],[28.422,44.451],[28.368,44.712],[28.64,44.973],[28.802,44.973],[28.841,44.581],[28.577,44.385],[28.536,43.994],[28.616,43.994],[28.481,43.472],[28.159,43.472],[28.226,43.342],[27.898,43.277],[27.805,43.147],[27.853,42.821],[27.847,42.756],[27.514,42.626],[27.495,42.431],[27.937,42.041]]],[[[69.54,28.38],[69.53,28.315],[69.454,28.315],[69.465,28.38],[69.54,28.38]]],[[[66.626,31.143],[66.613,31.079],[66.537,31.079],[66.549,31.143],[66.626,31.143]]],[[[35.996,36.997],[35.982,36.868],[35.904,36.868],[35.834,36.933],[35.488,36.61],[35.332,36.61],[35.113,36.739],[34.95,36.675],[34.893,36.868],[34.582,36.868],[34.251,36.675],[33.979,36.288],[33.274,36.224],[32.713,36.031],[32.558,36.031],[32.499,36.224],[32.068,36.61],[31.763,36.675],[31.769,36.739],[32.241,36.804],[32.553,36.804],[32.798,36.933],[32.864,36.804],[33.097,36.804],[33.434,37.062],[34.304,37.19],[34.565,37.448],[34.877,37.448],[35.054,37.642],[35.671,37.577],[35.998,37.706],[36.348,38.029],[37.115,37.9],[37.13,38.029],[37.764,38.093],[37.638,37.706],[37.989,37.384],[37.958,37.126],[38.176,36.997],[38.161,36.868],[37.601,36.739],[37.523,36.739],[37.198,36.61],[36.159,37.062],[35.996,36.997]]],[[[31.592,41.198],[31.512,41.198],[31.361,41.263],[31.693,41.392],[31.592,41.198]]],[[[40.817,43.147],[40.416,43.147],[40.219,43.407],[39.978,43.407],[39.63,43.733],[40.414,43.603],[40.322,43.538],[40.38,43.407],[41.15,43.212],[41.208,43.082],[41.437,43.017],[41.414,42.886],[41.334,42.886],[41.173,42.886],[41.116,43.017],[40.817,43.147]]],[[[40.045,43.798],[40.033,43.733],[39.953,43.733],[39.964,43.798],[40.045,43.798]]],[[[33.467,44.647],[33.548,44.647],[33.61,45.104],[33.23,45.3],[33.637,45.3],[33.917,44.973],[34.604,45.235],[35.183,45.3],[35.154,45.104],[35.235,45.104],[35.135,44.973],[35.125,44.908],[34.376,44.777],[33.926,44.451],[33.521,44.451],[33.467,44.647]]],[[[31.567,46.94],[31.533,46.677],[30.877,46.677],[30.298,45.955],[30.045,45.89],[29.859,45.693],[29.614,45.693],[29.644,45.955],[30.189,46.415],[30.271,46.415],[30.458,46.612],[31.065,46.874],[31.082,47.006],[31.567,46.94]]]]}},{"type":"Feature","id":"cliopatria-9515be8f7318d97e4491aab7","properties":{"NAME":"Han Dynasty","ABBREVN":null,"CONTROL":null,"SUBJECTO":"Han Dynasty","PARTOF":null,"BORDERPRECISION":1,"FromYear":-126,"ToYear":-111,"Area":2071407.4289074678,"Type":"POLITY","Wikipedia":"Han dynasty","Wikidata":"Q1068371","SeshatID":"cn_western_han_dyn","Components":"","MemberOf":"","sourceFeatureId":"cliopatria-9515be8f7318d97e4491aab7","datasetId":"cliopatria"},"geometry":{"type":"MultiPolygon","coordinates":[[[[122.045,30.179],[122.273,30.179],[122.28,29.987],[121.977,29.987],[122.022,30.115],[122.045,30.179]]],[[[119.459,39.773],[119.275,39.579],[119.354,39.579],[119.215,39.32],[118.989,39.191],[118.057,39.062],[118.046,39.191],[117.888,39.191],[117.576,38.739],[117.655,38.739],[117.602,38.481],[118.054,38.287],[118.067,38.158],[118.583,38.093],[118.648,38.222],[118.804,38.222],[118.772,38.158],[119.457,37.964],[119.393,37.835],[119.237,37.835],[118.984,37.319],[119.14,37.319],[119.156,37.19],[119.701,37.19],[119.827,37.448],[120.202,37.577],[120.188,37.706],[120.754,37.9],[121.112,37.835],[121.171,37.642],[121.483,37.642],[121.497,37.513],[122.154,37.577],[122.121,37.513],[122.713,37.448],[122.474,37.126],[122.566,36.997],[122.394,36.804],[121.912,36.933],[121.212,36.61],[120.979,36.61],[120.965,36.417],[120.732,36.417],[120.659,36.095],[120.318,36.031],[119.986,35.645],[119.619,35.516],[119.228,34.808],[119.459,34.808],[119.431,34.744],[119.711,34.679],[119.732,34.551],[120.342,34.358],[120.489,34.165],[120.55,33.586],[120.926,33.2],[120.919,32.622],[121.403,32.493],[121.503,32.172],[121.783,32.107],[121.987,31.85],[121.836,31.658],[121.683,31.658],[121.581,31.786],[120.919,31.85],[121.454,31.658],[121.481,31.529],[121.634,31.529],[121.584,31.4],[121.737,31.4],[121.995,31.079],[121.899,30.822],[121.519,30.822],[121.197,30.565],[121.045,30.565],[120.68,30.179],[120.809,30.115],[121.105,30.308],[121.484,30.308],[121.62,30.051],[122.03,29.922],[121.865,29.665],[122.016,29.665],[121.938,29.215],[121.712,29.215],[121.745,29.537],[121.571,29.472],[121.647,29.472],[121.539,29.151],[121.744,29.087],[121.714,28.765],[121.522,28.637],[121.652,28.572],[121.646,28.315],[121.153,28.187],[121.193,28.315],[121.118,28.315],[121.038,28.058],[120.868,27.994],[120.715,27.737],[120.657,27.544],[120.733,27.544],[120.545,27.158],[120.395,27.158],[120.247,26.901],[120.096,26.901],[120.061,26.772],[120.211,26.772],[120.158,26.579],[119.84,26.515],[119.938,26.322],[119.587,26.129],[119.57,26.065],[119.254,26.001],[119.137,26.129],[119.009,26.772],[118.877,26.837],[118.625,27.801],[118.494,27.865],[118.422,28.38],[118.291,28.444],[118.351,28.637],[118.165,28.765],[118.036,29.537],[117.808,29.537],[117.7,29.665],[116.53,29.794],[116.27,29.922],[116.129,30.179],[115.977,30.179],[115.804,30.115],[115.642,29.858],[115.259,28.894],[115.335,28.894],[114.953,26.772],[115.028,26.772],[114.961,26.515],[115.228,26.387],[114.781,25.486],[114.533,24.393],[113.828,24.586],[112.109,24.586],[111.457,24.329],[111.022,24.393],[111.036,24.458],[111.356,24.908],[111.606,25.679],[111.546,25.744],[111.82,26.258],[111.965,26.837],[111.89,26.837],[112.055,27.737],[111.94,27.865],[111.955,28.187],[111.727,28.444],[110.802,28.894],[110.443,28.958],[108.27,29.022],[107.647,28.958],[106.726,28.637],[106.273,28.637],[106.028,28.572],[106.069,28.444],[105.616,28.444],[105.43,28.315],[104.618,28.38],[104.066,28.572],[103.898,28.508],[103.857,28.637],[102.927,28.83],[102.602,29.022],[101.614,29.279],[101.44,29.472],[101.156,29.537],[100.982,29.729],[101.019,29.858],[100.828,29.987],[100.865,30.115],[100.674,30.244],[100.673,30.501],[100.598,30.501],[100.847,31.079],[101.331,31.658],[101.836,32.043],[102.158,32.557],[102.312,33.457],[102.235,33.457],[102.325,33.715],[102.248,33.715],[102.409,34.165],[103.094,34.358],[103.379,34.293],[103.598,34.679],[105.235,35.13],[105.259,35.194],[106.185,35.387],[106.493,35.58],[106.7,35.516],[107.267,35.773],[108.302,36.031],[108.754,36.739],[109.126,37.062],[109.275,37.577],[109.176,37.706],[108.942,37.706],[108.745,37.964],[108.099,38.093],[107.903,38.351],[107.511,38.351],[107.443,38.545],[107.286,38.545],[107.709,39.45],[108.197,39.967],[109.736,40.355],[110.56,40.42],[111.906,40.42],[111.872,40.355],[112.821,40.355],[112.787,40.291],[114.042,40.42],[114.008,40.355],[114.482,40.355],[114.448,40.291],[115.159,40.291],[115.292,40.096],[115.45,40.096],[115.55,39.838],[116.102,39.838],[117.109,40.096],[117.453,40.291],[118.979,40.614],[120.862,41.263],[121.021,41.263],[120.986,41.068],[121.11,40.874],[121.072,40.809],[120.647,40.485],[120.5,40.226],[119.495,39.838],[119.459,39.773]]]]}},{"type":"Feature","id":"cliopatria-2e8f3ef897b2ddfd3b370c8a","properties":{"NAME":"Indo-Greeks","ABBREVN":null,"CONTROL":null,"SUBJECTO":"Indo-Greeks","PARTOF":null,"BORDERPRECISION":1,"FromYear":-126,"ToYear":-111,"Area":784978.0092343453,"Type":"POLITY","Wikipedia":"Indo-Greek Kingdom","Wikidata":"Q215643","SeshatID":"pk_indo_greek_k","Components":"","MemberOf":"","sourceFeatureId":"cliopatria-2e8f3ef897b2ddfd3b370c8a","datasetId":"cliopatria"},"geometry":{"type":"MultiPolygon","coordinates":[[[[69.406,36.739],[70.012,36.675],[70.023,36.417],[70.967,36.16],[70.95,36.095],[71.277,36.16],[71.244,36.031],[71.672,35.58],[71.653,35.194],[72.47,35.065],[73.466,34.422],[73.928,34.422],[73.896,34.293],[74.034,34.229],[75.541,34.1],[75.687,33.457],[75.825,33.393],[75.944,32.943],[76.097,32.943],[76.066,32.814],[76.143,32.814],[76.081,32.557],[76.463,32.236],[78.448,31.593],[78.844,31.658],[78.845,31.336],[79.18,31.465],[79.424,31.208],[79.409,31.143],[77.936,29.987],[77.855,29.601],[77.93,29.601],[77.878,29.344],[77.99,29.151],[77.965,28.251],[78.04,28.251],[78.055,27.93],[78.043,27.865],[78.022,26.901],[77.453,26.644],[76.863,26.708],[76.466,27.029],[76.488,27.158],[76.167,27.479],[76.207,28.122],[75.738,28.444],[75.621,29.022],[75.344,29.151],[74.817,28.765],[73.354,28.187],[70.716,27.737],[70.737,27.865],[70.543,28.058],[70.069,27.93],[69.907,28.315],[69.53,28.315],[69.249,28.444],[68.721,28.894],[67.124,29.279],[67.017,29.537],[66.565,29.987],[66.582,30.501],[66.506,30.501],[66.601,31.015],[66.525,31.015],[66.613,31.079],[66.626,31.143],[67.629,32.365],[68.391,33.072],[68.551,33.457],[68.474,33.457],[68.517,33.65],[68.238,33.779],[67.436,33.972],[67.387,34.1],[67.003,34.1],[66.968,34.293],[66.675,34.358],[66.626,34.486],[66.5,34.615],[66.529,34.744],[66.327,34.872],[66.293,35.065],[66.385,35.13],[66.226,35.451],[66.36,36.031],[66.762,36.739],[67.524,36.675],[67.787,36.482],[68.269,36.546],[68.457,36.675],[69.328,36.739],[69.406,36.739]]],[[[72.977,35.838],[72.899,35.838],[72.883,35.773],[72.805,35.773],[72.728,35.773],[72.744,35.838],[72.822,35.838],[72.839,35.902],[72.916,35.902],[72.994,35.902],[72.977,35.838]]],[[[60.873,37.19],[60.888,37.255],[60.966,37.255],[60.951,37.19],[60.873,37.19]]]]}},{"type":"Feature","id":"cliopatria-5f5023e2ede7a2f6ef3125c2","properties":{"NAME":"Indo-Scythians","ABBREVN":null,"CONTROL":null,"SUBJECTO":"Indo-Scythians","PARTOF":null,"BORDERPRECISION":1,"FromYear":-126,"ToYear":-111,"Area":461271.8178538013,"Type":"POLITY","Wikipedia":"Indo-Scythians","Wikidata":"Q240123","SeshatID":"","Components":"","MemberOf":"","sourceFeatureId":"cliopatria-5f5023e2ede7a2f6ef3125c2","datasetId":"cliopatria"},"geometry":{"type":"MultiPolygon","coordinates":[[[[65.138,38.674],[64.761,36.16],[64.839,36.16],[64.751,35.773],[64.829,35.773],[64.854,35.194],[65.092,34.872],[65.415,34.937],[65.618,34.808],[65.926,34.808],[66.066,34.744],[66.038,34.615],[66.458,34.422],[66.626,34.486],[66.675,34.358],[66.968,34.293],[67.003,34.1],[67.387,34.1],[67.436,33.972],[68.238,33.779],[68.517,33.65],[68.474,33.457],[68.551,33.457],[68.391,33.072],[67.629,32.365],[66.626,31.143],[66.549,31.143],[66.385,31.079],[65.901,31.336],[65.52,31.336],[65.544,31.465],[65.316,31.465],[64.747,31.272],[64.723,31.143],[64.507,31.208],[63.015,30.951],[62.734,31.079],[62.353,31.079],[62.083,31.272],[61.843,31.208],[61.648,31.4],[61.115,31.4],[61.039,31.4],[60.844,31.593],[60.881,32.236],[60.657,32.686],[60.693,32.879],[60.616,32.879],[60.688,33.264],[60.891,33.522],[60.596,33.586],[60.568,33.843],[60.492,33.843],[60.566,34.229],[60.823,34.358],[60.784,34.551],[61.054,34.744],[61.185,35.387],[61.316,35.645],[61.485,35.709],[61.581,36.16],[61.503,36.16],[61.538,36.675],[60.951,37.19],[60.966,37.255],[60.775,37.448],[60.804,37.577],[60.663,37.642],[60.736,37.964],[60.531,38.093],[60.561,38.222],[60.371,38.416],[60.431,38.674],[60.32,38.868],[60.414,39.256],[60.713,39.514],[60.792,39.514],[62.502,40.032],[62.879,39.967],[64.02,40.096],[64.389,40.291],[65.235,40.485],[65.272,40.614],[65.351,40.614],[65.37,40.679],[65.449,40.679],[65.43,40.614],[65.589,40.614],[65.804,40.809],[65.883,40.809],[65.564,39.967],[65.291,39.838],[65.203,39.514],[65.282,39.514],[65.065,38.997],[65.144,38.997],[65.077,38.739],[65.155,38.739],[65.138,38.674]]]]}},{"type":"Feature","id":"cliopatria-c5dd3661b39de99e2b5101a2","properties":{"NAME":"Judea","ABBREVN":null,"CONTROL":null,"SUBJECTO":"Judea","PARTOF":null,"BORDERPRECISION":1,"FromYear":-126,"ToYear":-111,"Area":14944.129056211914,"Type":"POLITY","Wikipedia":"Judea","Wikidata":"Q104028","SeshatID":"il_judea","Components":"","MemberOf":"","sourceFeatureId":"cliopatria-c5dd3661b39de99e2b5101a2","datasetId":"cliopatria"},"geometry":{"type":"MultiPolygon","coordinates":[[[[34.982,31.272],[34.977,31.208],[34.358,31.079],[34.297,31.272],[34.302,31.336],[34.46,31.4],[34.47,31.529],[34.781,31.593],[34.791,31.722],[34.563,31.722],[34.573,31.85],[34.813,31.979],[34.77,32.365],[34.917,32.3],[34.923,32.365],[35.316,32.493],[35.498,32.814],[35.787,32.622],[35.846,32.429],[35.828,32.236],[35.904,32.236],[35.766,31.529],[35.303,31.465],[35.135,31.272],[34.982,31.272]]]]}},{"type":"Feature","id":"cliopatria-ce1f1b48e7bf6cd4121ab89b","properties":{"NAME":"Kingdom of Armenia","ABBREVN":null,"CONTROL":null,"SUBJECTO":"Kingdom of Armenia","PARTOF":null,"BORDERPRECISION":1,"FromYear":-126,"ToYear":-111,"Area":224379.13934673683,"Type":"POLITY","Wikipedia":"Kingdom of Armenia (antiquity)","Wikidata":"Q208404","SeshatID":"","Components":"","MemberOf":"","sourceFeatureId":"cliopatria-ce1f1b48e7bf6cd4121ab89b","datasetId":"cliopatria"},"geometry":{"type":"MultiPolygon","coordinates":[[[[45.124,41.327],[45.259,41.198],[45.235,41.068],[45.473,41.068],[45.675,40.874],[45.492,40.744],[45.524,40.485],[46.493,40.161],[46.537,39.967],[46.774,39.967],[47.054,39.773],[47.381,39.838],[47.515,39.708],[48.304,39.708],[48.673,39.579],[48.806,39.45],[48.782,39.32],[48.928,39.256],[48.742,38.674],[48.821,38.674],[48.807,38.158],[48.795,38.093],[48.326,38.093],[47.252,38.674],[46.121,38.481],[45.854,38.287],[45.635,37.9],[45.224,37.771],[45.174,37.448],[45.252,37.448],[45.29,37.19],[45.446,37.19],[45.251,36.933],[44.803,37.062],[44.774,37.384],[44.637,37.513],[43.574,37.706],[41.961,37.9],[41.667,38.029],[40.572,38.029],[40.598,38.222],[40.52,38.222],[40.514,38.739],[40.658,39.191],[40.51,39.256],[40.478,39.579],[39.848,39.579],[39.751,39.45],[39.209,39.514],[38.954,39.385],[38.745,39.579],[38.93,39.773],[38.79,39.902],[40.398,40.096],[40.507,40.291],[40.754,40.355],[40.774,40.485],[40.567,40.679],[41.005,40.938],[40.995,40.874],[41.122,40.679],[41.36,40.679],[41.535,41.263],[42.25,41.263],[42.363,41.457],[42.295,41.522],[42.533,41.522],[42.556,41.652],[43.784,41.392],[44.034,41.457],[44.237,41.263],[45.044,41.327],[45.124,41.327]]],[[[47.066,39.838],[47.077,39.902],[47.156,39.902],[47.145,39.838],[47.066,39.838]]],[[[46.92,39.902],[46.931,39.967],[47.01,39.967],[46.999,39.902],[46.92,39.902]]]]}},{"type":"Feature","id":"cliopatria-c6d2f19dcd4bd8ccb82187af","properties":{"NAME":"Kingdom of Cappadocia","ABBREVN":null,"CONTROL":null,"SUBJECTO":"Kingdom of Cappadocia","PARTOF":null,"BORDERPRECISION":1,"FromYear":-126,"ToYear":-111,"Area":91786.98873207031,"Type":"POLITY","Wikipedia":"Kingdom of Cappadocia","Wikidata":"Q29654286","SeshatID":"","Components":"","MemberOf":"","sourceFeatureId":"cliopatria-c6d2f19dcd4bd8ccb82187af","datasetId":"cliopatria"},"geometry":{"type":"MultiPolygon","coordinates":[[[[38.752,39.062],[39.38,38.481],[39.181,38.158],[38.868,38.158],[38.658,38.351],[38.423,38.351],[38.312,38.093],[38.147,38.029],[37.764,38.093],[37.13,38.029],[37.115,37.9],[36.348,38.029],[35.998,37.706],[35.671,37.577],[35.054,37.642],[34.877,37.448],[34.565,37.448],[34.304,37.19],[33.434,37.062],[33.097,36.804],[32.864,36.804],[32.798,36.933],[32.758,37.319],[33.095,37.577],[33.128,37.9],[33.304,38.093],[33.267,38.481],[33.68,38.674],[34.479,38.803],[34.767,39.256],[34.726,39.579],[34.828,39.773],[35.294,39.708],[35.435,39.579],[36.933,39.579],[37.861,39.45],[38.752,39.062]]]]}},{"type":"Feature","id":"cliopatria-323bafecf1a023625c0c3c16","properties":{"NAME":"Kingdom of Pontus","ABBREVN":null,"CONTROL":null,"SUBJECTO":"Kingdom of Pontus","PARTOF":null,"BORDERPRECISION":1,"FromYear":-126,"ToYear":-111,"Area":210613.7312915356,"Type":"POLITY","Wikipedia":"Kingdom of Pontus","Wikidata":"Q7380487","SeshatID":"","Components":"","MemberOf":"","sourceFeatureId":"cliopatria-323bafecf1a023625c0c3c16","datasetId":"cliopatria"},"geometry":{"type":"MultiPolygon","coordinates":[[[[37.92,41.003],[37.999,41.003],[38.536,40.874],[39.21,41.133],[39.736,40.938],[40.37,40.938],[40.391,41.068],[40.539,41.003],[41.047,41.198],[41.238,41.392],[41.354,41.133],[41.084,40.938],[41.005,40.938],[40.567,40.679],[40.774,40.485],[40.754,40.355],[40.507,40.291],[40.398,40.096],[38.79,39.902],[38.93,39.773],[38.745,39.579],[38.954,39.385],[38.927,39.191],[38.752,39.062],[37.861,39.45],[36.933,39.579],[35.435,39.579],[35.294,39.708],[34.828,39.773],[34.726,39.579],[34.767,39.256],[34.479,38.803],[33.68,38.674],[33.267,38.481],[33.304,38.093],[33.128,37.9],[33.095,37.577],[32.758,37.319],[32.798,36.933],[32.553,36.804],[32.241,36.804],[31.972,37.255],[31.594,37.384],[31.6,37.448],[31.522,37.448],[31.216,37.513],[31.049,37.384],[30.737,37.384],[30.748,37.513],[30.531,37.706],[30.152,37.835],[30.247,38.029],[30.891,38.222],[30.988,38.416],[31.386,38.481],[31.443,39.062],[31.233,39.32],[31.378,39.967],[31.299,39.967],[31.306,40.032],[31.385,40.032],[31.464,40.032],[31.543,40.032],[31.622,40.032],[31.701,40.032],[31.708,40.096],[32.11,40.161],[32.297,40.42],[32.312,40.55],[32.161,40.614],[32.183,40.809],[32.103,40.809],[32.14,41.133],[32.307,41.198],[32.322,41.327],[32.114,41.587],[32.193,41.587],[32.695,41.782],[32.631,41.911],[34.785,41.911],[34.882,42.041],[35.121,42.041],[35.157,41.717],[35.954,41.717],[36.209,41.263],[36.775,41.327],[37.065,41.133],[37.233,41.198],[37.215,41.068],[37.444,41.003],[37.92,41.003]]]]}},{"type":"Feature","id":"cliopatria-48d00a515cf764554f4f7013","properties":{"NAME":"Minyue","ABBREVN":null,"CONTROL":null,"SUBJECTO":"Minyue","PARTOF":null,"BORDERPRECISION":1,"FromYear":-126,"ToYear":-111,"Area":268747.1698094785,"Type":"POLITY","Wikipedia":"Minyue","Wikidata":"Q1936158","SeshatID":"","Components":"","MemberOf":"","sourceFeatureId":"cliopatria-48d00a515cf764554f4f7013","datasetId":"cliopatria"},"geometry":{"type":"MultiPolygon","coordinates":[[[[119.645,26.065],[119.778,26.001],[119.53,25.615],[119.904,25.615],[119.872,25.486],[119.616,25.358],[119.273,25.486],[119.391,25.358],[119.344,25.165],[119.029,25.101],[119.074,24.972],[118.819,24.844],[118.76,24.586],[118.147,24.522],[118.076,24.201],[117.721,23.943],[117.694,23.815],[117.47,23.815],[117.179,23.493],[116.894,23.558],[116.78,23.365],[116.815,23.172],[116.591,23.172],[116.54,22.915],[115.696,22.786],[115.671,22.658],[115.373,22.658],[115.174,22.786],[114.902,22.529],[114.753,22.529],[114.703,22.658],[114.715,22.722],[114.902,22.915],[114.605,23.301],[114.631,23.429],[114.495,23.493],[114.526,24.008],[114.451,24.008],[114.465,24.072],[114.478,24.136],[114.492,24.201],[114.506,24.265],[114.519,24.329],[114.533,24.393],[114.781,25.486],[115.228,26.387],[114.961,26.515],[115.028,26.772],[114.953,26.772],[115.335,28.894],[115.259,28.894],[115.642,29.858],[115.804,30.115],[115.977,30.179],[116.129,30.179],[116.27,29.922],[116.53,29.794],[117.7,29.665],[117.808,29.537],[118.036,29.537],[118.165,28.765],[118.351,28.637],[118.291,28.444],[118.422,28.38],[118.494,27.865],[118.625,27.801],[118.877,26.837],[119.009,26.772],[119.137,26.129],[119.254,26.001],[119.57,26.065],[119.645,26.065]]]]}},{"type":"Feature","id":"cliopatria-0c54a2ad033b0dd0e910105c","properties":{"NAME":"Nanyue","ABBREVN":null,"CONTROL":null,"SUBJECTO":"Nanyue","PARTOF":null,"BORDERPRECISION":1,"FromYear":-126,"ToYear":-111,"Area":351447.67468188703,"Type":"POLITY","Wikipedia":"Nanyue","Wikidata":"Q827040","SeshatID":"","Components":"","MemberOf":"","sourceFeatureId":"cliopatria-0c54a2ad033b0dd0e910105c","datasetId":"cliopatria"},"geometry":{"type":"MultiPolygon","coordinates":[[[[114.451,24.008],[114.526,24.008],[114.495,23.493],[114.631,23.429],[114.605,23.301],[114.902,22.915],[114.715,22.722],[114.641,22.722],[114.531,22.143],[114.37,22.079],[113.999,22.079],[113.996,22.465],[113.785,22.529],[113.747,22.722],[113.599,22.722],[113.699,22.465],[113.639,22.143],[113.416,22.143],[113.318,22.015],[113.106,22.079],[113.071,21.886],[112.774,21.886],[112.441,21.693],[111.859,21.758],[111.664,21.501],[110.984,21.436],[110.739,21.308],[110.716,21.179],[110.419,21.179],[110.483,21.115],[110.364,20.858],[110.616,20.601],[110.487,20.279],[109.883,20.215],[109.927,20.472],[109.789,20.536],[109.77,20.858],[109.696,20.858],[109.87,21.436],[109.807,21.501],[109.116,21.372],[109.086,21.629],[108.652,21.693],[108.555,21.565],[107.79,21.436],[107.417,20.986],[106.961,20.922],[106.834,20.601],[106.685,20.601],[106.537,20.151],[105.965,19.829],[105.734,18.865],[106.051,18.543],[106.031,18.415],[106.178,18.415],[106.295,18.222],[106.57,18.093],[106.571,17.643],[106.772,17.515],[106.752,17.386],[107.026,17.258],[106.607,16.936],[106.396,17],[106.416,17.129],[105.144,18.415],[105.185,18.672],[105.037,18.672],[105.142,18.865],[105.015,18.993],[105.014,19.443],[104.94,19.443],[104.992,19.765],[104.865,19.893],[104.981,20.151],[104.44,20.472],[104.619,20.665],[104.905,20.601],[104.873,20.858],[105.096,20.858],[104.851,21.179],[104.979,21.501],[104.926,21.629],[105.096,21.758],[105.128,21.951],[104.863,22.143],[104.981,22.401],[105.141,22.465],[105.272,22.786],[105.764,23.043],[106.156,23.558],[106.466,23.622],[107.149,24.072],[109.379,24.393],[111.009,24.329],[111.022,24.393],[111.457,24.329],[112.109,24.586],[113.828,24.586],[114.533,24.393],[114.519,24.329],[114.506,24.265],[114.492,24.201],[114.478,24.136],[114.465,24.072],[114.451,24.008]]],[[[106.156,23.558],[106.082,23.558],[106.094,23.622],[106.168,23.622],[106.156,23.558]]]]}},{"type":"Feature","id":"cliopatria-99d34402cd8ae7f8227239fa","properties":{"NAME":"Parthian Empire","ABBREVN":null,"CONTROL":null,"SUBJECTO":"Parthian Empire","PARTOF":null,"BORDERPRECISION":1,"FromYear":-126,"ToYear":-111,"Area":1964601.374508118,"Type":"POLITY","Wikipedia":"Parthian Empire","Wikidata":"Q1986139","SeshatID":"ir_parthian_emp_1","Components":"","MemberOf":"","sourceFeatureId":"cliopatria-99d34402cd8ae7f8227239fa","datasetId":"cliopatria"},"geometry":{"type":"MultiPolygon","coordinates":[[[[51.138,25.486],[51.212,25.486],[51.207,25.422],[51.132,25.422],[51.138,25.486]]],[[[50.43,25.936],[50.46,26.258],[50.685,26.258],[50.673,26.129],[50.667,26.065],[50.649,25.872],[50.43,25.936]]],[[[58.332,40.42],[58.537,40.291],[58.854,40.291],[58.98,40.161],[59.77,40.161],[59.768,39.838],[60.084,39.838],[60.052,39.708],[60.683,39.708],[60.65,39.579],[60.729,39.579],[60.713,39.514],[60.414,39.256],[60.32,38.868],[60.431,38.674],[60.371,38.416],[60.561,38.222],[60.531,38.093],[60.736,37.964],[60.663,37.642],[60.804,37.577],[60.775,37.448],[60.966,37.255],[60.888,37.255],[60.873,37.19],[60.951,37.19],[61.538,36.675],[61.503,36.16],[61.581,36.16],[61.485,35.709],[61.316,35.645],[61.185,35.387],[61.054,34.744],[60.784,34.551],[60.823,34.358],[60.566,34.229],[60.492,33.843],[60.568,33.843],[60.596,33.586],[60.891,33.522],[60.688,33.264],[60.616,32.879],[60.693,32.879],[60.657,32.686],[60.881,32.236],[60.844,31.593],[61.039,31.4],[61.028,31.336],[59.693,30.629],[59.824,30.501],[59.75,29.022],[59.873,28.83],[59.77,28.637],[59.912,28.572],[59.876,28.315],[59.415,28.251],[59.388,28.058],[59.154,27.994],[58.911,27.287],[58.428,27.029],[58.405,26.837],[58.262,26.901],[57.773,26.579],[57.483,26.001],[57.529,25.744],[57.38,25.744],[57.176,25.936],[57.052,26.837],[56.715,27.158],[56.188,27.158],[56.098,27.029],[56.324,27.029],[56.309,26.901],[56.061,26.708],[55.289,26.515],[55.31,26.708],[55.543,26.772],[55.242,26.772],[54.989,26.515],[54.681,26.451],[54.259,26.708],[53.658,26.708],[53.461,26.965],[52.737,27.222],[52.479,27.608],[52.049,27.801],[51.453,27.865],[51.066,28.444],[51.028,28.765],[50.809,28.83],[50.915,29.087],[50.62,29.151],[50.651,29.408],[50.236,29.729],[50.065,30.179],[49.586,29.987],[48.943,30.308],[48.987,30.051],[48.904,29.987],[48.365,29.922],[48.404,29.601],[47.866,29.537],[47.852,29.408],[48.079,29.408],[48.215,29.279],[48.194,29.087],[48.46,28.765],[48.563,28.315],[48.974,27.93],[48.872,27.672],[49.242,27.608],[49.36,27.287],[50.135,26.772],[50.116,26.579],[50.254,26.451],[50.223,26.129],[50.067,26.065],[50.211,26.001],[50.325,25.615],[50.608,25.422],[50.654,25.101],[50.729,25.101],[50.769,25.551],[50.925,25.615],[50.955,25.936],[51.123,26.129],[51.423,26.129],[51.698,25.872],[51.575,25.358],[51.719,25.294],[51.69,24.972],[51.524,24.779],[51.411,24.329],[51.854,24.265],[51.907,24.008],[52.28,24.008],[52.6,24.265],[53.112,24.136],[54.083,24.136],[54.099,24.329],[54.318,24.265],[54.559,24.458],[54.744,24.844],[55.143,25.101],[55.412,25.551],[55.97,25.872],[56.168,26.322],[56.475,26.387],[56.543,26.322],[56.385,25.551],[56.46,25.551],[56.421,25.165],[56.496,25.165],[56.402,24.972],[56.545,24.908],[56.788,24.329],[57.493,23.879],[58.812,23.622],[59.08,23.301],[59.068,23.172],[59.28,23.043],[59.268,22.915],[58.896,22.915],[58.908,23.043],[58.61,23.043],[58.335,23.301],[57.962,23.301],[57.974,23.429],[57.83,23.493],[56.809,23.751],[56.821,23.879],[56.54,24.072],[56.489,24.329],[56.271,24.393],[56.29,24.586],[56.09,24.844],[55.859,24.779],[55.841,24.586],[55.623,24.651],[54.812,23.943],[54.273,23.751],[51.881,23.686],[51.822,23.879],[51.166,24.072],[51.102,24.201],[51.203,24.522],[51.133,24.586],[51.294,24.715],[51.327,25.101],[51.402,25.101],[51.27,25.294],[51.35,25.358],[51.323,25.872],[51.173,25.872],[51.23,25.679],[50.982,25.422],[50.965,25.229],[51.12,25.294],[50.92,24.715],[50.616,24.651],[50.344,24.972],[50.032,25.679],[49.674,25.872],[49.878,26.451],[49.252,26.965],[49.265,27.094],[49.059,27.287],[48.552,27.479],[48.467,28.122],[48.247,28.187],[48.206,28.508],[48.055,28.508],[48.144,28.637],[48,28.701],[48.014,28.83],[47.809,29.022],[47.651,28.958],[47.672,29.151],[47.535,29.279],[47.654,29.665],[47.29,29.794],[46.979,29.729],[46.994,29.858],[46.85,29.922],[46.615,29.858],[46.591,30.308],[45.77,30.436],[44.955,31.272],[44.581,31.336],[44.459,31.593],[43.153,32.814],[42.709,32.943],[42.364,33.264],[42.065,33.329],[41.788,33.586],[41.489,33.65],[41.212,33.907],[40.627,34.165],[40.55,34.165],[40.534,35.323],[40.611,35.323],[40.674,35.838],[40.862,36.095],[41.464,36.546],[42.111,36.739],[42.311,37.062],[42.554,37.126],[42.737,37.319],[43.283,37.319],[43.574,37.706],[44.637,37.513],[44.774,37.384],[44.803,37.062],[45.251,36.933],[45.446,37.19],[45.29,37.19],[45.252,37.448],[45.174,37.448],[45.224,37.771],[45.635,37.9],[45.854,38.287],[46.121,38.481],[47.252,38.674],[48.326,38.093],[48.795,38.093],[48.874,38.093],[48.829,37.835],[49.085,37.513],[49.854,37.448],[50.321,36.997],[50.566,37.062],[50.632,36.997],[50.532,36.868],[51.265,36.61],[52.186,36.546],[53.088,36.804],[54.033,36.868],[54.095,37.19],[53.91,37.448],[53.908,37.835],[53.83,37.835],[53.987,38.997],[53.518,39.385],[53.138,39.45],[53.545,39.514],[53.498,40.032],[52.723,40.096],[52.714,40.42],[52.793,40.42],[52.893,40.874],[52.972,40.874],[52.943,40.744],[53.34,40.744],[53.448,40.874],[53.404,40.679],[54.544,40.809],[56.655,40.355],[56.987,40.42],[56.956,40.291],[57.035,40.291],[57.241,40.161],[57.351,40.291],[58.332,40.42]]]]}},{"type":"Feature","id":"cliopatria-b68076eb82754e9b5720172c","properties":{"NAME":"Ptolemaic Kingdom","ABBREVN":null,"CONTROL":null,"SUBJECTO":"Ptolemaic Kingdom","PARTOF":null,"BORDERPRECISION":1,"FromYear":-126,"ToYear":-111,"Area":669317.8459527072,"Type":"POLITY","Wikipedia":"Ptolemaic Kingdom","Wikidata":"Q2320005","SeshatID":"eg_ptolemaic_k_2","Components":"","MemberOf":"","sourceFeatureId":"cliopatria-b68076eb82754e9b5720172c","datasetId":"cliopatria"},"geometry":{"type":"MultiPolygon","coordinates":[[[[23.98,32.043],[24.892,31.979],[25.112,31.786],[25.102,31.593],[25.248,31.465],[26.848,31.465],[27.297,31.336],[27.515,31.143],[28.496,31.015],[28.865,30.822],[29.397,30.822],[29.485,31.015],[29.633,30.951],[29.87,31.079],[29.802,31.208],[29.882,31.272],[30.339,31.272],[30.271,31.4],[30.352,31.465],[30.809,31.465],[30.966,31.529],[30.975,31.658],[31.203,31.658],[31.118,31.529],[31.266,31.465],[31.875,31.465],[31.781,31.208],[31.937,31.272],[32,31.079],[32.304,31.079],[32.237,31.208],[32.389,31.208],[32.532,31.079],[32.765,31.143],[32.832,31.015],[33.369,31.079],[33.445,31.079],[33.33,30.565],[33.075,30.179],[32.602,29.922],[32.526,29.922],[32.429,29.601],[32.639,29.344],[32.689,28.958],[32.836,28.894],[33.105,28.38],[33.609,27.994],[33.585,27.608],[33.799,27.415],[33.927,27.029],[34.073,26.965],[34.051,26.579],[34.197,26.515],[34.461,25.872],[34.608,25.808],[35.146,24.651],[35.86,24.008],[35.854,23.879],[35.559,23.943],[35.553,23.815],[35.108,23.879],[33.756,23.686],[33.682,23.686],[33.389,23.815],[32.041,23.686],[31.67,23.751],[30.537,23.365],[30.463,23.365],[30.395,23.558],[30.104,23.751],[30.109,23.879],[29.959,23.879],[29.673,24.201],[28.569,24.651],[28.289,25.165],[28.244,25.936],[28.345,26.579],[28.27,26.579],[28.154,27.351],[27.937,27.544],[27.711,27.544],[27.792,27.672],[27.43,27.994],[27.276,27.93],[27.285,28.122],[26.847,28.444],[25.883,28.83],[25.225,29.344],[24.922,29.344],[24.855,29.537],[24.406,29.665],[24.263,29.858],[23.667,30.115],[23.227,30.501],[22.848,30.501],[22.853,30.629],[21.951,30.886],[20.582,30.886],[19.957,30.308],[19.651,30.244],[19.572,30.115],[18.812,30.051],[18.894,30.308],[19.501,30.308],[20.122,30.758],[20.214,31.272],[19.996,31.593],[20.089,32.107],[20.017,32.236],[20.246,32.236],[20.331,32.493],[20.482,32.429],[20.563,32.557],[20.716,32.557],[20.644,32.686],[20.871,32.622],[21.108,32.814],[21.412,32.75],[21.57,32.879],[22.108,32.943],[23.089,32.622],[23.081,32.429],[23.231,32.365],[23.149,32.236],[23.903,32.043],[23.98,32.043]]],[[[34.387,35.709],[34.542,35.709],[34.529,35.58],[33.957,35.258],[34.087,35.001],[33.695,34.937],[33.523,34.744],[33.132,34.679],[33.044,34.551],[32.367,34.744],[32.229,34.937],[32.246,35.13],[32.555,35.13],[32.875,35.258],[32.887,35.387],[33.737,35.387],[34.31,35.709],[34.387,35.709]]]]}},{"type":"Feature","id":"cliopatria-320d4502d7bff6d1d64aafac","properties":{"NAME":"Roman Republic","ABBREVN":null,"CONTROL":null,"SUBJECTO":"Roman Republic","PARTOF":null,"BORDERPRECISION":1,"FromYear":-126,"ToYear":-111,"Area":1162467.483648005,"Type":"POLITY","Wikipedia":"Roman Republic","Wikidata":"Q175881","SeshatID":"it_roman_rep_3","Components":"","MemberOf":"","sourceFeatureId":"cliopatria-320d4502d7bff6d1d64aafac","datasetId":"cliopatria"},"geometry":{"type":"MultiPolygon","coordinates":[[[[11.006,35.387],[11.083,35.001],[10.851,34.937],[10.851,34.808],[10.081,34.293],[10.004,34.293],[9.386,34.808],[9.228,35.258],[8.917,35.516],[8.992,35.773],[8.837,35.838],[8.835,36.031],[8.678,36.224],[8.676,36.417],[8.908,36.546],[8.749,36.997],[8.826,36.997],[8.903,37.126],[9.059,37.062],[9.37,37.255],[9.759,37.319],[9.993,37.19],[10.227,37.255],[10.228,37.062],[10.305,37.062],[10.228,36.804],[10.462,36.739],[11.006,36.997],[11.006,36.804],[10.462,36.417],[10.54,36.353],[10.464,35.902],[10.851,35.709],[10.851,35.645],[11.083,35.58],[11.083,35.387],[11.006,35.387]]],[[[14.34,36.031],[14.417,36.031],[14.571,35.966],[14.568,35.773],[14.337,35.838],[14.34,36.031]]],[[[20.621,37.9],[20.699,37.9],[20.934,37.9],[20.922,37.642],[20.613,37.706],[20.621,37.9]]],[[[20.32,38.158],[20.328,38.351],[20.488,38.416],[20.566,38.416],[20.795,38.287],[20.786,38.093],[20.32,38.158]]],[[[2.718,41.911],[2.712,42.041],[2.869,42.106],[2.963,41.782],[2.573,41.587],[2.334,41.587],[2.107,41.327],[1.238,41.198],[0.696,40.938],[0.709,40.679],[0.248,40.42],[0.183,40.161],[-0.126,40.032],[-0.345,39.708],[-0.314,39.126],[0.099,38.739],[-0.661,38.287],[-0.803,38.029],[-0.705,37.642],[-1.709,37.448],[-1.623,37.319],[-1.857,37.319],[-2.062,36.804],[-2.532,36.868],[-2.68,36.739],[-4.469,36.739],[-4.689,36.546],[-5.228,36.482],[-5.288,36.224],[-5.662,36.031],[-5.831,36.224],[-6.064,36.224],[-6.33,36.675],[-6.35,36.933],[-6.588,36.997],[-6.842,37.255],[-7.465,37.255],[-7.455,37.126],[-7.678,36.997],[-8.701,37.126],[-9.001,36.997],[-8.897,37.577],[-8.819,37.577],[-8.823,38.481],[-9.209,38.416],[-9.233,38.674],[-9.384,38.61],[-9.553,38.739],[-9.572,38.933],[-9.427,39.062],[-9.387,39.45],[-9.157,39.514],[-9.104,39.773],[-9.025,39.773],[-8.925,40.355],[-8.846,40.355],[-8.872,40.614],[-8.727,40.744],[-8.914,41.782],[-8.668,41.717],[-8.356,41.782],[-8.29,41.911],[-7.253,41.911],[-7.186,42.041],[-6.461,41.976],[-5.841,42.171],[-3.115,42.041],[-2.965,42.171],[-2.18,42.366],[-2.114,42.561],[-1.949,42.496],[-1.482,42.691],[-1.491,42.821],[-1.331,42.821],[-1.259,42.951],[-0.938,42.951],[-0.685,42.756],[0.288,42.561],[0.455,42.431],[0.772,42.496],[0.859,42.366],[1.179,42.366],[1.182,42.301],[1.422,42.301],[1.997,41.976],[2.399,41.911],[2.718,41.911]]],[[[20.152,39.644],[20.149,39.579],[20.07,39.579],[20.073,39.644],[20.152,39.644]]],[[[9.823,40.355],[9.665,40.291],[9.747,39.644],[9.669,39.644],[9.593,39.126],[9.12,39.191],[8.966,38.868],[8.73,38.868],[8.336,38.997],[8.412,39.256],[8.333,39.256],[8.33,39.514],[8.409,39.514],[8.483,39.902],[8.325,39.967],[8.4,40.291],[8.321,40.291],[8.319,40.485],[8.16,40.55],[8.155,40.938],[8.552,40.874],[9.025,41.263],[9.104,41.263],[9.502,41.198],[9.822,40.744],[9.823,40.355]]],[[[15.806,44.777],[16.126,44.647],[16.517,44.255],[16.679,44.255],[16.912,43.994],[17.073,43.994],[17.149,43.863],[17.313,43.929],[17.386,43.733],[17.861,43.538],[18.344,43.538],[18.574,43.277],[18.738,43.342],[18.815,43.288],[18.818,43.342],[18.898,43.342],[18.895,43.277],[18.831,43.277],[19.204,43.017],[19.605,43.017],[19.522,42.951],[19.595,42.821],[20.236,42.821],[20.149,42.691],[20.309,42.691],[20.382,42.561],[20.626,42.626],[20.619,42.496],[21.08,42.171],[22.455,42.431],[22.442,42.236],[22.593,42.106],[22.753,42.106],[23.054,41.847],[23.448,41.782],[23.669,41.522],[24.719,41.717],[25.032,41.652],[25.202,41.782],[26.318,41.782],[26.825,42.106],[27.384,42.106],[27.464,42.106],[27.612,41.976],[27.931,41.976],[27.924,41.911],[28.004,41.911],[28.053,41.587],[28.218,41.652],[28.352,41.392],[28.976,41.263],[29.036,41.068],[27.527,41.068],[27.017,40.679],[26.921,40.485],[26.626,40.744],[26.14,40.614],[26.082,40.874],[25.849,40.938],[24.347,41.003],[24.011,40.744],[23.698,40.809],[23.685,40.614],[23.839,40.55],[23.737,40.226],[22.959,40.42],[22.892,40.614],[22.572,40.55],[22.544,40.096],[22.702,40.096],[22.611,39.902],[23.135,39.45],[22.816,39.385],[22.797,39.062],[22.958,39.126],[23.493,38.868],[23.332,38.803],[23.025,38.933],[22.936,38.739],[23.167,38.674],[23.313,38.481],[23.626,38.481],[23.563,38.739],[24.03,38.674],[24.179,38.545],[24.159,38.222],[23.936,38.416],[23.857,38.416],[23.305,38.351],[23.365,38.029],[23.286,38.029],[23.201,37.9],[23.044,37.9],[23.037,37.771],[23.108,37.642],[23.342,37.642],[23.402,37.319],[23.169,37.319],[23.176,37.448],[22.949,37.577],[22.714,37.577],[22.701,37.319],[22.853,37.255],[23.056,36.675],[22.833,36.868],[22.599,36.868],[22.512,36.675],[22.356,36.675],[22.22,37.062],[21.909,37.062],[21.899,36.868],[21.744,36.868],[21.681,37.19],[21.603,37.19],[21.697,37.513],[21.244,37.835],[21.416,38.158],[21.729,38.158],[21.738,38.351],[21.193,38.416],[20.974,38.739],[20.741,38.803],[20.911,39.062],[20.297,39.385],[20.155,39.708],[19.918,39.708],[19.912,39.579],[19.758,39.644],[19.764,39.773],[20,39.773],[20.009,39.967],[19.63,40.291],[19.471,40.291],[19.486,40.614],[19.249,40.614],[19.255,40.744],[19.498,40.874],[19.438,41.263],[19.523,41.392],[19.444,41.392],[19.53,41.522],[19.45,41.522],[19.542,41.782],[18.852,42.366],[18.143,42.626],[17.992,42.821],[17.593,42.886],[17.508,42.756],[17.516,42.951],[17.355,42.951],[17.365,43.212],[17.122,43.147],[17.051,43.407],[16.727,43.342],[16.734,43.538],[16.575,43.603],[15.927,43.472],[16.012,43.603],[15.857,43.798],[15.695,43.798],[15.619,43.929],[15.375,43.863],[15.459,43.994],[15.219,44.059],[15.147,44.385],[14.909,44.581],[14.919,44.973],[14.516,45.104],[14.603,45.366],[14.196,45.366],[14.189,45.039],[13.946,45.039],[13.943,44.908],[13.781,44.908],[13.706,45.235],[13.544,45.3],[13.547,45.497],[13.71,45.497],[13.715,45.759],[13.145,45.824],[13.06,45.628],[12.817,45.693],[12.652,45.562],[12.163,45.497],[12.16,45.17],[12.403,45.039],[12.4,44.777],[12.157,44.843],[12.154,44.451],[12.313,44.19],[12.873,43.798],[13.036,43.863],[13.034,43.733],[13.355,43.668],[13.673,43.407],[13.747,43.082],[13.985,42.951],[13.901,42.756],[14.056,42.496],[14.371,42.236],[14.531,42.236],[14.608,42.106],[14.769,42.171],[14.766,42.041],[14.924,41.976],[15.165,42.041],[15.241,41.911],[16.119,41.911],[16.115,41.782],[15.874,41.717],[15.944,41.392],[16.733,41.198],[17.436,40.874],[17.511,40.744],[17.981,40.614],[18.364,40.291],[18.436,40.096],[18.357,40.096],[18.349,39.902],[18.112,39.902],[17.813,40.355],[17.418,40.355],[17.345,40.55],[17.028,40.55],[16.868,40.485],[16.945,40.42],[16.862,40.291],[16.624,40.291],[16.697,40.096],[16.457,39.967],[16.447,39.644],[16.916,39.514],[17.07,39.385],[17.138,39.062],[16.502,38.803],[16.492,38.416],[15.933,37.964],[15.698,37.964],[15.624,38.158],[15.389,38.158],[15.066,37.642],[15.059,37.255],[15.214,37.19],[15.05,36.739],[14.661,36.739],[14.278,37.126],[13.578,37.255],[13.192,37.577],[12.49,37.706],[12.492,37.9],[12.65,38.093],[13.04,38.029],[13.12,38.158],[13.355,38.158],[13.665,37.964],[14.056,37.964],[15.862,38.287],[15.95,38.674],[16.265,38.739],[16.27,38.933],[16.117,39.062],[15.899,39.773],[15.666,39.902],[15.748,40.032],[15.432,40.032],[15.199,40.226],[15.041,40.226],[14.893,40.679],[14.418,40.679],[14.422,40.874],[14.105,40.874],[13.951,41.133],[13.792,41.133],[13.715,41.263],[13,41.327],[12.131,41.911],[12.132,42.041],[11.813,42.106],[11.655,42.366],[11.495,42.301],[11.415,42.431],[11.255,42.431],[11.176,42.626],[11.016,42.626],[11.016,42.821],[10.535,43.082],[10.374,43.668],[10.131,44.059],[9.889,43.994],[9.97,44.124],[9.727,44.124],[9.159,44.451],[8.593,44.451],[8.113,44.059],[8.026,44.451],[8.343,44.908],[8.419,45.3],[8.581,45.366],[8.579,45.497],[8.904,45.628],[10.534,45.628],[10.86,45.497],[11.511,45.497],[12.082,45.628],[12.41,45.824],[12.412,45.955],[12.575,45.955],[12.905,46.218],[13.641,46.218],[13.802,46.087],[14.948,46.152],[14.945,46.021],[15.27,45.955],[15.268,45.89],[15.991,45.497],[15.907,45.431],[15.982,45.235],[15.82,45.235],[15.806,44.777]]],[[[9.578,41.976],[9.498,41.976],[9.499,41.782],[9.262,41.392],[9.104,41.327],[8.784,41.522],[8.782,41.717],[8.623,41.717],[8.7,41.911],[8.539,42.106],[8.535,42.496],[8.773,42.691],[9.173,42.756],[9.251,43.017],[9.331,43.017],[9.492,43.017],[9.493,42.756],[9.574,42.756],[9.578,41.976]]],[[[10.134,42.886],[10.214,42.886],[10.455,42.886],[10.455,42.691],[10.215,42.691],[10.134,42.886]]],[[[-0.858,42.951],[-0.938,42.951],[-0.942,43.017],[-0.862,43.017],[-0.858,42.951]]],[[[14.269,44.973],[14.35,44.973],[14.511,44.908],[14.502,44.516],[14.261,44.581],[14.269,44.973]]],[[[27.743,35.902],[27.693,36.288],[28.017,36.482],[28.095,36.482],[28.25,36.482],[28.139,36.031],[27.743,35.902]]],[[[22.887,36.417],[22.965,36.417],[23.117,36.353],[23.107,36.16],[22.874,36.16],[22.887,36.417]]],[[[27.117,36.933],[27.185,36.804],[26.865,36.675],[27.039,36.933],[27.117,36.933]]],[[[25.331,36.997],[25.339,37.126],[25.417,37.126],[25.573,37.126],[25.564,36.997],[25.331,36.997]]],[[[24.283,37.706],[24.361,37.706],[24.432,37.577],[24.272,37.513],[24.201,37.642],[24.283,37.706]]],[[[24.986,37.706],[25.064,37.706],[25.22,37.706],[25.286,37.513],[25.052,37.513],[24.986,37.706]]],[[[25.988,37.513],[26.08,37.706],[26.158,37.706],[26.314,37.706],[26.305,37.577],[25.988,37.513]]],[[[24.694,38.029],[24.772,38.029],[25.068,37.771],[24.83,37.706],[24.682,37.835],[24.694,38.029]]],[[[28.493,40.355],[28.572,40.355],[28.651,40.355],[28.73,40.355],[28.955,40.226],[29.35,40.226],[29.455,40.485],[29.936,40.55],[29.923,40.42],[30.068,40.291],[30.457,40.226],[30.602,40.096],[30.589,39.967],[31.299,39.967],[31.378,39.967],[31.233,39.32],[31.443,39.062],[31.386,38.481],[30.988,38.416],[30.891,38.222],[30.247,38.029],[30.152,37.835],[30.531,37.706],[30.748,37.513],[30.737,37.384],[31.049,37.384],[31.216,37.513],[31.522,37.448],[31.516,37.384],[31.594,37.384],[31.972,37.255],[32.241,36.804],[31.769,36.739],[31.691,36.739],[31.086,36.933],[30.619,36.933],[30.492,36.353],[30.026,36.353],[29.938,36.224],[29.24,36.224],[29.125,36.739],[28.357,36.868],[28.187,36.675],[28.031,36.675],[28.138,37.062],[28.065,37.126],[27.598,37.126],[27.539,37.384],[27.223,37.319],[27.31,37.448],[27.163,37.577],[27.256,37.771],[27.178,37.771],[27.275,38.029],[26.889,38.093],[26.82,38.222],[26.429,38.222],[26.453,38.545],[26.374,38.545],[26.462,38.674],[26.595,38.351],[27.065,38.351],[27.08,38.545],[26.849,38.61],[26.958,38.997],[26.879,38.997],[26.894,39.191],[26.742,39.256],[26.847,39.579],[26.132,39.514],[26.168,39.967],[26.247,39.967],[26.272,40.291],[26.605,40.485],[26.684,40.485],[26.673,40.355],[27.47,40.42],[27.617,40.291],[27.696,40.291],[28.17,40.291],[28.182,40.42],[28.261,40.42],[28.34,40.42],[28.334,40.355],[28.413,40.355],[28.493,40.355]]],[[[25.899,38.481],[25.821,38.481],[25.913,38.674],[25.991,38.674],[26.217,38.545],[26.111,38.158],[25.876,38.158],[25.899,38.481]]],[[[23.567,38.803],[23.563,38.739],[23.485,38.739],[23.489,38.803],[23.567,38.803]]],[[[24.365,38.997],[24.444,38.997],[24.675,38.933],[24.662,38.739],[24.357,38.868],[24.365,38.997]]],[[[25.067,40.032],[25.146,40.032],[25.462,40.032],[25.447,39.838],[24.974,39.838],[25.067,40.032]]]]}},{"type":"Feature","id":"cliopatria-595f7548a0c2731ee584bf75","properties":{"NAME":"Seleucid Empire","ABBREVN":null,"CONTROL":null,"SUBJECTO":"Seleucid Empire","PARTOF":null,"BORDERPRECISION":1,"FromYear":-126,"ToYear":-111,"Area":222679.04398874624,"Type":"POLITY","Wikipedia":"Seleucid dynasty","Wikidata":"Q705904","SeshatID":"ir_seleucid_emp","Components":"","MemberOf":"","sourceFeatureId":"cliopatria-595f7548a0c2731ee584bf75","datasetId":"cliopatria"},"geometry":{"type":"MultiPolygon","coordinates":[[[[41.961,37.9],[43.574,37.706],[43.283,37.319],[42.737,37.319],[42.554,37.126],[42.311,37.062],[42.111,36.739],[41.464,36.546],[40.862,36.095],[40.674,35.838],[40.611,35.323],[40.534,35.323],[40.55,34.165],[40.473,34.165],[40.311,34.1],[40.403,34.229],[39.509,34.486],[39.124,34.486],[38.479,34.229],[37.073,33.264],[37.054,33.072],[36.901,33.072],[36.812,32.943],[36.698,32.557],[36.692,32.493],[36.552,32.622],[36.322,32.622],[35.846,32.429],[35.787,32.622],[35.498,32.814],[35.316,32.493],[34.923,32.365],[34.846,32.365],[34.863,32.557],[35.022,32.622],[35.056,33.007],[35.215,33.072],[35.398,33.393],[35.346,33.65],[35.499,33.65],[35.447,33.907],[35.684,33.972],[35.644,34.358],[35.792,34.293],[36.049,34.551],[36.068,34.744],[35.927,34.872],[35.96,35.194],[35.882,35.194],[35.993,35.516],[35.845,35.58],[35.99,36.224],[35.842,36.288],[36.265,36.61],[36.286,36.804],[36.145,36.933],[36.06,36.868],[35.982,36.868],[35.996,36.997],[36.159,37.062],[37.198,36.61],[37.523,36.739],[37.601,36.739],[38.161,36.868],[38.176,36.997],[37.958,37.126],[37.989,37.384],[37.638,37.706],[37.764,38.093],[38.147,38.029],[38.312,38.093],[38.423,38.351],[38.658,38.351],[38.868,38.158],[39.181,38.158],[39.38,38.481],[40.137,38.287],[40.216,38.287],[40.294,38.287],[40.372,38.287],[40.451,38.287],[40.442,38.222],[40.52,38.222],[40.598,38.222],[40.572,38.029],[41.667,38.029],[41.961,37.9]]]]}},{"type":"Feature","id":"cliopatria-323004d4880a43b1f3835662","properties":{"NAME":"Xiongnu","ABBREVN":null,"CONTROL":null,"SUBJECTO":"Xiongnu","PARTOF":null,"BORDERPRECISION":1,"FromYear":-126,"ToYear":-111,"Area":5590684.119511315,"Type":"POLITY","Wikipedia":"Xiongnu","Wikidata":"Q188836","SeshatID":"mn_hunnu_emp","Components":"","MemberOf":"","sourceFeatureId":"cliopatria-323004d4880a43b1f3835662","datasetId":"cliopatria"},"geometry":{"type":"MultiPolygon","coordinates":[[[[98.836,54.071],[100.48,54.071],[100.43,54.003],[101.763,53.935],[101.712,53.868],[104.34,53.462],[104.289,53.395],[104.962,53.26],[104.911,53.192],[105.083,53.192],[105.032,53.125],[106.408,52.788],[105.915,52.586],[105.265,52.049],[104.44,51.848],[103.845,51.848],[103.572,51.58],[104.118,51.513],[104.072,51.447],[104.834,51.447],[105.74,51.647],[106.006,51.781],[106.398,52.318],[106.825,52.318],[106.925,52.452],[107.096,52.452],[107.045,52.385],[107.216,52.385],[107.166,52.318],[107.627,52.25],[107.577,52.183],[107.953,52.116],[107.903,52.049],[108.073,52.049],[108.024,51.982],[109.234,51.781],[109.184,51.714],[109.404,51.781],[109.389,51.647],[109.778,51.714],[109.678,51.58],[110.018,51.58],[109.968,51.513],[110.511,51.447],[110.461,51.38],[113.916,51.246],[113.865,51.179],[115.823,50.979],[115.772,50.912],[116.11,50.912],[116.058,50.845],[116.597,50.779],[116.546,50.712],[116.799,50.712],[116.748,50.645],[118.343,50.313],[118.292,50.246],[118.544,50.246],[118.493,50.179],[118.829,50.179],[118.778,50.113],[119.147,50.046],[119.096,49.98],[119.582,49.847],[119.531,49.781],[119.699,49.781],[119.648,49.714],[119.899,49.714],[121.096,50.179],[121.044,50.113],[121.296,50.113],[121.244,50.046],[121.495,50.046],[121.444,49.98],[121.611,49.98],[121.56,49.914],[122.61,49.648],[122.558,49.582],[122.725,49.582],[122.674,49.515],[123.723,49.25],[123.672,49.184],[124.237,49.051],[124.186,48.985],[124.57,49.051],[124.52,48.985],[124.686,48.985],[124.635,48.919],[124.834,48.853],[124.784,48.787],[125.033,48.787],[124.983,48.72],[125.348,48.654],[125.298,48.588],[125.58,48.522],[125.53,48.456],[125.779,48.456],[125.729,48.39],[125.895,48.39],[125.845,48.324],[126.094,48.324],[126.044,48.258],[126.209,48.258],[126.16,48.192],[126.408,48.192],[126.358,48.126],[126.524,48.126],[126.474,48.06],[126.723,48.06],[126.673,47.994],[126.838,47.994],[126.789,47.928],[127.351,47.796],[127.302,47.73],[127.583,47.664],[127.534,47.598],[127.781,47.598],[127.732,47.532],[127.897,47.532],[127.848,47.466],[128.095,47.466],[128.046,47.401],[128.211,47.401],[128.162,47.335],[128.409,47.335],[128.36,47.269],[128.525,47.269],[128.476,47.203],[128.723,47.203],[128.674,47.137],[128.838,47.137],[128.789,47.072],[129.036,47.072],[128.987,47.006],[129.152,47.006],[129.103,46.94],[129.349,46.94],[129.301,46.874],[129.58,46.809],[129.532,46.743],[129.893,46.677],[129.782,46.415],[129.864,46.415],[129.74,46.021],[129.821,46.021],[129.631,45.759],[128.434,44.647],[128.242,44.255],[127.991,44.124],[125.676,41.717],[125.553,41.392],[125.513,41.327],[124.837,41.133],[124.412,40.291],[123.797,39.773],[123.718,39.773],[123.597,39.838],[122.936,39.644],[122.17,39.256],[121.952,38.997],[121.716,38.997],[121.422,38.739],[121.029,38.739],[121.201,39.062],[121.515,39.062],[121.69,39.385],[121.297,39.385],[121.21,39.514],[121.281,39.644],[121.438,39.644],[121.503,39.902],[121.776,39.967],[122.231,40.485],[122.106,40.679],[121.827,40.744],[121.824,40.874],[121.189,40.874],[121.11,40.874],[120.986,41.068],[121.021,41.263],[120.862,41.263],[118.979,40.614],[117.453,40.291],[117.109,40.096],[116.102,39.838],[115.55,39.838],[115.45,40.096],[115.292,40.096],[115.159,40.291],[114.448,40.291],[114.482,40.355],[114.008,40.355],[114.042,40.42],[112.787,40.291],[112.821,40.355],[111.872,40.355],[111.906,40.42],[110.56,40.42],[109.736,40.355],[108.197,39.967],[107.709,39.45],[107.286,38.545],[107.443,38.545],[107.511,38.351],[107.903,38.351],[108.099,38.093],[108.745,37.964],[108.942,37.706],[109.176,37.706],[109.275,37.577],[109.126,37.062],[108.754,36.739],[108.302,36.031],[107.267,35.773],[106.7,35.516],[106.493,35.58],[106.185,35.387],[105.259,35.194],[105.284,35.258],[105.951,35.773],[105.847,35.902],[106.08,36.288],[106.029,36.353],[104.166,36.739],[102.871,37.19],[102.611,37.126],[102.586,37.255],[102.119,37.448],[102.096,37.771],[101.755,37.513],[101.601,37.706],[101.315,37.771],[101.29,37.9],[100.796,38.029],[100.799,38.222],[100.642,38.222],[100.414,38.61],[100.199,38.287],[99.862,38.416],[99.379,39.126],[99.092,39.191],[99.12,39.256],[98.958,39.062],[98.384,39.191],[98.117,38.933],[97.96,38.933],[97.857,39.062],[97.492,39.126],[97.468,39.256],[96.763,39.45],[96.681,39.256],[96.76,39.256],[96.678,39.062],[96.757,39.062],[96.677,38.868],[96.755,38.868],[96.649,38.61],[96.414,38.61],[96.31,38.739],[95.682,38.933],[95.319,39.385],[94.977,39.32],[94.506,39.514],[92.852,39.32],[92.196,39.45],[89.175,39.579],[87.487,39.902],[85.514,39.902],[85.228,39.773],[82.881,39.385],[82.082,39.126],[79.859,39.062],[79.373,39.256],[79.059,39.256],[78.888,39.45],[78.73,39.45],[78.275,39.967],[78.117,39.967],[77.969,40.226],[77.811,40.226],[77.291,41.003],[77.211,41.003],[77.374,41.457],[76.976,41.457],[76.704,41.587],[76.671,41.717],[76.798,41.847],[76.24,41.847],[76.207,41.976],[76.334,42.106],[76.198,42.171],[76.214,42.431],[75.758,42.496],[75.878,42.821],[75.71,43.017],[75.196,43.147],[75.261,43.538],[74.875,43.798],[75.054,44.059],[74.506,44.32],[74.556,44.451],[74.387,44.647],[74.031,44.777],[74.049,45.039],[74.13,45.039],[74.255,45.366],[74.117,45.431],[74.319,45.955],[74.753,46.021],[74.881,46.349],[75.317,46.415],[75.451,46.546],[77.391,46.48],[77.364,46.415],[77.829,46.349],[77.802,46.283],[78.975,46.349],[79.086,46.612],[79.25,46.612],[79.28,46.874],[78.43,46.809],[78.266,46.612],[77.883,46.677],[77.91,46.743],[76.734,46.677],[76.761,46.743],[76.351,46.743],[76.323,46.874],[74.407,46.809],[74.808,47.598],[76.416,48.853],[77.32,49.383],[77.381,49.515],[77.86,49.648],[78.866,50.179],[79.784,50.845],[80.359,50.979],[80.412,51.246],[81.506,51.714],[87.647,53.327],[88.977,53.53],[89.063,53.665],[89.451,53.597],[91.437,53.868],[93.941,53.868],[95.377,54.071],[98.75,54.071],[98.836,54.071]]],[[[109.524,51.714],[109.439,51.714],[109.489,51.781],[109.574,51.781],[109.524,51.714]]]]}},{"type":"Feature","id":"cliopatria-ed34eaf367327cbb2b0dd82c","properties":{"NAME":"Yuezhi","ABBREVN":null,"CONTROL":null,"SUBJECTO":"Yuezhi","PARTOF":null,"BORDERPRECISION":1,"FromYear":-126,"ToYear":-111,"Area":571470.7452963892,"Type":"POLITY","Wikipedia":"Yuezhi","Wikidata":"Q467985","SeshatID":"af_tocharian","Components":"","MemberOf":"","sourceFeatureId":"cliopatria-ed34eaf367327cbb2b0dd82c","datasetId":"cliopatria"},"geometry":{"type":"MultiPolygon","coordinates":[[[[75.267,40.42],[74.893,40.485],[74.749,40.291],[73.933,39.967],[73.868,39.514],[73.69,39.45],[73.63,39.256],[73.748,39.126],[73.494,38.545],[72.663,37.835],[72.398,37.448],[71.825,37.062],[71.216,36.224],[71.044,36.16],[70.967,36.16],[70.023,36.417],[70.012,36.675],[69.406,36.739],[69.328,36.739],[68.457,36.675],[68.269,36.546],[67.787,36.482],[67.524,36.675],[66.762,36.739],[66.36,36.031],[66.226,35.451],[66.385,35.13],[66.293,35.065],[66.327,34.872],[66.529,34.744],[66.5,34.615],[66.626,34.486],[66.458,34.422],[66.038,34.615],[66.066,34.744],[65.926,34.808],[65.618,34.808],[65.415,34.937],[65.092,34.872],[64.854,35.194],[64.829,35.773],[64.751,35.773],[64.839,36.16],[64.761,36.16],[65.138,38.674],[65.155,38.739],[65.077,38.739],[65.144,38.997],[65.065,38.997],[65.282,39.514],[65.203,39.514],[65.291,39.838],[65.564,39.967],[65.883,40.809],[65.962,40.809],[66.653,41.263],[66.891,41.263],[67.547,41.587],[68.686,41.911],[70.708,42.236],[71.183,42.691],[71.731,43.798],[72.209,44.451],[73.246,45.497],[73.742,45.3],[73.911,45.104],[73.862,44.973],[73.968,45.039],[74.049,45.039],[74.031,44.777],[74.387,44.647],[74.556,44.451],[74.506,44.32],[75.054,44.059],[74.875,43.798],[75.261,43.538],[75.196,43.147],[75.71,43.017],[75.878,42.821],[75.758,42.496],[76.214,42.431],[76.198,42.171],[76.334,42.106],[76.207,41.976],[76.24,41.847],[76.798,41.847],[76.671,41.717],[76.704,41.587],[76.976,41.457],[77.374,41.457],[77.211,41.003],[77.132,41.003],[75.852,40.744],[75.267,40.42]]]]}},{"type":"Feature","id":"cliopatria-541c7679321e33890df60640","properties":{"NAME":"Kingdom of Bithynia","ABBREVN":null,"CONTROL":null,"SUBJECTO":"Kingdom of Bithynia","PARTOF":null,"BORDERPRECISION":1,"FromYear":-126,"ToYear":-92,"Area":29902.828230498835,"Type":"POLITY","Wikipedia":"Kingdom of Bithynia","Wikidata":"Q3762571","SeshatID":"","Components":"","MemberOf":"","sourceFeatureId":"cliopatria-541c7679321e33890df60640","datasetId":"cliopatria"},"geometry":{"type":"MultiPolygon","coordinates":[[[[31.708,40.096],[31.701,40.032],[31.622,40.032],[31.543,40.032],[31.464,40.032],[31.385,40.032],[31.306,40.032],[31.299,39.967],[30.589,39.967],[30.602,40.096],[30.457,40.226],[30.068,40.291],[29.923,40.42],[29.936,40.55],[29.455,40.485],[29.35,40.226],[28.955,40.226],[28.73,40.355],[28.809,40.355],[29.046,40.355],[28.9,40.485],[28.913,40.614],[29.48,40.744],[29.493,40.874],[29.249,40.809],[29.367,41.198],[30.479,41.198],[30.624,41.068],[31.18,41.068],[31.353,41.198],[31.592,41.198],[31.701,41.457],[32.027,41.522],[32.121,41.652],[32.114,41.587],[32.322,41.327],[32.307,41.198],[32.14,41.133],[32.103,40.809],[32.183,40.809],[32.161,40.614],[32.312,40.55],[32.297,40.42],[32.11,40.161],[31.708,40.096]]]]}},{"type":"Feature","id":"cliopatria-234318fe8aea7585e796c23a","properties":{"NAME":"Nabataeans","ABBREVN":null,"CONTROL":null,"SUBJECTO":"Nabataeans","PARTOF":null,"BORDERPRECISION":1,"FromYear":-126,"ToYear":-92,"Area":126351.3264194833,"Type":"POLITY","Wikipedia":"Nabataeans","Wikidata":"Q220594","SeshatID":"jo_nabataean_k","Components":"","MemberOf":"","sourceFeatureId":"cliopatria-234318fe8aea7585e796c23a","datasetId":"cliopatria"},"geometry":{"type":"MultiPolygon","coordinates":[[[[37.07,26.837],[37.075,26.901],[37.15,26.901],[37.146,26.837],[37.07,26.837]]],[[[38.056,26.965],[38.06,27.029],[38.135,27.029],[38.131,26.965],[38.056,26.965]]],[[[37.839,27.094],[37.844,27.158],[37.919,27.158],[37.914,27.094],[37.839,27.094]]],[[[36.401,30.951],[36.156,30.758],[35.942,29.987],[35.866,29.987],[35.826,29.472],[35.958,29.215],[35.858,28.894],[36.401,28.058],[36.552,28.058],[36.689,27.865],[37.127,27.672],[37.26,27.415],[37.481,27.351],[37.472,27.222],[37.769,27.158],[38.051,26.901],[38.206,26.965],[38.268,26.772],[38.493,26.772],[38.409,26.644],[38.696,26.451],[38.692,26.387],[38.467,26.387],[38.229,26.194],[38.154,26.194],[38.163,26.322],[37.95,26.515],[37.654,26.579],[37.154,26.965],[37,26.901],[37.017,27.158],[36.508,27.415],[36.37,27.608],[35.706,27.801],[35.4,27.737],[35.409,27.865],[35.049,28.122],[34.593,28.058],[34.605,28.251],[34.854,28.572],[34.913,29.408],[34.752,29.279],[34.711,28.701],[34.547,28.508],[34.517,28.058],[34.358,27.93],[34.346,27.737],[33.902,27.865],[33.554,28.315],[33.403,28.315],[33.189,28.508],[33.214,28.894],[32.857,29.215],[32.597,29.858],[32.602,29.922],[33.075,30.179],[33.33,30.565],[33.445,31.079],[33.521,31.079],[34.221,31.272],[34.297,31.272],[34.358,31.079],[34.977,31.208],[34.982,31.272],[35.135,31.272],[35.303,31.465],[35.766,31.529],[35.904,32.236],[35.828,32.236],[35.846,32.429],[36.322,32.622],[36.552,32.622],[36.692,32.493],[36.686,32.429],[36.751,32.3],[36.516,32.236],[36.656,32.107],[36.492,31.979],[36.463,31.658],[36.387,31.658],[36.423,31.208],[36.271,31.208],[36.26,31.079],[36.336,31.079],[36.401,30.951]]]]}},{"type":"Feature","id":"cliopatria-c94dbb695ae0df1ffb37d3e4","properties":{"NAME":"Cyrenaica","ABBREVN":null,"CONTROL":null,"SUBJECTO":"Cyrenaica","PARTOF":null,"BORDERPRECISION":1,"FromYear":-110,"ToYear":-92,"Area":116347.92035494428,"Type":"POLITY","Wikipedia":"Cyrenaica","Wikidata":"Q165198","SeshatID":"","Components":"","MemberOf":"","sourceFeatureId":"cliopatria-c94dbb695ae0df1ffb37d3e4","datasetId":"cliopatria"},"geometry":{"type":"MultiPolygon","coordinates":[[[[23.906,32.107],[24.129,31.979],[24.892,31.979],[25.112,31.786],[25.105,31.658],[25.102,31.593],[24.864,31.4],[24.983,30.694],[24.743,30.436],[24.72,29.922],[24.863,29.729],[24.852,29.472],[24.776,29.472],[23.962,29.922],[23.51,29.987],[22.916,30.308],[22.762,30.244],[22.767,30.372],[21.939,30.565],[20.952,30.565],[19.651,30.244],[19.496,30.115],[18.812,30.051],[18.894,30.308],[19.501,30.308],[20.122,30.758],[20.214,31.272],[19.996,31.593],[20.089,32.107],[20.017,32.236],[20.246,32.236],[20.331,32.493],[20.482,32.429],[20.563,32.557],[20.716,32.557],[20.644,32.686],[20.871,32.622],[21.108,32.814],[21.412,32.75],[21.57,32.879],[22.108,32.943],[23.089,32.622],[23.149,32.236],[23.83,32.107],[23.906,32.107]]]]}},{"type":"Feature","id":"cliopatria-4f3d16ac80dd7e4cef586b5f","properties":{"NAME":"Gojoseon","ABBREVN":null,"CONTROL":null,"SUBJECTO":"Gojoseon","PARTOF":null,"BORDERPRECISION":1,"FromYear":-110,"ToYear":-92,"Area":81320.22993811648,"Type":"POLITY","Wikipedia":"Gojoseon","Wikidata":"Q28405","SeshatID":"","Components":"","MemberOf":"","sourceFeatureId":"cliopatria-4f3d16ac80dd7e4cef586b5f","datasetId":"cliopatria"},"geometry":{"type":"MultiPolygon","coordinates":[[[[127.376,40.744],[127.336,40.679],[127.653,40.679],[127.574,40.42],[127.654,40.291],[127.931,40.226],[128.052,40.032],[127.545,39.708],[127.665,39.644],[127.441,39.256],[127.798,39.191],[127.761,39.126],[127.18,38.933],[126.902,38.287],[126.348,37.835],[126.27,37.835],[125.845,37.771],[125.835,37.9],[125.678,37.9],[125.387,37.642],[125.231,37.642],[125.298,37.771],[125.209,37.9],[124.897,37.9],[125.077,38.093],[124.764,38.093],[124.866,38.287],[124.788,38.287],[124.961,38.61],[125.153,38.674],[125.189,38.739],[125.032,38.739],[125.39,39.385],[125.306,39.514],[124.87,39.579],[124.865,39.708],[124.512,39.644],[124.345,39.902],[123.876,39.773],[123.797,39.773],[124.412,40.291],[124.837,41.133],[124.916,41.133],[125.553,41.392],[125.513,41.327],[126.108,41.263],[126.068,41.198],[126.347,41.263],[126.266,41.133],[126.425,41.133],[126.385,41.068],[126.901,41.003],[126.861,40.938],[127.297,40.874],[127.376,40.744]]]]}},{"type":"Feature","id":"cliopatria-860a32a7bbab9fd51af18845","properties":{"NAME":"Greek City-States","ABBREVN":null,"CONTROL":null,"SUBJECTO":"Greek City-States","PARTOF":null,"BORDERPRECISION":1,"FromYear":-110,"ToYear":-92,"Area":89140.91178110256,"Type":"POLITY","Wikipedia":"Polis","Wikidata":"Q148837","SeshatID":"","Components":"","MemberOf":"","sourceFeatureId":"cliopatria-860a32a7bbab9fd51af18845","datasetId":"cliopatria"},"geometry":{"type":"MultiPolygon","coordinates":[[[[23.615,35.516],[24.157,35.516],[24.15,35.387],[24.301,35.323],[25.692,35.323],[25.681,35.13],[26.225,35.194],[26.14,35.065],[24.824,35.001],[24.757,35.194],[24.526,35.194],[24.448,35.194],[23.679,35.258],[23.615,35.516]]],[[[23.443,38.029],[23.365,38.029],[23.305,38.351],[23.857,38.416],[23.853,38.351],[24.084,38.287],[23.979,37.835],[23.443,38.029]]],[[[26.246,38.933],[26.094,38.997],[26.103,39.126],[25.793,39.191],[26.044,39.385],[26.123,39.385],[26.511,39.32],[26.644,38.997],[26.246,38.933]]],[[[25.704,40.096],[25.719,40.291],[25.798,40.291],[26.035,40.291],[26.025,40.161],[25.704,40.096]]],[[[28.018,40.355],[28.097,40.355],[28.103,40.42],[28.182,40.42],[28.17,40.291],[27.696,40.291],[27.701,40.355],[27.781,40.355],[27.786,40.42],[27.792,40.485],[27.871,40.485],[27.95,40.485],[27.945,40.42],[27.939,40.355],[28.018,40.355]]],[[[24.551,40.55],[24.491,40.809],[24.57,40.809],[24.808,40.809],[24.794,40.614],[24.551,40.55]]],[[[5.059,43.603],[5.381,43.603],[5.552,43.277],[5.471,43.277],[5.391,43.277],[5.389,43.342],[5.387,43.407],[5.306,43.407],[5.226,43.407],[5.146,43.407],[5.065,43.407],[5.063,43.472],[5.059,43.603]]],[[[27.937,42.041],[27.931,41.976],[27.612,41.976],[27.464,42.106],[27.47,42.171],[27.175,42.431],[27.193,42.626],[27.366,42.756],[27.298,42.886],[27.458,42.886],[27.657,43.277],[27.998,43.472],[28.119,43.863],[28.3,44.059],[28.341,44.451],[28.422,44.451],[28.368,44.712],[28.64,44.973],[28.802,44.973],[28.841,44.581],[28.577,44.385],[28.536,43.994],[28.616,43.994],[28.481,43.472],[28.159,43.472],[28.226,43.342],[27.898,43.277],[27.805,43.147],[27.853,42.821],[27.847,42.756],[27.514,42.626],[27.495,42.431],[27.937,42.041]]],[[[35.996,36.997],[35.982,36.868],[35.904,36.868],[35.834,36.933],[35.488,36.61],[35.332,36.61],[35.113,36.739],[34.95,36.675],[34.893,36.868],[34.582,36.868],[34.251,36.675],[33.979,36.288],[33.274,36.224],[32.713,36.031],[32.558,36.031],[32.499,36.224],[32.068,36.61],[31.763,36.675],[31.769,36.739],[32.241,36.804],[32.553,36.804],[32.798,36.933],[32.864,36.804],[33.097,36.804],[33.434,37.062],[34.304,37.19],[34.565,37.448],[34.877,37.448],[35.054,37.642],[35.671,37.577],[35.998,37.706],[36.348,38.029],[37.115,37.9],[37.13,38.029],[37.764,38.093],[37.638,37.706],[37.989,37.384],[37.958,37.126],[38.176,36.997],[38.161,36.868],[37.601,36.739],[37.523,36.739],[37.198,36.61],[36.159,37.062],[35.996,36.997]]],[[[29.287,41.198],[29.367,41.198],[29.176,40.874],[29.043,41.133],[29.287,41.198]]],[[[31.592,41.198],[31.512,41.198],[31.361,41.263],[31.693,41.392],[31.592,41.198]]],[[[40.817,43.147],[40.416,43.147],[40.219,43.407],[39.978,43.407],[39.63,43.733],[40.414,43.603],[40.322,43.538],[40.38,43.407],[41.15,43.212],[41.208,43.082],[41.437,43.017],[41.414,42.886],[41.334,42.886],[41.173,42.886],[41.116,43.017],[40.817,43.147]]],[[[40.045,43.798],[40.033,43.733],[39.953,43.733],[39.964,43.798],[40.045,43.798]]],[[[33.521,44.451],[33.467,44.647],[33.548,44.647],[33.61,45.104],[33.23,45.3],[33.637,45.3],[33.917,44.973],[34.604,45.235],[35.183,45.3],[35.154,45.104],[35.235,45.104],[35.135,44.973],[35.125,44.908],[34.376,44.777],[33.926,44.451],[33.521,44.451]]],[[[31.082,47.006],[31.567,46.94],[31.533,46.677],[30.877,46.677],[30.298,45.955],[30.045,45.89],[29.859,45.693],[29.614,45.693],[29.644,45.955],[30.189,46.415],[30.271,46.415],[30.458,46.612],[31.065,46.874],[31.082,47.006]]]]}},{"type":"Feature","id":"cliopatria-04a5c0f70d7f93560c3e882b","properties":{"NAME":"Han Dynasty","ABBREVN":null,"CONTROL":null,"SUBJECTO":"Han Dynasty","PARTOF":null,"BORDERPRECISION":1,"FromYear":-110,"ToYear":-92,"Area":3158320.308791647,"Type":"POLITY","Wikipedia":"Han dynasty","Wikidata":"Q1068371","SeshatID":"cn_western_han_dyn","Components":"","MemberOf":"","sourceFeatureId":"cliopatria-04a5c0f70d7f93560c3e882b","datasetId":"cliopatria"},"geometry":{"type":"MultiPolygon","coordinates":[[[[109.862,18.35],[109.841,18.222],[109.25,18.222],[109.123,18.35],[108.765,18.415],[108.638,18.543],[108.704,19.379],[109.203,19.701],[109.246,19.958],[110.157,20.086],[110.591,20.022],[110.613,20.151],[110.909,20.151],[111.087,19.893],[111.032,19.572],[110.884,19.572],[110.851,19.379],[110.681,19.251],[110.508,18.672],[110.19,18.543],[110.179,18.479],[109.862,18.35]]],[[[106.082,23.558],[106.094,23.622],[106.168,23.622],[106.156,23.558],[106.082,23.558]]],[[[124.412,40.291],[123.797,39.773],[123.718,39.773],[123.597,39.838],[122.936,39.644],[122.17,39.256],[121.952,38.997],[121.716,38.997],[121.422,38.739],[121.029,38.739],[121.201,39.062],[121.515,39.062],[121.69,39.385],[121.297,39.385],[121.21,39.514],[121.281,39.644],[121.438,39.644],[121.503,39.902],[121.776,39.967],[122.231,40.485],[122.106,40.679],[121.827,40.744],[121.824,40.874],[121.11,40.874],[120.997,40.679],[120.647,40.485],[120.5,40.226],[119.38,39.773],[119.215,39.32],[118.45,39.062],[118.057,39.062],[118.046,39.191],[117.888,39.191],[117.576,38.739],[117.655,38.739],[117.602,38.481],[118.054,38.287],[118.067,38.158],[118.583,38.093],[118.648,38.222],[118.804,38.222],[118.772,38.158],[119.457,37.964],[119.393,37.835],[119.237,37.835],[118.984,37.319],[119.14,37.319],[119.156,37.19],[119.701,37.19],[119.827,37.448],[120.202,37.577],[120.188,37.706],[120.754,37.9],[121.112,37.835],[121.171,37.642],[121.483,37.642],[121.497,37.513],[122.154,37.577],[122.121,37.513],[122.713,37.448],[122.474,37.126],[122.566,36.997],[122.394,36.804],[121.912,36.933],[121.212,36.61],[120.979,36.61],[120.965,36.417],[120.732,36.417],[120.659,36.095],[120.318,36.031],[119.986,35.645],[119.619,35.516],[119.228,34.808],[119.459,34.808],[119.431,34.744],[119.711,34.679],[119.732,34.551],[120.342,34.358],[120.489,34.165],[120.55,33.586],[120.926,33.2],[120.919,32.622],[121.403,32.493],[121.503,32.172],[121.783,32.107],[121.987,31.85],[121.836,31.658],[121.301,31.85],[120.894,31.786],[121.454,31.658],[121.481,31.529],[121.634,31.529],[121.584,31.4],[121.737,31.4],[121.995,31.079],[121.899,30.822],[121.519,30.822],[121.197,30.565],[121.045,30.565],[120.68,30.179],[120.809,30.115],[121.105,30.308],[121.484,30.308],[121.62,30.051],[122.03,29.922],[121.865,29.665],[122.016,29.665],[121.928,29.408],[122.004,29.408],[121.938,29.215],[121.712,29.215],[121.798,29.472],[121.593,29.537],[121.539,29.151],[121.744,29.087],[121.714,28.765],[121.522,28.637],[121.652,28.572],[121.646,28.315],[121.153,28.187],[121.193,28.315],[121.118,28.315],[121.038,28.058],[120.868,27.994],[120.715,27.737],[120.657,27.544],[120.733,27.544],[120.545,27.158],[120.395,27.158],[120.247,26.901],[120.096,26.901],[120.061,26.772],[120.211,26.772],[120.158,26.579],[119.84,26.515],[119.938,26.322],[119.587,26.129],[119.778,26.001],[119.53,25.615],[119.904,25.615],[119.872,25.486],[119.466,25.358],[119.423,25.486],[119.273,25.486],[119.391,25.358],[119.344,25.165],[119.029,25.101],[119.074,24.972],[118.819,24.844],[118.76,24.586],[118.147,24.522],[118.076,24.201],[117.721,23.943],[117.694,23.815],[117.47,23.815],[117.179,23.493],[116.894,23.558],[116.78,23.365],[116.815,23.172],[116.591,23.172],[116.54,22.915],[115.696,22.786],[115.671,22.658],[115.373,22.658],[115.174,22.786],[114.902,22.529],[114.753,22.529],[114.641,22.722],[114.531,22.143],[114.37,22.079],[113.999,22.079],[113.996,22.465],[113.785,22.529],[113.747,22.722],[113.599,22.722],[113.699,22.465],[113.639,22.143],[113.416,22.143],[113.318,22.015],[113.106,22.079],[113.071,21.886],[112.774,21.886],[112.441,21.693],[111.859,21.758],[111.664,21.501],[110.984,21.436],[110.739,21.308],[110.716,21.179],[110.419,21.179],[110.483,21.115],[110.364,20.858],[110.616,20.601],[110.487,20.279],[109.883,20.215],[109.927,20.472],[109.789,20.536],[109.77,20.858],[109.696,20.858],[109.87,21.436],[109.807,21.501],[109.116,21.372],[109.086,21.629],[108.652,21.693],[108.555,21.565],[107.79,21.436],[107.417,20.986],[106.961,20.922],[106.834,20.601],[106.685,20.601],[106.537,20.151],[105.965,19.829],[105.734,18.865],[106.051,18.543],[106.031,18.415],[106.178,18.415],[106.295,18.222],[106.57,18.093],[106.571,17.643],[106.772,17.515],[106.752,17.386],[107.026,17.258],[106.607,16.936],[106.396,17],[106.416,17.129],[105.144,18.415],[105.185,18.672],[105.037,18.672],[105.142,18.865],[105.015,18.993],[105.014,19.443],[104.94,19.443],[104.992,19.765],[104.865,19.893],[104.981,20.151],[104.44,20.472],[104.619,20.665],[104.905,20.601],[104.873,20.858],[105.096,20.858],[104.851,21.179],[104.979,21.501],[104.926,21.629],[105.096,21.758],[105.128,21.951],[104.874,22.208],[105.238,22.593],[105.272,22.786],[105.764,23.043],[106.156,23.558],[106.466,23.622],[107.149,24.072],[109.379,24.393],[111.009,24.329],[111.356,24.908],[111.606,25.679],[111.546,25.744],[111.82,26.258],[111.965,26.837],[111.89,26.837],[112.055,27.737],[111.94,27.865],[111.955,28.187],[111.727,28.444],[110.802,28.894],[109.857,29.022],[107.647,28.958],[106.726,28.637],[106.028,28.572],[106.069,28.444],[105.129,28.315],[104.066,28.572],[103.898,28.508],[103.857,28.637],[102.718,28.894],[102.602,29.022],[101.957,29.151],[101.156,29.537],[100.982,29.729],[101.019,29.858],[100.828,29.987],[100.865,30.115],[100.674,30.244],[100.673,30.501],[100.598,30.501],[100.693,30.822],[101.331,31.658],[101.836,32.043],[102.158,32.557],[102.312,33.457],[102.235,33.457],[102.325,33.715],[102.248,33.715],[102.409,34.165],[103.479,34.358],[103.735,35.451],[103.63,35.58],[103.649,36.224],[103.467,36.353],[103.44,36.675],[103.311,36.739],[103.363,36.868],[103.078,37.126],[102.611,37.126],[102.586,37.255],[102.171,37.384],[102.172,37.577],[102.043,37.642],[102.096,37.771],[101.755,37.513],[101.601,37.706],[101.315,37.771],[101.29,37.9],[100.796,38.029],[100.799,38.222],[100.642,38.222],[100.414,38.61],[100.199,38.287],[99.862,38.416],[99.379,39.126],[99.092,39.191],[99.12,39.256],[98.958,39.062],[98.384,39.191],[98.117,38.933],[97.96,38.933],[97.857,39.062],[97.492,39.126],[97.468,39.256],[96.763,39.45],[96.681,39.256],[96.76,39.256],[96.678,39.062],[96.757,39.062],[96.677,38.868],[96.755,38.868],[96.649,38.61],[96.414,38.61],[96.31,38.739],[95.682,38.933],[95.319,39.385],[94.977,39.32],[94.506,39.514],[93.955,39.514],[93.088,39.32],[92.248,39.385],[91.123,39.126],[90.598,39.191],[90.491,39.32],[90.542,39.45],[90.568,39.514],[90.881,39.708],[90.907,39.967],[90.828,39.967],[91.148,40.55],[91.868,40.938],[92.48,41.068],[93.296,40.938],[93.268,40.874],[93.715,40.809],[93.687,40.744],[95.23,41.003],[96.926,41.068],[96.897,41.003],[97.63,40.874],[97.601,40.809],[97.888,40.744],[97.908,40.614],[98.274,40.55],[98.503,40.355],[99.621,40.032],[99.7,40.032],[100.124,40.096],[100.094,40.032],[100.539,39.967],[100.688,39.773],[101.21,39.708],[101.244,39.256],[101.587,39.32],[101.709,39.062],[102.073,38.997],[102.045,38.933],[102.673,38.933],[103.348,39.385],[103.742,39.385],[103.712,39.32],[104.076,39.256],[103.608,38.739],[104.323,38.933],[104.265,38.803],[104.422,38.803],[104.393,38.739],[105.512,38.61],[106.09,38.674],[107.203,39.708],[107.408,39.644],[107.394,39.45],[107.678,39.385],[108.197,39.967],[109.736,40.355],[114.596,40.42],[114.527,40.291],[114.799,40.355],[114.764,40.291],[115.283,40.226],[115.55,39.838],[116.102,39.838],[117.03,40.096],[117.295,40.291],[118.236,40.42],[118.705,40.55],[118.778,40.679],[119.174,40.679],[122.928,41.911],[123.167,41.911],[123.127,41.847],[123.405,41.782],[123.365,41.717],[123.604,41.717],[123.564,41.652],[123.843,41.587],[123.803,41.522],[124.042,41.522],[124.002,41.457],[124.757,41.133],[124.837,41.133],[124.412,40.291]]],[[[122.28,29.987],[121.977,29.987],[122.022,30.115],[122.045,30.179],[122.273,30.179],[122.28,29.987]]],[[[103.269,39.385],[103.24,39.32],[103.161,39.32],[103.191,39.385],[103.22,39.45],[103.299,39.45],[103.269,39.385]]]]}},{"type":"Feature","id":"cliopatria-cb315ebebac0b181a0a22cbb","properties":{"NAME":"Indo-Greeks","ABBREVN":null,"CONTROL":null,"SUBJECTO":"Indo-Greeks","PARTOF":null,"BORDERPRECISION":1,"FromYear":-110,"ToYear":-92,"Area":596496.281921185,"Type":"POLITY","Wikipedia":"Indo-Greek Kingdom","Wikidata":"Q215643","SeshatID":"pk_indo_greek_k","Components":"","MemberOf":"","sourceFeatureId":"cliopatria-cb315ebebac0b181a0a22cbb","datasetId":"cliopatria"},"geometry":{"type":"MultiPolygon","coordinates":[[[[75.31,34.1],[75.601,34.036],[75.687,33.457],[75.825,33.393],[75.944,32.943],[76.097,32.943],[76.081,32.557],[76.265,32.365],[77.731,31.786],[78.036,31.786],[78.448,31.593],[78.844,31.658],[78.845,31.336],[79.18,31.465],[79.424,31.208],[79.409,31.143],[77.936,29.987],[77.855,29.601],[77.93,29.601],[77.878,29.344],[77.99,29.151],[77.965,28.251],[78.04,28.251],[78.055,27.93],[78.043,27.865],[78.022,26.901],[77.453,26.644],[76.863,26.708],[76.466,27.029],[76.488,27.158],[76.167,27.479],[76.207,28.122],[75.738,28.444],[75.621,29.022],[75.344,29.151],[74.817,28.765],[73.354,28.187],[70.716,27.737],[70.737,27.865],[70.543,28.058],[70.069,27.93],[69.907,28.315],[69.454,28.315],[68.721,28.894],[67.124,29.279],[67.017,29.537],[66.565,29.987],[66.582,30.501],[66.506,30.501],[66.589,30.951],[66.601,31.015],[66.878,31.272],[67.931,31.593],[68.122,31.786],[68.351,31.786],[69.442,32.622],[70.235,32.75],[70.431,32.943],[70.397,33.136],[70.579,33.264],[70.623,33.457],[70.868,33.522],[70.927,33.779],[70.818,33.972],[70.772,34.1],[70.956,34.229],[71.479,34.165],[71.556,34.165],[72.588,34.293],[72.85,34.422],[73.928,34.422],[73.896,34.293],[74.034,34.229],[75.233,34.1],[75.31,34.1]]],[[[60.951,37.19],[60.873,37.19],[60.888,37.255],[60.966,37.255],[60.951,37.19]]]]}},{"type":"Feature","id":"cliopatria-a9d57e6e8b7b9e1bb8b47ee6","properties":{"NAME":"Indo-Scythians","ABBREVN":null,"CONTROL":null,"SUBJECTO":"Indo-Scythians","PARTOF":null,"BORDERPRECISION":1,"FromYear":-110,"ToYear":-92,"Area":860065.2529939,"Type":"POLITY","Wikipedia":"Indo-Scythians","Wikidata":"Q240123","SeshatID":"","Components":"","MemberOf":"","sourceFeatureId":"cliopatria-a9d57e6e8b7b9e1bb8b47ee6","datasetId":"cliopatria"},"geometry":{"type":"MultiPolygon","coordinates":[[[[65.138,38.674],[64.751,35.773],[64.829,35.773],[64.854,35.194],[65.092,34.872],[65.415,34.937],[65.618,34.808],[65.926,34.808],[66.066,34.744],[66.038,34.615],[66.689,34.422],[66.814,34.293],[69.739,34.293],[69.988,34.036],[70.573,33.907],[70.818,33.972],[70.927,33.779],[70.868,33.522],[70.623,33.457],[70.579,33.264],[70.397,33.136],[70.431,32.943],[70.235,32.75],[69.442,32.622],[68.351,31.786],[68.122,31.786],[67.931,31.593],[66.878,31.272],[66.601,31.015],[66.525,31.015],[66.354,30.501],[66.179,30.372],[66.046,30.051],[65.623,29.794],[65.427,29.537],[65.19,29.472],[64.175,28.315],[64.146,28.122],[63.592,27.415],[63.363,26.837],[63.204,26.772],[62.474,25.101],[62.182,25.165],[62.018,25.036],[61.719,25.036],[61.658,25.165],[61.127,25.101],[60.917,25.229],[60.618,25.229],[60.632,25.358],[59.06,25.358],[58.782,25.551],[57.958,25.551],[57.529,25.744],[57.454,25.744],[57.773,26.579],[58.911,27.287],[59.053,27.801],[59.415,28.251],[59.716,28.251],[59.885,28.38],[59.903,28.508],[59.761,28.572],[59.829,30.051],[59.753,30.051],[59.814,30.436],[59.673,30.501],[59.693,30.629],[60.625,31.208],[61.028,31.336],[61.05,31.465],[60.844,31.593],[60.881,32.236],[60.657,32.686],[60.693,32.879],[60.616,32.879],[60.688,33.264],[60.891,33.522],[60.596,33.586],[60.568,33.843],[60.492,33.843],[60.566,34.229],[60.823,34.358],[60.784,34.551],[61.054,34.744],[61.185,35.387],[61.316,35.645],[61.485,35.709],[61.581,36.16],[61.503,36.16],[61.538,36.675],[60.951,37.19],[60.966,37.255],[60.775,37.448],[60.804,37.577],[60.663,37.642],[60.736,37.964],[60.531,38.093],[60.561,38.222],[60.371,38.416],[60.431,38.674],[60.32,38.868],[60.414,39.256],[60.713,39.514],[60.792,39.514],[62.502,40.032],[62.879,39.967],[64.02,40.096],[64.389,40.291],[65.235,40.485],[65.272,40.614],[65.351,40.614],[65.37,40.679],[65.449,40.679],[65.43,40.614],[65.589,40.614],[65.804,40.809],[65.883,40.809],[65.564,39.967],[65.291,39.838],[65.203,39.514],[65.282,39.514],[65.065,38.997],[65.144,38.997],[65.077,38.739],[65.155,38.739],[65.138,38.674]]]]}},{"type":"Feature","id":"cliopatria-eaf57de241da4aa2418325e0","properties":{"NAME":"Judea","ABBREVN":null,"CONTROL":null,"SUBJECTO":"Judea","PARTOF":null,"BORDERPRECISION":1,"FromYear":-110,"ToYear":-92,"Area":15561.390434855633,"Type":"POLITY","Wikipedia":"Judea","Wikidata":"Q104028","SeshatID":"il_judea","Components":"","MemberOf":"","sourceFeatureId":"cliopatria-eaf57de241da4aa2418325e0","datasetId":"cliopatria"},"geometry":{"type":"MultiPolygon","coordinates":[[[[34.982,31.272],[34.977,31.208],[34.358,31.079],[34.297,31.272],[34.302,31.336],[34.46,31.4],[34.47,31.529],[34.781,31.593],[34.791,31.722],[34.563,31.722],[34.573,31.85],[34.813,31.979],[34.77,32.365],[34.917,32.3],[34.923,32.365],[35.316,32.493],[35.498,32.814],[35.875,32.75],[35.928,32.493],[35.766,31.529],[35.303,31.465],[35.135,31.272],[34.982,31.272]]]]}},{"type":"Feature","id":"cliopatria-1a90fd60bc074875f45468f5","properties":{"NAME":"Kingdom of Armenia","ABBREVN":null,"CONTROL":null,"SUBJECTO":"Kingdom of Armenia","PARTOF":null,"BORDERPRECISION":1,"FromYear":-110,"ToYear":-92,"Area":132053.797208549,"Type":"POLITY","Wikipedia":"Kingdom of Armenia (antiquity)","Wikidata":"Q208404","SeshatID":"","Components":"","MemberOf":"","sourceFeatureId":"cliopatria-1a90fd60bc074875f45468f5","datasetId":"cliopatria"},"geometry":{"type":"MultiPolygon","coordinates":[[[[38.745,39.579],[38.93,39.773],[38.79,39.902],[40.398,40.096],[40.507,40.291],[40.754,40.355],[40.774,40.485],[40.567,40.679],[41.005,40.938],[40.995,40.874],[41.122,40.679],[41.36,40.679],[41.535,41.263],[42.25,41.263],[42.363,41.457],[42.295,41.522],[42.533,41.522],[42.556,41.652],[43.784,41.392],[44.034,41.457],[44.237,41.263],[44.794,41.263],[44.873,41.263],[44.846,40.679],[44.518,40.614],[44.642,40.42],[44.495,40.032],[44.497,39.579],[44.397,39.45],[44.071,39.385],[44.108,39.126],[44.359,38.739],[44.318,38.481],[43.955,38.158],[43.935,38.029],[44.013,38.029],[43.886,37.706],[42.802,37.771],[41.667,38.029],[40.572,38.029],[40.598,38.222],[40.52,38.222],[40.514,38.739],[40.658,39.191],[40.51,39.256],[40.478,39.579],[39.848,39.579],[39.751,39.45],[39.209,39.514],[38.954,39.385],[38.745,39.579]]]]}},{"type":"Feature","id":"cliopatria-2a5566d6b1af03051a66fd3e","properties":{"NAME":"Kingdom of Cappadocia","ABBREVN":null,"CONTROL":null,"SUBJECTO":"Kingdom of Cappadocia","PARTOF":null,"BORDERPRECISION":1,"FromYear":-110,"ToYear":-92,"Area":88757.41314558241,"Type":"POLITY","Wikipedia":"Kingdom of Cappadocia","Wikidata":"Q29654286","SeshatID":"","Components":"","MemberOf":"","sourceFeatureId":"cliopatria-2a5566d6b1af03051a66fd3e","datasetId":"cliopatria"},"geometry":{"type":"MultiPolygon","coordinates":[[[[39.181,38.158],[38.868,38.158],[38.658,38.351],[38.423,38.351],[38.312,38.093],[38.147,38.029],[37.764,38.093],[37.13,38.029],[37.115,37.9],[36.348,38.029],[35.998,37.706],[35.671,37.577],[35.054,37.642],[34.877,37.448],[34.565,37.448],[34.304,37.19],[33.434,37.062],[33.097,36.804],[32.864,36.804],[32.798,36.933],[32.758,37.319],[33.095,37.577],[33.128,37.9],[33.304,38.093],[33.267,38.481],[33.68,38.674],[34.479,38.803],[34.767,39.256],[34.726,39.579],[34.828,39.773],[35.294,39.708],[35.435,39.579],[36.933,39.579],[38.167,39.385],[38.228,39.256],[38.534,39.191],[38.359,39.062],[38.639,38.803],[38.622,38.674],[38.927,38.61],[38.98,38.416],[39.198,38.287],[39.181,38.158]]]]}},{"type":"Feature","id":"cliopatria-65478e47bff212b966893e9a","properties":{"NAME":"Kingdom of Numidia","ABBREVN":null,"CONTROL":null,"SUBJECTO":"Kingdom of Numidia","PARTOF":null,"BORDERPRECISION":1,"FromYear":-110,"ToYear":-92,"Area":307188.44277159986,"Type":"POLITY","Wikipedia":"Jugurtha","Wikidata":"Q156173","SeshatID":"dz_numidia","Components":"","MemberOf":"","sourceFeatureId":"cliopatria-65478e47bff212b966893e9a","datasetId":"cliopatria"},"geometry":{"type":"MultiPolygon","coordinates":[[[[10.006,33.907],[10.237,33.715],[10.544,33.715],[10.698,33.522],[11.082,33.586],[11.158,33.2],[11.464,33.2],[12.229,32.814],[12.612,32.879],[12.535,32.75],[12.841,32.75],[12.842,32.879],[13.072,32.943],[13.302,32.943],[13.454,32.814],[13.761,32.879],[13.759,32.75],[14.065,32.75],[14.444,32.493],[14.675,32.557],[14.749,32.429],[15.207,32.365],[15.425,31.658],[15.576,31.593],[15.649,31.4],[16.179,31.208],[17.469,31.079],[17.997,30.886],[18.592,30.372],[18.896,30.372],[18.81,29.987],[18.281,30.051],[16.701,30.694],[15.49,30.951],[15.184,30.886],[15.187,31.079],[14.584,31.529],[14.586,31.658],[13.829,32.107],[13.295,32.236],[13.066,32.172],[13.067,32.3],[12.456,32.365],[11.768,32.3],[11.768,32.429],[11.539,32.429],[11.463,32.557],[11.31,32.493],[11.157,32.686],[10.392,33.007],[10.009,33.007],[10.085,33.136],[9.625,33.136],[9.547,33.329],[9.624,33.457],[9.316,33.586],[9.083,34.036],[8.929,34.036],[8.928,34.165],[8.773,34.229],[8.081,34.229],[8.002,34.422],[7.615,34.551],[7.153,34.486],[6.92,34.615],[6.459,34.551],[6.148,34.679],[5.379,34.615],[5.302,34.615],[5.225,34.615],[4.454,34.615],[3.843,34.422],[3.456,34.486],[2.921,34.358],[2.45,34.615],[1.987,34.615],[1.99,34.551],[1.913,34.551],[1.91,34.615],[1.679,34.615],[1.829,34.744],[1.752,34.744],[1.527,34.551],[1.294,34.615],[0.685,34.422],[0.451,34.486],[0.303,34.358],[-1.237,34.358],[-1.305,34.165],[-1.539,34.229],[-1.61,34.1],[-1.693,34.229],[-2.382,34.165],[-2.459,34.165],[-2.854,34.358],[-2.788,34.551],[-2.945,34.615],[-2.96,34.872],[-2.809,34.937],[-2.743,35.13],[-2.665,35.13],[-1.661,35.13],[-1.591,35.258],[-1.359,35.258],[-1.136,35.451],[-1.224,35.645],[-1.066,35.58],[-0.917,35.709],[-0.53,35.709],[-0.459,35.838],[0.084,35.838],[0.376,36.224],[0.684,36.288],[0.678,36.417],[0.914,36.353],[1.216,36.546],[1.53,36.482],[2.377,36.675],[2.69,36.61],[2.841,36.739],[3.23,36.739],[3.459,36.868],[3.85,36.804],[4.235,36.933],[4.859,36.868],[5.098,36.675],[5.329,36.739],[5.407,36.739],[5.485,36.739],[5.564,36.675],[5.639,36.804],[6.106,36.804],[6.103,36.933],[6.334,37.062],[6.805,36.868],[7.194,36.868],[7.346,37.062],[7.659,36.997],[7.738,36.868],[8.516,36.868],[8.671,36.997],[8.749,36.997],[8.908,36.546],[8.676,36.417],[8.678,36.224],[8.835,36.031],[8.837,35.838],[8.992,35.773],[8.917,35.516],[9.228,35.258],[9.386,34.808],[10.004,34.293],[10.005,34.229],[10.082,34.229],[10.006,33.907]]],[[[2.533,34.422],[2.531,34.486],[2.608,34.486],[2.61,34.422],[2.533,34.422]]]]}},{"type":"Feature","id":"cliopatria-b858fb137557abe71d655419","properties":{"NAME":"Kingdom of Pontus","ABBREVN":null,"CONTROL":null,"SUBJECTO":"Kingdom of Pontus","PARTOF":null,"BORDERPRECISION":1,"FromYear":-110,"ToYear":-92,"Area":213744.01268078145,"Type":"POLITY","Wikipedia":"Kingdom of Pontus","Wikidata":"Q7380487","SeshatID":"","Components":"","MemberOf":"","sourceFeatureId":"cliopatria-b858fb137557abe71d655419","datasetId":"cliopatria"},"geometry":{"type":"MultiPolygon","coordinates":[[[[37.92,41.003],[37.999,41.003],[38.536,40.874],[39.21,41.133],[39.736,40.938],[40.37,40.938],[40.391,41.068],[40.539,41.003],[41.047,41.198],[41.238,41.392],[41.354,41.133],[41.084,40.938],[41.005,40.938],[40.567,40.679],[40.774,40.485],[40.754,40.355],[40.507,40.291],[40.398,40.096],[38.79,39.902],[38.93,39.773],[38.745,39.579],[38.954,39.385],[38.814,38.933],[39.11,38.803],[39.25,38.674],[39.232,38.545],[39.38,38.481],[39.372,38.416],[39.363,38.351],[39.285,38.351],[39.276,38.287],[39.198,38.287],[38.98,38.416],[38.927,38.61],[38.622,38.674],[38.639,38.803],[38.359,39.062],[38.534,39.191],[38.228,39.256],[38.167,39.385],[36.933,39.579],[35.435,39.579],[35.294,39.708],[34.828,39.773],[34.726,39.579],[34.767,39.256],[34.479,38.803],[33.68,38.674],[33.267,38.481],[33.304,38.093],[33.128,37.9],[33.095,37.577],[32.758,37.319],[32.798,36.933],[32.553,36.804],[32.241,36.804],[31.972,37.255],[31.594,37.384],[31.6,37.448],[31.522,37.448],[31.216,37.513],[31.049,37.384],[30.737,37.384],[30.748,37.513],[30.531,37.706],[30.152,37.835],[30.247,38.029],[30.891,38.222],[30.988,38.416],[31.386,38.481],[31.443,39.062],[31.233,39.32],[31.378,39.967],[31.299,39.967],[31.306,40.032],[31.385,40.032],[31.464,40.032],[31.543,40.032],[31.622,40.032],[31.701,40.032],[31.708,40.096],[32.11,40.161],[32.297,40.42],[32.312,40.55],[32.161,40.614],[32.183,40.809],[32.103,40.809],[32.14,41.133],[32.307,41.198],[32.322,41.327],[32.114,41.587],[32.193,41.587],[32.695,41.782],[32.631,41.911],[34.785,41.911],[34.882,42.041],[35.121,42.041],[35.157,41.717],[35.954,41.717],[36.209,41.263],[36.775,41.327],[37.065,41.133],[37.233,41.198],[37.215,41.068],[37.444,41.003],[37.92,41.003]]]]}},{"type":"Feature","id":"cliopatria-14e1953d3d53499cf7f6052a","properties":{"NAME":"Korean Jin","ABBREVN":null,"CONTROL":null,"SUBJECTO":"Korean Jin","PARTOF":null,"BORDERPRECISION":1,"FromYear":-110,"ToYear":-92,"Area":112813.62666535315,"Type":"POLITY","Wikipedia":"Jin (Korean state)","Wikidata":"Q1155101","SeshatID":"","Components":"","MemberOf":"","sourceFeatureId":"cliopatria-14e1953d3d53499cf7f6052a","datasetId":"cliopatria"},"geometry":{"type":"MultiPolygon","coordinates":[[[[128.918,37.964],[129.529,37.062],[129.421,36.095],[129.577,36.095],[129.667,35.966],[129.521,35.516],[129.147,35.065],[128.529,35.065],[128.545,34.937],[128.807,35.001],[128.685,34.744],[128.454,34.744],[128.514,34.872],[128.283,34.872],[128.314,34.937],[128.082,34.937],[128.068,34.744],[127.759,34.744],[127.378,34.422],[127.224,34.422],[127.13,34.551],[127.297,34.744],[127.22,34.744],[127.023,34.486],[126.626,34.293],[126.425,34.358],[126.484,34.486],[126.348,34.358],[126.117,34.358],[126.264,34.679],[126.419,34.679],[126.478,34.808],[126.2,34.872],[126.381,35.258],[126.304,35.258],[126.519,35.709],[126.768,35.902],[126.613,35.902],[126.676,36.031],[126.521,36.031],[126.429,36.16],[126.452,36.675],[126.264,36.61],[126.05,36.804],[126.681,37.126],[126.603,37.126],[126.702,37.319],[126.535,37.448],[126.603,37.577],[126.29,37.577],[126.314,37.771],[126.348,37.835],[126.902,38.287],[127.18,38.933],[127.761,39.126],[127.84,39.126],[127.923,38.997],[128.201,38.933],[128.207,38.803],[128.364,38.803],[128.84,37.964],[128.918,37.964]]]]}},{"type":"Feature","id":"cliopatria-0cca40f5906b062870bc9b0f","properties":{"NAME":"Mauretania","ABBREVN":null,"CONTROL":null,"SUBJECTO":"Mauretania","PARTOF":null,"BORDERPRECISION":1,"FromYear":-110,"ToYear":-92,"Area":69468.55730687708,"Type":"POLITY","Wikipedia":"Mauretania","Wikidata":"Q309272","SeshatID":"ma_mauretania","Components":"","MemberOf":"","sourceFeatureId":"cliopatria-0cca40f5906b062870bc9b0f","datasetId":"cliopatria"},"geometry":{"type":"MultiPolygon","coordinates":[[[[-3.287,35.194],[-2.982,35.258],[-2.993,35.451],[-2.838,35.451],[-2.82,35.13],[-2.743,35.13],[-2.809,34.937],[-2.96,34.872],[-2.945,34.615],[-2.788,34.551],[-2.854,34.358],[-2.459,34.165],[-2.536,34.165],[-3.763,34.1],[-4.141,33.972],[-4.21,33.843],[-4.367,33.907],[-5.039,33.586],[-5.274,33.65],[-5.799,33.457],[-6.033,33.522],[-6.634,33.329],[-6.703,33.2],[-6.937,33.264],[-7.528,32.943],[-8.064,32.943],[-8.154,33.136],[-8.47,33.264],[-8.403,33.393],[-7.13,33.843],[-7.062,33.972],[-6.904,33.907],[-6.614,34.165],[-6.7,34.293],[-6.473,34.358],[-6.482,34.486],[-6.332,34.551],[-6.277,34.872],[-6.2,34.872],[-6.291,35.065],[-6.132,35.001],[-6.145,35.194],[-6,35.323],[-5.877,35.773],[-5.339,35.838],[-5.24,35.516],[-4.755,35.194],[-3.364,35.194],[-3.287,35.194]]]]}},{"type":"Feature","id":"cliopatria-78564be993da80ccb1079550","properties":{"NAME":"Parthian Empire","ABBREVN":null,"CONTROL":null,"SUBJECTO":"Parthian Empire","PARTOF":null,"BORDERPRECISION":1,"FromYear":-110,"ToYear":-92,"Area":2186242.9379368974,"Type":"POLITY","Wikipedia":"Parthian Empire","Wikidata":"Q1986139","SeshatID":"ir_parthian_emp_1","Components":"","MemberOf":"","sourceFeatureId":"cliopatria-78564be993da80ccb1079550","datasetId":"cliopatria"},"geometry":{"type":"MultiPolygon","coordinates":[[[[51.138,25.486],[51.212,25.486],[51.207,25.422],[51.132,25.422],[51.138,25.486]]],[[[50.43,25.936],[50.46,26.258],[50.685,26.258],[50.673,26.129],[50.667,26.065],[50.649,25.872],[50.43,25.936]]],[[[47.515,39.708],[48.304,39.708],[48.673,39.579],[48.806,39.45],[48.782,39.32],[48.928,39.256],[48.742,38.674],[48.821,38.674],[48.763,38.351],[48.841,38.351],[48.884,37.706],[49.085,37.513],[49.999,37.384],[50.321,36.997],[50.566,37.062],[50.632,36.997],[50.532,36.868],[50.821,36.739],[51.642,36.546],[52.586,36.61],[53.489,36.868],[54.033,36.868],[54.095,37.19],[53.91,37.448],[53.908,37.835],[53.83,37.835],[53.987,38.997],[53.518,39.385],[53.138,39.45],[53.545,39.514],[53.498,40.032],[52.723,40.096],[52.714,40.42],[52.793,40.42],[52.893,40.874],[52.972,40.874],[52.943,40.744],[53.34,40.744],[53.448,40.874],[53.404,40.679],[54.544,40.809],[56.655,40.355],[56.987,40.42],[56.956,40.291],[57.114,40.291],[57.162,40.161],[57.351,40.291],[58.332,40.42],[58.537,40.291],[58.854,40.291],[58.98,40.161],[59.77,40.161],[59.768,39.838],[60.084,39.838],[60.052,39.708],[60.683,39.708],[60.65,39.579],[60.729,39.579],[60.713,39.514],[60.414,39.256],[60.32,38.868],[60.431,38.674],[60.371,38.416],[60.561,38.222],[60.531,38.093],[60.736,37.964],[60.663,37.642],[60.804,37.577],[60.775,37.448],[60.966,37.255],[60.888,37.255],[60.873,37.19],[60.951,37.19],[61.538,36.675],[61.503,36.16],[61.581,36.16],[61.485,35.709],[61.316,35.645],[61.185,35.387],[61.054,34.744],[60.784,34.551],[60.823,34.358],[60.566,34.229],[60.492,33.843],[60.568,33.843],[60.596,33.586],[60.891,33.522],[60.688,33.264],[60.616,32.879],[60.693,32.879],[60.657,32.686],[60.881,32.236],[60.844,31.593],[61.05,31.465],[61.028,31.336],[60.625,31.208],[59.693,30.629],[59.673,30.501],[59.814,30.436],[59.753,30.051],[59.829,30.051],[59.761,28.572],[59.903,28.508],[59.885,28.38],[59.716,28.251],[59.415,28.251],[59.053,27.801],[58.911,27.287],[57.773,26.579],[57.454,25.744],[57.38,25.744],[57.115,26.065],[57.052,26.837],[56.715,27.158],[56.188,27.158],[56.098,27.029],[56.324,27.029],[56.309,26.901],[56.061,26.708],[55.289,26.515],[55.31,26.708],[55.543,26.772],[55.242,26.772],[54.989,26.515],[54.681,26.451],[54.259,26.708],[53.658,26.708],[53.461,26.965],[52.737,27.222],[52.479,27.608],[52.049,27.801],[51.453,27.865],[51.066,28.444],[51.028,28.765],[50.809,28.83],[50.915,29.087],[50.62,29.151],[50.651,29.408],[50.236,29.729],[50.065,30.179],[49.586,29.987],[48.943,30.308],[48.987,30.051],[48.365,29.922],[48.404,29.601],[47.866,29.537],[47.852,29.408],[48.079,29.408],[48.215,29.279],[48.194,29.087],[48.46,28.765],[48.563,28.315],[48.974,27.93],[48.872,27.672],[49.242,27.608],[49.36,27.287],[50.135,26.772],[50.116,26.579],[50.254,26.451],[50.223,26.129],[50.067,26.065],[50.211,26.001],[50.325,25.615],[50.608,25.422],[50.654,25.101],[50.729,25.101],[50.769,25.551],[50.925,25.615],[50.955,25.936],[51.123,26.129],[51.423,26.129],[51.698,25.872],[51.575,25.358],[51.719,25.294],[51.69,24.972],[51.524,24.779],[51.411,24.329],[51.854,24.265],[51.907,24.008],[52.28,24.008],[52.6,24.265],[53.112,24.136],[54.083,24.136],[54.099,24.329],[54.318,24.265],[54.559,24.458],[54.744,24.844],[55.143,25.101],[55.412,25.551],[55.97,25.872],[56.168,26.322],[56.475,26.387],[56.543,26.322],[56.385,25.551],[56.46,25.551],[56.421,25.165],[56.496,25.165],[56.402,24.972],[56.545,24.908],[56.788,24.329],[57.493,23.879],[58.812,23.622],[59.08,23.301],[59.068,23.172],[59.28,23.043],[59.268,22.915],[58.896,22.915],[58.908,23.043],[58.61,23.043],[58.335,23.301],[57.962,23.301],[57.974,23.429],[57.83,23.493],[56.809,23.751],[56.821,23.879],[56.54,24.072],[56.489,24.329],[56.271,24.393],[56.29,24.586],[56.09,24.844],[55.859,24.779],[55.841,24.586],[55.623,24.651],[54.812,23.943],[54.273,23.751],[51.881,23.686],[51.822,23.879],[51.166,24.072],[51.102,24.201],[51.203,24.522],[51.133,24.586],[51.294,24.715],[51.327,25.101],[51.402,25.101],[51.27,25.294],[51.35,25.358],[51.323,25.872],[51.173,25.872],[51.23,25.679],[50.982,25.422],[50.965,25.229],[51.12,25.294],[50.92,24.715],[50.616,24.651],[50.344,24.972],[50.032,25.679],[49.674,25.872],[49.878,26.451],[49.252,26.965],[49.265,27.094],[49.059,27.287],[48.552,27.479],[48.467,28.122],[48.247,28.187],[48.206,28.508],[48.055,28.508],[48.144,28.637],[48,28.701],[48.014,28.83],[47.809,29.022],[47.651,28.958],[47.672,29.151],[47.535,29.279],[47.654,29.665],[47.29,29.794],[46.979,29.729],[46.994,29.858],[46.85,29.922],[46.615,29.858],[46.591,30.308],[45.77,30.436],[44.955,31.272],[44.581,31.336],[44.459,31.593],[43.153,32.814],[42.709,32.943],[42.578,33.136],[41.489,33.65],[41.212,33.907],[40.912,33.972],[40.85,34.1],[40.311,34.1],[40.403,34.229],[39.509,34.486],[39.124,34.486],[38.556,34.229],[38.479,34.229],[38.332,34.293],[38.08,34.808],[38.266,35.773],[38.07,36.095],[38.208,36.61],[38.13,36.61],[38.161,36.868],[38.176,36.997],[37.958,37.126],[37.989,37.384],[37.638,37.706],[37.764,38.093],[38.147,38.029],[38.312,38.093],[38.423,38.351],[38.658,38.351],[38.868,38.158],[39.181,38.158],[39.198,38.287],[39.276,38.287],[39.285,38.351],[39.363,38.351],[39.372,38.416],[39.38,38.481],[40.52,38.222],[40.598,38.222],[40.572,38.029],[41.667,38.029],[42.802,37.771],[43.886,37.706],[44.013,38.029],[43.935,38.029],[43.955,38.158],[44.318,38.481],[44.359,38.739],[44.108,39.126],[44.071,39.385],[44.397,39.45],[44.497,39.579],[44.495,40.032],[44.642,40.42],[44.518,40.614],[44.846,40.679],[44.873,41.263],[44.885,41.327],[45.124,41.327],[45.259,41.198],[45.235,41.068],[45.473,41.068],[45.675,40.874],[45.492,40.744],[45.524,40.485],[46.201,40.291],[46.481,40.096],[46.47,40.032],[47.054,39.773],[47.381,39.838],[47.515,39.708]]],[[[47.156,39.902],[47.145,39.838],[47.066,39.838],[47.077,39.902],[47.156,39.902]]],[[[47.01,39.967],[46.999,39.902],[46.92,39.902],[46.931,39.967],[47.01,39.967]]]]}},{"type":"Feature","id":"cliopatria-54d92e9c5f8c79bd069168c1","properties":{"NAME":"Roman Republic","ABBREVN":null,"CONTROL":null,"SUBJECTO":"Roman Republic","PARTOF":null,"BORDERPRECISION":1,"FromYear":-110,"ToYear":-92,"Area":1188001.569961464,"Type":"POLITY","Wikipedia":"Roman Republic","Wikidata":"Q175881","SeshatID":"it_roman_rep_3","Components":"","MemberOf":"","sourceFeatureId":"cliopatria-54d92e9c5f8c79bd069168c1","datasetId":"cliopatria"},"geometry":{"type":"MultiPolygon","coordinates":[[[[11.006,35.387],[11.083,35.001],[10.851,34.937],[10.851,34.808],[10.081,34.293],[10.004,34.293],[9.386,34.808],[9.228,35.258],[8.917,35.516],[8.992,35.773],[8.837,35.838],[8.835,36.031],[8.678,36.224],[8.676,36.417],[8.908,36.546],[8.749,36.997],[8.826,36.997],[8.903,37.126],[9.059,37.062],[9.37,37.255],[9.759,37.319],[9.993,37.19],[10.227,37.255],[10.228,37.062],[10.305,37.062],[10.228,36.804],[10.462,36.739],[11.006,36.997],[11.006,36.804],[10.462,36.417],[10.54,36.353],[10.464,35.902],[10.851,35.709],[10.851,35.645],[11.083,35.58],[11.083,35.387],[11.006,35.387]]],[[[14.34,36.031],[14.417,36.031],[14.571,35.966],[14.568,35.773],[14.337,35.838],[14.34,36.031]]],[[[20.328,38.351],[20.488,38.416],[20.566,38.416],[20.795,38.287],[20.786,38.093],[20.32,38.158],[20.328,38.351]]],[[[1.274,38.803],[1.183,39.062],[1.259,39.126],[1.337,39.126],[1.652,39.126],[1.658,38.997],[1.431,38.803],[1.274,38.803]]],[[[20.152,39.644],[20.149,39.579],[20.07,39.579],[20.073,39.644],[20.152,39.644]]],[[[3.296,39.32],[2.824,39.32],[2.659,39.514],[2.346,39.45],[2.338,39.644],[2.877,39.967],[2.956,39.967],[3.193,39.967],[3.198,39.838],[3.516,39.773],[3.296,39.32]]],[[[3.741,40.096],[3.82,40.096],[4.215,40.096],[4.302,39.838],[3.827,39.902],[3.741,40.096]]],[[[9.823,40.355],[9.665,40.291],[9.747,39.644],[9.669,39.644],[9.593,39.126],[9.12,39.191],[8.966,38.868],[8.73,38.868],[8.336,38.997],[8.412,39.256],[8.333,39.256],[8.33,39.514],[8.409,39.514],[8.483,39.902],[8.325,39.967],[8.4,40.291],[8.321,40.291],[8.319,40.485],[8.16,40.55],[8.155,40.938],[8.552,40.874],[9.025,41.263],[9.104,41.263],[9.502,41.198],[9.822,40.744],[9.823,40.355]]],[[[15.806,44.777],[16.126,44.647],[16.517,44.255],[16.679,44.255],[16.912,43.994],[17.073,43.994],[17.149,43.863],[17.313,43.929],[17.386,43.733],[17.861,43.538],[18.344,43.538],[18.574,43.277],[18.738,43.342],[18.815,43.288],[18.818,43.342],[18.898,43.342],[18.895,43.277],[18.831,43.277],[19.204,43.017],[19.605,43.017],[19.522,42.951],[19.595,42.821],[20.236,42.821],[20.149,42.691],[20.309,42.691],[20.382,42.561],[20.626,42.626],[20.619,42.496],[21.08,42.171],[22.455,42.431],[22.442,42.236],[22.593,42.106],[22.753,42.106],[23.054,41.847],[23.448,41.782],[23.669,41.522],[24.719,41.717],[25.032,41.652],[25.202,41.782],[26.318,41.782],[26.825,42.106],[27.384,42.106],[27.464,42.106],[27.612,41.976],[27.931,41.976],[27.924,41.911],[28.004,41.911],[28.053,41.587],[28.218,41.652],[28.352,41.392],[28.976,41.263],[29.036,41.068],[27.527,41.068],[27.017,40.679],[26.921,40.485],[26.626,40.744],[26.14,40.614],[26.082,40.874],[25.849,40.938],[24.347,41.003],[24.011,40.744],[23.698,40.809],[23.685,40.614],[23.839,40.55],[23.737,40.226],[22.959,40.42],[22.892,40.614],[22.572,40.55],[22.544,40.096],[22.702,40.096],[22.611,39.902],[23.135,39.45],[22.816,39.385],[22.797,39.062],[22.958,39.126],[23.493,38.868],[23.332,38.803],[23.025,38.933],[22.936,38.739],[23.167,38.674],[23.313,38.481],[23.626,38.481],[23.563,38.739],[24.03,38.674],[24.179,38.545],[24.159,38.222],[23.936,38.416],[23.857,38.416],[23.305,38.351],[23.365,38.029],[23.286,38.029],[23.201,37.9],[23.044,37.9],[23.037,37.771],[23.108,37.642],[23.342,37.642],[23.402,37.319],[23.169,37.319],[23.176,37.448],[22.949,37.577],[22.714,37.577],[22.701,37.319],[22.853,37.255],[23.056,36.675],[22.833,36.868],[22.599,36.868],[22.512,36.675],[22.356,36.675],[22.22,37.062],[21.909,37.062],[21.899,36.868],[21.744,36.868],[21.681,37.19],[21.603,37.19],[21.697,37.513],[21.244,37.835],[21.416,38.158],[21.729,38.158],[21.738,38.351],[21.193,38.416],[20.974,38.739],[20.741,38.803],[20.911,39.062],[20.297,39.385],[20.155,39.708],[19.918,39.708],[19.912,39.579],[19.758,39.644],[19.764,39.773],[20,39.773],[20.009,39.967],[19.63,40.291],[19.471,40.291],[19.486,40.614],[19.249,40.614],[19.255,40.744],[19.498,40.874],[19.438,41.263],[19.523,41.392],[19.444,41.392],[19.53,41.522],[19.45,41.522],[19.542,41.782],[18.852,42.366],[18.143,42.626],[17.992,42.821],[17.593,42.886],[17.508,42.756],[17.516,42.951],[17.355,42.951],[17.365,43.212],[17.122,43.147],[17.051,43.407],[16.727,43.342],[16.734,43.538],[16.575,43.603],[15.927,43.472],[16.012,43.603],[15.857,43.798],[15.695,43.798],[15.619,43.929],[15.375,43.863],[15.459,43.994],[15.219,44.059],[15.147,44.385],[14.909,44.581],[14.919,44.973],[14.516,45.104],[14.603,45.366],[14.196,45.366],[14.189,45.039],[13.946,45.039],[13.943,44.908],[13.781,44.908],[13.706,45.235],[13.544,45.3],[13.547,45.497],[13.71,45.497],[13.715,45.759],[13.145,45.824],[13.06,45.628],[12.817,45.693],[12.652,45.562],[12.163,45.497],[12.16,45.17],[12.403,45.039],[12.4,44.777],[12.157,44.843],[12.154,44.451],[12.313,44.19],[12.873,43.798],[13.036,43.863],[13.034,43.733],[13.355,43.668],[13.673,43.407],[13.747,43.082],[13.985,42.951],[13.901,42.756],[14.056,42.496],[14.371,42.236],[14.531,42.236],[14.608,42.106],[14.769,42.171],[14.766,42.041],[14.924,41.976],[15.165,42.041],[15.241,41.911],[16.119,41.911],[16.115,41.782],[15.874,41.717],[15.944,41.392],[17.203,41.003],[17.511,40.744],[17.981,40.614],[18.438,40.161],[18.349,39.902],[18.112,39.902],[17.813,40.355],[17.418,40.355],[17.345,40.55],[17.028,40.55],[16.868,40.485],[16.945,40.42],[16.862,40.291],[16.624,40.291],[16.697,40.096],[16.457,39.967],[16.447,39.644],[16.916,39.514],[17.07,39.385],[17.138,39.062],[16.502,38.803],[16.492,38.416],[15.933,37.964],[15.698,37.964],[15.624,38.158],[15.389,38.158],[15.066,37.642],[15.059,37.255],[15.214,37.19],[15.05,36.739],[14.661,36.739],[14.278,37.126],[13.578,37.255],[13.192,37.577],[12.49,37.706],[12.492,37.9],[12.65,38.093],[13.04,38.029],[13.12,38.158],[13.355,38.158],[13.665,37.964],[14.056,37.964],[15.862,38.287],[15.95,38.674],[16.265,38.739],[16.27,38.933],[16.117,39.062],[15.899,39.773],[15.666,39.902],[15.748,40.032],[15.432,40.032],[15.199,40.226],[15.041,40.226],[14.893,40.679],[14.418,40.679],[14.422,40.874],[14.105,40.874],[13.951,41.133],[13.792,41.133],[13.715,41.263],[13,41.327],[12.131,41.911],[12.132,42.041],[11.813,42.106],[11.655,42.366],[11.495,42.301],[11.415,42.431],[11.255,42.431],[11.176,42.626],[11.016,42.626],[11.016,42.821],[10.535,43.082],[10.374,43.668],[10.131,44.059],[9.889,43.994],[9.97,44.124],[9.727,44.124],[9.159,44.451],[8.593,44.451],[8.192,44.19],[8.034,43.929],[7.15,43.733],[6.993,43.538],[6.673,43.472],[6.518,43.212],[5.796,43.147],[5.632,43.277],[5.552,43.277],[5.381,43.603],[5.059,43.603],[5.063,43.472],[4.983,43.472],[4.178,43.472],[4.173,43.603],[3.851,43.603],[2.985,43.147],[3.01,42.561],[3.178,42.366],[3.117,41.911],[2.573,41.587],[2.334,41.587],[2.107,41.327],[1.238,41.198],[0.696,40.938],[0.709,40.679],[0.248,40.42],[0.183,40.161],[-0.126,40.032],[-0.345,39.708],[-0.314,39.126],[0.099,38.739],[-0.661,38.287],[-0.803,38.029],[-0.705,37.642],[-1.709,37.448],[-1.623,37.319],[-1.857,37.319],[-2.062,36.804],[-2.532,36.868],[-2.68,36.739],[-4.469,36.739],[-4.689,36.546],[-5.228,36.482],[-5.288,36.224],[-5.662,36.031],[-5.831,36.224],[-6.064,36.224],[-6.33,36.675],[-6.35,36.933],[-6.588,36.997],[-6.842,37.255],[-7.465,37.255],[-7.455,37.126],[-7.678,36.997],[-8.067,36.997],[-8.312,37.126],[-8.701,37.126],[-9.001,36.997],[-8.897,37.577],[-8.819,37.577],[-8.823,38.481],[-9.209,38.416],[-9.233,38.674],[-9.384,38.61],[-9.553,38.739],[-9.572,38.933],[-9.427,39.062],[-9.387,39.45],[-9.157,39.514],[-9.104,39.773],[-9.025,39.773],[-8.925,40.355],[-8.846,40.355],[-8.872,40.614],[-8.727,40.744],[-8.914,41.782],[-8.668,41.717],[-8.356,41.782],[-8.29,41.911],[-7.253,41.911],[-7.186,42.041],[-6.461,41.976],[-5.841,42.171],[-3.115,42.041],[-2.965,42.171],[-2.18,42.366],[-2.114,42.561],[-1.949,42.496],[-1.482,42.691],[-1.491,42.821],[-1.331,42.821],[-1.259,42.951],[-0.938,42.951],[-0.685,42.756],[0.288,42.561],[0.455,42.431],[0.772,42.496],[0.859,42.366],[1.422,42.301],[1.997,41.976],[2.718,41.911],[2.864,42.236],[2.698,42.366],[2.767,42.626],[2.687,42.626],[2.669,43.017],[2.75,43.017],[2.741,43.212],[3.051,43.472],[3.212,43.472],[3.446,43.668],[4.647,43.863],[6.67,43.603],[6.906,43.863],[7.067,43.863],[7.305,44.059],[7.222,44.19],[7.545,44.19],[8.107,44.451],[8.419,45.3],[8.581,45.366],[8.579,45.497],[8.904,45.628],[10.534,45.628],[10.86,45.497],[11.511,45.497],[12.082,45.628],[12.41,45.824],[12.412,45.955],[12.575,45.955],[12.905,46.218],[13.641,46.218],[13.802,46.087],[14.948,46.152],[14.945,46.021],[15.27,45.955],[15.268,45.89],[15.991,45.497],[15.907,45.431],[15.982,45.235],[15.82,45.235],[15.806,44.777]]],[[[9.578,41.976],[9.498,41.976],[9.499,41.782],[9.262,41.392],[9.104,41.327],[8.784,41.522],[8.782,41.717],[8.623,41.717],[8.7,41.911],[8.539,42.106],[8.535,42.496],[8.773,42.691],[9.173,42.756],[9.251,43.017],[9.331,43.017],[9.492,43.017],[9.493,42.756],[9.574,42.756],[9.578,41.976]]],[[[10.134,42.886],[10.214,42.886],[10.455,42.886],[10.455,42.691],[10.215,42.691],[10.134,42.886]]],[[[-0.858,42.951],[-0.938,42.951],[-0.942,43.017],[-0.862,43.017],[-0.858,42.951]]],[[[14.269,44.973],[14.35,44.973],[14.511,44.908],[14.502,44.516],[14.261,44.581],[14.269,44.973]]],[[[27.743,35.902],[27.693,36.288],[28.017,36.482],[28.095,36.482],[28.25,36.482],[28.139,36.031],[27.743,35.902]]],[[[22.887,36.417],[22.965,36.417],[23.117,36.353],[23.107,36.16],[22.874,36.16],[22.887,36.417]]],[[[27.117,36.933],[27.185,36.804],[26.865,36.675],[27.039,36.933],[27.117,36.933]]],[[[25.339,37.126],[25.417,37.126],[25.573,37.126],[25.564,36.997],[25.331,36.997],[25.339,37.126]]],[[[24.283,37.706],[24.361,37.706],[24.432,37.577],[24.272,37.513],[24.201,37.642],[24.283,37.706]]],[[[24.986,37.706],[25.064,37.706],[25.22,37.706],[25.286,37.513],[25.052,37.513],[24.986,37.706]]],[[[26.08,37.706],[26.158,37.706],[26.314,37.706],[26.305,37.577],[25.988,37.513],[26.08,37.706]]],[[[20.613,37.706],[20.621,37.9],[20.699,37.9],[20.934,37.9],[20.922,37.642],[20.613,37.706]]],[[[24.694,38.029],[24.772,38.029],[25.068,37.771],[24.83,37.706],[24.682,37.835],[24.694,38.029]]],[[[28.493,40.355],[28.572,40.355],[28.651,40.355],[28.73,40.355],[28.955,40.226],[29.35,40.226],[29.455,40.485],[29.936,40.55],[29.923,40.42],[30.068,40.291],[30.457,40.226],[30.602,40.096],[30.589,39.967],[31.299,39.967],[31.378,39.967],[31.233,39.32],[31.443,39.062],[31.386,38.481],[30.988,38.416],[30.891,38.222],[30.247,38.029],[30.152,37.835],[30.531,37.706],[30.748,37.513],[30.737,37.384],[31.049,37.384],[31.216,37.513],[31.522,37.448],[31.516,37.384],[31.594,37.384],[31.972,37.255],[32.241,36.804],[31.769,36.739],[31.691,36.739],[31.086,36.933],[30.619,36.933],[30.492,36.353],[30.026,36.353],[29.938,36.224],[29.24,36.224],[29.125,36.739],[28.357,36.868],[28.187,36.675],[28.031,36.675],[28.138,37.062],[28.065,37.126],[27.598,37.126],[27.539,37.384],[27.223,37.319],[27.31,37.448],[27.163,37.577],[27.256,37.771],[27.178,37.771],[27.275,38.029],[26.889,38.093],[26.82,38.222],[26.429,38.222],[26.453,38.545],[26.374,38.545],[26.462,38.674],[26.595,38.351],[27.065,38.351],[27.08,38.545],[26.849,38.61],[26.958,38.997],[26.879,38.997],[26.894,39.191],[26.742,39.256],[26.847,39.579],[26.132,39.514],[26.168,39.967],[26.247,39.967],[26.272,40.291],[26.605,40.485],[26.684,40.485],[26.673,40.355],[27.47,40.42],[27.617,40.291],[27.696,40.291],[28.17,40.291],[28.182,40.42],[28.261,40.42],[28.34,40.42],[28.334,40.355],[28.413,40.355],[28.493,40.355]]],[[[25.899,38.481],[25.821,38.481],[25.913,38.674],[25.991,38.674],[26.217,38.545],[26.111,38.158],[25.876,38.158],[25.899,38.481]]],[[[23.567,38.803],[23.563,38.739],[23.485,38.739],[23.489,38.803],[23.567,38.803]]],[[[24.365,38.997],[24.444,38.997],[24.675,38.933],[24.662,38.739],[24.357,38.868],[24.365,38.997]]],[[[25.067,40.032],[25.146,40.032],[25.462,40.032],[25.447,39.838],[24.974,39.838],[25.067,40.032]]]]}},{"type":"Feature","id":"cliopatria-9056568796cf7aa8b5d2a4dc","properties":{"NAME":"Seleucid Empire","ABBREVN":null,"CONTROL":null,"SUBJECTO":"Seleucid Empire","PARTOF":null,"BORDERPRECISION":1,"FromYear":-110,"ToYear":-92,"Area":91728.2874878467,"Type":"POLITY","Wikipedia":"Seleucid dynasty","Wikidata":"Q705904","SeshatID":"ir_seleucid_emp","Components":"","MemberOf":"","sourceFeatureId":"cliopatria-9056568796cf7aa8b5d2a4dc","datasetId":"cliopatria"},"geometry":{"type":"MultiPolygon","coordinates":[[[[38.479,34.229],[38.472,34.165],[37.99,33.972],[37.739,33.779],[37.726,33.65],[37.573,33.65],[37.073,33.264],[37.054,33.072],[36.901,33.072],[36.812,32.943],[36.698,32.557],[36.692,32.493],[36.552,32.622],[36.322,32.622],[35.928,32.493],[35.875,32.75],[35.498,32.814],[35.316,32.493],[34.923,32.365],[34.846,32.365],[34.863,32.557],[35.022,32.622],[35.056,33.007],[35.215,33.072],[35.398,33.393],[35.346,33.65],[35.499,33.65],[35.447,33.907],[35.684,33.972],[35.644,34.358],[35.792,34.293],[36.049,34.551],[36.068,34.744],[35.927,34.872],[35.96,35.194],[35.882,35.194],[35.993,35.516],[35.845,35.58],[35.99,36.224],[35.842,36.288],[36.265,36.61],[36.286,36.804],[36.145,36.933],[36.06,36.868],[35.982,36.868],[35.996,36.997],[36.159,37.062],[37.198,36.61],[37.523,36.739],[37.601,36.739],[38.161,36.868],[38.13,36.61],[38.208,36.61],[38.07,36.095],[38.266,35.773],[38.08,34.808],[38.332,34.293],[38.479,34.229]]]]}},{"type":"Feature","id":"cliopatria-d25f90b636884e7cd6180181","properties":{"NAME":"Xiongnu","ABBREVN":null,"CONTROL":null,"SUBJECTO":"Xiongnu","PARTOF":null,"BORDERPRECISION":1,"FromYear":-110,"ToYear":-92,"Area":3324000.235058669,"Type":"POLITY","Wikipedia":"Xiongnu","Wikidata":"Q188836","SeshatID":"mn_hunnu_emp","Components":"","MemberOf":"","sourceFeatureId":"cliopatria-d25f90b636884e7cd6180181","datasetId":"cliopatria"},"geometry":{"type":"MultiPolygon","coordinates":[[[[98.836,54.071],[100.48,54.071],[100.43,54.003],[101.763,53.935],[101.712,53.868],[104.34,53.462],[104.289,53.395],[104.962,53.26],[104.911,53.192],[105.083,53.192],[105.032,53.125],[106.408,52.788],[105.915,52.586],[105.265,52.049],[104.44,51.848],[103.845,51.848],[103.572,51.58],[104.118,51.513],[104.072,51.447],[104.834,51.447],[105.74,51.647],[106.006,51.781],[106.398,52.318],[106.825,52.318],[106.925,52.452],[107.096,52.452],[107.045,52.385],[107.216,52.385],[107.166,52.318],[107.627,52.25],[107.577,52.183],[107.953,52.116],[107.903,52.049],[108.073,52.049],[108.024,51.982],[109.234,51.781],[109.184,51.714],[109.404,51.781],[109.389,51.647],[109.778,51.714],[109.678,51.58],[110.018,51.58],[109.968,51.513],[110.511,51.447],[110.461,51.38],[111.562,51.38],[111.512,51.313],[113.476,51.112],[113.425,51.046],[113.594,51.046],[113.544,50.979],[113.712,50.979],[113.662,50.912],[113.831,50.912],[113.815,50.779],[114.136,50.645],[114.037,50.512],[114.121,50.512],[114.008,50.246],[114.092,50.246],[113.166,49.184],[112,48.324],[111.121,47.994],[108.762,47.532],[108.146,47.203],[108.148,47.072],[107.943,47.006],[107.823,46.809],[107.498,46.677],[105.304,46.152],[104.143,45.693],[104.151,45.562],[103.804,45.235],[103.288,45.039],[103.063,44.777],[102.974,44.32],[103.065,44.19],[102.958,43.994],[103.039,43.994],[102.934,43.798],[103.025,43.668],[102.885,43.407],[102.483,42.951],[101.249,42.106],[100.863,41.652],[100.504,40.744],[99.65,40.096],[99.621,40.032],[98.503,40.355],[98.274,40.55],[97.908,40.614],[97.888,40.744],[97.601,40.809],[97.63,40.874],[96.897,41.003],[96.926,41.068],[95.23,41.003],[93.687,40.744],[93.715,40.809],[93.268,40.874],[93.296,40.938],[92.48,41.068],[91.868,40.938],[91.148,40.55],[90.828,39.967],[90.907,39.967],[90.881,39.708],[90.568,39.514],[90.489,39.514],[89.175,39.579],[87.487,39.902],[85.514,39.902],[85.228,39.773],[82.881,39.385],[82.082,39.126],[79.859,39.062],[78.923,39.32],[78.581,39.708],[78.423,39.708],[78.275,39.967],[78.117,39.967],[77.969,40.226],[77.811,40.226],[77.291,41.003],[77.132,41.003],[77.374,41.457],[76.817,41.457],[76.864,41.587],[76.625,41.587],[76.615,41.782],[76.798,41.847],[76.16,41.847],[76.128,41.976],[76.278,42.171],[76.142,42.236],[76.158,42.496],[75.814,42.431],[75.701,42.561],[75.878,42.821],[75.629,43.017],[75.252,43.082],[75.14,43.212],[75.188,43.342],[75.108,43.342],[75.205,43.603],[74.795,43.798],[74.998,44.124],[74.563,44.255],[74.443,44.581],[74.088,44.712],[73.975,44.843],[74.024,44.973],[73.943,44.973],[74.13,45.039],[74.255,45.366],[74.117,45.431],[74.319,45.955],[74.753,46.021],[74.881,46.349],[75.317,46.415],[75.451,46.546],[77.391,46.48],[77.364,46.415],[77.829,46.349],[77.802,46.283],[78.456,46.283],[78.975,46.349],[79.086,46.612],[79.25,46.612],[79.334,46.809],[78.705,46.874],[78.102,46.612],[77.91,46.743],[76.734,46.677],[76.761,46.743],[76.351,46.743],[76.323,46.874],[74.407,46.809],[74.565,47.203],[74.944,47.73],[75.495,48.06],[76.416,48.853],[77.32,49.383],[77.381,49.515],[78.519,49.98],[79.784,50.845],[80.359,50.979],[80.412,51.246],[80.65,51.38],[82.124,51.915],[86.881,53.057],[87.647,53.327],[88.977,53.53],[89.063,53.665],[89.451,53.597],[91.437,53.868],[93.941,53.868],[95.377,54.071],[98.75,54.071],[98.836,54.071]]],[[[109.524,51.714],[109.439,51.714],[109.489,51.781],[109.574,51.781],[109.524,51.714]]]]}},{"type":"Feature","id":"cliopatria-625977ff97db095dfb0261d1","properties":{"NAME":"Yuezhi","ABBREVN":null,"CONTROL":null,"SUBJECTO":"Yuezhi","PARTOF":null,"BORDERPRECISION":1,"FromYear":-110,"ToYear":-92,"Area":460804.48158326757,"Type":"POLITY","Wikipedia":"Yuezhi","Wikidata":"Q467985","SeshatID":"af_tocharian","Components":"","MemberOf":"","sourceFeatureId":"cliopatria-625977ff97db095dfb0261d1","datasetId":"cliopatria"},"geometry":{"type":"MultiPolygon","coordinates":[[[[73.684,40.42],[73.858,40.226],[73.874,40.032],[74.032,40.032],[73.871,39.773],[73.95,39.773],[73.868,39.514],[73.69,39.45],[73.63,39.256],[73.748,39.126],[73.494,38.545],[72.663,37.835],[72.398,37.448],[71.825,37.062],[71.661,36.739],[71.249,36.353],[71.244,36.031],[71.672,35.58],[71.605,35.001],[71.943,34.808],[71.495,34.229],[71.479,34.165],[70.956,34.229],[70.772,34.1],[70.818,33.972],[70.573,33.907],[69.988,34.036],[69.739,34.293],[66.814,34.293],[66.689,34.422],[66.038,34.615],[66.066,34.744],[65.926,34.808],[65.618,34.808],[65.415,34.937],[65.092,34.872],[64.854,35.194],[64.829,35.773],[64.751,35.773],[65.138,38.674],[65.155,38.739],[65.077,38.739],[65.144,38.997],[65.065,38.997],[65.282,39.514],[65.203,39.514],[65.291,39.838],[65.564,39.967],[65.883,40.809],[65.962,40.809],[66.653,41.263],[66.891,41.263],[67.01,41.392],[67.806,41.652],[68.819,41.327],[68.898,41.327],[68.857,40.938],[69.332,40.42],[69.273,40.226],[68.997,40.096],[68.959,39.967],[69.334,39.902],[69.592,39.708],[70.558,39.773],[70.755,39.902],[70.814,40.096],[70.952,40.032],[70.913,39.902],[71.071,39.902],[71.209,40.096],[71.961,40.226],[73.019,40.809],[73.099,40.809],[73.135,40.679],[73.684,40.42]]]]}},{"type":"Feature","id":"cliopatria-0cda3ae26857e067b582c285","properties":{"NAME":"Kingdom of Sophene","ABBREVN":null,"CONTROL":null,"SUBJECTO":"Kingdom of Sophene","PARTOF":null,"BORDERPRECISION":1,"FromYear":-110,"ToYear":-88,"Area":16750.49747039482,"Type":"POLITY","Wikipedia":"Kingdom of Sophene","Wikidata":"Q2626105","SeshatID":"","Components":"","MemberOf":"","sourceFeatureId":"cliopatria-0cda3ae26857e067b582c285","datasetId":"cliopatria"},"geometry":{"type":"MultiPolygon","coordinates":[[[[40.52,38.222],[39.38,38.481],[39.232,38.545],[39.25,38.674],[39.11,38.803],[38.814,38.933],[38.954,39.385],[39.209,39.514],[39.751,39.45],[39.848,39.579],[40.478,39.579],[40.51,39.256],[40.658,39.191],[40.514,38.739],[40.52,38.222]]]]}},{"type":"Feature","id":"cliopatria-fb5916e4174c7f289f5211e3","properties":{"NAME":"Himyarite Kingdom","ABBREVN":null,"CONTROL":null,"SUBJECTO":"Himyarite Kingdom","PARTOF":null,"BORDERPRECISION":1,"FromYear":-110,"ToYear":-67,"Area":73040.87784153922,"Type":"POLITY","Wikipedia":"Himyarite Kingdom","Wikidata":"Q289577","SeshatID":"","Components":"","MemberOf":"","sourceFeatureId":"cliopatria-fb5916e4174c7f289f5211e3","datasetId":"cliopatria"},"geometry":{"type":"MultiPolygon","coordinates":[[[[45.669,14.815],[45.816,14.815],[45.946,14.493],[46.163,14.429],[46.2,13.722],[46.047,13.593],[46.111,13.4],[45.741,13.336],[45.054,12.757],[43.802,12.629],[43.439,12.693],[43.447,12.886],[43.236,13.079],[43.265,13.722],[43.057,13.979],[42.886,15.008],[42.89,15.072],[44.29,15.136],[44.417,14.75],[44.928,14.686],[45.008,14.815],[45.081,14.815],[45.596,14.815],[45.669,14.815]]]]}},{"type":"Feature","id":"cliopatria-a479fcb0f87c5735077ac23b","properties":{"NAME":"Qataban","ABBREVN":null,"CONTROL":null,"SUBJECTO":"Qataban","PARTOF":null,"BORDERPRECISION":1,"FromYear":-110,"ToYear":-67,"Area":11665.79026939274,"Type":"POLITY","Wikipedia":"Qataban","Wikidata":"Q748595","SeshatID":"","Components":"","MemberOf":"","sourceFeatureId":"cliopatria-a479fcb0f87c5735077ac23b","datasetId":"cliopatria"},"geometry":{"type":"MultiPolygon","coordinates":[[[[45.081,14.815],[45.008,14.815],[44.928,14.686],[44.417,14.75],[44.29,15.136],[45.025,15.136],[45.179,15.265],[45.848,15.393],[45.855,15.522],[46.149,15.522],[46.58,15.329],[46.576,15.265],[46.341,15.008],[45.599,14.879],[45.596,14.815],[45.081,14.815]]]]}},{"type":"Feature","id":"cliopatria-c84a5446c7f829f3ed867990","properties":{"NAME":"Sabaeans","ABBREVN":null,"CONTROL":null,"SUBJECTO":"Sabaeans","PARTOF":null,"BORDERPRECISION":1,"FromYear":-110,"ToYear":-67,"Area":35661.22854418039,"Type":"POLITY","Wikipedia":"Sabaeans","Wikidata":"Q940785","SeshatID":"","Components":"","MemberOf":"","sourceFeatureId":"cliopatria-c84a5446c7f829f3ed867990","datasetId":"cliopatria"},"geometry":{"type":"MultiPolygon","coordinates":[[[[45.215,15.908],[45.288,15.908],[45.366,15.972],[45.579,15.843],[46.021,15.843],[46.175,15.972],[46.396,15.972],[46.47,15.972],[46.381,15.715],[46.149,15.522],[45.855,15.522],[45.848,15.393],[45.179,15.265],[45.025,15.136],[44.29,15.136],[42.89,15.072],[42.816,15.072],[42.766,15.522],[42.692,15.522],[42.81,16.358],[42.813,16.422],[43.108,16.422],[43.392,16.229],[44.125,16.165],[44.331,15.908],[45.215,15.908]]]]}},{"type":"Feature","id":"cliopatria-a1cdef600d23f89ee259de80","properties":{"NAME":"Great Yuan","ABBREVN":null,"CONTROL":null,"SUBJECTO":"Great Yuan","PARTOF":null,"BORDERPRECISION":1,"FromYear":-110,"ToYear":-64,"Area":50986.250453934656,"Type":"POLITY","Wikipedia":"Yuan dynasty","Wikidata":"Q7313","SeshatID":"","Components":"","MemberOf":"","sourceFeatureId":"cliopatria-a1cdef600d23f89ee259de80","datasetId":"cliopatria"},"geometry":{"type":"MultiPolygon","coordinates":[[[[71.92,41.327],[72,41.327],[72.232,41.068],[72.47,41.068],[72.723,40.874],[73.041,40.874],[73.019,40.809],[71.961,40.226],[71.209,40.096],[71.071,39.902],[70.913,39.902],[70.952,40.032],[70.814,40.096],[70.755,39.902],[70.558,39.773],[69.592,39.708],[69.334,39.902],[68.959,39.967],[68.997,40.096],[69.273,40.226],[69.332,40.42],[68.857,40.938],[68.898,41.327],[68.978,41.327],[69.4,41.652],[69.819,41.717],[70.016,41.587],[71.63,41.652],[71.92,41.327]]]]}},{"type":"Feature","id":"cliopatria-93c2e9ec04dc636144ee421d","properties":{"NAME":"Ptolemaic Kingdom","ABBREVN":null,"CONTROL":null,"SUBJECTO":"Ptolemaic Kingdom","PARTOF":null,"BORDERPRECISION":1,"FromYear":-110,"ToYear":-32,"Area":565937.5694190675,"Type":"POLITY","Wikipedia":"Ptolemaic Kingdom","Wikidata":"Q2320005","SeshatID":"eg_ptolemaic_k_2","Components":"","MemberOf":"","sourceFeatureId":"cliopatria-93c2e9ec04dc636144ee421d","datasetId":"cliopatria"},"geometry":{"type":"MultiPolygon","coordinates":[[[[29.882,31.272],[30.339,31.272],[30.271,31.4],[30.352,31.465],[30.809,31.465],[30.966,31.529],[30.975,31.658],[31.203,31.658],[31.118,31.529],[31.266,31.465],[31.875,31.465],[31.781,31.208],[31.937,31.272],[32,31.079],[32.304,31.079],[32.237,31.208],[32.389,31.208],[32.532,31.079],[32.765,31.143],[32.832,31.015],[33.369,31.079],[33.445,31.079],[33.33,30.565],[33.075,30.179],[32.602,29.922],[32.526,29.922],[32.429,29.601],[32.639,29.344],[32.689,28.958],[32.836,28.894],[33.105,28.38],[33.609,27.994],[33.585,27.608],[33.799,27.415],[33.927,27.029],[34.073,26.965],[34.051,26.579],[34.197,26.515],[34.461,25.872],[34.608,25.808],[35.146,24.651],[35.86,24.008],[35.854,23.879],[35.559,23.943],[35.553,23.815],[35.108,23.879],[33.756,23.686],[33.682,23.686],[33.389,23.815],[32.041,23.686],[31.67,23.751],[30.537,23.365],[30.463,23.365],[30.395,23.558],[30.104,23.751],[30.109,23.879],[29.959,23.879],[29.673,24.201],[28.569,24.651],[28.289,25.165],[28.244,25.936],[28.345,26.579],[28.27,26.579],[28.154,27.351],[27.937,27.544],[27.711,27.544],[27.792,27.672],[27.43,27.994],[27.276,27.93],[27.285,28.122],[27.14,28.251],[25.586,28.958],[25.373,29.279],[24.849,29.408],[24.852,29.472],[24.863,29.729],[24.72,29.922],[24.743,30.436],[24.983,30.694],[24.864,31.4],[25.102,31.593],[25.178,31.593],[25.248,31.465],[26.848,31.465],[27.297,31.336],[27.515,31.143],[28.496,31.015],[28.865,30.822],[29.397,30.822],[29.485,31.015],[29.789,31.015],[29.878,31.208],[29.882,31.272]]],[[[34.387,35.709],[34.542,35.709],[34.529,35.58],[33.957,35.258],[34.087,35.001],[33.695,34.937],[33.523,34.744],[33.132,34.679],[33.044,34.551],[32.367,34.744],[32.229,34.937],[32.246,35.13],[32.555,35.13],[32.875,35.258],[32.887,35.387],[33.737,35.387],[34.31,35.709],[34.387,35.709]]]]}}]}
