{"type":"FeatureCollection","name":"Seshat Cliopatria -300–-201","datasetId":"cliopatria","startYear":-300,"endYear":-201,"features":[{"type":"Feature","id":"cliopatria-bdb85e41bf11d04c13ad49e8","properties":{"NAME":"Kingdom of Kush","ABBREVN":null,"CONTROL":null,"SUBJECTO":"Kingdom of Kush","PARTOF":null,"BORDERPRECISION":1,"FromYear":-630,"ToYear":337,"Area":336379.15609700844,"Type":"POLITY","Wikipedia":"Kingdom of Kush","Wikidata":"Q241790","SeshatID":"","Components":"","MemberOf":"","sourceFeatureId":"cliopatria-bdb85e41bf11d04c13ad49e8","datasetId":"cliopatria"},"geometry":{"type":"MultiPolygon","coordinates":[[[[33.838,22.079],[33.763,22.079],[33.835,22.015],[33.745,21.629],[33.82,21.629],[34.258,19.636],[34.469,19.379],[34.597,18.929],[34.879,18.608],[34.939,18.286],[35.3,18.093],[35.501,17.643],[36.003,17.322],[36.054,16.808],[35.671,16.486],[34.714,16.486],[34.556,16.229],[34.684,15.779],[34.098,15.843],[33.862,15.458],[32.529,15.2],[32.533,15.329],[32.094,15.393],[31.734,15.586],[31.527,15.972],[31.536,16.229],[31.394,16.358],[31.477,16.615],[31.337,16.808],[31.221,17.643],[31.147,17.643],[30.877,20.343],[30.803,20.343],[30.818,20.793],[30.744,20.793],[30.762,21.308],[30.688,21.308],[30.636,21.951],[30.561,21.951],[30.721,22.272],[30.742,22.851],[30.535,23.301],[30.537,23.365],[31.67,23.751],[32.041,23.686],[33.389,23.815],[33.682,23.686],[33.679,23.622],[33.823,23.493],[33.809,23.172],[33.883,23.172],[33.84,22.143],[33.838,22.079]]]]}},{"type":"Feature","id":"cliopatria-dedf049706b58af753bc3f45","properties":{"NAME":"Zapotec Civilization","ABBREVN":null,"CONTROL":null,"SUBJECTO":"Zapotec Civilization","PARTOF":null,"BORDERPRECISION":1,"FromYear":-500,"ToYear":-292,"Area":6447.078460848409,"Type":"POLITY","Wikipedia":"Zapotec civilization","Wikidata":"Q844750","SeshatID":"mx_monte_alban_1_early","Components":"","MemberOf":"","sourceFeatureId":"cliopatria-dedf049706b58af753bc3f45","datasetId":"cliopatria"},"geometry":{"type":"MultiPolygon","coordinates":[[[[-97.18,17.129],[-97.19,17.193],[-97.349,17.258],[-97.37,17.386],[-97.233,17.45],[-97.413,17.643],[-96.96,17.579],[-96.908,17.708],[-96.864,17.45],[-96.305,17.193],[-96.263,16.936],[-96.558,16.936],[-96.537,16.808],[-96.896,16.743],[-97.18,17.129]]]]}},{"type":"Feature","id":"cliopatria-097ce9aab809884c9537e23a","properties":{"NAME":"Xu","ABBREVN":null,"CONTROL":null,"SUBJECTO":"Xu","PARTOF":"(Warring States China)","BORDERPRECISION":1,"FromYear":-404,"ToYear":-292,"Area":3139.4815438012392,"Type":"POLITY","Wikipedia":"Xu (state)","Wikidata":"Q2650109","SeshatID":"","Components":"","MemberOf":"(Warring States China)","sourceFeatureId":"cliopatria-097ce9aab809884c9537e23a","datasetId":"cliopatria"},"geometry":{"type":"MultiPolygon","coordinates":[[[[117.213,35.323],[117.157,35.194],[117.312,35.194],[117.41,35.065],[117.018,34.872],[116.765,35.001],[116.743,35.13],[116.589,35.13],[116.518,35.323],[117.066,35.516],[117.213,35.323]]]]}},{"type":"Feature","id":"cliopatria-ef9a4a9140f55a42d95b98b8","properties":{"NAME":"Yan","ABBREVN":null,"CONTROL":null,"SUBJECTO":"Yan","PARTOF":"(Warring States China)","BORDERPRECISION":1,"FromYear":-404,"ToYear":-292,"Area":39183.14768021508,"Type":"POLITY","Wikipedia":"Yan (state)","Wikidata":"Q1472004","SeshatID":"","Components":"","MemberOf":"(Warring States China)","sourceFeatureId":"cliopatria-ef9a4a9140f55a42d95b98b8","datasetId":"cliopatria"},"geometry":{"type":"MultiPolygon","coordinates":[[[[119.319,39.514],[119.284,39.45],[118.989,39.191],[118.45,39.062],[118.057,39.062],[118.046,39.191],[117.888,39.191],[117.676,38.933],[117.622,38.674],[117.197,38.61],[117.119,38.61],[117.106,38.739],[116.87,38.739],[116.903,38.803],[116.7,38.868],[116.933,39.32],[116.798,39.514],[117.014,39.773],[116.926,39.902],[117.03,40.096],[117.066,40.161],[117.567,40.355],[119.344,40.42],[121.227,40.938],[120.647,40.485],[120.5,40.226],[119.38,39.773],[119.319,39.514]]]]}},{"type":"Feature","id":"cliopatria-be1e247a0351b358a3ee4dc4","properties":{"NAME":"Lu","ABBREVN":null,"CONTROL":null,"SUBJECTO":"Lu","PARTOF":"(Warring States China)","BORDERPRECISION":1,"FromYear":-404,"ToYear":-285,"Area":8797.735973466808,"Type":"POLITY","Wikipedia":"Lu (state)","Wikidata":"Q555994","SeshatID":"","Components":"","MemberOf":"(Warring States China)","sourceFeatureId":"cliopatria-be1e247a0351b358a3ee4dc4","datasetId":"cliopatria"},"geometry":{"type":"MultiPolygon","coordinates":[[[[116.968,35.645],[117.066,35.516],[116.518,35.323],[116.286,35.323],[116.215,35.516],[116.06,35.516],[115.962,35.645],[116.046,35.838],[115.765,35.902],[115.802,36.16],[115.647,36.16],[115.675,36.224],[116.228,36.417],[116.199,36.353],[116.48,36.288],[116.5,36.16],[116.907,36.031],[116.85,35.902],[117.025,35.773],[116.968,35.645]]]]}},{"type":"Feature","id":"cliopatria-14d230c6ae107b09a1c616c5","properties":{"NAME":"Minaeans","ABBREVN":null,"CONTROL":null,"SUBJECTO":"Minaeans","PARTOF":null,"BORDERPRECISION":1,"FromYear":-383,"ToYear":-189,"Area":28483.780615845044,"Type":"POLITY","Wikipedia":"Minaeans","Wikidata":"Q1177379","SeshatID":"","Components":"","MemberOf":"","sourceFeatureId":"cliopatria-14d230c6ae107b09a1c616c5","datasetId":"cliopatria"},"geometry":{"type":"MultiPolygon","coordinates":[[[[44.813,16.615],[44.81,16.55],[45.226,16.1],[45.218,15.972],[45.215,15.908],[44.331,15.908],[44.125,16.165],[43.392,16.229],[43.108,16.422],[42.813,16.422],[42.817,16.486],[42.757,16.743],[42.477,17],[42.487,17.193],[42.635,17.193],[43.022,17.515],[43.033,17.708],[43.25,17.643],[43.479,17.772],[43.9,17.386],[43.818,17.258],[44.088,16.808],[44.312,16.872],[44.305,16.743],[44.813,16.615]]]]}},{"type":"Feature","id":"cliopatria-ba0c6b204ca692a90f591a3a","properties":{"NAME":"Cimmerian Bosporus","ABBREVN":null,"CONTROL":null,"SUBJECTO":"Cimmerian Bosporus","PARTOF":null,"BORDERPRECISION":1,"FromYear":-366,"ToYear":-231,"Area":6621.363391025778,"Type":"POLITY","Wikipedia":"Bosporan Kingdom","Wikidata":"Q321371","SeshatID":"","Components":"","MemberOf":"","sourceFeatureId":"cliopatria-ba0c6b204ca692a90f591a3a","datasetId":"cliopatria"},"geometry":{"type":"MultiPolygon","coordinates":[[[[37.327,44.973],[37.104,45.104],[36.779,45.104],[36.749,45.431],[36.912,45.431],[36.972,45.3],[37.786,45.3],[37.934,44.712],[37.528,44.712],[37.316,44.908],[37.327,44.973]]],[[[36.087,45.366],[36.423,45.431],[36.373,45.104],[35.875,45.039],[35.732,45.17],[35.407,45.17],[35.388,45.039],[35.216,44.973],[35.235,45.104],[35.154,45.104],[35.183,45.3],[36.006,45.366],[36.087,45.366]]]]}},{"type":"Feature","id":"cliopatria-bbe9bafec277d02f47edc876","properties":{"NAME":"Qi","ABBREVN":null,"CONTROL":null,"SUBJECTO":"Qi","PARTOF":"(Warring States China)","BORDERPRECISION":1,"FromYear":-350,"ToYear":-292,"Area":119997.6302604539,"Type":"POLITY","Wikipedia":"Qi (state)","Wikidata":"Q1143524","SeshatID":"cn_qi_warring_states","Components":"","MemberOf":"(Warring States China)","sourceFeatureId":"cliopatria-bbe9bafec277d02f47edc876","datasetId":"cliopatria"},"geometry":{"type":"MultiPolygon","coordinates":[[[[119.131,38.093],[119.209,38.093],[119.177,38.029],[119.457,37.964],[119.393,37.835],[119.237,37.835],[118.984,37.319],[119.14,37.319],[119.156,37.19],[119.701,37.19],[119.827,37.448],[120.202,37.577],[120.188,37.706],[120.754,37.9],[121.112,37.835],[121.171,37.642],[121.483,37.642],[121.497,37.513],[122.154,37.577],[122.121,37.513],[122.713,37.448],[122.442,37.062],[122.566,36.997],[122.503,36.868],[122.161,36.804],[122.146,36.933],[121.912,36.933],[121.212,36.61],[120.979,36.61],[120.965,36.417],[120.732,36.417],[120.659,36.095],[120.318,36.031],[120.075,35.838],[120.045,35.773],[119.532,35.838],[119.009,35.709],[117.966,34.744],[117.531,34.808],[117.537,35.001],[117.41,35.065],[117.312,35.194],[117.157,35.194],[117.213,35.323],[117.066,35.516],[116.968,35.645],[117.025,35.773],[116.85,35.902],[116.907,36.031],[116.5,36.16],[116.48,36.288],[116.199,36.353],[116.228,36.417],[115.675,36.224],[115.598,36.224],[115.626,36.288],[115.655,36.353],[115.578,36.353],[115.607,36.417],[116.123,36.868],[116.615,37.255],[117.197,38.61],[117.23,38.674],[117.622,38.674],[117.602,38.481],[118.054,38.287],[118.067,38.158],[118.583,38.093],[118.648,38.222],[118.804,38.222],[118.772,38.158],[119.131,38.093]]]]}},{"type":"Feature","id":"cliopatria-614a0a76ad900ae9d2cdc04d","properties":{"NAME":"Song","ABBREVN":null,"CONTROL":null,"SUBJECTO":"Song","PARTOF":"(Warring States China)","BORDERPRECISION":1,"FromYear":-350,"ToYear":-292,"Area":34773.42099123452,"Type":"POLITY","Wikipedia":"Song (state)","Wikidata":"Q7462","SeshatID":"","Components":"","MemberOf":"(Warring States China)","sourceFeatureId":"cliopatria-614a0a76ad900ae9d2cdc04d","datasetId":"cliopatria"},"geometry":{"type":"MultiPolygon","coordinates":[[[[117.41,35.065],[117.537,35.001],[117.531,34.808],[117.966,34.744],[117.724,34.358],[117.516,34.229],[117.231,34.1],[116.616,34.1],[116.107,34.358],[115.595,34.422],[115.494,34.551],[114.647,34.551],[114.341,34.744],[114.472,34.872],[114.499,34.937],[114.994,35.194],[115.076,35.387],[114.828,35.709],[115.647,36.16],[115.802,36.16],[115.765,35.902],[116.046,35.838],[115.962,35.645],[116.06,35.516],[116.215,35.516],[116.286,35.323],[116.518,35.323],[116.589,35.13],[116.743,35.13],[116.765,35.001],[117.018,34.872],[117.41,35.065]]]]}},{"type":"Feature","id":"cliopatria-a2e0eec8bd4f1728bc8a71b1","properties":{"NAME":"Wey","ABBREVN":null,"CONTROL":null,"SUBJECTO":"Wey","PARTOF":"(Warring States China)","BORDERPRECISION":1,"FromYear":-350,"ToYear":-285,"Area":5529.404838142974,"Type":"POLITY","Wikipedia":"Wey (state)","Wikidata":"Q1147897","SeshatID":"","Components":"","MemberOf":"(Warring States China)","sourceFeatureId":"cliopatria-a2e0eec8bd4f1728bc8a71b1","datasetId":"cliopatria"},"geometry":{"type":"MultiPolygon","coordinates":[[[[114.582,36.031],[114.61,36.095],[115.364,36.739],[115.607,36.417],[115.578,36.353],[115.655,36.353],[115.626,36.288],[115.598,36.224],[115.675,36.224],[115.647,36.16],[114.828,35.709],[114.582,36.031]]]]}},{"type":"Feature","id":"cliopatria-1aa05e3f28f28fcc0077f5a5","properties":{"NAME":"Later Zhou","ABBREVN":null,"CONTROL":null,"SUBJECTO":"Later Zhou","PARTOF":"(Warring States China)","BORDERPRECISION":1,"FromYear":-350,"ToYear":-257,"Area":3965.568753640481,"Type":"POLITY","Wikipedia":"Later Zhou","Wikidata":"Q1154556","SeshatID":"cn_eastern_zhou_warring_states","Components":"","MemberOf":"(Warring States China)","sourceFeatureId":"cliopatria-1aa05e3f28f28fcc0077f5a5","datasetId":"cliopatria"},"geometry":{"type":"MultiPolygon","coordinates":[[[[112.239,35.258],[112.266,35.323],[112.32,35.451],[113.093,35.451],[113.403,35.451],[113.53,35.387],[113.476,35.258],[113.422,35.13],[112.186,35.13],[112.239,35.258]]]]}},{"type":"Feature","id":"cliopatria-1e17fa0bf3012f46ecb3ab45","properties":{"NAME":"Scythia","ABBREVN":null,"CONTROL":null,"SUBJECTO":"Scythia","PARTOF":null,"BORDERPRECISION":1,"FromYear":-350,"ToYear":-226,"Area":365503.7111470419,"Type":"POLITY","Wikipedia":"Scythians","Wikidata":"Q131802","SeshatID":"ua_skythian_k_3","Components":"","MemberOf":"","sourceFeatureId":"cliopatria-1e17fa0bf3012f46ecb3ab45","datasetId":"cliopatria"},"geometry":{"type":"MultiPolygon","coordinates":[[[[32.15,46.155],[31.564,46.258],[31.509,46.373],[32.012,46.204],[32.15,46.155]]],[[[37.34,46.917],[36.795,46.714],[35.827,46.624],[35.132,46.126],[35.015,46.106],[35.28,46.279],[35.23,46.441],[34.85,46.19],[34.907,45.879],[35.248,45.46],[35.046,45.325],[34.569,45.129],[33.262,45.171],[32.508,45.404],[33.665,45.947],[33.594,46.096],[33.43,46.058],[33.202,46.176],[32.477,46.084],[31.831,46.282],[32.008,46.43],[31.555,46.554],[32.361,46.475],[32.578,46.616],[32.258,46.579],[32.81,46.835],[32.651,47.106],[31.842,47.347],[30.903,47.183],[30.004,46.819],[29.204,46.866],[27.638,47.516],[26.762,48.157],[26.337,49.052],[26.337,49.468],[26.974,50.475],[28.647,51.046],[30.558,51.312],[31.991,51.362],[32.734,51.246],[35.76,49.897],[38.945,47.971],[38.387,47.699],[37.511,47.507],[37.536,47.069],[37.34,46.917]]]]}},{"type":"Feature","id":"cliopatria-2f50e8ce3c9d1f7cf4dba6f7","properties":{"NAME":"Qataban","ABBREVN":null,"CONTROL":null,"SUBJECTO":"Qataban","PARTOF":null,"BORDERPRECISION":1,"FromYear":-350,"ToYear":-111,"Area":11919.552361296885,"Type":"POLITY","Wikipedia":"Qataban","Wikidata":"Q748595","SeshatID":"ye_qatabanian_commonwealth","Components":"","MemberOf":"","sourceFeatureId":"cliopatria-2f50e8ce3c9d1f7cf4dba6f7","datasetId":"cliopatria"},"geometry":{"type":"MultiPolygon","coordinates":[[[[45.155,14.815],[44.777,14.622],[44.206,14.943],[44.286,15.072],[44.29,15.136],[45.025,15.136],[45.179,15.265],[45.848,15.393],[45.855,15.522],[46.149,15.522],[46.58,15.329],[46.576,15.265],[46.341,15.008],[45.75,14.943],[45.298,14.75],[45.228,14.815],[45.155,14.815]]]]}},{"type":"Feature","id":"cliopatria-203d76aa023def8462845ad4","properties":{"NAME":"Sabaeans","ABBREVN":null,"CONTROL":null,"SUBJECTO":"Sabaeans","PARTOF":null,"BORDERPRECISION":1,"FromYear":-350,"ToYear":-111,"Area":35605.01064592353,"Type":"POLITY","Wikipedia":"Sabaeans","Wikidata":"Q940785","SeshatID":"","Components":"","MemberOf":"","sourceFeatureId":"cliopatria-203d76aa023def8462845ad4","datasetId":"cliopatria"},"geometry":{"type":"MultiPolygon","coordinates":[[[[45.215,15.908],[45.288,15.908],[45.366,15.972],[45.579,15.843],[46.021,15.843],[46.175,15.972],[46.396,15.972],[46.47,15.972],[46.381,15.715],[46.149,15.522],[45.855,15.522],[45.848,15.393],[45.179,15.265],[45.025,15.136],[44.29,15.136],[44.216,15.136],[42.816,15.072],[42.766,15.522],[42.692,15.522],[42.81,16.358],[42.813,16.422],[43.108,16.422],[43.392,16.229],[44.125,16.165],[44.331,15.908],[45.215,15.908]]]]}},{"type":"Feature","id":"cliopatria-efc2752582a0cbda1f9b7bb9","properties":{"NAME":"Hadhramaut","ABBREVN":null,"CONTROL":null,"SUBJECTO":"Hadhramaut","PARTOF":null,"BORDERPRECISION":1,"FromYear":-350,"ToYear":183,"Area":86171.17286842145,"Type":"POLITY","Wikipedia":"Hadhramaut","Wikidata":"Q1517159","SeshatID":"","Components":"","MemberOf":"","sourceFeatureId":"cliopatria-efc2752582a0cbda1f9b7bb9","datasetId":"cliopatria"},"geometry":{"type":"MultiPolygon","coordinates":[[[[51.074,15.458],[50.845,15.329],[50.752,15.008],[49.63,14.686],[48.535,14.815],[48.322,14.943],[47.521,15.072],[47.528,15.2],[46.653,15.329],[46.58,15.329],[46.149,15.522],[46.381,15.715],[46.47,15.972],[46.473,16.036],[46.555,16.165],[46.698,16.1],[48.117,16.422],[49.594,16.486],[50.118,16.615],[50.483,16.55],[51.081,16.679],[51.887,16.615],[51.952,16.486],[51.86,16.229],[51.242,15.779],[51.078,15.522],[51.074,15.458]]],[[[46.702,16.165],[46.628,16.165],[46.632,16.229],[46.706,16.229],[46.702,16.165]]]]}},{"type":"Feature","id":"cliopatria-a0bfffd17a45a1f40c9b11c6","properties":{"NAME":"Han","ABBREVN":null,"CONTROL":null,"SUBJECTO":"Han","PARTOF":"(Warring States China)","BORDERPRECISION":1,"FromYear":-337,"ToYear":-257,"Area":15533.517444959542,"Type":"POLITY","Wikipedia":"Han (state)","Wikidata":"Q1968654","SeshatID":"","Components":"","MemberOf":"(Warring States China)","sourceFeatureId":"cliopatria-a0bfffd17a45a1f40c9b11c6","datasetId":"cliopatria"},"geometry":{"type":"MultiPolygon","coordinates":[[[[112.939,35.451],[112.32,35.451],[112.266,35.323],[112.239,35.258],[112.186,35.13],[113.422,35.13],[113.476,35.258],[114.271,35.13],[114.476,35.065],[114.499,34.937],[114.472,34.872],[113.674,34.808],[113.44,34.615],[111.59,34.615],[111.883,35.516],[112.916,35.58],[112.939,35.451]]]]}},{"type":"Feature","id":"cliopatria-586a8c1696e5dbfb754bc157","properties":{"NAME":"Zhao","ABBREVN":null,"CONTROL":null,"SUBJECTO":"Zhao","PARTOF":"(Warring States China)","BORDERPRECISION":1,"FromYear":-337,"ToYear":-257,"Area":51553.75125615992,"Type":"POLITY","Wikipedia":"Zhao (state)","Wikidata":"Q1574107","SeshatID":"","Components":"","MemberOf":"(Warring States China)","sourceFeatureId":"cliopatria-586a8c1696e5dbfb754bc157","datasetId":"cliopatria"},"geometry":{"type":"MultiPolygon","coordinates":[[[[114.61,36.095],[114.582,36.031],[114.828,35.709],[115.076,35.387],[114.994,35.194],[114.499,34.937],[114.476,35.065],[114.271,35.13],[113.476,35.258],[113.53,35.387],[113.403,35.451],[113.093,35.451],[112.939,35.451],[112.916,35.58],[111.883,35.516],[112.051,36.095],[111.973,36.095],[112.282,36.804],[113.721,37.062],[113.935,37.19],[114.199,37.255],[114.169,37.19],[114.607,37.126],[115.146,37.448],[114.948,37.19],[114.907,36.933],[116.123,36.868],[115.607,36.417],[115.364,36.739],[114.61,36.095]]]]}},{"type":"Feature","id":"cliopatria-cb6cc37bb893e4b6f0c75000","properties":{"NAME":"Minyue","ABBREVN":null,"CONTROL":null,"SUBJECTO":"Minyue","PARTOF":null,"BORDERPRECISION":1,"FromYear":-333,"ToYear":-219,"Area":376736.2918308355,"Type":"POLITY","Wikipedia":"Minyue","Wikidata":"Q1936158","SeshatID":"","Components":"","MemberOf":"","sourceFeatureId":"cliopatria-cb6cc37bb893e4b6f0c75000","datasetId":"cliopatria"},"geometry":{"type":"MultiPolygon","coordinates":[[[[122.016,29.665],[121.938,29.215],[121.593,29.087],[121.744,29.087],[121.714,28.765],[121.522,28.637],[121.652,28.572],[121.646,28.315],[121.153,28.187],[121.193,28.315],[121.118,28.315],[121.038,28.058],[120.868,27.994],[120.715,27.737],[120.657,27.544],[120.733,27.544],[120.545,27.158],[120.301,27.094],[120.172,26.901],[120.158,26.579],[119.84,26.515],[119.846,26.258],[119.587,26.129],[119.778,26.001],[119.53,25.615],[119.904,25.615],[119.872,25.486],[119.466,25.358],[119.423,25.486],[119.273,25.486],[119.391,25.358],[119.344,25.165],[119.029,25.101],[119.074,24.972],[118.819,24.844],[118.76,24.586],[118.147,24.522],[118.076,24.201],[117.721,23.943],[117.694,23.815],[117.47,23.815],[117.179,23.493],[116.894,23.558],[116.78,23.365],[116.815,23.172],[116.591,23.172],[116.54,22.915],[115.696,22.786],[115.671,22.658],[115.373,22.658],[115.174,22.786],[114.902,22.529],[114.753,22.529],[114.74,22.851],[114.902,22.915],[114.446,23.622],[114.547,24.458],[114.472,24.458],[114.72,25.229],[114.66,25.294],[114.856,25.486],[115.228,26.387],[114.961,26.515],[115.028,26.772],[114.953,26.772],[115.335,28.894],[115.259,28.894],[115.642,29.858],[115.804,30.115],[116.053,30.179],[116.129,30.179],[116.27,29.922],[116.736,29.729],[118.36,29.601],[119.703,29.987],[120.521,30.372],[120.725,30.308],[120.702,30.244],[120.809,30.115],[121.105,30.308],[121.484,30.308],[121.62,30.051],[122.03,29.922],[121.865,29.665],[121.94,29.665],[122.016,29.665]]],[[[122.045,30.179],[122.273,30.179],[122.28,29.987],[121.977,29.987],[122.022,30.115],[122.045,30.179]]]]}},{"type":"Feature","id":"cliopatria-b769d6e62120f4e01ad20009","properties":{"NAME":"Cyrenaica","ABBREVN":null,"CONTROL":null,"SUBJECTO":"Cyrenaica","PARTOF":null,"BORDERPRECISION":1,"FromYear":-331,"ToYear":-292,"Area":30697.16387857595,"Type":"POLITY","Wikipedia":"Cyrenaica","Wikidata":"Q165198","SeshatID":"","Components":"","MemberOf":"","sourceFeatureId":"cliopatria-b769d6e62120f4e01ad20009","datasetId":"cliopatria"},"geometry":{"type":"MultiPolygon","coordinates":[[[[22.456,32.107],[22.379,32.107],[21.692,32.107],[21.535,31.979],[21.156,32.043],[20.54,31.915],[20.445,31.336],[20.658,30.886],[19.572,30.115],[18.735,29.987],[18.894,30.308],[19.501,30.308],[20.122,30.758],[20.214,31.272],[19.996,31.593],[20.089,32.107],[20.017,32.236],[20.246,32.236],[20.331,32.493],[20.482,32.429],[20.563,32.557],[20.716,32.557],[20.644,32.686],[20.871,32.622],[21.108,32.814],[21.412,32.75],[21.57,32.879],[22.108,32.943],[23.089,32.622],[23.081,32.429],[23.231,32.365],[23.067,32.107],[22.456,32.107]]]]}},{"type":"Feature","id":"cliopatria-9c28b2e128d2b4cc3c67c7bf","properties":{"NAME":"Yuezhi","ABBREVN":null,"CONTROL":null,"SUBJECTO":"Yuezhi","PARTOF":null,"BORDERPRECISION":1,"FromYear":-331,"ToYear":-204,"Area":916154.1470558186,"Type":"POLITY","Wikipedia":"Yuezhi","Wikidata":"Q467985","SeshatID":"","Components":"","MemberOf":"","sourceFeatureId":"cliopatria-9c28b2e128d2b4cc3c67c7bf","datasetId":"cliopatria"},"geometry":{"type":"MultiPolygon","coordinates":[[[[78.569,45.17],[78.65,45.17],[79.545,44.973],[79.518,44.908],[79.951,44.973],[80.059,44.843],[80.384,44.843],[80.491,44.712],[80.329,44.516],[80.41,44.516],[80.384,44.059],[80.762,43.603],[80.737,43.342],[80.871,43.277],[80.792,43.082],[81.089,42.821],[81.04,42.496],[81.12,42.496],[81.122,42.301],[82.561,42.301],[84.108,42.756],[85.792,42.756],[85.764,42.691],[88.105,42.366],[88.077,42.301],[88.848,42.236],[88.82,42.171],[89.642,42.041],[89.613,41.976],[90.223,41.911],[90.195,41.847],[90.434,41.847],[90.536,41.717],[90.775,41.717],[91.27,41.392],[92.349,41.133],[92.321,41.068],[92.48,41.068],[92.451,41.003],[92.61,41.003],[93.234,40.614],[93.472,40.614],[93.309,40.42],[93.388,40.42],[93.172,40.096],[93.169,39.902],[92.143,39.514],[90.469,39.062],[88.746,38.868],[87.662,38.481],[86.44,38.351],[86.081,38.222],[85.813,37.9],[85.356,37.706],[85.113,37.448],[82.101,36.804],[81.712,36.804],[81.264,36.61],[81.031,36.61],[80.371,36.997],[79.398,37.126],[79.145,37.319],[78.424,37.513],[78.386,37.642],[78.093,37.706],[77.801,38.029],[77.841,38.158],[77.667,38.351],[77.51,38.351],[77.414,38.545],[77.258,38.545],[77.025,38.803],[74.752,39.32],[73.375,39.45],[73.415,39.579],[72.667,39.708],[72.432,39.967],[72.196,39.967],[72.257,40.161],[71.981,40.291],[72.101,40.42],[72.339,40.42],[72.48,40.614],[72.998,40.744],[73.343,41.068],[76.001,41.847],[76.207,41.976],[76.278,42.171],[76.142,42.236],[76.158,42.496],[75.814,42.431],[75.701,42.561],[75.878,42.821],[75.766,42.951],[75.388,43.017],[75.14,43.212],[75.205,43.603],[74.795,43.798],[74.998,44.124],[74.563,44.255],[74.443,44.581],[74.281,44.581],[74.25,44.712],[73.975,44.843],[73.968,45.039],[74.13,45.039],[74.255,45.366],[74.117,45.431],[74.319,45.955],[74.753,46.021],[74.881,46.349],[75.317,46.415],[75.451,46.546],[77.391,46.48],[77.364,46.415],[77.747,46.349],[77.748,46.152],[77.884,46.087],[77.831,45.955],[78.022,45.824],[77.996,45.562],[78.35,45.431],[78.569,45.17]]]]}},{"type":"Feature","id":"cliopatria-15c15aab307cc06c2a1f8840","properties":{"NAME":"Etruscans","ABBREVN":null,"CONTROL":null,"SUBJECTO":"Etruscans","PARTOF":null,"BORDERPRECISION":1,"FromYear":-326,"ToYear":-292,"Area":31755.548751844588,"Type":"POLITY","Wikipedia":"Etruscan civilization","Wikidata":"Q17161","SeshatID":"","Components":"","MemberOf":"","sourceFeatureId":"cliopatria-15c15aab307cc06c2a1f8840","datasetId":"cliopatria"},"geometry":{"type":"MultiPolygon","coordinates":[[[[9.331,43.017],[9.492,43.017],[9.493,42.756],[9.574,42.756],[9.578,41.976],[9.498,41.976],[9.499,41.782],[9.262,41.392],[9.104,41.327],[8.784,41.522],[8.782,41.717],[8.623,41.717],[8.7,41.911],[8.539,42.106],[8.535,42.496],[8.773,42.691],[9.173,42.756],[9.251,43.017],[9.331,43.017]]],[[[10.455,42.886],[10.455,42.691],[10.215,42.691],[10.134,42.886],[10.214,42.886],[10.455,42.886]]],[[[12.38,42.886],[12.379,42.821],[12.379,42.756],[12.138,42.756],[12.136,42.496],[12.376,42.496],[12.375,42.431],[12.375,42.366],[11.895,42.431],[11.974,42.301],[11.813,42.171],[11.733,42.171],[11.655,42.366],[11.495,42.301],[11.415,42.431],[11.255,42.431],[11.176,42.626],[11.016,42.626],[11.016,42.821],[10.535,43.082],[10.293,43.798],[11.906,43.798],[12.065,43.603],[12.306,43.538],[12.3,42.951],[12.381,42.951],[12.38,42.886]]]]}},{"type":"Feature","id":"cliopatria-962f93ccb14552266e48bb9d","properties":{"NAME":"Wei","ABBREVN":null,"CONTROL":null,"SUBJECTO":"Wei","PARTOF":"(Warring States China)","BORDERPRECISION":1,"FromYear":-326,"ToYear":-292,"Area":86264.95958917796,"Type":"POLITY","Wikipedia":"Wei (state)","Wikidata":"Q320930","SeshatID":"cn_wei_dyn_warring_states","Components":"","MemberOf":"(Warring States China)","sourceFeatureId":"cliopatria-962f93ccb14552266e48bb9d","datasetId":"cliopatria"},"geometry":{"type":"MultiPolygon","coordinates":[[[[115.292,40.096],[115.371,40.096],[115.55,39.838],[116.023,39.838],[116.102,39.838],[115.865,39.385],[116.101,39.385],[116.092,39.062],[116.262,38.933],[116.164,38.739],[116.399,38.739],[116.145,38.545],[116.851,38.545],[116.929,38.545],[117.008,38.545],[117.04,38.61],[117.119,38.61],[117.197,38.61],[116.615,37.255],[116.123,36.868],[114.907,36.933],[114.948,37.19],[115.146,37.448],[114.607,37.126],[114.169,37.19],[114.199,37.255],[113.935,37.19],[113.916,37.319],[113.634,37.384],[113.78,38.029],[113.702,38.029],[113.887,38.416],[114.359,38.739],[114.808,39.32],[114.336,39.32],[114.271,39.191],[114.113,39.191],[114.146,39.256],[114.054,39.385],[113.897,39.385],[113.93,39.45],[113.772,39.45],[113.805,39.514],[113.083,39.644],[113.116,39.708],[112.17,39.708],[112.236,39.838],[112.111,39.902],[112.742,40.355],[113.093,40.42],[114.596,40.42],[114.527,40.291],[115.159,40.291],[115.292,40.096]]]]}},{"type":"Feature","id":"cliopatria-e7d8fe6f619e9f3bb82a792b","properties":{"NAME":"Kalinga","ABBREVN":null,"CONTROL":null,"SUBJECTO":"Kalinga","PARTOF":null,"BORDERPRECISION":1,"FromYear":-318,"ToYear":-292,"Area":128860.8680837863,"Type":"POLITY","Wikipedia":"Kalinga","Wikidata":"Q356524","SeshatID":"","Components":"","MemberOf":"","sourceFeatureId":"cliopatria-e7d8fe6f619e9f3bb82a792b","datasetId":"cliopatria"},"geometry":{"type":"MultiPolygon","coordinates":[[[[85.993,20.601],[86.067,20.601],[86.198,20.472],[86.157,20.151],[86.436,20.022],[86.428,19.958],[85.645,19.636],[85.497,19.636],[85.522,19.829],[85.374,19.829],[85.415,19.572],[84.749,18.993],[84.38,18.415],[84.052,18.158],[83.748,18.093],[83.561,17.772],[82.916,17.322],[82.614,17.258],[82.436,17],[82.288,17],[81.884,17.322],[81.899,17.45],[81.693,17.579],[81.517,17.965],[81.474,18.222],[81.572,18.415],[81.439,18.543],[81.471,18.801],[81.909,19.958],[82.229,20.151],[82.507,20.601],[82.753,20.793],[83.371,20.986],[85.136,20.858],[85.918,20.601],[85.993,20.601]]]]}},{"type":"Feature","id":"cliopatria-c190875a0f04325cfd5f023a","properties":{"NAME":"(Warring States China)","ABBREVN":null,"CONTROL":null,"SUBJECTO":"(Warring States China)","PARTOF":null,"BORDERPRECISION":1,"FromYear":-315,"ToYear":-292,"Area":1567554.971431139,"Type":"POLITY","Wikipedia":"Warring States Period","Wikidata":"Q185063","SeshatID":"","Components":"Xu;Qin;Yan;Wei;Wey;Later Zhou;Qi;Song;Chu;Lu;Han;Zhongshan;Zhao","MemberOf":"","sourceFeatureId":"cliopatria-c190875a0f04325cfd5f023a","datasetId":"cliopatria"},"geometry":{"type":"MultiPolygon","coordinates":[[[[120.489,34.165],[120.55,33.586],[120.926,33.2],[120.919,32.622],[121.403,32.493],[121.503,32.172],[121.961,31.979],[121.937,31.722],[121.836,31.658],[121.301,31.85],[120.919,31.85],[121.454,31.658],[121.481,31.529],[121.634,31.529],[121.584,31.4],[121.737,31.4],[121.995,31.079],[121.899,30.822],[121.519,30.822],[120.801,30.308],[120.725,30.308],[120.521,30.372],[119.703,29.987],[118.36,29.601],[116.736,29.729],[116.27,29.922],[116.129,30.179],[116.151,30.244],[116.119,30.372],[115.685,30.436],[115.208,30.372],[114.872,30.501],[114.113,30.501],[113.951,30.244],[113.584,30.051],[113.267,29.537],[112.904,29.344],[111.996,29.344],[111.809,29.472],[111.299,29.537],[110.662,29.922],[110.434,29.922],[110.359,29.922],[110.283,29.922],[107.459,28.83],[106.028,28.572],[106.069,28.444],[105.129,28.315],[104.066,28.572],[103.898,28.508],[103.857,28.637],[102.927,28.83],[102.602,29.022],[101.48,29.344],[101.44,29.472],[101.156,29.537],[100.982,29.729],[101.019,29.858],[100.828,29.987],[100.865,30.115],[100.674,30.244],[100.673,30.501],[100.598,30.501],[100.982,31.272],[101.836,32.043],[102.158,32.557],[102.312,33.457],[102.235,33.457],[102.325,33.715],[102.248,33.715],[102.409,34.165],[103.094,34.358],[103.379,34.293],[103.479,34.358],[103.497,34.615],[104.133,34.872],[106.185,35.387],[106.493,35.58],[106.803,35.58],[106.854,35.709],[107.061,35.645],[108.069,36.031],[109.367,36.353],[109.422,36.482],[109.81,36.482],[110.698,36.739],[110.754,36.868],[110.882,36.804],[111.434,36.997],[114.081,39.126],[114.113,39.191],[114.146,39.256],[114.054,39.385],[113.897,39.385],[113.93,39.45],[113.772,39.45],[113.805,39.514],[113.083,39.644],[113.116,39.708],[112.17,39.708],[112.236,39.838],[112.111,39.902],[112.742,40.355],[113.093,40.42],[114.596,40.42],[114.527,40.291],[115.159,40.291],[115.292,40.096],[115.371,40.096],[115.55,39.838],[116.023,39.838],[116.102,39.838],[116.136,39.902],[116.452,39.902],[116.951,40.096],[117.03,40.096],[117.066,40.161],[117.567,40.355],[119.344,40.42],[121.227,40.938],[120.647,40.485],[120.5,40.226],[119.38,39.773],[119.319,39.514],[119.284,39.45],[118.989,39.191],[118.45,39.062],[118.057,39.062],[118.046,39.191],[117.888,39.191],[117.676,38.933],[117.622,38.674],[117.602,38.481],[118.054,38.287],[118.067,38.158],[118.583,38.093],[118.648,38.222],[118.804,38.222],[118.772,38.158],[119.131,38.093],[119.209,38.093],[119.177,38.029],[119.457,37.964],[119.393,37.835],[119.237,37.835],[118.984,37.319],[119.14,37.319],[119.156,37.19],[119.701,37.19],[119.827,37.448],[120.202,37.577],[120.188,37.706],[120.754,37.9],[121.112,37.835],[121.171,37.642],[121.483,37.642],[121.497,37.513],[122.154,37.577],[122.121,37.513],[122.713,37.448],[122.442,37.062],[122.566,36.997],[122.503,36.868],[122.161,36.804],[122.146,36.933],[121.912,36.933],[121.212,36.61],[120.979,36.61],[120.965,36.417],[120.732,36.417],[120.659,36.095],[120.318,36.031],[120.075,35.838],[120.045,35.773],[120.016,35.709],[119.619,35.516],[119.228,34.808],[119.459,34.808],[119.809,34.551],[119.886,34.551],[119.985,34.422],[120.342,34.358],[120.489,34.165]]]]}},{"type":"Feature","id":"cliopatria-09962d9fbfd5133053f5aab1","properties":{"NAME":"Chu","ABBREVN":null,"CONTROL":null,"SUBJECTO":"Chu","PARTOF":"(Warring States China)","BORDERPRECISION":1,"FromYear":-315,"ToYear":-285,"Area":556052.7912955474,"Type":"POLITY","Wikipedia":"Chu (state)","Wikidata":"Q504759","SeshatID":"cn_chu_k_warring_states","Components":"","MemberOf":"(Warring States China)","sourceFeatureId":"cliopatria-09962d9fbfd5133053f5aab1","datasetId":"cliopatria"},"geometry":{"type":"MultiPolygon","coordinates":[[[[119.886,34.551],[119.985,34.422],[120.342,34.358],[120.489,34.165],[120.55,33.586],[120.926,33.2],[120.919,32.622],[121.403,32.493],[121.503,32.172],[121.961,31.979],[121.937,31.722],[121.836,31.658],[121.301,31.85],[120.919,31.85],[121.454,31.658],[121.481,31.529],[121.634,31.529],[121.584,31.4],[121.737,31.4],[121.995,31.079],[121.899,30.822],[121.519,30.822],[120.801,30.308],[120.725,30.308],[120.521,30.372],[119.703,29.987],[118.36,29.601],[116.736,29.729],[116.27,29.922],[116.129,30.179],[116.151,30.244],[116.119,30.372],[115.685,30.436],[115.208,30.372],[114.872,30.501],[114.113,30.501],[113.951,30.244],[113.584,30.051],[113.267,29.537],[112.904,29.344],[111.996,29.344],[111.809,29.472],[111.299,29.537],[110.662,29.922],[110.434,29.922],[110.359,29.922],[110.227,29.987],[110.406,30.308],[109.916,30.436],[109.476,30.951],[109.475,31.4],[109.312,31.593],[109.869,32.943],[109.764,33.072],[109.86,33.329],[110.215,33.457],[110.313,33.715],[110.491,33.779],[110.514,34.036],[110.745,34.036],[110.82,34.422],[110.691,34.486],[110.717,34.744],[111.59,34.615],[113.44,34.615],[113.674,34.808],[114.472,34.872],[114.341,34.744],[114.647,34.551],[115.494,34.551],[115.595,34.422],[116.107,34.358],[116.616,34.1],[117.231,34.1],[117.516,34.229],[117.724,34.358],[117.966,34.744],[119.009,35.709],[119.532,35.838],[120.045,35.773],[120.016,35.709],[119.619,35.516],[119.228,34.808],[119.459,34.808],[119.809,34.551],[119.886,34.551]]]]}},{"type":"Feature","id":"cliopatria-425412718fd0d953511f82a7","properties":{"NAME":"Qin","ABBREVN":null,"CONTROL":null,"SUBJECTO":"Qin","PARTOF":"(Warring States China)","BORDERPRECISION":1,"FromYear":-315,"ToYear":-278,"Area":632146.6282532023,"Type":"POLITY","Wikipedia":"Qin (state)","Wikidata":"Q1471995","SeshatID":"","Components":"","MemberOf":"(Warring States China)","sourceFeatureId":"cliopatria-425412718fd0d953511f82a7","datasetId":"cliopatria"},"geometry":{"type":"MultiPolygon","coordinates":[[[[110.283,29.922],[107.459,28.83],[106.028,28.572],[106.069,28.444],[105.129,28.315],[104.066,28.572],[103.898,28.508],[103.857,28.637],[102.927,28.83],[102.602,29.022],[101.48,29.344],[101.44,29.472],[101.156,29.537],[100.982,29.729],[101.019,29.858],[100.828,29.987],[100.865,30.115],[100.674,30.244],[100.673,30.501],[100.598,30.501],[100.982,31.272],[101.836,32.043],[102.158,32.557],[102.312,33.457],[102.235,33.457],[102.325,33.715],[102.248,33.715],[102.409,34.165],[103.094,34.358],[103.379,34.293],[103.479,34.358],[103.497,34.615],[104.133,34.872],[106.185,35.387],[106.493,35.58],[106.803,35.58],[106.854,35.709],[107.061,35.645],[108.069,36.031],[109.367,36.353],[109.422,36.482],[109.81,36.482],[110.698,36.739],[110.754,36.868],[110.882,36.804],[111.434,36.997],[114.081,39.126],[114.113,39.191],[114.271,39.191],[114.336,39.32],[114.808,39.32],[114.359,38.739],[113.887,38.416],[113.702,38.029],[113.78,38.029],[113.634,37.384],[113.916,37.319],[113.935,37.19],[113.721,37.062],[112.282,36.804],[111.973,36.095],[112.051,36.095],[111.883,35.516],[111.59,34.615],[110.717,34.744],[110.691,34.486],[110.82,34.422],[110.745,34.036],[110.514,34.036],[110.491,33.779],[110.313,33.715],[110.215,33.457],[109.86,33.329],[109.764,33.072],[109.869,32.943],[109.312,31.593],[109.475,31.4],[109.476,30.951],[109.916,30.436],[110.406,30.308],[110.227,29.987],[110.359,29.922],[110.283,29.922]]]]}},{"type":"Feature","id":"cliopatria-700876018bee45cfababc501","properties":{"NAME":"(Macedonian Empire)","ABBREVN":null,"CONTROL":null,"SUBJECTO":"(Macedonian Empire)","PARTOF":null,"BORDERPRECISION":1,"FromYear":-301,"ToYear":-292,"Area":151019.32844282466,"Type":"POLITY","Wikipedia":"Macedonia (ancient kingdom)","Wikidata":"Q83958","SeshatID":"","Components":"Macedonian Empire","MemberOf":"","sourceFeatureId":"cliopatria-700876018bee45cfababc501","datasetId":"cliopatria"},"geometry":{"type":"MultiPolygon","coordinates":[[[[20.922,37.642],[20.613,37.706],[20.621,37.9],[20.699,37.9],[20.934,37.9],[20.922,37.642]]],[[[23.108,37.642],[23.342,37.642],[23.402,37.319],[23.169,37.319],[23.176,37.448],[22.949,37.577],[22.714,37.577],[22.701,37.319],[22.853,37.255],[22.917,36.997],[22.691,37.126],[22.694,37.19],[22.155,37.319],[21.606,37.255],[21.609,37.319],[21.697,37.513],[21.244,37.835],[21.334,38.093],[21.729,38.158],[21.742,38.416],[21.193,38.416],[20.974,38.739],[20.741,38.803],[20.911,39.062],[20.297,39.385],[20.155,39.708],[19.918,39.708],[20.009,39.967],[19.63,40.291],[19.471,40.291],[19.486,40.614],[19.249,40.614],[19.255,40.744],[19.498,40.874],[19.438,41.263],[19.523,41.392],[19.444,41.392],[19.53,41.522],[19.45,41.522],[19.542,41.782],[19.386,41.847],[19.472,41.976],[19.708,41.911],[19.955,42.041],[20.107,41.911],[20.194,42.041],[20.753,42.041],[21.004,42.236],[21.319,42.171],[21.407,42.301],[21.807,42.301],[21.815,42.431],[22.304,42.561],[22.392,42.691],[22.473,42.691],[22.539,42.496],[22.371,42.366],[22.438,42.171],[22.673,42.106],[22.819,41.911],[23.528,41.782],[23.594,41.587],[23.748,41.522],[23.805,41.198],[23.964,41.198],[24.262,40.938],[24.258,40.874],[24.011,40.744],[23.698,40.809],[23.685,40.614],[23.839,40.55],[23.737,40.226],[22.959,40.42],[22.892,40.614],[22.572,40.55],[22.544,40.096],[22.702,40.096],[22.611,39.902],[23.135,39.45],[22.816,39.385],[22.797,39.062],[22.958,39.126],[23.022,38.868],[22.943,38.868],[22.939,38.803],[23.313,38.481],[23.626,38.481],[23.563,38.739],[24.03,38.674],[24.179,38.545],[24.159,38.222],[24.002,38.222],[23.979,37.835],[23.9,37.835],[23.904,37.9],[23.767,38.222],[23.532,38.222],[23.443,38.029],[23.365,38.029],[23.044,37.9],[23.037,37.771],[23.108,37.642]],[[22.287,38.351],[22.28,38.222],[22.44,38.287],[22.433,38.158],[22.589,38.158],[22.657,37.964],[22.97,37.964],[23.059,38.158],[22.988,38.287],[22.682,38.416],[22.678,38.351],[22.6,38.351],[22.604,38.416],[22.525,38.416],[22.134,38.416],[22.287,38.351]]],[[[20.786,38.093],[20.32,38.158],[20.328,38.351],[20.488,38.416],[20.566,38.416],[20.795,38.287],[20.786,38.093]]],[[[20.073,39.644],[20.152,39.644],[20.149,39.579],[20.07,39.579],[20.073,39.644]]],[[[33.957,35.258],[34.087,35.001],[33.695,34.937],[33.523,34.744],[33.132,34.679],[33.044,34.551],[32.367,34.744],[32.229,34.937],[32.246,35.13],[32.555,35.13],[32.875,35.258],[32.887,35.387],[33.737,35.387],[34.31,35.709],[34.387,35.709],[34.542,35.709],[34.529,35.58],[33.957,35.258]]],[[[22.917,36.997],[22.995,36.997],[22.992,36.933],[22.914,36.933],[22.917,36.997]]],[[[31.522,37.448],[31.6,37.448],[31.594,37.384],[31.516,37.384],[31.522,37.448]]],[[[23.489,38.803],[23.567,38.803],[23.563,38.739],[23.485,38.739],[23.489,38.803]]],[[[23.033,39.062],[23.344,38.997],[23.414,38.868],[23.493,38.868],[23.332,38.803],[23.025,38.933],[23.033,39.062]]]]}},{"type":"Feature","id":"cliopatria-5342f12b9aa0391da40eb848","properties":{"NAME":"Greek City-States","ABBREVN":null,"CONTROL":null,"SUBJECTO":"Greek City-States","PARTOF":null,"BORDERPRECISION":1,"FromYear":-301,"ToYear":-292,"Area":88486.12056956405,"Type":"POLITY","Wikipedia":"Polis","Wikidata":"Q148837","SeshatID":"","Components":"","MemberOf":"","sourceFeatureId":"cliopatria-5342f12b9aa0391da40eb848","datasetId":"cliopatria"},"geometry":{"type":"MultiPolygon","coordinates":[[[[24.157,35.516],[24.15,35.387],[24.301,35.323],[25.692,35.323],[25.681,35.13],[26.225,35.194],[26.14,35.065],[24.824,35.001],[24.757,35.194],[24.526,35.194],[24.448,35.194],[23.679,35.258],[23.615,35.516],[24.157,35.516]]],[[[22.887,36.417],[22.965,36.417],[23.117,36.353],[23.107,36.16],[22.874,36.16],[22.887,36.417]]],[[[22.599,36.868],[22.512,36.675],[22.356,36.675],[22.22,37.062],[21.909,37.062],[21.899,36.868],[21.744,36.868],[21.681,37.19],[21.603,37.19],[21.606,37.255],[22.155,37.319],[22.694,37.19],[22.691,37.126],[22.992,36.933],[23.056,36.675],[22.833,36.868],[22.599,36.868]]],[[[14.982,37.319],[15.214,37.19],[15.213,37.126],[15.05,36.739],[14.661,36.739],[14.431,36.933],[14.982,37.319]]],[[[25.339,37.126],[25.417,37.126],[25.573,37.126],[25.564,36.997],[25.331,36.997],[25.339,37.126]]],[[[24.283,37.706],[24.361,37.706],[24.432,37.577],[24.272,37.513],[24.201,37.642],[24.283,37.706]]],[[[24.986,37.706],[25.064,37.706],[25.22,37.706],[25.286,37.513],[25.052,37.513],[24.986,37.706]]],[[[24.694,38.029],[24.772,38.029],[25.068,37.771],[24.83,37.706],[24.682,37.835],[24.694,38.029]]],[[[23.826,37.9],[23.748,37.9],[23.752,37.964],[23.674,37.964],[23.595,37.964],[23.517,37.964],[23.439,37.964],[23.443,38.029],[23.532,38.222],[23.767,38.222],[23.904,37.9],[23.826,37.9]]],[[[24.365,38.997],[24.444,38.997],[24.675,38.933],[24.662,38.739],[24.357,38.868],[24.365,38.997]]],[[[-0.314,39.126],[0.096,38.803],[-0.126,38.545],[-0.539,38.933],[-0.567,39.45],[-0.571,39.514],[-0.514,39.902],[-0.202,39.967],[-0.345,39.708],[-0.314,39.126]]],[[[17.981,40.614],[18.364,40.291],[18.436,40.096],[18.357,40.096],[18.349,39.902],[18.112,39.902],[17.813,40.355],[17.418,40.355],[17.345,40.55],[16.868,40.485],[16.943,40.355],[16.624,40.291],[16.697,40.096],[16.457,39.967],[16.447,39.644],[16.916,39.514],[17.07,39.385],[17.138,39.062],[16.663,38.933],[16.502,38.803],[16.492,38.416],[15.933,37.964],[15.698,37.964],[15.627,38.287],[15.942,38.351],[15.95,38.674],[16.265,38.739],[16.27,38.933],[16.117,39.062],[15.899,39.773],[15.666,39.902],[15.748,40.032],[15.432,40.032],[15.199,40.226],[15.041,40.226],[14.893,40.679],[15.052,40.679],[15.134,40.809],[15.361,40.355],[15.516,40.226],[16.146,40.161],[16.141,39.967],[16.38,40.032],[16.306,40.226],[16.549,40.42],[16.551,40.485],[16.877,40.744],[17.508,40.679],[17.504,40.55],[17.981,40.614]]],[[[19.921,39.773],[19.918,39.708],[19.912,39.579],[19.758,39.644],[19.764,39.773],[19.921,39.773]]],[[[25.067,40.032],[25.146,40.032],[25.462,40.032],[25.447,39.838],[24.974,39.838],[25.067,40.032]]],[[[24.491,40.809],[24.57,40.809],[24.808,40.809],[24.794,40.614],[24.551,40.55],[24.491,40.809]]],[[[5.387,43.407],[5.063,43.472],[4.178,43.472],[4.173,43.603],[3.851,43.603],[2.985,43.147],[3.01,42.561],[3.178,42.366],[3.04,41.847],[2.698,42.366],[2.775,42.431],[2.669,43.017],[2.75,43.017],[2.741,43.212],[3.446,43.668],[4.728,43.863],[5.87,43.407],[6.594,43.407],[6.597,43.277],[6.278,43.147],[6.198,43.147],[5.796,43.147],[5.632,43.277],[5.391,43.277],[5.387,43.407]]],[[[27.693,36.288],[28.017,36.482],[28.095,36.482],[28.25,36.482],[28.139,36.031],[27.743,35.902],[27.693,36.288]]],[[[27.657,36.868],[27.735,36.868],[27.89,36.868],[27.958,36.739],[27.565,36.675],[27.657,36.868]]],[[[27.117,36.933],[27.185,36.804],[26.865,36.675],[27.039,36.933],[27.117,36.933]]],[[[27.209,37.126],[27.286,37.126],[27.442,37.126],[27.35,36.933],[27.195,36.933],[27.209,37.126]]],[[[26.08,37.706],[26.158,37.706],[26.314,37.706],[26.305,37.577],[25.988,37.513],[26.08,37.706]]],[[[26.557,37.835],[26.636,37.835],[27.026,37.835],[27.012,37.642],[26.622,37.642],[26.557,37.835]]],[[[25.899,38.481],[25.821,38.481],[25.913,38.674],[25.991,38.674],[26.217,38.545],[26.111,38.158],[25.876,38.158],[25.899,38.481]]],[[[26.094,38.997],[26.103,39.126],[25.793,39.191],[26.044,39.385],[26.123,39.385],[26.511,39.32],[26.644,38.997],[26.246,38.933],[26.094,38.997]]],[[[25.719,40.291],[25.798,40.291],[26.035,40.291],[26.025,40.161],[25.704,40.096],[25.719,40.291]]],[[[40.47,41.068],[40.608,40.938],[40.567,40.679],[39.864,40.744],[39.686,40.614],[39.547,40.744],[39.16,40.809],[38.824,40.679],[37.873,40.679],[37.126,41.003],[36.879,40.938],[36.897,41.068],[36.439,41.198],[36.775,41.327],[37.065,41.133],[37.233,41.198],[37.215,41.068],[37.771,41.068],[37.831,40.938],[38.158,41.003],[38.298,40.874],[38.952,41.003],[38.962,41.068],[39.21,41.133],[39.736,40.938],[40.37,40.938],[40.47,41.068]]],[[[31.512,41.198],[31.361,41.263],[31.693,41.392],[31.592,41.198],[31.512,41.198]]],[[[35.006,41.782],[35.015,41.847],[34.793,41.976],[35.121,42.041],[35.086,41.782],[35.006,41.782]]],[[[34.376,44.777],[33.926,44.451],[33.449,44.516],[33.61,45.104],[33.459,45.187],[33.78,45.155],[33.917,44.973],[34.986,45.3],[35.02,45.3],[35.183,45.3],[35.154,45.104],[35.235,45.104],[35.125,44.908],[34.376,44.777]]],[[[31.567,46.94],[31.533,46.677],[30.877,46.677],[30.298,45.955],[30.045,45.89],[29.859,45.693],[29.614,45.693],[29.644,45.955],[30.189,46.415],[30.271,46.415],[30.458,46.612],[31.065,46.874],[31.082,47.006],[31.567,46.94]]],[[[38.667,47.598],[39.079,47.598],[39.138,47.466],[39.126,47.401],[39.197,47.335],[38.35,47.203],[38.385,47.401],[38.667,47.598]]]]}},{"type":"Feature","id":"cliopatria-0a9ed8c142c430ce5634e55e","properties":{"NAME":"Kingdom of Lysimachus","ABBREVN":null,"CONTROL":null,"SUBJECTO":"Kingdom of Lysimachus","PARTOF":null,"BORDERPRECISION":1,"FromYear":-301,"ToYear":-292,"Area":410595.49611799105,"Type":"POLITY","Wikipedia":"Lysimachian Empire","Wikidata":"Q32133","SeshatID":"tr_lysimachus_k","Components":"","MemberOf":"","sourceFeatureId":"cliopatria-0a9ed8c142c430ce5634e55e","datasetId":"cliopatria"},"geometry":{"type":"MultiPolygon","coordinates":[[[[28.9,40.485],[28.913,40.614],[29.401,40.744],[29.48,40.744],[30.807,40.55],[30.886,40.55],[31.196,40.485],[31.714,40.874],[32.118,40.938],[32.14,41.133],[32.307,41.198],[32.322,41.327],[32.114,41.587],[32.193,41.587],[32.695,41.782],[32.631,41.911],[32.862,41.847],[33.277,41.976],[34.474,41.976],[34.326,41.457],[34.46,41.263],[34.269,41.003],[34.411,40.874],[34.379,40.614],[34.6,40.485],[34.536,39.967],[34.828,39.773],[35.514,39.579],[35.593,39.579],[34.947,39.45],[34.688,39.256],[34.658,38.997],[34.493,38.933],[34.479,38.803],[33.701,38.868],[33.673,38.61],[33.509,38.545],[33.274,38.545],[33.001,38.933],[32.844,38.933],[32.503,38.674],[31.882,38.739],[31.53,38.351],[31.618,37.642],[31.612,37.577],[31.606,37.513],[31.6,37.448],[31.522,37.448],[31.516,37.384],[31.594,37.384],[31.738,37.255],[31.841,36.675],[31.763,36.675],[31.392,36.868],[30.619,36.933],[30.492,36.353],[30.026,36.353],[29.938,36.224],[29.24,36.224],[29.125,36.739],[28.357,36.868],[28.187,36.675],[28.031,36.675],[28.138,37.062],[28.065,37.126],[27.598,37.126],[27.539,37.384],[27.223,37.319],[27.31,37.448],[27.163,37.577],[27.256,37.771],[27.178,37.771],[27.275,38.029],[26.889,38.093],[26.82,38.222],[26.429,38.222],[26.453,38.545],[26.374,38.545],[26.462,38.674],[26.595,38.351],[27.065,38.351],[27.08,38.545],[26.849,38.61],[26.958,38.997],[26.879,38.997],[26.894,39.191],[26.742,39.256],[26.847,39.579],[26.132,39.514],[26.168,39.967],[26.247,39.967],[26.272,40.291],[26.605,40.485],[26.684,40.485],[26.673,40.355],[27.47,40.42],[27.538,40.291],[27.696,40.291],[27.792,40.485],[27.95,40.485],[27.939,40.355],[28.018,40.355],[29.046,40.355],[28.9,40.485]]],[[[22.397,42.756],[22.477,42.756],[22.473,42.691],[22.392,42.691],[22.397,42.756]]],[[[22.651,42.951],[22.731,42.951],[22.726,42.886],[22.646,42.886],[22.651,42.951]]],[[[22.735,43.017],[22.816,43.017],[22.811,42.951],[22.731,42.951],[22.735,43.017]]],[[[29.046,44.973],[28.802,44.973],[28.841,44.581],[28.577,44.385],[28.536,43.994],[28.616,43.994],[28.481,43.472],[28.159,43.472],[28.226,43.342],[27.898,43.277],[27.805,43.147],[27.847,42.756],[27.514,42.626],[27.495,42.431],[27.937,42.041],[28.053,41.587],[28.218,41.652],[28.352,41.392],[28.976,41.263],[28.963,41.133],[29.367,41.198],[29.255,40.874],[29.103,40.938],[29.116,41.068],[27.527,41.068],[26.842,40.485],[26.779,40.679],[26.626,40.744],[26.14,40.614],[26.082,40.874],[25.849,40.938],[24.342,40.938],[24.262,40.938],[23.964,41.198],[23.805,41.198],[23.748,41.522],[23.594,41.587],[23.528,41.782],[22.819,41.911],[22.673,42.106],[22.438,42.171],[22.371,42.366],[22.539,42.496],[22.473,42.691],[22.553,42.691],[22.981,43.082],[23.141,43.082],[23.07,43.212],[23.397,43.277],[23.331,43.472],[23.421,43.603],[23.582,43.603],[23.521,43.863],[23.924,43.863],[24.075,43.733],[24.806,43.798],[25.52,43.668],[26.368,44.124],[27.748,44.19],[27.93,44.385],[27.849,44.385],[27.869,44.581],[27.707,44.581],[27.727,44.777],[27.889,44.777],[27.922,45.104],[27.767,45.17],[27.787,45.366],[28.038,45.431],[28.051,45.562],[28.289,45.497],[28.275,45.366],[28.431,45.3],[28.756,45.3],[29.185,45.497],[29.666,45.431],[29.621,45.039],[29.275,44.843],[29.194,44.843],[29.024,44.777],[29.046,44.973]]],[[[22.82,43.082],[22.901,43.082],[22.896,43.017],[22.816,43.017],[22.82,43.082]]]]}},{"type":"Feature","id":"cliopatria-8aaa9a87d98bb117c46e2a30","properties":{"NAME":"Macedonian Empire","ABBREVN":null,"CONTROL":null,"SUBJECTO":"Macedonian Empire","PARTOF":"(Macedonian Empire)","BORDERPRECISION":1,"FromYear":-301,"ToYear":-292,"Area":151019.32844282466,"Type":"POLITY","Wikipedia":"Macedonia (ancient kingdom)","Wikidata":"Q83958","SeshatID":"","Components":"","MemberOf":"(Macedonian Empire)","sourceFeatureId":"cliopatria-8aaa9a87d98bb117c46e2a30","datasetId":"cliopatria"},"geometry":{"type":"MultiPolygon","coordinates":[[[[20.922,37.642],[20.613,37.706],[20.621,37.9],[20.699,37.9],[20.934,37.9],[20.922,37.642]]],[[[23.108,37.642],[23.342,37.642],[23.402,37.319],[23.169,37.319],[23.176,37.448],[22.949,37.577],[22.714,37.577],[22.701,37.319],[22.853,37.255],[22.917,36.997],[22.691,37.126],[22.694,37.19],[22.155,37.319],[21.606,37.255],[21.609,37.319],[21.697,37.513],[21.244,37.835],[21.334,38.093],[21.729,38.158],[21.742,38.416],[21.193,38.416],[20.974,38.739],[20.741,38.803],[20.911,39.062],[20.297,39.385],[20.155,39.708],[19.918,39.708],[20.009,39.967],[19.63,40.291],[19.471,40.291],[19.486,40.614],[19.249,40.614],[19.255,40.744],[19.498,40.874],[19.438,41.263],[19.523,41.392],[19.444,41.392],[19.53,41.522],[19.45,41.522],[19.542,41.782],[19.386,41.847],[19.472,41.976],[19.708,41.911],[19.955,42.041],[20.107,41.911],[20.194,42.041],[20.753,42.041],[21.004,42.236],[21.319,42.171],[21.407,42.301],[21.807,42.301],[21.815,42.431],[22.304,42.561],[22.392,42.691],[22.473,42.691],[22.539,42.496],[22.371,42.366],[22.438,42.171],[22.673,42.106],[22.819,41.911],[23.528,41.782],[23.594,41.587],[23.748,41.522],[23.805,41.198],[23.964,41.198],[24.262,40.938],[24.258,40.874],[24.011,40.744],[23.698,40.809],[23.685,40.614],[23.839,40.55],[23.737,40.226],[22.959,40.42],[22.892,40.614],[22.572,40.55],[22.544,40.096],[22.702,40.096],[22.611,39.902],[23.135,39.45],[22.816,39.385],[22.797,39.062],[22.958,39.126],[23.022,38.868],[22.943,38.868],[22.939,38.803],[23.313,38.481],[23.626,38.481],[23.563,38.739],[24.03,38.674],[24.179,38.545],[24.159,38.222],[24.002,38.222],[23.979,37.835],[23.9,37.835],[23.904,37.9],[23.767,38.222],[23.532,38.222],[23.443,38.029],[23.365,38.029],[23.044,37.9],[23.037,37.771],[23.108,37.642]],[[22.287,38.351],[22.28,38.222],[22.44,38.287],[22.433,38.158],[22.589,38.158],[22.657,37.964],[22.97,37.964],[23.059,38.158],[22.988,38.287],[22.682,38.416],[22.678,38.351],[22.6,38.351],[22.604,38.416],[22.525,38.416],[22.134,38.416],[22.287,38.351]]],[[[20.786,38.093],[20.32,38.158],[20.328,38.351],[20.488,38.416],[20.566,38.416],[20.795,38.287],[20.786,38.093]]],[[[20.073,39.644],[20.152,39.644],[20.149,39.579],[20.07,39.579],[20.073,39.644]]],[[[33.957,35.258],[34.087,35.001],[33.695,34.937],[33.523,34.744],[33.132,34.679],[33.044,34.551],[32.367,34.744],[32.229,34.937],[32.246,35.13],[32.555,35.13],[32.875,35.258],[32.887,35.387],[33.737,35.387],[34.31,35.709],[34.387,35.709],[34.542,35.709],[34.529,35.58],[33.957,35.258]]],[[[22.917,36.997],[22.995,36.997],[22.992,36.933],[22.914,36.933],[22.917,36.997]]],[[[31.522,37.448],[31.6,37.448],[31.594,37.384],[31.516,37.384],[31.522,37.448]]],[[[23.489,38.803],[23.567,38.803],[23.563,38.739],[23.485,38.739],[23.489,38.803]]],[[[23.033,39.062],[23.344,38.997],[23.414,38.868],[23.493,38.868],[23.332,38.803],[23.025,38.933],[23.033,39.062]]]]}},{"type":"Feature","id":"cliopatria-6ff811d4fea1d088e3608acb","properties":{"NAME":"Maurya Empire","ABBREVN":null,"CONTROL":null,"SUBJECTO":"Maurya Empire","PARTOF":null,"BORDERPRECISION":1,"FromYear":-301,"ToYear":-292,"Area":2621865.351628334,"Type":"POLITY","Wikipedia":"Maurya Empire","Wikidata":"Q62943","SeshatID":"in_mauryan_emp","Components":"","MemberOf":"","sourceFeatureId":"cliopatria-6ff811d4fea1d088e3608acb","datasetId":"cliopatria"},"geometry":{"type":"MultiPolygon","coordinates":[[[[90.733,26.965],[90.657,26.965],[90.671,27.029],[90.746,27.029],[90.733,26.965]]],[[[90.596,27.029],[90.609,27.094],[90.684,27.094],[90.671,27.029],[90.596,27.029]]],[[[75.013,37.319],[74.844,36.997],[74.814,36.61],[74.891,36.61],[74.88,36.288],[74.958,36.288],[75.094,35.645],[75.171,35.645],[75.18,35.387],[75.387,35.001],[75.364,34.615],[75.518,34.615],[75.392,34.422],[75.646,33.907],[75.597,33.715],[75.674,33.715],[75.687,33.457],[75.825,33.393],[75.838,33.136],[75.976,33.072],[75.944,32.943],[76.097,32.943],[76.081,32.557],[76.463,32.236],[78.661,31.529],[78.829,31.593],[78.845,31.336],[79.18,31.465],[79.531,31.015],[80.048,30.951],[80.34,30.565],[80.918,30.436],[81.148,30.115],[81.39,30.179],[81.697,29.858],[82.336,29.665],[82.459,29.537],[83.05,29.472],[83.249,29.344],[83.49,29.408],[83.523,29.215],[83.75,29.215],[84.01,29.022],[84.251,29.087],[84.483,28.765],[84.758,28.637],[85.211,28.637],[85.848,28.444],[85.896,28.315],[86.698,28.187],[87.384,27.865],[88.391,27.994],[88.363,27.865],[88.589,27.865],[88.712,27.737],[88.952,27.801],[88.986,27.608],[89.376,27.672],[89.486,27.479],[89.76,27.351],[90.074,27.415],[90.047,27.287],[90.273,27.287],[90.171,27.158],[90.596,27.029],[90.631,26.837],[91.908,26.837],[91.929,26.194],[92.066,26.129],[91.942,25.872],[92.067,25.744],[92.031,25.551],[92.232,25.422],[92.334,25.165],[92.484,25.165],[92.386,25.036],[92.524,24.972],[92.352,24.844],[92.114,24.329],[92.263,24.329],[92.231,24.136],[92.306,24.136],[92.317,23.751],[92.232,23.686],[92.371,23.622],[92.43,23.043],[92.504,23.043],[92.475,22.851],[92.64,22.465],[92.602,22.208],[92.731,22.079],[92.657,21.565],[92.731,21.565],[92.759,21.243],[92.332,21.372],[92.333,20.858],[92.12,20.922],[92.007,21.179],[92.053,21.501],[91.83,21.501],[91.895,21.951],[91.765,22.079],[91.737,22.401],[91.365,22.401],[91.497,22.786],[91.423,22.786],[91.245,22.593],[90.938,22.529],[90.863,22.015],[90.631,21.951],[90.649,22.079],[90.426,22.079],[90.232,21.758],[89.897,22.015],[89.869,21.822],[89.712,21.758],[89.117,21.758],[89.099,21.629],[88.728,21.629],[88.716,22.079],[88.642,22.079],[88.514,21.693],[88.365,21.693],[88.348,21.565],[88.134,21.629],[88.178,21.951],[88.103,21.951],[87.762,21.629],[87.067,21.436],[86.885,21.179],[86.959,21.179],[87.031,20.601],[86.792,20.472],[86.84,20.279],[86.51,20.022],[86.436,20.022],[86.157,20.151],[86.198,20.472],[86.067,20.601],[86.075,20.665],[85.903,21.051],[85.508,21.436],[84.864,21.629],[81.652,22.079],[81.007,22.272],[74.975,22.851],[74.99,22.979],[74.767,22.979],[74.351,23.236],[74.053,23.236],[73.935,23.493],[73.652,23.622],[73.205,23.622],[71.901,23.943],[69.76,24.136],[69.551,24.265],[68.805,24.265],[68.834,23.879],[68.425,23.558],[68.127,23.558],[68.155,23.815],[67.633,23.815],[67.491,23.879],[67.438,24.072],[67.289,24.072],[67.326,24.393],[67.251,24.393],[67.215,24.715],[66.632,24.844],[66.679,25.229],[66.345,25.551],[66.021,25.358],[64.816,25.294],[64.801,25.165],[64.285,25.229],[64.225,25.358],[63.626,25.358],[63.536,25.229],[62.638,25.229],[62.563,25.229],[63.204,26.772],[63.363,26.837],[63.592,27.415],[64.365,28.572],[64.526,28.637],[64.738,29.022],[65.168,29.344],[65.19,29.472],[65.427,29.537],[65.623,29.794],[66.046,30.051],[66.751,31.4],[67.106,31.658],[68.523,33.329],[68.978,33.65],[69.325,34.165],[69.494,34.229],[69.538,34.422],[69.892,34.615],[70.541,35.387],[70.589,35.58],[71.661,36.739],[71.825,37.062],[72.416,37.513],[72.494,37.513],[73.16,37.384],[73.743,37.513],[73.766,37.319],[74.192,37.448],[74.738,37.448],[74.857,37.319],[74.935,37.319],[75.013,37.319]]]]}},{"type":"Feature","id":"cliopatria-2d9612d90f424629ce4edadf","properties":{"NAME":"Ptolemaic Kingdom","ABBREVN":null,"CONTROL":null,"SUBJECTO":"Ptolemaic Kingdom","PARTOF":null,"BORDERPRECISION":1,"FromYear":-301,"ToYear":-292,"Area":703904.5071497224,"Type":"POLITY","Wikipedia":"Ptolemaic Kingdom","Wikidata":"Q2320005","SeshatID":"","Components":"","MemberOf":"","sourceFeatureId":"cliopatria-2d9612d90f424629ce4edadf","datasetId":"cliopatria"},"geometry":{"type":"MultiPolygon","coordinates":[[[[37.073,33.264],[37.054,33.072],[36.901,33.072],[36.717,32.75],[36.751,32.3],[36.516,32.236],[36.656,32.107],[36.492,31.979],[36.463,31.658],[36.387,31.658],[36.423,31.208],[35.662,31.208],[35.499,31.079],[35.352,31.143],[34.621,30.565],[34.611,30.436],[34.389,30.501],[34.303,30.372],[33.838,30.244],[32.919,30.115],[32.91,29.987],[32.758,29.987],[32.673,29.858],[32.526,29.922],[32.442,29.794],[32.689,28.958],[32.836,28.894],[33.105,28.38],[33.609,27.994],[33.585,27.608],[33.799,27.415],[33.927,27.029],[34.073,26.965],[34.051,26.579],[34.197,26.515],[34.461,25.872],[34.608,25.808],[35.146,24.651],[35.86,24.008],[35.854,23.879],[35.559,23.943],[35.553,23.815],[35.108,23.879],[33.756,23.686],[33.682,23.686],[33.389,23.815],[32.041,23.686],[31.67,23.751],[30.537,23.365],[30.463,23.365],[30.395,23.558],[30.104,23.751],[30.109,23.879],[29.959,23.879],[29.673,24.201],[28.569,24.651],[28.289,25.165],[28.244,25.936],[28.345,26.579],[28.27,26.579],[28.154,27.351],[27.937,27.544],[27.711,27.544],[27.792,27.672],[27.43,27.994],[27.276,27.93],[27.285,28.122],[27.068,28.315],[26.252,28.637],[26.182,28.765],[25.883,28.83],[25.516,29.087],[25.376,29.344],[25.391,29.665],[25.466,29.665],[25.733,30.501],[25.891,30.629],[25.986,31.015],[26.318,31.529],[27.149,31.4],[27.515,31.143],[28.496,31.015],[28.865,30.822],[29.397,30.822],[29.485,31.015],[29.633,30.951],[29.87,31.079],[29.802,31.208],[29.882,31.272],[30.339,31.272],[30.271,31.4],[30.352,31.465],[30.809,31.465],[30.966,31.529],[30.975,31.658],[31.203,31.658],[31.118,31.529],[31.266,31.465],[31.875,31.465],[31.781,31.208],[31.937,31.272],[32,31.079],[32.304,31.079],[32.237,31.208],[32.532,31.079],[32.765,31.143],[32.832,31.015],[33.749,31.079],[34.297,31.272],[34.308,31.4],[34.633,31.658],[34.573,31.85],[34.813,31.979],[34.77,32.365],[35.022,32.622],[35.056,33.007],[35.215,33.072],[35.398,33.393],[35.346,33.65],[35.499,33.65],[35.447,33.907],[35.684,33.972],[35.644,34.358],[35.792,34.293],[36.049,34.551],[36.068,34.744],[35.927,34.872],[35.96,35.194],[35.882,35.194],[35.889,35.258],[36.269,35.194],[36.165,34.937],[36.313,34.872],[36.293,34.679],[36.441,34.615],[36.562,34.293],[36.87,34.293],[37.004,34.1],[37.389,34.1],[37.599,33.907],[37.649,33.65],[37.573,33.65],[37.073,33.264]]],[[[36.145,36.933],[35.834,36.933],[35.488,36.61],[35.113,36.739],[34.95,36.675],[34.893,36.868],[34.582,36.868],[34.251,36.675],[33.979,36.288],[33.274,36.224],[32.713,36.031],[32.558,36.031],[32.499,36.224],[31.918,36.675],[31.841,36.675],[31.738,37.255],[31.594,37.384],[31.6,37.448],[31.606,37.513],[31.612,37.577],[31.618,37.642],[32.034,37.9],[33.675,37.9],[34.358,37.706],[35.671,37.577],[35.998,37.706],[36.348,38.029],[37.115,37.9],[37.764,38.093],[39.172,38.093],[39.599,37.771],[39.549,37.384],[39.135,37.19],[38.27,37.126],[38.176,36.997],[38.02,36.997],[37.997,36.804],[37.275,36.61],[36.265,36.61],[36.272,36.675],[36.145,36.933]]]]}},{"type":"Feature","id":"cliopatria-b5cd58e2cd46cf3d13f5a368","properties":{"NAME":"Roman Republic","ABBREVN":null,"CONTROL":null,"SUBJECTO":"Roman Republic","PARTOF":null,"BORDERPRECISION":1,"FromYear":-301,"ToYear":-292,"Area":32033.410830499375,"Type":"POLITY","Wikipedia":"Roman Republic","Wikidata":"Q175881","SeshatID":"it_roman_rep_1","Components":"","MemberOf":"","sourceFeatureId":"cliopatria-b5cd58e2cd46cf3d13f5a368","datasetId":"cliopatria"},"geometry":{"type":"MultiPolygon","coordinates":[[[[15.874,41.717],[15.866,41.457],[16.415,41.198],[16.173,41.068],[15.377,41.003],[14.988,41.327],[14.916,41.652],[14.046,41.976],[13.89,42.171],[13.492,42.236],[13.17,42.106],[13.482,41.652],[13.958,41.522],[13.954,41.327],[14.112,41.263],[14.188,41.068],[14.742,41.003],[14.738,40.809],[15.055,40.809],[15.052,40.679],[14.418,40.679],[14.422,40.874],[14.105,40.874],[13.951,41.133],[13.792,41.133],[13.715,41.263],[13,41.327],[12.131,41.911],[12.132,42.041],[11.813,42.106],[11.813,42.171],[11.974,42.301],[11.895,42.431],[12.375,42.366],[12.374,42.301],[12.694,42.301],[12.618,42.626],[12.938,42.626],[13.095,42.431],[13.335,42.431],[13.501,42.756],[13.984,42.886],[13.901,42.756],[14.056,42.496],[14.608,42.106],[14.769,42.171],[14.766,42.041],[15.165,42.041],[15.241,41.911],[16.119,41.911],[16.115,41.782],[16.035,41.782],[15.874,41.717]]],[[[12.458,42.691],[12.457,42.626],[12.457,42.561],[12.456,42.496],[12.376,42.496],[12.136,42.496],[12.138,42.756],[12.379,42.756],[12.459,42.756],[12.458,42.691]]]]}},{"type":"Feature","id":"cliopatria-062e51e3269fdbc961625d33","properties":{"NAME":"Seleucid Empire","ABBREVN":null,"CONTROL":null,"SUBJECTO":"Seleucid Empire","PARTOF":null,"BORDERPRECISION":1,"FromYear":-301,"ToYear":-292,"Area":2975895.008408745,"Type":"POLITY","Wikipedia":"Seleucid dynasty","Wikidata":"Q705904","SeshatID":"ir_seleucid_emp","Components":"","MemberOf":"","sourceFeatureId":"cliopatria-062e51e3269fdbc961625d33","datasetId":"cliopatria"},"geometry":{"type":"MultiPolygon","coordinates":[[[[69.416,39.644],[69.28,39.45],[69.359,39.45],[69.364,39.191],[69.521,39.191],[69.405,39.062],[69.568,38.803],[70.316,38.674],[70.358,38.545],[70.63,38.674],[70.593,38.545],[71.202,38.481],[71.364,38.222],[71.779,38.029],[71.941,37.771],[72.434,37.577],[72.416,37.513],[71.825,37.062],[71.661,36.739],[70.589,35.58],[70.541,35.387],[69.892,34.615],[69.538,34.422],[69.494,34.229],[69.325,34.165],[68.978,33.65],[68.523,33.329],[67.106,31.658],[66.751,31.4],[66.046,30.051],[65.623,29.794],[65.427,29.537],[65.19,29.472],[65.168,29.344],[64.738,29.022],[64.526,28.637],[64.365,28.572],[63.592,27.415],[63.363,26.837],[63.204,26.772],[62.563,25.229],[62.556,25.165],[61.719,25.036],[61.658,25.165],[61.127,25.101],[60.917,25.229],[60.618,25.229],[60.632,25.358],[59.06,25.358],[58.782,25.551],[57.74,25.615],[57.679,25.744],[57.38,25.744],[57.176,25.936],[57.052,26.837],[56.715,27.158],[56.188,27.158],[56.098,27.029],[56.324,27.029],[56.309,26.901],[56.061,26.708],[55.603,26.644],[55.439,26.515],[55.289,26.515],[55.31,26.708],[55.543,26.772],[55.242,26.772],[54.832,26.451],[54.463,26.515],[54.259,26.708],[53.658,26.708],[53.461,26.965],[52.737,27.222],[52.479,27.608],[52.049,27.801],[51.597,27.801],[51.317,27.994],[51.331,28.122],[51.066,28.444],[51.028,28.765],[50.809,28.83],[50.915,29.087],[50.62,29.151],[50.651,29.408],[50.236,29.729],[50.065,30.179],[49.586,29.987],[48.943,30.308],[48.987,30.051],[48.365,29.922],[48.404,29.601],[48.093,29.537],[47.646,29.601],[47.29,29.794],[46.979,29.729],[46.994,29.858],[46.85,29.922],[46.615,29.858],[46.591,30.308],[45.77,30.436],[44.955,31.272],[44.581,31.336],[44.459,31.593],[43.153,32.814],[42.709,32.943],[42.578,33.136],[42.065,33.329],[42.003,33.457],[41.489,33.65],[41.427,33.779],[41.273,33.779],[41.212,33.907],[40.912,33.972],[40.704,34.165],[40.311,34.1],[40.403,34.229],[40.257,34.293],[39.124,34.486],[37.99,33.972],[37.739,33.779],[37.726,33.65],[37.649,33.65],[37.599,33.907],[37.389,34.1],[37.004,34.1],[36.87,34.293],[36.562,34.293],[36.441,34.615],[36.293,34.679],[36.313,34.872],[36.165,34.937],[36.269,35.194],[35.889,35.258],[35.896,35.323],[35.993,35.516],[35.845,35.58],[35.872,35.838],[35.99,36.224],[35.849,36.353],[36.187,36.61],[36.265,36.61],[37.275,36.61],[37.997,36.804],[38.02,36.997],[38.176,36.997],[38.27,37.126],[39.135,37.19],[39.549,37.384],[39.599,37.771],[39.172,38.093],[37.764,38.093],[37.115,37.9],[36.348,38.029],[35.998,37.706],[35.671,37.577],[34.358,37.706],[33.675,37.9],[32.034,37.9],[31.618,37.642],[31.53,38.351],[31.882,38.739],[32.503,38.674],[32.844,38.933],[33.001,38.933],[33.274,38.545],[33.509,38.545],[33.673,38.61],[33.701,38.868],[34.479,38.803],[34.493,38.933],[34.658,38.997],[34.688,39.256],[34.947,39.45],[35.593,39.579],[35.672,39.579],[36.153,39.644],[37.861,39.45],[38.473,39.32],[38.377,39.191],[38.674,39.062],[38.752,39.062],[39.45,38.416],[40.451,38.287],[40.598,38.222],[40.572,38.029],[41.667,38.029],[41.961,37.9],[42.508,37.9],[43.945,37.577],[44.413,37.577],[44.774,37.384],[44.745,37.19],[44.871,36.997],[45.251,36.933],[45.118,36.031],[45.195,36.031],[45.217,35.645],[46.031,35.387],[47.954,35.323],[48.774,35.13],[49.413,35.258],[49.608,35.516],[50.48,35.645],[50.855,36.031],[52.008,36.417],[52.108,36.546],[52.186,36.546],[53.088,36.804],[54.033,36.868],[54.095,37.19],[53.976,37.384],[54.703,37.513],[54.846,37.835],[55.289,38.093],[56.228,38.093],[56.674,38.351],[57.55,38.416],[58.627,38.674],[60.256,39.256],[60.618,39.45],[60.65,39.579],[60.949,39.514],[62.502,40.032],[62.879,39.967],[63.467,40.096],[64.889,40.096],[65.23,39.902],[65.564,39.967],[66.22,39.773],[68.53,39.579],[68.624,39.902],[68.997,40.096],[69.036,40.226],[69.273,40.226],[69.272,40.485],[69.193,40.485],[69.272,40.744],[69.61,40.809],[69.807,40.679],[70.564,41.068],[70.682,40.938],[70.641,40.809],[70.779,40.744],[70.738,40.614],[69.846,40.291],[69.886,40.161],[69.334,39.902],[69.337,39.644],[69.416,39.644]]],[[[38.683,39.126],[38.691,39.191],[38.77,39.191],[38.761,39.126],[38.683,39.126]]],[[[70.34,40.355],[70.36,40.42],[70.44,40.42],[70.419,40.355],[70.34,40.355]]]]}},{"type":"Feature","id":"cliopatria-8f1a5e0452efb6c6612d575e","properties":{"NAME":"Zhongshan","ABBREVN":null,"CONTROL":null,"SUBJECTO":"Zhongshan","PARTOF":"(Warring States China)","BORDERPRECISION":1,"FromYear":-301,"ToYear":-292,"Area":10739.333289737155,"Type":"POLITY","Wikipedia":"Zhongshan","Wikidata":"Q59223","SeshatID":"","Components":"","MemberOf":"(Warring States China)","sourceFeatureId":"cliopatria-8f1a5e0452efb6c6612d575e","datasetId":"cliopatria"},"geometry":{"type":"MultiPolygon","coordinates":[[[[116.929,38.545],[116.851,38.545],[116.145,38.545],[116.399,38.739],[116.164,38.739],[116.262,38.933],[116.092,39.062],[116.101,39.385],[115.865,39.385],[116.102,39.838],[116.136,39.902],[116.452,39.902],[116.951,40.096],[117.03,40.096],[116.926,39.902],[117.014,39.773],[116.798,39.514],[116.933,39.32],[116.7,38.868],[116.903,38.803],[116.87,38.739],[117.106,38.739],[117.119,38.61],[117.04,38.61],[117.008,38.545],[116.929,38.545]]]]}},{"type":"Feature","id":"cliopatria-ddbeb42e4a6c09ca56a1dc7d","properties":{"NAME":"Colchis","ABBREVN":null,"CONTROL":null,"SUBJECTO":"Colchis","PARTOF":null,"BORDERPRECISION":1,"FromYear":-301,"ToYear":-282,"Area":44264.959735658165,"Type":"POLITY","Wikipedia":"Colchis","Wikidata":"Q183150","SeshatID":"","Components":"","MemberOf":"","sourceFeatureId":"cliopatria-ddbeb42e4a6c09ca56a1dc7d","datasetId":"cliopatria"},"geometry":{"type":"MultiPolygon","coordinates":[[[[41.159,41.392],[41.238,41.392],[41.228,41.327],[41.148,41.327],[41.159,41.392]]],[[[41.93,43.082],[42.079,43.017],[42.332,43.082],[42.457,42.886],[42.617,42.886],[42.593,42.756],[42.73,42.626],[43.038,42.561],[43.095,42.431],[43.519,42.561],[43.575,42.431],[43.815,42.431],[43.778,42.236],[44.86,42.041],[44.982,41.847],[44.946,41.652],[44.647,41.327],[44.635,41.263],[44.305,41.198],[44.181,41.392],[42.624,41.587],[42.363,41.457],[42.25,41.263],[41.535,41.263],[41.36,40.679],[41.122,40.679],[41.005,40.938],[41.016,41.003],[41.275,41.133],[41.228,41.327],[41.567,41.457],[41.6,41.652],[41.782,41.782],[41.758,42.106],[41.598,42.106],[41.701,42.236],[41.483,42.366],[41.609,42.626],[41.116,43.017],[40.817,43.147],[40.416,43.147],[40.219,43.407],[39.978,43.407],[39.63,43.733],[41.047,43.538],[41.414,43.342],[42.034,43.212],[42.022,43.147],[41.93,43.082]]],[[[39.953,43.733],[39.964,43.798],[40.045,43.798],[40.033,43.733],[39.953,43.733]]]]}},{"type":"Feature","id":"cliopatria-574dd0f68c3161a9b886d047","properties":{"NAME":"Kingdom of Armenia","ABBREVN":null,"CONTROL":null,"SUBJECTO":"Kingdom of Armenia","PARTOF":null,"BORDERPRECISION":1,"FromYear":-301,"ToYear":-282,"Area":241725.3304352232,"Type":"POLITY","Wikipedia":"Kingdom of Armenia (antiquity)","Wikidata":"Q208404","SeshatID":"","Components":"","MemberOf":"","sourceFeatureId":"cliopatria-574dd0f68c3161a9b886d047","datasetId":"cliopatria"},"geometry":{"type":"MultiPolygon","coordinates":[[[[45.191,41.263],[45.235,41.068],[45.473,41.068],[45.675,40.874],[45.492,40.744],[45.524,40.485],[46.493,40.161],[46.537,39.967],[46.774,39.967],[47.054,39.773],[47.381,39.838],[47.515,39.708],[48.304,39.708],[48.673,39.579],[48.806,39.45],[48.782,39.32],[48.928,39.256],[48.742,38.674],[48.821,38.674],[48.807,38.158],[48.795,38.093],[48.326,38.093],[47.252,38.674],[46.121,38.481],[45.854,38.287],[45.635,37.9],[45.224,37.771],[45.174,37.448],[45.252,37.448],[45.29,37.19],[45.446,37.19],[45.251,36.933],[44.871,36.997],[44.745,37.19],[44.774,37.384],[44.413,37.577],[43.945,37.577],[42.508,37.9],[41.961,37.9],[41.667,38.029],[40.572,38.029],[40.598,38.222],[40.451,38.287],[39.45,38.416],[38.752,39.062],[38.761,39.126],[38.945,39.32],[38.867,39.32],[38.893,39.514],[38.745,39.579],[38.93,39.773],[38.79,39.902],[40.398,40.096],[40.428,40.291],[40.764,40.42],[40.547,40.55],[40.578,40.744],[40.926,40.938],[41.005,40.938],[41.122,40.679],[41.36,40.679],[41.535,41.263],[42.25,41.263],[42.363,41.457],[42.624,41.587],[44.181,41.392],[44.305,41.198],[44.635,41.263],[44.714,41.263],[45.112,41.263],[45.191,41.263]]],[[[47.066,39.838],[47.077,39.902],[47.156,39.902],[47.145,39.838],[47.066,39.838]]],[[[46.92,39.902],[46.931,39.967],[47.01,39.967],[46.999,39.902],[46.92,39.902]]]]}},{"type":"Feature","id":"cliopatria-40159298ced69da51854f004","properties":{"NAME":"Kingdom of Bithynia","ABBREVN":null,"CONTROL":null,"SUBJECTO":"Kingdom of Bithynia","PARTOF":null,"BORDERPRECISION":1,"FromYear":-301,"ToYear":-282,"Area":14571.587163392815,"Type":"POLITY","Wikipedia":"Kingdom of Bithynia","Wikidata":"Q3762571","SeshatID":"","Components":"","MemberOf":"","sourceFeatureId":"cliopatria-40159298ced69da51854f004","datasetId":"cliopatria"},"geometry":{"type":"MultiPolygon","coordinates":[[[[30.886,40.55],[30.807,40.55],[29.48,40.744],[29.487,40.809],[29.249,40.809],[29.367,41.198],[30.479,41.198],[30.624,41.068],[31.18,41.068],[31.353,41.198],[31.592,41.198],[31.701,41.457],[32.027,41.522],[32.121,41.652],[32.114,41.587],[32.322,41.327],[32.307,41.198],[32.14,41.133],[32.118,40.938],[31.714,40.874],[31.196,40.485],[30.886,40.55]]]]}},{"type":"Feature","id":"cliopatria-276f00e3c79868870e7a4712","properties":{"NAME":"Carthage","ABBREVN":null,"CONTROL":null,"SUBJECTO":"Carthage","PARTOF":null,"BORDERPRECISION":1,"FromYear":-301,"ToYear":-278,"Area":208676.90973075485,"Type":"POLITY","Wikipedia":"Ancient Carthage","Wikidata":"Q2429397","SeshatID":"tn_carthage_emp","Components":"","MemberOf":"","sourceFeatureId":"cliopatria-276f00e3c79868870e7a4712","datasetId":"cliopatria"},"geometry":{"type":"MultiPolygon","coordinates":[[[[11.083,35.58],[11.083,35.387],[11.006,35.387],[11.083,35.001],[10.851,34.937],[10.851,34.808],[10.543,34.551],[10.004,34.293],[10.082,34.229],[10.006,33.907],[10.237,33.715],[10.544,33.715],[10.698,33.522],[11.082,33.586],[11.158,33.2],[11.464,33.2],[12.229,32.814],[12.612,32.879],[12.535,32.75],[12.841,32.75],[12.842,32.879],[13.302,32.943],[13.454,32.814],[13.761,32.879],[13.759,32.75],[14.065,32.75],[14.444,32.493],[14.675,32.557],[14.749,32.429],[15.055,32.429],[15.282,32.3],[15.425,31.658],[15.576,31.593],[15.649,31.4],[16.179,31.208],[16.864,31.208],[17.847,30.951],[18.222,30.758],[18.592,30.372],[18.896,30.372],[18.814,30.115],[18.586,30.115],[18.216,30.501],[17.161,30.886],[15.569,31.143],[15.193,31.465],[15.05,32.107],[14.899,32.236],[14.517,32.172],[14.443,32.365],[13.758,32.622],[11.998,32.622],[12.076,32.75],[11.617,32.943],[11.081,32.879],[10.698,33.136],[10.468,33.136],[10.468,33.264],[9.854,33.393],[9.624,33.329],[9.547,33.522],[9.316,33.586],[9.083,34.036],[8.929,34.036],[9.003,34.358],[8.926,34.358],[8.846,34.744],[8.459,34.872],[8.229,34.808],[8.073,34.937],[7.906,35.966],[7.828,35.966],[7.902,36.224],[7.586,36.61],[6.965,36.61],[6.889,36.482],[6.422,36.546],[6.347,36.417],[5.879,36.482],[5.649,36.353],[2.775,36.417],[2.316,36.224],[2.003,36.288],[2.008,36.16],[1.155,36.16],[1.005,36.031],[0.772,36.031],[0.479,35.645],[-0.292,35.58],[-1.04,35.065],[-1.198,35.13],[-1.346,35.001],[-1.806,34.937],[-1.876,34.808],[-2.809,34.937],[-4.734,34.872],[-4.743,35.001],[-5.214,35.13],[-5.39,35.451],[-5.627,35.516],[-5.9,35.001],[-5.815,34.872],[-5.969,34.872],[-6.242,34.358],[-6.157,34.229],[-6.31,34.229],[-6.601,33.972],[-6.592,33.843],[-6.814,33.715],[-6.728,33.586],[-7.184,33.522],[-7.474,33.264],[-7.875,33.522],[-7.13,33.843],[-7.062,33.972],[-6.904,33.907],[-6.614,34.165],[-6.7,34.293],[-6.473,34.358],[-6.482,34.486],[-6.264,34.679],[-6.205,34.937],[-6.291,35.065],[-6.132,35.001],[-5.95,35.709],[-5.571,35.838],[-5.339,35.838],[-5.24,35.516],[-4.755,35.194],[-3.132,35.194],[-2.982,35.258],[-2.993,35.451],[-2.838,35.451],[-2.82,35.13],[-2.662,35.065],[-1.89,35.065],[-1.591,35.258],[-1.359,35.258],[-1.136,35.451],[-1.224,35.645],[-1.066,35.58],[-0.917,35.709],[-0.53,35.709],[-0.459,35.838],[0.084,35.838],[0.376,36.224],[0.684,36.288],[0.678,36.417],[0.914,36.353],[1.216,36.546],[1.53,36.482],[2.377,36.675],[2.69,36.61],[2.841,36.739],[3.23,36.739],[3.459,36.868],[3.85,36.804],[4.235,36.933],[4.859,36.868],[5.098,36.675],[5.564,36.675],[5.639,36.804],[6.106,36.804],[6.103,36.933],[6.334,37.062],[6.805,36.868],[7.194,36.868],[7.346,37.062],[7.502,37.062],[7.738,36.868],[8.516,36.868],[8.903,37.126],[9.059,37.062],[9.37,37.255],[9.759,37.319],[9.993,37.19],[10.227,37.255],[10.228,37.062],[10.305,37.062],[10.228,36.804],[10.462,36.739],[11.006,36.997],[11.006,36.804],[10.462,36.417],[10.54,36.353],[10.464,35.902],[10.851,35.709],[10.851,35.645],[11.083,35.58]]],[[[14.568,35.773],[14.337,35.838],[14.34,36.031],[14.417,36.031],[14.571,35.966],[14.568,35.773]]],[[[-3.851,36.804],[-4.469,36.739],[-4.689,36.546],[-5.228,36.482],[-5.288,36.224],[-5.516,36.16],[-5.585,36.031],[-5.831,36.224],[-6.064,36.224],[-6.248,36.61],[-5.918,36.353],[-5.452,36.353],[-5.306,36.482],[-5.31,36.546],[-4.555,36.868],[-3.851,36.804]]],[[[13.975,37.771],[13.431,37.964],[12.961,37.9],[12.96,37.771],[14.591,37.19],[14.51,36.997],[14.123,37.19],[13.578,37.255],[13.192,37.577],[12.49,37.706],[12.492,37.9],[12.65,38.093],[13.04,38.029],[13.12,38.158],[13.355,38.158],[13.665,37.964],[14.056,37.964],[15.627,38.287],[15.624,38.158],[15.389,38.158],[15.066,37.642],[15.06,37.319],[14.903,37.255],[14.754,37.642],[14.993,37.9],[14.915,37.9],[13.975,37.771]]],[[[1.658,38.997],[1.431,38.803],[1.274,38.803],[1.183,39.062],[1.259,39.126],[1.337,39.126],[1.652,39.126],[1.658,38.997]]],[[[9.822,40.744],[9.823,40.355],[9.665,40.291],[9.747,39.644],[9.669,39.644],[9.593,39.126],[9.12,39.191],[8.966,38.868],[8.73,38.868],[8.336,38.997],[8.412,39.256],[8.333,39.256],[8.33,39.514],[8.409,39.514],[8.483,39.902],[8.325,39.967],[8.4,40.291],[8.321,40.291],[8.319,40.485],[8.16,40.55],[8.155,40.938],[8.552,40.874],[9.025,41.263],[9.104,41.263],[9.502,41.198],[9.822,40.744]]]]}},{"type":"Feature","id":"cliopatria-8b0fbb71e56d029c5ed735d3","properties":{"NAME":"Atropatene","ABBREVN":null,"CONTROL":null,"SUBJECTO":"Atropatene","PARTOF":null,"BORDERPRECISION":1,"FromYear":-301,"ToYear":-248,"Area":147248.5967296045,"Type":"POLITY","Wikipedia":"Atropatene","Wikidata":"Q260437","SeshatID":"ir_atropatene_k","Components":"","MemberOf":"","sourceFeatureId":"cliopatria-8b0fbb71e56d029c5ed735d3","datasetId":"cliopatria"},"geometry":{"type":"MultiPolygon","coordinates":[[[[49.029,37.642],[49.018,37.577],[49.999,37.384],[50.321,36.997],[50.566,37.062],[50.632,36.997],[50.532,36.868],[50.821,36.739],[52.03,36.546],[52.108,36.546],[52.008,36.417],[50.855,36.031],[50.48,35.645],[49.608,35.516],[49.413,35.258],[48.774,35.13],[47.954,35.323],[46.031,35.387],[45.217,35.645],[45.195,36.031],[45.118,36.031],[45.251,36.933],[45.446,37.19],[45.29,37.19],[45.252,37.448],[45.174,37.448],[45.224,37.771],[45.635,37.9],[45.854,38.287],[46.121,38.481],[47.252,38.674],[48.326,38.093],[48.795,38.093],[48.874,38.093],[48.829,37.835],[49.029,37.642]]]]}},{"type":"Feature","id":"cliopatria-87f10122956953bcee0e3aae","properties":{"NAME":"(Warring States China)","ABBREVN":null,"CONTROL":null,"SUBJECTO":"(Warring States China)","PARTOF":null,"BORDERPRECISION":1,"FromYear":-291,"ToYear":-285,"Area":1633841.8291364263,"Type":"POLITY","Wikipedia":"Warring States Period","Wikidata":"Q185063","SeshatID":"","Components":"Xu;Qin;Yan;Wei;Wey;Later Zhou;Qi;Song;Chu;Lu;Han;Zhao","MemberOf":"","sourceFeatureId":"cliopatria-87f10122956953bcee0e3aae","datasetId":"cliopatria"},"geometry":{"type":"MultiPolygon","coordinates":[[[[106.069,28.444],[105.129,28.315],[104.066,28.572],[103.898,28.508],[103.857,28.637],[102.927,28.83],[102.602,29.022],[101.48,29.344],[101.44,29.472],[101.156,29.537],[100.982,29.729],[101.019,29.858],[100.828,29.987],[100.865,30.115],[100.674,30.244],[100.673,30.501],[100.598,30.501],[100.982,31.272],[101.836,32.043],[102.158,32.557],[102.312,33.457],[102.235,33.457],[102.325,33.715],[102.248,33.715],[102.409,34.165],[103.094,34.358],[103.379,34.293],[103.479,34.358],[103.497,34.615],[104.133,34.872],[106.185,35.387],[106.493,35.58],[106.803,35.58],[106.854,35.709],[107.061,35.645],[108.069,36.031],[109.367,36.353],[109.422,36.482],[109.81,36.482],[110.698,36.739],[110.754,36.868],[110.882,36.804],[111.434,36.997],[114.081,39.126],[114.113,39.191],[114.146,39.256],[114.054,39.385],[113.897,39.385],[113.93,39.45],[113.772,39.45],[113.805,39.514],[113.083,39.644],[113.116,39.708],[112.17,39.708],[112.236,39.838],[112.111,39.902],[112.742,40.355],[113.093,40.42],[114.596,40.42],[114.527,40.291],[115.159,40.291],[115.292,40.096],[115.371,40.096],[115.55,39.838],[116.102,39.838],[116.951,40.096],[117.03,40.096],[117.066,40.161],[117.567,40.355],[118.705,40.55],[118.778,40.679],[119.174,40.679],[122.928,41.911],[123.167,41.911],[123.127,41.847],[123.405,41.782],[123.365,41.717],[123.604,41.717],[123.564,41.652],[123.843,41.587],[123.803,41.522],[124.042,41.522],[124.002,41.457],[124.757,41.133],[124.837,41.133],[124.412,40.291],[123.871,39.902],[123.876,39.773],[123.597,39.838],[122.936,39.644],[122.17,39.256],[121.952,38.997],[121.716,38.997],[121.422,38.739],[121.029,38.739],[121.201,39.062],[121.515,39.062],[121.69,39.385],[121.297,39.385],[121.21,39.514],[121.281,39.644],[121.438,39.644],[121.503,39.902],[121.776,39.967],[122.231,40.485],[122.106,40.679],[121.827,40.744],[121.824,40.874],[121.11,40.874],[120.997,40.679],[120.647,40.485],[120.5,40.226],[119.38,39.773],[119.215,39.32],[118.45,39.062],[118.057,39.062],[118.046,39.191],[117.888,39.191],[117.676,38.933],[117.622,38.674],[117.602,38.481],[118.054,38.287],[118.067,38.158],[118.583,38.093],[118.648,38.222],[118.804,38.222],[118.772,38.158],[119.131,38.093],[119.209,38.093],[119.177,38.029],[119.457,37.964],[119.393,37.835],[119.237,37.835],[118.984,37.319],[119.14,37.319],[119.156,37.19],[119.701,37.19],[119.827,37.448],[120.202,37.577],[120.188,37.706],[120.754,37.9],[121.112,37.835],[121.171,37.642],[121.483,37.642],[121.497,37.513],[122.154,37.577],[122.121,37.513],[122.713,37.448],[122.442,37.062],[122.566,36.997],[122.503,36.868],[122.161,36.804],[122.146,36.933],[121.912,36.933],[121.212,36.61],[120.979,36.61],[120.965,36.417],[120.732,36.417],[120.659,36.095],[120.318,36.031],[120.075,35.838],[120.045,35.773],[120.016,35.709],[119.619,35.516],[119.228,34.808],[119.459,34.808],[119.809,34.551],[119.886,34.551],[119.985,34.422],[120.342,34.358],[120.489,34.165],[120.55,33.586],[120.926,33.2],[120.919,32.622],[121.403,32.493],[121.503,32.172],[121.961,31.979],[121.937,31.722],[121.836,31.658],[121.301,31.85],[120.919,31.85],[121.454,31.658],[121.481,31.529],[121.634,31.529],[121.584,31.4],[121.737,31.4],[121.995,31.079],[121.899,30.822],[121.519,30.822],[120.801,30.308],[120.725,30.308],[120.521,30.372],[119.703,29.987],[118.36,29.601],[116.736,29.729],[116.27,29.922],[116.129,30.179],[116.151,30.244],[116.119,30.372],[115.685,30.436],[115.208,30.372],[114.872,30.501],[114.113,30.501],[113.951,30.244],[113.584,30.051],[113.267,29.537],[112.904,29.344],[111.996,29.344],[111.809,29.472],[111.299,29.537],[110.662,29.922],[110.434,29.922],[110.359,29.922],[110.283,29.922],[107.459,28.83],[106.028,28.572],[106.069,28.444]]]]}},{"type":"Feature","id":"cliopatria-022a6f10ef72adf333386980","properties":{"NAME":"Antigonid Dynasty","ABBREVN":null,"CONTROL":null,"SUBJECTO":"Antigonid Dynasty","PARTOF":null,"BORDERPRECISION":1,"FromYear":-291,"ToYear":-285,"Area":127922.02677373073,"Type":"POLITY","Wikipedia":"Antigonid dynasty","Wikidata":"Q237325","SeshatID":"gr_antigonid_emp","Components":"","MemberOf":"","sourceFeatureId":"cliopatria-022a6f10ef72adf333386980","datasetId":"cliopatria"},"geometry":{"type":"MultiPolygon","coordinates":[[[[22.995,36.997],[22.992,36.933],[22.914,36.933],[22.917,36.997],[22.995,36.997]]],[[[23.563,38.739],[23.485,38.739],[23.489,38.803],[23.567,38.803],[23.563,38.739]]],[[[23.805,41.198],[23.964,41.198],[24.262,40.938],[24.258,40.874],[24.011,40.744],[23.698,40.809],[23.685,40.614],[23.839,40.55],[23.737,40.226],[22.959,40.42],[22.892,40.614],[22.572,40.55],[22.544,40.096],[22.702,40.096],[22.611,39.902],[23.135,39.45],[22.816,39.385],[22.797,39.062],[22.958,39.126],[23.493,38.868],[23.332,38.803],[23.025,38.933],[22.936,38.739],[23.167,38.674],[23.313,38.481],[23.626,38.481],[23.563,38.739],[24.03,38.674],[24.179,38.545],[24.159,38.222],[24.002,38.222],[23.979,37.835],[23.208,38.029],[23.037,37.771],[23.108,37.642],[23.342,37.642],[23.402,37.319],[23.169,37.319],[23.176,37.448],[22.949,37.577],[22.714,37.577],[22.701,37.319],[22.853,37.255],[22.917,36.997],[22.691,37.126],[22.694,37.19],[22.155,37.319],[21.606,37.255],[21.609,37.319],[21.697,37.513],[21.244,37.835],[21.25,37.964],[21.416,38.158],[21.729,38.158],[21.738,38.351],[21.193,38.416],[20.974,38.739],[20.741,38.803],[20.829,38.997],[21.14,38.933],[21.15,39.126],[21.386,39.126],[21.471,39.256],[21.091,39.514],[20.806,40.096],[20.493,40.161],[20.427,40.42],[20.19,40.42],[19.733,40.809],[19.334,40.744],[19.498,40.874],[19.438,41.263],[19.523,41.392],[19.444,41.392],[19.53,41.522],[19.45,41.522],[19.542,41.782],[19.389,41.911],[19.708,41.911],[19.955,42.041],[20.107,41.911],[20.194,42.041],[20.753,42.041],[21.004,42.236],[21.319,42.171],[21.407,42.301],[21.807,42.301],[21.815,42.431],[22.304,42.561],[22.392,42.691],[22.473,42.691],[22.539,42.496],[22.371,42.366],[22.438,42.171],[22.673,42.106],[22.819,41.911],[23.528,41.782],[23.744,41.457],[23.739,41.392],[23.805,41.198]]]]}},{"type":"Feature","id":"cliopatria-50cb55eb3e4ee201a1eab5b0","properties":{"NAME":"Greek City-States","ABBREVN":null,"CONTROL":null,"SUBJECTO":"Greek City-States","PARTOF":null,"BORDERPRECISION":1,"FromYear":-291,"ToYear":-285,"Area":80006.73844701519,"Type":"POLITY","Wikipedia":"Polis","Wikidata":"Q148837","SeshatID":"","Components":"","MemberOf":"","sourceFeatureId":"cliopatria-50cb55eb3e4ee201a1eab5b0","datasetId":"cliopatria"},"geometry":{"type":"MultiPolygon","coordinates":[[[[22.874,36.16],[22.887,36.417],[22.965,36.417],[23.117,36.353],[23.107,36.16],[22.874,36.16]]],[[[22.833,36.868],[22.599,36.868],[22.512,36.675],[22.356,36.675],[22.22,37.062],[21.909,37.062],[21.899,36.868],[21.744,36.868],[21.681,37.19],[21.603,37.19],[21.606,37.255],[22.155,37.319],[22.694,37.19],[22.691,37.126],[22.992,36.933],[23.056,36.675],[22.833,36.868]]],[[[14.431,36.933],[14.982,37.319],[15.214,37.19],[15.213,37.126],[15.05,36.739],[14.661,36.739],[14.431,36.933]]],[[[20.613,37.706],[20.621,37.9],[20.699,37.9],[20.934,37.9],[20.922,37.642],[20.613,37.706]]],[[[20.32,38.158],[20.328,38.351],[20.488,38.416],[20.566,38.416],[20.795,38.287],[20.786,38.093],[20.32,38.158]]],[[[20.587,38.868],[20.666,38.868],[20.732,38.61],[20.497,38.61],[20.587,38.868]]],[[[-0.345,39.708],[-0.314,39.126],[0.096,38.803],[-0.126,38.545],[-0.539,38.933],[-0.567,39.45],[-0.571,39.514],[-0.514,39.902],[-0.202,39.967],[-0.345,39.708]]],[[[17.981,40.614],[18.364,40.291],[18.436,40.096],[18.357,40.096],[18.349,39.902],[18.112,39.902],[17.813,40.355],[17.418,40.355],[17.345,40.55],[16.868,40.485],[16.943,40.355],[16.624,40.291],[16.697,40.096],[16.457,39.967],[16.447,39.644],[16.916,39.514],[17.07,39.385],[17.138,39.062],[16.663,38.933],[16.502,38.803],[16.492,38.416],[15.933,37.964],[15.698,37.964],[15.627,38.287],[15.942,38.351],[15.95,38.674],[16.265,38.739],[16.27,38.933],[16.117,39.062],[15.899,39.773],[15.666,39.902],[15.748,40.032],[15.432,40.032],[15.199,40.226],[15.041,40.226],[14.893,40.679],[15.052,40.679],[15.134,40.809],[15.361,40.355],[15.516,40.226],[16.146,40.161],[16.141,39.967],[16.38,40.032],[16.306,40.226],[16.549,40.42],[16.551,40.485],[16.877,40.744],[17.508,40.679],[17.504,40.55],[17.981,40.614]]],[[[5.387,43.407],[5.063,43.472],[4.178,43.472],[4.173,43.603],[3.851,43.603],[2.985,43.147],[3.01,42.561],[3.178,42.366],[3.04,41.847],[2.698,42.366],[2.775,42.431],[2.669,43.017],[2.75,43.017],[2.741,43.212],[3.446,43.668],[4.728,43.863],[5.87,43.407],[6.594,43.407],[6.597,43.277],[6.278,43.147],[6.198,43.147],[5.796,43.147],[5.632,43.277],[5.391,43.277],[5.387,43.407]]],[[[24.157,35.516],[24.15,35.387],[24.301,35.323],[25.692,35.323],[25.681,35.13],[26.225,35.194],[26.14,35.065],[24.824,35.001],[24.757,35.194],[24.526,35.194],[24.448,35.194],[23.679,35.258],[23.615,35.516],[24.157,35.516]]],[[[27.743,35.902],[27.693,36.288],[28.017,36.482],[28.095,36.482],[28.25,36.482],[28.139,36.031],[27.743,35.902]]],[[[24.551,40.55],[24.491,40.809],[24.57,40.809],[24.808,40.809],[24.794,40.614],[24.551,40.55]]],[[[40.37,40.938],[40.47,41.068],[40.608,40.938],[40.567,40.679],[39.864,40.744],[39.686,40.614],[39.547,40.744],[39.16,40.809],[38.824,40.679],[37.873,40.679],[37.126,41.003],[36.879,40.938],[36.897,41.068],[36.439,41.198],[36.775,41.327],[37.065,41.133],[37.233,41.198],[37.215,41.068],[37.771,41.068],[37.831,40.938],[38.158,41.003],[38.298,40.874],[38.952,41.003],[38.962,41.068],[39.21,41.133],[39.736,40.938],[40.37,40.938]]],[[[31.592,41.198],[31.512,41.198],[31.361,41.263],[31.693,41.392],[31.592,41.198]]],[[[35.086,41.782],[35.006,41.782],[35.015,41.847],[34.793,41.976],[35.121,42.041],[35.086,41.782]]],[[[35.125,44.908],[34.376,44.777],[33.926,44.451],[33.449,44.516],[33.61,45.104],[33.459,45.187],[33.78,45.155],[33.917,44.973],[34.986,45.3],[35.02,45.3],[35.183,45.3],[35.154,45.104],[35.235,45.104],[35.125,44.908]]],[[[31.567,46.94],[31.533,46.677],[30.877,46.677],[30.298,45.955],[30.045,45.89],[29.859,45.693],[29.614,45.693],[29.644,45.955],[30.189,46.415],[30.271,46.415],[30.458,46.612],[31.065,46.874],[31.082,47.006],[31.567,46.94]]],[[[38.667,47.598],[39.079,47.598],[39.138,47.466],[39.126,47.401],[39.197,47.335],[38.35,47.203],[38.385,47.401],[38.667,47.598]]]]}},{"type":"Feature","id":"cliopatria-0fea3f93494071ffbb65c530","properties":{"NAME":"Kingdom of Lysimachus","ABBREVN":null,"CONTROL":null,"SUBJECTO":"Kingdom of Lysimachus","PARTOF":null,"BORDERPRECISION":1,"FromYear":-291,"ToYear":-285,"Area":410595.92240636714,"Type":"POLITY","Wikipedia":"Lysimachian Empire","Wikidata":"Q32133","SeshatID":"tr_lysimachus_k","Components":"","MemberOf":"","sourceFeatureId":"cliopatria-0fea3f93494071ffbb65c530","datasetId":"cliopatria"},"geometry":{"type":"MultiPolygon","coordinates":[[[[29.046,40.355],[28.9,40.485],[28.913,40.614],[29.401,40.744],[29.48,40.744],[30.807,40.55],[30.886,40.55],[31.196,40.485],[31.714,40.874],[32.118,40.938],[32.14,41.133],[32.307,41.198],[32.322,41.327],[32.114,41.587],[32.193,41.587],[32.695,41.782],[32.631,41.911],[32.862,41.847],[33.277,41.976],[34.474,41.976],[34.326,41.457],[34.46,41.263],[34.269,41.003],[34.411,40.874],[34.379,40.614],[34.6,40.485],[34.536,39.967],[34.828,39.773],[35.514,39.579],[35.593,39.579],[34.947,39.45],[34.688,39.256],[34.658,38.997],[34.493,38.933],[34.479,38.803],[33.701,38.868],[33.673,38.61],[33.509,38.545],[33.274,38.545],[33.001,38.933],[32.844,38.933],[32.503,38.674],[31.882,38.739],[31.53,38.351],[31.618,37.642],[31.612,37.577],[31.606,37.513],[31.6,37.448],[31.522,37.448],[31.516,37.384],[31.594,37.384],[31.738,37.255],[31.841,36.675],[31.763,36.675],[31.392,36.868],[30.619,36.933],[30.492,36.353],[30.026,36.353],[29.938,36.224],[29.24,36.224],[29.125,36.739],[28.357,36.868],[28.187,36.675],[28.031,36.675],[28.138,37.062],[28.065,37.126],[27.598,37.126],[27.539,37.384],[27.223,37.319],[27.31,37.448],[27.163,37.577],[27.256,37.771],[27.178,37.771],[27.275,38.029],[26.889,38.093],[26.82,38.222],[26.429,38.222],[26.453,38.545],[26.374,38.545],[26.462,38.674],[26.595,38.351],[27.065,38.351],[27.08,38.545],[26.849,38.61],[26.958,38.997],[26.879,38.997],[26.894,39.191],[26.742,39.256],[26.847,39.579],[26.132,39.514],[26.168,39.967],[26.247,39.967],[26.272,40.291],[26.605,40.485],[26.684,40.485],[26.673,40.355],[27.47,40.42],[27.538,40.291],[27.696,40.291],[27.792,40.485],[27.95,40.485],[27.939,40.355],[28.018,40.355],[29.046,40.355]]],[[[22.397,42.756],[22.477,42.756],[22.473,42.691],[22.392,42.691],[22.397,42.756]]],[[[22.651,42.951],[22.731,42.951],[22.726,42.886],[22.646,42.886],[22.651,42.951]]],[[[22.731,42.951],[22.735,43.017],[22.816,43.017],[22.811,42.951],[22.731,42.951]]],[[[28.802,44.973],[28.841,44.581],[28.577,44.385],[28.536,43.994],[28.616,43.994],[28.481,43.472],[28.159,43.472],[28.226,43.342],[27.898,43.277],[27.805,43.147],[27.847,42.756],[27.514,42.626],[27.495,42.431],[27.937,42.041],[28.053,41.587],[28.218,41.652],[28.352,41.392],[28.976,41.263],[28.963,41.133],[29.367,41.198],[29.255,40.874],[29.103,40.938],[29.116,41.068],[27.527,41.068],[26.842,40.485],[26.779,40.679],[26.626,40.744],[26.14,40.614],[26.082,40.874],[25.849,40.938],[24.342,40.938],[24.262,40.938],[23.964,41.198],[23.805,41.198],[23.739,41.392],[23.744,41.457],[23.528,41.782],[22.819,41.911],[22.673,42.106],[22.438,42.171],[22.371,42.366],[22.539,42.496],[22.473,42.691],[22.553,42.691],[22.981,43.082],[23.141,43.082],[23.07,43.212],[23.397,43.277],[23.331,43.472],[23.421,43.603],[23.582,43.603],[23.521,43.863],[23.924,43.863],[24.075,43.733],[24.806,43.798],[25.52,43.668],[26.368,44.124],[27.748,44.19],[27.93,44.385],[27.849,44.385],[27.869,44.581],[27.707,44.581],[27.727,44.777],[27.889,44.777],[27.922,45.104],[27.767,45.17],[27.787,45.366],[28.038,45.431],[28.051,45.562],[28.289,45.497],[28.275,45.366],[28.431,45.3],[28.756,45.3],[29.185,45.497],[29.666,45.431],[29.621,45.039],[29.275,44.843],[29.194,44.843],[29.024,44.777],[29.046,44.973],[28.802,44.973]]],[[[22.82,43.082],[22.901,43.082],[22.896,43.017],[22.816,43.017],[22.82,43.082]]]]}},{"type":"Feature","id":"cliopatria-f62890237028ba2d0edffb87","properties":{"NAME":"Qi","ABBREVN":null,"CONTROL":null,"SUBJECTO":"Qi","PARTOF":"(Warring States China)","BORDERPRECISION":1,"FromYear":-291,"ToYear":-285,"Area":119963.56954985835,"Type":"POLITY","Wikipedia":"Qi (state)","Wikidata":"Q1143524","SeshatID":"cn_qi_warring_states","Components":"","MemberOf":"(Warring States China)","sourceFeatureId":"cliopatria-f62890237028ba2d0edffb87","datasetId":"cliopatria"},"geometry":{"type":"MultiPolygon","coordinates":[[[[119.131,38.093],[119.209,38.093],[119.177,38.029],[119.457,37.964],[119.393,37.835],[119.237,37.835],[118.984,37.319],[119.14,37.319],[119.156,37.19],[119.701,37.19],[119.827,37.448],[120.202,37.577],[120.188,37.706],[120.754,37.9],[121.112,37.835],[121.171,37.642],[121.483,37.642],[121.497,37.513],[122.154,37.577],[122.121,37.513],[122.713,37.448],[122.442,37.062],[122.566,36.997],[122.503,36.868],[122.161,36.804],[122.146,36.933],[121.912,36.933],[121.212,36.61],[120.979,36.61],[120.965,36.417],[120.732,36.417],[120.659,36.095],[120.318,36.031],[120.075,35.838],[120.045,35.773],[119.532,35.838],[119.009,35.709],[117.966,34.744],[117.531,34.808],[117.537,35.001],[117.41,35.065],[117.312,35.194],[117.157,35.194],[117.213,35.323],[117.066,35.516],[116.968,35.645],[117.025,35.773],[116.85,35.902],[116.907,36.031],[116.5,36.16],[116.48,36.288],[116.199,36.353],[116.228,36.417],[115.675,36.224],[115.598,36.224],[115.626,36.288],[115.655,36.353],[115.578,36.353],[115.607,36.417],[116.123,36.868],[116.615,37.255],[117.23,38.674],[117.308,38.674],[117.622,38.674],[117.602,38.481],[118.054,38.287],[118.067,38.158],[118.583,38.093],[118.648,38.222],[118.804,38.222],[118.772,38.158],[119.131,38.093]]]]}},{"type":"Feature","id":"cliopatria-5d977b4850f8730bc1183236","properties":{"NAME":"Song","ABBREVN":null,"CONTROL":null,"SUBJECTO":"Song","PARTOF":"(Warring States China)","BORDERPRECISION":1,"FromYear":-291,"ToYear":-285,"Area":34773.42099123452,"Type":"POLITY","Wikipedia":"Song (state)","Wikidata":"Q7462","SeshatID":"","Components":"","MemberOf":"(Warring States China)","sourceFeatureId":"cliopatria-5d977b4850f8730bc1183236","datasetId":"cliopatria"},"geometry":{"type":"MultiPolygon","coordinates":[[[[117.41,35.065],[117.537,35.001],[117.531,34.808],[117.966,34.744],[117.724,34.358],[117.516,34.229],[117.231,34.1],[116.616,34.1],[116.107,34.358],[115.595,34.422],[115.494,34.551],[114.647,34.551],[114.341,34.744],[114.472,34.872],[114.499,34.937],[114.994,35.194],[115.076,35.387],[114.828,35.709],[115.647,36.16],[115.802,36.16],[115.765,35.902],[116.046,35.838],[115.962,35.645],[116.06,35.516],[116.215,35.516],[116.286,35.323],[116.518,35.323],[116.589,35.13],[116.743,35.13],[116.765,35.001],[117.018,34.872],[117.41,35.065]]]]}},{"type":"Feature","id":"cliopatria-ae1990068bf4c8f588ed249f","properties":{"NAME":"Xu","ABBREVN":null,"CONTROL":null,"SUBJECTO":"Xu","PARTOF":"(Warring States China)","BORDERPRECISION":1,"FromYear":-291,"ToYear":-285,"Area":3139.4815438012392,"Type":"POLITY","Wikipedia":"Xu (state)","Wikidata":"Q2650109","SeshatID":"","Components":"","MemberOf":"(Warring States China)","sourceFeatureId":"cliopatria-ae1990068bf4c8f588ed249f","datasetId":"cliopatria"},"geometry":{"type":"MultiPolygon","coordinates":[[[[117.213,35.323],[117.157,35.194],[117.312,35.194],[117.41,35.065],[117.018,34.872],[116.765,35.001],[116.743,35.13],[116.589,35.13],[116.518,35.323],[117.066,35.516],[117.213,35.323]]]]}},{"type":"Feature","id":"cliopatria-65e451fe461d6629b952a0b3","properties":{"NAME":"Ptolemaic Kingdom","ABBREVN":null,"CONTROL":null,"SUBJECTO":"Ptolemaic Kingdom","PARTOF":null,"BORDERPRECISION":1,"FromYear":-291,"ToYear":-284,"Area":849212.2074198372,"Type":"POLITY","Wikipedia":"Ptolemaic Kingdom","Wikidata":"Q2320005","SeshatID":"eg_ptolemaic_k_1","Components":"","MemberOf":"","sourceFeatureId":"cliopatria-65e451fe461d6629b952a0b3","datasetId":"cliopatria"},"geometry":{"type":"MultiPolygon","coordinates":[[[[25.331,36.997],[25.339,37.126],[25.417,37.126],[25.573,37.126],[25.564,36.997],[25.331,36.997]]],[[[24.201,37.642],[24.283,37.706],[24.361,37.706],[24.432,37.577],[24.272,37.513],[24.201,37.642]]],[[[25.052,37.513],[24.986,37.706],[25.064,37.706],[25.22,37.706],[25.286,37.513],[25.052,37.513]]],[[[25.988,37.513],[26.08,37.706],[26.158,37.706],[26.314,37.706],[26.305,37.577],[25.988,37.513]]],[[[24.682,37.835],[24.694,38.029],[24.772,38.029],[25.068,37.771],[24.83,37.706],[24.682,37.835]]],[[[25.876,38.158],[25.899,38.481],[25.821,38.481],[25.913,38.674],[25.991,38.674],[26.217,38.545],[26.111,38.158],[25.876,38.158]]],[[[24.357,38.868],[24.365,38.997],[24.444,38.997],[24.675,38.933],[24.662,38.739],[24.357,38.868]]],[[[24.974,39.838],[25.067,40.032],[25.146,40.032],[25.462,40.032],[25.447,39.838],[24.974,39.838]]],[[[25.704,40.096],[25.719,40.291],[25.798,40.291],[26.035,40.291],[26.025,40.161],[25.704,40.096]]],[[[36.717,32.75],[36.751,32.3],[36.516,32.236],[36.656,32.107],[36.492,31.979],[36.463,31.658],[36.387,31.658],[36.423,31.208],[35.662,31.208],[35.499,31.079],[35.352,31.143],[34.621,30.565],[34.611,30.436],[34.389,30.501],[34.303,30.372],[33.838,30.244],[32.919,30.115],[32.91,29.987],[32.758,29.987],[32.673,29.858],[32.526,29.922],[32.442,29.794],[32.689,28.958],[32.836,28.894],[33.105,28.38],[33.609,27.994],[33.585,27.608],[33.799,27.415],[33.927,27.029],[34.073,26.965],[34.051,26.579],[34.197,26.515],[34.461,25.872],[34.608,25.808],[35.146,24.651],[35.86,24.008],[35.854,23.879],[35.559,23.943],[35.553,23.815],[35.108,23.879],[33.756,23.686],[33.682,23.686],[33.389,23.815],[32.041,23.686],[31.67,23.751],[30.537,23.365],[30.463,23.365],[30.395,23.558],[30.104,23.751],[30.109,23.879],[29.959,23.879],[29.673,24.201],[28.569,24.651],[28.289,25.165],[28.244,25.936],[28.345,26.579],[28.27,26.579],[28.154,27.351],[27.937,27.544],[27.711,27.544],[27.792,27.672],[27.43,27.994],[27.276,27.93],[27.285,28.122],[26.847,28.444],[25.883,28.83],[25.225,29.344],[24.922,29.344],[24.855,29.537],[24.406,29.665],[24.263,29.858],[23.667,30.115],[23.227,30.501],[22.848,30.501],[22.853,30.629],[21.951,30.886],[20.582,30.886],[19.957,30.308],[19.651,30.244],[19.572,30.115],[18.735,29.987],[18.738,30.115],[18.894,30.308],[19.272,30.244],[19.655,30.372],[19.964,30.565],[19.968,30.694],[20.202,30.886],[20.134,31.143],[20.214,31.272],[19.996,31.593],[20.089,32.107],[20.017,32.236],[20.246,32.236],[20.331,32.493],[20.482,32.429],[20.563,32.557],[20.716,32.557],[20.644,32.686],[20.871,32.622],[21.108,32.814],[21.412,32.75],[21.879,32.943],[23.089,32.622],[23.081,32.429],[23.231,32.365],[23.149,32.236],[23.299,32.172],[23.68,32.172],[24.129,31.979],[24.892,31.979],[25.112,31.786],[25.102,31.593],[25.248,31.465],[26.848,31.465],[27.297,31.336],[27.515,31.143],[28.496,31.015],[28.865,30.822],[29.397,30.822],[29.485,31.015],[29.633,30.951],[29.87,31.079],[29.802,31.208],[29.882,31.272],[30.339,31.272],[30.271,31.4],[30.352,31.465],[30.809,31.465],[30.966,31.529],[30.975,31.658],[31.203,31.658],[31.118,31.529],[31.266,31.465],[31.875,31.465],[31.781,31.208],[31.937,31.272],[32,31.079],[32.304,31.079],[32.237,31.208],[32.532,31.079],[32.765,31.143],[32.832,31.015],[33.983,31.143],[34.297,31.272],[34.308,31.4],[34.633,31.658],[34.573,31.85],[34.813,31.979],[34.77,32.365],[35.022,32.622],[35.056,33.007],[35.215,33.072],[35.398,33.393],[35.346,33.65],[35.499,33.65],[35.447,33.907],[35.684,33.972],[35.644,34.358],[35.792,34.293],[36.049,34.551],[36.068,34.744],[35.927,34.872],[35.96,35.194],[35.882,35.194],[35.889,35.258],[36.269,35.194],[36.165,34.937],[36.313,34.872],[36.293,34.679],[36.441,34.615],[36.562,34.293],[36.87,34.293],[37.004,34.1],[37.389,34.1],[37.599,33.907],[37.649,33.65],[37.573,33.65],[37.073,33.264],[37.054,33.072],[36.901,33.072],[36.717,32.75]]],[[[33.957,35.258],[34.087,35.001],[33.695,34.937],[33.523,34.744],[33.132,34.679],[33.044,34.551],[32.367,34.744],[32.229,34.937],[32.246,35.13],[32.555,35.13],[32.875,35.258],[32.887,35.387],[33.737,35.387],[34.31,35.709],[34.387,35.709],[34.542,35.709],[34.529,35.58],[33.957,35.258]]],[[[27.565,36.675],[27.657,36.868],[27.735,36.868],[27.89,36.868],[27.958,36.739],[27.565,36.675]]],[[[27.039,36.933],[27.117,36.933],[27.185,36.804],[26.865,36.675],[27.039,36.933]]],[[[27.195,36.933],[27.209,37.126],[27.286,37.126],[27.442,37.126],[27.35,36.933],[27.195,36.933]]],[[[35.113,36.739],[34.95,36.675],[34.893,36.868],[34.582,36.868],[34.251,36.675],[33.979,36.288],[33.274,36.224],[32.713,36.031],[32.558,36.031],[32.499,36.224],[31.918,36.675],[31.841,36.675],[31.738,37.255],[31.594,37.384],[31.6,37.448],[31.606,37.513],[31.612,37.577],[31.618,37.642],[32.034,37.9],[33.675,37.9],[34.358,37.706],[35.671,37.577],[35.998,37.706],[36.348,38.029],[37.115,37.9],[37.764,38.093],[39.172,38.093],[39.599,37.771],[39.549,37.384],[39.135,37.19],[38.27,37.126],[38.176,36.997],[38.02,36.997],[37.997,36.804],[37.275,36.61],[36.265,36.61],[36.272,36.675],[36.145,36.933],[35.834,36.933],[35.488,36.61],[35.113,36.739]]],[[[26.557,37.835],[26.636,37.835],[27.026,37.835],[27.012,37.642],[26.622,37.642],[26.557,37.835]]],[[[26.094,38.997],[26.103,39.126],[25.793,39.191],[26.044,39.385],[26.123,39.385],[26.511,39.32],[26.644,38.997],[26.246,38.933],[26.094,38.997]]]]}},{"type":"Feature","id":"cliopatria-f63de1fea6a264903b6806c3","properties":{"NAME":"Seleucid Empire","ABBREVN":null,"CONTROL":null,"SUBJECTO":"Seleucid Empire","PARTOF":null,"BORDERPRECISION":1,"FromYear":-291,"ToYear":-284,"Area":2538083.359639229,"Type":"POLITY","Wikipedia":"Seleucid dynasty","Wikidata":"Q705904","SeshatID":"ir_seleucid_emp","Components":"","MemberOf":"","sourceFeatureId":"cliopatria-f63de1fea6a264903b6806c3","datasetId":"cliopatria"},"geometry":{"type":"MultiPolygon","coordinates":[[[[69.28,39.45],[69.359,39.45],[69.364,39.191],[69.521,39.191],[69.405,39.062],[69.568,38.803],[70.316,38.674],[70.358,38.545],[70.63,38.674],[70.593,38.545],[71.202,38.481],[71.364,38.222],[71.779,38.029],[71.941,37.771],[72.434,37.577],[72.416,37.513],[71.825,37.062],[71.661,36.739],[71.138,36.224],[71.061,36.224],[70.14,35.645],[70.093,35.451],[69.876,35.516],[69.598,35.323],[69.366,35.323],[69.335,35.194],[69.026,35.194],[68.517,35.001],[68.395,34.808],[68.101,34.872],[67.825,34.679],[67.609,34.744],[67.088,34.486],[66.458,34.422],[66.352,34.293],[65.751,34.358],[65.387,34.1],[65.242,33.779],[65.062,33.65],[65.035,33.522],[65.112,33.522],[64.982,33.264],[64.829,33.264],[64.687,32.943],[64.355,32.814],[64.406,32.686],[63.873,32.3],[63.643,32.3],[63.442,32.043],[63.301,32.107],[62.89,31.529],[62.726,31.465],[62.124,30.629],[61.68,30.244],[61.37,29.729],[61.027,29.472],[60.244,28.251],[59.395,27.544],[58.994,27.351],[58.978,27.222],[58.836,27.287],[58.745,27.158],[58.594,27.158],[58.428,27.029],[58.405,26.837],[58.262,26.901],[57.773,26.579],[57.483,26.001],[57.529,25.744],[57.38,25.744],[57.176,25.936],[57.052,26.837],[56.715,27.158],[56.188,27.158],[56.098,27.029],[56.324,27.029],[56.309,26.901],[56.061,26.708],[55.289,26.515],[55.31,26.708],[55.543,26.772],[55.242,26.772],[54.989,26.515],[54.681,26.451],[54.259,26.708],[53.658,26.708],[53.461,26.965],[52.737,27.222],[52.479,27.608],[52.049,27.801],[51.453,27.865],[51.066,28.444],[51.028,28.765],[50.809,28.83],[50.915,29.087],[50.62,29.151],[50.651,29.408],[50.236,29.729],[50.065,30.179],[49.586,29.987],[48.943,30.308],[48.987,30.051],[48.365,29.922],[48.404,29.601],[48.093,29.537],[47.646,29.601],[47.29,29.794],[46.979,29.729],[46.994,29.858],[46.85,29.922],[46.615,29.858],[46.591,30.308],[45.77,30.436],[44.955,31.272],[44.581,31.336],[44.459,31.593],[43.153,32.814],[42.709,32.943],[42.578,33.136],[42.065,33.329],[42.003,33.457],[41.489,33.65],[41.427,33.779],[41.273,33.779],[41.212,33.907],[40.912,33.972],[40.704,34.165],[40.311,34.1],[40.403,34.229],[40.257,34.293],[39.124,34.486],[37.99,33.972],[37.739,33.779],[37.726,33.65],[37.649,33.65],[37.599,33.907],[37.389,34.1],[37.004,34.1],[36.87,34.293],[36.562,34.293],[36.441,34.615],[36.293,34.679],[36.313,34.872],[36.165,34.937],[36.269,35.194],[35.889,35.258],[35.896,35.323],[35.993,35.516],[35.845,35.58],[35.872,35.838],[35.99,36.224],[35.849,36.353],[36.187,36.61],[36.265,36.61],[37.275,36.61],[37.997,36.804],[38.02,36.997],[38.176,36.997],[38.27,37.126],[39.135,37.19],[39.549,37.384],[39.599,37.771],[39.172,38.093],[37.764,38.093],[37.115,37.9],[36.348,38.029],[35.998,37.706],[35.671,37.577],[34.358,37.706],[33.675,37.9],[32.034,37.9],[31.618,37.642],[31.53,38.351],[31.882,38.739],[32.503,38.674],[32.844,38.933],[33.001,38.933],[33.274,38.545],[33.509,38.545],[33.673,38.61],[33.701,38.868],[34.479,38.803],[34.493,38.933],[34.658,38.997],[34.688,39.256],[34.947,39.45],[35.593,39.579],[35.672,39.579],[36.153,39.644],[37.861,39.45],[38.473,39.32],[38.377,39.191],[38.674,39.062],[38.752,39.062],[39.45,38.416],[40.451,38.287],[40.598,38.222],[40.572,38.029],[41.667,38.029],[41.961,37.9],[42.508,37.9],[43.945,37.577],[44.413,37.577],[44.774,37.384],[44.745,37.19],[44.871,36.997],[45.251,36.933],[45.118,36.031],[45.195,36.031],[45.217,35.645],[46.031,35.387],[47.954,35.323],[48.774,35.13],[49.413,35.258],[49.608,35.516],[50.48,35.645],[50.855,36.031],[52.008,36.417],[52.108,36.546],[52.186,36.546],[53.088,36.804],[54.033,36.868],[54.095,37.19],[53.976,37.384],[54.703,37.513],[54.846,37.835],[55.289,38.093],[56.228,38.093],[56.674,38.351],[57.55,38.416],[58.627,38.674],[60.256,39.256],[60.618,39.45],[60.65,39.579],[60.949,39.514],[62.502,40.032],[62.879,39.967],[63.467,40.096],[64.889,40.096],[65.23,39.902],[65.564,39.967],[66.22,39.773],[68.53,39.579],[68.624,39.902],[68.997,40.096],[69.036,40.226],[69.273,40.226],[69.272,40.485],[69.193,40.485],[69.272,40.744],[69.61,40.809],[69.807,40.679],[70.564,41.068],[70.682,40.938],[70.641,40.809],[70.779,40.744],[70.738,40.614],[69.846,40.291],[69.886,40.161],[69.334,39.902],[69.337,39.644],[69.416,39.644],[69.28,39.45]]],[[[70.202,35.58],[70.218,35.645],[70.295,35.645],[70.279,35.58],[70.202,35.58]]],[[[38.683,39.126],[38.691,39.191],[38.77,39.191],[38.761,39.126],[38.683,39.126]]],[[[70.34,40.355],[70.36,40.42],[70.44,40.42],[70.419,40.355],[70.34,40.355]]]]}},{"type":"Feature","id":"cliopatria-2c04b17d79572bcad89b9c76","properties":{"NAME":"Roman Republic","ABBREVN":null,"CONTROL":null,"SUBJECTO":"Roman Republic","PARTOF":null,"BORDERPRECISION":1,"FromYear":-291,"ToYear":-282,"Area":57285.27185370067,"Type":"POLITY","Wikipedia":"Roman Republic","Wikidata":"Q175881","SeshatID":"it_roman_rep_1","Components":"","MemberOf":"","sourceFeatureId":"cliopatria-2c04b17d79572bcad89b9c76","datasetId":"cliopatria"},"geometry":{"type":"MultiPolygon","coordinates":[[[[13.501,42.756],[13.984,42.886],[13.901,42.756],[14.056,42.496],[14.608,42.106],[14.769,42.171],[14.766,42.041],[14.924,41.976],[15.165,42.041],[15.241,41.911],[16.119,41.911],[16.115,41.782],[15.874,41.717],[15.866,41.457],[16.415,41.198],[16.093,41.068],[16.086,40.809],[15.055,40.809],[15.052,40.679],[14.418,40.679],[14.422,40.874],[14.105,40.874],[13.951,41.133],[13.792,41.133],[13.715,41.263],[13,41.327],[12.131,41.911],[12.132,42.041],[11.813,42.106],[11.813,42.171],[11.974,42.301],[11.895,42.431],[12.135,42.431],[12.057,42.691],[12.22,42.951],[12.3,42.951],[12.306,43.538],[11.825,43.798],[11.745,43.798],[11.908,44.059],[12.312,44.059],[12.471,43.863],[12.632,43.863],[12.711,43.668],[12.872,43.668],[12.868,43.407],[13.028,43.342],[13.025,43.147],[13.106,43.147],[13.102,42.886],[13.5,42.691],[13.501,42.756]]]]}},{"type":"Feature","id":"cliopatria-365505e9a210121420927942","properties":{"NAME":"Etruscans","ABBREVN":null,"CONTROL":null,"SUBJECTO":"Etruscans","PARTOF":null,"BORDERPRECISION":1,"FromYear":-291,"ToYear":-272,"Area":30572.524703870742,"Type":"POLITY","Wikipedia":"Etruscan civilization","Wikidata":"Q17161","SeshatID":"","Components":"","MemberOf":"","sourceFeatureId":"cliopatria-365505e9a210121420927942","datasetId":"cliopatria"},"geometry":{"type":"MultiPolygon","coordinates":[[[[9.331,43.017],[9.492,43.017],[9.493,42.756],[9.574,42.756],[9.578,41.976],[9.498,41.976],[9.499,41.782],[9.262,41.392],[9.104,41.327],[8.784,41.522],[8.782,41.717],[8.623,41.717],[8.7,41.911],[8.539,42.106],[8.535,42.496],[8.773,42.691],[9.173,42.756],[9.251,43.017],[9.331,43.017]]],[[[10.455,42.886],[10.455,42.691],[10.215,42.691],[10.134,42.886],[10.214,42.886],[10.455,42.886]]],[[[12.057,42.691],[12.135,42.431],[11.895,42.431],[11.974,42.301],[11.813,42.171],[11.733,42.171],[11.655,42.366],[11.495,42.301],[11.415,42.431],[11.255,42.431],[11.176,42.626],[11.016,42.626],[11.016,42.821],[10.535,43.082],[10.293,43.798],[11.825,43.733],[11.825,43.798],[12.306,43.538],[12.3,42.951],[12.22,42.951],[12.057,42.691]]]]}},{"type":"Feature","id":"cliopatria-e27820d32a9fcd56b9517843","properties":{"NAME":"Kalinga","ABBREVN":null,"CONTROL":null,"SUBJECTO":"Kalinga","PARTOF":null,"BORDERPRECISION":1,"FromYear":-291,"ToYear":-257,"Area":129276.48903028962,"Type":"POLITY","Wikipedia":"Kalinga","Wikidata":"Q356524","SeshatID":"","Components":"","MemberOf":"","sourceFeatureId":"cliopatria-e27820d32a9fcd56b9517843","datasetId":"cliopatria"},"geometry":{"type":"MultiPolygon","coordinates":[[[[82.436,17],[82.362,17],[82.082,17.129],[81.884,17.322],[81.899,17.45],[81.693,17.579],[81.467,18.158],[81.572,18.415],[81.439,18.543],[81.6,19.251],[81.909,19.958],[82.229,20.151],[82.334,20.408],[82.753,20.793],[83.371,20.986],[85.136,20.858],[86.141,20.601],[86.157,20.151],[86.436,20.022],[86.428,19.958],[85.645,19.636],[85.497,19.636],[85.522,19.829],[85.374,19.829],[85.415,19.572],[84.749,18.993],[84.38,18.415],[84.052,18.158],[83.748,18.093],[83.561,17.772],[82.916,17.322],[82.614,17.258],[82.436,17]]]]}},{"type":"Feature","id":"cliopatria-5a24180ea39b7ce4c220055c","properties":{"NAME":"Maurya Empire","ABBREVN":null,"CONTROL":null,"SUBJECTO":"Maurya Empire","PARTOF":null,"BORDERPRECISION":1,"FromYear":-291,"ToYear":-257,"Area":3816378.3249978046,"Type":"POLITY","Wikipedia":"Maurya Empire","Wikidata":"Q62943","SeshatID":"in_mauryan_emp","Components":"","MemberOf":"","sourceFeatureId":"cliopatria-5a24180ea39b7ce4c220055c","datasetId":"cliopatria"},"geometry":{"type":"MultiPolygon","coordinates":[[[[76.285,10.829],[75.902,10.572],[75.727,11.215],[75.585,11.279],[75.338,11.922],[75.065,12.179],[74.748,12.822],[74.664,13.593],[74.471,13.915],[74.374,14.493],[73.975,14.943],[73.747,15.65],[73.539,15.779],[73.417,16.036],[73.328,16.615],[73.254,16.615],[73.253,17.322],[72.959,18.029],[72.875,19.315],[72.734,19.379],[72.761,19.636],[72.634,19.829],[72.837,20.343],[72.899,20.922],[72.563,21.243],[72.76,21.693],[72.544,21.758],[72.527,22.272],[72.378,22.272],[72.342,21.951],[72.112,21.886],[72.173,21.758],[72.321,21.758],[72.185,21.179],[71.408,20.858],[71.321,20.729],[70.721,20.665],[70.295,20.858],[69.89,21.243],[69.903,21.372],[69.497,21.758],[69.349,21.758],[68.949,22.208],[68.977,22.465],[69.2,22.465],[69.261,22.336],[69.409,22.336],[69.497,22.465],[69.869,22.465],[70.263,22.658],[70.365,22.915],[69.451,22.722],[68.808,22.979],[68.552,23.365],[68.336,23.429],[68.35,23.558],[68.127,23.558],[68.155,23.815],[67.633,23.815],[67.491,23.879],[67.438,24.072],[67.289,24.072],[67.326,24.393],[67.251,24.393],[67.215,24.715],[66.632,24.844],[66.679,25.229],[66.487,25.486],[66.27,25.551],[66.021,25.358],[64.816,25.294],[64.801,25.165],[64.285,25.229],[64.225,25.358],[63.626,25.358],[63.536,25.229],[62.563,25.229],[62.896,26.129],[63.178,26.579],[63.12,26.708],[63.221,26.901],[63.363,26.837],[63.592,27.415],[64.365,28.572],[64.526,28.637],[64.738,29.022],[65.168,29.344],[65.19,29.472],[65.427,29.537],[65.373,29.665],[65.525,29.665],[66.046,30.051],[66.255,30.372],[66.349,30.886],[66.751,31.4],[67.398,31.979],[67.348,32.107],[67.501,32.107],[67.629,32.365],[67.899,32.557],[67.939,32.75],[68.391,33.072],[68.824,33.65],[68.978,33.65],[69.538,34.422],[69.707,34.486],[69.86,34.808],[69.999,34.744],[70.154,35.065],[70.432,35.258],[70.386,35.387],[70.557,35.451],[71.122,36.16],[71.138,36.224],[71.661,36.739],[71.825,37.062],[72.416,37.513],[72.494,37.513],[72.848,37.384],[73.743,37.513],[73.766,37.319],[74.192,37.448],[74.738,37.448],[75.013,37.319],[74.844,36.997],[74.814,36.61],[74.891,36.61],[74.88,36.288],[74.958,36.288],[75.094,35.645],[75.171,35.645],[75.18,35.387],[75.387,35.001],[75.364,34.615],[75.518,34.615],[75.392,34.422],[75.469,34.422],[75.48,34.165],[75.646,33.907],[75.597,33.715],[75.674,33.715],[75.687,33.457],[75.825,33.393],[75.838,33.136],[75.976,33.072],[75.944,32.943],[76.097,32.943],[76.081,32.557],[76.463,32.236],[78.661,31.529],[78.829,31.593],[78.845,31.336],[79.18,31.465],[79.531,31.015],[80.048,30.951],[80.34,30.565],[80.918,30.436],[81.148,30.115],[81.39,30.179],[81.697,29.858],[82.336,29.665],[82.459,29.537],[83.05,29.472],[83.249,29.344],[83.49,29.408],[83.523,29.215],[83.75,29.215],[84.01,29.022],[84.251,29.087],[84.483,28.765],[84.758,28.637],[85.211,28.637],[85.848,28.444],[85.896,28.315],[86.698,28.187],[87.384,27.865],[88.391,27.994],[88.363,27.865],[88.589,27.865],[88.712,27.737],[88.952,27.801],[88.986,27.608],[89.376,27.672],[89.486,27.479],[89.76,27.351],[90.074,27.415],[90.047,27.287],[90.273,27.287],[90.171,27.158],[90.596,27.029],[90.631,26.837],[91.908,26.837],[91.929,26.194],[92.066,26.129],[91.942,25.872],[92.067,25.744],[92.031,25.551],[92.232,25.422],[92.334,25.165],[92.484,25.165],[92.386,25.036],[92.524,24.972],[92.352,24.844],[92.114,24.329],[92.263,24.329],[92.231,24.136],[92.306,24.136],[92.317,23.751],[92.232,23.686],[92.371,23.622],[92.43,23.043],[92.504,23.043],[92.475,22.851],[92.64,22.465],[92.602,22.208],[92.731,22.079],[92.657,21.565],[92.731,21.565],[92.759,21.243],[92.332,21.372],[92.333,20.858],[92.12,20.922],[92.007,21.179],[92.053,21.501],[91.83,21.501],[91.895,21.951],[91.765,22.079],[91.737,22.401],[91.365,22.401],[91.497,22.786],[91.423,22.786],[91.245,22.593],[90.938,22.529],[90.863,22.015],[90.631,21.951],[90.649,22.079],[90.426,22.079],[90.232,21.758],[89.897,22.015],[89.869,21.822],[89.712,21.758],[89.117,21.758],[89.099,21.629],[88.728,21.629],[88.716,22.079],[88.642,22.079],[88.514,21.693],[88.365,21.693],[88.348,21.565],[88.134,21.629],[88.178,21.951],[88.103,21.951],[87.762,21.629],[87.067,21.436],[86.885,21.179],[86.959,21.179],[87.031,20.601],[86.792,20.472],[86.84,20.279],[86.51,20.022],[86.436,20.022],[86.157,20.151],[86.141,20.601],[85.136,20.858],[83.371,20.986],[82.753,20.793],[82.334,20.408],[82.229,20.151],[81.909,19.958],[81.6,19.251],[81.439,18.543],[81.572,18.415],[81.467,18.158],[81.693,17.579],[81.899,17.45],[81.884,17.322],[82.082,17.129],[82.362,17],[82.354,16.936],[82.383,16.55],[82.221,16.422],[81.323,16.293],[81.119,15.779],[80.611,15.843],[80.202,15.458],[80.088,15.072],[80.216,14.879],[80.208,14.043],[80.282,14.043],[80.161,13.529],[80.375,13.465],[80.415,13.079],[80.214,12.436],[79.884,11.986],[79.836,11.353],[78.964,10.839],[77.904,10.957],[77.625,11.15],[77.02,11.169],[76.66,10.957],[76.656,10.893],[76.285,10.829]]],[[[90.657,26.965],[90.671,27.029],[90.746,27.029],[90.733,26.965],[90.657,26.965]]],[[[90.596,27.029],[90.609,27.094],[90.684,27.094],[90.671,27.029],[90.596,27.029]]]]}},{"type":"Feature","id":"cliopatria-0997283403ec13a34c08fdfe","properties":{"NAME":"Wei","ABBREVN":null,"CONTROL":null,"SUBJECTO":"Wei","PARTOF":"(Warring States China)","BORDERPRECISION":1,"FromYear":-291,"ToYear":-226,"Area":97232.22956111001,"Type":"POLITY","Wikipedia":"Wei (state)","Wikidata":"Q320930","SeshatID":"cn_wei_dyn_warring_states","Components":"","MemberOf":"(Warring States China)","sourceFeatureId":"cliopatria-0997283403ec13a34c08fdfe","datasetId":"cliopatria"},"geometry":{"type":"MultiPolygon","coordinates":[[[[115.292,40.096],[115.371,40.096],[115.55,39.838],[116.102,39.838],[116.951,40.096],[117.03,40.096],[116.926,39.902],[117.014,39.773],[116.798,39.514],[116.933,39.32],[116.7,38.868],[117.23,38.674],[116.615,37.255],[116.123,36.868],[114.907,36.933],[114.948,37.19],[115.146,37.448],[114.607,37.126],[114.169,37.19],[114.199,37.255],[113.935,37.19],[113.916,37.319],[113.634,37.384],[113.78,38.029],[113.702,38.029],[113.887,38.416],[114.359,38.739],[114.808,39.32],[114.336,39.32],[114.271,39.191],[114.113,39.191],[114.146,39.256],[114.054,39.385],[113.897,39.385],[113.93,39.45],[113.772,39.45],[113.805,39.514],[113.083,39.644],[113.116,39.708],[112.17,39.708],[112.236,39.838],[112.111,39.902],[112.742,40.355],[113.093,40.42],[114.596,40.42],[114.527,40.291],[115.159,40.291],[115.292,40.096]]]]}},{"type":"Feature","id":"cliopatria-7bf5da3794a113f28e741967","properties":{"NAME":"Yan","ABBREVN":null,"CONTROL":null,"SUBJECTO":"Yan","PARTOF":"(Warring States China)","BORDERPRECISION":1,"FromYear":-291,"ToYear":-223,"Area":105153.72967530401,"Type":"POLITY","Wikipedia":"Yan (state)","Wikidata":"Q1472004","SeshatID":"","Components":"","MemberOf":"(Warring States China)","sourceFeatureId":"cliopatria-7bf5da3794a113f28e741967","datasetId":"cliopatria"},"geometry":{"type":"MultiPolygon","coordinates":[[[[124.757,41.133],[124.837,41.133],[124.412,40.291],[123.871,39.902],[123.876,39.773],[123.597,39.838],[122.936,39.644],[122.17,39.256],[121.952,38.997],[121.716,38.997],[121.422,38.739],[121.029,38.739],[121.201,39.062],[121.515,39.062],[121.69,39.385],[121.297,39.385],[121.21,39.514],[121.281,39.644],[121.438,39.644],[121.503,39.902],[121.776,39.967],[122.231,40.485],[122.106,40.679],[121.827,40.744],[121.824,40.874],[121.11,40.874],[120.997,40.679],[120.647,40.485],[120.5,40.226],[119.38,39.773],[119.215,39.32],[118.45,39.062],[118.057,39.062],[118.046,39.191],[117.888,39.191],[117.676,38.933],[117.622,38.674],[117.308,38.674],[117.23,38.674],[116.7,38.868],[116.933,39.32],[116.798,39.514],[117.014,39.773],[116.926,39.902],[117.03,40.096],[117.066,40.161],[117.567,40.355],[118.705,40.55],[118.778,40.679],[119.174,40.679],[122.928,41.911],[123.167,41.911],[123.127,41.847],[123.405,41.782],[123.365,41.717],[123.604,41.717],[123.564,41.652],[123.843,41.587],[123.803,41.522],[124.042,41.522],[124.002,41.457],[124.757,41.133]]]]}},{"type":"Feature","id":"cliopatria-83d1268ee21b644a44a93a68","properties":{"NAME":"Zapotec Civilization","ABBREVN":null,"CONTROL":null,"SUBJECTO":"Zapotec Civilization","PARTOF":null,"BORDERPRECISION":1,"FromYear":-291,"ToYear":-92,"Area":6447.078460848409,"Type":"POLITY","Wikipedia":"Zapotec civilization","Wikidata":"Q844750","SeshatID":"mx_monte_alban_1_late","Components":"","MemberOf":"","sourceFeatureId":"cliopatria-83d1268ee21b644a44a93a68","datasetId":"cliopatria"},"geometry":{"type":"MultiPolygon","coordinates":[[[[-97.18,17.129],[-97.19,17.193],[-97.349,17.258],[-97.37,17.386],[-97.233,17.45],[-97.413,17.643],[-96.96,17.579],[-96.908,17.708],[-96.864,17.45],[-96.305,17.193],[-96.263,16.936],[-96.558,16.936],[-96.537,16.808],[-96.896,16.743],[-97.18,17.129]]]]}},{"type":"Feature","id":"cliopatria-6f339947b29c0cbf20f6698e","properties":{"NAME":"Anurādhapura","ABBREVN":null,"CONTROL":null,"SUBJECTO":"Anurādhapura","PARTOF":null,"BORDERPRECISION":1,"FromYear":-291,"ToYear":77,"Area":73532.27500724063,"Type":"POLITY","Wikipedia":"Anurādhapura","Wikidata":"Q5724","SeshatID":"sl_anuradhapura_1","Components":"","MemberOf":"","sourceFeatureId":"cliopatria-6f339947b29c0cbf20f6698e","datasetId":"cliopatria"},"geometry":{"type":"MultiPolygon","coordinates":[[[[81.259,8.643],[81.255,8.579],[81.397,8.514],[81.447,8.129],[81.654,7.936],[81.774,7.486],[81.917,7.422],[81.878,6.714],[81.338,6.136],[80.669,5.879],[80.231,5.879],[79.952,6.136],[79.759,6.65],[79.742,7.679],[79.607,7.872],[79.618,8.064],[79.764,8.064],[79.806,8.772],[80.05,9.157],[79.993,9.415],[80.079,9.607],[79.864,9.672],[79.876,9.865],[80.453,9.736],[80.521,9.672],[80.44,9.543],[80.728,9.479],[80.72,9.35],[80.861,9.286],[80.853,9.157],[80.995,9.093],[80.987,8.964],[81.259,8.643]]]]}},{"type":"Feature","id":"cliopatria-9248992f156b8edb06b07754","properties":{"NAME":"Early Cheras","ABBREVN":null,"CONTROL":null,"SUBJECTO":"Early Cheras","PARTOF":null,"BORDERPRECISION":1,"FromYear":-291,"ToYear":298,"Area":25180.57698982755,"Type":"POLITY","Wikipedia":"Chera dynasty","Wikidata":"Q877155","SeshatID":"in_cheras_1","Components":"","MemberOf":"","sourceFeatureId":"cliopatria-9248992f156b8edb06b07754","datasetId":"cliopatria"},"geometry":{"type":"MultiPolygon","coordinates":[[[[75.986,10.6],[75.985,10.626],[76.707,10.907],[76.892,10.757],[76.85,10.45],[77.414,10.207],[77.233,9.76],[77.345,9.581],[77.249,8.387],[77.147,8.257],[76.553,8.925],[75.986,10.6]]]]}},{"type":"Feature","id":"cliopatria-7040c26a39f3ebd5f1225595","properties":{"NAME":"Early Cholas","ABBREVN":null,"CONTROL":null,"SUBJECTO":"Early Cholas","PARTOF":null,"BORDERPRECISION":1,"FromYear":-291,"ToYear":298,"Area":28856.214614374065,"Type":"POLITY","Wikipedia":"Early Cholas","Wikidata":"Q3532146","SeshatID":"in_cholas_1","Components":"","MemberOf":"","sourceFeatureId":"cliopatria-7040c26a39f3ebd5f1225595","datasetId":"cliopatria"},"geometry":{"type":"MultiPolygon","coordinates":[[[[79.835,11.357],[79.868,11.197],[79.854,10.271],[79.394,10.323],[78.925,10.16],[77.399,10.215],[76.847,10.481],[76.904,10.769],[76.681,10.944],[77.02,11.169],[77.591,11.138],[77.876,10.939],[78.964,10.839],[79.835,11.357]]]]}},{"type":"Feature","id":"cliopatria-6da5fba33d8009cd9d9aa258","properties":{"NAME":"Early Pandyas","ABBREVN":null,"CONTROL":null,"SUBJECTO":"Early Pandyas","PARTOF":null,"BORDERPRECISION":1,"FromYear":-291,"ToYear":298,"Area":32556.36563924926,"Type":"POLITY","Wikipedia":"Early Pandyas","Wikidata":"Q3532152","SeshatID":"in_pandya_emp_1","Components":"","MemberOf":"","sourceFeatureId":"cliopatria-6da5fba33d8009cd9d9aa258","datasetId":"cliopatria"},"geometry":{"type":"MultiPolygon","coordinates":[[[[79.295,10.265],[79.266,9.994],[78.937,9.673],[78.914,9.45],[79.148,9.257],[78.541,9.104],[78.246,8.914],[78.176,8.514],[77.842,8.174],[77.526,8.081],[77.262,8.154],[77.158,8.292],[77.267,8.394],[77.364,9.58],[77.24,9.774],[77.441,10.188],[78.916,10.127],[79.295,10.265]]]]}},{"type":"Feature","id":"cliopatria-ad7dd00bdecfb212b434b10e","properties":{"NAME":"Greek City-States","ABBREVN":null,"CONTROL":null,"SUBJECTO":"Greek City-States","PARTOF":null,"BORDERPRECISION":1,"FromYear":-284,"ToYear":-284,"Area":93633.78868635996,"Type":"POLITY","Wikipedia":"Polis","Wikidata":"Q148837","SeshatID":"","Components":"","MemberOf":"","sourceFeatureId":"cliopatria-ad7dd00bdecfb212b434b10e","datasetId":"cliopatria"},"geometry":{"type":"MultiPolygon","coordinates":[[[[22.874,36.16],[22.887,36.417],[22.965,36.417],[23.117,36.353],[23.107,36.16],[22.874,36.16]]],[[[22.833,36.868],[22.599,36.868],[22.512,36.675],[22.356,36.675],[22.22,37.062],[21.909,37.062],[21.899,36.868],[21.744,36.868],[21.681,37.19],[21.603,37.19],[21.606,37.255],[22.155,37.319],[22.694,37.19],[22.691,37.126],[22.992,36.933],[23.056,36.675],[22.833,36.868]]],[[[14.431,36.933],[14.982,37.319],[15.214,37.19],[15.213,37.126],[15.05,36.739],[14.661,36.739],[14.431,36.933]]],[[[20.613,37.706],[20.621,37.9],[20.699,37.9],[20.934,37.9],[20.922,37.642],[20.613,37.706]]],[[[20.32,38.158],[20.328,38.351],[20.488,38.416],[20.566,38.416],[20.795,38.287],[20.786,38.093],[20.32,38.158]]],[[[-0.345,39.708],[-0.314,39.126],[0.096,38.803],[-0.126,38.545],[-0.539,38.933],[-0.567,39.45],[-0.571,39.514],[-0.514,39.902],[-0.202,39.967],[-0.345,39.708]]],[[[21.288,38.739],[21.35,38.416],[21.272,38.416],[20.898,38.803],[20.741,38.803],[20.748,38.933],[21.14,38.933],[21.15,39.126],[21.468,39.191],[21.324,39.45],[21.642,39.514],[21.509,39.967],[21.825,39.967],[21.915,40.161],[22.212,39.838],[22.698,40.032],[22.611,39.902],[23.135,39.45],[22.816,39.385],[22.797,39.062],[22.958,39.126],[23.022,38.868],[22.943,38.868],[22.786,38.868],[22.794,38.997],[22.561,39.062],[22.565,39.126],[22.487,39.126],[22.49,39.191],[22.412,39.191],[21.7,39.126],[21.612,38.933],[21.288,38.739]]],[[[17.981,40.614],[18.364,40.291],[18.436,40.096],[18.357,40.096],[18.349,39.902],[18.112,39.902],[17.813,40.355],[17.418,40.355],[17.345,40.55],[16.868,40.485],[16.943,40.355],[16.624,40.291],[16.697,40.096],[16.457,39.967],[16.447,39.644],[16.916,39.514],[17.07,39.385],[17.138,39.062],[16.663,38.933],[16.502,38.803],[16.492,38.416],[15.933,37.964],[15.698,37.964],[15.627,38.287],[15.942,38.351],[15.95,38.674],[16.265,38.739],[16.27,38.933],[16.117,39.062],[15.899,39.773],[15.666,39.902],[15.748,40.032],[15.432,40.032],[15.199,40.226],[15.041,40.226],[14.893,40.679],[15.052,40.679],[15.134,40.809],[15.361,40.355],[15.516,40.226],[16.146,40.161],[16.141,39.967],[16.38,40.032],[16.306,40.226],[16.549,40.42],[16.551,40.485],[16.877,40.744],[17.508,40.679],[17.504,40.55],[17.981,40.614]]],[[[5.387,43.407],[5.063,43.472],[4.178,43.472],[4.173,43.603],[3.851,43.603],[2.985,43.147],[3.01,42.561],[3.178,42.366],[3.04,41.847],[2.698,42.366],[2.775,42.431],[2.669,43.017],[2.75,43.017],[2.741,43.212],[3.446,43.668],[4.728,43.863],[5.87,43.407],[6.594,43.407],[6.597,43.277],[6.278,43.147],[6.198,43.147],[5.796,43.147],[5.632,43.277],[5.391,43.277],[5.387,43.407]]],[[[24.157,35.516],[24.15,35.387],[24.301,35.323],[25.692,35.323],[25.681,35.13],[26.225,35.194],[26.14,35.065],[24.824,35.001],[24.757,35.194],[24.526,35.194],[24.448,35.194],[23.679,35.258],[23.615,35.516],[24.157,35.516]]],[[[27.743,35.902],[27.693,36.288],[28.017,36.482],[28.095,36.482],[28.25,36.482],[28.139,36.031],[27.743,35.902]]],[[[24.551,40.55],[24.491,40.809],[24.57,40.809],[24.808,40.809],[24.794,40.614],[24.551,40.55]]],[[[40.37,40.938],[40.47,41.068],[40.608,40.938],[40.567,40.679],[39.864,40.744],[39.686,40.614],[39.547,40.744],[39.16,40.809],[38.824,40.679],[37.873,40.679],[37.126,41.003],[36.879,40.938],[36.897,41.068],[36.439,41.198],[36.775,41.327],[37.065,41.133],[37.233,41.198],[37.215,41.068],[37.771,41.068],[37.831,40.938],[38.158,41.003],[38.298,40.874],[38.952,41.003],[38.962,41.068],[39.21,41.133],[39.736,40.938],[40.37,40.938]]],[[[31.592,41.198],[31.512,41.198],[31.361,41.263],[31.693,41.392],[31.592,41.198]]],[[[35.086,41.782],[35.006,41.782],[35.015,41.847],[34.793,41.976],[35.121,42.041],[35.086,41.782]]],[[[35.125,44.908],[34.376,44.777],[33.926,44.451],[33.449,44.516],[33.61,45.104],[33.459,45.187],[33.78,45.155],[33.917,44.973],[34.986,45.3],[35.02,45.3],[35.183,45.3],[35.154,45.104],[35.235,45.104],[35.125,44.908]]],[[[31.567,46.94],[31.533,46.677],[30.877,46.677],[30.298,45.955],[30.045,45.89],[29.859,45.693],[29.614,45.693],[29.644,45.955],[30.189,46.415],[30.271,46.415],[30.458,46.612],[31.065,46.874],[31.082,47.006],[31.567,46.94]]],[[[38.667,47.598],[39.079,47.598],[39.138,47.466],[39.126,47.401],[39.197,47.335],[38.35,47.203],[38.385,47.401],[38.667,47.598]]]]}},{"type":"Feature","id":"cliopatria-9b91bd9bc964db2f430101f3","properties":{"NAME":"Kingdom of Lysimachus","ABBREVN":null,"CONTROL":null,"SUBJECTO":"Kingdom of Lysimachus","PARTOF":null,"BORDERPRECISION":1,"FromYear":-284,"ToYear":-284,"Area":410738.5408813708,"Type":"POLITY","Wikipedia":"Lysimachian Empire","Wikidata":"Q32133","SeshatID":"tr_lysimachus_k","Components":"","MemberOf":"","sourceFeatureId":"cliopatria-9b91bd9bc964db2f430101f3","datasetId":"cliopatria"},"geometry":{"type":"MultiPolygon","coordinates":[[[[29.046,40.355],[28.9,40.485],[28.913,40.614],[29.401,40.744],[29.48,40.744],[30.807,40.55],[30.886,40.55],[31.196,40.485],[31.714,40.874],[32.118,40.938],[32.14,41.133],[32.307,41.198],[32.322,41.327],[32.114,41.587],[32.193,41.587],[32.695,41.782],[32.631,41.911],[32.862,41.847],[33.277,41.976],[34.474,41.976],[34.326,41.457],[34.46,41.263],[34.269,41.003],[34.411,40.874],[34.379,40.614],[34.6,40.485],[34.536,39.967],[34.828,39.773],[35.514,39.579],[35.593,39.579],[34.947,39.45],[34.688,39.256],[34.658,38.997],[34.493,38.933],[34.479,38.803],[33.701,38.868],[33.673,38.61],[33.509,38.545],[33.274,38.545],[33.001,38.933],[32.844,38.933],[32.503,38.674],[31.882,38.739],[31.53,38.351],[31.618,37.642],[31.612,37.577],[31.606,37.513],[31.6,37.448],[31.522,37.448],[31.516,37.384],[31.594,37.384],[31.738,37.255],[31.841,36.675],[31.763,36.675],[31.392,36.868],[30.619,36.933],[30.492,36.353],[30.026,36.353],[29.938,36.224],[29.24,36.224],[29.125,36.739],[28.357,36.868],[28.187,36.675],[28.031,36.675],[28.138,37.062],[28.065,37.126],[27.598,37.126],[27.539,37.384],[27.223,37.319],[27.31,37.448],[27.163,37.577],[27.256,37.771],[27.178,37.771],[27.275,38.029],[26.889,38.093],[26.82,38.222],[26.429,38.222],[26.453,38.545],[26.374,38.545],[26.462,38.674],[26.595,38.351],[27.065,38.351],[27.08,38.545],[26.849,38.61],[26.958,38.997],[26.879,38.997],[26.894,39.191],[26.742,39.256],[26.847,39.579],[26.132,39.514],[26.168,39.967],[26.247,39.967],[26.272,40.291],[26.605,40.485],[26.684,40.485],[26.673,40.355],[27.47,40.42],[27.538,40.291],[27.696,40.291],[27.792,40.485],[27.95,40.485],[27.939,40.355],[28.018,40.355],[29.046,40.355]]],[[[22.397,42.756],[22.477,42.756],[22.473,42.691],[22.392,42.691],[22.397,42.756]]],[[[22.651,42.951],[22.731,42.951],[22.726,42.886],[22.646,42.886],[22.651,42.951]]],[[[22.731,42.951],[22.735,43.017],[22.816,43.017],[22.811,42.951],[22.731,42.951]]],[[[29.046,44.973],[28.802,44.973],[28.841,44.581],[28.577,44.385],[28.536,43.994],[28.616,43.994],[28.481,43.472],[28.159,43.472],[28.226,43.342],[27.898,43.277],[27.805,43.147],[27.847,42.756],[27.514,42.626],[27.495,42.431],[27.937,42.041],[28.053,41.587],[28.218,41.652],[28.352,41.392],[28.976,41.263],[28.963,41.133],[29.367,41.198],[29.255,40.874],[29.103,40.938],[29.116,41.068],[27.527,41.068],[26.842,40.485],[26.779,40.679],[26.626,40.744],[26.14,40.614],[26.082,40.874],[25.849,40.938],[24.262,40.938],[23.964,41.198],[23.805,41.198],[23.748,41.522],[23.594,41.587],[23.528,41.782],[22.819,41.911],[22.366,42.301],[22.539,42.496],[22.473,42.691],[22.981,43.082],[23.141,43.082],[23.07,43.212],[23.397,43.277],[23.331,43.472],[23.421,43.603],[23.582,43.603],[23.521,43.863],[23.924,43.863],[24.075,43.733],[24.806,43.798],[25.52,43.668],[26.368,44.124],[27.748,44.19],[27.93,44.385],[27.849,44.385],[27.869,44.581],[27.707,44.581],[27.727,44.777],[27.889,44.777],[27.922,45.104],[27.767,45.17],[27.787,45.366],[28.038,45.431],[28.051,45.562],[28.289,45.497],[28.275,45.366],[28.431,45.3],[28.756,45.3],[29.185,45.497],[29.666,45.431],[29.621,45.039],[29.275,44.843],[29.194,44.843],[29.024,44.777],[29.046,44.973]]],[[[22.82,43.082],[22.901,43.082],[22.896,43.017],[22.816,43.017],[22.82,43.082]]]]}},{"type":"Feature","id":"cliopatria-d38abafe635c8f53a1e5ea84","properties":{"NAME":"Aetolian League","ABBREVN":null,"CONTROL":null,"SUBJECTO":"Aetolian League","PARTOF":null,"BORDERPRECISION":1,"FromYear":-284,"ToYear":-282,"Area":7360.680617987095,"Type":"POLITY","Wikipedia":"Aetolian League","Wikidata":"Q245273","SeshatID":"","Components":"","MemberOf":"","sourceFeatureId":"cliopatria-d38abafe635c8f53a1e5ea84","datasetId":"cliopatria"},"geometry":{"type":"MultiPolygon","coordinates":[[[[22.412,39.191],[22.49,39.191],[22.487,39.126],[22.565,39.126],[22.561,39.062],[22.397,38.933],[22.39,38.803],[22.547,38.803],[22.447,38.416],[22.369,38.416],[21.428,38.416],[21.35,38.416],[21.288,38.739],[21.612,38.933],[21.7,39.126],[22.412,39.191]]]]}},{"type":"Feature","id":"cliopatria-a6c729fc9661fcac4bfc4f86","properties":{"NAME":"Antigonid Dynasty","ABBREVN":null,"CONTROL":null,"SUBJECTO":"Antigonid Dynasty","PARTOF":null,"BORDERPRECISION":1,"FromYear":-284,"ToYear":-282,"Area":25397.7983210781,"Type":"POLITY","Wikipedia":"Antigonid dynasty","Wikidata":"Q237325","SeshatID":"gr_antigonid_emp","Components":"","MemberOf":"","sourceFeatureId":"cliopatria-a6c729fc9661fcac4bfc4f86","datasetId":"cliopatria"},"geometry":{"type":"MultiPolygon","coordinates":[[[[22.992,36.933],[22.914,36.933],[22.917,36.997],[22.995,36.997],[22.992,36.933]]],[[[23.037,37.771],[23.108,37.642],[23.342,37.642],[23.402,37.319],[23.169,37.319],[23.176,37.448],[22.949,37.577],[22.714,37.577],[22.701,37.319],[22.853,37.255],[22.917,36.997],[22.691,37.126],[22.694,37.19],[22.155,37.319],[21.606,37.255],[21.609,37.319],[21.697,37.513],[21.244,37.835],[21.334,38.093],[21.729,38.158],[21.742,38.416],[22.134,38.416],[22.287,38.351],[22.28,38.222],[22.44,38.287],[22.433,38.158],[22.589,38.158],[22.657,37.964],[22.97,37.964],[23.059,38.158],[22.988,38.287],[22.525,38.416],[22.447,38.416],[22.547,38.803],[22.39,38.803],[22.397,38.933],[22.561,39.062],[22.794,38.997],[22.786,38.868],[22.943,38.868],[22.939,38.803],[23.313,38.481],[23.626,38.481],[23.563,38.739],[24.03,38.674],[24.179,38.545],[24.159,38.222],[24.002,38.222],[23.979,37.835],[23.443,38.029],[23.365,38.029],[23.044,37.9],[23.037,37.771]]],[[[23.563,38.739],[23.485,38.739],[23.489,38.803],[23.567,38.803],[23.563,38.739]]],[[[23.332,38.803],[23.025,38.933],[23.033,39.062],[23.344,38.997],[23.414,38.868],[23.493,38.868],[23.332,38.803]]]]}},{"type":"Feature","id":"cliopatria-90b6a256a3914b81172326aa","properties":{"NAME":"(Warring States China)","ABBREVN":null,"CONTROL":null,"SUBJECTO":"(Warring States China)","PARTOF":null,"BORDERPRECISION":1,"FromYear":-284,"ToYear":-278,"Area":1633841.8291364273,"Type":"POLITY","Wikipedia":"Warring States Period","Wikidata":"Q185063","SeshatID":"","Components":"Qin;Yan;Wei;Wey;Later Zhou;Qi;Chu;Lu;Han;Zhao","MemberOf":"","sourceFeatureId":"cliopatria-90b6a256a3914b81172326aa","datasetId":"cliopatria"},"geometry":{"type":"MultiPolygon","coordinates":[[[[120.489,34.165],[120.55,33.586],[120.926,33.2],[120.919,32.622],[121.403,32.493],[121.503,32.172],[121.961,31.979],[121.937,31.722],[121.836,31.658],[121.301,31.85],[120.919,31.85],[121.454,31.658],[121.481,31.529],[121.634,31.529],[121.584,31.4],[121.737,31.4],[121.995,31.079],[121.899,30.822],[121.519,30.822],[120.801,30.308],[120.725,30.308],[120.521,30.372],[119.703,29.987],[118.36,29.601],[116.736,29.729],[116.27,29.922],[116.129,30.179],[116.151,30.244],[116.119,30.372],[115.685,30.436],[115.208,30.372],[114.872,30.501],[114.113,30.501],[113.951,30.244],[113.584,30.051],[113.267,29.537],[112.904,29.344],[111.996,29.344],[111.809,29.472],[111.299,29.537],[110.662,29.922],[110.434,29.922],[110.359,29.922],[110.283,29.922],[107.459,28.83],[106.028,28.572],[106.069,28.444],[105.129,28.315],[104.066,28.572],[103.898,28.508],[103.857,28.637],[102.927,28.83],[102.602,29.022],[101.48,29.344],[101.44,29.472],[101.156,29.537],[100.982,29.729],[101.019,29.858],[100.828,29.987],[100.865,30.115],[100.674,30.244],[100.673,30.501],[100.598,30.501],[100.982,31.272],[101.836,32.043],[102.158,32.557],[102.312,33.457],[102.235,33.457],[102.325,33.715],[102.248,33.715],[102.409,34.165],[103.094,34.358],[103.379,34.293],[103.479,34.358],[103.497,34.615],[104.133,34.872],[106.185,35.387],[106.493,35.58],[106.803,35.58],[106.854,35.709],[107.061,35.645],[108.069,36.031],[109.367,36.353],[109.422,36.482],[109.81,36.482],[110.698,36.739],[110.754,36.868],[110.882,36.804],[111.434,36.997],[114.081,39.126],[114.113,39.191],[114.146,39.256],[114.054,39.385],[113.897,39.385],[113.93,39.45],[113.772,39.45],[113.805,39.514],[113.083,39.644],[113.116,39.708],[112.17,39.708],[112.236,39.838],[112.111,39.902],[112.742,40.355],[113.093,40.42],[114.596,40.42],[114.527,40.291],[115.159,40.291],[115.292,40.096],[115.371,40.096],[115.55,39.838],[116.102,39.838],[116.951,40.096],[117.03,40.096],[117.066,40.161],[117.567,40.355],[118.705,40.55],[118.778,40.679],[119.174,40.679],[122.928,41.911],[123.167,41.911],[123.127,41.847],[123.405,41.782],[123.365,41.717],[123.604,41.717],[123.564,41.652],[123.843,41.587],[123.803,41.522],[124.042,41.522],[124.002,41.457],[124.757,41.133],[124.837,41.133],[124.412,40.291],[123.871,39.902],[123.876,39.773],[123.597,39.838],[122.936,39.644],[122.17,39.256],[121.952,38.997],[121.716,38.997],[121.422,38.739],[121.029,38.739],[121.201,39.062],[121.515,39.062],[121.69,39.385],[121.297,39.385],[121.21,39.514],[121.281,39.644],[121.438,39.644],[121.503,39.902],[121.776,39.967],[122.231,40.485],[122.106,40.679],[121.827,40.744],[121.824,40.874],[121.11,40.874],[120.997,40.679],[120.647,40.485],[120.5,40.226],[119.38,39.773],[119.215,39.32],[118.45,39.062],[118.057,39.062],[118.046,39.191],[117.888,39.191],[117.676,38.933],[117.622,38.674],[117.602,38.481],[118.054,38.287],[118.067,38.158],[118.583,38.093],[118.648,38.222],[118.804,38.222],[118.772,38.158],[119.131,38.093],[119.209,38.093],[119.177,38.029],[119.457,37.964],[119.393,37.835],[119.237,37.835],[118.984,37.319],[119.14,37.319],[119.156,37.19],[119.701,37.19],[119.827,37.448],[120.202,37.577],[120.188,37.706],[120.754,37.9],[121.112,37.835],[121.171,37.642],[121.483,37.642],[121.497,37.513],[122.154,37.577],[122.121,37.513],[122.713,37.448],[122.442,37.062],[122.566,36.997],[122.503,36.868],[122.161,36.804],[122.146,36.933],[121.912,36.933],[121.212,36.61],[120.979,36.61],[120.965,36.417],[120.732,36.417],[120.659,36.095],[120.318,36.031],[120.075,35.838],[120.045,35.773],[120.016,35.709],[119.619,35.516],[119.228,34.808],[119.459,34.808],[119.809,34.551],[119.886,34.551],[119.985,34.422],[120.342,34.358],[120.489,34.165]]]]}},{"type":"Feature","id":"cliopatria-814399445d8c635974c74bba","properties":{"NAME":"Chu","ABBREVN":null,"CONTROL":null,"SUBJECTO":"Chu","PARTOF":"(Warring States China)","BORDERPRECISION":1,"FromYear":-284,"ToYear":-278,"Area":588900.9325986308,"Type":"POLITY","Wikipedia":"Chu (state)","Wikidata":"Q504759","SeshatID":"cn_chu_k_warring_states","Components":"","MemberOf":"(Warring States China)","sourceFeatureId":"cliopatria-814399445d8c635974c74bba","datasetId":"cliopatria"},"geometry":{"type":"MultiPolygon","coordinates":[[[[119.886,34.551],[119.985,34.422],[120.342,34.358],[120.489,34.165],[120.55,33.586],[120.926,33.2],[120.919,32.622],[121.403,32.493],[121.503,32.172],[121.961,31.979],[121.937,31.722],[121.836,31.658],[121.301,31.85],[120.919,31.85],[121.454,31.658],[121.481,31.529],[121.634,31.529],[121.584,31.4],[121.737,31.4],[121.995,31.079],[121.899,30.822],[121.519,30.822],[120.801,30.308],[120.725,30.308],[120.521,30.372],[119.703,29.987],[118.36,29.601],[116.736,29.729],[116.27,29.922],[116.129,30.179],[116.151,30.244],[116.119,30.372],[115.685,30.436],[115.208,30.372],[114.872,30.501],[114.113,30.501],[113.951,30.244],[113.584,30.051],[113.267,29.537],[112.904,29.344],[111.996,29.344],[111.809,29.472],[111.299,29.537],[110.662,29.922],[110.434,29.922],[110.359,29.922],[110.227,29.987],[110.406,30.308],[109.916,30.436],[109.476,30.951],[109.475,31.4],[109.312,31.593],[109.869,32.943],[109.764,33.072],[109.86,33.329],[110.215,33.457],[110.313,33.715],[110.491,33.779],[110.514,34.036],[110.745,34.036],[110.82,34.422],[110.691,34.486],[110.717,34.744],[111.59,34.615],[113.44,34.615],[113.674,34.808],[114.472,34.872],[115.806,34.744],[116.329,35.065],[117.115,35.451],[117.51,35.645],[118.264,35.773],[120.045,35.773],[120.016,35.709],[119.619,35.516],[119.228,34.808],[119.459,34.808],[119.809,34.551],[119.886,34.551]]]]}},{"type":"Feature","id":"cliopatria-cc39ac368301ba1f5378eec1","properties":{"NAME":"Lu","ABBREVN":null,"CONTROL":null,"SUBJECTO":"Lu","PARTOF":"(Warring States China)","BORDERPRECISION":1,"FromYear":-284,"ToYear":-257,"Area":3836.4543918845757,"Type":"POLITY","Wikipedia":"Lu (state)","Wikidata":"Q555994","SeshatID":"","Components":"","MemberOf":"(Warring States China)","sourceFeatureId":"cliopatria-cc39ac368301ba1f5378eec1","datasetId":"cliopatria"},"geometry":{"type":"MultiPolygon","coordinates":[[[[116.398,35.58],[116.426,35.645],[116.927,35.902],[117.115,35.451],[116.329,35.065],[116.412,35.258],[116.187,35.451],[116.243,35.58],[116.398,35.58]]]]}},{"type":"Feature","id":"cliopatria-480ca2c106b2390b1cb369d8","properties":{"NAME":"Wey","ABBREVN":null,"CONTROL":null,"SUBJECTO":"Wey","PARTOF":"(Warring States China)","BORDERPRECISION":1,"FromYear":-284,"ToYear":-257,"Area":5678.472283724754,"Type":"POLITY","Wikipedia":"Wey (state)","Wikidata":"Q1147897","SeshatID":"","Components":"","MemberOf":"(Warring States China)","sourceFeatureId":"cliopatria-480ca2c106b2390b1cb369d8","datasetId":"cliopatria"},"geometry":{"type":"MultiPolygon","coordinates":[[[[114.582,36.031],[114.61,36.095],[115.364,36.739],[115.607,36.417],[115.618,36.095],[114.828,35.709],[114.582,36.031]]]]}},{"type":"Feature","id":"cliopatria-6ba3a651a8e233fbc648314b","properties":{"NAME":"Qi","ABBREVN":null,"CONTROL":null,"SUBJECTO":"Qi","PARTOF":"(Warring States China)","BORDERPRECISION":1,"FromYear":-284,"ToYear":-248,"Area":129840.54491781109,"Type":"POLITY","Wikipedia":"Qi (state)","Wikidata":"Q1143524","SeshatID":"cn_qi_warring_states","Components":"","MemberOf":"(Warring States China)","sourceFeatureId":"cliopatria-6ba3a651a8e233fbc648314b","datasetId":"cliopatria"},"geometry":{"type":"MultiPolygon","coordinates":[[[[119.131,38.093],[119.209,38.093],[119.177,38.029],[119.457,37.964],[119.393,37.835],[119.237,37.835],[118.984,37.319],[119.14,37.319],[119.156,37.19],[119.701,37.19],[119.827,37.448],[120.202,37.577],[120.188,37.706],[120.754,37.9],[121.112,37.835],[121.171,37.642],[121.483,37.642],[121.497,37.513],[122.154,37.577],[122.121,37.513],[122.713,37.448],[122.442,37.062],[122.566,36.997],[122.503,36.868],[122.161,36.804],[122.146,36.933],[121.912,36.933],[121.212,36.61],[120.979,36.61],[120.965,36.417],[120.732,36.417],[120.659,36.095],[120.318,36.031],[120.075,35.838],[120.045,35.773],[118.264,35.773],[117.51,35.645],[117.115,35.451],[116.927,35.902],[116.426,35.645],[116.398,35.58],[116.243,35.58],[116.187,35.451],[116.412,35.258],[116.329,35.065],[115.806,34.744],[114.472,34.872],[114.499,34.937],[114.994,35.194],[115.076,35.387],[114.828,35.709],[115.618,36.095],[115.607,36.417],[116.123,36.868],[116.615,37.255],[117.23,38.674],[117.308,38.674],[117.622,38.674],[117.602,38.481],[118.054,38.287],[118.067,38.158],[118.583,38.093],[118.648,38.222],[118.804,38.222],[118.772,38.158],[119.131,38.093]]]]}},{"type":"Feature","id":"cliopatria-3ddea586459671348472ea2a","properties":{"NAME":"Greek City-States","ABBREVN":null,"CONTROL":null,"SUBJECTO":"Greek City-States","PARTOF":null,"BORDERPRECISION":1,"FromYear":-283,"ToYear":-282,"Area":93586.24716373872,"Type":"POLITY","Wikipedia":"Polis","Wikidata":"Q148837","SeshatID":"","Components":"","MemberOf":"","sourceFeatureId":"cliopatria-3ddea586459671348472ea2a","datasetId":"cliopatria"},"geometry":{"type":"MultiPolygon","coordinates":[[[[22.874,36.16],[22.887,36.417],[22.965,36.417],[23.117,36.353],[23.107,36.16],[22.874,36.16]]],[[[22.833,36.868],[22.599,36.868],[22.512,36.675],[22.356,36.675],[22.22,37.062],[21.909,37.062],[21.899,36.868],[21.744,36.868],[21.681,37.19],[21.603,37.19],[21.606,37.255],[22.155,37.319],[22.694,37.19],[22.691,37.126],[22.992,36.933],[23.056,36.675],[22.833,36.868]]],[[[14.431,36.933],[14.982,37.319],[15.214,37.19],[15.213,37.126],[15.05,36.739],[14.661,36.739],[14.431,36.933]]],[[[20.613,37.706],[20.621,37.9],[20.699,37.9],[20.934,37.9],[20.922,37.642],[20.613,37.706]]],[[[20.32,38.158],[20.328,38.351],[20.488,38.416],[20.566,38.416],[20.795,38.287],[20.786,38.093],[20.32,38.158]]],[[[-0.345,39.708],[-0.314,39.126],[0.096,38.803],[-0.126,38.545],[-0.539,38.933],[-0.567,39.45],[-0.571,39.514],[-0.514,39.902],[-0.202,39.967],[-0.345,39.708]]],[[[21.288,38.739],[21.35,38.416],[21.272,38.416],[20.898,38.803],[20.741,38.803],[20.748,38.933],[21.14,38.933],[21.15,39.126],[21.468,39.191],[21.317,39.32],[21.321,39.385],[21.642,39.514],[21.509,39.967],[21.825,39.967],[21.915,40.161],[22.212,39.838],[22.698,40.032],[22.694,39.967],[22.611,39.902],[22.765,39.838],[22.757,39.708],[23.135,39.45],[22.816,39.385],[22.797,39.062],[22.958,39.126],[23.022,38.868],[22.943,38.868],[22.786,38.868],[22.794,38.997],[22.561,39.062],[22.565,39.126],[22.487,39.126],[22.49,39.191],[22.412,39.191],[21.7,39.126],[21.612,38.933],[21.288,38.739]]],[[[17.981,40.614],[18.364,40.291],[18.436,40.096],[18.357,40.096],[18.349,39.902],[18.112,39.902],[17.813,40.355],[17.418,40.355],[17.345,40.55],[16.868,40.485],[16.943,40.355],[16.624,40.291],[16.697,40.096],[16.457,39.967],[16.447,39.644],[16.916,39.514],[17.07,39.385],[17.138,39.062],[16.663,38.933],[16.502,38.803],[16.492,38.416],[15.933,37.964],[15.698,37.964],[15.627,38.287],[15.942,38.351],[15.95,38.674],[16.265,38.739],[16.27,38.933],[16.117,39.062],[15.899,39.773],[15.666,39.902],[15.748,40.032],[15.432,40.032],[15.199,40.226],[15.041,40.226],[14.893,40.679],[15.052,40.679],[15.134,40.809],[15.361,40.355],[15.516,40.226],[16.146,40.161],[16.141,39.967],[16.38,40.032],[16.306,40.226],[16.549,40.42],[16.551,40.485],[16.877,40.744],[17.508,40.679],[17.504,40.55],[17.981,40.614]]],[[[5.387,43.407],[5.063,43.472],[4.178,43.472],[4.173,43.603],[3.851,43.603],[2.985,43.147],[3.01,42.561],[3.178,42.366],[3.04,41.847],[2.698,42.366],[2.775,42.431],[2.669,43.017],[2.75,43.017],[2.741,43.212],[3.446,43.668],[4.728,43.863],[5.87,43.407],[6.594,43.407],[6.597,43.277],[6.278,43.147],[6.198,43.147],[5.796,43.147],[5.632,43.277],[5.391,43.277],[5.387,43.407]]],[[[24.157,35.516],[24.15,35.387],[24.301,35.323],[25.692,35.323],[25.681,35.13],[26.225,35.194],[26.14,35.065],[24.824,35.001],[24.757,35.194],[24.526,35.194],[24.448,35.194],[23.679,35.258],[23.615,35.516],[24.157,35.516]]],[[[27.743,35.902],[27.693,36.288],[28.017,36.482],[28.095,36.482],[28.25,36.482],[28.139,36.031],[27.743,35.902]]],[[[24.551,40.55],[24.491,40.809],[24.57,40.809],[24.808,40.809],[24.794,40.614],[24.551,40.55]]],[[[40.37,40.938],[40.47,41.068],[40.608,40.938],[40.567,40.679],[39.864,40.744],[39.686,40.614],[39.547,40.744],[39.16,40.809],[38.824,40.679],[37.873,40.679],[37.126,41.003],[36.879,40.938],[36.897,41.068],[36.439,41.198],[36.775,41.327],[37.065,41.133],[37.233,41.198],[37.215,41.068],[37.771,41.068],[37.831,40.938],[38.158,41.003],[38.298,40.874],[38.952,41.003],[38.962,41.068],[39.21,41.133],[39.736,40.938],[40.37,40.938]]],[[[31.592,41.198],[31.512,41.198],[31.361,41.263],[31.693,41.392],[31.592,41.198]]],[[[35.086,41.782],[35.006,41.782],[35.015,41.847],[34.793,41.976],[35.121,42.041],[35.086,41.782]]],[[[35.125,44.908],[34.376,44.777],[33.926,44.451],[33.449,44.516],[33.61,45.104],[33.459,45.187],[33.78,45.155],[33.917,44.973],[34.986,45.3],[35.02,45.3],[35.183,45.3],[35.154,45.104],[35.235,45.104],[35.125,44.908]]],[[[31.567,46.94],[31.533,46.677],[30.877,46.677],[30.298,45.955],[30.045,45.89],[29.859,45.693],[29.614,45.693],[29.644,45.955],[30.189,46.415],[30.271,46.415],[30.458,46.612],[31.065,46.874],[31.082,47.006],[31.567,46.94]]],[[[38.667,47.598],[39.079,47.598],[39.138,47.466],[39.126,47.401],[39.197,47.335],[38.35,47.203],[38.385,47.401],[38.667,47.598]]]]}},{"type":"Feature","id":"cliopatria-d75f5fb73006f4081695340c","properties":{"NAME":"Kingdom of Lysimachus","ABBREVN":null,"CONTROL":null,"SUBJECTO":"Kingdom of Lysimachus","PARTOF":null,"BORDERPRECISION":1,"FromYear":-283,"ToYear":-282,"Area":488868.9581687434,"Type":"POLITY","Wikipedia":"Lysimachian Empire","Wikidata":"Q32133","SeshatID":"tr_lysimachus_k","Components":"","MemberOf":"","sourceFeatureId":"cliopatria-d75f5fb73006f4081695340c","datasetId":"cliopatria"},"geometry":{"type":"MultiPolygon","coordinates":[[[[29.046,40.355],[28.9,40.485],[28.913,40.614],[29.401,40.744],[29.48,40.744],[30.807,40.55],[30.886,40.55],[31.196,40.485],[31.714,40.874],[32.118,40.938],[32.14,41.133],[32.307,41.198],[32.322,41.327],[32.114,41.587],[32.193,41.587],[32.695,41.782],[32.631,41.911],[32.862,41.847],[33.277,41.976],[34.474,41.976],[34.326,41.457],[34.46,41.263],[34.269,41.003],[34.411,40.874],[34.379,40.614],[34.6,40.485],[34.536,39.967],[34.828,39.773],[35.514,39.579],[35.593,39.579],[34.947,39.45],[34.688,39.256],[34.658,38.997],[34.493,38.933],[34.479,38.803],[33.701,38.868],[33.673,38.61],[33.509,38.545],[33.274,38.545],[33.001,38.933],[32.844,38.933],[32.503,38.674],[31.882,38.739],[31.53,38.351],[31.618,37.642],[31.612,37.577],[31.606,37.513],[31.6,37.448],[31.522,37.448],[31.516,37.384],[31.594,37.384],[31.738,37.255],[31.841,36.675],[31.763,36.675],[31.392,36.868],[30.619,36.933],[30.492,36.353],[30.026,36.353],[29.938,36.224],[29.24,36.224],[29.125,36.739],[28.357,36.868],[28.187,36.675],[28.031,36.675],[28.138,37.062],[28.065,37.126],[27.598,37.126],[27.539,37.384],[27.223,37.319],[27.31,37.448],[27.163,37.577],[27.256,37.771],[27.178,37.771],[27.275,38.029],[26.889,38.093],[26.82,38.222],[26.429,38.222],[26.453,38.545],[26.374,38.545],[26.462,38.674],[26.595,38.351],[27.065,38.351],[27.08,38.545],[26.849,38.61],[26.958,38.997],[26.879,38.997],[26.894,39.191],[26.742,39.256],[26.847,39.579],[26.132,39.514],[26.168,39.967],[26.247,39.967],[26.272,40.291],[26.605,40.485],[26.684,40.485],[26.673,40.355],[27.47,40.42],[27.538,40.291],[27.696,40.291],[27.792,40.485],[27.95,40.485],[27.939,40.355],[28.018,40.355],[29.046,40.355]]],[[[29.046,44.973],[28.802,44.973],[28.841,44.581],[28.577,44.385],[28.536,43.994],[28.616,43.994],[28.481,43.472],[28.159,43.472],[28.226,43.342],[27.898,43.277],[27.805,43.147],[27.847,42.756],[27.514,42.626],[27.495,42.431],[27.937,42.041],[28.053,41.587],[28.218,41.652],[28.352,41.392],[28.976,41.263],[28.963,41.133],[29.367,41.198],[29.255,40.874],[29.103,40.938],[29.116,41.068],[27.527,41.068],[26.842,40.485],[26.779,40.679],[26.626,40.744],[26.14,40.614],[26.082,40.874],[25.849,40.938],[24.347,41.003],[24.011,40.744],[23.698,40.809],[23.685,40.614],[23.839,40.55],[23.737,40.226],[23.267,40.291],[22.884,40.485],[22.892,40.614],[22.655,40.614],[22.544,40.096],[22.702,40.096],[22.698,40.032],[22.212,39.838],[21.915,40.161],[21.825,39.967],[21.509,39.967],[21.642,39.514],[21.321,39.385],[21.242,39.385],[20.943,39.708],[20.806,40.096],[20.493,40.161],[20.427,40.42],[20.19,40.42],[19.733,40.809],[19.334,40.744],[19.498,40.874],[19.438,41.263],[19.523,41.392],[19.444,41.392],[19.53,41.522],[19.45,41.522],[19.542,41.782],[19.386,41.847],[19.472,41.976],[19.708,41.911],[19.955,42.041],[20.107,41.911],[20.194,42.041],[20.753,42.041],[21.004,42.236],[21.319,42.171],[21.407,42.301],[21.807,42.301],[21.815,42.431],[22.304,42.561],[22.397,42.756],[22.553,42.691],[22.981,43.082],[23.141,43.082],[23.07,43.212],[23.397,43.277],[23.331,43.472],[23.421,43.603],[23.582,43.603],[23.521,43.863],[23.924,43.863],[24.075,43.733],[24.806,43.798],[25.52,43.668],[26.368,44.124],[27.748,44.19],[27.93,44.385],[27.849,44.385],[27.869,44.581],[27.707,44.581],[27.727,44.777],[27.889,44.777],[27.922,45.104],[27.767,45.17],[27.787,45.366],[28.038,45.431],[28.051,45.562],[28.289,45.497],[28.275,45.366],[28.431,45.3],[28.756,45.3],[29.185,45.497],[29.666,45.431],[29.621,45.039],[29.275,44.843],[29.194,44.843],[29.024,44.777],[29.046,44.973]]],[[[22.646,42.886],[22.651,42.951],[22.731,42.951],[22.726,42.886],[22.646,42.886]]],[[[22.735,43.017],[22.816,43.017],[22.811,42.951],[22.731,42.951],[22.735,43.017]]],[[[22.82,43.082],[22.901,43.082],[22.896,43.017],[22.816,43.017],[22.82,43.082]]]]}},{"type":"Feature","id":"cliopatria-46b4a73eafa89254a00a38e7","properties":{"NAME":"Ptolemaic Kingdom","ABBREVN":null,"CONTROL":null,"SUBJECTO":"Ptolemaic Kingdom","PARTOF":null,"BORDERPRECISION":1,"FromYear":-283,"ToYear":-282,"Area":849164.384326865,"Type":"POLITY","Wikipedia":"Ptolemaic Kingdom","Wikidata":"Q2320005","SeshatID":"eg_ptolemaic_k_1","Components":"","MemberOf":"","sourceFeatureId":"cliopatria-46b4a73eafa89254a00a38e7","datasetId":"cliopatria"},"geometry":{"type":"MultiPolygon","coordinates":[[[[25.331,36.997],[25.339,37.126],[25.417,37.126],[25.573,37.126],[25.564,36.997],[25.331,36.997]]],[[[24.201,37.642],[24.283,37.706],[24.361,37.706],[24.432,37.577],[24.272,37.513],[24.201,37.642]]],[[[25.052,37.513],[24.986,37.706],[25.064,37.706],[25.22,37.706],[25.286,37.513],[25.052,37.513]]],[[[25.988,37.513],[26.08,37.706],[26.158,37.706],[26.314,37.706],[26.305,37.577],[25.988,37.513]]],[[[24.682,37.835],[24.694,38.029],[24.772,38.029],[25.068,37.771],[24.83,37.706],[24.682,37.835]]],[[[25.876,38.158],[25.899,38.481],[25.821,38.481],[25.913,38.674],[25.991,38.674],[26.217,38.545],[26.111,38.158],[25.876,38.158]]],[[[24.357,38.868],[24.365,38.997],[24.444,38.997],[24.675,38.933],[24.662,38.739],[24.357,38.868]]],[[[24.974,39.838],[25.067,40.032],[25.146,40.032],[25.462,40.032],[25.447,39.838],[24.974,39.838]]],[[[25.704,40.096],[25.719,40.291],[25.798,40.291],[26.035,40.291],[26.025,40.161],[25.704,40.096]]],[[[37.573,33.65],[37.073,33.264],[37.054,33.072],[36.901,33.072],[36.717,32.75],[36.751,32.3],[36.516,32.236],[36.656,32.107],[36.492,31.979],[36.463,31.658],[36.387,31.658],[36.423,31.208],[35.662,31.208],[35.499,31.079],[35.352,31.143],[34.621,30.565],[34.611,30.436],[34.389,30.501],[34.303,30.372],[33.838,30.244],[32.919,30.115],[32.91,29.987],[32.758,29.987],[32.673,29.858],[32.526,29.922],[32.442,29.794],[32.689,28.958],[32.836,28.894],[33.105,28.38],[33.609,27.994],[33.585,27.608],[33.799,27.415],[33.927,27.029],[34.073,26.965],[34.051,26.579],[34.197,26.515],[34.461,25.872],[34.608,25.808],[35.146,24.651],[35.86,24.008],[35.854,23.879],[35.559,23.943],[35.553,23.815],[35.108,23.879],[33.756,23.686],[33.682,23.686],[33.389,23.815],[32.041,23.686],[31.67,23.751],[30.537,23.365],[30.463,23.365],[30.395,23.558],[30.104,23.751],[30.109,23.879],[29.959,23.879],[29.673,24.201],[28.569,24.651],[28.289,25.165],[28.244,25.936],[28.345,26.579],[28.27,26.579],[28.154,27.351],[27.937,27.544],[27.711,27.544],[27.792,27.672],[27.43,27.994],[27.276,27.93],[27.285,28.122],[26.847,28.444],[25.883,28.83],[25.225,29.344],[24.922,29.344],[24.855,29.537],[24.406,29.665],[24.263,29.858],[23.667,30.115],[23.227,30.501],[22.848,30.501],[22.853,30.629],[21.951,30.886],[20.582,30.886],[19.957,30.308],[19.651,30.244],[19.572,30.115],[18.735,29.987],[18.738,30.115],[18.894,30.308],[19.272,30.244],[19.655,30.372],[19.964,30.565],[19.968,30.694],[20.202,30.886],[20.134,31.143],[20.214,31.272],[19.996,31.593],[20.089,32.107],[20.017,32.236],[20.246,32.236],[20.331,32.493],[20.482,32.429],[20.563,32.557],[20.716,32.557],[20.644,32.686],[20.871,32.622],[21.108,32.814],[21.412,32.75],[21.879,32.943],[23.089,32.622],[23.081,32.429],[23.231,32.365],[23.149,32.236],[23.299,32.172],[23.68,32.172],[24.129,31.979],[24.892,31.979],[25.112,31.786],[25.102,31.593],[25.248,31.465],[26.848,31.465],[27.297,31.336],[27.515,31.143],[28.496,31.015],[28.865,30.822],[29.397,30.822],[29.485,31.015],[29.633,30.951],[29.87,31.079],[29.802,31.208],[29.882,31.272],[30.339,31.272],[30.271,31.4],[30.352,31.465],[30.809,31.465],[30.966,31.529],[30.975,31.658],[31.203,31.658],[31.118,31.529],[31.266,31.465],[31.875,31.465],[31.781,31.208],[31.937,31.272],[32,31.079],[32.304,31.079],[32.237,31.208],[32.532,31.079],[32.765,31.143],[32.832,31.015],[33.983,31.143],[34.297,31.272],[34.308,31.4],[34.633,31.658],[34.573,31.85],[34.813,31.979],[34.77,32.365],[35.022,32.622],[35.056,33.007],[35.215,33.072],[35.398,33.393],[35.346,33.65],[35.499,33.65],[35.447,33.907],[35.684,33.972],[35.644,34.358],[35.792,34.293],[36.049,34.551],[36.068,34.744],[35.927,34.872],[35.96,35.194],[35.882,35.194],[35.889,35.258],[36.269,35.194],[36.165,34.937],[36.313,34.872],[36.293,34.679],[36.441,34.615],[36.562,34.293],[36.87,34.293],[37.004,34.1],[37.389,34.1],[37.382,34.036],[37.599,33.907],[37.649,33.65],[37.573,33.65]]],[[[33.957,35.258],[34.087,35.001],[33.695,34.937],[33.523,34.744],[33.132,34.679],[33.044,34.551],[32.367,34.744],[32.229,34.937],[32.246,35.13],[32.555,35.13],[32.875,35.258],[32.887,35.387],[33.737,35.387],[34.31,35.709],[34.387,35.709],[34.542,35.709],[34.529,35.58],[33.957,35.258]]],[[[27.565,36.675],[27.657,36.868],[27.735,36.868],[27.89,36.868],[27.958,36.739],[27.565,36.675]]],[[[27.039,36.933],[27.117,36.933],[27.185,36.804],[26.865,36.675],[27.039,36.933]]],[[[27.195,36.933],[27.209,37.126],[27.286,37.126],[27.442,37.126],[27.35,36.933],[27.195,36.933]]],[[[38.02,36.997],[37.997,36.804],[37.275,36.61],[36.265,36.61],[36.272,36.675],[36.145,36.933],[35.834,36.933],[35.488,36.61],[35.113,36.739],[34.95,36.675],[34.893,36.868],[34.582,36.868],[34.251,36.675],[33.979,36.288],[32.558,36.031],[32.499,36.224],[31.918,36.675],[31.841,36.675],[31.738,37.255],[31.594,37.384],[31.6,37.448],[31.606,37.513],[31.612,37.577],[31.618,37.642],[32.034,37.9],[33.675,37.9],[34.358,37.706],[35.671,37.577],[35.998,37.706],[36.348,38.029],[37.115,37.9],[37.764,38.093],[39.172,38.093],[39.599,37.771],[39.549,37.384],[39.307,37.319],[39.299,37.255],[38.27,37.126],[38.176,36.997],[38.02,36.997]]],[[[26.557,37.835],[26.636,37.835],[27.026,37.835],[27.012,37.642],[26.622,37.642],[26.557,37.835]]],[[[26.094,38.997],[26.103,39.126],[25.793,39.191],[26.044,39.385],[26.123,39.385],[26.511,39.32],[26.644,38.997],[26.246,38.933],[26.094,38.997]]]]}},{"type":"Feature","id":"cliopatria-60e999aa2f947094d72ebd54","properties":{"NAME":"Seleucid Empire","ABBREVN":null,"CONTROL":null,"SUBJECTO":"Seleucid Empire","PARTOF":null,"BORDERPRECISION":1,"FromYear":-283,"ToYear":-282,"Area":2538431.493839779,"Type":"POLITY","Wikipedia":"Seleucid dynasty","Wikidata":"Q705904","SeshatID":"ir_seleucid_emp","Components":"","MemberOf":"","sourceFeatureId":"cliopatria-60e999aa2f947094d72ebd54","datasetId":"cliopatria"},"geometry":{"type":"MultiPolygon","coordinates":[[[[69.28,39.45],[69.359,39.45],[69.364,39.191],[69.521,39.191],[69.405,39.062],[69.568,38.803],[70.316,38.674],[70.358,38.545],[70.63,38.674],[70.593,38.545],[71.202,38.481],[71.364,38.222],[71.779,38.029],[71.941,37.771],[72.434,37.577],[72.416,37.513],[71.825,37.062],[71.661,36.739],[71.138,36.224],[71.061,36.224],[70.14,35.645],[70.093,35.451],[69.876,35.516],[69.598,35.323],[69.366,35.323],[69.335,35.194],[69.026,35.194],[68.517,35.001],[68.395,34.808],[68.101,34.872],[67.825,34.679],[67.609,34.744],[67.088,34.486],[66.458,34.422],[66.352,34.293],[65.751,34.358],[65.387,34.1],[65.242,33.779],[65.062,33.65],[65.035,33.522],[65.112,33.522],[64.982,33.264],[64.829,33.264],[64.687,32.943],[64.355,32.814],[64.406,32.686],[63.873,32.3],[63.643,32.3],[63.442,32.043],[63.301,32.107],[62.89,31.529],[62.726,31.465],[62.124,30.629],[61.68,30.244],[61.37,29.729],[61.027,29.472],[60.244,28.251],[59.395,27.544],[58.994,27.351],[58.978,27.222],[58.836,27.287],[58.745,27.158],[58.594,27.158],[58.428,27.029],[58.405,26.837],[58.262,26.901],[57.773,26.579],[57.483,26.001],[57.529,25.744],[57.38,25.744],[57.176,25.936],[57.052,26.837],[56.715,27.158],[56.188,27.158],[56.098,27.029],[56.324,27.029],[56.309,26.901],[56.061,26.708],[55.289,26.515],[55.31,26.708],[55.543,26.772],[55.242,26.772],[54.989,26.515],[54.681,26.451],[54.259,26.708],[53.658,26.708],[53.461,26.965],[52.737,27.222],[52.479,27.608],[52.049,27.801],[51.453,27.865],[51.066,28.444],[51.028,28.765],[50.809,28.83],[50.915,29.087],[50.62,29.151],[50.651,29.408],[50.236,29.729],[50.065,30.179],[49.586,29.987],[48.943,30.308],[48.987,30.051],[48.365,29.922],[48.404,29.601],[48.093,29.537],[47.646,29.601],[47.29,29.794],[46.979,29.729],[46.994,29.858],[46.85,29.922],[46.615,29.858],[46.591,30.308],[45.77,30.436],[44.955,31.272],[44.581,31.336],[44.459,31.593],[43.153,32.814],[42.709,32.943],[42.578,33.136],[42.065,33.329],[42.003,33.457],[41.489,33.65],[41.427,33.779],[41.273,33.779],[41.212,33.907],[40.912,33.972],[40.704,34.165],[40.311,34.1],[40.403,34.229],[40.257,34.293],[39.124,34.486],[37.99,33.972],[37.739,33.779],[37.726,33.65],[37.649,33.65],[37.599,33.907],[37.382,34.036],[37.389,34.1],[37.004,34.1],[36.87,34.293],[36.562,34.293],[36.441,34.615],[36.293,34.679],[36.313,34.872],[36.165,34.937],[36.269,35.194],[35.889,35.258],[35.896,35.323],[35.993,35.516],[35.845,35.58],[35.872,35.838],[35.99,36.224],[35.849,36.353],[36.187,36.61],[36.265,36.61],[37.275,36.61],[37.997,36.804],[38.02,36.997],[38.176,36.997],[38.27,37.126],[39.299,37.255],[39.307,37.319],[39.549,37.384],[39.599,37.771],[39.172,38.093],[37.764,38.093],[37.115,37.9],[36.348,38.029],[35.998,37.706],[35.671,37.577],[34.358,37.706],[33.675,37.9],[32.034,37.9],[31.618,37.642],[31.53,38.351],[31.882,38.739],[32.503,38.674],[32.844,38.933],[33.001,38.933],[33.274,38.545],[33.509,38.545],[33.673,38.61],[33.701,38.868],[34.479,38.803],[34.493,38.933],[34.658,38.997],[34.688,39.256],[34.947,39.45],[35.593,39.579],[35.672,39.579],[36.153,39.644],[37.861,39.45],[38.473,39.32],[38.377,39.191],[38.674,39.062],[38.752,39.062],[39.45,38.416],[40.451,38.287],[40.598,38.222],[40.572,38.029],[41.667,38.029],[41.961,37.9],[42.508,37.9],[43.945,37.577],[44.413,37.577],[44.774,37.384],[44.745,37.19],[44.871,36.997],[45.251,36.933],[45.118,36.031],[45.195,36.031],[45.217,35.645],[46.031,35.387],[47.954,35.323],[48.774,35.13],[49.413,35.258],[49.608,35.516],[50.48,35.645],[50.855,36.031],[52.008,36.417],[52.108,36.546],[52.186,36.546],[53.088,36.804],[54.033,36.868],[54.095,37.19],[53.976,37.384],[54.703,37.513],[54.846,37.835],[55.289,38.093],[56.228,38.093],[56.674,38.351],[57.55,38.416],[58.627,38.674],[60.256,39.256],[60.618,39.45],[60.65,39.579],[60.949,39.514],[62.502,40.032],[62.879,39.967],[63.467,40.096],[64.889,40.096],[65.23,39.902],[65.564,39.967],[66.22,39.773],[68.53,39.579],[68.624,39.902],[68.997,40.096],[69.036,40.226],[69.273,40.226],[69.272,40.485],[69.193,40.485],[69.272,40.744],[69.61,40.809],[69.807,40.679],[70.564,41.068],[70.682,40.938],[70.641,40.809],[70.779,40.744],[70.738,40.614],[69.846,40.291],[69.886,40.161],[69.334,39.902],[69.337,39.644],[69.416,39.644],[69.28,39.45]]],[[[70.202,35.58],[70.218,35.645],[70.295,35.645],[70.279,35.58],[70.202,35.58]]],[[[38.683,39.126],[38.691,39.191],[38.77,39.191],[38.761,39.126],[38.683,39.126]]],[[[70.34,40.355],[70.36,40.42],[70.44,40.42],[70.419,40.355],[70.34,40.355]]]]}},{"type":"Feature","id":"cliopatria-40c1ec1e0b49bc95fdffa2b0","properties":{"NAME":"Aetolian League","ABBREVN":null,"CONTROL":null,"SUBJECTO":"Aetolian League","PARTOF":null,"BORDERPRECISION":1,"FromYear":-281,"ToYear":-280,"Area":7482.916935599875,"Type":"POLITY","Wikipedia":"Aetolian League","Wikidata":"Q245273","SeshatID":"","Components":"","MemberOf":"","sourceFeatureId":"cliopatria-40c1ec1e0b49bc95fdffa2b0","datasetId":"cliopatria"},"geometry":{"type":"MultiPolygon","coordinates":[[[[21.448,38.803],[21.451,38.868],[21.53,38.868],[21.533,38.933],[21.536,38.997],[21.7,39.126],[22.49,39.191],[22.558,38.997],[22.397,38.933],[22.39,38.803],[22.547,38.803],[22.447,38.416],[22.369,38.416],[21.428,38.416],[21.35,38.416],[21.288,38.739],[21.448,38.803]]]]}},{"type":"Feature","id":"cliopatria-b663810afdebd4bba5a76988","properties":{"NAME":"Antigonid Dynasty","ABBREVN":null,"CONTROL":null,"SUBJECTO":"Antigonid Dynasty","PARTOF":null,"BORDERPRECISION":1,"FromYear":-281,"ToYear":-280,"Area":36828.6577436357,"Type":"POLITY","Wikipedia":"Antigonid dynasty","Wikidata":"Q237325","SeshatID":"gr_antigonid_emp","Components":"","MemberOf":"","sourceFeatureId":"cliopatria-b663810afdebd4bba5a76988","datasetId":"cliopatria"},"geometry":{"type":"MultiPolygon","coordinates":[[[[22.995,36.997],[22.992,36.933],[22.914,36.933],[22.917,36.997],[22.995,36.997]]],[[[22.936,38.739],[23.167,38.674],[23.313,38.481],[23.626,38.481],[23.563,38.739],[24.03,38.674],[24.179,38.545],[24.159,38.222],[24.002,38.222],[23.979,37.835],[23.208,38.029],[23.037,37.771],[23.108,37.642],[23.342,37.642],[23.402,37.319],[23.169,37.319],[23.176,37.448],[22.949,37.577],[22.714,37.577],[22.701,37.319],[22.853,37.255],[22.917,36.997],[22.691,37.126],[22.694,37.19],[22.155,37.319],[21.606,37.255],[21.609,37.319],[21.697,37.513],[21.244,37.835],[21.334,38.093],[21.729,38.158],[21.742,38.416],[22.134,38.416],[22.287,38.351],[22.28,38.222],[22.44,38.287],[22.433,38.158],[22.589,38.158],[22.657,37.964],[22.97,37.964],[23.059,38.158],[22.988,38.287],[22.525,38.416],[22.447,38.416],[22.547,38.803],[22.39,38.803],[22.397,38.933],[22.558,38.997],[22.49,39.191],[21.7,39.126],[21.536,38.997],[21.54,39.062],[21.461,39.062],[21.471,39.256],[21.317,39.32],[21.321,39.385],[21.642,39.514],[21.509,39.967],[21.825,39.967],[21.915,40.161],[22.212,39.838],[22.698,40.032],[22.694,39.967],[22.611,39.902],[22.765,39.838],[22.757,39.708],[23.135,39.45],[22.816,39.385],[22.797,39.062],[22.958,39.126],[23.108,38.997],[23.344,38.997],[23.489,38.803],[23.179,38.868],[23.183,38.933],[22.943,38.868],[22.936,38.739]]],[[[23.563,38.739],[23.485,38.739],[23.489,38.803],[23.567,38.803],[23.563,38.739]]]]}},{"type":"Feature","id":"cliopatria-7a77eedda8fd619d919d9165","properties":{"NAME":"Greek City-States","ABBREVN":null,"CONTROL":null,"SUBJECTO":"Greek City-States","PARTOF":null,"BORDERPRECISION":1,"FromYear":-281,"ToYear":-280,"Area":94821.43394264442,"Type":"POLITY","Wikipedia":"Polis","Wikidata":"Q148837","SeshatID":"","Components":"","MemberOf":"","sourceFeatureId":"cliopatria-7a77eedda8fd619d919d9165","datasetId":"cliopatria"},"geometry":{"type":"MultiPolygon","coordinates":[[[[24.157,35.516],[24.15,35.387],[24.301,35.323],[25.692,35.323],[25.681,35.13],[26.225,35.194],[26.14,35.065],[24.824,35.001],[24.757,35.194],[24.526,35.194],[24.448,35.194],[23.679,35.258],[23.615,35.516],[24.157,35.516]]],[[[22.874,36.16],[22.887,36.417],[22.965,36.417],[23.117,36.353],[23.107,36.16],[22.874,36.16]]],[[[22.833,36.868],[22.599,36.868],[22.512,36.675],[22.356,36.675],[22.22,37.062],[21.909,37.062],[21.899,36.868],[21.744,36.868],[21.681,37.19],[21.603,37.19],[21.606,37.255],[22.155,37.319],[22.694,37.19],[22.691,37.126],[22.992,36.933],[23.056,36.675],[22.833,36.868]]],[[[14.982,37.319],[15.214,37.19],[15.213,37.126],[15.05,36.739],[14.661,36.739],[14.431,36.933],[14.982,37.319]]],[[[24.283,37.706],[24.361,37.706],[24.432,37.577],[24.272,37.513],[24.201,37.642],[24.283,37.706]]],[[[20.613,37.706],[20.621,37.9],[20.699,37.9],[20.934,37.9],[20.922,37.642],[20.613,37.706]]],[[[20.328,38.351],[20.488,38.416],[20.566,38.416],[20.795,38.287],[20.786,38.093],[20.32,38.158],[20.328,38.351]]],[[[20.898,38.803],[20.741,38.803],[20.748,38.933],[21.14,38.933],[21.15,39.126],[21.464,39.126],[21.54,39.062],[21.53,38.868],[21.451,38.868],[21.448,38.803],[21.288,38.739],[21.35,38.416],[21.272,38.416],[20.898,38.803]]],[[[-0.345,39.708],[-0.314,39.126],[0.096,38.803],[-0.126,38.545],[-0.539,38.933],[-0.567,39.45],[-0.571,39.514],[-0.514,39.902],[-0.202,39.967],[-0.345,39.708]]],[[[17.981,40.614],[18.364,40.291],[18.436,40.096],[18.357,40.096],[18.349,39.902],[18.112,39.902],[17.813,40.355],[17.418,40.355],[17.345,40.55],[16.868,40.485],[16.943,40.355],[16.624,40.291],[16.697,40.096],[16.457,39.967],[16.447,39.644],[16.916,39.514],[17.07,39.385],[17.138,39.062],[16.663,38.933],[16.502,38.803],[16.492,38.416],[15.933,37.964],[15.698,37.964],[15.627,38.287],[15.942,38.351],[15.95,38.674],[16.265,38.739],[16.27,38.933],[16.117,39.062],[15.899,39.773],[15.666,39.902],[15.748,40.032],[15.432,40.032],[15.199,40.226],[15.041,40.226],[14.893,40.679],[15.052,40.679],[15.134,40.809],[15.361,40.355],[15.516,40.226],[16.146,40.161],[16.141,39.967],[16.38,40.032],[16.306,40.226],[16.549,40.42],[16.551,40.485],[16.877,40.744],[17.508,40.679],[17.504,40.55],[17.981,40.614]]],[[[24.491,40.809],[24.57,40.809],[24.808,40.809],[24.794,40.614],[24.551,40.55],[24.491,40.809]]],[[[5.391,43.277],[5.387,43.407],[5.063,43.472],[4.178,43.472],[4.173,43.603],[3.851,43.603],[2.985,43.147],[3.01,42.561],[3.178,42.366],[3.04,41.847],[2.698,42.366],[2.775,42.431],[2.669,43.017],[2.75,43.017],[2.741,43.212],[3.446,43.668],[4.728,43.863],[5.87,43.407],[6.594,43.407],[6.597,43.277],[6.278,43.147],[6.198,43.147],[5.796,43.147],[5.632,43.277],[5.391,43.277]]],[[[27.693,36.288],[28.017,36.482],[28.095,36.482],[28.25,36.482],[28.139,36.031],[27.743,35.902],[27.693,36.288]]],[[[40.46,41.003],[40.598,40.874],[40.578,40.744],[40.409,40.679],[39.616,40.679],[39.398,40.809],[39.002,40.809],[38.824,40.679],[37.873,40.679],[37.355,40.938],[36.509,41.133],[36.527,41.263],[36.607,41.263],[36.775,41.327],[37.065,41.133],[37.233,41.198],[37.215,41.068],[37.771,41.068],[37.831,40.938],[38.158,41.003],[38.298,40.874],[38.952,41.003],[38.962,41.068],[39.21,41.133],[39.736,40.938],[40.381,41.003],[40.46,41.003]]],[[[31.592,41.198],[31.512,41.198],[31.361,41.263],[31.693,41.392],[31.592,41.198]]],[[[28.083,41.068],[28.206,41.522],[28.285,41.522],[28.279,41.457],[28.359,41.457],[28.352,41.392],[28.432,41.392],[28.512,41.392],[28.976,41.263],[29.036,41.068],[28.163,41.068],[28.083,41.068]]],[[[35.006,41.782],[35.015,41.847],[34.793,41.976],[35.121,42.041],[35.086,41.782],[35.006,41.782]]],[[[27.378,42.041],[27.384,42.106],[27.464,42.106],[27.317,42.236],[27.329,42.366],[27.175,42.431],[27.193,42.626],[27.657,43.277],[27.998,43.472],[28.119,43.863],[28.3,44.059],[28.341,44.451],[28.422,44.451],[28.368,44.712],[28.64,44.973],[28.802,44.973],[28.841,44.581],[28.577,44.385],[28.536,43.994],[28.616,43.994],[28.481,43.472],[28.159,43.472],[28.226,43.342],[27.898,43.277],[27.805,43.147],[27.853,42.821],[27.847,42.756],[27.514,42.626],[27.495,42.431],[27.796,42.236],[27.924,41.911],[27.612,41.976],[27.538,42.041],[27.532,41.976],[27.452,41.976],[27.458,42.041],[27.378,42.041]],[[27.538,42.041],[27.464,42.106],[27.458,42.041],[27.538,42.041]]],[[[35.125,44.908],[34.376,44.777],[33.926,44.451],[33.449,44.516],[33.61,45.104],[33.459,45.187],[33.78,45.155],[33.917,44.973],[34.986,45.3],[35.02,45.3],[35.183,45.3],[35.154,45.104],[35.235,45.104],[35.125,44.908]]],[[[31.567,46.94],[31.533,46.677],[30.877,46.677],[30.298,45.955],[30.045,45.89],[29.859,45.693],[29.614,45.693],[29.644,45.955],[30.189,46.415],[30.271,46.415],[30.458,46.612],[31.065,46.874],[31.082,47.006],[31.567,46.94]]],[[[38.667,47.598],[39.079,47.598],[39.138,47.466],[39.126,47.401],[39.197,47.335],[38.35,47.203],[38.385,47.401],[38.667,47.598]]]]}},{"type":"Feature","id":"cliopatria-61eb4a4bcc801efb50aaf39d","properties":{"NAME":"Kingdom of Bithynia","ABBREVN":null,"CONTROL":null,"SUBJECTO":"Kingdom of Bithynia","PARTOF":null,"BORDERPRECISION":1,"FromYear":-281,"ToYear":-280,"Area":14643.664958784315,"Type":"POLITY","Wikipedia":"Kingdom of Bithynia","Wikidata":"Q3762571","SeshatID":"","Components":"","MemberOf":"","sourceFeatureId":"cliopatria-61eb4a4bcc801efb50aaf39d","datasetId":"cliopatria"},"geometry":{"type":"MultiPolygon","coordinates":[[[[29.487,40.809],[29.249,40.809],[29.367,41.198],[30.479,41.198],[30.624,41.068],[31.18,41.068],[31.353,41.198],[31.592,41.198],[31.701,41.457],[32.027,41.522],[32.121,41.652],[32.114,41.587],[32.322,41.327],[32.307,41.198],[32.14,41.133],[32.118,40.938],[31.714,40.874],[31.196,40.485],[30.411,40.55],[29.956,40.744],[29.48,40.744],[29.487,40.809]]]]}},{"type":"Feature","id":"cliopatria-d1045345101aad226e0bcbe2","properties":{"NAME":"Kingdom of Pontus","ABBREVN":null,"CONTROL":null,"SUBJECTO":"Kingdom of Pontus","PARTOF":null,"BORDERPRECISION":1,"FromYear":-281,"ToYear":-280,"Area":84922.20083793727,"Type":"POLITY","Wikipedia":"Kingdom of Pontus","Wikidata":"Q7380487","SeshatID":"","Components":"","MemberOf":"","sourceFeatureId":"cliopatria-d1045345101aad226e0bcbe2","datasetId":"cliopatria"},"geometry":{"type":"MultiPolygon","coordinates":[[[[41.047,41.198],[41.238,41.392],[41.228,41.327],[41.264,41.068],[41.005,40.938],[40.567,40.679],[40.774,40.485],[40.754,40.355],[40.507,40.291],[40.398,40.096],[38.79,39.902],[38.93,39.773],[38.745,39.579],[38.963,39.45],[38.927,39.191],[38.752,39.062],[37.861,39.45],[36.933,39.579],[35.435,39.579],[35.294,39.708],[34.828,39.773],[34.536,39.967],[34.592,40.42],[34.6,40.485],[34.379,40.614],[34.403,40.809],[34.26,40.938],[34.293,41.198],[34.373,41.198],[34.394,41.976],[34.474,41.976],[34.944,41.911],[35.308,41.652],[35.954,41.717],[36.095,41.587],[36.139,41.327],[36.448,41.263],[36.527,41.263],[36.509,41.133],[37.355,40.938],[37.873,40.679],[38.824,40.679],[39.002,40.809],[39.398,40.809],[39.616,40.679],[40.409,40.679],[40.578,40.744],[40.598,40.874],[40.46,41.003],[40.539,41.003],[41.047,41.198]]],[[[40.391,41.068],[40.47,41.068],[40.46,41.003],[40.381,41.003],[40.391,41.068]]]]}},{"type":"Feature","id":"cliopatria-91eeae1945d5f9818abda6dd","properties":{"NAME":"Ptolemaic Kingdom","ABBREVN":null,"CONTROL":null,"SUBJECTO":"Ptolemaic Kingdom","PARTOF":null,"BORDERPRECISION":1,"FromYear":-281,"ToYear":-280,"Area":944025.0482982735,"Type":"POLITY","Wikipedia":"Ptolemaic Kingdom","Wikidata":"Q2320005","SeshatID":"eg_ptolemaic_k_1","Components":"","MemberOf":"","sourceFeatureId":"cliopatria-91eeae1945d5f9818abda6dd","datasetId":"cliopatria"},"geometry":{"type":"MultiPolygon","coordinates":[[[[25.331,36.997],[25.339,37.126],[25.417,37.126],[25.573,37.126],[25.564,36.997],[25.331,36.997]]],[[[25.052,37.513],[24.986,37.706],[25.064,37.706],[25.22,37.706],[25.286,37.513],[25.052,37.513]]],[[[25.988,37.513],[26.08,37.706],[26.158,37.706],[26.314,37.706],[26.305,37.577],[25.988,37.513]]],[[[24.682,37.835],[24.694,38.029],[24.772,38.029],[25.068,37.771],[24.83,37.706],[24.682,37.835]]],[[[25.876,38.158],[25.899,38.481],[25.821,38.481],[25.913,38.674],[25.991,38.674],[26.217,38.545],[26.111,38.158],[25.876,38.158]]],[[[24.357,38.868],[24.365,38.997],[24.444,38.997],[24.675,38.933],[24.662,38.739],[24.357,38.868]]],[[[24.974,39.838],[25.067,40.032],[25.146,40.032],[25.462,40.032],[25.447,39.838],[24.974,39.838]]],[[[25.719,40.291],[25.798,40.291],[26.035,40.291],[26.025,40.161],[25.704,40.096],[25.719,40.291]]],[[[26.03,41.198],[26.178,41.068],[26.904,41.198],[27.091,41.522],[27.483,41.457],[27.472,41.327],[27.631,41.327],[27.728,41.522],[28.139,41.652],[28.292,41.587],[28.285,41.522],[28.206,41.522],[28.083,41.068],[28.077,41.003],[27.527,41.068],[26.842,40.485],[26.779,40.679],[26.626,40.744],[26.14,40.614],[26.082,40.874],[25.849,40.938],[24.347,41.003],[24.011,40.744],[23.698,40.809],[23.685,40.614],[23.839,40.55],[23.737,40.226],[23.267,40.291],[22.884,40.485],[22.892,40.614],[22.655,40.614],[22.544,40.096],[22.702,40.096],[22.698,40.032],[22.212,39.838],[21.915,40.161],[21.825,39.967],[21.509,39.967],[21.642,39.514],[21.321,39.385],[21.242,39.385],[20.943,39.708],[20.806,40.096],[20.493,40.161],[20.427,40.42],[20.19,40.42],[19.733,40.809],[19.334,40.744],[19.498,40.874],[19.422,40.938],[19.53,41.522],[19.456,41.652],[19.692,41.587],[19.782,41.782],[20.017,41.717],[20.267,41.911],[20.662,41.847],[20.673,42.041],[21.004,42.236],[21.319,42.171],[21.407,42.301],[22.455,42.431],[22.442,42.236],[22.593,42.106],[22.753,42.106],[23.054,41.847],[23.528,41.782],[23.669,41.522],[24.231,41.587],[24.236,41.652],[24.554,41.652],[24.853,41.392],[24.763,41.263],[26.03,41.198]]],[[[25.245,41.327],[25.24,41.263],[25.161,41.263],[25.166,41.327],[25.245,41.327]]],[[[36.901,33.072],[36.717,32.75],[36.751,32.3],[36.516,32.236],[36.656,32.107],[36.492,31.979],[36.463,31.658],[36.387,31.658],[36.423,31.208],[35.662,31.208],[35.499,31.079],[35.352,31.143],[34.621,30.565],[34.611,30.436],[34.389,30.501],[34.303,30.372],[33.838,30.244],[32.919,30.115],[32.91,29.987],[32.758,29.987],[32.673,29.858],[32.526,29.922],[32.442,29.794],[32.689,28.958],[32.836,28.894],[33.105,28.38],[33.609,27.994],[33.585,27.608],[33.799,27.415],[33.927,27.029],[34.073,26.965],[34.051,26.579],[34.197,26.515],[34.461,25.872],[34.608,25.808],[35.146,24.651],[35.86,24.008],[35.854,23.879],[35.559,23.943],[35.553,23.815],[35.108,23.879],[33.756,23.686],[33.682,23.686],[33.389,23.815],[32.041,23.686],[31.67,23.751],[30.537,23.365],[30.463,23.365],[30.395,23.558],[30.104,23.751],[30.109,23.879],[29.959,23.879],[29.673,24.201],[28.569,24.651],[28.289,25.165],[28.244,25.936],[28.345,26.579],[28.27,26.579],[28.154,27.351],[27.937,27.544],[27.711,27.544],[27.792,27.672],[27.43,27.994],[27.276,27.93],[27.285,28.122],[26.847,28.444],[25.883,28.83],[25.225,29.344],[24.922,29.344],[24.855,29.537],[24.406,29.665],[24.263,29.858],[23.667,30.115],[23.227,30.501],[22.848,30.501],[22.853,30.629],[21.951,30.886],[20.582,30.886],[19.957,30.308],[19.651,30.244],[19.572,30.115],[18.735,29.987],[18.738,30.115],[18.894,30.308],[19.272,30.244],[19.655,30.372],[19.964,30.565],[19.968,30.694],[20.202,30.886],[20.134,31.143],[20.214,31.272],[19.996,31.593],[20.089,32.107],[20.017,32.236],[20.246,32.236],[20.331,32.493],[20.482,32.429],[20.563,32.557],[20.716,32.557],[20.644,32.686],[20.871,32.622],[21.108,32.814],[21.412,32.75],[21.879,32.943],[23.089,32.622],[23.081,32.429],[23.231,32.365],[23.149,32.236],[23.299,32.172],[23.68,32.172],[24.129,31.979],[24.892,31.979],[25.112,31.786],[25.102,31.593],[25.248,31.465],[26.848,31.465],[27.297,31.336],[27.515,31.143],[28.496,31.015],[28.865,30.822],[29.397,30.822],[29.485,31.015],[29.633,30.951],[29.87,31.079],[29.802,31.208],[29.882,31.272],[30.339,31.272],[30.271,31.4],[30.352,31.465],[30.809,31.465],[30.966,31.529],[30.975,31.658],[31.203,31.658],[31.118,31.529],[31.266,31.465],[31.875,31.465],[31.781,31.208],[31.937,31.272],[32,31.079],[32.304,31.079],[32.237,31.208],[32.532,31.079],[32.765,31.143],[32.832,31.015],[33.983,31.143],[34.297,31.272],[34.308,31.4],[34.633,31.658],[34.573,31.85],[34.813,31.979],[34.77,32.365],[35.022,32.622],[35.056,33.007],[35.215,33.072],[35.398,33.393],[35.346,33.65],[35.499,33.65],[35.447,33.907],[35.684,33.972],[35.644,34.358],[35.792,34.293],[36.049,34.551],[36.068,34.744],[35.927,34.872],[35.96,35.194],[35.882,35.194],[35.889,35.258],[36.269,35.194],[36.165,34.937],[36.313,34.872],[36.293,34.679],[36.441,34.615],[36.562,34.293],[36.87,34.293],[37.004,34.1],[37.389,34.1],[37.599,33.907],[37.649,33.65],[37.573,33.65],[37.073,33.264],[37.054,33.072],[36.901,33.072]]],[[[33.957,35.258],[34.087,35.001],[33.695,34.937],[33.523,34.744],[33.132,34.679],[33.044,34.551],[32.367,34.744],[32.229,34.937],[32.246,35.13],[32.555,35.13],[32.875,35.258],[32.887,35.387],[33.737,35.387],[34.31,35.709],[34.387,35.709],[34.542,35.709],[34.529,35.58],[33.957,35.258]]],[[[27.657,36.868],[27.735,36.868],[27.89,36.868],[27.958,36.739],[27.565,36.675],[27.657,36.868]]],[[[27.117,36.933],[27.185,36.804],[26.865,36.675],[27.039,36.933],[27.117,36.933]]],[[[27.195,36.933],[27.209,37.126],[27.286,37.126],[27.442,37.126],[27.35,36.933],[27.195,36.933]]],[[[35.113,36.739],[34.95,36.675],[34.893,36.868],[34.582,36.868],[34.251,36.675],[33.979,36.288],[33.274,36.224],[32.713,36.031],[32.558,36.031],[32.499,36.224],[31.918,36.675],[31.841,36.675],[31.738,37.255],[31.594,37.384],[31.6,37.448],[31.618,37.642],[32.034,37.9],[33.675,37.9],[34.358,37.706],[35.671,37.577],[35.998,37.706],[36.348,38.029],[37.115,37.9],[37.764,38.093],[39.172,38.093],[39.599,37.771],[39.549,37.384],[39.135,37.19],[38.27,37.126],[38.176,36.997],[38.02,36.997],[37.997,36.804],[37.275,36.61],[36.265,36.61],[36.272,36.675],[36.145,36.933],[35.834,36.933],[35.488,36.61],[35.113,36.739]]],[[[26.622,37.642],[26.557,37.835],[26.636,37.835],[27.026,37.835],[27.012,37.642],[26.622,37.642]]],[[[26.094,38.997],[26.103,39.126],[25.793,39.191],[26.044,39.385],[26.123,39.385],[26.511,39.32],[26.644,38.997],[26.246,38.933],[26.094,38.997]]],[[[26.262,40.161],[26.267,40.226],[26.272,40.291],[26.351,40.291],[26.357,40.355],[26.605,40.485],[26.678,40.42],[26.673,40.355],[26.257,40.096],[26.262,40.161]]]]}},{"type":"Feature","id":"cliopatria-93c3036f097b5cd477e89922","properties":{"NAME":"Roman Republic","ABBREVN":null,"CONTROL":null,"SUBJECTO":"Roman Republic","PARTOF":null,"BORDERPRECISION":1,"FromYear":-281,"ToYear":-280,"Area":57330.11306172049,"Type":"POLITY","Wikipedia":"Roman Republic","Wikidata":"Q175881","SeshatID":"it_roman_rep_1","Components":"","MemberOf":"","sourceFeatureId":"cliopatria-93c3036f097b5cd477e89922","datasetId":"cliopatria"},"geometry":{"type":"MultiPolygon","coordinates":[[[[13.501,42.756],[13.984,42.886],[13.901,42.756],[14.056,42.496],[14.608,42.106],[14.769,42.171],[14.766,42.041],[14.924,41.976],[15.165,42.041],[15.241,41.911],[16.119,41.911],[16.115,41.782],[15.874,41.717],[15.866,41.457],[16.415,41.198],[16.093,41.068],[16.086,40.809],[15.055,40.809],[15.052,40.679],[14.418,40.679],[14.422,40.874],[14.105,40.874],[13.951,41.133],[13.792,41.133],[13.715,41.263],[13,41.327],[12.131,41.911],[12.132,42.041],[11.813,42.106],[11.813,42.171],[11.974,42.301],[11.895,42.431],[12.135,42.431],[12.057,42.691],[12.22,42.951],[12.3,42.951],[12.306,43.538],[11.825,43.798],[11.745,43.798],[11.908,44.059],[12.312,44.059],[12.871,43.603],[12.868,43.407],[13.028,43.342],[13.025,43.147],[13.106,43.147],[13.102,42.886],[13.5,42.691],[13.501,42.756]]]]}},{"type":"Feature","id":"cliopatria-bb81e8856abf9aa967060a36","properties":{"NAME":"Seleucid Empire","ABBREVN":null,"CONTROL":null,"SUBJECTO":"Seleucid Empire","PARTOF":null,"BORDERPRECISION":1,"FromYear":-281,"ToYear":-280,"Area":2795505.0240244274,"Type":"POLITY","Wikipedia":"Seleucid dynasty","Wikidata":"Q705904","SeshatID":"ir_seleucid_emp","Components":"","MemberOf":"","sourceFeatureId":"cliopatria-bb81e8856abf9aa967060a36","datasetId":"cliopatria"},"geometry":{"type":"MultiPolygon","coordinates":[[[[34.536,39.967],[34.828,39.773],[35.294,39.708],[35.435,39.579],[36.933,39.579],[37.861,39.45],[38.752,39.062],[39.45,38.416],[40.451,38.287],[40.598,38.222],[40.572,38.029],[41.667,38.029],[41.961,37.9],[42.508,37.9],[43.945,37.577],[44.413,37.577],[44.774,37.384],[44.745,37.19],[44.871,36.997],[45.251,36.933],[45.118,36.031],[45.195,36.031],[45.217,35.645],[46.031,35.387],[47.954,35.323],[48.774,35.13],[49.413,35.258],[49.608,35.516],[50.48,35.645],[50.855,36.031],[52.008,36.417],[52.108,36.546],[52.186,36.546],[53.088,36.804],[54.033,36.868],[54.095,37.19],[53.976,37.384],[54.703,37.513],[54.846,37.835],[55.289,38.093],[56.228,38.093],[56.674,38.351],[57.55,38.416],[58.627,38.674],[60.256,39.256],[60.618,39.45],[60.65,39.579],[60.949,39.514],[62.502,40.032],[62.879,39.967],[63.467,40.096],[64.889,40.096],[65.23,39.902],[65.564,39.967],[66.22,39.773],[68.53,39.579],[68.624,39.902],[68.997,40.096],[69.036,40.226],[69.273,40.226],[69.272,40.485],[69.193,40.485],[69.272,40.744],[69.61,40.809],[69.807,40.679],[70.485,41.068],[70.682,40.938],[70.738,40.614],[69.846,40.291],[69.886,40.161],[69.334,39.902],[69.277,39.708],[69.416,39.644],[69.28,39.45],[69.359,39.45],[69.364,39.191],[69.521,39.191],[69.405,39.062],[69.484,39.062],[69.447,38.933],[69.707,38.739],[70.316,38.674],[70.358,38.545],[70.63,38.674],[70.593,38.545],[71.202,38.481],[71.364,38.222],[71.779,38.029],[71.941,37.771],[72.434,37.577],[72.416,37.513],[71.825,37.062],[71.661,36.739],[71.138,36.224],[71.061,36.224],[70.14,35.645],[70.093,35.451],[69.876,35.516],[69.598,35.323],[69.366,35.323],[69.335,35.194],[69.026,35.194],[68.517,35.001],[68.395,34.808],[68.101,34.872],[67.825,34.679],[67.609,34.744],[67.088,34.486],[66.458,34.422],[66.352,34.293],[65.751,34.358],[65.387,34.1],[65.242,33.779],[65.062,33.65],[65.035,33.522],[65.112,33.522],[64.982,33.264],[64.829,33.264],[64.687,32.943],[64.355,32.814],[64.406,32.686],[63.873,32.3],[63.643,32.3],[63.442,32.043],[63.301,32.107],[62.89,31.529],[62.726,31.465],[62.124,30.629],[61.68,30.244],[61.37,29.729],[61.027,29.472],[60.244,28.251],[59.395,27.544],[58.994,27.351],[58.978,27.222],[58.836,27.287],[58.745,27.158],[58.594,27.158],[58.428,27.029],[58.405,26.837],[58.262,26.901],[57.773,26.579],[57.483,26.001],[57.529,25.744],[57.38,25.744],[57.176,25.936],[57.052,26.837],[56.715,27.158],[56.188,27.158],[56.098,27.029],[56.324,27.029],[56.309,26.901],[56.061,26.708],[55.289,26.515],[55.31,26.708],[55.543,26.772],[55.242,26.772],[54.989,26.515],[54.681,26.451],[54.259,26.708],[53.658,26.708],[53.461,26.965],[52.737,27.222],[52.479,27.608],[52.049,27.801],[51.453,27.865],[51.066,28.444],[51.028,28.765],[50.809,28.83],[50.915,29.087],[50.62,29.151],[50.651,29.408],[50.236,29.729],[50.065,30.179],[49.586,29.987],[48.943,30.308],[48.987,30.051],[48.365,29.922],[48.404,29.601],[48.093,29.537],[47.646,29.601],[47.29,29.794],[46.979,29.729],[46.994,29.858],[46.85,29.922],[46.615,29.858],[46.591,30.308],[45.77,30.436],[44.955,31.272],[44.581,31.336],[44.459,31.593],[43.153,32.814],[42.709,32.943],[42.578,33.136],[42.065,33.329],[42.003,33.457],[41.489,33.65],[41.427,33.779],[41.273,33.779],[41.212,33.907],[40.912,33.972],[40.704,34.165],[40.311,34.1],[40.403,34.229],[40.257,34.293],[39.124,34.486],[37.99,33.972],[37.739,33.779],[37.726,33.65],[37.649,33.65],[37.599,33.907],[37.389,34.1],[37.004,34.1],[36.87,34.293],[36.562,34.293],[36.441,34.615],[36.293,34.679],[36.313,34.872],[36.165,34.937],[36.269,35.194],[35.889,35.258],[35.896,35.323],[35.993,35.516],[35.845,35.58],[35.872,35.838],[35.99,36.224],[35.849,36.353],[36.187,36.61],[36.265,36.61],[37.275,36.61],[37.997,36.804],[38.02,36.997],[38.176,36.997],[38.27,37.126],[39.135,37.19],[39.549,37.384],[39.599,37.771],[39.172,38.093],[37.764,38.093],[37.115,37.9],[36.348,38.029],[35.998,37.706],[35.671,37.577],[34.358,37.706],[33.675,37.9],[32.034,37.9],[31.618,37.642],[31.6,37.448],[31.522,37.448],[31.516,37.384],[31.594,37.384],[31.738,37.255],[31.841,36.675],[31.763,36.675],[31.392,36.868],[30.619,36.933],[30.492,36.353],[30.026,36.353],[29.938,36.224],[29.24,36.224],[29.125,36.739],[28.357,36.868],[28.187,36.675],[28.031,36.675],[28.138,37.062],[28.065,37.126],[27.598,37.126],[27.539,37.384],[27.223,37.319],[27.31,37.448],[27.163,37.577],[27.256,37.771],[27.178,37.771],[27.275,38.029],[26.889,38.093],[26.82,38.222],[26.429,38.222],[26.384,38.674],[26.536,38.61],[26.595,38.351],[27.065,38.351],[27.08,38.545],[26.849,38.61],[26.958,38.997],[26.879,38.997],[26.894,39.191],[26.742,39.256],[26.847,39.579],[26.132,39.514],[26.252,40.032],[26.257,40.096],[26.673,40.355],[26.752,40.355],[27.47,40.42],[27.538,40.291],[27.696,40.291],[27.792,40.485],[27.95,40.485],[27.939,40.355],[29.046,40.355],[28.9,40.485],[28.913,40.614],[29.401,40.744],[29.48,40.744],[29.956,40.744],[30.411,40.55],[31.196,40.485],[31.714,40.874],[32.118,40.938],[32.14,41.133],[32.307,41.198],[32.322,41.327],[32.114,41.587],[32.193,41.587],[32.695,41.782],[32.631,41.911],[32.862,41.847],[33.277,41.976],[34.314,41.976],[34.394,41.976],[34.373,41.198],[34.293,41.198],[34.26,40.938],[34.403,40.809],[34.379,40.614],[34.6,40.485],[34.592,40.42],[34.536,39.967]]],[[[70.202,35.58],[70.218,35.645],[70.295,35.645],[70.279,35.58],[70.202,35.58]]],[[[70.34,40.355],[70.36,40.42],[70.44,40.42],[70.419,40.355],[70.34,40.355]]],[[[29.176,40.874],[29.043,41.133],[29.287,41.198],[29.367,41.198],[29.176,40.874]]]]}},{"type":"Feature","id":"cliopatria-18dcd3e14757aea7344248ea","properties":{"NAME":"Kingdom of Armenia","ABBREVN":null,"CONTROL":null,"SUBJECTO":"Kingdom of Armenia","PARTOF":null,"BORDERPRECISION":1,"FromYear":-281,"ToYear":-257,"Area":240878.58460000623,"Type":"POLITY","Wikipedia":"Kingdom of Armenia (antiquity)","Wikidata":"Q208404","SeshatID":"","Components":"","MemberOf":"","sourceFeatureId":"cliopatria-18dcd3e14757aea7344248ea","datasetId":"cliopatria"},"geometry":{"type":"MultiPolygon","coordinates":[[[[45.191,41.263],[45.235,41.068],[45.473,41.068],[45.675,40.874],[45.492,40.744],[45.524,40.485],[46.493,40.161],[46.537,39.967],[46.774,39.967],[47.054,39.773],[47.381,39.838],[47.515,39.708],[48.304,39.708],[48.673,39.579],[48.806,39.45],[48.782,39.32],[48.928,39.256],[48.742,38.674],[48.821,38.674],[48.807,38.158],[48.795,38.093],[48.326,38.093],[47.252,38.674],[46.121,38.481],[45.854,38.287],[45.635,37.9],[45.224,37.771],[45.174,37.448],[45.252,37.448],[45.29,37.19],[45.446,37.19],[45.251,36.933],[44.871,36.997],[44.745,37.19],[44.774,37.384],[44.413,37.577],[43.945,37.577],[42.508,37.9],[41.961,37.9],[41.667,38.029],[40.572,38.029],[40.598,38.222],[40.451,38.287],[39.45,38.416],[38.752,39.062],[38.927,39.191],[38.963,39.45],[38.745,39.579],[38.93,39.773],[38.79,39.902],[40.398,40.096],[40.507,40.291],[40.754,40.355],[40.774,40.485],[40.567,40.679],[41.005,40.938],[41.122,40.679],[41.36,40.679],[41.535,41.263],[42.25,41.263],[42.363,41.457],[42.624,41.587],[44.181,41.392],[44.305,41.198],[44.635,41.263],[44.714,41.263],[45.112,41.263],[45.191,41.263]]],[[[47.066,39.838],[47.077,39.902],[47.156,39.902],[47.145,39.838],[47.066,39.838]]],[[[46.92,39.902],[46.931,39.967],[47.01,39.967],[46.999,39.902],[46.92,39.902]]]]}},{"type":"Feature","id":"cliopatria-a2b5d9b54db6e6c8ed961b54","properties":{"NAME":"Colchis","ABBREVN":null,"CONTROL":null,"SUBJECTO":"Colchis","PARTOF":null,"BORDERPRECISION":1,"FromYear":-281,"ToYear":-240,"Area":44144.79599858922,"Type":"POLITY","Wikipedia":"Colchis","Wikidata":"Q183150","SeshatID":"","Components":"","MemberOf":"","sourceFeatureId":"cliopatria-a2b5d9b54db6e6c8ed961b54","datasetId":"cliopatria"},"geometry":{"type":"MultiPolygon","coordinates":[[[[42.022,43.147],[41.93,43.082],[42.079,43.017],[42.332,43.082],[42.457,42.886],[42.617,42.886],[42.593,42.756],[42.73,42.626],[43.038,42.561],[43.095,42.431],[43.519,42.561],[43.575,42.431],[43.815,42.431],[43.778,42.236],[44.86,42.041],[44.982,41.847],[44.946,41.652],[44.647,41.327],[44.635,41.263],[44.305,41.198],[44.181,41.392],[42.624,41.587],[42.363,41.457],[42.25,41.263],[41.535,41.263],[41.36,40.679],[41.122,40.679],[41.005,40.938],[41.264,41.068],[41.228,41.327],[41.307,41.327],[41.408,41.457],[41.567,41.457],[41.6,41.652],[41.782,41.782],[41.758,42.106],[41.598,42.106],[41.701,42.236],[41.483,42.366],[41.609,42.626],[41.116,43.017],[40.817,43.147],[40.416,43.147],[40.219,43.407],[39.978,43.407],[39.63,43.733],[41.047,43.538],[41.414,43.342],[42.034,43.212],[42.022,43.147]]],[[[40.033,43.733],[39.953,43.733],[39.964,43.798],[40.045,43.798],[40.033,43.733]]]]}},{"type":"Feature","id":"cliopatria-5bc88b2f6579ae796e4c8361","properties":{"NAME":"Aetolian League","ABBREVN":null,"CONTROL":null,"SUBJECTO":"Aetolian League","PARTOF":null,"BORDERPRECISION":1,"FromYear":-279,"ToYear":-278,"Area":7774.779557400077,"Type":"POLITY","Wikipedia":"Aetolian League","Wikidata":"Q245273","SeshatID":"","Components":"","MemberOf":"","sourceFeatureId":"cliopatria-5bc88b2f6579ae796e4c8361","datasetId":"cliopatria"},"geometry":{"type":"MultiPolygon","coordinates":[[[[21.507,38.416],[21.428,38.416],[21.35,38.416],[21.288,38.739],[21.448,38.803],[21.451,38.868],[21.782,39.191],[22.172,39.126],[22.179,39.256],[22.494,39.256],[22.565,39.126],[22.561,39.062],[22.397,38.933],[22.39,38.803],[22.547,38.803],[22.447,38.416],[22.369,38.416],[21.507,38.416]]]]}},{"type":"Feature","id":"cliopatria-2b762f73394ff9ff4abc16b6","properties":{"NAME":"Antigonid Dynasty","ABBREVN":null,"CONTROL":null,"SUBJECTO":"Antigonid Dynasty","PARTOF":null,"BORDERPRECISION":1,"FromYear":-279,"ToYear":-278,"Area":23235.336720573403,"Type":"POLITY","Wikipedia":"Antigonid dynasty","Wikidata":"Q237325","SeshatID":"gr_antigonid_emp","Components":"","MemberOf":"","sourceFeatureId":"cliopatria-2b762f73394ff9ff4abc16b6","datasetId":"cliopatria"},"geometry":{"type":"MultiPolygon","coordinates":[[[[22.995,36.997],[22.992,36.933],[22.914,36.933],[22.917,36.997],[22.995,36.997]]],[[[23.037,37.771],[23.108,37.642],[23.342,37.642],[23.402,37.319],[23.169,37.319],[23.176,37.448],[22.949,37.577],[22.714,37.577],[22.701,37.319],[22.853,37.255],[22.917,36.997],[22.691,37.126],[22.694,37.19],[22.155,37.319],[21.606,37.255],[21.609,37.319],[21.697,37.513],[21.244,37.835],[21.334,38.093],[21.412,38.093],[21.957,38.029],[21.963,38.158],[22.12,38.158],[22.266,37.964],[22.582,38.029],[22.661,38.029],[22.97,37.964],[23.059,38.158],[22.988,38.287],[22.525,38.416],[22.447,38.416],[22.547,38.803],[22.39,38.803],[22.397,38.933],[22.561,39.062],[22.64,39.062],[22.797,39.062],[22.868,38.933],[22.954,39.062],[23.344,38.997],[23.489,38.803],[23.183,38.933],[22.943,38.868],[22.936,38.739],[23.167,38.674],[23.313,38.481],[23.626,38.481],[23.563,38.739],[24.03,38.674],[24.179,38.545],[24.159,38.222],[24.002,38.222],[23.979,37.835],[23.443,38.029],[23.365,38.029],[23.044,37.9],[23.037,37.771]]],[[[23.563,38.739],[23.485,38.739],[23.489,38.803],[23.567,38.803],[23.563,38.739]]]]}},{"type":"Feature","id":"cliopatria-2bc7a5176d1174cc2278c0f4","properties":{"NAME":"Greek City-States","ABBREVN":null,"CONTROL":null,"SUBJECTO":"Greek City-States","PARTOF":null,"BORDERPRECISION":1,"FromYear":-279,"ToYear":-278,"Area":92020.89258206857,"Type":"POLITY","Wikipedia":"Polis","Wikidata":"Q148837","SeshatID":"","Components":"","MemberOf":"","sourceFeatureId":"cliopatria-2bc7a5176d1174cc2278c0f4","datasetId":"cliopatria"},"geometry":{"type":"MultiPolygon","coordinates":[[[[24.157,35.516],[24.15,35.387],[24.301,35.323],[25.692,35.323],[25.681,35.13],[26.225,35.194],[26.14,35.065],[24.824,35.001],[24.757,35.194],[24.526,35.194],[24.448,35.194],[23.679,35.258],[23.615,35.516],[24.157,35.516]]],[[[22.874,36.16],[22.887,36.417],[22.965,36.417],[23.117,36.353],[23.107,36.16],[22.874,36.16]]],[[[22.833,36.868],[22.599,36.868],[22.512,36.675],[22.356,36.675],[22.22,37.062],[21.909,37.062],[21.899,36.868],[21.744,36.868],[21.681,37.19],[21.603,37.19],[21.606,37.255],[22.155,37.319],[22.694,37.19],[22.691,37.126],[22.992,36.933],[23.056,36.675],[22.833,36.868]]],[[[14.982,37.319],[15.214,37.19],[15.213,37.126],[15.05,36.739],[14.661,36.739],[14.431,36.933],[14.982,37.319]]],[[[20.621,37.9],[20.699,37.9],[20.934,37.9],[20.922,37.642],[20.613,37.706],[20.621,37.9]]],[[[20.32,38.158],[20.328,38.351],[20.488,38.416],[20.566,38.416],[20.795,38.287],[20.786,38.093],[20.32,38.158]]],[[[20.898,38.803],[20.741,38.803],[20.748,38.933],[21.14,38.933],[21.15,39.126],[21.543,39.126],[21.53,38.868],[21.451,38.868],[21.448,38.803],[21.288,38.739],[21.35,38.416],[21.272,38.416],[20.898,38.803]]],[[[-0.314,39.126],[0.096,38.803],[-0.126,38.545],[-0.539,38.933],[-0.567,39.45],[-0.571,39.514],[-0.514,39.902],[-0.202,39.967],[-0.345,39.708],[-0.314,39.126]]],[[[17.138,39.062],[16.663,38.933],[16.502,38.803],[16.492,38.416],[15.933,37.964],[15.698,37.964],[15.627,38.287],[15.942,38.351],[15.95,38.674],[16.265,38.739],[16.27,38.933],[16.117,39.062],[15.899,39.773],[15.666,39.902],[15.748,40.032],[15.432,40.032],[15.199,40.226],[15.041,40.226],[14.893,40.679],[15.052,40.679],[15.134,40.809],[15.361,40.355],[15.516,40.226],[16.146,40.161],[16.141,39.967],[16.539,40.096],[16.449,39.708],[16.447,39.644],[16.916,39.514],[17.07,39.385],[17.138,39.062]]],[[[24.491,40.809],[24.57,40.809],[24.808,40.809],[24.794,40.614],[24.551,40.55],[24.491,40.809]]],[[[27.378,42.041],[27.384,42.106],[27.464,42.106],[27.317,42.236],[27.329,42.366],[27.175,42.431],[27.193,42.626],[27.657,43.277],[27.998,43.472],[28.119,43.863],[28.3,44.059],[28.341,44.451],[28.422,44.451],[28.368,44.712],[28.64,44.973],[28.802,44.973],[28.841,44.581],[28.577,44.385],[28.536,43.994],[28.616,43.994],[28.481,43.472],[28.159,43.472],[28.226,43.342],[27.898,43.277],[27.805,43.147],[27.853,42.821],[27.847,42.756],[27.514,42.626],[27.495,42.431],[27.796,42.236],[27.924,41.911],[27.612,41.976],[27.538,42.041],[27.532,41.976],[27.452,41.976],[27.458,42.041],[27.378,42.041]],[[27.458,42.041],[27.538,42.041],[27.464,42.106],[27.458,42.041]]],[[[5.391,43.277],[5.387,43.407],[5.063,43.472],[4.178,43.472],[4.173,43.603],[3.851,43.603],[2.985,43.147],[3.01,42.561],[3.178,42.366],[3.04,41.847],[2.698,42.366],[2.775,42.431],[2.669,43.017],[2.75,43.017],[2.741,43.212],[3.446,43.668],[4.728,43.863],[5.87,43.407],[6.594,43.407],[6.597,43.277],[6.278,43.147],[6.198,43.147],[5.796,43.147],[5.632,43.277],[5.391,43.277]]],[[[27.693,36.288],[28.017,36.482],[28.095,36.482],[28.25,36.482],[28.139,36.031],[27.743,35.902],[27.693,36.288]]],[[[28.138,37.062],[27.598,37.126],[27.612,37.319],[27.456,37.319],[27.378,37.319],[27.398,37.577],[27.632,37.577],[27.851,37.384],[28.241,37.384],[28.377,37.126],[28.99,36.997],[29.047,36.739],[28.969,36.739],[28.892,36.739],[28.814,36.739],[28.736,36.739],[28.741,36.804],[28.663,36.804],[28.586,36.804],[28.357,36.868],[28.187,36.675],[28.031,36.675],[28.138,37.062]]],[[[40.381,41.003],[40.46,41.003],[40.598,40.874],[40.578,40.744],[40.409,40.679],[39.616,40.679],[39.398,40.809],[39.002,40.809],[38.824,40.679],[37.873,40.679],[37.355,40.938],[36.509,41.133],[36.527,41.263],[36.607,41.263],[36.775,41.327],[37.065,41.133],[37.233,41.198],[37.215,41.068],[37.771,41.068],[37.831,40.938],[38.158,41.003],[38.298,40.874],[38.952,41.003],[38.962,41.068],[39.21,41.133],[39.736,40.938],[40.381,41.003]]],[[[29.116,41.068],[28.957,41.068],[29.201,41.133],[29.208,41.198],[29.367,41.198],[29.255,40.874],[29.103,40.938],[29.116,41.068]]],[[[31.512,41.198],[31.361,41.263],[31.693,41.392],[31.592,41.198],[31.512,41.198]]],[[[35.086,41.782],[35.006,41.782],[35.015,41.847],[34.793,41.976],[35.121,42.041],[35.086,41.782]]],[[[35.125,44.908],[34.376,44.777],[33.926,44.451],[33.449,44.516],[33.61,45.104],[33.459,45.187],[33.78,45.155],[33.917,44.973],[34.986,45.3],[35.02,45.3],[35.183,45.3],[35.154,45.104],[35.235,45.104],[35.125,44.908]]],[[[31.567,46.94],[31.533,46.677],[30.877,46.677],[30.298,45.955],[30.045,45.89],[29.859,45.693],[29.614,45.693],[29.644,45.955],[30.189,46.415],[30.271,46.415],[30.458,46.612],[31.065,46.874],[31.082,47.006],[31.567,46.94]]],[[[38.667,47.598],[39.079,47.598],[39.138,47.466],[39.126,47.401],[39.197,47.335],[38.35,47.203],[38.385,47.401],[38.667,47.598]]]]}},{"type":"Feature","id":"cliopatria-cc28837d73eb86cefc9be789","properties":{"NAME":"Ptolemaic Kingdom","ABBREVN":null,"CONTROL":null,"SUBJECTO":"Ptolemaic Kingdom","PARTOF":null,"BORDERPRECISION":1,"FromYear":-279,"ToYear":-278,"Area":845645.3952398094,"Type":"POLITY","Wikipedia":"Ptolemaic Kingdom","Wikidata":"Q2320005","SeshatID":"eg_ptolemaic_k_1","Components":"","MemberOf":"","sourceFeatureId":"cliopatria-cc28837d73eb86cefc9be789","datasetId":"cliopatria"},"geometry":{"type":"MultiPolygon","coordinates":[[[[25.564,36.997],[25.331,36.997],[25.339,37.126],[25.417,37.126],[25.573,37.126],[25.564,36.997]]],[[[24.201,37.642],[24.283,37.706],[24.361,37.706],[24.432,37.577],[24.272,37.513],[24.201,37.642]]],[[[25.052,37.513],[24.986,37.706],[25.064,37.706],[25.22,37.706],[25.286,37.513],[25.052,37.513]]],[[[25.988,37.513],[26.08,37.706],[26.158,37.706],[26.314,37.706],[26.305,37.577],[25.988,37.513]]],[[[24.682,37.835],[24.694,38.029],[24.772,38.029],[25.068,37.771],[24.83,37.706],[24.682,37.835]]],[[[24.357,38.868],[24.365,38.997],[24.444,38.997],[24.675,38.933],[24.662,38.739],[24.357,38.868]]],[[[24.974,39.838],[25.067,40.032],[25.146,40.032],[25.462,40.032],[25.447,39.838],[24.974,39.838]]],[[[25.704,40.096],[25.719,40.291],[25.798,40.291],[26.035,40.291],[26.025,40.161],[25.704,40.096]]],[[[36.901,33.072],[36.717,32.75],[36.751,32.3],[36.516,32.236],[36.656,32.107],[36.492,31.979],[36.463,31.658],[36.387,31.658],[36.423,31.208],[35.662,31.208],[35.499,31.079],[35.352,31.143],[34.621,30.565],[34.611,30.436],[34.389,30.501],[34.303,30.372],[33.838,30.244],[32.919,30.115],[32.91,29.987],[32.758,29.987],[32.673,29.858],[32.526,29.922],[32.442,29.794],[32.689,28.958],[32.836,28.894],[33.105,28.38],[33.609,27.994],[33.585,27.608],[33.799,27.415],[33.927,27.029],[34.073,26.965],[34.051,26.579],[34.197,26.515],[34.461,25.872],[34.608,25.808],[35.146,24.651],[35.86,24.008],[35.854,23.879],[35.559,23.943],[35.553,23.815],[35.108,23.879],[33.756,23.686],[33.682,23.686],[33.389,23.815],[32.041,23.686],[31.67,23.751],[30.537,23.365],[30.463,23.365],[30.395,23.558],[30.104,23.751],[30.109,23.879],[29.959,23.879],[29.673,24.201],[28.569,24.651],[28.289,25.165],[28.244,25.936],[28.345,26.579],[28.27,26.579],[28.154,27.351],[27.937,27.544],[27.711,27.544],[27.792,27.672],[27.43,27.994],[27.276,27.93],[27.285,28.122],[26.847,28.444],[25.883,28.83],[25.225,29.344],[24.922,29.344],[24.855,29.537],[24.406,29.665],[24.263,29.858],[23.667,30.115],[23.227,30.501],[22.848,30.501],[22.853,30.629],[21.951,30.886],[20.582,30.886],[19.957,30.308],[19.651,30.244],[19.572,30.115],[18.735,29.987],[18.738,30.115],[18.894,30.308],[19.272,30.244],[19.655,30.372],[19.964,30.565],[19.968,30.694],[20.202,30.886],[20.134,31.143],[20.214,31.272],[19.996,31.593],[20.089,32.107],[20.017,32.236],[20.246,32.236],[20.331,32.493],[20.482,32.429],[20.563,32.557],[20.716,32.557],[20.644,32.686],[20.871,32.622],[21.108,32.814],[21.412,32.75],[21.879,32.943],[23.089,32.622],[23.081,32.429],[23.231,32.365],[23.149,32.236],[23.299,32.172],[23.68,32.172],[24.129,31.979],[24.892,31.979],[25.112,31.786],[25.102,31.593],[25.248,31.465],[26.848,31.465],[27.297,31.336],[27.515,31.143],[28.496,31.015],[28.865,30.822],[29.397,30.822],[29.485,31.015],[29.633,30.951],[29.87,31.079],[29.802,31.208],[29.882,31.272],[30.339,31.272],[30.271,31.4],[30.352,31.465],[30.809,31.465],[30.966,31.529],[30.975,31.658],[31.203,31.658],[31.118,31.529],[31.266,31.465],[31.875,31.465],[31.781,31.208],[31.937,31.272],[32,31.079],[32.304,31.079],[32.237,31.208],[32.532,31.079],[32.765,31.143],[32.832,31.015],[33.983,31.143],[34.297,31.272],[34.308,31.4],[34.633,31.658],[34.573,31.85],[34.813,31.979],[34.77,32.365],[35.022,32.622],[35.056,33.007],[35.215,33.072],[35.398,33.393],[35.346,33.65],[35.499,33.65],[35.447,33.907],[35.684,33.972],[35.644,34.358],[35.792,34.293],[36.049,34.551],[36.068,34.744],[35.927,34.872],[35.96,35.194],[35.882,35.194],[35.889,35.258],[36.269,35.194],[36.165,34.937],[36.313,34.872],[36.293,34.679],[36.441,34.615],[36.562,34.293],[36.87,34.293],[37.004,34.1],[37.389,34.1],[37.599,33.907],[37.649,33.65],[37.573,33.65],[37.073,33.264],[37.054,33.072],[36.901,33.072]]],[[[33.957,35.258],[34.087,35.001],[33.695,34.937],[33.523,34.744],[33.132,34.679],[33.044,34.551],[32.367,34.744],[32.229,34.937],[32.246,35.13],[32.555,35.13],[32.875,35.258],[32.887,35.387],[33.737,35.387],[34.31,35.709],[34.387,35.709],[34.542,35.709],[34.529,35.58],[33.957,35.258]]],[[[27.565,36.675],[27.657,36.868],[27.735,36.868],[27.89,36.868],[27.958,36.739],[27.565,36.675]]],[[[27.039,36.933],[27.117,36.933],[27.185,36.804],[26.865,36.675],[27.039,36.933]]],[[[27.195,36.933],[27.209,37.126],[27.286,37.126],[27.442,37.126],[27.35,36.933],[27.195,36.933]]],[[[35.113,36.739],[34.95,36.675],[34.893,36.868],[34.582,36.868],[34.251,36.675],[33.979,36.288],[33.274,36.224],[32.713,36.031],[32.558,36.031],[32.499,36.224],[31.918,36.675],[31.841,36.675],[31.738,37.255],[31.594,37.384],[31.6,37.448],[31.618,37.642],[32.034,37.9],[33.675,37.9],[34.358,37.706],[35.671,37.577],[35.998,37.706],[36.348,38.029],[37.115,37.9],[37.764,38.093],[39.172,38.093],[39.599,37.771],[39.549,37.384],[39.135,37.19],[38.27,37.126],[38.176,36.997],[38.02,36.997],[37.997,36.804],[37.275,36.61],[36.265,36.61],[36.272,36.675],[36.145,36.933],[35.834,36.933],[35.488,36.61],[35.113,36.739]]],[[[26.622,37.642],[26.557,37.835],[26.636,37.835],[27.026,37.835],[27.012,37.642],[26.622,37.642]]]]}},{"type":"Feature","id":"cliopatria-2258d9692dd0fde0e6a2f6b0","properties":{"NAME":"Roman Republic","ABBREVN":null,"CONTROL":null,"SUBJECTO":"Roman Republic","PARTOF":null,"BORDERPRECISION":1,"FromYear":-279,"ToYear":-278,"Area":54256.47209871549,"Type":"POLITY","Wikipedia":"Roman Republic","Wikidata":"Q175881","SeshatID":"it_roman_rep_1","Components":"","MemberOf":"","sourceFeatureId":"cliopatria-2258d9692dd0fde0e6a2f6b0","datasetId":"cliopatria"},"geometry":{"type":"MultiPolygon","coordinates":[[[[13.501,42.756],[13.984,42.886],[13.901,42.756],[14.056,42.496],[14.608,42.106],[14.769,42.171],[14.766,42.041],[14.924,41.976],[15.165,42.041],[15.241,41.911],[16.119,41.911],[16.115,41.782],[15.874,41.717],[15.866,41.457],[16.022,41.327],[15.382,41.198],[15.379,41.068],[15.536,41.003],[15.529,40.744],[15.055,40.809],[15.052,40.679],[14.418,40.679],[14.422,40.874],[14.105,40.874],[13.951,41.133],[13.792,41.133],[13.715,41.263],[13,41.327],[12.131,41.911],[12.132,42.041],[11.813,42.106],[11.813,42.171],[11.974,42.301],[11.895,42.431],[12.135,42.431],[12.057,42.691],[12.22,42.951],[12.3,42.951],[12.306,43.538],[11.825,43.798],[11.745,43.798],[11.908,44.059],[12.312,44.059],[12.871,43.603],[12.868,43.407],[13.028,43.342],[13.025,43.147],[13.106,43.147],[13.102,42.886],[13.5,42.691],[13.501,42.756]]]]}},{"type":"Feature","id":"cliopatria-4accf943e74554ba847a4924","properties":{"NAME":"Seleucid Empire","ABBREVN":null,"CONTROL":null,"SUBJECTO":"Seleucid Empire","PARTOF":null,"BORDERPRECISION":1,"FromYear":-279,"ToYear":-278,"Area":2692246.572694673,"Type":"POLITY","Wikipedia":"Seleucid dynasty","Wikidata":"Q705904","SeshatID":"ir_seleucid_emp","Components":"","MemberOf":"","sourceFeatureId":"cliopatria-4accf943e74554ba847a4924","datasetId":"cliopatria"},"geometry":{"type":"MultiPolygon","coordinates":[[[[69.28,39.45],[69.359,39.45],[69.364,39.191],[69.521,39.191],[69.405,39.062],[69.568,38.803],[70.316,38.674],[70.358,38.545],[70.63,38.674],[70.593,38.545],[71.202,38.481],[71.364,38.222],[71.779,38.029],[71.941,37.771],[72.434,37.577],[72.416,37.513],[71.825,37.062],[71.661,36.739],[71.138,36.224],[71.061,36.224],[70.14,35.645],[70.093,35.451],[69.876,35.516],[69.598,35.323],[69.366,35.323],[69.335,35.194],[69.026,35.194],[68.517,35.001],[68.395,34.808],[68.101,34.872],[67.825,34.679],[67.609,34.744],[67.088,34.486],[66.458,34.422],[66.352,34.293],[65.751,34.358],[65.387,34.1],[65.242,33.779],[65.062,33.65],[65.035,33.522],[65.112,33.522],[64.982,33.264],[64.829,33.264],[64.687,32.943],[64.355,32.814],[64.406,32.686],[63.873,32.3],[63.643,32.3],[63.442,32.043],[63.301,32.107],[62.89,31.529],[62.726,31.465],[62.124,30.629],[61.68,30.244],[61.37,29.729],[61.027,29.472],[60.244,28.251],[59.395,27.544],[58.994,27.351],[58.978,27.222],[58.836,27.287],[58.745,27.158],[58.594,27.158],[58.428,27.029],[58.405,26.837],[58.262,26.901],[57.773,26.579],[57.483,26.001],[57.529,25.744],[57.38,25.744],[57.176,25.936],[57.052,26.837],[56.715,27.158],[56.188,27.158],[56.098,27.029],[56.324,27.029],[56.309,26.901],[56.061,26.708],[55.289,26.515],[55.31,26.708],[55.543,26.772],[55.242,26.772],[54.989,26.515],[54.681,26.451],[54.259,26.708],[53.658,26.708],[53.461,26.965],[52.737,27.222],[52.479,27.608],[52.049,27.801],[51.453,27.865],[51.066,28.444],[51.028,28.765],[50.809,28.83],[50.915,29.087],[50.62,29.151],[50.651,29.408],[50.236,29.729],[50.065,30.179],[49.586,29.987],[48.943,30.308],[48.987,30.051],[48.365,29.922],[48.404,29.601],[48.093,29.537],[47.646,29.601],[47.29,29.794],[46.979,29.729],[46.994,29.858],[46.85,29.922],[46.615,29.858],[46.591,30.308],[45.77,30.436],[44.955,31.272],[44.581,31.336],[44.459,31.593],[43.153,32.814],[42.709,32.943],[42.578,33.136],[42.065,33.329],[42.003,33.457],[41.489,33.65],[41.427,33.779],[41.273,33.779],[41.212,33.907],[40.912,33.972],[40.704,34.165],[40.311,34.1],[40.403,34.229],[40.257,34.293],[39.124,34.486],[37.99,33.972],[37.739,33.779],[37.726,33.65],[37.649,33.65],[37.599,33.907],[37.389,34.1],[37.004,34.1],[36.87,34.293],[36.562,34.293],[36.441,34.615],[36.293,34.679],[36.313,34.872],[36.165,34.937],[36.269,35.194],[35.889,35.258],[35.896,35.323],[35.993,35.516],[35.845,35.58],[35.872,35.838],[35.99,36.224],[35.849,36.353],[36.187,36.61],[36.265,36.61],[37.275,36.61],[37.997,36.804],[38.02,36.997],[38.176,36.997],[38.27,37.126],[39.135,37.19],[39.549,37.384],[39.599,37.771],[39.172,38.093],[37.764,38.093],[37.115,37.9],[36.348,38.029],[35.998,37.706],[35.671,37.577],[34.358,37.706],[33.675,37.9],[32.034,37.9],[31.618,37.642],[31.6,37.448],[31.522,37.448],[31.516,37.384],[31.594,37.384],[31.738,37.255],[31.841,36.675],[31.763,36.675],[31.392,36.868],[30.619,36.933],[30.492,36.353],[30.026,36.353],[29.938,36.224],[29.24,36.224],[29.125,36.739],[29.047,36.739],[28.99,36.997],[28.377,37.126],[28.241,37.384],[27.851,37.384],[27.632,37.577],[27.398,37.577],[27.378,37.319],[27.301,37.319],[27.163,37.577],[27.275,38.029],[26.889,38.093],[26.82,38.222],[26.429,38.222],[26.384,38.674],[26.536,38.61],[26.595,38.351],[27.065,38.351],[27.075,38.481],[27.08,38.545],[27.31,38.481],[27.482,38.674],[27.639,38.674],[27.812,38.868],[27.833,39.126],[27.754,39.126],[27.77,39.32],[27.466,39.45],[26.841,39.514],[26.847,39.579],[26.132,39.514],[26.262,40.161],[26.599,40.42],[27.47,40.42],[27.538,40.291],[27.696,40.291],[27.792,40.485],[27.95,40.485],[27.939,40.355],[29.046,40.355],[28.9,40.485],[28.913,40.614],[29.401,40.744],[29.48,40.744],[29.559,40.744],[29.54,40.55],[29.936,40.55],[29.923,40.42],[30.068,40.291],[30.457,40.226],[30.602,40.096],[30.589,39.967],[31.299,39.967],[31.378,39.967],[31.233,39.32],[31.443,39.062],[31.424,38.868],[33.274,38.545],[34.479,38.803],[34.767,39.256],[34.726,39.579],[34.828,39.773],[35.294,39.708],[35.435,39.579],[36.933,39.579],[37.861,39.45],[38.752,39.062],[39.45,38.416],[40.451,38.287],[40.598,38.222],[40.572,38.029],[41.667,38.029],[41.961,37.9],[42.508,37.9],[43.945,37.577],[44.413,37.577],[44.774,37.384],[44.745,37.19],[44.871,36.997],[45.251,36.933],[45.118,36.031],[45.195,36.031],[45.217,35.645],[46.031,35.387],[47.954,35.323],[48.774,35.13],[49.413,35.258],[49.608,35.516],[50.48,35.645],[50.855,36.031],[52.008,36.417],[52.108,36.546],[52.186,36.546],[53.088,36.804],[54.033,36.868],[54.095,37.19],[53.976,37.384],[54.703,37.513],[54.846,37.835],[55.289,38.093],[56.228,38.093],[56.674,38.351],[57.55,38.416],[58.627,38.674],[60.256,39.256],[60.618,39.45],[60.65,39.579],[60.949,39.514],[62.502,40.032],[62.879,39.967],[63.467,40.096],[64.889,40.096],[65.23,39.902],[65.564,39.967],[66.22,39.773],[68.53,39.579],[68.624,39.902],[68.997,40.096],[69.036,40.226],[69.273,40.226],[69.272,40.485],[69.193,40.485],[69.272,40.744],[69.61,40.809],[69.807,40.679],[70.564,41.068],[70.682,40.938],[70.641,40.809],[70.779,40.744],[70.738,40.614],[69.846,40.291],[69.886,40.161],[69.334,39.902],[69.277,39.708],[69.416,39.644],[69.397,39.579],[69.28,39.45]]],[[[70.202,35.58],[70.218,35.645],[70.295,35.645],[70.279,35.58],[70.202,35.58]]],[[[26.217,38.545],[26.111,38.158],[25.876,38.158],[25.899,38.481],[25.821,38.481],[25.913,38.674],[25.991,38.674],[26.217,38.545]]],[[[26.644,38.997],[26.246,38.933],[26.094,38.997],[26.103,39.126],[25.793,39.191],[26.044,39.385],[26.123,39.385],[26.511,39.32],[26.644,38.997]]],[[[70.36,40.42],[70.44,40.42],[70.419,40.355],[70.34,40.355],[70.36,40.42]]]]}},{"type":"Feature","id":"cliopatria-c8de44104a86a57ec5533117","properties":{"NAME":"Achaean League","ABBREVN":null,"CONTROL":null,"SUBJECTO":"Achaean League","PARTOF":null,"BORDERPRECISION":1,"FromYear":-279,"ToYear":-273,"Area":2578.770906254792,"Type":"POLITY","Wikipedia":"Achaean League","Wikidata":"Q244796","SeshatID":"","Components":"","MemberOf":"","sourceFeatureId":"cliopatria-c8de44104a86a57ec5533117","datasetId":"cliopatria"},"geometry":{"type":"MultiPolygon","coordinates":[[[[21.412,38.093],[21.416,38.158],[21.729,38.158],[21.742,38.416],[22.134,38.416],[22.287,38.351],[22.28,38.222],[22.44,38.287],[22.433,38.158],[22.586,38.093],[22.582,38.029],[22.266,37.964],[22.12,38.158],[21.963,38.158],[21.957,38.029],[21.412,38.093]]]]}},{"type":"Feature","id":"cliopatria-ae32d8d1d74e01dcefbd751b","properties":{"NAME":"Kingdom of Pontus","ABBREVN":null,"CONTROL":null,"SUBJECTO":"Kingdom of Pontus","PARTOF":null,"BORDERPRECISION":1,"FromYear":-279,"ToYear":-257,"Area":92955.55820676681,"Type":"POLITY","Wikipedia":"Kingdom of Pontus","Wikidata":"Q7380487","SeshatID":"","Components":"","MemberOf":"","sourceFeatureId":"cliopatria-ae32d8d1d74e01dcefbd751b","datasetId":"cliopatria"},"geometry":{"type":"MultiPolygon","coordinates":[[[[35.865,41.652],[35.954,41.717],[36.095,41.587],[36.209,41.263],[36.448,41.263],[36.527,41.263],[36.509,41.133],[37.355,40.938],[37.873,40.679],[38.824,40.679],[39.002,40.809],[39.398,40.809],[39.616,40.679],[40.409,40.679],[40.578,40.744],[40.598,40.874],[40.46,41.003],[40.539,41.003],[41.047,41.198],[41.238,41.392],[41.228,41.327],[41.264,41.068],[41.005,40.938],[40.567,40.679],[40.774,40.485],[40.754,40.355],[40.507,40.291],[40.398,40.096],[38.79,39.902],[38.93,39.773],[38.745,39.579],[38.963,39.45],[38.927,39.191],[38.752,39.062],[37.861,39.45],[36.933,39.579],[35.435,39.579],[35.294,39.708],[34.828,39.773],[34.536,39.967],[34.568,40.226],[34.6,40.485],[34.379,40.614],[34.403,40.809],[34.26,40.938],[34.406,41.457],[34.335,41.522],[33.308,41.587],[33.133,41.457],[32.656,41.457],[32.307,41.198],[32.258,41.457],[32.114,41.587],[32.193,41.587],[32.695,41.782],[32.631,41.911],[32.862,41.847],[33.277,41.976],[34.474,41.976],[34.944,41.911],[35.308,41.652],[35.785,41.652],[35.865,41.652]]],[[[40.391,41.068],[40.47,41.068],[40.46,41.003],[40.381,41.003],[40.391,41.068]]]]}},{"type":"Feature","id":"cliopatria-ae5adfcfbfb0133987aeb7de","properties":{"NAME":"Galatia","ABBREVN":null,"CONTROL":null,"SUBJECTO":"Galatia","PARTOF":null,"BORDERPRECISION":1,"FromYear":-279,"ToYear":-248,"Area":50482.78990163753,"Type":"POLITY","Wikipedia":"Galatia","Wikidata":"Q26847","SeshatID":"","Components":"","MemberOf":"","sourceFeatureId":"cliopatria-ae5adfcfbfb0133987aeb7de","datasetId":"cliopatria"},"geometry":{"type":"MultiPolygon","coordinates":[[[[31.306,40.032],[31.385,40.032],[31.464,40.032],[31.543,40.032],[31.622,40.032],[31.701,40.032],[31.708,40.096],[32.11,40.161],[32.304,40.485],[32.764,40.355],[33.413,40.485],[33.555,40.355],[34.568,40.226],[34.536,39.967],[34.828,39.773],[34.726,39.579],[34.767,39.256],[34.479,38.803],[33.274,38.545],[31.424,38.868],[31.443,39.062],[31.233,39.32],[31.378,39.967],[31.299,39.967],[31.306,40.032]]]]}},{"type":"Feature","id":"cliopatria-fff83295b542906bb228f027","properties":{"NAME":"Kingdom of Pergamon","ABBREVN":null,"CONTROL":null,"SUBJECTO":"Kingdom of Pergamon","PARTOF":null,"BORDERPRECISION":1,"FromYear":-279,"ToYear":-226,"Area":7540.856901783553,"Type":"POLITY","Wikipedia":"Kingdom of Pergamon","Wikidata":"Q2022162","SeshatID":"tr_pergamon_k","Components":"","MemberOf":"","sourceFeatureId":"cliopatria-fff83295b542906bb228f027","datasetId":"cliopatria"},"geometry":{"type":"MultiPolygon","coordinates":[[[[26.923,38.545],[26.869,38.868],[26.958,38.997],[26.879,38.997],[26.894,39.191],[26.742,39.256],[26.836,39.45],[26.841,39.514],[27.466,39.45],[27.77,39.32],[27.754,39.126],[27.833,39.126],[27.812,38.868],[27.639,38.674],[27.482,38.674],[27.31,38.481],[27.08,38.545],[27.001,38.545],[26.923,38.545]]]]}},{"type":"Feature","id":"cliopatria-9e7d4b002b5a165e71e11540","properties":{"NAME":"Kingdom of Bithynia","ABBREVN":null,"CONTROL":null,"SUBJECTO":"Kingdom of Bithynia","PARTOF":null,"BORDERPRECISION":1,"FromYear":-279,"ToYear":-204,"Area":27392.478094051312,"Type":"POLITY","Wikipedia":"Kingdom of Bithynia","Wikidata":"Q3762571","SeshatID":"","Components":"","MemberOf":"","sourceFeatureId":"cliopatria-9e7d4b002b5a165e71e11540","datasetId":"cliopatria"},"geometry":{"type":"MultiPolygon","coordinates":[[[[31.708,40.096],[31.701,40.032],[31.622,40.032],[31.543,40.032],[31.464,40.032],[31.385,40.032],[31.306,40.032],[31.299,39.967],[30.589,39.967],[30.602,40.096],[30.457,40.226],[30.068,40.291],[29.923,40.42],[29.936,40.55],[29.54,40.55],[29.559,40.744],[29.48,40.744],[29.487,40.809],[29.249,40.809],[29.367,41.198],[30.479,41.198],[30.624,41.068],[31.18,41.068],[31.353,41.198],[31.592,41.198],[31.701,41.457],[32.027,41.522],[32.121,41.652],[32.114,41.587],[32.258,41.457],[32.307,41.198],[32.14,41.133],[32.103,40.809],[32.304,40.485],[32.11,40.161],[31.708,40.096]]]]}},{"type":"Feature","id":"cliopatria-01291fda52b1dfaf570d53e2","properties":{"NAME":"Paphlagonia","ABBREVN":null,"CONTROL":null,"SUBJECTO":"Paphlagonia","PARTOF":null,"BORDERPRECISION":1,"FromYear":-279,"ToYear":-145,"Area":22923.15356555682,"Type":"POLITY","Wikipedia":"Paphlagonia","Wikidata":"Q622032","SeshatID":"","Components":"","MemberOf":"","sourceFeatureId":"cliopatria-01291fda52b1dfaf570d53e2","datasetId":"cliopatria"},"geometry":{"type":"MultiPolygon","coordinates":[[[[34.6,40.485],[34.568,40.226],[33.555,40.355],[33.413,40.485],[32.764,40.355],[32.304,40.485],[32.103,40.809],[32.14,41.133],[32.307,41.198],[32.656,41.457],[33.133,41.457],[33.308,41.587],[34.335,41.522],[34.406,41.457],[34.26,40.938],[34.403,40.809],[34.379,40.614],[34.6,40.485]]]]}},{"type":"Feature","id":"cliopatria-703684b98d3b6eabc2de622e","properties":{"NAME":"Carthage","ABBREVN":null,"CONTROL":null,"SUBJECTO":"Carthage","PARTOF":null,"BORDERPRECISION":1,"FromYear":-277,"ToYear":-276,"Area":197670.46339263098,"Type":"POLITY","Wikipedia":"Ancient Carthage","Wikidata":"Q2429397","SeshatID":"tn_carthage_emp","Components":"","MemberOf":"","sourceFeatureId":"cliopatria-703684b98d3b6eabc2de622e","datasetId":"cliopatria"},"geometry":{"type":"MultiPolygon","coordinates":[[[[11.083,35.58],[11.083,35.387],[11.006,35.387],[11.083,35.001],[10.851,34.937],[10.851,34.808],[10.543,34.551],[10.004,34.293],[10.082,34.229],[10.006,33.907],[10.237,33.715],[10.544,33.715],[10.698,33.522],[11.082,33.586],[11.158,33.2],[11.464,33.2],[12.229,32.814],[12.612,32.879],[12.535,32.75],[12.841,32.75],[12.842,32.879],[13.302,32.943],[13.454,32.814],[13.761,32.879],[13.759,32.75],[14.065,32.75],[14.444,32.493],[14.675,32.557],[14.749,32.429],[15.055,32.429],[15.282,32.3],[15.425,31.658],[15.576,31.593],[15.649,31.4],[16.179,31.208],[16.864,31.208],[17.847,30.951],[18.222,30.758],[18.592,30.372],[18.896,30.372],[18.814,30.115],[18.586,30.115],[18.216,30.501],[17.161,30.886],[15.569,31.143],[15.193,31.465],[15.05,32.107],[14.899,32.236],[14.517,32.172],[14.443,32.365],[13.758,32.622],[11.998,32.622],[12.076,32.75],[11.617,32.943],[11.081,32.879],[10.698,33.136],[10.468,33.136],[10.468,33.264],[9.854,33.393],[9.624,33.329],[9.547,33.522],[9.316,33.586],[9.083,34.036],[8.929,34.036],[9.003,34.358],[8.926,34.358],[8.846,34.744],[8.459,34.872],[8.229,34.808],[8.073,34.937],[7.906,35.966],[7.828,35.966],[7.902,36.224],[7.586,36.61],[6.965,36.61],[6.889,36.482],[6.422,36.546],[6.347,36.417],[5.879,36.482],[5.649,36.353],[2.775,36.417],[2.316,36.224],[2.003,36.288],[2.008,36.16],[1.155,36.16],[1.005,36.031],[0.772,36.031],[0.479,35.645],[-0.292,35.58],[-1.04,35.065],[-1.198,35.13],[-1.346,35.001],[-1.806,34.937],[-1.876,34.808],[-2.809,34.937],[-4.734,34.872],[-4.743,35.001],[-5.214,35.13],[-5.39,35.451],[-5.627,35.516],[-5.9,35.001],[-5.815,34.872],[-5.969,34.872],[-6.242,34.358],[-6.157,34.229],[-6.31,34.229],[-6.601,33.972],[-6.592,33.843],[-6.814,33.715],[-6.728,33.586],[-7.184,33.522],[-7.474,33.264],[-7.875,33.522],[-7.13,33.843],[-7.062,33.972],[-6.904,33.907],[-6.614,34.165],[-6.7,34.293],[-6.473,34.358],[-6.482,34.486],[-6.264,34.679],[-6.205,34.937],[-6.291,35.065],[-6.132,35.001],[-5.95,35.709],[-5.571,35.838],[-5.339,35.838],[-5.24,35.516],[-4.755,35.194],[-3.132,35.194],[-2.982,35.258],[-2.993,35.451],[-2.838,35.451],[-2.82,35.13],[-2.662,35.065],[-1.89,35.065],[-1.591,35.258],[-1.359,35.258],[-1.136,35.451],[-1.224,35.645],[-1.066,35.58],[-0.917,35.709],[-0.53,35.709],[-0.459,35.838],[0.084,35.838],[0.376,36.224],[0.684,36.288],[0.678,36.417],[0.914,36.353],[1.216,36.546],[1.53,36.482],[2.377,36.675],[2.69,36.61],[2.841,36.739],[3.23,36.739],[3.459,36.868],[3.85,36.804],[4.235,36.933],[4.859,36.868],[5.098,36.675],[5.564,36.675],[5.639,36.804],[6.106,36.804],[6.103,36.933],[6.334,37.062],[6.805,36.868],[7.194,36.868],[7.346,37.062],[7.502,37.062],[7.738,36.868],[8.516,36.868],[8.903,37.126],[9.059,37.062],[9.37,37.255],[9.759,37.319],[9.993,37.19],[10.227,37.255],[10.228,37.062],[10.305,37.062],[10.228,36.804],[10.462,36.739],[11.006,36.997],[11.006,36.804],[10.462,36.417],[10.54,36.353],[10.464,35.902],[10.851,35.709],[10.851,35.645],[11.083,35.58]]],[[[14.568,35.773],[14.337,35.838],[14.34,36.031],[14.417,36.031],[14.571,35.966],[14.568,35.773]]],[[[-3.851,36.804],[-4.469,36.739],[-4.689,36.546],[-5.228,36.482],[-5.288,36.224],[-5.516,36.16],[-5.585,36.031],[-5.831,36.224],[-6.064,36.224],[-6.248,36.61],[-5.918,36.353],[-5.452,36.353],[-5.306,36.482],[-5.31,36.546],[-4.555,36.868],[-3.851,36.804]]],[[[12.806,38.093],[12.726,37.9],[12.571,37.964],[12.571,38.029],[12.806,38.093]]],[[[1.658,38.997],[1.431,38.803],[1.274,38.803],[1.183,39.062],[1.259,39.126],[1.337,39.126],[1.652,39.126],[1.658,38.997]]],[[[9.822,40.744],[9.823,40.355],[9.665,40.291],[9.747,39.644],[9.669,39.644],[9.593,39.126],[9.12,39.191],[8.966,38.868],[8.73,38.868],[8.336,38.997],[8.412,39.256],[8.333,39.256],[8.33,39.514],[8.409,39.514],[8.483,39.902],[8.325,39.967],[8.4,40.291],[8.321,40.291],[8.319,40.485],[8.16,40.55],[8.155,40.938],[8.552,40.874],[9.025,41.263],[9.104,41.263],[9.502,41.198],[9.822,40.744]]]]}},{"type":"Feature","id":"cliopatria-45f7e32ccce1ad8c138a74eb","properties":{"NAME":"Greek City-States","ABBREVN":null,"CONTROL":null,"SUBJECTO":"Greek City-States","PARTOF":null,"BORDERPRECISION":1,"FromYear":-277,"ToYear":-276,"Area":68521.32522900279,"Type":"POLITY","Wikipedia":"Polis","Wikidata":"Q148837","SeshatID":"","Components":"","MemberOf":"","sourceFeatureId":"cliopatria-45f7e32ccce1ad8c138a74eb","datasetId":"cliopatria"},"geometry":{"type":"MultiPolygon","coordinates":[[[[24.157,35.516],[24.15,35.387],[24.301,35.323],[25.692,35.323],[25.681,35.13],[26.225,35.194],[26.14,35.065],[24.824,35.001],[24.757,35.194],[24.526,35.194],[24.448,35.194],[23.679,35.258],[23.615,35.516],[24.157,35.516]]],[[[27.743,35.902],[27.693,36.288],[28.017,36.482],[28.095,36.482],[28.25,36.482],[28.139,36.031],[27.743,35.902]]],[[[22.874,36.16],[22.887,36.417],[22.965,36.417],[23.117,36.353],[23.107,36.16],[22.874,36.16]]],[[[22.599,36.868],[22.512,36.675],[22.36,36.739],[22.363,36.804],[22.386,37.255],[22.619,37.255],[22.84,36.997],[22.917,36.997],[23.056,36.675],[22.833,36.868],[22.599,36.868]]],[[[-0.345,39.708],[-0.314,39.126],[0.096,38.803],[-0.126,38.545],[-0.539,38.933],[-0.567,39.45],[-0.571,39.514],[-0.514,39.902],[-0.202,39.967],[-0.345,39.708]]],[[[27.378,42.041],[27.384,42.106],[27.464,42.106],[27.317,42.236],[27.329,42.366],[27.175,42.431],[27.193,42.626],[27.657,43.277],[27.998,43.472],[28.119,43.863],[28.3,44.059],[28.341,44.451],[28.422,44.451],[28.368,44.712],[28.64,44.973],[28.802,44.973],[28.841,44.581],[28.577,44.385],[28.536,43.994],[28.616,43.994],[28.481,43.472],[28.159,43.472],[28.226,43.342],[27.898,43.277],[27.805,43.147],[27.853,42.821],[27.847,42.756],[27.514,42.626],[27.495,42.431],[27.796,42.236],[27.924,41.911],[27.612,41.976],[27.538,42.041],[27.532,41.976],[27.452,41.976],[27.458,42.041],[27.378,42.041]],[[27.538,42.041],[27.464,42.106],[27.458,42.041],[27.538,42.041]]],[[[5.391,43.277],[5.387,43.407],[5.063,43.472],[4.178,43.472],[4.173,43.603],[3.851,43.603],[2.985,43.147],[3.01,42.561],[3.178,42.366],[3.04,41.847],[2.698,42.366],[2.775,42.431],[2.669,43.017],[2.75,43.017],[2.741,43.212],[3.446,43.668],[4.728,43.863],[5.87,43.407],[6.594,43.407],[6.597,43.277],[6.278,43.147],[6.198,43.147],[5.796,43.147],[5.632,43.277],[5.391,43.277]]],[[[28.031,36.675],[28.138,37.062],[27.598,37.126],[27.612,37.319],[27.456,37.319],[27.378,37.319],[27.398,37.577],[27.632,37.577],[27.851,37.384],[28.241,37.384],[28.377,37.126],[28.99,36.997],[29.047,36.739],[28.969,36.739],[28.892,36.739],[28.814,36.739],[28.736,36.739],[28.741,36.804],[28.663,36.804],[28.586,36.804],[28.357,36.868],[28.187,36.675],[28.031,36.675]]],[[[40.381,41.003],[40.46,41.003],[40.598,40.874],[40.578,40.744],[40.409,40.679],[39.616,40.679],[39.398,40.809],[39.002,40.809],[38.824,40.679],[37.873,40.679],[37.355,40.938],[36.509,41.133],[36.527,41.263],[36.607,41.263],[36.775,41.327],[37.065,41.133],[37.233,41.198],[37.215,41.068],[37.771,41.068],[37.831,40.938],[38.158,41.003],[38.298,40.874],[38.952,41.003],[38.962,41.068],[39.21,41.133],[39.736,40.938],[40.381,41.003]]],[[[28.206,41.522],[28.285,41.522],[28.279,41.457],[28.976,41.263],[28.963,41.133],[29.367,41.198],[29.255,40.874],[29.103,40.938],[29.116,41.068],[28.639,41.068],[28.56,41.068],[28.163,41.068],[28.083,41.068],[28.206,41.522]]],[[[31.592,41.198],[31.512,41.198],[31.361,41.263],[31.693,41.392],[31.592,41.198]]],[[[35.086,41.782],[35.006,41.782],[35.015,41.847],[34.793,41.976],[35.121,42.041],[35.086,41.782]]],[[[35.125,44.908],[34.376,44.777],[33.926,44.451],[33.449,44.516],[33.61,45.104],[33.459,45.187],[33.78,45.155],[33.917,44.973],[34.986,45.3],[35.02,45.3],[35.183,45.3],[35.154,45.104],[35.235,45.104],[35.125,44.908]]],[[[31.567,46.94],[31.533,46.677],[30.877,46.677],[30.298,45.955],[30.045,45.89],[29.859,45.693],[29.614,45.693],[29.644,45.955],[30.189,46.415],[30.271,46.415],[30.458,46.612],[31.065,46.874],[31.082,47.006],[31.567,46.94]]],[[[38.667,47.598],[39.079,47.598],[39.138,47.466],[39.126,47.401],[39.197,47.335],[38.35,47.203],[38.385,47.401],[38.667,47.598]]]]}},{"type":"Feature","id":"cliopatria-26f1e94feaca27899b690f58","properties":{"NAME":"Roman Republic","ABBREVN":null,"CONTROL":null,"SUBJECTO":"Roman Republic","PARTOF":null,"BORDERPRECISION":1,"FromYear":-277,"ToYear":-276,"Area":54111.96260779298,"Type":"POLITY","Wikipedia":"Roman Republic","Wikidata":"Q175881","SeshatID":"it_roman_rep_1","Components":"","MemberOf":"","sourceFeatureId":"cliopatria-26f1e94feaca27899b690f58","datasetId":"cliopatria"},"geometry":{"type":"MultiPolygon","coordinates":[[[[13.501,42.756],[13.984,42.886],[13.901,42.756],[14.056,42.496],[14.608,42.106],[14.769,42.171],[14.766,42.041],[14.924,41.976],[15.165,42.041],[15.241,41.911],[16.119,41.911],[16.115,41.782],[15.874,41.717],[15.866,41.457],[16.022,41.327],[15.382,41.198],[15.379,41.068],[15.536,41.003],[15.531,40.809],[15.055,40.809],[15.052,40.679],[14.418,40.679],[14.422,40.874],[14.105,40.874],[13.951,41.133],[13.792,41.133],[13.715,41.263],[13,41.327],[12.131,41.911],[12.132,42.041],[11.813,42.106],[11.813,42.171],[11.974,42.301],[11.895,42.431],[12.135,42.431],[12.057,42.691],[12.22,42.951],[12.3,42.951],[12.306,43.538],[11.825,43.798],[11.745,43.798],[11.908,44.059],[12.312,44.059],[12.871,43.603],[12.868,43.407],[13.028,43.342],[13.025,43.147],[13.106,43.147],[13.102,42.886],[13.5,42.691],[13.501,42.756]]]]}},{"type":"Feature","id":"cliopatria-a3d2adfc2f247bf81deae91e","properties":{"NAME":"Aetolian League","ABBREVN":null,"CONTROL":null,"SUBJECTO":"Aetolian League","PARTOF":null,"BORDERPRECISION":1,"FromYear":-277,"ToYear":-273,"Area":7360.650027720083,"Type":"POLITY","Wikipedia":"Aetolian League","Wikidata":"Q245273","SeshatID":"","Components":"","MemberOf":"","sourceFeatureId":"cliopatria-a3d2adfc2f247bf81deae91e","datasetId":"cliopatria"},"geometry":{"type":"MultiPolygon","coordinates":[[[[22.369,38.416],[21.428,38.416],[21.35,38.416],[21.288,38.739],[21.612,38.933],[21.7,39.126],[22.49,39.191],[22.558,38.997],[22.397,38.933],[22.39,38.803],[22.547,38.803],[22.447,38.416],[22.369,38.416]]]]}},{"type":"Feature","id":"cliopatria-4ee44ce0ef30a96b8a91720c","properties":{"NAME":"Antigonid Macedonia","ABBREVN":null,"CONTROL":null,"SUBJECTO":"Antigonid Macedonia","PARTOF":null,"BORDERPRECISION":1,"FromYear":-277,"ToYear":-273,"Area":137606.51467085513,"Type":"POLITY","Wikipedia":"Antigonid dynasty","Wikidata":"Q237325","SeshatID":"gr_antigonid_emp","Components":"","MemberOf":"","sourceFeatureId":"cliopatria-4ee44ce0ef30a96b8a91720c","datasetId":"cliopatria"},"geometry":{"type":"MultiPolygon","coordinates":[[[[22.992,36.933],[22.914,36.933],[22.917,36.997],[22.995,36.997],[22.992,36.933]]],[[[20.922,37.642],[20.613,37.706],[20.621,37.9],[20.699,37.9],[20.934,37.9],[20.922,37.642]]],[[[20.786,38.093],[20.32,38.158],[20.328,38.351],[20.488,38.416],[20.566,38.416],[20.795,38.287],[20.786,38.093]]],[[[23.485,38.739],[23.489,38.803],[23.567,38.803],[23.563,38.739],[23.485,38.739]]],[[[24.853,41.392],[24.763,41.263],[26.03,41.198],[26.178,41.068],[26.904,41.198],[27.091,41.522],[27.483,41.457],[27.472,41.327],[27.631,41.327],[27.728,41.522],[28.139,41.652],[28.292,41.587],[28.285,41.522],[28.206,41.522],[28.083,41.068],[28.077,41.003],[27.527,41.068],[27.181,40.744],[26.621,40.679],[26.072,40.744],[26.082,40.874],[25.849,40.938],[24.347,41.003],[24.011,40.744],[23.698,40.809],[23.685,40.614],[23.839,40.55],[23.737,40.226],[23.267,40.291],[22.884,40.485],[22.892,40.614],[22.655,40.614],[22.56,40.355],[22.544,40.096],[22.702,40.096],[22.611,39.902],[23.135,39.45],[22.816,39.385],[22.797,39.062],[22.958,39.126],[23.493,38.868],[23.332,38.803],[23.025,38.933],[22.936,38.739],[23.167,38.674],[23.313,38.481],[23.626,38.481],[23.563,38.739],[24.03,38.674],[24.179,38.545],[24.159,38.222],[24.002,38.222],[23.979,37.835],[23.443,38.029],[23.208,38.029],[23.201,37.9],[23.044,37.9],[23.108,37.642],[23.342,37.642],[23.402,37.319],[23.169,37.319],[23.176,37.448],[22.949,37.577],[22.714,37.577],[22.701,37.319],[22.853,37.255],[22.917,36.997],[22.84,36.997],[22.619,37.255],[22.386,37.255],[22.363,36.804],[22.285,36.804],[22.22,37.062],[21.909,37.062],[21.899,36.868],[21.744,36.868],[21.681,37.19],[21.603,37.19],[21.697,37.513],[21.244,37.835],[21.334,38.093],[21.412,38.093],[21.957,38.029],[21.963,38.158],[22.12,38.158],[22.266,37.964],[22.582,38.029],[22.661,38.029],[22.97,37.964],[23.059,38.158],[22.988,38.287],[22.525,38.416],[22.447,38.416],[22.547,38.803],[22.39,38.803],[22.397,38.933],[22.558,38.997],[22.49,39.191],[21.7,39.126],[21.612,38.933],[21.288,38.739],[21.35,38.416],[21.272,38.416],[20.898,38.803],[20.741,38.803],[20.748,38.933],[21.14,38.933],[21.15,39.126],[21.386,39.126],[21.471,39.256],[21.091,39.514],[20.806,40.096],[20.569,40.096],[20.427,40.42],[20.19,40.42],[19.733,40.809],[19.334,40.744],[19.498,40.874],[19.438,41.263],[19.523,41.392],[19.444,41.392],[19.53,41.522],[19.45,41.522],[19.542,41.782],[19.389,41.911],[19.708,41.911],[19.955,42.041],[20.107,41.911],[20.194,42.041],[20.753,42.041],[21.004,42.236],[21.319,42.171],[21.407,42.301],[22.455,42.431],[22.442,42.236],[22.593,42.106],[22.753,42.106],[23.054,41.847],[23.528,41.782],[23.669,41.522],[24.231,41.587],[24.236,41.652],[24.554,41.652],[24.853,41.392]]],[[[24.794,40.614],[24.551,40.55],[24.491,40.809],[24.57,40.809],[24.808,40.809],[24.794,40.614]]],[[[25.166,41.327],[25.245,41.327],[25.24,41.263],[25.161,41.263],[25.166,41.327]]]]}},{"type":"Feature","id":"cliopatria-6d3df41e66a99d9014129dc1","properties":{"NAME":"Ptolemaic Kingdom","ABBREVN":null,"CONTROL":null,"SUBJECTO":"Ptolemaic Kingdom","PARTOF":null,"BORDERPRECISION":1,"FromYear":-277,"ToYear":-273,"Area":846949.6836682798,"Type":"POLITY","Wikipedia":"Ptolemaic Kingdom","Wikidata":"Q2320005","SeshatID":"eg_ptolemaic_k_1","Components":"","MemberOf":"","sourceFeatureId":"cliopatria-6d3df41e66a99d9014129dc1","datasetId":"cliopatria"},"geometry":{"type":"MultiPolygon","coordinates":[[[[25.331,36.997],[25.339,37.126],[25.417,37.126],[25.573,37.126],[25.564,36.997],[25.331,36.997]]],[[[24.201,37.642],[24.283,37.706],[24.361,37.706],[24.432,37.577],[24.272,37.513],[24.201,37.642]]],[[[25.052,37.513],[24.986,37.706],[25.064,37.706],[25.22,37.706],[25.286,37.513],[25.052,37.513]]],[[[25.988,37.513],[26.08,37.706],[26.158,37.706],[26.314,37.706],[26.305,37.577],[25.988,37.513]]],[[[24.682,37.835],[24.694,38.029],[24.772,38.029],[25.068,37.771],[24.83,37.706],[24.682,37.835]]],[[[24.357,38.868],[24.365,38.997],[24.444,38.997],[24.675,38.933],[24.662,38.739],[24.357,38.868]]],[[[24.974,39.838],[25.067,40.032],[25.146,40.032],[25.462,40.032],[25.447,39.838],[24.974,39.838]]],[[[25.719,40.291],[25.798,40.291],[26.035,40.291],[26.025,40.161],[25.704,40.096],[25.719,40.291]]],[[[26.309,40.744],[26.542,40.679],[26.066,40.679],[26.23,40.744],[26.309,40.744]]],[[[37.573,33.65],[37.073,33.264],[37.054,33.072],[36.901,33.072],[36.717,32.75],[36.751,32.3],[36.516,32.236],[36.656,32.107],[36.492,31.979],[36.463,31.658],[36.387,31.658],[36.423,31.208],[35.662,31.208],[35.499,31.079],[35.352,31.143],[34.621,30.565],[34.611,30.436],[34.389,30.501],[34.303,30.372],[33.838,30.244],[32.919,30.115],[32.91,29.987],[32.758,29.987],[32.673,29.858],[32.526,29.922],[32.442,29.794],[32.689,28.958],[32.836,28.894],[33.105,28.38],[33.609,27.994],[33.585,27.608],[33.799,27.415],[33.927,27.029],[34.073,26.965],[34.051,26.579],[34.197,26.515],[34.461,25.872],[34.608,25.808],[35.146,24.651],[35.86,24.008],[35.854,23.879],[35.559,23.943],[35.553,23.815],[35.108,23.879],[33.756,23.686],[33.682,23.686],[33.389,23.815],[32.041,23.686],[31.67,23.751],[30.537,23.365],[30.463,23.365],[30.395,23.558],[30.104,23.751],[30.109,23.879],[29.959,23.879],[29.673,24.201],[28.569,24.651],[28.289,25.165],[28.244,25.936],[28.345,26.579],[28.27,26.579],[28.154,27.351],[27.937,27.544],[27.711,27.544],[27.792,27.672],[27.43,27.994],[27.276,27.93],[27.285,28.122],[26.847,28.444],[25.883,28.83],[25.225,29.344],[24.922,29.344],[24.855,29.537],[24.406,29.665],[24.263,29.858],[23.667,30.115],[23.227,30.501],[22.848,30.501],[22.853,30.629],[21.951,30.886],[20.582,30.886],[19.957,30.308],[19.651,30.244],[19.572,30.115],[18.735,29.987],[18.738,30.115],[18.894,30.308],[19.272,30.244],[19.655,30.372],[19.964,30.565],[19.968,30.694],[20.202,30.886],[20.134,31.143],[20.214,31.272],[19.996,31.593],[20.089,32.107],[20.017,32.236],[20.246,32.236],[20.331,32.493],[20.482,32.429],[20.563,32.557],[20.716,32.557],[20.644,32.686],[20.871,32.622],[21.108,32.814],[21.412,32.75],[21.879,32.943],[23.089,32.622],[23.081,32.429],[23.231,32.365],[23.149,32.236],[23.299,32.172],[23.68,32.172],[24.129,31.979],[24.892,31.979],[25.112,31.786],[25.102,31.593],[25.248,31.465],[26.848,31.465],[27.297,31.336],[27.515,31.143],[28.496,31.015],[28.865,30.822],[29.397,30.822],[29.485,31.015],[29.633,30.951],[29.87,31.079],[29.802,31.208],[29.882,31.272],[30.339,31.272],[30.271,31.4],[30.352,31.465],[30.809,31.465],[30.966,31.529],[30.975,31.658],[31.203,31.658],[31.118,31.529],[31.266,31.465],[31.875,31.465],[31.781,31.208],[31.937,31.272],[32,31.079],[32.304,31.079],[32.237,31.208],[32.532,31.079],[32.765,31.143],[32.832,31.015],[33.983,31.143],[34.297,31.272],[34.308,31.4],[34.633,31.658],[34.573,31.85],[34.813,31.979],[34.77,32.365],[35.022,32.622],[35.056,33.007],[35.215,33.072],[35.398,33.393],[35.346,33.65],[35.499,33.65],[35.447,33.907],[35.684,33.972],[35.644,34.358],[35.792,34.293],[36.049,34.551],[36.068,34.744],[35.927,34.872],[35.96,35.194],[35.882,35.194],[35.889,35.258],[36.269,35.194],[36.165,34.937],[36.313,34.872],[36.293,34.679],[36.441,34.615],[36.562,34.293],[36.87,34.293],[37.004,34.1],[37.389,34.1],[37.382,34.036],[37.599,33.907],[37.649,33.65],[37.573,33.65]]],[[[33.957,35.258],[34.087,35.001],[33.695,34.937],[33.523,34.744],[33.132,34.679],[33.044,34.551],[32.367,34.744],[32.229,34.937],[32.246,35.13],[32.555,35.13],[32.875,35.258],[32.887,35.387],[33.737,35.387],[34.31,35.709],[34.387,35.709],[34.542,35.709],[34.529,35.58],[33.957,35.258]]],[[[27.565,36.675],[27.657,36.868],[27.735,36.868],[27.89,36.868],[27.958,36.739],[27.565,36.675]]],[[[27.039,36.933],[27.117,36.933],[27.185,36.804],[26.865,36.675],[27.039,36.933]]],[[[27.195,36.933],[27.209,37.126],[27.286,37.126],[27.442,37.126],[27.35,36.933],[27.195,36.933]]],[[[38.02,36.997],[37.997,36.804],[37.275,36.61],[36.265,36.61],[36.272,36.675],[36.145,36.933],[35.834,36.933],[35.488,36.61],[35.113,36.739],[34.95,36.675],[34.893,36.868],[34.582,36.868],[34.251,36.675],[33.979,36.288],[32.558,36.031],[32.499,36.224],[31.918,36.675],[31.841,36.675],[31.738,37.255],[31.594,37.384],[31.6,37.448],[31.618,37.642],[32.034,37.9],[33.675,37.9],[34.358,37.706],[35.671,37.577],[35.998,37.706],[36.348,38.029],[37.115,37.9],[37.764,38.093],[39.172,38.093],[39.599,37.771],[39.549,37.384],[39.307,37.319],[39.299,37.255],[38.27,37.126],[38.176,36.997],[38.02,36.997]]],[[[26.622,37.642],[26.557,37.835],[26.636,37.835],[27.026,37.835],[27.012,37.642],[26.622,37.642]]],[[[26.257,40.096],[26.262,40.161],[26.267,40.226],[26.272,40.291],[26.351,40.291],[26.357,40.355],[26.605,40.485],[26.678,40.42],[26.673,40.355],[26.257,40.096]]],[[[26.768,40.55],[26.774,40.614],[26.785,40.744],[27.102,40.744],[26.921,40.485],[26.768,40.55]]]]}},{"type":"Feature","id":"cliopatria-7d7fb7ed07754cf5c37594ef","properties":{"NAME":"Seleucid Empire","ABBREVN":null,"CONTROL":null,"SUBJECTO":"Seleucid Empire","PARTOF":null,"BORDERPRECISION":1,"FromYear":-277,"ToYear":-265,"Area":2691942.8793845368,"Type":"POLITY","Wikipedia":"Seleucid dynasty","Wikidata":"Q705904","SeshatID":"ir_seleucid_emp","Components":"","MemberOf":"","sourceFeatureId":"cliopatria-7d7fb7ed07754cf5c37594ef","datasetId":"cliopatria"},"geometry":{"type":"MultiPolygon","coordinates":[[[[69.28,39.45],[69.359,39.45],[69.364,39.191],[69.521,39.191],[69.405,39.062],[69.568,38.803],[70.316,38.674],[70.358,38.545],[70.63,38.674],[70.593,38.545],[71.202,38.481],[71.364,38.222],[71.779,38.029],[71.941,37.771],[72.434,37.577],[72.416,37.513],[71.825,37.062],[71.661,36.739],[71.138,36.224],[71.061,36.224],[70.14,35.645],[70.093,35.451],[69.876,35.516],[69.598,35.323],[69.366,35.323],[69.335,35.194],[69.026,35.194],[68.517,35.001],[68.395,34.808],[68.101,34.872],[67.825,34.679],[67.609,34.744],[67.088,34.486],[66.458,34.422],[66.352,34.293],[65.751,34.358],[65.387,34.1],[65.242,33.779],[65.062,33.65],[65.035,33.522],[65.112,33.522],[64.982,33.264],[64.829,33.264],[64.687,32.943],[64.355,32.814],[64.406,32.686],[63.873,32.3],[63.643,32.3],[63.442,32.043],[63.301,32.107],[62.89,31.529],[62.726,31.465],[62.124,30.629],[61.68,30.244],[61.37,29.729],[61.027,29.472],[60.244,28.251],[59.395,27.544],[58.994,27.351],[58.978,27.222],[58.836,27.287],[58.745,27.158],[58.594,27.158],[58.428,27.029],[58.405,26.837],[58.262,26.901],[57.773,26.579],[57.483,26.001],[57.529,25.744],[57.38,25.744],[57.176,25.936],[57.052,26.837],[56.715,27.158],[56.188,27.158],[56.098,27.029],[56.324,27.029],[56.309,26.901],[56.061,26.708],[55.289,26.515],[55.31,26.708],[55.543,26.772],[55.242,26.772],[54.989,26.515],[54.681,26.451],[54.259,26.708],[53.658,26.708],[53.461,26.965],[52.737,27.222],[52.479,27.608],[52.049,27.801],[51.453,27.865],[51.066,28.444],[51.028,28.765],[50.809,28.83],[50.915,29.087],[50.62,29.151],[50.651,29.408],[50.236,29.729],[50.065,30.179],[49.586,29.987],[48.943,30.308],[48.987,30.051],[48.365,29.922],[48.404,29.601],[48.093,29.537],[47.646,29.601],[47.29,29.794],[46.979,29.729],[46.994,29.858],[46.85,29.922],[46.615,29.858],[46.591,30.308],[45.77,30.436],[44.955,31.272],[44.581,31.336],[44.459,31.593],[43.153,32.814],[42.709,32.943],[42.578,33.136],[42.065,33.329],[42.003,33.457],[41.489,33.65],[41.427,33.779],[41.273,33.779],[41.212,33.907],[40.912,33.972],[40.704,34.165],[40.311,34.1],[40.403,34.229],[40.257,34.293],[39.124,34.486],[37.99,33.972],[37.739,33.779],[37.726,33.65],[37.649,33.65],[37.599,33.907],[37.382,34.036],[37.389,34.1],[37.004,34.1],[36.87,34.293],[36.562,34.293],[36.441,34.615],[36.293,34.679],[36.313,34.872],[36.165,34.937],[36.269,35.194],[35.889,35.258],[35.896,35.323],[35.993,35.516],[35.845,35.58],[35.872,35.838],[35.99,36.224],[35.849,36.353],[36.187,36.61],[36.265,36.61],[37.275,36.61],[37.997,36.804],[38.02,36.997],[38.176,36.997],[38.27,37.126],[39.299,37.255],[39.307,37.319],[39.549,37.384],[39.599,37.771],[39.172,38.093],[37.764,38.093],[37.115,37.9],[36.348,38.029],[35.998,37.706],[35.671,37.577],[34.358,37.706],[33.675,37.9],[32.034,37.9],[31.618,37.642],[31.6,37.448],[31.522,37.448],[31.516,37.384],[31.594,37.384],[31.738,37.255],[31.841,36.675],[31.763,36.675],[31.392,36.868],[30.619,36.933],[30.492,36.353],[30.026,36.353],[29.938,36.224],[29.24,36.224],[29.125,36.739],[29.047,36.739],[28.99,36.997],[28.377,37.126],[28.241,37.384],[27.851,37.384],[27.632,37.577],[27.398,37.577],[27.378,37.319],[27.301,37.319],[27.163,37.577],[27.275,38.029],[26.889,38.093],[26.82,38.222],[26.429,38.222],[26.384,38.674],[26.536,38.61],[26.595,38.351],[27.065,38.351],[27.075,38.481],[27.08,38.545],[27.31,38.481],[27.482,38.674],[27.639,38.674],[27.812,38.868],[27.833,39.126],[27.754,39.126],[27.77,39.32],[27.466,39.45],[26.841,39.514],[26.847,39.579],[26.132,39.514],[26.252,40.032],[26.257,40.096],[26.673,40.355],[26.752,40.355],[27.47,40.42],[27.538,40.291],[27.696,40.291],[27.792,40.485],[27.95,40.485],[27.939,40.355],[29.046,40.355],[28.9,40.485],[28.913,40.614],[29.401,40.744],[29.48,40.744],[29.559,40.744],[29.54,40.55],[29.936,40.55],[29.923,40.42],[30.068,40.291],[30.457,40.226],[30.602,40.096],[30.589,39.967],[31.299,39.967],[31.378,39.967],[31.233,39.32],[31.443,39.062],[31.424,38.868],[33.274,38.545],[34.479,38.803],[34.767,39.256],[34.726,39.579],[34.828,39.773],[35.294,39.708],[35.435,39.579],[36.933,39.579],[37.861,39.45],[38.752,39.062],[39.45,38.416],[40.451,38.287],[40.598,38.222],[40.572,38.029],[41.667,38.029],[41.961,37.9],[42.508,37.9],[43.945,37.577],[44.413,37.577],[44.774,37.384],[44.745,37.19],[44.871,36.997],[45.251,36.933],[45.118,36.031],[45.195,36.031],[45.217,35.645],[46.031,35.387],[47.954,35.323],[48.774,35.13],[49.413,35.258],[49.608,35.516],[50.48,35.645],[50.855,36.031],[52.008,36.417],[52.108,36.546],[52.186,36.546],[53.088,36.804],[54.033,36.868],[54.095,37.19],[53.976,37.384],[54.703,37.513],[54.846,37.835],[55.289,38.093],[56.228,38.093],[56.674,38.351],[57.55,38.416],[58.627,38.674],[60.256,39.256],[60.618,39.45],[60.65,39.579],[60.949,39.514],[62.502,40.032],[62.879,39.967],[63.467,40.096],[64.889,40.096],[65.23,39.902],[65.564,39.967],[66.22,39.773],[68.53,39.579],[68.624,39.902],[68.997,40.096],[69.036,40.226],[69.273,40.226],[69.272,40.485],[69.193,40.485],[69.272,40.744],[69.61,40.809],[69.807,40.679],[70.564,41.068],[70.682,40.938],[70.641,40.809],[70.779,40.744],[70.738,40.614],[69.846,40.291],[69.886,40.161],[69.334,39.902],[69.277,39.708],[69.416,39.644],[69.397,39.579],[69.28,39.45]]],[[[70.202,35.58],[70.218,35.645],[70.295,35.645],[70.279,35.58],[70.202,35.58]]],[[[26.217,38.545],[26.111,38.158],[25.876,38.158],[25.899,38.481],[25.821,38.481],[25.913,38.674],[25.991,38.674],[26.217,38.545]]],[[[26.644,38.997],[26.246,38.933],[26.094,38.997],[26.103,39.126],[25.793,39.191],[26.044,39.385],[26.123,39.385],[26.511,39.32],[26.644,38.997]]],[[[70.36,40.42],[70.44,40.42],[70.419,40.355],[70.34,40.355],[70.36,40.42]]]]}},{"type":"Feature","id":"cliopatria-db84f6f280927dba46d71639","properties":{"NAME":"(Warring States China)","ABBREVN":null,"CONTROL":null,"SUBJECTO":"(Warring States China)","PARTOF":null,"BORDERPRECISION":1,"FromYear":-277,"ToYear":-257,"Area":1632915.6152320344,"Type":"POLITY","Wikipedia":"Warring States Period","Wikidata":"Q185063","SeshatID":"","Components":"Qin;Yan;Wei;Wey;Later Zhou;Qi;Chu;Lu;Han;Zhao","MemberOf":"","sourceFeatureId":"cliopatria-db84f6f280927dba46d71639","datasetId":"cliopatria"},"geometry":{"type":"MultiPolygon","coordinates":[[[[120.489,34.165],[120.55,33.586],[120.926,33.2],[120.919,32.622],[121.403,32.493],[121.503,32.172],[121.961,31.979],[121.937,31.722],[121.836,31.658],[121.301,31.85],[120.919,31.85],[121.454,31.658],[121.481,31.529],[121.634,31.529],[121.584,31.4],[121.737,31.4],[121.995,31.079],[121.899,30.822],[121.519,30.822],[120.801,30.308],[120.725,30.308],[120.521,30.372],[119.703,29.987],[118.36,29.601],[116.736,29.729],[116.27,29.922],[116.129,30.179],[116.151,30.244],[116.119,30.372],[115.685,30.436],[115.208,30.372],[114.872,30.501],[114.113,30.501],[113.951,30.244],[113.584,30.051],[113.267,29.537],[112.904,29.344],[111.996,29.344],[111.809,29.472],[111.299,29.537],[110.662,29.922],[110.359,29.922],[110.379,29.987],[110.303,29.987],[109.617,29.729],[109.406,29.537],[109.274,29.601],[109.16,29.472],[108.667,29.344],[108.629,29.215],[108.497,29.279],[107.459,28.83],[106.028,28.572],[106.069,28.444],[105.129,28.315],[104.066,28.572],[103.898,28.508],[103.857,28.637],[102.927,28.83],[102.602,29.022],[101.48,29.344],[101.44,29.472],[101.156,29.537],[100.982,29.729],[101.019,29.858],[100.828,29.987],[100.865,30.115],[100.674,30.244],[100.673,30.501],[100.598,30.501],[100.982,31.272],[101.836,32.043],[102.158,32.557],[102.312,33.457],[102.235,33.457],[102.325,33.715],[102.248,33.715],[102.409,34.165],[103.094,34.358],[103.379,34.293],[103.479,34.358],[103.497,34.615],[104.133,34.872],[106.185,35.387],[106.493,35.58],[106.803,35.58],[106.854,35.709],[107.061,35.645],[108.069,36.031],[109.367,36.353],[109.422,36.482],[109.81,36.482],[110.698,36.739],[110.754,36.868],[110.882,36.804],[111.434,36.997],[114.081,39.126],[114.113,39.191],[114.146,39.256],[114.054,39.385],[113.897,39.385],[113.93,39.45],[113.772,39.45],[113.805,39.514],[113.083,39.644],[113.116,39.708],[112.17,39.708],[112.236,39.838],[112.111,39.902],[112.742,40.355],[113.093,40.42],[114.596,40.42],[114.527,40.291],[115.159,40.291],[115.292,40.096],[115.371,40.096],[115.55,39.838],[116.102,39.838],[116.951,40.096],[117.03,40.096],[117.066,40.161],[117.567,40.355],[118.705,40.55],[118.778,40.679],[119.174,40.679],[122.928,41.911],[123.167,41.911],[123.127,41.847],[123.405,41.782],[123.365,41.717],[123.604,41.717],[123.564,41.652],[123.843,41.587],[123.803,41.522],[124.042,41.522],[124.002,41.457],[124.757,41.133],[124.837,41.133],[124.412,40.291],[123.871,39.902],[123.876,39.773],[123.597,39.838],[122.936,39.644],[122.17,39.256],[121.952,38.997],[121.716,38.997],[121.422,38.739],[121.029,38.739],[121.201,39.062],[121.515,39.062],[121.69,39.385],[121.297,39.385],[121.21,39.514],[121.281,39.644],[121.438,39.644],[121.503,39.902],[121.776,39.967],[122.231,40.485],[122.106,40.679],[121.827,40.744],[121.824,40.874],[121.11,40.874],[120.997,40.679],[120.647,40.485],[120.5,40.226],[119.38,39.773],[119.215,39.32],[118.45,39.062],[118.057,39.062],[118.046,39.191],[117.888,39.191],[117.676,38.933],[117.622,38.674],[117.602,38.481],[118.054,38.287],[118.067,38.158],[118.583,38.093],[118.648,38.222],[118.804,38.222],[118.772,38.158],[119.131,38.093],[119.209,38.093],[119.177,38.029],[119.457,37.964],[119.393,37.835],[119.237,37.835],[118.984,37.319],[119.14,37.319],[119.156,37.19],[119.701,37.19],[119.827,37.448],[120.202,37.577],[120.188,37.706],[120.754,37.9],[121.112,37.835],[121.171,37.642],[121.483,37.642],[121.497,37.513],[122.154,37.577],[122.121,37.513],[122.713,37.448],[122.442,37.062],[122.566,36.997],[122.503,36.868],[122.161,36.804],[122.146,36.933],[121.912,36.933],[121.212,36.61],[120.979,36.61],[120.965,36.417],[120.732,36.417],[120.659,36.095],[120.318,36.031],[120.075,35.838],[120.045,35.773],[120.016,35.709],[119.619,35.516],[119.228,34.808],[119.459,34.808],[119.809,34.551],[119.886,34.551],[119.985,34.422],[120.342,34.358],[120.489,34.165]]]]}},{"type":"Feature","id":"cliopatria-11a91aea485822010715ac80","properties":{"NAME":"Chu","ABBREVN":null,"CONTROL":null,"SUBJECTO":"Chu","PARTOF":"(Warring States China)","BORDERPRECISION":1,"FromYear":-277,"ToYear":-248,"Area":505654.6393842575,"Type":"POLITY","Wikipedia":"Chu (state)","Wikidata":"Q504759","SeshatID":"cn_chu_k_warring_states","Components":"","MemberOf":"(Warring States China)","sourceFeatureId":"cliopatria-11a91aea485822010715ac80","datasetId":"cliopatria"},"geometry":{"type":"MultiPolygon","coordinates":[[[[119.886,34.551],[119.985,34.422],[120.342,34.358],[120.489,34.165],[120.55,33.586],[120.926,33.2],[120.919,32.622],[121.403,32.493],[121.503,32.172],[121.961,31.979],[121.937,31.722],[121.836,31.658],[121.301,31.85],[120.919,31.85],[121.454,31.658],[121.481,31.529],[121.634,31.529],[121.584,31.4],[121.737,31.4],[121.995,31.079],[121.899,30.822],[121.519,30.822],[120.801,30.308],[120.725,30.308],[120.521,30.372],[119.703,29.987],[118.36,29.601],[116.736,29.729],[116.27,29.922],[116.129,30.179],[116.151,30.244],[116.119,30.372],[115.685,30.436],[115.208,30.372],[114.872,30.501],[114.113,30.501],[113.951,30.244],[113.584,30.051],[113.267,29.537],[112.904,29.344],[111.996,29.344],[111.809,29.472],[111.299,29.537],[110.662,29.922],[110.359,29.922],[110.379,29.987],[112.518,30.951],[112.356,31.143],[112.4,31.272],[112.271,31.336],[112.285,31.593],[112.071,31.85],[112.117,31.979],[111.988,32.043],[112.034,32.172],[111.905,32.236],[111.841,32.686],[111.712,32.75],[111.784,32.943],[111.651,33.2],[111.7,33.329],[111.158,33.715],[111.129,34.036],[110.769,34.293],[110.82,34.422],[110.665,34.615],[110.717,34.744],[111.025,34.744],[111.59,34.615],[113.44,34.615],[113.674,34.808],[114.472,34.872],[115.806,34.744],[116.329,35.065],[117.115,35.451],[117.51,35.645],[118.264,35.773],[120.045,35.773],[120.016,35.709],[119.619,35.516],[119.228,34.808],[119.459,34.808],[119.809,34.551],[119.886,34.551]]]]}},{"type":"Feature","id":"cliopatria-f41794be43b9af9151c2409e","properties":{"NAME":"Qin","ABBREVN":null,"CONTROL":null,"SUBJECTO":"Qin","PARTOF":"(Warring States China)","BORDERPRECISION":1,"FromYear":-277,"ToYear":-231,"Area":714466.7075631826,"Type":"POLITY","Wikipedia":"Qin (state)","Wikidata":"Q1471995","SeshatID":"","Components":"","MemberOf":"(Warring States China)","sourceFeatureId":"cliopatria-f41794be43b9af9151c2409e","datasetId":"cliopatria"},"geometry":{"type":"MultiPolygon","coordinates":[[[[110.303,29.987],[109.617,29.729],[109.406,29.537],[109.274,29.601],[109.16,29.472],[108.667,29.344],[108.629,29.215],[108.497,29.279],[107.459,28.83],[106.028,28.572],[106.069,28.444],[105.129,28.315],[104.066,28.572],[103.898,28.508],[103.857,28.637],[102.927,28.83],[102.602,29.022],[101.48,29.344],[101.44,29.472],[101.156,29.537],[100.982,29.729],[101.019,29.858],[100.828,29.987],[100.865,30.115],[100.674,30.244],[100.673,30.501],[100.598,30.501],[100.982,31.272],[101.836,32.043],[102.158,32.557],[102.312,33.457],[102.235,33.457],[102.325,33.715],[102.248,33.715],[102.409,34.165],[103.094,34.358],[103.379,34.293],[103.479,34.358],[103.497,34.615],[104.133,34.872],[106.185,35.387],[106.493,35.58],[106.803,35.58],[106.854,35.709],[107.061,35.645],[108.069,36.031],[109.367,36.353],[109.422,36.482],[109.81,36.482],[110.698,36.739],[110.754,36.868],[110.882,36.804],[111.434,36.997],[114.081,39.126],[114.113,39.191],[114.271,39.191],[114.336,39.32],[114.808,39.32],[114.359,38.739],[113.887,38.416],[113.702,38.029],[113.78,38.029],[113.634,37.384],[113.916,37.319],[113.935,37.19],[113.721,37.062],[112.282,36.804],[111.973,36.095],[112.051,36.095],[111.883,35.516],[111.59,34.615],[111.025,34.744],[110.717,34.744],[110.665,34.615],[110.82,34.422],[110.769,34.293],[111.129,34.036],[111.158,33.715],[111.7,33.329],[111.651,33.2],[111.784,32.943],[111.712,32.75],[111.841,32.686],[111.905,32.236],[112.034,32.172],[111.988,32.043],[112.117,31.979],[112.071,31.85],[112.285,31.593],[112.271,31.336],[112.4,31.272],[112.356,31.143],[112.518,30.951],[110.379,29.987],[110.303,29.987]]]]}},{"type":"Feature","id":"cliopatria-0cda9dd98a0637035a7a94f8","properties":{"NAME":"Carthage","ABBREVN":null,"CONTROL":null,"SUBJECTO":"Carthage","PARTOF":null,"BORDERPRECISION":1,"FromYear":-275,"ToYear":-273,"Area":208040.12028488703,"Type":"POLITY","Wikipedia":"Ancient Carthage","Wikidata":"Q2429397","SeshatID":"tn_carthage_emp","Components":"","MemberOf":"","sourceFeatureId":"cliopatria-0cda9dd98a0637035a7a94f8","datasetId":"cliopatria"},"geometry":{"type":"MultiPolygon","coordinates":[[[[11.083,35.58],[11.083,35.387],[11.006,35.387],[11.083,35.001],[10.851,34.937],[10.851,34.808],[10.543,34.551],[10.004,34.293],[10.082,34.229],[10.006,33.907],[10.237,33.715],[10.544,33.715],[10.698,33.522],[11.082,33.586],[11.158,33.2],[11.464,33.2],[12.229,32.814],[12.612,32.879],[12.535,32.75],[12.841,32.75],[12.842,32.879],[13.302,32.943],[13.454,32.814],[13.761,32.879],[13.759,32.75],[14.065,32.75],[14.444,32.493],[14.675,32.557],[14.749,32.429],[15.055,32.429],[15.282,32.3],[15.425,31.658],[15.576,31.593],[15.649,31.4],[16.179,31.208],[16.864,31.208],[17.847,30.951],[18.222,30.758],[18.592,30.372],[18.896,30.372],[18.814,30.115],[18.586,30.115],[18.216,30.501],[17.161,30.886],[15.569,31.143],[15.193,31.465],[15.05,32.107],[14.899,32.236],[14.517,32.172],[14.443,32.365],[13.758,32.622],[11.998,32.622],[12.076,32.75],[11.617,32.943],[11.081,32.879],[10.698,33.136],[10.468,33.136],[10.468,33.264],[9.854,33.393],[9.624,33.329],[9.547,33.522],[9.316,33.586],[9.083,34.036],[8.929,34.036],[9.003,34.358],[8.926,34.358],[8.846,34.744],[8.459,34.872],[8.229,34.808],[8.073,34.937],[7.906,35.966],[7.828,35.966],[7.902,36.224],[7.586,36.61],[6.965,36.61],[6.889,36.482],[6.422,36.546],[6.347,36.417],[5.879,36.482],[5.649,36.353],[2.775,36.417],[2.316,36.224],[2.003,36.288],[2.008,36.16],[1.155,36.16],[1.005,36.031],[0.772,36.031],[0.479,35.645],[-0.292,35.58],[-1.04,35.065],[-1.198,35.13],[-1.346,35.001],[-1.806,34.937],[-1.876,34.808],[-2.809,34.937],[-4.734,34.872],[-4.743,35.001],[-5.214,35.13],[-5.39,35.451],[-5.627,35.516],[-5.9,35.001],[-5.815,34.872],[-5.969,34.872],[-6.242,34.358],[-6.157,34.229],[-6.31,34.229],[-6.601,33.972],[-6.592,33.843],[-6.814,33.715],[-6.728,33.586],[-7.184,33.522],[-7.474,33.264],[-7.875,33.522],[-7.13,33.843],[-7.062,33.972],[-6.904,33.907],[-6.614,34.165],[-6.7,34.293],[-6.473,34.358],[-6.482,34.486],[-6.264,34.679],[-6.205,34.937],[-6.291,35.065],[-6.132,35.001],[-5.95,35.709],[-5.571,35.838],[-5.339,35.838],[-5.24,35.516],[-4.755,35.194],[-3.132,35.194],[-2.982,35.258],[-2.993,35.451],[-2.838,35.451],[-2.82,35.13],[-2.662,35.065],[-1.89,35.065],[-1.591,35.258],[-1.359,35.258],[-1.136,35.451],[-1.224,35.645],[-1.066,35.58],[-0.917,35.709],[-0.53,35.709],[-0.459,35.838],[0.084,35.838],[0.376,36.224],[0.684,36.288],[0.678,36.417],[0.914,36.353],[1.216,36.546],[1.53,36.482],[2.377,36.675],[2.69,36.61],[2.841,36.739],[3.23,36.739],[3.459,36.868],[3.85,36.804],[4.235,36.933],[4.859,36.868],[5.098,36.675],[5.564,36.675],[5.639,36.804],[6.106,36.804],[6.103,36.933],[6.334,37.062],[6.805,36.868],[7.194,36.868],[7.346,37.062],[7.502,37.062],[7.738,36.868],[8.516,36.868],[8.903,37.126],[9.059,37.062],[9.37,37.255],[9.759,37.319],[9.993,37.19],[10.227,37.255],[10.228,37.062],[10.305,37.062],[10.228,36.804],[10.462,36.739],[11.006,36.997],[11.006,36.804],[10.462,36.417],[10.54,36.353],[10.464,35.902],[10.851,35.709],[10.851,35.645],[11.083,35.58]]],[[[14.568,35.773],[14.337,35.838],[14.34,36.031],[14.417,36.031],[14.571,35.966],[14.568,35.773]]],[[[-3.851,36.804],[-4.469,36.739],[-4.689,36.546],[-5.228,36.482],[-5.288,36.224],[-5.516,36.16],[-5.585,36.031],[-5.831,36.224],[-6.064,36.224],[-6.248,36.61],[-5.918,36.353],[-5.452,36.353],[-5.306,36.482],[-5.31,36.546],[-4.555,36.868],[-3.851,36.804]]],[[[14.827,37.319],[14.754,37.642],[14.993,37.9],[13.975,37.771],[13.431,37.964],[12.961,37.9],[12.96,37.771],[14.591,37.19],[14.588,37.062],[14.354,36.997],[14.123,37.19],[13.578,37.255],[13.192,37.577],[12.49,37.706],[12.492,37.9],[12.65,38.093],[13.04,38.029],[13.12,38.158],[13.355,38.158],[13.665,37.964],[14.056,37.964],[15.076,38.158],[15.073,37.964],[15.228,37.9],[15.225,37.771],[15.066,37.642],[15.06,37.319],[14.982,37.319],[14.981,37.255],[14.827,37.319]]],[[[1.658,38.997],[1.431,38.803],[1.274,38.803],[1.183,39.062],[1.259,39.126],[1.337,39.126],[1.652,39.126],[1.658,38.997]]],[[[9.822,40.744],[9.823,40.355],[9.665,40.291],[9.747,39.644],[9.669,39.644],[9.593,39.126],[9.12,39.191],[8.966,38.868],[8.73,38.868],[8.336,38.997],[8.412,39.256],[8.333,39.256],[8.33,39.514],[8.409,39.514],[8.483,39.902],[8.325,39.967],[8.4,40.291],[8.321,40.291],[8.319,40.485],[8.16,40.55],[8.155,40.938],[8.552,40.874],[9.025,41.263],[9.104,41.263],[9.502,41.198],[9.822,40.744]]]]}},{"type":"Feature","id":"cliopatria-2bff5cdb69c95c5ad7517a8b","properties":{"NAME":"Greek City-States","ABBREVN":null,"CONTROL":null,"SUBJECTO":"Greek City-States","PARTOF":null,"BORDERPRECISION":1,"FromYear":-275,"ToYear":-273,"Area":94388.67225612282,"Type":"POLITY","Wikipedia":"Polis","Wikidata":"Q148837","SeshatID":"","Components":"","MemberOf":"","sourceFeatureId":"cliopatria-2bff5cdb69c95c5ad7517a8b","datasetId":"cliopatria"},"geometry":{"type":"MultiPolygon","coordinates":[[[[24.157,35.516],[24.15,35.387],[24.301,35.323],[25.692,35.323],[25.681,35.13],[26.225,35.194],[26.14,35.065],[24.824,35.001],[24.757,35.194],[24.526,35.194],[24.448,35.194],[23.679,35.258],[23.615,35.516],[24.157,35.516]]],[[[27.743,35.902],[27.693,36.288],[28.017,36.482],[28.095,36.482],[28.25,36.482],[28.139,36.031],[27.743,35.902]]],[[[22.874,36.16],[22.887,36.417],[22.965,36.417],[23.117,36.353],[23.107,36.16],[22.874,36.16]]],[[[22.599,36.868],[22.512,36.675],[22.36,36.739],[22.363,36.804],[22.386,37.255],[22.619,37.255],[22.84,36.997],[22.917,36.997],[23.056,36.675],[22.833,36.868],[22.599,36.868]]],[[[14.431,36.933],[14.982,37.319],[15.214,37.19],[15.213,37.126],[15.05,36.739],[14.661,36.739],[14.431,36.933]]],[[[-0.345,39.708],[-0.314,39.126],[0.096,38.803],[-0.126,38.545],[-0.539,38.933],[-0.567,39.45],[-0.571,39.514],[-0.514,39.902],[-0.202,39.967],[-0.345,39.708]]],[[[17.504,40.55],[17.823,40.614],[17.902,40.614],[18.364,40.291],[18.438,40.161],[18.349,39.902],[18.112,39.902],[17.813,40.355],[17.418,40.355],[17.345,40.55],[16.868,40.485],[16.943,40.355],[16.624,40.291],[16.697,40.096],[16.457,39.967],[16.447,39.644],[16.916,39.514],[17.07,39.385],[17.138,39.062],[16.502,38.803],[16.492,38.416],[15.933,37.964],[15.698,37.964],[15.624,38.158],[15.389,38.158],[15.306,37.9],[15.15,37.9],[15.076,38.158],[15.862,38.287],[15.95,38.674],[16.265,38.739],[16.27,38.933],[16.117,39.062],[15.899,39.773],[15.666,39.902],[15.748,40.032],[15.432,40.032],[15.199,40.226],[15.041,40.226],[14.971,40.614],[14.892,40.614],[14.893,40.679],[15.052,40.679],[15.134,40.809],[15.361,40.355],[15.516,40.226],[16.146,40.161],[16.141,39.967],[16.38,40.032],[16.306,40.226],[16.549,40.42],[16.551,40.485],[16.877,40.744],[17.508,40.679],[17.504,40.55]]],[[[27.532,41.976],[27.452,41.976],[27.458,42.041],[27.378,42.041],[27.384,42.106],[27.464,42.106],[27.317,42.236],[27.329,42.366],[27.175,42.431],[27.193,42.626],[27.657,43.277],[27.998,43.472],[28.119,43.863],[28.3,44.059],[28.341,44.451],[28.422,44.451],[28.368,44.712],[28.64,44.973],[28.802,44.973],[28.841,44.581],[28.577,44.385],[28.536,43.994],[28.616,43.994],[28.481,43.472],[28.159,43.472],[28.226,43.342],[27.898,43.277],[27.805,43.147],[27.853,42.821],[27.847,42.756],[27.514,42.626],[27.495,42.431],[27.796,42.236],[27.924,41.911],[27.612,41.976],[27.538,42.041],[27.532,41.976]],[[27.538,42.041],[27.464,42.106],[27.458,42.041],[27.538,42.041]]],[[[5.391,43.277],[5.387,43.407],[5.063,43.472],[4.178,43.472],[4.173,43.603],[3.851,43.603],[2.985,43.147],[3.01,42.561],[3.178,42.366],[3.04,41.847],[2.698,42.366],[2.775,42.431],[2.669,43.017],[2.75,43.017],[2.741,43.212],[3.446,43.668],[4.728,43.863],[5.87,43.407],[6.594,43.407],[6.597,43.277],[6.278,43.147],[6.198,43.147],[5.796,43.147],[5.632,43.277],[5.391,43.277]]],[[[28.031,36.675],[28.138,37.062],[27.598,37.126],[27.612,37.319],[27.456,37.319],[27.378,37.319],[27.398,37.577],[27.632,37.577],[27.851,37.384],[28.241,37.384],[28.377,37.126],[28.99,36.997],[29.047,36.739],[28.969,36.739],[28.892,36.739],[28.814,36.739],[28.736,36.739],[28.741,36.804],[28.663,36.804],[28.586,36.804],[28.357,36.868],[28.187,36.675],[28.031,36.675]]],[[[40.381,41.003],[40.46,41.003],[40.598,40.874],[40.578,40.744],[40.409,40.679],[39.616,40.679],[39.398,40.809],[39.002,40.809],[38.824,40.679],[37.873,40.679],[37.355,40.938],[36.509,41.133],[36.527,41.263],[36.607,41.263],[36.775,41.327],[37.065,41.133],[37.233,41.198],[37.215,41.068],[37.771,41.068],[37.831,40.938],[38.158,41.003],[38.298,40.874],[38.952,41.003],[38.962,41.068],[39.21,41.133],[39.736,40.938],[40.381,41.003]]],[[[28.285,41.522],[28.279,41.457],[28.976,41.263],[28.963,41.133],[29.367,41.198],[29.255,40.874],[29.103,40.938],[29.116,41.068],[28.639,41.068],[28.56,41.068],[28.163,41.068],[28.083,41.068],[28.206,41.522],[28.285,41.522]]],[[[31.512,41.198],[31.361,41.263],[31.693,41.392],[31.592,41.198],[31.512,41.198]]],[[[35.086,41.782],[35.006,41.782],[35.015,41.847],[34.793,41.976],[35.121,42.041],[35.086,41.782]]],[[[35.125,44.908],[34.376,44.777],[33.926,44.451],[33.449,44.516],[33.61,45.104],[33.459,45.187],[33.78,45.155],[33.917,44.973],[34.986,45.3],[35.02,45.3],[35.183,45.3],[35.154,45.104],[35.235,45.104],[35.125,44.908]]],[[[31.567,46.94],[31.533,46.677],[30.877,46.677],[30.298,45.955],[30.045,45.89],[29.859,45.693],[29.614,45.693],[29.644,45.955],[30.189,46.415],[30.271,46.415],[30.458,46.612],[31.065,46.874],[31.082,47.006],[31.567,46.94]]],[[[38.667,47.598],[39.079,47.598],[39.138,47.466],[39.126,47.401],[39.197,47.335],[38.35,47.203],[38.385,47.401],[38.667,47.598]]]]}},{"type":"Feature","id":"cliopatria-993f973ceadeba0998ec4a1c","properties":{"NAME":"Roman Republic","ABBREVN":null,"CONTROL":null,"SUBJECTO":"Roman Republic","PARTOF":null,"BORDERPRECISION":1,"FromYear":-275,"ToYear":-272,"Area":70197.35566068268,"Type":"POLITY","Wikipedia":"Roman Republic","Wikidata":"Q175881","SeshatID":"it_roman_rep_1","Components":"","MemberOf":"","sourceFeatureId":"cliopatria-993f973ceadeba0998ec4a1c","datasetId":"cliopatria"},"geometry":{"type":"MultiPolygon","coordinates":[[[[13.501,42.756],[13.984,42.886],[13.901,42.756],[14.056,42.496],[14.608,42.106],[14.769,42.171],[14.766,42.041],[14.924,41.976],[15.165,42.041],[15.241,41.911],[16.119,41.911],[16.115,41.782],[15.874,41.717],[15.944,41.392],[16.733,41.198],[17.436,40.874],[17.511,40.744],[17.825,40.679],[17.823,40.614],[17.504,40.55],[17.508,40.679],[16.877,40.744],[16.551,40.485],[16.549,40.42],[16.306,40.226],[16.38,40.032],[16.141,39.967],[16.146,40.161],[15.516,40.226],[15.361,40.355],[15.134,40.809],[15.052,40.679],[14.893,40.679],[14.814,40.679],[14.418,40.679],[14.422,40.874],[14.105,40.874],[13.951,41.133],[13.792,41.133],[13.715,41.263],[13,41.327],[12.131,41.911],[12.132,42.041],[11.813,42.106],[11.813,42.171],[11.974,42.301],[11.895,42.431],[12.135,42.431],[12.057,42.691],[12.22,42.951],[12.3,42.951],[12.306,43.538],[11.825,43.798],[11.745,43.798],[11.908,44.059],[12.312,44.059],[12.871,43.603],[12.868,43.407],[13.028,43.342],[13.025,43.147],[13.106,43.147],[13.102,42.886],[13.5,42.691],[13.501,42.756]]]]}},{"type":"Feature","id":"cliopatria-6979763eefb11dbc4aaf0fc9","properties":{"NAME":"Achaean League","ABBREVN":null,"CONTROL":null,"SUBJECTO":"Achaean League","PARTOF":null,"BORDERPRECISION":1,"FromYear":-272,"ToYear":-272,"Area":2726.3093051782644,"Type":"POLITY","Wikipedia":"Achaean League","Wikidata":"Q244796","SeshatID":"","Components":"","MemberOf":"","sourceFeatureId":"cliopatria-6979763eefb11dbc4aaf0fc9","datasetId":"cliopatria"},"geometry":{"type":"MultiPolygon","coordinates":[[[[21.412,38.093],[21.416,38.158],[21.729,38.158],[21.742,38.416],[22.134,38.416],[22.287,38.351],[22.28,38.222],[22.44,38.287],[22.433,38.158],[22.589,38.158],[22.579,37.964],[22.266,37.964],[22.12,38.158],[21.963,38.158],[21.957,38.029],[21.412,38.093]]]]}},{"type":"Feature","id":"cliopatria-23570e2c47ef4a1c3cfb9e8b","properties":{"NAME":"Aetolian League","ABBREVN":null,"CONTROL":null,"SUBJECTO":"Aetolian League","PARTOF":null,"BORDERPRECISION":1,"FromYear":-272,"ToYear":-272,"Area":7460.348563411442,"Type":"POLITY","Wikipedia":"Aetolian League","Wikidata":"Q245273","SeshatID":"","Components":"","MemberOf":"","sourceFeatureId":"cliopatria-23570e2c47ef4a1c3cfb9e8b","datasetId":"cliopatria"},"geometry":{"type":"MultiPolygon","coordinates":[[[[21.278,38.545],[21.288,38.739],[21.612,38.933],[21.7,39.126],[22.565,39.126],[22.561,39.062],[22.397,38.933],[22.39,38.803],[22.547,38.803],[22.447,38.416],[22.369,38.416],[21.582,38.351],[21.275,38.481],[21.278,38.545]]]]}},{"type":"Feature","id":"cliopatria-368208c501bda12ea7dc9bc6","properties":{"NAME":"Antigonid Macedonia","ABBREVN":null,"CONTROL":null,"SUBJECTO":"Antigonid Macedonia","PARTOF":null,"BORDERPRECISION":1,"FromYear":-272,"ToYear":-272,"Area":60364.74945790745,"Type":"POLITY","Wikipedia":"Antigonid dynasty","Wikidata":"Q237325","SeshatID":"gr_antigonid_emp","Components":"","MemberOf":"","sourceFeatureId":"cliopatria-368208c501bda12ea7dc9bc6","datasetId":"cliopatria"},"geometry":{"type":"MultiPolygon","coordinates":[[[[23.044,37.9],[23.108,37.642],[23.342,37.642],[23.413,37.513],[23.402,37.319],[23.169,37.319],[23.101,37.513],[22.792,37.577],[22.803,37.771],[22.497,37.9],[22.582,38.029],[22.97,37.964],[23.059,38.158],[22.988,38.287],[22.525,38.416],[22.447,38.416],[22.547,38.803],[22.39,38.803],[22.397,38.933],[22.561,39.062],[22.64,39.062],[23.313,38.481],[23.626,38.481],[23.563,38.739],[24.03,38.674],[24.179,38.545],[24.159,38.222],[24.002,38.222],[23.979,37.835],[23.443,38.029],[23.365,38.029],[23.044,37.9]]],[[[23.485,38.739],[23.489,38.803],[23.567,38.803],[23.563,38.739],[23.485,38.739]]],[[[23.025,38.933],[23.033,39.062],[23.344,38.997],[23.414,38.868],[23.493,38.868],[23.332,38.803],[23.025,38.933]]],[[[24.808,40.809],[24.794,40.614],[24.551,40.55],[24.491,40.809],[24.57,40.809],[24.808,40.809]]],[[[24.763,41.263],[26.03,41.198],[26.178,41.068],[26.904,41.198],[27.091,41.522],[27.483,41.457],[27.472,41.327],[27.631,41.327],[27.728,41.522],[28.139,41.652],[28.292,41.587],[28.285,41.522],[28.206,41.522],[28.083,41.068],[28.077,41.003],[27.527,41.068],[27.181,40.744],[26.779,40.679],[26.072,40.744],[26.082,40.874],[25.378,41.003],[24.347,41.003],[24.011,40.744],[23.698,40.809],[23.685,40.614],[23.839,40.55],[23.737,40.226],[23.267,40.291],[22.884,40.485],[22.892,40.614],[22.655,40.614],[22.544,40.096],[22.698,40.032],[22.461,40.032],[22.318,40.291],[22.397,40.291],[22.5,40.679],[22.207,41.068],[22.228,41.392],[21.914,41.457],[21.85,41.717],[21.463,41.911],[21.487,42.301],[22.455,42.431],[22.442,42.236],[22.593,42.106],[22.753,42.106],[23.054,41.847],[23.528,41.782],[23.669,41.522],[24.231,41.587],[24.236,41.652],[24.554,41.652],[24.853,41.392],[24.763,41.263]]],[[[25.166,41.327],[25.245,41.327],[25.24,41.263],[25.161,41.263],[25.166,41.327]]]]}},{"type":"Feature","id":"cliopatria-bbf3f53e424e4b919248309c","properties":{"NAME":"Greek City-States","ABBREVN":null,"CONTROL":null,"SUBJECTO":"Greek City-States","PARTOF":null,"BORDERPRECISION":1,"FromYear":-272,"ToYear":-272,"Area":98876.33759786941,"Type":"POLITY","Wikipedia":"Polis","Wikidata":"Q148837","SeshatID":"","Components":"","MemberOf":"","sourceFeatureId":"cliopatria-bbf3f53e424e4b919248309c","datasetId":"cliopatria"},"geometry":{"type":"MultiPolygon","coordinates":[[[[24.157,35.516],[24.15,35.387],[24.301,35.323],[25.692,35.323],[25.681,35.13],[26.225,35.194],[26.14,35.065],[24.824,35.001],[24.757,35.194],[24.526,35.194],[24.448,35.194],[23.679,35.258],[23.615,35.516],[24.157,35.516]]],[[[22.874,36.16],[22.887,36.417],[22.965,36.417],[23.117,36.353],[23.107,36.16],[22.874,36.16]]],[[[22.599,36.868],[22.512,36.675],[22.356,36.675],[22.386,37.255],[22.619,37.255],[22.84,36.997],[22.917,36.997],[23.056,36.675],[22.833,36.868],[22.599,36.868]]],[[[22.552,37.448],[22.555,37.513],[22.569,37.771],[22.803,37.771],[22.708,37.448],[22.552,37.448]]],[[[20.621,37.9],[20.699,37.9],[20.934,37.9],[20.922,37.642],[20.613,37.706],[20.621,37.9]]],[[[20.32,38.158],[20.328,38.351],[20.488,38.416],[20.566,38.416],[20.795,38.287],[20.786,38.093],[20.32,38.158]]],[[[20.666,38.868],[20.732,38.61],[20.497,38.61],[20.587,38.868],[20.666,38.868]]],[[[17.823,40.614],[17.902,40.614],[18.364,40.291],[18.438,40.161],[18.349,39.902],[18.112,39.902],[17.813,40.355],[17.418,40.355],[17.345,40.55],[17.028,40.55],[16.868,40.485],[16.945,40.42],[16.862,40.291],[16.624,40.291],[16.697,40.096],[16.457,39.967],[16.447,39.644],[16.916,39.514],[17.07,39.385],[17.138,39.062],[16.502,38.803],[16.492,38.416],[15.933,37.964],[15.698,37.964],[15.624,38.158],[15.389,38.158],[15.066,37.642],[15.059,37.255],[15.214,37.19],[15.21,36.997],[15.05,36.739],[14.661,36.739],[14.432,36.997],[14.903,37.255],[14.754,37.642],[15.073,37.964],[15.076,38.158],[15.862,38.287],[15.95,38.674],[16.265,38.739],[15.899,39.773],[15.666,39.902],[15.748,40.032],[15.432,40.032],[15.199,40.226],[15.041,40.226],[14.971,40.614],[14.892,40.614],[14.893,40.679],[15.052,40.679],[15.134,40.809],[15.361,40.355],[15.516,40.226],[16.146,40.161],[16.141,39.967],[16.38,40.032],[16.306,40.226],[16.549,40.42],[16.551,40.485],[16.877,40.744],[17.508,40.679],[17.504,40.55],[17.823,40.614]]],[[[-0.345,39.708],[-0.314,39.126],[0.096,38.803],[-0.126,38.545],[-0.539,38.933],[-0.567,39.45],[-0.571,39.514],[-0.514,39.902],[-0.202,39.967],[-0.345,39.708]]],[[[27.378,42.041],[27.384,42.106],[27.464,42.106],[27.317,42.236],[27.329,42.366],[27.175,42.431],[27.193,42.626],[27.657,43.277],[27.998,43.472],[28.119,43.863],[28.3,44.059],[28.341,44.451],[28.422,44.451],[28.368,44.712],[28.64,44.973],[28.802,44.973],[28.841,44.581],[28.577,44.385],[28.536,43.994],[28.616,43.994],[28.481,43.472],[28.159,43.472],[28.226,43.342],[27.898,43.277],[27.805,43.147],[27.853,42.821],[27.847,42.756],[27.514,42.626],[27.495,42.431],[27.796,42.236],[27.924,41.911],[27.612,41.976],[27.538,42.041],[27.532,41.976],[27.452,41.976],[27.458,42.041],[27.378,42.041]],[[27.458,42.041],[27.538,42.041],[27.464,42.106],[27.458,42.041]]],[[[5.387,43.407],[5.063,43.472],[4.178,43.472],[4.173,43.603],[3.851,43.603],[2.985,43.147],[3.01,42.561],[3.178,42.366],[3.04,41.847],[2.698,42.366],[2.775,42.431],[2.669,43.017],[2.75,43.017],[2.741,43.212],[3.446,43.668],[4.728,43.863],[5.87,43.407],[6.594,43.407],[6.597,43.277],[6.278,43.147],[6.198,43.147],[5.796,43.147],[5.632,43.277],[5.391,43.277],[5.387,43.407]]],[[[27.743,35.902],[27.693,36.288],[28.017,36.482],[28.095,36.482],[28.25,36.482],[28.139,36.031],[27.743,35.902]]],[[[28.031,36.675],[28.138,37.062],[27.598,37.126],[27.612,37.319],[27.456,37.319],[27.378,37.319],[27.398,37.577],[27.632,37.577],[27.851,37.384],[28.241,37.384],[28.377,37.126],[28.99,36.997],[29.047,36.739],[28.969,36.739],[28.892,36.739],[28.814,36.739],[28.736,36.739],[28.741,36.804],[28.663,36.804],[28.586,36.804],[28.357,36.868],[28.187,36.675],[28.031,36.675]]],[[[40.381,41.003],[40.46,41.003],[40.598,40.874],[40.578,40.744],[40.409,40.679],[39.616,40.679],[39.398,40.809],[39.002,40.809],[38.824,40.679],[37.873,40.679],[37.355,40.938],[36.509,41.133],[36.527,41.263],[36.607,41.263],[36.775,41.327],[37.065,41.133],[37.233,41.198],[37.215,41.068],[37.771,41.068],[37.831,40.938],[38.158,41.003],[38.298,40.874],[38.952,41.003],[38.962,41.068],[39.21,41.133],[39.736,40.938],[40.381,41.003]]],[[[28.285,41.522],[28.279,41.457],[28.976,41.263],[28.963,41.133],[29.367,41.198],[29.255,40.874],[29.103,40.938],[29.116,41.068],[28.639,41.068],[28.56,41.068],[28.163,41.068],[28.083,41.068],[28.206,41.522],[28.285,41.522]]],[[[31.512,41.198],[31.361,41.263],[31.693,41.392],[31.592,41.198],[31.512,41.198]]],[[[35.086,41.782],[35.006,41.782],[35.015,41.847],[34.793,41.976],[35.121,42.041],[35.086,41.782]]],[[[35.125,44.908],[34.376,44.777],[33.926,44.451],[33.449,44.516],[33.61,45.104],[33.459,45.187],[33.78,45.155],[33.917,44.973],[34.986,45.3],[35.02,45.3],[35.183,45.3],[35.154,45.104],[35.235,45.104],[35.125,44.908]]],[[[31.567,46.94],[31.533,46.677],[30.877,46.677],[30.298,45.955],[30.045,45.89],[29.859,45.693],[29.614,45.693],[29.644,45.955],[30.189,46.415],[30.271,46.415],[30.458,46.612],[31.065,46.874],[31.082,47.006],[31.567,46.94]]],[[[38.667,47.598],[39.079,47.598],[39.138,47.466],[39.126,47.401],[39.197,47.335],[38.35,47.203],[38.385,47.401],[38.667,47.598]]]]}},{"type":"Feature","id":"cliopatria-70d71f47467b492ceef35f06","properties":{"NAME":"Carthage","ABBREVN":null,"CONTROL":null,"SUBJECTO":"Carthage","PARTOF":null,"BORDERPRECISION":1,"FromYear":-272,"ToYear":-265,"Area":206066.84027797024,"Type":"POLITY","Wikipedia":"Ancient Carthage","Wikidata":"Q2429397","SeshatID":"tn_carthage_emp","Components":"","MemberOf":"","sourceFeatureId":"cliopatria-70d71f47467b492ceef35f06","datasetId":"cliopatria"},"geometry":{"type":"MultiPolygon","coordinates":[[[[11.083,35.58],[11.083,35.387],[11.006,35.387],[11.083,35.001],[10.851,34.937],[10.851,34.808],[10.543,34.551],[10.004,34.293],[10.082,34.229],[10.006,33.907],[10.237,33.715],[10.544,33.715],[10.698,33.522],[11.082,33.586],[11.158,33.2],[11.464,33.2],[12.229,32.814],[12.612,32.879],[12.535,32.75],[12.841,32.75],[12.842,32.879],[13.302,32.943],[13.454,32.814],[13.761,32.879],[13.759,32.75],[14.065,32.75],[14.444,32.493],[14.675,32.557],[14.749,32.429],[15.055,32.429],[15.282,32.3],[15.425,31.658],[15.576,31.593],[15.649,31.4],[16.179,31.208],[16.864,31.208],[17.847,30.951],[18.222,30.758],[18.592,30.372],[18.896,30.372],[18.814,30.115],[18.586,30.115],[18.216,30.501],[17.161,30.886],[15.569,31.143],[15.193,31.465],[15.05,32.107],[14.899,32.236],[14.517,32.172],[14.443,32.365],[13.758,32.622],[11.998,32.622],[12.076,32.75],[11.617,32.943],[11.081,32.879],[10.698,33.136],[10.468,33.136],[10.468,33.264],[9.854,33.393],[9.624,33.329],[9.547,33.522],[9.316,33.586],[9.083,34.036],[8.929,34.036],[9.003,34.358],[8.926,34.358],[8.846,34.744],[8.459,34.872],[8.229,34.808],[8.073,34.937],[7.906,35.966],[7.828,35.966],[7.902,36.224],[7.586,36.61],[6.965,36.61],[6.889,36.482],[6.422,36.546],[6.347,36.417],[5.879,36.482],[5.649,36.353],[2.775,36.417],[2.316,36.224],[2.003,36.288],[2.008,36.16],[1.155,36.16],[1.005,36.031],[0.772,36.031],[0.479,35.645],[-0.292,35.58],[-1.04,35.065],[-1.198,35.13],[-1.346,35.001],[-1.806,34.937],[-1.876,34.808],[-2.809,34.937],[-4.734,34.872],[-4.743,35.001],[-5.214,35.13],[-5.39,35.451],[-5.627,35.516],[-5.9,35.001],[-5.815,34.872],[-5.969,34.872],[-6.242,34.358],[-6.157,34.229],[-6.31,34.229],[-6.601,33.972],[-6.592,33.843],[-6.814,33.715],[-6.728,33.586],[-7.184,33.522],[-7.474,33.264],[-7.875,33.522],[-7.13,33.843],[-7.062,33.972],[-6.904,33.907],[-6.614,34.165],[-6.7,34.293],[-6.473,34.358],[-6.482,34.486],[-6.264,34.679],[-6.205,34.937],[-6.291,35.065],[-6.132,35.001],[-5.95,35.709],[-5.571,35.838],[-5.339,35.838],[-5.24,35.516],[-4.755,35.194],[-3.132,35.194],[-2.982,35.258],[-2.993,35.451],[-2.838,35.451],[-2.82,35.13],[-2.662,35.065],[-1.89,35.065],[-1.591,35.258],[-1.359,35.258],[-1.136,35.451],[-1.224,35.645],[-1.066,35.58],[-0.917,35.709],[-0.53,35.709],[-0.459,35.838],[0.084,35.838],[0.376,36.224],[0.684,36.288],[0.678,36.417],[0.914,36.353],[1.216,36.546],[1.53,36.482],[2.377,36.675],[2.69,36.61],[2.841,36.739],[3.23,36.739],[3.459,36.868],[3.85,36.804],[4.235,36.933],[4.859,36.868],[5.098,36.675],[5.564,36.675],[5.639,36.804],[6.106,36.804],[6.103,36.933],[6.334,37.062],[6.805,36.868],[7.194,36.868],[7.346,37.062],[7.502,37.062],[7.738,36.868],[8.516,36.868],[8.903,37.126],[9.059,37.062],[9.37,37.255],[9.759,37.319],[9.993,37.19],[10.227,37.255],[10.228,37.062],[10.305,37.062],[10.228,36.804],[10.462,36.739],[11.006,36.997],[11.006,36.804],[10.462,36.417],[10.54,36.353],[10.464,35.902],[10.851,35.709],[10.851,35.645],[11.083,35.58]]],[[[14.568,35.773],[14.337,35.838],[14.34,36.031],[14.417,36.031],[14.571,35.966],[14.568,35.773]]],[[[-3.851,36.804],[-4.469,36.739],[-4.689,36.546],[-5.228,36.482],[-5.288,36.224],[-5.516,36.16],[-5.585,36.031],[-5.831,36.224],[-6.064,36.224],[-6.248,36.61],[-5.918,36.353],[-5.452,36.353],[-5.306,36.482],[-5.31,36.546],[-4.555,36.868],[-3.851,36.804]]],[[[13.431,37.964],[12.961,37.9],[12.96,37.771],[14.591,37.19],[14.51,36.997],[14.123,37.19],[13.578,37.255],[13.192,37.577],[12.49,37.706],[12.492,37.9],[12.65,38.093],[13.04,38.029],[13.12,38.158],[13.355,38.158],[13.665,37.964],[14.056,37.964],[15.076,38.158],[14.993,37.9],[14.131,37.771],[14.053,37.771],[13.431,37.964]]],[[[1.658,38.997],[1.431,38.803],[1.274,38.803],[1.183,39.062],[1.259,39.126],[1.337,39.126],[1.652,39.126],[1.658,38.997]]],[[[9.822,40.744],[9.823,40.355],[9.665,40.291],[9.747,39.644],[9.669,39.644],[9.593,39.126],[9.12,39.191],[8.966,38.868],[8.73,38.868],[8.336,38.997],[8.412,39.256],[8.333,39.256],[8.33,39.514],[8.409,39.514],[8.483,39.902],[8.325,39.967],[8.4,40.291],[8.321,40.291],[8.319,40.485],[8.16,40.55],[8.155,40.938],[8.552,40.874],[9.025,41.263],[9.104,41.263],[9.502,41.198],[9.822,40.744]]]]}},{"type":"Feature","id":"cliopatria-81dd86d5dc549bba8a741969","properties":{"NAME":"Ptolemaic Kingdom","ABBREVN":null,"CONTROL":null,"SUBJECTO":"Ptolemaic Kingdom","PARTOF":null,"BORDERPRECISION":1,"FromYear":-272,"ToYear":-265,"Area":741700.7141673807,"Type":"POLITY","Wikipedia":"Ptolemaic Kingdom","Wikidata":"Q2320005","SeshatID":"eg_ptolemaic_k_1","Components":"","MemberOf":"","sourceFeatureId":"cliopatria-81dd86d5dc549bba8a741969","datasetId":"cliopatria"},"geometry":{"type":"MultiPolygon","coordinates":[[[[25.331,36.997],[25.339,37.126],[25.417,37.126],[25.573,37.126],[25.564,36.997],[25.331,36.997]]],[[[24.201,37.642],[24.283,37.706],[24.361,37.706],[24.432,37.577],[24.272,37.513],[24.201,37.642]]],[[[25.052,37.513],[24.986,37.706],[25.064,37.706],[25.22,37.706],[25.286,37.513],[25.052,37.513]]],[[[25.988,37.513],[26.08,37.706],[26.158,37.706],[26.314,37.706],[26.305,37.577],[25.988,37.513]]],[[[24.682,37.835],[24.694,38.029],[24.772,38.029],[25.068,37.771],[24.83,37.706],[24.682,37.835]]],[[[24.357,38.868],[24.365,38.997],[24.444,38.997],[24.675,38.933],[24.662,38.739],[24.357,38.868]]],[[[24.974,39.838],[25.067,40.032],[25.146,40.032],[25.462,40.032],[25.447,39.838],[24.974,39.838]]],[[[25.719,40.291],[25.798,40.291],[26.035,40.291],[26.025,40.161],[25.704,40.096],[25.719,40.291]]],[[[26.309,40.744],[26.542,40.679],[26.066,40.679],[26.23,40.744],[26.309,40.744]]],[[[37.573,33.65],[37.073,33.264],[37.054,33.072],[36.901,33.072],[36.717,32.75],[36.751,32.3],[36.516,32.236],[36.656,32.107],[36.492,31.979],[36.463,31.658],[36.387,31.658],[36.423,31.208],[35.662,31.208],[35.499,31.079],[35.352,31.143],[34.621,30.565],[34.611,30.436],[34.389,30.501],[34.303,30.372],[33.838,30.244],[32.919,30.115],[32.91,29.987],[32.758,29.987],[32.673,29.858],[32.526,29.922],[32.442,29.794],[32.689,28.958],[32.836,28.894],[33.105,28.38],[33.609,27.994],[33.585,27.608],[33.799,27.415],[33.927,27.029],[34.073,26.965],[34.051,26.579],[34.197,26.515],[34.461,25.872],[34.608,25.808],[35.146,24.651],[35.86,24.008],[35.854,23.879],[35.559,23.943],[35.553,23.815],[35.108,23.879],[33.756,23.686],[33.682,23.686],[33.389,23.815],[32.041,23.686],[31.67,23.751],[30.537,23.365],[30.463,23.365],[30.395,23.558],[30.104,23.751],[30.109,23.879],[29.959,23.879],[29.673,24.201],[28.569,24.651],[28.289,25.165],[28.244,25.936],[28.345,26.579],[28.27,26.579],[28.154,27.351],[27.937,27.544],[27.711,27.544],[27.792,27.672],[27.43,27.994],[27.276,27.93],[27.285,28.122],[27.068,28.315],[26.252,28.637],[26.182,28.765],[25.662,28.958],[25.446,29.215],[24.925,29.408],[24.928,29.472],[24.939,29.729],[24.796,29.922],[24.819,30.436],[25.059,30.694],[24.937,31.336],[25.102,31.593],[25.178,31.593],[25.248,31.465],[26.848,31.465],[27.297,31.336],[27.515,31.143],[28.496,31.015],[28.865,30.822],[29.397,30.822],[29.485,31.015],[29.633,30.951],[29.87,31.079],[29.802,31.208],[29.882,31.272],[30.339,31.272],[30.271,31.4],[30.352,31.465],[30.809,31.465],[30.966,31.529],[30.975,31.658],[31.203,31.658],[31.118,31.529],[31.266,31.465],[31.875,31.465],[31.781,31.208],[31.937,31.272],[32,31.079],[32.304,31.079],[32.237,31.208],[32.532,31.079],[32.765,31.143],[32.832,31.015],[33.983,31.143],[34.297,31.272],[34.308,31.4],[34.633,31.658],[34.573,31.85],[34.813,31.979],[34.77,32.365],[35.022,32.622],[35.056,33.007],[35.215,33.072],[35.398,33.393],[35.346,33.65],[35.499,33.65],[35.447,33.907],[35.684,33.972],[35.644,34.358],[35.792,34.293],[36.049,34.551],[36.068,34.744],[35.927,34.872],[35.96,35.194],[35.882,35.194],[35.889,35.258],[36.269,35.194],[36.165,34.937],[36.313,34.872],[36.293,34.679],[36.441,34.615],[36.562,34.293],[36.87,34.293],[37.004,34.1],[37.389,34.1],[37.382,34.036],[37.599,33.907],[37.649,33.65],[37.573,33.65]]],[[[33.957,35.258],[34.087,35.001],[33.695,34.937],[33.523,34.744],[33.132,34.679],[33.044,34.551],[32.367,34.744],[32.229,34.937],[32.246,35.13],[32.555,35.13],[32.875,35.258],[32.887,35.387],[33.737,35.387],[34.31,35.709],[34.387,35.709],[34.542,35.709],[34.529,35.58],[33.957,35.258]]],[[[27.565,36.675],[27.657,36.868],[27.735,36.868],[27.89,36.868],[27.958,36.739],[27.565,36.675]]],[[[27.039,36.933],[27.117,36.933],[27.185,36.804],[26.865,36.675],[27.039,36.933]]],[[[27.195,36.933],[27.209,37.126],[27.286,37.126],[27.442,37.126],[27.35,36.933],[27.195,36.933]]],[[[38.02,36.997],[37.997,36.804],[37.275,36.61],[36.265,36.61],[36.272,36.675],[36.145,36.933],[35.834,36.933],[35.488,36.61],[35.113,36.739],[34.95,36.675],[34.893,36.868],[34.582,36.868],[34.251,36.675],[33.979,36.288],[32.558,36.031],[32.499,36.224],[31.918,36.675],[31.841,36.675],[31.738,37.255],[31.594,37.384],[31.6,37.448],[31.618,37.642],[32.034,37.9],[33.675,37.9],[34.358,37.706],[35.671,37.577],[35.998,37.706],[36.348,38.029],[37.115,37.9],[37.764,38.093],[39.172,38.093],[39.599,37.771],[39.549,37.384],[39.307,37.319],[39.299,37.255],[38.27,37.126],[38.176,36.997],[38.02,36.997]]],[[[26.622,37.642],[26.557,37.835],[26.636,37.835],[27.026,37.835],[27.012,37.642],[26.622,37.642]]],[[[26.257,40.096],[26.262,40.161],[26.267,40.226],[26.272,40.291],[26.351,40.291],[26.357,40.355],[26.605,40.485],[26.678,40.42],[26.673,40.355],[26.257,40.096]]],[[[26.768,40.55],[26.774,40.614],[26.785,40.744],[27.102,40.744],[26.921,40.485],[26.768,40.55]]]]}},{"type":"Feature","id":"cliopatria-8ede61747a85a6539c6ddfbb","properties":{"NAME":"Cyrenaica","ABBREVN":null,"CONTROL":null,"SUBJECTO":"Cyrenaica","PARTOF":null,"BORDERPRECISION":1,"FromYear":-272,"ToYear":-248,"Area":106225.2659237226,"Type":"POLITY","Wikipedia":"Cyrenaica","Wikidata":"Q165198","SeshatID":"","Components":"","MemberOf":"","sourceFeatureId":"cliopatria-8ede61747a85a6539c6ddfbb","datasetId":"cliopatria"},"geometry":{"type":"MultiPolygon","coordinates":[[[[23.98,32.043],[24.892,31.979],[25.112,31.786],[25.105,31.658],[25.102,31.593],[24.937,31.336],[25.059,30.694],[24.819,30.436],[24.796,29.922],[24.939,29.729],[24.928,29.472],[24.852,29.472],[24.406,29.665],[24.041,29.987],[23.889,29.987],[23.819,30.115],[23.667,30.115],[23.227,30.501],[22.848,30.501],[22.853,30.629],[21.951,30.886],[20.582,30.886],[19.957,30.308],[19.651,30.244],[19.572,30.115],[18.735,29.987],[18.894,30.308],[19.501,30.308],[20.122,30.758],[20.214,31.272],[19.996,31.593],[20.089,32.107],[20.017,32.236],[20.246,32.236],[20.331,32.493],[20.482,32.429],[20.563,32.557],[20.716,32.557],[20.644,32.686],[20.871,32.622],[21.108,32.814],[21.412,32.75],[21.57,32.879],[22.108,32.943],[23.089,32.622],[23.081,32.429],[23.231,32.365],[23.149,32.236],[23.903,32.043],[23.98,32.043]]]]}},{"type":"Feature","id":"cliopatria-f59b36e8ea7adbfaf26feefa","properties":{"NAME":"Achaean League","ABBREVN":null,"CONTROL":null,"SUBJECTO":"Achaean League","PARTOF":null,"BORDERPRECISION":1,"FromYear":-271,"ToYear":-265,"Area":2578.770906254791,"Type":"POLITY","Wikipedia":"Achaean League","Wikidata":"Q244796","SeshatID":"","Components":"","MemberOf":"","sourceFeatureId":"cliopatria-f59b36e8ea7adbfaf26feefa","datasetId":"cliopatria"},"geometry":{"type":"MultiPolygon","coordinates":[[[[21.416,38.158],[21.729,38.158],[21.742,38.416],[22.134,38.416],[22.287,38.351],[22.28,38.222],[22.44,38.287],[22.433,38.158],[22.586,38.093],[22.582,38.029],[22.266,37.964],[22.12,38.158],[21.963,38.158],[21.957,38.029],[21.412,38.093],[21.416,38.158]]]]}},{"type":"Feature","id":"cliopatria-535a13bb13f08d84d22d96a7","properties":{"NAME":"Antigonid Macedonia","ABBREVN":null,"CONTROL":null,"SUBJECTO":"Antigonid Macedonia","PARTOF":null,"BORDERPRECISION":1,"FromYear":-271,"ToYear":-265,"Area":116032.50672780427,"Type":"POLITY","Wikipedia":"Antigonid dynasty","Wikidata":"Q237325","SeshatID":"gr_antigonid_emp","Components":"","MemberOf":"","sourceFeatureId":"cliopatria-535a13bb13f08d84d22d96a7","datasetId":"cliopatria"},"geometry":{"type":"MultiPolygon","coordinates":[[[[23.117,36.353],[23.107,36.16],[22.874,36.16],[22.887,36.417],[22.965,36.417],[23.117,36.353]]],[[[20.922,37.642],[20.613,37.706],[20.621,37.9],[20.699,37.9],[20.934,37.9],[20.922,37.642]]],[[[23.485,38.739],[23.489,38.803],[23.567,38.803],[23.563,38.739],[23.485,38.739]]],[[[24.554,41.652],[24.853,41.392],[24.763,41.263],[26.03,41.198],[26.178,41.068],[26.904,41.198],[27.091,41.522],[27.483,41.457],[27.472,41.327],[27.631,41.327],[27.728,41.522],[28.139,41.652],[28.292,41.587],[28.285,41.522],[28.206,41.522],[28.083,41.068],[28.077,41.003],[27.527,41.068],[27.181,40.744],[26.621,40.679],[26.072,40.744],[26.082,40.874],[25.849,40.938],[24.347,41.003],[24.011,40.744],[23.698,40.809],[23.685,40.614],[23.839,40.55],[23.737,40.226],[22.959,40.42],[22.892,40.614],[22.572,40.55],[22.544,40.096],[22.702,40.096],[22.611,39.902],[23.135,39.45],[22.816,39.385],[22.797,39.062],[22.958,39.126],[23.493,38.868],[23.332,38.803],[23.025,38.933],[22.936,38.739],[23.167,38.674],[23.313,38.481],[23.626,38.481],[23.563,38.739],[24.03,38.674],[24.179,38.545],[24.159,38.222],[24.002,38.222],[23.979,37.835],[23.443,38.029],[23.208,38.029],[23.201,37.9],[23.044,37.9],[23.108,37.642],[23.342,37.642],[23.402,37.319],[23.169,37.319],[23.176,37.448],[22.949,37.577],[22.714,37.577],[22.701,37.319],[22.853,37.255],[23.056,36.675],[22.833,36.868],[22.599,36.868],[22.512,36.675],[22.356,36.675],[22.22,37.062],[21.909,37.062],[21.899,36.868],[21.744,36.868],[21.681,37.19],[21.603,37.19],[21.697,37.513],[21.244,37.835],[21.334,38.093],[21.412,38.093],[21.957,38.029],[21.963,38.158],[22.12,38.158],[22.266,37.964],[22.582,38.029],[22.661,38.029],[22.97,37.964],[23.059,38.158],[22.988,38.287],[22.525,38.416],[22.447,38.416],[22.547,38.803],[22.39,38.803],[22.397,38.933],[22.558,38.997],[22.49,39.191],[21.7,39.126],[21.536,38.997],[21.54,39.062],[21.461,39.062],[21.471,39.256],[20.943,39.708],[20.806,40.096],[20.569,40.096],[20.747,40.485],[20.991,40.614],[21.002,40.809],[20.699,41.068],[20.54,41.068],[20.547,41.198],[20.876,41.392],[20.803,41.522],[21.125,41.587],[21.049,41.652],[21.14,41.847],[21.061,41.847],[21.08,42.171],[22.455,42.431],[22.442,42.236],[22.593,42.106],[22.753,42.106],[23.054,41.847],[23.528,41.782],[23.669,41.522],[24.231,41.587],[24.236,41.652],[24.554,41.652]]],[[[24.794,40.614],[24.551,40.55],[24.491,40.809],[24.57,40.809],[24.808,40.809],[24.794,40.614]]],[[[25.166,41.327],[25.245,41.327],[25.24,41.263],[25.161,41.263],[25.166,41.327]]]]}},{"type":"Feature","id":"cliopatria-6850acdf576a40a751ff5484","properties":{"NAME":"Etruscans","ABBREVN":null,"CONTROL":null,"SUBJECTO":"Etruscans","PARTOF":null,"BORDERPRECISION":1,"FromYear":-271,"ToYear":-265,"Area":30572.524703870742,"Type":"POLITY","Wikipedia":"Etruscan civilization","Wikidata":"Q17161","SeshatID":"","Components":"","MemberOf":"","sourceFeatureId":"cliopatria-6850acdf576a40a751ff5484","datasetId":"cliopatria"},"geometry":{"type":"MultiPolygon","coordinates":[[[[9.331,43.017],[9.492,43.017],[9.493,42.756],[9.574,42.756],[9.578,41.976],[9.498,41.976],[9.499,41.782],[9.262,41.392],[9.104,41.327],[8.784,41.522],[8.782,41.717],[8.623,41.717],[8.7,41.911],[8.539,42.106],[8.535,42.496],[8.773,42.691],[9.173,42.756],[9.251,43.017],[9.331,43.017]]],[[[10.455,42.886],[10.455,42.691],[10.215,42.691],[10.134,42.886],[10.214,42.886],[10.455,42.886]]],[[[12.057,42.691],[12.135,42.431],[11.895,42.431],[11.974,42.301],[11.813,42.171],[11.733,42.171],[11.655,42.366],[11.495,42.301],[11.415,42.431],[11.255,42.431],[11.176,42.626],[11.016,42.626],[11.016,42.821],[10.535,43.082],[10.293,43.798],[11.825,43.733],[11.825,43.798],[12.306,43.538],[12.3,42.951],[12.22,42.951],[12.057,42.691]]]]}},{"type":"Feature","id":"cliopatria-ff4f1348ae04ae8d3d9f4db1","properties":{"NAME":"Greek Colonies","ABBREVN":null,"CONTROL":null,"SUBJECTO":"Greek Colonies","PARTOF":null,"BORDERPRECISION":1,"FromYear":-271,"ToYear":-265,"Area":73992.98763012883,"Type":"POLITY","Wikipedia":"Greek colonisation","Wikidata":"Q828047","SeshatID":"","Components":"","MemberOf":"","sourceFeatureId":"cliopatria-ff4f1348ae04ae8d3d9f4db1","datasetId":"cliopatria"},"geometry":{"type":"MultiPolygon","coordinates":[[[[24.157,35.516],[24.15,35.387],[24.301,35.323],[25.692,35.323],[25.681,35.13],[26.225,35.194],[26.14,35.065],[24.824,35.001],[24.757,35.194],[24.526,35.194],[24.448,35.194],[23.679,35.258],[23.615,35.516],[24.157,35.516]]],[[[27.743,35.902],[27.693,36.288],[28.017,36.482],[28.095,36.482],[28.25,36.482],[28.139,36.031],[27.743,35.902]]],[[[15.228,37.9],[15.066,37.642],[15.059,37.255],[15.214,37.19],[15.05,36.739],[14.661,36.739],[14.431,36.933],[14.589,37.126],[14.903,37.255],[14.753,37.577],[14.754,37.642],[14.992,37.835],[14.994,37.964],[15.228,37.9]]],[[[20.32,38.158],[20.328,38.351],[20.488,38.416],[20.566,38.416],[20.795,38.287],[20.786,38.093],[20.32,38.158]]],[[[21.272,38.416],[20.898,38.803],[20.741,38.803],[20.748,38.933],[21.14,38.933],[21.15,39.126],[21.464,39.126],[21.54,39.062],[21.53,38.868],[21.451,38.868],[21.448,38.803],[21.288,38.739],[21.35,38.416],[21.272,38.416]]],[[[-0.345,39.708],[-0.314,39.126],[0.096,38.803],[-0.126,38.545],[-0.539,38.933],[-0.567,39.45],[-0.571,39.514],[-0.514,39.902],[-0.202,39.967],[-0.345,39.708]]],[[[27.378,42.041],[27.384,42.106],[27.464,42.106],[27.317,42.236],[27.329,42.366],[27.175,42.431],[27.193,42.626],[27.657,43.277],[27.998,43.472],[28.119,43.863],[28.3,44.059],[28.341,44.451],[28.422,44.451],[28.368,44.712],[28.64,44.973],[28.802,44.973],[28.841,44.581],[28.577,44.385],[28.536,43.994],[28.616,43.994],[28.481,43.472],[28.159,43.472],[28.226,43.342],[27.898,43.277],[27.805,43.147],[27.853,42.821],[27.847,42.756],[27.514,42.626],[27.495,42.431],[27.796,42.236],[27.924,41.911],[27.612,41.976],[27.538,42.041],[27.532,41.976],[27.452,41.976],[27.458,42.041],[27.378,42.041]],[[27.538,42.041],[27.464,42.106],[27.458,42.041],[27.538,42.041]]],[[[5.387,43.407],[5.063,43.472],[4.178,43.472],[4.173,43.603],[3.851,43.603],[2.985,43.147],[3.01,42.561],[3.178,42.366],[3.04,41.847],[2.698,42.366],[2.775,42.431],[2.669,43.017],[2.75,43.017],[2.741,43.212],[3.446,43.668],[4.728,43.863],[5.87,43.407],[6.594,43.407],[6.597,43.277],[6.278,43.147],[6.198,43.147],[5.796,43.147],[5.632,43.277],[5.391,43.277],[5.387,43.407]]],[[[28.031,36.675],[28.138,37.062],[27.598,37.126],[27.612,37.319],[27.456,37.319],[27.378,37.319],[27.398,37.577],[27.632,37.577],[27.851,37.384],[28.241,37.384],[28.377,37.126],[28.99,36.997],[29.047,36.739],[28.969,36.739],[28.892,36.739],[28.814,36.739],[28.736,36.739],[28.741,36.804],[28.663,36.804],[28.586,36.804],[28.357,36.868],[28.187,36.675],[28.031,36.675]]],[[[40.381,41.003],[40.46,41.003],[40.598,40.874],[40.578,40.744],[40.409,40.679],[39.616,40.679],[39.398,40.809],[39.002,40.809],[38.824,40.679],[37.873,40.679],[37.355,40.938],[36.509,41.133],[36.527,41.263],[36.607,41.263],[36.775,41.327],[37.065,41.133],[37.233,41.198],[37.215,41.068],[37.771,41.068],[37.831,40.938],[38.158,41.003],[38.298,40.874],[38.952,41.003],[38.962,41.068],[39.21,41.133],[39.736,40.938],[40.381,41.003]]],[[[28.206,41.522],[28.285,41.522],[28.279,41.457],[28.976,41.263],[28.963,41.133],[29.367,41.198],[29.255,40.874],[29.103,40.938],[29.116,41.068],[28.639,41.068],[28.56,41.068],[28.163,41.068],[28.083,41.068],[28.206,41.522]]],[[[31.592,41.198],[31.512,41.198],[31.361,41.263],[31.693,41.392],[31.592,41.198]]],[[[35.086,41.782],[35.006,41.782],[35.015,41.847],[34.793,41.976],[35.121,42.041],[35.086,41.782]]],[[[35.125,44.908],[34.376,44.777],[33.926,44.451],[33.449,44.516],[33.61,45.104],[33.459,45.187],[33.78,45.155],[33.917,44.973],[34.986,45.3],[35.02,45.3],[35.183,45.3],[35.154,45.104],[35.235,45.104],[35.125,44.908]]],[[[31.567,46.94],[31.533,46.677],[30.877,46.677],[30.298,45.955],[30.045,45.89],[29.859,45.693],[29.614,45.693],[29.644,45.955],[30.189,46.415],[30.271,46.415],[30.458,46.612],[31.065,46.874],[31.082,47.006],[31.567,46.94]]],[[[38.667,47.598],[39.079,47.598],[39.138,47.466],[39.126,47.401],[39.197,47.335],[38.35,47.203],[38.385,47.401],[38.667,47.598]]]]}},{"type":"Feature","id":"cliopatria-498a24c12b2bd61c89629900","properties":{"NAME":"Mamertines","ABBREVN":null,"CONTROL":null,"SUBJECTO":"Mamertines","PARTOF":null,"BORDERPRECISION":1,"FromYear":-271,"ToYear":-265,"Area":933.8103574551993,"Type":"POLITY","Wikipedia":"Mamertines","Wikidata":"Q1164281","SeshatID":"","Components":"","MemberOf":"","sourceFeatureId":"cliopatria-498a24c12b2bd61c89629900","datasetId":"cliopatria"},"geometry":{"type":"MultiPolygon","coordinates":[[[[15.387,38.029],[15.309,38.029],[15.306,37.9],[15.15,37.9],[15.076,38.158],[15.627,38.287],[15.624,38.158],[15.389,38.158],[15.387,38.029]]]]}},{"type":"Feature","id":"cliopatria-69e66883623ead8203bbebf6","properties":{"NAME":"Roman Republic","ABBREVN":null,"CONTROL":null,"SUBJECTO":"Roman Republic","PARTOF":null,"BORDERPRECISION":1,"FromYear":-271,"ToYear":-265,"Area":92091.00261140788,"Type":"POLITY","Wikipedia":"Roman Republic","Wikidata":"Q175881","SeshatID":"it_roman_rep_1","Components":"","MemberOf":"","sourceFeatureId":"cliopatria-69e66883623ead8203bbebf6","datasetId":"cliopatria"},"geometry":{"type":"MultiPolygon","coordinates":[[[[13.501,42.756],[13.984,42.886],[13.901,42.756],[14.056,42.496],[14.608,42.106],[14.769,42.171],[14.766,42.041],[14.924,41.976],[15.165,42.041],[15.241,41.911],[16.119,41.911],[16.115,41.782],[15.874,41.717],[15.866,41.457],[16.258,41.263],[16.733,41.198],[17.436,40.874],[17.511,40.744],[17.981,40.614],[18.438,40.161],[18.349,39.902],[18.112,39.902],[17.813,40.355],[17.418,40.355],[17.345,40.55],[16.868,40.485],[16.943,40.355],[16.624,40.291],[16.697,40.096],[16.457,39.967],[16.447,39.644],[16.916,39.514],[17.07,39.385],[17.138,39.062],[16.663,38.933],[16.502,38.803],[16.492,38.416],[15.933,37.964],[15.698,37.964],[15.627,38.287],[15.942,38.351],[15.95,38.674],[16.265,38.739],[16.27,38.933],[16.117,39.062],[15.899,39.773],[15.666,39.902],[15.748,40.032],[15.432,40.032],[15.199,40.226],[15.041,40.226],[14.893,40.679],[14.418,40.679],[14.422,40.874],[14.105,40.874],[13.951,41.133],[13.792,41.133],[13.715,41.263],[13,41.327],[12.131,41.911],[12.132,42.041],[11.813,42.106],[11.813,42.171],[11.974,42.301],[11.895,42.431],[12.135,42.431],[12.057,42.691],[12.22,42.951],[12.3,42.951],[12.306,43.538],[11.825,43.798],[11.745,43.798],[11.908,44.059],[12.312,44.059],[12.871,43.603],[12.868,43.407],[13.028,43.342],[13.025,43.147],[13.106,43.147],[13.102,42.886],[13.5,42.691],[13.501,42.756]]]]}},{"type":"Feature","id":"cliopatria-649a4752091cc6d8edc743e9","properties":{"NAME":"Aetolian League","ABBREVN":null,"CONTROL":null,"SUBJECTO":"Aetolian League","PARTOF":null,"BORDERPRECISION":1,"FromYear":-271,"ToYear":-231,"Area":7482.916935599873,"Type":"POLITY","Wikipedia":"Aetolian League","Wikidata":"Q245273","SeshatID":"","Components":"","MemberOf":"","sourceFeatureId":"cliopatria-649a4752091cc6d8edc743e9","datasetId":"cliopatria"},"geometry":{"type":"MultiPolygon","coordinates":[[[[21.451,38.868],[21.53,38.868],[21.533,38.933],[21.536,38.997],[21.7,39.126],[22.49,39.191],[22.558,38.997],[22.397,38.933],[22.39,38.803],[22.547,38.803],[22.447,38.416],[22.369,38.416],[21.428,38.416],[21.35,38.416],[21.288,38.739],[21.448,38.803],[21.451,38.868]]]]}},{"type":"Feature","id":"cliopatria-bc06fd42b6c9d214c2999ad5","properties":{"NAME":"Achaean League","ABBREVN":null,"CONTROL":null,"SUBJECTO":"Achaean League","PARTOF":null,"BORDERPRECISION":1,"FromYear":-264,"ToYear":-257,"Area":2726.1222841132812,"Type":"POLITY","Wikipedia":"Achaean League","Wikidata":"Q244796","SeshatID":"","Components":"","MemberOf":"","sourceFeatureId":"cliopatria-bc06fd42b6c9d214c2999ad5","datasetId":"cliopatria"},"geometry":{"type":"MultiPolygon","coordinates":[[[[21.416,38.158],[21.729,38.158],[21.742,38.416],[22.134,38.416],[22.287,38.351],[22.28,38.222],[22.44,38.287],[22.582,38.029],[22.579,37.964],[22.266,37.964],[22.12,38.158],[21.963,38.158],[21.957,38.029],[21.412,38.093],[21.416,38.158]]]]}},{"type":"Feature","id":"cliopatria-4e8485f122178a457c3db26f","properties":{"NAME":"Antigonid Macedonia","ABBREVN":null,"CONTROL":null,"SUBJECTO":"Antigonid Macedonia","PARTOF":null,"BORDERPRECISION":1,"FromYear":-264,"ToYear":-257,"Area":105544.79830452218,"Type":"POLITY","Wikipedia":"Antigonid dynasty","Wikidata":"Q237325","SeshatID":"gr_antigonid_emp","Components":"","MemberOf":"","sourceFeatureId":"cliopatria-4e8485f122178a457c3db26f","datasetId":"cliopatria"},"geometry":{"type":"MultiPolygon","coordinates":[[[[21.899,36.868],[21.744,36.868],[21.672,36.997],[21.612,37.384],[21.697,37.513],[21.244,37.835],[21.334,38.093],[21.412,38.093],[21.957,38.029],[21.963,38.158],[22.12,38.158],[22.266,37.964],[22.579,37.964],[22.562,37.642],[22.392,37.384],[22.363,36.804],[22.285,36.804],[22.22,37.062],[21.909,37.062],[21.905,36.997],[21.899,36.868]]],[[[20.922,37.642],[20.613,37.706],[20.621,37.9],[20.699,37.9],[20.934,37.9],[20.922,37.642]]],[[[23.485,38.739],[23.489,38.803],[23.567,38.803],[23.563,38.739],[23.485,38.739]]],[[[24.554,41.652],[24.853,41.392],[24.763,41.263],[26.03,41.198],[26.178,41.068],[26.904,41.198],[27.091,41.522],[27.483,41.457],[27.472,41.327],[27.631,41.327],[27.728,41.522],[28.139,41.652],[28.292,41.587],[28.285,41.522],[28.206,41.522],[28.083,41.068],[28.077,41.003],[27.527,41.068],[27.181,40.744],[26.621,40.679],[26.072,40.744],[26.082,40.874],[25.849,40.938],[24.347,41.003],[24.011,40.744],[23.698,40.809],[23.685,40.614],[23.839,40.55],[23.737,40.226],[23.267,40.291],[22.884,40.485],[22.892,40.614],[22.655,40.614],[22.56,40.355],[22.544,40.096],[22.702,40.096],[22.611,39.902],[23.135,39.45],[22.816,39.385],[22.797,39.062],[22.958,39.126],[23.493,38.868],[23.332,38.803],[23.025,38.933],[22.936,38.739],[23.167,38.674],[23.313,38.481],[23.626,38.481],[23.563,38.739],[24.03,38.674],[24.179,38.545],[24.159,38.222],[23.936,38.416],[23.857,38.416],[23.145,38.287],[23.059,38.158],[22.981,38.158],[22.988,38.287],[22.525,38.416],[22.447,38.416],[22.547,38.803],[22.39,38.803],[22.397,38.933],[22.558,38.997],[22.49,39.191],[21.7,39.126],[21.536,38.997],[21.54,39.062],[21.461,39.062],[21.471,39.256],[20.943,39.708],[20.806,40.096],[20.569,40.096],[20.747,40.485],[20.991,40.614],[21.002,40.809],[20.699,41.068],[20.54,41.068],[20.547,41.198],[20.876,41.392],[20.803,41.522],[21.125,41.587],[21.049,41.652],[21.14,41.847],[21.061,41.847],[21.08,42.171],[22.455,42.431],[22.442,42.236],[22.593,42.106],[22.753,42.106],[23.054,41.847],[23.528,41.782],[23.669,41.522],[24.231,41.587],[24.236,41.652],[24.554,41.652]]],[[[24.794,40.614],[24.551,40.55],[24.491,40.809],[24.57,40.809],[24.808,40.809],[24.794,40.614]]],[[[25.166,41.327],[25.245,41.327],[25.24,41.263],[25.161,41.263],[25.166,41.327]]]]}},{"type":"Feature","id":"cliopatria-19edfcd4d69b56a5257c6a3e","properties":{"NAME":"Athenian Coalition","ABBREVN":null,"CONTROL":null,"SUBJECTO":"Athenian Coalition","PARTOF":null,"BORDERPRECISION":1,"FromYear":-264,"ToYear":-257,"Area":10805.118571148016,"Type":"POLITY","Wikipedia":"Peloponnesian War","Wikidata":"Q33745","SeshatID":"","Components":"","MemberOf":"","sourceFeatureId":"cliopatria-19edfcd4d69b56a5257c6a3e","datasetId":"cliopatria"},"geometry":{"type":"MultiPolygon","coordinates":[[[[22.965,36.417],[23.117,36.353],[23.107,36.16],[22.874,36.16],[22.887,36.417],[22.965,36.417]]],[[[23.402,37.319],[23.169,37.319],[23.176,37.448],[22.949,37.577],[22.714,37.577],[22.701,37.319],[22.853,37.255],[23.056,36.675],[22.833,36.868],[22.599,36.868],[22.512,36.675],[22.36,36.739],[22.363,36.804],[22.392,37.384],[22.562,37.642],[22.579,37.964],[22.582,38.029],[22.97,37.964],[23.055,38.093],[23.059,38.158],[23.145,38.287],[23.857,38.416],[23.853,38.351],[24.084,38.287],[23.979,37.835],[23.208,38.029],[23.037,37.771],[23.108,37.642],[23.342,37.642],[23.339,37.577],[23.402,37.319]]]]}},{"type":"Feature","id":"cliopatria-56543c9b0ae23e6137bd0f6f","properties":{"NAME":"Carthage","ABBREVN":null,"CONTROL":null,"SUBJECTO":"Carthage","PARTOF":null,"BORDERPRECISION":1,"FromYear":-264,"ToYear":-257,"Area":217284.20812643165,"Type":"POLITY","Wikipedia":"Ancient Carthage","Wikidata":"Q2429397","SeshatID":"tn_carthage_emp","Components":"","MemberOf":"","sourceFeatureId":"cliopatria-56543c9b0ae23e6137bd0f6f","datasetId":"cliopatria"},"geometry":{"type":"MultiPolygon","coordinates":[[[[11.083,35.58],[11.083,35.387],[11.006,35.387],[11.083,35.001],[10.851,34.937],[10.851,34.808],[10.543,34.551],[10.004,34.293],[10.082,34.229],[10.006,33.907],[10.237,33.715],[10.544,33.715],[10.698,33.522],[11.082,33.586],[11.158,33.2],[11.464,33.2],[12.229,32.814],[12.612,32.879],[12.535,32.75],[12.841,32.75],[12.842,32.879],[13.302,32.943],[13.454,32.814],[13.761,32.879],[13.759,32.75],[14.065,32.75],[14.444,32.493],[14.675,32.557],[14.749,32.429],[15.055,32.429],[15.282,32.3],[15.425,31.658],[15.576,31.593],[15.649,31.4],[16.179,31.208],[16.864,31.208],[17.847,30.951],[18.222,30.758],[18.592,30.372],[18.896,30.372],[18.814,30.115],[18.586,30.115],[18.216,30.501],[17.161,30.886],[15.569,31.143],[15.193,31.465],[15.05,32.107],[14.899,32.236],[14.517,32.172],[14.443,32.365],[13.758,32.622],[11.998,32.622],[12.076,32.75],[11.617,32.943],[11.081,32.879],[10.698,33.136],[10.468,33.136],[10.468,33.264],[9.854,33.393],[9.624,33.329],[9.547,33.522],[9.316,33.586],[9.083,34.036],[8.929,34.036],[9.003,34.358],[8.926,34.358],[8.846,34.744],[8.459,34.872],[8.229,34.808],[8.073,34.937],[7.906,35.966],[7.828,35.966],[7.902,36.224],[7.586,36.61],[6.965,36.61],[6.889,36.482],[6.422,36.546],[6.347,36.417],[5.879,36.482],[5.649,36.353],[2.775,36.417],[2.316,36.224],[2.003,36.288],[2.008,36.16],[1.155,36.16],[1.005,36.031],[0.772,36.031],[0.479,35.645],[-0.292,35.58],[-1.04,35.065],[-1.198,35.13],[-1.346,35.001],[-1.806,34.937],[-1.876,34.808],[-2.809,34.937],[-4.734,34.872],[-4.743,35.001],[-5.214,35.13],[-5.39,35.451],[-5.627,35.516],[-5.9,35.001],[-5.815,34.872],[-5.969,34.872],[-6.242,34.358],[-6.157,34.229],[-6.31,34.229],[-6.601,33.972],[-6.592,33.843],[-6.814,33.715],[-6.728,33.586],[-7.184,33.522],[-7.474,33.264],[-7.875,33.522],[-7.13,33.843],[-7.062,33.972],[-6.904,33.907],[-6.614,34.165],[-6.7,34.293],[-6.473,34.358],[-6.482,34.486],[-6.264,34.679],[-6.205,34.937],[-6.291,35.065],[-6.132,35.001],[-5.95,35.709],[-5.571,35.838],[-5.339,35.838],[-5.24,35.516],[-4.755,35.194],[-3.132,35.194],[-2.982,35.258],[-2.993,35.451],[-2.838,35.451],[-2.82,35.13],[-2.662,35.065],[-1.89,35.065],[-1.591,35.258],[-1.359,35.258],[-1.136,35.451],[-1.224,35.645],[-1.066,35.58],[-0.917,35.709],[-0.53,35.709],[-0.459,35.838],[0.084,35.838],[0.376,36.224],[0.684,36.288],[0.678,36.417],[0.914,36.353],[1.216,36.546],[1.53,36.482],[2.377,36.675],[2.69,36.61],[2.841,36.739],[3.23,36.739],[3.459,36.868],[3.85,36.804],[4.235,36.933],[4.859,36.868],[5.098,36.675],[5.564,36.675],[5.639,36.804],[6.106,36.804],[6.103,36.933],[6.334,37.062],[6.805,36.868],[7.194,36.868],[7.346,37.062],[7.502,37.062],[7.738,36.868],[8.516,36.868],[8.903,37.126],[9.059,37.062],[9.37,37.255],[9.759,37.319],[9.993,37.19],[10.227,37.255],[10.228,37.062],[10.305,37.062],[10.228,36.804],[10.462,36.739],[11.006,36.997],[11.006,36.804],[10.462,36.417],[10.54,36.353],[10.464,35.902],[10.851,35.709],[10.851,35.645],[11.083,35.58]]],[[[14.568,35.773],[14.337,35.838],[14.34,36.031],[14.417,36.031],[14.571,35.966],[14.568,35.773]]],[[[-3.851,36.804],[-4.469,36.739],[-4.689,36.546],[-5.228,36.482],[-5.288,36.224],[-5.516,36.16],[-5.585,36.031],[-5.831,36.224],[-6.064,36.224],[-6.248,36.61],[-5.918,36.353],[-5.452,36.353],[-5.306,36.482],[-5.31,36.546],[-4.555,36.868],[-3.851,36.804]]],[[[12.961,37.9],[12.96,37.771],[14.591,37.19],[14.51,36.997],[14.123,37.19],[13.578,37.255],[13.192,37.577],[12.49,37.706],[12.492,37.9],[12.65,38.093],[13.04,38.029],[13.12,38.158],[13.355,38.158],[13.665,37.964],[14.056,37.964],[15.076,38.158],[14.993,37.9],[14.131,37.771],[14.053,37.771],[13.431,37.964],[12.961,37.9]]],[[[1.658,38.997],[1.431,38.803],[1.274,38.803],[1.183,39.062],[1.259,39.126],[1.337,39.126],[1.652,39.126],[1.658,38.997]]],[[[9.822,40.744],[9.823,40.355],[9.665,40.291],[9.747,39.644],[9.669,39.644],[9.593,39.126],[9.12,39.191],[8.966,38.868],[8.73,38.868],[8.336,38.997],[8.412,39.256],[8.333,39.256],[8.33,39.514],[8.409,39.514],[8.483,39.902],[8.325,39.967],[8.4,40.291],[8.321,40.291],[8.319,40.485],[8.16,40.55],[8.155,40.938],[8.552,40.874],[9.025,41.263],[9.104,41.263],[9.502,41.198],[9.822,40.744]]],[[[9.493,42.756],[9.574,42.756],[9.578,41.976],[9.498,41.976],[9.499,41.782],[9.262,41.392],[9.104,41.327],[8.784,41.522],[8.782,41.717],[8.623,41.717],[8.7,41.911],[8.539,42.106],[8.535,42.496],[8.773,42.691],[9.173,42.756],[9.251,43.017],[9.331,43.017],[9.492,43.017],[9.493,42.756]]]]}},{"type":"Feature","id":"cliopatria-6fecc3ff534c793aba9803d9","properties":{"NAME":"Greek Colonies","ABBREVN":null,"CONTROL":null,"SUBJECTO":"Greek Colonies","PARTOF":null,"BORDERPRECISION":1,"FromYear":-264,"ToYear":-257,"Area":70475.39613553214,"Type":"POLITY","Wikipedia":"Greek colonisation","Wikidata":"Q828047","SeshatID":"","Components":"","MemberOf":"","sourceFeatureId":"cliopatria-6fecc3ff534c793aba9803d9","datasetId":"cliopatria"},"geometry":{"type":"MultiPolygon","coordinates":[[[[24.157,35.516],[24.15,35.387],[24.301,35.323],[25.692,35.323],[25.681,35.13],[26.225,35.194],[26.14,35.065],[24.824,35.001],[24.757,35.194],[24.526,35.194],[24.448,35.194],[23.679,35.258],[23.615,35.516],[24.157,35.516]]],[[[27.617,37.384],[27.773,37.384],[27.778,37.448],[28.241,37.384],[28.309,37.255],[28.304,37.19],[28.138,37.062],[27.598,37.126],[27.617,37.384]]],[[[15.228,37.9],[15.066,37.642],[15.059,37.255],[15.214,37.19],[15.05,36.739],[14.661,36.739],[14.431,36.933],[14.589,37.126],[14.903,37.255],[14.753,37.577],[14.754,37.642],[14.992,37.835],[14.994,37.964],[15.228,37.9]]],[[[20.32,38.158],[20.328,38.351],[20.488,38.416],[20.566,38.416],[20.795,38.287],[20.786,38.093],[20.32,38.158]]],[[[21.272,38.416],[20.898,38.803],[20.741,38.803],[20.748,38.933],[21.14,38.933],[21.15,39.126],[21.464,39.126],[21.54,39.062],[21.53,38.868],[21.451,38.868],[21.448,38.803],[21.288,38.739],[21.35,38.416],[21.272,38.416]]],[[[-0.345,39.708],[-0.314,39.126],[0.096,38.803],[-0.126,38.545],[-0.539,38.933],[-0.567,39.45],[-0.571,39.514],[-0.514,39.902],[-0.202,39.967],[-0.345,39.708]]],[[[27.378,42.041],[27.384,42.106],[27.464,42.106],[27.317,42.236],[27.329,42.366],[27.175,42.431],[27.193,42.626],[27.657,43.277],[27.998,43.472],[28.119,43.863],[28.3,44.059],[28.341,44.451],[28.422,44.451],[28.368,44.712],[28.64,44.973],[28.802,44.973],[28.841,44.581],[28.577,44.385],[28.536,43.994],[28.616,43.994],[28.481,43.472],[28.159,43.472],[28.226,43.342],[27.898,43.277],[27.805,43.147],[27.853,42.821],[27.847,42.756],[27.514,42.626],[27.495,42.431],[27.796,42.236],[27.924,41.911],[27.612,41.976],[27.538,42.041],[27.532,41.976],[27.452,41.976],[27.458,42.041],[27.378,42.041]],[[27.538,42.041],[27.464,42.106],[27.458,42.041],[27.538,42.041]]],[[[5.387,43.407],[5.063,43.472],[4.178,43.472],[4.173,43.603],[3.851,43.603],[2.985,43.147],[3.01,42.561],[3.178,42.366],[3.04,41.847],[2.698,42.366],[2.775,42.431],[2.669,43.017],[2.75,43.017],[2.741,43.212],[3.446,43.668],[4.728,43.863],[5.87,43.407],[6.594,43.407],[6.597,43.277],[6.278,43.147],[6.198,43.147],[5.796,43.147],[5.632,43.277],[5.391,43.277],[5.387,43.407]]],[[[27.743,35.902],[27.693,36.288],[28.017,36.482],[28.095,36.482],[28.25,36.482],[28.139,36.031],[27.743,35.902]]],[[[40.381,41.003],[40.46,41.003],[40.598,40.874],[40.578,40.744],[40.409,40.679],[39.616,40.679],[39.398,40.809],[39.002,40.809],[38.824,40.679],[37.873,40.679],[37.355,40.938],[36.509,41.133],[36.527,41.263],[36.607,41.263],[36.775,41.327],[37.065,41.133],[37.233,41.198],[37.215,41.068],[37.771,41.068],[37.831,40.938],[38.158,41.003],[38.298,40.874],[38.952,41.003],[38.962,41.068],[39.21,41.133],[39.736,40.938],[40.381,41.003]]],[[[28.206,41.522],[28.285,41.522],[28.279,41.457],[28.976,41.263],[28.963,41.133],[29.367,41.198],[29.255,40.874],[29.103,40.938],[29.116,41.068],[28.639,41.068],[28.56,41.068],[28.163,41.068],[28.083,41.068],[28.206,41.522]]],[[[31.592,41.198],[31.512,41.198],[31.361,41.263],[31.693,41.392],[31.592,41.198]]],[[[35.086,41.782],[35.006,41.782],[35.015,41.847],[34.793,41.976],[35.121,42.041],[35.086,41.782]]],[[[35.125,44.908],[34.376,44.777],[33.926,44.451],[33.449,44.516],[33.61,45.104],[33.459,45.187],[33.78,45.155],[33.917,44.973],[34.986,45.3],[35.02,45.3],[35.183,45.3],[35.154,45.104],[35.235,45.104],[35.125,44.908]]],[[[31.567,46.94],[31.533,46.677],[30.877,46.677],[30.298,45.955],[30.045,45.89],[29.859,45.693],[29.614,45.693],[29.644,45.955],[30.189,46.415],[30.271,46.415],[30.458,46.612],[31.065,46.874],[31.082,47.006],[31.567,46.94]]],[[[38.667,47.598],[39.079,47.598],[39.138,47.466],[39.126,47.401],[39.197,47.335],[38.35,47.203],[38.385,47.401],[38.667,47.598]]]]}},{"type":"Feature","id":"cliopatria-4b260c18c37a3195fa548dd4","properties":{"NAME":"Mamertines","ABBREVN":null,"CONTROL":null,"SUBJECTO":"Mamertines","PARTOF":null,"BORDERPRECISION":1,"FromYear":-264,"ToYear":-257,"Area":933.8103574551993,"Type":"POLITY","Wikipedia":"Mamertines","Wikidata":"Q1164281","SeshatID":"","Components":"","MemberOf":"","sourceFeatureId":"cliopatria-4b260c18c37a3195fa548dd4","datasetId":"cliopatria"},"geometry":{"type":"MultiPolygon","coordinates":[[[[15.387,38.029],[15.309,38.029],[15.306,37.9],[15.15,37.9],[15.076,38.158],[15.627,38.287],[15.624,38.158],[15.389,38.158],[15.387,38.029]]]]}},{"type":"Feature","id":"cliopatria-0d6e926bc97d5305bd314010","properties":{"NAME":"Ptolemaic Kingdom","ABBREVN":null,"CONTROL":null,"SUBJECTO":"Ptolemaic Kingdom","PARTOF":null,"BORDERPRECISION":1,"FromYear":-264,"ToYear":-257,"Area":754551.3774517991,"Type":"POLITY","Wikipedia":"Ptolemaic Kingdom","Wikidata":"Q2320005","SeshatID":"eg_ptolemaic_k_1","Components":"","MemberOf":"","sourceFeatureId":"cliopatria-0d6e926bc97d5305bd314010","datasetId":"cliopatria"},"geometry":{"type":"MultiPolygon","coordinates":[[[[25.331,36.997],[25.339,37.126],[25.417,37.126],[25.573,37.126],[25.564,36.997],[25.331,36.997]]],[[[24.201,37.642],[24.283,37.706],[24.361,37.706],[24.432,37.577],[24.272,37.513],[24.201,37.642]]],[[[25.052,37.513],[24.986,37.706],[25.064,37.706],[25.22,37.706],[25.286,37.513],[25.052,37.513]]],[[[25.988,37.513],[26.08,37.706],[26.158,37.706],[26.314,37.706],[26.305,37.577],[25.988,37.513]]],[[[24.682,37.835],[24.694,38.029],[24.772,38.029],[25.068,37.771],[24.83,37.706],[24.682,37.835]]],[[[24.357,38.868],[24.365,38.997],[24.444,38.997],[24.675,38.933],[24.662,38.739],[24.357,38.868]]],[[[24.974,39.838],[25.067,40.032],[25.146,40.032],[25.462,40.032],[25.447,39.838],[24.974,39.838]]],[[[25.719,40.291],[25.798,40.291],[26.035,40.291],[26.025,40.161],[25.704,40.096],[25.719,40.291]]],[[[26.309,40.744],[26.542,40.679],[26.066,40.679],[26.23,40.744],[26.309,40.744]]],[[[37.573,33.65],[37.073,33.264],[37.054,33.072],[36.901,33.072],[36.717,32.75],[36.751,32.3],[36.516,32.236],[36.656,32.107],[36.492,31.979],[36.463,31.658],[36.387,31.658],[36.423,31.208],[35.662,31.208],[35.499,31.079],[35.352,31.143],[34.621,30.565],[34.611,30.436],[34.389,30.501],[34.303,30.372],[33.838,30.244],[32.919,30.115],[32.91,29.987],[32.758,29.987],[32.673,29.858],[32.526,29.922],[32.442,29.794],[32.689,28.958],[32.836,28.894],[33.105,28.38],[33.609,27.994],[33.585,27.608],[33.799,27.415],[33.927,27.029],[34.073,26.965],[34.051,26.579],[34.197,26.515],[34.461,25.872],[34.608,25.808],[35.146,24.651],[35.86,24.008],[35.854,23.879],[35.559,23.943],[35.553,23.815],[35.108,23.879],[33.756,23.686],[33.682,23.686],[33.389,23.815],[32.041,23.686],[31.67,23.751],[30.537,23.365],[30.463,23.365],[30.395,23.558],[30.104,23.751],[30.109,23.879],[29.959,23.879],[29.673,24.201],[28.569,24.651],[28.289,25.165],[28.244,25.936],[28.345,26.579],[28.27,26.579],[28.154,27.351],[27.937,27.544],[27.711,27.544],[27.792,27.672],[27.43,27.994],[27.276,27.93],[27.285,28.122],[27.068,28.315],[26.252,28.637],[26.182,28.765],[25.662,28.958],[25.446,29.215],[24.925,29.408],[24.928,29.472],[24.939,29.729],[24.796,29.922],[24.819,30.436],[25.059,30.694],[24.937,31.336],[25.102,31.593],[25.178,31.593],[25.248,31.465],[26.848,31.465],[27.297,31.336],[27.515,31.143],[28.496,31.015],[28.865,30.822],[29.397,30.822],[29.485,31.015],[29.633,30.951],[29.87,31.079],[29.802,31.208],[29.882,31.272],[30.339,31.272],[30.271,31.4],[30.352,31.465],[30.809,31.465],[30.966,31.529],[30.975,31.658],[31.203,31.658],[31.118,31.529],[31.266,31.465],[31.875,31.465],[31.781,31.208],[31.937,31.272],[32,31.079],[32.304,31.079],[32.237,31.208],[32.532,31.079],[32.765,31.143],[32.832,31.015],[33.983,31.143],[34.297,31.272],[34.308,31.4],[34.633,31.658],[34.573,31.85],[34.813,31.979],[34.77,32.365],[35.022,32.622],[35.056,33.007],[35.215,33.072],[35.398,33.393],[35.346,33.65],[35.499,33.65],[35.447,33.907],[35.684,33.972],[35.644,34.358],[35.792,34.293],[36.049,34.551],[36.068,34.744],[35.927,34.872],[35.96,35.194],[35.882,35.194],[35.889,35.258],[36.269,35.194],[36.165,34.937],[36.313,34.872],[36.293,34.679],[36.441,34.615],[36.562,34.293],[36.87,34.293],[37.004,34.1],[37.389,34.1],[37.382,34.036],[37.599,33.907],[37.649,33.65],[37.573,33.65]]],[[[33.957,35.258],[34.087,35.001],[33.695,34.937],[33.523,34.744],[33.132,34.679],[33.044,34.551],[32.367,34.744],[32.229,34.937],[32.246,35.13],[32.555,35.13],[32.875,35.258],[32.887,35.387],[33.737,35.387],[34.31,35.709],[34.387,35.709],[34.542,35.709],[34.529,35.58],[33.957,35.258]]],[[[29.938,36.224],[29.24,36.224],[29.125,36.739],[28.357,36.868],[28.187,36.675],[28.031,36.675],[28.226,37.19],[28.304,37.19],[29.369,36.868],[29.363,36.804],[29.441,36.804],[29.446,36.868],[30.619,36.933],[30.613,36.868],[30.536,36.868],[30.53,36.804],[30.492,36.353],[30.026,36.353],[29.938,36.224]]],[[[27.039,36.933],[27.117,36.933],[27.185,36.804],[26.865,36.675],[27.039,36.933]]],[[[27.195,36.933],[27.209,37.126],[27.286,37.126],[27.442,37.126],[27.35,36.933],[27.195,36.933]]],[[[38.02,36.997],[37.997,36.804],[37.275,36.61],[36.265,36.61],[36.272,36.675],[36.145,36.933],[35.834,36.933],[35.488,36.61],[35.113,36.739],[34.95,36.675],[34.893,36.868],[34.582,36.868],[34.251,36.675],[33.979,36.288],[32.558,36.031],[32.499,36.224],[31.918,36.675],[31.841,36.675],[31.738,37.255],[31.588,37.319],[31.618,37.642],[32.034,37.9],[33.675,37.9],[34.358,37.706],[35.671,37.577],[35.998,37.706],[36.348,38.029],[37.115,37.9],[37.764,38.093],[39.172,38.093],[39.599,37.771],[39.549,37.384],[39.307,37.319],[39.299,37.255],[38.27,37.126],[38.176,36.997],[38.02,36.997]]],[[[27.275,38.029],[27.51,38.029],[27.5,37.9],[27.656,37.9],[27.7,37.448],[27.778,37.448],[27.773,37.384],[27.223,37.319],[27.31,37.448],[27.163,37.577],[27.256,37.771],[27.183,37.835],[27.187,37.9],[27.192,37.964],[27.27,37.964],[27.275,38.029]]],[[[26.257,40.096],[26.262,40.161],[26.267,40.226],[26.272,40.291],[26.351,40.291],[26.357,40.355],[26.605,40.485],[26.678,40.42],[26.673,40.355],[26.257,40.096]]],[[[26.768,40.55],[26.774,40.614],[26.785,40.744],[27.102,40.744],[26.921,40.485],[26.768,40.55]]]]}},{"type":"Feature","id":"cliopatria-be45b3a0f4cb4d639ab8a5a8","properties":{"NAME":"Roman Republic","ABBREVN":null,"CONTROL":null,"SUBJECTO":"Roman Republic","PARTOF":null,"BORDERPRECISION":1,"FromYear":-264,"ToYear":-257,"Area":118455.07418260787,"Type":"POLITY","Wikipedia":"Roman Republic","Wikidata":"Q175881","SeshatID":"it_roman_rep_1","Components":"","MemberOf":"","sourceFeatureId":"cliopatria-be45b3a0f4cb4d639ab8a5a8","datasetId":"cliopatria"},"geometry":{"type":"MultiPolygon","coordinates":[[[[14.372,42.301],[14.608,42.106],[14.769,42.171],[14.766,42.041],[14.924,41.976],[15.165,42.041],[15.241,41.911],[16.119,41.911],[16.115,41.782],[15.874,41.717],[15.866,41.457],[16.258,41.263],[16.733,41.198],[17.436,40.874],[17.511,40.744],[17.981,40.614],[18.438,40.161],[18.349,39.902],[18.112,39.902],[17.813,40.355],[17.418,40.355],[17.345,40.55],[16.868,40.485],[16.943,40.355],[16.624,40.291],[16.697,40.096],[16.457,39.967],[16.447,39.644],[16.916,39.514],[17.07,39.385],[17.138,39.062],[16.663,38.933],[16.502,38.803],[16.492,38.416],[15.933,37.964],[15.698,37.964],[15.627,38.287],[15.942,38.351],[15.95,38.674],[16.265,38.739],[16.27,38.933],[16.117,39.062],[15.899,39.773],[15.666,39.902],[15.748,40.032],[15.432,40.032],[15.199,40.226],[15.041,40.226],[14.893,40.679],[14.418,40.679],[14.422,40.874],[14.105,40.874],[13.951,41.133],[13.792,41.133],[13.715,41.263],[13,41.327],[12.131,41.911],[12.132,42.041],[11.813,42.106],[11.655,42.366],[11.495,42.301],[11.415,42.431],[11.255,42.431],[11.176,42.626],[11.016,42.626],[11.016,42.821],[10.535,43.082],[10.293,43.798],[11.825,43.733],[11.745,43.863],[11.908,44.059],[12.474,44.124],[12.873,43.798],[13.036,43.863],[13.034,43.733],[13.355,43.668],[13.673,43.407],[13.747,43.082],[13.985,42.951],[13.901,42.756],[14.292,42.301],[14.372,42.301]]],[[[10.214,42.886],[10.455,42.886],[10.455,42.691],[10.215,42.691],[10.134,42.886],[10.214,42.886]]]]}},{"type":"Feature","id":"cliopatria-934eb02f672ead01b0e2909b","properties":{"NAME":"Seleucid Empire","ABBREVN":null,"CONTROL":null,"SUBJECTO":"Seleucid Empire","PARTOF":null,"BORDERPRECISION":1,"FromYear":-264,"ToYear":-257,"Area":2680826.886174805,"Type":"POLITY","Wikipedia":"Seleucid dynasty","Wikidata":"Q705904","SeshatID":"ir_seleucid_emp","Components":"","MemberOf":"","sourceFeatureId":"cliopatria-934eb02f672ead01b0e2909b","datasetId":"cliopatria"},"geometry":{"type":"MultiPolygon","coordinates":[[[[69.28,39.45],[69.359,39.45],[69.364,39.191],[69.521,39.191],[69.405,39.062],[69.568,38.803],[70.316,38.674],[70.358,38.545],[70.63,38.674],[70.593,38.545],[71.202,38.481],[71.364,38.222],[71.779,38.029],[71.941,37.771],[72.434,37.577],[72.416,37.513],[71.825,37.062],[71.661,36.739],[71.138,36.224],[71.061,36.224],[70.14,35.645],[70.093,35.451],[69.876,35.516],[69.598,35.323],[69.366,35.323],[69.335,35.194],[69.026,35.194],[68.517,35.001],[68.395,34.808],[68.101,34.872],[67.825,34.679],[67.609,34.744],[67.088,34.486],[66.458,34.422],[66.352,34.293],[65.751,34.358],[65.387,34.1],[65.242,33.779],[65.062,33.65],[65.035,33.522],[65.112,33.522],[64.982,33.264],[64.829,33.264],[64.687,32.943],[64.355,32.814],[64.406,32.686],[63.873,32.3],[63.643,32.3],[63.442,32.043],[63.301,32.107],[62.89,31.529],[62.726,31.465],[62.124,30.629],[61.68,30.244],[61.37,29.729],[61.027,29.472],[60.244,28.251],[59.395,27.544],[58.994,27.351],[58.978,27.222],[58.836,27.287],[58.745,27.158],[58.594,27.158],[58.428,27.029],[58.405,26.837],[58.262,26.901],[57.773,26.579],[57.483,26.001],[57.529,25.744],[57.38,25.744],[57.176,25.936],[57.052,26.837],[56.715,27.158],[56.188,27.158],[56.098,27.029],[56.324,27.029],[56.309,26.901],[56.061,26.708],[55.289,26.515],[55.31,26.708],[55.543,26.772],[55.242,26.772],[54.989,26.515],[54.681,26.451],[54.259,26.708],[53.658,26.708],[53.461,26.965],[52.737,27.222],[52.479,27.608],[52.049,27.801],[51.453,27.865],[51.066,28.444],[51.028,28.765],[50.809,28.83],[50.915,29.087],[50.62,29.151],[50.651,29.408],[50.236,29.729],[50.065,30.179],[49.586,29.987],[48.943,30.308],[48.987,30.051],[48.365,29.922],[48.404,29.601],[48.093,29.537],[47.646,29.601],[47.29,29.794],[46.979,29.729],[46.994,29.858],[46.85,29.922],[46.615,29.858],[46.591,30.308],[45.77,30.436],[44.955,31.272],[44.581,31.336],[44.459,31.593],[43.153,32.814],[42.709,32.943],[42.578,33.136],[42.065,33.329],[42.003,33.457],[41.489,33.65],[41.427,33.779],[41.273,33.779],[41.212,33.907],[40.912,33.972],[40.704,34.165],[40.311,34.1],[40.403,34.229],[40.257,34.293],[39.124,34.486],[37.99,33.972],[37.739,33.779],[37.726,33.65],[37.649,33.65],[37.599,33.907],[37.382,34.036],[37.389,34.1],[37.004,34.1],[36.87,34.293],[36.562,34.293],[36.441,34.615],[36.293,34.679],[36.313,34.872],[36.165,34.937],[36.269,35.194],[35.889,35.258],[35.896,35.323],[35.993,35.516],[35.845,35.58],[35.872,35.838],[35.99,36.224],[35.849,36.353],[36.187,36.61],[36.265,36.61],[37.275,36.61],[37.997,36.804],[38.02,36.997],[38.176,36.997],[38.27,37.126],[39.299,37.255],[39.307,37.319],[39.549,37.384],[39.599,37.771],[39.172,38.093],[37.764,38.093],[37.115,37.9],[36.348,38.029],[35.998,37.706],[35.671,37.577],[34.358,37.706],[33.675,37.9],[32.034,37.9],[31.618,37.642],[31.588,37.319],[31.738,37.255],[31.841,36.675],[31.763,36.675],[31.392,36.868],[30.697,36.933],[30.619,36.933],[29.446,36.868],[29.369,36.868],[28.304,37.19],[28.309,37.255],[28.241,37.384],[27.778,37.448],[27.7,37.448],[27.656,37.9],[27.5,37.9],[27.51,38.029],[27.275,38.029],[27.197,38.029],[26.889,38.093],[26.82,38.222],[26.429,38.222],[26.384,38.674],[26.536,38.61],[26.595,38.351],[27.065,38.351],[27.075,38.481],[27.08,38.545],[27.31,38.481],[27.482,38.674],[27.639,38.674],[27.812,38.868],[27.833,39.126],[27.754,39.126],[27.77,39.32],[27.466,39.45],[26.841,39.514],[26.847,39.579],[26.132,39.514],[26.252,40.032],[26.257,40.096],[26.673,40.355],[26.752,40.355],[27.47,40.42],[27.538,40.291],[27.696,40.291],[27.792,40.485],[27.95,40.485],[27.939,40.355],[29.046,40.355],[28.9,40.485],[28.913,40.614],[29.401,40.744],[29.48,40.744],[29.559,40.744],[29.54,40.55],[29.936,40.55],[29.923,40.42],[30.068,40.291],[30.457,40.226],[30.602,40.096],[30.589,39.967],[31.299,39.967],[31.378,39.967],[31.233,39.32],[31.443,39.062],[31.424,38.868],[33.274,38.545],[34.479,38.803],[34.767,39.256],[34.726,39.579],[34.828,39.773],[35.294,39.708],[35.435,39.579],[36.933,39.579],[37.861,39.45],[38.752,39.062],[39.45,38.416],[40.451,38.287],[40.598,38.222],[40.572,38.029],[41.667,38.029],[41.961,37.9],[42.508,37.9],[43.945,37.577],[44.413,37.577],[44.774,37.384],[44.745,37.19],[44.871,36.997],[45.251,36.933],[45.118,36.031],[45.195,36.031],[45.217,35.645],[46.031,35.387],[47.954,35.323],[48.774,35.13],[49.413,35.258],[49.608,35.516],[50.48,35.645],[50.855,36.031],[52.008,36.417],[52.108,36.546],[52.186,36.546],[53.088,36.804],[54.033,36.868],[54.095,37.19],[53.976,37.384],[54.703,37.513],[54.846,37.835],[55.289,38.093],[56.228,38.093],[56.674,38.351],[57.55,38.416],[58.627,38.674],[60.256,39.256],[60.618,39.45],[60.65,39.579],[60.949,39.514],[62.502,40.032],[62.879,39.967],[63.467,40.096],[64.889,40.096],[65.23,39.902],[65.564,39.967],[66.22,39.773],[68.53,39.579],[68.624,39.902],[68.997,40.096],[69.036,40.226],[69.273,40.226],[69.272,40.485],[69.193,40.485],[69.272,40.744],[69.61,40.809],[69.807,40.679],[70.564,41.068],[70.682,40.938],[70.641,40.809],[70.779,40.744],[70.738,40.614],[69.846,40.291],[69.886,40.161],[69.334,39.902],[69.337,39.644],[69.416,39.644],[69.28,39.45]]],[[[70.202,35.58],[70.218,35.645],[70.295,35.645],[70.279,35.58],[70.202,35.58]]],[[[26.217,38.545],[26.111,38.158],[25.876,38.158],[25.899,38.481],[25.821,38.481],[25.913,38.674],[25.991,38.674],[26.217,38.545]]],[[[26.644,38.997],[26.246,38.933],[26.094,38.997],[26.103,39.126],[25.793,39.191],[26.044,39.385],[26.123,39.385],[26.511,39.32],[26.644,38.997]]],[[[70.36,40.42],[70.44,40.42],[70.419,40.355],[70.34,40.355],[70.36,40.42]]]]}},{"type":"Feature","id":"cliopatria-5ea5b49ee440492eee6e61fe","properties":{"NAME":"(Warring States China)","ABBREVN":null,"CONTROL":null,"SUBJECTO":"(Warring States China)","PARTOF":null,"BORDERPRECISION":1,"FromYear":-256,"ToYear":-248,"Area":1632915.6152320344,"Type":"POLITY","Wikipedia":"Warring States Period","Wikidata":"Q185063","SeshatID":"","Components":"Qin;Yan;Wei;Wey;Qi;Chu;Lu;Han;Zhao","MemberOf":"","sourceFeatureId":"cliopatria-5ea5b49ee440492eee6e61fe","datasetId":"cliopatria"},"geometry":{"type":"MultiPolygon","coordinates":[[[[120.489,34.165],[120.55,33.586],[120.926,33.2],[120.919,32.622],[121.403,32.493],[121.503,32.172],[121.961,31.979],[121.937,31.722],[121.836,31.658],[121.301,31.85],[120.919,31.85],[121.454,31.658],[121.481,31.529],[121.634,31.529],[121.584,31.4],[121.737,31.4],[121.995,31.079],[121.899,30.822],[121.519,30.822],[120.801,30.308],[120.725,30.308],[120.521,30.372],[119.703,29.987],[118.36,29.601],[116.736,29.729],[116.27,29.922],[116.129,30.179],[116.151,30.244],[116.119,30.372],[115.685,30.436],[115.208,30.372],[114.872,30.501],[114.113,30.501],[113.951,30.244],[113.584,30.051],[113.267,29.537],[112.904,29.344],[111.996,29.344],[111.809,29.472],[111.299,29.537],[110.662,29.922],[110.359,29.922],[110.379,29.987],[110.303,29.987],[109.617,29.729],[109.406,29.537],[109.274,29.601],[109.16,29.472],[108.667,29.344],[108.629,29.215],[108.497,29.279],[107.459,28.83],[106.028,28.572],[106.069,28.444],[105.129,28.315],[104.066,28.572],[103.898,28.508],[103.857,28.637],[102.927,28.83],[102.602,29.022],[101.48,29.344],[101.44,29.472],[101.156,29.537],[100.982,29.729],[101.019,29.858],[100.828,29.987],[100.865,30.115],[100.674,30.244],[100.673,30.501],[100.598,30.501],[100.982,31.272],[101.836,32.043],[102.158,32.557],[102.312,33.457],[102.235,33.457],[102.325,33.715],[102.248,33.715],[102.409,34.165],[103.094,34.358],[103.379,34.293],[103.479,34.358],[103.497,34.615],[104.133,34.872],[106.185,35.387],[106.493,35.58],[106.803,35.58],[106.854,35.709],[107.061,35.645],[108.069,36.031],[109.367,36.353],[109.422,36.482],[109.81,36.482],[110.698,36.739],[110.754,36.868],[110.882,36.804],[111.434,36.997],[114.081,39.126],[114.113,39.191],[114.146,39.256],[114.054,39.385],[113.897,39.385],[113.93,39.45],[113.772,39.45],[113.805,39.514],[113.083,39.644],[113.116,39.708],[112.17,39.708],[112.236,39.838],[112.111,39.902],[112.742,40.355],[113.093,40.42],[114.596,40.42],[114.527,40.291],[115.159,40.291],[115.292,40.096],[115.371,40.096],[115.55,39.838],[116.102,39.838],[116.951,40.096],[117.03,40.096],[117.066,40.161],[117.567,40.355],[118.705,40.55],[118.778,40.679],[119.174,40.679],[122.928,41.911],[123.167,41.911],[123.127,41.847],[123.405,41.782],[123.365,41.717],[123.604,41.717],[123.564,41.652],[123.843,41.587],[123.803,41.522],[124.042,41.522],[124.002,41.457],[124.757,41.133],[124.837,41.133],[124.412,40.291],[123.871,39.902],[123.876,39.773],[123.597,39.838],[122.936,39.644],[122.17,39.256],[121.952,38.997],[121.716,38.997],[121.422,38.739],[121.029,38.739],[121.201,39.062],[121.515,39.062],[121.69,39.385],[121.297,39.385],[121.21,39.514],[121.281,39.644],[121.438,39.644],[121.503,39.902],[121.776,39.967],[122.231,40.485],[122.106,40.679],[121.827,40.744],[121.824,40.874],[121.11,40.874],[120.997,40.679],[120.647,40.485],[120.5,40.226],[119.38,39.773],[119.215,39.32],[118.45,39.062],[118.057,39.062],[118.046,39.191],[117.888,39.191],[117.676,38.933],[117.622,38.674],[117.602,38.481],[118.054,38.287],[118.067,38.158],[118.583,38.093],[118.648,38.222],[118.804,38.222],[118.772,38.158],[119.131,38.093],[119.209,38.093],[119.177,38.029],[119.457,37.964],[119.393,37.835],[119.237,37.835],[118.984,37.319],[119.14,37.319],[119.156,37.19],[119.701,37.19],[119.827,37.448],[120.202,37.577],[120.188,37.706],[120.754,37.9],[121.112,37.835],[121.171,37.642],[121.483,37.642],[121.497,37.513],[122.154,37.577],[122.121,37.513],[122.713,37.448],[122.442,37.062],[122.566,36.997],[122.503,36.868],[122.161,36.804],[122.146,36.933],[121.912,36.933],[121.212,36.61],[120.979,36.61],[120.965,36.417],[120.732,36.417],[120.659,36.095],[120.318,36.031],[120.075,35.838],[120.045,35.773],[120.016,35.709],[119.619,35.516],[119.228,34.808],[119.459,34.808],[119.809,34.551],[119.886,34.551],[119.985,34.422],[120.342,34.358],[120.489,34.165]]]]}},{"type":"Feature","id":"cliopatria-e466efc13b075fe47804acc7","properties":{"NAME":"Achaean League","ABBREVN":null,"CONTROL":null,"SUBJECTO":"Achaean League","PARTOF":null,"BORDERPRECISION":1,"FromYear":-256,"ToYear":-248,"Area":2578.770906254791,"Type":"POLITY","Wikipedia":"Achaean League","Wikidata":"Q244796","SeshatID":"","Components":"","MemberOf":"","sourceFeatureId":"cliopatria-e466efc13b075fe47804acc7","datasetId":"cliopatria"},"geometry":{"type":"MultiPolygon","coordinates":[[[[21.416,38.158],[21.729,38.158],[21.742,38.416],[22.134,38.416],[22.287,38.351],[22.28,38.222],[22.44,38.287],[22.433,38.158],[22.586,38.093],[22.582,38.029],[22.266,37.964],[22.12,38.158],[21.963,38.158],[21.957,38.029],[21.412,38.093],[21.416,38.158]]]]}},{"type":"Feature","id":"cliopatria-66799db194cefc342dea9dc3","properties":{"NAME":"Antigonid Macedonia","ABBREVN":null,"CONTROL":null,"SUBJECTO":"Antigonid Macedonia","PARTOF":null,"BORDERPRECISION":1,"FromYear":-256,"ToYear":-248,"Area":128403.71816819013,"Type":"POLITY","Wikipedia":"Antigonid dynasty","Wikidata":"Q237325","SeshatID":"gr_antigonid_emp","Components":"","MemberOf":"","sourceFeatureId":"cliopatria-66799db194cefc342dea9dc3","datasetId":"cliopatria"},"geometry":{"type":"MultiPolygon","coordinates":[[[[23.117,36.353],[23.107,36.16],[22.874,36.16],[22.887,36.417],[22.965,36.417],[23.117,36.353]]],[[[20.922,37.642],[20.613,37.706],[20.621,37.9],[20.699,37.9],[20.934,37.9],[20.922,37.642]]],[[[23.485,38.739],[23.489,38.803],[23.567,38.803],[23.563,38.739],[23.485,38.739]]],[[[24.554,41.652],[24.853,41.392],[24.763,41.263],[26.03,41.198],[26.178,41.068],[26.904,41.198],[27.091,41.522],[27.483,41.457],[27.472,41.327],[27.631,41.327],[27.728,41.522],[28.139,41.652],[28.292,41.587],[28.285,41.522],[28.206,41.522],[28.083,41.068],[28.077,41.003],[27.527,41.068],[27.181,40.744],[26.621,40.679],[26.072,40.744],[26.082,40.874],[25.849,40.938],[24.347,41.003],[24.011,40.744],[23.698,40.809],[23.685,40.614],[23.839,40.55],[23.737,40.226],[22.959,40.42],[22.892,40.614],[22.572,40.55],[22.544,40.096],[22.702,40.096],[22.611,39.902],[23.135,39.45],[22.816,39.385],[22.797,39.062],[22.958,39.126],[23.493,38.868],[23.332,38.803],[23.025,38.933],[22.936,38.739],[23.167,38.674],[23.313,38.481],[23.626,38.481],[23.563,38.739],[24.03,38.674],[24.179,38.545],[24.159,38.222],[24.002,38.222],[23.979,37.835],[23.443,38.029],[23.208,38.029],[23.201,37.9],[23.044,37.9],[23.108,37.642],[23.342,37.642],[23.402,37.319],[23.169,37.319],[23.176,37.448],[22.949,37.577],[22.714,37.577],[22.701,37.319],[22.853,37.255],[23.056,36.675],[22.833,36.868],[22.599,36.868],[22.512,36.675],[22.356,36.675],[22.22,37.062],[21.909,37.062],[21.899,36.868],[21.744,36.868],[21.681,37.19],[21.603,37.19],[21.697,37.513],[21.244,37.835],[21.334,38.093],[21.412,38.093],[21.957,38.029],[21.963,38.158],[22.12,38.158],[22.266,37.964],[22.582,38.029],[22.661,38.029],[22.97,37.964],[23.059,38.158],[22.988,38.287],[22.525,38.416],[22.447,38.416],[22.547,38.803],[22.39,38.803],[22.397,38.933],[22.558,38.997],[22.49,39.191],[21.7,39.126],[21.536,38.997],[21.464,39.126],[21.147,39.062],[21.068,39.062],[20.832,39.062],[20.606,39.256],[20.449,39.256],[20.155,39.708],[19.918,39.708],[19.912,39.579],[19.758,39.644],[19.764,39.773],[20,39.773],[20.009,39.967],[19.63,40.291],[19.471,40.291],[19.486,40.614],[19.249,40.614],[19.255,40.744],[19.334,40.744],[19.733,40.809],[20.19,40.42],[20.427,40.42],[20.493,40.161],[20.651,40.161],[20.743,40.42],[20.988,40.55],[21.078,40.744],[20.619,41.068],[20.63,41.263],[21.125,41.587],[21.16,42.171],[21.239,42.171],[21.407,42.301],[22.455,42.431],[22.442,42.236],[22.593,42.106],[22.753,42.106],[23.054,41.847],[23.528,41.782],[23.669,41.522],[24.231,41.587],[24.236,41.652],[24.554,41.652]]],[[[20.07,39.579],[20.073,39.644],[20.152,39.644],[20.149,39.579],[20.07,39.579]]],[[[25.166,41.327],[25.245,41.327],[25.24,41.263],[25.161,41.263],[25.166,41.327]]]]}},{"type":"Feature","id":"cliopatria-977df9a6df5b99c74bb3a5a9","properties":{"NAME":"Carthage","ABBREVN":null,"CONTROL":null,"SUBJECTO":"Carthage","PARTOF":null,"BORDERPRECISION":1,"FromYear":-256,"ToYear":-248,"Area":210874.71167694635,"Type":"POLITY","Wikipedia":"Ancient Carthage","Wikidata":"Q2429397","SeshatID":"tn_carthage_emp","Components":"","MemberOf":"","sourceFeatureId":"cliopatria-977df9a6df5b99c74bb3a5a9","datasetId":"cliopatria"},"geometry":{"type":"MultiPolygon","coordinates":[[[[10.851,35.773],[10.928,35.58],[11.083,35.58],[11.083,35.387],[11.006,35.387],[11.083,35.001],[10.851,34.937],[10.851,34.808],[10.543,34.551],[10.004,34.293],[10.082,34.229],[10.006,33.907],[10.237,33.715],[10.544,33.715],[10.698,33.522],[11.082,33.586],[11.158,33.2],[11.464,33.2],[12.229,32.814],[12.612,32.879],[12.535,32.75],[12.841,32.75],[12.842,32.879],[13.302,32.943],[13.454,32.814],[13.761,32.879],[13.759,32.75],[14.065,32.75],[14.444,32.493],[14.675,32.557],[14.749,32.429],[15.055,32.429],[15.282,32.3],[15.425,31.658],[15.576,31.593],[15.649,31.4],[16.179,31.208],[16.864,31.208],[17.847,30.951],[18.222,30.758],[18.592,30.372],[18.896,30.372],[18.814,30.115],[18.586,30.115],[18.216,30.501],[17.161,30.886],[15.569,31.143],[15.193,31.465],[15.05,32.107],[14.899,32.236],[14.517,32.172],[14.443,32.365],[13.758,32.622],[11.998,32.622],[12.076,32.75],[11.617,32.943],[11.081,32.879],[10.698,33.136],[10.468,33.136],[10.468,33.264],[9.854,33.393],[9.624,33.329],[9.547,33.522],[9.316,33.586],[9.083,34.036],[8.929,34.036],[9.003,34.358],[8.926,34.358],[8.846,34.744],[8.459,34.872],[8.229,34.808],[8.073,34.937],[7.906,35.966],[7.828,35.966],[7.902,36.224],[7.586,36.61],[6.965,36.61],[6.889,36.482],[6.422,36.546],[6.347,36.417],[5.879,36.482],[5.649,36.353],[2.775,36.417],[2.316,36.224],[2.003,36.288],[2.008,36.16],[1.155,36.16],[1.005,36.031],[0.772,36.031],[0.479,35.645],[-0.292,35.58],[-1.04,35.065],[-1.198,35.13],[-1.346,35.001],[-1.806,34.937],[-1.876,34.808],[-2.809,34.937],[-4.734,34.872],[-4.743,35.001],[-5.214,35.13],[-5.39,35.451],[-5.627,35.516],[-5.9,35.001],[-5.815,34.872],[-5.969,34.872],[-6.242,34.358],[-6.157,34.229],[-6.31,34.229],[-6.601,33.972],[-6.592,33.843],[-6.814,33.715],[-6.728,33.586],[-7.184,33.522],[-7.474,33.264],[-7.875,33.522],[-7.13,33.843],[-7.062,33.972],[-6.904,33.907],[-6.614,34.165],[-6.7,34.293],[-6.473,34.358],[-6.482,34.486],[-6.264,34.679],[-6.205,34.937],[-6.291,35.065],[-6.132,35.001],[-5.95,35.709],[-5.571,35.838],[-5.339,35.838],[-5.24,35.516],[-4.755,35.194],[-3.132,35.194],[-2.982,35.258],[-2.993,35.451],[-2.838,35.451],[-2.82,35.13],[-2.662,35.065],[-1.89,35.065],[-1.591,35.258],[-1.359,35.258],[-1.136,35.451],[-1.224,35.645],[-1.066,35.58],[-0.917,35.709],[-0.53,35.709],[-0.459,35.838],[0.084,35.838],[0.376,36.224],[0.684,36.288],[0.678,36.417],[0.914,36.353],[1.216,36.546],[1.53,36.482],[2.377,36.675],[2.69,36.61],[2.841,36.739],[3.23,36.739],[3.459,36.868],[3.85,36.804],[4.235,36.933],[4.859,36.868],[5.098,36.675],[5.564,36.675],[5.639,36.804],[6.106,36.804],[6.103,36.933],[6.334,37.062],[6.805,36.868],[7.194,36.868],[7.346,37.062],[7.659,36.997],[7.738,36.868],[8.516,36.868],[8.903,37.126],[9.059,37.062],[9.603,37.319],[9.993,37.19],[10.227,37.255],[10.306,36.868],[10.151,36.804],[10.073,36.804],[9.917,36.739],[10.074,36.482],[10.229,36.482],[10.308,36.288],[10.54,36.288],[10.54,36.224],[10.463,36.224],[10.464,35.902],[10.696,35.709],[10.851,35.773]]],[[[14.568,35.773],[14.337,35.838],[14.34,36.031],[14.417,36.031],[14.571,35.966],[14.568,35.773]]],[[[-3.851,36.804],[-4.469,36.739],[-4.689,36.546],[-5.228,36.482],[-5.288,36.224],[-5.516,36.16],[-5.585,36.031],[-5.831,36.224],[-6.064,36.224],[-6.248,36.61],[-5.918,36.353],[-5.452,36.353],[-5.306,36.482],[-5.31,36.546],[-4.555,36.868],[-3.851,36.804]]],[[[13.269,37.448],[13.269,37.513],[13.426,37.577],[13.502,37.384],[13.424,37.384],[13.346,37.384],[13.347,37.448],[13.269,37.448]]],[[[12.65,38.093],[13.04,38.029],[13.12,38.158],[13.355,38.158],[13.665,37.964],[14.214,38.029],[14.292,38.029],[14.207,37.577],[13.274,37.964],[13.118,37.964],[13.038,37.835],[13.036,37.577],[12.958,37.577],[12.49,37.706],[12.492,37.9],[12.65,38.093]]],[[[14.917,38.029],[14.92,38.158],[14.998,38.158],[15.076,38.158],[15.155,38.158],[15.152,38.029],[14.917,38.029]]],[[[1.658,38.997],[1.431,38.803],[1.274,38.803],[1.183,39.062],[1.259,39.126],[1.337,39.126],[1.652,39.126],[1.658,38.997]]],[[[9.823,40.355],[9.665,40.291],[9.747,39.644],[9.669,39.644],[9.593,39.126],[9.12,39.191],[8.966,38.868],[8.73,38.868],[8.336,38.997],[8.412,39.256],[8.333,39.256],[8.33,39.514],[8.409,39.514],[8.483,39.902],[8.325,39.967],[8.4,40.291],[8.321,40.291],[8.319,40.485],[8.16,40.55],[8.155,40.938],[8.552,40.874],[9.025,41.263],[9.104,41.263],[9.502,41.198],[9.822,40.744],[9.823,40.355]]],[[[9.574,42.756],[9.578,41.976],[9.498,41.976],[9.499,41.782],[9.262,41.392],[9.104,41.327],[8.784,41.522],[8.782,41.717],[8.623,41.717],[8.7,41.911],[8.539,42.106],[8.535,42.496],[8.773,42.691],[9.173,42.756],[9.251,43.017],[9.331,43.017],[9.492,43.017],[9.493,42.756],[9.574,42.756]]]]}},{"type":"Feature","id":"cliopatria-5907d95533088d153957c390","properties":{"NAME":"Greek Colonies","ABBREVN":null,"CONTROL":null,"SUBJECTO":"Greek Colonies","PARTOF":null,"BORDERPRECISION":1,"FromYear":-256,"ToYear":-248,"Area":68903.48686480502,"Type":"POLITY","Wikipedia":"Greek colonisation","Wikidata":"Q828047","SeshatID":"","Components":"","MemberOf":"","sourceFeatureId":"cliopatria-5907d95533088d153957c390","datasetId":"cliopatria"},"geometry":{"type":"MultiPolygon","coordinates":[[[[24.157,35.516],[24.15,35.387],[24.301,35.323],[25.692,35.323],[25.681,35.13],[26.225,35.194],[26.14,35.065],[24.824,35.001],[24.757,35.194],[24.526,35.194],[24.448,35.194],[23.679,35.258],[23.615,35.516],[24.157,35.516]]],[[[14.431,36.933],[14.432,36.997],[15.06,37.319],[15.059,37.255],[15.137,37.255],[15.136,37.19],[15.214,37.19],[15.213,37.126],[15.05,36.739],[14.661,36.739],[14.431,36.933]]],[[[27.612,37.319],[28.241,37.384],[28.304,37.19],[28.226,37.19],[28.221,37.126],[27.598,37.126],[27.608,37.255],[27.612,37.319]]],[[[20.32,38.158],[20.328,38.351],[20.488,38.416],[20.566,38.416],[20.795,38.287],[20.786,38.093],[20.32,38.158]]],[[[21.272,38.416],[20.898,38.803],[20.741,38.803],[20.829,38.997],[21.144,38.997],[21.147,39.062],[21.464,39.126],[21.536,38.997],[21.533,38.933],[21.53,38.868],[21.451,38.868],[21.448,38.803],[21.288,38.739],[21.35,38.416],[21.272,38.416]]],[[[-0.345,39.708],[-0.314,39.126],[0.096,38.803],[-0.126,38.545],[-0.539,38.933],[-0.567,39.45],[-0.571,39.514],[-0.514,39.902],[-0.202,39.967],[-0.345,39.708]]],[[[24.551,40.55],[24.491,40.809],[24.57,40.809],[24.808,40.809],[24.794,40.614],[24.551,40.55]]],[[[27.532,41.976],[27.452,41.976],[27.458,42.041],[27.378,42.041],[27.384,42.106],[27.464,42.106],[27.317,42.236],[27.329,42.366],[27.175,42.431],[27.193,42.626],[27.657,43.277],[27.998,43.472],[28.119,43.863],[28.3,44.059],[28.341,44.451],[28.422,44.451],[28.368,44.712],[28.64,44.973],[28.802,44.973],[28.841,44.581],[28.577,44.385],[28.536,43.994],[28.616,43.994],[28.481,43.472],[28.159,43.472],[28.226,43.342],[27.898,43.277],[27.805,43.147],[27.853,42.821],[27.847,42.756],[27.514,42.626],[27.495,42.431],[27.796,42.236],[27.924,41.911],[27.612,41.976],[27.538,42.041],[27.532,41.976]],[[27.538,42.041],[27.464,42.106],[27.458,42.041],[27.538,42.041]]],[[[5.391,43.277],[5.387,43.407],[5.063,43.472],[4.178,43.472],[4.173,43.603],[3.851,43.603],[2.985,43.147],[3.01,42.561],[3.178,42.366],[3.04,41.847],[2.698,42.366],[2.775,42.431],[2.669,43.017],[2.75,43.017],[2.741,43.212],[3.446,43.668],[4.728,43.863],[5.87,43.407],[6.594,43.407],[6.597,43.277],[6.278,43.147],[6.198,43.147],[5.796,43.147],[5.632,43.277],[5.391,43.277]]],[[[27.743,35.902],[27.693,36.288],[28.017,36.482],[28.095,36.482],[28.25,36.482],[28.139,36.031],[27.743,35.902]]],[[[40.381,41.003],[40.46,41.003],[40.598,40.874],[40.578,40.744],[40.409,40.679],[39.616,40.679],[39.398,40.809],[39.002,40.809],[38.824,40.679],[37.873,40.679],[37.355,40.938],[36.509,41.133],[36.527,41.263],[36.607,41.263],[36.775,41.327],[37.065,41.133],[37.233,41.198],[37.215,41.068],[37.771,41.068],[37.831,40.938],[38.158,41.003],[38.298,40.874],[38.952,41.003],[38.962,41.068],[39.21,41.133],[39.736,40.938],[40.381,41.003]]],[[[28.285,41.522],[28.279,41.457],[28.976,41.263],[28.963,41.133],[29.367,41.198],[29.255,40.874],[29.103,40.938],[29.116,41.068],[28.639,41.068],[28.56,41.068],[28.163,41.068],[28.083,41.068],[28.206,41.522],[28.285,41.522]]],[[[31.512,41.198],[31.361,41.263],[31.693,41.392],[31.592,41.198],[31.512,41.198]]],[[[35.086,41.782],[35.006,41.782],[35.015,41.847],[34.793,41.976],[35.121,42.041],[35.086,41.782]]],[[[35.125,44.908],[34.376,44.777],[33.926,44.451],[33.449,44.516],[33.61,45.104],[33.459,45.187],[33.78,45.155],[33.917,44.973],[34.986,45.3],[35.02,45.3],[35.183,45.3],[35.154,45.104],[35.235,45.104],[35.125,44.908]]],[[[31.567,46.94],[31.533,46.677],[30.877,46.677],[30.298,45.955],[30.045,45.89],[29.859,45.693],[29.614,45.693],[29.644,45.955],[30.189,46.415],[30.271,46.415],[30.458,46.612],[31.065,46.874],[31.082,47.006],[31.567,46.94]]],[[[38.667,47.598],[39.079,47.598],[39.138,47.466],[39.126,47.401],[39.197,47.335],[38.35,47.203],[38.385,47.401],[38.667,47.598]]]]}},{"type":"Feature","id":"cliopatria-974a1ad8c7dd6977448651ec","properties":{"NAME":"Han","ABBREVN":null,"CONTROL":null,"SUBJECTO":"Han","PARTOF":"(Warring States China)","BORDERPRECISION":1,"FromYear":-256,"ToYear":-248,"Area":15885.082272465745,"Type":"POLITY","Wikipedia":"Han (state)","Wikidata":"Q1968654","SeshatID":"","Components":"","MemberOf":"(Warring States China)","sourceFeatureId":"cliopatria-974a1ad8c7dd6977448651ec","datasetId":"cliopatria"},"geometry":{"type":"MultiPolygon","coordinates":[[[[114.499,34.937],[114.472,34.872],[113.674,34.808],[113.44,34.615],[111.59,34.615],[111.883,35.516],[112.916,35.58],[112.939,35.451],[113.093,35.451],[113.066,35.387],[112.32,35.451],[112.186,35.13],[113.422,35.13],[113.476,35.258],[113.708,35.258],[114.476,35.065],[114.499,34.937]]]]}},{"type":"Feature","id":"cliopatria-a1db5651f2b9d7f5e46ea23e","properties":{"NAME":"Illyrian Kingdom","ABBREVN":null,"CONTROL":null,"SUBJECTO":"Illyrian Kingdom","PARTOF":null,"BORDERPRECISION":1,"FromYear":-256,"ToYear":-248,"Area":29625.141193086463,"Type":"POLITY","Wikipedia":"Illyrian kingdom","Wikidata":"Q16084290","SeshatID":"","Components":"","MemberOf":"","sourceFeatureId":"cliopatria-a1db5651f2b9d7f5e46ea23e","datasetId":"cliopatria"},"geometry":{"type":"MultiPolygon","coordinates":[[[[19.337,40.809],[19.498,40.874],[19.438,41.263],[19.523,41.392],[19.444,41.392],[19.53,41.522],[19.45,41.522],[19.542,41.782],[19.08,42.106],[19.018,42.496],[20.622,42.561],[21.08,42.171],[21.16,42.171],[21.125,41.587],[20.63,41.263],[20.619,41.068],[21.078,40.744],[20.988,40.55],[20.743,40.42],[20.651,40.161],[20.493,40.161],[20.427,40.42],[20.19,40.42],[19.733,40.809],[19.334,40.744],[19.337,40.809]]]]}},{"type":"Feature","id":"cliopatria-17ddfa52f568a036e177e83c","properties":{"NAME":"Lu","ABBREVN":null,"CONTROL":null,"SUBJECTO":"Lu","PARTOF":"(Warring States China)","BORDERPRECISION":1,"FromYear":-256,"ToYear":-248,"Area":3836.4543918845757,"Type":"POLITY","Wikipedia":"Lu (state)","Wikidata":"Q555994","SeshatID":"","Components":"","MemberOf":"(Warring States China)","sourceFeatureId":"cliopatria-17ddfa52f568a036e177e83c","datasetId":"cliopatria"},"geometry":{"type":"MultiPolygon","coordinates":[[[[116.398,35.58],[116.426,35.645],[116.927,35.902],[117.115,35.451],[116.329,35.065],[116.412,35.258],[116.187,35.451],[116.243,35.58],[116.398,35.58]]]]}},{"type":"Feature","id":"cliopatria-e89cbd408af69662289aaacc","properties":{"NAME":"Maurya Empire","ABBREVN":null,"CONTROL":null,"SUBJECTO":"Maurya Empire","PARTOF":null,"BORDERPRECISION":1,"FromYear":-256,"ToYear":-248,"Area":3946255.6172140413,"Type":"POLITY","Wikipedia":"Maurya Empire","Wikidata":"Q62943","SeshatID":"in_mauryan_emp","Components":"","MemberOf":"","sourceFeatureId":"cliopatria-e89cbd408af69662289aaacc","datasetId":"cliopatria"},"geometry":{"type":"MultiPolygon","coordinates":[[[[76.285,10.829],[75.902,10.572],[75.727,11.215],[75.585,11.279],[75.338,11.922],[75.065,12.179],[74.748,12.822],[74.664,13.593],[74.471,13.915],[74.374,14.493],[73.975,14.943],[73.747,15.65],[73.539,15.779],[73.417,16.036],[73.328,16.615],[73.254,16.615],[73.253,17.322],[72.959,18.029],[72.875,19.315],[72.734,19.379],[72.761,19.636],[72.634,19.829],[72.837,20.343],[72.899,20.922],[72.563,21.243],[72.76,21.693],[72.544,21.758],[72.527,22.272],[72.378,22.272],[72.342,21.951],[72.112,21.886],[72.173,21.758],[72.321,21.758],[72.185,21.179],[71.408,20.858],[71.321,20.729],[70.721,20.665],[70.295,20.858],[69.89,21.243],[69.903,21.372],[69.497,21.758],[69.349,21.758],[68.949,22.208],[68.977,22.465],[69.2,22.465],[69.261,22.336],[69.409,22.336],[69.497,22.465],[69.869,22.465],[70.263,22.658],[70.365,22.915],[69.451,22.722],[68.808,22.979],[68.552,23.365],[68.336,23.429],[68.35,23.558],[68.127,23.558],[68.155,23.815],[67.633,23.815],[67.491,23.879],[67.438,24.072],[67.289,24.072],[67.326,24.393],[67.251,24.393],[67.215,24.715],[66.632,24.844],[66.679,25.229],[66.487,25.486],[66.27,25.551],[66.021,25.358],[64.816,25.294],[64.801,25.165],[64.285,25.229],[64.225,25.358],[63.626,25.358],[63.536,25.229],[62.563,25.229],[62.896,26.129],[63.178,26.579],[63.12,26.708],[63.221,26.901],[63.363,26.837],[63.592,27.415],[64.365,28.572],[64.526,28.637],[64.738,29.022],[65.168,29.344],[65.19,29.472],[65.427,29.537],[65.373,29.665],[65.525,29.665],[66.046,30.051],[66.255,30.372],[66.349,30.886],[66.751,31.4],[67.398,31.979],[67.348,32.107],[67.501,32.107],[67.629,32.365],[67.899,32.557],[67.939,32.75],[68.391,33.072],[68.824,33.65],[68.978,33.65],[69.538,34.422],[69.707,34.486],[69.86,34.808],[69.999,34.744],[70.154,35.065],[70.432,35.258],[70.386,35.387],[70.557,35.451],[71.122,36.16],[71.138,36.224],[71.661,36.739],[71.825,37.062],[72.416,37.513],[72.494,37.513],[72.848,37.384],[73.743,37.513],[73.766,37.319],[74.192,37.448],[74.738,37.448],[75.013,37.319],[74.844,36.997],[74.814,36.61],[74.891,36.61],[74.88,36.288],[74.958,36.288],[75.094,35.645],[75.171,35.645],[75.18,35.387],[75.387,35.001],[75.364,34.615],[75.518,34.615],[75.392,34.422],[75.469,34.422],[75.48,34.165],[75.646,33.907],[75.597,33.715],[75.674,33.715],[75.687,33.457],[75.825,33.393],[75.838,33.136],[75.976,33.072],[75.944,32.943],[76.097,32.943],[76.081,32.557],[76.463,32.236],[78.661,31.529],[78.829,31.593],[78.845,31.336],[79.18,31.465],[79.531,31.015],[80.048,30.951],[80.34,30.565],[80.918,30.436],[81.148,30.115],[81.39,30.179],[81.697,29.858],[82.336,29.665],[82.459,29.537],[83.05,29.472],[83.249,29.344],[83.49,29.408],[83.523,29.215],[83.75,29.215],[84.01,29.022],[84.251,29.087],[84.483,28.765],[84.758,28.637],[85.211,28.637],[85.848,28.444],[85.896,28.315],[86.698,28.187],[87.384,27.865],[88.391,27.994],[88.363,27.865],[88.589,27.865],[88.712,27.737],[88.952,27.801],[88.986,27.608],[89.376,27.672],[89.486,27.479],[89.76,27.351],[90.074,27.415],[90.047,27.287],[90.273,27.287],[90.171,27.158],[90.596,27.029],[90.631,26.837],[91.908,26.837],[91.929,26.194],[92.066,26.129],[91.942,25.872],[92.067,25.744],[92.031,25.551],[92.232,25.422],[92.334,25.165],[92.484,25.165],[92.386,25.036],[92.524,24.972],[92.352,24.844],[92.114,24.329],[92.263,24.329],[92.264,23.879],[92.338,23.879],[92.232,23.686],[92.371,23.622],[92.43,23.043],[92.504,23.043],[92.475,22.851],[92.64,22.465],[92.602,22.208],[92.731,22.079],[92.657,21.565],[92.777,21.372],[92.759,21.243],[92.332,21.372],[92.333,20.858],[92.12,20.922],[92.007,21.179],[92.053,21.501],[91.83,21.501],[91.895,21.951],[91.765,22.079],[91.737,22.401],[91.365,22.401],[91.497,22.786],[90.938,22.529],[90.863,22.015],[90.631,21.951],[90.649,22.079],[90.426,22.079],[90.232,21.758],[89.897,22.015],[89.869,21.822],[89.712,21.758],[89.117,21.758],[89.099,21.629],[88.728,21.629],[88.716,22.079],[88.642,22.079],[88.514,21.693],[88.365,21.693],[88.348,21.565],[88.134,21.629],[88.178,21.951],[88.103,21.951],[87.762,21.629],[87.067,21.436],[86.885,21.179],[86.959,21.179],[87.031,20.601],[86.792,20.472],[86.84,20.279],[86.436,20.022],[86.419,19.893],[85.645,19.636],[85.497,19.636],[85.522,19.829],[85.374,19.829],[85.415,19.572],[84.749,18.993],[84.38,18.415],[84.052,18.158],[83.667,18.029],[83.561,17.772],[83.153,17.45],[82.451,17.129],[82.347,16.872],[82.421,16.872],[82.383,16.55],[82.066,16.358],[81.323,16.293],[81.119,15.779],[80.611,15.843],[80.376,15.715],[80.088,15.072],[80.264,14.622],[80.246,13.657],[80.161,13.529],[80.375,13.465],[80.415,13.079],[80.214,12.436],[79.884,11.986],[79.836,11.353],[78.964,10.839],[77.904,10.957],[77.625,11.15],[77.02,11.169],[76.66,10.957],[76.656,10.893],[76.285,10.829]]],[[[90.657,26.965],[90.671,27.029],[90.746,27.029],[90.733,26.965],[90.657,26.965]]],[[[90.596,27.029],[90.609,27.094],[90.684,27.094],[90.671,27.029],[90.596,27.029]]]]}},{"type":"Feature","id":"cliopatria-2dfc06837f8156b425359618","properties":{"NAME":"Ptolemaic Kingdom","ABBREVN":null,"CONTROL":null,"SUBJECTO":"Ptolemaic Kingdom","PARTOF":null,"BORDERPRECISION":1,"FromYear":-256,"ToYear":-248,"Area":677846.0292893874,"Type":"POLITY","Wikipedia":"Ptolemaic Kingdom","Wikidata":"Q2320005","SeshatID":"eg_ptolemaic_k_1","Components":"","MemberOf":"","sourceFeatureId":"cliopatria-2dfc06837f8156b425359618","datasetId":"cliopatria"},"geometry":{"type":"MultiPolygon","coordinates":[[[[25.331,36.997],[25.339,37.126],[25.417,37.126],[25.573,37.126],[25.564,36.997],[25.331,36.997]]],[[[24.201,37.642],[24.283,37.706],[24.361,37.706],[24.432,37.577],[24.272,37.513],[24.201,37.642]]],[[[25.052,37.513],[24.986,37.706],[25.064,37.706],[25.22,37.706],[25.286,37.513],[25.052,37.513]]],[[[26.08,37.706],[26.158,37.706],[26.314,37.706],[26.305,37.577],[25.988,37.513],[26.08,37.706]]],[[[24.694,38.029],[24.772,38.029],[25.068,37.771],[24.83,37.706],[24.682,37.835],[24.694,38.029]]],[[[24.357,38.868],[24.365,38.997],[24.444,38.997],[24.675,38.933],[24.662,38.739],[24.357,38.868]]],[[[24.974,39.838],[25.067,40.032],[25.146,40.032],[25.462,40.032],[25.447,39.838],[24.974,39.838]]],[[[25.704,40.096],[25.719,40.291],[25.798,40.291],[26.035,40.291],[26.025,40.161],[25.704,40.096]]],[[[26.257,40.096],[26.262,40.161],[26.267,40.226],[26.272,40.291],[26.351,40.291],[26.357,40.355],[26.605,40.485],[26.678,40.42],[26.673,40.355],[26.257,40.096]]],[[[26.309,40.744],[26.542,40.679],[26.066,40.679],[26.23,40.744],[26.309,40.744]]],[[[37.573,33.65],[37.073,33.264],[37.054,33.072],[36.901,33.072],[36.717,32.75],[36.751,32.3],[36.516,32.236],[36.656,32.107],[36.492,31.979],[36.463,31.658],[36.387,31.658],[36.423,31.208],[35.662,31.208],[35.499,31.079],[35.352,31.143],[34.621,30.565],[34.611,30.436],[34.389,30.501],[34.303,30.372],[33.838,30.244],[32.919,30.115],[32.91,29.987],[32.758,29.987],[32.673,29.858],[32.526,29.922],[32.442,29.794],[32.689,28.958],[32.836,28.894],[33.105,28.38],[33.609,27.994],[33.585,27.608],[33.799,27.415],[33.927,27.029],[34.073,26.965],[34.051,26.579],[34.197,26.515],[34.461,25.872],[34.608,25.808],[35.146,24.651],[35.86,24.008],[35.854,23.879],[35.559,23.943],[35.553,23.815],[35.108,23.879],[33.756,23.686],[33.682,23.686],[33.389,23.815],[32.041,23.686],[31.67,23.751],[30.537,23.365],[30.463,23.365],[30.395,23.558],[30.104,23.751],[30.109,23.879],[29.959,23.879],[29.673,24.201],[28.569,24.651],[28.289,25.165],[28.244,25.936],[28.345,26.579],[28.27,26.579],[28.154,27.351],[27.937,27.544],[27.711,27.544],[27.792,27.672],[27.43,27.994],[27.276,27.93],[27.285,28.122],[27.068,28.315],[26.252,28.637],[26.182,28.765],[25.662,28.958],[25.446,29.215],[24.925,29.408],[24.928,29.472],[24.939,29.729],[24.796,29.922],[24.819,30.436],[25.059,30.694],[24.937,31.336],[25.102,31.593],[25.178,31.593],[25.248,31.465],[26.848,31.465],[27.297,31.336],[27.515,31.143],[28.496,31.015],[28.865,30.822],[29.397,30.822],[29.485,31.015],[29.633,30.951],[29.87,31.079],[29.802,31.208],[29.882,31.272],[30.339,31.272],[30.271,31.4],[30.352,31.465],[30.809,31.465],[30.966,31.529],[30.975,31.658],[31.203,31.658],[31.118,31.529],[31.266,31.465],[31.875,31.465],[31.781,31.208],[31.937,31.272],[32,31.079],[32.304,31.079],[32.237,31.208],[32.532,31.079],[32.765,31.143],[32.832,31.015],[33.983,31.143],[34.297,31.272],[34.308,31.4],[34.633,31.658],[34.573,31.85],[34.813,31.979],[34.77,32.365],[35.022,32.622],[35.056,33.007],[35.215,33.072],[35.398,33.393],[35.346,33.65],[35.499,33.65],[35.447,33.907],[35.684,33.972],[35.644,34.358],[35.792,34.293],[36.049,34.551],[36.068,34.744],[35.927,34.872],[35.96,35.194],[35.882,35.194],[35.889,35.258],[36.269,35.194],[36.165,34.937],[36.313,34.872],[36.293,34.679],[36.441,34.615],[36.562,34.293],[36.87,34.293],[37.004,34.1],[37.389,34.1],[37.382,34.036],[37.599,33.907],[37.649,33.65],[37.573,33.65]]],[[[33.957,35.258],[34.087,35.001],[33.695,34.937],[33.523,34.744],[33.132,34.679],[33.044,34.551],[32.367,34.744],[32.229,34.937],[32.246,35.13],[32.555,35.13],[32.875,35.258],[32.887,35.387],[33.737,35.387],[34.31,35.709],[34.387,35.709],[34.542,35.709],[34.529,35.58],[33.957,35.258]]],[[[32.068,36.61],[33.375,37.255],[33.609,37.255],[33.674,37.126],[34.219,37.126],[34.335,36.739],[34.328,36.675],[33.979,36.288],[33.274,36.224],[32.713,36.031],[32.558,36.031],[32.499,36.224],[32.212,36.482],[32.134,36.482],[32.14,36.546],[32.062,36.546],[32.068,36.61]]],[[[35.035,36.739],[35.028,36.675],[34.95,36.675],[34.957,36.739],[35.035,36.739]]],[[[29.24,36.224],[29.125,36.739],[28.357,36.868],[28.187,36.675],[28.031,36.675],[28.226,37.19],[28.304,37.19],[29.369,36.868],[29.363,36.804],[29.441,36.804],[29.446,36.868],[30.619,36.933],[30.613,36.868],[30.536,36.868],[30.53,36.804],[30.492,36.353],[30.026,36.353],[29.938,36.224],[29.24,36.224]]],[[[35.035,36.739],[35.289,36.933],[35.834,36.933],[35.827,36.868],[35.749,36.868],[35.488,36.61],[35.113,36.739],[35.035,36.739]]],[[[27.039,36.933],[27.117,36.933],[27.185,36.804],[26.865,36.675],[27.039,36.933]]],[[[27.195,36.933],[27.209,37.126],[27.286,37.126],[27.442,37.126],[27.35,36.933],[27.195,36.933]]],[[[26.557,37.835],[26.636,37.835],[27.026,37.835],[27.012,37.642],[26.622,37.642],[26.557,37.835]]],[[[26.768,40.55],[26.774,40.614],[26.785,40.744],[27.102,40.744],[26.921,40.485],[26.768,40.55]]]]}},{"type":"Feature","id":"cliopatria-ad50721f5e019b544334f13b","properties":{"NAME":"Roman Republic","ABBREVN":null,"CONTROL":null,"SUBJECTO":"Roman Republic","PARTOF":null,"BORDERPRECISION":1,"FromYear":-256,"ToYear":-248,"Area":135921.8281003011,"Type":"POLITY","Wikipedia":"Roman Republic","Wikidata":"Q175881","SeshatID":"it_roman_rep_2","Components":"","MemberOf":"","sourceFeatureId":"cliopatria-ad50721f5e019b544334f13b","datasetId":"cliopatria"},"geometry":{"type":"MultiPolygon","coordinates":[[[[10.151,36.804],[10.54,36.739],[10.851,36.997],[11.006,36.997],[11.006,36.804],[10.462,36.417],[10.54,36.353],[10.54,36.288],[10.308,36.288],[10.229,36.482],[10.074,36.482],[9.917,36.739],[10.073,36.804],[10.151,36.804]]],[[[14.608,42.106],[14.769,42.171],[14.766,42.041],[14.924,41.976],[15.165,42.041],[15.241,41.911],[16.119,41.911],[16.115,41.782],[15.874,41.717],[15.944,41.392],[17.203,41.003],[17.511,40.744],[17.981,40.614],[18.438,40.161],[18.349,39.902],[18.112,39.902],[17.813,40.355],[17.418,40.355],[17.345,40.55],[17.028,40.55],[16.868,40.485],[16.945,40.42],[16.862,40.291],[16.624,40.291],[16.697,40.096],[16.457,39.967],[16.447,39.644],[16.916,39.514],[17.07,39.385],[17.138,39.062],[16.502,38.803],[16.492,38.416],[15.933,37.964],[15.698,37.964],[15.624,38.158],[15.389,38.158],[15.066,37.642],[15.062,37.384],[15.06,37.319],[14.432,36.997],[14.354,36.997],[14.123,37.19],[13.501,37.319],[13.502,37.384],[13.426,37.577],[13.269,37.513],[13.191,37.513],[13.192,37.577],[13.114,37.577],[13.036,37.577],[13.038,37.835],[13.118,37.964],[13.274,37.964],[14.207,37.577],[14.292,38.029],[14.37,38.029],[14.842,38.158],[14.92,38.158],[14.917,38.029],[15.152,38.029],[15.155,38.158],[15.233,38.158],[15.471,38.287],[15.862,38.287],[15.95,38.674],[16.265,38.739],[15.899,39.773],[15.666,39.902],[15.748,40.032],[15.432,40.032],[15.199,40.226],[15.041,40.226],[14.893,40.679],[14.418,40.679],[14.422,40.874],[14.105,40.874],[13.951,41.133],[13.792,41.133],[13.715,41.263],[13,41.327],[12.131,41.911],[12.132,42.041],[11.813,42.106],[11.655,42.366],[11.495,42.301],[11.415,42.431],[11.255,42.431],[11.176,42.626],[11.016,42.626],[11.016,42.821],[10.535,43.082],[10.293,43.798],[11.825,43.733],[11.745,43.863],[11.908,44.059],[12.474,44.124],[12.873,43.798],[13.036,43.863],[13.034,43.733],[13.355,43.668],[13.673,43.407],[13.747,43.082],[13.985,42.951],[13.901,42.756],[14.292,42.301],[14.372,42.301],[14.608,42.106]]],[[[10.455,42.886],[10.455,42.691],[10.215,42.691],[10.134,42.886],[10.214,42.886],[10.455,42.886]]]]}},{"type":"Feature","id":"cliopatria-b3f0341b8343a52edb1c27a1","properties":{"NAME":"Seleucid Empire","ABBREVN":null,"CONTROL":null,"SUBJECTO":"Seleucid Empire","PARTOF":null,"BORDERPRECISION":1,"FromYear":-256,"ToYear":-248,"Area":2757970.786524857,"Type":"POLITY","Wikipedia":"Seleucid dynasty","Wikidata":"Q705904","SeshatID":"ir_seleucid_emp","Components":"","MemberOf":"","sourceFeatureId":"cliopatria-b3f0341b8343a52edb1c27a1","datasetId":"cliopatria"},"geometry":{"type":"MultiPolygon","coordinates":[[[[69.28,39.45],[69.359,39.45],[69.364,39.191],[69.521,39.191],[69.405,39.062],[69.568,38.803],[70.316,38.674],[70.358,38.545],[70.63,38.674],[70.593,38.545],[71.202,38.481],[71.364,38.222],[71.779,38.029],[71.941,37.771],[72.434,37.577],[72.416,37.513],[71.825,37.062],[71.661,36.739],[71.138,36.224],[71.061,36.224],[70.14,35.645],[70.093,35.451],[69.876,35.516],[69.598,35.323],[69.366,35.323],[69.335,35.194],[69.026,35.194],[68.517,35.001],[68.395,34.808],[68.101,34.872],[67.825,34.679],[67.609,34.744],[67.088,34.486],[66.458,34.422],[66.352,34.293],[65.751,34.358],[65.387,34.1],[65.242,33.779],[65.062,33.65],[65.035,33.522],[65.112,33.522],[64.982,33.264],[64.829,33.264],[64.687,32.943],[64.355,32.814],[64.406,32.686],[63.873,32.3],[63.643,32.3],[63.442,32.043],[63.301,32.107],[62.89,31.529],[62.726,31.465],[62.124,30.629],[61.68,30.244],[61.37,29.729],[61.027,29.472],[60.244,28.251],[59.395,27.544],[58.994,27.351],[58.978,27.222],[58.836,27.287],[58.745,27.158],[58.594,27.158],[58.428,27.029],[58.405,26.837],[58.262,26.901],[57.773,26.579],[57.483,26.001],[57.529,25.744],[57.38,25.744],[57.176,25.936],[57.052,26.837],[56.715,27.158],[56.188,27.158],[56.098,27.029],[56.324,27.029],[56.309,26.901],[56.061,26.708],[55.289,26.515],[55.31,26.708],[55.543,26.772],[55.242,26.772],[54.989,26.515],[54.681,26.451],[54.259,26.708],[53.658,26.708],[53.461,26.965],[52.737,27.222],[52.479,27.608],[52.049,27.801],[51.453,27.865],[51.066,28.444],[51.028,28.765],[50.809,28.83],[50.915,29.087],[50.62,29.151],[50.651,29.408],[50.236,29.729],[50.065,30.179],[49.586,29.987],[48.943,30.308],[48.987,30.051],[48.365,29.922],[48.404,29.601],[48.093,29.537],[47.646,29.601],[47.29,29.794],[46.979,29.729],[46.994,29.858],[46.85,29.922],[46.615,29.858],[46.591,30.308],[45.77,30.436],[44.955,31.272],[44.581,31.336],[44.459,31.593],[43.153,32.814],[42.709,32.943],[42.578,33.136],[42.065,33.329],[42.003,33.457],[41.489,33.65],[41.427,33.779],[41.273,33.779],[41.212,33.907],[40.912,33.972],[40.704,34.165],[40.311,34.1],[40.403,34.229],[40.257,34.293],[39.124,34.486],[37.99,33.972],[37.739,33.779],[37.726,33.65],[37.649,33.65],[37.599,33.907],[37.382,34.036],[37.389,34.1],[37.004,34.1],[36.87,34.293],[36.562,34.293],[36.441,34.615],[36.293,34.679],[36.313,34.872],[36.165,34.937],[36.269,35.194],[35.889,35.258],[35.896,35.323],[35.993,35.516],[35.845,35.58],[35.872,35.838],[35.99,36.224],[35.849,36.353],[36.265,36.61],[36.286,36.804],[36.145,36.933],[35.911,36.933],[35.834,36.933],[35.289,36.933],[35.035,36.739],[34.957,36.739],[34.893,36.868],[34.582,36.868],[34.413,36.739],[34.335,36.739],[34.219,37.126],[33.674,37.126],[33.609,37.255],[33.375,37.255],[32.068,36.61],[31.99,36.61],[31.392,36.868],[30.697,36.933],[30.619,36.933],[29.446,36.868],[29.369,36.868],[28.304,37.19],[28.241,37.384],[27.612,37.319],[27.534,37.319],[27.223,37.319],[27.31,37.448],[27.163,37.577],[27.256,37.771],[27.178,37.771],[27.275,38.029],[26.889,38.093],[26.82,38.222],[26.429,38.222],[26.384,38.674],[26.536,38.61],[26.595,38.351],[27.065,38.351],[27.075,38.481],[27.08,38.545],[27.31,38.481],[27.482,38.674],[27.639,38.674],[27.812,38.868],[27.833,39.126],[27.754,39.126],[27.77,39.32],[27.466,39.45],[26.841,39.514],[26.847,39.579],[26.132,39.514],[26.252,40.032],[26.257,40.096],[26.673,40.355],[26.752,40.355],[27.47,40.42],[27.538,40.291],[27.696,40.291],[27.792,40.485],[27.95,40.485],[27.939,40.355],[29.046,40.355],[28.9,40.485],[28.913,40.614],[29.401,40.744],[29.48,40.744],[29.559,40.744],[29.54,40.55],[29.936,40.55],[29.923,40.42],[30.068,40.291],[30.457,40.226],[30.602,40.096],[30.589,39.967],[31.299,39.967],[31.378,39.967],[31.233,39.32],[31.443,39.062],[31.424,38.868],[33.274,38.545],[34.479,38.803],[34.767,39.256],[34.726,39.579],[34.828,39.773],[35.294,39.708],[35.435,39.579],[36.933,39.579],[37.861,39.45],[38.752,39.062],[39.45,38.416],[40.52,38.222],[40.598,38.222],[40.572,38.029],[41.667,38.029],[41.961,37.9],[42.508,37.9],[43.945,37.577],[44.413,37.577],[44.774,37.384],[44.745,37.19],[44.871,36.997],[45.251,36.933],[45.118,36.031],[45.195,36.031],[45.217,35.645],[46.031,35.387],[47.954,35.323],[48.774,35.13],[49.413,35.258],[49.608,35.516],[50.48,35.645],[50.855,36.031],[52.008,36.417],[52.108,36.546],[52.186,36.546],[53.088,36.804],[54.033,36.868],[54.095,37.19],[53.976,37.384],[54.703,37.513],[54.846,37.835],[55.289,38.093],[56.228,38.093],[56.674,38.351],[57.55,38.416],[58.627,38.674],[60.256,39.256],[60.618,39.45],[60.65,39.579],[60.949,39.514],[62.502,40.032],[62.879,39.967],[63.467,40.096],[64.889,40.096],[65.23,39.902],[65.564,39.967],[66.22,39.773],[68.53,39.579],[68.624,39.902],[68.997,40.096],[69.036,40.226],[69.273,40.226],[69.272,40.485],[69.193,40.485],[69.272,40.744],[69.61,40.809],[69.807,40.679],[70.564,41.068],[70.682,40.938],[70.641,40.809],[70.779,40.744],[70.738,40.614],[69.846,40.291],[69.886,40.161],[69.334,39.902],[69.277,39.708],[69.416,39.644],[69.397,39.579],[69.28,39.45]]],[[[70.202,35.58],[70.218,35.645],[70.295,35.645],[70.279,35.58],[70.202,35.58]]],[[[26.217,38.545],[26.111,38.158],[25.876,38.158],[25.899,38.481],[25.821,38.481],[25.913,38.674],[25.991,38.674],[26.217,38.545]]],[[[26.644,38.997],[26.246,38.933],[26.094,38.997],[26.103,39.126],[25.793,39.191],[26.044,39.385],[26.123,39.385],[26.511,39.32],[26.644,38.997]]],[[[70.36,40.42],[70.44,40.42],[70.419,40.355],[70.34,40.355],[70.36,40.42]]]]}},{"type":"Feature","id":"cliopatria-d1910323ddb2e51a0d46572a","properties":{"NAME":"Wey","ABBREVN":null,"CONTROL":null,"SUBJECTO":"Wey","PARTOF":"(Warring States China)","BORDERPRECISION":1,"FromYear":-256,"ToYear":-248,"Area":5678.472283724754,"Type":"POLITY","Wikipedia":"Wey (state)","Wikidata":"Q1147897","SeshatID":"","Components":"","MemberOf":"(Warring States China)","sourceFeatureId":"cliopatria-d1910323ddb2e51a0d46572a","datasetId":"cliopatria"},"geometry":{"type":"MultiPolygon","coordinates":[[[[114.582,36.031],[114.61,36.095],[115.364,36.739],[115.607,36.417],[115.618,36.095],[114.828,35.709],[114.582,36.031]]]]}},{"type":"Feature","id":"cliopatria-ec88e2fdd87ece5b4181c555","properties":{"NAME":"Zhao","ABBREVN":null,"CONTROL":null,"SUBJECTO":"Zhao","PARTOF":"(Warring States China)","BORDERPRECISION":1,"FromYear":-256,"ToYear":-248,"Area":55167.7551822942,"Type":"POLITY","Wikipedia":"Zhao (state)","Wikidata":"Q1574107","SeshatID":"","Components":"","MemberOf":"(Warring States China)","sourceFeatureId":"cliopatria-ec88e2fdd87ece5b4181c555","datasetId":"cliopatria"},"geometry":{"type":"MultiPolygon","coordinates":[[[[114.61,36.095],[114.582,36.031],[114.828,35.709],[115.076,35.387],[114.994,35.194],[114.499,34.937],[114.476,35.065],[113.708,35.258],[113.476,35.258],[113.422,35.13],[112.186,35.13],[112.32,35.451],[113.066,35.387],[113.093,35.451],[112.939,35.451],[112.916,35.58],[111.883,35.516],[112.051,36.095],[111.973,36.095],[112.282,36.804],[113.721,37.062],[113.935,37.19],[114.199,37.255],[114.169,37.19],[114.607,37.126],[115.146,37.448],[114.948,37.19],[114.907,36.933],[116.123,36.868],[115.607,36.417],[115.364,36.739],[114.61,36.095]]]]}},{"type":"Feature","id":"cliopatria-2c836d7bc894cf37bf251d2c","properties":{"NAME":"Kingdom of Sophene","ABBREVN":null,"CONTROL":null,"SUBJECTO":"Kingdom of Sophene","PARTOF":null,"BORDERPRECISION":1,"FromYear":-256,"ToYear":-240,"Area":17121.969299207198,"Type":"POLITY","Wikipedia":"Kingdom of Sophene","Wikidata":"Q2626105","SeshatID":"","Components":"","MemberOf":"","sourceFeatureId":"cliopatria-2c836d7bc894cf37bf251d2c","datasetId":"cliopatria"},"geometry":{"type":"MultiPolygon","coordinates":[[[[38.927,39.191],[38.954,39.385],[39.209,39.514],[39.751,39.45],[39.848,39.579],[40.478,39.579],[40.51,39.256],[40.658,39.191],[40.514,38.739],[40.52,38.222],[39.45,38.416],[38.752,39.062],[38.927,39.191]]]]}},{"type":"Feature","id":"cliopatria-0d71a71c0771d1f0457aa0f5","properties":{"NAME":"Kingdom of Armenia","ABBREVN":null,"CONTROL":null,"SUBJECTO":"Kingdom of Armenia","PARTOF":null,"BORDERPRECISION":1,"FromYear":-256,"ToYear":-231,"Area":224124.54929404767,"Type":"POLITY","Wikipedia":"Kingdom of Armenia (antiquity)","Wikidata":"Q208404","SeshatID":"","Components":"","MemberOf":"","sourceFeatureId":"cliopatria-0d71a71c0771d1f0457aa0f5","datasetId":"cliopatria"},"geometry":{"type":"MultiPolygon","coordinates":[[[[45.191,41.263],[45.235,41.068],[45.473,41.068],[45.675,40.874],[45.492,40.744],[45.524,40.485],[46.493,40.161],[46.537,39.967],[46.774,39.967],[47.054,39.773],[47.381,39.838],[47.515,39.708],[48.304,39.708],[48.673,39.579],[48.806,39.45],[48.782,39.32],[48.928,39.256],[48.742,38.674],[48.821,38.674],[48.807,38.158],[48.795,38.093],[48.326,38.093],[47.252,38.674],[46.121,38.481],[45.854,38.287],[45.635,37.9],[45.224,37.771],[45.174,37.448],[45.252,37.448],[45.29,37.19],[45.446,37.19],[45.251,36.933],[44.871,36.997],[44.745,37.19],[44.774,37.384],[44.413,37.577],[43.945,37.577],[42.508,37.9],[41.961,37.9],[41.667,38.029],[40.572,38.029],[40.598,38.222],[40.52,38.222],[40.514,38.739],[40.658,39.191],[40.51,39.256],[40.478,39.579],[39.848,39.579],[39.751,39.45],[39.209,39.514],[38.954,39.385],[38.745,39.579],[38.93,39.773],[38.79,39.902],[40.398,40.096],[40.507,40.291],[40.754,40.355],[40.774,40.485],[40.567,40.679],[41.005,40.938],[41.122,40.679],[41.36,40.679],[41.535,41.263],[42.25,41.263],[42.363,41.457],[42.624,41.587],[44.181,41.392],[44.305,41.198],[44.635,41.263],[44.714,41.263],[45.112,41.263],[45.191,41.263]]],[[[47.066,39.838],[47.077,39.902],[47.156,39.902],[47.145,39.838],[47.066,39.838]]],[[[46.92,39.902],[46.931,39.967],[47.01,39.967],[46.999,39.902],[46.92,39.902]]]]}},{"type":"Feature","id":"cliopatria-34ea0f286de7a88373492e1d","properties":{"NAME":"Kingdom of Pontus","ABBREVN":null,"CONTROL":null,"SUBJECTO":"Kingdom of Pontus","PARTOF":null,"BORDERPRECISION":1,"FromYear":-256,"ToYear":-231,"Area":92882.46454946726,"Type":"POLITY","Wikipedia":"Kingdom of Pontus","Wikidata":"Q7380487","SeshatID":"","Components":"","MemberOf":"","sourceFeatureId":"cliopatria-34ea0f286de7a88373492e1d","datasetId":"cliopatria"},"geometry":{"type":"MultiPolygon","coordinates":[[[[35.865,41.652],[35.954,41.717],[36.095,41.587],[36.209,41.263],[36.448,41.263],[36.527,41.263],[36.509,41.133],[37.355,40.938],[37.873,40.679],[38.824,40.679],[39.002,40.809],[39.398,40.809],[39.616,40.679],[40.409,40.679],[40.578,40.744],[40.598,40.874],[40.46,41.003],[40.539,41.003],[41.047,41.198],[41.238,41.392],[41.228,41.327],[41.264,41.068],[41.005,40.938],[40.567,40.679],[40.774,40.485],[40.754,40.355],[40.507,40.291],[40.398,40.096],[38.79,39.902],[38.93,39.773],[38.745,39.579],[38.954,39.385],[38.927,39.191],[38.752,39.062],[37.861,39.45],[36.933,39.579],[35.435,39.579],[35.294,39.708],[34.828,39.773],[34.536,39.967],[34.568,40.226],[34.6,40.485],[34.379,40.614],[34.403,40.809],[34.26,40.938],[34.406,41.457],[34.335,41.522],[33.308,41.587],[33.133,41.457],[32.656,41.457],[32.307,41.198],[32.258,41.457],[32.114,41.587],[32.193,41.587],[32.695,41.782],[32.631,41.911],[32.862,41.847],[33.277,41.976],[34.474,41.976],[34.944,41.911],[35.308,41.652],[35.785,41.652],[35.865,41.652]]],[[[40.391,41.068],[40.47,41.068],[40.46,41.003],[40.381,41.003],[40.391,41.068]]]]}},{"type":"Feature","id":"cliopatria-e268693e87f1d8156b787133","properties":{"NAME":"Âu Lạc","ABBREVN":null,"CONTROL":null,"SUBJECTO":"Âu Lạc","PARTOF":null,"BORDERPRECISION":1,"FromYear":-256,"ToYear":-209,"Area":140775.96313496766,"Type":"POLITY","Wikipedia":"Âu Lạc","Wikidata":"Q867227","SeshatID":"","Components":"","MemberOf":"","sourceFeatureId":"cliopatria-e268693e87f1d8156b787133","datasetId":"cliopatria"},"geometry":{"type":"MultiPolygon","coordinates":[[[[108.427,22.529],[108.415,22.465],[108.49,22.465],[108.496,22.079],[108.633,22.015],[108.525,21.822],[108.674,21.822],[108.641,21.629],[107.79,21.436],[107.417,20.986],[106.961,20.922],[106.834,20.601],[106.685,20.601],[106.537,20.151],[106.061,19.958],[105.849,19.572],[105.913,19.508],[105.734,18.865],[106.051,18.543],[106.031,18.415],[106.178,18.415],[106.295,18.222],[106.57,18.093],[106.571,17.643],[106.772,17.515],[106.752,17.386],[107.026,17.258],[106.765,17],[106.534,16.936],[105.144,18.415],[105.185,18.672],[105.037,18.672],[105.142,18.865],[105.015,18.993],[105.014,19.443],[104.94,19.443],[104.992,19.765],[104.865,19.893],[104.981,20.151],[104.44,20.472],[104.619,20.665],[104.905,20.601],[104.873,20.858],[105.096,20.858],[104.851,21.179],[104.979,21.501],[104.926,21.629],[105.096,21.758],[105.128,21.951],[104.874,22.208],[105.238,22.593],[105.272,22.786],[105.764,23.043],[105.971,23.365],[107.013,23.751],[107.759,23.751],[107.809,23.622],[107.958,23.622],[108.109,23.236],[108.246,23.172],[108.427,22.529]]]]}},{"type":"Feature","id":"cliopatria-b88b9bc4213bc628df03453e","properties":{"NAME":"Achaean League","ABBREVN":null,"CONTROL":null,"SUBJECTO":"Achaean League","PARTOF":null,"BORDERPRECISION":1,"FromYear":-247,"ToYear":-240,"Area":2849.529008114748,"Type":"POLITY","Wikipedia":"Achaean League","Wikidata":"Q244796","SeshatID":"","Components":"","MemberOf":"","sourceFeatureId":"cliopatria-b88b9bc4213bc628df03453e","datasetId":"cliopatria"},"geometry":{"type":"MultiPolygon","coordinates":[[[[21.416,38.158],[21.729,38.158],[21.742,38.416],[22.134,38.416],[22.287,38.351],[22.28,38.222],[22.44,38.287],[22.433,38.158],[22.589,38.158],[22.661,38.029],[22.657,37.964],[22.419,37.9],[22.12,38.158],[21.963,38.158],[21.957,38.029],[21.412,38.093],[21.416,38.158]]]]}},{"type":"Feature","id":"cliopatria-237eff4e5e8ed47d11fb62e6","properties":{"NAME":"Antigonid Macedonia","ABBREVN":null,"CONTROL":null,"SUBJECTO":"Antigonid Macedonia","PARTOF":null,"BORDERPRECISION":1,"FromYear":-247,"ToYear":-240,"Area":114794.95664987603,"Type":"POLITY","Wikipedia":"Antigonid dynasty","Wikidata":"Q237325","SeshatID":"gr_antigonid_emp","Components":"","MemberOf":"","sourceFeatureId":"cliopatria-237eff4e5e8ed47d11fb62e6","datasetId":"cliopatria"},"geometry":{"type":"MultiPolygon","coordinates":[[[[23.117,36.353],[23.107,36.16],[22.874,36.16],[22.887,36.417],[22.965,36.417],[23.117,36.353]]],[[[20.934,37.9],[20.922,37.642],[20.613,37.706],[20.621,37.9],[20.699,37.9],[20.934,37.9]]],[[[23.563,38.739],[23.485,38.739],[23.489,38.803],[23.567,38.803],[23.563,38.739]]],[[[24.853,41.392],[24.763,41.263],[26.03,41.198],[26.178,41.068],[26.904,41.198],[27.091,41.522],[27.483,41.457],[27.472,41.327],[27.631,41.327],[27.728,41.522],[28.139,41.652],[28.292,41.587],[28.285,41.522],[28.206,41.522],[28.083,41.068],[28.077,41.003],[27.527,41.068],[27.181,40.744],[26.621,40.679],[26.072,40.744],[26.082,40.874],[25.849,40.938],[24.347,41.003],[24.011,40.744],[23.698,40.809],[23.685,40.614],[23.839,40.55],[23.737,40.226],[22.959,40.42],[22.892,40.614],[22.572,40.55],[22.544,40.096],[22.702,40.096],[22.611,39.902],[23.135,39.45],[22.816,39.385],[22.797,39.062],[22.958,39.126],[23.493,38.868],[23.332,38.803],[23.025,38.933],[22.936,38.739],[23.167,38.674],[23.313,38.481],[23.626,38.481],[23.563,38.739],[24.03,38.674],[24.179,38.545],[24.159,38.222],[24.002,38.222],[23.979,37.835],[23.443,38.029],[23.208,38.029],[23.201,37.9],[23.044,37.9],[23.108,37.642],[23.342,37.642],[23.402,37.319],[23.169,37.319],[23.176,37.448],[22.949,37.577],[22.714,37.577],[22.701,37.319],[22.853,37.255],[23.056,36.675],[22.833,36.868],[22.599,36.868],[22.512,36.675],[22.356,36.675],[22.22,37.062],[21.909,37.062],[21.899,36.868],[21.744,36.868],[21.681,37.19],[21.603,37.19],[21.697,37.513],[21.244,37.835],[21.334,38.093],[21.412,38.093],[21.957,38.029],[21.963,38.158],[22.12,38.158],[22.419,37.9],[22.657,37.964],[22.735,37.964],[22.97,37.964],[23.059,38.158],[22.988,38.287],[22.525,38.416],[22.447,38.416],[22.547,38.803],[22.39,38.803],[22.397,38.933],[22.558,38.997],[22.49,39.191],[21.7,39.126],[21.536,38.997],[21.471,39.256],[21.167,39.45],[21.17,39.514],[20.943,39.708],[20.806,40.096],[20.572,40.161],[21.074,40.679],[20.619,41.068],[20.63,41.263],[21.125,41.587],[21.16,42.171],[21.239,42.171],[21.407,42.301],[22.455,42.431],[22.442,42.236],[22.593,42.106],[22.753,42.106],[23.054,41.847],[23.528,41.782],[23.669,41.522],[24.231,41.587],[24.236,41.652],[24.554,41.652],[24.853,41.392]]],[[[25.166,41.327],[25.245,41.327],[25.24,41.263],[25.161,41.263],[25.166,41.327]]]]}},{"type":"Feature","id":"cliopatria-e4271e3ab17afb52cc2b3cd6","properties":{"NAME":"Carthage","ABBREVN":null,"CONTROL":null,"SUBJECTO":"Carthage","PARTOF":null,"BORDERPRECISION":1,"FromYear":-247,"ToYear":-240,"Area":210299.89810399507,"Type":"POLITY","Wikipedia":"Ancient Carthage","Wikidata":"Q2429397","SeshatID":"tn_carthage_emp","Components":"","MemberOf":"","sourceFeatureId":"cliopatria-e4271e3ab17afb52cc2b3cd6","datasetId":"cliopatria"},"geometry":{"type":"MultiPolygon","coordinates":[[[[11.083,35.387],[11.006,35.387],[11.083,35.001],[10.851,34.937],[10.851,34.808],[10.543,34.551],[10.004,34.293],[10.082,34.229],[10.006,33.907],[10.237,33.715],[10.544,33.715],[10.698,33.522],[11.082,33.586],[11.158,33.2],[11.464,33.2],[12.229,32.814],[12.612,32.879],[12.535,32.75],[12.841,32.75],[12.842,32.879],[13.302,32.943],[13.454,32.814],[13.761,32.879],[13.759,32.75],[14.065,32.75],[14.444,32.493],[14.675,32.557],[14.749,32.429],[15.055,32.429],[15.282,32.3],[15.425,31.658],[15.576,31.593],[15.649,31.4],[16.179,31.208],[16.864,31.208],[17.847,30.951],[18.222,30.758],[18.592,30.372],[18.896,30.372],[18.814,30.115],[18.586,30.115],[18.216,30.501],[17.161,30.886],[15.569,31.143],[15.193,31.465],[15.05,32.107],[14.899,32.236],[14.517,32.172],[14.443,32.365],[13.758,32.622],[11.998,32.622],[12.076,32.75],[11.617,32.943],[11.081,32.879],[10.698,33.136],[10.468,33.136],[10.468,33.264],[9.854,33.393],[9.624,33.329],[9.547,33.522],[9.316,33.586],[9.083,34.036],[8.929,34.036],[9.003,34.358],[8.926,34.358],[8.846,34.744],[8.459,34.872],[8.229,34.808],[8.073,34.937],[7.906,35.966],[7.828,35.966],[7.902,36.224],[7.586,36.61],[6.965,36.61],[6.889,36.482],[6.422,36.546],[6.347,36.417],[5.879,36.482],[5.649,36.353],[2.775,36.417],[2.316,36.224],[2.003,36.288],[2.008,36.16],[1.155,36.16],[1.005,36.031],[0.772,36.031],[0.479,35.645],[-0.292,35.58],[-1.04,35.065],[-1.198,35.13],[-1.346,35.001],[-1.806,34.937],[-1.876,34.808],[-2.809,34.937],[-4.734,34.872],[-4.743,35.001],[-5.214,35.13],[-5.39,35.451],[-5.627,35.516],[-5.9,35.001],[-5.815,34.872],[-5.969,34.872],[-6.242,34.358],[-6.157,34.229],[-6.31,34.229],[-6.601,33.972],[-6.592,33.843],[-6.814,33.715],[-6.728,33.586],[-7.184,33.522],[-7.474,33.264],[-7.875,33.522],[-7.13,33.843],[-7.062,33.972],[-6.904,33.907],[-6.614,34.165],[-6.7,34.293],[-6.473,34.358],[-6.482,34.486],[-6.264,34.679],[-6.205,34.937],[-6.291,35.065],[-6.132,35.001],[-5.95,35.709],[-5.571,35.838],[-5.339,35.838],[-5.24,35.516],[-4.755,35.194],[-3.132,35.194],[-2.982,35.258],[-2.993,35.451],[-2.838,35.451],[-2.82,35.13],[-2.662,35.065],[-1.89,35.065],[-1.591,35.258],[-1.359,35.258],[-1.136,35.451],[-1.224,35.645],[-1.066,35.58],[-0.917,35.709],[-0.53,35.709],[-0.459,35.838],[0.084,35.838],[0.376,36.224],[0.684,36.288],[0.678,36.417],[0.914,36.353],[1.216,36.546],[1.53,36.482],[2.377,36.675],[2.69,36.61],[2.841,36.739],[3.23,36.739],[3.459,36.868],[3.85,36.804],[4.235,36.933],[4.859,36.868],[5.098,36.675],[5.564,36.675],[5.639,36.804],[6.106,36.804],[6.103,36.933],[6.334,37.062],[6.805,36.868],[7.194,36.868],[7.346,37.062],[7.502,37.062],[7.738,36.868],[8.516,36.868],[8.903,37.126],[9.059,37.062],[9.37,37.255],[9.759,37.319],[9.993,37.19],[10.227,37.255],[10.228,37.062],[10.305,37.062],[10.228,36.804],[10.462,36.739],[11.006,36.997],[11.006,36.804],[10.462,36.417],[10.54,36.353],[10.464,35.902],[10.851,35.709],[10.851,35.645],[11.083,35.58],[11.083,35.387]]],[[[14.568,35.773],[14.337,35.838],[14.34,36.031],[14.417,36.031],[14.571,35.966],[14.568,35.773]]],[[[-3.851,36.804],[-4.469,36.739],[-4.689,36.546],[-5.228,36.482],[-5.288,36.224],[-5.516,36.16],[-5.585,36.031],[-5.831,36.224],[-6.064,36.224],[-6.248,36.61],[-5.918,36.353],[-5.452,36.353],[-5.306,36.482],[-5.31,36.546],[-4.555,36.868],[-3.851,36.804]]],[[[12.569,37.706],[12.49,37.706],[12.492,37.9],[12.65,38.093],[12.728,38.093],[12.806,38.093],[12.806,38.029],[12.569,37.706]]],[[[1.658,38.997],[1.431,38.803],[1.274,38.803],[1.183,39.062],[1.259,39.126],[1.337,39.126],[1.652,39.126],[1.658,38.997]]],[[[4.302,39.838],[3.827,39.902],[3.741,40.096],[3.82,40.096],[4.215,40.096],[4.302,39.838]]],[[[9.822,40.744],[9.823,40.355],[9.665,40.291],[9.747,39.644],[9.669,39.644],[9.593,39.126],[9.12,39.191],[8.966,38.868],[8.73,38.868],[8.336,38.997],[8.412,39.256],[8.333,39.256],[8.33,39.514],[8.409,39.514],[8.483,39.902],[8.325,39.967],[8.4,40.291],[8.321,40.291],[8.319,40.485],[8.16,40.55],[8.155,40.938],[8.552,40.874],[9.025,41.263],[9.104,41.263],[9.502,41.198],[9.822,40.744]]],[[[9.493,42.756],[9.574,42.756],[9.578,41.976],[9.498,41.976],[9.499,41.782],[9.262,41.392],[9.104,41.327],[8.784,41.522],[8.782,41.717],[8.623,41.717],[8.7,41.911],[8.539,42.106],[8.535,42.496],[8.773,42.691],[9.173,42.756],[9.251,43.017],[9.331,43.017],[9.492,43.017],[9.493,42.756]]]]}},{"type":"Feature","id":"cliopatria-833e3a0223e86870fc36c811","properties":{"NAME":"Galatia","ABBREVN":null,"CONTROL":null,"SUBJECTO":"Galatia","PARTOF":null,"BORDERPRECISION":1,"FromYear":-247,"ToYear":-240,"Area":50435.276131128485,"Type":"POLITY","Wikipedia":"Galatia","Wikidata":"Q26847","SeshatID":"","Components":"","MemberOf":"","sourceFeatureId":"cliopatria-833e3a0223e86870fc36c811","datasetId":"cliopatria"},"geometry":{"type":"MultiPolygon","coordinates":[[[[31.371,39.902],[31.306,40.032],[31.701,40.032],[31.708,40.096],[32.11,40.161],[32.304,40.485],[32.764,40.355],[33.413,40.485],[33.555,40.355],[34.568,40.226],[34.536,39.967],[34.828,39.773],[34.726,39.579],[34.767,39.256],[34.479,38.803],[33.274,38.545],[31.424,38.868],[31.443,39.062],[31.233,39.32],[31.365,39.838],[31.371,39.902]]]]}},{"type":"Feature","id":"cliopatria-88941435c05c89019a9f43ca","properties":{"NAME":"Greco-Bactrian Kingdom","ABBREVN":null,"CONTROL":null,"SUBJECTO":"Greco-Bactrian Kingdom","PARTOF":null,"BORDERPRECISION":1,"FromYear":-247,"ToYear":-240,"Area":488618.84390279255,"Type":"POLITY","Wikipedia":"Greco-Bactrian Kingdom","Wikidata":"Q488880","SeshatID":"af_greco_bactrian_k","Components":"","MemberOf":"","sourceFeatureId":"cliopatria-88941435c05c89019a9f43ca","datasetId":"cliopatria"},"geometry":{"type":"MultiPolygon","coordinates":[[[[70.279,35.58],[70.202,35.58],[70.218,35.645],[70.295,35.645],[70.279,35.58]]],[[[69.416,39.644],[69.28,39.45],[69.359,39.45],[69.364,39.191],[69.521,39.191],[69.405,39.062],[69.568,38.803],[70.099,38.739],[70.298,38.61],[70.63,38.674],[70.593,38.545],[71.202,38.481],[71.364,38.222],[71.779,38.029],[71.941,37.771],[72.434,37.577],[72.416,37.513],[71.825,37.062],[71.661,36.739],[71.138,36.224],[71.061,36.224],[70.14,35.645],[70.093,35.451],[69.876,35.516],[69.598,35.323],[69.366,35.323],[69.335,35.194],[69.026,35.194],[68.517,35.001],[68.395,34.808],[68.101,34.872],[67.825,34.679],[67.609,34.744],[67.088,34.486],[66.612,34.422],[66.535,34.422],[66.563,34.551],[66.144,34.744],[65.618,34.808],[65.415,34.937],[64.755,34.744],[64.37,34.744],[64.188,34.615],[63.957,34.615],[63.83,34.744],[63.277,34.679],[63.15,34.808],[62.623,34.872],[62.191,35.387],[61.804,35.387],[61.303,35.58],[61.235,36.353],[61.157,36.353],[61.213,36.61],[61.474,36.739],[61.029,37.19],[60.873,37.19],[60.98,37.319],[60.663,37.642],[60.736,37.964],[60.531,38.093],[60.561,38.222],[60.371,38.416],[60.431,38.674],[60.32,38.868],[60.524,39.385],[60.54,39.45],[60.65,39.579],[60.949,39.514],[62.502,40.032],[62.879,39.967],[63.467,40.096],[64.889,40.096],[65.23,39.902],[65.564,39.967],[66.22,39.773],[68.53,39.579],[68.624,39.902],[68.997,40.096],[69.036,40.226],[69.273,40.226],[69.272,40.485],[69.193,40.485],[69.372,40.809],[69.807,40.679],[70.485,41.068],[70.682,40.938],[70.738,40.614],[69.846,40.291],[69.886,40.161],[69.728,40.161],[69.315,39.838],[69.296,39.773],[69.416,39.644]]],[[[70.34,40.355],[70.36,40.42],[70.44,40.42],[70.419,40.355],[70.34,40.355]]]]}},{"type":"Feature","id":"cliopatria-cd1b914276feb0b7ef3fae03","properties":{"NAME":"Greek Colonies","ABBREVN":null,"CONTROL":null,"SUBJECTO":"Greek Colonies","PARTOF":null,"BORDERPRECISION":1,"FromYear":-247,"ToYear":-240,"Area":82651.22551445004,"Type":"POLITY","Wikipedia":"Greek colonisation","Wikidata":"Q828047","SeshatID":"","Components":"","MemberOf":"","sourceFeatureId":"cliopatria-cd1b914276feb0b7ef3fae03","datasetId":"cliopatria"},"geometry":{"type":"MultiPolygon","coordinates":[[[[24.157,35.516],[24.15,35.387],[24.301,35.323],[25.692,35.323],[25.681,35.13],[26.225,35.194],[26.14,35.065],[24.824,35.001],[24.757,35.194],[24.526,35.194],[24.448,35.194],[23.679,35.258],[23.615,35.516],[24.157,35.516]]],[[[14.431,36.933],[14.432,36.997],[15.06,37.319],[15.059,37.255],[15.137,37.255],[15.136,37.19],[15.214,37.19],[15.213,37.126],[15.05,36.739],[14.661,36.739],[14.431,36.933]]],[[[20.32,38.158],[20.328,38.351],[20.488,38.416],[20.566,38.416],[20.795,38.287],[20.786,38.093],[20.32,38.158]]],[[[-0.314,39.126],[0.096,38.803],[-0.126,38.545],[-0.539,38.933],[-0.567,39.45],[-0.571,39.514],[-0.514,39.902],[-0.202,39.967],[-0.345,39.708],[-0.314,39.126]]],[[[20.152,39.644],[20.149,39.579],[20.07,39.579],[20.073,39.644],[20.152,39.644]]],[[[21.53,38.868],[21.288,38.739],[21.35,38.416],[21.272,38.416],[20.898,38.803],[20.741,38.803],[20.911,39.062],[20.297,39.385],[20.155,39.708],[19.918,39.708],[19.912,39.579],[19.758,39.644],[19.764,39.773],[20,39.773],[20.009,39.967],[19.63,40.291],[19.471,40.291],[19.486,40.614],[19.249,40.614],[19.255,40.744],[19.334,40.744],[19.733,40.809],[20.19,40.42],[20.427,40.42],[20.572,40.161],[20.806,40.096],[20.943,39.708],[21.17,39.514],[21.167,39.45],[21.471,39.256],[21.536,38.997],[21.53,38.868]]],[[[24.551,40.55],[24.491,40.809],[24.57,40.809],[24.808,40.809],[24.794,40.614],[24.551,40.55]]],[[[27.378,42.041],[27.384,42.106],[27.464,42.106],[27.317,42.236],[27.329,42.366],[27.175,42.431],[27.193,42.626],[27.657,43.277],[27.998,43.472],[28.119,43.863],[28.3,44.059],[28.341,44.451],[28.422,44.451],[28.368,44.712],[28.64,44.973],[28.802,44.973],[28.841,44.581],[28.577,44.385],[28.536,43.994],[28.616,43.994],[28.481,43.472],[28.159,43.472],[28.226,43.342],[27.898,43.277],[27.805,43.147],[27.853,42.821],[27.847,42.756],[27.514,42.626],[27.495,42.431],[27.796,42.236],[27.924,41.911],[27.612,41.976],[27.538,42.041],[27.532,41.976],[27.452,41.976],[27.458,42.041],[27.378,42.041]],[[27.538,42.041],[27.464,42.106],[27.458,42.041],[27.538,42.041]]],[[[5.387,43.407],[5.063,43.472],[4.178,43.472],[4.173,43.603],[3.851,43.603],[2.985,43.147],[3.01,42.561],[3.178,42.366],[3.04,41.847],[2.698,42.366],[2.775,42.431],[2.669,43.017],[2.75,43.017],[2.741,43.212],[3.446,43.668],[4.728,43.863],[5.87,43.407],[6.594,43.407],[6.597,43.277],[6.278,43.147],[6.198,43.147],[5.796,43.147],[5.632,43.277],[5.391,43.277],[5.387,43.407]]],[[[27.743,35.902],[27.693,36.288],[28.017,36.482],[28.095,36.482],[28.25,36.482],[28.139,36.031],[27.743,35.902]]],[[[27.612,37.319],[28.241,37.384],[28.304,37.19],[28.226,37.19],[28.221,37.126],[27.598,37.126],[27.608,37.255],[27.612,37.319]]],[[[40.381,41.003],[40.46,41.003],[40.598,40.874],[40.578,40.744],[40.409,40.679],[39.616,40.679],[39.398,40.809],[39.002,40.809],[38.824,40.679],[37.873,40.679],[37.355,40.938],[36.509,41.133],[36.527,41.263],[36.607,41.263],[36.775,41.327],[37.065,41.133],[37.233,41.198],[37.215,41.068],[37.771,41.068],[37.831,40.938],[38.158,41.003],[38.298,40.874],[38.952,41.003],[38.962,41.068],[39.21,41.133],[39.736,40.938],[40.381,41.003]]],[[[28.285,41.522],[28.279,41.457],[28.976,41.263],[28.963,41.133],[29.367,41.198],[29.255,40.874],[29.103,40.938],[29.116,41.068],[28.639,41.068],[28.56,41.068],[28.163,41.068],[28.083,41.068],[28.206,41.522],[28.285,41.522]]],[[[31.512,41.198],[31.361,41.263],[31.693,41.392],[31.592,41.198],[31.512,41.198]]],[[[35.086,41.782],[35.006,41.782],[35.015,41.847],[34.793,41.976],[35.121,42.041],[35.086,41.782]]],[[[35.125,44.908],[34.376,44.777],[33.926,44.451],[33.449,44.516],[33.61,45.104],[33.459,45.187],[33.78,45.155],[33.917,44.973],[34.986,45.3],[35.02,45.3],[35.183,45.3],[35.154,45.104],[35.235,45.104],[35.125,44.908]]],[[[31.567,46.94],[31.533,46.677],[30.877,46.677],[30.298,45.955],[30.045,45.89],[29.859,45.693],[29.614,45.693],[29.644,45.955],[30.189,46.415],[30.271,46.415],[30.458,46.612],[31.065,46.874],[31.082,47.006],[31.567,46.94]]],[[[38.667,47.598],[39.079,47.598],[39.138,47.466],[39.126,47.401],[39.197,47.335],[38.35,47.203],[38.385,47.401],[38.667,47.598]]]]}},{"type":"Feature","id":"cliopatria-f3996631de94cc28f1f7e7f7","properties":{"NAME":"Illyrian Kingdom","ABBREVN":null,"CONTROL":null,"SUBJECTO":"Illyrian Kingdom","PARTOF":null,"BORDERPRECISION":1,"FromYear":-247,"ToYear":-240,"Area":45340.020506491324,"Type":"POLITY","Wikipedia":"Illyrian kingdom","Wikidata":"Q16084290","SeshatID":"","Components":"","MemberOf":"","sourceFeatureId":"cliopatria-f3996631de94cc28f1f7e7f7","datasetId":"cliopatria"},"geometry":{"type":"MultiPolygon","coordinates":[[[[19.759,42.886],[20.073,42.756],[20.139,42.496],[20.622,42.561],[21.08,42.171],[21.16,42.171],[21.125,41.587],[20.63,41.263],[20.619,41.068],[21.074,40.679],[20.572,40.161],[20.427,40.42],[20.19,40.42],[19.733,40.809],[19.334,40.744],[19.337,40.809],[19.498,40.874],[19.438,41.263],[19.523,41.392],[19.444,41.392],[19.53,41.522],[19.45,41.522],[19.542,41.782],[18.852,42.366],[18.143,42.626],[17.992,42.821],[17.593,42.886],[17.508,42.756],[17.516,42.951],[17.355,42.951],[17.365,43.212],[17.526,43.212],[17.534,43.407],[17.783,43.603],[18.106,43.603],[18.344,43.538],[18.574,43.277],[18.738,43.342],[18.812,43.212],[19.13,43.147],[19.204,43.017],[19.605,43.017],[19.522,42.951],[19.595,42.821],[19.675,42.821],[19.759,42.886]]],[[[17.365,43.212],[17.122,43.147],[17.127,43.277],[17.288,43.277],[17.29,43.342],[17.365,43.212]]],[[[18.815,43.277],[18.818,43.342],[18.898,43.342],[18.895,43.277],[18.815,43.277]]]]}},{"type":"Feature","id":"cliopatria-16cbc50a59cc48cf8fcd5011","properties":{"NAME":"Ptolemaic Kingdom","ABBREVN":null,"CONTROL":null,"SUBJECTO":"Ptolemaic Kingdom","PARTOF":null,"BORDERPRECISION":1,"FromYear":-247,"ToYear":-240,"Area":783094.9987902865,"Type":"POLITY","Wikipedia":"Ptolemaic Kingdom","Wikidata":"Q2320005","SeshatID":"eg_ptolemaic_k_1","Components":"","MemberOf":"","sourceFeatureId":"cliopatria-16cbc50a59cc48cf8fcd5011","datasetId":"cliopatria"},"geometry":{"type":"MultiPolygon","coordinates":[[[[25.331,36.997],[25.339,37.126],[25.417,37.126],[25.573,37.126],[25.564,36.997],[25.331,36.997]]],[[[24.201,37.642],[24.283,37.706],[24.361,37.706],[24.432,37.577],[24.272,37.513],[24.201,37.642]]],[[[25.052,37.513],[24.986,37.706],[25.064,37.706],[25.22,37.706],[25.286,37.513],[25.052,37.513]]],[[[26.08,37.706],[26.158,37.706],[26.314,37.706],[26.305,37.577],[25.988,37.513],[26.08,37.706]]],[[[24.694,38.029],[24.772,38.029],[25.068,37.771],[24.83,37.706],[24.682,37.835],[24.694,38.029]]],[[[24.357,38.868],[24.365,38.997],[24.444,38.997],[24.675,38.933],[24.662,38.739],[24.357,38.868]]],[[[24.974,39.838],[25.067,40.032],[25.146,40.032],[25.462,40.032],[25.447,39.838],[24.974,39.838]]],[[[25.704,40.096],[25.719,40.291],[25.798,40.291],[26.035,40.291],[26.025,40.161],[25.704,40.096]]],[[[26.257,40.096],[26.262,40.161],[26.267,40.226],[26.272,40.291],[26.351,40.291],[26.357,40.355],[26.605,40.485],[26.678,40.42],[26.673,40.355],[26.257,40.096]]],[[[26.309,40.744],[26.542,40.679],[26.066,40.679],[26.23,40.744],[26.309,40.744]]],[[[37.573,33.65],[37.073,33.264],[37.054,33.072],[36.901,33.072],[36.717,32.75],[36.751,32.3],[36.516,32.236],[36.656,32.107],[36.492,31.979],[36.463,31.658],[36.387,31.658],[36.423,31.208],[35.662,31.208],[35.499,31.079],[35.352,31.143],[34.621,30.565],[34.611,30.436],[34.389,30.501],[34.303,30.372],[33.838,30.244],[32.919,30.115],[32.91,29.987],[32.758,29.987],[32.673,29.858],[32.526,29.922],[32.442,29.794],[32.689,28.958],[32.836,28.894],[33.105,28.38],[33.609,27.994],[33.585,27.608],[33.799,27.415],[33.927,27.029],[34.073,26.965],[34.051,26.579],[34.197,26.515],[34.461,25.872],[34.608,25.808],[35.146,24.651],[35.86,24.008],[35.854,23.879],[35.559,23.943],[35.553,23.815],[35.108,23.879],[33.756,23.686],[33.682,23.686],[33.389,23.815],[32.041,23.686],[31.67,23.751],[30.537,23.365],[30.463,23.365],[30.395,23.558],[30.104,23.751],[30.109,23.879],[29.959,23.879],[29.673,24.201],[28.569,24.651],[28.289,25.165],[28.244,25.936],[28.345,26.579],[28.27,26.579],[28.154,27.351],[27.937,27.544],[27.711,27.544],[27.792,27.672],[27.43,27.994],[27.276,27.93],[27.285,28.122],[26.847,28.444],[25.883,28.83],[25.225,29.344],[24.922,29.344],[24.855,29.537],[24.406,29.665],[24.263,29.858],[23.667,30.115],[23.227,30.501],[22.848,30.501],[22.853,30.629],[21.951,30.886],[20.582,30.886],[19.957,30.308],[19.651,30.244],[19.572,30.115],[18.735,29.987],[18.738,30.115],[18.894,30.308],[19.272,30.244],[19.655,30.372],[19.964,30.565],[19.968,30.694],[20.202,30.886],[20.134,31.143],[20.214,31.272],[19.996,31.593],[20.089,32.107],[20.017,32.236],[20.246,32.236],[20.331,32.493],[20.482,32.429],[20.563,32.557],[20.716,32.557],[20.644,32.686],[20.871,32.622],[21.108,32.814],[21.412,32.75],[21.879,32.943],[23.089,32.622],[23.081,32.429],[23.231,32.365],[23.149,32.236],[23.299,32.172],[23.68,32.172],[24.129,31.979],[24.892,31.979],[25.112,31.786],[25.102,31.593],[25.248,31.465],[26.848,31.465],[27.297,31.336],[27.515,31.143],[28.496,31.015],[28.865,30.822],[29.397,30.822],[29.485,31.015],[29.633,30.951],[29.87,31.079],[29.802,31.208],[29.882,31.272],[30.339,31.272],[30.271,31.4],[30.352,31.465],[30.809,31.465],[30.966,31.529],[30.975,31.658],[31.203,31.658],[31.118,31.529],[31.266,31.465],[31.875,31.465],[31.781,31.208],[31.937,31.272],[32,31.079],[32.304,31.079],[32.237,31.208],[32.532,31.079],[32.765,31.143],[32.832,31.015],[33.983,31.143],[34.297,31.272],[34.308,31.4],[34.633,31.658],[34.573,31.85],[34.813,31.979],[34.77,32.365],[35.022,32.622],[35.056,33.007],[35.215,33.072],[35.398,33.393],[35.346,33.65],[35.499,33.65],[35.447,33.907],[35.684,33.972],[35.644,34.358],[35.792,34.293],[36.049,34.551],[36.068,34.744],[35.927,34.872],[35.96,35.194],[35.882,35.194],[35.889,35.258],[36.269,35.194],[36.165,34.937],[36.313,34.872],[36.293,34.679],[36.441,34.615],[36.562,34.293],[36.87,34.293],[37.004,34.1],[37.389,34.1],[37.382,34.036],[37.599,33.907],[37.649,33.65],[37.573,33.65]]],[[[33.957,35.258],[34.087,35.001],[33.695,34.937],[33.523,34.744],[33.132,34.679],[33.044,34.551],[32.367,34.744],[32.229,34.937],[32.246,35.13],[32.555,35.13],[32.875,35.258],[32.887,35.387],[33.737,35.387],[34.31,35.709],[34.387,35.709],[34.542,35.709],[34.529,35.58],[33.957,35.258]]],[[[32.068,36.61],[33.375,37.255],[33.609,37.255],[33.674,37.126],[34.219,37.126],[34.335,36.739],[34.328,36.675],[33.979,36.288],[33.274,36.224],[32.713,36.031],[32.558,36.031],[32.499,36.224],[32.212,36.482],[32.134,36.482],[32.14,36.546],[32.062,36.546],[32.068,36.61]]],[[[35.035,36.739],[35.028,36.675],[34.95,36.675],[34.957,36.739],[35.035,36.739]]],[[[29.24,36.224],[29.125,36.739],[28.357,36.868],[28.187,36.675],[28.031,36.675],[28.226,37.19],[28.304,37.19],[29.369,36.868],[29.363,36.804],[29.441,36.804],[29.446,36.868],[30.619,36.933],[30.613,36.868],[30.536,36.868],[30.53,36.804],[30.492,36.353],[30.026,36.353],[29.938,36.224],[29.24,36.224]]],[[[35.035,36.739],[35.289,36.933],[35.834,36.933],[35.827,36.868],[35.749,36.868],[35.488,36.61],[35.113,36.739],[35.035,36.739]]],[[[27.039,36.933],[27.117,36.933],[27.185,36.804],[26.865,36.675],[27.039,36.933]]],[[[27.195,36.933],[27.209,37.126],[27.286,37.126],[27.442,37.126],[27.35,36.933],[27.195,36.933]]],[[[26.557,37.835],[26.636,37.835],[27.026,37.835],[27.012,37.642],[26.622,37.642],[26.557,37.835]]],[[[26.768,40.55],[26.774,40.614],[26.785,40.744],[27.102,40.744],[26.921,40.485],[26.768,40.55]]]]}},{"type":"Feature","id":"cliopatria-ca98e4c24a9f550eabfea218","properties":{"NAME":"Roman Republic","ABBREVN":null,"CONTROL":null,"SUBJECTO":"Roman Republic","PARTOF":null,"BORDERPRECISION":1,"FromYear":-247,"ToYear":-240,"Area":136871.53017098352,"Type":"POLITY","Wikipedia":"Roman Republic","Wikidata":"Q175881","SeshatID":"it_roman_rep_2","Components":"","MemberOf":"","sourceFeatureId":"cliopatria-ca98e4c24a9f550eabfea218","datasetId":"cliopatria"},"geometry":{"type":"MultiPolygon","coordinates":[[[[14.372,42.301],[14.608,42.106],[14.769,42.171],[14.766,42.041],[14.924,41.976],[15.165,42.041],[15.241,41.911],[16.119,41.911],[16.115,41.782],[15.874,41.717],[15.944,41.392],[17.203,41.003],[17.511,40.744],[17.981,40.614],[18.438,40.161],[18.349,39.902],[18.112,39.902],[17.813,40.355],[17.418,40.355],[17.345,40.55],[17.028,40.55],[16.868,40.485],[16.945,40.42],[16.862,40.291],[16.624,40.291],[16.697,40.096],[16.457,39.967],[16.447,39.644],[16.916,39.514],[17.07,39.385],[17.138,39.062],[16.502,38.803],[16.492,38.416],[15.933,37.964],[15.698,37.964],[15.624,38.158],[15.389,38.158],[15.066,37.642],[15.062,37.384],[15.06,37.319],[14.432,36.997],[14.354,36.997],[14.123,37.19],[13.578,37.255],[13.192,37.577],[12.647,37.706],[12.569,37.706],[12.806,38.029],[12.884,38.029],[13.355,38.158],[13.665,37.964],[14.056,37.964],[15.862,38.287],[15.95,38.674],[16.265,38.739],[16.27,38.933],[16.117,39.062],[15.899,39.773],[15.666,39.902],[15.748,40.032],[15.432,40.032],[15.199,40.226],[15.041,40.226],[14.893,40.679],[14.418,40.679],[14.422,40.874],[14.105,40.874],[13.951,41.133],[13.792,41.133],[13.715,41.263],[13,41.327],[12.131,41.911],[12.132,42.041],[11.813,42.106],[11.655,42.366],[11.495,42.301],[11.415,42.431],[11.255,42.431],[11.176,42.626],[11.016,42.626],[11.016,42.821],[10.535,43.082],[10.293,43.798],[11.825,43.733],[11.745,43.863],[11.908,44.059],[12.474,44.124],[12.873,43.798],[13.036,43.863],[13.034,43.733],[13.355,43.668],[13.673,43.407],[13.747,43.082],[13.985,42.951],[13.901,42.756],[14.292,42.301],[14.372,42.301]]],[[[10.214,42.886],[10.455,42.886],[10.455,42.691],[10.215,42.691],[10.134,42.886],[10.214,42.886]]]]}},{"type":"Feature","id":"cliopatria-686204daf6eae956b9fca1c9","properties":{"NAME":"Seleucid Empire","ABBREVN":null,"CONTROL":null,"SUBJECTO":"Seleucid Empire","PARTOF":null,"BORDERPRECISION":1,"FromYear":-247,"ToYear":-240,"Area":2270021.592168635,"Type":"POLITY","Wikipedia":"Seleucid dynasty","Wikidata":"Q705904","SeshatID":"ir_seleucid_emp","Components":"","MemberOf":"","sourceFeatureId":"cliopatria-686204daf6eae956b9fca1c9","datasetId":"cliopatria"},"geometry":{"type":"MultiPolygon","coordinates":[[[[31.443,39.062],[31.424,38.868],[33.274,38.545],[34.479,38.803],[34.767,39.256],[34.726,39.579],[34.828,39.773],[35.294,39.708],[35.435,39.579],[36.933,39.579],[37.861,39.45],[38.752,39.062],[39.45,38.416],[40.52,38.222],[40.598,38.222],[40.572,38.029],[41.667,38.029],[41.961,37.9],[42.508,37.9],[43.945,37.577],[44.413,37.577],[44.774,37.384],[44.745,37.19],[44.871,36.997],[45.251,36.933],[45.118,36.031],[45.195,36.031],[45.217,35.645],[46.031,35.387],[47.954,35.323],[48.774,35.13],[49.413,35.258],[49.608,35.516],[50.48,35.645],[50.855,36.031],[52.008,36.417],[52.108,36.546],[52.186,36.546],[53.088,36.804],[54.033,36.868],[54.095,37.19],[53.976,37.384],[54.703,37.513],[54.846,37.835],[55.289,38.093],[56.228,38.093],[56.674,38.351],[57.878,38.481],[59.049,38.803],[60.445,39.385],[60.524,39.385],[60.32,38.868],[60.431,38.674],[60.371,38.416],[60.561,38.222],[60.531,38.093],[60.736,37.964],[60.663,37.642],[60.98,37.319],[60.873,37.19],[61.029,37.19],[61.474,36.739],[61.213,36.61],[61.157,36.353],[61.235,36.353],[61.303,35.58],[61.804,35.387],[62.191,35.387],[62.623,34.872],[63.15,34.808],[63.277,34.679],[63.83,34.744],[63.957,34.615],[64.188,34.615],[64.37,34.744],[64.755,34.744],[65.415,34.937],[65.618,34.808],[66.144,34.744],[66.563,34.551],[66.535,34.422],[66.458,34.422],[66.352,34.293],[65.751,34.358],[65.387,34.1],[65.242,33.779],[65.062,33.65],[65.035,33.522],[65.112,33.522],[64.982,33.264],[64.829,33.264],[64.687,32.943],[64.355,32.814],[64.406,32.686],[63.873,32.3],[63.643,32.3],[63.442,32.043],[63.301,32.107],[62.124,30.629],[61.68,30.244],[61.37,29.729],[61.027,29.472],[60.244,28.251],[59.395,27.544],[58.994,27.351],[58.978,27.222],[58.836,27.287],[58.745,27.158],[58.594,27.158],[58.428,27.029],[58.405,26.837],[58.262,26.901],[57.773,26.579],[57.483,26.001],[57.529,25.744],[57.38,25.744],[57.176,25.936],[57.052,26.837],[56.715,27.158],[56.188,27.158],[56.098,27.029],[56.324,27.029],[56.309,26.901],[56.061,26.708],[55.289,26.515],[55.31,26.708],[55.543,26.772],[55.242,26.772],[54.989,26.515],[54.681,26.451],[54.259,26.708],[53.658,26.708],[53.461,26.965],[52.737,27.222],[52.479,27.608],[52.049,27.801],[51.453,27.865],[51.066,28.444],[51.028,28.765],[50.809,28.83],[50.915,29.087],[50.62,29.151],[50.651,29.408],[50.236,29.729],[50.065,30.179],[49.586,29.987],[48.943,30.308],[48.987,30.051],[48.365,29.922],[48.404,29.601],[48.093,29.537],[47.646,29.601],[47.29,29.794],[46.979,29.729],[46.994,29.858],[46.85,29.922],[46.615,29.858],[46.591,30.308],[45.77,30.436],[44.955,31.272],[44.581,31.336],[44.459,31.593],[43.153,32.814],[42.709,32.943],[42.578,33.136],[42.065,33.329],[42.003,33.457],[41.489,33.65],[41.427,33.779],[41.273,33.779],[41.212,33.907],[40.912,33.972],[40.704,34.165],[40.311,34.1],[40.403,34.229],[40.257,34.293],[39.124,34.486],[37.99,33.972],[37.739,33.779],[37.726,33.65],[37.649,33.65],[37.599,33.907],[37.382,34.036],[37.389,34.1],[37.004,34.1],[36.87,34.293],[36.562,34.293],[36.441,34.615],[36.293,34.679],[36.313,34.872],[36.165,34.937],[36.269,35.194],[35.889,35.258],[35.896,35.323],[35.993,35.516],[35.845,35.58],[35.872,35.838],[35.99,36.224],[35.849,36.353],[36.265,36.61],[36.286,36.804],[36.145,36.933],[35.911,36.933],[35.834,36.933],[35.289,36.933],[35.035,36.739],[34.957,36.739],[34.893,36.868],[34.582,36.868],[34.413,36.739],[34.335,36.739],[34.219,37.126],[33.674,37.126],[33.609,37.255],[33.375,37.255],[32.068,36.61],[31.99,36.61],[31.392,36.868],[30.697,36.933],[30.619,36.933],[29.446,36.868],[29.369,36.868],[28.304,37.19],[28.241,37.384],[27.612,37.319],[27.534,37.319],[27.223,37.319],[27.31,37.448],[27.163,37.577],[27.256,37.771],[27.178,37.771],[27.275,38.029],[26.889,38.093],[26.82,38.222],[26.429,38.222],[26.384,38.674],[26.536,38.61],[26.595,38.351],[27.065,38.351],[27.075,38.481],[27.08,38.545],[27.31,38.481],[27.482,38.674],[27.639,38.674],[27.812,38.868],[27.833,39.126],[27.754,39.126],[27.77,39.32],[27.466,39.45],[26.841,39.514],[26.847,39.579],[26.132,39.514],[26.252,40.032],[26.257,40.096],[26.673,40.355],[26.752,40.355],[27.47,40.42],[27.538,40.291],[27.696,40.291],[27.792,40.485],[27.95,40.485],[27.939,40.355],[29.046,40.355],[28.9,40.485],[28.913,40.614],[29.401,40.744],[29.48,40.744],[29.559,40.744],[29.54,40.55],[29.936,40.55],[29.923,40.42],[30.068,40.291],[30.457,40.226],[30.602,40.096],[30.589,39.967],[31.299,39.967],[31.378,39.967],[31.371,39.902],[31.365,39.838],[31.233,39.32],[31.443,39.062]]],[[[26.111,38.158],[25.876,38.158],[25.899,38.481],[25.821,38.481],[25.913,38.674],[25.991,38.674],[26.217,38.545],[26.111,38.158]]],[[[26.644,38.997],[26.246,38.933],[26.094,38.997],[26.103,39.126],[25.793,39.191],[26.044,39.385],[26.123,39.385],[26.511,39.32],[26.644,38.997]]]]}},{"type":"Feature","id":"cliopatria-618675825109931f03395f3a","properties":{"NAME":"(Warring States China)","ABBREVN":null,"CONTROL":null,"SUBJECTO":"(Warring States China)","PARTOF":null,"BORDERPRECISION":1,"FromYear":-247,"ToYear":-231,"Area":1632941.3110133104,"Type":"POLITY","Wikipedia":"Warring States Period","Wikidata":"Q185063","SeshatID":"","Components":"Qi;Chu;Yan;Wei;Qin;Han;Zhao","MemberOf":"","sourceFeatureId":"cliopatria-618675825109931f03395f3a","datasetId":"cliopatria"},"geometry":{"type":"MultiPolygon","coordinates":[[[[119.228,34.808],[119.459,34.808],[119.431,34.744],[119.711,34.679],[119.732,34.551],[120.342,34.358],[120.489,34.165],[120.55,33.586],[120.926,33.2],[120.919,32.622],[121.403,32.493],[121.503,32.172],[121.783,32.107],[121.987,31.85],[121.836,31.658],[121.301,31.85],[120.919,31.85],[121.454,31.658],[121.481,31.529],[121.634,31.529],[121.584,31.4],[121.737,31.4],[121.995,31.079],[121.899,30.822],[121.519,30.822],[120.801,30.308],[120.725,30.308],[120.521,30.372],[119.703,29.987],[118.36,29.601],[116.736,29.729],[116.27,29.922],[116.129,30.179],[116.151,30.244],[116.119,30.372],[115.685,30.436],[115.208,30.372],[114.872,30.501],[114.113,30.501],[113.951,30.244],[113.584,30.051],[113.267,29.537],[112.904,29.344],[111.996,29.344],[111.809,29.472],[111.299,29.537],[110.662,29.922],[110.359,29.922],[110.379,29.987],[110.303,29.987],[109.617,29.729],[109.406,29.537],[109.274,29.601],[109.16,29.472],[108.667,29.344],[108.629,29.215],[108.497,29.279],[107.459,28.83],[106.028,28.572],[106.069,28.444],[105.129,28.315],[104.066,28.572],[103.898,28.508],[103.857,28.637],[102.927,28.83],[102.602,29.022],[101.48,29.344],[101.44,29.472],[101.156,29.537],[100.982,29.729],[101.019,29.858],[100.828,29.987],[100.865,30.115],[100.674,30.244],[100.673,30.501],[100.598,30.501],[100.982,31.272],[101.836,32.043],[102.158,32.557],[102.312,33.457],[102.235,33.457],[102.325,33.715],[102.248,33.715],[102.409,34.165],[103.094,34.358],[103.379,34.293],[103.479,34.358],[103.497,34.615],[104.133,34.872],[106.185,35.387],[106.493,35.58],[106.803,35.58],[106.854,35.709],[107.061,35.645],[108.069,36.031],[109.367,36.353],[109.422,36.482],[109.81,36.482],[110.698,36.739],[110.754,36.868],[110.882,36.804],[111.434,36.997],[114.081,39.126],[114.113,39.191],[114.146,39.256],[114.054,39.385],[113.897,39.385],[113.93,39.45],[113.772,39.45],[113.805,39.514],[113.083,39.644],[113.116,39.708],[112.17,39.708],[112.236,39.838],[112.111,39.902],[112.742,40.355],[113.093,40.42],[114.596,40.42],[114.527,40.291],[115.159,40.291],[115.292,40.096],[115.371,40.096],[115.55,39.838],[116.102,39.838],[116.951,40.096],[117.03,40.096],[117.066,40.161],[117.567,40.355],[118.705,40.55],[118.778,40.679],[119.174,40.679],[122.928,41.911],[123.167,41.911],[123.127,41.847],[123.405,41.782],[123.365,41.717],[123.604,41.717],[123.564,41.652],[123.843,41.587],[123.803,41.522],[124.042,41.522],[124.002,41.457],[124.757,41.133],[124.837,41.133],[124.412,40.291],[123.871,39.902],[123.876,39.773],[123.597,39.838],[122.936,39.644],[122.17,39.256],[121.952,38.997],[121.716,38.997],[121.422,38.739],[121.029,38.739],[121.201,39.062],[121.515,39.062],[121.69,39.385],[121.297,39.385],[121.21,39.514],[121.281,39.644],[121.438,39.644],[121.503,39.902],[121.776,39.967],[122.231,40.485],[122.106,40.679],[121.827,40.744],[121.824,40.874],[121.11,40.874],[120.997,40.679],[120.647,40.485],[120.5,40.226],[119.38,39.773],[119.215,39.32],[118.45,39.062],[118.057,39.062],[118.046,39.191],[117.888,39.191],[117.676,38.933],[117.622,38.674],[117.602,38.481],[118.054,38.287],[118.067,38.158],[118.583,38.093],[118.648,38.222],[118.804,38.222],[118.772,38.158],[119.131,38.093],[119.209,38.093],[119.177,38.029],[119.457,37.964],[119.393,37.835],[119.237,37.835],[118.984,37.319],[119.14,37.319],[119.156,37.19],[119.701,37.19],[119.827,37.448],[120.202,37.577],[120.188,37.706],[120.754,37.9],[121.112,37.835],[121.171,37.642],[121.483,37.642],[121.497,37.513],[122.154,37.577],[122.121,37.513],[122.713,37.448],[122.442,37.062],[122.566,36.997],[122.503,36.868],[122.161,36.804],[122.146,36.933],[121.912,36.933],[121.212,36.61],[120.979,36.61],[120.965,36.417],[120.732,36.417],[120.659,36.095],[120.318,36.031],[120.075,35.838],[120.045,35.773],[120.016,35.709],[119.619,35.516],[119.228,34.808]]]]}},{"type":"Feature","id":"cliopatria-ddb57a4532512b60cc15816b","properties":{"NAME":"Chu","ABBREVN":null,"CONTROL":null,"SUBJECTO":"Chu","PARTOF":"(Warring States China)","BORDERPRECISION":1,"FromYear":-247,"ToYear":-231,"Area":530595.8334646762,"Type":"POLITY","Wikipedia":"Chu (state)","Wikidata":"Q504759","SeshatID":"cn_chu_k_warring_states","Components":"","MemberOf":"(Warring States China)","sourceFeatureId":"cliopatria-ddb57a4532512b60cc15816b","datasetId":"cliopatria"},"geometry":{"type":"MultiPolygon","coordinates":[[[[120.016,35.709],[119.619,35.516],[119.228,34.808],[119.459,34.808],[119.431,34.744],[119.711,34.679],[119.732,34.551],[120.342,34.358],[120.489,34.165],[120.55,33.586],[120.926,33.2],[120.919,32.622],[121.403,32.493],[121.503,32.172],[121.783,32.107],[121.987,31.85],[121.836,31.658],[121.301,31.85],[120.919,31.85],[121.454,31.658],[121.481,31.529],[121.634,31.529],[121.584,31.4],[121.737,31.4],[121.995,31.079],[121.899,30.822],[121.519,30.822],[120.801,30.308],[120.725,30.308],[120.521,30.372],[119.703,29.987],[118.36,29.601],[116.736,29.729],[116.27,29.922],[116.129,30.179],[116.151,30.244],[116.119,30.372],[115.685,30.436],[115.208,30.372],[114.872,30.501],[114.113,30.501],[113.951,30.244],[113.584,30.051],[113.267,29.537],[112.904,29.344],[111.996,29.344],[111.809,29.472],[111.299,29.537],[110.662,29.922],[110.359,29.922],[110.379,29.987],[112.518,30.951],[112.356,31.143],[112.4,31.272],[112.271,31.336],[112.285,31.593],[112.071,31.85],[112.117,31.979],[111.988,32.043],[112.034,32.172],[111.905,32.236],[111.841,32.686],[111.712,32.75],[111.784,32.943],[111.651,33.2],[111.7,33.329],[111.158,33.715],[111.129,34.036],[110.769,34.293],[110.82,34.422],[110.665,34.615],[110.717,34.744],[111.025,34.744],[111.59,34.615],[113.44,34.615],[113.674,34.808],[114.499,34.937],[114.994,35.194],[115.076,35.387],[114.801,35.645],[114.856,35.773],[115.512,36.031],[115.675,36.224],[116.752,36.031],[116.899,35.838],[117.693,35.709],[117.664,35.645],[118.264,35.773],[120.045,35.773],[120.016,35.709]]]]}},{"type":"Feature","id":"cliopatria-1ec1a38f378fb92c5e326059","properties":{"NAME":"Han","ABBREVN":null,"CONTROL":null,"SUBJECTO":"Han","PARTOF":"(Warring States China)","BORDERPRECISION":1,"FromYear":-247,"ToYear":-231,"Area":15633.521096198649,"Type":"POLITY","Wikipedia":"Han (state)","Wikidata":"Q1968654","SeshatID":"","Components":"","MemberOf":"(Warring States China)","sourceFeatureId":"cliopatria-1ec1a38f378fb92c5e326059","datasetId":"cliopatria"},"geometry":{"type":"MultiPolygon","coordinates":[[[[114.476,35.065],[114.499,34.937],[113.674,34.808],[113.44,34.615],[111.59,34.615],[111.883,35.516],[112.916,35.58],[112.939,35.451],[113.093,35.451],[113.066,35.387],[112.32,35.451],[112.186,35.13],[113.422,35.13],[113.476,35.258],[113.708,35.258],[114.476,35.065]]]]}},{"type":"Feature","id":"cliopatria-69250187e76b6f189fc58398","properties":{"NAME":"Zhao","ABBREVN":null,"CONTROL":null,"SUBJECTO":"Zhao","PARTOF":"(Warring States China)","BORDERPRECISION":1,"FromYear":-247,"ToYear":-231,"Area":60569.05576617568,"Type":"POLITY","Wikipedia":"Zhao (state)","Wikidata":"Q1574107","SeshatID":"","Components":"","MemberOf":"(Warring States China)","sourceFeatureId":"cliopatria-69250187e76b6f189fc58398","datasetId":"cliopatria"},"geometry":{"type":"MultiPolygon","coordinates":[[[[115.598,36.224],[115.675,36.224],[115.512,36.031],[114.856,35.773],[114.801,35.645],[115.076,35.387],[114.994,35.194],[114.499,34.937],[114.476,35.065],[113.708,35.258],[113.476,35.258],[113.422,35.13],[112.186,35.13],[112.32,35.451],[113.066,35.387],[113.093,35.451],[112.939,35.451],[112.916,35.58],[111.883,35.516],[112.051,36.095],[111.973,36.095],[112.282,36.804],[113.721,37.062],[113.935,37.19],[114.199,37.255],[114.169,37.19],[114.607,37.126],[115.146,37.448],[114.948,37.19],[114.907,36.933],[116.123,36.868],[115.607,36.417],[115.598,36.224]]]]}},{"type":"Feature","id":"cliopatria-11864ee7d94b00112a15280d","properties":{"NAME":"Maurya Empire","ABBREVN":null,"CONTROL":null,"SUBJECTO":"Maurya Empire","PARTOF":null,"BORDERPRECISION":1,"FromYear":-247,"ToYear":-226,"Area":3946255.617214041,"Type":"POLITY","Wikipedia":"Maurya Empire","Wikidata":"Q62943","SeshatID":"in_mauryan_emp","Components":"","MemberOf":"","sourceFeatureId":"cliopatria-11864ee7d94b00112a15280d","datasetId":"cliopatria"},"geometry":{"type":"MultiPolygon","coordinates":[[[[75.902,10.572],[75.727,11.215],[75.585,11.279],[75.338,11.922],[75.065,12.179],[74.748,12.822],[74.664,13.593],[74.471,13.915],[74.374,14.493],[73.975,14.943],[73.747,15.65],[73.539,15.779],[73.417,16.036],[73.328,16.615],[73.254,16.615],[73.253,17.322],[72.959,18.029],[72.875,19.315],[72.734,19.379],[72.761,19.636],[72.634,19.829],[72.837,20.343],[72.899,20.922],[72.563,21.243],[72.76,21.693],[72.544,21.758],[72.527,22.272],[72.378,22.272],[72.342,21.951],[72.112,21.886],[72.173,21.758],[72.321,21.758],[72.185,21.179],[71.408,20.858],[71.321,20.729],[70.721,20.665],[70.295,20.858],[69.89,21.243],[69.903,21.372],[69.497,21.758],[69.349,21.758],[68.949,22.208],[68.977,22.465],[69.2,22.465],[69.261,22.336],[69.409,22.336],[69.497,22.465],[69.869,22.465],[70.263,22.658],[70.365,22.915],[69.451,22.722],[68.808,22.979],[68.552,23.365],[68.336,23.429],[68.35,23.558],[68.127,23.558],[68.155,23.815],[67.633,23.815],[67.491,23.879],[67.438,24.072],[67.289,24.072],[67.326,24.393],[67.251,24.393],[67.215,24.715],[66.632,24.844],[66.679,25.229],[66.487,25.486],[66.27,25.551],[66.021,25.358],[64.816,25.294],[64.801,25.165],[64.285,25.229],[64.225,25.358],[63.626,25.358],[63.536,25.229],[62.563,25.229],[62.896,26.129],[63.178,26.579],[63.12,26.708],[63.221,26.901],[63.363,26.837],[63.592,27.415],[64.365,28.572],[64.526,28.637],[64.738,29.022],[65.168,29.344],[65.19,29.472],[65.427,29.537],[65.373,29.665],[65.525,29.665],[66.046,30.051],[66.255,30.372],[66.349,30.886],[66.751,31.4],[67.398,31.979],[67.348,32.107],[67.501,32.107],[67.629,32.365],[67.899,32.557],[67.939,32.75],[68.391,33.072],[68.824,33.65],[68.978,33.65],[69.538,34.422],[69.707,34.486],[69.86,34.808],[69.999,34.744],[70.154,35.065],[70.432,35.258],[70.386,35.387],[70.557,35.451],[71.122,36.16],[71.138,36.224],[71.661,36.739],[71.825,37.062],[72.416,37.513],[72.494,37.513],[72.848,37.384],[73.743,37.513],[73.766,37.319],[74.192,37.448],[74.738,37.448],[75.013,37.319],[74.844,36.997],[74.814,36.61],[74.891,36.61],[74.88,36.288],[74.958,36.288],[75.094,35.645],[75.171,35.645],[75.18,35.387],[75.387,35.001],[75.364,34.615],[75.518,34.615],[75.392,34.422],[75.469,34.422],[75.48,34.165],[75.646,33.907],[75.597,33.715],[75.674,33.715],[75.687,33.457],[75.825,33.393],[75.838,33.136],[75.976,33.072],[75.944,32.943],[76.097,32.943],[76.081,32.557],[76.463,32.236],[78.661,31.529],[78.829,31.593],[78.845,31.336],[79.18,31.465],[79.531,31.015],[80.048,30.951],[80.34,30.565],[80.918,30.436],[81.148,30.115],[81.39,30.179],[81.697,29.858],[82.336,29.665],[82.459,29.537],[83.05,29.472],[83.249,29.344],[83.49,29.408],[83.523,29.215],[83.75,29.215],[84.01,29.022],[84.251,29.087],[84.483,28.765],[84.758,28.637],[85.211,28.637],[85.848,28.444],[85.896,28.315],[86.698,28.187],[87.384,27.865],[88.391,27.994],[88.363,27.865],[88.589,27.865],[88.712,27.737],[88.952,27.801],[88.986,27.608],[89.376,27.672],[89.486,27.479],[89.76,27.351],[90.074,27.415],[90.047,27.287],[90.273,27.287],[90.171,27.158],[90.596,27.029],[90.631,26.837],[91.908,26.837],[91.929,26.194],[92.066,26.129],[91.942,25.872],[92.067,25.744],[92.031,25.551],[92.232,25.422],[92.334,25.165],[92.484,25.165],[92.386,25.036],[92.524,24.972],[92.352,24.844],[92.114,24.329],[92.263,24.329],[92.264,23.879],[92.338,23.879],[92.232,23.686],[92.371,23.622],[92.43,23.043],[92.504,23.043],[92.475,22.851],[92.64,22.465],[92.602,22.208],[92.731,22.079],[92.657,21.565],[92.777,21.372],[92.759,21.243],[92.332,21.372],[92.333,20.858],[92.12,20.922],[92.007,21.179],[92.053,21.501],[91.83,21.501],[91.895,21.951],[91.765,22.079],[91.737,22.401],[91.365,22.401],[91.497,22.786],[90.938,22.529],[90.863,22.015],[90.631,21.951],[90.649,22.079],[90.426,22.079],[90.232,21.758],[89.897,22.015],[89.869,21.822],[89.712,21.758],[89.117,21.758],[89.099,21.629],[88.728,21.629],[88.716,22.079],[88.642,22.079],[88.514,21.693],[88.365,21.693],[88.348,21.565],[88.134,21.629],[88.178,21.951],[88.103,21.951],[87.762,21.629],[87.067,21.436],[86.885,21.179],[86.959,21.179],[87.031,20.601],[86.792,20.472],[86.84,20.279],[86.436,20.022],[86.419,19.893],[85.645,19.636],[85.497,19.636],[85.522,19.829],[85.374,19.829],[85.415,19.572],[84.749,18.993],[84.38,18.415],[84.052,18.158],[83.667,18.029],[83.561,17.772],[83.153,17.45],[82.451,17.129],[82.347,16.872],[82.421,16.872],[82.383,16.55],[82.066,16.358],[81.323,16.293],[81.119,15.779],[80.611,15.843],[80.376,15.715],[80.088,15.072],[80.264,14.622],[80.246,13.657],[80.161,13.529],[80.375,13.465],[80.415,13.079],[80.214,12.436],[79.884,11.986],[79.836,11.353],[78.964,10.839],[77.904,10.957],[77.625,11.15],[77.02,11.169],[76.66,10.957],[76.656,10.893],[76.285,10.829],[75.902,10.572]]],[[[90.657,26.965],[90.671,27.029],[90.746,27.029],[90.733,26.965],[90.657,26.965]]],[[[90.596,27.029],[90.609,27.094],[90.684,27.094],[90.671,27.029],[90.596,27.029]]]]}},{"type":"Feature","id":"cliopatria-84368f2ff763584f8280cbf8","properties":{"NAME":"Atropatene","ABBREVN":null,"CONTROL":null,"SUBJECTO":"Atropatene","PARTOF":null,"BORDERPRECISION":1,"FromYear":-247,"ToYear":-224,"Area":147248.59672960456,"Type":"POLITY","Wikipedia":"Atropatene","Wikidata":"Q260437","SeshatID":"ir_atropatene_k","Components":"","MemberOf":"","sourceFeatureId":"cliopatria-84368f2ff763584f8280cbf8","datasetId":"cliopatria"},"geometry":{"type":"MultiPolygon","coordinates":[[[[49.999,37.384],[50.321,36.997],[50.566,37.062],[50.632,36.997],[50.532,36.868],[50.821,36.739],[52.03,36.546],[52.108,36.546],[52.008,36.417],[50.855,36.031],[50.48,35.645],[49.608,35.516],[49.413,35.258],[48.774,35.13],[47.954,35.323],[46.031,35.387],[45.217,35.645],[45.195,36.031],[45.118,36.031],[45.251,36.933],[45.446,37.19],[45.29,37.19],[45.252,37.448],[45.174,37.448],[45.224,37.771],[45.635,37.9],[45.854,38.287],[46.121,38.481],[47.252,38.674],[48.326,38.093],[48.795,38.093],[48.874,38.093],[48.829,37.835],[49.029,37.642],[49.018,37.577],[49.999,37.384]]]]}},{"type":"Feature","id":"cliopatria-c6fd400953dd656e83bc44d4","properties":{"NAME":"Qi","ABBREVN":null,"CONTROL":null,"SUBJECTO":"Qi","PARTOF":"(Warring States China)","BORDERPRECISION":1,"FromYear":-247,"ToYear":-224,"Area":109290.23388666389,"Type":"POLITY","Wikipedia":"Qi (state)","Wikidata":"Q1143524","SeshatID":"cn_qi_warring_states","Components":"","MemberOf":"(Warring States China)","sourceFeatureId":"cliopatria-c6fd400953dd656e83bc44d4","datasetId":"cliopatria"},"geometry":{"type":"MultiPolygon","coordinates":[[[[119.131,38.093],[119.209,38.093],[119.177,38.029],[119.457,37.964],[119.393,37.835],[119.237,37.835],[118.984,37.319],[119.14,37.319],[119.156,37.19],[119.701,37.19],[119.827,37.448],[120.202,37.577],[120.188,37.706],[120.754,37.9],[121.112,37.835],[121.171,37.642],[121.483,37.642],[121.497,37.513],[122.154,37.577],[122.121,37.513],[122.713,37.448],[122.442,37.062],[122.566,36.997],[122.503,36.868],[122.161,36.804],[122.146,36.933],[121.912,36.933],[121.212,36.61],[120.979,36.61],[120.965,36.417],[120.732,36.417],[120.659,36.095],[120.318,36.031],[120.075,35.838],[120.045,35.773],[118.264,35.773],[117.664,35.645],[117.693,35.709],[116.899,35.838],[116.752,36.031],[115.675,36.224],[115.598,36.224],[115.607,36.417],[116.123,36.868],[116.615,37.255],[117.23,38.674],[117.308,38.674],[117.622,38.674],[117.602,38.481],[118.054,38.287],[118.067,38.158],[118.583,38.093],[118.648,38.222],[118.804,38.222],[118.772,38.158],[119.131,38.093]]]]}},{"type":"Feature","id":"cliopatria-e4fcc4f76f19c24c42041c45","properties":{"NAME":"Mayan City-States","ABBREVN":null,"CONTROL":null,"SUBJECTO":"Mayan City-States","PARTOF":null,"BORDERPRECISION":1,"FromYear":-247,"ToYear":259,"Area":198040.49172174494,"Type":"POLITY","Wikipedia":"Maya civilization","Wikidata":"Q28567","SeshatID":"","Components":"","MemberOf":"","sourceFeatureId":"cliopatria-e4fcc4f76f19c24c42041c45","datasetId":"cliopatria"},"geometry":{"type":"MultiPolygon","coordinates":[[[[-88.504,17.772],[-88.494,17.708],[-88.474,17.579],[-88.316,17.515],[-88.178,17.579],[-88.135,16.808],[-88.209,16.808],[-88.236,16.486],[-88.493,16.229],[-88.64,16.229],[-88.825,15.972],[-88.512,15.843],[-88.377,15.393],[-88.629,15.072],[-88.695,14.429],[-88.907,14.365],[-88.818,14.236],[-89.186,14.236],[-89.097,14.107],[-89.391,14.107],[-89.588,13.915],[-89.566,13.722],[-89.867,13.786],[-89.991,13.593],[-90.469,13.915],[-91.504,13.979],[-92.474,14.686],[-92.755,15.136],[-93.323,15.522],[-93.121,15.65],[-93.149,15.843],[-92.715,16.872],[-92.46,17.129],[-92.481,17.258],[-91.952,17.643],[-91.92,17.9],[-91.699,17.9],[-91.656,18.093],[-90.211,18.286],[-89.336,17.9],[-89.051,17.965],[-89.104,17.836],[-88.947,17.772],[-88.504,17.772]]]]}},{"type":"Feature","id":"cliopatria-8791aad32d032f905bd9c433","properties":{"NAME":"Achaean League","ABBREVN":null,"CONTROL":null,"SUBJECTO":"Achaean League","PARTOF":null,"BORDERPRECISION":1,"FromYear":-239,"ToYear":-231,"Area":3858.2056716937727,"Type":"POLITY","Wikipedia":"Achaean League","Wikidata":"Q244796","SeshatID":"","Components":"","MemberOf":"","sourceFeatureId":"cliopatria-8791aad32d032f905bd9c433","datasetId":"cliopatria"},"geometry":{"type":"MultiPolygon","coordinates":[[[[21.416,38.158],[21.729,38.158],[21.742,38.416],[22.134,38.416],[22.287,38.351],[22.28,38.222],[22.44,38.287],[22.433,38.158],[22.589,38.158],[22.657,37.964],[22.97,37.964],[23.059,38.158],[23.29,38.093],[23.201,37.9],[23.044,37.9],[23.041,37.835],[22.419,37.9],[22.12,38.158],[21.963,38.158],[21.957,38.029],[21.412,38.093],[21.416,38.158]]]]}},{"type":"Feature","id":"cliopatria-f3b28773d8727e735142d253","properties":{"NAME":"Antigonid Macedonia","ABBREVN":null,"CONTROL":null,"SUBJECTO":"Antigonid Macedonia","PARTOF":null,"BORDERPRECISION":1,"FromYear":-239,"ToYear":-231,"Area":117100.9737623278,"Type":"POLITY","Wikipedia":"Antigonid dynasty","Wikidata":"Q237325","SeshatID":"gr_antigonid_emp","Components":"","MemberOf":"","sourceFeatureId":"cliopatria-f3b28773d8727e735142d253","datasetId":"cliopatria"},"geometry":{"type":"MultiPolygon","coordinates":[[[[23.107,36.16],[22.874,36.16],[22.887,36.417],[22.965,36.417],[23.117,36.353],[23.107,36.16]]],[[[22.853,37.255],[23.056,36.675],[22.833,36.868],[22.599,36.868],[22.512,36.675],[22.356,36.675],[22.22,37.062],[21.909,37.062],[21.899,36.868],[21.744,36.868],[21.681,37.19],[21.603,37.19],[21.697,37.513],[21.244,37.835],[21.334,38.093],[21.412,38.093],[21.957,38.029],[21.963,38.158],[22.12,38.158],[22.419,37.9],[23.041,37.835],[23.037,37.771],[23.108,37.642],[23.342,37.642],[23.402,37.319],[23.169,37.319],[23.101,37.513],[22.871,37.577],[22.792,37.577],[22.714,37.577],[22.701,37.319],[22.853,37.255]]],[[[24.201,37.642],[24.283,37.706],[24.361,37.706],[24.432,37.577],[24.272,37.513],[24.201,37.642]]],[[[20.922,37.642],[20.613,37.706],[20.621,37.9],[20.699,37.9],[20.934,37.9],[20.922,37.642]]],[[[23.489,38.803],[23.567,38.803],[23.563,38.739],[23.485,38.739],[23.489,38.803]]],[[[24.763,41.263],[26.03,41.198],[26.178,41.068],[26.904,41.198],[27.091,41.522],[27.483,41.457],[27.472,41.327],[27.631,41.327],[27.728,41.522],[28.139,41.652],[28.292,41.587],[28.285,41.522],[28.206,41.522],[28.083,41.068],[28.077,41.003],[27.527,41.068],[27.181,40.744],[26.621,40.679],[26.072,40.744],[26.082,40.874],[25.849,40.938],[24.347,41.003],[24.011,40.744],[23.698,40.809],[23.685,40.614],[23.839,40.55],[23.737,40.226],[23.267,40.291],[22.884,40.485],[22.892,40.614],[22.655,40.614],[22.56,40.355],[22.544,40.096],[22.702,40.096],[22.611,39.902],[23.135,39.45],[22.816,39.385],[22.797,39.062],[22.958,39.126],[23.493,38.868],[23.332,38.803],[23.025,38.933],[22.936,38.739],[23.167,38.674],[23.313,38.481],[23.626,38.481],[23.563,38.739],[24.03,38.674],[24.179,38.545],[24.159,38.222],[24.002,38.222],[23.979,37.835],[23.9,37.835],[22.525,38.416],[22.447,38.416],[22.547,38.803],[22.39,38.803],[22.397,38.933],[22.558,38.997],[22.49,39.191],[21.7,39.126],[21.536,38.997],[21.54,39.062],[21.461,39.062],[21.464,39.126],[21.468,39.191],[21.471,39.256],[21.091,39.514],[20.806,40.096],[20.572,40.161],[21.074,40.679],[20.619,41.068],[20.63,41.263],[21.125,41.587],[21.16,42.171],[21.239,42.171],[21.407,42.301],[22.455,42.431],[22.442,42.236],[22.593,42.106],[22.753,42.106],[23.054,41.847],[23.528,41.782],[23.669,41.522],[24.231,41.587],[24.236,41.652],[24.554,41.652],[24.853,41.392],[24.763,41.263]]],[[[25.564,36.997],[25.331,36.997],[25.339,37.126],[25.417,37.126],[25.573,37.126],[25.564,36.997]]],[[[25.052,37.513],[24.986,37.706],[25.064,37.706],[25.22,37.706],[25.286,37.513],[25.052,37.513]]],[[[24.682,37.835],[24.694,38.029],[24.772,38.029],[25.068,37.771],[24.83,37.706],[24.682,37.835]]],[[[24.662,38.739],[24.357,38.868],[24.365,38.997],[24.444,38.997],[24.675,38.933],[24.662,38.739]]],[[[24.974,39.838],[25.067,40.032],[25.146,40.032],[25.462,40.032],[25.447,39.838],[24.974,39.838]]],[[[25.245,41.327],[25.24,41.263],[25.161,41.263],[25.166,41.327],[25.245,41.327]]]]}},{"type":"Feature","id":"cliopatria-e289e4a9dfed752c28e10503","properties":{"NAME":"Carthage","ABBREVN":null,"CONTROL":null,"SUBJECTO":"Carthage","PARTOF":null,"BORDERPRECISION":1,"FromYear":-239,"ToYear":-231,"Area":209660.04124922745,"Type":"POLITY","Wikipedia":"Ancient Carthage","Wikidata":"Q2429397","SeshatID":"tn_carthage_emp","Components":"","MemberOf":"","sourceFeatureId":"cliopatria-e289e4a9dfed752c28e10503","datasetId":"cliopatria"},"geometry":{"type":"MultiPolygon","coordinates":[[[[11.006,36.997],[11.006,36.804],[10.462,36.417],[10.54,36.353],[10.464,35.902],[10.696,35.709],[10.851,35.773],[10.928,35.58],[11.083,35.58],[11.083,35.387],[11.006,35.387],[11.083,35.001],[10.851,34.937],[10.851,34.808],[10.543,34.551],[10.004,34.293],[10.082,34.229],[10.006,33.907],[10.237,33.715],[10.544,33.715],[10.698,33.522],[11.082,33.586],[11.158,33.2],[11.464,33.2],[12.229,32.814],[12.612,32.879],[12.535,32.75],[12.841,32.75],[12.842,32.879],[13.302,32.943],[13.454,32.814],[13.761,32.879],[13.759,32.75],[14.065,32.75],[14.444,32.493],[14.675,32.557],[14.749,32.429],[15.055,32.429],[15.282,32.3],[15.425,31.658],[15.576,31.593],[15.649,31.4],[16.179,31.208],[16.864,31.208],[17.847,30.951],[18.222,30.758],[18.592,30.372],[18.896,30.372],[18.814,30.115],[18.586,30.115],[18.216,30.501],[17.161,30.886],[15.569,31.143],[15.193,31.465],[15.05,32.107],[14.899,32.236],[14.517,32.172],[14.443,32.365],[13.758,32.622],[11.998,32.622],[12.076,32.75],[11.617,32.943],[11.081,32.879],[10.698,33.136],[10.468,33.136],[10.468,33.264],[9.854,33.393],[9.624,33.329],[9.547,33.522],[9.316,33.586],[9.083,34.036],[8.929,34.036],[9.003,34.358],[8.926,34.358],[8.846,34.744],[8.459,34.872],[8.229,34.808],[8.073,34.937],[7.906,35.966],[7.828,35.966],[7.902,36.224],[7.586,36.61],[6.965,36.61],[6.889,36.482],[6.422,36.546],[6.347,36.417],[5.879,36.482],[5.649,36.353],[2.775,36.417],[2.316,36.224],[2.003,36.288],[2.008,36.16],[1.155,36.16],[1.005,36.031],[0.772,36.031],[0.479,35.645],[-0.292,35.58],[-1.04,35.065],[-1.198,35.13],[-1.346,35.001],[-1.806,34.937],[-1.876,34.808],[-2.809,34.937],[-4.734,34.872],[-4.743,35.001],[-5.214,35.13],[-5.39,35.451],[-5.627,35.516],[-5.9,35.001],[-5.815,34.872],[-5.969,34.872],[-6.242,34.358],[-6.157,34.229],[-6.31,34.229],[-6.601,33.972],[-6.592,33.843],[-6.814,33.715],[-6.728,33.586],[-7.184,33.522],[-7.474,33.264],[-7.875,33.522],[-7.13,33.843],[-7.062,33.972],[-6.904,33.907],[-6.614,34.165],[-6.7,34.293],[-6.473,34.358],[-6.482,34.486],[-6.332,34.551],[-6.277,34.872],[-6.2,34.872],[-6.291,35.065],[-6.132,35.001],[-6.145,35.194],[-6,35.323],[-5.877,35.773],[-5.339,35.838],[-5.24,35.516],[-4.755,35.194],[-3.132,35.194],[-2.982,35.258],[-2.993,35.451],[-2.838,35.451],[-2.82,35.13],[-2.662,35.065],[-1.89,35.065],[-1.591,35.258],[-1.359,35.258],[-1.136,35.451],[-1.224,35.645],[-1.066,35.58],[-0.917,35.709],[-0.53,35.709],[-0.459,35.838],[0.084,35.838],[0.376,36.224],[0.684,36.288],[0.678,36.417],[0.914,36.353],[1.216,36.546],[1.53,36.482],[2.377,36.675],[2.69,36.61],[2.841,36.739],[3.23,36.739],[3.459,36.868],[3.85,36.804],[4.235,36.933],[4.859,36.868],[5.098,36.675],[5.564,36.675],[5.639,36.804],[6.106,36.804],[6.103,36.933],[6.334,37.062],[6.805,36.868],[7.194,36.868],[7.346,37.062],[7.502,37.062],[7.738,36.868],[8.516,36.868],[8.903,37.126],[9.137,37.126],[9.215,37.126],[9.214,37.19],[9.603,37.319],[9.993,37.19],[10.227,37.255],[10.306,36.933],[10.228,36.868],[10.267,36.804],[10.617,36.804],[10.695,36.804],[10.695,36.868],[11.006,36.997]],[[10.073,36.804],[10.112,36.804],[10.073,36.868],[10.073,36.804]]],[[[14.568,35.773],[14.337,35.838],[14.34,36.031],[14.417,36.031],[14.571,35.966],[14.568,35.773]]],[[[-4.469,36.739],[-4.689,36.546],[-5.228,36.482],[-5.288,36.224],[-5.516,36.16],[-5.585,36.031],[-5.831,36.224],[-6.064,36.224],[-6.248,36.61],[-5.918,36.353],[-5.452,36.353],[-5.306,36.482],[-5.31,36.546],[-4.555,36.868],[-3.851,36.804],[-4.469,36.739]]],[[[1.658,38.997],[1.431,38.803],[1.274,38.803],[1.183,39.062],[1.259,39.126],[1.337,39.126],[1.652,39.126],[1.658,38.997]]],[[[4.302,39.838],[3.827,39.902],[3.741,40.096],[3.82,40.096],[4.215,40.096],[4.302,39.838]]],[[[9.823,40.355],[9.665,40.291],[9.747,39.644],[9.669,39.644],[9.593,39.126],[9.12,39.191],[8.966,38.868],[8.73,38.868],[8.336,38.997],[8.412,39.256],[8.333,39.256],[8.33,39.514],[8.409,39.514],[8.483,39.902],[8.325,39.967],[8.4,40.291],[8.321,40.291],[8.319,40.485],[8.16,40.55],[8.155,40.938],[8.552,40.874],[9.025,41.263],[9.104,41.263],[9.502,41.198],[9.822,40.744],[9.823,40.355]]],[[[9.574,42.756],[9.578,41.976],[9.498,41.976],[9.499,41.782],[9.262,41.392],[9.104,41.327],[8.784,41.522],[8.782,41.717],[8.623,41.717],[8.7,41.911],[8.539,42.106],[8.535,42.496],[8.773,42.691],[9.173,42.756],[9.251,43.017],[9.331,43.017],[9.492,43.017],[9.493,42.756],[9.574,42.756]]]]}},{"type":"Feature","id":"cliopatria-14df36df1841caf01af4925d","properties":{"NAME":"Colchis","ABBREVN":null,"CONTROL":null,"SUBJECTO":"Colchis","PARTOF":null,"BORDERPRECISION":1,"FromYear":-239,"ToYear":-231,"Area":44144.79599858922,"Type":"POLITY","Wikipedia":"Colchis","Wikidata":"Q183150","SeshatID":"","Components":"","MemberOf":"","sourceFeatureId":"cliopatria-14df36df1841caf01af4925d","datasetId":"cliopatria"},"geometry":{"type":"MultiPolygon","coordinates":[[[[42.022,43.147],[41.93,43.082],[42.079,43.017],[42.332,43.082],[42.457,42.886],[42.617,42.886],[42.593,42.756],[42.73,42.626],[43.038,42.561],[43.095,42.431],[43.519,42.561],[43.575,42.431],[43.815,42.431],[43.778,42.236],[44.86,42.041],[44.982,41.847],[44.946,41.652],[44.647,41.327],[44.635,41.263],[44.305,41.198],[44.181,41.392],[42.624,41.587],[42.363,41.457],[42.25,41.263],[41.535,41.263],[41.36,40.679],[41.122,40.679],[41.005,40.938],[41.264,41.068],[41.228,41.327],[41.307,41.327],[41.408,41.457],[41.567,41.457],[41.6,41.652],[41.782,41.782],[41.758,42.106],[41.598,42.106],[41.701,42.236],[41.483,42.366],[41.609,42.626],[41.116,43.017],[40.817,43.147],[40.416,43.147],[40.219,43.407],[39.978,43.407],[39.63,43.733],[41.047,43.538],[41.414,43.342],[42.034,43.212],[42.022,43.147]]],[[[40.033,43.733],[39.953,43.733],[39.964,43.798],[40.045,43.798],[40.033,43.733]]]]}},{"type":"Feature","id":"cliopatria-9f56a0a51adb046ee3ae59d1","properties":{"NAME":"Greek Colonies","ABBREVN":null,"CONTROL":null,"SUBJECTO":"Greek Colonies","PARTOF":null,"BORDERPRECISION":1,"FromYear":-239,"ToYear":-231,"Area":80740.54610362054,"Type":"POLITY","Wikipedia":"Greek colonisation","Wikidata":"Q828047","SeshatID":"","Components":"","MemberOf":"","sourceFeatureId":"cliopatria-9f56a0a51adb046ee3ae59d1","datasetId":"cliopatria"},"geometry":{"type":"MultiPolygon","coordinates":[[[[24.157,35.516],[24.15,35.387],[24.301,35.323],[25.692,35.323],[25.681,35.13],[26.225,35.194],[26.14,35.065],[24.824,35.001],[24.757,35.194],[24.526,35.194],[24.448,35.194],[23.679,35.258],[23.615,35.516],[24.157,35.516]]],[[[14.431,36.933],[14.432,36.997],[15.06,37.319],[15.059,37.255],[15.137,37.255],[15.136,37.19],[15.214,37.19],[15.213,37.126],[15.05,36.739],[14.661,36.739],[14.431,36.933]]],[[[20.32,38.158],[20.328,38.351],[20.488,38.416],[20.566,38.416],[20.795,38.287],[20.786,38.093],[20.32,38.158]]],[[[25.899,38.481],[25.821,38.481],[25.913,38.674],[25.991,38.674],[26.217,38.545],[26.111,38.158],[25.876,38.158],[25.899,38.481]]],[[[-0.314,39.126],[0.096,38.803],[-0.126,38.545],[-0.539,38.933],[-0.567,39.45],[-0.571,39.514],[-0.514,39.902],[-0.202,39.967],[-0.345,39.708],[-0.314,39.126]]],[[[21.54,39.062],[21.536,38.997],[21.53,38.868],[21.288,38.739],[21.35,38.416],[21.272,38.416],[20.898,38.803],[20.741,38.803],[20.911,39.062],[20.297,39.385],[20.155,39.708],[19.918,39.708],[20.009,39.967],[19.627,40.226],[19.63,40.291],[20.572,40.161],[20.806,40.096],[21.091,39.514],[21.471,39.256],[21.468,39.191],[21.464,39.126],[21.461,39.062],[21.54,39.062]]],[[[20.152,39.644],[20.149,39.579],[20.07,39.579],[20.073,39.644],[20.152,39.644]]],[[[24.491,40.809],[24.57,40.809],[24.808,40.809],[24.794,40.614],[24.551,40.55],[24.491,40.809]]],[[[27.378,42.041],[27.384,42.106],[27.464,42.106],[27.317,42.236],[27.329,42.366],[27.175,42.431],[27.193,42.626],[27.657,43.277],[27.998,43.472],[28.119,43.863],[28.3,44.059],[28.341,44.451],[28.422,44.451],[28.368,44.712],[28.64,44.973],[28.802,44.973],[28.841,44.581],[28.577,44.385],[28.536,43.994],[28.616,43.994],[28.481,43.472],[28.159,43.472],[28.226,43.342],[27.898,43.277],[27.805,43.147],[27.853,42.821],[27.847,42.756],[27.514,42.626],[27.495,42.431],[27.796,42.236],[27.924,41.911],[27.612,41.976],[27.538,42.041],[27.532,41.976],[27.452,41.976],[27.458,42.041],[27.378,42.041]],[[27.538,42.041],[27.464,42.106],[27.458,42.041],[27.538,42.041]]],[[[5.387,43.407],[5.063,43.472],[4.178,43.472],[4.173,43.603],[3.851,43.603],[2.985,43.147],[3.01,42.561],[3.178,42.366],[3.04,41.847],[2.698,42.366],[2.775,42.431],[2.669,43.017],[2.75,43.017],[2.741,43.212],[3.446,43.668],[4.728,43.863],[5.87,43.407],[6.594,43.407],[6.597,43.277],[6.278,43.147],[6.198,43.147],[5.796,43.147],[5.632,43.277],[5.391,43.277],[5.387,43.407]]],[[[27.743,35.902],[27.693,36.288],[28.017,36.482],[28.095,36.482],[28.25,36.482],[28.139,36.031],[27.743,35.902]]],[[[27.612,37.319],[28.241,37.384],[28.304,37.19],[28.226,37.19],[28.221,37.126],[27.598,37.126],[27.608,37.255],[27.612,37.319]]],[[[28.018,40.355],[28.097,40.355],[28.103,40.42],[28.182,40.42],[28.17,40.291],[27.696,40.291],[27.701,40.355],[27.781,40.355],[27.786,40.42],[27.792,40.485],[27.871,40.485],[27.95,40.485],[27.945,40.42],[27.939,40.355],[28.018,40.355]]],[[[40.46,41.003],[40.598,40.874],[40.578,40.744],[40.409,40.679],[39.616,40.679],[39.398,40.809],[39.002,40.809],[38.824,40.679],[37.873,40.679],[37.355,40.938],[36.509,41.133],[36.527,41.263],[36.607,41.263],[36.775,41.327],[37.065,41.133],[37.233,41.198],[37.215,41.068],[37.771,41.068],[37.831,40.938],[38.158,41.003],[38.298,40.874],[38.952,41.003],[38.962,41.068],[39.21,41.133],[39.736,40.938],[40.381,41.003],[40.46,41.003]]],[[[28.285,41.522],[28.279,41.457],[28.976,41.263],[28.963,41.133],[29.367,41.198],[29.255,40.874],[29.103,40.938],[29.116,41.068],[28.639,41.068],[28.56,41.068],[28.163,41.068],[28.083,41.068],[28.206,41.522],[28.285,41.522]]],[[[31.592,41.198],[31.512,41.198],[31.361,41.263],[31.693,41.392],[31.592,41.198]]],[[[35.006,41.782],[35.015,41.847],[34.793,41.976],[35.121,42.041],[35.086,41.782],[35.006,41.782]]],[[[35.125,44.908],[34.376,44.777],[33.926,44.451],[33.449,44.516],[33.61,45.104],[33.459,45.187],[33.78,45.155],[33.917,44.973],[34.986,45.3],[35.02,45.3],[35.183,45.3],[35.154,45.104],[35.235,45.104],[35.125,44.908]]],[[[31.567,46.94],[31.533,46.677],[30.877,46.677],[30.298,45.955],[30.045,45.89],[29.859,45.693],[29.614,45.693],[29.644,45.955],[30.189,46.415],[30.271,46.415],[30.458,46.612],[31.065,46.874],[31.082,47.006],[31.567,46.94]]],[[[38.667,47.598],[39.079,47.598],[39.138,47.466],[39.126,47.401],[39.197,47.335],[38.35,47.203],[38.385,47.401],[38.667,47.598]]]]}},{"type":"Feature","id":"cliopatria-92ada0e7e43147f419cdd3f4","properties":{"NAME":"Illyrian Kingdom","ABBREVN":null,"CONTROL":null,"SUBJECTO":"Illyrian Kingdom","PARTOF":null,"BORDERPRECISION":1,"FromYear":-239,"ToYear":-231,"Area":49797.644316291604,"Type":"POLITY","Wikipedia":"Illyrian kingdom","Wikidata":"Q16084290","SeshatID":"","Components":"","MemberOf":"","sourceFeatureId":"cliopatria-92ada0e7e43147f419cdd3f4","datasetId":"cliopatria"},"geometry":{"type":"MultiPolygon","coordinates":[[[[19.912,39.579],[19.758,39.644],[19.764,39.773],[19.921,39.773],[19.918,39.708],[19.912,39.579]]],[[[20.149,42.691],[20.309,42.691],[20.382,42.561],[20.626,42.626],[20.619,42.496],[21.08,42.171],[21.16,42.171],[21.125,41.587],[20.63,41.263],[20.619,41.068],[21.074,40.679],[20.572,40.161],[19.63,40.291],[19.55,40.291],[19.471,40.291],[19.486,40.614],[19.249,40.614],[19.255,40.744],[19.498,40.874],[19.438,41.263],[19.523,41.392],[19.444,41.392],[19.53,41.522],[19.45,41.522],[19.542,41.782],[18.852,42.366],[18.143,42.626],[17.992,42.821],[17.593,42.886],[17.508,42.756],[17.516,42.951],[17.355,42.951],[17.365,43.212],[17.526,43.212],[17.534,43.407],[17.783,43.603],[18.106,43.603],[18.344,43.538],[18.574,43.277],[18.738,43.342],[18.812,43.212],[19.13,43.147],[19.204,43.017],[19.605,43.017],[19.522,42.951],[19.595,42.821],[19.675,42.821],[20.236,42.821],[20.149,42.691]]],[[[17.365,43.212],[17.122,43.147],[17.127,43.277],[17.288,43.277],[17.29,43.342],[17.365,43.212]]],[[[18.815,43.277],[18.818,43.342],[18.898,43.342],[18.895,43.277],[18.815,43.277]]]]}},{"type":"Feature","id":"cliopatria-6fffadf9fa776ca661b9c759","properties":{"NAME":"Roman Republic","ABBREVN":null,"CONTROL":null,"SUBJECTO":"Roman Republic","PARTOF":null,"BORDERPRECISION":1,"FromYear":-239,"ToYear":-231,"Area":137708.81643100746,"Type":"POLITY","Wikipedia":"Roman Republic","Wikidata":"Q175881","SeshatID":"it_roman_rep_2","Components":"","MemberOf":"","sourceFeatureId":"cliopatria-6fffadf9fa776ca661b9c759","datasetId":"cliopatria"},"geometry":{"type":"MultiPolygon","coordinates":[[[[14.608,42.106],[14.769,42.171],[14.766,42.041],[14.924,41.976],[15.165,42.041],[15.241,41.911],[16.119,41.911],[16.115,41.782],[15.874,41.717],[15.944,41.392],[17.203,41.003],[17.511,40.744],[17.981,40.614],[18.438,40.161],[18.349,39.902],[18.112,39.902],[17.813,40.355],[17.418,40.355],[17.345,40.55],[17.028,40.55],[16.868,40.485],[16.945,40.42],[16.862,40.291],[16.624,40.291],[16.697,40.096],[16.457,39.967],[16.447,39.644],[16.916,39.514],[17.07,39.385],[17.138,39.062],[16.502,38.803],[16.492,38.416],[15.933,37.964],[15.698,37.964],[15.624,38.158],[15.389,38.158],[15.066,37.642],[15.062,37.384],[15.06,37.319],[14.432,36.997],[14.354,36.997],[14.123,37.19],[13.578,37.255],[13.192,37.577],[12.49,37.706],[12.492,37.9],[12.65,38.093],[13.04,38.029],[13.12,38.158],[13.355,38.158],[13.665,37.964],[14.056,37.964],[15.862,38.287],[15.95,38.674],[16.265,38.739],[16.27,38.933],[16.117,39.062],[15.899,39.773],[15.666,39.902],[15.748,40.032],[15.432,40.032],[15.199,40.226],[15.041,40.226],[14.893,40.679],[14.418,40.679],[14.422,40.874],[14.105,40.874],[13.951,41.133],[13.792,41.133],[13.715,41.263],[13,41.327],[12.131,41.911],[12.132,42.041],[11.813,42.106],[11.655,42.366],[11.495,42.301],[11.415,42.431],[11.255,42.431],[11.176,42.626],[11.016,42.626],[11.016,42.821],[10.535,43.082],[10.293,43.798],[11.825,43.733],[11.745,43.863],[11.908,44.059],[12.474,44.124],[12.873,43.798],[13.036,43.863],[13.034,43.733],[13.355,43.668],[13.673,43.407],[13.747,43.082],[13.985,42.951],[13.901,42.756],[14.292,42.301],[14.372,42.301],[14.608,42.106]]],[[[10.214,42.886],[10.455,42.886],[10.455,42.691],[10.215,42.691],[10.134,42.886],[10.214,42.886]]]]}},{"type":"Feature","id":"cliopatria-fb50edef03c210dabbd9ec4a","properties":{"NAME":"Greco-Bactrian Kingdom","ABBREVN":null,"CONTROL":null,"SUBJECTO":"Greco-Bactrian Kingdom","PARTOF":null,"BORDERPRECISION":1,"FromYear":-239,"ToYear":-226,"Area":488960.2874556659,"Type":"POLITY","Wikipedia":"Greco-Bactrian Kingdom","Wikidata":"Q488880","SeshatID":"af_greco_bactrian_k","Components":"","MemberOf":"","sourceFeatureId":"cliopatria-fb50edef03c210dabbd9ec4a","datasetId":"cliopatria"},"geometry":{"type":"MultiPolygon","coordinates":[[[[70.202,35.58],[70.218,35.645],[70.295,35.645],[70.279,35.58],[70.202,35.58]]],[[[29.363,36.804],[29.369,36.868],[29.446,36.868],[29.441,36.804],[29.363,36.804]]],[[[69.416,39.644],[69.28,39.45],[69.359,39.45],[69.364,39.191],[69.521,39.191],[69.405,39.062],[69.568,38.803],[70.099,38.739],[70.298,38.61],[70.63,38.674],[70.593,38.545],[71.202,38.481],[71.364,38.222],[71.779,38.029],[71.941,37.771],[72.434,37.577],[72.416,37.513],[71.825,37.062],[71.661,36.739],[71.138,36.224],[71.061,36.224],[70.14,35.645],[70.093,35.451],[69.876,35.516],[69.598,35.323],[69.366,35.323],[69.335,35.194],[69.026,35.194],[68.517,35.001],[68.395,34.808],[68.101,34.872],[67.825,34.679],[67.609,34.744],[67.088,34.486],[66.612,34.422],[66.535,34.422],[66.563,34.551],[66.144,34.744],[65.618,34.808],[65.415,34.937],[64.755,34.744],[64.37,34.744],[64.188,34.615],[63.957,34.615],[63.83,34.744],[63.277,34.679],[63.15,34.808],[62.623,34.872],[62.191,35.387],[61.804,35.387],[61.303,35.58],[61.235,36.353],[61.157,36.353],[61.213,36.61],[61.474,36.739],[61.029,37.19],[60.873,37.19],[60.98,37.319],[60.663,37.642],[60.736,37.964],[60.531,38.093],[60.561,38.222],[60.371,38.416],[60.431,38.674],[60.32,38.868],[60.414,39.256],[60.713,39.514],[60.792,39.514],[62.502,40.032],[62.879,39.967],[63.467,40.096],[64.889,40.096],[65.23,39.902],[65.564,39.967],[66.22,39.773],[68.53,39.579],[68.624,39.902],[68.997,40.096],[69.036,40.226],[69.273,40.226],[69.272,40.485],[69.193,40.485],[69.372,40.809],[69.807,40.679],[70.485,41.068],[70.682,40.938],[70.738,40.614],[69.846,40.291],[69.886,40.161],[69.728,40.161],[69.315,39.838],[69.296,39.773],[69.416,39.644]]],[[[70.34,40.355],[70.36,40.42],[70.44,40.42],[70.419,40.355],[70.34,40.355]]]]}},{"type":"Feature","id":"cliopatria-be9ee48f00be3cda9edec36f","properties":{"NAME":"Kingdom of Sophene","ABBREVN":null,"CONTROL":null,"SUBJECTO":"Kingdom of Sophene","PARTOF":null,"BORDERPRECISION":1,"FromYear":-239,"ToYear":-226,"Area":16970.761990939063,"Type":"POLITY","Wikipedia":"Kingdom of Sophene","Wikidata":"Q2626105","SeshatID":"","Components":"","MemberOf":"","sourceFeatureId":"cliopatria-be9ee48f00be3cda9edec36f","datasetId":"cliopatria"},"geometry":{"type":"MultiPolygon","coordinates":[[[[40.216,38.287],[40.137,38.287],[39.45,38.416],[39.389,38.545],[39.232,38.545],[39.25,38.674],[39.11,38.803],[38.814,38.933],[38.822,38.997],[38.744,38.997],[38.752,39.062],[38.927,39.191],[38.954,39.385],[39.209,39.514],[39.751,39.45],[39.848,39.579],[40.478,39.579],[40.51,39.256],[40.658,39.191],[40.514,38.739],[40.52,38.222],[40.442,38.222],[40.451,38.287],[40.372,38.287],[40.294,38.287],[40.216,38.287]]]]}},{"type":"Feature","id":"cliopatria-797d33da0e778bf9604bfefc","properties":{"NAME":"Seleucid Empire","ABBREVN":null,"CONTROL":null,"SUBJECTO":"Seleucid Empire","PARTOF":null,"BORDERPRECISION":1,"FromYear":-239,"ToYear":-226,"Area":2063733.0849827046,"Type":"POLITY","Wikipedia":"Seleucid dynasty","Wikidata":"Q705904","SeshatID":"ir_seleucid_emp","Components":"","MemberOf":"","sourceFeatureId":"cliopatria-797d33da0e778bf9604bfefc","datasetId":"cliopatria"},"geometry":{"type":"MultiPolygon","coordinates":[[[[54.033,36.868],[54.774,36.675],[55.785,36.675],[56.212,36.868],[56.834,36.868],[57.444,36.804],[57.702,36.546],[58.453,36.417],[59.074,36.417],[60.047,36.61],[61.213,36.61],[61.157,36.353],[61.235,36.353],[61.303,35.58],[61.804,35.387],[62.191,35.387],[62.623,34.872],[63.15,34.808],[63.277,34.679],[63.83,34.744],[63.957,34.615],[64.188,34.615],[64.37,34.744],[64.755,34.744],[65.415,34.937],[65.618,34.808],[66.144,34.744],[66.563,34.551],[66.535,34.422],[66.458,34.422],[66.352,34.293],[65.751,34.358],[65.387,34.1],[65.242,33.779],[65.062,33.65],[65.035,33.522],[65.112,33.522],[64.982,33.264],[64.829,33.264],[64.687,32.943],[64.355,32.814],[64.406,32.686],[63.873,32.3],[63.643,32.3],[63.442,32.043],[63.301,32.107],[62.124,30.629],[61.68,30.244],[61.37,29.729],[61.027,29.472],[60.244,28.251],[59.395,27.544],[58.994,27.351],[58.978,27.222],[58.836,27.287],[58.745,27.158],[58.594,27.158],[58.428,27.029],[58.405,26.837],[58.262,26.901],[57.773,26.579],[57.483,26.001],[57.529,25.744],[57.38,25.744],[57.176,25.936],[57.052,26.837],[56.715,27.158],[56.188,27.158],[56.098,27.029],[56.324,27.029],[56.309,26.901],[56.061,26.708],[55.289,26.515],[55.31,26.708],[55.543,26.772],[55.242,26.772],[54.989,26.515],[54.681,26.451],[54.259,26.708],[53.658,26.708],[53.461,26.965],[52.737,27.222],[52.479,27.608],[52.049,27.801],[51.453,27.865],[51.066,28.444],[51.028,28.765],[50.809,28.83],[50.915,29.087],[50.62,29.151],[50.651,29.408],[50.236,29.729],[50.065,30.179],[49.586,29.987],[48.943,30.308],[48.987,30.051],[48.365,29.922],[48.404,29.601],[48.093,29.537],[47.646,29.601],[47.29,29.794],[46.979,29.729],[46.994,29.858],[46.85,29.922],[46.615,29.858],[46.591,30.308],[45.77,30.436],[44.955,31.272],[44.581,31.336],[44.459,31.593],[43.153,32.814],[42.709,32.943],[42.578,33.136],[42.065,33.329],[42.003,33.457],[41.489,33.65],[41.427,33.779],[41.273,33.779],[41.212,33.907],[40.912,33.972],[40.704,34.165],[40.311,34.1],[40.403,34.229],[40.257,34.293],[39.124,34.486],[37.99,33.972],[37.739,33.779],[37.726,33.65],[37.649,33.65],[37.599,33.907],[37.382,34.036],[37.389,34.1],[37.004,34.1],[36.87,34.293],[36.562,34.293],[36.441,34.615],[36.293,34.679],[36.313,34.872],[36.165,34.937],[36.269,35.194],[35.889,35.258],[35.896,35.323],[35.993,35.516],[35.845,35.58],[35.878,35.902],[35.956,35.902],[36.104,35.838],[36.35,35.966],[36.456,36.224],[36.618,36.288],[36.639,36.482],[36.646,36.546],[37.134,36.739],[37.202,37.319],[37.124,37.319],[37.147,37.513],[36.943,37.771],[36.958,37.9],[37.115,37.9],[37.318,38.287],[38.126,38.481],[38.814,38.933],[39.11,38.803],[39.25,38.674],[39.232,38.545],[39.389,38.545],[39.45,38.416],[40.137,38.287],[40.216,38.287],[40.294,38.287],[40.372,38.287],[40.451,38.287],[40.442,38.222],[40.52,38.222],[40.598,38.222],[40.572,38.029],[41.667,38.029],[41.961,37.9],[42.508,37.9],[43.945,37.577],[44.413,37.577],[44.774,37.384],[44.745,37.19],[44.871,36.997],[45.251,36.933],[45.118,36.031],[45.195,36.031],[45.217,35.645],[46.031,35.387],[47.954,35.323],[48.774,35.13],[49.413,35.258],[49.608,35.516],[50.48,35.645],[50.855,36.031],[52.008,36.417],[52.108,36.546],[52.186,36.546],[53.088,36.804],[53.955,36.868],[54.033,36.868]]],[[[26.305,37.577],[25.988,37.513],[26.08,37.706],[26.158,37.706],[26.314,37.706],[26.305,37.577]]],[[[35.035,36.739],[34.957,36.739],[34.893,36.868],[34.582,36.868],[34.413,36.739],[34.335,36.739],[34.219,37.126],[33.674,37.126],[33.609,37.255],[33.375,37.255],[32.068,36.61],[31.99,36.61],[31.392,36.868],[30.697,36.933],[30.619,36.933],[29.446,36.868],[29.369,36.868],[28.304,37.19],[28.241,37.384],[27.612,37.319],[27.534,37.319],[27.223,37.319],[27.31,37.448],[27.163,37.577],[27.256,37.771],[27.178,37.771],[27.275,38.029],[26.889,38.093],[26.82,38.222],[26.429,38.222],[26.384,38.674],[26.536,38.61],[26.595,38.351],[27.065,38.351],[27.075,38.481],[27.08,38.545],[27.31,38.481],[27.482,38.674],[27.639,38.674],[27.812,38.868],[27.833,39.126],[27.754,39.126],[27.77,39.32],[27.466,39.45],[26.841,39.514],[26.847,39.579],[26.132,39.514],[26.252,40.032],[26.257,40.096],[26.673,40.355],[26.752,40.355],[27.47,40.42],[27.617,40.291],[27.696,40.291],[28.17,40.291],[28.182,40.42],[28.261,40.42],[29.046,40.355],[28.9,40.485],[28.913,40.614],[29.401,40.744],[29.48,40.744],[29.559,40.744],[29.54,40.55],[29.936,40.55],[29.923,40.42],[30.068,40.291],[30.457,40.226],[30.602,40.096],[30.589,39.967],[31.299,39.967],[31.378,39.967],[31.233,39.32],[31.443,39.062],[31.424,38.868],[31.738,38.868],[31.803,38.739],[32.189,38.674],[33.587,38.545],[33.669,37.835],[35.281,37.577],[35.835,37.642],[35.806,37.384],[35.387,37.126],[35.374,36.997],[35.035,36.739]]],[[[26.644,38.997],[26.246,38.933],[26.094,38.997],[26.103,39.126],[25.793,39.191],[26.044,39.385],[26.123,39.385],[26.511,39.32],[26.644,38.997]]]]}},{"type":"Feature","id":"cliopatria-4af8d3022a2aa45c432eef75","properties":{"NAME":"Parthian Empire","ABBREVN":null,"CONTROL":null,"SUBJECTO":"Parthian Empire","PARTOF":null,"BORDERPRECISION":1,"FromYear":-239,"ToYear":-224,"Area":253595.888264902,"Type":"POLITY","Wikipedia":"Parthian Empire","Wikidata":"Q1986139","SeshatID":"ir_parthian_emp_1","Components":"","MemberOf":"","sourceFeatureId":"cliopatria-4af8d3022a2aa45c432eef75","datasetId":"cliopatria"},"geometry":{"type":"MultiPolygon","coordinates":[[[[56.892,40.355],[56.987,40.42],[56.956,40.291],[57.114,40.291],[57.162,40.161],[57.351,40.291],[58.174,40.42],[58.854,40.291],[58.98,40.161],[59.77,40.161],[59.768,39.838],[60.084,39.838],[60.052,39.708],[60.683,39.708],[60.65,39.579],[60.729,39.579],[60.713,39.514],[60.414,39.256],[60.32,38.868],[60.431,38.674],[60.371,38.416],[60.561,38.222],[60.531,38.093],[60.736,37.964],[60.663,37.642],[60.98,37.319],[60.873,37.19],[61.029,37.19],[61.474,36.739],[61.213,36.61],[60.047,36.61],[59.074,36.417],[58.453,36.417],[57.702,36.546],[57.444,36.804],[56.834,36.868],[56.212,36.868],[55.785,36.675],[54.774,36.675],[54.033,36.868],[54.045,36.933],[54.095,37.19],[53.91,37.448],[53.908,37.835],[53.83,37.835],[53.987,38.997],[53.518,39.385],[53.138,39.45],[53.545,39.514],[53.498,40.032],[52.723,40.096],[52.714,40.42],[52.793,40.42],[52.893,40.874],[52.972,40.874],[52.943,40.744],[53.34,40.744],[53.448,40.874],[53.404,40.679],[54.544,40.809],[56.813,40.355],[56.892,40.355]]]]}},{"type":"Feature","id":"cliopatria-d094f19d62f8bab5bacfefc2","properties":{"NAME":"Kingdom of Cappadocia","ABBREVN":null,"CONTROL":null,"SUBJECTO":"Kingdom of Cappadocia","PARTOF":null,"BORDERPRECISION":1,"FromYear":-239,"ToYear":-219,"Area":67935.7273231421,"Type":"POLITY","Wikipedia":"Kingdom of Cappadocia","Wikidata":"Q29654286","SeshatID":"tr_cappadocia_2","Components":"","MemberOf":"","sourceFeatureId":"cliopatria-d094f19d62f8bab5bacfefc2","datasetId":"cliopatria"},"geometry":{"type":"MultiPolygon","coordinates":[[[[38.752,39.062],[38.744,38.997],[38.822,38.997],[38.814,38.933],[38.126,38.481],[37.318,38.287],[37.115,37.9],[36.958,37.9],[36.348,38.029],[35.835,37.642],[35.281,37.577],[33.669,37.835],[33.587,38.545],[33.68,38.674],[34.479,38.803],[34.767,39.256],[34.726,39.579],[34.828,39.773],[35.294,39.708],[35.435,39.579],[36.933,39.579],[37.861,39.45],[38.752,39.062]]]]}},{"type":"Feature","id":"cliopatria-d53e30f1fe852ae7fe8fdda9","properties":{"NAME":"Ptolemaic Kingdom","ABBREVN":null,"CONTROL":null,"SUBJECTO":"Ptolemaic Kingdom","PARTOF":null,"BORDERPRECISION":1,"FromYear":-239,"ToYear":-219,"Area":798955.0596521406,"Type":"POLITY","Wikipedia":"Ptolemaic Kingdom","Wikidata":"Q2320005","SeshatID":"eg_ptolemaic_k_1","Components":"","MemberOf":"","sourceFeatureId":"cliopatria-d53e30f1fe852ae7fe8fdda9","datasetId":"cliopatria"},"geometry":{"type":"MultiPolygon","coordinates":[[[[26.865,36.675],[27.039,36.933],[27.117,36.933],[27.185,36.804],[26.865,36.675]]],[[[27.195,36.933],[27.209,37.126],[27.286,37.126],[27.442,37.126],[27.35,36.933],[27.195,36.933]]],[[[25.704,40.096],[25.719,40.291],[25.798,40.291],[26.035,40.291],[26.025,40.161],[25.704,40.096]]],[[[26.678,40.42],[26.673,40.355],[26.257,40.096],[26.262,40.161],[26.267,40.226],[26.272,40.291],[26.351,40.291],[26.357,40.355],[26.605,40.485],[26.678,40.42]]],[[[26.921,40.485],[26.768,40.55],[26.774,40.614],[26.785,40.744],[27.102,40.744],[26.921,40.485]]],[[[26.23,40.744],[26.309,40.744],[26.542,40.679],[26.066,40.679],[26.23,40.744]]],[[[37.649,33.65],[37.573,33.65],[37.073,33.264],[37.054,33.072],[36.901,33.072],[36.717,32.75],[36.751,32.3],[36.516,32.236],[36.656,32.107],[36.492,31.979],[36.463,31.658],[36.387,31.658],[36.423,31.208],[35.662,31.208],[35.499,31.079],[35.352,31.143],[34.621,30.565],[34.611,30.436],[34.389,30.501],[34.303,30.372],[33.838,30.244],[32.919,30.115],[32.91,29.987],[32.758,29.987],[32.673,29.858],[32.526,29.922],[32.442,29.794],[32.689,28.958],[32.836,28.894],[33.105,28.38],[33.609,27.994],[33.585,27.608],[33.799,27.415],[33.927,27.029],[34.073,26.965],[34.051,26.579],[34.197,26.515],[34.461,25.872],[34.608,25.808],[35.146,24.651],[35.86,24.008],[35.854,23.879],[35.559,23.943],[35.553,23.815],[35.108,23.879],[33.756,23.686],[33.682,23.686],[33.389,23.815],[32.041,23.686],[31.67,23.751],[30.537,23.365],[30.463,23.365],[30.395,23.558],[30.104,23.751],[30.109,23.879],[29.959,23.879],[29.673,24.201],[28.569,24.651],[28.289,25.165],[28.244,25.936],[28.345,26.579],[28.27,26.579],[28.154,27.351],[27.937,27.544],[27.711,27.544],[27.792,27.672],[27.43,27.994],[27.276,27.93],[27.285,28.122],[26.847,28.444],[25.883,28.83],[25.225,29.344],[24.922,29.344],[24.855,29.537],[24.406,29.665],[24.263,29.858],[23.667,30.115],[23.227,30.501],[22.848,30.501],[22.853,30.629],[21.951,30.886],[20.582,30.886],[19.957,30.308],[19.651,30.244],[19.572,30.115],[18.735,29.987],[18.738,30.115],[18.894,30.308],[19.272,30.244],[19.655,30.372],[19.964,30.565],[19.968,30.694],[20.202,30.886],[20.134,31.143],[20.214,31.272],[19.996,31.593],[20.089,32.107],[20.017,32.236],[20.246,32.236],[20.331,32.493],[20.482,32.429],[20.563,32.557],[20.716,32.557],[20.644,32.686],[20.871,32.622],[21.108,32.814],[21.412,32.75],[21.879,32.943],[23.089,32.622],[23.081,32.429],[23.231,32.365],[23.149,32.236],[23.299,32.172],[23.68,32.172],[24.129,31.979],[24.892,31.979],[25.112,31.786],[25.102,31.593],[25.248,31.465],[26.848,31.465],[27.297,31.336],[27.515,31.143],[28.496,31.015],[28.865,30.822],[29.397,30.822],[29.485,31.015],[29.633,30.951],[29.87,31.079],[29.802,31.208],[29.882,31.272],[30.339,31.272],[30.271,31.4],[30.352,31.465],[30.809,31.465],[30.966,31.529],[30.975,31.658],[31.203,31.658],[31.118,31.529],[31.266,31.465],[31.875,31.465],[31.781,31.208],[31.937,31.272],[32,31.079],[32.304,31.079],[32.237,31.208],[32.532,31.079],[32.765,31.143],[32.832,31.015],[33.983,31.143],[34.297,31.272],[34.308,31.4],[34.633,31.658],[34.573,31.85],[34.813,31.979],[34.77,32.365],[35.022,32.622],[35.056,33.007],[35.215,33.072],[35.398,33.393],[35.346,33.65],[35.499,33.65],[35.447,33.907],[35.684,33.972],[35.644,34.358],[35.792,34.293],[36.049,34.551],[36.068,34.744],[35.927,34.872],[35.96,35.194],[35.882,35.194],[35.889,35.258],[36.269,35.194],[36.165,34.937],[36.313,34.872],[36.293,34.679],[36.441,34.615],[36.562,34.293],[36.87,34.293],[37.004,34.1],[37.389,34.1],[37.382,34.036],[37.599,33.907],[37.649,33.65]]],[[[33.957,35.258],[34.087,35.001],[33.695,34.937],[33.523,34.744],[33.132,34.679],[33.044,34.551],[32.367,34.744],[32.229,34.937],[32.246,35.13],[32.555,35.13],[32.875,35.258],[32.887,35.387],[33.737,35.387],[34.31,35.709],[34.387,35.709],[34.542,35.709],[34.529,35.58],[33.957,35.258]]],[[[32.068,36.61],[33.375,37.255],[33.609,37.255],[33.674,37.126],[34.219,37.126],[34.335,36.739],[34.328,36.675],[33.979,36.288],[33.274,36.224],[32.713,36.031],[32.558,36.031],[32.499,36.224],[32.212,36.482],[32.134,36.482],[32.14,36.546],[32.062,36.546],[32.068,36.61]]],[[[34.95,36.675],[34.957,36.739],[35.035,36.739],[35.028,36.675],[34.95,36.675]]],[[[29.938,36.224],[29.24,36.224],[29.125,36.739],[28.357,36.868],[28.187,36.675],[28.031,36.675],[28.226,37.19],[28.304,37.19],[29.369,36.868],[29.363,36.804],[29.441,36.804],[29.446,36.868],[30.619,36.933],[30.613,36.868],[30.536,36.868],[30.53,36.804],[30.492,36.353],[30.026,36.353],[29.938,36.224]]],[[[36.35,35.966],[36.104,35.838],[35.956,35.902],[35.963,35.966],[35.99,36.224],[35.849,36.353],[36.265,36.61],[36.286,36.804],[36.145,36.933],[35.834,36.933],[35.488,36.61],[35.113,36.739],[35.035,36.739],[35.374,36.997],[35.387,37.126],[35.806,37.384],[35.835,37.642],[36.348,38.029],[36.958,37.9],[36.943,37.771],[37.147,37.513],[37.124,37.319],[37.202,37.319],[37.134,36.739],[36.646,36.546],[36.639,36.482],[36.618,36.288],[36.456,36.224],[36.35,35.966]]]]}},{"type":"Feature","id":"cliopatria-4c5e87e44f050df60da37f79","properties":{"NAME":"Galatia","ABBREVN":null,"CONTROL":null,"SUBJECTO":"Galatia","PARTOF":null,"BORDERPRECISION":1,"FromYear":-239,"ToYear":-127,"Area":50699.037696978645,"Type":"POLITY","Wikipedia":"Galatia","Wikidata":"Q26847","SeshatID":"","Components":"","MemberOf":"","sourceFeatureId":"cliopatria-4c5e87e44f050df60da37f79","datasetId":"cliopatria"},"geometry":{"type":"MultiPolygon","coordinates":[[[[34.828,39.773],[34.726,39.579],[34.767,39.256],[34.479,38.803],[33.68,38.674],[33.587,38.545],[32.189,38.674],[31.803,38.739],[31.738,38.868],[31.424,38.868],[31.443,39.062],[31.233,39.32],[31.378,39.967],[31.299,39.967],[31.306,40.032],[31.385,40.032],[31.464,40.032],[31.543,40.032],[31.622,40.032],[31.701,40.032],[31.708,40.096],[32.11,40.161],[32.304,40.485],[32.764,40.355],[33.413,40.485],[33.555,40.355],[34.568,40.226],[34.536,39.967],[34.828,39.773]]]]}},{"type":"Feature","id":"cliopatria-7c9763bc532ec3c65c2c3845","properties":{"NAME":"(Warring States China)","ABBREVN":null,"CONTROL":null,"SUBJECTO":"(Warring States China)","PARTOF":null,"BORDERPRECISION":1,"FromYear":-230,"ToYear":-226,"Area":1632941.3110133104,"Type":"POLITY","Wikipedia":"Warring States Period","Wikidata":"Q185063","SeshatID":"","Components":"Qi;Chu;Yan;Wei;Qin;Zhao","MemberOf":"","sourceFeatureId":"cliopatria-7c9763bc532ec3c65c2c3845","datasetId":"cliopatria"},"geometry":{"type":"MultiPolygon","coordinates":[[[[119.228,34.808],[119.459,34.808],[119.431,34.744],[119.711,34.679],[119.732,34.551],[120.342,34.358],[120.489,34.165],[120.55,33.586],[120.926,33.2],[120.919,32.622],[121.403,32.493],[121.503,32.172],[121.783,32.107],[121.987,31.85],[121.836,31.658],[121.301,31.85],[120.919,31.85],[121.454,31.658],[121.481,31.529],[121.634,31.529],[121.584,31.4],[121.737,31.4],[121.995,31.079],[121.899,30.822],[121.519,30.822],[120.801,30.308],[120.725,30.308],[120.521,30.372],[119.703,29.987],[118.36,29.601],[116.736,29.729],[116.27,29.922],[116.129,30.179],[116.151,30.244],[116.119,30.372],[115.685,30.436],[115.208,30.372],[114.872,30.501],[114.113,30.501],[113.951,30.244],[113.584,30.051],[113.267,29.537],[112.904,29.344],[111.996,29.344],[111.809,29.472],[111.299,29.537],[110.662,29.922],[110.359,29.922],[110.379,29.987],[110.303,29.987],[109.617,29.729],[109.406,29.537],[109.274,29.601],[109.16,29.472],[108.667,29.344],[108.629,29.215],[108.497,29.279],[107.459,28.83],[106.028,28.572],[106.069,28.444],[105.129,28.315],[104.066,28.572],[103.898,28.508],[103.857,28.637],[102.927,28.83],[102.602,29.022],[101.48,29.344],[101.44,29.472],[101.156,29.537],[100.982,29.729],[101.019,29.858],[100.828,29.987],[100.865,30.115],[100.674,30.244],[100.673,30.501],[100.598,30.501],[100.982,31.272],[101.836,32.043],[102.158,32.557],[102.312,33.457],[102.235,33.457],[102.325,33.715],[102.248,33.715],[102.409,34.165],[103.094,34.358],[103.379,34.293],[103.479,34.358],[103.497,34.615],[104.133,34.872],[106.185,35.387],[106.493,35.58],[106.803,35.58],[106.854,35.709],[107.061,35.645],[108.069,36.031],[109.367,36.353],[109.422,36.482],[109.81,36.482],[110.698,36.739],[110.754,36.868],[110.882,36.804],[111.434,36.997],[114.081,39.126],[114.113,39.191],[114.146,39.256],[114.054,39.385],[113.897,39.385],[113.93,39.45],[113.772,39.45],[113.805,39.514],[113.083,39.644],[113.116,39.708],[112.17,39.708],[112.236,39.838],[112.111,39.902],[112.742,40.355],[113.093,40.42],[114.596,40.42],[114.527,40.291],[115.159,40.291],[115.292,40.096],[115.371,40.096],[115.55,39.838],[116.102,39.838],[116.951,40.096],[117.03,40.096],[117.066,40.161],[117.567,40.355],[118.705,40.55],[118.778,40.679],[119.174,40.679],[122.928,41.911],[123.167,41.911],[123.127,41.847],[123.405,41.782],[123.365,41.717],[123.604,41.717],[123.564,41.652],[123.843,41.587],[123.803,41.522],[124.042,41.522],[124.002,41.457],[124.757,41.133],[124.837,41.133],[124.412,40.291],[123.871,39.902],[123.876,39.773],[123.597,39.838],[122.936,39.644],[122.17,39.256],[121.952,38.997],[121.716,38.997],[121.422,38.739],[121.029,38.739],[121.201,39.062],[121.515,39.062],[121.69,39.385],[121.297,39.385],[121.21,39.514],[121.281,39.644],[121.438,39.644],[121.503,39.902],[121.776,39.967],[122.231,40.485],[122.106,40.679],[121.827,40.744],[121.824,40.874],[121.11,40.874],[120.997,40.679],[120.647,40.485],[120.5,40.226],[119.38,39.773],[119.215,39.32],[118.45,39.062],[118.057,39.062],[118.046,39.191],[117.888,39.191],[117.676,38.933],[117.622,38.674],[117.602,38.481],[118.054,38.287],[118.067,38.158],[118.583,38.093],[118.648,38.222],[118.804,38.222],[118.772,38.158],[119.131,38.093],[119.209,38.093],[119.177,38.029],[119.457,37.964],[119.393,37.835],[119.237,37.835],[118.984,37.319],[119.14,37.319],[119.156,37.19],[119.701,37.19],[119.827,37.448],[120.202,37.577],[120.188,37.706],[120.754,37.9],[121.112,37.835],[121.171,37.642],[121.483,37.642],[121.497,37.513],[122.154,37.577],[122.121,37.513],[122.713,37.448],[122.442,37.062],[122.566,36.997],[122.503,36.868],[122.161,36.804],[122.146,36.933],[121.912,36.933],[121.212,36.61],[120.979,36.61],[120.965,36.417],[120.732,36.417],[120.659,36.095],[120.318,36.031],[120.075,35.838],[120.045,35.773],[120.016,35.709],[119.619,35.516],[119.228,34.808]]]]}},{"type":"Feature","id":"cliopatria-b743c4a2e67d7f0b1d9973ce","properties":{"NAME":"Achaean League","ABBREVN":null,"CONTROL":null,"SUBJECTO":"Achaean League","PARTOF":null,"BORDERPRECISION":1,"FromYear":-230,"ToYear":-226,"Area":9032.636391656815,"Type":"POLITY","Wikipedia":"Achaean League","Wikidata":"Q244796","SeshatID":"","Components":"","MemberOf":"","sourceFeatureId":"cliopatria-b743c4a2e67d7f0b1d9973ce","datasetId":"cliopatria"},"geometry":{"type":"MultiPolygon","coordinates":[[[[21.619,37.513],[21.622,37.577],[21.544,37.577],[21.547,37.642],[21.469,37.642],[21.472,37.706],[21.394,37.706],[21.397,37.771],[21.631,37.771],[21.637,37.9],[21.412,38.093],[21.416,38.158],[21.729,38.158],[21.742,38.416],[22.134,38.416],[22.287,38.351],[22.28,38.222],[22.44,38.287],[22.433,38.158],[22.589,38.158],[22.657,37.964],[22.97,37.964],[23.059,38.158],[23.29,38.093],[23.201,37.9],[23.044,37.9],[23.041,37.835],[22.572,37.835],[22.236,37.384],[22.087,37.513],[21.697,37.513],[21.619,37.513]]]]}},{"type":"Feature","id":"cliopatria-ae7ba01c33727788239c6321","properties":{"NAME":"Aetolian League","ABBREVN":null,"CONTROL":null,"SUBJECTO":"Aetolian League","PARTOF":null,"BORDERPRECISION":1,"FromYear":-230,"ToYear":-226,"Area":10068.470473776584,"Type":"POLITY","Wikipedia":"Aetolian League","Wikidata":"Q245273","SeshatID":"","Components":"","MemberOf":"","sourceFeatureId":"cliopatria-ae7ba01c33727788239c6321","datasetId":"cliopatria"},"geometry":{"type":"MultiPolygon","coordinates":[[[[22.369,38.416],[21.428,38.416],[21.35,38.416],[21.291,38.803],[21.14,38.933],[21.144,38.997],[20.678,39.126],[20.53,39.32],[20.845,39.32],[21.075,39.191],[21.314,39.256],[21.317,39.32],[21.471,39.256],[21.536,38.997],[21.7,39.126],[22.49,39.191],[22.558,38.997],[22.397,38.933],[22.39,38.803],[22.547,38.803],[22.447,38.416],[22.369,38.416]]]]}},{"type":"Feature","id":"cliopatria-18034649bfbcf2729fd979e3","properties":{"NAME":"Antigonid Macedonia","ABBREVN":null,"CONTROL":null,"SUBJECTO":"Antigonid Macedonia","PARTOF":null,"BORDERPRECISION":1,"FromYear":-230,"ToYear":-226,"Area":101306.08168805562,"Type":"POLITY","Wikipedia":"Antigonid dynasty","Wikidata":"Q237325","SeshatID":"gr_antigonid_emp","Components":"","MemberOf":"","sourceFeatureId":"cliopatria-18034649bfbcf2729fd979e3","datasetId":"cliopatria"},"geometry":{"type":"MultiPolygon","coordinates":[[[[24.272,37.513],[24.201,37.642],[24.283,37.706],[24.361,37.706],[24.432,37.577],[24.272,37.513]]],[[[20.922,37.642],[20.613,37.706],[20.621,37.9],[20.699,37.9],[20.934,37.9],[20.922,37.642]]],[[[24.83,37.706],[24.682,37.835],[24.694,38.029],[24.772,38.029],[25.068,37.771],[24.83,37.706]]],[[[23.489,38.803],[23.567,38.803],[23.563,38.739],[23.485,38.739],[23.489,38.803]]],[[[24.357,38.868],[24.365,38.997],[24.444,38.997],[24.675,38.933],[24.662,38.739],[24.357,38.868]]],[[[24.853,41.392],[24.763,41.263],[26.03,41.198],[26.178,41.068],[26.904,41.198],[27.091,41.522],[27.483,41.457],[27.472,41.327],[27.631,41.327],[27.728,41.522],[28.139,41.652],[28.292,41.587],[28.285,41.522],[28.206,41.522],[28.083,41.068],[28.077,41.003],[27.527,41.068],[27.181,40.744],[26.621,40.679],[26.072,40.744],[26.082,40.874],[25.849,40.938],[24.347,41.003],[24.011,40.744],[23.698,40.809],[23.685,40.614],[23.839,40.55],[23.737,40.226],[23.267,40.291],[22.884,40.485],[22.892,40.614],[22.655,40.614],[22.56,40.355],[22.544,40.096],[22.702,40.096],[22.611,39.902],[23.135,39.45],[22.816,39.385],[22.797,39.062],[22.958,39.126],[23.493,38.868],[23.332,38.803],[23.025,38.933],[22.936,38.739],[23.167,38.674],[23.313,38.481],[23.626,38.481],[23.563,38.739],[24.03,38.674],[24.179,38.545],[24.159,38.222],[24.002,38.222],[23.979,37.835],[23.9,37.835],[22.525,38.416],[22.447,38.416],[22.547,38.803],[22.39,38.803],[22.397,38.933],[22.558,38.997],[22.49,39.191],[21.7,39.126],[21.536,38.997],[21.471,39.256],[21.317,39.32],[21.321,39.385],[20.943,39.708],[20.806,40.096],[20.569,40.096],[20.572,40.161],[21.074,40.679],[20.619,41.068],[20.63,41.263],[21.125,41.587],[21.16,42.171],[21.239,42.171],[21.407,42.301],[22.455,42.431],[22.442,42.236],[22.593,42.106],[22.753,42.106],[23.054,41.847],[23.528,41.782],[23.669,41.522],[24.231,41.587],[24.236,41.652],[24.554,41.652],[24.853,41.392]]],[[[25.331,36.997],[25.339,37.126],[25.417,37.126],[25.573,37.126],[25.564,36.997],[25.331,36.997]]],[[[25.052,37.513],[24.986,37.706],[25.064,37.706],[25.22,37.706],[25.286,37.513],[25.052,37.513]]],[[[25.447,39.838],[24.974,39.838],[25.067,40.032],[25.146,40.032],[25.462,40.032],[25.447,39.838]]],[[[25.704,40.096],[25.719,40.291],[25.798,40.291],[26.035,40.291],[26.025,40.161],[25.704,40.096]]],[[[25.245,41.327],[25.24,41.263],[25.161,41.263],[25.166,41.327],[25.245,41.327]]]]}},{"type":"Feature","id":"cliopatria-67439b6909293d99fd16daaa","properties":{"NAME":"Chu","ABBREVN":null,"CONTROL":null,"SUBJECTO":"Chu","PARTOF":"(Warring States China)","BORDERPRECISION":1,"FromYear":-230,"ToYear":-226,"Area":530242.1287968083,"Type":"POLITY","Wikipedia":"Chu (state)","Wikidata":"Q504759","SeshatID":"cn_chu_k_warring_states","Components":"","MemberOf":"(Warring States China)","sourceFeatureId":"cliopatria-67439b6909293d99fd16daaa","datasetId":"cliopatria"},"geometry":{"type":"MultiPolygon","coordinates":[[[[120.016,35.709],[119.619,35.516],[119.228,34.808],[119.459,34.808],[119.431,34.744],[119.711,34.679],[119.732,34.551],[120.342,34.358],[120.489,34.165],[120.55,33.586],[120.926,33.2],[120.919,32.622],[121.403,32.493],[121.503,32.172],[121.783,32.107],[121.987,31.85],[121.836,31.658],[121.301,31.85],[120.919,31.85],[121.454,31.658],[121.481,31.529],[121.634,31.529],[121.584,31.4],[121.737,31.4],[121.995,31.079],[121.899,30.822],[121.519,30.822],[120.801,30.308],[120.725,30.308],[120.521,30.372],[119.703,29.987],[118.36,29.601],[116.736,29.729],[116.27,29.922],[116.129,30.179],[116.151,30.244],[116.119,30.372],[115.685,30.436],[115.208,30.372],[114.872,30.501],[114.113,30.501],[113.951,30.244],[113.584,30.051],[113.267,29.537],[112.904,29.344],[111.996,29.344],[111.809,29.472],[111.299,29.537],[110.662,29.922],[110.359,29.922],[110.379,29.987],[112.518,30.951],[112.356,31.143],[112.4,31.272],[112.271,31.336],[112.285,31.593],[112.071,31.85],[112.117,31.979],[111.988,32.043],[112.034,32.172],[111.905,32.236],[111.841,32.686],[111.712,32.75],[111.784,32.943],[111.651,33.2],[111.7,33.329],[111.158,33.715],[111.129,34.036],[110.769,34.293],[110.717,34.744],[111.359,34.615],[113.44,34.615],[113.674,34.808],[114.499,34.937],[114.994,35.194],[115.076,35.387],[114.801,35.645],[114.856,35.773],[115.512,36.031],[115.675,36.224],[116.752,36.031],[116.899,35.838],[117.693,35.709],[117.664,35.645],[118.264,35.773],[120.045,35.773],[120.016,35.709]]]]}},{"type":"Feature","id":"cliopatria-79e978821d68ed23ddc38d68","properties":{"NAME":"Greek Colonies","ABBREVN":null,"CONTROL":null,"SUBJECTO":"Greek Colonies","PARTOF":null,"BORDERPRECISION":1,"FromYear":-230,"ToYear":-226,"Area":82076.5247287636,"Type":"POLITY","Wikipedia":"Greek colonisation","Wikidata":"Q828047","SeshatID":"","Components":"","MemberOf":"","sourceFeatureId":"cliopatria-79e978821d68ed23ddc38d68","datasetId":"cliopatria"},"geometry":{"type":"MultiPolygon","coordinates":[[[[24.157,35.516],[24.15,35.387],[24.301,35.323],[25.692,35.323],[25.681,35.13],[26.225,35.194],[26.14,35.065],[24.824,35.001],[24.757,35.194],[24.526,35.194],[24.448,35.194],[23.679,35.258],[23.615,35.516],[24.157,35.516]]],[[[22.887,36.417],[22.965,36.417],[23.117,36.353],[23.107,36.16],[22.874,36.16],[22.887,36.417]]],[[[14.432,36.997],[15.06,37.319],[15.059,37.255],[15.137,37.255],[15.136,37.19],[15.214,37.19],[15.213,37.126],[15.05,36.739],[14.661,36.739],[14.431,36.933],[14.432,36.997]]],[[[22.599,36.868],[22.512,36.675],[22.356,36.675],[22.22,37.062],[21.909,37.062],[21.899,36.868],[21.744,36.868],[21.681,37.19],[21.603,37.19],[21.693,37.448],[21.697,37.513],[22.087,37.513],[22.236,37.384],[22.572,37.835],[23.041,37.835],[23.037,37.771],[23.108,37.642],[23.342,37.642],[23.402,37.319],[23.169,37.319],[23.176,37.448],[22.949,37.577],[22.714,37.577],[22.701,37.319],[22.853,37.255],[22.85,37.19],[23.056,36.675],[22.833,36.868],[22.599,36.868]]],[[[21.631,37.771],[21.397,37.771],[21.319,37.771],[21.322,37.835],[21.244,37.835],[21.247,37.9],[21.25,37.964],[21.328,37.964],[21.331,38.029],[21.334,38.093],[21.412,38.093],[21.637,37.9],[21.631,37.771]]],[[[20.328,38.351],[20.488,38.416],[20.566,38.416],[20.795,38.287],[20.786,38.093],[20.32,38.158],[20.328,38.351]]],[[[25.876,38.158],[25.899,38.481],[25.821,38.481],[25.913,38.674],[25.991,38.674],[26.217,38.545],[26.111,38.158],[25.876,38.158]]],[[[21.062,38.933],[21.14,38.933],[21.291,38.803],[21.35,38.416],[21.272,38.416],[21.193,38.416],[21.196,38.481],[20.898,38.803],[20.741,38.803],[20.829,38.997],[21.062,38.933]]],[[[-0.314,39.126],[0.096,38.803],[-0.126,38.545],[-0.204,38.545],[-0.378,38.868],[-0.539,38.933],[-0.567,39.45],[-0.571,39.514],[-0.514,39.902],[-0.202,39.967],[-0.345,39.708],[-0.314,39.126]]],[[[24.551,40.55],[24.491,40.809],[24.57,40.809],[24.808,40.809],[24.794,40.614],[24.551,40.55]]],[[[27.532,41.976],[27.452,41.976],[27.458,42.041],[27.378,42.041],[27.384,42.106],[27.464,42.106],[27.317,42.236],[27.329,42.366],[27.175,42.431],[27.193,42.626],[27.657,43.277],[27.998,43.472],[28.119,43.863],[28.3,44.059],[28.341,44.451],[28.422,44.451],[28.368,44.712],[28.64,44.973],[28.802,44.973],[28.841,44.581],[28.577,44.385],[28.536,43.994],[28.616,43.994],[28.481,43.472],[28.159,43.472],[28.226,43.342],[27.898,43.277],[27.805,43.147],[27.853,42.821],[27.847,42.756],[27.514,42.626],[27.495,42.431],[27.796,42.236],[27.924,41.911],[27.612,41.976],[27.538,42.041],[27.532,41.976]],[[27.538,42.041],[27.464,42.106],[27.458,42.041],[27.538,42.041]]],[[[5.391,43.277],[5.387,43.407],[5.063,43.472],[4.178,43.472],[4.173,43.603],[3.851,43.603],[2.985,43.147],[3.01,42.561],[3.178,42.366],[3.04,41.847],[2.698,42.366],[2.775,42.431],[2.669,43.017],[2.75,43.017],[2.741,43.212],[3.446,43.668],[4.728,43.863],[5.87,43.407],[6.594,43.407],[6.597,43.277],[6.278,43.147],[6.198,43.147],[5.796,43.147],[5.632,43.277],[5.391,43.277]]],[[[27.693,36.288],[28.017,36.482],[28.095,36.482],[28.25,36.482],[28.139,36.031],[27.743,35.902],[27.693,36.288]]],[[[28.241,37.384],[28.304,37.19],[28.226,37.19],[28.221,37.126],[27.598,37.126],[27.608,37.255],[27.612,37.319],[28.241,37.384]]],[[[28.018,40.355],[28.097,40.355],[28.103,40.42],[28.182,40.42],[28.17,40.291],[27.696,40.291],[27.701,40.355],[27.781,40.355],[27.786,40.42],[27.792,40.485],[27.871,40.485],[27.95,40.485],[27.945,40.42],[27.939,40.355],[28.018,40.355]]],[[[40.46,41.003],[40.598,40.874],[40.578,40.744],[40.409,40.679],[39.616,40.679],[39.398,40.809],[39.002,40.809],[38.824,40.679],[37.873,40.679],[37.355,40.938],[36.509,41.133],[36.527,41.263],[36.607,41.263],[36.775,41.327],[37.065,41.133],[37.233,41.198],[37.215,41.068],[37.771,41.068],[37.831,40.938],[38.158,41.003],[38.298,40.874],[38.952,41.003],[38.962,41.068],[39.21,41.133],[39.736,40.938],[40.381,41.003],[40.46,41.003]]],[[[28.285,41.522],[28.279,41.457],[28.976,41.263],[28.963,41.133],[29.367,41.198],[29.255,40.874],[29.103,40.938],[29.116,41.068],[28.639,41.068],[28.56,41.068],[28.163,41.068],[28.083,41.068],[28.206,41.522],[28.285,41.522]]],[[[31.592,41.198],[31.512,41.198],[31.361,41.263],[31.693,41.392],[31.592,41.198]]],[[[35.006,41.782],[35.015,41.847],[34.793,41.976],[35.121,42.041],[35.086,41.782],[35.006,41.782]]],[[[40.416,43.147],[40.219,43.407],[39.978,43.407],[39.63,43.733],[40.414,43.603],[40.322,43.538],[40.38,43.407],[41.15,43.212],[41.208,43.082],[41.437,43.017],[41.414,42.886],[41.334,42.886],[41.173,42.886],[41.116,43.017],[40.817,43.147],[40.416,43.147]]],[[[40.033,43.733],[39.953,43.733],[39.964,43.798],[40.045,43.798],[40.033,43.733]]],[[[34.376,44.777],[33.926,44.451],[33.449,44.516],[33.61,45.104],[33.459,45.187],[33.78,45.155],[33.917,44.973],[34.986,45.3],[35.02,45.3],[35.183,45.3],[35.154,45.104],[35.235,45.104],[35.125,44.908],[34.376,44.777]]],[[[31.567,46.94],[31.533,46.677],[30.877,46.677],[30.298,45.955],[30.045,45.89],[29.859,45.693],[29.614,45.693],[29.644,45.955],[30.189,46.415],[30.271,46.415],[30.458,46.612],[31.065,46.874],[31.082,47.006],[31.567,46.94]]]]}},{"type":"Feature","id":"cliopatria-b7c856877e38eca0e7063484","properties":{"NAME":"Illyrian Kingdom","ABBREVN":null,"CONTROL":null,"SUBJECTO":"Illyrian Kingdom","PARTOF":null,"BORDERPRECISION":1,"FromYear":-230,"ToYear":-226,"Area":46106.19460190431,"Type":"POLITY","Wikipedia":"Illyrian kingdom","Wikidata":"Q16084290","SeshatID":"","Components":"","MemberOf":"","sourceFeatureId":"cliopatria-b7c856877e38eca0e7063484","datasetId":"cliopatria"},"geometry":{"type":"MultiPolygon","coordinates":[[[[19.912,39.579],[19.758,39.644],[19.764,39.773],[19.921,39.773],[19.918,39.708],[19.912,39.579]]],[[[20.236,42.821],[20.149,42.691],[20.309,42.691],[20.382,42.561],[20.626,42.626],[20.619,42.496],[21.08,42.171],[21.16,42.171],[21.125,41.587],[20.63,41.263],[20.619,41.068],[21.074,40.679],[20.572,40.161],[20.493,40.161],[20.427,40.42],[20.19,40.42],[19.733,40.809],[19.334,40.744],[19.498,40.874],[19.438,41.263],[19.523,41.392],[19.444,41.392],[19.53,41.522],[19.45,41.522],[19.542,41.782],[18.852,42.366],[18.143,42.626],[17.992,42.821],[17.593,42.886],[17.508,42.756],[17.516,42.951],[17.355,42.951],[17.365,43.212],[17.526,43.212],[17.534,43.407],[17.783,43.603],[18.106,43.603],[18.344,43.538],[18.574,43.277],[18.738,43.342],[18.812,43.212],[19.13,43.147],[19.204,43.017],[19.605,43.017],[19.522,42.951],[19.595,42.821],[19.675,42.821],[20.236,42.821]]],[[[17.365,43.212],[17.122,43.147],[17.127,43.277],[17.288,43.277],[17.29,43.342],[17.365,43.212]]],[[[18.815,43.277],[18.818,43.342],[18.898,43.342],[18.895,43.277],[18.815,43.277]]]]}},{"type":"Feature","id":"cliopatria-13e6a794a57b75d33ee128a0","properties":{"NAME":"Qin","ABBREVN":null,"CONTROL":null,"SUBJECTO":"Qin","PARTOF":"(Warring States China)","BORDERPRECISION":1,"FromYear":-230,"ToYear":-226,"Area":730803.5885747395,"Type":"POLITY","Wikipedia":"Qin (state)","Wikidata":"Q1471995","SeshatID":"","Components":"","MemberOf":"(Warring States China)","sourceFeatureId":"cliopatria-13e6a794a57b75d33ee128a0","datasetId":"cliopatria"},"geometry":{"type":"MultiPolygon","coordinates":[[[[110.303,29.987],[109.617,29.729],[109.406,29.537],[109.274,29.601],[109.16,29.472],[108.667,29.344],[108.629,29.215],[108.497,29.279],[107.459,28.83],[106.028,28.572],[106.069,28.444],[105.129,28.315],[104.066,28.572],[103.898,28.508],[103.857,28.637],[102.927,28.83],[102.602,29.022],[101.48,29.344],[101.44,29.472],[101.156,29.537],[100.982,29.729],[101.019,29.858],[100.828,29.987],[100.865,30.115],[100.674,30.244],[100.673,30.501],[100.598,30.501],[100.982,31.272],[101.836,32.043],[102.158,32.557],[102.312,33.457],[102.235,33.457],[102.325,33.715],[102.248,33.715],[102.409,34.165],[103.094,34.358],[103.379,34.293],[103.479,34.358],[103.497,34.615],[104.133,34.872],[106.185,35.387],[106.493,35.58],[106.803,35.58],[106.854,35.709],[107.061,35.645],[108.069,36.031],[109.367,36.353],[109.422,36.482],[109.81,36.482],[110.698,36.739],[110.754,36.868],[110.882,36.804],[111.434,36.997],[114.081,39.126],[114.113,39.191],[114.271,39.191],[114.336,39.32],[114.808,39.32],[114.359,38.739],[113.887,38.416],[113.702,38.029],[113.78,38.029],[113.634,37.384],[113.916,37.319],[113.935,37.19],[113.721,37.062],[112.282,36.804],[111.973,36.095],[112.051,36.095],[111.91,35.58],[112.916,35.58],[112.939,35.451],[113.093,35.451],[113.066,35.387],[112.32,35.451],[112.186,35.13],[113.422,35.13],[113.476,35.258],[113.708,35.258],[114.476,35.065],[114.499,34.937],[113.674,34.808],[113.44,34.615],[111.359,34.615],[110.717,34.744],[110.769,34.293],[111.129,34.036],[111.158,33.715],[111.7,33.329],[111.651,33.2],[111.784,32.943],[111.712,32.75],[111.841,32.686],[111.905,32.236],[112.034,32.172],[111.988,32.043],[112.117,31.979],[112.071,31.85],[112.285,31.593],[112.271,31.336],[112.4,31.272],[112.356,31.143],[112.518,30.951],[110.379,29.987],[110.303,29.987]]]]}},{"type":"Feature","id":"cliopatria-7c0c722dcbf6fefdd4bf9ffd","properties":{"NAME":"Roman Republic","ABBREVN":null,"CONTROL":null,"SUBJECTO":"Roman Republic","PARTOF":null,"BORDERPRECISION":1,"FromYear":-230,"ToYear":-226,"Area":176055.7913062336,"Type":"POLITY","Wikipedia":"Roman Republic","Wikidata":"Q175881","SeshatID":"it_roman_rep_2","Components":"","MemberOf":"","sourceFeatureId":"cliopatria-7c0c722dcbf6fefdd4bf9ffd","datasetId":"cliopatria"},"geometry":{"type":"MultiPolygon","coordinates":[[[[9.502,41.198],[9.822,40.744],[9.823,40.355],[9.665,40.291],[9.747,39.644],[9.669,39.644],[9.593,39.126],[9.12,39.191],[8.966,38.868],[8.73,38.868],[8.336,38.997],[8.412,39.256],[8.333,39.256],[8.33,39.514],[8.409,39.514],[8.483,39.902],[8.325,39.967],[8.4,40.291],[8.321,40.291],[8.319,40.485],[8.16,40.55],[8.155,40.938],[8.552,40.874],[9.025,41.263],[9.104,41.263],[9.502,41.198]]],[[[14.769,42.171],[14.766,42.041],[14.924,41.976],[15.165,42.041],[15.241,41.911],[16.119,41.911],[16.115,41.782],[15.874,41.717],[15.944,41.392],[17.203,41.003],[17.511,40.744],[17.981,40.614],[18.438,40.161],[18.349,39.902],[18.112,39.902],[17.813,40.355],[17.418,40.355],[17.345,40.55],[17.028,40.55],[16.868,40.485],[16.945,40.42],[16.862,40.291],[16.624,40.291],[16.697,40.096],[16.457,39.967],[16.447,39.644],[16.916,39.514],[17.07,39.385],[17.138,39.062],[16.502,38.803],[16.492,38.416],[15.933,37.964],[15.698,37.964],[15.624,38.158],[15.389,38.158],[15.066,37.642],[15.062,37.384],[15.06,37.319],[14.432,36.997],[14.354,36.997],[14.123,37.19],[13.578,37.255],[13.192,37.577],[12.49,37.706],[12.492,37.9],[12.65,38.093],[13.04,38.029],[13.12,38.158],[13.355,38.158],[13.665,37.964],[14.056,37.964],[15.862,38.287],[15.95,38.674],[16.265,38.739],[16.27,38.933],[16.117,39.062],[15.899,39.773],[15.666,39.902],[15.748,40.032],[15.432,40.032],[15.199,40.226],[15.041,40.226],[14.893,40.679],[14.418,40.679],[14.422,40.874],[14.105,40.874],[13.951,41.133],[13.792,41.133],[13.715,41.263],[13,41.327],[12.131,41.911],[12.132,42.041],[11.813,42.106],[11.655,42.366],[11.495,42.301],[11.415,42.431],[11.255,42.431],[11.176,42.626],[11.016,42.626],[11.016,42.821],[10.535,43.082],[10.293,43.798],[11.825,43.733],[11.745,43.863],[11.908,44.059],[12.474,44.124],[12.873,43.798],[13.036,43.863],[13.034,43.733],[13.355,43.668],[13.673,43.407],[13.747,43.082],[13.985,42.951],[13.901,42.756],[14.292,42.301],[14.372,42.301],[14.608,42.106],[14.769,42.171]]],[[[9.492,43.017],[9.493,42.756],[9.574,42.756],[9.578,41.976],[9.498,41.976],[9.499,41.782],[9.262,41.392],[9.104,41.327],[8.784,41.522],[8.782,41.717],[8.623,41.717],[8.7,41.911],[8.539,42.106],[8.535,42.496],[8.773,42.691],[9.173,42.756],[9.251,43.017],[9.331,43.017],[9.492,43.017]]],[[[10.455,42.886],[10.455,42.691],[10.215,42.691],[10.134,42.886],[10.214,42.886],[10.455,42.886]]]]}},{"type":"Feature","id":"cliopatria-46385c8b8d29d928a9c0f971","properties":{"NAME":"Zhao","ABBREVN":null,"CONTROL":null,"SUBJECTO":"Zhao","PARTOF":"(Warring States China)","BORDERPRECISION":1,"FromYear":-230,"ToYear":-226,"Area":60219.400518685114,"Type":"POLITY","Wikipedia":"Zhao (state)","Wikidata":"Q1574107","SeshatID":"","Components":"","MemberOf":"(Warring States China)","sourceFeatureId":"cliopatria-46385c8b8d29d928a9c0f971","datasetId":"cliopatria"},"geometry":{"type":"MultiPolygon","coordinates":[[[[115.598,36.224],[115.675,36.224],[115.512,36.031],[114.856,35.773],[114.801,35.645],[115.076,35.387],[114.994,35.194],[114.499,34.937],[114.476,35.065],[113.708,35.258],[113.476,35.258],[113.422,35.13],[112.186,35.13],[112.32,35.451],[113.066,35.387],[113.093,35.451],[112.939,35.451],[112.916,35.58],[111.91,35.58],[112.051,36.095],[111.973,36.095],[112.282,36.804],[113.721,37.062],[113.935,37.19],[114.199,37.255],[114.169,37.19],[114.607,37.126],[115.146,37.448],[114.948,37.19],[114.907,36.933],[116.123,36.868],[115.607,36.417],[115.598,36.224]]]]}},{"type":"Feature","id":"cliopatria-79e96fdb24e2b7985965ca86","properties":{"NAME":"Carthage","ABBREVN":null,"CONTROL":null,"SUBJECTO":"Carthage","PARTOF":null,"BORDERPRECISION":1,"FromYear":-230,"ToYear":-219,"Area":346282.1173036702,"Type":"POLITY","Wikipedia":"Ancient Carthage","Wikidata":"Q2429397","SeshatID":"tn_carthage_emp","Components":"","MemberOf":"","sourceFeatureId":"cliopatria-79e96fdb24e2b7985965ca86","datasetId":"cliopatria"},"geometry":{"type":"MultiPolygon","coordinates":[[[[11.083,35.58],[11.083,35.387],[11.006,35.387],[11.083,35.001],[10.851,34.937],[10.851,34.808],[10.543,34.551],[10.004,34.293],[10.082,34.229],[10.006,33.907],[10.237,33.715],[10.544,33.715],[10.698,33.522],[11.082,33.586],[11.158,33.2],[11.464,33.2],[12.229,32.814],[12.612,32.879],[12.535,32.75],[12.841,32.75],[12.842,32.879],[13.302,32.943],[13.454,32.814],[13.761,32.879],[13.759,32.75],[14.065,32.75],[14.444,32.493],[14.675,32.557],[14.749,32.429],[15.055,32.429],[15.282,32.3],[15.425,31.658],[15.576,31.593],[15.649,31.4],[16.179,31.208],[16.864,31.208],[17.847,30.951],[18.222,30.758],[18.592,30.372],[18.896,30.372],[18.814,30.115],[18.586,30.115],[18.216,30.501],[17.161,30.886],[15.569,31.143],[15.193,31.465],[15.05,32.107],[14.899,32.236],[14.517,32.172],[14.443,32.365],[13.758,32.622],[11.998,32.622],[12.076,32.75],[11.617,32.943],[11.081,32.879],[10.698,33.136],[10.468,33.136],[10.468,33.264],[9.854,33.393],[9.624,33.329],[9.547,33.522],[9.316,33.586],[9.083,34.036],[8.929,34.036],[9.003,34.358],[8.926,34.358],[8.846,34.744],[8.459,34.872],[8.229,34.808],[8.073,34.937],[7.906,35.966],[7.828,35.966],[7.902,36.224],[7.586,36.61],[6.965,36.61],[6.889,36.482],[6.422,36.546],[6.347,36.417],[5.879,36.482],[5.649,36.353],[2.775,36.417],[2.316,36.224],[2.003,36.288],[2.008,36.16],[1.155,36.16],[1.005,36.031],[0.772,36.031],[0.479,35.645],[-0.292,35.58],[-1.04,35.065],[-1.198,35.13],[-1.346,35.001],[-1.806,34.937],[-1.876,34.808],[-2.809,34.937],[-4.734,34.872],[-4.743,35.001],[-5.214,35.13],[-5.39,35.451],[-5.627,35.516],[-5.9,35.001],[-5.815,34.872],[-5.969,34.872],[-6.242,34.358],[-6.157,34.229],[-6.31,34.229],[-6.601,33.972],[-6.592,33.843],[-6.814,33.715],[-6.728,33.586],[-7.184,33.522],[-7.474,33.264],[-7.875,33.522],[-7.13,33.843],[-7.062,33.972],[-6.904,33.907],[-6.614,34.165],[-6.7,34.293],[-6.473,34.358],[-6.482,34.486],[-6.332,34.551],[-6.277,34.872],[-6.2,34.872],[-6.291,35.065],[-6.132,35.001],[-6.145,35.194],[-6,35.323],[-5.877,35.773],[-5.339,35.838],[-5.24,35.516],[-4.755,35.194],[-3.132,35.194],[-2.982,35.258],[-2.993,35.451],[-2.838,35.451],[-2.82,35.13],[-2.662,35.065],[-1.89,35.065],[-1.591,35.258],[-1.359,35.258],[-1.136,35.451],[-1.224,35.645],[-1.066,35.58],[-0.917,35.709],[-0.53,35.709],[-0.459,35.838],[0.084,35.838],[0.376,36.224],[0.684,36.288],[0.678,36.417],[0.914,36.353],[1.216,36.546],[1.53,36.482],[2.377,36.675],[2.69,36.61],[2.841,36.739],[3.23,36.739],[3.459,36.868],[3.85,36.804],[4.469,36.933],[4.859,36.868],[5.098,36.675],[5.564,36.675],[5.639,36.804],[6.106,36.804],[6.103,36.933],[6.334,37.062],[6.805,36.868],[7.194,36.868],[7.346,37.062],[7.502,37.062],[7.738,36.868],[8.516,36.868],[8.903,37.126],[9.059,37.062],[9.603,37.319],[9.993,37.19],[10.227,37.255],[10.228,37.062],[10.305,37.062],[10.228,36.804],[10.54,36.739],[10.851,36.997],[11.006,36.997],[11.006,36.804],[10.462,36.417],[10.54,36.353],[10.464,35.902],[10.696,35.709],[10.851,35.773],[10.851,35.645],[10.928,35.645],[11.083,35.58]]],[[[14.568,35.773],[14.337,35.838],[14.34,36.031],[14.417,36.031],[14.571,35.966],[14.568,35.773]]],[[[-0.705,37.642],[-1.709,37.448],[-1.623,37.319],[-1.857,37.319],[-2.062,36.804],[-2.532,36.868],[-2.68,36.739],[-4.469,36.739],[-4.689,36.546],[-5.228,36.482],[-5.288,36.224],[-5.516,36.16],[-5.585,36.031],[-5.831,36.224],[-6.064,36.224],[-6.432,36.997],[-6.588,36.997],[-6.842,37.255],[-7.465,37.255],[-7.554,37.384],[-7.575,37.642],[-7.284,37.9],[-7.222,38.093],[-6.011,38.61],[-5.87,38.803],[-5.482,38.868],[-4.746,39.514],[-4.204,39.644],[-4.135,39.773],[-3.671,39.902],[-3.295,40.161],[-2.979,40.161],[-2.909,40.291],[-2.509,40.226],[-1.651,40.42],[-1.078,40.096],[-1.145,39.902],[-0.646,39.45],[-0.567,39.45],[-0.539,38.933],[-0.378,38.868],[-0.204,38.545],[-0.283,38.545],[-0.661,38.287],[-0.803,38.029],[-0.705,37.642]]],[[[1.652,39.126],[1.658,38.997],[1.431,38.803],[1.274,38.803],[1.183,39.062],[1.259,39.126],[1.337,39.126],[1.652,39.126]]],[[[3.198,39.838],[3.516,39.773],[3.296,39.32],[2.824,39.32],[2.659,39.514],[2.346,39.45],[2.338,39.644],[2.877,39.967],[2.956,39.967],[3.193,39.967],[3.198,39.838]]],[[[4.302,39.838],[3.827,39.902],[3.741,40.096],[3.82,40.096],[4.215,40.096],[4.302,39.838]]]]}},{"type":"Feature","id":"cliopatria-0d24316ceff85893d110e1f2","properties":{"NAME":"Kingdom of Armenia","ABBREVN":null,"CONTROL":null,"SUBJECTO":"Kingdom of Armenia","PARTOF":null,"BORDERPRECISION":1,"FromYear":-230,"ToYear":-211,"Area":224603.3037351129,"Type":"POLITY","Wikipedia":"Kingdom of Armenia (antiquity)","Wikidata":"Q208404","SeshatID":"","Components":"","MemberOf":"","sourceFeatureId":"cliopatria-0d24316ceff85893d110e1f2","datasetId":"cliopatria"},"geometry":{"type":"MultiPolygon","coordinates":[[[[45.124,41.327],[45.259,41.198],[45.235,41.068],[45.473,41.068],[45.675,40.874],[45.492,40.744],[45.524,40.485],[46.493,40.161],[46.537,39.967],[46.774,39.967],[47.054,39.773],[47.381,39.838],[47.515,39.708],[48.304,39.708],[48.673,39.579],[48.806,39.45],[48.782,39.32],[48.928,39.256],[48.742,38.674],[48.821,38.674],[48.807,38.158],[48.795,38.093],[48.326,38.093],[47.252,38.674],[46.121,38.481],[45.854,38.287],[45.635,37.9],[45.224,37.771],[45.174,37.448],[45.252,37.448],[45.29,37.19],[45.446,37.19],[45.251,36.933],[44.871,36.997],[44.745,37.19],[44.774,37.384],[44.413,37.577],[43.945,37.577],[42.508,37.9],[41.961,37.9],[41.667,38.029],[40.572,38.029],[40.598,38.222],[40.52,38.222],[40.514,38.739],[40.658,39.191],[40.51,39.256],[40.478,39.579],[39.848,39.579],[39.751,39.45],[39.209,39.514],[38.954,39.385],[38.745,39.579],[38.93,39.773],[38.79,39.902],[40.398,40.096],[40.507,40.291],[40.754,40.355],[40.774,40.485],[40.567,40.679],[41.005,40.938],[40.995,40.874],[41.122,40.679],[41.36,40.679],[41.535,41.263],[42.25,41.263],[42.363,41.457],[42.295,41.522],[42.533,41.522],[42.556,41.652],[43.784,41.392],[44.034,41.457],[44.237,41.263],[45.044,41.327],[45.124,41.327]]],[[[47.066,39.838],[47.077,39.902],[47.156,39.902],[47.145,39.838],[47.066,39.838]]],[[[46.92,39.902],[46.931,39.967],[47.01,39.967],[46.999,39.902],[46.92,39.902]]]]}},{"type":"Feature","id":"cliopatria-1456638df2066443266fb9fd","properties":{"NAME":"Kingdom of Pontus","ABBREVN":null,"CONTROL":null,"SUBJECTO":"Kingdom of Pontus","PARTOF":null,"BORDERPRECISION":1,"FromYear":-230,"ToYear":-171,"Area":93098.56005500077,"Type":"POLITY","Wikipedia":"Kingdom of Pontus","Wikidata":"Q7380487","SeshatID":"","Components":"","MemberOf":"","sourceFeatureId":"cliopatria-1456638df2066443266fb9fd","datasetId":"cliopatria"},"geometry":{"type":"MultiPolygon","coordinates":[[[[35.865,41.652],[35.954,41.717],[36.095,41.587],[36.209,41.263],[36.448,41.263],[36.527,41.263],[36.509,41.133],[37.355,40.938],[37.873,40.679],[38.824,40.679],[39.002,40.809],[39.398,40.809],[39.616,40.679],[40.409,40.679],[40.578,40.744],[40.598,40.874],[40.46,41.003],[40.539,41.003],[41.047,41.198],[41.238,41.392],[41.354,41.133],[41.084,40.938],[41.005,40.938],[40.567,40.679],[40.774,40.485],[40.754,40.355],[40.507,40.291],[40.398,40.096],[38.79,39.902],[38.93,39.773],[38.745,39.579],[38.954,39.385],[38.927,39.191],[38.752,39.062],[37.861,39.45],[36.933,39.579],[35.435,39.579],[35.294,39.708],[34.828,39.773],[34.536,39.967],[34.568,40.226],[34.6,40.485],[34.379,40.614],[34.403,40.809],[34.26,40.938],[34.406,41.457],[34.335,41.522],[33.308,41.587],[33.133,41.457],[32.656,41.457],[32.307,41.198],[32.258,41.457],[32.114,41.587],[32.193,41.587],[32.695,41.782],[32.631,41.911],[32.862,41.847],[33.277,41.976],[34.474,41.976],[34.944,41.911],[35.308,41.652],[35.785,41.652],[35.865,41.652]]],[[[40.391,41.068],[40.47,41.068],[40.46,41.003],[40.381,41.003],[40.391,41.068]]]]}},{"type":"Feature","id":"cliopatria-866df7bbd67af55e84042248","properties":{"NAME":"Cimmerian Bosporus","ABBREVN":null,"CONTROL":null,"SUBJECTO":"Cimmerian Bosporus","PARTOF":null,"BORDERPRECISION":1,"FromYear":-230,"ToYear":-92,"Area":24828.264958860225,"Type":"POLITY","Wikipedia":"Bosporan Kingdom","Wikidata":"Q321371","SeshatID":"","Components":"","MemberOf":"","sourceFeatureId":"cliopatria-866df7bbd67af55e84042248","datasetId":"cliopatria"},"geometry":{"type":"MultiPolygon","coordinates":[[[[36.087,45.366],[36.423,45.431],[36.373,45.104],[35.875,45.039],[35.732,45.17],[35.407,45.17],[35.388,45.039],[35.216,44.973],[35.235,45.104],[35.154,45.104],[35.183,45.3],[36.006,45.366],[36.087,45.366]]],[[[39.093,46.283],[38.862,45.89],[38.699,45.89],[38.388,45.497],[38.117,44.843],[37.934,44.712],[37.528,44.712],[37.256,45.039],[36.779,45.104],[36.749,45.431],[36.912,45.431],[36.972,45.3],[37.704,45.3],[37.747,45.562],[37.595,45.628],[37.758,45.628],[37.893,45.955],[38.335,46.152],[38.368,46.349],[37.899,46.48],[37.839,46.612],[38.495,46.612],[38.622,46.874],[38.786,46.874],[38.892,47.006],[39.22,47.006],[39.197,47.335],[38.35,47.203],[38.49,47.532],[39.244,47.598],[39.715,47.466],[39.737,47.137],[39.549,47.006],[39.596,46.809],[39.432,46.809],[39.291,46.48],[39.105,46.349],[39.093,46.283]]]]}},{"type":"Feature","id":"cliopatria-9c9bae235e74807e48a288e3","properties":{"NAME":"(Warring States China)","ABBREVN":null,"CONTROL":null,"SUBJECTO":"(Warring States China)","PARTOF":null,"BORDERPRECISION":1,"FromYear":-225,"ToYear":-224,"Area":1632941.3110133104,"Type":"POLITY","Wikipedia":"Warring States Period","Wikidata":"Q185063","SeshatID":"","Components":"Qin;Yan;Wei;Qi;Chu","MemberOf":"","sourceFeatureId":"cliopatria-9c9bae235e74807e48a288e3","datasetId":"cliopatria"},"geometry":{"type":"MultiPolygon","coordinates":[[[[119.228,34.808],[119.459,34.808],[119.431,34.744],[119.711,34.679],[119.732,34.551],[120.342,34.358],[120.489,34.165],[120.55,33.586],[120.926,33.2],[120.919,32.622],[121.403,32.493],[121.503,32.172],[121.783,32.107],[121.987,31.85],[121.836,31.658],[121.301,31.85],[120.919,31.85],[121.454,31.658],[121.481,31.529],[121.634,31.529],[121.584,31.4],[121.737,31.4],[121.995,31.079],[121.899,30.822],[121.519,30.822],[120.801,30.308],[120.725,30.308],[120.521,30.372],[119.703,29.987],[118.36,29.601],[116.736,29.729],[116.27,29.922],[116.129,30.179],[116.151,30.244],[116.119,30.372],[115.685,30.436],[115.208,30.372],[114.872,30.501],[114.113,30.501],[113.951,30.244],[113.584,30.051],[113.267,29.537],[112.904,29.344],[111.996,29.344],[111.809,29.472],[111.299,29.537],[110.662,29.922],[110.359,29.922],[110.379,29.987],[110.303,29.987],[109.617,29.729],[109.406,29.537],[109.274,29.601],[109.16,29.472],[108.667,29.344],[108.629,29.215],[108.497,29.279],[107.459,28.83],[106.028,28.572],[106.069,28.444],[105.129,28.315],[104.066,28.572],[103.898,28.508],[103.857,28.637],[102.927,28.83],[102.602,29.022],[101.48,29.344],[101.44,29.472],[101.156,29.537],[100.982,29.729],[101.019,29.858],[100.828,29.987],[100.865,30.115],[100.674,30.244],[100.673,30.501],[100.598,30.501],[100.982,31.272],[101.836,32.043],[102.158,32.557],[102.312,33.457],[102.235,33.457],[102.325,33.715],[102.248,33.715],[102.409,34.165],[103.094,34.358],[103.379,34.293],[103.479,34.358],[103.497,34.615],[104.133,34.872],[106.185,35.387],[106.493,35.58],[106.803,35.58],[106.854,35.709],[107.061,35.645],[108.069,36.031],[109.367,36.353],[109.422,36.482],[109.81,36.482],[110.698,36.739],[110.754,36.868],[110.882,36.804],[111.434,36.997],[114.081,39.126],[114.113,39.191],[114.146,39.256],[114.054,39.385],[113.897,39.385],[113.93,39.45],[113.772,39.45],[113.805,39.514],[113.083,39.644],[113.116,39.708],[112.17,39.708],[112.236,39.838],[112.111,39.902],[112.742,40.355],[113.093,40.42],[114.596,40.42],[114.527,40.291],[115.159,40.291],[115.292,40.096],[115.371,40.096],[115.55,39.838],[116.102,39.838],[116.951,40.096],[117.03,40.096],[117.066,40.161],[117.567,40.355],[118.705,40.55],[118.778,40.679],[119.174,40.679],[122.928,41.911],[123.167,41.911],[123.127,41.847],[123.405,41.782],[123.365,41.717],[123.604,41.717],[123.564,41.652],[123.843,41.587],[123.803,41.522],[124.042,41.522],[124.002,41.457],[124.757,41.133],[124.837,41.133],[124.412,40.291],[123.871,39.902],[123.876,39.773],[123.597,39.838],[122.936,39.644],[122.17,39.256],[121.952,38.997],[121.716,38.997],[121.422,38.739],[121.029,38.739],[121.201,39.062],[121.515,39.062],[121.69,39.385],[121.297,39.385],[121.21,39.514],[121.281,39.644],[121.438,39.644],[121.503,39.902],[121.776,39.967],[122.231,40.485],[122.106,40.679],[121.827,40.744],[121.824,40.874],[121.11,40.874],[120.997,40.679],[120.647,40.485],[120.5,40.226],[119.38,39.773],[119.215,39.32],[118.45,39.062],[118.057,39.062],[118.046,39.191],[117.888,39.191],[117.676,38.933],[117.622,38.674],[117.602,38.481],[118.054,38.287],[118.067,38.158],[118.583,38.093],[118.648,38.222],[118.804,38.222],[118.772,38.158],[119.131,38.093],[119.209,38.093],[119.177,38.029],[119.457,37.964],[119.393,37.835],[119.237,37.835],[118.984,37.319],[119.14,37.319],[119.156,37.19],[119.701,37.19],[119.827,37.448],[120.202,37.577],[120.188,37.706],[120.754,37.9],[121.112,37.835],[121.171,37.642],[121.483,37.642],[121.497,37.513],[122.154,37.577],[122.121,37.513],[122.713,37.448],[122.442,37.062],[122.566,36.997],[122.503,36.868],[122.161,36.804],[122.146,36.933],[121.912,36.933],[121.212,36.61],[120.979,36.61],[120.965,36.417],[120.732,36.417],[120.659,36.095],[120.318,36.031],[120.075,35.838],[120.045,35.773],[120.016,35.709],[119.619,35.516],[119.228,34.808]]]]}},{"type":"Feature","id":"cliopatria-0fce45f30b04a036df46746c","properties":{"NAME":"Chu","ABBREVN":null,"CONTROL":null,"SUBJECTO":"Chu","PARTOF":"(Warring States China)","BORDERPRECISION":1,"FromYear":-225,"ToYear":-224,"Area":529864.2727618217,"Type":"POLITY","Wikipedia":"Chu (state)","Wikidata":"Q504759","SeshatID":"cn_chu_k_warring_states","Components":"","MemberOf":"(Warring States China)","sourceFeatureId":"cliopatria-0fce45f30b04a036df46746c","datasetId":"cliopatria"},"geometry":{"type":"MultiPolygon","coordinates":[[[[120.016,35.709],[119.619,35.516],[119.228,34.808],[119.459,34.808],[119.431,34.744],[119.711,34.679],[119.732,34.551],[120.342,34.358],[120.489,34.165],[120.55,33.586],[120.926,33.2],[120.919,32.622],[121.403,32.493],[121.503,32.172],[121.783,32.107],[121.987,31.85],[121.836,31.658],[121.301,31.85],[120.919,31.85],[121.454,31.658],[121.481,31.529],[121.634,31.529],[121.584,31.4],[121.737,31.4],[121.995,31.079],[121.899,30.822],[121.519,30.822],[120.801,30.308],[120.725,30.308],[120.521,30.372],[119.703,29.987],[118.36,29.601],[116.736,29.729],[116.27,29.922],[116.129,30.179],[116.151,30.244],[116.119,30.372],[115.685,30.436],[115.208,30.372],[114.872,30.501],[114.113,30.501],[113.951,30.244],[113.584,30.051],[113.267,29.537],[112.904,29.344],[111.996,29.344],[111.809,29.472],[111.299,29.537],[110.662,29.922],[110.359,29.922],[110.379,29.987],[112.518,30.951],[112.356,31.143],[112.4,31.272],[112.271,31.336],[112.285,31.593],[112.071,31.85],[112.117,31.979],[111.988,32.043],[112.034,32.172],[111.905,32.236],[111.841,32.686],[111.712,32.75],[111.784,32.943],[111.651,33.2],[111.7,33.329],[111.158,33.715],[111.129,34.036],[110.769,34.293],[110.717,34.744],[111.359,34.615],[113.44,34.615],[113.674,34.808],[114.472,34.872],[114.994,35.194],[115.076,35.387],[114.801,35.645],[114.856,35.773],[115.512,36.031],[115.675,36.224],[116.752,36.031],[116.899,35.838],[117.693,35.709],[117.664,35.645],[118.264,35.773],[120.045,35.773],[120.016,35.709]]]]}},{"type":"Feature","id":"cliopatria-5e329227f52e25317a46f441","properties":{"NAME":"Greek City-States","ABBREVN":null,"CONTROL":null,"SUBJECTO":"Greek City-States","PARTOF":null,"BORDERPRECISION":1,"FromYear":-225,"ToYear":-224,"Area":87381.38379918285,"Type":"POLITY","Wikipedia":"Polis","Wikidata":"Q148837","SeshatID":"","Components":"","MemberOf":"","sourceFeatureId":"cliopatria-5e329227f52e25317a46f441","datasetId":"cliopatria"},"geometry":{"type":"MultiPolygon","coordinates":[[[[24.157,35.516],[24.15,35.387],[24.301,35.323],[25.692,35.323],[25.681,35.13],[26.225,35.194],[26.14,35.065],[24.824,35.001],[24.757,35.194],[24.526,35.194],[24.448,35.194],[23.679,35.258],[23.615,35.516],[24.157,35.516]]],[[[22.887,36.417],[22.965,36.417],[23.117,36.353],[23.107,36.16],[22.874,36.16],[22.887,36.417]]],[[[14.432,36.997],[15.06,37.319],[15.059,37.255],[15.137,37.255],[15.136,37.19],[15.214,37.19],[15.213,37.126],[15.05,36.739],[14.661,36.739],[14.431,36.933],[14.432,36.997]]],[[[22.833,36.868],[22.599,36.868],[22.512,36.675],[22.356,36.675],[22.22,37.062],[21.909,37.062],[21.899,36.868],[21.744,36.868],[21.681,37.19],[21.603,37.19],[21.693,37.448],[21.697,37.513],[22.087,37.513],[22.236,37.384],[22.321,37.513],[22.399,37.513],[22.853,37.255],[23.056,36.675],[22.833,36.868]]],[[[21.631,37.771],[21.397,37.771],[21.319,37.771],[21.322,37.835],[21.244,37.835],[21.247,37.9],[21.25,37.964],[21.328,37.964],[21.331,38.029],[21.334,38.093],[21.412,38.093],[21.637,37.9],[21.631,37.771]]],[[[20.328,38.351],[20.488,38.416],[20.566,38.416],[20.795,38.287],[20.786,38.093],[20.32,38.158],[20.328,38.351]]],[[[25.876,38.158],[25.899,38.481],[25.821,38.481],[25.913,38.674],[25.991,38.674],[26.217,38.545],[26.111,38.158],[25.876,38.158]]],[[[22.525,38.416],[22.447,38.416],[22.547,38.803],[22.39,38.803],[22.397,38.933],[22.561,39.062],[22.794,38.997],[22.786,38.868],[22.943,38.868],[22.939,38.803],[23.313,38.481],[23.705,38.481],[24.084,38.287],[23.979,37.835],[23.443,38.029],[23.365,38.029],[23.216,38.158],[22.981,38.158],[22.988,38.287],[22.525,38.416]]],[[[21.062,38.933],[21.14,38.933],[21.291,38.803],[21.35,38.416],[21.272,38.416],[21.193,38.416],[21.196,38.481],[20.898,38.803],[20.741,38.803],[20.829,38.997],[21.062,38.933]]],[[[-0.314,39.126],[0.096,38.803],[-0.126,38.545],[-0.204,38.545],[-0.378,38.868],[-0.539,38.933],[-0.567,39.45],[-0.571,39.514],[-0.514,39.902],[-0.202,39.967],[-0.345,39.708],[-0.314,39.126]]],[[[24.491,40.809],[24.57,40.809],[24.808,40.809],[24.794,40.614],[24.551,40.55],[24.491,40.809]]],[[[27.378,42.041],[27.384,42.106],[27.464,42.106],[27.317,42.236],[27.329,42.366],[27.175,42.431],[27.193,42.626],[27.657,43.277],[27.998,43.472],[28.119,43.863],[28.3,44.059],[28.341,44.451],[28.422,44.451],[28.368,44.712],[28.64,44.973],[28.802,44.973],[28.841,44.581],[28.577,44.385],[28.536,43.994],[28.616,43.994],[28.481,43.472],[28.159,43.472],[28.226,43.342],[27.898,43.277],[27.805,43.147],[27.853,42.821],[27.847,42.756],[27.514,42.626],[27.495,42.431],[27.796,42.236],[27.924,41.911],[27.612,41.976],[27.538,42.041],[27.532,41.976],[27.452,41.976],[27.458,42.041],[27.378,42.041]],[[27.458,42.041],[27.538,42.041],[27.464,42.106],[27.458,42.041]]],[[[5.387,43.407],[5.063,43.472],[4.178,43.472],[4.173,43.603],[3.851,43.603],[2.985,43.147],[3.01,42.561],[3.178,42.366],[3.04,41.847],[2.698,42.366],[2.775,42.431],[2.669,43.017],[2.75,43.017],[2.741,43.212],[3.446,43.668],[4.728,43.863],[5.87,43.407],[6.594,43.407],[6.597,43.277],[6.278,43.147],[6.198,43.147],[5.796,43.147],[5.632,43.277],[5.391,43.277],[5.387,43.407]]],[[[27.743,35.902],[27.693,36.288],[28.017,36.482],[28.095,36.482],[28.25,36.482],[28.139,36.031],[27.743,35.902]]],[[[28.241,37.384],[28.304,37.19],[28.226,37.19],[28.221,37.126],[27.598,37.126],[27.608,37.255],[27.612,37.319],[28.241,37.384]]],[[[28.097,40.355],[28.103,40.42],[28.182,40.42],[28.17,40.291],[27.696,40.291],[27.701,40.355],[27.781,40.355],[27.786,40.42],[27.792,40.485],[27.871,40.485],[27.95,40.485],[27.945,40.42],[27.939,40.355],[28.018,40.355],[28.097,40.355]]],[[[40.381,41.003],[40.46,41.003],[40.598,40.874],[40.578,40.744],[40.409,40.679],[39.616,40.679],[39.398,40.809],[39.002,40.809],[38.824,40.679],[37.873,40.679],[37.355,40.938],[36.509,41.133],[36.527,41.263],[36.607,41.263],[36.775,41.327],[37.065,41.133],[37.233,41.198],[37.215,41.068],[37.771,41.068],[37.831,40.938],[38.158,41.003],[38.298,40.874],[38.952,41.003],[38.962,41.068],[39.21,41.133],[39.736,40.938],[40.381,41.003]]],[[[28.285,41.522],[28.279,41.457],[28.976,41.263],[28.963,41.133],[29.367,41.198],[29.255,40.874],[29.103,40.938],[29.116,41.068],[28.639,41.068],[28.56,41.068],[28.163,41.068],[28.083,41.068],[28.206,41.522],[28.285,41.522]]],[[[31.512,41.198],[31.361,41.263],[31.693,41.392],[31.592,41.198],[31.512,41.198]]],[[[35.086,41.782],[35.006,41.782],[35.015,41.847],[34.793,41.976],[35.121,42.041],[35.086,41.782]]],[[[40.416,43.147],[40.219,43.407],[39.978,43.407],[39.63,43.733],[40.414,43.603],[40.322,43.538],[40.38,43.407],[41.15,43.212],[41.208,43.082],[41.437,43.017],[41.414,42.886],[41.334,42.886],[41.173,42.886],[41.116,43.017],[40.817,43.147],[40.416,43.147]]],[[[40.033,43.733],[39.953,43.733],[39.964,43.798],[40.045,43.798],[40.033,43.733]]],[[[34.376,44.777],[33.926,44.451],[33.449,44.516],[33.61,45.104],[33.459,45.187],[33.78,45.155],[33.917,44.973],[34.986,45.3],[35.02,45.3],[35.183,45.3],[35.154,45.104],[35.235,45.104],[35.125,44.908],[34.376,44.777]]],[[[31.567,46.94],[31.533,46.677],[30.877,46.677],[30.298,45.955],[30.045,45.89],[29.859,45.693],[29.614,45.693],[29.644,45.955],[30.189,46.415],[30.271,46.415],[30.458,46.612],[31.065,46.874],[31.082,47.006],[31.567,46.94]]]]}},{"type":"Feature","id":"cliopatria-103a38929c53f692cf919199","properties":{"NAME":"Kingdom of Pergamon","ABBREVN":null,"CONTROL":null,"SUBJECTO":"Kingdom of Pergamon","PARTOF":null,"BORDERPRECISION":1,"FromYear":-225,"ToYear":-224,"Area":38422.274302952996,"Type":"POLITY","Wikipedia":"Kingdom of Pergamon","Wikidata":"Q2022162","SeshatID":"tr_pergamon_k","Components":"","MemberOf":"","sourceFeatureId":"cliopatria-103a38929c53f692cf919199","datasetId":"cliopatria"},"geometry":{"type":"MultiPolygon","coordinates":[[[[27.197,38.029],[26.889,38.093],[26.82,38.222],[26.429,38.222],[26.384,38.674],[26.536,38.61],[26.595,38.351],[27.065,38.351],[27.08,38.545],[26.849,38.61],[26.958,38.997],[26.879,38.997],[26.894,39.191],[26.742,39.256],[26.836,39.45],[26.841,39.514],[27.235,39.514],[27.409,39.708],[27.972,39.838],[28.84,39.838],[29.301,39.708],[29.315,38.997],[29.236,38.997],[29.208,38.674],[28.961,38.545],[28.861,38.287],[28.527,38.029],[28.141,38.093],[27.969,37.9],[27.73,37.835],[27.5,37.9],[27.51,38.029],[27.275,38.029],[27.197,38.029]]]]}},{"type":"Feature","id":"cliopatria-68c28579fa12c40ee075c836","properties":{"NAME":"Kingdom of Sophene","ABBREVN":null,"CONTROL":null,"SUBJECTO":"Kingdom of Sophene","PARTOF":null,"BORDERPRECISION":1,"FromYear":-225,"ToYear":-224,"Area":17020.33529793496,"Type":"POLITY","Wikipedia":"Kingdom of Sophene","Wikidata":"Q2626105","SeshatID":"","Components":"","MemberOf":"","sourceFeatureId":"cliopatria-68c28579fa12c40ee075c836","datasetId":"cliopatria"},"geometry":{"type":"MultiPolygon","coordinates":[[[[38.822,38.997],[38.744,38.997],[38.752,39.062],[38.927,39.191],[38.954,39.385],[39.209,39.514],[39.751,39.45],[39.848,39.579],[40.478,39.579],[40.51,39.256],[40.658,39.191],[40.514,38.739],[40.52,38.222],[39.45,38.416],[39.389,38.545],[39.232,38.545],[39.25,38.674],[39.11,38.803],[38.814,38.933],[38.822,38.997]]]]}},{"type":"Feature","id":"cliopatria-682732afc4c4d33ad88d73a5","properties":{"NAME":"Qin","ABBREVN":null,"CONTROL":null,"SUBJECTO":"Qin","PARTOF":"(Warring States China)","BORDERPRECISION":1,"FromYear":-225,"ToYear":-224,"Area":791622.7020003584,"Type":"POLITY","Wikipedia":"Qin (state)","Wikidata":"Q1471995","SeshatID":"","Components":"","MemberOf":"(Warring States China)","sourceFeatureId":"cliopatria-682732afc4c4d33ad88d73a5","datasetId":"cliopatria"},"geometry":{"type":"MultiPolygon","coordinates":[[[[110.303,29.987],[109.617,29.729],[109.406,29.537],[109.274,29.601],[109.16,29.472],[108.667,29.344],[108.629,29.215],[108.497,29.279],[107.459,28.83],[106.028,28.572],[106.069,28.444],[105.129,28.315],[104.066,28.572],[103.898,28.508],[103.857,28.637],[102.927,28.83],[102.602,29.022],[101.48,29.344],[101.44,29.472],[101.156,29.537],[100.982,29.729],[101.019,29.858],[100.828,29.987],[100.865,30.115],[100.674,30.244],[100.673,30.501],[100.598,30.501],[100.982,31.272],[101.836,32.043],[102.158,32.557],[102.312,33.457],[102.235,33.457],[102.325,33.715],[102.248,33.715],[102.409,34.165],[103.094,34.358],[103.379,34.293],[103.479,34.358],[103.497,34.615],[104.133,34.872],[106.185,35.387],[106.493,35.58],[106.803,35.58],[106.854,35.709],[107.061,35.645],[108.069,36.031],[109.367,36.353],[109.422,36.482],[109.81,36.482],[110.698,36.739],[110.754,36.868],[110.882,36.804],[111.434,36.997],[114.081,39.126],[114.113,39.191],[114.271,39.191],[114.336,39.32],[114.808,39.32],[114.359,38.739],[113.887,38.416],[113.702,38.029],[113.78,38.029],[113.634,37.384],[114.607,37.126],[115.146,37.448],[114.948,37.19],[114.907,36.933],[116.123,36.868],[115.607,36.417],[115.598,36.224],[115.675,36.224],[115.512,36.031],[114.856,35.773],[114.801,35.645],[115.076,35.387],[114.994,35.194],[114.472,34.872],[113.674,34.808],[113.44,34.615],[111.359,34.615],[110.717,34.744],[110.769,34.293],[111.129,34.036],[111.158,33.715],[111.7,33.329],[111.651,33.2],[111.784,32.943],[111.712,32.75],[111.841,32.686],[111.905,32.236],[112.034,32.172],[111.988,32.043],[112.117,31.979],[112.071,31.85],[112.285,31.593],[112.271,31.336],[112.4,31.272],[112.356,31.143],[112.518,30.951],[110.379,29.987],[110.303,29.987]]]]}},{"type":"Feature","id":"cliopatria-9c298fb412e7cc944b7cc6af","properties":{"NAME":"Roman Republic","ABBREVN":null,"CONTROL":null,"SUBJECTO":"Roman Republic","PARTOF":null,"BORDERPRECISION":1,"FromYear":-225,"ToYear":-224,"Area":167305.55154506458,"Type":"POLITY","Wikipedia":"Roman Republic","Wikidata":"Q175881","SeshatID":"it_roman_rep_2","Components":"","MemberOf":"","sourceFeatureId":"cliopatria-9c298fb412e7cc944b7cc6af","datasetId":"cliopatria"},"geometry":{"type":"MultiPolygon","coordinates":[[[[19.912,39.579],[19.758,39.644],[19.764,39.773],[19.921,39.773],[19.918,39.708],[19.912,39.579]]],[[[9.822,40.744],[9.823,40.355],[9.665,40.291],[9.747,39.644],[9.669,39.644],[9.593,39.126],[9.12,39.191],[8.966,38.868],[8.73,38.868],[8.336,38.997],[8.412,39.256],[8.333,39.256],[8.33,39.514],[8.409,39.514],[8.483,39.902],[8.325,39.967],[8.4,40.291],[8.321,40.291],[8.319,40.485],[8.16,40.55],[8.155,40.938],[8.552,40.874],[9.025,41.263],[9.104,41.263],[9.502,41.198],[9.822,40.744]]],[[[14.766,42.041],[14.924,41.976],[15.165,42.041],[15.241,41.911],[16.119,41.911],[16.115,41.782],[15.874,41.717],[15.944,41.392],[17.203,41.003],[17.511,40.744],[17.981,40.614],[18.438,40.161],[18.349,39.902],[18.112,39.902],[17.813,40.355],[17.418,40.355],[17.345,40.55],[17.028,40.55],[16.868,40.485],[16.945,40.42],[16.862,40.291],[16.624,40.291],[16.697,40.096],[16.457,39.967],[16.447,39.644],[16.916,39.514],[17.07,39.385],[17.138,39.062],[16.502,38.803],[16.492,38.416],[15.933,37.964],[15.698,37.964],[15.624,38.158],[15.389,38.158],[15.066,37.642],[15.062,37.384],[15.06,37.319],[14.432,36.997],[14.354,36.997],[14.123,37.19],[13.578,37.255],[13.192,37.577],[12.49,37.706],[12.492,37.9],[12.65,38.093],[13.04,38.029],[13.12,38.158],[13.355,38.158],[13.665,37.964],[14.056,37.964],[15.862,38.287],[15.95,38.674],[16.265,38.739],[16.27,38.933],[16.117,39.062],[15.899,39.773],[15.666,39.902],[15.748,40.032],[15.432,40.032],[14.964,40.291],[14.893,40.679],[14.418,40.679],[14.422,40.874],[14.105,40.874],[13.951,41.133],[13.792,41.133],[13.715,41.263],[13,41.327],[12.922,41.457],[12.605,41.522],[12.131,41.911],[12.132,42.041],[11.813,42.106],[11.655,42.366],[11.495,42.301],[11.175,42.496],[11.257,42.756],[11.177,42.886],[11.9,43.017],[11.583,43.733],[11.825,43.733],[11.745,43.863],[11.908,44.059],[12.474,44.124],[12.873,43.798],[13.036,43.863],[13.034,43.733],[13.355,43.668],[13.673,43.407],[13.747,43.082],[13.985,42.951],[13.901,42.756],[14.292,42.301],[14.372,42.301],[14.608,42.106],[14.769,42.171],[14.766,42.041]]],[[[19.562,40.55],[19.41,40.679],[19.249,40.614],[19.255,40.744],[19.498,40.874],[19.431,41.133],[19.66,40.938],[19.575,40.809],[19.572,40.744],[19.562,40.55]]],[[[9.493,42.756],[9.574,42.756],[9.578,41.976],[9.498,41.976],[9.499,41.782],[9.262,41.392],[9.104,41.327],[8.784,41.522],[8.782,41.717],[8.623,41.717],[8.7,41.911],[8.539,42.106],[8.535,42.496],[8.773,42.691],[9.173,42.756],[9.251,43.017],[9.331,43.017],[9.492,43.017],[9.493,42.756]]],[[[10.455,42.691],[10.215,42.691],[10.134,42.886],[10.214,42.886],[10.455,42.886],[10.455,42.691]]]]}},{"type":"Feature","id":"cliopatria-42223e9e41c05ed288810259","properties":{"NAME":"Scythia","ABBREVN":null,"CONTROL":null,"SUBJECTO":"Scythia","PARTOF":null,"BORDERPRECISION":1,"FromYear":-225,"ToYear":-224,"Area":365503.7111470419,"Type":"POLITY","Wikipedia":"Scythians","Wikidata":"Q131802","SeshatID":"ua_skythian_k_3","Components":"","MemberOf":"","sourceFeatureId":"cliopatria-42223e9e41c05ed288810259","datasetId":"cliopatria"},"geometry":{"type":"MultiPolygon","coordinates":[[[[32.15,46.155],[31.564,46.258],[31.509,46.373],[32.012,46.204],[32.15,46.155]]],[[[37.34,46.917],[36.795,46.714],[35.827,46.624],[35.132,46.126],[35.015,46.106],[35.28,46.279],[35.23,46.441],[34.85,46.19],[34.907,45.879],[35.248,45.46],[35.046,45.325],[34.569,45.129],[33.262,45.171],[32.508,45.404],[33.665,45.947],[33.594,46.096],[33.43,46.058],[33.202,46.176],[32.477,46.084],[31.831,46.282],[32.008,46.43],[31.555,46.554],[32.361,46.475],[32.578,46.616],[32.258,46.579],[32.81,46.835],[32.651,47.106],[31.842,47.347],[30.903,47.183],[30.004,46.819],[29.204,46.866],[27.638,47.516],[26.762,48.157],[26.337,49.052],[26.337,49.468],[26.974,50.475],[28.647,51.046],[30.558,51.312],[31.991,51.362],[32.734,51.246],[35.76,49.897],[38.945,47.971],[38.387,47.699],[37.511,47.507],[37.536,47.069],[37.34,46.917]]]]}},{"type":"Feature","id":"cliopatria-b364329bd0c40d9de541314f","properties":{"NAME":"Seleucid Empire","ABBREVN":null,"CONTROL":null,"SUBJECTO":"Seleucid Empire","PARTOF":null,"BORDERPRECISION":1,"FromYear":-225,"ToYear":-224,"Area":2032703.654766043,"Type":"POLITY","Wikipedia":"Seleucid dynasty","Wikidata":"Q705904","SeshatID":"ir_seleucid_emp","Components":"","MemberOf":"","sourceFeatureId":"cliopatria-b364329bd0c40d9de541314f","datasetId":"cliopatria"},"geometry":{"type":"MultiPolygon","coordinates":[[[[45.195,36.031],[45.217,35.645],[46.031,35.387],[47.954,35.323],[48.774,35.13],[49.413,35.258],[49.608,35.516],[50.48,35.645],[50.855,36.031],[52.008,36.417],[52.108,36.546],[52.186,36.546],[53.088,36.804],[53.955,36.868],[54.033,36.868],[54.774,36.675],[55.785,36.675],[56.212,36.868],[56.834,36.868],[57.444,36.804],[57.702,36.546],[58.453,36.417],[59.074,36.417],[60.047,36.61],[61.213,36.61],[61.157,36.353],[61.235,36.353],[61.303,35.58],[61.804,35.387],[62.191,35.387],[62.623,34.872],[63.15,34.808],[63.277,34.679],[63.83,34.744],[63.957,34.615],[64.188,34.615],[64.37,34.744],[64.755,34.744],[65.415,34.937],[65.618,34.808],[66.144,34.744],[66.563,34.551],[66.535,34.422],[66.458,34.422],[66.352,34.293],[65.751,34.358],[65.387,34.1],[65.242,33.779],[65.062,33.65],[65.035,33.522],[65.112,33.522],[64.982,33.264],[64.829,33.264],[64.687,32.943],[64.355,32.814],[64.406,32.686],[63.873,32.3],[63.643,32.3],[63.442,32.043],[63.301,32.107],[62.124,30.629],[61.68,30.244],[61.37,29.729],[61.027,29.472],[60.244,28.251],[59.395,27.544],[58.994,27.351],[58.978,27.222],[58.836,27.287],[58.745,27.158],[58.594,27.158],[58.428,27.029],[58.405,26.837],[58.262,26.901],[57.773,26.579],[57.483,26.001],[57.529,25.744],[57.38,25.744],[57.176,25.936],[57.052,26.837],[56.715,27.158],[56.188,27.158],[56.098,27.029],[56.324,27.029],[56.309,26.901],[56.061,26.708],[55.289,26.515],[55.31,26.708],[55.543,26.772],[55.242,26.772],[54.989,26.515],[54.681,26.451],[54.259,26.708],[53.658,26.708],[53.461,26.965],[52.737,27.222],[52.479,27.608],[52.049,27.801],[51.453,27.865],[51.066,28.444],[51.028,28.765],[50.809,28.83],[50.915,29.087],[50.62,29.151],[50.651,29.408],[50.236,29.729],[50.065,30.179],[49.586,29.987],[48.943,30.308],[48.987,30.051],[48.365,29.922],[48.404,29.601],[48.093,29.537],[47.646,29.601],[47.29,29.794],[46.979,29.729],[46.994,29.858],[46.85,29.922],[46.615,29.858],[46.591,30.308],[45.77,30.436],[44.955,31.272],[44.581,31.336],[44.459,31.593],[43.153,32.814],[42.709,32.943],[42.578,33.136],[42.065,33.329],[42.003,33.457],[41.489,33.65],[41.427,33.779],[41.273,33.779],[41.212,33.907],[40.912,33.972],[40.704,34.165],[40.311,34.1],[40.403,34.229],[40.257,34.293],[39.124,34.486],[37.99,33.972],[37.739,33.779],[37.726,33.65],[37.649,33.65],[37.599,33.907],[37.382,34.036],[37.389,34.1],[37.004,34.1],[36.87,34.293],[36.562,34.293],[36.441,34.615],[36.293,34.679],[36.313,34.872],[36.165,34.937],[36.269,35.194],[35.889,35.258],[35.896,35.323],[35.993,35.516],[35.845,35.58],[35.878,35.902],[35.956,35.902],[36.104,35.838],[36.35,35.966],[36.456,36.224],[36.618,36.288],[36.639,36.482],[36.646,36.546],[37.134,36.739],[37.202,37.319],[37.124,37.319],[37.147,37.513],[36.943,37.771],[36.958,37.9],[37.115,37.9],[37.318,38.287],[38.126,38.481],[38.814,38.933],[39.11,38.803],[39.25,38.674],[39.232,38.545],[39.389,38.545],[39.45,38.416],[40.52,38.222],[40.598,38.222],[40.572,38.029],[41.667,38.029],[41.961,37.9],[42.508,37.9],[43.945,37.577],[44.413,37.577],[44.774,37.384],[44.745,37.19],[44.871,36.997],[45.251,36.933],[45.118,36.031],[45.195,36.031]]],[[[26.305,37.577],[25.988,37.513],[26.08,37.706],[26.158,37.706],[26.314,37.706],[26.305,37.577]]],[[[31.233,39.32],[31.443,39.062],[31.424,38.868],[31.738,38.868],[31.803,38.739],[32.189,38.674],[33.587,38.545],[33.669,37.835],[35.281,37.577],[35.835,37.642],[35.806,37.384],[35.387,37.126],[35.374,36.997],[35.035,36.739],[34.957,36.739],[34.893,36.868],[34.582,36.868],[34.413,36.739],[34.335,36.739],[34.219,37.126],[33.674,37.126],[33.609,37.255],[33.375,37.255],[32.068,36.61],[31.99,36.61],[31.392,36.868],[30.697,36.933],[30.619,36.933],[29.446,36.868],[29.369,36.868],[28.304,37.19],[28.241,37.384],[27.612,37.319],[27.534,37.319],[27.223,37.319],[27.31,37.448],[27.173,37.706],[27.251,37.706],[27.192,37.964],[27.27,37.964],[27.275,38.029],[27.51,38.029],[27.5,37.9],[27.73,37.835],[27.969,37.9],[28.141,38.093],[28.527,38.029],[28.861,38.287],[28.961,38.545],[29.208,38.674],[29.236,38.997],[29.315,38.997],[29.301,39.708],[28.84,39.838],[27.972,39.838],[27.409,39.708],[27.235,39.514],[26.841,39.514],[26.847,39.579],[26.132,39.514],[26.252,40.032],[26.257,40.096],[26.673,40.355],[26.752,40.355],[27.47,40.42],[27.617,40.291],[27.696,40.291],[28.17,40.291],[28.182,40.42],[28.261,40.42],[29.046,40.355],[28.9,40.485],[28.913,40.614],[29.401,40.744],[29.48,40.744],[29.559,40.744],[29.54,40.55],[29.936,40.55],[29.923,40.42],[30.068,40.291],[30.457,40.226],[30.602,40.096],[30.589,39.967],[31.299,39.967],[31.378,39.967],[31.233,39.32]]],[[[26.644,38.997],[26.246,38.933],[26.094,38.997],[26.103,39.126],[25.793,39.191],[26.044,39.385],[26.123,39.385],[26.511,39.32],[26.644,38.997]]]]}},{"type":"Feature","id":"cliopatria-fb11135a7470df022133d0f0","properties":{"NAME":"Wei","ABBREVN":null,"CONTROL":null,"SUBJECTO":"Wei","PARTOF":"(Warring States China)","BORDERPRECISION":1,"FromYear":-225,"ToYear":-224,"Area":97010.3726891626,"Type":"POLITY","Wikipedia":"Wei (state)","Wikidata":"Q320930","SeshatID":"cn_wei_dyn_warring_states","Components":"","MemberOf":"(Warring States China)","sourceFeatureId":"cliopatria-fb11135a7470df022133d0f0","datasetId":"cliopatria"},"geometry":{"type":"MultiPolygon","coordinates":[[[[115.292,40.096],[115.371,40.096],[115.55,39.838],[116.102,39.838],[116.951,40.096],[117.03,40.096],[116.926,39.902],[117.014,39.773],[116.798,39.514],[116.933,39.32],[116.7,38.868],[117.23,38.674],[116.615,37.255],[116.123,36.868],[114.907,36.933],[114.948,37.19],[115.146,37.448],[114.607,37.126],[113.634,37.384],[113.78,38.029],[113.702,38.029],[113.887,38.416],[114.359,38.739],[114.808,39.32],[114.336,39.32],[114.271,39.191],[114.113,39.191],[114.146,39.256],[114.054,39.385],[113.897,39.385],[113.93,39.45],[113.772,39.45],[113.805,39.514],[113.083,39.644],[113.116,39.708],[112.17,39.708],[112.236,39.838],[112.111,39.902],[112.742,40.355],[113.093,40.42],[114.596,40.42],[114.527,40.291],[115.159,40.291],[115.292,40.096]]]]}},{"type":"Feature","id":"cliopatria-21a455b0e2e465995963ef1a","properties":{"NAME":"Antigonid Macedonia","ABBREVN":null,"CONTROL":null,"SUBJECTO":"Antigonid Macedonia","PARTOF":null,"BORDERPRECISION":1,"FromYear":-225,"ToYear":-217,"Area":93155.54533555696,"Type":"POLITY","Wikipedia":"Antigonid dynasty","Wikidata":"Q237325","SeshatID":"gr_antigonid_emp","Components":"","MemberOf":"","sourceFeatureId":"cliopatria-21a455b0e2e465995963ef1a","datasetId":"cliopatria"},"geometry":{"type":"MultiPolygon","coordinates":[[[[24.272,37.513],[24.201,37.642],[24.283,37.706],[24.361,37.706],[24.432,37.577],[24.272,37.513]]],[[[20.613,37.706],[20.621,37.9],[20.699,37.9],[20.934,37.9],[20.922,37.642],[20.613,37.706]]],[[[24.088,38.351],[23.626,38.481],[23.563,38.739],[23.72,38.739],[23.799,38.739],[24.179,38.545],[24.159,38.222],[24.088,38.351]]],[[[23.485,38.739],[23.489,38.803],[23.567,38.803],[23.563,38.739],[23.485,38.739]]],[[[24.357,38.868],[24.365,38.997],[24.444,38.997],[24.675,38.933],[24.662,38.739],[24.357,38.868]]],[[[24.763,41.263],[26.03,41.198],[26.178,41.068],[26.904,41.198],[27.091,41.522],[27.483,41.457],[27.472,41.327],[27.631,41.327],[27.728,41.522],[28.139,41.652],[28.292,41.587],[28.285,41.522],[28.206,41.522],[28.083,41.068],[28.077,41.003],[27.527,41.068],[27.181,40.744],[26.621,40.679],[26.072,40.744],[26.082,40.874],[25.849,40.938],[24.347,41.003],[24.011,40.744],[23.698,40.809],[23.685,40.614],[23.839,40.55],[23.737,40.226],[23.267,40.291],[22.884,40.485],[22.892,40.614],[22.655,40.614],[22.56,40.355],[22.544,40.096],[22.702,40.096],[22.611,39.902],[23.135,39.45],[22.816,39.385],[22.797,39.062],[22.958,39.126],[23.108,38.997],[23.344,38.997],[23.489,38.803],[23.183,38.933],[23.022,38.868],[22.943,38.868],[22.786,38.868],[22.794,38.997],[22.561,39.062],[22.49,39.191],[22.254,39.191],[21.7,39.126],[21.536,38.997],[21.471,39.256],[21.317,39.32],[21.321,39.385],[20.943,39.708],[20.806,40.096],[20.569,40.096],[20.747,40.485],[20.991,40.614],[21.002,40.809],[20.699,41.068],[20.54,41.068],[20.547,41.198],[20.876,41.392],[20.803,41.522],[21.125,41.587],[21.049,41.652],[21.14,41.847],[21.061,41.847],[21.08,42.171],[22.455,42.431],[22.442,42.236],[22.593,42.106],[22.753,42.106],[23.054,41.847],[23.528,41.782],[23.669,41.522],[24.231,41.587],[24.236,41.652],[24.554,41.652],[24.853,41.392],[24.763,41.263]]],[[[25.564,36.997],[25.331,36.997],[25.339,37.126],[25.417,37.126],[25.573,37.126],[25.564,36.997]]],[[[25.052,37.513],[24.986,37.706],[25.064,37.706],[25.22,37.706],[25.286,37.513],[25.052,37.513]]],[[[24.682,37.835],[24.694,38.029],[24.772,38.029],[25.068,37.771],[24.83,37.706],[24.682,37.835]]],[[[25.447,39.838],[24.974,39.838],[25.067,40.032],[25.146,40.032],[25.462,40.032],[25.447,39.838]]],[[[25.704,40.096],[25.719,40.291],[25.798,40.291],[26.035,40.291],[26.025,40.161],[25.704,40.096]]],[[[25.245,41.327],[25.24,41.263],[25.161,41.263],[25.166,41.327],[25.245,41.327]]]]}},{"type":"Feature","id":"cliopatria-90a948e1d7629cd1b15d1df9","properties":{"NAME":"Achaean League","ABBREVN":null,"CONTROL":null,"SUBJECTO":"Achaean League","PARTOF":null,"BORDERPRECISION":1,"FromYear":-225,"ToYear":-211,"Area":11769.542173731103,"Type":"POLITY","Wikipedia":"Achaean League","Wikidata":"Q244796","SeshatID":"","Components":"","MemberOf":"","sourceFeatureId":"cliopatria-90a948e1d7629cd1b15d1df9","datasetId":"cliopatria"},"geometry":{"type":"MultiPolygon","coordinates":[[[[23.335,37.513],[23.413,37.513],[23.402,37.319],[23.169,37.319],[23.176,37.448],[22.949,37.577],[22.714,37.577],[22.704,37.384],[22.399,37.513],[22.321,37.513],[22.236,37.384],[22.087,37.513],[21.697,37.513],[21.619,37.513],[21.622,37.577],[21.544,37.577],[21.547,37.642],[21.469,37.642],[21.472,37.706],[21.394,37.706],[21.397,37.771],[21.631,37.771],[21.637,37.9],[21.412,38.093],[21.416,38.158],[21.729,38.158],[21.742,38.416],[22.134,38.416],[22.287,38.351],[22.28,38.222],[22.44,38.287],[22.433,38.158],[22.589,38.158],[22.657,37.964],[22.97,37.964],[22.977,38.093],[23.216,38.158],[23.286,38.029],[23.201,37.9],[23.044,37.9],[23.037,37.771],[23.108,37.642],[23.339,37.577],[23.335,37.513]]]]}},{"type":"Feature","id":"cliopatria-12725378fd4148fd813c2230","properties":{"NAME":"Aetolian League","ABBREVN":null,"CONTROL":null,"SUBJECTO":"Aetolian League","PARTOF":null,"BORDERPRECISION":1,"FromYear":-225,"ToYear":-211,"Area":10117.246884740302,"Type":"POLITY","Wikipedia":"Aetolian League","Wikidata":"Q245273","SeshatID":"","Components":"","MemberOf":"","sourceFeatureId":"cliopatria-12725378fd4148fd813c2230","datasetId":"cliopatria"},"geometry":{"type":"MultiPolygon","coordinates":[[[[22.369,38.416],[21.428,38.416],[21.35,38.416],[21.291,38.803],[21.14,38.933],[21.144,38.997],[20.678,39.126],[20.53,39.32],[20.845,39.32],[21.075,39.191],[21.314,39.256],[21.317,39.32],[21.471,39.256],[21.536,38.997],[21.7,39.126],[22.254,39.191],[22.49,39.191],[22.561,39.062],[22.397,38.933],[22.39,38.803],[22.547,38.803],[22.447,38.416],[22.369,38.416]]]]}},{"type":"Feature","id":"cliopatria-dcf95e0bb99cfdfcafaddd76","properties":{"NAME":"Greco-Bactrian Kingdom","ABBREVN":null,"CONTROL":null,"SUBJECTO":"Greco-Bactrian Kingdom","PARTOF":null,"BORDERPRECISION":1,"FromYear":-225,"ToYear":-204,"Area":489262.677704642,"Type":"POLITY","Wikipedia":"Greco-Bactrian Kingdom","Wikidata":"Q488880","SeshatID":"af_greco_bactrian_k","Components":"","MemberOf":"","sourceFeatureId":"cliopatria-dcf95e0bb99cfdfcafaddd76","datasetId":"cliopatria"},"geometry":{"type":"MultiPolygon","coordinates":[[[[72.556,33.522],[72.571,33.586],[72.648,33.586],[72.633,33.522],[72.556,33.522]]],[[[70.218,35.645],[70.295,35.645],[70.279,35.58],[70.202,35.58],[70.218,35.645]]],[[[72.822,35.838],[72.899,35.838],[72.883,35.773],[72.805,35.773],[72.822,35.838]]],[[[29.363,36.804],[29.369,36.868],[29.446,36.868],[29.441,36.804],[29.363,36.804]]],[[[69.28,39.45],[69.359,39.45],[69.364,39.191],[69.521,39.191],[69.405,39.062],[69.568,38.803],[70.099,38.739],[70.298,38.61],[70.63,38.674],[70.593,38.545],[71.202,38.481],[71.364,38.222],[71.779,38.029],[71.941,37.771],[72.434,37.577],[72.398,37.448],[71.825,37.062],[71.216,36.224],[70.514,35.902],[70.14,35.645],[70.093,35.451],[69.876,35.516],[69.598,35.323],[69.366,35.323],[69.335,35.194],[69.026,35.194],[68.517,35.001],[68.395,34.808],[68.101,34.872],[67.825,34.679],[67.609,34.744],[67.088,34.486],[66.612,34.422],[66.535,34.422],[66.563,34.551],[66.144,34.744],[65.618,34.808],[65.415,34.937],[64.755,34.744],[64.37,34.744],[64.188,34.615],[63.957,34.615],[63.83,34.744],[63.277,34.679],[63.15,34.808],[62.623,34.872],[62.191,35.387],[61.804,35.387],[61.303,35.58],[61.235,36.353],[61.157,36.353],[61.213,36.61],[61.474,36.739],[61.029,37.19],[60.873,37.19],[60.98,37.319],[60.663,37.642],[60.736,37.964],[60.531,38.093],[60.561,38.222],[60.371,38.416],[60.431,38.674],[60.32,38.868],[60.414,39.256],[60.713,39.514],[60.792,39.514],[62.502,40.032],[62.879,39.967],[63.467,40.096],[64.889,40.096],[65.23,39.902],[65.564,39.967],[66.22,39.773],[68.53,39.579],[68.624,39.902],[68.997,40.096],[69.036,40.226],[69.273,40.226],[69.272,40.485],[69.193,40.485],[69.372,40.809],[69.807,40.679],[70.485,41.068],[70.682,40.938],[70.738,40.614],[69.846,40.291],[69.886,40.161],[69.728,40.161],[69.315,39.838],[69.296,39.773],[69.416,39.644],[69.28,39.45]]],[[[70.36,40.42],[70.44,40.42],[70.419,40.355],[70.34,40.355],[70.36,40.42]]]]}},{"type":"Feature","id":"cliopatria-328eeef19823b2470eac66eb","properties":{"NAME":"Kalinga","ABBREVN":null,"CONTROL":null,"SUBJECTO":"Kalinga","PARTOF":null,"BORDERPRECISION":1,"FromYear":-225,"ToYear":-189,"Area":81308.41485314148,"Type":"POLITY","Wikipedia":"Kalinga","Wikidata":"Q356524","SeshatID":"","Components":"","MemberOf":"","sourceFeatureId":"cliopatria-328eeef19823b2470eac66eb","datasetId":"cliopatria"},"geometry":{"type":"MultiPolygon","coordinates":[[[[85.802,19.701],[85.728,19.701],[85.497,19.636],[85.522,19.829],[85.374,19.829],[85.415,19.572],[84.749,18.993],[84.38,18.415],[84.052,18.158],[83.748,18.093],[83.561,17.772],[82.916,17.322],[82.614,17.258],[82.436,17],[82.362,17],[82.082,17.129],[81.884,17.322],[81.899,17.45],[81.693,17.579],[81.517,17.965],[81.548,18.222],[82.858,19.251],[85.35,20.793],[86.141,20.601],[86.157,20.151],[86.436,20.022],[86.428,19.958],[85.802,19.701]]]]}},{"type":"Feature","id":"cliopatria-26889c41374128c61bd2b22d","properties":{"NAME":"Maurya Empire","ABBREVN":null,"CONTROL":null,"SUBJECTO":"Maurya Empire","PARTOF":null,"BORDERPRECISION":1,"FromYear":-225,"ToYear":-189,"Area":1140195.3791244929,"Type":"POLITY","Wikipedia":"Maurya Empire","Wikidata":"Q62943","SeshatID":"in_mauryan_emp","Components":"","MemberOf":"","sourceFeatureId":"cliopatria-26889c41374128c61bd2b22d","datasetId":"cliopatria"},"geometry":{"type":"MultiPolygon","coordinates":[[[[81.087,30.179],[81.163,30.179],[81.39,30.179],[81.697,29.858],[82.336,29.665],[82.459,29.537],[83.05,29.472],[83.249,29.344],[83.49,29.408],[83.523,29.215],[83.75,29.215],[84.01,29.022],[84.251,29.087],[84.483,28.765],[84.833,28.637],[84.717,28.444],[84.792,28.444],[84.813,28.187],[85.213,27.93],[85.851,27.737],[86.227,27.737],[86.569,27.93],[86.781,27.865],[87.11,27.994],[87.247,27.93],[87.158,27.865],[87.206,27.737],[87.357,27.737],[87.405,27.608],[87.569,27.672],[87.543,27.544],[87.955,27.351],[88.118,27.415],[88.092,27.287],[88.292,27.158],[88.844,27.287],[88.818,27.158],[89.067,26.901],[89.942,26.772],[89.742,26.129],[89.88,26.065],[89.871,25.615],[89.946,25.615],[89.79,25.165],[89.948,24.779],[89.927,24.201],[89.822,24.008],[89.961,23.943],[89.589,22.979],[89.729,22.915],[89.952,22.401],[89.869,21.822],[88.728,21.629],[88.716,22.079],[88.642,22.079],[88.514,21.693],[88.365,21.693],[88.348,21.565],[88.134,21.629],[88.178,21.951],[88.103,21.951],[87.762,21.629],[87.067,21.436],[86.885,21.179],[86.959,21.179],[87.031,20.601],[86.792,20.472],[86.84,20.279],[86.51,20.022],[86.436,20.022],[86.157,20.151],[86.141,20.601],[85.35,20.793],[82.858,19.251],[82.371,19.508],[82.313,19.636],[82.165,19.636],[81.776,20.086],[80.844,20.343],[80.453,20.793],[80.156,20.793],[79.783,20.151],[79.101,20.022],[79.07,19.765],[78.841,19.701],[78.715,19.893],[78.738,20.086],[78.597,20.151],[78.62,20.343],[78.42,20.536],[78.391,20.922],[77.315,21.243],[77.219,21.693],[77.078,21.758],[77.103,22.593],[77.111,22.658],[77.2,23.943],[77.426,25.036],[77.928,25.872],[78.988,26.837],[78.807,27.094],[78.841,27.287],[77.992,27.994],[78.014,28.894],[77.938,28.894],[77.953,29.344],[77.878,29.344],[77.93,29.601],[77.855,29.601],[77.936,29.987],[79.303,31.015],[79.333,31.143],[79.485,31.143],[79.531,31.015],[80.048,30.951],[80.34,30.565],[80.918,30.436],[81.087,30.179]]]]}},{"type":"Feature","id":"cliopatria-7381ebc1c13792dfd82759fb","properties":{"NAME":"Satavahana Dynasty","ABBREVN":null,"CONTROL":null,"SUBJECTO":"Satavahana Dynasty","PARTOF":null,"BORDERPRECISION":1,"FromYear":-225,"ToYear":-171,"Area":535339.4007227576,"Type":"POLITY","Wikipedia":"Satavahana dynasty","Wikidata":"Q5257","SeshatID":"","Components":"","MemberOf":"","sourceFeatureId":"cliopatria-7381ebc1c13792dfd82759fb","datasetId":"cliopatria"},"geometry":{"type":"MultiPolygon","coordinates":[[[[82.354,16.936],[82.383,16.55],[82.221,16.422],[81.477,16.358],[81.235,16.165],[81.119,15.779],[80.611,15.843],[80.376,15.715],[80.088,15.072],[80.216,14.879],[80.245,14.429],[79.26,14.107],[79.272,14.236],[78.782,14.493],[78.992,15.136],[76.69,15.65],[76.429,15.972],[76.282,15.972],[76.014,16.229],[76.081,16.872],[75.727,17],[75.459,17.258],[75.473,17.386],[75.065,17.708],[75.079,17.836],[74.879,18.029],[74.429,17.965],[73.878,17.643],[73.073,17.708],[72.947,18.608],[72.873,18.608],[72.875,19.315],[72.734,19.379],[72.754,19.572],[73.396,20.022],[73.709,20.858],[73.758,21.308],[74.052,21.951],[74.379,22.208],[75.473,22.658],[76.598,22.722],[77.029,22.593],[77.103,22.593],[77.078,21.758],[77.219,21.693],[77.315,21.243],[78.391,20.922],[78.42,20.536],[78.62,20.343],[78.597,20.151],[78.738,20.086],[78.715,19.893],[78.841,19.701],[79.07,19.765],[79.101,20.022],[79.783,20.151],[80.156,20.793],[80.453,20.793],[80.844,20.343],[81.776,20.086],[82.165,19.636],[82.313,19.636],[82.371,19.508],[82.858,19.251],[81.548,18.222],[81.517,17.965],[81.693,17.579],[81.899,17.45],[81.884,17.322],[82.082,17.129],[82.362,17],[82.354,16.936]]]]}},{"type":"Feature","id":"cliopatria-2012d13d19a713c60a793985","properties":{"NAME":"(Warring States China)","ABBREVN":null,"CONTROL":null,"SUBJECTO":"(Warring States China)","PARTOF":null,"BORDERPRECISION":1,"FromYear":-223,"ToYear":-223,"Area":1633126.97491476,"Type":"POLITY","Wikipedia":"Warring States Period","Wikidata":"Q185063","SeshatID":"","Components":"Qi;Qin;Yan;Wei","MemberOf":"","sourceFeatureId":"cliopatria-2012d13d19a713c60a793985","datasetId":"cliopatria"},"geometry":{"type":"MultiPolygon","coordinates":[[[[119.228,34.808],[119.459,34.808],[119.431,34.744],[119.711,34.679],[119.732,34.551],[120.342,34.358],[120.489,34.165],[120.55,33.586],[120.926,33.2],[120.919,32.622],[121.403,32.493],[121.503,32.172],[121.783,32.107],[121.987,31.85],[121.836,31.658],[121.301,31.85],[120.919,31.85],[121.454,31.658],[121.481,31.529],[121.634,31.529],[121.584,31.4],[121.737,31.4],[121.995,31.079],[121.899,30.822],[121.519,30.822],[120.801,30.308],[120.725,30.308],[120.521,30.372],[119.703,29.987],[118.36,29.601],[116.736,29.729],[116.27,29.922],[116.129,30.179],[116.151,30.244],[116.119,30.372],[115.685,30.436],[115.208,30.372],[114.872,30.501],[114.113,30.501],[113.951,30.244],[113.584,30.051],[113.267,29.537],[112.904,29.344],[111.996,29.344],[111.809,29.472],[111.299,29.537],[110.662,29.922],[110.227,29.987],[109.406,29.537],[109.274,29.601],[109.16,29.472],[108.667,29.344],[108.629,29.215],[108.497,29.279],[107.459,28.83],[106.028,28.572],[106.069,28.444],[105.129,28.315],[104.066,28.572],[103.898,28.508],[103.857,28.637],[102.927,28.83],[102.602,29.022],[101.48,29.344],[101.44,29.472],[101.156,29.537],[100.982,29.729],[101.019,29.858],[100.828,29.987],[100.865,30.115],[100.674,30.244],[100.673,30.501],[100.598,30.501],[100.982,31.272],[101.836,32.043],[102.158,32.557],[102.312,33.457],[102.235,33.457],[102.325,33.715],[102.248,33.715],[102.409,34.165],[103.094,34.358],[103.379,34.293],[103.479,34.358],[103.497,34.615],[104.133,34.872],[106.185,35.387],[106.493,35.58],[106.803,35.58],[106.854,35.709],[107.061,35.645],[108.069,36.031],[109.367,36.353],[109.422,36.482],[109.81,36.482],[110.698,36.739],[110.754,36.868],[110.882,36.804],[111.434,36.997],[114.081,39.126],[114.113,39.191],[114.146,39.256],[114.054,39.385],[113.897,39.385],[113.93,39.45],[113.772,39.45],[113.805,39.514],[113.083,39.644],[113.116,39.708],[112.17,39.708],[112.236,39.838],[112.111,39.902],[112.742,40.355],[113.093,40.42],[114.596,40.42],[114.527,40.291],[115.159,40.291],[115.292,40.096],[115.371,40.096],[115.55,39.838],[116.102,39.838],[116.951,40.096],[117.03,40.096],[117.066,40.161],[117.567,40.355],[118.705,40.55],[118.778,40.679],[119.174,40.679],[122.928,41.911],[123.167,41.911],[123.127,41.847],[123.405,41.782],[123.365,41.717],[123.604,41.717],[123.564,41.652],[123.843,41.587],[123.803,41.522],[124.042,41.522],[124.002,41.457],[124.757,41.133],[124.837,41.133],[124.412,40.291],[123.871,39.902],[123.876,39.773],[123.597,39.838],[122.936,39.644],[122.17,39.256],[121.952,38.997],[121.716,38.997],[121.422,38.739],[121.029,38.739],[121.201,39.062],[121.515,39.062],[121.69,39.385],[121.297,39.385],[121.21,39.514],[121.281,39.644],[121.438,39.644],[121.503,39.902],[121.776,39.967],[122.231,40.485],[122.106,40.679],[121.827,40.744],[121.824,40.874],[121.11,40.874],[120.997,40.679],[120.647,40.485],[120.5,40.226],[119.38,39.773],[119.215,39.32],[118.45,39.062],[118.057,39.062],[118.046,39.191],[117.888,39.191],[117.676,38.933],[117.622,38.674],[117.602,38.481],[118.054,38.287],[118.067,38.158],[118.583,38.093],[118.648,38.222],[118.804,38.222],[118.772,38.158],[119.131,38.093],[119.209,38.093],[119.177,38.029],[119.457,37.964],[119.393,37.835],[119.237,37.835],[118.984,37.319],[119.14,37.319],[119.156,37.19],[119.701,37.19],[119.827,37.448],[120.202,37.577],[120.188,37.706],[120.754,37.9],[121.112,37.835],[121.171,37.642],[121.483,37.642],[121.497,37.513],[122.154,37.577],[122.121,37.513],[122.713,37.448],[122.442,37.062],[122.566,36.997],[122.503,36.868],[122.161,36.804],[122.146,36.933],[121.912,36.933],[121.212,36.61],[120.979,36.61],[120.965,36.417],[120.732,36.417],[120.659,36.095],[120.318,36.031],[120.075,35.838],[120.045,35.773],[120.016,35.709],[119.619,35.516],[119.228,34.808]]]]}},{"type":"Feature","id":"cliopatria-457a998b1ff19a831698f015","properties":{"NAME":"Qi","ABBREVN":null,"CONTROL":null,"SUBJECTO":"Qi","PARTOF":"(Warring States China)","BORDERPRECISION":1,"FromYear":-223,"ToYear":-223,"Area":109365.09479024881,"Type":"POLITY","Wikipedia":"Qi (state)","Wikidata":"Q1143524","SeshatID":"cn_qi_warring_states","Components":"","MemberOf":"(Warring States China)","sourceFeatureId":"cliopatria-457a998b1ff19a831698f015","datasetId":"cliopatria"},"geometry":{"type":"MultiPolygon","coordinates":[[[[119.131,38.093],[119.209,38.093],[119.177,38.029],[119.457,37.964],[119.393,37.835],[119.237,37.835],[118.984,37.319],[119.14,37.319],[119.156,37.19],[119.701,37.19],[119.827,37.448],[120.202,37.577],[120.188,37.706],[120.754,37.9],[121.112,37.835],[121.171,37.642],[121.483,37.642],[121.497,37.513],[122.154,37.577],[122.121,37.513],[122.713,37.448],[122.442,37.062],[122.566,36.997],[122.503,36.868],[122.161,36.804],[122.146,36.933],[121.912,36.933],[121.212,36.61],[120.979,36.61],[120.965,36.417],[120.732,36.417],[120.659,36.095],[120.318,36.031],[120.075,35.838],[120.045,35.773],[118.264,35.773],[117.664,35.645],[117.693,35.709],[116.899,35.838],[116.752,36.031],[115.598,36.224],[115.607,36.417],[116.123,36.868],[116.615,37.255],[117.23,38.674],[117.308,38.674],[117.622,38.674],[117.602,38.481],[118.054,38.287],[118.067,38.158],[118.583,38.093],[118.648,38.222],[118.804,38.222],[118.772,38.158],[119.131,38.093]]]]}},{"type":"Feature","id":"cliopatria-5cbe430970b38d0a2ae7258a","properties":{"NAME":"Qin","ABBREVN":null,"CONTROL":null,"SUBJECTO":"Qin","PARTOF":"(Warring States China)","BORDERPRECISION":1,"FromYear":-223,"ToYear":-223,"Area":1321597.7777600442,"Type":"POLITY","Wikipedia":"Qin (state)","Wikidata":"Q1471995","SeshatID":"","Components":"","MemberOf":"(Warring States China)","sourceFeatureId":"cliopatria-5cbe430970b38d0a2ae7258a","datasetId":"cliopatria"},"geometry":{"type":"MultiPolygon","coordinates":[[[[120.016,35.709],[119.619,35.516],[119.228,34.808],[119.459,34.808],[119.431,34.744],[119.711,34.679],[119.732,34.551],[120.342,34.358],[120.489,34.165],[120.55,33.586],[120.926,33.2],[120.919,32.622],[121.403,32.493],[121.503,32.172],[121.783,32.107],[121.987,31.85],[121.836,31.658],[121.301,31.85],[120.919,31.85],[121.454,31.658],[121.481,31.529],[121.634,31.529],[121.584,31.4],[121.737,31.4],[121.995,31.079],[121.899,30.822],[121.519,30.822],[120.801,30.308],[120.725,30.308],[120.521,30.372],[119.703,29.987],[118.36,29.601],[116.736,29.729],[116.27,29.922],[116.129,30.179],[116.151,30.244],[116.119,30.372],[115.685,30.436],[115.208,30.372],[114.872,30.501],[114.113,30.501],[113.951,30.244],[113.584,30.051],[113.267,29.537],[112.904,29.344],[111.996,29.344],[111.809,29.472],[111.299,29.537],[110.662,29.922],[110.227,29.987],[109.406,29.537],[109.274,29.601],[109.16,29.472],[108.667,29.344],[108.629,29.215],[108.497,29.279],[107.459,28.83],[106.028,28.572],[106.069,28.444],[105.129,28.315],[104.066,28.572],[103.898,28.508],[103.857,28.637],[102.927,28.83],[102.602,29.022],[101.48,29.344],[101.44,29.472],[101.156,29.537],[100.982,29.729],[101.019,29.858],[100.828,29.987],[100.865,30.115],[100.674,30.244],[100.673,30.501],[100.598,30.501],[100.982,31.272],[101.836,32.043],[102.158,32.557],[102.312,33.457],[102.235,33.457],[102.325,33.715],[102.248,33.715],[102.409,34.165],[103.094,34.358],[103.379,34.293],[103.479,34.358],[103.497,34.615],[104.133,34.872],[106.185,35.387],[106.493,35.58],[106.803,35.58],[106.854,35.709],[107.061,35.645],[108.069,36.031],[109.367,36.353],[109.422,36.482],[109.81,36.482],[110.698,36.739],[110.754,36.868],[110.882,36.804],[111.434,36.997],[114.081,39.126],[114.113,39.191],[114.271,39.191],[114.336,39.32],[114.808,39.32],[114.359,38.739],[113.887,38.416],[113.702,38.029],[113.78,38.029],[113.634,37.384],[114.607,37.126],[115.146,37.448],[114.948,37.19],[114.907,36.933],[116.123,36.868],[115.607,36.417],[115.598,36.224],[116.752,36.031],[116.899,35.838],[117.693,35.709],[117.664,35.645],[118.264,35.773],[120.045,35.773],[120.016,35.709]]]]}},{"type":"Feature","id":"cliopatria-3b4b74d7f27608b01b654a9f","properties":{"NAME":"Roman Republic","ABBREVN":null,"CONTROL":null,"SUBJECTO":"Roman Republic","PARTOF":null,"BORDERPRECISION":1,"FromYear":-223,"ToYear":-223,"Area":210472.9735630654,"Type":"POLITY","Wikipedia":"Roman Republic","Wikidata":"Q175881","SeshatID":"it_roman_rep_2","Components":"","MemberOf":"","sourceFeatureId":"cliopatria-3b4b74d7f27608b01b654a9f","datasetId":"cliopatria"},"geometry":{"type":"MultiPolygon","coordinates":[[[[19.912,39.579],[19.758,39.644],[19.764,39.773],[19.921,39.773],[19.918,39.708],[19.912,39.579]]],[[[9.822,40.744],[9.823,40.355],[9.665,40.291],[9.747,39.644],[9.669,39.644],[9.593,39.126],[9.12,39.191],[8.966,38.868],[8.73,38.868],[8.336,38.997],[8.412,39.256],[8.333,39.256],[8.33,39.514],[8.409,39.514],[8.483,39.902],[8.325,39.967],[8.4,40.291],[8.321,40.291],[8.319,40.485],[8.16,40.55],[8.155,40.938],[8.552,40.874],[9.025,41.263],[9.104,41.263],[9.502,41.198],[9.822,40.744]]],[[[19.41,40.679],[19.249,40.614],[19.255,40.744],[19.498,40.874],[19.431,41.133],[19.66,40.938],[19.575,40.809],[19.572,40.744],[19.562,40.55],[19.41,40.679]]],[[[12.154,44.451],[12.313,44.19],[12.873,43.798],[13.036,43.863],[13.034,43.733],[13.355,43.668],[13.673,43.407],[13.747,43.082],[13.985,42.951],[13.901,42.756],[14.056,42.496],[14.371,42.236],[14.531,42.236],[14.608,42.106],[14.769,42.171],[14.766,42.041],[14.924,41.976],[15.165,42.041],[15.241,41.911],[16.119,41.911],[16.115,41.782],[15.874,41.717],[15.944,41.392],[17.203,41.003],[17.511,40.744],[17.981,40.614],[18.438,40.161],[18.349,39.902],[18.112,39.902],[17.813,40.355],[17.418,40.355],[17.345,40.55],[17.028,40.55],[16.868,40.485],[16.945,40.42],[16.862,40.291],[16.624,40.291],[16.697,40.096],[16.457,39.967],[16.447,39.644],[16.916,39.514],[17.07,39.385],[17.138,39.062],[16.502,38.803],[16.492,38.416],[15.933,37.964],[15.698,37.964],[15.624,38.158],[15.389,38.158],[15.066,37.642],[15.062,37.384],[15.06,37.319],[14.432,36.997],[14.354,36.997],[14.123,37.19],[13.578,37.255],[13.192,37.577],[12.49,37.706],[12.492,37.9],[12.65,38.093],[13.04,38.029],[13.12,38.158],[13.355,38.158],[13.665,37.964],[14.056,37.964],[15.862,38.287],[15.95,38.674],[16.265,38.739],[16.27,38.933],[16.117,39.062],[15.899,39.773],[15.666,39.902],[15.748,40.032],[15.432,40.032],[14.964,40.291],[14.893,40.679],[14.418,40.679],[14.422,40.874],[14.105,40.874],[13.951,41.133],[13.792,41.133],[13.715,41.263],[13,41.327],[12.922,41.457],[12.605,41.522],[12.131,41.911],[12.132,42.041],[11.813,42.106],[11.655,42.366],[11.495,42.301],[11.175,42.496],[11.176,42.626],[11.016,42.626],[11.016,42.821],[10.535,43.082],[10.374,43.668],[10.213,43.863],[10.212,44.059],[10.374,44.124],[10.373,44.255],[10.535,44.255],[10.697,44.581],[10.454,44.843],[10.047,44.973],[9.965,45.17],[10.127,45.3],[10.127,45.497],[10.452,45.628],[10.86,45.497],[11.837,45.562],[12.328,45.759],[12.412,45.955],[12.575,45.955],[12.741,46.152],[13.15,46.218],[13.39,45.824],[13.145,45.824],[13.06,45.628],[12.817,45.693],[12.652,45.562],[12.163,45.497],[12.16,45.17],[12.403,45.039],[12.4,44.777],[12.319,44.777],[12.238,44.777],[12.157,44.843],[12.154,44.451]]],[[[9.493,42.756],[9.574,42.756],[9.578,41.976],[9.498,41.976],[9.499,41.782],[9.262,41.392],[9.104,41.327],[8.784,41.522],[8.782,41.717],[8.623,41.717],[8.7,41.911],[8.539,42.106],[8.535,42.496],[8.773,42.691],[9.173,42.756],[9.251,43.017],[9.331,43.017],[9.492,43.017],[9.493,42.756]]],[[[10.455,42.691],[10.215,42.691],[10.134,42.886],[10.214,42.886],[10.455,42.886],[10.455,42.691]]]]}},{"type":"Feature","id":"cliopatria-9d965057bd791f7549cbc85e","properties":{"NAME":"Wei","ABBREVN":null,"CONTROL":null,"SUBJECTO":"Wei","PARTOF":"(Warring States China)","BORDERPRECISION":1,"FromYear":-223,"ToYear":-223,"Area":97010.3726891626,"Type":"POLITY","Wikipedia":"Wei (state)","Wikidata":"Q320930","SeshatID":"","Components":"","MemberOf":"(Warring States China)","sourceFeatureId":"cliopatria-9d965057bd791f7549cbc85e","datasetId":"cliopatria"},"geometry":{"type":"MultiPolygon","coordinates":[[[[115.292,40.096],[115.371,40.096],[115.55,39.838],[116.102,39.838],[116.951,40.096],[117.03,40.096],[116.926,39.902],[117.014,39.773],[116.798,39.514],[116.933,39.32],[116.7,38.868],[117.23,38.674],[116.615,37.255],[116.123,36.868],[114.907,36.933],[114.948,37.19],[115.146,37.448],[114.607,37.126],[113.634,37.384],[113.78,38.029],[113.702,38.029],[113.887,38.416],[114.359,38.739],[114.808,39.32],[114.336,39.32],[114.271,39.191],[114.113,39.191],[114.146,39.256],[114.054,39.385],[113.897,39.385],[113.93,39.45],[113.772,39.45],[113.805,39.514],[113.083,39.644],[113.116,39.708],[112.17,39.708],[112.236,39.838],[112.111,39.902],[112.742,40.355],[113.093,40.42],[114.596,40.42],[114.527,40.291],[115.159,40.291],[115.292,40.096]]]]}},{"type":"Feature","id":"cliopatria-d59971413a29091c58cfaccf","properties":{"NAME":"Atropatene","ABBREVN":null,"CONTROL":null,"SUBJECTO":"Atropatene","PARTOF":null,"BORDERPRECISION":1,"FromYear":-223,"ToYear":-219,"Area":146718.5109330721,"Type":"POLITY","Wikipedia":"Atropatene","Wikidata":"Q260437","SeshatID":"ir_atropatene_k","Components":"","MemberOf":"","sourceFeatureId":"cliopatria-d59971413a29091c58cfaccf","datasetId":"cliopatria"},"geometry":{"type":"MultiPolygon","coordinates":[[[[49.999,37.384],[50.321,36.997],[50.566,37.062],[50.632,36.997],[50.532,36.868],[50.821,36.739],[52.03,36.546],[52.108,36.546],[52.008,36.417],[50.855,36.031],[50.48,35.645],[49.608,35.516],[49.5,35.323],[49.083,35.13],[47.954,35.323],[46.108,35.387],[45.149,35.709],[45.251,36.933],[45.446,37.19],[45.29,37.19],[45.252,37.448],[45.174,37.448],[45.224,37.771],[45.635,37.9],[45.854,38.287],[46.121,38.481],[47.252,38.674],[48.326,38.093],[48.795,38.093],[48.874,38.093],[48.829,37.835],[49.029,37.642],[49.018,37.577],[49.999,37.384]]]]}},{"type":"Feature","id":"cliopatria-2dbb76c0d547e1ba3dfe8807","properties":{"NAME":"Parthian Empire","ABBREVN":null,"CONTROL":null,"SUBJECTO":"Parthian Empire","PARTOF":null,"BORDERPRECISION":1,"FromYear":-223,"ToYear":-219,"Area":253402.6971882413,"Type":"POLITY","Wikipedia":"Parthian Empire","Wikidata":"Q1986139","SeshatID":"ir_parthian_emp_1","Components":"","MemberOf":"","sourceFeatureId":"cliopatria-2dbb76c0d547e1ba3dfe8807","datasetId":"cliopatria"},"geometry":{"type":"MultiPolygon","coordinates":[[[[56.813,40.355],[56.892,40.355],[56.987,40.42],[56.956,40.291],[57.114,40.291],[57.162,40.161],[57.351,40.291],[58.332,40.42],[58.537,40.291],[58.854,40.291],[58.98,40.161],[59.77,40.161],[59.768,39.838],[60.084,39.838],[60.052,39.708],[60.683,39.708],[60.65,39.579],[60.729,39.579],[60.713,39.514],[60.414,39.256],[60.32,38.868],[60.431,38.674],[60.371,38.416],[60.561,38.222],[60.531,38.093],[60.736,37.964],[60.663,37.642],[60.98,37.319],[60.873,37.19],[61.029,37.19],[61.474,36.739],[61.213,36.61],[60.047,36.61],[59.074,36.417],[58.453,36.417],[57.702,36.546],[57.444,36.804],[56.834,36.868],[56.212,36.868],[55.785,36.675],[54.774,36.675],[54.033,36.868],[54.045,36.933],[54.095,37.19],[53.91,37.448],[53.908,37.835],[53.83,37.835],[53.987,38.997],[53.518,39.385],[53.138,39.45],[53.545,39.514],[53.498,40.032],[52.723,40.096],[52.714,40.42],[52.793,40.42],[52.893,40.874],[52.972,40.874],[52.943,40.744],[53.34,40.744],[53.448,40.874],[53.404,40.679],[54.544,40.809],[56.813,40.355]]]]}},{"type":"Feature","id":"cliopatria-8143769067eedcfe2dc6497f","properties":{"NAME":"Seleucid Empire","ABBREVN":null,"CONTROL":null,"SUBJECTO":"Seleucid Empire","PARTOF":null,"BORDERPRECISION":1,"FromYear":-223,"ToYear":-219,"Area":2033259.3712622323,"Type":"POLITY","Wikipedia":"Seleucid dynasty","Wikidata":"Q705904","SeshatID":"ir_seleucid_emp","Components":"","MemberOf":"","sourceFeatureId":"cliopatria-8143769067eedcfe2dc6497f","datasetId":"cliopatria"},"geometry":{"type":"MultiPolygon","coordinates":[[[[61.804,35.387],[62.191,35.387],[62.623,34.872],[63.15,34.808],[63.277,34.679],[63.83,34.744],[63.957,34.615],[64.188,34.615],[64.37,34.744],[64.755,34.744],[65.415,34.937],[65.618,34.808],[66.144,34.744],[66.563,34.551],[66.535,34.422],[66.458,34.422],[66.352,34.293],[65.751,34.358],[65.387,34.1],[65.242,33.779],[65.062,33.65],[65.035,33.522],[65.112,33.522],[64.982,33.264],[64.829,33.264],[64.687,32.943],[64.355,32.814],[64.406,32.686],[63.873,32.3],[63.643,32.3],[63.442,32.043],[63.301,32.107],[62.124,30.629],[61.68,30.244],[61.37,29.729],[61.027,29.472],[60.244,28.251],[59.395,27.544],[58.994,27.351],[58.978,27.222],[58.836,27.287],[58.745,27.158],[58.594,27.158],[58.428,27.029],[58.405,26.837],[58.262,26.901],[57.773,26.579],[57.483,26.001],[57.529,25.744],[57.38,25.744],[57.176,25.936],[57.052,26.837],[56.715,27.158],[56.188,27.158],[56.098,27.029],[56.324,27.029],[56.309,26.901],[56.061,26.708],[55.603,26.644],[55.439,26.515],[55.289,26.515],[55.31,26.708],[55.543,26.772],[55.242,26.772],[54.832,26.451],[54.463,26.515],[54.259,26.708],[53.658,26.708],[53.461,26.965],[52.737,27.222],[52.479,27.608],[52.049,27.801],[51.597,27.801],[51.317,27.994],[51.331,28.122],[51.066,28.444],[51.028,28.765],[50.809,28.83],[50.915,29.087],[50.62,29.151],[50.651,29.408],[50.236,29.729],[50.065,30.179],[49.586,29.987],[48.943,30.308],[48.987,30.051],[48.676,29.987],[48.6,29.987],[48.593,29.922],[48.365,29.922],[48.404,29.601],[48.093,29.537],[47.646,29.601],[47.29,29.794],[46.979,29.729],[46.994,29.858],[46.85,29.922],[46.615,29.858],[46.591,30.308],[45.77,30.436],[44.955,31.272],[44.581,31.336],[44.459,31.593],[43.153,32.814],[42.709,32.943],[42.578,33.136],[42.065,33.329],[42.003,33.457],[41.489,33.65],[41.427,33.779],[41.273,33.779],[41.212,33.907],[40.912,33.972],[40.704,34.165],[40.311,34.1],[40.403,34.229],[40.257,34.293],[39.124,34.486],[37.99,33.972],[37.739,33.779],[37.726,33.65],[37.649,33.65],[37.599,33.907],[37.382,34.036],[37.389,34.1],[37.004,34.1],[36.87,34.293],[36.562,34.293],[36.441,34.615],[36.293,34.679],[36.313,34.872],[36.165,34.937],[36.269,35.194],[35.889,35.258],[35.896,35.323],[35.993,35.516],[35.845,35.58],[35.878,35.902],[35.956,35.902],[36.104,35.838],[36.35,35.966],[36.456,36.224],[36.618,36.288],[36.639,36.482],[36.646,36.546],[37.134,36.739],[37.202,37.319],[37.124,37.319],[37.147,37.513],[36.943,37.771],[36.958,37.9],[37.115,37.9],[37.318,38.287],[38.126,38.481],[38.814,38.933],[39.11,38.803],[39.25,38.674],[39.232,38.545],[39.389,38.545],[39.45,38.416],[40.137,38.287],[40.216,38.287],[40.294,38.287],[40.372,38.287],[40.451,38.287],[40.442,38.222],[40.52,38.222],[40.598,38.222],[40.572,38.029],[41.667,38.029],[41.961,37.9],[42.508,37.9],[43.945,37.577],[44.413,37.577],[44.774,37.384],[44.745,37.19],[44.871,36.997],[45.251,36.933],[45.149,35.709],[46.108,35.387],[47.954,35.323],[49.083,35.13],[49.5,35.323],[49.608,35.516],[50.48,35.645],[50.855,36.031],[52.008,36.417],[52.108,36.546],[52.186,36.546],[53.088,36.804],[53.955,36.868],[54.033,36.868],[54.774,36.675],[55.785,36.675],[56.212,36.868],[56.834,36.868],[57.444,36.804],[57.702,36.546],[58.453,36.417],[59.074,36.417],[60.047,36.61],[61.213,36.61],[61.157,36.353],[61.235,36.353],[61.303,35.58],[61.804,35.387]]],[[[26.305,37.577],[25.988,37.513],[26.08,37.706],[26.158,37.706],[26.314,37.706],[26.305,37.577]]],[[[34.957,36.739],[34.893,36.868],[34.582,36.868],[34.413,36.739],[34.335,36.739],[34.219,37.126],[33.674,37.126],[33.609,37.255],[33.375,37.255],[32.068,36.61],[31.99,36.61],[31.392,36.868],[30.697,36.933],[30.619,36.933],[29.446,36.868],[29.369,36.868],[28.304,37.19],[28.241,37.384],[27.612,37.319],[27.534,37.319],[27.223,37.319],[27.31,37.448],[27.173,37.706],[27.251,37.706],[27.192,37.964],[27.27,37.964],[27.275,38.029],[27.51,38.029],[27.5,37.9],[27.651,37.835],[27.969,37.9],[28.141,38.093],[28.527,38.029],[28.861,38.287],[28.961,38.545],[29.04,38.545],[29.208,38.674],[29.236,38.997],[29.315,38.997],[29.301,39.708],[28.84,39.838],[27.972,39.838],[27.409,39.708],[27.235,39.514],[26.841,39.514],[26.847,39.579],[26.132,39.514],[26.252,40.032],[26.257,40.096],[26.673,40.355],[26.752,40.355],[27.47,40.42],[27.617,40.291],[27.696,40.291],[28.17,40.291],[28.182,40.42],[28.261,40.42],[29.046,40.355],[28.9,40.485],[28.913,40.614],[29.401,40.744],[29.48,40.744],[29.559,40.744],[29.54,40.55],[29.936,40.55],[29.923,40.42],[30.068,40.291],[30.457,40.226],[30.602,40.096],[30.589,39.967],[31.299,39.967],[31.378,39.967],[31.233,39.32],[31.443,39.062],[31.424,38.868],[31.738,38.868],[31.803,38.739],[32.189,38.674],[33.587,38.545],[33.669,37.835],[35.281,37.577],[35.835,37.642],[35.806,37.384],[35.387,37.126],[35.374,36.997],[35.035,36.739],[34.957,36.739]]],[[[26.246,38.933],[26.094,38.997],[26.103,39.126],[25.793,39.191],[26.044,39.385],[26.123,39.385],[26.511,39.32],[26.644,38.997],[26.246,38.933]]]]}},{"type":"Feature","id":"cliopatria-4529dfda9c7c33029e77b412","properties":{"NAME":"Kingdom of Pergamon","ABBREVN":null,"CONTROL":null,"SUBJECTO":"Kingdom of Pergamon","PARTOF":null,"BORDERPRECISION":1,"FromYear":-223,"ToYear":-213,"Area":38471.223927396386,"Type":"POLITY","Wikipedia":"Kingdom of Pergamon","Wikidata":"Q2022162","SeshatID":"tr_pergamon_k","Components":"","MemberOf":"","sourceFeatureId":"cliopatria-4529dfda9c7c33029e77b412","datasetId":"cliopatria"},"geometry":{"type":"MultiPolygon","coordinates":[[[[29.04,38.545],[28.961,38.545],[28.861,38.287],[28.527,38.029],[28.141,38.093],[27.969,37.9],[27.651,37.835],[27.5,37.9],[27.51,38.029],[27.275,38.029],[27.197,38.029],[26.889,38.093],[26.82,38.222],[26.429,38.222],[26.384,38.674],[26.536,38.61],[26.595,38.351],[27.065,38.351],[27.08,38.545],[26.849,38.61],[26.958,38.997],[26.879,38.997],[26.894,39.191],[26.742,39.256],[26.836,39.45],[26.841,39.514],[27.235,39.514],[27.409,39.708],[27.972,39.838],[28.84,39.838],[29.301,39.708],[29.315,38.997],[29.236,38.997],[29.208,38.674],[29.04,38.545]]]]}},{"type":"Feature","id":"cliopatria-bd5455a605a49f38baf3a399","properties":{"NAME":"Kingdom of Sophene","ABBREVN":null,"CONTROL":null,"SUBJECTO":"Kingdom of Sophene","PARTOF":null,"BORDERPRECISION":1,"FromYear":-223,"ToYear":-213,"Area":16970.761990939067,"Type":"POLITY","Wikipedia":"Kingdom of Sophene","Wikidata":"Q2626105","SeshatID":"","Components":"","MemberOf":"","sourceFeatureId":"cliopatria-bd5455a605a49f38baf3a399","datasetId":"cliopatria"},"geometry":{"type":"MultiPolygon","coordinates":[[[[40.137,38.287],[39.45,38.416],[39.389,38.545],[39.232,38.545],[39.25,38.674],[39.11,38.803],[38.814,38.933],[38.822,38.997],[38.744,38.997],[38.752,39.062],[38.927,39.191],[38.954,39.385],[39.209,39.514],[39.751,39.45],[39.848,39.579],[40.478,39.579],[40.51,39.256],[40.658,39.191],[40.514,38.739],[40.52,38.222],[40.442,38.222],[40.451,38.287],[40.372,38.287],[40.294,38.287],[40.216,38.287],[40.137,38.287]]]]}},{"type":"Feature","id":"cliopatria-e09760b421d3a6748b7b2635","properties":{"NAME":"Greek City-States","ABBREVN":null,"CONTROL":null,"SUBJECTO":"Greek City-States","PARTOF":null,"BORDERPRECISION":1,"FromYear":-223,"ToYear":-211,"Area":87864.22322423718,"Type":"POLITY","Wikipedia":"Polis","Wikidata":"Q148837","SeshatID":"","Components":"","MemberOf":"","sourceFeatureId":"cliopatria-e09760b421d3a6748b7b2635","datasetId":"cliopatria"},"geometry":{"type":"MultiPolygon","coordinates":[[[[24.157,35.516],[24.15,35.387],[24.301,35.323],[25.692,35.323],[25.681,35.13],[26.225,35.194],[26.14,35.065],[24.824,35.001],[24.757,35.194],[24.526,35.194],[24.448,35.194],[23.679,35.258],[23.615,35.516],[24.157,35.516]]],[[[22.887,36.417],[22.965,36.417],[23.117,36.353],[23.107,36.16],[22.874,36.16],[22.887,36.417]]],[[[14.432,36.997],[15.06,37.319],[15.059,37.255],[15.137,37.255],[15.136,37.19],[15.214,37.19],[15.213,37.126],[15.05,36.739],[14.661,36.739],[14.431,36.933],[14.432,36.997]]],[[[22.833,36.868],[22.599,36.868],[22.512,36.675],[22.356,36.675],[22.22,37.062],[21.909,37.062],[21.899,36.868],[21.744,36.868],[21.681,37.19],[21.603,37.19],[21.693,37.448],[21.697,37.513],[22.087,37.513],[22.236,37.384],[22.321,37.513],[22.399,37.513],[22.853,37.255],[23.056,36.675],[22.833,36.868]]],[[[21.631,37.771],[21.397,37.771],[21.319,37.771],[21.322,37.835],[21.244,37.835],[21.247,37.9],[21.25,37.964],[21.328,37.964],[21.331,38.029],[21.334,38.093],[21.412,38.093],[21.637,37.9],[21.631,37.771]]],[[[20.328,38.351],[20.488,38.416],[20.566,38.416],[20.795,38.287],[20.786,38.093],[20.32,38.158],[20.328,38.351]]],[[[25.876,38.158],[25.899,38.481],[25.821,38.481],[25.913,38.674],[25.991,38.674],[26.217,38.545],[26.111,38.158],[25.876,38.158]]],[[[22.525,38.416],[22.447,38.416],[22.547,38.803],[22.39,38.803],[22.397,38.933],[22.561,39.062],[22.794,38.997],[22.786,38.868],[22.943,38.868],[22.939,38.803],[23.313,38.481],[23.705,38.481],[24.084,38.287],[23.979,37.835],[23.443,38.029],[23.365,38.029],[23.216,38.158],[22.981,38.158],[22.988,38.287],[22.525,38.416]]],[[[21.062,38.933],[21.14,38.933],[21.291,38.803],[21.35,38.416],[21.272,38.416],[21.193,38.416],[21.196,38.481],[20.898,38.803],[20.741,38.803],[20.829,38.997],[21.062,38.933]]],[[[-0.314,39.126],[0.096,38.803],[-0.126,38.545],[-0.204,38.545],[-0.378,38.868],[-0.539,38.933],[-0.567,39.45],[-0.571,39.514],[-0.514,39.902],[-0.202,39.967],[-0.345,39.708],[-0.314,39.126]]],[[[24.491,40.809],[24.57,40.809],[24.808,40.809],[24.794,40.614],[24.551,40.55],[24.491,40.809]]],[[[27.378,42.041],[27.384,42.106],[27.464,42.106],[27.317,42.236],[27.329,42.366],[27.175,42.431],[27.193,42.626],[27.657,43.277],[27.998,43.472],[28.119,43.863],[28.3,44.059],[28.341,44.451],[28.422,44.451],[28.368,44.712],[28.64,44.973],[28.802,44.973],[28.841,44.581],[28.577,44.385],[28.536,43.994],[28.616,43.994],[28.481,43.472],[28.159,43.472],[28.226,43.342],[27.898,43.277],[27.805,43.147],[27.853,42.821],[27.847,42.756],[27.514,42.626],[27.495,42.431],[27.796,42.236],[27.924,41.911],[27.612,41.976],[27.538,42.041],[27.532,41.976],[27.452,41.976],[27.458,42.041],[27.378,42.041]],[[27.458,42.041],[27.538,42.041],[27.464,42.106],[27.458,42.041]]],[[[5.387,43.407],[5.063,43.472],[4.178,43.472],[4.173,43.603],[3.851,43.603],[2.985,43.147],[3.01,42.561],[3.178,42.366],[3.04,41.847],[2.698,42.366],[2.775,42.431],[2.669,43.017],[2.75,43.017],[2.741,43.212],[3.446,43.668],[4.728,43.863],[5.87,43.407],[6.594,43.407],[6.597,43.277],[6.278,43.147],[6.198,43.147],[5.796,43.147],[5.632,43.277],[5.391,43.277],[5.387,43.407]]],[[[27.743,35.902],[27.693,36.288],[28.017,36.482],[28.095,36.482],[28.25,36.482],[28.139,36.031],[27.743,35.902]]],[[[28.241,37.384],[28.304,37.19],[28.226,37.19],[28.221,37.126],[27.598,37.126],[27.608,37.255],[27.612,37.319],[28.241,37.384]]],[[[28.097,40.355],[28.103,40.42],[28.182,40.42],[28.17,40.291],[27.696,40.291],[27.701,40.355],[27.781,40.355],[27.786,40.42],[27.792,40.485],[27.871,40.485],[27.95,40.485],[27.945,40.42],[27.939,40.355],[28.018,40.355],[28.097,40.355]]],[[[40.381,41.003],[40.46,41.003],[40.598,40.874],[40.578,40.744],[40.409,40.679],[39.616,40.679],[39.398,40.809],[39.002,40.809],[38.824,40.679],[37.873,40.679],[37.355,40.938],[36.509,41.133],[36.527,41.263],[36.607,41.263],[36.775,41.327],[37.065,41.133],[37.233,41.198],[37.215,41.068],[37.771,41.068],[37.831,40.938],[38.158,41.003],[38.298,40.874],[38.952,41.003],[38.962,41.068],[39.21,41.133],[39.736,40.938],[40.381,41.003]]],[[[28.285,41.522],[28.279,41.457],[28.976,41.263],[28.963,41.133],[29.367,41.198],[29.255,40.874],[29.103,40.938],[29.116,41.068],[28.639,41.068],[28.56,41.068],[28.163,41.068],[28.083,41.068],[28.206,41.522],[28.285,41.522]]],[[[31.512,41.198],[31.361,41.263],[31.693,41.392],[31.592,41.198],[31.512,41.198]]],[[[35.086,41.782],[35.006,41.782],[35.015,41.847],[34.793,41.976],[35.121,42.041],[35.086,41.782]]],[[[40.416,43.147],[40.219,43.407],[39.978,43.407],[39.63,43.733],[40.414,43.603],[40.322,43.538],[40.38,43.407],[41.15,43.212],[41.208,43.082],[41.437,43.017],[41.414,42.886],[41.334,42.886],[41.173,42.886],[41.116,43.017],[40.817,43.147],[40.416,43.147]]],[[[40.033,43.733],[39.953,43.733],[39.964,43.798],[40.045,43.798],[40.033,43.733]]],[[[33.467,44.647],[33.548,44.647],[33.61,45.104],[33.23,45.3],[33.637,45.3],[33.917,44.973],[34.604,45.235],[35.183,45.3],[35.154,45.104],[35.235,45.104],[35.135,44.973],[35.125,44.908],[34.376,44.777],[33.926,44.451],[33.521,44.451],[33.467,44.647]]],[[[31.567,46.94],[31.533,46.677],[30.877,46.677],[30.298,45.955],[30.045,45.89],[29.859,45.693],[29.614,45.693],[29.644,45.955],[30.189,46.415],[30.271,46.415],[30.458,46.612],[31.065,46.874],[31.082,47.006],[31.567,46.94]]]]}},{"type":"Feature","id":"cliopatria-c3204aa662cf28f2ebfa58ee","properties":{"NAME":"(Warring States China)","ABBREVN":null,"CONTROL":null,"SUBJECTO":"(Warring States China)","PARTOF":null,"BORDERPRECISION":1,"FromYear":-222,"ToYear":-219,"Area":1632450.5370471487,"Type":"POLITY","Wikipedia":"Warring States Period","Wikidata":"Q185063","SeshatID":"","Components":"Qi;Qin","MemberOf":"","sourceFeatureId":"cliopatria-c3204aa662cf28f2ebfa58ee","datasetId":"cliopatria"},"geometry":{"type":"MultiPolygon","coordinates":[[[[124.412,40.291],[123.871,39.902],[123.876,39.773],[123.597,39.838],[122.936,39.644],[122.17,39.256],[121.952,38.997],[121.716,38.997],[121.422,38.739],[121.029,38.739],[121.201,39.062],[121.515,39.062],[121.69,39.385],[121.297,39.385],[121.21,39.514],[121.281,39.644],[121.438,39.644],[121.503,39.902],[121.776,39.967],[122.231,40.485],[122.106,40.679],[121.827,40.744],[121.824,40.874],[121.11,40.874],[120.997,40.679],[120.647,40.485],[120.5,40.226],[119.38,39.773],[119.215,39.32],[118.45,39.062],[118.057,39.062],[118.046,39.191],[117.888,39.191],[117.576,38.739],[117.655,38.739],[117.622,38.674],[117.589,38.61],[117.668,38.61],[117.602,38.481],[118.054,38.287],[118.067,38.158],[118.583,38.093],[118.648,38.222],[118.804,38.222],[118.772,38.158],[119.209,38.093],[119.177,38.029],[119.457,37.964],[119.393,37.835],[119.237,37.835],[118.984,37.319],[119.14,37.319],[119.156,37.19],[119.701,37.19],[119.827,37.448],[120.202,37.577],[120.188,37.706],[120.754,37.9],[121.112,37.835],[121.171,37.642],[121.483,37.642],[121.497,37.513],[122.154,37.577],[122.121,37.513],[122.713,37.448],[122.442,37.062],[122.566,36.997],[122.503,36.868],[122.161,36.804],[122.146,36.933],[121.912,36.933],[121.212,36.61],[120.979,36.61],[120.965,36.417],[120.732,36.417],[120.659,36.095],[120.318,36.031],[120.075,35.838],[120.045,35.773],[120.016,35.709],[119.619,35.516],[119.228,34.808],[119.459,34.808],[119.431,34.744],[119.711,34.679],[119.732,34.551],[120.342,34.358],[120.489,34.165],[120.55,33.586],[120.926,33.2],[120.919,32.622],[121.403,32.493],[121.503,32.172],[121.783,32.107],[121.987,31.85],[121.836,31.658],[121.301,31.85],[120.919,31.85],[121.454,31.658],[121.481,31.529],[121.634,31.529],[121.584,31.4],[121.737,31.4],[121.995,31.079],[121.899,30.822],[121.519,30.822],[120.801,30.308],[120.725,30.308],[120.521,30.372],[119.703,29.987],[118.36,29.601],[116.736,29.729],[116.27,29.922],[116.129,30.179],[116.151,30.244],[116.119,30.372],[115.685,30.436],[115.208,30.372],[114.872,30.501],[114.113,30.501],[113.951,30.244],[113.584,30.051],[113.267,29.537],[112.904,29.344],[111.996,29.344],[111.809,29.472],[111.299,29.537],[110.662,29.922],[110.227,29.987],[109.406,29.537],[109.274,29.601],[109.16,29.472],[108.667,29.344],[108.629,29.215],[108.497,29.279],[107.459,28.83],[106.028,28.572],[106.069,28.444],[105.129,28.315],[104.066,28.572],[103.898,28.508],[103.857,28.637],[102.927,28.83],[102.602,29.022],[101.48,29.344],[101.44,29.472],[101.156,29.537],[100.982,29.729],[101.019,29.858],[100.828,29.987],[100.865,30.115],[100.674,30.244],[100.673,30.501],[100.598,30.501],[100.982,31.272],[101.836,32.043],[102.158,32.557],[102.312,33.457],[102.235,33.457],[102.325,33.715],[102.248,33.715],[102.409,34.165],[103.094,34.358],[103.379,34.293],[103.479,34.358],[103.497,34.615],[104.133,34.872],[106.185,35.387],[106.493,35.58],[106.803,35.58],[106.854,35.709],[107.061,35.645],[108.069,36.031],[109.367,36.353],[109.422,36.482],[109.55,36.417],[110.698,36.739],[110.754,36.868],[110.882,36.804],[111.434,36.997],[111.889,37.319],[114.146,39.256],[114.054,39.385],[113.897,39.385],[113.93,39.45],[113.772,39.45],[113.805,39.514],[113.083,39.644],[113.116,39.708],[112.17,39.708],[112.178,40.032],[112.302,39.967],[112.742,40.355],[114.596,40.42],[114.527,40.291],[114.799,40.355],[114.764,40.291],[115.283,40.226],[115.55,39.838],[116.102,39.838],[117.03,40.096],[117.295,40.291],[118.236,40.42],[118.705,40.55],[118.778,40.679],[119.174,40.679],[122.928,41.911],[123.167,41.911],[123.127,41.847],[123.405,41.782],[123.365,41.717],[123.604,41.717],[123.564,41.652],[123.843,41.587],[123.803,41.522],[124.042,41.522],[124.002,41.457],[124.757,41.133],[124.837,41.133],[124.412,40.291]]]]}},{"type":"Feature","id":"cliopatria-0ca6c64a4d014e358fdb3483","properties":{"NAME":"Qi","ABBREVN":null,"CONTROL":null,"SUBJECTO":"Qi","PARTOF":"(Warring States China)","BORDERPRECISION":1,"FromYear":-222,"ToYear":-219,"Area":109210.77303119135,"Type":"POLITY","Wikipedia":"Qi (state)","Wikidata":"Q1143524","SeshatID":"cn_qi_warring_states","Components":"","MemberOf":"(Warring States China)","sourceFeatureId":"cliopatria-0ca6c64a4d014e358fdb3483","datasetId":"cliopatria"},"geometry":{"type":"MultiPolygon","coordinates":[[[[119.209,38.093],[119.177,38.029],[119.457,37.964],[119.393,37.835],[119.237,37.835],[118.984,37.319],[119.14,37.319],[119.156,37.19],[119.701,37.19],[119.827,37.448],[120.202,37.577],[120.188,37.706],[120.754,37.9],[121.112,37.835],[121.171,37.642],[121.483,37.642],[121.497,37.513],[122.154,37.577],[122.121,37.513],[122.713,37.448],[122.442,37.062],[122.566,36.997],[122.503,36.868],[122.161,36.804],[122.146,36.933],[121.912,36.933],[121.212,36.61],[120.979,36.61],[120.965,36.417],[120.732,36.417],[120.659,36.095],[120.318,36.031],[120.075,35.838],[120.045,35.773],[118.264,35.773],[117.664,35.645],[117.693,35.709],[116.899,35.838],[116.752,36.031],[115.598,36.224],[115.607,36.417],[116.615,37.255],[117.197,38.61],[117.622,38.674],[117.589,38.61],[117.668,38.61],[117.602,38.481],[118.054,38.287],[118.067,38.158],[118.583,38.093],[118.648,38.222],[118.804,38.222],[118.772,38.158],[119.209,38.093]]]]}},{"type":"Feature","id":"cliopatria-9b84219586945f2329577e82","properties":{"NAME":"Qin","ABBREVN":null,"CONTROL":null,"SUBJECTO":"Qin","PARTOF":"(Warring States China)","BORDERPRECISION":1,"FromYear":-222,"ToYear":-219,"Area":1523239.7640159565,"Type":"POLITY","Wikipedia":"Qin (state)","Wikidata":"Q1471995","SeshatID":"","Components":"","MemberOf":"(Warring States China)","sourceFeatureId":"cliopatria-9b84219586945f2329577e82","datasetId":"cliopatria"},"geometry":{"type":"MultiPolygon","coordinates":[[[[124.837,41.133],[124.412,40.291],[123.871,39.902],[123.876,39.773],[123.597,39.838],[122.936,39.644],[122.17,39.256],[121.952,38.997],[121.716,38.997],[121.422,38.739],[121.029,38.739],[121.201,39.062],[121.515,39.062],[121.69,39.385],[121.297,39.385],[121.21,39.514],[121.281,39.644],[121.438,39.644],[121.503,39.902],[121.776,39.967],[122.231,40.485],[122.106,40.679],[121.827,40.744],[121.824,40.874],[121.11,40.874],[120.997,40.679],[120.647,40.485],[120.5,40.226],[119.38,39.773],[119.215,39.32],[118.45,39.062],[118.057,39.062],[118.046,39.191],[117.888,39.191],[117.576,38.739],[117.655,38.739],[117.622,38.674],[117.197,38.61],[116.615,37.255],[115.607,36.417],[115.598,36.224],[116.752,36.031],[116.899,35.838],[117.693,35.709],[117.664,35.645],[118.264,35.773],[120.045,35.773],[120.016,35.709],[119.619,35.516],[119.228,34.808],[119.459,34.808],[119.431,34.744],[119.711,34.679],[119.732,34.551],[120.342,34.358],[120.489,34.165],[120.55,33.586],[120.926,33.2],[120.919,32.622],[121.403,32.493],[121.503,32.172],[121.783,32.107],[121.987,31.85],[121.836,31.658],[121.301,31.85],[120.919,31.85],[121.454,31.658],[121.481,31.529],[121.634,31.529],[121.584,31.4],[121.737,31.4],[121.995,31.079],[121.899,30.822],[121.519,30.822],[120.801,30.308],[120.725,30.308],[120.521,30.372],[119.703,29.987],[118.36,29.601],[116.736,29.729],[116.27,29.922],[116.129,30.179],[116.151,30.244],[116.119,30.372],[115.685,30.436],[115.208,30.372],[114.872,30.501],[114.113,30.501],[113.951,30.244],[113.584,30.051],[113.267,29.537],[112.904,29.344],[111.996,29.344],[111.809,29.472],[111.299,29.537],[110.662,29.922],[110.227,29.987],[109.406,29.537],[109.274,29.601],[109.16,29.472],[108.667,29.344],[108.629,29.215],[108.497,29.279],[107.459,28.83],[106.028,28.572],[106.069,28.444],[105.129,28.315],[104.066,28.572],[103.898,28.508],[103.857,28.637],[102.927,28.83],[102.602,29.022],[101.48,29.344],[101.44,29.472],[101.156,29.537],[100.982,29.729],[101.019,29.858],[100.828,29.987],[100.865,30.115],[100.674,30.244],[100.673,30.501],[100.598,30.501],[100.982,31.272],[101.836,32.043],[102.158,32.557],[102.312,33.457],[102.235,33.457],[102.325,33.715],[102.248,33.715],[102.409,34.165],[103.094,34.358],[103.379,34.293],[103.479,34.358],[103.497,34.615],[104.133,34.872],[106.185,35.387],[106.493,35.58],[106.803,35.58],[106.854,35.709],[107.061,35.645],[108.069,36.031],[109.367,36.353],[109.422,36.482],[109.55,36.417],[110.698,36.739],[110.754,36.868],[110.882,36.804],[111.434,36.997],[111.889,37.319],[114.146,39.256],[114.054,39.385],[113.897,39.385],[113.93,39.45],[113.772,39.45],[113.805,39.514],[113.083,39.644],[113.116,39.708],[112.17,39.708],[112.178,40.032],[112.302,39.967],[112.742,40.355],[114.596,40.42],[114.527,40.291],[114.799,40.355],[114.764,40.291],[115.283,40.226],[115.55,39.838],[116.102,39.838],[117.03,40.096],[117.295,40.291],[118.236,40.42],[118.705,40.55],[118.778,40.679],[119.174,40.679],[122.928,41.911],[123.167,41.911],[123.127,41.847],[123.405,41.782],[123.365,41.717],[123.604,41.717],[123.564,41.652],[123.843,41.587],[123.803,41.522],[124.042,41.522],[124.002,41.457],[124.757,41.133],[124.837,41.133]]]]}},{"type":"Feature","id":"cliopatria-65de694312287d30df2507ea","properties":{"NAME":"Roman Republic","ABBREVN":null,"CONTROL":null,"SUBJECTO":"Roman Republic","PARTOF":null,"BORDERPRECISION":1,"FromYear":-222,"ToYear":-219,"Area":216929.51660599766,"Type":"POLITY","Wikipedia":"Roman Republic","Wikidata":"Q175881","SeshatID":"it_roman_rep_2","Components":"","MemberOf":"","sourceFeatureId":"cliopatria-65de694312287d30df2507ea","datasetId":"cliopatria"},"geometry":{"type":"MultiPolygon","coordinates":[[[[19.912,39.579],[19.758,39.644],[19.764,39.773],[19.921,39.773],[19.918,39.708],[19.912,39.579]]],[[[9.822,40.744],[9.823,40.355],[9.665,40.291],[9.747,39.644],[9.669,39.644],[9.593,39.126],[9.12,39.191],[8.966,38.868],[8.73,38.868],[8.336,38.997],[8.412,39.256],[8.333,39.256],[8.33,39.514],[8.409,39.514],[8.483,39.902],[8.325,39.967],[8.4,40.291],[8.321,40.291],[8.319,40.485],[8.16,40.55],[8.155,40.938],[8.552,40.874],[9.025,41.263],[9.104,41.263],[9.502,41.198],[9.822,40.744]]],[[[19.41,40.679],[19.249,40.614],[19.255,40.744],[19.498,40.874],[19.431,41.133],[19.66,40.938],[19.575,40.809],[19.572,40.744],[19.562,40.55],[19.41,40.679]]],[[[12.154,44.451],[12.313,44.19],[12.873,43.798],[13.036,43.863],[13.034,43.733],[13.355,43.668],[13.673,43.407],[13.747,43.082],[13.985,42.951],[13.901,42.756],[14.056,42.496],[14.371,42.236],[14.531,42.236],[14.608,42.106],[14.769,42.171],[14.766,42.041],[14.924,41.976],[15.165,42.041],[15.241,41.911],[16.119,41.911],[16.115,41.782],[15.874,41.717],[15.944,41.392],[17.203,41.003],[17.511,40.744],[17.981,40.614],[18.438,40.161],[18.349,39.902],[18.112,39.902],[17.813,40.355],[17.418,40.355],[17.345,40.55],[17.028,40.55],[16.868,40.485],[16.945,40.42],[16.862,40.291],[16.624,40.291],[16.697,40.096],[16.457,39.967],[16.447,39.644],[16.916,39.514],[17.07,39.385],[17.138,39.062],[16.502,38.803],[16.492,38.416],[15.933,37.964],[15.698,37.964],[15.624,38.158],[15.389,38.158],[15.066,37.642],[15.062,37.384],[15.06,37.319],[14.432,36.997],[14.354,36.997],[14.123,37.19],[13.578,37.255],[13.192,37.577],[12.49,37.706],[12.492,37.9],[12.65,38.093],[13.04,38.029],[13.12,38.158],[13.355,38.158],[13.665,37.964],[14.056,37.964],[15.862,38.287],[15.95,38.674],[16.265,38.739],[16.27,38.933],[16.117,39.062],[15.899,39.773],[15.666,39.902],[15.748,40.032],[15.432,40.032],[15.199,40.226],[15.041,40.226],[14.893,40.679],[14.418,40.679],[14.422,40.874],[14.105,40.874],[13.951,41.133],[13.792,41.133],[13.715,41.263],[13,41.327],[12.131,41.911],[12.132,42.041],[11.813,42.106],[11.655,42.366],[11.495,42.301],[11.415,42.431],[11.255,42.431],[11.176,42.626],[11.016,42.626],[11.016,42.821],[10.535,43.082],[10.374,43.668],[10.213,43.863],[10.212,44.059],[10.374,44.124],[10.373,44.255],[10.535,44.255],[10.535,44.385],[10.697,44.451],[10.616,44.712],[10.21,44.973],[8.909,45.104],[8.581,45.366],[8.579,45.497],[8.904,45.628],[10.534,45.628],[10.86,45.497],[11.511,45.497],[12.082,45.628],[12.741,46.152],[13.15,46.218],[13.39,45.824],[13.145,45.824],[13.06,45.628],[12.817,45.693],[12.652,45.562],[12.163,45.497],[12.16,45.17],[12.403,45.039],[12.4,44.777],[12.319,44.777],[12.238,44.777],[12.157,44.843],[12.154,44.451]]],[[[9.493,42.756],[9.574,42.756],[9.578,41.976],[9.498,41.976],[9.499,41.782],[9.262,41.392],[9.104,41.327],[8.784,41.522],[8.782,41.717],[8.623,41.717],[8.7,41.911],[8.539,42.106],[8.535,42.496],[8.773,42.691],[9.173,42.756],[9.251,43.017],[9.331,43.017],[9.492,43.017],[9.493,42.756]]],[[[10.455,42.691],[10.215,42.691],[10.134,42.886],[10.214,42.886],[10.455,42.886],[10.455,42.691]]]]}},{"type":"Feature","id":"cliopatria-6cb599a6933b04550ae4e967","properties":{"NAME":"Carthage","ABBREVN":null,"CONTROL":null,"SUBJECTO":"Carthage","PARTOF":null,"BORDERPRECISION":1,"FromYear":-218,"ToYear":-217,"Area":454097.4371871099,"Type":"POLITY","Wikipedia":"Ancient Carthage","Wikidata":"Q2429397","SeshatID":"tn_carthage_emp","Components":"","MemberOf":"","sourceFeatureId":"cliopatria-6cb599a6933b04550ae4e967","datasetId":"cliopatria"},"geometry":{"type":"MultiPolygon","coordinates":[[[[11.083,35.387],[11.006,35.387],[11.083,35.001],[10.851,34.937],[10.851,34.808],[10.543,34.551],[10.004,34.293],[10.082,34.229],[10.006,33.907],[10.237,33.715],[10.544,33.715],[10.698,33.522],[11.082,33.586],[11.158,33.2],[11.464,33.2],[12.229,32.814],[12.612,32.879],[12.535,32.75],[12.841,32.75],[12.842,32.879],[13.302,32.943],[13.454,32.814],[13.761,32.879],[13.759,32.75],[14.065,32.75],[14.444,32.493],[14.675,32.557],[14.749,32.429],[15.055,32.429],[15.282,32.3],[15.425,31.658],[15.576,31.593],[15.649,31.4],[16.179,31.208],[16.864,31.208],[17.847,30.951],[18.222,30.758],[18.592,30.372],[18.896,30.372],[18.814,30.115],[18.586,30.115],[18.216,30.501],[17.161,30.886],[15.569,31.143],[15.193,31.465],[15.05,32.107],[14.899,32.236],[14.517,32.172],[14.443,32.365],[13.758,32.622],[11.998,32.622],[12.076,32.75],[11.617,32.943],[11.081,32.879],[10.698,33.136],[10.468,33.136],[10.468,33.264],[9.854,33.393],[9.624,33.329],[9.547,33.522],[9.316,33.586],[9.083,34.036],[8.929,34.036],[9.003,34.358],[8.926,34.358],[8.846,34.744],[8.459,34.872],[8.229,34.808],[8.073,34.937],[7.906,35.966],[7.828,35.966],[7.902,36.224],[7.586,36.61],[6.965,36.61],[6.889,36.482],[6.422,36.546],[6.347,36.417],[5.879,36.482],[5.649,36.353],[2.775,36.417],[2.316,36.224],[2.003,36.288],[2.008,36.16],[1.155,36.16],[1.005,36.031],[0.772,36.031],[0.479,35.645],[-0.292,35.58],[-1.04,35.065],[-1.198,35.13],[-1.346,35.001],[-1.806,34.937],[-1.876,34.808],[-2.809,34.937],[-4.734,34.872],[-4.743,35.001],[-5.214,35.13],[-5.39,35.451],[-5.627,35.516],[-5.9,35.001],[-5.815,34.872],[-5.969,34.872],[-6.242,34.358],[-6.157,34.229],[-6.31,34.229],[-6.601,33.972],[-6.592,33.843],[-6.814,33.715],[-6.728,33.586],[-7.184,33.522],[-7.474,33.264],[-7.875,33.522],[-7.13,33.843],[-7.062,33.972],[-6.904,33.907],[-6.614,34.165],[-6.7,34.293],[-6.473,34.358],[-6.482,34.486],[-6.332,34.551],[-6.277,34.872],[-6.2,34.872],[-6.291,35.065],[-6.132,35.001],[-6.145,35.194],[-6,35.323],[-5.877,35.773],[-5.339,35.838],[-5.24,35.516],[-4.755,35.194],[-3.132,35.194],[-2.982,35.258],[-2.993,35.451],[-2.838,35.451],[-2.82,35.13],[-2.662,35.065],[-1.89,35.065],[-1.591,35.258],[-1.359,35.258],[-1.136,35.451],[-1.224,35.645],[-1.066,35.58],[-0.917,35.709],[-0.53,35.709],[-0.459,35.838],[0.084,35.838],[0.376,36.224],[0.684,36.288],[0.678,36.417],[0.914,36.353],[1.216,36.546],[1.53,36.482],[2.377,36.675],[2.69,36.61],[2.841,36.739],[3.23,36.739],[3.459,36.868],[3.85,36.804],[4.469,36.933],[4.859,36.868],[5.098,36.675],[5.564,36.675],[5.639,36.804],[6.106,36.804],[6.103,36.933],[6.334,37.062],[6.805,36.868],[7.194,36.868],[7.346,37.062],[7.502,37.062],[7.738,36.868],[8.516,36.868],[8.903,37.126],[9.059,37.062],[9.603,37.319],[9.993,37.19],[10.227,37.255],[10.228,37.062],[10.305,37.062],[10.228,36.804],[10.54,36.739],[10.851,36.997],[11.006,36.997],[11.006,36.804],[10.462,36.417],[10.54,36.353],[10.464,35.902],[10.696,35.709],[10.851,35.773],[10.851,35.645],[10.928,35.645],[11.083,35.58],[11.083,35.387]]],[[[14.568,35.773],[14.337,35.838],[14.34,36.031],[14.417,36.031],[14.571,35.966],[14.568,35.773]]],[[[1.658,38.997],[1.431,38.803],[1.274,38.803],[1.183,39.062],[1.259,39.126],[1.337,39.126],[1.652,39.126],[1.658,38.997]]],[[[0.488,41.847],[0.644,41.911],[0.731,41.782],[1.785,41.392],[1.871,41.263],[1.238,41.198],[0.696,40.938],[0.709,40.679],[0.475,40.614],[0.248,40.42],[0.183,40.161],[-0.202,39.967],[-0.345,39.708],[-0.314,39.126],[0.099,38.739],[-0.661,38.287],[-0.803,38.029],[-0.705,37.642],[-1.709,37.448],[-1.623,37.319],[-1.857,37.319],[-2.062,36.804],[-2.532,36.868],[-2.68,36.739],[-4.469,36.739],[-4.689,36.546],[-5.228,36.482],[-5.288,36.224],[-5.516,36.16],[-5.585,36.031],[-5.831,36.224],[-6.064,36.224],[-6.432,36.997],[-6.588,36.997],[-6.842,37.255],[-7.465,37.255],[-7.554,37.384],[-7.575,37.642],[-7.284,37.9],[-7.222,38.093],[-6.011,38.61],[-5.87,38.803],[-5.482,38.868],[-4.219,39.838],[-4.228,39.967],[-4.075,40.032],[-4.085,40.161],[-3.932,40.226],[-3.793,40.485],[-3.887,40.679],[-3.733,40.744],[-3.713,41.522],[-3.564,41.652],[-3.679,42.106],[-3.449,42.236],[-3.39,42.496],[-2.994,42.561],[-2.929,42.756],[-2.373,42.821],[-2.283,42.691],[-2.123,42.691],[-2.029,42.496],[-1.309,42.496],[-1.22,42.366],[-0.329,42.171],[-0.325,42.106],[0.321,41.976],[0.488,41.847]]],[[[3.198,39.838],[3.516,39.773],[3.296,39.32],[2.824,39.32],[2.659,39.514],[2.346,39.45],[2.338,39.644],[2.877,39.967],[2.956,39.967],[3.193,39.967],[3.198,39.838]]],[[[4.302,39.838],[3.827,39.902],[3.741,40.096],[3.82,40.096],[4.215,40.096],[4.302,39.838]]],[[[-3.956,40.55],[-3.877,40.55],[-3.872,40.485],[-3.951,40.485],[-3.956,40.55]]],[[[3.888,44.712],[3.804,44.777],[3.885,44.777],[3.869,45.17],[5.108,44.581],[5.033,44.385],[4.869,44.451],[4.874,44.32],[4.71,44.385],[4.714,44.255],[4.55,44.32],[4.553,44.255],[3.916,43.994],[3.888,44.712]]]]}},{"type":"Feature","id":"cliopatria-55859382612ee2c8b7c889b3","properties":{"NAME":"Ptolemaic Kingdom","ABBREVN":null,"CONTROL":null,"SUBJECTO":"Ptolemaic Kingdom","PARTOF":null,"BORDERPRECISION":1,"FromYear":-218,"ToYear":-217,"Area":738967.4365770706,"Type":"POLITY","Wikipedia":"Ptolemaic Kingdom","Wikidata":"Q2320005","SeshatID":"eg_ptolemaic_k_1","Components":"","MemberOf":"","sourceFeatureId":"cliopatria-55859382612ee2c8b7c889b3","datasetId":"cliopatria"},"geometry":{"type":"MultiPolygon","coordinates":[[[[35.662,31.208],[35.113,31.015],[35.022,30.822],[34.621,30.565],[34.611,30.436],[34.389,30.501],[34.303,30.372],[33.838,30.244],[32.919,30.115],[32.91,29.987],[32.758,29.987],[32.673,29.858],[32.526,29.922],[32.442,29.794],[32.689,28.958],[32.836,28.894],[33.105,28.38],[33.609,27.994],[33.585,27.608],[33.799,27.415],[33.927,27.029],[34.073,26.965],[34.051,26.579],[34.197,26.515],[34.461,25.872],[34.608,25.808],[35.146,24.651],[35.86,24.008],[35.854,23.879],[35.559,23.943],[35.553,23.815],[35.108,23.879],[33.756,23.686],[33.682,23.686],[33.389,23.815],[32.041,23.686],[31.67,23.751],[30.537,23.365],[30.463,23.365],[30.395,23.558],[30.104,23.751],[30.109,23.879],[29.959,23.879],[29.673,24.201],[28.569,24.651],[28.289,25.165],[28.244,25.936],[28.345,26.579],[28.27,26.579],[28.154,27.351],[27.937,27.544],[27.711,27.544],[27.792,27.672],[27.43,27.994],[27.276,27.93],[27.285,28.122],[26.847,28.444],[25.883,28.83],[25.225,29.344],[24.922,29.344],[24.855,29.537],[24.406,29.665],[24.263,29.858],[23.667,30.115],[23.227,30.501],[22.848,30.501],[22.853,30.629],[21.951,30.886],[20.582,30.886],[19.957,30.308],[19.651,30.244],[19.572,30.115],[18.735,29.987],[18.738,30.115],[18.894,30.308],[19.272,30.244],[19.655,30.372],[19.964,30.565],[19.968,30.694],[20.202,30.886],[20.134,31.143],[20.214,31.272],[19.996,31.593],[20.089,32.107],[20.017,32.236],[20.246,32.236],[20.331,32.493],[20.482,32.429],[20.563,32.557],[20.716,32.557],[20.644,32.686],[20.871,32.622],[21.108,32.814],[21.412,32.75],[21.879,32.943],[23.089,32.622],[23.081,32.429],[23.231,32.365],[23.149,32.236],[23.299,32.172],[23.68,32.172],[24.129,31.979],[24.892,31.979],[25.112,31.786],[25.102,31.593],[25.248,31.465],[26.848,31.465],[27.297,31.336],[27.515,31.143],[28.496,31.015],[28.865,30.822],[29.397,30.822],[29.485,31.015],[29.633,30.951],[29.87,31.079],[29.802,31.208],[29.882,31.272],[30.339,31.272],[30.271,31.4],[30.352,31.465],[30.809,31.465],[30.966,31.529],[30.975,31.658],[31.203,31.658],[31.118,31.529],[31.266,31.465],[31.875,31.465],[31.781,31.208],[31.937,31.272],[32,31.079],[32.304,31.079],[32.237,31.208],[32.389,31.208],[32.532,31.079],[32.765,31.143],[32.832,31.015],[33.749,31.079],[34.297,31.272],[34.302,31.336],[34.851,31.529],[34.868,31.722],[35.184,31.85],[35.37,32.236],[35.704,32.557],[36.099,32.686],[36.518,33.072],[36.901,33.072],[36.717,32.75],[36.751,32.3],[36.516,32.236],[36.656,32.107],[36.492,31.979],[36.37,31.465],[36.364,31.4],[36.423,31.208],[35.662,31.208]]],[[[26.865,36.675],[27.039,36.933],[27.117,36.933],[27.185,36.804],[26.865,36.675]]],[[[27.35,36.933],[27.195,36.933],[27.209,37.126],[27.286,37.126],[27.442,37.126],[27.35,36.933]]],[[[26.673,40.355],[26.257,40.096],[26.262,40.161],[26.267,40.226],[26.272,40.291],[26.351,40.291],[26.357,40.355],[26.605,40.485],[26.678,40.42],[26.673,40.355]]],[[[26.921,40.485],[26.768,40.55],[26.774,40.614],[26.785,40.744],[27.102,40.744],[26.921,40.485]]],[[[26.066,40.679],[26.23,40.744],[26.309,40.744],[26.542,40.679],[26.066,40.679]]],[[[33.957,35.258],[34.087,35.001],[33.695,34.937],[33.523,34.744],[33.132,34.679],[33.044,34.551],[32.367,34.744],[32.229,34.937],[32.246,35.13],[32.555,35.13],[32.875,35.258],[32.887,35.387],[33.737,35.387],[34.31,35.709],[34.387,35.709],[34.542,35.709],[34.529,35.58],[33.957,35.258]]],[[[32.068,36.61],[33.375,37.255],[33.609,37.255],[33.674,37.126],[34.219,37.126],[34.335,36.739],[34.328,36.675],[33.979,36.288],[33.274,36.224],[32.713,36.031],[32.558,36.031],[32.499,36.224],[32.212,36.482],[32.134,36.482],[32.14,36.546],[32.062,36.546],[32.068,36.61]]],[[[34.95,36.675],[34.957,36.739],[35.035,36.739],[35.028,36.675],[34.95,36.675]]],[[[29.938,36.224],[29.24,36.224],[29.125,36.739],[28.357,36.868],[28.187,36.675],[28.031,36.675],[28.226,37.19],[28.304,37.19],[29.369,36.868],[29.363,36.804],[29.441,36.804],[29.446,36.868],[30.619,36.933],[30.613,36.868],[30.536,36.868],[30.53,36.804],[30.492,36.353],[30.026,36.353],[29.938,36.224]]],[[[35.197,36.804],[35.204,36.868],[35.834,36.933],[35.827,36.868],[35.749,36.868],[35.488,36.61],[35.035,36.739],[35.197,36.804]]]]}},{"type":"Feature","id":"cliopatria-242d0b959cc8d06670b3a0cd","properties":{"NAME":"Roman Republic","ABBREVN":null,"CONTROL":null,"SUBJECTO":"Roman Republic","PARTOF":null,"BORDERPRECISION":1,"FromYear":-218,"ToYear":-217,"Area":219104.12675945833,"Type":"POLITY","Wikipedia":"Roman Republic","Wikidata":"Q175881","SeshatID":"it_roman_rep_2","Components":"","MemberOf":"","sourceFeatureId":"cliopatria-242d0b959cc8d06670b3a0cd","datasetId":"cliopatria"},"geometry":{"type":"MultiPolygon","coordinates":[[[[19.912,39.579],[19.758,39.644],[19.764,39.773],[19.921,39.773],[19.918,39.708],[19.912,39.579]]],[[[9.822,40.744],[9.823,40.355],[9.665,40.291],[9.747,39.644],[9.669,39.644],[9.593,39.126],[9.12,39.191],[8.966,38.868],[8.73,38.868],[8.336,38.997],[8.412,39.256],[8.333,39.256],[8.33,39.514],[8.409,39.514],[8.483,39.902],[8.325,39.967],[8.4,40.291],[8.321,40.291],[8.319,40.485],[8.16,40.55],[8.155,40.938],[8.552,40.874],[9.025,41.263],[9.104,41.263],[9.502,41.198],[9.822,40.744]]],[[[19.438,41.263],[19.523,41.392],[19.444,41.392],[19.53,41.522],[19.456,41.652],[19.772,41.587],[19.676,41.263],[19.822,41.003],[19.575,40.809],[19.562,40.55],[19.41,40.679],[19.249,40.614],[19.255,40.744],[19.416,40.809],[19.419,40.874],[19.498,40.874],[19.438,41.263]]],[[[12.313,44.19],[12.873,43.798],[13.036,43.863],[13.034,43.733],[13.355,43.668],[13.673,43.407],[13.747,43.082],[13.985,42.951],[13.901,42.756],[14.056,42.496],[14.371,42.236],[14.531,42.236],[14.608,42.106],[14.769,42.171],[14.766,42.041],[14.924,41.976],[15.165,42.041],[15.241,41.911],[16.119,41.911],[16.115,41.782],[15.874,41.717],[15.944,41.392],[17.203,41.003],[17.511,40.744],[17.981,40.614],[18.438,40.161],[18.349,39.902],[18.112,39.902],[17.813,40.355],[17.418,40.355],[17.345,40.55],[17.028,40.55],[16.868,40.485],[16.945,40.42],[16.862,40.291],[16.624,40.291],[16.697,40.096],[16.457,39.967],[16.447,39.644],[16.916,39.514],[17.07,39.385],[17.138,39.062],[16.502,38.803],[16.492,38.416],[15.933,37.964],[15.698,37.964],[15.624,38.158],[15.389,38.158],[15.066,37.642],[15.062,37.384],[15.06,37.319],[14.432,36.997],[14.354,36.997],[14.123,37.19],[13.578,37.255],[13.192,37.577],[12.49,37.706],[12.492,37.9],[12.65,38.093],[13.04,38.029],[13.12,38.158],[13.355,38.158],[13.665,37.964],[14.056,37.964],[15.862,38.287],[15.95,38.674],[16.265,38.739],[16.27,38.933],[16.117,39.062],[15.899,39.773],[15.666,39.902],[15.748,40.032],[15.432,40.032],[15.199,40.226],[15.041,40.226],[14.893,40.679],[14.418,40.679],[14.422,40.874],[14.105,40.874],[13.951,41.133],[13.792,41.133],[13.715,41.263],[13,41.327],[12.131,41.911],[12.132,42.041],[11.813,42.106],[11.655,42.366],[11.495,42.301],[11.415,42.431],[11.255,42.431],[11.176,42.626],[11.016,42.626],[11.016,42.821],[10.535,43.082],[10.374,43.668],[10.213,43.863],[10.212,44.059],[10.374,44.124],[10.373,44.255],[10.535,44.255],[10.535,44.385],[10.697,44.451],[10.616,44.712],[10.21,44.973],[8.909,45.104],[8.581,45.366],[8.579,45.497],[8.904,45.628],[10.534,45.628],[10.86,45.497],[11.511,45.497],[12.082,45.628],[12.741,46.152],[13.15,46.218],[13.39,45.824],[13.145,45.824],[13.06,45.628],[12.817,45.693],[12.652,45.562],[12.163,45.497],[12.16,45.17],[12.403,45.039],[12.4,44.777],[12.319,44.777],[12.238,44.777],[12.157,44.843],[12.154,44.451],[12.313,44.19]]],[[[9.493,42.756],[9.574,42.756],[9.578,41.976],[9.498,41.976],[9.499,41.782],[9.262,41.392],[9.104,41.327],[8.784,41.522],[8.782,41.717],[8.623,41.717],[8.7,41.911],[8.539,42.106],[8.535,42.496],[8.773,42.691],[9.173,42.756],[9.251,43.017],[9.331,43.017],[9.492,43.017],[9.493,42.756]]],[[[10.455,42.691],[10.215,42.691],[10.134,42.886],[10.214,42.886],[10.455,42.886],[10.455,42.691]]],[[[16.791,42.886],[16.796,43.017],[17.119,43.082],[17.2,43.082],[17.192,42.886],[16.791,42.886]]]]}},{"type":"Feature","id":"cliopatria-02ea066c3358bc95ed4d834e","properties":{"NAME":"Seleucid Empire","ABBREVN":null,"CONTROL":null,"SUBJECTO":"Seleucid Empire","PARTOF":null,"BORDERPRECISION":1,"FromYear":-218,"ToYear":-217,"Area":2091997.0510704112,"Type":"POLITY","Wikipedia":"Seleucid dynasty","Wikidata":"Q705904","SeshatID":"ir_seleucid_emp","Components":"","MemberOf":"","sourceFeatureId":"cliopatria-02ea066c3358bc95ed4d834e","datasetId":"cliopatria"},"geometry":{"type":"MultiPolygon","coordinates":[[[[54.033,36.868],[54.774,36.675],[55.785,36.675],[56.212,36.868],[56.834,36.868],[57.444,36.804],[57.702,36.546],[58.453,36.417],[59.074,36.417],[60.047,36.61],[61.213,36.61],[61.157,36.353],[61.235,36.353],[61.303,35.58],[61.804,35.387],[62.191,35.387],[62.623,34.872],[63.15,34.808],[63.277,34.679],[63.83,34.744],[63.957,34.615],[64.188,34.615],[64.37,34.744],[64.755,34.744],[65.415,34.937],[65.618,34.808],[66.144,34.744],[66.563,34.551],[66.535,34.422],[66.458,34.422],[66.352,34.293],[65.751,34.358],[65.387,34.1],[65.242,33.779],[65.062,33.65],[65.035,33.522],[65.112,33.522],[64.982,33.264],[64.829,33.264],[64.687,32.943],[64.355,32.814],[64.406,32.686],[63.873,32.3],[63.643,32.3],[63.442,32.043],[63.301,32.107],[62.124,30.629],[61.68,30.244],[61.37,29.729],[61.027,29.472],[60.244,28.251],[59.395,27.544],[58.994,27.351],[58.978,27.222],[58.836,27.287],[58.745,27.158],[58.594,27.158],[58.428,27.029],[58.405,26.837],[58.262,26.901],[57.773,26.579],[57.483,26.001],[57.529,25.744],[57.38,25.744],[57.176,25.936],[57.052,26.837],[56.715,27.158],[56.188,27.158],[56.098,27.029],[56.324,27.029],[56.309,26.901],[56.061,26.708],[55.289,26.515],[55.31,26.708],[55.543,26.772],[55.242,26.772],[54.989,26.515],[54.681,26.451],[54.259,26.708],[53.658,26.708],[53.461,26.965],[52.737,27.222],[52.479,27.608],[52.049,27.801],[51.453,27.865],[51.066,28.444],[51.028,28.765],[50.809,28.83],[50.915,29.087],[50.62,29.151],[50.651,29.408],[50.236,29.729],[50.065,30.179],[49.586,29.987],[48.943,30.308],[48.987,30.051],[48.365,29.922],[48.404,29.601],[48.093,29.537],[47.646,29.601],[47.29,29.794],[46.979,29.729],[46.994,29.858],[46.85,29.922],[46.615,29.858],[46.591,30.308],[45.77,30.436],[44.955,31.272],[44.581,31.336],[44.459,31.593],[43.153,32.814],[42.709,32.943],[42.578,33.136],[42.065,33.329],[42.003,33.457],[41.489,33.65],[41.427,33.779],[41.273,33.779],[41.212,33.907],[40.912,33.972],[40.704,34.165],[40.311,34.1],[40.403,34.229],[40.257,34.293],[39.124,34.486],[37.99,33.972],[37.739,33.779],[37.726,33.65],[37.573,33.65],[37.073,33.264],[37.054,33.072],[36.978,33.072],[36.518,33.072],[36.099,32.686],[35.704,32.557],[35.37,32.236],[35.184,31.85],[34.868,31.722],[34.851,31.529],[34.302,31.336],[34.308,31.4],[34.633,31.658],[34.573,31.85],[34.813,31.979],[34.77,32.365],[35.022,32.622],[35.056,33.007],[35.215,33.072],[35.398,33.393],[35.346,33.65],[35.499,33.65],[35.447,33.907],[35.684,33.972],[35.644,34.358],[35.792,34.293],[36.049,34.551],[36.068,34.744],[35.927,34.872],[35.96,35.194],[35.882,35.194],[35.993,35.516],[35.845,35.58],[35.99,36.224],[35.842,36.288],[36.265,36.61],[36.286,36.804],[36.145,36.933],[35.911,36.933],[35.834,36.933],[35.204,36.868],[35.197,36.804],[34.879,36.739],[34.893,36.868],[34.582,36.868],[34.413,36.739],[34.335,36.739],[34.219,37.126],[33.674,37.126],[33.609,37.255],[33.375,37.255],[32.068,36.61],[31.99,36.61],[31.392,36.868],[30.697,36.933],[30.619,36.933],[29.446,36.868],[29.369,36.868],[28.304,37.19],[28.241,37.384],[27.612,37.319],[27.534,37.319],[27.223,37.319],[27.31,37.448],[27.173,37.706],[27.251,37.706],[27.192,37.964],[27.27,37.964],[27.275,38.029],[27.51,38.029],[27.5,37.9],[27.651,37.835],[27.969,37.9],[28.141,38.093],[28.527,38.029],[28.861,38.287],[28.961,38.545],[29.04,38.545],[29.208,38.674],[29.236,38.997],[29.315,38.997],[29.301,39.708],[28.84,39.838],[27.972,39.838],[27.409,39.708],[27.235,39.514],[26.841,39.514],[26.847,39.579],[26.132,39.514],[26.252,40.032],[26.257,40.096],[26.673,40.355],[26.752,40.355],[27.47,40.42],[27.617,40.291],[27.696,40.291],[28.17,40.291],[28.182,40.42],[28.261,40.42],[29.046,40.355],[28.9,40.485],[28.913,40.614],[29.401,40.744],[29.48,40.744],[29.559,40.744],[29.54,40.55],[29.936,40.55],[29.923,40.42],[30.068,40.291],[30.457,40.226],[30.602,40.096],[30.589,39.967],[31.299,39.967],[31.378,39.967],[31.233,39.32],[31.443,39.062],[31.424,38.868],[31.738,38.868],[31.803,38.739],[32.189,38.674],[33.587,38.545],[33.669,37.835],[34.827,37.706],[34.969,37.577],[35.671,37.577],[35.998,37.706],[36.348,38.029],[37.115,37.9],[37.318,38.287],[38.126,38.481],[38.814,38.933],[39.11,38.803],[39.25,38.674],[39.232,38.545],[39.389,38.545],[39.45,38.416],[40.137,38.287],[40.216,38.287],[40.294,38.287],[40.372,38.287],[40.451,38.287],[40.442,38.222],[40.52,38.222],[40.598,38.222],[40.572,38.029],[41.667,38.029],[41.961,37.9],[42.508,37.9],[43.945,37.577],[44.413,37.577],[44.774,37.384],[44.745,37.19],[44.871,36.997],[45.251,36.933],[45.118,36.031],[45.195,36.031],[45.217,35.645],[46.031,35.387],[47.954,35.323],[48.774,35.13],[49.413,35.258],[49.608,35.516],[50.48,35.645],[50.855,36.031],[52.008,36.417],[52.108,36.546],[52.186,36.546],[53.088,36.804],[53.955,36.868],[54.033,36.868]]],[[[26.305,37.577],[25.988,37.513],[26.08,37.706],[26.158,37.706],[26.314,37.706],[26.305,37.577]]],[[[26.644,38.997],[26.246,38.933],[26.094,38.997],[26.103,39.126],[25.793,39.191],[26.044,39.385],[26.123,39.385],[26.511,39.32],[26.644,38.997]]]]}},{"type":"Feature","id":"cliopatria-e8eea86f4e1bd06e84094516","properties":{"NAME":"Kingdom of Cappadocia","ABBREVN":null,"CONTROL":null,"SUBJECTO":"Kingdom of Cappadocia","PARTOF":null,"BORDERPRECISION":1,"FromYear":-218,"ToYear":-213,"Area":67859.95718062663,"Type":"POLITY","Wikipedia":"Kingdom of Cappadocia","Wikidata":"Q29654286","SeshatID":"tr_cappadocia_2","Components":"","MemberOf":"","sourceFeatureId":"cliopatria-e8eea86f4e1bd06e84094516","datasetId":"cliopatria"},"geometry":{"type":"MultiPolygon","coordinates":[[[[38.744,38.997],[38.822,38.997],[38.814,38.933],[38.126,38.481],[37.318,38.287],[37.115,37.9],[36.348,38.029],[35.998,37.706],[35.671,37.577],[34.969,37.577],[34.827,37.706],[33.669,37.835],[33.587,38.545],[33.68,38.674],[34.479,38.803],[34.767,39.256],[34.726,39.579],[34.828,39.773],[35.294,39.708],[35.435,39.579],[36.933,39.579],[37.861,39.45],[38.752,39.062],[38.744,38.997]]]]}},{"type":"Feature","id":"cliopatria-a9346b8041a45c49315eacea","properties":{"NAME":"Minyue","ABBREVN":null,"CONTROL":null,"SUBJECTO":"Minyue","PARTOF":null,"BORDERPRECISION":1,"FromYear":-218,"ToYear":-213,"Area":377001.725755767,"Type":"POLITY","Wikipedia":"Minyue","Wikidata":"Q1936158","SeshatID":"","Components":"","MemberOf":"","sourceFeatureId":"cliopatria-a9346b8041a45c49315eacea","datasetId":"cliopatria"},"geometry":{"type":"MultiPolygon","coordinates":[[[[121.938,29.215],[121.593,29.087],[121.744,29.087],[121.714,28.765],[121.522,28.637],[121.652,28.572],[121.646,28.315],[121.379,28.187],[121.153,28.187],[121.193,28.315],[121.118,28.315],[121.038,28.058],[120.868,27.994],[120.715,27.737],[120.657,27.544],[120.733,27.544],[120.545,27.158],[120.301,27.094],[120.172,26.901],[120.158,26.579],[119.84,26.515],[119.846,26.258],[119.587,26.129],[119.778,26.001],[119.53,25.615],[119.904,25.615],[119.872,25.486],[119.616,25.358],[119.273,25.486],[119.391,25.358],[119.344,25.165],[119.029,25.101],[119.074,24.972],[118.819,24.844],[118.76,24.586],[118.147,24.522],[118.076,24.201],[117.721,23.943],[117.694,23.815],[117.47,23.815],[117.179,23.493],[116.894,23.558],[116.78,23.365],[116.815,23.172],[116.591,23.172],[116.54,22.915],[115.696,22.786],[115.671,22.658],[115.373,22.658],[115.174,22.786],[114.902,22.529],[114.753,22.529],[114.74,22.851],[114.902,22.915],[114.446,23.622],[114.547,24.458],[114.472,24.458],[114.72,25.229],[114.66,25.294],[114.856,25.486],[115.228,26.387],[114.961,26.515],[115.028,26.772],[114.953,26.772],[115.335,28.894],[115.259,28.894],[115.642,29.858],[115.804,30.115],[116.053,30.179],[116.129,30.179],[116.27,29.922],[116.736,29.729],[118.36,29.601],[119.703,29.987],[120.521,30.372],[120.725,30.308],[120.702,30.244],[120.809,30.115],[121.105,30.308],[121.484,30.308],[121.62,30.051],[122.03,29.922],[121.865,29.665],[121.94,29.665],[122.016,29.665],[121.938,29.215]]],[[[122.045,30.179],[122.273,30.179],[122.28,29.987],[121.977,29.987],[122.022,30.115],[122.045,30.179]]]]}},{"type":"Feature","id":"cliopatria-35f064482012f4a4a2ec9723","properties":{"NAME":"Qin Dynasty","ABBREVN":null,"CONTROL":null,"SUBJECTO":"Qin Dynasty","PARTOF":null,"BORDERPRECISION":1,"FromYear":-218,"ToYear":-213,"Area":1632743.9756126013,"Type":"POLITY","Wikipedia":"Qin dynasty","Wikidata":"Q7183","SeshatID":"cn_qin_emp","Components":"","MemberOf":"","sourceFeatureId":"cliopatria-35f064482012f4a4a2ec9723","datasetId":"cliopatria"},"geometry":{"type":"MultiPolygon","coordinates":[[[[124.797,41.068],[124.412,40.291],[123.871,39.902],[123.876,39.773],[123.597,39.838],[122.936,39.644],[122.17,39.256],[121.952,38.997],[121.716,38.997],[121.422,38.739],[121.029,38.739],[121.201,39.062],[121.515,39.062],[121.69,39.385],[121.297,39.385],[121.21,39.514],[121.281,39.644],[121.438,39.644],[121.503,39.902],[121.776,39.967],[122.231,40.485],[122.106,40.679],[121.827,40.744],[121.824,40.874],[121.11,40.874],[120.997,40.679],[120.647,40.485],[120.5,40.226],[119.38,39.773],[119.215,39.32],[118.45,39.062],[118.057,39.062],[118.046,39.191],[117.888,39.191],[117.576,38.739],[117.655,38.739],[117.602,38.481],[118.054,38.287],[118.067,38.158],[118.583,38.093],[118.648,38.222],[118.804,38.222],[118.772,38.158],[119.457,37.964],[119.393,37.835],[119.237,37.835],[118.984,37.319],[119.14,37.319],[119.156,37.19],[119.701,37.19],[119.827,37.448],[120.202,37.577],[120.188,37.706],[120.754,37.9],[121.112,37.835],[121.171,37.642],[121.483,37.642],[121.497,37.513],[122.154,37.577],[122.121,37.513],[122.713,37.448],[122.474,37.126],[122.566,36.997],[122.394,36.804],[121.912,36.933],[121.212,36.61],[120.979,36.61],[120.965,36.417],[120.732,36.417],[120.659,36.095],[120.318,36.031],[119.986,35.645],[119.619,35.516],[119.228,34.808],[119.459,34.808],[119.431,34.744],[119.711,34.679],[119.732,34.551],[120.342,34.358],[120.489,34.165],[120.55,33.586],[120.926,33.2],[120.919,32.622],[121.403,32.493],[121.503,32.172],[121.961,31.979],[121.937,31.722],[121.836,31.658],[121.301,31.85],[120.919,31.85],[121.454,31.658],[121.481,31.529],[121.634,31.529],[121.584,31.4],[121.737,31.4],[121.995,31.079],[121.899,30.822],[121.519,30.822],[120.801,30.308],[120.725,30.308],[120.521,30.372],[119.703,29.987],[118.36,29.601],[116.736,29.729],[116.27,29.922],[116.129,30.179],[116.151,30.244],[116.119,30.372],[115.685,30.436],[115.208,30.372],[114.872,30.501],[114.113,30.501],[113.951,30.244],[113.584,30.051],[113.267,29.537],[112.904,29.344],[111.996,29.344],[111.809,29.472],[111.299,29.537],[110.662,29.922],[110.227,29.987],[109.406,29.537],[109.274,29.601],[109.16,29.472],[108.667,29.344],[108.629,29.215],[108.497,29.279],[107.459,28.83],[106.028,28.572],[106.069,28.444],[105.129,28.315],[104.066,28.572],[103.898,28.508],[103.857,28.637],[102.927,28.83],[102.602,29.022],[101.48,29.344],[101.44,29.472],[101.156,29.537],[100.982,29.729],[101.019,29.858],[100.828,29.987],[100.865,30.115],[100.674,30.244],[100.673,30.501],[100.598,30.501],[100.982,31.272],[101.836,32.043],[102.158,32.557],[102.312,33.457],[102.235,33.457],[102.325,33.715],[102.248,33.715],[102.409,34.165],[103.094,34.358],[103.379,34.293],[103.479,34.358],[103.497,34.615],[104.133,34.872],[106.185,35.387],[106.493,35.58],[106.803,35.58],[106.854,35.709],[107.061,35.645],[108.069,36.031],[109.367,36.353],[109.422,36.482],[109.55,36.417],[110.698,36.739],[110.754,36.868],[110.882,36.804],[111.434,36.997],[111.889,37.319],[114.146,39.256],[114.054,39.385],[113.897,39.385],[113.93,39.45],[113.772,39.45],[113.805,39.514],[113.083,39.644],[113.116,39.708],[112.17,39.708],[112.178,40.032],[112.302,39.967],[112.742,40.355],[114.596,40.42],[114.527,40.291],[114.799,40.355],[114.764,40.291],[115.283,40.226],[115.55,39.838],[116.102,39.838],[117.03,40.096],[117.295,40.291],[118.236,40.42],[118.705,40.55],[118.778,40.679],[119.174,40.679],[122.928,41.911],[123.167,41.911],[123.127,41.847],[123.405,41.782],[123.365,41.717],[123.604,41.717],[123.564,41.652],[123.843,41.587],[123.803,41.522],[124.042,41.522],[124.002,41.457],[124.28,41.392],[124.24,41.327],[124.479,41.327],[124.439,41.263],[124.837,41.133],[124.797,41.068]]]]}},{"type":"Feature","id":"cliopatria-a022974a85404d522af76b71","properties":{"NAME":"Atropatene","ABBREVN":null,"CONTROL":null,"SUBJECTO":"Atropatene","PARTOF":null,"BORDERPRECISION":1,"FromYear":-218,"ToYear":-211,"Area":147248.59672960456,"Type":"POLITY","Wikipedia":"Atropatene","Wikidata":"Q260437","SeshatID":"ir_atropatene_k","Components":"","MemberOf":"","sourceFeatureId":"cliopatria-a022974a85404d522af76b71","datasetId":"cliopatria"},"geometry":{"type":"MultiPolygon","coordinates":[[[[49.999,37.384],[50.321,36.997],[50.566,37.062],[50.632,36.997],[50.532,36.868],[50.821,36.739],[52.03,36.546],[52.108,36.546],[52.008,36.417],[50.855,36.031],[50.48,35.645],[49.608,35.516],[49.413,35.258],[48.774,35.13],[47.954,35.323],[46.031,35.387],[45.217,35.645],[45.195,36.031],[45.118,36.031],[45.251,36.933],[45.446,37.19],[45.29,37.19],[45.252,37.448],[45.174,37.448],[45.224,37.771],[45.635,37.9],[45.854,38.287],[46.121,38.481],[47.252,38.674],[48.326,38.093],[48.795,38.093],[48.874,38.093],[48.829,37.835],[49.029,37.642],[49.018,37.577],[49.999,37.384]]]]}},{"type":"Feature","id":"cliopatria-103d22a4e6e73a5154cbe821","properties":{"NAME":"Parthian Empire","ABBREVN":null,"CONTROL":null,"SUBJECTO":"Parthian Empire","PARTOF":null,"BORDERPRECISION":1,"FromYear":-218,"ToYear":-165,"Area":253595.888264902,"Type":"POLITY","Wikipedia":"Parthian Empire","Wikidata":"Q1986139","SeshatID":"ir_parthian_emp_1","Components":"","MemberOf":"","sourceFeatureId":"cliopatria-103d22a4e6e73a5154cbe821","datasetId":"cliopatria"},"geometry":{"type":"MultiPolygon","coordinates":[[[[56.892,40.355],[56.987,40.42],[56.956,40.291],[57.114,40.291],[57.162,40.161],[57.351,40.291],[58.174,40.42],[58.854,40.291],[58.98,40.161],[59.77,40.161],[59.768,39.838],[60.084,39.838],[60.052,39.708],[60.683,39.708],[60.65,39.579],[60.729,39.579],[60.713,39.514],[60.414,39.256],[60.32,38.868],[60.431,38.674],[60.371,38.416],[60.561,38.222],[60.531,38.093],[60.736,37.964],[60.663,37.642],[60.98,37.319],[60.873,37.19],[61.029,37.19],[61.474,36.739],[61.213,36.61],[60.047,36.61],[59.074,36.417],[58.453,36.417],[57.702,36.546],[57.444,36.804],[56.834,36.868],[56.212,36.868],[55.785,36.675],[54.774,36.675],[54.033,36.868],[54.045,36.933],[54.095,37.19],[53.91,37.448],[53.908,37.835],[53.83,37.835],[53.987,38.997],[53.518,39.385],[53.138,39.45],[53.545,39.514],[53.498,40.032],[52.723,40.096],[52.714,40.42],[52.793,40.42],[52.893,40.874],[52.972,40.874],[52.943,40.744],[53.34,40.744],[53.448,40.874],[53.404,40.679],[54.544,40.809],[56.813,40.355],[56.892,40.355]]]]}},{"type":"Feature","id":"cliopatria-253a80d0785e2bd0b36c60e3","properties":{"NAME":"Antigonid Macedonia","ABBREVN":null,"CONTROL":null,"SUBJECTO":"Antigonid Macedonia","PARTOF":null,"BORDERPRECISION":1,"FromYear":-216,"ToYear":-213,"Area":93349.52802822039,"Type":"POLITY","Wikipedia":"Antigonid dynasty","Wikidata":"Q237325","SeshatID":"gr_antigonid_emp","Components":"","MemberOf":"","sourceFeatureId":"cliopatria-253a80d0785e2bd0b36c60e3","datasetId":"cliopatria"},"geometry":{"type":"MultiPolygon","coordinates":[[[[24.272,37.513],[24.201,37.642],[24.283,37.706],[24.361,37.706],[24.432,37.577],[24.272,37.513]]],[[[20.613,37.706],[20.621,37.9],[20.699,37.9],[20.934,37.9],[20.922,37.642],[20.613,37.706]]],[[[24.088,38.351],[23.626,38.481],[23.563,38.739],[23.72,38.739],[23.799,38.739],[24.179,38.545],[24.159,38.222],[24.088,38.351]]],[[[23.485,38.739],[23.489,38.803],[23.567,38.803],[23.563,38.739],[23.485,38.739]]],[[[24.357,38.868],[24.365,38.997],[24.444,38.997],[24.675,38.933],[24.662,38.739],[24.357,38.868]]],[[[24.763,41.263],[26.03,41.198],[26.178,41.068],[26.904,41.198],[27.091,41.522],[27.483,41.457],[27.472,41.327],[27.631,41.327],[27.728,41.522],[28.139,41.652],[28.292,41.587],[28.285,41.522],[28.206,41.522],[28.083,41.068],[28.077,41.003],[27.527,41.068],[27.181,40.744],[26.621,40.679],[26.072,40.744],[26.082,40.874],[25.849,40.938],[24.347,41.003],[24.011,40.744],[23.698,40.809],[23.685,40.614],[23.839,40.55],[23.737,40.226],[23.267,40.291],[22.884,40.485],[22.892,40.614],[22.655,40.614],[22.56,40.355],[22.544,40.096],[22.702,40.096],[22.611,39.902],[23.135,39.45],[22.816,39.385],[22.797,39.062],[22.958,39.126],[23.108,38.997],[23.344,38.997],[23.489,38.803],[23.183,38.933],[23.022,38.868],[22.943,38.868],[22.786,38.868],[22.794,38.997],[22.561,39.062],[22.49,39.191],[22.254,39.191],[21.7,39.126],[21.536,38.997],[21.471,39.256],[21.317,39.32],[21.321,39.385],[20.943,39.708],[20.806,40.096],[20.493,40.161],[20.503,40.355],[20.74,40.355],[20.747,40.485],[20.991,40.614],[21.002,40.809],[20.699,41.068],[20.54,41.068],[20.547,41.198],[20.876,41.392],[20.803,41.522],[21.125,41.587],[21.049,41.652],[21.14,41.847],[21.061,41.847],[21.08,42.171],[22.455,42.431],[22.442,42.236],[22.593,42.106],[22.753,42.106],[23.054,41.847],[23.528,41.782],[23.669,41.522],[24.231,41.587],[24.236,41.652],[24.554,41.652],[24.853,41.392],[24.763,41.263]]],[[[25.564,36.997],[25.331,36.997],[25.339,37.126],[25.417,37.126],[25.573,37.126],[25.564,36.997]]],[[[25.052,37.513],[24.986,37.706],[25.064,37.706],[25.22,37.706],[25.286,37.513],[25.052,37.513]]],[[[24.682,37.835],[24.694,38.029],[24.772,38.029],[25.068,37.771],[24.83,37.706],[24.682,37.835]]],[[[25.447,39.838],[24.974,39.838],[25.067,40.032],[25.146,40.032],[25.462,40.032],[25.447,39.838]]],[[[25.704,40.096],[25.719,40.291],[25.798,40.291],[26.035,40.291],[26.025,40.161],[25.704,40.096]]],[[[25.245,41.327],[25.24,41.263],[25.161,41.263],[25.166,41.327],[25.245,41.327]]]]}},{"type":"Feature","id":"cliopatria-5df822d3d0812bcf0ee93467","properties":{"NAME":"Carthage","ABBREVN":null,"CONTROL":null,"SUBJECTO":"Carthage","PARTOF":null,"BORDERPRECISION":1,"FromYear":-216,"ToYear":-213,"Area":403800.5975666285,"Type":"POLITY","Wikipedia":"Ancient Carthage","Wikidata":"Q2429397","SeshatID":"tn_carthage_emp","Components":"","MemberOf":"","sourceFeatureId":"cliopatria-5df822d3d0812bcf0ee93467","datasetId":"cliopatria"},"geometry":{"type":"MultiPolygon","coordinates":[[[[11.083,35.58],[11.083,35.387],[11.006,35.387],[11.083,35.001],[10.851,34.937],[10.851,34.808],[10.543,34.551],[10.004,34.293],[10.082,34.229],[10.006,33.907],[10.237,33.715],[10.544,33.715],[10.698,33.522],[11.082,33.586],[11.158,33.2],[11.464,33.2],[12.229,32.814],[12.612,32.879],[12.535,32.75],[12.841,32.75],[12.842,32.879],[13.302,32.943],[13.454,32.814],[13.761,32.879],[13.759,32.75],[14.065,32.75],[14.444,32.493],[14.675,32.557],[14.749,32.429],[15.055,32.429],[15.282,32.3],[15.425,31.658],[15.576,31.593],[15.649,31.4],[16.179,31.208],[16.864,31.208],[17.847,30.951],[18.222,30.758],[18.592,30.372],[18.896,30.372],[18.814,30.115],[18.586,30.115],[18.216,30.501],[17.161,30.886],[15.569,31.143],[15.193,31.465],[15.05,32.107],[14.899,32.236],[14.517,32.172],[14.443,32.365],[13.758,32.622],[11.998,32.622],[12.076,32.75],[11.617,32.943],[11.081,32.879],[10.698,33.136],[10.468,33.136],[10.468,33.264],[9.854,33.393],[9.624,33.329],[9.547,33.522],[9.316,33.586],[9.083,34.036],[8.929,34.036],[9.003,34.358],[8.926,34.358],[8.846,34.744],[8.459,34.872],[8.229,34.808],[8.073,34.937],[7.906,35.966],[7.828,35.966],[7.902,36.224],[7.586,36.61],[6.965,36.61],[6.889,36.482],[6.422,36.546],[6.347,36.417],[5.879,36.482],[5.649,36.353],[2.775,36.417],[2.316,36.224],[2.003,36.288],[2.008,36.16],[1.155,36.16],[1.005,36.031],[0.772,36.031],[0.479,35.645],[-0.292,35.58],[-1.04,35.065],[-1.198,35.13],[-1.346,35.001],[-1.806,34.937],[-1.876,34.808],[-2.809,34.937],[-4.734,34.872],[-4.743,35.001],[-5.214,35.13],[-5.39,35.451],[-5.627,35.516],[-5.9,35.001],[-5.815,34.872],[-5.969,34.872],[-6.242,34.358],[-6.157,34.229],[-6.31,34.229],[-6.601,33.972],[-6.592,33.843],[-6.814,33.715],[-6.728,33.586],[-7.184,33.522],[-7.474,33.264],[-7.875,33.522],[-7.13,33.843],[-7.062,33.972],[-6.904,33.907],[-6.614,34.165],[-6.7,34.293],[-6.473,34.358],[-6.482,34.486],[-6.332,34.551],[-6.277,34.872],[-6.2,34.872],[-6.291,35.065],[-6.132,35.001],[-6.145,35.194],[-6,35.323],[-5.877,35.773],[-5.339,35.838],[-5.24,35.516],[-4.755,35.194],[-3.132,35.194],[-2.982,35.258],[-2.993,35.451],[-2.838,35.451],[-2.82,35.13],[-2.662,35.065],[-1.89,35.065],[-1.591,35.258],[-1.359,35.258],[-1.136,35.451],[-1.224,35.645],[-1.066,35.58],[-0.917,35.709],[-0.53,35.709],[-0.459,35.838],[0.084,35.838],[0.376,36.224],[0.684,36.288],[0.678,36.417],[0.914,36.353],[1.216,36.546],[1.53,36.482],[2.377,36.675],[2.69,36.61],[2.841,36.739],[3.23,36.739],[3.459,36.868],[3.85,36.804],[4.469,36.933],[4.859,36.868],[5.098,36.675],[5.564,36.675],[5.639,36.804],[6.106,36.804],[6.103,36.933],[6.334,37.062],[6.805,36.868],[7.194,36.868],[7.346,37.062],[7.502,37.062],[7.738,36.868],[8.516,36.868],[8.903,37.126],[9.059,37.062],[9.603,37.319],[9.993,37.19],[10.227,37.255],[10.228,37.062],[10.305,37.062],[10.228,36.804],[10.54,36.739],[10.851,36.997],[11.006,36.997],[11.006,36.804],[10.462,36.417],[10.54,36.353],[10.464,35.902],[10.696,35.709],[10.851,35.773],[10.851,35.645],[10.928,35.645],[11.083,35.58]]],[[[-2.062,36.804],[-2.532,36.868],[-2.68,36.739],[-4.469,36.739],[-4.689,36.546],[-5.228,36.482],[-5.288,36.224],[-5.662,36.031],[-5.831,36.224],[-6.064,36.224],[-6.33,36.675],[-6.35,36.933],[-6.588,36.997],[-6.842,37.255],[-7.465,37.255],[-7.575,37.642],[-7.284,37.9],[-7.222,38.093],[-6.011,38.61],[-5.87,38.803],[-5.482,38.868],[-5.34,39.062],[-4.943,38.997],[-4.854,38.868],[-4.702,38.933],[-4.692,38.803],[-4.203,38.545],[-2.086,38.545],[-2.016,38.674],[-1.556,38.868],[-1.43,39.385],[-1.351,39.385],[-1.449,39.708],[-1.22,39.838],[-1.232,40.032],[-1.003,40.161],[-0.864,40.485],[-0.634,40.614],[-0.642,40.744],[-0.411,40.874],[-0.343,41.068],[-0.098,40.938],[-0.018,40.938],[0.054,41.068],[0.375,41.003],[0.461,40.874],[0.399,40.55],[0.403,40.485],[0.248,40.42],[0.107,40.096],[-0.202,39.967],[-0.345,39.708],[-0.314,39.126],[0.099,38.739],[-0.661,38.287],[-0.803,38.029],[-0.705,37.642],[-1.404,37.577],[-1.631,37.448],[-1.709,37.448],[-1.623,37.319],[-1.857,37.319],[-2.062,36.804]]],[[[1.658,38.997],[1.431,38.803],[1.274,38.803],[1.183,39.062],[1.259,39.126],[1.337,39.126],[1.652,39.126],[1.658,38.997]]],[[[3.193,39.967],[3.198,39.838],[3.516,39.773],[3.296,39.32],[2.824,39.32],[2.659,39.514],[2.346,39.45],[2.338,39.644],[2.877,39.967],[2.956,39.967],[3.193,39.967]]],[[[4.302,39.838],[3.827,39.902],[3.741,40.096],[3.82,40.096],[4.215,40.096],[4.302,39.838]]],[[[12.403,45.039],[12.4,44.777],[12.157,44.843],[12.154,44.451],[12.394,44.19],[12.393,44.124],[11.827,43.994],[11.904,43.538],[12.465,43.277],[13.508,43.212],[13.825,42.951],[13.819,42.626],[13.974,42.366],[14.763,41.911],[14.833,41.522],[15.87,41.587],[15.868,41.522],[16.258,41.263],[16.338,41.263],[15.7,41.198],[15.617,41.068],[15.058,40.938],[14.976,40.809],[14.738,40.809],[14.665,41.133],[14.507,41.133],[14.501,40.874],[14.422,40.874],[14.343,40.874],[14.105,40.874],[13.948,41.003],[13.949,41.068],[14.352,41.327],[14.44,41.717],[14.28,41.717],[14.204,41.911],[13.888,42.041],[13.727,41.976],[13.643,41.717],[13.404,41.717],[13.328,41.976],[13.01,42.041],[13.092,42.236],[13.172,42.236],[13.252,42.236],[13.257,42.561],[13.418,42.626],[13.423,42.886],[12.3,42.951],[11.98,43.017],[11.901,43.147],[11.499,43.147],[10.856,42.951],[10.776,42.951],[10.535,43.082],[10.212,43.994],[9.889,43.994],[9.97,44.124],[9.727,44.124],[9.159,44.451],[8.432,44.385],[8.192,44.19],[8.193,44.059],[7.874,43.863],[7.471,43.798],[7.469,43.929],[8.099,44.973],[8.341,45.104],[8.255,45.366],[8.5,45.3],[8.579,45.497],[8.904,45.628],[10.534,45.628],[11.755,45.366],[11.836,45.366],[12.162,45.366],[12.16,45.17],[12.403,45.039]]]]}},{"type":"Feature","id":"cliopatria-e002789fa989de0492ddecc6","properties":{"NAME":"Ptolemaic Kingdom","ABBREVN":null,"CONTROL":null,"SUBJECTO":"Ptolemaic Kingdom","PARTOF":null,"BORDERPRECISION":1,"FromYear":-216,"ToYear":-213,"Area":778215.3875873369,"Type":"POLITY","Wikipedia":"Ptolemaic Kingdom","Wikidata":"Q2320005","SeshatID":"eg_ptolemaic_k_1","Components":"","MemberOf":"","sourceFeatureId":"cliopatria-e002789fa989de0492ddecc6","datasetId":"cliopatria"},"geometry":{"type":"MultiPolygon","coordinates":[[[[37.649,33.65],[37.573,33.65],[37.073,33.264],[37.054,33.072],[36.901,33.072],[36.717,32.75],[36.751,32.3],[36.516,32.236],[36.656,32.107],[36.492,31.979],[36.463,31.658],[36.387,31.658],[36.423,31.208],[35.662,31.208],[35.499,31.079],[35.352,31.143],[34.621,30.565],[34.611,30.436],[34.389,30.501],[34.303,30.372],[33.838,30.244],[32.919,30.115],[32.91,29.987],[32.758,29.987],[32.673,29.858],[32.526,29.922],[32.442,29.794],[32.689,28.958],[32.836,28.894],[33.105,28.38],[33.609,27.994],[33.585,27.608],[33.799,27.415],[33.927,27.029],[34.073,26.965],[34.051,26.579],[34.197,26.515],[34.461,25.872],[34.608,25.808],[35.146,24.651],[35.86,24.008],[35.854,23.879],[35.559,23.943],[35.553,23.815],[35.108,23.879],[33.756,23.686],[33.682,23.686],[33.389,23.815],[32.041,23.686],[31.67,23.751],[30.537,23.365],[30.463,23.365],[30.395,23.558],[30.104,23.751],[30.109,23.879],[29.959,23.879],[29.673,24.201],[28.569,24.651],[28.289,25.165],[28.244,25.936],[28.345,26.579],[28.27,26.579],[28.154,27.351],[27.937,27.544],[27.711,27.544],[27.792,27.672],[27.43,27.994],[27.276,27.93],[27.285,28.122],[26.847,28.444],[25.883,28.83],[25.225,29.344],[24.922,29.344],[24.855,29.537],[24.406,29.665],[24.263,29.858],[23.667,30.115],[23.227,30.501],[22.848,30.501],[22.853,30.629],[21.951,30.886],[20.582,30.886],[19.957,30.308],[19.651,30.244],[19.572,30.115],[18.735,29.987],[18.738,30.115],[18.894,30.308],[19.272,30.244],[19.655,30.372],[19.964,30.565],[19.968,30.694],[20.202,30.886],[20.134,31.143],[20.214,31.272],[19.996,31.593],[20.089,32.107],[20.017,32.236],[20.246,32.236],[20.331,32.493],[20.482,32.429],[20.563,32.557],[20.716,32.557],[20.644,32.686],[20.871,32.622],[21.108,32.814],[21.412,32.75],[21.879,32.943],[23.089,32.622],[23.081,32.429],[23.231,32.365],[23.149,32.236],[23.299,32.172],[23.68,32.172],[24.129,31.979],[24.892,31.979],[25.112,31.786],[25.102,31.593],[25.248,31.465],[26.848,31.465],[27.297,31.336],[27.515,31.143],[28.496,31.015],[28.865,30.822],[29.397,30.822],[29.485,31.015],[29.633,30.951],[29.87,31.079],[29.802,31.208],[29.882,31.272],[30.339,31.272],[30.271,31.4],[30.352,31.465],[30.809,31.465],[30.966,31.529],[30.975,31.658],[31.203,31.658],[31.118,31.529],[31.266,31.465],[31.875,31.465],[31.781,31.208],[31.937,31.272],[32,31.079],[32.304,31.079],[32.237,31.208],[32.532,31.079],[32.765,31.143],[32.832,31.015],[33.983,31.143],[34.297,31.272],[34.308,31.4],[34.633,31.658],[34.573,31.85],[34.813,31.979],[34.77,32.365],[35.022,32.622],[35.056,33.007],[35.215,33.072],[35.398,33.393],[35.346,33.65],[35.499,33.65],[35.447,33.907],[35.684,33.972],[35.644,34.358],[35.792,34.293],[36.049,34.551],[36.068,34.744],[35.927,34.872],[35.96,35.194],[35.882,35.194],[35.889,35.258],[36.269,35.194],[36.165,34.937],[36.313,34.872],[36.293,34.679],[36.441,34.615],[36.562,34.293],[36.87,34.293],[37.004,34.1],[37.389,34.1],[37.382,34.036],[37.599,33.907],[37.649,33.65]]],[[[26.865,36.675],[27.039,36.933],[27.117,36.933],[27.185,36.804],[26.865,36.675]]],[[[27.35,36.933],[27.195,36.933],[27.209,37.126],[27.286,37.126],[27.442,37.126],[27.35,36.933]]],[[[26.673,40.355],[26.257,40.096],[26.262,40.161],[26.267,40.226],[26.272,40.291],[26.351,40.291],[26.357,40.355],[26.605,40.485],[26.678,40.42],[26.673,40.355]]],[[[26.921,40.485],[26.768,40.55],[26.774,40.614],[26.785,40.744],[27.102,40.744],[26.921,40.485]]],[[[26.066,40.679],[26.23,40.744],[26.309,40.744],[26.542,40.679],[26.066,40.679]]],[[[33.957,35.258],[34.087,35.001],[33.695,34.937],[33.523,34.744],[33.132,34.679],[33.044,34.551],[32.367,34.744],[32.229,34.937],[32.246,35.13],[32.555,35.13],[32.875,35.258],[32.887,35.387],[33.737,35.387],[34.31,35.709],[34.387,35.709],[34.542,35.709],[34.529,35.58],[33.957,35.258]]],[[[32.068,36.61],[33.375,37.255],[33.609,37.255],[33.674,37.126],[34.219,37.126],[34.335,36.739],[34.328,36.675],[33.979,36.288],[33.274,36.224],[32.713,36.031],[32.558,36.031],[32.499,36.224],[32.212,36.482],[32.134,36.482],[32.14,36.546],[32.062,36.546],[32.068,36.61]]],[[[34.95,36.675],[34.957,36.739],[35.035,36.739],[35.028,36.675],[34.95,36.675]]],[[[29.938,36.224],[29.24,36.224],[29.125,36.739],[28.357,36.868],[28.187,36.675],[28.031,36.675],[28.226,37.19],[28.304,37.19],[29.369,36.868],[29.363,36.804],[29.441,36.804],[29.446,36.868],[30.619,36.933],[30.613,36.868],[30.536,36.868],[30.53,36.804],[30.492,36.353],[30.026,36.353],[29.938,36.224]]],[[[35.197,36.804],[35.204,36.868],[35.834,36.933],[35.827,36.868],[35.749,36.868],[35.488,36.61],[35.035,36.739],[35.197,36.804]]]]}},{"type":"Feature","id":"cliopatria-88a1c15cfdec14848554f22e","properties":{"NAME":"Roman Republic","ABBREVN":null,"CONTROL":null,"SUBJECTO":"Roman Republic","PARTOF":null,"BORDERPRECISION":1,"FromYear":-216,"ToYear":-213,"Area":156306.8351584366,"Type":"POLITY","Wikipedia":"Roman Republic","Wikidata":"Q175881","SeshatID":"it_roman_rep_2","Components":"","MemberOf":"","sourceFeatureId":"cliopatria-88a1c15cfdec14848554f22e","datasetId":"cliopatria"},"geometry":{"type":"MultiPolygon","coordinates":[[[[9.822,40.744],[9.823,40.355],[9.665,40.291],[9.747,39.644],[9.669,39.644],[9.593,39.126],[9.12,39.191],[8.966,38.868],[8.73,38.868],[8.336,38.997],[8.412,39.256],[8.333,39.256],[8.33,39.514],[8.409,39.514],[8.483,39.902],[8.325,39.967],[8.4,40.291],[8.321,40.291],[8.319,40.485],[8.16,40.55],[8.155,40.938],[8.552,40.874],[9.025,41.263],[9.104,41.263],[9.502,41.198],[9.822,40.744]]],[[[0.357,41.327],[0.43,41.457],[1.544,41.457],[2.789,42.106],[2.955,41.976],[2.886,41.717],[2.334,41.587],[2.107,41.327],[1.238,41.198],[0.696,40.938],[0.709,40.679],[0.478,40.55],[0.399,40.55],[0.461,40.874],[0.375,41.003],[0.054,41.068],[-0.018,40.938],[-0.098,40.938],[-0.264,41.068],[0.357,41.327]]],[[[13.328,41.976],[13.404,41.717],[13.643,41.717],[13.727,41.976],[13.888,42.041],[14.204,41.911],[14.28,41.717],[14.44,41.717],[14.352,41.327],[13.949,41.068],[13.951,41.133],[13.792,41.133],[13.715,41.263],[13,41.327],[12.922,41.457],[12.605,41.522],[12.131,41.911],[12.132,42.041],[11.813,42.106],[11.655,42.366],[11.495,42.301],[11.415,42.431],[11.255,42.431],[11.176,42.626],[11.016,42.626],[11.016,42.821],[10.856,42.886],[10.856,42.951],[11.499,43.147],[11.901,43.147],[11.98,43.017],[12.3,42.951],[13.423,42.886],[13.418,42.626],[13.257,42.561],[13.252,42.236],[13.172,42.236],[13.092,42.236],[13.01,42.041],[13.328,41.976]]],[[[9.574,42.756],[9.578,41.976],[9.498,41.976],[9.499,41.782],[9.262,41.392],[9.104,41.327],[8.784,41.522],[8.782,41.717],[8.623,41.717],[8.7,41.911],[8.539,42.106],[8.535,42.496],[8.773,42.691],[9.173,42.756],[9.251,43.017],[9.331,43.017],[9.492,43.017],[9.493,42.756],[9.574,42.756]]],[[[10.215,42.691],[10.134,42.886],[10.214,42.886],[10.455,42.886],[10.455,42.691],[10.215,42.691]]],[[[14.769,42.171],[14.766,42.041],[14.924,41.976],[15.165,42.041],[15.241,41.911],[16.119,41.911],[16.115,41.782],[15.872,41.652],[15.87,41.587],[14.833,41.522],[14.763,41.911],[13.974,42.366],[13.819,42.626],[13.825,42.951],[13.508,43.212],[12.465,43.277],[11.904,43.538],[11.827,43.994],[12.393,44.124],[12.474,44.124],[12.873,43.798],[13.036,43.863],[13.034,43.733],[13.355,43.668],[13.673,43.407],[13.747,43.082],[13.985,42.951],[13.901,42.756],[14.292,42.301],[14.372,42.301],[14.608,42.106],[14.769,42.171]]],[[[14.337,35.838],[14.34,36.031],[14.417,36.031],[14.571,35.966],[14.568,35.773],[14.337,35.838]]],[[[17.138,39.062],[16.502,38.803],[16.492,38.416],[15.933,37.964],[15.698,37.964],[15.624,38.158],[15.389,38.158],[15.066,37.642],[15.062,37.384],[15.06,37.319],[14.432,36.997],[14.354,36.997],[14.123,37.19],[13.578,37.255],[13.192,37.577],[12.49,37.706],[12.492,37.9],[12.65,38.093],[13.04,38.029],[13.12,38.158],[13.355,38.158],[13.665,37.964],[14.056,37.964],[15.862,38.287],[15.95,38.674],[16.265,38.739],[16.27,38.933],[16.117,39.062],[15.899,39.773],[15.666,39.902],[15.748,40.032],[15.432,40.032],[15.199,40.226],[15.041,40.226],[14.971,40.614],[14.418,40.679],[14.421,40.809],[14.422,40.874],[14.501,40.874],[14.507,41.133],[14.665,41.133],[14.738,40.809],[14.976,40.809],[15.058,40.938],[15.617,41.068],[15.7,41.198],[16.338,41.263],[16.417,41.263],[17.981,40.614],[18.438,40.161],[18.349,39.902],[18.112,39.902],[17.813,40.355],[17.418,40.355],[17.345,40.55],[17.028,40.55],[16.868,40.485],[16.945,40.42],[16.862,40.291],[16.624,40.291],[16.697,40.096],[16.455,39.902],[16.453,39.838],[16.447,39.644],[17.07,39.385],[17.138,39.062]]],[[[19.758,39.644],[19.764,39.773],[19.921,39.773],[19.918,39.708],[19.912,39.579],[19.758,39.644]]],[[[19.523,41.392],[19.444,41.392],[19.53,41.522],[19.456,41.652],[19.772,41.587],[19.676,41.263],[19.822,41.003],[19.575,40.809],[19.562,40.55],[19.41,40.679],[19.249,40.614],[19.255,40.744],[19.416,40.809],[19.419,40.874],[19.498,40.874],[19.438,41.263],[19.523,41.392]]],[[[16.796,43.017],[17.119,43.082],[17.2,43.082],[17.192,42.886],[16.791,42.886],[16.796,43.017]]]]}},{"type":"Feature","id":"cliopatria-a02de82fba54da87e692ec93","properties":{"NAME":"Seleucid Empire","ABBREVN":null,"CONTROL":null,"SUBJECTO":"Seleucid Empire","PARTOF":null,"BORDERPRECISION":1,"FromYear":-216,"ToYear":-213,"Area":2053184.8432319523,"Type":"POLITY","Wikipedia":"Seleucid dynasty","Wikidata":"Q705904","SeshatID":"ir_seleucid_emp","Components":"","MemberOf":"","sourceFeatureId":"cliopatria-a02de82fba54da87e692ec93","datasetId":"cliopatria"},"geometry":{"type":"MultiPolygon","coordinates":[[[[54.033,36.868],[54.774,36.675],[55.785,36.675],[56.212,36.868],[56.834,36.868],[57.444,36.804],[57.702,36.546],[58.453,36.417],[59.074,36.417],[60.047,36.61],[61.213,36.61],[61.157,36.353],[61.235,36.353],[61.303,35.58],[61.804,35.387],[62.191,35.387],[62.623,34.872],[63.15,34.808],[63.277,34.679],[63.83,34.744],[63.957,34.615],[64.188,34.615],[64.37,34.744],[64.755,34.744],[65.415,34.937],[65.618,34.808],[66.144,34.744],[66.563,34.551],[66.535,34.422],[66.458,34.422],[66.352,34.293],[65.751,34.358],[65.387,34.1],[65.242,33.779],[65.062,33.65],[65.035,33.522],[65.112,33.522],[64.982,33.264],[64.829,33.264],[64.687,32.943],[64.355,32.814],[64.406,32.686],[63.873,32.3],[63.643,32.3],[63.442,32.043],[63.301,32.107],[62.124,30.629],[61.68,30.244],[61.37,29.729],[61.027,29.472],[60.244,28.251],[59.395,27.544],[58.994,27.351],[58.978,27.222],[58.836,27.287],[58.745,27.158],[58.594,27.158],[58.428,27.029],[58.405,26.837],[58.262,26.901],[57.773,26.579],[57.483,26.001],[57.529,25.744],[57.38,25.744],[57.176,25.936],[57.052,26.837],[56.715,27.158],[56.188,27.158],[56.098,27.029],[56.324,27.029],[56.309,26.901],[56.061,26.708],[55.289,26.515],[55.31,26.708],[55.543,26.772],[55.242,26.772],[54.989,26.515],[54.681,26.451],[54.259,26.708],[53.658,26.708],[53.461,26.965],[52.737,27.222],[52.479,27.608],[52.049,27.801],[51.453,27.865],[51.066,28.444],[51.028,28.765],[50.809,28.83],[50.915,29.087],[50.62,29.151],[50.651,29.408],[50.236,29.729],[50.065,30.179],[49.586,29.987],[48.943,30.308],[48.987,30.051],[48.365,29.922],[48.404,29.601],[48.093,29.537],[47.646,29.601],[47.29,29.794],[46.979,29.729],[46.994,29.858],[46.85,29.922],[46.615,29.858],[46.591,30.308],[45.77,30.436],[44.955,31.272],[44.581,31.336],[44.459,31.593],[43.153,32.814],[42.709,32.943],[42.578,33.136],[42.065,33.329],[42.003,33.457],[41.489,33.65],[41.427,33.779],[41.273,33.779],[41.212,33.907],[40.912,33.972],[40.704,34.165],[40.311,34.1],[40.403,34.229],[40.257,34.293],[39.124,34.486],[37.99,33.972],[37.739,33.779],[37.726,33.65],[37.649,33.65],[37.599,33.907],[37.382,34.036],[37.389,34.1],[37.004,34.1],[36.87,34.293],[36.562,34.293],[36.441,34.615],[36.293,34.679],[36.313,34.872],[36.165,34.937],[36.269,35.194],[35.889,35.258],[35.896,35.323],[35.993,35.516],[35.845,35.58],[35.872,35.838],[35.99,36.224],[35.849,36.353],[36.265,36.61],[36.286,36.804],[36.145,36.933],[35.911,36.933],[35.834,36.933],[35.204,36.868],[35.197,36.804],[34.879,36.739],[34.893,36.868],[34.582,36.868],[34.413,36.739],[34.335,36.739],[34.219,37.126],[33.674,37.126],[33.609,37.255],[33.375,37.255],[32.068,36.61],[31.99,36.61],[31.392,36.868],[30.697,36.933],[30.619,36.933],[29.446,36.868],[29.369,36.868],[28.304,37.19],[28.241,37.384],[27.612,37.319],[27.534,37.319],[27.223,37.319],[27.31,37.448],[27.173,37.706],[27.251,37.706],[27.192,37.964],[27.27,37.964],[27.275,38.029],[27.51,38.029],[27.5,37.9],[27.651,37.835],[27.969,37.9],[28.141,38.093],[28.527,38.029],[28.861,38.287],[28.961,38.545],[29.04,38.545],[29.208,38.674],[29.236,38.997],[29.315,38.997],[29.301,39.708],[28.84,39.838],[27.972,39.838],[27.409,39.708],[27.235,39.514],[26.841,39.514],[26.847,39.579],[26.132,39.514],[26.252,40.032],[26.257,40.096],[26.673,40.355],[26.752,40.355],[27.47,40.42],[27.617,40.291],[27.696,40.291],[28.17,40.291],[28.182,40.42],[28.261,40.42],[29.046,40.355],[28.9,40.485],[28.913,40.614],[29.401,40.744],[29.48,40.744],[29.559,40.744],[29.54,40.55],[29.936,40.55],[29.923,40.42],[30.068,40.291],[30.457,40.226],[30.602,40.096],[30.589,39.967],[31.299,39.967],[31.378,39.967],[31.233,39.32],[31.443,39.062],[31.424,38.868],[31.738,38.868],[31.803,38.739],[32.189,38.674],[33.587,38.545],[33.669,37.835],[34.827,37.706],[34.969,37.577],[35.671,37.577],[35.998,37.706],[36.348,38.029],[37.115,37.9],[37.318,38.287],[38.126,38.481],[38.814,38.933],[39.11,38.803],[39.25,38.674],[39.232,38.545],[39.389,38.545],[39.45,38.416],[40.137,38.287],[40.216,38.287],[40.294,38.287],[40.372,38.287],[40.451,38.287],[40.442,38.222],[40.52,38.222],[40.598,38.222],[40.572,38.029],[41.667,38.029],[41.961,37.9],[42.508,37.9],[43.945,37.577],[44.413,37.577],[44.774,37.384],[44.745,37.19],[44.871,36.997],[45.251,36.933],[45.118,36.031],[45.195,36.031],[45.217,35.645],[46.031,35.387],[47.954,35.323],[48.774,35.13],[49.413,35.258],[49.608,35.516],[50.48,35.645],[50.855,36.031],[52.008,36.417],[52.108,36.546],[52.186,36.546],[53.088,36.804],[53.955,36.868],[54.033,36.868]]],[[[26.305,37.577],[25.988,37.513],[26.08,37.706],[26.158,37.706],[26.314,37.706],[26.305,37.577]]],[[[26.644,38.997],[26.246,38.933],[26.094,38.997],[26.103,39.126],[25.793,39.191],[26.044,39.385],[26.123,39.385],[26.511,39.32],[26.644,38.997]]]]}},{"type":"Feature","id":"cliopatria-0b0122672139d719100fba71","properties":{"NAME":"Antigonid Macedonia","ABBREVN":null,"CONTROL":null,"SUBJECTO":"Antigonid Macedonia","PARTOF":null,"BORDERPRECISION":1,"FromYear":-212,"ToYear":-211,"Area":108937.89124433679,"Type":"POLITY","Wikipedia":"Antigonid dynasty","Wikidata":"Q237325","SeshatID":"gr_antigonid_emp","Components":"","MemberOf":"","sourceFeatureId":"cliopatria-0b0122672139d719100fba71","datasetId":"cliopatria"},"geometry":{"type":"MultiPolygon","coordinates":[[[[24.272,37.513],[24.201,37.642],[24.283,37.706],[24.361,37.706],[24.432,37.577],[24.272,37.513]]],[[[20.613,37.706],[20.621,37.9],[20.699,37.9],[20.934,37.9],[20.922,37.642],[20.613,37.706]]],[[[24.088,38.351],[23.626,38.481],[23.563,38.739],[23.72,38.739],[23.799,38.739],[24.179,38.545],[24.159,38.222],[24.088,38.351]]],[[[23.485,38.739],[23.489,38.803],[23.567,38.803],[23.563,38.739],[23.485,38.739]]],[[[24.357,38.868],[24.365,38.997],[24.444,38.997],[24.675,38.933],[24.662,38.739],[24.357,38.868]]],[[[24.763,41.263],[26.03,41.198],[26.178,41.068],[26.904,41.198],[27.091,41.522],[27.483,41.457],[27.472,41.327],[27.631,41.327],[27.728,41.522],[28.139,41.652],[28.292,41.587],[28.285,41.522],[28.206,41.522],[28.083,41.068],[28.077,41.003],[27.527,41.068],[27.181,40.744],[26.621,40.679],[26.072,40.744],[26.082,40.874],[25.849,40.938],[24.347,41.003],[24.011,40.744],[23.698,40.809],[23.685,40.614],[23.839,40.55],[23.737,40.226],[23.267,40.291],[22.884,40.485],[22.892,40.614],[22.655,40.614],[22.56,40.355],[22.544,40.096],[22.702,40.096],[22.611,39.902],[23.135,39.45],[22.816,39.385],[22.797,39.062],[22.958,39.126],[23.108,38.997],[23.344,38.997],[23.489,38.803],[23.183,38.933],[23.022,38.868],[22.943,38.868],[22.786,38.868],[22.794,38.997],[22.561,39.062],[22.49,39.191],[22.254,39.191],[21.7,39.126],[21.536,38.997],[21.471,39.256],[21.317,39.32],[21.321,39.385],[20.943,39.708],[20.806,40.096],[20.569,40.096],[20.427,40.42],[20.19,40.42],[19.733,40.809],[19.819,40.938],[19.978,40.938],[19.914,41.263],[20.073,41.263],[19.918,41.327],[20.007,41.522],[19.934,41.652],[19.778,41.717],[19.948,41.911],[20.107,41.911],[20.441,42.171],[20.916,42.106],[21.004,42.236],[21.319,42.171],[21.407,42.301],[22.455,42.431],[22.442,42.236],[22.593,42.106],[22.753,42.106],[23.054,41.847],[23.528,41.782],[23.669,41.522],[24.231,41.587],[24.236,41.652],[24.554,41.652],[24.853,41.392],[24.763,41.263]]],[[[25.564,36.997],[25.331,36.997],[25.339,37.126],[25.417,37.126],[25.573,37.126],[25.564,36.997]]],[[[25.052,37.513],[24.986,37.706],[25.064,37.706],[25.22,37.706],[25.286,37.513],[25.052,37.513]]],[[[24.682,37.835],[24.694,38.029],[24.772,38.029],[25.068,37.771],[24.83,37.706],[24.682,37.835]]],[[[25.447,39.838],[24.974,39.838],[25.067,40.032],[25.146,40.032],[25.462,40.032],[25.447,39.838]]],[[[25.704,40.096],[25.719,40.291],[25.798,40.291],[26.035,40.291],[26.025,40.161],[25.704,40.096]]],[[[25.245,41.327],[25.24,41.263],[25.161,41.263],[25.166,41.327],[25.245,41.327]]]]}},{"type":"Feature","id":"cliopatria-dffcabb915392c5ee3c820b8","properties":{"NAME":"Carthage","ABBREVN":null,"CONTROL":null,"SUBJECTO":"Carthage","PARTOF":null,"BORDERPRECISION":1,"FromYear":-212,"ToYear":-211,"Area":367989.62195566215,"Type":"POLITY","Wikipedia":"Ancient Carthage","Wikidata":"Q2429397","SeshatID":"tn_carthage_emp","Components":"","MemberOf":"","sourceFeatureId":"cliopatria-dffcabb915392c5ee3c820b8","datasetId":"cliopatria"},"geometry":{"type":"MultiPolygon","coordinates":[[[[11.006,35.387],[11.083,35.001],[10.851,34.937],[10.851,34.808],[10.543,34.551],[10.004,34.293],[10.082,34.229],[10.006,33.907],[10.237,33.715],[10.544,33.715],[10.698,33.522],[11.082,33.586],[11.158,33.2],[11.464,33.2],[12.229,32.814],[12.612,32.879],[12.535,32.75],[12.841,32.75],[12.842,32.879],[13.302,32.943],[13.454,32.814],[13.761,32.879],[13.759,32.75],[14.065,32.75],[14.444,32.493],[14.675,32.557],[14.749,32.429],[15.055,32.429],[15.282,32.3],[15.425,31.658],[15.576,31.593],[15.649,31.4],[16.179,31.208],[16.864,31.208],[17.847,30.951],[18.222,30.758],[18.592,30.372],[18.896,30.372],[18.814,30.115],[18.586,30.115],[18.216,30.501],[17.161,30.886],[15.569,31.143],[15.193,31.465],[15.05,32.107],[14.899,32.236],[14.517,32.172],[14.443,32.365],[13.758,32.622],[11.998,32.622],[12.076,32.75],[11.617,32.943],[11.081,32.879],[10.698,33.136],[10.468,33.136],[10.468,33.264],[9.854,33.393],[9.624,33.329],[9.547,33.522],[9.316,33.586],[9.083,34.036],[8.929,34.036],[8.928,34.165],[8.773,34.229],[8.081,34.229],[8.002,34.422],[7.615,34.551],[7.153,34.486],[6.92,34.615],[6.381,34.615],[6.304,34.615],[6.291,35.323],[6.367,35.387],[6.365,35.451],[6.514,35.773],[7.204,36.224],[7.119,36.675],[6.96,36.868],[7.038,36.868],[7.194,36.868],[7.346,37.062],[7.659,36.997],[7.738,36.868],[8.516,36.868],[8.903,37.126],[9.059,37.062],[9.603,37.319],[9.993,37.19],[10.227,37.255],[10.228,37.062],[10.305,37.062],[10.228,36.804],[10.54,36.739],[10.851,36.997],[11.006,36.997],[11.006,36.804],[10.462,36.417],[10.54,36.353],[10.464,35.902],[10.696,35.709],[10.851,35.773],[10.928,35.645],[10.928,35.58],[11.083,35.58],[11.083,35.387],[11.006,35.387]],[[7.218,35.323],[7.141,35.323],[7.142,35.258],[7.143,35.194],[7.22,35.194],[7.219,35.258],[7.218,35.323]]],[[[-2.993,35.451],[-2.838,35.451],[-2.82,35.13],[-2.743,35.13],[-2.809,34.937],[-2.886,34.937],[-4.738,34.937],[-5.214,35.13],[-5.39,35.451],[-5.627,35.516],[-6.234,34.229],[-6.601,33.972],[-6.592,33.843],[-6.882,33.586],[-7.555,33.329],[-7.64,33.457],[-7.794,33.457],[-7.803,33.586],[-7.726,33.586],[-7.13,33.843],[-7.062,33.972],[-6.904,33.907],[-6.614,34.165],[-6.7,34.293],[-6.473,34.358],[-6.482,34.486],[-6.332,34.551],[-6.277,34.872],[-6.2,34.872],[-6.291,35.065],[-6.132,35.001],[-6.145,35.194],[-6,35.323],[-5.877,35.773],[-5.339,35.838],[-5.24,35.516],[-4.755,35.194],[-3.364,35.194],[-3.287,35.194],[-2.982,35.258],[-2.993,35.451]]],[[[0.388,35.966],[0.158,35.902],[0.155,35.966],[0.376,36.224],[0.454,36.224],[0.388,35.966]]],[[[3.459,36.868],[3.85,36.804],[4.235,36.933],[4.859,36.868],[5.098,36.675],[5.564,36.675],[5.639,36.804],[6.106,36.804],[6.103,36.933],[6.334,37.062],[6.648,36.933],[6.726,36.933],[6.34,36.739],[5.952,36.739],[5.645,36.546],[5.41,36.61],[5.258,36.482],[4.866,36.61],[3.156,36.61],[2.772,36.482],[1.918,36.482],[1.913,36.61],[1.991,36.61],[2.69,36.61],[2.841,36.739],[3.23,36.739],[3.459,36.868]]],[[[15.211,37.062],[15.21,36.997],[15.132,36.997],[14.978,37.062],[15.059,37.255],[15.137,37.255],[15.136,37.19],[15.214,37.19],[15.213,37.126],[15.211,37.062]]],[[[-2.062,36.804],[-2.532,36.868],[-2.68,36.739],[-4.469,36.739],[-4.689,36.546],[-5.228,36.482],[-5.288,36.224],[-5.662,36.031],[-5.831,36.224],[-6.064,36.224],[-6.33,36.675],[-6.35,36.933],[-6.588,36.997],[-6.842,37.255],[-7.465,37.255],[-7.575,37.642],[-7.284,37.9],[-7.222,38.093],[-6.011,38.61],[-5.87,38.803],[-5.482,38.868],[-5.34,39.062],[-4.943,38.997],[-4.854,38.868],[-4.702,38.933],[-4.692,38.803],[-4.203,38.545],[-2.239,38.481],[-1.556,38.868],[-1.43,39.385],[-1.351,39.385],[-1.449,39.708],[-1.22,39.838],[-1.232,40.032],[-1.153,40.032],[-0.755,39.967],[-0.496,39.579],[-0.335,39.514],[-0.331,39.45],[-0.314,39.126],[0.099,38.739],[-0.661,38.287],[-0.803,38.029],[-0.705,37.642],[-1.404,37.577],[-1.631,37.448],[-1.709,37.448],[-1.623,37.319],[-1.857,37.319],[-2.062,36.804]]],[[[1.658,38.997],[1.431,38.803],[1.274,38.803],[1.183,39.062],[1.259,39.126],[1.337,39.126],[1.652,39.126],[1.658,38.997]]],[[[3.198,39.838],[3.516,39.773],[3.296,39.32],[2.824,39.32],[2.659,39.514],[2.346,39.45],[2.338,39.644],[2.877,39.967],[2.956,39.967],[3.193,39.967],[3.198,39.838]]],[[[3.827,39.902],[3.741,40.096],[3.82,40.096],[4.215,40.096],[4.302,39.838],[3.827,39.902]]],[[[15.874,41.717],[15.944,41.392],[17.046,41.068],[17.979,40.55],[17.818,40.485],[17.813,40.355],[17.418,40.355],[17.345,40.55],[17.028,40.55],[16.868,40.485],[16.945,40.42],[16.862,40.291],[16.624,40.291],[16.697,40.096],[16.457,39.967],[16.447,39.644],[16.916,39.514],[17.07,39.385],[17.138,39.062],[16.502,38.803],[16.492,38.416],[15.855,37.964],[15.95,38.674],[16.265,38.739],[16.27,38.933],[16.117,39.062],[15.899,39.773],[15.666,39.902],[15.748,40.032],[15.432,40.032],[15.199,40.226],[15.041,40.226],[14.971,40.614],[14.892,40.614],[14.893,40.679],[14.896,40.809],[14.66,40.874],[14.665,41.133],[14.507,41.133],[14.501,40.874],[14.422,40.874],[14.343,40.874],[14.105,40.874],[13.951,41.133],[13.792,41.133],[13.793,41.198],[13.872,41.198],[13.876,41.392],[13.325,41.782],[13.328,41.976],[13.01,42.041],[13.012,42.171],[13.252,42.236],[13.338,42.626],[13.498,42.626],[13.496,42.496],[13.735,42.431],[14.047,42.041],[14.207,42.041],[14.371,42.236],[14.451,42.236],[14.608,42.106],[14.769,42.171],[14.766,42.041],[14.924,41.976],[15.085,42.041],[15.165,42.041],[15.241,41.911],[16.119,41.911],[16.115,41.782],[15.874,41.717]]]]}},{"type":"Feature","id":"cliopatria-690d669d7d7c94f88e5029ce","properties":{"NAME":"Minyue","ABBREVN":null,"CONTROL":null,"SUBJECTO":"Minyue","PARTOF":null,"BORDERPRECISION":1,"FromYear":-212,"ToYear":-211,"Area":268104.84080951905,"Type":"POLITY","Wikipedia":"Minyue","Wikidata":"Q1936158","SeshatID":"","Components":"","MemberOf":"","sourceFeatureId":"cliopatria-690d669d7d7c94f88e5029ce","datasetId":"cliopatria"},"geometry":{"type":"MultiPolygon","coordinates":[[[[119.645,26.065],[119.778,26.001],[119.546,25.679],[119.664,25.551],[119.616,25.358],[119.273,25.486],[119.391,25.358],[119.344,25.165],[119.029,25.101],[119.074,24.972],[118.819,24.844],[118.76,24.586],[118.147,24.522],[118.076,24.201],[117.721,23.943],[117.694,23.815],[117.47,23.815],[117.179,23.493],[116.894,23.558],[116.78,23.365],[116.815,23.172],[116.591,23.172],[116.54,22.915],[115.696,22.786],[115.671,22.658],[115.373,22.658],[115.174,22.786],[114.902,22.529],[114.753,22.529],[114.74,22.851],[114.902,22.915],[114.446,23.622],[114.547,24.458],[114.472,24.458],[114.72,25.229],[114.66,25.294],[114.856,25.486],[115.228,26.387],[114.961,26.515],[115.028,26.772],[114.953,26.772],[115.235,28.315],[115.16,28.315],[115.441,29.472],[115.804,30.115],[116.129,30.179],[116.27,29.922],[116.736,29.729],[117.678,29.601],[117.927,29.665],[117.884,29.537],[118.036,29.537],[118.165,28.765],[118.351,28.637],[118.291,28.444],[118.422,28.38],[118.494,27.865],[118.625,27.801],[118.702,27.287],[118.834,27.222],[118.877,26.837],[119.009,26.772],[119.137,26.129],[119.254,26.001],[119.57,26.065],[119.645,26.065]]]]}},{"type":"Feature","id":"cliopatria-f02096085f3b3dd9a30d8676","properties":{"NAME":"Qin Dynasty","ABBREVN":null,"CONTROL":null,"SUBJECTO":"Qin Dynasty","PARTOF":null,"BORDERPRECISION":1,"FromYear":-212,"ToYear":-211,"Area":1929971.2456435317,"Type":"POLITY","Wikipedia":"Qin dynasty","Wikidata":"Q7183","SeshatID":"cn_qin_emp","Components":"","MemberOf":"","sourceFeatureId":"cliopatria-f02096085f3b3dd9a30d8676","datasetId":"cliopatria"},"geometry":{"type":"MultiPolygon","coordinates":[[[[122.045,30.179],[122.273,30.179],[122.28,29.987],[121.977,29.987],[122.022,30.115],[122.045,30.179]]],[[[124.412,40.291],[123.871,39.902],[123.876,39.773],[123.597,39.838],[122.936,39.644],[122.17,39.256],[121.952,38.997],[121.716,38.997],[121.422,38.739],[121.029,38.739],[121.201,39.062],[121.515,39.062],[121.69,39.385],[121.297,39.385],[121.21,39.514],[121.281,39.644],[121.438,39.644],[121.503,39.902],[121.776,39.967],[122.231,40.485],[122.106,40.679],[121.827,40.744],[121.824,40.874],[121.11,40.874],[120.997,40.679],[120.647,40.485],[120.5,40.226],[119.38,39.773],[119.215,39.32],[118.45,39.062],[118.057,39.062],[118.046,39.191],[117.888,39.191],[117.576,38.739],[117.655,38.739],[117.602,38.481],[118.054,38.287],[118.067,38.158],[118.583,38.093],[118.648,38.222],[118.804,38.222],[118.772,38.158],[119.457,37.964],[119.393,37.835],[119.237,37.835],[118.984,37.319],[119.14,37.319],[119.156,37.19],[119.701,37.19],[119.827,37.448],[120.202,37.577],[120.188,37.706],[120.754,37.9],[121.112,37.835],[121.171,37.642],[121.483,37.642],[121.497,37.513],[122.154,37.577],[122.121,37.513],[122.713,37.448],[122.474,37.126],[122.566,36.997],[122.394,36.804],[121.912,36.933],[121.212,36.61],[120.979,36.61],[120.965,36.417],[120.732,36.417],[120.659,36.095],[120.318,36.031],[119.986,35.645],[119.619,35.516],[119.228,34.808],[119.459,34.808],[119.431,34.744],[119.711,34.679],[119.732,34.551],[120.342,34.358],[120.489,34.165],[120.55,33.586],[120.926,33.2],[120.919,32.622],[121.403,32.493],[121.503,32.172],[121.783,32.107],[121.987,31.85],[121.836,31.658],[121.683,31.658],[121.581,31.786],[120.919,31.85],[121.454,31.658],[121.481,31.529],[121.634,31.529],[121.584,31.4],[121.737,31.4],[121.995,31.079],[121.899,30.822],[121.519,30.822],[121.197,30.565],[121.045,30.565],[120.68,30.179],[120.809,30.115],[121.105,30.308],[121.484,30.308],[121.62,30.051],[122.03,29.922],[121.865,29.665],[122.016,29.665],[121.938,29.215],[121.712,29.215],[121.745,29.537],[121.571,29.472],[121.647,29.472],[121.539,29.151],[121.744,29.087],[121.714,28.765],[121.522,28.637],[121.652,28.572],[121.646,28.315],[121.153,28.187],[121.193,28.315],[121.118,28.315],[121.038,28.058],[120.868,27.994],[120.715,27.737],[120.657,27.544],[120.733,27.544],[120.545,27.158],[120.395,27.158],[120.247,26.901],[120.096,26.901],[120.061,26.772],[120.211,26.772],[120.158,26.579],[119.84,26.515],[119.938,26.322],[119.587,26.129],[119.57,26.065],[119.254,26.001],[119.137,26.129],[119.009,26.772],[118.877,26.837],[118.834,27.222],[118.702,27.287],[118.625,27.801],[118.494,27.865],[118.422,28.38],[118.291,28.444],[118.351,28.637],[118.165,28.765],[118.036,29.537],[117.884,29.537],[117.927,29.665],[117.678,29.601],[116.736,29.729],[116.27,29.922],[116.129,30.179],[115.804,30.115],[115.441,29.472],[115.16,28.315],[115.141,28.251],[114.543,27.479],[113.981,27.351],[112.848,27.608],[112.582,27.737],[112.543,27.865],[112.392,27.865],[112.106,28.187],[111.823,28.251],[111.727,28.444],[110.802,28.894],[110.443,28.958],[108.27,29.022],[107.647,28.958],[106.726,28.637],[106.273,28.637],[106.028,28.572],[106.069,28.444],[105.616,28.444],[105.43,28.315],[104.618,28.38],[104.066,28.572],[103.898,28.508],[103.857,28.637],[102.927,28.83],[102.602,29.022],[101.48,29.344],[101.44,29.472],[101.156,29.537],[100.982,29.729],[101.019,29.858],[100.828,29.987],[100.865,30.115],[100.674,30.244],[100.673,30.501],[100.598,30.501],[100.982,31.272],[101.836,32.043],[102.158,32.557],[102.312,33.457],[102.235,33.457],[102.325,33.715],[102.248,33.715],[102.409,34.165],[103.094,34.358],[103.379,34.293],[103.479,34.358],[103.497,34.615],[104.133,34.872],[106.185,35.387],[106.493,35.58],[106.803,35.58],[106.854,35.709],[107.061,35.645],[108.302,36.031],[108.754,36.739],[108.965,36.868],[108.942,36.997],[109.126,37.062],[110.133,38.093],[110.94,38.481],[111.032,38.674],[111.158,38.61],[111.486,38.803],[111.771,39.385],[112.157,39.838],[112.178,40.032],[112.302,39.967],[112.742,40.355],[114.596,40.42],[114.527,40.291],[114.799,40.355],[114.764,40.291],[115.283,40.226],[115.55,39.838],[116.102,39.838],[117.03,40.096],[117.295,40.291],[118.236,40.42],[118.705,40.55],[118.778,40.679],[119.174,40.679],[122.928,41.911],[123.167,41.911],[123.127,41.847],[123.405,41.782],[123.365,41.717],[123.604,41.717],[123.564,41.652],[123.843,41.587],[123.803,41.522],[124.042,41.522],[124.002,41.457],[124.28,41.392],[124.24,41.327],[124.479,41.327],[124.439,41.263],[124.837,41.133],[124.797,41.068],[124.412,40.291]]]]}},{"type":"Feature","id":"cliopatria-7b50df0cd3f622b18e149730","properties":{"NAME":"Roman Republic","ABBREVN":null,"CONTROL":null,"SUBJECTO":"Roman Republic","PARTOF":null,"BORDERPRECISION":1,"FromYear":-212,"ToYear":-211,"Area":309651.3246674126,"Type":"POLITY","Wikipedia":"Roman Republic","Wikidata":"Q175881","SeshatID":"it_roman_rep_2","Components":"","MemberOf":"","sourceFeatureId":"cliopatria-7b50df0cd3f622b18e149730","datasetId":"cliopatria"},"geometry":{"type":"MultiPolygon","coordinates":[[[[2.531,34.486],[2.608,34.486],[2.61,34.422],[2.533,34.422],[2.531,34.486]]],[[[6.227,34.615],[4.454,34.615],[3.843,34.422],[3.456,34.486],[2.921,34.358],[2.45,34.615],[1.294,34.615],[0.685,34.422],[0.451,34.486],[0.303,34.358],[-1.237,34.358],[-1.305,34.165],[-1.539,34.229],[-1.61,34.1],[-1.693,34.229],[-2.382,34.165],[-2.459,34.165],[-2.854,34.358],[-2.788,34.551],[-2.945,34.615],[-2.886,34.937],[-2.809,34.937],[-2.743,35.13],[-1.661,35.13],[-1.591,35.258],[-1.359,35.258],[-1.136,35.451],[-1.224,35.645],[-1.066,35.58],[-0.917,35.709],[-0.53,35.709],[-0.459,35.838],[-0.146,35.773],[0.081,35.902],[0.158,35.902],[0.388,35.966],[0.454,36.224],[0.531,36.224],[0.684,36.288],[0.678,36.417],[0.914,36.353],[1.216,36.546],[1.53,36.482],[1.835,36.61],[1.913,36.61],[1.918,36.482],[2.772,36.482],[3.156,36.61],[4.866,36.61],[5.258,36.482],[5.41,36.61],[5.645,36.546],[5.952,36.739],[6.34,36.739],[6.726,36.933],[6.803,36.933],[6.805,36.868],[6.882,36.868],[6.96,36.868],[7.119,36.675],[7.204,36.224],[6.514,35.773],[6.365,35.451],[6.367,35.387],[6.291,35.323],[6.304,34.615],[6.227,34.615]]],[[[9.823,40.355],[9.665,40.291],[9.747,39.644],[9.669,39.644],[9.593,39.126],[9.12,39.191],[8.966,38.868],[8.73,38.868],[8.336,38.997],[8.412,39.256],[8.333,39.256],[8.33,39.514],[8.409,39.514],[8.483,39.902],[8.325,39.967],[8.4,40.291],[8.321,40.291],[8.319,40.485],[8.16,40.55],[8.155,40.938],[8.552,40.874],[9.025,41.263],[9.104,41.263],[9.502,41.198],[9.822,40.744],[9.823,40.355]]],[[[-0.411,40.874],[-0.419,41.003],[0.357,41.327],[0.43,41.457],[1.544,41.457],[2.869,42.106],[2.955,41.976],[2.886,41.717],[2.334,41.587],[2.107,41.327],[1.238,41.198],[0.696,40.938],[0.709,40.679],[0.475,40.614],[0.248,40.42],[0.183,40.161],[-0.202,39.967],[-0.338,39.579],[-0.335,39.514],[-0.496,39.579],[-0.755,39.967],[-1.153,40.032],[-1.157,40.096],[-0.634,40.614],[-0.642,40.744],[-0.411,40.874]]],[[[9.574,42.756],[9.578,41.976],[9.498,41.976],[9.499,41.782],[9.262,41.392],[9.104,41.327],[8.784,41.522],[8.782,41.717],[8.623,41.717],[8.7,41.911],[8.539,42.106],[8.535,42.496],[8.773,42.691],[9.173,42.756],[9.251,43.017],[9.331,43.017],[9.492,43.017],[9.493,42.756],[9.574,42.756]]],[[[14.047,42.041],[13.735,42.431],[13.496,42.496],[13.498,42.626],[13.338,42.626],[13.252,42.236],[13.012,42.171],[13.01,42.041],[13.328,41.976],[13.325,41.782],[13.876,41.392],[13.872,41.198],[13.793,41.198],[13.713,41.198],[13.398,41.327],[13,41.327],[12.922,41.457],[12.605,41.522],[12.131,41.911],[12.132,42.041],[11.733,42.171],[11.655,42.366],[11.495,42.301],[11.415,42.431],[11.255,42.431],[11.176,42.626],[11.016,42.626],[11.016,42.821],[10.535,43.082],[10.293,43.863],[11.826,43.863],[11.908,44.059],[12.474,44.124],[12.873,43.798],[13.036,43.863],[13.034,43.733],[13.355,43.668],[13.673,43.407],[13.747,43.082],[13.985,42.951],[13.901,42.756],[14.292,42.301],[14.372,42.301],[14.371,42.236],[14.207,42.041],[14.047,42.041]]],[[[10.215,42.691],[10.134,42.886],[10.214,42.886],[10.455,42.886],[10.455,42.691],[10.215,42.691]]],[[[14.568,35.773],[14.337,35.838],[14.34,36.031],[14.417,36.031],[14.571,35.966],[14.568,35.773]]],[[[13.192,37.577],[12.49,37.706],[12.492,37.9],[12.65,38.093],[13.04,38.029],[13.12,38.158],[13.355,38.158],[13.665,37.964],[14.056,37.964],[15.862,38.287],[15.855,37.964],[15.698,37.964],[15.624,38.158],[15.389,38.158],[15.066,37.642],[15.06,37.319],[15.059,37.255],[14.978,37.062],[15.132,36.997],[15.131,36.933],[15.05,36.739],[14.661,36.739],[14.662,36.804],[14.123,37.19],[13.578,37.255],[13.192,37.577]]],[[[19.764,39.773],[19.921,39.773],[19.918,39.708],[19.912,39.579],[19.758,39.644],[19.764,39.773]]],[[[17.966,40.226],[17.811,40.291],[17.818,40.485],[18.058,40.55],[18.436,40.096],[18.357,40.096],[18.349,39.902],[18.112,39.902],[17.966,40.226]]],[[[14.497,40.679],[14.418,40.679],[14.419,40.744],[14.421,40.809],[14.422,40.874],[14.501,40.874],[14.507,41.133],[14.665,41.133],[14.66,40.874],[14.896,40.809],[14.893,40.679],[14.814,40.679],[14.735,40.679],[14.656,40.679],[14.576,40.679],[14.497,40.679]]],[[[19.523,41.392],[19.444,41.392],[19.53,41.522],[19.456,41.652],[19.772,41.587],[19.676,41.263],[19.822,41.003],[19.575,40.809],[19.562,40.55],[19.41,40.679],[19.249,40.614],[19.255,40.744],[19.416,40.809],[19.419,40.874],[19.498,40.874],[19.438,41.263],[19.523,41.392]]],[[[16.796,43.017],[17.119,43.082],[17.2,43.082],[17.192,42.886],[16.791,42.886],[16.796,43.017]]]]}},{"type":"Feature","id":"cliopatria-288528a9eca025e8b219078e","properties":{"NAME":"Seleucid Empire","ABBREVN":null,"CONTROL":null,"SUBJECTO":"Seleucid Empire","PARTOF":null,"BORDERPRECISION":1,"FromYear":-212,"ToYear":-211,"Area":2052786.7895022156,"Type":"POLITY","Wikipedia":"Seleucid dynasty","Wikidata":"Q705904","SeshatID":"ir_seleucid_emp","Components":"","MemberOf":"","sourceFeatureId":"cliopatria-288528a9eca025e8b219078e","datasetId":"cliopatria"},"geometry":{"type":"MultiPolygon","coordinates":[[[[31.378,39.967],[31.233,39.32],[31.443,39.062],[31.424,38.868],[31.738,38.868],[31.803,38.739],[32.189,38.674],[33.587,38.545],[33.669,37.835],[35.671,37.577],[35.998,37.706],[36.348,38.029],[37.115,37.9],[37.318,38.287],[38.126,38.481],[38.814,38.933],[39.11,38.803],[39.25,38.674],[39.232,38.545],[39.389,38.545],[39.45,38.416],[40.52,38.222],[40.598,38.222],[40.572,38.029],[41.667,38.029],[41.961,37.9],[42.508,37.9],[43.945,37.577],[44.413,37.577],[44.774,37.384],[44.745,37.19],[44.871,36.997],[45.251,36.933],[45.118,36.031],[45.195,36.031],[45.217,35.645],[46.031,35.387],[47.954,35.323],[48.774,35.13],[49.413,35.258],[49.608,35.516],[50.48,35.645],[50.855,36.031],[52.008,36.417],[52.108,36.546],[52.186,36.546],[53.088,36.804],[53.955,36.868],[54.033,36.868],[54.774,36.675],[55.785,36.675],[56.212,36.868],[56.834,36.868],[57.444,36.804],[57.702,36.546],[58.453,36.417],[59.074,36.417],[60.047,36.61],[61.213,36.61],[61.157,36.353],[61.235,36.353],[61.303,35.58],[61.804,35.387],[62.191,35.387],[62.623,34.872],[63.15,34.808],[63.277,34.679],[63.83,34.744],[63.957,34.615],[64.188,34.615],[64.37,34.744],[64.755,34.744],[65.415,34.937],[65.618,34.808],[66.144,34.744],[66.563,34.551],[66.535,34.422],[66.458,34.422],[66.352,34.293],[65.751,34.358],[65.387,34.1],[65.242,33.779],[65.062,33.65],[65.035,33.522],[65.112,33.522],[64.982,33.264],[64.829,33.264],[64.687,32.943],[64.355,32.814],[64.406,32.686],[63.873,32.3],[63.643,32.3],[63.442,32.043],[63.301,32.107],[62.124,30.629],[61.68,30.244],[61.37,29.729],[61.027,29.472],[60.244,28.251],[59.395,27.544],[58.994,27.351],[58.978,27.222],[58.836,27.287],[58.745,27.158],[58.594,27.158],[58.428,27.029],[58.405,26.837],[58.262,26.901],[57.773,26.579],[57.483,26.001],[57.529,25.744],[57.38,25.744],[57.176,25.936],[57.052,26.837],[56.715,27.158],[56.188,27.158],[56.098,27.029],[56.324,27.029],[56.309,26.901],[56.061,26.708],[55.289,26.515],[55.31,26.708],[55.543,26.772],[55.242,26.772],[54.989,26.515],[54.681,26.451],[54.259,26.708],[53.658,26.708],[53.461,26.965],[52.737,27.222],[52.479,27.608],[52.049,27.801],[51.453,27.865],[51.066,28.444],[51.028,28.765],[50.809,28.83],[50.915,29.087],[50.62,29.151],[50.651,29.408],[50.236,29.729],[50.065,30.179],[49.586,29.987],[48.943,30.308],[48.987,30.051],[48.365,29.922],[48.404,29.601],[48.093,29.537],[47.646,29.601],[47.29,29.794],[46.979,29.729],[46.994,29.858],[46.85,29.922],[46.615,29.858],[46.591,30.308],[45.77,30.436],[44.955,31.272],[44.581,31.336],[44.459,31.593],[43.153,32.814],[42.709,32.943],[42.578,33.136],[42.065,33.329],[42.003,33.457],[41.489,33.65],[41.427,33.779],[41.273,33.779],[41.212,33.907],[40.912,33.972],[40.704,34.165],[40.311,34.1],[40.403,34.229],[40.257,34.293],[39.124,34.486],[37.99,33.972],[37.739,33.779],[37.726,33.65],[37.649,33.65],[37.599,33.907],[37.382,34.036],[37.389,34.1],[37.004,34.1],[36.87,34.293],[36.562,34.293],[36.441,34.615],[36.293,34.679],[36.313,34.872],[36.165,34.937],[36.269,35.194],[35.889,35.258],[35.896,35.323],[35.993,35.516],[35.845,35.58],[35.872,35.838],[35.99,36.224],[35.849,36.353],[36.265,36.61],[36.286,36.804],[36.145,36.933],[35.911,36.933],[35.834,36.933],[35.289,36.933],[35.035,36.739],[34.957,36.739],[34.893,36.868],[34.582,36.868],[34.413,36.739],[34.335,36.739],[34.219,37.126],[33.674,37.126],[33.609,37.255],[33.375,37.255],[32.068,36.61],[31.99,36.61],[31.392,36.868],[30.697,36.933],[30.619,36.933],[29.446,36.868],[29.369,36.868],[28.304,37.19],[28.241,37.384],[27.612,37.319],[27.534,37.319],[27.223,37.319],[27.31,37.448],[27.173,37.706],[27.251,37.706],[27.192,37.964],[27.27,37.964],[27.275,38.029],[27.51,38.029],[27.5,37.9],[27.73,37.835],[27.969,37.9],[28.141,38.093],[28.527,38.029],[28.861,38.287],[28.961,38.545],[29.208,38.674],[29.236,38.997],[29.315,38.997],[29.301,39.708],[28.84,39.838],[27.972,39.838],[27.409,39.708],[27.235,39.514],[26.841,39.514],[26.847,39.579],[26.132,39.514],[26.252,40.032],[26.257,40.096],[26.673,40.355],[26.752,40.355],[27.47,40.42],[27.617,40.291],[27.696,40.291],[28.17,40.291],[28.182,40.42],[28.261,40.42],[29.046,40.355],[28.9,40.485],[28.913,40.614],[29.401,40.744],[29.48,40.744],[29.559,40.744],[29.54,40.55],[29.936,40.55],[29.923,40.42],[30.068,40.291],[30.457,40.226],[30.602,40.096],[30.589,39.967],[31.299,39.967],[31.378,39.967]]],[[[26.644,38.997],[26.246,38.933],[26.094,38.997],[26.103,39.126],[25.793,39.191],[26.044,39.385],[26.123,39.385],[26.511,39.32],[26.644,38.997]]]]}},{"type":"Feature","id":"cliopatria-1f1b1b942ee741c575694bb9","properties":{"NAME":"Ptolemaic Kingdom","ABBREVN":null,"CONTROL":null,"SUBJECTO":"Ptolemaic Kingdom","PARTOF":null,"BORDERPRECISION":1,"FromYear":-212,"ToYear":-204,"Area":779721.7379756798,"Type":"POLITY","Wikipedia":"Ptolemaic Kingdom","Wikidata":"Q2320005","SeshatID":"eg_ptolemaic_k_1","Components":"","MemberOf":"","sourceFeatureId":"cliopatria-1f1b1b942ee741c575694bb9","datasetId":"cliopatria"},"geometry":{"type":"MultiPolygon","coordinates":[[[[7.219,35.258],[7.22,35.194],[7.143,35.194],[7.142,35.258],[7.141,35.323],[7.218,35.323],[7.219,35.258]]],[[[27.039,36.933],[27.117,36.933],[27.185,36.804],[26.865,36.675],[27.039,36.933]]],[[[25.988,37.513],[26.08,37.706],[26.158,37.706],[26.314,37.706],[26.305,37.577],[25.988,37.513]]],[[[26.622,37.642],[26.557,37.835],[26.636,37.835],[27.026,37.835],[27.012,37.642],[26.622,37.642]]],[[[26.673,40.355],[26.257,40.096],[26.262,40.161],[26.267,40.226],[26.272,40.291],[26.351,40.291],[26.357,40.355],[26.605,40.485],[26.678,40.42],[26.673,40.355]]],[[[26.921,40.485],[26.768,40.55],[26.774,40.614],[26.785,40.744],[27.102,40.744],[26.921,40.485]]],[[[26.23,40.744],[26.309,40.744],[26.542,40.679],[26.066,40.679],[26.23,40.744]]],[[[37.649,33.65],[37.573,33.65],[37.073,33.264],[37.054,33.072],[36.901,33.072],[36.717,32.75],[36.751,32.3],[36.516,32.236],[36.656,32.107],[36.492,31.979],[36.463,31.658],[36.387,31.658],[36.423,31.208],[35.662,31.208],[35.499,31.079],[35.352,31.143],[34.621,30.565],[34.611,30.436],[34.389,30.501],[34.303,30.372],[33.838,30.244],[32.919,30.115],[32.91,29.987],[32.758,29.987],[32.673,29.858],[32.526,29.922],[32.442,29.794],[32.689,28.958],[32.836,28.894],[33.105,28.38],[33.609,27.994],[33.585,27.608],[33.799,27.415],[33.927,27.029],[34.073,26.965],[34.051,26.579],[34.197,26.515],[34.461,25.872],[34.608,25.808],[35.146,24.651],[35.86,24.008],[35.854,23.879],[35.559,23.943],[35.553,23.815],[35.108,23.879],[33.756,23.686],[33.682,23.686],[33.389,23.815],[32.041,23.686],[31.67,23.751],[30.537,23.365],[30.463,23.365],[30.395,23.558],[30.104,23.751],[30.109,23.879],[29.959,23.879],[29.673,24.201],[28.569,24.651],[28.289,25.165],[28.244,25.936],[28.345,26.579],[28.27,26.579],[28.154,27.351],[27.937,27.544],[27.711,27.544],[27.792,27.672],[27.43,27.994],[27.276,27.93],[27.285,28.122],[26.847,28.444],[25.883,28.83],[25.225,29.344],[24.922,29.344],[24.855,29.537],[24.406,29.665],[24.263,29.858],[23.667,30.115],[23.227,30.501],[22.848,30.501],[22.853,30.629],[21.951,30.886],[20.582,30.886],[19.957,30.308],[19.651,30.244],[19.572,30.115],[18.735,29.987],[18.738,30.115],[18.894,30.308],[19.272,30.244],[19.655,30.372],[19.964,30.565],[19.968,30.694],[20.202,30.886],[20.134,31.143],[20.214,31.272],[19.996,31.593],[20.089,32.107],[20.017,32.236],[20.246,32.236],[20.331,32.493],[20.482,32.429],[20.563,32.557],[20.716,32.557],[20.644,32.686],[20.871,32.622],[21.108,32.814],[21.412,32.75],[21.879,32.943],[23.089,32.622],[23.081,32.429],[23.231,32.365],[23.149,32.236],[23.299,32.172],[23.68,32.172],[24.129,31.979],[24.892,31.979],[25.112,31.786],[25.102,31.593],[25.248,31.465],[26.848,31.465],[27.297,31.336],[27.515,31.143],[28.496,31.015],[28.865,30.822],[29.397,30.822],[29.485,31.015],[29.633,30.951],[29.87,31.079],[29.802,31.208],[29.882,31.272],[30.339,31.272],[30.271,31.4],[30.352,31.465],[30.809,31.465],[30.966,31.529],[30.975,31.658],[31.203,31.658],[31.118,31.529],[31.266,31.465],[31.875,31.465],[31.781,31.208],[31.937,31.272],[32,31.079],[32.304,31.079],[32.237,31.208],[32.532,31.079],[32.765,31.143],[32.832,31.015],[33.983,31.143],[34.297,31.272],[34.308,31.4],[34.633,31.658],[34.573,31.85],[34.813,31.979],[34.77,32.365],[35.022,32.622],[35.056,33.007],[35.215,33.072],[35.398,33.393],[35.346,33.65],[35.499,33.65],[35.447,33.907],[35.684,33.972],[35.644,34.358],[35.792,34.293],[36.049,34.551],[36.068,34.744],[35.927,34.872],[35.96,35.194],[35.882,35.194],[35.889,35.258],[36.269,35.194],[36.165,34.937],[36.313,34.872],[36.293,34.679],[36.441,34.615],[36.562,34.293],[36.87,34.293],[37.004,34.1],[37.389,34.1],[37.382,34.036],[37.599,33.907],[37.649,33.65]]],[[[33.957,35.258],[34.087,35.001],[33.695,34.937],[33.523,34.744],[33.132,34.679],[33.044,34.551],[32.367,34.744],[32.229,34.937],[32.246,35.13],[32.555,35.13],[32.875,35.258],[32.887,35.387],[33.737,35.387],[34.31,35.709],[34.387,35.709],[34.542,35.709],[34.529,35.58],[33.957,35.258]]],[[[32.068,36.61],[33.375,37.255],[33.609,37.255],[33.674,37.126],[34.219,37.126],[34.335,36.739],[34.328,36.675],[33.979,36.288],[33.274,36.224],[32.713,36.031],[32.558,36.031],[32.499,36.224],[32.212,36.482],[32.134,36.482],[32.14,36.546],[32.062,36.546],[32.068,36.61]]],[[[34.957,36.739],[35.035,36.739],[35.028,36.675],[34.95,36.675],[34.957,36.739]]],[[[29.938,36.224],[29.24,36.224],[29.125,36.739],[28.357,36.868],[28.187,36.675],[28.031,36.675],[28.226,37.19],[28.304,37.19],[29.369,36.868],[29.363,36.804],[29.441,36.804],[29.446,36.868],[30.619,36.933],[30.613,36.868],[30.536,36.868],[30.53,36.804],[30.492,36.353],[30.026,36.353],[29.938,36.224]]],[[[35.035,36.739],[35.289,36.933],[35.834,36.933],[35.827,36.868],[35.749,36.868],[35.488,36.61],[35.113,36.739],[35.035,36.739]]],[[[27.195,36.933],[27.209,37.126],[27.286,37.126],[27.442,37.126],[27.35,36.933],[27.195,36.933]]]]}},{"type":"Feature","id":"cliopatria-524ba09f0e62159bb470dc44","properties":{"NAME":"Mauretania","ABBREVN":null,"CONTROL":null,"SUBJECTO":"Mauretania","PARTOF":null,"BORDERPRECISION":1,"FromYear":-212,"ToYear":-198,"Area":51320.52200354256,"Type":"POLITY","Wikipedia":"Mauretania","Wikidata":"Q309272","SeshatID":"","Components":"","MemberOf":"","sourceFeatureId":"cliopatria-524ba09f0e62159bb470dc44","datasetId":"cliopatria"},"geometry":{"type":"MultiPolygon","coordinates":[[[[-2.945,34.615],[-2.788,34.551],[-2.854,34.358],[-2.459,34.165],[-2.536,34.165],[-3.763,34.1],[-4.141,33.972],[-4.21,33.843],[-4.367,33.907],[-5.039,33.586],[-5.274,33.65],[-5.799,33.457],[-6.033,33.522],[-6.634,33.329],[-6.703,33.2],[-6.937,33.264],[-7.528,32.943],[-8.064,32.943],[-8.154,33.136],[-8.47,33.264],[-8.403,33.393],[-7.88,33.586],[-7.803,33.586],[-7.794,33.457],[-7.64,33.457],[-7.555,33.329],[-6.882,33.586],[-6.592,33.843],[-6.601,33.972],[-6.234,34.229],[-5.627,35.516],[-5.39,35.451],[-5.214,35.13],[-4.738,34.937],[-2.886,34.937],[-2.945,34.615]]]]}},{"type":"Feature","id":"cliopatria-f81ad1dbea81898f3760f8de","properties":{"NAME":"Kingdom of Cappadocia","ABBREVN":null,"CONTROL":null,"SUBJECTO":"Kingdom of Cappadocia","PARTOF":null,"BORDERPRECISION":1,"FromYear":-212,"ToYear":-189,"Area":67615.05141506802,"Type":"POLITY","Wikipedia":"Kingdom of Cappadocia","Wikidata":"Q29654286","SeshatID":"tr_cappadocia_2","Components":"","MemberOf":"","sourceFeatureId":"cliopatria-f81ad1dbea81898f3760f8de","datasetId":"cliopatria"},"geometry":{"type":"MultiPolygon","coordinates":[[[[38.744,38.997],[38.822,38.997],[38.814,38.933],[38.126,38.481],[37.318,38.287],[37.115,37.9],[36.348,38.029],[35.998,37.706],[35.671,37.577],[33.669,37.835],[33.587,38.545],[33.68,38.674],[34.479,38.803],[34.767,39.256],[34.726,39.579],[34.828,39.773],[35.294,39.708],[35.435,39.579],[36.933,39.579],[37.861,39.45],[38.752,39.062],[38.744,38.997]]]]}},{"type":"Feature","id":"cliopatria-c14d4f66e4268963ba7e272d","properties":{"NAME":"Kingdom of Pergamon","ABBREVN":null,"CONTROL":null,"SUBJECTO":"Kingdom of Pergamon","PARTOF":null,"BORDERPRECISION":1,"FromYear":-212,"ToYear":-189,"Area":38422.274302952996,"Type":"POLITY","Wikipedia":"Kingdom of Pergamon","Wikidata":"Q2022162","SeshatID":"tr_pergamon_k","Components":"","MemberOf":"","sourceFeatureId":"cliopatria-c14d4f66e4268963ba7e272d","datasetId":"cliopatria"},"geometry":{"type":"MultiPolygon","coordinates":[[[[27.197,38.029],[26.889,38.093],[26.82,38.222],[26.429,38.222],[26.384,38.674],[26.536,38.61],[26.595,38.351],[27.065,38.351],[27.08,38.545],[26.849,38.61],[26.958,38.997],[26.879,38.997],[26.894,39.191],[26.742,39.256],[26.836,39.45],[26.841,39.514],[27.235,39.514],[27.409,39.708],[27.972,39.838],[28.84,39.838],[29.301,39.708],[29.315,38.997],[29.236,38.997],[29.208,38.674],[28.961,38.545],[28.861,38.287],[28.527,38.029],[28.141,38.093],[27.969,37.9],[27.73,37.835],[27.5,37.9],[27.51,38.029],[27.275,38.029],[27.197,38.029]]]]}},{"type":"Feature","id":"cliopatria-a16e9f457478d8494d07b6ad","properties":{"NAME":"Kingdom of Sophene","ABBREVN":null,"CONTROL":null,"SUBJECTO":"Kingdom of Sophene","PARTOF":null,"BORDERPRECISION":1,"FromYear":-212,"ToYear":-189,"Area":17020.33529793496,"Type":"POLITY","Wikipedia":"Kingdom of Sophene","Wikidata":"Q2626105","SeshatID":"","Components":"","MemberOf":"","sourceFeatureId":"cliopatria-a16e9f457478d8494d07b6ad","datasetId":"cliopatria"},"geometry":{"type":"MultiPolygon","coordinates":[[[[38.822,38.997],[38.744,38.997],[38.752,39.062],[38.927,39.191],[38.954,39.385],[39.209,39.514],[39.751,39.45],[39.848,39.579],[40.478,39.579],[40.51,39.256],[40.658,39.191],[40.514,38.739],[40.52,38.222],[39.45,38.416],[39.389,38.545],[39.232,38.545],[39.25,38.674],[39.11,38.803],[38.814,38.933],[38.822,38.997]]]]}},{"type":"Feature","id":"cliopatria-513f0586bb485f8a7133ba64","properties":{"NAME":"Aetolian League","ABBREVN":null,"CONTROL":null,"SUBJECTO":"Aetolian League","PARTOF":null,"BORDERPRECISION":1,"FromYear":-210,"ToYear":-209,"Area":11244.315262604068,"Type":"POLITY","Wikipedia":"Aetolian League","Wikidata":"Q245273","SeshatID":"","Components":"","MemberOf":"","sourceFeatureId":"cliopatria-513f0586bb485f8a7133ba64","datasetId":"cliopatria"},"geometry":{"type":"MultiPolygon","coordinates":[[[[22.771,38.61],[22.678,38.351],[21.428,38.416],[21.35,38.416],[21.291,38.803],[21.14,38.933],[21.144,38.997],[20.678,39.126],[20.53,39.32],[20.845,39.32],[21.075,39.191],[21.314,39.256],[21.317,39.32],[21.471,39.256],[21.536,38.997],[21.7,39.126],[22.49,39.191],[22.558,38.997],[22.397,38.933],[22.39,38.803],[22.625,38.803],[22.618,38.674],[22.775,38.674],[22.771,38.61]]]]}},{"type":"Feature","id":"cliopatria-806bcd96cbcab7b2c55ce140","properties":{"NAME":"Antigonid Macedonia","ABBREVN":null,"CONTROL":null,"SUBJECTO":"Antigonid Macedonia","PARTOF":null,"BORDERPRECISION":1,"FromYear":-210,"ToYear":-209,"Area":112456.24376087816,"Type":"POLITY","Wikipedia":"Antigonid dynasty","Wikidata":"Q237325","SeshatID":"gr_antigonid_emp","Components":"","MemberOf":"","sourceFeatureId":"cliopatria-806bcd96cbcab7b2c55ce140","datasetId":"cliopatria"},"geometry":{"type":"MultiPolygon","coordinates":[[[[24.272,37.513],[24.201,37.642],[24.283,37.706],[24.361,37.706],[24.432,37.577],[24.272,37.513]]],[[[24.088,38.351],[23.626,38.481],[23.563,38.739],[23.72,38.739],[23.799,38.739],[24.179,38.545],[24.159,38.222],[24.088,38.351]]],[[[23.489,38.803],[23.567,38.803],[23.563,38.739],[23.485,38.739],[23.489,38.803]]],[[[24.662,38.739],[24.357,38.868],[24.365,38.997],[24.444,38.997],[24.675,38.933],[24.662,38.739]]],[[[24.763,41.263],[26.03,41.198],[26.178,41.068],[26.904,41.198],[27.091,41.522],[27.483,41.457],[27.472,41.327],[27.631,41.327],[27.728,41.522],[28.139,41.652],[28.292,41.587],[28.285,41.522],[28.206,41.522],[28.083,41.068],[28.077,41.003],[27.527,41.068],[27.181,40.744],[26.621,40.679],[26.072,40.744],[26.082,40.874],[25.849,40.938],[24.347,41.003],[24.011,40.744],[23.698,40.809],[23.685,40.614],[23.839,40.55],[23.737,40.226],[23.267,40.291],[22.884,40.485],[22.892,40.614],[22.655,40.614],[22.56,40.355],[22.544,40.096],[22.702,40.096],[22.611,39.902],[23.135,39.45],[22.816,39.385],[22.797,39.062],[22.958,39.126],[23.493,38.868],[23.332,38.803],[23.025,38.933],[22.853,38.674],[22.775,38.674],[22.618,38.674],[22.625,38.803],[22.39,38.803],[22.397,38.933],[22.558,38.997],[22.49,39.191],[21.7,39.126],[21.536,38.997],[21.471,39.256],[21.317,39.32],[21.321,39.385],[20.943,39.708],[20.806,40.096],[20.493,40.161],[20.503,40.355],[20.19,40.42],[19.806,40.679],[19.736,40.874],[19.978,40.938],[19.914,41.263],[20.077,41.327],[19.918,41.327],[20.007,41.522],[19.778,41.717],[19.785,41.847],[19.549,41.911],[19.463,41.782],[19.31,41.911],[19.322,42.171],[20.041,42.171],[20.045,42.236],[20.125,42.236],[20.121,42.171],[20.281,42.171],[20.354,42.041],[20.441,42.171],[20.916,42.106],[21.004,42.236],[21.319,42.171],[21.407,42.301],[22.455,42.431],[22.442,42.236],[22.593,42.106],[22.753,42.106],[23.054,41.847],[23.528,41.782],[23.669,41.522],[24.231,41.587],[24.236,41.652],[24.554,41.652],[24.853,41.392],[24.763,41.263]]],[[[25.564,36.997],[25.331,36.997],[25.339,37.126],[25.417,37.126],[25.573,37.126],[25.564,36.997]]],[[[25.052,37.513],[24.986,37.706],[25.064,37.706],[25.22,37.706],[25.286,37.513],[25.052,37.513]]],[[[24.682,37.835],[24.694,38.029],[24.772,38.029],[25.068,37.771],[24.83,37.706],[24.682,37.835]]],[[[25.447,39.838],[24.974,39.838],[25.067,40.032],[25.146,40.032],[25.462,40.032],[25.447,39.838]]],[[[25.704,40.096],[25.719,40.291],[25.798,40.291],[26.035,40.291],[26.025,40.161],[25.704,40.096]]],[[[25.245,41.327],[25.24,41.263],[25.161,41.263],[25.166,41.327],[25.245,41.327]]]]}},{"type":"Feature","id":"cliopatria-7be7d039f4dc3c164e87f821","properties":{"NAME":"Atropatene","ABBREVN":null,"CONTROL":null,"SUBJECTO":"Atropatene","PARTOF":null,"BORDERPRECISION":1,"FromYear":-210,"ToYear":-209,"Area":146792.64214983417,"Type":"POLITY","Wikipedia":"Atropatene","Wikidata":"Q260437","SeshatID":"ir_atropatene_k","Components":"","MemberOf":"","sourceFeatureId":"cliopatria-7be7d039f4dc3c164e87f821","datasetId":"cliopatria"},"geometry":{"type":"MultiPolygon","coordinates":[[[[49.999,37.384],[50.321,36.997],[50.566,37.062],[50.632,36.997],[50.532,36.868],[50.821,36.739],[52.03,36.546],[52.108,36.546],[52.008,36.417],[50.855,36.031],[50.48,35.645],[49.608,35.516],[49.5,35.323],[49.083,35.13],[47.954,35.323],[46.031,35.387],[45.149,35.709],[45.261,36.997],[45.426,37.062],[45.446,37.19],[45.29,37.19],[45.252,37.448],[45.174,37.448],[45.224,37.771],[45.635,37.9],[45.854,38.287],[46.121,38.481],[47.252,38.674],[48.326,38.093],[48.795,38.093],[48.874,38.093],[48.829,37.835],[49.029,37.642],[49.018,37.577],[49.999,37.384]]]]}},{"type":"Feature","id":"cliopatria-20e02708e0c96f15d105ef22","properties":{"NAME":"Carthage","ABBREVN":null,"CONTROL":null,"SUBJECTO":"Carthage","PARTOF":null,"BORDERPRECISION":1,"FromYear":-210,"ToYear":-209,"Area":375068.56435635244,"Type":"POLITY","Wikipedia":"Ancient Carthage","Wikidata":"Q2429397","SeshatID":"tn_carthage_emp","Components":"","MemberOf":"","sourceFeatureId":"cliopatria-20e02708e0c96f15d105ef22","datasetId":"cliopatria"},"geometry":{"type":"MultiPolygon","coordinates":[[[[-2.993,35.451],[-2.838,35.451],[-2.82,35.13],[-2.743,35.13],[-2.809,34.937],[-2.886,34.937],[-4.738,34.937],[-5.214,35.13],[-5.39,35.451],[-5.627,35.516],[-6.234,34.229],[-6.601,33.972],[-6.592,33.843],[-6.882,33.586],[-7.555,33.329],[-7.64,33.457],[-7.794,33.457],[-7.803,33.586],[-7.726,33.586],[-7.13,33.843],[-7.062,33.972],[-6.904,33.907],[-6.614,34.165],[-6.7,34.293],[-6.473,34.358],[-6.482,34.486],[-6.332,34.551],[-6.277,34.872],[-6.2,34.872],[-6.291,35.065],[-6.132,35.001],[-6.145,35.194],[-6,35.323],[-5.877,35.773],[-5.339,35.838],[-5.24,35.516],[-4.755,35.194],[-3.364,35.194],[-3.287,35.194],[-2.982,35.258],[-2.993,35.451]]],[[[0.158,35.902],[0.155,35.966],[0.376,36.224],[0.454,36.224],[0.388,35.966],[0.158,35.902]]],[[[-2.532,36.868],[-2.68,36.739],[-4.469,36.739],[-4.689,36.546],[-5.228,36.482],[-5.288,36.224],[-5.662,36.031],[-5.831,36.224],[-6.064,36.224],[-6.33,36.675],[-6.35,36.933],[-6.588,36.997],[-6.842,37.255],[-7.465,37.255],[-7.575,37.642],[-7.284,37.9],[-7.222,38.093],[-6.011,38.61],[-5.87,38.803],[-5.482,38.868],[-5.34,39.062],[-4.943,38.997],[-4.854,38.868],[-4.702,38.933],[-4.692,38.803],[-4.203,38.545],[-2.239,38.481],[-1.941,38.739],[-1.556,38.868],[-1.43,39.385],[-1.351,39.385],[-1.449,39.708],[-1.22,39.838],[-1.232,40.032],[-1.153,40.032],[-0.755,39.967],[-0.496,39.579],[-0.335,39.514],[-0.331,39.45],[-0.314,39.126],[0.099,38.739],[-0.661,38.287],[-0.803,38.029],[-0.705,37.642],[-1.404,37.577],[-1.631,37.448],[-1.709,37.448],[-1.623,37.319],[-1.857,37.319],[-2.062,36.804],[-2.532,36.868]]],[[[1.658,38.997],[1.431,38.803],[1.274,38.803],[1.183,39.062],[1.259,39.126],[1.337,39.126],[1.652,39.126],[1.658,38.997]]],[[[3.516,39.773],[3.296,39.32],[2.824,39.32],[2.659,39.514],[2.346,39.45],[2.338,39.644],[2.877,39.967],[2.956,39.967],[3.193,39.967],[3.198,39.838],[3.516,39.773]]],[[[3.827,39.902],[3.741,40.096],[3.82,40.096],[4.215,40.096],[4.302,39.838],[3.827,39.902]]],[[[11.006,35.387],[11.083,35.001],[10.851,34.937],[10.851,34.808],[10.543,34.551],[10.004,34.293],[10.082,34.229],[10.006,33.907],[10.237,33.715],[10.544,33.715],[10.698,33.522],[11.082,33.586],[11.158,33.2],[11.464,33.2],[12.229,32.814],[12.612,32.879],[12.535,32.75],[12.841,32.75],[12.842,32.879],[13.302,32.943],[13.454,32.814],[13.761,32.879],[13.759,32.75],[14.065,32.75],[14.444,32.493],[14.675,32.557],[14.749,32.429],[15.055,32.429],[15.282,32.3],[15.425,31.658],[15.576,31.593],[15.649,31.4],[16.179,31.208],[16.864,31.208],[17.847,30.951],[18.222,30.758],[18.592,30.372],[18.896,30.372],[18.814,30.115],[18.586,30.115],[18.216,30.501],[17.161,30.886],[15.569,31.143],[15.193,31.465],[15.05,32.107],[14.899,32.236],[14.517,32.172],[14.443,32.365],[13.758,32.622],[11.998,32.622],[12.076,32.75],[11.617,32.943],[11.081,32.879],[10.698,33.136],[10.468,33.136],[10.468,33.264],[9.854,33.393],[9.624,33.329],[9.547,33.522],[9.316,33.586],[9.083,34.036],[8.929,34.036],[8.928,34.165],[8.773,34.229],[8.081,34.229],[8.002,34.422],[7.615,34.551],[7.153,34.486],[6.92,34.615],[6.381,34.615],[6.304,34.615],[6.291,35.323],[6.367,35.387],[6.365,35.451],[6.514,35.773],[7.204,36.224],[7.119,36.675],[6.96,36.868],[7.038,36.868],[7.194,36.868],[7.346,37.062],[7.659,36.997],[7.738,36.868],[8.516,36.868],[8.903,37.126],[9.059,37.062],[9.603,37.319],[9.993,37.19],[10.227,37.255],[10.228,37.062],[10.305,37.062],[10.228,36.804],[10.54,36.739],[10.851,36.997],[11.006,36.997],[11.006,36.804],[10.462,36.417],[10.54,36.353],[10.464,35.902],[10.696,35.709],[10.851,35.773],[10.928,35.645],[10.928,35.58],[11.083,35.58],[11.083,35.387],[11.006,35.387]],[[7.218,35.323],[7.141,35.323],[7.142,35.258],[7.143,35.194],[7.22,35.194],[7.219,35.258],[7.218,35.323]]],[[[22.874,36.16],[22.887,36.417],[22.965,36.417],[23.117,36.353],[23.107,36.16],[22.874,36.16]]],[[[3.459,36.868],[3.85,36.804],[4.235,36.933],[4.859,36.868],[5.098,36.675],[5.564,36.675],[5.639,36.804],[6.106,36.804],[6.103,36.933],[6.334,37.062],[6.648,36.933],[6.726,36.933],[6.34,36.739],[5.952,36.739],[5.645,36.546],[5.41,36.61],[5.258,36.482],[4.866,36.61],[3.156,36.61],[2.772,36.482],[1.918,36.482],[1.913,36.61],[1.991,36.61],[2.69,36.61],[2.841,36.739],[3.23,36.739],[3.459,36.868]]],[[[22.833,36.868],[22.599,36.868],[22.512,36.675],[22.356,36.675],[22.22,37.062],[21.909,37.062],[21.899,36.868],[21.744,36.868],[21.681,37.19],[21.603,37.19],[21.693,37.448],[21.697,37.513],[22.087,37.513],[22.158,37.384],[22.399,37.513],[22.704,37.384],[22.701,37.319],[22.853,37.255],[23.056,36.675],[22.833,36.868]]],[[[21.631,37.771],[21.397,37.771],[21.319,37.771],[21.322,37.835],[21.244,37.835],[21.247,37.9],[21.25,37.964],[21.328,37.964],[21.331,38.029],[21.334,38.093],[21.412,38.093],[21.637,37.9],[21.631,37.771]]],[[[15.874,41.717],[15.944,41.392],[17.046,41.068],[17.979,40.55],[17.9,40.55],[17.736,40.42],[17.429,40.679],[17.191,40.679],[17.108,40.55],[17.028,40.55],[16.868,40.485],[16.945,40.42],[16.862,40.291],[16.624,40.291],[16.697,40.096],[16.457,39.967],[16.447,39.644],[16.916,39.514],[17.07,39.385],[17.138,39.062],[16.502,38.803],[16.492,38.416],[15.855,37.964],[15.95,38.674],[16.265,38.739],[16.27,38.933],[16.117,39.062],[15.899,39.773],[15.666,39.902],[15.748,40.032],[15.432,40.032],[15.199,40.226],[15.041,40.226],[14.971,40.614],[14.892,40.614],[14.893,40.679],[14.896,40.809],[14.66,40.874],[14.665,41.133],[14.507,41.133],[14.501,40.874],[14.422,40.874],[14.343,40.874],[14.105,40.874],[13.951,41.133],[13.792,41.133],[13.793,41.198],[13.872,41.198],[13.876,41.392],[13.325,41.782],[13.328,41.976],[13.01,42.041],[13.012,42.171],[13.252,42.236],[13.338,42.626],[13.498,42.626],[13.496,42.496],[13.735,42.431],[14.047,42.041],[14.207,42.041],[14.371,42.236],[14.451,42.236],[14.608,42.106],[14.769,42.171],[14.766,42.041],[14.924,41.976],[15.085,42.041],[15.165,42.041],[15.241,41.911],[16.119,41.911],[16.115,41.782],[15.874,41.717]]]]}},{"type":"Feature","id":"cliopatria-cd5e89d1fedead0abbf293b8","properties":{"NAME":"Greek City-States","ABBREVN":null,"CONTROL":null,"SUBJECTO":"Greek City-States","PARTOF":null,"BORDERPRECISION":1,"FromYear":-210,"ToYear":-209,"Area":70897.55839432981,"Type":"POLITY","Wikipedia":"Polis","Wikidata":"Q148837","SeshatID":"","Components":"","MemberOf":"","sourceFeatureId":"cliopatria-cd5e89d1fedead0abbf293b8","datasetId":"cliopatria"},"geometry":{"type":"MultiPolygon","coordinates":[[[[24.157,35.516],[24.15,35.387],[24.301,35.323],[25.692,35.323],[25.681,35.13],[26.225,35.194],[26.14,35.065],[24.824,35.001],[24.757,35.194],[24.526,35.194],[24.448,35.194],[23.679,35.258],[23.615,35.516],[24.157,35.516]]],[[[27.612,37.319],[28.241,37.384],[28.304,37.19],[28.226,37.19],[28.221,37.126],[27.598,37.126],[27.608,37.255],[27.612,37.319]]],[[[20.32,38.158],[20.328,38.351],[20.488,38.416],[20.566,38.416],[20.795,38.287],[20.786,38.093],[20.32,38.158]]],[[[23.313,38.481],[23.705,38.481],[24.08,38.222],[24.002,38.222],[23.979,37.835],[23.9,37.835],[22.678,38.351],[22.682,38.416],[22.76,38.416],[22.775,38.674],[23.014,38.739],[23.313,38.481]]],[[[25.899,38.481],[25.821,38.481],[25.913,38.674],[25.991,38.674],[26.217,38.545],[26.111,38.158],[25.876,38.158],[25.899,38.481]]],[[[20.829,38.997],[21.062,38.933],[21.14,38.933],[21.291,38.803],[21.35,38.416],[21.272,38.416],[21.193,38.416],[21.196,38.481],[20.898,38.803],[20.741,38.803],[20.829,38.997]]],[[[28.018,40.355],[28.097,40.355],[28.103,40.42],[28.182,40.42],[28.17,40.291],[27.696,40.291],[27.701,40.355],[27.781,40.355],[27.786,40.42],[27.792,40.485],[27.871,40.485],[27.95,40.485],[27.945,40.42],[27.939,40.355],[28.018,40.355]]],[[[24.551,40.55],[24.491,40.809],[24.57,40.809],[24.808,40.809],[24.794,40.614],[24.551,40.55]]],[[[27.532,41.976],[27.452,41.976],[27.458,42.041],[27.378,42.041],[27.384,42.106],[27.464,42.106],[27.317,42.236],[27.329,42.366],[27.175,42.431],[27.193,42.626],[27.657,43.277],[27.998,43.472],[28.119,43.863],[28.3,44.059],[28.341,44.451],[28.422,44.451],[28.368,44.712],[28.64,44.973],[28.802,44.973],[28.841,44.581],[28.577,44.385],[28.536,43.994],[28.616,43.994],[28.481,43.472],[28.159,43.472],[28.226,43.342],[27.898,43.277],[27.805,43.147],[27.853,42.821],[27.847,42.756],[27.514,42.626],[27.495,42.431],[27.796,42.236],[27.924,41.911],[27.612,41.976],[27.538,42.041],[27.532,41.976]],[[27.538,42.041],[27.464,42.106],[27.458,42.041],[27.538,42.041]]],[[[5.391,43.277],[5.387,43.407],[5.063,43.472],[4.178,43.472],[4.173,43.603],[3.851,43.603],[2.985,43.147],[3.01,42.561],[3.178,42.366],[3.04,41.847],[2.698,42.366],[2.775,42.431],[2.669,43.017],[2.75,43.017],[2.741,43.212],[3.446,43.668],[4.728,43.863],[5.87,43.407],[6.594,43.407],[6.597,43.277],[6.278,43.147],[6.198,43.147],[5.796,43.147],[5.632,43.277],[5.391,43.277]]],[[[27.743,35.902],[27.693,36.288],[28.017,36.482],[28.095,36.482],[28.25,36.482],[28.139,36.031],[27.743,35.902]]],[[[40.381,41.003],[40.46,41.003],[40.598,40.874],[40.578,40.744],[40.409,40.679],[39.616,40.679],[39.398,40.809],[39.002,40.809],[38.824,40.679],[37.873,40.679],[37.355,40.938],[36.509,41.133],[36.527,41.263],[36.607,41.263],[36.775,41.327],[37.065,41.133],[37.233,41.198],[37.215,41.068],[37.771,41.068],[37.831,40.938],[38.158,41.003],[38.298,40.874],[38.952,41.003],[38.962,41.068],[39.21,41.133],[39.736,40.938],[40.381,41.003]]],[[[28.285,41.522],[28.279,41.457],[28.976,41.263],[28.963,41.133],[29.367,41.198],[29.255,40.874],[29.103,40.938],[29.116,41.068],[28.639,41.068],[28.56,41.068],[28.163,41.068],[28.083,41.068],[28.206,41.522],[28.285,41.522]]],[[[31.512,41.198],[31.361,41.263],[31.693,41.392],[31.592,41.198],[31.512,41.198]]],[[[35.086,41.782],[35.006,41.782],[35.015,41.847],[34.793,41.976],[35.121,42.041],[35.086,41.782]]],[[[40.416,43.147],[40.219,43.407],[39.978,43.407],[39.63,43.733],[40.414,43.603],[40.322,43.538],[40.38,43.407],[41.15,43.212],[41.208,43.082],[41.437,43.017],[41.414,42.886],[41.334,42.886],[41.173,42.886],[41.116,43.017],[40.817,43.147],[40.416,43.147]]],[[[40.045,43.798],[40.033,43.733],[39.953,43.733],[39.964,43.798],[40.045,43.798]]],[[[33.467,44.647],[33.548,44.647],[33.61,45.104],[33.23,45.3],[33.637,45.3],[33.917,44.973],[34.604,45.235],[35.183,45.3],[35.154,45.104],[35.235,45.104],[35.135,44.973],[35.125,44.908],[34.376,44.777],[33.926,44.451],[33.521,44.451],[33.467,44.647]]],[[[31.567,46.94],[31.533,46.677],[30.877,46.677],[30.298,45.955],[30.045,45.89],[29.859,45.693],[29.614,45.693],[29.644,45.955],[30.189,46.415],[30.271,46.415],[30.458,46.612],[31.065,46.874],[31.082,47.006],[31.567,46.94]]]]}},{"type":"Feature","id":"cliopatria-2c7fd0ac658deea914170a4e","properties":{"NAME":"Minyue","ABBREVN":null,"CONTROL":null,"SUBJECTO":"Minyue","PARTOF":null,"BORDERPRECISION":1,"FromYear":-210,"ToYear":-209,"Area":267357.13533767645,"Type":"POLITY","Wikipedia":"Minyue","Wikidata":"Q1936158","SeshatID":"","Components":"","MemberOf":"","sourceFeatureId":"cliopatria-2c7fd0ac658deea914170a4e","datasetId":"cliopatria"},"geometry":{"type":"MultiPolygon","coordinates":[[[[119.645,26.065],[119.778,26.001],[119.546,25.679],[119.664,25.551],[119.616,25.358],[119.273,25.486],[119.391,25.358],[119.344,25.165],[119.029,25.101],[119.074,24.972],[118.819,24.844],[118.76,24.586],[118.147,24.522],[118.076,24.201],[117.721,23.943],[117.694,23.815],[117.47,23.815],[117.179,23.493],[116.894,23.558],[116.78,23.365],[116.815,23.172],[116.591,23.172],[116.54,22.915],[115.696,22.786],[115.671,22.658],[115.373,22.658],[115.174,22.786],[114.902,22.529],[114.753,22.529],[114.703,22.658],[114.715,22.722],[114.902,22.915],[114.605,23.301],[114.631,23.429],[114.495,23.493],[114.526,24.008],[114.451,24.008],[114.781,25.486],[115.228,26.387],[114.961,26.515],[115.028,26.772],[114.953,26.772],[115.335,28.894],[115.259,28.894],[115.804,30.115],[116.129,30.179],[116.27,29.922],[116.736,29.729],[117.678,29.601],[117.927,29.665],[117.884,29.537],[118.036,29.537],[118.165,28.765],[118.351,28.637],[118.291,28.444],[118.422,28.38],[118.494,27.865],[118.625,27.801],[118.702,27.287],[118.834,27.222],[118.877,26.837],[119.009,26.772],[119.137,26.129],[119.254,26.001],[119.57,26.065],[119.645,26.065]]]]}},{"type":"Feature","id":"cliopatria-9ef6fe6ca23be8a937e80070","properties":{"NAME":"Qin Dynasty","ABBREVN":null,"CONTROL":null,"SUBJECTO":"Qin Dynasty","PARTOF":null,"BORDERPRECISION":1,"FromYear":-210,"ToYear":-209,"Area":2132723.861211369,"Type":"POLITY","Wikipedia":"Qin dynasty","Wikidata":"Q7183","SeshatID":"cn_qin_emp","Components":"","MemberOf":"","sourceFeatureId":"cliopatria-9ef6fe6ca23be8a937e80070","datasetId":"cliopatria"},"geometry":{"type":"MultiPolygon","coordinates":[[[[122.045,30.179],[122.273,30.179],[122.28,29.987],[121.977,29.987],[122.022,30.115],[122.045,30.179]]],[[[124.412,40.291],[123.871,39.902],[123.876,39.773],[123.597,39.838],[122.936,39.644],[122.17,39.256],[121.952,38.997],[121.716,38.997],[121.422,38.739],[121.029,38.739],[121.201,39.062],[121.515,39.062],[121.69,39.385],[121.297,39.385],[121.21,39.514],[121.281,39.644],[121.438,39.644],[121.503,39.902],[121.776,39.967],[122.231,40.485],[122.106,40.679],[121.827,40.744],[121.824,40.874],[121.11,40.874],[120.997,40.679],[120.647,40.485],[120.5,40.226],[119.38,39.773],[119.215,39.32],[118.45,39.062],[118.057,39.062],[118.046,39.191],[117.888,39.191],[117.576,38.739],[117.655,38.739],[117.602,38.481],[118.054,38.287],[118.067,38.158],[118.583,38.093],[118.648,38.222],[118.804,38.222],[118.772,38.158],[119.457,37.964],[119.393,37.835],[119.237,37.835],[118.984,37.319],[119.14,37.319],[119.156,37.19],[119.701,37.19],[119.827,37.448],[120.202,37.577],[120.188,37.706],[120.754,37.9],[121.112,37.835],[121.171,37.642],[121.483,37.642],[121.497,37.513],[122.154,37.577],[122.121,37.513],[122.713,37.448],[122.474,37.126],[122.566,36.997],[122.394,36.804],[121.912,36.933],[121.212,36.61],[120.979,36.61],[120.965,36.417],[120.732,36.417],[120.659,36.095],[120.318,36.031],[119.986,35.645],[119.619,35.516],[119.228,34.808],[119.459,34.808],[119.431,34.744],[119.711,34.679],[119.732,34.551],[120.342,34.358],[120.489,34.165],[120.55,33.586],[120.926,33.2],[120.919,32.622],[121.403,32.493],[121.503,32.172],[121.783,32.107],[121.987,31.85],[121.836,31.658],[121.683,31.658],[121.581,31.786],[120.919,31.85],[121.454,31.658],[121.481,31.529],[121.634,31.529],[121.584,31.4],[121.737,31.4],[121.995,31.079],[121.899,30.822],[121.519,30.822],[121.197,30.565],[121.045,30.565],[120.68,30.179],[120.809,30.115],[121.105,30.308],[121.484,30.308],[121.62,30.051],[122.03,29.922],[121.865,29.665],[122.016,29.665],[121.938,29.215],[121.712,29.215],[121.745,29.537],[121.571,29.472],[121.647,29.472],[121.539,29.151],[121.744,29.087],[121.714,28.765],[121.522,28.637],[121.652,28.572],[121.646,28.315],[121.153,28.187],[121.193,28.315],[121.118,28.315],[121.038,28.058],[120.868,27.994],[120.715,27.737],[120.657,27.544],[120.733,27.544],[120.545,27.158],[120.395,27.158],[120.247,26.901],[120.096,26.901],[120.061,26.772],[120.211,26.772],[120.158,26.579],[119.84,26.515],[119.938,26.322],[119.587,26.129],[119.57,26.065],[119.254,26.001],[119.137,26.129],[119.009,26.772],[118.877,26.837],[118.834,27.222],[118.702,27.287],[118.625,27.801],[118.494,27.865],[118.422,28.38],[118.291,28.444],[118.351,28.637],[118.165,28.765],[118.036,29.537],[117.884,29.537],[117.927,29.665],[117.678,29.601],[116.736,29.729],[116.27,29.922],[116.129,30.179],[115.804,30.115],[115.259,28.894],[115.335,28.894],[114.953,26.772],[115.028,26.772],[114.961,26.515],[115.228,26.387],[114.781,25.486],[114.451,24.008],[114.526,24.008],[114.495,23.493],[114.631,23.429],[114.605,23.301],[114.902,22.915],[114.715,22.722],[114.641,22.722],[114.531,22.143],[113.999,22.079],[113.996,22.465],[113.785,22.529],[113.747,22.722],[113.599,22.722],[113.699,22.465],[113.639,22.143],[113.416,22.143],[113.318,22.015],[113.106,22.079],[113.071,21.886],[112.379,21.758],[112.414,21.951],[111.663,22.722],[111.687,22.851],[111.04,23.365],[110.892,23.751],[110.956,24.072],[111.561,25.486],[111.546,25.744],[111.82,26.258],[111.965,26.837],[111.89,26.837],[112.055,27.737],[111.94,27.865],[111.955,28.187],[111.727,28.444],[110.802,28.894],[110.443,28.958],[108.27,29.022],[107.647,28.958],[106.726,28.637],[106.028,28.572],[106.069,28.444],[105.129,28.315],[104.066,28.572],[103.898,28.508],[103.857,28.637],[102.718,28.894],[102.602,29.022],[101.957,29.151],[101.156,29.537],[100.598,30.501],[100.982,31.272],[101.836,32.043],[102.158,32.557],[102.312,33.457],[102.235,33.457],[102.325,33.715],[102.248,33.715],[102.409,34.165],[103.094,34.358],[103.379,34.293],[103.479,34.358],[103.497,34.615],[104.133,34.872],[106.185,35.387],[106.493,35.58],[106.803,35.58],[106.854,35.709],[107.061,35.645],[108.302,36.031],[108.754,36.739],[108.965,36.868],[108.942,36.997],[109.126,37.062],[110.133,38.093],[110.94,38.481],[111.032,38.674],[111.158,38.61],[111.486,38.803],[111.771,39.385],[112.157,39.838],[112.178,40.032],[112.302,39.967],[112.742,40.355],[114.596,40.42],[114.527,40.291],[114.799,40.355],[114.764,40.291],[115.283,40.226],[115.55,39.838],[116.102,39.838],[117.03,40.096],[117.295,40.291],[118.236,40.42],[118.705,40.55],[118.778,40.679],[119.174,40.679],[122.928,41.911],[123.167,41.911],[123.127,41.847],[123.405,41.782],[123.365,41.717],[123.604,41.717],[123.564,41.652],[123.843,41.587],[123.803,41.522],[124.042,41.522],[124.002,41.457],[124.28,41.392],[124.24,41.327],[124.479,41.327],[124.439,41.263],[124.837,41.133],[124.797,41.068],[124.412,40.291]]]]}},{"type":"Feature","id":"cliopatria-9b91cbfec0d9f5c0015b16f9","properties":{"NAME":"Roman Republic","ABBREVN":null,"CONTROL":null,"SUBJECTO":"Roman Republic","PARTOF":null,"BORDERPRECISION":1,"FromYear":-210,"ToYear":-209,"Area":327650.0602781592,"Type":"POLITY","Wikipedia":"Roman Republic","Wikidata":"Q175881","SeshatID":"it_roman_rep_2","Components":"","MemberOf":"","sourceFeatureId":"cliopatria-9b91cbfec0d9f5c0015b16f9","datasetId":"cliopatria"},"geometry":{"type":"MultiPolygon","coordinates":[[[[2.531,34.486],[2.608,34.486],[2.61,34.422],[2.533,34.422],[2.531,34.486]]],[[[6.227,34.615],[4.454,34.615],[3.843,34.422],[3.456,34.486],[2.921,34.358],[2.45,34.615],[1.294,34.615],[0.685,34.422],[0.451,34.486],[0.303,34.358],[-1.237,34.358],[-1.305,34.165],[-1.539,34.229],[-1.61,34.1],[-1.693,34.229],[-2.382,34.165],[-2.459,34.165],[-2.854,34.358],[-2.788,34.551],[-2.945,34.615],[-2.886,34.937],[-2.809,34.937],[-2.743,35.13],[-1.661,35.13],[-1.591,35.258],[-1.359,35.258],[-1.136,35.451],[-1.224,35.645],[-1.066,35.58],[-0.917,35.709],[-0.53,35.709],[-0.459,35.838],[-0.146,35.773],[0.081,35.902],[0.158,35.902],[0.388,35.966],[0.454,36.224],[0.531,36.224],[0.684,36.288],[0.678,36.417],[0.914,36.353],[1.216,36.546],[1.53,36.482],[1.835,36.61],[1.913,36.61],[1.918,36.482],[2.772,36.482],[3.156,36.61],[4.866,36.61],[5.258,36.482],[5.41,36.61],[5.645,36.546],[5.952,36.739],[6.34,36.739],[6.726,36.933],[6.803,36.933],[6.805,36.868],[6.882,36.868],[6.96,36.868],[7.119,36.675],[7.204,36.224],[6.514,35.773],[6.365,35.451],[6.367,35.387],[6.291,35.323],[6.304,34.615],[6.227,34.615]]],[[[15.214,37.19],[15.05,36.739],[14.661,36.739],[14.278,37.126],[13.578,37.255],[13.192,37.577],[12.49,37.706],[12.492,37.9],[12.65,38.093],[13.04,38.029],[13.12,38.158],[13.355,38.158],[13.665,37.964],[14.056,37.964],[15.862,38.287],[15.855,37.964],[15.698,37.964],[15.624,38.158],[15.389,38.158],[15.307,37.964],[15.306,37.9],[15.066,37.642],[15.059,37.255],[15.214,37.19]]],[[[9.823,40.355],[9.665,40.291],[9.747,39.644],[9.669,39.644],[9.593,39.126],[9.12,39.191],[8.966,38.868],[8.73,38.868],[8.336,38.997],[8.412,39.256],[8.333,39.256],[8.33,39.514],[8.409,39.514],[8.483,39.902],[8.325,39.967],[8.4,40.291],[8.321,40.291],[8.319,40.485],[8.16,40.55],[8.155,40.938],[8.552,40.874],[9.025,41.263],[9.104,41.263],[9.502,41.198],[9.822,40.744],[9.823,40.355]]],[[[2.107,41.327],[1.238,41.198],[0.696,40.938],[0.709,40.679],[0.475,40.614],[0.248,40.42],[0.183,40.161],[-0.202,39.967],[-0.338,39.579],[-0.335,39.514],[-0.496,39.579],[-0.755,39.967],[-1.153,40.032],[-1.157,40.096],[-0.634,40.614],[-0.642,40.744],[-0.411,40.874],[-0.419,41.003],[-0.184,41.068],[-0.048,41.457],[0.18,41.652],[0.299,42.366],[0.455,42.431],[0.772,42.496],[0.859,42.366],[1.422,42.301],[1.997,41.976],[2.955,41.976],[2.963,41.782],[2.883,41.782],[2.573,41.587],[2.334,41.587],[2.107,41.327]]],[[[9.574,42.756],[9.578,41.976],[9.498,41.976],[9.499,41.782],[9.262,41.392],[9.104,41.327],[8.784,41.522],[8.782,41.717],[8.623,41.717],[8.7,41.911],[8.539,42.106],[8.535,42.496],[8.773,42.691],[9.173,42.756],[9.251,43.017],[9.331,43.017],[9.492,43.017],[9.493,42.756],[9.574,42.756]]],[[[14.047,42.041],[13.735,42.431],[13.496,42.496],[13.498,42.626],[13.338,42.626],[13.252,42.236],[13.012,42.171],[13.01,42.041],[13.328,41.976],[13.325,41.782],[13.876,41.392],[13.872,41.198],[13.793,41.198],[13.713,41.198],[13.398,41.327],[13,41.327],[12.922,41.457],[12.605,41.522],[12.131,41.911],[12.132,42.041],[11.733,42.171],[11.655,42.366],[11.495,42.301],[11.415,42.431],[11.255,42.431],[11.176,42.626],[11.016,42.626],[11.016,42.821],[10.535,43.082],[10.293,43.863],[11.826,43.863],[11.908,44.059],[12.474,44.124],[12.873,43.798],[13.036,43.863],[13.034,43.733],[13.355,43.668],[13.673,43.407],[13.747,43.082],[13.985,42.951],[13.901,42.756],[14.292,42.301],[14.372,42.301],[14.371,42.236],[14.207,42.041],[14.047,42.041]]],[[[10.215,42.691],[10.134,42.886],[10.214,42.886],[10.455,42.886],[10.455,42.691],[10.215,42.691]]],[[[14.337,35.838],[14.34,36.031],[14.417,36.031],[14.571,35.966],[14.568,35.773],[14.337,35.838]]],[[[20.613,37.706],[20.621,37.9],[20.699,37.9],[20.934,37.9],[20.922,37.642],[20.613,37.706]]],[[[19.764,39.773],[19.921,39.773],[19.918,39.708],[19.912,39.579],[19.758,39.644],[19.764,39.773]]],[[[18.349,39.902],[18.112,39.902],[17.813,40.355],[17.418,40.355],[17.345,40.55],[17.187,40.55],[17.108,40.55],[17.191,40.679],[17.429,40.679],[17.736,40.42],[17.9,40.55],[17.979,40.55],[18.364,40.291],[18.438,40.161],[18.349,39.902]]],[[[14.497,40.679],[14.418,40.679],[14.419,40.744],[14.421,40.809],[14.422,40.874],[14.501,40.874],[14.507,41.133],[14.665,41.133],[14.66,40.874],[14.896,40.809],[14.893,40.679],[14.814,40.679],[14.735,40.679],[14.656,40.679],[14.576,40.679],[14.497,40.679]]],[[[19.523,41.392],[19.444,41.392],[19.53,41.522],[19.456,41.652],[19.772,41.587],[19.676,41.263],[19.822,41.003],[19.575,40.809],[19.562,40.55],[19.41,40.679],[19.249,40.614],[19.255,40.744],[19.416,40.809],[19.419,40.874],[19.498,40.874],[19.438,41.263],[19.523,41.392]]],[[[16.796,43.017],[17.119,43.082],[17.2,43.082],[17.192,42.886],[16.791,42.886],[16.796,43.017]]]]}},{"type":"Feature","id":"cliopatria-09cc53e812ee77dd8f0dc623","properties":{"NAME":"Seleucid Empire","ABBREVN":null,"CONTROL":null,"SUBJECTO":"Seleucid Empire","PARTOF":null,"BORDERPRECISION":1,"FromYear":-210,"ToYear":-209,"Area":2277510.379341206,"Type":"POLITY","Wikipedia":"Seleucid dynasty","Wikidata":"Q705904","SeshatID":"ir_seleucid_emp","Components":"","MemberOf":"","sourceFeatureId":"cliopatria-09cc53e812ee77dd8f0dc623","datasetId":"cliopatria"},"geometry":{"type":"MultiPolygon","coordinates":[[[[45.235,41.068],[45.473,41.068],[45.675,40.874],[45.492,40.744],[45.524,40.485],[46.493,40.161],[46.537,39.967],[46.774,39.967],[47.054,39.773],[47.381,39.838],[47.515,39.708],[48.304,39.708],[48.673,39.579],[48.806,39.45],[48.782,39.32],[48.928,39.256],[48.742,38.674],[48.821,38.674],[48.807,38.158],[48.795,38.093],[48.326,38.093],[47.252,38.674],[46.121,38.481],[45.854,38.287],[45.635,37.9],[45.224,37.771],[45.174,37.448],[45.252,37.448],[45.29,37.19],[45.446,37.19],[45.426,37.062],[45.261,36.997],[45.149,35.709],[46.031,35.387],[47.954,35.323],[49.083,35.13],[49.5,35.323],[49.608,35.516],[50.48,35.645],[50.855,36.031],[52.008,36.417],[52.108,36.546],[52.186,36.546],[53.088,36.804],[53.955,36.868],[54.033,36.868],[54.774,36.675],[55.785,36.675],[56.212,36.868],[56.834,36.868],[57.444,36.804],[57.702,36.546],[58.453,36.417],[59.074,36.417],[60.047,36.61],[61.213,36.61],[61.157,36.353],[61.235,36.353],[61.303,35.58],[61.804,35.387],[62.191,35.387],[62.623,34.872],[63.15,34.808],[63.277,34.679],[63.83,34.744],[63.957,34.615],[64.188,34.615],[64.37,34.744],[64.755,34.744],[65.415,34.937],[65.618,34.808],[66.144,34.744],[66.563,34.551],[66.535,34.422],[66.458,34.422],[66.352,34.293],[65.751,34.358],[65.387,34.1],[65.242,33.779],[65.062,33.65],[65.035,33.522],[65.112,33.522],[64.982,33.264],[64.829,33.264],[64.687,32.943],[64.355,32.814],[64.406,32.686],[63.873,32.3],[63.643,32.3],[63.442,32.043],[63.301,32.107],[62.124,30.629],[61.68,30.244],[61.37,29.729],[61.027,29.472],[60.244,28.251],[59.395,27.544],[58.994,27.351],[58.978,27.222],[58.836,27.287],[58.745,27.158],[58.594,27.158],[58.428,27.029],[58.405,26.837],[58.262,26.901],[57.773,26.579],[57.483,26.001],[57.529,25.744],[57.38,25.744],[57.176,25.936],[57.052,26.837],[56.715,27.158],[56.188,27.158],[56.098,27.029],[56.324,27.029],[56.309,26.901],[56.061,26.708],[55.289,26.515],[55.31,26.708],[55.543,26.772],[55.242,26.772],[54.989,26.515],[54.681,26.451],[54.259,26.708],[53.658,26.708],[53.461,26.965],[52.737,27.222],[52.479,27.608],[52.049,27.801],[51.453,27.865],[51.066,28.444],[51.028,28.765],[50.809,28.83],[50.915,29.087],[50.62,29.151],[50.651,29.408],[50.236,29.729],[50.065,30.179],[49.586,29.987],[48.943,30.308],[48.987,30.051],[48.365,29.922],[48.404,29.601],[48.093,29.537],[47.646,29.601],[47.29,29.794],[46.979,29.729],[46.994,29.858],[46.85,29.922],[46.615,29.858],[46.591,30.308],[45.77,30.436],[44.955,31.272],[44.581,31.336],[44.459,31.593],[43.153,32.814],[42.709,32.943],[42.578,33.136],[42.065,33.329],[42.003,33.457],[41.489,33.65],[41.427,33.779],[41.273,33.779],[41.212,33.907],[40.912,33.972],[40.704,34.165],[40.311,34.1],[40.403,34.229],[40.257,34.293],[39.124,34.486],[37.99,33.972],[37.739,33.779],[37.726,33.65],[37.649,33.65],[37.599,33.907],[37.382,34.036],[37.389,34.1],[37.004,34.1],[36.87,34.293],[36.562,34.293],[36.441,34.615],[36.293,34.679],[36.313,34.872],[36.165,34.937],[36.269,35.194],[35.889,35.258],[35.896,35.323],[35.993,35.516],[35.845,35.58],[35.872,35.838],[35.99,36.224],[35.849,36.353],[36.265,36.61],[36.286,36.804],[36.145,36.933],[35.911,36.933],[35.834,36.933],[35.289,36.933],[35.035,36.739],[34.957,36.739],[34.893,36.868],[34.582,36.868],[34.413,36.739],[34.335,36.739],[34.219,37.126],[33.674,37.126],[33.609,37.255],[33.375,37.255],[32.068,36.61],[31.99,36.61],[31.392,36.868],[30.697,36.933],[30.619,36.933],[29.446,36.868],[29.369,36.868],[28.304,37.19],[28.241,37.384],[27.612,37.319],[27.534,37.319],[27.223,37.319],[27.31,37.448],[27.173,37.706],[27.251,37.706],[27.192,37.964],[27.27,37.964],[27.275,38.029],[27.51,38.029],[27.5,37.9],[27.73,37.835],[27.969,37.9],[28.141,38.093],[28.527,38.029],[28.861,38.287],[28.961,38.545],[29.208,38.674],[29.236,38.997],[29.315,38.997],[29.301,39.708],[28.84,39.838],[27.972,39.838],[27.409,39.708],[27.235,39.514],[26.841,39.514],[26.847,39.579],[26.132,39.514],[26.252,40.032],[26.257,40.096],[26.673,40.355],[26.752,40.355],[27.47,40.42],[27.617,40.291],[27.696,40.291],[28.17,40.291],[28.182,40.42],[28.261,40.42],[29.046,40.355],[28.9,40.485],[28.913,40.614],[29.401,40.744],[29.48,40.744],[29.559,40.744],[29.54,40.55],[29.936,40.55],[29.923,40.42],[30.068,40.291],[30.457,40.226],[30.602,40.096],[30.589,39.967],[31.299,39.967],[31.378,39.967],[31.233,39.32],[31.443,39.062],[31.424,38.868],[31.738,38.868],[31.803,38.739],[32.189,38.674],[33.587,38.545],[33.669,37.835],[35.671,37.577],[35.998,37.706],[36.348,38.029],[37.115,37.9],[37.318,38.287],[38.126,38.481],[38.814,38.933],[39.11,38.803],[39.25,38.674],[39.232,38.545],[39.389,38.545],[39.45,38.416],[40.52,38.222],[40.514,38.739],[40.658,39.191],[40.51,39.256],[40.478,39.579],[39.848,39.579],[39.751,39.45],[39.209,39.514],[38.954,39.385],[38.745,39.579],[38.93,39.773],[38.79,39.902],[40.398,40.096],[40.507,40.291],[40.754,40.355],[40.774,40.485],[40.567,40.679],[41.005,40.938],[40.995,40.874],[41.122,40.679],[41.36,40.679],[41.535,41.263],[42.25,41.263],[42.363,41.457],[42.295,41.522],[42.533,41.522],[42.556,41.652],[43.784,41.392],[44.034,41.457],[44.237,41.263],[45.191,41.263],[45.179,41.198],[45.259,41.198],[45.235,41.068]]],[[[26.644,38.997],[26.246,38.933],[26.094,38.997],[26.103,39.126],[25.793,39.191],[26.044,39.385],[26.123,39.385],[26.511,39.32],[26.644,38.997]]],[[[47.077,39.902],[47.156,39.902],[47.145,39.838],[47.066,39.838],[47.077,39.902]]],[[[46.931,39.967],[47.01,39.967],[46.999,39.902],[46.92,39.902],[46.931,39.967]]]]}},{"type":"Feature","id":"cliopatria-acea71d39f8e30d42d92fc5e","properties":{"NAME":"Achaean League","ABBREVN":null,"CONTROL":null,"SUBJECTO":"Achaean League","PARTOF":null,"BORDERPRECISION":1,"FromYear":-210,"ToYear":-207,"Area":11818.938258062473,"Type":"POLITY","Wikipedia":"Achaean League","Wikidata":"Q244796","SeshatID":"","Components":"","MemberOf":"","sourceFeatureId":"cliopatria-acea71d39f8e30d42d92fc5e","datasetId":"cliopatria"},"geometry":{"type":"MultiPolygon","coordinates":[[[[23.339,37.577],[23.335,37.513],[23.413,37.513],[23.402,37.319],[23.169,37.319],[23.176,37.448],[22.949,37.577],[22.714,37.577],[22.708,37.448],[22.704,37.384],[22.399,37.513],[22.158,37.384],[22.087,37.513],[21.697,37.513],[21.619,37.513],[21.622,37.577],[21.544,37.577],[21.547,37.642],[21.469,37.642],[21.472,37.706],[21.394,37.706],[21.397,37.771],[21.631,37.771],[21.637,37.9],[21.412,38.093],[21.416,38.158],[21.729,38.158],[21.742,38.416],[22.134,38.416],[22.287,38.351],[22.28,38.222],[22.44,38.287],[22.433,38.158],[22.589,38.158],[22.657,37.964],[22.97,37.964],[22.977,38.093],[23.216,38.158],[23.286,38.029],[23.201,37.9],[23.044,37.9],[23.037,37.771],[23.108,37.642],[23.339,37.577]]]]}},{"type":"Feature","id":"cliopatria-c7ce2e275e6216d75b825dd4","properties":{"NAME":"(Eighteen Kingdoms)","ABBREVN":null,"CONTROL":null,"SUBJECTO":"(Eighteen Kingdoms)","PARTOF":null,"BORDERPRECISION":1,"FromYear":-208,"ToYear":-207,"Area":2128027.647520607,"Type":"POLITY","Wikipedia":"Eighteen Kingdoms","Wikidata":"Q5349053","SeshatID":"","Components":"Western Chu;Zhai;Yan;Dai;Jibei;Wei","MemberOf":"","sourceFeatureId":"cliopatria-c7ce2e275e6216d75b825dd4","datasetId":"cliopatria"},"geometry":{"type":"MultiPolygon","coordinates":[[[[122.273,30.179],[122.28,29.987],[121.977,29.987],[122.022,30.115],[122.045,30.179],[122.273,30.179]]],[[[119.475,35.194],[119.228,34.808],[119.459,34.808],[119.431,34.744],[119.711,34.679],[119.732,34.551],[120.342,34.358],[120.489,34.165],[120.55,33.586],[120.926,33.2],[120.919,32.622],[121.403,32.493],[121.503,32.172],[121.961,31.979],[121.937,31.722],[121.836,31.658],[121.301,31.85],[120.919,31.85],[121.454,31.658],[121.481,31.529],[121.634,31.529],[121.584,31.4],[121.737,31.4],[121.995,31.079],[121.899,30.822],[121.519,30.822],[121.396,30.694],[121.32,30.694],[121.297,30.629],[121.045,30.565],[120.68,30.179],[120.809,30.115],[121.105,30.308],[121.484,30.308],[121.62,30.051],[122.03,29.922],[121.865,29.665],[122.016,29.665],[121.938,29.215],[121.712,29.215],[121.745,29.537],[121.571,29.472],[121.647,29.472],[121.539,29.151],[121.744,29.087],[121.714,28.765],[121.522,28.637],[121.652,28.572],[121.646,28.315],[121.153,28.187],[121.193,28.315],[121.118,28.315],[121.038,28.058],[120.868,27.994],[120.715,27.737],[120.657,27.544],[120.733,27.544],[120.545,27.158],[120.395,27.158],[120.247,26.901],[120.096,26.901],[120.061,26.772],[120.211,26.772],[120.158,26.579],[119.84,26.515],[119.938,26.322],[119.587,26.129],[119.57,26.065],[119.254,26.001],[119.137,26.129],[119.009,26.772],[118.877,26.837],[118.834,27.222],[118.702,27.287],[118.625,27.801],[118.494,27.865],[118.422,28.38],[118.291,28.444],[118.351,28.637],[118.165,28.765],[118.036,29.537],[117.884,29.537],[117.927,29.665],[117.678,29.601],[116.736,29.729],[116.27,29.922],[116.129,30.179],[115.804,30.115],[115.259,28.894],[115.335,28.894],[114.953,26.772],[115.028,26.772],[114.961,26.515],[115.228,26.387],[114.781,25.486],[114.451,24.008],[114.526,24.008],[114.495,23.493],[114.631,23.429],[114.605,23.301],[114.902,22.915],[114.715,22.722],[114.641,22.722],[114.531,22.143],[113.999,22.079],[113.996,22.465],[113.785,22.529],[113.747,22.722],[113.599,22.722],[113.699,22.465],[113.639,22.143],[113.416,22.143],[113.318,22.015],[113.106,22.079],[113.071,21.886],[112.379,21.758],[112.414,21.951],[111.663,22.722],[111.687,22.851],[111.04,23.365],[110.892,23.751],[110.956,24.072],[111.561,25.486],[111.546,25.744],[111.82,26.258],[111.965,26.837],[111.89,26.837],[112.055,27.737],[111.94,27.865],[111.955,28.187],[111.727,28.444],[110.802,28.894],[109.857,29.022],[107.647,28.958],[106.726,28.637],[106.028,28.572],[106.069,28.444],[105.616,28.444],[105.43,28.315],[104.618,28.38],[104.066,28.572],[103.898,28.508],[103.857,28.637],[102.718,28.894],[102.602,29.022],[101.957,29.151],[101.156,29.537],[100.598,30.501],[100.982,31.272],[101.836,32.043],[102.158,32.557],[102.312,33.457],[102.235,33.457],[102.325,33.715],[102.248,33.715],[102.409,34.165],[103.094,34.358],[103.379,34.293],[103.479,34.358],[103.497,34.615],[104.133,34.872],[106.185,35.387],[106.493,35.58],[106.803,35.58],[106.854,35.709],[107.061,35.645],[108.302,36.031],[108.754,36.739],[108.965,36.868],[108.942,36.997],[109.126,37.062],[110.133,38.093],[110.94,38.481],[111.032,38.674],[111.158,38.61],[111.486,38.803],[111.771,39.385],[112.19,39.902],[112.111,39.902],[112.145,39.967],[112.302,39.967],[112.629,40.291],[113.488,40.42],[115.159,40.291],[115.292,40.096],[115.45,40.096],[115.55,39.838],[116.452,39.902],[116.872,40.096],[116.995,40.032],[117.453,40.291],[118.979,40.614],[122.928,41.911],[123.167,41.911],[123.127,41.847],[123.405,41.782],[123.365,41.717],[123.604,41.717],[123.564,41.652],[123.843,41.587],[123.803,41.522],[124.042,41.522],[124.002,41.457],[124.28,41.392],[124.24,41.327],[124.479,41.327],[124.439,41.263],[124.837,41.133],[124.797,41.068],[124.412,40.291],[123.871,39.902],[123.876,39.773],[123.597,39.838],[122.936,39.644],[122.17,39.256],[121.952,38.997],[121.716,38.997],[121.422,38.739],[121.029,38.739],[121.201,39.062],[121.515,39.062],[121.69,39.385],[121.297,39.385],[121.21,39.514],[121.281,39.644],[121.438,39.644],[121.503,39.902],[121.776,39.967],[122.231,40.485],[122.106,40.679],[121.827,40.744],[121.824,40.874],[121.11,40.874],[120.997,40.679],[120.647,40.485],[120.5,40.226],[119.38,39.773],[119.215,39.32],[118.45,39.062],[118.057,39.062],[118.046,39.191],[117.888,39.191],[117.676,38.933],[117.622,38.674],[117.602,38.481],[118.054,38.287],[118.067,38.158],[118.583,38.093],[118.648,38.222],[118.804,38.222],[118.772,38.158],[119.131,38.093],[119.209,38.093],[119.177,38.029],[119.457,37.964],[119.393,37.835],[119.237,37.835],[118.984,37.319],[119.14,37.319],[119.156,37.19],[119.701,37.19],[119.827,37.448],[120.202,37.577],[120.188,37.706],[120.754,37.9],[121.112,37.835],[121.171,37.642],[121.483,37.642],[121.497,37.513],[122.154,37.577],[122.121,37.513],[122.713,37.448],[122.442,37.062],[122.566,36.997],[122.503,36.868],[122.161,36.804],[122.146,36.933],[121.912,36.933],[121.212,36.61],[120.979,36.61],[120.965,36.417],[120.732,36.417],[120.659,36.095],[120.318,36.031],[119.986,35.645],[119.619,35.516],[119.532,35.323],[119.503,35.258],[119.475,35.194]],[[112.958,35.13],[112.878,34.937],[113.496,34.937],[113.647,34.744],[114.499,34.937],[114.476,35.065],[114.271,35.13],[113.476,35.258],[113.422,35.13],[112.958,35.13]]]]}},{"type":"Feature","id":"cliopatria-c9d67abf24db0e14e0ecc722","properties":{"NAME":"Aetolian League","ABBREVN":null,"CONTROL":null,"SUBJECTO":"Aetolian League","PARTOF":null,"BORDERPRECISION":1,"FromYear":-208,"ToYear":-207,"Area":11781.436616499877,"Type":"POLITY","Wikipedia":"Aetolian League","Wikidata":"Q245273","SeshatID":"","Components":"","MemberOf":"","sourceFeatureId":"cliopatria-c9d67abf24db0e14e0ecc722","datasetId":"cliopatria"},"geometry":{"type":"MultiPolygon","coordinates":[[[[22.678,38.351],[21.428,38.416],[21.35,38.416],[21.291,38.803],[21.14,38.933],[21.144,38.997],[20.678,39.126],[20.53,39.32],[20.845,39.32],[21.075,39.191],[21.314,39.256],[21.317,39.32],[21.471,39.256],[21.536,38.997],[21.7,39.126],[22.49,39.191],[22.543,38.739],[22.771,38.61],[22.768,38.545],[22.678,38.351]]],[[[23.257,38.868],[23.025,38.933],[23.033,39.062],[23.344,38.997],[23.418,38.933],[23.336,38.868],[23.257,38.868]]]]}},{"type":"Feature","id":"cliopatria-add8eaca74f5d171ebbaefa8","properties":{"NAME":"Antigonid Macedonia","ABBREVN":null,"CONTROL":null,"SUBJECTO":"Antigonid Macedonia","PARTOF":null,"BORDERPRECISION":1,"FromYear":-208,"ToYear":-207,"Area":112066.81419748117,"Type":"POLITY","Wikipedia":"Antigonid dynasty","Wikidata":"Q237325","SeshatID":"gr_antigonid_emp","Components":"","MemberOf":"","sourceFeatureId":"cliopatria-add8eaca74f5d171ebbaefa8","datasetId":"cliopatria"},"geometry":{"type":"MultiPolygon","coordinates":[[[[24.272,37.513],[24.201,37.642],[24.283,37.706],[24.361,37.706],[24.432,37.577],[24.272,37.513]]],[[[24.088,38.351],[23.626,38.481],[23.563,38.739],[23.72,38.739],[23.799,38.739],[24.179,38.545],[24.159,38.222],[24.088,38.351]]],[[[23.489,38.803],[23.567,38.803],[23.563,38.739],[23.485,38.739],[23.489,38.803]]],[[[23.414,38.868],[23.493,38.868],[23.489,38.803],[23.41,38.803],[23.332,38.803],[23.336,38.868],[23.414,38.868]]],[[[24.763,41.263],[26.03,41.198],[26.178,41.068],[26.904,41.198],[27.091,41.522],[27.483,41.457],[27.472,41.327],[27.631,41.327],[27.728,41.522],[28.139,41.652],[28.292,41.587],[28.285,41.522],[28.206,41.522],[28.083,41.068],[28.077,41.003],[27.527,41.068],[27.181,40.744],[26.621,40.679],[26.072,40.744],[26.082,40.874],[25.849,40.938],[24.347,41.003],[24.011,40.744],[23.698,40.809],[23.685,40.614],[23.839,40.55],[23.737,40.226],[23.267,40.291],[22.884,40.485],[22.892,40.614],[22.655,40.614],[22.56,40.355],[22.544,40.096],[22.702,40.096],[22.611,39.902],[23.135,39.45],[22.816,39.385],[22.797,39.062],[23.033,39.062],[23.022,38.868],[22.943,38.868],[23.01,38.674],[22.85,38.61],[22.771,38.61],[22.543,38.739],[22.49,39.191],[21.7,39.126],[21.536,38.997],[21.471,39.256],[21.317,39.32],[21.321,39.385],[20.943,39.708],[20.806,40.096],[20.493,40.161],[20.503,40.355],[20.19,40.42],[19.806,40.679],[19.736,40.874],[19.978,40.938],[19.914,41.263],[20.077,41.327],[19.918,41.327],[20.007,41.522],[19.778,41.717],[19.785,41.847],[19.549,41.911],[19.463,41.782],[19.31,41.911],[19.322,42.171],[20.041,42.171],[20.045,42.236],[20.125,42.236],[20.121,42.171],[20.281,42.171],[20.354,42.041],[20.441,42.171],[20.916,42.106],[21.004,42.236],[21.319,42.171],[21.407,42.301],[22.455,42.431],[22.442,42.236],[22.593,42.106],[22.753,42.106],[23.054,41.847],[23.528,41.782],[23.669,41.522],[23.987,41.522],[24.236,41.652],[24.315,41.652],[24.554,41.652],[24.853,41.392],[24.763,41.263]]],[[[25.564,36.997],[25.331,36.997],[25.339,37.126],[25.417,37.126],[25.573,37.126],[25.564,36.997]]],[[[25.052,37.513],[24.986,37.706],[25.064,37.706],[25.22,37.706],[25.286,37.513],[25.052,37.513]]],[[[24.682,37.835],[24.694,38.029],[24.772,38.029],[25.068,37.771],[24.83,37.706],[24.682,37.835]]],[[[24.357,38.868],[24.365,38.997],[24.444,38.997],[24.675,38.933],[24.662,38.739],[24.357,38.868]]],[[[24.974,39.838],[25.067,40.032],[25.146,40.032],[25.462,40.032],[25.447,39.838],[24.974,39.838]]],[[[25.704,40.096],[25.719,40.291],[25.798,40.291],[26.035,40.291],[26.025,40.161],[25.704,40.096]]],[[[25.245,41.327],[25.24,41.263],[25.161,41.263],[25.166,41.327],[25.245,41.327]]]]}},{"type":"Feature","id":"cliopatria-aab7b09adb5bb03e1fbdc649","properties":{"NAME":"Atropatene","ABBREVN":null,"CONTROL":null,"SUBJECTO":"Atropatene","PARTOF":null,"BORDERPRECISION":1,"FromYear":-208,"ToYear":-207,"Area":147253.24318749894,"Type":"POLITY","Wikipedia":"Atropatene","Wikidata":"Q260437","SeshatID":"ir_atropatene_k","Components":"","MemberOf":"","sourceFeatureId":"cliopatria-aab7b09adb5bb03e1fbdc649","datasetId":"cliopatria"},"geometry":{"type":"MultiPolygon","coordinates":[[[[49.999,37.384],[50.321,36.997],[50.566,37.062],[50.632,36.997],[50.532,36.868],[50.821,36.739],[52.03,36.546],[52.108,36.546],[52.008,36.417],[50.855,36.031],[50.48,35.645],[49.608,35.516],[49.5,35.323],[49.083,35.13],[47.954,35.323],[46.031,35.387],[45.217,35.645],[45.195,36.031],[45.118,36.031],[45.193,36.546],[45.261,36.997],[45.426,37.062],[45.446,37.19],[45.29,37.19],[45.252,37.448],[45.174,37.448],[45.224,37.771],[45.635,37.9],[45.854,38.287],[46.121,38.481],[47.095,38.674],[47.476,38.61],[47.465,38.545],[47.543,38.545],[47.532,38.481],[47.61,38.481],[48.326,38.093],[48.795,38.093],[48.874,38.093],[48.829,37.835],[49.029,37.642],[49.018,37.577],[49.999,37.384]]]]}},{"type":"Feature","id":"cliopatria-319c87d16eaa11e6e893e9ee","properties":{"NAME":"Âu Lạc","ABBREVN":null,"CONTROL":null,"SUBJECTO":"Âu Lạc","PARTOF":null,"BORDERPRECISION":1,"FromYear":-208,"ToYear":-207,"Area":140775.96313496766,"Type":"POLITY","Wikipedia":"Âu Lạc","Wikidata":"Q867227","SeshatID":"","Components":"","MemberOf":"","sourceFeatureId":"cliopatria-319c87d16eaa11e6e893e9ee","datasetId":"cliopatria"},"geometry":{"type":"MultiPolygon","coordinates":[[[[108.427,22.529],[108.415,22.465],[108.49,22.465],[108.496,22.079],[108.633,22.015],[108.525,21.822],[108.674,21.822],[108.641,21.629],[107.79,21.436],[107.417,20.986],[106.961,20.922],[106.834,20.601],[106.685,20.601],[106.537,20.151],[106.061,19.958],[105.849,19.572],[105.913,19.508],[105.734,18.865],[106.051,18.543],[106.031,18.415],[106.178,18.415],[106.295,18.222],[106.57,18.093],[106.571,17.643],[106.772,17.515],[106.752,17.386],[107.026,17.258],[106.765,17],[106.534,16.936],[105.144,18.415],[105.185,18.672],[105.037,18.672],[105.142,18.865],[105.015,18.993],[105.014,19.443],[104.94,19.443],[104.992,19.765],[104.865,19.893],[104.981,20.151],[104.44,20.472],[104.619,20.665],[104.905,20.601],[104.873,20.858],[105.096,20.858],[104.851,21.179],[104.979,21.501],[104.926,21.629],[105.096,21.758],[105.128,21.951],[104.874,22.208],[105.238,22.593],[105.272,22.786],[105.764,23.043],[105.971,23.365],[107.013,23.751],[107.759,23.751],[107.809,23.622],[107.958,23.622],[108.109,23.236],[108.246,23.172],[108.427,22.529]]]]}},{"type":"Feature","id":"cliopatria-72e500691c24ca447fc6ec8e","properties":{"NAME":"Carthage","ABBREVN":null,"CONTROL":null,"SUBJECTO":"Carthage","PARTOF":null,"BORDERPRECISION":1,"FromYear":-208,"ToYear":-207,"Area":405101.31818088196,"Type":"POLITY","Wikipedia":"Ancient Carthage","Wikidata":"Q2429397","SeshatID":"tn_carthage_emp","Components":"","MemberOf":"","sourceFeatureId":"cliopatria-72e500691c24ca447fc6ec8e","datasetId":"cliopatria"},"geometry":{"type":"MultiPolygon","coordinates":[[[[-2.993,35.451],[-2.838,35.451],[-2.82,35.13],[-2.743,35.13],[-2.809,34.937],[-2.886,34.937],[-4.738,34.937],[-5.214,35.13],[-5.39,35.451],[-5.627,35.516],[-6.234,34.229],[-6.601,33.972],[-6.592,33.843],[-6.882,33.586],[-7.555,33.329],[-7.64,33.457],[-7.794,33.457],[-7.803,33.586],[-7.726,33.586],[-7.13,33.843],[-7.062,33.972],[-6.904,33.907],[-6.614,34.165],[-6.7,34.293],[-6.473,34.358],[-6.482,34.486],[-6.332,34.551],[-6.277,34.872],[-6.2,34.872],[-6.291,35.065],[-6.132,35.001],[-6.145,35.194],[-6,35.323],[-5.877,35.773],[-5.339,35.838],[-5.24,35.516],[-4.755,35.194],[-3.364,35.194],[-3.287,35.194],[-2.982,35.258],[-2.993,35.451]]],[[[0.158,35.902],[0.155,35.966],[0.376,36.224],[0.454,36.224],[0.388,35.966],[0.158,35.902]]],[[[3.459,36.868],[3.85,36.804],[4.235,36.933],[4.859,36.868],[5.098,36.675],[5.564,36.675],[5.639,36.804],[6.106,36.804],[6.103,36.933],[6.334,37.062],[6.648,36.933],[6.726,36.933],[6.34,36.739],[5.952,36.739],[5.645,36.546],[5.41,36.61],[5.258,36.482],[4.866,36.61],[3.156,36.61],[2.772,36.482],[1.918,36.482],[1.913,36.61],[1.991,36.61],[2.69,36.61],[2.841,36.739],[3.23,36.739],[3.459,36.868]]],[[[-1.698,38.61],[-1.597,38.222],[-1.17,37.577],[-1.248,37.577],[-1.709,37.448],[-1.627,37.384],[-1.698,37.255],[-1.857,37.319],[-2.062,36.804],[-2.532,36.868],[-2.68,36.739],[-4.469,36.739],[-4.689,36.546],[-5.228,36.482],[-5.288,36.224],[-5.516,36.16],[-5.585,36.031],[-5.831,36.224],[-6.064,36.224],[-6.432,36.997],[-6.588,36.997],[-6.842,37.255],[-7.465,37.255],[-7.554,37.384],[-7.575,37.642],[-7.284,37.9],[-7.222,38.093],[-6.011,38.61],[-5.87,38.803],[-5.482,38.868],[-5.34,39.062],[-4.943,38.997],[-4.854,38.868],[-4.702,38.933],[-4.692,38.803],[-4.203,38.545],[-2.87,38.545],[-2.792,38.545],[-2.239,38.481],[-2.016,38.674],[-1.937,38.674],[-1.698,38.61]]],[[[1.431,38.803],[1.274,38.803],[1.183,39.062],[1.259,39.126],[1.337,39.126],[1.652,39.126],[1.658,38.997],[1.431,38.803]]],[[[3.516,39.773],[3.296,39.32],[2.824,39.32],[2.659,39.514],[2.346,39.45],[2.338,39.644],[2.877,39.967],[2.956,39.967],[3.193,39.967],[3.198,39.838],[3.516,39.773]]],[[[3.827,39.902],[3.741,40.096],[3.82,40.096],[4.215,40.096],[4.302,39.838],[3.827,39.902]]],[[[11.006,35.387],[11.083,35.001],[10.851,34.937],[10.851,34.808],[10.543,34.551],[10.004,34.293],[10.082,34.229],[10.006,33.907],[10.237,33.715],[10.544,33.715],[10.698,33.522],[11.082,33.586],[11.158,33.2],[11.464,33.2],[12.229,32.814],[12.612,32.879],[12.535,32.75],[12.841,32.75],[12.842,32.879],[13.302,32.943],[13.454,32.814],[13.761,32.879],[13.759,32.75],[14.065,32.75],[14.444,32.493],[14.675,32.557],[14.749,32.429],[15.055,32.429],[15.282,32.3],[15.425,31.658],[15.576,31.593],[15.649,31.4],[16.179,31.208],[16.864,31.208],[17.847,30.951],[18.222,30.758],[18.592,30.372],[18.896,30.372],[18.814,30.115],[18.586,30.115],[18.216,30.501],[17.161,30.886],[15.569,31.143],[15.193,31.465],[15.05,32.107],[14.899,32.236],[14.517,32.172],[14.443,32.365],[13.758,32.622],[11.998,32.622],[12.076,32.75],[11.617,32.943],[11.081,32.879],[10.698,33.136],[10.468,33.136],[10.468,33.264],[9.854,33.393],[9.624,33.329],[9.547,33.522],[9.316,33.586],[9.083,34.036],[8.929,34.036],[8.928,34.165],[8.773,34.229],[8.081,34.229],[8.002,34.422],[7.615,34.551],[7.153,34.486],[6.92,34.615],[6.381,34.615],[6.304,34.615],[6.291,35.323],[6.367,35.387],[6.365,35.451],[6.514,35.773],[7.204,36.224],[7.119,36.675],[6.96,36.868],[7.038,36.868],[7.194,36.868],[7.346,37.062],[7.659,36.997],[7.738,36.868],[8.516,36.868],[8.903,37.126],[9.059,37.062],[9.603,37.319],[9.993,37.19],[10.227,37.255],[10.228,37.062],[10.305,37.062],[10.228,36.804],[10.54,36.739],[10.851,36.997],[11.006,36.997],[11.006,36.804],[10.462,36.417],[10.54,36.353],[10.464,35.902],[10.696,35.709],[10.851,35.773],[10.928,35.645],[10.928,35.58],[11.083,35.58],[11.083,35.387],[11.006,35.387]],[[7.218,35.323],[7.141,35.323],[7.142,35.258],[7.143,35.194],[7.22,35.194],[7.219,35.258],[7.218,35.323]]],[[[22.874,36.16],[22.887,36.417],[22.965,36.417],[23.117,36.353],[23.107,36.16],[22.874,36.16]]],[[[22.599,36.868],[22.512,36.675],[22.356,36.675],[22.22,37.062],[21.909,37.062],[21.899,36.868],[21.744,36.868],[21.681,37.19],[21.603,37.19],[21.693,37.448],[21.697,37.513],[22.087,37.513],[22.158,37.384],[22.399,37.513],[22.704,37.384],[22.701,37.319],[22.853,37.255],[23.056,36.675],[22.833,36.868],[22.599,36.868]]],[[[21.631,37.771],[21.397,37.771],[21.319,37.771],[21.322,37.835],[21.244,37.835],[21.247,37.9],[21.25,37.964],[21.328,37.964],[21.331,38.029],[21.334,38.093],[21.412,38.093],[21.637,37.9],[21.631,37.771]]],[[[15.874,41.717],[15.944,41.392],[17.046,41.068],[17.979,40.55],[17.9,40.55],[17.736,40.42],[17.429,40.679],[17.191,40.679],[17.108,40.55],[17.028,40.55],[16.868,40.485],[16.945,40.42],[16.862,40.291],[16.624,40.291],[16.697,40.096],[16.457,39.967],[16.447,39.644],[16.916,39.514],[17.07,39.385],[17.138,39.062],[16.502,38.803],[16.492,38.416],[15.855,37.964],[15.95,38.674],[16.265,38.739],[16.27,38.933],[16.117,39.062],[15.899,39.773],[15.666,39.902],[15.748,40.032],[15.432,40.032],[15.199,40.226],[15.041,40.226],[14.971,40.614],[14.892,40.614],[14.893,40.679],[14.983,41.133],[14.427,41.133],[13.796,41.392],[13.325,41.782],[13.328,41.976],[13.01,42.041],[13.092,42.236],[13.252,42.236],[13.338,42.626],[13.498,42.626],[13.496,42.496],[13.735,42.431],[14.047,42.041],[14.207,42.041],[14.371,42.236],[14.451,42.236],[14.608,42.106],[14.769,42.171],[14.766,42.041],[14.924,41.976],[15.085,42.041],[15.165,42.041],[15.241,41.911],[16.119,41.911],[16.115,41.782],[15.874,41.717]]],[[[13.112,43.603],[13.113,43.668],[13.194,43.668],[13.188,43.277],[12.706,43.277],[13.112,43.603]]],[[[12.4,44.777],[12.157,44.843],[12.154,44.451],[12.394,44.19],[12.393,44.124],[11.908,44.059],[11.826,43.863],[10.293,43.863],[10.213,43.863],[10.131,44.059],[9.889,43.994],[9.97,44.124],[9.727,44.124],[9.159,44.451],[8.432,44.385],[8.192,44.19],[8.193,44.059],[7.874,43.863],[7.471,43.798],[7.469,43.929],[8.099,44.973],[8.341,45.104],[8.255,45.366],[8.5,45.3],[8.579,45.497],[8.904,45.628],[10.534,45.628],[11.755,45.366],[11.836,45.366],[12.162,45.366],[12.16,45.17],[12.403,45.039],[12.4,44.777]]]]}},{"type":"Feature","id":"cliopatria-1a9693dd81feebd7d52a949a","properties":{"NAME":"Dai","ABBREVN":null,"CONTROL":null,"SUBJECTO":"Dai","PARTOF":"(Eighteen Kingdoms)","BORDERPRECISION":1,"FromYear":-208,"ToYear":-207,"Area":25666.375502357892,"Type":"POLITY","Wikipedia":"Eighteen Kingdoms","Wikidata":"Q5349053","SeshatID":"","Components":"","MemberOf":"(Eighteen Kingdoms)","sourceFeatureId":"cliopatria-1a9693dd81feebd7d52a949a","datasetId":"cliopatria"},"geometry":{"type":"MultiPolygon","coordinates":[[[[116.26,36.997],[116.231,36.933],[116.201,36.868],[116.123,36.868],[115.112,36.868],[115.141,36.933],[114.859,36.997],[115.454,38.093],[116.7,38.868],[117.23,38.674],[116.615,37.255],[116.26,36.997]]]]}},{"type":"Feature","id":"cliopatria-c1d4a9cbe6f7cc0f58373313","properties":{"NAME":"Greek City-States","ABBREVN":null,"CONTROL":null,"SUBJECTO":"Greek City-States","PARTOF":null,"BORDERPRECISION":1,"FromYear":-208,"ToYear":-207,"Area":70751.01823899336,"Type":"POLITY","Wikipedia":"Polis","Wikidata":"Q148837","SeshatID":"","Components":"","MemberOf":"","sourceFeatureId":"cliopatria-c1d4a9cbe6f7cc0f58373313","datasetId":"cliopatria"},"geometry":{"type":"MultiPolygon","coordinates":[[[[24.157,35.516],[24.15,35.387],[24.301,35.323],[25.692,35.323],[25.681,35.13],[26.225,35.194],[26.14,35.065],[24.824,35.001],[24.757,35.194],[24.526,35.194],[24.448,35.194],[23.679,35.258],[23.615,35.516],[24.157,35.516]]],[[[27.612,37.319],[28.241,37.384],[28.304,37.19],[28.226,37.19],[28.221,37.126],[27.598,37.126],[27.608,37.255],[27.612,37.319]]],[[[20.32,38.158],[20.328,38.351],[20.488,38.416],[20.566,38.416],[20.795,38.287],[20.786,38.093],[20.32,38.158]]],[[[23.313,38.481],[23.705,38.481],[24.08,38.222],[24.002,38.222],[23.979,37.835],[23.9,37.835],[22.678,38.351],[22.682,38.416],[22.76,38.416],[22.771,38.61],[23.167,38.674],[23.313,38.481]]],[[[25.899,38.481],[25.821,38.481],[25.913,38.674],[25.991,38.674],[26.217,38.545],[26.111,38.158],[25.876,38.158],[25.899,38.481]]],[[[20.829,38.997],[21.062,38.933],[21.14,38.933],[21.291,38.803],[21.35,38.416],[21.272,38.416],[21.193,38.416],[21.196,38.481],[20.898,38.803],[20.741,38.803],[20.829,38.997]]],[[[28.018,40.355],[28.097,40.355],[28.103,40.42],[28.182,40.42],[28.17,40.291],[27.696,40.291],[27.701,40.355],[27.781,40.355],[27.786,40.42],[27.792,40.485],[27.871,40.485],[27.95,40.485],[27.945,40.42],[27.939,40.355],[28.018,40.355]]],[[[24.551,40.55],[24.491,40.809],[24.57,40.809],[24.808,40.809],[24.794,40.614],[24.551,40.55]]],[[[27.532,41.976],[27.452,41.976],[27.458,42.041],[27.378,42.041],[27.384,42.106],[27.464,42.106],[27.317,42.236],[27.329,42.366],[27.175,42.431],[27.193,42.626],[27.657,43.277],[27.998,43.472],[28.119,43.863],[28.3,44.059],[28.341,44.451],[28.422,44.451],[28.368,44.712],[28.64,44.973],[28.802,44.973],[28.841,44.581],[28.577,44.385],[28.536,43.994],[28.616,43.994],[28.481,43.472],[28.159,43.472],[28.226,43.342],[27.898,43.277],[27.805,43.147],[27.853,42.821],[27.847,42.756],[27.514,42.626],[27.495,42.431],[27.796,42.236],[27.924,41.911],[27.612,41.976],[27.538,42.041],[27.532,41.976]],[[27.538,42.041],[27.464,42.106],[27.458,42.041],[27.538,42.041]]],[[[5.391,43.277],[5.387,43.407],[5.063,43.472],[4.178,43.472],[4.173,43.603],[3.851,43.603],[2.985,43.147],[3.01,42.561],[3.178,42.366],[3.04,41.847],[2.698,42.366],[2.775,42.431],[2.669,43.017],[2.75,43.017],[2.741,43.212],[3.446,43.668],[4.728,43.863],[5.87,43.407],[6.594,43.407],[6.597,43.277],[6.278,43.147],[6.198,43.147],[5.796,43.147],[5.632,43.277],[5.391,43.277]]],[[[27.743,35.902],[27.693,36.288],[28.017,36.482],[28.095,36.482],[28.25,36.482],[28.139,36.031],[27.743,35.902]]],[[[40.381,41.003],[40.46,41.003],[40.598,40.874],[40.578,40.744],[40.409,40.679],[39.616,40.679],[39.398,40.809],[39.002,40.809],[38.824,40.679],[37.873,40.679],[37.355,40.938],[36.509,41.133],[36.527,41.263],[36.607,41.263],[36.775,41.327],[37.065,41.133],[37.233,41.198],[37.215,41.068],[37.771,41.068],[37.831,40.938],[38.158,41.003],[38.298,40.874],[38.952,41.003],[38.962,41.068],[39.21,41.133],[39.736,40.938],[40.381,41.003]]],[[[28.285,41.522],[28.279,41.457],[28.976,41.263],[28.963,41.133],[29.367,41.198],[29.255,40.874],[29.103,40.938],[29.116,41.068],[28.639,41.068],[28.56,41.068],[28.163,41.068],[28.083,41.068],[28.206,41.522],[28.285,41.522]]],[[[31.512,41.198],[31.361,41.263],[31.693,41.392],[31.592,41.198],[31.512,41.198]]],[[[35.086,41.782],[35.006,41.782],[35.015,41.847],[34.793,41.976],[35.121,42.041],[35.086,41.782]]],[[[40.416,43.147],[40.219,43.407],[39.978,43.407],[39.63,43.733],[40.414,43.603],[40.322,43.538],[40.38,43.407],[41.15,43.212],[41.208,43.082],[41.437,43.017],[41.414,42.886],[41.334,42.886],[41.173,42.886],[41.116,43.017],[40.817,43.147],[40.416,43.147]]],[[[40.045,43.798],[40.033,43.733],[39.953,43.733],[39.964,43.798],[40.045,43.798]]],[[[33.467,44.647],[33.548,44.647],[33.61,45.104],[33.23,45.3],[33.637,45.3],[33.917,44.973],[34.604,45.235],[35.183,45.3],[35.154,45.104],[35.235,45.104],[35.135,44.973],[35.125,44.908],[34.376,44.777],[33.926,44.451],[33.521,44.451],[33.467,44.647]]],[[[31.567,46.94],[31.533,46.677],[30.877,46.677],[30.298,45.955],[30.045,45.89],[29.859,45.693],[29.614,45.693],[29.644,45.955],[30.189,46.415],[30.271,46.415],[30.458,46.612],[31.065,46.874],[31.082,47.006],[31.567,46.94]]]]}},{"type":"Feature","id":"cliopatria-a6dba9bf732d7619b7beea7b","properties":{"NAME":"Han","ABBREVN":null,"CONTROL":null,"SUBJECTO":"Han","PARTOF":null,"BORDERPRECISION":1,"FromYear":-208,"ToYear":-207,"Area":4527.150525133088,"Type":"POLITY","Wikipedia":"Han (state)","Wikidata":"Q1968654","SeshatID":"","Components":"","MemberOf":"","sourceFeatureId":"cliopatria-a6dba9bf732d7619b7beea7b","datasetId":"cliopatria"},"geometry":{"type":"MultiPolygon","coordinates":[[[[114.476,35.065],[114.499,34.937],[113.647,34.744],[113.496,34.937],[112.878,34.937],[112.958,35.13],[113.422,35.13],[113.476,35.258],[114.271,35.13],[114.476,35.065]]]]}},{"type":"Feature","id":"cliopatria-3ad04f01a9f8c2a5e5abd542","properties":{"NAME":"Jibei","ABBREVN":null,"CONTROL":null,"SUBJECTO":"Jibei","PARTOF":"(Eighteen Kingdoms)","BORDERPRECISION":1,"FromYear":-208,"ToYear":-207,"Area":145994.90486239636,"Type":"POLITY","Wikipedia":"Eighteen Kingdoms","Wikidata":"Q5349053","SeshatID":"","Components":"","MemberOf":"(Eighteen Kingdoms)","sourceFeatureId":"cliopatria-3ad04f01a9f8c2a5e5abd542","datasetId":"cliopatria"},"geometry":{"type":"MultiPolygon","coordinates":[[[[119.131,38.093],[119.209,38.093],[119.177,38.029],[119.457,37.964],[119.393,37.835],[119.237,37.835],[118.984,37.319],[119.14,37.319],[119.156,37.19],[119.701,37.19],[119.827,37.448],[120.202,37.577],[120.188,37.706],[120.754,37.9],[121.112,37.835],[121.171,37.642],[121.483,37.642],[121.497,37.513],[122.154,37.577],[122.121,37.513],[122.713,37.448],[122.442,37.062],[122.566,36.997],[122.503,36.868],[122.161,36.804],[122.146,36.933],[121.912,36.933],[121.212,36.61],[120.979,36.61],[120.965,36.417],[120.732,36.417],[120.659,36.095],[120.318,36.031],[119.986,35.645],[119.619,35.516],[119.532,35.323],[119.503,35.258],[119.272,35.258],[118.583,34.744],[118.428,34.744],[118.435,34.937],[118.281,34.937],[118.12,34.744],[117.531,34.808],[117.537,35.001],[117.312,35.194],[117.003,35.194],[116.814,34.937],[116.478,34.872],[116.197,34.937],[115.976,35.323],[115.413,35.451],[115.314,35.58],[115.37,35.709],[115.293,35.709],[115.406,35.966],[115.434,36.031],[115.512,36.031],[115.675,36.224],[115.598,36.224],[115.607,36.417],[116.123,36.868],[116.201,36.868],[116.231,36.933],[116.26,36.997],[116.615,37.255],[117.23,38.674],[117.308,38.674],[117.622,38.674],[117.602,38.481],[118.054,38.287],[118.067,38.158],[118.583,38.093],[118.648,38.222],[118.804,38.222],[118.772,38.158],[119.131,38.093]]]]}},{"type":"Feature","id":"cliopatria-36e75aed50032d1655959c1d","properties":{"NAME":"Kingdom of Armenia","ABBREVN":null,"CONTROL":null,"SUBJECTO":"Kingdom of Armenia","PARTOF":null,"BORDERPRECISION":1,"FromYear":-208,"ToYear":-207,"Area":269.3835442549011,"Type":"POLITY","Wikipedia":"Kingdom of Armenia (antiquity)","Wikidata":"Q208404","SeshatID":"","Components":"","MemberOf":"","sourceFeatureId":"cliopatria-36e75aed50032d1655959c1d","datasetId":"cliopatria"},"geometry":{"type":"MultiPolygon","coordinates":[[[[47.532,38.481],[47.543,38.545],[47.465,38.545],[47.476,38.61],[47.644,38.674],[47.711,38.61],[47.61,38.481],[47.532,38.481]]]]}},{"type":"Feature","id":"cliopatria-fdcb7b141fa59aee6edc0bbb","properties":{"NAME":"Minyue","ABBREVN":null,"CONTROL":null,"SUBJECTO":"Minyue","PARTOF":null,"BORDERPRECISION":1,"FromYear":-208,"ToYear":-207,"Area":267893.7601176879,"Type":"POLITY","Wikipedia":"Minyue","Wikidata":"Q1936158","SeshatID":"","Components":"","MemberOf":"","sourceFeatureId":"cliopatria-fdcb7b141fa59aee6edc0bbb","datasetId":"cliopatria"},"geometry":{"type":"MultiPolygon","coordinates":[[[[119.645,26.065],[119.778,26.001],[119.53,25.615],[119.904,25.615],[119.872,25.486],[119.616,25.358],[119.273,25.486],[119.391,25.358],[119.344,25.165],[119.029,25.101],[119.074,24.972],[118.819,24.844],[118.76,24.586],[118.147,24.522],[118.076,24.201],[117.721,23.943],[117.694,23.815],[117.47,23.815],[117.179,23.493],[116.894,23.558],[116.78,23.365],[116.815,23.172],[116.591,23.172],[116.54,22.915],[115.696,22.786],[115.671,22.658],[115.373,22.658],[115.174,22.786],[114.902,22.529],[114.753,22.529],[114.703,22.658],[114.715,22.722],[114.902,22.915],[114.605,23.301],[114.631,23.429],[114.495,23.493],[114.526,24.008],[114.451,24.008],[114.781,25.486],[115.228,26.387],[114.961,26.515],[115.028,26.772],[114.953,26.772],[115.335,28.894],[115.259,28.894],[115.804,30.115],[116.129,30.179],[116.27,29.922],[116.736,29.729],[117.678,29.601],[117.927,29.665],[117.884,29.537],[118.036,29.537],[118.165,28.765],[118.351,28.637],[118.291,28.444],[118.422,28.38],[118.494,27.865],[118.625,27.801],[118.702,27.287],[118.834,27.222],[118.877,26.837],[119.009,26.772],[119.137,26.129],[119.254,26.001],[119.57,26.065],[119.645,26.065]]]]}},{"type":"Feature","id":"cliopatria-c7ad51702eea626510b95cf0","properties":{"NAME":"Roman Republic","ABBREVN":null,"CONTROL":null,"SUBJECTO":"Roman Republic","PARTOF":null,"BORDERPRECISION":1,"FromYear":-208,"ToYear":-207,"Area":352867.8561699945,"Type":"POLITY","Wikipedia":"Roman Republic","Wikidata":"Q175881","SeshatID":"it_roman_rep_2","Components":"","MemberOf":"","sourceFeatureId":"cliopatria-c7ad51702eea626510b95cf0","datasetId":"cliopatria"},"geometry":{"type":"MultiPolygon","coordinates":[[[[2.531,34.486],[2.608,34.486],[2.61,34.422],[2.533,34.422],[2.531,34.486]]],[[[6.227,34.615],[4.454,34.615],[3.843,34.422],[3.456,34.486],[2.921,34.358],[2.45,34.615],[1.294,34.615],[0.685,34.422],[0.451,34.486],[0.303,34.358],[-1.237,34.358],[-1.305,34.165],[-1.539,34.229],[-1.61,34.1],[-1.693,34.229],[-2.382,34.165],[-2.459,34.165],[-2.854,34.358],[-2.788,34.551],[-2.945,34.615],[-2.886,34.937],[-2.809,34.937],[-2.743,35.13],[-1.661,35.13],[-1.591,35.258],[-1.359,35.258],[-1.136,35.451],[-1.224,35.645],[-1.066,35.58],[-0.917,35.709],[-0.53,35.709],[-0.459,35.838],[-0.146,35.773],[0.081,35.902],[0.158,35.902],[0.388,35.966],[0.454,36.224],[0.531,36.224],[0.684,36.288],[0.678,36.417],[0.914,36.353],[1.216,36.546],[1.53,36.482],[1.835,36.61],[1.913,36.61],[1.918,36.482],[2.772,36.482],[3.156,36.61],[4.866,36.61],[5.258,36.482],[5.41,36.61],[5.645,36.546],[5.952,36.739],[6.34,36.739],[6.726,36.933],[6.803,36.933],[6.805,36.868],[6.882,36.868],[6.96,36.868],[7.119,36.675],[7.204,36.224],[6.514,35.773],[6.365,35.451],[6.367,35.387],[6.291,35.323],[6.304,34.615],[6.227,34.615]]],[[[2.107,41.327],[1.238,41.198],[0.696,40.938],[0.709,40.679],[0.475,40.614],[0.248,40.42],[0.183,40.161],[-0.202,39.967],[-0.345,39.708],[-0.314,39.126],[0.099,38.739],[-0.661,38.287],[-0.803,38.029],[-0.705,37.642],[-1.092,37.577],[-1.17,37.577],[-1.597,38.222],[-1.698,38.61],[-1.937,38.674],[-1.941,38.739],[-1.556,38.868],[-1.43,39.385],[-1.351,39.385],[-1.449,39.708],[-1.22,39.838],[-1.232,40.032],[-1.003,40.161],[-1.011,40.291],[-0.411,40.874],[-0.419,41.003],[-0.184,41.068],[-0.048,41.457],[0.108,41.522],[0.299,42.366],[0.772,42.496],[0.859,42.366],[1.422,42.301],[1.997,41.976],[2.718,41.911],[2.712,42.041],[2.869,42.106],[2.875,41.976],[2.955,41.976],[2.886,41.717],[2.334,41.587],[2.107,41.327]]],[[[9.823,40.355],[9.665,40.291],[9.747,39.644],[9.669,39.644],[9.593,39.126],[9.12,39.191],[8.966,38.868],[8.73,38.868],[8.336,38.997],[8.412,39.256],[8.333,39.256],[8.33,39.514],[8.409,39.514],[8.483,39.902],[8.325,39.967],[8.4,40.291],[8.321,40.291],[8.319,40.485],[8.16,40.55],[8.155,40.938],[8.552,40.874],[9.025,41.263],[9.104,41.263],[9.502,41.198],[9.822,40.744],[9.823,40.355]]],[[[9.574,42.756],[9.578,41.976],[9.498,41.976],[9.499,41.782],[9.262,41.392],[9.104,41.327],[8.784,41.522],[8.782,41.717],[8.623,41.717],[8.7,41.911],[8.539,42.106],[8.535,42.496],[8.773,42.691],[9.173,42.756],[9.251,43.017],[9.331,43.017],[9.492,43.017],[9.493,42.756],[9.574,42.756]]],[[[13.735,42.431],[13.496,42.496],[13.498,42.626],[13.338,42.626],[13.252,42.236],[13.092,42.236],[13.01,42.041],[13.328,41.976],[13.325,41.782],[13.796,41.392],[14.427,41.133],[14.983,41.133],[14.893,40.679],[14.814,40.679],[14.418,40.679],[14.422,40.874],[14.105,40.874],[13.951,41.133],[13.792,41.133],[13.715,41.263],[13,41.327],[12.922,41.457],[12.605,41.522],[12.131,41.911],[12.132,42.041],[11.733,42.171],[11.655,42.366],[11.495,42.301],[11.415,42.431],[11.255,42.431],[11.176,42.626],[11.016,42.626],[11.016,42.821],[10.535,43.082],[10.293,43.798],[10.293,43.863],[11.826,43.863],[11.908,44.059],[12.393,44.124],[12.474,44.124],[12.873,43.798],[13.036,43.863],[13.034,43.733],[13.355,43.668],[13.673,43.407],[13.747,43.082],[13.985,42.951],[13.901,42.756],[14.056,42.496],[14.372,42.301],[14.371,42.236],[14.207,42.041],[14.047,42.041],[13.735,42.431]],[[13.194,43.668],[13.113,43.668],[13.112,43.603],[12.706,43.277],[13.188,43.277],[13.194,43.668]]],[[[10.215,42.691],[10.134,42.886],[10.214,42.886],[10.455,42.886],[10.455,42.691],[10.215,42.691]]],[[[14.568,35.773],[14.337,35.838],[14.34,36.031],[14.417,36.031],[14.571,35.966],[14.568,35.773]]],[[[15.214,37.19],[15.05,36.739],[14.661,36.739],[14.278,37.126],[13.578,37.255],[13.192,37.577],[12.49,37.706],[12.492,37.9],[12.65,38.093],[13.04,38.029],[13.12,38.158],[13.355,38.158],[13.665,37.964],[14.056,37.964],[15.862,38.287],[15.855,37.964],[15.698,37.964],[15.624,38.158],[15.389,38.158],[15.307,37.964],[15.306,37.9],[15.066,37.642],[15.059,37.255],[15.214,37.19]]],[[[20.613,37.706],[20.621,37.9],[20.699,37.9],[20.934,37.9],[20.922,37.642],[20.613,37.706]]],[[[19.764,39.773],[19.921,39.773],[19.918,39.708],[19.912,39.579],[19.758,39.644],[19.764,39.773]]],[[[18.349,39.902],[18.112,39.902],[17.813,40.355],[17.418,40.355],[17.345,40.55],[17.187,40.55],[17.108,40.55],[17.191,40.679],[17.429,40.679],[17.736,40.42],[17.9,40.55],[17.979,40.55],[18.364,40.291],[18.438,40.161],[18.349,39.902]]],[[[19.523,41.392],[19.444,41.392],[19.53,41.522],[19.456,41.652],[19.772,41.587],[19.676,41.263],[19.822,41.003],[19.575,40.809],[19.562,40.55],[19.41,40.679],[19.249,40.614],[19.255,40.744],[19.416,40.809],[19.419,40.874],[19.498,40.874],[19.438,41.263],[19.523,41.392]]],[[[16.796,43.017],[17.119,43.082],[17.2,43.082],[17.192,42.886],[16.791,42.886],[16.796,43.017]]]]}},{"type":"Feature","id":"cliopatria-a6eb5f5bcdff41978f30a49d","properties":{"NAME":"Seleucid Empire","ABBREVN":null,"CONTROL":null,"SUBJECTO":"Seleucid Empire","PARTOF":null,"BORDERPRECISION":1,"FromYear":-208,"ToYear":-207,"Area":2276780.3947592867,"Type":"POLITY","Wikipedia":"Seleucid dynasty","Wikidata":"Q705904","SeshatID":"ir_seleucid_emp","Components":"","MemberOf":"","sourceFeatureId":"cliopatria-a6eb5f5bcdff41978f30a49d","datasetId":"cliopatria"},"geometry":{"type":"MultiPolygon","coordinates":[[[[45.235,41.068],[45.473,41.068],[45.675,40.874],[45.492,40.744],[45.524,40.485],[46.493,40.161],[46.537,39.967],[46.774,39.967],[47.054,39.773],[47.381,39.838],[47.515,39.708],[48.304,39.708],[48.673,39.579],[48.806,39.45],[48.782,39.32],[48.928,39.256],[48.742,38.674],[48.821,38.674],[48.807,38.158],[48.795,38.093],[48.326,38.093],[47.61,38.481],[47.711,38.61],[47.644,38.674],[47.476,38.61],[47.095,38.674],[46.121,38.481],[45.854,38.287],[45.635,37.9],[45.224,37.771],[45.174,37.448],[45.252,37.448],[45.29,37.19],[45.446,37.19],[45.426,37.062],[45.261,36.997],[45.193,36.546],[45.118,36.031],[45.195,36.031],[45.217,35.645],[46.031,35.387],[47.954,35.323],[49.083,35.13],[49.5,35.323],[49.608,35.516],[50.48,35.645],[50.855,36.031],[52.008,36.417],[52.108,36.546],[52.186,36.546],[53.088,36.804],[53.955,36.868],[54.033,36.868],[54.774,36.675],[55.785,36.675],[56.212,36.868],[56.834,36.868],[57.444,36.804],[57.702,36.546],[58.453,36.417],[59.074,36.417],[60.047,36.61],[61.213,36.61],[61.157,36.353],[61.235,36.353],[61.303,35.58],[61.804,35.387],[62.191,35.387],[62.623,34.872],[63.15,34.808],[63.277,34.679],[63.83,34.744],[63.957,34.615],[64.188,34.615],[64.37,34.744],[64.755,34.744],[65.415,34.937],[65.618,34.808],[66.144,34.744],[66.563,34.551],[66.535,34.422],[66.458,34.422],[66.352,34.293],[65.751,34.358],[65.387,34.1],[65.242,33.779],[65.062,33.65],[65.035,33.522],[65.112,33.522],[64.982,33.264],[64.829,33.264],[64.687,32.943],[64.355,32.814],[64.406,32.686],[63.873,32.3],[63.643,32.3],[63.442,32.043],[63.301,32.107],[62.124,30.629],[61.68,30.244],[61.37,29.729],[61.027,29.472],[60.244,28.251],[59.395,27.544],[58.994,27.351],[58.978,27.222],[58.836,27.287],[58.745,27.158],[58.594,27.158],[58.428,27.029],[58.405,26.837],[58.262,26.901],[57.773,26.579],[57.483,26.001],[57.529,25.744],[57.38,25.744],[57.176,25.936],[57.052,26.837],[56.715,27.158],[56.188,27.158],[56.098,27.029],[56.324,27.029],[56.309,26.901],[56.061,26.708],[55.289,26.515],[55.31,26.708],[55.543,26.772],[55.242,26.772],[54.989,26.515],[54.681,26.451],[54.259,26.708],[53.658,26.708],[53.461,26.965],[52.737,27.222],[52.479,27.608],[52.049,27.801],[51.453,27.865],[51.066,28.444],[51.028,28.765],[50.809,28.83],[50.915,29.087],[50.62,29.151],[50.651,29.408],[50.236,29.729],[50.065,30.179],[49.586,29.987],[48.943,30.308],[48.987,30.051],[48.365,29.922],[48.404,29.601],[48.093,29.537],[47.646,29.601],[47.29,29.794],[46.979,29.729],[46.994,29.858],[46.85,29.922],[46.615,29.858],[46.591,30.308],[45.77,30.436],[44.955,31.272],[44.581,31.336],[44.459,31.593],[43.153,32.814],[42.709,32.943],[42.578,33.136],[42.065,33.329],[42.003,33.457],[41.489,33.65],[41.427,33.779],[41.273,33.779],[41.212,33.907],[40.912,33.972],[40.704,34.165],[40.311,34.1],[40.403,34.229],[40.257,34.293],[39.124,34.486],[37.99,33.972],[37.739,33.779],[37.726,33.65],[37.649,33.65],[37.599,33.907],[37.382,34.036],[37.389,34.1],[37.004,34.1],[36.87,34.293],[36.562,34.293],[36.441,34.615],[36.293,34.679],[36.313,34.872],[36.165,34.937],[36.269,35.194],[35.889,35.258],[35.896,35.323],[35.993,35.516],[35.845,35.58],[35.872,35.838],[35.99,36.224],[35.849,36.353],[36.265,36.61],[36.286,36.804],[36.145,36.933],[35.911,36.933],[35.834,36.933],[35.289,36.933],[35.035,36.739],[34.957,36.739],[34.893,36.868],[34.582,36.868],[34.413,36.739],[34.335,36.739],[34.219,37.126],[33.674,37.126],[33.609,37.255],[33.375,37.255],[32.068,36.61],[31.99,36.61],[31.392,36.868],[30.697,36.933],[30.619,36.933],[29.446,36.868],[29.369,36.868],[28.304,37.19],[28.241,37.384],[27.612,37.319],[27.534,37.319],[27.223,37.319],[27.31,37.448],[27.173,37.706],[27.251,37.706],[27.192,37.964],[27.27,37.964],[27.275,38.029],[27.51,38.029],[27.5,37.9],[27.73,37.835],[27.969,37.9],[28.141,38.093],[28.527,38.029],[28.861,38.287],[28.961,38.545],[29.208,38.674],[29.236,38.997],[29.315,38.997],[29.301,39.708],[28.84,39.838],[27.972,39.838],[27.409,39.708],[27.235,39.514],[26.841,39.514],[26.847,39.579],[26.132,39.514],[26.252,40.032],[26.257,40.096],[26.673,40.355],[26.752,40.355],[27.47,40.42],[27.617,40.291],[27.696,40.291],[28.17,40.291],[28.182,40.42],[28.261,40.42],[29.046,40.355],[28.9,40.485],[28.913,40.614],[29.401,40.744],[29.48,40.744],[29.559,40.744],[29.54,40.55],[29.936,40.55],[29.923,40.42],[30.068,40.291],[30.457,40.226],[30.602,40.096],[30.589,39.967],[31.299,39.967],[31.378,39.967],[31.233,39.32],[31.443,39.062],[31.424,38.868],[31.738,38.868],[31.803,38.739],[32.189,38.674],[33.587,38.545],[33.669,37.835],[35.671,37.577],[35.998,37.706],[36.348,38.029],[37.115,37.9],[37.318,38.287],[38.126,38.481],[38.814,38.933],[39.11,38.803],[39.25,38.674],[39.232,38.545],[39.389,38.545],[39.45,38.416],[40.52,38.222],[40.514,38.739],[40.658,39.191],[40.51,39.256],[40.478,39.579],[39.848,39.579],[39.751,39.45],[39.209,39.514],[38.954,39.385],[38.745,39.579],[38.93,39.773],[38.79,39.902],[40.398,40.096],[40.507,40.291],[40.754,40.355],[40.774,40.485],[40.567,40.679],[41.005,40.938],[40.995,40.874],[41.122,40.679],[41.36,40.679],[41.535,41.263],[42.25,41.263],[42.363,41.457],[42.295,41.522],[42.533,41.522],[42.556,41.652],[43.784,41.392],[44.034,41.457],[44.237,41.263],[45.191,41.263],[45.179,41.198],[45.259,41.198],[45.235,41.068]]],[[[26.644,38.997],[26.246,38.933],[26.094,38.997],[26.103,39.126],[25.793,39.191],[26.044,39.385],[26.123,39.385],[26.511,39.32],[26.644,38.997]]],[[[47.077,39.902],[47.156,39.902],[47.145,39.838],[47.066,39.838],[47.077,39.902]]],[[[46.931,39.967],[47.01,39.967],[46.999,39.902],[46.92,39.902],[46.931,39.967]]]]}},{"type":"Feature","id":"cliopatria-f7db61d6e701e12b361f2124","properties":{"NAME":"Wei","ABBREVN":null,"CONTROL":null,"SUBJECTO":"Wei","PARTOF":"(Eighteen Kingdoms)","BORDERPRECISION":1,"FromYear":-208,"ToYear":-207,"Area":22235.46418802171,"Type":"POLITY","Wikipedia":"Eighteen Kingdoms","Wikidata":"Q320930","SeshatID":"","Components":"","MemberOf":"(Eighteen Kingdoms)","sourceFeatureId":"cliopatria-f7db61d6e701e12b361f2124","datasetId":"cliopatria"},"geometry":{"type":"MultiPolygon","coordinates":[[[[115.512,36.031],[115.434,36.031],[115.406,35.966],[114.856,35.773],[114.801,35.645],[115.076,35.387],[114.994,35.194],[114.499,34.937],[114.476,35.065],[114.271,35.13],[113.476,35.258],[114.011,35.966],[114.655,36.546],[114.859,36.997],[115.141,36.933],[115.112,36.868],[116.123,36.868],[115.607,36.417],[115.598,36.224],[115.675,36.224],[115.512,36.031]]]]}},{"type":"Feature","id":"cliopatria-bf8cd12e3670d61b8fee8f98","properties":{"NAME":"Western Chu","ABBREVN":null,"CONTROL":null,"SUBJECTO":"Western Chu","PARTOF":"(Eighteen Kingdoms)","BORDERPRECISION":1,"FromYear":-208,"ToYear":-207,"Area":201415.56054040813,"Type":"POLITY","Wikipedia":"Chu-Han Contention","Wikidata":"Q1151705","SeshatID":"","Components":"","MemberOf":"(Eighteen Kingdoms)","sourceFeatureId":"cliopatria-bf8cd12e3670d61b8fee8f98","datasetId":"cliopatria"},"geometry":{"type":"MultiPolygon","coordinates":[[[[119.475,35.194],[119.228,34.808],[119.459,34.808],[119.431,34.744],[119.711,34.679],[119.732,34.551],[120.342,34.358],[120.489,34.165],[120.55,33.586],[120.926,33.2],[120.919,32.622],[121.403,32.493],[121.503,32.172],[121.961,31.979],[121.937,31.722],[121.836,31.658],[121.301,31.85],[120.919,31.85],[121.454,31.658],[121.481,31.529],[121.634,31.529],[121.584,31.4],[121.737,31.4],[121.995,31.079],[121.899,30.822],[121.519,30.822],[121.396,30.694],[121.32,30.694],[120.778,31.079],[120.502,30.951],[119.941,31.079],[119.833,31.4],[118.919,31.4],[118.967,31.529],[118.863,31.658],[117.282,31.915],[116.436,32.3],[116.558,32.814],[116.429,33.072],[116.123,33.072],[115.867,33.2],[115.841,33.329],[115.611,33.329],[115.305,33.522],[114.511,33.65],[114.358,33.843],[114.41,33.972],[114.004,34.486],[113.85,34.486],[113.647,34.744],[114.499,34.937],[114.994,35.194],[115.076,35.387],[114.801,35.645],[114.856,35.773],[115.406,35.966],[115.293,35.709],[115.37,35.709],[115.314,35.58],[115.413,35.451],[115.976,35.323],[116.197,34.937],[116.478,34.872],[116.814,34.937],[117.003,35.194],[117.312,35.194],[117.537,35.001],[117.531,34.808],[118.12,34.744],[118.281,34.937],[118.435,34.937],[118.428,34.744],[118.583,34.744],[119.272,35.258],[119.503,35.258],[119.475,35.194]]]]}},{"type":"Feature","id":"cliopatria-3b2acd3aba439bb972beb7b8","properties":{"NAME":"Xiongnu","ABBREVN":null,"CONTROL":null,"SUBJECTO":"Xiongnu","PARTOF":null,"BORDERPRECISION":1,"FromYear":-208,"ToYear":-207,"Area":3685177.483286772,"Type":"POLITY","Wikipedia":"Xiongnu","Wikidata":"Q188836","SeshatID":"mn_hunnu_emp","Components":"","MemberOf":"","sourceFeatureId":"cliopatria-3b2acd3aba439bb972beb7b8","datasetId":"cliopatria"},"geometry":{"type":"MultiPolygon","coordinates":[[[[98.836,54.071],[100.48,54.071],[100.43,54.003],[101.763,53.935],[101.712,53.868],[104.34,53.462],[104.289,53.395],[104.962,53.26],[104.911,53.192],[105.083,53.192],[105.032,53.125],[106.408,52.788],[105.915,52.586],[105.265,52.049],[104.44,51.848],[103.845,51.848],[103.572,51.58],[104.118,51.513],[104.072,51.447],[104.834,51.447],[105.74,51.647],[106.006,51.781],[106.398,52.318],[106.825,52.318],[106.925,52.452],[107.096,52.452],[107.045,52.385],[107.216,52.385],[107.166,52.318],[107.627,52.25],[107.577,52.183],[107.953,52.116],[107.903,52.049],[108.073,52.049],[108.024,51.982],[109.234,51.781],[109.184,51.714],[109.404,51.781],[109.389,51.647],[109.778,51.714],[109.678,51.58],[110.018,51.58],[109.968,51.513],[110.511,51.447],[110.461,51.38],[113.916,51.246],[113.865,51.179],[115.823,50.979],[115.772,50.912],[116.11,50.912],[116.058,50.845],[116.597,50.779],[116.546,50.712],[116.799,50.712],[116.748,50.645],[118.343,50.313],[118.292,50.246],[118.544,50.246],[118.493,50.179],[118.829,50.179],[118.778,50.113],[119.147,50.046],[119.096,49.98],[119.582,49.847],[119.531,49.781],[119.699,49.781],[119.648,49.714],[119.899,49.714],[121.096,50.179],[121.044,50.113],[121.296,50.113],[121.244,50.046],[121.495,50.046],[121.444,49.98],[121.611,49.98],[121.56,49.914],[122.61,49.648],[122.558,49.582],[122.725,49.582],[122.674,49.515],[123.723,49.25],[123.672,49.184],[124.237,49.051],[124.186,48.985],[124.57,49.051],[124.52,48.985],[124.686,48.985],[124.635,48.919],[124.834,48.853],[124.784,48.787],[125.033,48.787],[124.983,48.72],[125.348,48.654],[125.298,48.588],[125.58,48.522],[125.53,48.456],[125.779,48.456],[125.729,48.39],[125.895,48.39],[125.845,48.324],[126.094,48.324],[126.044,48.258],[126.209,48.258],[126.16,48.192],[126.408,48.192],[126.358,48.126],[126.524,48.126],[126.474,48.06],[126.723,48.06],[126.673,47.994],[126.838,47.994],[126.789,47.928],[127.351,47.796],[127.302,47.73],[127.583,47.664],[127.534,47.598],[127.781,47.598],[127.732,47.532],[127.897,47.532],[127.848,47.466],[128.095,47.466],[128.046,47.401],[128.211,47.401],[128.162,47.335],[128.409,47.335],[128.36,47.269],[128.525,47.269],[128.476,47.203],[128.723,47.203],[128.674,47.137],[128.838,47.137],[128.789,47.072],[129.036,47.072],[128.987,47.006],[129.152,47.006],[129.103,46.94],[129.349,46.94],[129.301,46.874],[129.58,46.809],[129.532,46.743],[129.893,46.677],[129.782,46.415],[129.864,46.415],[129.74,46.021],[129.821,46.021],[129.631,45.759],[128.434,44.647],[128.242,44.255],[127.991,44.124],[125.676,41.717],[125.513,41.327],[124.916,41.133],[124.837,41.133],[124.439,41.263],[124.479,41.327],[124.24,41.327],[124.28,41.392],[124.002,41.457],[124.042,41.522],[123.803,41.522],[123.843,41.587],[123.564,41.652],[123.604,41.717],[123.365,41.717],[123.405,41.782],[123.127,41.847],[123.167,41.911],[122.928,41.911],[118.979,40.614],[117.453,40.291],[116.995,40.032],[116.872,40.096],[116.452,39.902],[115.55,39.838],[115.45,40.096],[115.292,40.096],[115.159,40.291],[113.488,40.42],[112.629,40.291],[112.302,39.967],[112.145,39.967],[112.178,40.032],[112.245,40.161],[112.008,40.161],[112.041,40.226],[109.386,40.291],[105.986,39.967],[105.214,39.838],[104.698,39.579],[104.522,39.708],[104.583,39.838],[104.346,39.838],[103.703,39.644],[103.269,39.385],[102.728,39.579],[102.246,39.385],[102.275,39.45],[101.566,39.45],[101.388,39.579],[101.123,39.514],[101.102,39.644],[100.658,39.708],[100.509,39.902],[100.065,39.967],[100.094,40.032],[99.512,39.967],[99.63,40.226],[99.531,40.355],[99.591,40.485],[99.304,40.55],[99.334,40.614],[97.612,40.485],[97.641,40.55],[97.007,40.55],[96.908,40.679],[96.303,40.744],[96.332,40.809],[95.936,40.809],[95.577,41.068],[95.418,41.068],[95.447,41.133],[95.288,41.133],[95.318,41.198],[95.159,41.198],[95.088,41.392],[94.929,41.392],[94.73,41.652],[94.789,41.782],[94.561,41.976],[94.621,42.106],[94.324,42.496],[94.3,42.951],[93.907,43.472],[93.616,43.538],[93.549,43.733],[93.209,43.863],[93.191,43.994],[92.249,44.385],[92.281,44.451],[91.957,44.451],[91.858,44.581],[91.696,44.581],[91.728,44.647],[91.484,44.647],[91.516,44.712],[91.223,44.777],[91.254,44.843],[91.092,44.843],[90.974,45.104],[90.812,45.104],[90.612,45.366],[90.675,45.497],[90.544,45.562],[90.962,46.087],[90.863,46.218],[90.959,46.743],[90.222,47.73],[89.925,47.796],[89.959,47.862],[89.628,47.862],[89.53,47.994],[88.951,47.994],[88.853,48.126],[88.687,48.126],[88.671,48.258],[88.373,48.324],[88.358,48.456],[87.977,48.522],[87.946,48.787],[87.78,48.787],[87.681,48.919],[87.784,49.118],[87.118,49.118],[87.186,49.25],[86.804,49.316],[86.74,49.515],[86.524,49.582],[86.629,49.781],[86.239,49.515],[85.187,49.582],[84.876,50.113],[84.274,50.246],[83.918,50.845],[83.616,50.912],[83.736,50.979],[83.869,51.38],[84.186,51.647],[84.648,52.318],[85.309,52.721],[87.946,53.395],[88.977,53.53],[89.063,53.665],[89.451,53.597],[91.437,53.868],[93.941,53.868],[95.377,54.071],[98.75,54.071],[98.836,54.071]]],[[[109.524,51.714],[109.439,51.714],[109.489,51.781],[109.574,51.781],[109.524,51.714]]]]}},{"type":"Feature","id":"cliopatria-790340c7438103f023cdf17e","properties":{"NAME":"Yan","ABBREVN":null,"CONTROL":null,"SUBJECTO":"Yan","PARTOF":"(Eighteen Kingdoms)","BORDERPRECISION":1,"FromYear":-208,"ToYear":-207,"Area":104544.56113614133,"Type":"POLITY","Wikipedia":"Eighteen Kingdoms","Wikidata":"Q1472004","SeshatID":"","Components":"","MemberOf":"(Eighteen Kingdoms)","sourceFeatureId":"cliopatria-790340c7438103f023cdf17e","datasetId":"cliopatria"},"geometry":{"type":"MultiPolygon","coordinates":[[[[124.837,41.133],[124.797,41.068],[124.412,40.291],[123.871,39.902],[123.876,39.773],[123.597,39.838],[122.936,39.644],[122.17,39.256],[121.952,38.997],[121.716,38.997],[121.422,38.739],[121.029,38.739],[121.201,39.062],[121.515,39.062],[121.69,39.385],[121.297,39.385],[121.21,39.514],[121.281,39.644],[121.438,39.644],[121.503,39.902],[121.776,39.967],[122.231,40.485],[122.106,40.679],[121.827,40.744],[121.824,40.874],[121.11,40.874],[120.997,40.679],[120.647,40.485],[120.5,40.226],[119.38,39.773],[119.215,39.32],[118.45,39.062],[118.057,39.062],[118.046,39.191],[117.888,39.191],[117.676,38.933],[117.622,38.674],[117.308,38.674],[117.23,38.674],[116.7,38.868],[116.933,39.32],[116.798,39.514],[117.014,39.773],[116.926,39.902],[116.995,40.032],[117.453,40.291],[118.979,40.614],[122.928,41.911],[123.167,41.911],[123.127,41.847],[123.405,41.782],[123.365,41.717],[123.604,41.717],[123.564,41.652],[123.843,41.587],[123.803,41.522],[124.042,41.522],[124.002,41.457],[124.28,41.392],[124.24,41.327],[124.479,41.327],[124.439,41.263],[124.837,41.133]]]]}},{"type":"Feature","id":"cliopatria-3f13bd58c2df7d48996b97aa","properties":{"NAME":"Zhai","ABBREVN":null,"CONTROL":null,"SUBJECTO":"Zhai","PARTOF":"(Eighteen Kingdoms)","BORDERPRECISION":1,"FromYear":-208,"ToYear":-207,"Area":1628170.781291282,"Type":"POLITY","Wikipedia":"Qin dynasty","Wikidata":"Q7183","SeshatID":"","Components":"","MemberOf":"(Eighteen Kingdoms)","sourceFeatureId":"cliopatria-3f13bd58c2df7d48996b97aa","datasetId":"cliopatria"},"geometry":{"type":"MultiPolygon","coordinates":[[[[122.045,30.179],[122.273,30.179],[122.28,29.987],[121.977,29.987],[122.022,30.115],[122.045,30.179]]],[[[113.476,35.258],[113.422,35.13],[112.958,35.13],[112.878,34.937],[113.496,34.937],[113.647,34.744],[113.85,34.486],[114.004,34.486],[114.41,33.972],[114.358,33.843],[114.511,33.65],[115.305,33.522],[115.611,33.329],[115.841,33.329],[115.867,33.2],[116.123,33.072],[116.429,33.072],[116.558,32.814],[116.436,32.3],[117.282,31.915],[118.863,31.658],[118.967,31.529],[118.919,31.4],[119.833,31.4],[119.941,31.079],[120.502,30.951],[120.778,31.079],[121.32,30.694],[121.297,30.629],[121.045,30.565],[120.68,30.179],[120.809,30.115],[121.105,30.308],[121.484,30.308],[121.62,30.051],[122.03,29.922],[121.865,29.665],[122.016,29.665],[121.938,29.215],[121.712,29.215],[121.745,29.537],[121.571,29.472],[121.647,29.472],[121.539,29.151],[121.744,29.087],[121.714,28.765],[121.522,28.637],[121.652,28.572],[121.646,28.315],[121.153,28.187],[121.193,28.315],[121.118,28.315],[121.038,28.058],[120.868,27.994],[120.715,27.737],[120.657,27.544],[120.733,27.544],[120.545,27.158],[120.395,27.158],[120.247,26.901],[120.096,26.901],[120.061,26.772],[120.211,26.772],[120.158,26.579],[119.84,26.515],[119.938,26.322],[119.587,26.129],[119.57,26.065],[119.254,26.001],[119.137,26.129],[119.009,26.772],[118.877,26.837],[118.834,27.222],[118.702,27.287],[118.625,27.801],[118.494,27.865],[118.422,28.38],[118.291,28.444],[118.351,28.637],[118.165,28.765],[118.036,29.537],[117.884,29.537],[117.927,29.665],[117.678,29.601],[116.736,29.729],[116.27,29.922],[116.129,30.179],[115.804,30.115],[115.259,28.894],[115.335,28.894],[114.953,26.772],[115.028,26.772],[114.961,26.515],[115.228,26.387],[114.781,25.486],[114.451,24.008],[114.526,24.008],[114.495,23.493],[114.631,23.429],[114.605,23.301],[114.902,22.915],[114.715,22.722],[114.641,22.722],[114.531,22.143],[113.999,22.079],[113.996,22.465],[113.785,22.529],[113.747,22.722],[113.599,22.722],[113.699,22.465],[113.639,22.143],[113.416,22.143],[113.318,22.015],[113.106,22.079],[113.071,21.886],[112.379,21.758],[112.414,21.951],[111.663,22.722],[111.687,22.851],[111.04,23.365],[110.892,23.751],[110.956,24.072],[111.561,25.486],[111.546,25.744],[111.82,26.258],[111.965,26.837],[111.89,26.837],[112.055,27.737],[111.94,27.865],[111.955,28.187],[111.727,28.444],[110.802,28.894],[109.857,29.022],[107.647,28.958],[106.726,28.637],[106.028,28.572],[106.069,28.444],[105.616,28.444],[105.43,28.315],[104.618,28.38],[104.066,28.572],[103.898,28.508],[103.857,28.637],[102.718,28.894],[102.602,29.022],[101.957,29.151],[101.156,29.537],[100.598,30.501],[100.982,31.272],[101.836,32.043],[102.158,32.557],[102.312,33.457],[102.235,33.457],[102.325,33.715],[102.248,33.715],[102.409,34.165],[103.094,34.358],[103.379,34.293],[103.479,34.358],[103.497,34.615],[104.133,34.872],[106.185,35.387],[106.493,35.58],[106.803,35.58],[106.854,35.709],[107.061,35.645],[108.302,36.031],[108.754,36.739],[108.965,36.868],[108.942,36.997],[109.126,37.062],[110.133,38.093],[110.94,38.481],[111.032,38.674],[111.158,38.61],[111.486,38.803],[111.771,39.385],[112.19,39.902],[112.111,39.902],[112.145,39.967],[112.302,39.967],[112.629,40.291],[113.488,40.42],[115.159,40.291],[115.292,40.096],[115.45,40.096],[115.55,39.838],[116.452,39.902],[116.872,40.096],[116.995,40.032],[116.926,39.902],[117.014,39.773],[116.798,39.514],[116.933,39.32],[116.7,38.868],[115.454,38.093],[114.859,36.997],[114.655,36.546],[114.011,35.966],[113.476,35.258]]]]}},{"type":"Feature","id":"cliopatria-3ec66fbb05ca019d5a1e78b7","properties":{"NAME":"(Eighteen Kingdoms)","ABBREVN":null,"CONTROL":null,"SUBJECTO":"(Eighteen Kingdoms)","PARTOF":null,"BORDERPRECISION":1,"FromYear":-206,"ToYear":-204,"Area":1640641.76358482,"Type":"POLITY","Wikipedia":"Eighteen Kingdoms","Wikidata":"Q5349053","SeshatID":"","Components":"Liaodong;Hán;Jibei;Chang-shan;Han;Yin;Yan;Zhai;Wei;Linjiang;Qi;Western Chu;Henan;Sai;Yong;Dai;Jiujiang;Jiaodong","MemberOf":"","sourceFeatureId":"cliopatria-3ec66fbb05ca019d5a1e78b7","datasetId":"cliopatria"},"geometry":{"type":"MultiPolygon","coordinates":[[[[107.656,35.001],[107.68,35.258],[107.912,35.451],[108.382,36.224],[108.459,36.224],[108.486,36.288],[108.754,36.739],[108.965,36.868],[108.942,36.997],[109.126,37.062],[109.587,37.577],[109.665,37.577],[109.694,37.642],[110.271,38.222],[110.723,38.351],[111.001,38.61],[111.128,38.545],[111.115,38.351],[111.271,38.351],[111.367,38.222],[111.08,37.771],[111.051,37.706],[111.129,37.706],[112.172,37.255],[112.925,37.706],[113.003,37.706],[113.033,37.771],[113.229,38.351],[114.1,39.32],[113.772,39.45],[113.805,39.514],[113.365,39.579],[113.398,39.644],[113.083,39.644],[113.116,39.708],[112.012,39.708],[112.19,39.902],[112.111,39.902],[112.145,39.967],[112.302,39.967],[112.629,40.291],[112.945,40.291],[113.024,40.291],[113.058,40.355],[114.799,40.355],[114.764,40.291],[115.283,40.226],[115.55,39.838],[116.215,39.902],[119.37,40.744],[119.523,40.874],[120.43,41.068],[122.928,41.911],[123.167,41.911],[123.127,41.847],[123.405,41.782],[123.365,41.717],[123.604,41.717],[123.564,41.652],[123.843,41.587],[123.803,41.522],[124.042,41.522],[124.002,41.457],[124.28,41.392],[124.24,41.327],[124.479,41.327],[124.439,41.263],[124.837,41.133],[124.797,41.068],[124.412,40.291],[123.871,39.902],[123.876,39.773],[123.597,39.838],[122.936,39.644],[122.17,39.256],[121.952,38.997],[121.716,38.997],[121.422,38.739],[121.029,38.739],[121.201,39.062],[121.515,39.062],[121.69,39.385],[121.297,39.385],[121.21,39.514],[121.281,39.644],[121.438,39.644],[121.503,39.902],[121.776,39.967],[122.118,40.291],[122.231,40.485],[122.106,40.679],[121.827,40.744],[121.824,40.874],[121.11,40.874],[120.997,40.679],[120.647,40.485],[120.5,40.226],[119.882,39.967],[119.803,39.967],[119.767,39.902],[119.38,39.773],[119.137,39.32],[119.102,39.256],[118.45,39.062],[118.057,39.062],[118.046,39.191],[117.888,39.191],[117.576,38.739],[117.655,38.739],[117.622,38.674],[117.589,38.61],[117.668,38.61],[117.635,38.545],[117.602,38.481],[117.681,38.481],[117.759,38.481],[117.773,38.351],[118.054,38.287],[118.067,38.158],[118.583,38.093],[118.648,38.222],[118.804,38.222],[118.772,38.158],[119.209,38.093],[119.177,38.029],[119.457,37.964],[119.315,37.835],[119.237,37.835],[118.984,37.319],[119.14,37.319],[119.109,37.255],[119.187,37.255],[119.156,37.19],[119.701,37.19],[119.827,37.448],[120.202,37.577],[120.188,37.706],[120.91,37.9],[120.878,37.835],[121.112,37.835],[121.171,37.642],[121.483,37.642],[121.497,37.513],[122.589,37.513],[122.557,37.448],[122.713,37.448],[122.584,37.19],[122.552,37.126],[122.442,37.062],[122.566,36.997],[122.394,36.804],[121.912,36.933],[121.212,36.61],[120.979,36.61],[120.965,36.417],[120.732,36.417],[120.659,36.095],[120.318,36.031],[119.986,35.645],[119.696,35.516],[119.619,35.516],[119.59,35.451],[119.561,35.387],[119.532,35.323],[119.503,35.258],[119.475,35.194],[119.228,34.808],[119.459,34.808],[119.431,34.744],[119.711,34.679],[119.732,34.551],[120.342,34.358],[120.489,34.165],[120.55,33.586],[120.926,33.2],[120.919,32.622],[121.403,32.493],[121.503,32.172],[121.961,31.979],[121.937,31.722],[121.836,31.658],[121.301,31.85],[120.894,31.786],[121.454,31.658],[121.481,31.529],[121.634,31.529],[121.584,31.4],[121.737,31.4],[121.995,31.079],[121.899,30.822],[121.519,30.822],[121.197,30.565],[121.045,30.565],[120.68,30.179],[120.809,30.115],[121.105,30.308],[121.484,30.308],[121.62,30.051],[121.977,29.987],[121.962,29.729],[121.745,29.537],[121.593,29.537],[121.571,29.472],[120.404,29.601],[120.242,29.794],[118.891,30.051],[118.784,30.179],[117.786,29.922],[117.754,30.051],[117.32,30.115],[117.355,30.436],[117.074,30.501],[116.913,30.694],[116.043,30.372],[115.631,30.501],[115.132,30.372],[114.527,29.922],[114.451,29.922],[114.017,29.987],[110.766,29.279],[110.576,29.151],[109.555,29.022],[109.48,29.022],[109.461,28.958],[107.647,28.958],[106.726,28.637],[106.028,28.572],[106.069,28.444],[105.616,28.444],[105.43,28.315],[104.618,28.38],[104.066,28.572],[103.898,28.508],[103.857,28.637],[102.927,28.83],[102.602,29.022],[101.614,29.279],[101.44,29.472],[101.156,29.537],[100.982,29.729],[101.019,29.858],[100.828,29.987],[100.865,30.115],[100.674,30.244],[100.673,30.501],[100.598,30.501],[100.847,31.079],[101.331,31.658],[101.836,32.043],[102.158,32.557],[102.312,33.457],[102.235,33.457],[102.325,33.715],[102.248,33.715],[102.409,34.165],[103.094,34.358],[103.379,34.293],[103.503,34.422],[106.357,34.229],[106.434,34.229],[106.867,34.358],[106.944,34.358],[106.969,34.422],[107.656,35.001]]],[[[121.977,29.987],[122.022,30.115],[122.045,30.179],[122.273,30.179],[122.28,29.987],[121.977,29.987]]]]}},{"type":"Feature","id":"cliopatria-165d0036ef0656ff3feee7cd","properties":{"NAME":"Antigonid Macedonia","ABBREVN":null,"CONTROL":null,"SUBJECTO":"Antigonid Macedonia","PARTOF":null,"BORDERPRECISION":1,"FromYear":-206,"ToYear":-204,"Area":111015.02014453823,"Type":"POLITY","Wikipedia":"Antigonid dynasty","Wikidata":"Q237325","SeshatID":"gr_antigonid_emp","Components":"","MemberOf":"","sourceFeatureId":"cliopatria-165d0036ef0656ff3feee7cd","datasetId":"cliopatria"},"geometry":{"type":"MultiPolygon","coordinates":[[[[24.272,37.513],[24.201,37.642],[24.283,37.706],[24.361,37.706],[24.432,37.577],[24.272,37.513]]],[[[24.088,38.351],[23.626,38.481],[23.563,38.739],[23.72,38.739],[23.799,38.739],[24.179,38.545],[24.159,38.222],[24.088,38.351]]],[[[23.489,38.803],[23.567,38.803],[23.563,38.739],[23.485,38.739],[23.489,38.803]]],[[[24.662,38.739],[24.357,38.868],[24.365,38.997],[24.444,38.997],[24.675,38.933],[24.662,38.739]]],[[[24.763,41.263],[26.03,41.198],[26.178,41.068],[26.904,41.198],[27.091,41.522],[27.483,41.457],[27.472,41.327],[27.631,41.327],[27.728,41.522],[28.139,41.652],[28.292,41.587],[28.285,41.522],[28.206,41.522],[28.083,41.068],[28.077,41.003],[27.527,41.068],[27.181,40.744],[26.621,40.679],[26.072,40.744],[26.082,40.874],[25.849,40.938],[24.347,41.003],[24.011,40.744],[23.698,40.809],[23.685,40.614],[23.839,40.55],[23.737,40.226],[23.267,40.291],[22.884,40.485],[22.892,40.614],[22.655,40.614],[22.56,40.355],[22.544,40.096],[22.702,40.096],[22.611,39.902],[23.135,39.45],[22.816,39.385],[22.797,39.062],[22.958,39.126],[23.108,38.997],[23.344,38.997],[23.489,38.803],[23.183,38.933],[23.022,38.868],[22.943,38.868],[22.786,38.868],[22.794,38.997],[22.561,39.062],[22.49,39.191],[22.254,39.191],[21.7,39.126],[21.536,38.997],[21.471,39.256],[21.317,39.32],[21.321,39.385],[20.943,39.708],[20.806,40.096],[20.493,40.161],[20.503,40.355],[20.19,40.42],[19.806,40.679],[19.736,40.874],[19.978,40.938],[19.914,41.263],[20.077,41.327],[19.918,41.327],[20.007,41.522],[19.778,41.717],[19.785,41.847],[19.549,41.911],[19.463,41.782],[19.31,41.911],[19.322,42.171],[20.041,42.171],[20.045,42.236],[20.125,42.236],[20.121,42.171],[20.281,42.171],[20.354,42.041],[20.441,42.171],[20.916,42.106],[21.004,42.236],[21.319,42.171],[21.407,42.301],[22.455,42.431],[22.442,42.236],[22.593,42.106],[22.753,42.106],[23.054,41.847],[23.528,41.782],[23.669,41.522],[24.231,41.587],[24.236,41.652],[24.554,41.652],[24.853,41.392],[24.763,41.263]]],[[[25.564,36.997],[25.331,36.997],[25.339,37.126],[25.417,37.126],[25.573,37.126],[25.564,36.997]]],[[[25.052,37.513],[24.986,37.706],[25.064,37.706],[25.22,37.706],[25.286,37.513],[25.052,37.513]]],[[[24.682,37.835],[24.694,38.029],[24.772,38.029],[25.068,37.771],[24.83,37.706],[24.682,37.835]]],[[[25.447,39.838],[24.974,39.838],[25.067,40.032],[25.146,40.032],[25.462,40.032],[25.447,39.838]]],[[[25.704,40.096],[25.719,40.291],[25.798,40.291],[26.035,40.291],[26.025,40.161],[25.704,40.096]]],[[[25.245,41.327],[25.24,41.263],[25.161,41.263],[25.166,41.327],[25.245,41.327]]]]}},{"type":"Feature","id":"cliopatria-ccd62044de6999fcf7d7a386","properties":{"NAME":"Carthage","ABBREVN":null,"CONTROL":null,"SUBJECTO":"Carthage","PARTOF":null,"BORDERPRECISION":1,"FromYear":-206,"ToYear":-204,"Area":295620.1617229975,"Type":"POLITY","Wikipedia":"Ancient Carthage","Wikidata":"Q2429397","SeshatID":"tn_carthage_emp","Components":"","MemberOf":"","sourceFeatureId":"cliopatria-ccd62044de6999fcf7d7a386","datasetId":"cliopatria"},"geometry":{"type":"MultiPolygon","coordinates":[[[[11.006,35.387],[11.083,35.001],[10.851,34.937],[10.851,34.808],[10.543,34.551],[10.004,34.293],[10.082,34.229],[10.006,33.907],[10.237,33.715],[10.544,33.715],[10.698,33.522],[11.082,33.586],[11.158,33.2],[11.464,33.2],[12.229,32.814],[12.612,32.879],[12.535,32.75],[12.841,32.75],[12.842,32.879],[13.302,32.943],[13.454,32.814],[13.761,32.879],[13.759,32.75],[14.065,32.75],[14.444,32.493],[14.675,32.557],[14.749,32.429],[15.055,32.429],[15.282,32.3],[15.425,31.658],[15.576,31.593],[15.649,31.4],[16.179,31.208],[16.864,31.208],[17.847,30.951],[18.222,30.758],[18.592,30.372],[18.896,30.372],[18.814,30.115],[18.586,30.115],[18.216,30.501],[17.161,30.886],[15.569,31.143],[15.193,31.465],[15.05,32.107],[14.899,32.236],[14.517,32.172],[14.443,32.365],[13.758,32.622],[11.998,32.622],[12.076,32.75],[11.617,32.943],[11.081,32.879],[10.698,33.136],[10.468,33.136],[10.468,33.264],[9.854,33.393],[9.624,33.329],[9.547,33.522],[9.316,33.586],[9.083,34.036],[8.929,34.036],[8.928,34.165],[8.773,34.229],[8.081,34.229],[8.002,34.422],[7.615,34.551],[7.153,34.486],[6.92,34.615],[6.381,34.615],[6.304,34.615],[6.291,35.323],[6.367,35.387],[6.365,35.451],[6.514,35.773],[7.204,36.224],[7.119,36.675],[6.96,36.868],[7.038,36.868],[7.194,36.868],[7.346,37.062],[7.659,36.997],[7.738,36.868],[8.516,36.868],[8.903,37.126],[9.059,37.062],[9.603,37.319],[9.993,37.19],[10.227,37.255],[10.228,37.062],[10.305,37.062],[10.228,36.804],[10.54,36.739],[10.851,36.997],[11.006,36.997],[11.006,36.804],[10.462,36.417],[10.54,36.353],[10.464,35.902],[10.696,35.709],[10.851,35.773],[10.928,35.645],[10.928,35.58],[11.083,35.58],[11.083,35.387],[11.006,35.387]],[[7.218,35.323],[7.141,35.323],[7.142,35.258],[7.143,35.194],[7.22,35.194],[7.219,35.258],[7.218,35.323]]],[[[-2.993,35.451],[-2.838,35.451],[-2.82,35.13],[-2.743,35.13],[-2.809,34.937],[-2.886,34.937],[-4.738,34.937],[-5.214,35.13],[-5.39,35.451],[-5.627,35.516],[-6.234,34.229],[-6.601,33.972],[-6.592,33.843],[-6.882,33.586],[-7.555,33.329],[-7.64,33.457],[-7.794,33.457],[-7.803,33.586],[-7.726,33.586],[-7.13,33.843],[-7.062,33.972],[-6.904,33.907],[-6.614,34.165],[-6.7,34.293],[-6.473,34.358],[-6.482,34.486],[-6.332,34.551],[-6.277,34.872],[-6.2,34.872],[-6.291,35.065],[-6.132,35.001],[-6.145,35.194],[-6,35.323],[-5.877,35.773],[-5.339,35.838],[-5.24,35.516],[-4.755,35.194],[-3.364,35.194],[-3.287,35.194],[-2.982,35.258],[-2.993,35.451]]],[[[0.388,35.966],[0.158,35.902],[0.155,35.966],[0.376,36.224],[0.454,36.224],[0.388,35.966]]],[[[3.23,36.739],[3.459,36.868],[3.85,36.804],[4.235,36.933],[4.859,36.868],[5.098,36.675],[5.564,36.675],[5.639,36.804],[6.106,36.804],[6.103,36.933],[6.334,37.062],[6.648,36.933],[6.726,36.933],[6.34,36.739],[5.952,36.739],[5.645,36.546],[5.41,36.61],[5.258,36.482],[4.866,36.61],[3.156,36.61],[2.772,36.482],[1.918,36.482],[1.913,36.61],[1.991,36.61],[2.69,36.61],[2.841,36.739],[3.23,36.739]]],[[[-1.937,38.674],[-1.698,38.61],[-1.597,38.222],[-1.17,37.577],[-1.248,37.577],[-1.709,37.448],[-1.627,37.384],[-1.698,37.255],[-1.857,37.319],[-2.062,36.804],[-2.532,36.868],[-2.68,36.739],[-4.469,36.739],[-4.689,36.546],[-5.228,36.482],[-5.288,36.224],[-5.516,36.16],[-5.585,36.031],[-5.831,36.224],[-6.064,36.224],[-6.432,36.997],[-6.588,36.997],[-6.842,37.255],[-7.465,37.255],[-7.554,37.384],[-7.575,37.642],[-7.284,37.9],[-7.222,38.093],[-6.011,38.61],[-5.87,38.803],[-5.482,38.868],[-5.34,39.062],[-4.943,38.997],[-4.854,38.868],[-4.702,38.933],[-4.692,38.803],[-4.203,38.545],[-2.87,38.545],[-2.792,38.545],[-2.239,38.481],[-2.016,38.674],[-1.937,38.674]]],[[[1.658,38.997],[1.431,38.803],[1.274,38.803],[1.183,39.062],[1.259,39.126],[1.337,39.126],[1.652,39.126],[1.658,38.997]]],[[[15.894,39.579],[15.899,39.773],[15.743,39.838],[15.744,39.902],[16.297,39.902],[16.381,40.096],[16.538,40.032],[16.536,39.967],[16.457,39.967],[16.447,39.644],[16.916,39.514],[17.07,39.385],[17.138,39.062],[16.502,38.803],[16.492,38.416],[15.855,37.964],[15.95,38.674],[16.267,38.803],[16.269,38.868],[16.043,39.256],[16.048,39.45],[15.894,39.579]]],[[[3.516,39.773],[3.296,39.32],[2.824,39.32],[2.659,39.514],[2.346,39.45],[2.338,39.644],[2.877,39.967],[2.956,39.967],[3.193,39.967],[3.198,39.838],[3.516,39.773]]],[[[3.827,39.902],[3.741,40.096],[3.82,40.096],[4.215,40.096],[4.302,39.838],[3.827,39.902]]]]}},{"type":"Feature","id":"cliopatria-4f5ec0d19db27b7cede4bb3a","properties":{"NAME":"Chang-shan","ABBREVN":null,"CONTROL":null,"SUBJECTO":"Chang-shan","PARTOF":"(Eighteen Kingdoms)","BORDERPRECISION":1,"FromYear":-206,"ToYear":-204,"Area":34559.207437514924,"Type":"POLITY","Wikipedia":"Eighteen Kingdoms","Wikidata":"Q5349053","SeshatID":"","Components":"","MemberOf":"(Eighteen Kingdoms)","sourceFeatureId":"cliopatria-4f5ec0d19db27b7cede4bb3a","datasetId":"cliopatria"},"geometry":{"type":"MultiPolygon","coordinates":[[[[117.285,38.158],[117.253,38.093],[116.642,37.964],[116.127,37.706],[115.512,37.062],[115.23,37.126],[115.116,37.384],[114.013,37.19],[113.935,37.19],[113.965,37.255],[113.994,37.319],[113.916,37.319],[114.253,37.706],[114.53,38.287],[115.361,38.545],[116.092,39.062],[116.249,39.062],[116.216,38.997],[116.373,38.997],[116.465,38.868],[117.106,38.739],[117.073,38.674],[117.622,38.674],[117.589,38.61],[117.668,38.61],[117.635,38.545],[117.602,38.481],[117.681,38.481],[117.285,38.158]]]]}},{"type":"Feature","id":"cliopatria-f01909cea245d90155759bb0","properties":{"NAME":"Dai","ABBREVN":null,"CONTROL":null,"SUBJECTO":"Dai","PARTOF":"(Eighteen Kingdoms)","BORDERPRECISION":1,"FromYear":-206,"ToYear":-204,"Area":57015.65104232598,"Type":"POLITY","Wikipedia":"Eighteen Kingdoms","Wikidata":"Q5349053","SeshatID":"","Components":"","MemberOf":"(Eighteen Kingdoms)","sourceFeatureId":"cliopatria-f01909cea245d90155759bb0","datasetId":"cliopatria"},"geometry":{"type":"MultiPolygon","coordinates":[[[[116.101,39.385],[116.092,39.062],[115.361,38.545],[114.53,38.287],[114.253,37.706],[113.916,37.319],[113.634,37.384],[113.688,37.835],[113.177,37.577],[113.021,37.577],[113.081,37.706],[113.003,37.706],[113.033,37.771],[113.229,38.351],[114.1,39.32],[113.772,39.45],[113.805,39.514],[113.365,39.579],[113.398,39.644],[113.083,39.644],[113.116,39.708],[112.012,39.708],[112.19,39.902],[112.111,39.902],[112.145,39.967],[112.302,39.967],[112.629,40.291],[112.945,40.291],[113.024,40.291],[113.058,40.355],[114.799,40.355],[114.764,40.291],[115.283,40.226],[115.55,39.838],[116.215,39.902],[116.022,39.385],[116.101,39.385]]]]}},{"type":"Feature","id":"cliopatria-f5a32a63567288a0e62bb8a7","properties":{"NAME":"Han","ABBREVN":null,"CONTROL":null,"SUBJECTO":"Han","PARTOF":"(Eighteen Kingdoms)","BORDERPRECISION":1,"FromYear":-206,"ToYear":-204,"Area":454873.85055993544,"Type":"POLITY","Wikipedia":"Han (state)","Wikidata":"Q1968654","SeshatID":"","Components":"","MemberOf":"(Eighteen Kingdoms)","sourceFeatureId":"cliopatria-f5a32a63567288a0e62bb8a7","datasetId":"cliopatria"},"geometry":{"type":"MultiPolygon","coordinates":[[[[106.434,34.229],[106.867,34.358],[106.944,34.358],[107.434,34.229],[107.385,34.1],[107.669,34.036],[107.697,33.907],[108.158,33.907],[108.41,34.165],[108.998,34.293],[108.976,34.036],[109.108,33.779],[110.288,33.65],[110.215,33.457],[109.86,33.329],[109.764,33.072],[109.869,32.943],[109.728,32.557],[109.881,32.557],[109.812,32.365],[109.942,32.3],[109.958,31.915],[109.421,31.465],[109.171,31.4],[109.106,31.208],[108.856,31.143],[108.784,30.694],[108.894,30.565],[108.66,30.308],[109.035,30.051],[109.031,29.794],[109.258,29.794],[109.37,29.665],[109.367,29.408],[109.537,29.215],[109.48,29.022],[109.461,28.958],[107.647,28.958],[106.726,28.637],[106.028,28.572],[106.069,28.444],[105.616,28.444],[105.43,28.315],[104.618,28.38],[104.066,28.572],[103.898,28.508],[103.857,28.637],[102.927,28.83],[102.602,29.022],[101.614,29.279],[101.44,29.472],[101.156,29.537],[100.982,29.729],[101.019,29.858],[100.828,29.987],[100.865,30.115],[100.674,30.244],[100.673,30.501],[100.598,30.501],[100.847,31.079],[101.331,31.658],[101.836,32.043],[102.158,32.557],[102.312,33.457],[102.235,33.457],[102.325,33.715],[102.248,33.715],[102.409,34.165],[103.094,34.358],[103.379,34.293],[103.503,34.422],[106.357,34.229],[106.434,34.229]]]]}},{"type":"Feature","id":"cliopatria-247e0788b8b66e11ac3a7380","properties":{"NAME":"Hán","ABBREVN":null,"CONTROL":null,"SUBJECTO":"Hán","PARTOF":"(Eighteen Kingdoms)","BORDERPRECISION":1,"FromYear":-206,"ToYear":-204,"Area":86827.23431902632,"Type":"POLITY","Wikipedia":"Eighteen Kingdoms","Wikidata":"Q5349053","SeshatID":"","Components":"","MemberOf":"(Eighteen Kingdoms)","sourceFeatureId":"cliopatria-247e0788b8b66e11ac3a7380","datasetId":"cliopatria"},"geometry":{"type":"MultiPolygon","coordinates":[[[[113.797,34.358],[114.102,33.972],[114.025,33.779],[114.102,33.779],[114.102,33.586],[114.691,33.522],[114.793,33.393],[115.151,33.329],[115.305,33.136],[115.284,32.686],[114.087,32.557],[113.983,32.686],[113.705,32.557],[113.625,32.75],[112.988,32.686],[111.889,32.814],[111.784,32.943],[110.961,33.2],[110.881,33.393],[110.623,33.522],[110.645,33.779],[110.516,33.843],[110.615,34.293],[110.538,34.293],[110.742,34.615],[110.588,34.808],[110.666,35.001],[112.037,35.516],[112.138,35.387],[112.985,35.194],[112.905,35.001],[113.006,34.872],[113.16,34.872],[113.464,34.486],[113.797,34.358]]]]}},{"type":"Feature","id":"cliopatria-97f5435507c065c9e61454c5","properties":{"NAME":"Henan","ABBREVN":null,"CONTROL":null,"SUBJECTO":"Henan","PARTOF":"(Eighteen Kingdoms)","BORDERPRECISION":1,"FromYear":-206,"ToYear":-204,"Area":40846.602566147885,"Type":"POLITY","Wikipedia":"Eighteen Kingdoms","Wikidata":"Q5349053","SeshatID":"","Components":"","MemberOf":"(Eighteen Kingdoms)","sourceFeatureId":"cliopatria-97f5435507c065c9e61454c5","datasetId":"cliopatria"},"geometry":{"type":"MultiPolygon","coordinates":[[[[115.126,35.323],[115.049,35.323],[114.422,34.937],[114.315,34.679],[114.543,34.486],[114.411,34.165],[114.102,33.972],[113.797,34.358],[113.464,34.486],[113.16,34.872],[113.006,34.872],[112.905,35.001],[112.985,35.194],[112.138,35.387],[112.037,35.516],[112.092,35.645],[112.998,35.773],[113.524,36.095],[113.602,36.095],[113.63,36.16],[113.658,36.224],[113.736,36.224],[114.025,36.353],[114.752,36.417],[114.724,36.353],[115.471,36.288],[115.549,36.288],[115.626,36.288],[115.598,36.224],[115.675,36.224],[115.378,35.902],[115.336,35.451],[115.308,35.387],[115.231,35.387],[115.154,35.387],[115.126,35.323]]]]}},{"type":"Feature","id":"cliopatria-830c8c40cdc897193620d1ef","properties":{"NAME":"Jiaodong","ABBREVN":null,"CONTROL":null,"SUBJECTO":"Jiaodong","PARTOF":"(Eighteen Kingdoms)","BORDERPRECISION":1,"FromYear":-206,"ToYear":-204,"Area":50776.77422050472,"Type":"POLITY","Wikipedia":"Eighteen Kingdoms","Wikidata":"Q5349053","SeshatID":"","Components":"","MemberOf":"(Eighteen Kingdoms)","sourceFeatureId":"cliopatria-830c8c40cdc897193620d1ef","datasetId":"cliopatria"},"geometry":{"type":"MultiPolygon","coordinates":[[[[122.584,37.19],[122.552,37.126],[122.442,37.062],[122.566,36.997],[122.394,36.804],[121.912,36.933],[121.212,36.61],[120.979,36.61],[120.965,36.417],[120.732,36.417],[120.659,36.095],[120.318,36.031],[119.986,35.645],[119.696,35.516],[119.619,35.516],[119.019,35.902],[118.864,35.902],[118.558,36.417],[118.229,36.546],[118.211,36.675],[118.056,36.675],[118.038,36.804],[119.109,37.255],[119.187,37.255],[119.156,37.19],[119.701,37.19],[119.827,37.448],[120.202,37.577],[120.188,37.706],[120.91,37.9],[120.878,37.835],[121.112,37.835],[121.171,37.642],[121.483,37.642],[121.497,37.513],[122.589,37.513],[122.557,37.448],[122.713,37.448],[122.584,37.19]]]]}},{"type":"Feature","id":"cliopatria-e1c27cd4d89aeed7a392eb16","properties":{"NAME":"Jibei","ABBREVN":null,"CONTROL":null,"SUBJECTO":"Jibei","PARTOF":"(Eighteen Kingdoms)","BORDERPRECISION":1,"FromYear":-206,"ToYear":-204,"Area":44559.82984972282,"Type":"POLITY","Wikipedia":"Eighteen Kingdoms","Wikidata":"Q5349053","SeshatID":"","Components":"","MemberOf":"(Eighteen Kingdoms)","sourceFeatureId":"cliopatria-e1c27cd4d89aeed7a392eb16","datasetId":"cliopatria"},"geometry":{"type":"MultiPolygon","coordinates":[[[[119.315,37.835],[119.237,37.835],[118.984,37.319],[119.14,37.319],[119.109,37.255],[118.038,36.804],[117.212,36.868],[115.675,36.224],[115.598,36.224],[115.626,36.288],[115.549,36.288],[115.471,36.288],[115.597,36.739],[115.519,36.739],[115.512,37.062],[116.127,37.706],[116.642,37.964],[117.253,38.093],[117.285,38.158],[117.681,38.481],[117.759,38.481],[117.773,38.351],[118.054,38.287],[118.067,38.158],[118.583,38.093],[118.648,38.222],[118.804,38.222],[118.772,38.158],[119.209,38.093],[119.177,38.029],[119.457,37.964],[119.315,37.835]]]]}},{"type":"Feature","id":"cliopatria-23c5e64fe944221e5ba9cfaa","properties":{"NAME":"Jiujiang","ABBREVN":null,"CONTROL":null,"SUBJECTO":"Jiujiang","PARTOF":"(Eighteen Kingdoms)","BORDERPRECISION":1,"FromYear":-206,"ToYear":-204,"Area":86995.15565204069,"Type":"POLITY","Wikipedia":"Eighteen Kingdoms","Wikidata":"Q5349053","SeshatID":"","Components":"","MemberOf":"(Eighteen Kingdoms)","sourceFeatureId":"cliopatria-23c5e64fe944221e5ba9cfaa","datasetId":"cliopatria"},"geometry":{"type":"MultiPolygon","coordinates":[[[[119.17,30.629],[118.784,30.179],[117.786,29.922],[117.754,30.051],[117.32,30.115],[117.355,30.436],[117.074,30.501],[116.913,30.694],[116.043,30.372],[115.631,30.501],[115.605,31.079],[115.346,31.208],[115.638,31.593],[115.562,31.593],[115.599,32.107],[116.024,32.622],[115.691,32.75],[115.97,33.072],[116.429,33.072],[116.532,32.943],[116.481,32.814],[118.803,32.493],[118.577,32.107],[118.909,31.979],[119.064,31.786],[118.919,31.4],[119.324,31.465],[119.428,31.336],[119.233,31.015],[119.17,30.629]]]]}},{"type":"Feature","id":"cliopatria-5049335d58346e01b689deeb","properties":{"NAME":"Liaodong","ABBREVN":null,"CONTROL":null,"SUBJECTO":"Liaodong","PARTOF":"(Eighteen Kingdoms)","BORDERPRECISION":1,"FromYear":-206,"ToYear":-204,"Area":70288.22422842834,"Type":"POLITY","Wikipedia":"Eighteen Kingdoms","Wikidata":"Q5349053","SeshatID":"","Components":"","MemberOf":"(Eighteen Kingdoms)","sourceFeatureId":"cliopatria-5049335d58346e01b689deeb","datasetId":"cliopatria"},"geometry":{"type":"MultiPolygon","coordinates":[[[[124.837,41.133],[124.797,41.068],[124.412,40.291],[123.871,39.902],[123.876,39.773],[123.597,39.838],[122.936,39.644],[122.17,39.256],[121.952,38.997],[121.716,38.997],[121.422,38.739],[121.029,38.739],[121.201,39.062],[121.515,39.062],[121.69,39.385],[121.297,39.385],[121.21,39.514],[121.281,39.644],[121.438,39.644],[121.503,39.902],[121.776,39.967],[122.118,40.291],[122.231,40.485],[122.106,40.679],[121.827,40.744],[121.824,40.874],[121.11,40.874],[120.997,40.679],[120.647,40.485],[120.5,40.226],[119.882,39.967],[119.803,39.967],[119.259,40.55],[119.37,40.744],[119.523,40.874],[120.43,41.068],[122.928,41.911],[123.167,41.911],[123.127,41.847],[123.405,41.782],[123.365,41.717],[123.604,41.717],[123.564,41.652],[123.843,41.587],[123.803,41.522],[124.042,41.522],[124.002,41.457],[124.28,41.392],[124.24,41.327],[124.479,41.327],[124.439,41.263],[124.837,41.133]]]]}},{"type":"Feature","id":"cliopatria-df33c6b97c71061fa775881a","properties":{"NAME":"Linjiang","ABBREVN":null,"CONTROL":null,"SUBJECTO":"Linjiang","PARTOF":"(Eighteen Kingdoms)","BORDERPRECISION":1,"FromYear":-206,"ToYear":-204,"Area":216392.8657872679,"Type":"POLITY","Wikipedia":"Eighteen Kingdoms","Wikidata":"Q5349053","SeshatID":"","Components":"","MemberOf":"(Eighteen Kingdoms)","sourceFeatureId":"cliopatria-df33c6b97c71061fa775881a","datasetId":"cliopatria"},"geometry":{"type":"MultiPolygon","coordinates":[[[[115.36,32.686],[115.437,32.686],[115.461,32.75],[115.538,32.75],[115.615,32.75],[115.691,32.75],[116.024,32.622],[115.599,32.107],[115.562,31.593],[115.638,31.593],[115.346,31.208],[115.605,31.079],[115.631,30.501],[115.132,30.372],[114.527,29.922],[114.451,29.922],[114.017,29.987],[110.766,29.279],[110.576,29.151],[109.555,29.022],[109.48,29.022],[109.537,29.215],[109.367,29.408],[109.37,29.665],[109.258,29.794],[109.031,29.794],[109.035,30.051],[108.66,30.308],[108.894,30.565],[108.784,30.694],[108.856,31.143],[109.106,31.208],[109.171,31.4],[109.421,31.465],[109.958,31.915],[109.942,32.3],[109.812,32.365],[109.881,32.557],[109.728,32.557],[109.869,32.943],[109.764,33.072],[109.86,33.329],[110.215,33.457],[110.288,33.65],[110.313,33.715],[110.39,33.715],[110.414,33.779],[110.491,33.779],[110.516,33.843],[110.645,33.779],[110.623,33.522],[110.881,33.393],[110.961,33.2],[111.784,32.943],[111.889,32.814],[112.988,32.686],[113.625,32.75],[113.705,32.557],[113.983,32.686],[114.087,32.557],[115.284,32.686],[115.36,32.686]]]]}},{"type":"Feature","id":"cliopatria-ea1663df223a75d557638d04","properties":{"NAME":"Minyue","ABBREVN":null,"CONTROL":null,"SUBJECTO":"Minyue","PARTOF":null,"BORDERPRECISION":1,"FromYear":-206,"ToYear":-204,"Area":431219.30484216264,"Type":"POLITY","Wikipedia":"Minyue","Wikidata":"Q1936158","SeshatID":"","Components":"","MemberOf":"","sourceFeatureId":"cliopatria-ea1663df223a75d557638d04","datasetId":"cliopatria"},"geometry":{"type":"MultiPolygon","coordinates":[[[[118.891,30.051],[120.242,29.794],[120.404,29.601],[121.571,29.472],[121.647,29.472],[121.539,29.151],[121.744,29.087],[121.66,28.83],[121.735,28.83],[121.522,28.637],[121.652,28.572],[121.646,28.315],[121.153,28.187],[121.193,28.315],[121.118,28.315],[121.038,28.058],[120.868,27.994],[120.715,27.737],[120.657,27.544],[120.733,27.544],[120.545,27.158],[120.395,27.158],[120.247,26.901],[120.096,26.901],[120.061,26.772],[120.211,26.772],[120.158,26.579],[119.84,26.515],[119.938,26.322],[119.587,26.129],[119.778,26.001],[119.53,25.615],[119.904,25.615],[119.872,25.486],[119.466,25.358],[119.423,25.486],[119.273,25.486],[119.391,25.358],[119.344,25.165],[119.029,25.101],[119.074,24.972],[118.819,24.844],[118.76,24.586],[118.147,24.522],[118.076,24.201],[117.721,23.943],[117.694,23.815],[117.47,23.815],[117.179,23.493],[116.894,23.558],[116.78,23.365],[116.815,23.172],[116.591,23.172],[116.54,22.915],[115.696,22.786],[115.671,22.658],[115.373,22.658],[115.174,22.786],[114.902,22.529],[114.753,22.529],[114.703,22.658],[114.715,22.722],[114.902,22.915],[114.446,23.622],[114.533,24.393],[114.547,24.458],[114.472,24.458],[114.72,25.229],[114.286,25.294],[114.318,25.744],[114.243,25.744],[114.413,26.129],[114.172,26.065],[114.286,26.515],[114.002,26.579],[113.902,26.772],[114.172,27.222],[113.924,27.415],[114.2,27.865],[114.125,27.865],[114.161,27.994],[113.897,28.122],[113.972,28.38],[114.238,28.765],[114.81,29.151],[114.871,29.344],[114.705,29.537],[114.767,29.729],[114.506,29.858],[114.527,29.922],[115.132,30.372],[115.631,30.501],[116.043,30.372],[116.913,30.694],[117.074,30.501],[117.355,30.436],[117.32,30.115],[117.754,30.051],[117.786,29.922],[118.784,30.179],[118.891,30.051]]],[[[121.767,29.601],[122.016,29.665],[121.938,29.215],[121.712,29.215],[121.745,29.537],[121.767,29.601]]]]}},{"type":"Feature","id":"cliopatria-b0ce3b9ef0ce2e451ef05ce2","properties":{"NAME":"Qi","ABBREVN":null,"CONTROL":null,"SUBJECTO":"Qi","PARTOF":"(Eighteen Kingdoms)","BORDERPRECISION":1,"FromYear":-206,"ToYear":-204,"Area":60204.30665311528,"Type":"POLITY","Wikipedia":"Qi (state)","Wikidata":"Q1143524","SeshatID":"","Components":"","MemberOf":"(Eighteen Kingdoms)","sourceFeatureId":"cliopatria-b0ce3b9ef0ce2e451ef05ce2","datasetId":"cliopatria"},"geometry":{"type":"MultiPolygon","coordinates":[[[[119.619,35.516],[119.59,35.451],[119.561,35.387],[119.532,35.323],[119.503,35.258],[119.272,35.258],[118.583,34.744],[118.428,34.744],[118.435,34.937],[118.281,34.937],[118.12,34.744],[117.117,34.744],[116.919,35.001],[116.632,34.872],[116.197,34.937],[115.976,35.323],[115.336,35.451],[115.378,35.902],[115.675,36.224],[117.212,36.868],[118.038,36.804],[118.056,36.675],[118.211,36.675],[118.229,36.546],[118.558,36.417],[118.864,35.902],[119.019,35.902],[119.619,35.516]]]]}},{"type":"Feature","id":"cliopatria-0252cc6397e4fae384c97818","properties":{"NAME":"Roman Republic","ABBREVN":null,"CONTROL":null,"SUBJECTO":"Roman Republic","PARTOF":null,"BORDERPRECISION":1,"FromYear":-206,"ToYear":-204,"Area":399305.28299323,"Type":"POLITY","Wikipedia":"Roman Republic","Wikidata":"Q175881","SeshatID":"it_roman_rep_2","Components":"","MemberOf":"","sourceFeatureId":"cliopatria-0252cc6397e4fae384c97818","datasetId":"cliopatria"},"geometry":{"type":"MultiPolygon","coordinates":[[[[2.531,34.486],[2.608,34.486],[2.61,34.422],[2.533,34.422],[2.531,34.486]]],[[[6.227,34.615],[4.454,34.615],[3.843,34.422],[3.456,34.486],[2.921,34.358],[2.45,34.615],[1.294,34.615],[0.685,34.422],[0.451,34.486],[0.303,34.358],[-1.237,34.358],[-1.305,34.165],[-1.539,34.229],[-1.61,34.1],[-1.693,34.229],[-2.382,34.165],[-2.459,34.165],[-2.854,34.358],[-2.788,34.551],[-2.945,34.615],[-2.886,34.937],[-2.809,34.937],[-2.743,35.13],[-1.661,35.13],[-1.591,35.258],[-1.359,35.258],[-1.136,35.451],[-1.224,35.645],[-1.066,35.58],[-0.917,35.709],[-0.53,35.709],[-0.459,35.838],[-0.146,35.773],[0.081,35.902],[0.158,35.902],[0.388,35.966],[0.454,36.224],[0.531,36.224],[0.684,36.288],[0.678,36.417],[0.914,36.353],[1.216,36.546],[1.53,36.482],[1.835,36.61],[1.913,36.61],[1.918,36.482],[2.772,36.482],[3.156,36.61],[4.866,36.61],[5.258,36.482],[5.41,36.61],[5.645,36.546],[5.952,36.739],[6.34,36.739],[6.726,36.933],[6.803,36.933],[6.805,36.868],[6.882,36.868],[6.96,36.868],[7.119,36.675],[7.204,36.224],[6.514,35.773],[6.365,35.451],[6.367,35.387],[6.291,35.323],[6.304,34.615],[6.227,34.615]]],[[[15.214,37.19],[15.05,36.739],[14.661,36.739],[14.278,37.126],[13.578,37.255],[13.192,37.577],[12.49,37.706],[12.492,37.9],[12.65,38.093],[13.04,38.029],[13.12,38.158],[13.355,38.158],[13.665,37.964],[14.056,37.964],[15.862,38.287],[15.855,37.964],[15.698,37.964],[15.624,38.158],[15.389,38.158],[15.307,37.964],[15.306,37.9],[15.066,37.642],[15.059,37.255],[15.214,37.19]]],[[[2.334,41.587],[2.107,41.327],[1.238,41.198],[0.696,40.938],[0.709,40.679],[0.475,40.614],[0.248,40.42],[0.183,40.161],[-0.202,39.967],[-0.345,39.708],[-0.314,39.126],[0.099,38.739],[-0.661,38.287],[-0.803,38.029],[-0.705,37.642],[-1.092,37.577],[-1.17,37.577],[-1.597,38.222],[-1.698,38.61],[-1.937,38.674],[-1.941,38.739],[-1.556,38.868],[-1.43,39.385],[-1.351,39.385],[-1.449,39.708],[-1.22,39.838],[-1.232,40.032],[-1.003,40.161],[-1.011,40.291],[-0.411,40.874],[-0.419,41.003],[-0.184,41.068],[-0.048,41.457],[0.108,41.522],[0.299,42.366],[0.772,42.496],[0.859,42.366],[1.422,42.301],[1.997,41.976],[2.718,41.911],[2.712,42.041],[2.869,42.106],[2.875,41.976],[2.955,41.976],[2.886,41.717],[2.334,41.587]]],[[[9.823,40.355],[9.665,40.291],[9.747,39.644],[9.669,39.644],[9.593,39.126],[9.12,39.191],[8.966,38.868],[8.73,38.868],[8.336,38.997],[8.412,39.256],[8.333,39.256],[8.33,39.514],[8.409,39.514],[8.483,39.902],[8.325,39.967],[8.4,40.291],[8.321,40.291],[8.319,40.485],[8.16,40.55],[8.155,40.938],[8.552,40.874],[9.025,41.263],[9.104,41.263],[9.502,41.198],[9.822,40.744],[9.823,40.355]]],[[[9.574,42.756],[9.578,41.976],[9.498,41.976],[9.499,41.782],[9.262,41.392],[9.104,41.327],[8.784,41.522],[8.782,41.717],[8.623,41.717],[8.7,41.911],[8.539,42.106],[8.535,42.496],[8.773,42.691],[9.173,42.756],[9.251,43.017],[9.331,43.017],[9.492,43.017],[9.493,42.756],[9.574,42.756]]],[[[10.455,42.691],[10.215,42.691],[10.134,42.886],[10.214,42.886],[10.455,42.886],[10.455,42.691]]],[[[14.337,35.838],[14.34,36.031],[14.417,36.031],[14.571,35.966],[14.568,35.773],[14.337,35.838]]],[[[20.613,37.706],[20.621,37.9],[20.699,37.9],[20.934,37.9],[20.922,37.642],[20.613,37.706]]],[[[19.764,39.773],[19.921,39.773],[19.918,39.708],[19.912,39.579],[19.758,39.644],[19.764,39.773]]],[[[19.523,41.392],[19.444,41.392],[19.53,41.522],[19.456,41.652],[19.772,41.587],[19.676,41.263],[19.822,41.003],[19.575,40.809],[19.562,40.55],[19.41,40.679],[19.249,40.614],[19.255,40.744],[19.416,40.809],[19.419,40.874],[19.498,40.874],[19.438,41.263],[19.523,41.392]]],[[[14.766,42.041],[14.924,41.976],[15.165,42.041],[15.241,41.911],[16.119,41.911],[16.115,41.782],[15.874,41.717],[15.944,41.392],[17.203,41.003],[17.511,40.744],[17.981,40.614],[18.438,40.161],[18.349,39.902],[18.112,39.902],[17.813,40.355],[17.418,40.355],[17.345,40.55],[17.028,40.55],[16.868,40.485],[16.945,40.42],[16.862,40.291],[16.624,40.291],[16.702,40.226],[16.617,40.032],[16.538,40.032],[16.381,40.096],[16.297,39.902],[15.744,39.902],[15.666,39.902],[15.748,40.032],[15.432,40.032],[14.964,40.291],[14.893,40.679],[14.418,40.679],[14.422,40.874],[14.105,40.874],[13.951,41.133],[13.792,41.133],[13.715,41.263],[13,41.327],[12.131,41.911],[12.132,42.041],[11.813,42.106],[11.655,42.366],[11.495,42.301],[11.415,42.431],[11.255,42.431],[11.176,42.626],[11.016,42.626],[11.016,42.821],[10.535,43.082],[10.293,43.863],[11.826,43.863],[11.908,44.059],[12.474,44.124],[12.873,43.798],[13.036,43.863],[13.034,43.733],[13.355,43.668],[13.673,43.407],[13.747,43.082],[13.985,42.951],[13.901,42.756],[14.292,42.301],[14.372,42.301],[14.608,42.106],[14.769,42.171],[14.766,42.041]]],[[[16.796,43.017],[17.119,43.082],[17.2,43.082],[17.192,42.886],[16.791,42.886],[16.796,43.017]]]]}},{"type":"Feature","id":"cliopatria-854e5c3629d538564353907c","properties":{"NAME":"Sai","ABBREVN":null,"CONTROL":null,"SUBJECTO":"Sai","PARTOF":"(Eighteen Kingdoms)","BORDERPRECISION":1,"FromYear":-206,"ToYear":-204,"Area":16521.053029345814,"Type":"POLITY","Wikipedia":"Eighteen Kingdoms","Wikidata":"Q5349053","SeshatID":"","Components":"","MemberOf":"(Eighteen Kingdoms)","sourceFeatureId":"cliopatria-854e5c3629d538564353907c","datasetId":"cliopatria"},"geometry":{"type":"MultiPolygon","coordinates":[[[[110.811,36.997],[110.776,36.739],[110.592,36.675],[110.443,36.868],[110.154,36.739],[110.21,36.868],[110.054,36.868],[110.11,36.997],[110.011,37.126],[109.855,37.126],[109.756,37.255],[109.813,37.384],[109.665,37.577],[109.694,37.642],[110.271,38.222],[110.723,38.351],[111.001,38.61],[111.128,38.545],[111.115,38.351],[111.271,38.351],[111.367,38.222],[111.08,37.771],[111.051,37.706],[110.798,37.319],[110.876,37.319],[110.733,36.997],[110.811,36.997]]]]}},{"type":"Feature","id":"cliopatria-97a1fc7a22de4441c992e2d1","properties":{"NAME":"Seleucid Empire","ABBREVN":null,"CONTROL":null,"SUBJECTO":"Seleucid Empire","PARTOF":null,"BORDERPRECISION":1,"FromYear":-206,"ToYear":-204,"Area":2277365.27723175,"Type":"POLITY","Wikipedia":"Seleucid dynasty","Wikidata":"Q705904","SeshatID":"ir_seleucid_emp","Components":"","MemberOf":"","sourceFeatureId":"cliopatria-97a1fc7a22de4441c992e2d1","datasetId":"cliopatria"},"geometry":{"type":"MultiPolygon","coordinates":[[[[45.235,41.068],[45.473,41.068],[45.675,40.874],[45.492,40.744],[45.524,40.485],[46.493,40.161],[46.537,39.967],[46.774,39.967],[47.054,39.773],[47.381,39.838],[47.515,39.708],[48.304,39.708],[48.673,39.579],[48.806,39.45],[48.782,39.32],[48.928,39.256],[48.742,38.674],[48.821,38.674],[48.807,38.158],[48.795,38.093],[48.326,38.093],[47.252,38.674],[46.121,38.481],[45.854,38.287],[45.635,37.9],[45.224,37.771],[45.174,37.448],[45.252,37.448],[45.29,37.19],[45.446,37.19],[45.426,37.062],[45.261,36.997],[45.149,35.709],[46.031,35.387],[47.954,35.323],[49.083,35.13],[49.5,35.323],[49.608,35.516],[50.48,35.645],[50.855,36.031],[52.008,36.417],[52.108,36.546],[52.186,36.546],[53.088,36.804],[53.955,36.868],[54.033,36.868],[54.774,36.675],[55.785,36.675],[56.212,36.868],[56.834,36.868],[57.444,36.804],[57.702,36.546],[58.453,36.417],[59.074,36.417],[60.047,36.61],[61.213,36.61],[61.157,36.353],[61.235,36.353],[61.303,35.58],[61.804,35.387],[62.191,35.387],[62.623,34.872],[63.15,34.808],[63.277,34.679],[63.83,34.744],[63.957,34.615],[64.188,34.615],[64.37,34.744],[64.755,34.744],[65.415,34.937],[65.618,34.808],[66.144,34.744],[66.563,34.551],[66.535,34.422],[66.458,34.422],[66.352,34.293],[65.751,34.358],[65.387,34.1],[65.242,33.779],[65.062,33.65],[65.035,33.522],[65.112,33.522],[64.982,33.264],[64.829,33.264],[64.687,32.943],[64.355,32.814],[64.406,32.686],[63.873,32.3],[63.643,32.3],[63.442,32.043],[63.301,32.107],[62.124,30.629],[61.68,30.244],[61.37,29.729],[61.027,29.472],[60.244,28.251],[59.395,27.544],[58.994,27.351],[58.978,27.222],[58.836,27.287],[58.745,27.158],[58.594,27.158],[58.428,27.029],[58.405,26.837],[58.262,26.901],[57.773,26.579],[57.483,26.001],[57.529,25.744],[57.38,25.744],[57.176,25.936],[57.052,26.837],[56.715,27.158],[56.188,27.158],[56.098,27.029],[56.324,27.029],[56.309,26.901],[56.061,26.708],[55.289,26.515],[55.31,26.708],[55.543,26.772],[55.242,26.772],[54.989,26.515],[54.681,26.451],[54.259,26.708],[53.658,26.708],[53.461,26.965],[52.737,27.222],[52.479,27.608],[52.049,27.801],[51.453,27.865],[51.066,28.444],[51.028,28.765],[50.809,28.83],[50.915,29.087],[50.62,29.151],[50.651,29.408],[50.236,29.729],[50.065,30.179],[49.586,29.987],[48.943,30.308],[48.987,30.051],[48.365,29.922],[48.404,29.601],[48.093,29.537],[47.646,29.601],[47.29,29.794],[46.979,29.729],[46.994,29.858],[46.85,29.922],[46.615,29.858],[46.591,30.308],[45.77,30.436],[44.955,31.272],[44.581,31.336],[44.459,31.593],[43.153,32.814],[42.709,32.943],[42.578,33.136],[42.065,33.329],[42.003,33.457],[41.489,33.65],[41.427,33.779],[41.273,33.779],[41.212,33.907],[40.912,33.972],[40.704,34.165],[40.311,34.1],[40.403,34.229],[40.257,34.293],[39.124,34.486],[37.99,33.972],[37.739,33.779],[37.726,33.65],[37.649,33.65],[37.599,33.907],[37.382,34.036],[37.389,34.1],[37.004,34.1],[36.87,34.293],[36.562,34.293],[36.441,34.615],[36.293,34.679],[36.313,34.872],[36.165,34.937],[36.269,35.194],[35.889,35.258],[35.896,35.323],[35.993,35.516],[35.845,35.58],[35.872,35.838],[35.99,36.224],[35.849,36.353],[36.265,36.61],[36.286,36.804],[36.145,36.933],[35.911,36.933],[35.834,36.933],[35.289,36.933],[35.035,36.739],[34.957,36.739],[34.893,36.868],[34.582,36.868],[34.413,36.739],[34.335,36.739],[34.219,37.126],[33.674,37.126],[33.609,37.255],[33.375,37.255],[32.068,36.61],[31.99,36.61],[31.392,36.868],[30.697,36.933],[30.619,36.933],[29.446,36.868],[29.369,36.868],[28.304,37.19],[28.241,37.384],[27.612,37.319],[27.534,37.319],[27.223,37.319],[27.31,37.448],[27.173,37.706],[27.251,37.706],[27.192,37.964],[27.27,37.964],[27.275,38.029],[27.51,38.029],[27.5,37.9],[27.73,37.835],[27.969,37.9],[28.141,38.093],[28.527,38.029],[28.861,38.287],[28.961,38.545],[29.208,38.674],[29.236,38.997],[29.315,38.997],[29.301,39.708],[28.84,39.838],[27.972,39.838],[27.409,39.708],[27.235,39.514],[26.841,39.514],[26.847,39.579],[26.132,39.514],[26.252,40.032],[26.257,40.096],[26.673,40.355],[26.752,40.355],[27.47,40.42],[27.617,40.291],[27.696,40.291],[28.164,40.226],[28.182,40.42],[28.261,40.42],[29.046,40.355],[28.9,40.485],[28.913,40.614],[29.401,40.744],[29.48,40.744],[29.559,40.744],[29.54,40.55],[29.936,40.55],[29.923,40.42],[30.068,40.291],[30.457,40.226],[30.602,40.096],[30.589,39.967],[31.299,39.967],[31.378,39.967],[31.233,39.32],[31.443,39.062],[31.424,38.868],[31.738,38.868],[31.803,38.739],[32.189,38.674],[33.587,38.545],[33.669,37.835],[35.671,37.577],[35.998,37.706],[36.348,38.029],[37.115,37.9],[37.318,38.287],[38.126,38.481],[38.814,38.933],[39.11,38.803],[39.25,38.674],[39.232,38.545],[39.389,38.545],[39.45,38.416],[40.52,38.222],[40.514,38.739],[40.658,39.191],[40.51,39.256],[40.478,39.579],[39.848,39.579],[39.751,39.45],[39.209,39.514],[38.954,39.385],[38.745,39.579],[38.93,39.773],[38.79,39.902],[40.398,40.096],[40.507,40.291],[40.754,40.355],[40.774,40.485],[40.567,40.679],[41.005,40.938],[40.995,40.874],[41.122,40.679],[41.36,40.679],[41.535,41.263],[42.25,41.263],[42.363,41.457],[42.295,41.522],[42.533,41.522],[42.556,41.652],[43.784,41.392],[44.034,41.457],[44.237,41.263],[45.191,41.263],[45.179,41.198],[45.259,41.198],[45.235,41.068]]],[[[26.644,38.997],[26.246,38.933],[26.094,38.997],[26.103,39.126],[25.793,39.191],[26.044,39.385],[26.123,39.385],[26.511,39.32],[26.644,38.997]]],[[[47.077,39.902],[47.156,39.902],[47.145,39.838],[47.066,39.838],[47.077,39.902]]],[[[46.931,39.967],[47.01,39.967],[46.999,39.902],[46.92,39.902],[46.931,39.967]]]]}},{"type":"Feature","id":"cliopatria-d97461a293da5c29ff3c5111","properties":{"NAME":"Wei","ABBREVN":null,"CONTROL":null,"SUBJECTO":"Wei","PARTOF":"(Eighteen Kingdoms)","BORDERPRECISION":1,"FromYear":-206,"ToYear":-204,"Area":59783.05453967112,"Type":"POLITY","Wikipedia":"Eighteen Kingdoms","Wikidata":"Q320930","SeshatID":"","Components":"","MemberOf":"(Eighteen Kingdoms)","sourceFeatureId":"cliopatria-d97461a293da5c29ff3c5111","datasetId":"cliopatria"},"geometry":{"type":"MultiPolygon","coordinates":[[[[113.602,36.095],[113.524,36.095],[112.998,35.773],[112.092,35.645],[112.037,35.516],[110.666,35.001],[110.538,35.065],[110.618,35.451],[110.541,35.451],[110.544,35.645],[111.02,36.224],[110.892,36.288],[110.925,36.546],[110.798,36.61],[110.826,36.675],[110.748,36.675],[110.776,36.739],[110.811,36.997],[110.733,36.997],[110.876,37.319],[110.798,37.319],[111.051,37.706],[111.129,37.706],[112.172,37.255],[112.925,37.706],[113.003,37.706],[113.081,37.706],[113.021,37.577],[113.177,37.577],[113.688,37.835],[113.634,37.384],[113.916,37.319],[113.994,37.319],[113.965,37.255],[113.935,37.19],[114.013,37.19],[113.925,36.997],[114.003,36.997],[113.935,36.675],[114.013,36.675],[113.736,36.224],[113.658,36.224],[113.63,36.16],[113.602,36.095]]]]}},{"type":"Feature","id":"cliopatria-d47e8f54bf024e788247d72a","properties":{"NAME":"Western Chu","ABBREVN":null,"CONTROL":null,"SUBJECTO":"Western Chu","PARTOF":"(Eighteen Kingdoms)","BORDERPRECISION":1,"FromYear":-206,"ToYear":-204,"Area":217084.078229847,"Type":"POLITY","Wikipedia":"Chu-Han Contention","Wikidata":"Q1151705","SeshatID":"","Components":"","MemberOf":"(Eighteen Kingdoms)","sourceFeatureId":"cliopatria-d47e8f54bf024e788247d72a","datasetId":"cliopatria"},"geometry":{"type":"MultiPolygon","coordinates":[[[[122.045,30.179],[122.273,30.179],[122.28,29.987],[121.977,29.987],[122.022,30.115],[122.045,30.179]]],[[[119.475,35.194],[119.228,34.808],[119.459,34.808],[119.431,34.744],[119.711,34.679],[119.732,34.551],[120.342,34.358],[120.489,34.165],[120.55,33.586],[120.926,33.2],[120.919,32.622],[121.403,32.493],[121.503,32.172],[121.961,31.979],[121.937,31.722],[121.836,31.658],[121.301,31.85],[120.894,31.786],[121.454,31.658],[121.481,31.529],[121.634,31.529],[121.584,31.4],[121.737,31.4],[121.995,31.079],[121.899,30.822],[121.519,30.822],[121.197,30.565],[121.045,30.565],[120.68,30.179],[120.809,30.115],[121.105,30.308],[121.484,30.308],[121.62,30.051],[121.977,29.987],[121.962,29.729],[121.745,29.537],[121.593,29.537],[121.571,29.472],[120.404,29.601],[120.242,29.794],[118.891,30.051],[118.784,30.179],[119.17,30.629],[119.233,31.015],[119.428,31.336],[119.324,31.465],[118.919,31.4],[119.064,31.786],[118.909,31.979],[118.577,32.107],[118.803,32.493],[116.481,32.814],[116.532,32.943],[116.429,33.072],[115.97,33.072],[115.691,32.75],[115.615,32.75],[115.538,32.75],[115.461,32.75],[115.437,32.686],[115.36,32.686],[115.284,32.686],[115.305,33.136],[115.151,33.329],[114.793,33.393],[114.691,33.522],[114.102,33.586],[114.102,33.779],[114.025,33.779],[114.102,33.972],[114.411,34.165],[114.543,34.486],[114.315,34.679],[114.422,34.937],[115.049,35.323],[115.126,35.323],[115.154,35.387],[115.231,35.387],[115.308,35.387],[115.336,35.451],[115.976,35.323],[116.197,34.937],[116.632,34.872],[116.919,35.001],[117.117,34.744],[118.12,34.744],[118.281,34.937],[118.435,34.937],[118.428,34.744],[118.583,34.744],[119.272,35.258],[119.503,35.258],[119.475,35.194]]]]}},{"type":"Feature","id":"cliopatria-68337f2be33acb714ac8213c","properties":{"NAME":"Xiongnu","ABBREVN":null,"CONTROL":null,"SUBJECTO":"Xiongnu","PARTOF":null,"BORDERPRECISION":1,"FromYear":-206,"ToYear":-204,"Area":3685537.316339762,"Type":"POLITY","Wikipedia":"Xiongnu","Wikidata":"Q188836","SeshatID":"mn_hunnu_emp","Components":"","MemberOf":"","sourceFeatureId":"cliopatria-68337f2be33acb714ac8213c","datasetId":"cliopatria"},"geometry":{"type":"MultiPolygon","coordinates":[[[[98.836,54.071],[100.48,54.071],[100.43,54.003],[101.763,53.935],[101.712,53.868],[104.34,53.462],[104.289,53.395],[104.962,53.26],[104.911,53.192],[105.083,53.192],[105.032,53.125],[106.408,52.788],[105.915,52.586],[105.265,52.049],[104.44,51.848],[103.845,51.848],[103.572,51.58],[104.118,51.513],[104.072,51.447],[104.834,51.447],[105.74,51.647],[106.006,51.781],[106.398,52.318],[106.825,52.318],[106.925,52.452],[107.096,52.452],[107.045,52.385],[107.216,52.385],[107.166,52.318],[107.627,52.25],[107.577,52.183],[107.953,52.116],[107.903,52.049],[108.073,52.049],[108.024,51.982],[109.234,51.781],[109.184,51.714],[109.404,51.781],[109.389,51.647],[109.778,51.714],[109.678,51.58],[110.018,51.58],[109.968,51.513],[110.511,51.447],[110.461,51.38],[113.916,51.246],[113.865,51.179],[115.823,50.979],[115.772,50.912],[116.11,50.912],[116.058,50.845],[116.597,50.779],[116.546,50.712],[116.799,50.712],[116.748,50.645],[118.343,50.313],[118.292,50.246],[118.544,50.246],[118.493,50.179],[118.829,50.179],[118.778,50.113],[119.147,50.046],[119.096,49.98],[119.582,49.847],[119.531,49.781],[119.699,49.781],[119.648,49.714],[119.899,49.714],[121.096,50.179],[121.044,50.113],[121.296,50.113],[121.244,50.046],[121.495,50.046],[121.444,49.98],[121.611,49.98],[121.56,49.914],[122.61,49.648],[122.558,49.582],[122.725,49.582],[122.674,49.515],[123.723,49.25],[123.672,49.184],[124.237,49.051],[124.186,48.985],[124.57,49.051],[124.52,48.985],[124.686,48.985],[124.635,48.919],[124.834,48.853],[124.784,48.787],[125.033,48.787],[124.983,48.72],[125.348,48.654],[125.298,48.588],[125.58,48.522],[125.53,48.456],[125.779,48.456],[125.729,48.39],[125.895,48.39],[125.845,48.324],[126.094,48.324],[126.044,48.258],[126.209,48.258],[126.16,48.192],[126.408,48.192],[126.358,48.126],[126.524,48.126],[126.474,48.06],[126.723,48.06],[126.673,47.994],[126.838,47.994],[126.789,47.928],[127.351,47.796],[127.302,47.73],[127.583,47.664],[127.534,47.598],[127.781,47.598],[127.732,47.532],[127.897,47.532],[127.848,47.466],[128.095,47.466],[128.046,47.401],[128.211,47.401],[128.162,47.335],[128.409,47.335],[128.36,47.269],[128.525,47.269],[128.476,47.203],[128.723,47.203],[128.674,47.137],[128.838,47.137],[128.789,47.072],[129.036,47.072],[128.987,47.006],[129.152,47.006],[129.103,46.94],[129.349,46.94],[129.301,46.874],[129.58,46.809],[129.532,46.743],[129.893,46.677],[129.782,46.415],[129.864,46.415],[129.74,46.021],[129.821,46.021],[129.631,45.759],[128.434,44.647],[128.242,44.255],[127.991,44.124],[125.676,41.717],[125.513,41.327],[124.916,41.133],[124.837,41.133],[124.439,41.263],[124.479,41.327],[124.24,41.327],[124.28,41.392],[124.002,41.457],[124.042,41.522],[123.803,41.522],[123.843,41.587],[123.564,41.652],[123.604,41.717],[123.365,41.717],[123.405,41.782],[123.127,41.847],[123.167,41.911],[122.928,41.911],[120.43,41.068],[119.523,40.874],[119.37,40.744],[116.215,39.902],[115.55,39.838],[115.283,40.226],[114.764,40.291],[114.799,40.355],[113.058,40.355],[112.979,40.355],[112.945,40.291],[112.629,40.291],[112.302,39.967],[112.145,39.967],[112.178,40.032],[112.245,40.161],[112.008,40.161],[112.041,40.226],[109.386,40.291],[105.986,39.967],[105.214,39.838],[104.698,39.579],[104.522,39.708],[104.583,39.838],[104.346,39.838],[103.703,39.644],[103.269,39.385],[102.728,39.579],[102.246,39.385],[102.275,39.45],[101.566,39.45],[101.388,39.579],[101.123,39.514],[101.102,39.644],[100.658,39.708],[100.509,39.902],[100.065,39.967],[100.094,40.032],[99.512,39.967],[99.63,40.226],[99.531,40.355],[99.591,40.485],[99.304,40.55],[99.334,40.614],[97.612,40.485],[97.641,40.55],[97.007,40.55],[96.908,40.679],[96.303,40.744],[96.332,40.809],[95.936,40.809],[95.577,41.068],[95.418,41.068],[95.447,41.133],[95.288,41.133],[95.318,41.198],[95.159,41.198],[95.088,41.392],[94.929,41.392],[94.73,41.652],[94.789,41.782],[94.561,41.976],[94.621,42.106],[94.324,42.496],[94.3,42.951],[93.907,43.472],[93.616,43.538],[93.549,43.733],[93.209,43.863],[93.191,43.994],[92.249,44.385],[92.281,44.451],[91.957,44.451],[91.858,44.581],[91.696,44.581],[91.728,44.647],[91.484,44.647],[91.516,44.712],[91.223,44.777],[91.254,44.843],[91.092,44.843],[90.974,45.104],[90.812,45.104],[90.612,45.366],[90.675,45.497],[90.544,45.562],[90.962,46.087],[90.863,46.218],[90.959,46.743],[90.222,47.73],[89.925,47.796],[89.959,47.862],[89.628,47.862],[89.53,47.994],[88.951,47.994],[88.853,48.126],[88.687,48.126],[88.671,48.258],[88.373,48.324],[88.358,48.456],[87.977,48.522],[87.946,48.787],[87.78,48.787],[87.681,48.919],[87.784,49.118],[87.118,49.118],[87.186,49.25],[86.804,49.316],[86.74,49.515],[86.524,49.582],[86.629,49.781],[86.239,49.515],[85.187,49.582],[84.876,50.113],[84.274,50.246],[83.918,50.845],[83.616,50.912],[83.736,50.979],[83.905,51.447],[84.186,51.647],[84.648,52.318],[85.309,52.721],[87.946,53.395],[88.977,53.53],[89.063,53.665],[89.451,53.597],[91.437,53.868],[93.941,53.868],[95.377,54.071],[98.75,54.071],[98.836,54.071]]],[[[109.524,51.714],[109.439,51.714],[109.489,51.781],[109.574,51.781],[109.524,51.714]]]]}},{"type":"Feature","id":"cliopatria-b35a97d7d790c26c4482655d","properties":{"NAME":"Yan","ABBREVN":null,"CONTROL":null,"SUBJECTO":"Yan","PARTOF":"(Eighteen Kingdoms)","BORDERPRECISION":1,"FromYear":-206,"ToYear":-204,"Area":41940.19565103454,"Type":"POLITY","Wikipedia":"Eighteen Kingdoms","Wikidata":"Q1472004","SeshatID":"","Components":"","MemberOf":"(Eighteen Kingdoms)","sourceFeatureId":"cliopatria-b35a97d7d790c26c4482655d","datasetId":"cliopatria"},"geometry":{"type":"MultiPolygon","coordinates":[[[[119.137,39.32],[119.102,39.256],[118.45,39.062],[118.057,39.062],[118.046,39.191],[117.888,39.191],[117.576,38.739],[117.655,38.739],[117.622,38.674],[117.073,38.674],[117.106,38.739],[116.465,38.868],[116.373,38.997],[116.216,38.997],[116.249,39.062],[116.092,39.062],[116.101,39.385],[116.022,39.385],[116.215,39.902],[119.37,40.744],[119.259,40.55],[119.803,39.967],[119.767,39.902],[119.38,39.773],[119.137,39.32]]]]}},{"type":"Feature","id":"cliopatria-0f5ff3c5c2855caad72e6dbc","properties":{"NAME":"Yin","ABBREVN":null,"CONTROL":null,"SUBJECTO":"Yin","PARTOF":"(Eighteen Kingdoms)","BORDERPRECISION":1,"FromYear":-206,"ToYear":-204,"Area":14121.280215484117,"Type":"POLITY","Wikipedia":"Eighteen Kingdoms","Wikidata":"Q5349053","SeshatID":"","Components":"","MemberOf":"(Eighteen Kingdoms)","sourceFeatureId":"cliopatria-0f5ff3c5c2855caad72e6dbc","datasetId":"cliopatria"},"geometry":{"type":"MultiPolygon","coordinates":[[[[114.724,36.353],[114.752,36.417],[114.025,36.353],[113.736,36.224],[114.013,36.675],[113.935,36.675],[114.003,36.997],[113.925,36.997],[114.013,37.19],[115.116,37.384],[115.23,37.126],[115.512,37.062],[115.519,36.739],[115.597,36.739],[115.471,36.288],[114.724,36.353]]]]}},{"type":"Feature","id":"cliopatria-61940896e4b769dec0007f00","properties":{"NAME":"Yong","ABBREVN":null,"CONTROL":null,"SUBJECTO":"Yong","PARTOF":"(Eighteen Kingdoms)","BORDERPRECISION":1,"FromYear":-206,"ToYear":-204,"Area":61875.868363506255,"Type":"POLITY","Wikipedia":"Eighteen Kingdoms","Wikidata":"Q5349053","SeshatID":"","Components":"","MemberOf":"(Eighteen Kingdoms)","sourceFeatureId":"cliopatria-61940896e4b769dec0007f00","datasetId":"cliopatria"},"geometry":{"type":"MultiPolygon","coordinates":[[[[110.538,35.065],[110.666,35.001],[110.588,34.808],[110.742,34.615],[110.538,34.293],[110.615,34.293],[110.516,33.843],[110.491,33.779],[110.414,33.779],[110.39,33.715],[110.313,33.715],[110.288,33.65],[109.108,33.779],[108.976,34.036],[108.998,34.293],[108.41,34.165],[108.158,33.907],[107.697,33.907],[107.669,34.036],[107.385,34.1],[107.434,34.229],[106.944,34.358],[106.969,34.422],[107.656,35.001],[107.68,35.258],[107.912,35.451],[108.382,36.224],[108.459,36.224],[109.337,36.095],[109.438,35.966],[109.385,35.838],[109.641,35.709],[110.544,35.645],[110.541,35.451],[110.618,35.451],[110.538,35.065]]]]}},{"type":"Feature","id":"cliopatria-c4e5e2122b83895c72beda3d","properties":{"NAME":"Zhai","ABBREVN":null,"CONTROL":null,"SUBJECTO":"Zhai","PARTOF":"(Eighteen Kingdoms)","BORDERPRECISION":1,"FromYear":-206,"ToYear":-204,"Area":25976.53123990116,"Type":"POLITY","Wikipedia":"Qin dynasty","Wikidata":"Q7183","SeshatID":"","Components":"","MemberOf":"(Eighteen Kingdoms)","sourceFeatureId":"cliopatria-c4e5e2122b83895c72beda3d","datasetId":"cliopatria"},"geometry":{"type":"MultiPolygon","coordinates":[[[[110.826,36.675],[110.798,36.61],[110.925,36.546],[110.892,36.288],[111.02,36.224],[110.544,35.645],[109.641,35.709],[109.385,35.838],[109.438,35.966],[109.337,36.095],[108.459,36.224],[108.486,36.288],[108.754,36.739],[108.965,36.868],[108.942,36.997],[109.126,37.062],[109.587,37.577],[109.665,37.577],[109.813,37.384],[109.756,37.255],[109.855,37.126],[110.011,37.126],[110.11,36.997],[110.054,36.868],[110.21,36.868],[110.154,36.739],[110.443,36.868],[110.592,36.675],[110.776,36.739],[110.748,36.675],[110.826,36.675]]]]}},{"type":"Feature","id":"cliopatria-acbfc340109d48d5ec44cf60","properties":{"NAME":"Aetolian League","ABBREVN":null,"CONTROL":null,"SUBJECTO":"Aetolian League","PARTOF":null,"BORDERPRECISION":1,"FromYear":-206,"ToYear":-203,"Area":11391.089733820096,"Type":"POLITY","Wikipedia":"Aetolian League","Wikidata":"Q245273","SeshatID":"","Components":"","MemberOf":"","sourceFeatureId":"cliopatria-acbfc340109d48d5ec44cf60","datasetId":"cliopatria"},"geometry":{"type":"MultiPolygon","coordinates":[[[[22.6,38.351],[21.428,38.416],[21.35,38.416],[21.291,38.803],[21.14,38.933],[21.144,38.997],[20.678,39.126],[20.53,39.32],[20.845,39.32],[21.075,39.191],[21.314,39.256],[21.317,39.32],[21.471,39.256],[21.536,38.997],[21.7,39.126],[22.254,39.191],[22.49,39.191],[22.561,39.062],[22.39,38.803],[22.625,38.803],[22.618,38.674],[22.775,38.674],[22.678,38.351],[22.6,38.351]]]]}},{"type":"Feature","id":"cliopatria-0eb475d32833c4f845cba2a7","properties":{"NAME":"Greek City-States","ABBREVN":null,"CONTROL":null,"SUBJECTO":"Greek City-States","PARTOF":null,"BORDERPRECISION":1,"FromYear":-206,"ToYear":-203,"Area":80819.51110733306,"Type":"POLITY","Wikipedia":"Polis","Wikidata":"Q148837","SeshatID":"","Components":"","MemberOf":"","sourceFeatureId":"cliopatria-0eb475d32833c4f845cba2a7","datasetId":"cliopatria"},"geometry":{"type":"MultiPolygon","coordinates":[[[[24.157,35.516],[24.15,35.387],[24.301,35.323],[25.692,35.323],[25.681,35.13],[26.225,35.194],[26.14,35.065],[24.824,35.001],[24.757,35.194],[24.526,35.194],[24.448,35.194],[23.679,35.258],[23.615,35.516],[24.157,35.516]]],[[[22.887,36.417],[22.965,36.417],[23.117,36.353],[23.107,36.16],[22.874,36.16],[22.887,36.417]]],[[[22.599,36.868],[22.512,36.675],[22.356,36.675],[22.22,37.062],[21.909,37.062],[21.899,36.868],[21.744,36.868],[21.681,37.19],[21.603,37.19],[21.693,37.448],[21.697,37.513],[22.087,37.513],[22.236,37.384],[22.321,37.513],[22.399,37.513],[22.853,37.255],[23.056,36.675],[22.833,36.868],[22.599,36.868]]],[[[21.637,37.9],[21.631,37.771],[21.397,37.771],[21.319,37.771],[21.322,37.835],[21.244,37.835],[21.247,37.9],[21.25,37.964],[21.328,37.964],[21.331,38.029],[21.334,38.093],[21.412,38.093],[21.637,37.9]]],[[[20.328,38.351],[20.488,38.416],[20.566,38.416],[20.795,38.287],[20.786,38.093],[20.32,38.158],[20.328,38.351]]],[[[25.899,38.481],[25.821,38.481],[25.913,38.674],[25.991,38.674],[26.217,38.545],[26.111,38.158],[25.876,38.158],[25.899,38.481]]],[[[22.775,38.674],[22.618,38.674],[22.625,38.803],[22.39,38.803],[22.561,39.062],[22.794,38.997],[22.786,38.868],[22.943,38.868],[22.939,38.803],[23.313,38.481],[23.705,38.481],[24.084,38.287],[23.979,37.835],[23.443,38.029],[23.365,38.029],[22.757,38.351],[22.678,38.351],[22.775,38.674]]],[[[21.062,38.933],[21.14,38.933],[21.291,38.803],[21.35,38.416],[21.272,38.416],[21.193,38.416],[21.196,38.481],[20.898,38.803],[20.741,38.803],[20.829,38.997],[21.062,38.933]]],[[[24.491,40.809],[24.57,40.809],[24.808,40.809],[24.794,40.614],[24.551,40.55],[24.491,40.809]]],[[[27.378,42.041],[27.384,42.106],[27.464,42.106],[27.317,42.236],[27.329,42.366],[27.175,42.431],[27.193,42.626],[27.657,43.277],[27.998,43.472],[28.119,43.863],[28.3,44.059],[28.341,44.451],[28.422,44.451],[28.368,44.712],[28.64,44.973],[28.802,44.973],[28.841,44.581],[28.577,44.385],[28.536,43.994],[28.616,43.994],[28.481,43.472],[28.159,43.472],[28.226,43.342],[27.898,43.277],[27.805,43.147],[27.853,42.821],[27.847,42.756],[27.514,42.626],[27.495,42.431],[27.796,42.236],[27.924,41.911],[27.612,41.976],[27.538,42.041],[27.532,41.976],[27.452,41.976],[27.458,42.041],[27.378,42.041]],[[27.538,42.041],[27.464,42.106],[27.458,42.041],[27.538,42.041]]],[[[5.387,43.407],[5.063,43.472],[4.178,43.472],[4.173,43.603],[3.851,43.603],[2.985,43.147],[3.01,42.561],[3.178,42.366],[3.04,41.847],[2.698,42.366],[2.775,42.431],[2.669,43.017],[2.75,43.017],[2.741,43.212],[3.446,43.668],[4.728,43.863],[5.87,43.407],[6.594,43.407],[6.597,43.277],[6.278,43.147],[6.198,43.147],[5.796,43.147],[5.632,43.277],[5.391,43.277],[5.387,43.407]]],[[[27.743,35.902],[27.693,36.288],[28.017,36.482],[28.095,36.482],[28.25,36.482],[28.139,36.031],[27.743,35.902]]],[[[28.241,37.384],[28.304,37.19],[28.226,37.19],[28.221,37.126],[27.598,37.126],[27.608,37.255],[27.612,37.319],[28.241,37.384]]],[[[28.182,40.42],[28.164,40.226],[27.696,40.291],[27.701,40.355],[27.781,40.355],[27.786,40.42],[27.792,40.485],[27.95,40.485],[27.939,40.355],[28.103,40.42],[28.182,40.42]]],[[[40.381,41.003],[40.46,41.003],[40.598,40.874],[40.578,40.744],[40.409,40.679],[39.616,40.679],[39.398,40.809],[39.002,40.809],[38.824,40.679],[37.873,40.679],[37.355,40.938],[36.509,41.133],[36.527,41.263],[36.607,41.263],[36.775,41.327],[37.065,41.133],[37.233,41.198],[37.215,41.068],[37.771,41.068],[37.831,40.938],[38.158,41.003],[38.298,40.874],[38.952,41.003],[38.962,41.068],[39.21,41.133],[39.736,40.938],[40.381,41.003]]],[[[28.285,41.522],[28.279,41.457],[28.976,41.263],[28.963,41.133],[29.367,41.198],[29.255,40.874],[29.103,40.938],[29.116,41.068],[28.639,41.068],[28.56,41.068],[28.163,41.068],[28.083,41.068],[28.206,41.522],[28.285,41.522]]],[[[31.512,41.198],[31.361,41.263],[31.693,41.392],[31.592,41.198],[31.512,41.198]]],[[[35.086,41.782],[35.006,41.782],[35.015,41.847],[34.793,41.976],[35.121,42.041],[35.086,41.782]]],[[[40.416,43.147],[40.219,43.407],[39.978,43.407],[39.63,43.733],[40.414,43.603],[40.322,43.538],[40.38,43.407],[41.15,43.212],[41.208,43.082],[41.437,43.017],[41.414,42.886],[41.334,42.886],[41.173,42.886],[41.116,43.017],[40.817,43.147],[40.416,43.147]]],[[[40.045,43.798],[40.033,43.733],[39.953,43.733],[39.964,43.798],[40.045,43.798]]],[[[33.467,44.647],[33.548,44.647],[33.61,45.104],[33.23,45.3],[33.637,45.3],[33.917,44.973],[34.604,45.235],[35.183,45.3],[35.154,45.104],[35.235,45.104],[35.135,44.973],[35.125,44.908],[34.376,44.777],[33.926,44.451],[33.521,44.451],[33.467,44.647]]],[[[31.567,46.94],[31.533,46.677],[30.877,46.677],[30.298,45.955],[30.045,45.89],[29.859,45.693],[29.614,45.693],[29.644,45.955],[30.189,46.415],[30.271,46.415],[30.458,46.612],[31.065,46.874],[31.082,47.006],[31.567,46.94]]]]}},{"type":"Feature","id":"cliopatria-3debb5e8c198c8ed8f46f4dc","properties":{"NAME":"Nanyue","ABBREVN":null,"CONTROL":null,"SUBJECTO":"Nanyue","PARTOF":null,"BORDERPRECISION":1,"FromYear":-206,"ToYear":-203,"Area":351992.80051888525,"Type":"POLITY","Wikipedia":"Nanyue","Wikidata":"Q827040","SeshatID":"","Components":"","MemberOf":"","sourceFeatureId":"cliopatria-3debb5e8c198c8ed8f46f4dc","datasetId":"cliopatria"},"geometry":{"type":"MultiPolygon","coordinates":[[[[114.531,22.143],[114.37,22.079],[113.999,22.079],[113.996,22.465],[113.785,22.529],[113.747,22.722],[113.599,22.722],[113.699,22.465],[113.639,22.143],[113.416,22.143],[113.318,22.015],[113.106,22.079],[113.071,21.886],[112.774,21.886],[112.441,21.693],[111.859,21.758],[111.664,21.501],[110.984,21.436],[110.739,21.308],[110.716,21.179],[110.419,21.179],[110.483,21.115],[110.364,20.858],[110.616,20.601],[110.487,20.279],[109.883,20.215],[109.927,20.472],[109.789,20.536],[109.77,20.858],[109.696,20.858],[109.87,21.436],[109.807,21.501],[109.116,21.372],[109.086,21.629],[108.652,21.693],[108.555,21.565],[107.79,21.436],[107.417,20.986],[106.961,20.922],[106.834,20.601],[106.685,20.601],[106.537,20.151],[105.965,19.829],[105.734,18.865],[106.051,18.543],[106.031,18.415],[106.178,18.415],[106.295,18.222],[106.57,18.093],[106.571,17.643],[106.772,17.515],[106.752,17.386],[107.026,17.258],[106.607,16.936],[106.396,17],[106.416,17.129],[105.144,18.415],[105.185,18.672],[105.037,18.672],[105.142,18.865],[105.015,18.993],[105.014,19.443],[104.94,19.443],[104.992,19.765],[104.865,19.893],[104.981,20.151],[104.44,20.472],[104.619,20.665],[104.905,20.601],[104.873,20.858],[105.096,20.858],[104.851,21.179],[104.979,21.501],[104.926,21.629],[105.096,21.758],[105.128,21.951],[104.863,22.143],[104.981,22.401],[105.238,22.593],[105.272,22.786],[105.764,23.043],[106.156,23.558],[106.466,23.622],[107.149,24.072],[109.379,24.393],[111.457,24.329],[112.272,24.651],[113.828,24.586],[114.458,24.393],[114.533,24.393],[114.446,23.622],[114.902,22.915],[114.715,22.722],[114.641,22.722],[114.531,22.143]]],[[[106.082,23.558],[106.094,23.622],[106.168,23.622],[106.156,23.558],[106.082,23.558]]],[[[111.797,24.522],[111.81,24.586],[111.885,24.586],[111.871,24.522],[111.797,24.522]]]]}},{"type":"Feature","id":"cliopatria-79b9de98bb082dea554499b1","properties":{"NAME":"Atropatene","ABBREVN":null,"CONTROL":null,"SUBJECTO":"Atropatene","PARTOF":null,"BORDERPRECISION":1,"FromYear":-206,"ToYear":-198,"Area":146792.64214983417,"Type":"POLITY","Wikipedia":"Atropatene","Wikidata":"Q260437","SeshatID":"ir_atropatene_k","Components":"","MemberOf":"","sourceFeatureId":"cliopatria-79b9de98bb082dea554499b1","datasetId":"cliopatria"},"geometry":{"type":"MultiPolygon","coordinates":[[[[49.999,37.384],[50.321,36.997],[50.566,37.062],[50.632,36.997],[50.532,36.868],[50.821,36.739],[52.03,36.546],[52.108,36.546],[52.008,36.417],[50.855,36.031],[50.48,35.645],[49.608,35.516],[49.5,35.323],[49.083,35.13],[47.954,35.323],[46.031,35.387],[45.149,35.709],[45.261,36.997],[45.426,37.062],[45.446,37.19],[45.29,37.19],[45.252,37.448],[45.174,37.448],[45.224,37.771],[45.635,37.9],[45.854,38.287],[46.121,38.481],[47.252,38.674],[48.326,38.093],[48.795,38.093],[48.874,38.093],[48.829,37.835],[49.029,37.642],[49.018,37.577],[49.999,37.384]]]]}},{"type":"Feature","id":"cliopatria-5605e4e0ac45349b8c70a594","properties":{"NAME":"Achaean League","ABBREVN":null,"CONTROL":null,"SUBJECTO":"Achaean League","PARTOF":null,"BORDERPRECISION":1,"FromYear":-206,"ToYear":-165,"Area":11769.542173731103,"Type":"POLITY","Wikipedia":"Achaean League","Wikidata":"Q244796","SeshatID":"","Components":"","MemberOf":"","sourceFeatureId":"cliopatria-5605e4e0ac45349b8c70a594","datasetId":"cliopatria"},"geometry":{"type":"MultiPolygon","coordinates":[[[[23.335,37.513],[23.413,37.513],[23.402,37.319],[23.169,37.319],[23.176,37.448],[22.949,37.577],[22.714,37.577],[22.704,37.384],[22.399,37.513],[22.321,37.513],[22.236,37.384],[22.087,37.513],[21.697,37.513],[21.619,37.513],[21.622,37.577],[21.544,37.577],[21.547,37.642],[21.469,37.642],[21.472,37.706],[21.394,37.706],[21.397,37.771],[21.631,37.771],[21.637,37.9],[21.412,38.093],[21.416,38.158],[21.729,38.158],[21.742,38.416],[22.134,38.416],[22.287,38.351],[22.28,38.222],[22.44,38.287],[22.433,38.158],[22.589,38.158],[22.657,37.964],[22.97,37.964],[22.977,38.093],[23.216,38.158],[23.286,38.029],[23.201,37.9],[23.044,37.9],[23.037,37.771],[23.108,37.642],[23.339,37.577],[23.335,37.513]]]]}},{"type":"Feature","id":"cliopatria-e7dca3febff1193793a479a4","properties":{"NAME":"Antigonid Macedonia","ABBREVN":null,"CONTROL":null,"SUBJECTO":"Antigonid Macedonia","PARTOF":null,"BORDERPRECISION":1,"FromYear":-203,"ToYear":-203,"Area":112642.38451084003,"Type":"POLITY","Wikipedia":"Antigonid dynasty","Wikidata":"Q237325","SeshatID":"gr_antigonid_emp","Components":"","MemberOf":"","sourceFeatureId":"cliopatria-e7dca3febff1193793a479a4","datasetId":"cliopatria"},"geometry":{"type":"MultiPolygon","coordinates":[[[[24.272,37.513],[24.201,37.642],[24.283,37.706],[24.361,37.706],[24.432,37.577],[24.272,37.513]]],[[[24.682,37.835],[24.694,38.029],[24.772,38.029],[25.068,37.771],[24.83,37.706],[24.682,37.835]]],[[[24.088,38.351],[23.626,38.481],[23.563,38.739],[23.72,38.739],[23.799,38.739],[24.179,38.545],[24.159,38.222],[24.088,38.351]]],[[[23.489,38.803],[23.567,38.803],[23.563,38.739],[23.485,38.739],[23.489,38.803]]],[[[24.357,38.868],[24.365,38.997],[24.444,38.997],[24.675,38.933],[24.662,38.739],[24.357,38.868]]],[[[24.763,41.263],[26.03,41.198],[26.178,41.068],[26.904,41.198],[27.091,41.522],[27.483,41.457],[27.472,41.327],[27.631,41.327],[27.728,41.522],[28.139,41.652],[28.292,41.587],[28.285,41.522],[28.206,41.522],[28.083,41.068],[28.077,41.003],[27.527,41.068],[26.842,40.485],[26.779,40.679],[26.626,40.744],[26.14,40.614],[26.082,40.874],[25.849,40.938],[24.347,41.003],[24.011,40.744],[23.698,40.809],[23.685,40.614],[23.839,40.55],[23.737,40.226],[23.267,40.291],[22.884,40.485],[22.892,40.614],[22.655,40.614],[22.56,40.355],[22.544,40.096],[22.702,40.096],[22.611,39.902],[23.135,39.45],[22.816,39.385],[22.797,39.062],[22.958,39.126],[23.108,38.997],[23.344,38.997],[23.489,38.803],[23.183,38.933],[23.022,38.868],[22.943,38.868],[22.786,38.868],[22.794,38.997],[22.561,39.062],[22.49,39.191],[22.254,39.191],[21.7,39.126],[21.536,38.997],[21.471,39.256],[21.317,39.32],[21.321,39.385],[20.943,39.708],[20.806,40.096],[20.569,40.096],[20.427,40.42],[20.19,40.42],[19.809,40.744],[19.813,40.809],[19.978,40.938],[20.077,41.327],[19.785,41.847],[19.466,41.847],[19.386,41.847],[19.322,42.171],[20.041,42.171],[20.045,42.236],[20.125,42.236],[20.121,42.171],[20.281,42.171],[20.354,42.041],[20.441,42.171],[20.916,42.106],[21.004,42.236],[21.319,42.171],[21.407,42.301],[22.455,42.431],[22.442,42.236],[22.593,42.106],[22.753,42.106],[23.054,41.847],[23.528,41.782],[23.669,41.522],[24.231,41.587],[24.236,41.652],[24.554,41.652],[24.853,41.392],[24.763,41.263]]],[[[24.551,40.55],[24.491,40.809],[24.57,40.809],[24.808,40.809],[24.794,40.614],[24.551,40.55]]],[[[25.331,36.997],[25.339,37.126],[25.417,37.126],[25.573,37.126],[25.564,36.997],[25.331,36.997]]],[[[25.052,37.513],[24.986,37.706],[25.064,37.706],[25.22,37.706],[25.286,37.513],[25.052,37.513]]],[[[24.974,39.838],[25.067,40.032],[25.146,40.032],[25.462,40.032],[25.447,39.838],[24.974,39.838]]],[[[25.704,40.096],[25.719,40.291],[25.798,40.291],[26.035,40.291],[26.025,40.161],[25.704,40.096]]],[[[26.673,40.355],[26.257,40.096],[26.262,40.161],[26.267,40.226],[26.272,40.291],[26.351,40.291],[26.357,40.355],[26.605,40.485],[26.678,40.42],[26.673,40.355]]],[[[28.103,40.42],[28.182,40.42],[28.164,40.226],[27.696,40.291],[27.701,40.355],[27.781,40.355],[27.786,40.42],[27.792,40.485],[27.95,40.485],[27.939,40.355],[28.103,40.42]]],[[[25.245,41.327],[25.24,41.263],[25.161,41.263],[25.166,41.327],[25.245,41.327]]]]}},{"type":"Feature","id":"cliopatria-19dc1eb937a54f99f9081ff2","properties":{"NAME":"Carthage","ABBREVN":null,"CONTROL":null,"SUBJECTO":"Carthage","PARTOF":null,"BORDERPRECISION":1,"FromYear":-203,"ToYear":-203,"Area":321303.5106616777,"Type":"POLITY","Wikipedia":"Ancient Carthage","Wikidata":"Q2429397","SeshatID":"tn_carthage_emp","Components":"","MemberOf":"","sourceFeatureId":"cliopatria-19dc1eb937a54f99f9081ff2","datasetId":"cliopatria"},"geometry":{"type":"MultiPolygon","coordinates":[[[[11.083,35.58],[11.083,35.387],[11.006,35.387],[11.083,35.001],[10.851,34.937],[10.851,34.808],[10.543,34.551],[10.004,34.293],[10.082,34.229],[10.006,33.907],[10.237,33.715],[10.544,33.715],[10.698,33.522],[11.082,33.586],[11.158,33.2],[11.464,33.2],[12.229,32.814],[12.612,32.879],[12.535,32.75],[12.841,32.75],[12.842,32.879],[13.302,32.943],[13.454,32.814],[13.761,32.879],[13.759,32.75],[14.065,32.75],[14.444,32.493],[14.675,32.557],[14.749,32.429],[15.055,32.429],[15.282,32.3],[15.425,31.658],[15.576,31.593],[15.649,31.4],[16.179,31.208],[16.864,31.208],[17.847,30.951],[18.222,30.758],[18.592,30.372],[18.896,30.372],[18.814,30.115],[18.586,30.115],[18.216,30.501],[17.161,30.886],[15.569,31.143],[15.193,31.465],[15.05,32.107],[14.899,32.236],[14.517,32.172],[14.443,32.365],[13.758,32.622],[11.998,32.622],[12.076,32.75],[11.617,32.943],[11.081,32.879],[10.698,33.136],[10.468,33.136],[10.468,33.264],[9.854,33.393],[9.624,33.329],[9.624,33.457],[9.316,33.586],[9.238,33.843],[8.928,34.1],[8.928,34.165],[8.924,34.679],[8.769,34.808],[8.228,34.872],[8.151,34.872],[7.994,35.065],[7.822,36.417],[7.273,36.804],[7.119,36.675],[7.204,36.224],[6.743,35.966],[6.364,35.516],[6.304,34.615],[6.227,34.615],[4.454,34.615],[3.843,34.422],[3.456,34.486],[2.921,34.358],[2.45,34.615],[1.294,34.615],[0.685,34.422],[0.451,34.486],[0.303,34.358],[-1.237,34.358],[-1.305,34.165],[-1.539,34.229],[-1.61,34.1],[-1.693,34.229],[-2.382,34.165],[-2.459,34.165],[-2.854,34.358],[-2.788,34.551],[-2.945,34.615],[-2.886,34.937],[-4.738,34.937],[-5.214,35.13],[-5.39,35.451],[-5.627,35.516],[-6.234,34.229],[-6.601,33.972],[-6.592,33.843],[-6.882,33.586],[-7.555,33.329],[-7.64,33.457],[-7.794,33.457],[-7.803,33.586],[-7.726,33.586],[-7.13,33.843],[-7.062,33.972],[-6.904,33.907],[-6.614,34.165],[-6.7,34.293],[-6.473,34.358],[-6.482,34.486],[-6.332,34.551],[-6.277,34.872],[-6.2,34.872],[-6.291,35.065],[-6.132,35.001],[-6.145,35.194],[-6,35.323],[-5.877,35.773],[-5.339,35.838],[-5.24,35.516],[-4.755,35.194],[-3.132,35.194],[-2.982,35.258],[-2.993,35.451],[-2.838,35.451],[-2.82,35.13],[-2.662,35.065],[-1.89,35.065],[-1.591,35.258],[-1.359,35.258],[-1.136,35.451],[-1.224,35.645],[-1.066,35.58],[-0.917,35.709],[-0.53,35.709],[-0.459,35.838],[0.084,35.838],[0.376,36.224],[0.684,36.288],[0.678,36.417],[0.914,36.353],[1.216,36.546],[1.53,36.482],[2.377,36.675],[2.69,36.61],[2.841,36.739],[3.23,36.739],[3.459,36.868],[3.85,36.804],[4.469,36.933],[4.859,36.868],[5.098,36.675],[5.564,36.675],[5.639,36.804],[6.106,36.804],[6.103,36.933],[6.334,37.062],[6.805,36.868],[7.194,36.868],[7.346,37.062],[7.502,37.062],[7.738,36.868],[8.516,36.868],[8.903,37.126],[9.059,37.062],[9.603,37.319],[9.993,37.19],[10.227,37.255],[10.228,37.062],[10.305,37.062],[10.228,36.804],[10.54,36.739],[10.851,36.997],[11.006,36.997],[11.006,36.804],[10.462,36.417],[10.54,36.353],[10.464,35.902],[10.696,35.709],[10.851,35.773],[10.851,35.645],[10.928,35.645],[11.083,35.58]]],[[[2.531,34.486],[2.608,34.486],[2.61,34.422],[2.533,34.422],[2.531,34.486]]],[[[1.658,38.997],[1.431,38.803],[1.274,38.803],[1.183,39.062],[1.259,39.126],[1.337,39.126],[1.652,39.126],[1.658,38.997]]],[[[16.048,39.45],[15.894,39.579],[15.899,39.773],[15.743,39.838],[15.744,39.902],[16.297,39.902],[16.381,40.096],[16.538,40.032],[16.536,39.967],[16.457,39.967],[16.447,39.644],[16.916,39.514],[17.07,39.385],[17.138,39.062],[16.502,38.803],[16.492,38.416],[15.855,37.964],[15.95,38.674],[16.267,38.803],[16.269,38.868],[16.043,39.256],[16.048,39.45]]],[[[3.198,39.838],[3.516,39.773],[3.296,39.32],[2.824,39.32],[2.659,39.514],[2.346,39.45],[2.338,39.644],[2.877,39.967],[2.956,39.967],[3.193,39.967],[3.198,39.838]]],[[[4.302,39.838],[3.827,39.902],[3.741,40.096],[3.82,40.096],[4.215,40.096],[4.302,39.838]]]]}},{"type":"Feature","id":"cliopatria-95a021ea69fdfd67631d7d03","properties":{"NAME":"Han","ABBREVN":null,"CONTROL":null,"SUBJECTO":"Han","PARTOF":null,"BORDERPRECISION":1,"FromYear":-203,"ToYear":-203,"Area":1310598.0010179528,"Type":"POLITY","Wikipedia":"Han (state)","Wikidata":"Q1968654","SeshatID":"","Components":"","MemberOf":"","sourceFeatureId":"cliopatria-95a021ea69fdfd67631d7d03","datasetId":"cliopatria"},"geometry":{"type":"MultiPolygon","coordinates":[[[[124.797,41.068],[124.412,40.291],[123.871,39.902],[123.876,39.773],[123.597,39.838],[122.936,39.644],[122.17,39.256],[121.952,38.997],[121.716,38.997],[121.422,38.739],[121.029,38.739],[121.201,39.062],[121.515,39.062],[121.69,39.385],[121.297,39.385],[121.21,39.514],[121.281,39.644],[121.438,39.644],[121.503,39.902],[121.776,39.967],[122.231,40.485],[122.106,40.679],[121.827,40.744],[121.824,40.874],[121.11,40.874],[120.997,40.679],[120.647,40.485],[120.5,40.226],[119.38,39.773],[119.215,39.32],[118.989,39.191],[118.45,39.062],[118.057,39.062],[118.046,39.191],[117.776,39.126],[117.576,38.739],[117.655,38.739],[117.602,38.481],[117.759,38.481],[117.773,38.351],[118.054,38.287],[118.067,38.158],[118.583,38.093],[118.648,38.222],[118.804,38.222],[118.772,38.158],[119.457,37.964],[119.393,37.835],[119.237,37.835],[118.984,37.319],[119.14,37.319],[119.156,37.19],[119.701,37.19],[119.827,37.448],[120.202,37.577],[120.188,37.706],[120.754,37.9],[121.112,37.835],[121.171,37.642],[121.483,37.642],[121.497,37.513],[122.154,37.577],[122.121,37.513],[122.713,37.448],[122.474,37.126],[122.566,36.997],[122.394,36.804],[121.912,36.933],[121.212,36.61],[120.979,36.61],[120.965,36.417],[120.732,36.417],[120.659,36.095],[120.318,36.031],[119.986,35.645],[119.619,35.516],[119.369,35.13],[119.277,34.744],[118.94,34.679],[118.863,34.679],[118.428,34.744],[118.484,34.872],[118.309,35.001],[117.531,34.808],[117.438,35.13],[117.003,35.194],[116.814,34.937],[116.034,34.551],[115.953,34.358],[115.515,34.229],[115.049,33.65],[114.871,33.2],[114.541,32.943],[114.057,32.879],[114.029,33.007],[113.11,33.007],[112.654,32.814],[112.606,32.686],[111.606,32.043],[111.195,31.529],[111.237,31.208],[111.845,30.758],[111.78,30.565],[111.759,30.501],[110.559,29.344],[109.782,29.022],[107.647,28.958],[106.726,28.637],[106.028,28.572],[106.069,28.444],[105.616,28.444],[105.43,28.315],[104.618,28.38],[104.066,28.572],[103.898,28.508],[103.857,28.637],[102.718,28.894],[102.602,29.022],[101.957,29.151],[101.156,29.537],[100.598,30.501],[100.982,31.272],[101.836,32.043],[102.158,32.557],[102.312,33.457],[102.235,33.457],[102.325,33.715],[102.248,33.715],[102.409,34.165],[103.094,34.358],[103.379,34.293],[103.598,34.679],[105.235,35.13],[105.259,35.194],[106.185,35.387],[106.493,35.58],[106.7,35.516],[107.267,35.773],[108.302,36.031],[108.754,36.739],[110.133,38.093],[111.486,38.803],[112.078,39.838],[112.629,40.291],[113.488,40.42],[114.042,40.42],[114.008,40.355],[114.482,40.355],[114.448,40.291],[114.799,40.355],[114.764,40.291],[115.283,40.226],[115.55,39.838],[116.102,39.838],[117.109,40.096],[117.453,40.291],[118.979,40.614],[122.928,41.911],[123.167,41.911],[123.127,41.847],[123.405,41.782],[123.365,41.717],[123.604,41.717],[123.564,41.652],[123.843,41.587],[123.803,41.522],[124.042,41.522],[124.002,41.457],[124.28,41.392],[124.24,41.327],[124.479,41.327],[124.439,41.263],[124.837,41.133],[124.797,41.068]]]]}},{"type":"Feature","id":"cliopatria-b7b986438e9f78f2e7623144","properties":{"NAME":"Minyue","ABBREVN":null,"CONTROL":null,"SUBJECTO":"Minyue","PARTOF":null,"BORDERPRECISION":1,"FromYear":-203,"ToYear":-203,"Area":468197.20413312316,"Type":"POLITY","Wikipedia":"Minyue","Wikidata":"Q1936158","SeshatID":"","Components":"","MemberOf":"","sourceFeatureId":"cliopatria-b7b986438e9f78f2e7623144","datasetId":"cliopatria"},"geometry":{"type":"MultiPolygon","coordinates":[[[[121.297,30.629],[121.045,30.565],[120.68,30.179],[120.809,30.115],[121.105,30.308],[121.484,30.308],[121.62,30.051],[122.03,29.922],[121.865,29.665],[122.016,29.665],[121.928,29.408],[122.004,29.408],[121.938,29.215],[121.712,29.215],[121.798,29.472],[121.593,29.537],[121.539,29.151],[121.744,29.087],[121.714,28.765],[121.522,28.637],[121.652,28.572],[121.646,28.315],[121.153,28.187],[121.193,28.315],[121.118,28.315],[121.038,28.058],[120.868,27.994],[120.715,27.737],[120.657,27.544],[120.733,27.544],[120.545,27.158],[120.395,27.158],[120.247,26.901],[120.096,26.901],[120.061,26.772],[120.211,26.772],[120.158,26.579],[119.84,26.515],[119.938,26.322],[119.587,26.129],[119.778,26.001],[119.53,25.615],[119.904,25.615],[119.872,25.486],[119.466,25.358],[119.423,25.486],[119.273,25.486],[119.391,25.358],[119.344,25.165],[119.029,25.101],[119.074,24.972],[118.819,24.844],[118.76,24.586],[118.147,24.522],[118.076,24.201],[117.721,23.943],[117.694,23.815],[117.47,23.815],[117.179,23.493],[116.894,23.558],[116.78,23.365],[116.815,23.172],[116.591,23.172],[116.54,22.915],[115.696,22.786],[115.671,22.658],[115.373,22.658],[115.174,22.786],[114.902,22.529],[114.753,22.529],[114.703,22.658],[114.715,22.722],[114.902,22.915],[114.446,23.622],[114.533,24.393],[114.547,24.458],[114.472,24.458],[114.72,25.229],[114.286,25.294],[114.318,25.744],[114.243,25.744],[114.413,26.129],[114.172,26.065],[114.286,26.515],[114.002,26.579],[113.902,26.772],[114.172,27.222],[113.924,27.415],[114.2,27.865],[114.125,27.865],[114.161,27.994],[113.897,28.122],[114.124,28.637],[114.81,29.151],[114.871,29.344],[114.74,29.408],[114.767,29.729],[114.691,29.729],[114.616,29.729],[114.645,30.051],[115.132,30.372],[116.043,30.372],[116.761,30.694],[117.043,30.629],[117.074,30.501],[117.302,30.501],[117.32,30.115],[117.937,29.922],[118.404,30.179],[118.76,30.758],[119.14,30.758],[119.528,31.4],[119.833,31.4],[119.941,31.079],[120.35,30.951],[120.778,31.079],[121.32,30.694],[121.297,30.629]]],[[[122.273,30.179],[122.28,29.987],[121.977,29.987],[122.022,30.115],[122.045,30.179],[122.273,30.179]]]]}},{"type":"Feature","id":"cliopatria-0c440030db9f7290b6e2a08d","properties":{"NAME":"Roman Republic","ABBREVN":null,"CONTROL":null,"SUBJECTO":"Roman Republic","PARTOF":null,"BORDERPRECISION":1,"FromYear":-203,"ToYear":-203,"Area":414118.26248966303,"Type":"POLITY","Wikipedia":"Roman Republic","Wikidata":"Q175881","SeshatID":"it_roman_rep_2","Components":"","MemberOf":"","sourceFeatureId":"cliopatria-0c440030db9f7290b6e2a08d","datasetId":"cliopatria"},"geometry":{"type":"MultiPolygon","coordinates":[[[[8.924,34.679],[8.928,34.165],[8.851,34.165],[8.311,34.293],[8.081,34.229],[8.002,34.422],[7.615,34.551],[7.153,34.486],[6.92,34.615],[6.381,34.615],[6.304,34.615],[6.364,35.516],[6.743,35.966],[7.204,36.224],[7.119,36.675],[7.273,36.804],[7.822,36.417],[7.994,35.065],[8.151,34.872],[8.228,34.872],[8.769,34.808],[8.924,34.679]]],[[[2.107,41.327],[1.238,41.198],[0.696,40.938],[0.709,40.679],[0.248,40.42],[0.183,40.161],[-0.126,40.032],[-0.345,39.708],[-0.314,39.126],[0.099,38.739],[-0.661,38.287],[-0.803,38.029],[-0.705,37.642],[-1.709,37.448],[-1.623,37.319],[-1.857,37.319],[-2.062,36.804],[-2.532,36.868],[-2.68,36.739],[-4.469,36.739],[-4.689,36.546],[-5.228,36.482],[-5.288,36.224],[-5.662,36.031],[-5.831,36.224],[-6.064,36.224],[-6.432,36.997],[-6.588,36.997],[-6.842,37.255],[-7.465,37.255],[-7.554,37.384],[-7.575,37.642],[-7.284,37.9],[-7.222,38.093],[-6.011,38.61],[-5.87,38.803],[-5.482,38.868],[-5.34,39.062],[-4.943,38.997],[-4.854,38.868],[-4.702,38.933],[-4.692,38.803],[-4.203,38.545],[-2.239,38.481],[-1.941,38.739],[-1.631,38.803],[-1.418,39.191],[-1.43,39.385],[-1.351,39.385],[-1.449,39.708],[-1.22,39.838],[-1.232,40.032],[-1.003,40.161],[-1.011,40.291],[-0.411,40.874],[-0.419,41.003],[-0.184,41.068],[-0.048,41.457],[0.18,41.652],[0.299,42.366],[0.772,42.496],[0.859,42.366],[1.422,42.301],[1.997,41.976],[2.718,41.911],[2.712,42.041],[2.869,42.106],[2.875,41.976],[2.955,41.976],[2.886,41.717],[2.334,41.587],[2.107,41.327]]],[[[9.823,40.355],[9.665,40.291],[9.747,39.644],[9.669,39.644],[9.593,39.126],[9.12,39.191],[8.966,38.868],[8.73,38.868],[8.336,38.997],[8.412,39.256],[8.333,39.256],[8.33,39.514],[8.409,39.514],[8.483,39.902],[8.325,39.967],[8.4,40.291],[8.321,40.291],[8.319,40.485],[8.16,40.55],[8.155,40.938],[8.552,40.874],[9.025,41.263],[9.104,41.263],[9.502,41.198],[9.822,40.744],[9.823,40.355]]],[[[9.493,42.756],[9.574,42.756],[9.578,41.976],[9.498,41.976],[9.499,41.782],[9.262,41.392],[9.104,41.327],[8.784,41.522],[8.782,41.717],[8.623,41.717],[8.7,41.911],[8.539,42.106],[8.535,42.496],[8.773,42.691],[9.173,42.756],[9.251,43.017],[9.331,43.017],[9.492,43.017],[9.493,42.756]]],[[[10.215,42.691],[10.134,42.886],[10.214,42.886],[10.455,42.886],[10.455,42.691],[10.215,42.691]]],[[[12.313,44.19],[12.873,43.798],[13.036,43.863],[13.034,43.733],[13.355,43.668],[13.673,43.407],[13.747,43.082],[13.985,42.951],[13.901,42.756],[14.056,42.496],[14.371,42.236],[14.531,42.236],[14.608,42.106],[14.769,42.171],[14.766,42.041],[14.924,41.976],[15.165,42.041],[15.241,41.911],[16.119,41.911],[16.115,41.782],[15.874,41.717],[15.944,41.392],[17.203,41.003],[17.511,40.744],[17.981,40.614],[18.438,40.161],[18.349,39.902],[18.112,39.902],[17.813,40.355],[17.418,40.355],[17.345,40.55],[17.028,40.55],[16.868,40.485],[16.945,40.42],[16.862,40.291],[16.624,40.291],[16.702,40.226],[16.617,40.032],[16.538,40.032],[16.381,40.096],[16.297,39.902],[15.744,39.902],[15.666,39.902],[15.748,40.032],[15.432,40.032],[14.964,40.291],[14.893,40.679],[14.418,40.679],[14.422,40.874],[14.105,40.874],[13.951,41.133],[13.792,41.133],[13.715,41.263],[13,41.327],[12.131,41.911],[12.132,42.041],[11.813,42.106],[11.655,42.366],[11.495,42.301],[11.415,42.431],[11.255,42.431],[11.176,42.626],[11.016,42.626],[11.016,42.821],[10.535,43.082],[10.374,43.668],[10.213,43.863],[10.212,44.059],[10.374,44.124],[10.373,44.255],[10.535,44.255],[10.535,44.385],[10.697,44.451],[10.616,44.712],[10.21,44.973],[8.909,45.104],[8.581,45.366],[8.579,45.497],[8.904,45.628],[10.534,45.628],[10.86,45.497],[11.511,45.497],[12.082,45.628],[12.741,46.152],[13.15,46.218],[13.39,45.824],[13.145,45.824],[13.06,45.628],[12.817,45.693],[12.652,45.562],[12.163,45.497],[12.16,45.17],[12.403,45.039],[12.4,44.777],[12.319,44.777],[12.238,44.777],[12.157,44.843],[12.154,44.451],[12.313,44.19]]],[[[14.568,35.773],[14.337,35.838],[14.34,36.031],[14.417,36.031],[14.571,35.966],[14.568,35.773]]],[[[15.214,37.19],[15.05,36.739],[14.661,36.739],[14.278,37.126],[13.578,37.255],[13.192,37.577],[12.49,37.706],[12.492,37.9],[12.65,38.093],[13.04,38.029],[13.12,38.158],[13.355,38.158],[13.665,37.964],[14.056,37.964],[15.862,38.287],[15.855,37.964],[15.698,37.964],[15.624,38.158],[15.389,38.158],[15.307,37.964],[15.306,37.9],[15.066,37.642],[15.059,37.255],[15.214,37.19]]],[[[20.613,37.706],[20.621,37.9],[20.699,37.9],[20.934,37.9],[20.922,37.642],[20.613,37.706]]],[[[19.758,39.644],[19.764,39.773],[19.921,39.773],[19.918,39.708],[19.912,39.579],[19.758,39.644]]],[[[19.438,41.263],[19.523,41.392],[19.444,41.392],[19.53,41.522],[19.45,41.522],[19.542,41.782],[19.463,41.782],[19.466,41.847],[19.785,41.847],[20.077,41.327],[19.978,40.938],[19.813,40.809],[19.733,40.809],[19.575,40.809],[19.562,40.55],[19.41,40.679],[19.328,40.614],[19.249,40.614],[19.255,40.744],[19.498,40.874],[19.438,41.263]]],[[[16.796,43.017],[17.119,43.082],[17.2,43.082],[17.192,42.886],[16.791,42.886],[16.796,43.017]]]]}},{"type":"Feature","id":"cliopatria-22570b2c043d03b9ab0e5ecc","properties":{"NAME":"Seleucid Empire","ABBREVN":null,"CONTROL":null,"SUBJECTO":"Seleucid Empire","PARTOF":null,"BORDERPRECISION":1,"FromYear":-203,"ToYear":-203,"Area":2274537.7810463975,"Type":"POLITY","Wikipedia":"Seleucid dynasty","Wikidata":"Q705904","SeshatID":"ir_seleucid_emp","Components":"","MemberOf":"","sourceFeatureId":"cliopatria-22570b2c043d03b9ab0e5ecc","datasetId":"cliopatria"},"geometry":{"type":"MultiPolygon","coordinates":[[[[45.235,41.068],[45.473,41.068],[45.675,40.874],[45.492,40.744],[45.524,40.485],[46.493,40.161],[46.537,39.967],[46.774,39.967],[47.054,39.773],[47.381,39.838],[47.515,39.708],[48.304,39.708],[48.673,39.579],[48.806,39.45],[48.782,39.32],[48.928,39.256],[48.742,38.674],[48.821,38.674],[48.807,38.158],[48.795,38.093],[48.326,38.093],[47.252,38.674],[46.121,38.481],[45.854,38.287],[45.635,37.9],[45.224,37.771],[45.174,37.448],[45.252,37.448],[45.29,37.19],[45.446,37.19],[45.426,37.062],[45.261,36.997],[45.149,35.709],[46.031,35.387],[47.954,35.323],[49.083,35.13],[49.5,35.323],[49.608,35.516],[50.48,35.645],[50.855,36.031],[52.008,36.417],[52.108,36.546],[52.186,36.546],[53.088,36.804],[53.955,36.868],[54.033,36.868],[54.774,36.675],[55.785,36.675],[56.212,36.868],[56.834,36.868],[57.444,36.804],[57.702,36.546],[58.453,36.417],[59.074,36.417],[60.047,36.61],[61.213,36.61],[61.157,36.353],[61.235,36.353],[61.303,35.58],[61.804,35.387],[62.191,35.387],[62.623,34.872],[63.15,34.808],[63.277,34.679],[63.83,34.744],[63.957,34.615],[64.188,34.615],[64.37,34.744],[64.755,34.744],[65.415,34.937],[65.618,34.808],[66.144,34.744],[66.563,34.551],[66.535,34.422],[66.458,34.422],[66.352,34.293],[65.751,34.358],[65.387,34.1],[65.242,33.779],[65.062,33.65],[65.035,33.522],[65.112,33.522],[64.982,33.264],[64.829,33.264],[64.687,32.943],[64.355,32.814],[64.406,32.686],[63.873,32.3],[63.643,32.3],[63.442,32.043],[63.301,32.107],[62.124,30.629],[61.68,30.244],[61.37,29.729],[61.027,29.472],[60.244,28.251],[59.395,27.544],[58.994,27.351],[58.978,27.222],[58.836,27.287],[58.745,27.158],[58.594,27.158],[58.428,27.029],[58.405,26.837],[58.262,26.901],[57.773,26.579],[57.483,26.001],[57.529,25.744],[57.38,25.744],[57.176,25.936],[57.052,26.837],[56.715,27.158],[56.188,27.158],[56.098,27.029],[56.324,27.029],[56.309,26.901],[56.061,26.708],[55.289,26.515],[55.31,26.708],[55.543,26.772],[55.242,26.772],[54.989,26.515],[54.681,26.451],[54.259,26.708],[53.658,26.708],[53.461,26.965],[52.737,27.222],[52.479,27.608],[52.049,27.801],[51.453,27.865],[51.066,28.444],[51.028,28.765],[50.809,28.83],[50.915,29.087],[50.62,29.151],[50.651,29.408],[50.236,29.729],[50.065,30.179],[49.586,29.987],[48.943,30.308],[48.987,30.051],[48.365,29.922],[48.404,29.601],[48.093,29.537],[47.646,29.601],[47.29,29.794],[46.979,29.729],[46.994,29.858],[46.85,29.922],[46.615,29.858],[46.591,30.308],[45.77,30.436],[44.955,31.272],[44.581,31.336],[44.459,31.593],[43.153,32.814],[42.709,32.943],[42.578,33.136],[42.065,33.329],[42.003,33.457],[41.489,33.65],[41.427,33.779],[41.273,33.779],[41.212,33.907],[40.912,33.972],[40.704,34.165],[40.311,34.1],[40.403,34.229],[40.257,34.293],[39.124,34.486],[37.99,33.972],[37.739,33.779],[37.726,33.65],[37.649,33.65],[37.599,33.907],[37.389,34.1],[37.004,34.1],[36.87,34.293],[36.562,34.293],[36.441,34.615],[36.293,34.679],[36.313,34.872],[36.165,34.937],[36.269,35.194],[35.889,35.258],[35.896,35.323],[35.993,35.516],[35.845,35.58],[35.872,35.838],[35.99,36.224],[35.849,36.353],[36.265,36.61],[36.286,36.804],[36.145,36.933],[35.911,36.933],[35.834,36.933],[35.289,36.933],[35.035,36.739],[34.957,36.739],[34.893,36.868],[34.582,36.868],[34.413,36.739],[34.335,36.739],[34.219,37.126],[33.674,37.126],[33.609,37.255],[33.375,37.255],[32.068,36.61],[31.99,36.61],[31.392,36.868],[30.697,36.933],[30.619,36.933],[29.446,36.868],[29.369,36.868],[28.304,37.19],[28.241,37.384],[27.612,37.319],[27.534,37.319],[27.223,37.319],[27.31,37.448],[27.173,37.706],[27.251,37.706],[27.192,37.964],[27.27,37.964],[27.275,38.029],[27.51,38.029],[27.5,37.9],[27.73,37.835],[27.969,37.9],[28.141,38.093],[28.527,38.029],[28.861,38.287],[28.961,38.545],[29.208,38.674],[29.236,38.997],[29.315,38.997],[29.301,39.708],[28.84,39.838],[27.972,39.838],[27.409,39.708],[27.235,39.514],[26.841,39.514],[26.847,39.579],[26.132,39.514],[26.252,40.032],[26.257,40.096],[26.673,40.355],[26.752,40.355],[27.47,40.42],[27.617,40.291],[27.696,40.291],[28.164,40.226],[28.182,40.42],[28.261,40.42],[28.34,40.42],[28.334,40.355],[28.413,40.355],[28.493,40.355],[28.572,40.355],[28.651,40.355],[28.73,40.355],[28.955,40.226],[29.35,40.226],[29.455,40.485],[29.936,40.55],[29.923,40.42],[30.068,40.291],[30.457,40.226],[30.602,40.096],[30.589,39.967],[31.299,39.967],[31.378,39.967],[31.233,39.32],[31.443,39.062],[31.424,38.868],[31.738,38.868],[31.803,38.739],[32.189,38.674],[33.587,38.545],[33.669,37.835],[35.671,37.577],[35.998,37.706],[36.348,38.029],[37.115,37.9],[37.318,38.287],[38.126,38.481],[38.814,38.933],[39.11,38.803],[39.25,38.674],[39.232,38.545],[39.389,38.545],[39.45,38.416],[40.52,38.222],[40.514,38.739],[40.658,39.191],[40.51,39.256],[40.478,39.579],[39.848,39.579],[39.751,39.45],[39.209,39.514],[38.954,39.385],[38.745,39.579],[38.93,39.773],[38.79,39.902],[40.398,40.096],[40.507,40.291],[40.754,40.355],[40.774,40.485],[40.567,40.679],[41.005,40.938],[40.995,40.874],[41.122,40.679],[41.36,40.679],[41.535,41.263],[42.25,41.263],[42.363,41.457],[42.295,41.522],[42.533,41.522],[42.556,41.652],[43.784,41.392],[44.034,41.457],[44.237,41.263],[45.191,41.263],[45.179,41.198],[45.259,41.198],[45.235,41.068]]],[[[26.644,38.997],[26.246,38.933],[26.094,38.997],[26.103,39.126],[25.793,39.191],[26.044,39.385],[26.123,39.385],[26.511,39.32],[26.644,38.997]]],[[[47.077,39.902],[47.156,39.902],[47.145,39.838],[47.066,39.838],[47.077,39.902]]],[[[46.931,39.967],[47.01,39.967],[46.999,39.902],[46.92,39.902],[46.931,39.967]]]]}},{"type":"Feature","id":"cliopatria-083864c31fbb9c6a8083adb8","properties":{"NAME":"Western Chu","ABBREVN":null,"CONTROL":null,"SUBJECTO":"Western Chu","PARTOF":null,"BORDERPRECISION":1,"FromYear":-203,"ToYear":-203,"Area":354295.6819638704,"Type":"POLITY","Wikipedia":"Chu-Han Contention","Wikidata":"Q1151705","SeshatID":"","Components":"","MemberOf":"","sourceFeatureId":"cliopatria-083864c31fbb9c6a8083adb8","datasetId":"cliopatria"},"geometry":{"type":"MultiPolygon","coordinates":[[[[118.94,34.679],[119.459,34.808],[119.431,34.744],[119.711,34.679],[119.732,34.551],[120.342,34.358],[120.489,34.165],[120.55,33.586],[120.926,33.2],[120.919,32.622],[121.403,32.493],[121.503,32.172],[121.961,31.979],[121.937,31.722],[121.836,31.658],[121.301,31.85],[120.919,31.85],[121.454,31.658],[121.481,31.529],[121.634,31.529],[121.584,31.4],[121.737,31.4],[121.995,31.079],[121.899,30.822],[121.519,30.822],[121.396,30.694],[121.32,30.694],[120.778,31.079],[120.35,30.951],[119.941,31.079],[119.833,31.4],[119.528,31.4],[119.14,30.758],[118.76,30.758],[118.404,30.179],[117.937,29.922],[117.32,30.115],[117.302,30.501],[117.074,30.501],[117.043,30.629],[116.761,30.694],[116.043,30.372],[115.132,30.372],[114.645,30.051],[114.616,29.729],[114.54,29.729],[114.085,29.729],[113.976,29.858],[113.748,29.858],[113.344,30.244],[113.095,30.179],[113.083,30.372],[111.856,30.565],[111.78,30.565],[111.845,30.758],[111.237,31.208],[111.195,31.529],[111.606,32.043],[112.606,32.686],[112.654,32.814],[113.11,33.007],[114.029,33.007],[114.057,32.879],[114.541,32.943],[114.871,33.2],[115.049,33.65],[115.515,34.229],[115.953,34.358],[116.034,34.551],[116.814,34.937],[117.003,35.194],[117.438,35.13],[117.531,34.808],[118.309,35.001],[118.484,34.872],[118.428,34.744],[118.863,34.679],[118.94,34.679]]]]}},{"type":"Feature","id":"cliopatria-734515e440291cb5f6b45b09","properties":{"NAME":"(Allegiance of Seleucid Empire to Roman Republic)","ABBREVN":null,"CONTROL":null,"SUBJECTO":"(Allegiance of Seleucid Empire to Roman Republic)","PARTOF":null,"BORDERPRECISION":1,"FromYear":-203,"ToYear":-203,"Area":2688656.043536059,"Type":"RELATION","Wikipedia":"Seleucid dynasty","Wikidata":"Q705904","SeshatID":"ir_seleucid_emp;it_roman_rep_2","Components":"Roman Republic;Seleucid Empire","MemberOf":"","sourceFeatureId":"cliopatria-734515e440291cb5f6b45b09","datasetId":"cliopatria"},"geometry":{"type":"MultiPolygon","coordinates":[[[[8.928,34.165],[8.851,34.165],[8.311,34.293],[8.081,34.229],[8.002,34.422],[7.615,34.551],[7.153,34.486],[6.92,34.615],[6.381,34.615],[6.304,34.615],[6.364,35.516],[6.743,35.966],[7.204,36.224],[7.119,36.675],[7.273,36.804],[7.822,36.417],[7.994,35.065],[8.151,34.872],[8.228,34.872],[8.769,34.808],[8.924,34.679],[8.928,34.165]]],[[[14.337,35.838],[14.34,36.031],[14.417,36.031],[14.571,35.966],[14.568,35.773],[14.337,35.838]]],[[[15.214,37.19],[15.05,36.739],[14.661,36.739],[14.278,37.126],[13.578,37.255],[13.192,37.577],[12.49,37.706],[12.492,37.9],[12.65,38.093],[13.04,38.029],[13.12,38.158],[13.355,38.158],[13.665,37.964],[14.056,37.964],[15.862,38.287],[15.855,37.964],[15.698,37.964],[15.624,38.158],[15.389,38.158],[15.307,37.964],[15.306,37.9],[15.066,37.642],[15.059,37.255],[15.214,37.19]]],[[[2.107,41.327],[1.238,41.198],[0.696,40.938],[0.709,40.679],[0.248,40.42],[0.183,40.161],[-0.126,40.032],[-0.345,39.708],[-0.314,39.126],[0.099,38.739],[-0.661,38.287],[-0.803,38.029],[-0.705,37.642],[-1.709,37.448],[-1.623,37.319],[-1.857,37.319],[-2.062,36.804],[-2.532,36.868],[-2.68,36.739],[-4.469,36.739],[-4.689,36.546],[-5.228,36.482],[-5.288,36.224],[-5.662,36.031],[-5.831,36.224],[-6.064,36.224],[-6.432,36.997],[-6.588,36.997],[-6.842,37.255],[-7.465,37.255],[-7.554,37.384],[-7.575,37.642],[-7.284,37.9],[-7.222,38.093],[-6.011,38.61],[-5.87,38.803],[-5.482,38.868],[-5.34,39.062],[-4.943,38.997],[-4.854,38.868],[-4.702,38.933],[-4.692,38.803],[-4.203,38.545],[-2.239,38.481],[-1.941,38.739],[-1.631,38.803],[-1.418,39.191],[-1.43,39.385],[-1.351,39.385],[-1.449,39.708],[-1.22,39.838],[-1.232,40.032],[-1.003,40.161],[-1.011,40.291],[-0.411,40.874],[-0.419,41.003],[-0.184,41.068],[-0.048,41.457],[0.18,41.652],[0.299,42.366],[0.772,42.496],[0.859,42.366],[1.422,42.301],[1.997,41.976],[2.718,41.911],[2.712,42.041],[2.869,42.106],[2.875,41.976],[2.955,41.976],[2.886,41.717],[2.334,41.587],[2.107,41.327]]],[[[9.823,40.355],[9.665,40.291],[9.747,39.644],[9.669,39.644],[9.593,39.126],[9.12,39.191],[8.966,38.868],[8.73,38.868],[8.336,38.997],[8.412,39.256],[8.333,39.256],[8.33,39.514],[8.409,39.514],[8.483,39.902],[8.325,39.967],[8.4,40.291],[8.321,40.291],[8.319,40.485],[8.16,40.55],[8.155,40.938],[8.552,40.874],[9.025,41.263],[9.104,41.263],[9.502,41.198],[9.822,40.744],[9.823,40.355]]],[[[19.438,41.263],[19.523,41.392],[19.444,41.392],[19.53,41.522],[19.45,41.522],[19.542,41.782],[19.463,41.782],[19.466,41.847],[19.785,41.847],[20.077,41.327],[19.978,40.938],[19.813,40.809],[19.733,40.809],[19.575,40.809],[19.562,40.55],[19.41,40.679],[19.328,40.614],[19.249,40.614],[19.255,40.744],[19.498,40.874],[19.438,41.263]]],[[[9.574,42.756],[9.578,41.976],[9.498,41.976],[9.499,41.782],[9.262,41.392],[9.104,41.327],[8.784,41.522],[8.782,41.717],[8.623,41.717],[8.7,41.911],[8.539,42.106],[8.535,42.496],[8.773,42.691],[9.173,42.756],[9.251,43.017],[9.331,43.017],[9.492,43.017],[9.493,42.756],[9.574,42.756]]],[[[10.134,42.886],[10.214,42.886],[10.455,42.886],[10.455,42.691],[10.215,42.691],[10.134,42.886]]],[[[17.119,43.082],[17.2,43.082],[17.192,42.886],[16.791,42.886],[16.796,43.017],[17.119,43.082]]],[[[12.313,44.19],[12.873,43.798],[13.036,43.863],[13.034,43.733],[13.355,43.668],[13.673,43.407],[13.747,43.082],[13.985,42.951],[13.901,42.756],[14.056,42.496],[14.371,42.236],[14.531,42.236],[14.608,42.106],[14.769,42.171],[14.766,42.041],[14.924,41.976],[15.165,42.041],[15.241,41.911],[16.119,41.911],[16.115,41.782],[15.874,41.717],[15.944,41.392],[17.203,41.003],[17.511,40.744],[17.981,40.614],[18.438,40.161],[18.349,39.902],[18.112,39.902],[17.813,40.355],[17.418,40.355],[17.345,40.55],[17.028,40.55],[16.868,40.485],[16.945,40.42],[16.862,40.291],[16.624,40.291],[16.702,40.226],[16.617,40.032],[16.538,40.032],[16.381,40.096],[16.297,39.902],[15.744,39.902],[15.666,39.902],[15.748,40.032],[15.432,40.032],[14.964,40.291],[14.893,40.679],[14.418,40.679],[14.422,40.874],[14.105,40.874],[13.951,41.133],[13.792,41.133],[13.715,41.263],[13,41.327],[12.131,41.911],[12.132,42.041],[11.813,42.106],[11.655,42.366],[11.495,42.301],[11.415,42.431],[11.255,42.431],[11.176,42.626],[11.016,42.626],[11.016,42.821],[10.535,43.082],[10.374,43.668],[10.213,43.863],[10.212,44.059],[10.374,44.124],[10.373,44.255],[10.535,44.255],[10.535,44.385],[10.697,44.451],[10.616,44.712],[10.21,44.973],[8.909,45.104],[8.581,45.366],[8.579,45.497],[8.904,45.628],[10.534,45.628],[10.86,45.497],[11.511,45.497],[12.082,45.628],[12.741,46.152],[13.15,46.218],[13.39,45.824],[13.145,45.824],[13.06,45.628],[12.817,45.693],[12.652,45.562],[12.163,45.497],[12.16,45.17],[12.403,45.039],[12.4,44.777],[12.319,44.777],[12.238,44.777],[12.157,44.843],[12.154,44.451],[12.313,44.19]]],[[[45.675,40.874],[45.492,40.744],[45.524,40.485],[46.493,40.161],[46.537,39.967],[46.774,39.967],[47.054,39.773],[47.381,39.838],[47.515,39.708],[48.304,39.708],[48.673,39.579],[48.806,39.45],[48.782,39.32],[48.928,39.256],[48.742,38.674],[48.821,38.674],[48.807,38.158],[48.795,38.093],[48.326,38.093],[47.252,38.674],[46.121,38.481],[45.854,38.287],[45.635,37.9],[45.224,37.771],[45.174,37.448],[45.252,37.448],[45.29,37.19],[45.446,37.19],[45.426,37.062],[45.261,36.997],[45.149,35.709],[46.031,35.387],[47.954,35.323],[49.083,35.13],[49.5,35.323],[49.608,35.516],[50.48,35.645],[50.855,36.031],[52.008,36.417],[52.108,36.546],[52.186,36.546],[53.088,36.804],[53.955,36.868],[54.033,36.868],[54.774,36.675],[55.785,36.675],[56.212,36.868],[56.834,36.868],[57.444,36.804],[57.702,36.546],[58.453,36.417],[59.074,36.417],[60.047,36.61],[61.213,36.61],[61.157,36.353],[61.235,36.353],[61.303,35.58],[61.804,35.387],[62.191,35.387],[62.623,34.872],[63.15,34.808],[63.277,34.679],[63.83,34.744],[63.957,34.615],[64.188,34.615],[64.37,34.744],[64.755,34.744],[65.415,34.937],[65.618,34.808],[66.144,34.744],[66.563,34.551],[66.535,34.422],[66.458,34.422],[66.352,34.293],[65.751,34.358],[65.387,34.1],[65.242,33.779],[65.062,33.65],[65.035,33.522],[65.112,33.522],[64.982,33.264],[64.829,33.264],[64.687,32.943],[64.355,32.814],[64.406,32.686],[63.873,32.3],[63.643,32.3],[63.442,32.043],[63.301,32.107],[62.124,30.629],[61.68,30.244],[61.37,29.729],[61.027,29.472],[60.244,28.251],[59.395,27.544],[58.994,27.351],[58.978,27.222],[58.836,27.287],[58.745,27.158],[58.594,27.158],[58.428,27.029],[58.405,26.837],[58.262,26.901],[57.773,26.579],[57.483,26.001],[57.529,25.744],[57.38,25.744],[57.176,25.936],[57.052,26.837],[56.715,27.158],[56.188,27.158],[56.098,27.029],[56.324,27.029],[56.309,26.901],[56.061,26.708],[55.289,26.515],[55.31,26.708],[55.543,26.772],[55.242,26.772],[54.989,26.515],[54.681,26.451],[54.259,26.708],[53.658,26.708],[53.461,26.965],[52.737,27.222],[52.479,27.608],[52.049,27.801],[51.453,27.865],[51.066,28.444],[51.028,28.765],[50.809,28.83],[50.915,29.087],[50.62,29.151],[50.651,29.408],[50.236,29.729],[50.065,30.179],[49.586,29.987],[48.943,30.308],[48.987,30.051],[48.365,29.922],[48.404,29.601],[48.093,29.537],[47.646,29.601],[47.29,29.794],[46.979,29.729],[46.994,29.858],[46.85,29.922],[46.615,29.858],[46.591,30.308],[45.77,30.436],[44.955,31.272],[44.581,31.336],[44.459,31.593],[43.153,32.814],[42.709,32.943],[42.578,33.136],[42.065,33.329],[42.003,33.457],[41.489,33.65],[41.427,33.779],[41.273,33.779],[41.212,33.907],[40.912,33.972],[40.704,34.165],[40.311,34.1],[40.403,34.229],[40.257,34.293],[39.124,34.486],[37.99,33.972],[37.739,33.779],[37.726,33.65],[37.649,33.65],[37.599,33.907],[37.389,34.1],[37.004,34.1],[36.87,34.293],[36.562,34.293],[36.441,34.615],[36.293,34.679],[36.313,34.872],[36.165,34.937],[36.269,35.194],[35.889,35.258],[35.896,35.323],[35.993,35.516],[35.845,35.58],[35.872,35.838],[35.99,36.224],[35.849,36.353],[36.265,36.61],[36.286,36.804],[36.145,36.933],[35.911,36.933],[35.834,36.933],[35.289,36.933],[35.035,36.739],[34.957,36.739],[34.893,36.868],[34.582,36.868],[34.413,36.739],[34.335,36.739],[34.219,37.126],[33.674,37.126],[33.609,37.255],[33.375,37.255],[32.068,36.61],[31.99,36.61],[31.392,36.868],[30.697,36.933],[30.619,36.933],[29.446,36.868],[29.369,36.868],[28.304,37.19],[28.241,37.384],[27.612,37.319],[27.534,37.319],[27.223,37.319],[27.31,37.448],[27.173,37.706],[27.251,37.706],[27.192,37.964],[27.27,37.964],[27.275,38.029],[27.51,38.029],[27.5,37.9],[27.73,37.835],[27.969,37.9],[28.141,38.093],[28.527,38.029],[28.861,38.287],[28.961,38.545],[29.208,38.674],[29.236,38.997],[29.315,38.997],[29.301,39.708],[28.84,39.838],[27.972,39.838],[27.409,39.708],[27.235,39.514],[26.841,39.514],[26.847,39.579],[26.132,39.514],[26.252,40.032],[26.257,40.096],[26.673,40.355],[26.752,40.355],[27.47,40.42],[27.617,40.291],[27.696,40.291],[28.164,40.226],[28.182,40.42],[28.261,40.42],[28.34,40.42],[28.334,40.355],[28.413,40.355],[28.493,40.355],[28.572,40.355],[28.651,40.355],[28.73,40.355],[28.955,40.226],[29.35,40.226],[29.455,40.485],[29.936,40.55],[29.923,40.42],[30.068,40.291],[30.457,40.226],[30.602,40.096],[30.589,39.967],[31.299,39.967],[31.378,39.967],[31.233,39.32],[31.443,39.062],[31.424,38.868],[31.738,38.868],[31.803,38.739],[32.189,38.674],[33.587,38.545],[33.669,37.835],[35.671,37.577],[35.998,37.706],[36.348,38.029],[37.115,37.9],[37.318,38.287],[38.126,38.481],[38.814,38.933],[39.11,38.803],[39.25,38.674],[39.232,38.545],[39.389,38.545],[39.45,38.416],[40.52,38.222],[40.514,38.739],[40.658,39.191],[40.51,39.256],[40.478,39.579],[39.848,39.579],[39.751,39.45],[39.209,39.514],[38.954,39.385],[38.745,39.579],[38.93,39.773],[38.79,39.902],[40.398,40.096],[40.507,40.291],[40.754,40.355],[40.774,40.485],[40.567,40.679],[41.005,40.938],[40.995,40.874],[41.122,40.679],[41.36,40.679],[41.535,41.263],[42.25,41.263],[42.363,41.457],[42.295,41.522],[42.533,41.522],[42.556,41.652],[43.784,41.392],[44.034,41.457],[44.237,41.263],[45.191,41.263],[45.179,41.198],[45.259,41.198],[45.235,41.068],[45.473,41.068],[45.675,40.874]]],[[[20.613,37.706],[20.621,37.9],[20.699,37.9],[20.934,37.9],[20.922,37.642],[20.613,37.706]]],[[[26.246,38.933],[26.094,38.997],[26.103,39.126],[25.793,39.191],[26.044,39.385],[26.123,39.385],[26.511,39.32],[26.644,38.997],[26.246,38.933]]],[[[19.764,39.773],[19.921,39.773],[19.918,39.708],[19.912,39.579],[19.758,39.644],[19.764,39.773]]],[[[47.145,39.838],[47.066,39.838],[47.077,39.902],[47.156,39.902],[47.145,39.838]]],[[[46.999,39.902],[46.92,39.902],[46.931,39.967],[47.01,39.967],[46.999,39.902]]]]}},{"type":"Feature","id":"cliopatria-530ffc85e718656dd996d177","properties":{"NAME":"Ptolemaic Kingdom","ABBREVN":null,"CONTROL":null,"SUBJECTO":"Ptolemaic Kingdom","PARTOF":null,"BORDERPRECISION":1,"FromYear":-203,"ToYear":-198,"Area":780514.3381541364,"Type":"POLITY","Wikipedia":"Ptolemaic Kingdom","Wikidata":"Q2320005","SeshatID":"eg_ptolemaic_k_1","Components":"","MemberOf":"","sourceFeatureId":"cliopatria-530ffc85e718656dd996d177","datasetId":"cliopatria"},"geometry":{"type":"MultiPolygon","coordinates":[[[[37.054,33.072],[36.901,33.072],[36.717,32.75],[36.751,32.3],[36.516,32.236],[36.656,32.107],[36.492,31.979],[36.463,31.658],[36.387,31.658],[36.423,31.208],[35.662,31.208],[35.499,31.079],[35.352,31.143],[34.621,30.565],[34.611,30.436],[34.389,30.501],[34.303,30.372],[33.838,30.244],[32.919,30.115],[32.91,29.987],[32.758,29.987],[32.673,29.858],[32.526,29.922],[32.442,29.794],[32.689,28.958],[32.836,28.894],[33.105,28.38],[33.609,27.994],[33.585,27.608],[33.799,27.415],[33.927,27.029],[34.073,26.965],[34.051,26.579],[34.197,26.515],[34.461,25.872],[34.608,25.808],[35.146,24.651],[35.86,24.008],[35.854,23.879],[35.559,23.943],[35.553,23.815],[35.108,23.879],[33.756,23.686],[33.682,23.686],[33.389,23.815],[32.041,23.686],[31.67,23.751],[30.537,23.365],[30.463,23.365],[30.395,23.558],[30.104,23.751],[30.109,23.879],[29.959,23.879],[29.673,24.201],[28.569,24.651],[28.289,25.165],[28.244,25.936],[28.345,26.579],[28.27,26.579],[28.154,27.351],[27.937,27.544],[27.711,27.544],[27.792,27.672],[27.43,27.994],[27.276,27.93],[27.285,28.122],[26.847,28.444],[25.883,28.83],[25.225,29.344],[24.922,29.344],[24.855,29.537],[24.406,29.665],[24.263,29.858],[23.667,30.115],[23.227,30.501],[22.848,30.501],[22.853,30.629],[21.951,30.886],[20.582,30.886],[19.957,30.308],[19.651,30.244],[19.572,30.115],[18.735,29.987],[18.738,30.115],[18.894,30.308],[19.272,30.244],[19.655,30.372],[19.964,30.565],[19.968,30.694],[20.202,30.886],[20.134,31.143],[20.214,31.272],[19.996,31.593],[20.089,32.107],[20.017,32.236],[20.246,32.236],[20.331,32.493],[20.482,32.429],[20.563,32.557],[20.716,32.557],[20.644,32.686],[20.871,32.622],[21.108,32.814],[21.412,32.75],[21.879,32.943],[23.089,32.622],[23.081,32.429],[23.231,32.365],[23.149,32.236],[23.299,32.172],[23.68,32.172],[24.129,31.979],[24.892,31.979],[25.112,31.786],[25.102,31.593],[25.248,31.465],[26.848,31.465],[27.297,31.336],[27.515,31.143],[28.496,31.015],[28.865,30.822],[29.397,30.822],[29.485,31.015],[29.633,30.951],[29.87,31.079],[29.802,31.208],[29.882,31.272],[30.339,31.272],[30.271,31.4],[30.352,31.465],[30.809,31.465],[30.966,31.529],[30.975,31.658],[31.203,31.658],[31.118,31.529],[31.266,31.465],[31.875,31.465],[31.781,31.208],[31.937,31.272],[32,31.079],[32.304,31.079],[32.237,31.208],[32.532,31.079],[32.765,31.143],[32.832,31.015],[33.983,31.143],[34.297,31.272],[34.308,31.4],[34.633,31.658],[34.573,31.85],[34.813,31.979],[34.77,32.365],[35.022,32.622],[35.056,33.007],[35.215,33.072],[35.398,33.393],[35.346,33.65],[35.499,33.65],[35.447,33.907],[35.684,33.972],[35.644,34.358],[35.792,34.293],[36.049,34.551],[36.068,34.744],[35.927,34.872],[35.96,35.194],[35.882,35.194],[35.889,35.258],[36.269,35.194],[36.165,34.937],[36.313,34.872],[36.293,34.679],[36.441,34.615],[36.562,34.293],[36.87,34.293],[37.004,34.1],[37.389,34.1],[37.599,33.907],[37.649,33.65],[37.573,33.65],[37.073,33.264],[37.054,33.072]]],[[[28.139,36.031],[27.743,35.902],[27.693,36.288],[28.017,36.482],[28.095,36.482],[28.25,36.482],[28.139,36.031]]],[[[26.865,36.675],[27.039,36.933],[27.117,36.933],[27.185,36.804],[26.865,36.675]]],[[[27.195,36.933],[27.209,37.126],[27.286,37.126],[27.442,37.126],[27.35,36.933],[27.195,36.933]]],[[[25.988,37.513],[26.08,37.706],[26.158,37.706],[26.314,37.706],[26.305,37.577],[25.988,37.513]]],[[[27.012,37.642],[26.622,37.642],[26.557,37.835],[26.636,37.835],[27.026,37.835],[27.012,37.642]]],[[[33.957,35.258],[34.087,35.001],[33.695,34.937],[33.523,34.744],[33.132,34.679],[33.044,34.551],[32.367,34.744],[32.229,34.937],[32.246,35.13],[32.555,35.13],[32.875,35.258],[32.887,35.387],[33.737,35.387],[34.31,35.709],[34.387,35.709],[34.542,35.709],[34.529,35.58],[33.957,35.258]]],[[[33.375,37.255],[33.609,37.255],[33.674,37.126],[34.219,37.126],[34.335,36.739],[34.328,36.675],[33.979,36.288],[33.274,36.224],[32.713,36.031],[32.558,36.031],[32.499,36.224],[32.212,36.482],[32.134,36.482],[32.14,36.546],[32.062,36.546],[32.068,36.61],[33.375,37.255]]],[[[34.95,36.675],[34.957,36.739],[35.035,36.739],[35.028,36.675],[34.95,36.675]]],[[[29.24,36.224],[29.125,36.739],[28.357,36.868],[28.187,36.675],[28.031,36.675],[28.226,37.19],[28.304,37.19],[29.369,36.868],[29.363,36.804],[29.441,36.804],[29.446,36.868],[30.619,36.933],[30.613,36.868],[30.536,36.868],[30.53,36.804],[30.492,36.353],[30.026,36.353],[29.938,36.224],[29.24,36.224]]],[[[35.289,36.933],[35.834,36.933],[35.827,36.868],[35.749,36.868],[35.488,36.61],[35.113,36.739],[35.035,36.739],[35.289,36.933]]]]}},{"type":"Feature","id":"cliopatria-0b7a69ec2d874df6f8c33c39","properties":{"NAME":"Xiongnu","ABBREVN":null,"CONTROL":null,"SUBJECTO":"Xiongnu","PARTOF":null,"BORDERPRECISION":1,"FromYear":-203,"ToYear":-198,"Area":4113974.7735860627,"Type":"POLITY","Wikipedia":"Xiongnu","Wikidata":"Q188836","SeshatID":"mn_hunnu_emp","Components":"","MemberOf":"","sourceFeatureId":"cliopatria-0b7a69ec2d874df6f8c33c39","datasetId":"cliopatria"},"geometry":{"type":"MultiPolygon","coordinates":[[[[98.836,54.071],[100.48,54.071],[100.43,54.003],[101.763,53.935],[101.712,53.868],[104.34,53.462],[104.289,53.395],[104.962,53.26],[104.911,53.192],[105.083,53.192],[105.032,53.125],[106.408,52.788],[105.915,52.586],[105.265,52.049],[104.44,51.848],[103.845,51.848],[103.572,51.58],[104.118,51.513],[104.072,51.447],[104.834,51.447],[105.74,51.647],[106.006,51.781],[106.398,52.318],[106.825,52.318],[106.925,52.452],[107.096,52.452],[107.045,52.385],[107.216,52.385],[107.166,52.318],[107.627,52.25],[107.577,52.183],[107.953,52.116],[107.903,52.049],[108.073,52.049],[108.024,51.982],[109.234,51.781],[109.184,51.714],[109.404,51.781],[109.389,51.647],[109.778,51.714],[109.678,51.58],[110.018,51.58],[109.968,51.513],[110.511,51.447],[110.461,51.38],[113.916,51.246],[113.865,51.179],[115.823,50.979],[115.772,50.912],[116.11,50.912],[116.058,50.845],[116.597,50.779],[116.546,50.712],[116.799,50.712],[116.748,50.645],[118.343,50.313],[118.292,50.246],[118.544,50.246],[118.493,50.179],[118.829,50.179],[118.778,50.113],[119.147,50.046],[119.096,49.98],[119.582,49.847],[119.531,49.781],[119.699,49.781],[119.648,49.714],[119.899,49.714],[121.096,50.179],[121.044,50.113],[121.296,50.113],[121.244,50.046],[121.495,50.046],[121.444,49.98],[121.611,49.98],[121.56,49.914],[122.61,49.648],[122.558,49.582],[122.725,49.582],[122.674,49.515],[123.723,49.25],[123.672,49.184],[124.237,49.051],[124.186,48.985],[124.57,49.051],[124.52,48.985],[124.686,48.985],[124.635,48.919],[124.834,48.853],[124.784,48.787],[125.033,48.787],[124.983,48.72],[125.348,48.654],[125.298,48.588],[125.58,48.522],[125.53,48.456],[125.779,48.456],[125.729,48.39],[125.895,48.39],[125.845,48.324],[126.094,48.324],[126.044,48.258],[126.209,48.258],[126.16,48.192],[126.408,48.192],[126.358,48.126],[126.524,48.126],[126.474,48.06],[126.723,48.06],[126.673,47.994],[126.838,47.994],[126.789,47.928],[127.351,47.796],[127.302,47.73],[127.583,47.664],[127.534,47.598],[127.781,47.598],[127.732,47.532],[127.897,47.532],[127.848,47.466],[128.095,47.466],[128.046,47.401],[128.211,47.401],[128.162,47.335],[128.409,47.335],[128.36,47.269],[128.525,47.269],[128.476,47.203],[128.723,47.203],[128.674,47.137],[128.838,47.137],[128.789,47.072],[129.036,47.072],[128.987,47.006],[129.152,47.006],[129.103,46.94],[129.349,46.94],[129.301,46.874],[129.58,46.809],[129.532,46.743],[129.893,46.677],[129.782,46.415],[129.864,46.415],[129.74,46.021],[129.821,46.021],[129.631,45.759],[128.434,44.647],[128.242,44.255],[127.991,44.124],[125.676,41.717],[125.513,41.327],[124.916,41.133],[124.837,41.133],[124.439,41.263],[124.479,41.327],[124.24,41.327],[124.28,41.392],[124.002,41.457],[124.042,41.522],[123.803,41.522],[123.843,41.587],[123.564,41.652],[123.604,41.717],[123.365,41.717],[123.405,41.782],[123.127,41.847],[123.167,41.911],[122.928,41.911],[118.979,40.614],[117.453,40.291],[117.109,40.096],[116.102,39.838],[115.55,39.838],[115.283,40.226],[114.764,40.291],[114.799,40.355],[114.448,40.291],[114.482,40.355],[114.008,40.355],[114.042,40.42],[113.488,40.42],[112.629,40.291],[112.078,39.838],[111.486,38.803],[110.133,38.093],[108.754,36.739],[108.302,36.031],[107.267,35.773],[106.7,35.516],[106.493,35.58],[106.185,35.387],[105.259,35.194],[105.284,35.258],[105.951,35.773],[105.847,35.902],[106.08,36.288],[106.029,36.353],[104.166,36.739],[102.871,37.19],[102.611,37.126],[102.586,37.255],[102.119,37.448],[102.096,37.771],[101.755,37.513],[101.601,37.706],[101.315,37.771],[101.29,37.9],[100.796,38.029],[100.799,38.222],[100.642,38.222],[100.414,38.61],[100.199,38.287],[99.862,38.416],[99.379,39.126],[99.092,39.191],[99.12,39.256],[98.958,39.062],[98.384,39.191],[98.117,38.933],[97.96,38.933],[97.857,39.062],[97.492,39.126],[97.468,39.256],[96.763,39.45],[96.681,39.256],[96.76,39.256],[96.678,39.062],[96.757,39.062],[96.677,38.868],[96.755,38.868],[96.649,38.61],[96.414,38.61],[96.31,38.739],[95.682,38.933],[95.319,39.385],[94.977,39.32],[94.506,39.514],[93.955,39.514],[93.193,39.385],[93.272,39.579],[93.193,39.579],[93.169,39.902],[93.09,39.902],[93.444,40.55],[93.523,40.55],[93.817,40.679],[94.184,41.327],[94.789,41.782],[94.392,42.301],[94.367,42.756],[94.238,42.821],[94.3,42.951],[93.907,43.472],[93.616,43.538],[93.549,43.733],[93.209,43.863],[93.191,43.994],[92.249,44.385],[92.281,44.451],[91.957,44.451],[91.858,44.581],[91.696,44.581],[91.728,44.647],[91.484,44.647],[91.516,44.712],[91.223,44.777],[91.254,44.843],[91.092,44.843],[90.974,45.104],[90.812,45.104],[90.612,45.366],[90.675,45.497],[90.544,45.562],[90.962,46.087],[90.863,46.218],[90.959,46.743],[90.222,47.73],[89.925,47.796],[89.959,47.862],[89.628,47.862],[89.53,47.994],[88.951,47.994],[88.853,48.126],[88.687,48.126],[88.671,48.258],[88.373,48.324],[88.358,48.456],[87.977,48.522],[87.946,48.787],[87.78,48.787],[87.681,48.919],[87.784,49.118],[87.118,49.118],[87.186,49.25],[86.804,49.316],[86.74,49.515],[86.524,49.582],[86.629,49.781],[86.239,49.515],[85.187,49.582],[84.876,50.113],[84.274,50.246],[83.918,50.845],[83.616,50.912],[83.736,50.979],[83.905,51.447],[84.186,51.647],[84.648,52.318],[85.309,52.721],[87.946,53.395],[88.977,53.53],[89.063,53.665],[89.451,53.597],[91.437,53.868],[93.941,53.868],[95.377,54.071],[98.75,54.071],[98.836,54.071]]],[[[109.524,51.714],[109.439,51.714],[109.489,51.781],[109.574,51.781],[109.524,51.714]]]]}},{"type":"Feature","id":"cliopatria-4ce555d61a84678f7a8709f0","properties":{"NAME":"Greco-Bactrian Kingdom","ABBREVN":null,"CONTROL":null,"SUBJECTO":"Greco-Bactrian Kingdom","PARTOF":null,"BORDERPRECISION":1,"FromYear":-203,"ToYear":-171,"Area":685135.1630846385,"Type":"POLITY","Wikipedia":"Greco-Bactrian Kingdom","Wikidata":"Q488880","SeshatID":"af_greco_bactrian_k","Components":"","MemberOf":"","sourceFeatureId":"cliopatria-4ce555d61a84678f7a8709f0","datasetId":"cliopatria"},"geometry":{"type":"MultiPolygon","coordinates":[[[[72.556,33.522],[72.571,33.586],[72.648,33.586],[72.633,33.522],[72.556,33.522]]],[[[70.218,35.645],[70.295,35.645],[70.279,35.58],[70.202,35.58],[70.218,35.645]]],[[[72.822,35.838],[72.899,35.838],[72.883,35.773],[72.805,35.773],[72.822,35.838]]],[[[29.363,36.804],[29.369,36.868],[29.446,36.868],[29.441,36.804],[29.363,36.804]]],[[[72.723,40.874],[73.019,40.809],[73.099,40.809],[73.135,40.679],[73.294,40.679],[73.331,40.55],[73.489,40.55],[73.526,40.42],[73.684,40.42],[73.858,40.226],[73.816,40.096],[73.953,40.032],[73.85,39.708],[73.929,39.708],[73.769,39.45],[73.69,39.45],[73.63,39.256],[73.748,39.126],[73.494,38.545],[72.663,37.835],[72.398,37.448],[71.825,37.062],[71.216,36.224],[70.514,35.902],[70.14,35.645],[70.093,35.451],[69.876,35.516],[69.598,35.323],[69.366,35.323],[69.335,35.194],[69.026,35.194],[68.517,35.001],[68.395,34.808],[68.101,34.872],[67.825,34.679],[67.609,34.744],[67.088,34.486],[66.612,34.422],[66.535,34.422],[66.563,34.551],[66.144,34.744],[65.618,34.808],[65.415,34.937],[64.755,34.744],[64.37,34.744],[64.188,34.615],[63.957,34.615],[63.83,34.744],[63.277,34.679],[63.15,34.808],[62.623,34.872],[62.191,35.387],[61.804,35.387],[61.303,35.58],[61.235,36.353],[61.157,36.353],[61.213,36.61],[61.474,36.739],[61.029,37.19],[60.873,37.19],[60.98,37.319],[60.663,37.642],[60.736,37.964],[60.531,38.093],[60.561,38.222],[60.371,38.416],[60.431,38.674],[60.32,38.868],[60.414,39.256],[60.713,39.514],[60.792,39.514],[62.502,40.032],[62.879,39.967],[64.02,40.096],[64.389,40.291],[65.235,40.485],[65.272,40.614],[65.351,40.614],[65.37,40.679],[65.449,40.679],[65.43,40.614],[65.589,40.614],[65.804,40.809],[66.614,41.133],[66.653,41.263],[66.891,41.263],[67.547,41.587],[68.686,41.911],[70.708,42.236],[70.934,42.431],[71.166,42.171],[71.876,41.911],[71.97,41.717],[72.13,41.717],[72.477,41.327],[72.455,41.263],[72.766,41.003],[72.723,40.874]]]]}},{"type":"Feature","id":"cliopatria-08c0f95ad6cbf962c46afa92","properties":{"NAME":"Yuezhi","ABBREVN":null,"CONTROL":null,"SUBJECTO":"Yuezhi","PARTOF":null,"BORDERPRECISION":1,"FromYear":-203,"ToYear":-171,"Area":900302.0695880828,"Type":"POLITY","Wikipedia":"Yuezhi","Wikidata":"Q467985","SeshatID":"","Components":"","MemberOf":"","sourceFeatureId":"cliopatria-08c0f95ad6cbf962c46afa92","datasetId":"cliopatria"},"geometry":{"type":"MultiPolygon","coordinates":[[[[78.65,45.17],[79.545,44.973],[79.518,44.908],[79.951,44.973],[80.059,44.843],[80.384,44.843],[80.491,44.712],[80.329,44.516],[80.41,44.516],[80.384,44.059],[80.762,43.603],[80.737,43.342],[80.871,43.277],[80.792,43.082],[81.089,42.821],[81.04,42.496],[81.12,42.496],[81.122,42.301],[82.561,42.301],[84.108,42.756],[85.792,42.756],[85.764,42.691],[88.105,42.366],[88.077,42.301],[88.848,42.236],[88.82,42.171],[89.642,42.041],[89.613,41.976],[90.223,41.911],[90.195,41.847],[90.434,41.847],[90.536,41.717],[90.775,41.717],[91.27,41.392],[92.349,41.133],[92.321,41.068],[92.48,41.068],[92.451,41.003],[92.61,41.003],[93.234,40.614],[93.472,40.614],[93.444,40.55],[93.09,39.902],[93.064,39.838],[90.809,39.126],[88.746,38.868],[87.662,38.481],[86.44,38.351],[86.081,38.222],[85.813,37.9],[85.356,37.706],[85.113,37.448],[82.101,36.804],[81.712,36.804],[81.264,36.61],[81.031,36.61],[80.371,36.997],[79.398,37.126],[79.145,37.319],[78.424,37.513],[78.386,37.642],[78.093,37.706],[77.801,38.029],[77.841,38.158],[77.667,38.351],[77.51,38.351],[77.414,38.545],[77.258,38.545],[77.025,38.803],[75.792,39.126],[73.848,39.45],[73.769,39.45],[73.929,39.708],[73.85,39.708],[73.953,40.032],[73.816,40.096],[73.858,40.226],[73.684,40.42],[73.526,40.42],[73.489,40.55],[73.331,40.55],[73.294,40.679],[73.135,40.679],[73.099,40.809],[73.12,40.874],[73.343,41.068],[73.582,41.068],[73.886,41.263],[74.464,41.327],[74.589,41.457],[74.828,41.457],[74.873,41.587],[75.089,41.522],[76.001,41.847],[76.207,41.976],[76.278,42.171],[76.142,42.236],[76.158,42.496],[75.814,42.431],[75.701,42.561],[75.878,42.821],[75.766,42.951],[75.388,43.017],[75.14,43.212],[75.205,43.603],[74.795,43.798],[74.998,44.124],[74.563,44.255],[74.443,44.581],[74.281,44.581],[74.25,44.712],[73.975,44.843],[73.968,45.039],[74.13,45.039],[74.255,45.366],[74.117,45.431],[74.319,45.955],[74.753,46.021],[74.881,46.349],[75.317,46.415],[75.451,46.546],[77.391,46.48],[77.364,46.415],[77.747,46.349],[77.748,46.152],[77.884,46.087],[77.831,45.955],[78.022,45.824],[77.996,45.562],[78.35,45.431],[78.569,45.17],[78.65,45.17]]]]}},{"type":"Feature","id":"cliopatria-8a784944573fa7d69d06f822","properties":{"NAME":"Kingdom of Bithynia","ABBREVN":null,"CONTROL":null,"SUBJECTO":"Kingdom of Bithynia","PARTOF":null,"BORDERPRECISION":1,"FromYear":-203,"ToYear":-127,"Area":29830.45307590682,"Type":"POLITY","Wikipedia":"Kingdom of Bithynia","Wikidata":"Q3762571","SeshatID":"","Components":"","MemberOf":"","sourceFeatureId":"cliopatria-8a784944573fa7d69d06f822","datasetId":"cliopatria"},"geometry":{"type":"MultiPolygon","coordinates":[[[[31.708,40.096],[31.701,40.032],[31.622,40.032],[31.543,40.032],[31.464,40.032],[31.385,40.032],[31.306,40.032],[31.299,39.967],[30.589,39.967],[30.602,40.096],[30.457,40.226],[30.068,40.291],[29.923,40.42],[29.936,40.55],[29.455,40.485],[29.35,40.226],[28.955,40.226],[28.73,40.355],[28.809,40.355],[29.046,40.355],[28.9,40.485],[28.913,40.614],[29.48,40.744],[29.493,40.874],[29.249,40.809],[29.367,41.198],[30.479,41.198],[30.624,41.068],[31.18,41.068],[31.353,41.198],[31.592,41.198],[31.701,41.457],[32.027,41.522],[32.121,41.652],[32.114,41.587],[32.258,41.457],[32.307,41.198],[32.14,41.133],[32.103,40.809],[32.304,40.485],[32.11,40.161],[31.708,40.096]]]]}},{"type":"Feature","id":"cliopatria-cce9baf08704eb374f857f8f","properties":{"NAME":"Aetolian League","ABBREVN":null,"CONTROL":null,"SUBJECTO":"Aetolian League","PARTOF":null,"BORDERPRECISION":1,"FromYear":-202,"ToYear":-198,"Area":10117.246884740302,"Type":"POLITY","Wikipedia":"Aetolian League","Wikidata":"Q245273","SeshatID":"","Components":"","MemberOf":"","sourceFeatureId":"cliopatria-cce9baf08704eb374f857f8f","datasetId":"cliopatria"},"geometry":{"type":"MultiPolygon","coordinates":[[[[22.369,38.416],[21.428,38.416],[21.35,38.416],[21.291,38.803],[21.14,38.933],[21.144,38.997],[20.678,39.126],[20.53,39.32],[20.845,39.32],[21.075,39.191],[21.314,39.256],[21.317,39.32],[21.471,39.256],[21.536,38.997],[21.7,39.126],[22.254,39.191],[22.49,39.191],[22.561,39.062],[22.397,38.933],[22.39,38.803],[22.547,38.803],[22.447,38.416],[22.369,38.416]]]]}},{"type":"Feature","id":"cliopatria-2fcf273046db42728a19428b","properties":{"NAME":"Antigonid Macedonia","ABBREVN":null,"CONTROL":null,"SUBJECTO":"Antigonid Macedonia","PARTOF":null,"BORDERPRECISION":1,"FromYear":-202,"ToYear":-198,"Area":114371.35696249243,"Type":"POLITY","Wikipedia":"Antigonid dynasty","Wikidata":"Q237325","SeshatID":"gr_antigonid_emp","Components":"","MemberOf":"","sourceFeatureId":"cliopatria-2fcf273046db42728a19428b","datasetId":"cliopatria"},"geometry":{"type":"MultiPolygon","coordinates":[[[[24.201,37.642],[24.283,37.706],[24.361,37.706],[24.432,37.577],[24.272,37.513],[24.201,37.642]]],[[[20.613,37.706],[20.621,37.9],[20.699,37.9],[20.934,37.9],[20.922,37.642],[20.613,37.706]]],[[[24.682,37.835],[24.694,38.029],[24.772,38.029],[25.068,37.771],[24.83,37.706],[24.682,37.835]]],[[[24.088,38.351],[23.626,38.481],[23.563,38.739],[23.72,38.739],[23.799,38.739],[24.179,38.545],[24.159,38.222],[24.088,38.351]]],[[[23.489,38.803],[23.567,38.803],[23.563,38.739],[23.485,38.739],[23.489,38.803]]],[[[24.357,38.868],[24.365,38.997],[24.444,38.997],[24.675,38.933],[24.662,38.739],[24.357,38.868]]],[[[24.763,41.263],[26.03,41.198],[26.178,41.068],[26.904,41.198],[27.091,41.522],[27.483,41.457],[27.472,41.327],[27.631,41.327],[27.728,41.522],[28.139,41.652],[28.292,41.587],[28.285,41.522],[28.206,41.522],[28.083,41.068],[28.077,41.003],[27.527,41.068],[26.842,40.485],[26.779,40.679],[26.626,40.744],[26.14,40.614],[26.082,40.874],[25.849,40.938],[24.347,41.003],[24.011,40.744],[23.698,40.809],[23.685,40.614],[23.839,40.55],[23.737,40.226],[23.267,40.291],[22.884,40.485],[22.892,40.614],[22.655,40.614],[22.56,40.355],[22.544,40.096],[22.702,40.096],[22.611,39.902],[23.135,39.45],[22.816,39.385],[22.797,39.062],[22.958,39.126],[23.108,38.997],[23.344,38.997],[23.489,38.803],[23.183,38.933],[23.022,38.868],[22.943,38.868],[22.786,38.868],[22.794,38.997],[22.561,39.062],[22.49,39.191],[22.254,39.191],[21.7,39.126],[21.536,38.997],[21.471,39.256],[21.317,39.32],[21.321,39.385],[20.943,39.708],[20.806,40.096],[20.569,40.096],[20.427,40.42],[20.19,40.42],[19.809,40.744],[19.813,40.809],[19.978,40.938],[20.077,41.327],[19.785,41.847],[19.466,41.847],[19.386,41.847],[19.322,42.171],[20.041,42.171],[20.045,42.236],[20.125,42.236],[20.121,42.171],[20.281,42.171],[20.354,42.041],[20.441,42.171],[20.916,42.106],[21.004,42.236],[21.319,42.171],[21.407,42.301],[22.455,42.431],[22.442,42.236],[22.593,42.106],[22.753,42.106],[23.054,41.847],[23.528,41.782],[23.669,41.522],[24.231,41.587],[24.236,41.652],[24.554,41.652],[24.853,41.392],[24.763,41.263]]],[[[24.491,40.809],[24.57,40.809],[24.808,40.809],[24.794,40.614],[24.551,40.55],[24.491,40.809]]],[[[25.331,36.997],[25.339,37.126],[25.417,37.126],[25.573,37.126],[25.564,36.997],[25.331,36.997]]],[[[25.052,37.513],[24.986,37.706],[25.064,37.706],[25.22,37.706],[25.286,37.513],[25.052,37.513]]],[[[25.988,37.513],[26.08,37.706],[26.158,37.706],[26.314,37.706],[26.305,37.577],[25.988,37.513]]],[[[26.622,37.642],[26.557,37.835],[26.636,37.835],[27.026,37.835],[27.012,37.642],[26.622,37.642]]],[[[24.974,39.838],[25.067,40.032],[25.146,40.032],[25.462,40.032],[25.447,39.838],[24.974,39.838]]],[[[25.704,40.096],[25.719,40.291],[25.798,40.291],[26.035,40.291],[26.025,40.161],[25.704,40.096]]],[[[26.673,40.355],[26.257,40.096],[26.262,40.161],[26.267,40.226],[26.272,40.291],[26.351,40.291],[26.357,40.355],[26.605,40.485],[26.678,40.42],[26.673,40.355]]],[[[28.097,40.355],[28.103,40.42],[28.182,40.42],[28.17,40.291],[27.696,40.291],[27.701,40.355],[27.781,40.355],[27.786,40.42],[27.792,40.485],[27.871,40.485],[27.95,40.485],[27.945,40.42],[27.939,40.355],[28.018,40.355],[28.097,40.355]]],[[[25.24,41.263],[25.161,41.263],[25.166,41.327],[25.245,41.327],[25.24,41.263]]]]}},{"type":"Feature","id":"cliopatria-61aa6719ac651887ff5d6606","properties":{"NAME":"Carthage","ABBREVN":null,"CONTROL":null,"SUBJECTO":"Carthage","PARTOF":null,"BORDERPRECISION":1,"FromYear":-202,"ToYear":-198,"Area":140736.4431913111,"Type":"POLITY","Wikipedia":"Ancient Carthage","Wikidata":"Q2429397","SeshatID":"tn_carthage_emp","Components":"","MemberOf":"","sourceFeatureId":"cliopatria-61aa6719ac651887ff5d6606","datasetId":"cliopatria"},"geometry":{"type":"MultiPolygon","coordinates":[[[[10.54,36.739],[10.851,36.997],[11.006,36.997],[11.006,36.804],[10.462,36.417],[10.54,36.353],[10.464,35.902],[10.696,35.709],[10.851,35.773],[10.928,35.58],[11.083,35.58],[11.083,35.387],[11.006,35.387],[11.083,35.001],[10.851,34.937],[10.851,34.808],[10.543,34.551],[10.004,34.293],[10.082,34.229],[10.006,33.907],[10.237,33.715],[10.544,33.715],[10.698,33.522],[11.082,33.586],[11.158,33.2],[11.464,33.2],[12.229,32.814],[12.612,32.879],[12.535,32.75],[12.841,32.75],[12.842,32.879],[13.302,32.943],[13.454,32.814],[13.761,32.879],[13.759,32.75],[14.065,32.75],[14.444,32.493],[14.675,32.557],[14.749,32.429],[15.055,32.429],[15.282,32.3],[15.425,31.658],[15.576,31.593],[15.649,31.4],[16.179,31.208],[16.864,31.208],[17.847,30.951],[18.222,30.758],[18.592,30.372],[18.896,30.372],[18.893,30.244],[18.814,30.115],[18.586,30.115],[18.216,30.501],[17.765,30.694],[16.555,31.015],[15.947,31.015],[15.569,31.143],[15.193,31.465],[15.05,32.107],[14.899,32.236],[14.517,32.172],[14.443,32.365],[13.758,32.622],[11.998,32.622],[12.076,32.75],[11.617,32.943],[11.081,32.879],[10.698,33.136],[10.468,33.136],[10.468,33.264],[9.854,33.393],[9.624,33.329],[9.624,33.457],[9.316,33.586],[9.238,33.843],[8.928,34.1],[8.928,34.165],[8.924,34.679],[8.769,34.808],[8.151,34.872],[7.994,35.065],[7.991,35.323],[7.99,35.387],[7.822,36.417],[7.666,36.482],[7.664,36.61],[7.12,36.61],[6.96,36.868],[7.038,36.868],[7.194,36.868],[7.346,37.062],[7.659,36.997],[7.738,36.868],[8.516,36.868],[8.903,37.126],[9.059,37.062],[9.37,37.255],[9.448,37.255],[9.605,37.062],[9.528,36.804],[9.762,36.675],[9.84,36.675],[9.996,36.675],[10.074,36.482],[10.307,36.482],[10.384,36.675],[10.073,36.804],[10.072,36.933],[10.306,36.933],[10.306,36.868],[10.228,36.804],[10.54,36.739]]],[[[-2.993,35.451],[-2.838,35.451],[-2.82,35.13],[-2.743,35.13],[-2.809,34.937],[-2.886,34.937],[-4.738,34.937],[-5.214,35.13],[-5.39,35.451],[-5.627,35.516],[-6.234,34.229],[-6.601,33.972],[-6.592,33.843],[-6.882,33.586],[-7.555,33.329],[-7.64,33.457],[-7.794,33.457],[-7.803,33.586],[-7.726,33.586],[-7.13,33.843],[-7.062,33.972],[-6.904,33.907],[-6.614,34.165],[-6.7,34.293],[-6.473,34.358],[-6.482,34.486],[-6.332,34.551],[-6.277,34.872],[-6.2,34.872],[-6.291,35.065],[-6.132,35.001],[-6.145,35.194],[-6,35.323],[-5.877,35.773],[-5.339,35.838],[-5.24,35.516],[-4.755,35.194],[-3.364,35.194],[-3.287,35.194],[-2.982,35.258],[-2.993,35.451]]],[[[0.388,35.966],[0.158,35.902],[0.155,35.966],[0.376,36.224],[0.454,36.224],[0.388,35.966]]],[[[3.23,36.739],[3.459,36.868],[3.85,36.804],[4.235,36.933],[4.859,36.868],[5.098,36.675],[5.564,36.675],[5.639,36.804],[6.106,36.804],[6.103,36.933],[6.334,37.062],[6.648,36.933],[6.726,36.933],[6.34,36.739],[5.952,36.739],[5.645,36.546],[5.41,36.61],[5.258,36.482],[4.866,36.61],[3.156,36.61],[2.772,36.482],[1.918,36.482],[1.913,36.61],[1.991,36.61],[2.69,36.61],[2.841,36.739],[3.23,36.739]]],[[[1.658,38.997],[1.431,38.803],[1.274,38.803],[1.183,39.062],[1.259,39.126],[1.337,39.126],[1.652,39.126],[1.658,38.997]]],[[[3.198,39.838],[3.516,39.773],[3.296,39.32],[2.824,39.32],[2.659,39.514],[2.346,39.45],[2.338,39.644],[2.877,39.967],[2.956,39.967],[3.193,39.967],[3.198,39.838]]],[[[4.302,39.838],[3.827,39.902],[3.741,40.096],[3.82,40.096],[4.215,40.096],[4.302,39.838]]]]}},{"type":"Feature","id":"cliopatria-5a404e8d3ecd5713dd921332","properties":{"NAME":"Greek City-States","ABBREVN":null,"CONTROL":null,"SUBJECTO":"Greek City-States","PARTOF":null,"BORDERPRECISION":1,"FromYear":-202,"ToYear":-198,"Area":78129.9826702815,"Type":"POLITY","Wikipedia":"Polis","Wikidata":"Q148837","SeshatID":"","Components":"","MemberOf":"","sourceFeatureId":"cliopatria-5a404e8d3ecd5713dd921332","datasetId":"cliopatria"},"geometry":{"type":"MultiPolygon","coordinates":[[[[24.157,35.516],[24.15,35.387],[24.301,35.323],[25.692,35.323],[25.681,35.13],[26.225,35.194],[26.14,35.065],[24.824,35.001],[24.757,35.194],[24.526,35.194],[24.448,35.194],[23.679,35.258],[23.615,35.516],[24.157,35.516]]],[[[22.874,36.16],[22.887,36.417],[22.965,36.417],[23.117,36.353],[23.107,36.16],[22.874,36.16]]],[[[22.833,36.868],[22.599,36.868],[22.512,36.675],[22.356,36.675],[22.22,37.062],[21.909,37.062],[21.899,36.868],[21.744,36.868],[21.681,37.19],[21.603,37.19],[21.693,37.448],[21.697,37.513],[22.087,37.513],[22.236,37.384],[22.321,37.513],[22.399,37.513],[22.853,37.255],[23.056,36.675],[22.833,36.868]]],[[[21.631,37.771],[21.397,37.771],[21.319,37.771],[21.322,37.835],[21.244,37.835],[21.247,37.9],[21.25,37.964],[21.328,37.964],[21.331,38.029],[21.334,38.093],[21.412,38.093],[21.637,37.9],[21.631,37.771]]],[[[20.328,38.351],[20.488,38.416],[20.566,38.416],[20.795,38.287],[20.786,38.093],[20.32,38.158],[20.328,38.351]]],[[[25.876,38.158],[25.899,38.481],[25.821,38.481],[25.913,38.674],[25.991,38.674],[26.217,38.545],[26.111,38.158],[25.876,38.158]]],[[[22.988,38.287],[22.525,38.416],[22.447,38.416],[22.547,38.803],[22.39,38.803],[22.397,38.933],[22.561,39.062],[22.794,38.997],[22.786,38.868],[22.943,38.868],[22.939,38.803],[23.313,38.481],[23.705,38.481],[24.084,38.287],[23.979,37.835],[23.443,38.029],[23.365,38.029],[23.216,38.158],[22.981,38.158],[22.988,38.287]]],[[[20.829,38.997],[21.062,38.933],[21.14,38.933],[21.291,38.803],[21.35,38.416],[21.272,38.416],[21.193,38.416],[21.196,38.481],[20.898,38.803],[20.741,38.803],[20.829,38.997]]],[[[27.532,41.976],[27.452,41.976],[27.458,42.041],[27.378,42.041],[27.384,42.106],[27.464,42.106],[27.317,42.236],[27.329,42.366],[27.175,42.431],[27.193,42.626],[27.657,43.277],[27.998,43.472],[28.119,43.863],[28.3,44.059],[28.341,44.451],[28.422,44.451],[28.368,44.712],[28.64,44.973],[28.802,44.973],[28.841,44.581],[28.577,44.385],[28.536,43.994],[28.616,43.994],[28.481,43.472],[28.159,43.472],[28.226,43.342],[27.898,43.277],[27.805,43.147],[27.853,42.821],[27.847,42.756],[27.514,42.626],[27.495,42.431],[27.796,42.236],[27.924,41.911],[27.612,41.976],[27.538,42.041],[27.532,41.976]],[[27.538,42.041],[27.464,42.106],[27.458,42.041],[27.538,42.041]]],[[[5.391,43.277],[5.387,43.407],[5.063,43.472],[4.178,43.472],[4.173,43.603],[3.851,43.603],[2.985,43.147],[3.01,42.561],[3.178,42.366],[3.04,41.847],[2.698,42.366],[2.775,42.431],[2.669,43.017],[2.75,43.017],[2.741,43.212],[3.446,43.668],[4.728,43.863],[5.87,43.407],[6.594,43.407],[6.597,43.277],[6.278,43.147],[6.198,43.147],[5.796,43.147],[5.632,43.277],[5.391,43.277]]],[[[27.612,37.319],[28.241,37.384],[28.304,37.19],[28.226,37.19],[28.221,37.126],[27.598,37.126],[27.608,37.255],[27.612,37.319]]],[[[40.381,41.003],[40.46,41.003],[40.598,40.874],[40.578,40.744],[40.409,40.679],[39.616,40.679],[39.398,40.809],[39.002,40.809],[38.824,40.679],[37.873,40.679],[37.355,40.938],[36.509,41.133],[36.527,41.263],[36.607,41.263],[36.775,41.327],[37.065,41.133],[37.233,41.198],[37.215,41.068],[37.771,41.068],[37.831,40.938],[38.158,41.003],[38.298,40.874],[38.952,41.003],[38.962,41.068],[39.21,41.133],[39.736,40.938],[40.381,41.003]]],[[[28.285,41.522],[28.279,41.457],[28.976,41.263],[28.963,41.133],[29.367,41.198],[29.255,40.874],[29.103,40.938],[29.116,41.068],[28.639,41.068],[28.56,41.068],[28.163,41.068],[28.083,41.068],[28.206,41.522],[28.285,41.522]]],[[[31.512,41.198],[31.361,41.263],[31.693,41.392],[31.592,41.198],[31.512,41.198]]],[[[35.086,41.782],[35.006,41.782],[35.015,41.847],[34.793,41.976],[35.121,42.041],[35.086,41.782]]],[[[40.416,43.147],[40.219,43.407],[39.978,43.407],[39.63,43.733],[40.414,43.603],[40.322,43.538],[40.38,43.407],[41.15,43.212],[41.208,43.082],[41.437,43.017],[41.414,42.886],[41.334,42.886],[41.173,42.886],[41.116,43.017],[40.817,43.147],[40.416,43.147]]],[[[40.045,43.798],[40.033,43.733],[39.953,43.733],[39.964,43.798],[40.045,43.798]]],[[[33.467,44.647],[33.548,44.647],[33.61,45.104],[33.23,45.3],[33.637,45.3],[33.917,44.973],[34.604,45.235],[35.183,45.3],[35.154,45.104],[35.235,45.104],[35.135,44.973],[35.125,44.908],[34.376,44.777],[33.926,44.451],[33.521,44.451],[33.467,44.647]]],[[[31.567,46.94],[31.533,46.677],[30.877,46.677],[30.298,45.955],[30.045,45.89],[29.859,45.693],[29.614,45.693],[29.644,45.955],[30.189,46.415],[30.271,46.415],[30.458,46.612],[31.065,46.874],[31.082,47.006],[31.567,46.94]]]]}},{"type":"Feature","id":"cliopatria-9f52c4dcb234499f2745cfe6","properties":{"NAME":"Han Dynasty","ABBREVN":null,"CONTROL":null,"SUBJECTO":"Han Dynasty","PARTOF":null,"BORDERPRECISION":1,"FromYear":-202,"ToYear":-198,"Area":2042614.946454858,"Type":"POLITY","Wikipedia":"Han dynasty","Wikidata":"Q1068371","SeshatID":"cn_western_han_dyn","Components":"","MemberOf":"","sourceFeatureId":"cliopatria-9f52c4dcb234499f2745cfe6","datasetId":"cliopatria"},"geometry":{"type":"MultiPolygon","coordinates":[[[[122.045,30.179],[122.273,30.179],[122.28,29.987],[121.977,29.987],[122.022,30.115],[122.045,30.179]]],[[[124.797,41.068],[124.412,40.291],[123.871,39.902],[123.876,39.773],[123.597,39.838],[122.936,39.644],[122.17,39.256],[121.952,38.997],[121.716,38.997],[121.422,38.739],[121.029,38.739],[121.201,39.062],[121.515,39.062],[121.69,39.385],[121.297,39.385],[121.21,39.514],[121.281,39.644],[121.438,39.644],[121.503,39.902],[121.776,39.967],[122.231,40.485],[122.106,40.679],[121.827,40.744],[121.824,40.874],[121.11,40.874],[120.997,40.679],[120.647,40.485],[120.5,40.226],[119.38,39.773],[119.215,39.32],[118.45,39.062],[118.057,39.062],[118.046,39.191],[117.888,39.191],[117.576,38.739],[117.655,38.739],[117.602,38.481],[118.054,38.287],[118.067,38.158],[118.583,38.093],[118.648,38.222],[118.804,38.222],[118.772,38.158],[119.457,37.964],[119.393,37.835],[119.237,37.835],[118.984,37.319],[119.14,37.319],[119.156,37.19],[119.701,37.19],[119.827,37.448],[120.202,37.577],[120.188,37.706],[120.754,37.9],[121.112,37.835],[121.171,37.642],[121.483,37.642],[121.497,37.513],[122.154,37.577],[122.121,37.513],[122.713,37.448],[122.474,37.126],[122.566,36.997],[122.394,36.804],[121.912,36.933],[121.212,36.61],[120.979,36.61],[120.965,36.417],[120.732,36.417],[120.659,36.095],[120.318,36.031],[119.986,35.645],[119.619,35.516],[119.228,34.808],[119.459,34.808],[119.431,34.744],[119.711,34.679],[119.732,34.551],[120.342,34.358],[120.489,34.165],[120.55,33.586],[120.926,33.2],[120.919,32.622],[121.403,32.493],[121.503,32.172],[121.783,32.107],[121.987,31.85],[121.836,31.658],[121.683,31.658],[121.581,31.786],[120.919,31.85],[121.454,31.658],[121.481,31.529],[121.634,31.529],[121.584,31.4],[121.737,31.4],[121.995,31.079],[121.899,30.822],[121.519,30.822],[121.197,30.565],[121.045,30.565],[120.68,30.179],[120.809,30.115],[121.105,30.308],[121.484,30.308],[121.62,30.051],[122.03,29.922],[121.865,29.665],[122.016,29.665],[121.938,29.215],[121.712,29.215],[121.745,29.537],[121.571,29.472],[121.647,29.472],[121.539,29.151],[121.744,29.087],[121.714,28.765],[121.522,28.637],[121.652,28.572],[121.646,28.315],[121.153,28.187],[121.193,28.315],[121.118,28.315],[121.038,28.058],[120.868,27.994],[120.715,27.737],[120.657,27.544],[120.733,27.544],[120.545,27.158],[120.395,27.158],[120.247,26.901],[120.096,26.901],[120.061,26.772],[120.211,26.772],[120.158,26.579],[119.84,26.515],[119.938,26.322],[119.587,26.129],[119.57,26.065],[119.254,26.001],[119.137,26.129],[119.009,26.772],[118.877,26.837],[118.625,27.801],[118.494,27.865],[118.422,28.38],[118.291,28.444],[118.351,28.637],[118.165,28.765],[118.036,29.537],[117.808,29.537],[117.7,29.665],[116.53,29.794],[116.27,29.922],[116.129,30.179],[115.977,30.179],[115.804,30.115],[115.642,29.858],[115.259,28.894],[115.335,28.894],[114.953,26.772],[115.028,26.772],[114.961,26.515],[115.228,26.387],[114.781,25.486],[114.533,24.393],[113.828,24.586],[112.109,24.586],[111.457,24.329],[111.022,24.393],[111.036,24.458],[111.356,24.908],[111.606,25.679],[111.546,25.744],[111.82,26.258],[111.965,26.837],[111.89,26.837],[112.055,27.737],[111.94,27.865],[111.955,28.187],[111.727,28.444],[110.802,28.894],[110.443,28.958],[108.27,29.022],[107.647,28.958],[106.726,28.637],[106.273,28.637],[106.028,28.572],[106.069,28.444],[105.616,28.444],[105.43,28.315],[104.618,28.38],[104.066,28.572],[103.898,28.508],[103.857,28.637],[102.927,28.83],[102.602,29.022],[101.614,29.279],[101.44,29.472],[101.156,29.537],[100.982,29.729],[101.019,29.858],[100.828,29.987],[100.865,30.115],[100.674,30.244],[100.673,30.501],[100.598,30.501],[100.847,31.079],[101.331,31.658],[101.836,32.043],[102.158,32.557],[102.312,33.457],[102.235,33.457],[102.325,33.715],[102.248,33.715],[102.409,34.165],[103.094,34.358],[103.379,34.293],[103.598,34.679],[105.235,35.13],[105.259,35.194],[106.185,35.387],[106.493,35.58],[106.7,35.516],[107.267,35.773],[108.302,36.031],[108.754,36.739],[110.133,38.093],[111.486,38.803],[112.078,39.838],[112.629,40.291],[113.488,40.42],[114.042,40.42],[114.008,40.355],[114.482,40.355],[114.448,40.291],[114.799,40.355],[114.764,40.291],[115.283,40.226],[115.55,39.838],[116.102,39.838],[117.109,40.096],[117.453,40.291],[118.979,40.614],[122.928,41.911],[123.167,41.911],[123.127,41.847],[123.405,41.782],[123.365,41.717],[123.604,41.717],[123.564,41.652],[123.843,41.587],[123.803,41.522],[124.042,41.522],[124.002,41.457],[124.28,41.392],[124.24,41.327],[124.479,41.327],[124.439,41.263],[124.837,41.133],[124.797,41.068]]]]}},{"type":"Feature","id":"cliopatria-4c8d3115e3002f70966618ac","properties":{"NAME":"Roman Republic","ABBREVN":null,"CONTROL":null,"SUBJECTO":"Roman Republic","PARTOF":null,"BORDERPRECISION":1,"FromYear":-202,"ToYear":-198,"Area":594841.1640643798,"Type":"POLITY","Wikipedia":"Roman Republic","Wikidata":"Q175881","SeshatID":"it_roman_rep_2","Components":"","MemberOf":"","sourceFeatureId":"cliopatria-4c8d3115e3002f70966618ac","datasetId":"cliopatria"},"geometry":{"type":"MultiPolygon","coordinates":[[[[2.531,34.486],[2.608,34.486],[2.61,34.422],[2.533,34.422],[2.531,34.486]]],[[[8.769,34.808],[8.924,34.679],[8.928,34.165],[8.851,34.165],[8.311,34.293],[8.081,34.229],[8.002,34.422],[7.615,34.551],[7.153,34.486],[6.92,34.615],[6.459,34.551],[6.148,34.679],[5.377,34.679],[5.149,34.551],[4.454,34.615],[3.843,34.422],[3.456,34.486],[3.151,34.358],[2.921,34.358],[2.45,34.615],[1.294,34.615],[0.685,34.422],[0.451,34.486],[0.303,34.358],[-1.237,34.358],[-1.305,34.165],[-1.539,34.229],[-1.61,34.1],[-1.693,34.229],[-2.382,34.165],[-2.459,34.165],[-2.854,34.358],[-2.788,34.551],[-2.945,34.615],[-2.886,34.937],[-2.809,34.937],[-2.743,35.13],[-1.661,35.13],[-1.591,35.258],[-1.359,35.258],[-1.136,35.451],[-1.224,35.645],[-1.066,35.58],[-0.917,35.709],[-0.53,35.709],[-0.459,35.838],[-0.146,35.773],[0.081,35.902],[0.158,35.902],[0.388,35.966],[0.454,36.224],[0.531,36.224],[0.684,36.288],[0.678,36.417],[0.914,36.353],[1.216,36.546],[1.53,36.482],[1.835,36.61],[1.913,36.61],[1.918,36.482],[2.772,36.482],[3.156,36.61],[4.866,36.61],[5.258,36.482],[5.41,36.61],[5.645,36.546],[5.952,36.739],[6.34,36.739],[6.726,36.933],[6.803,36.933],[6.805,36.868],[6.882,36.868],[6.96,36.868],[7.12,36.61],[7.664,36.61],[7.666,36.482],[7.822,36.417],[7.99,35.387],[7.991,35.323],[7.994,35.065],[8.151,34.872],[8.769,34.808]]],[[[9.448,37.255],[9.526,37.255],[10.227,37.255],[10.306,36.997],[10.306,36.933],[10.072,36.933],[10.073,36.804],[10.384,36.675],[10.307,36.482],[10.074,36.482],[9.996,36.675],[9.84,36.675],[9.762,36.675],[9.528,36.804],[9.605,37.062],[9.448,37.255]]],[[[2.334,41.587],[2.107,41.327],[1.238,41.198],[0.696,40.938],[0.709,40.679],[0.248,40.42],[0.183,40.161],[-0.126,40.032],[-0.345,39.708],[-0.314,39.126],[0.099,38.739],[-0.661,38.287],[-0.803,38.029],[-0.705,37.642],[-1.709,37.448],[-1.623,37.319],[-1.857,37.319],[-2.062,36.804],[-2.532,36.868],[-2.68,36.739],[-4.469,36.739],[-4.689,36.546],[-5.228,36.482],[-5.288,36.224],[-5.662,36.031],[-5.831,36.224],[-6.064,36.224],[-6.432,36.997],[-6.588,36.997],[-6.842,37.255],[-7.465,37.255],[-7.554,37.384],[-7.575,37.642],[-7.284,37.9],[-7.222,38.093],[-6.011,38.61],[-5.87,38.803],[-5.482,38.868],[-5.34,39.062],[-4.943,38.997],[-4.854,38.868],[-4.702,38.933],[-4.692,38.803],[-4.203,38.545],[-2.239,38.481],[-1.941,38.739],[-1.631,38.803],[-1.418,39.191],[-1.43,39.385],[-1.351,39.385],[-1.449,39.708],[-1.22,39.838],[-1.232,40.032],[-1.003,40.161],[-1.011,40.291],[-0.411,40.874],[-0.419,41.003],[-0.184,41.068],[-0.048,41.457],[0.18,41.652],[0.299,42.366],[0.772,42.496],[0.859,42.366],[1.422,42.301],[1.997,41.976],[2.718,41.911],[2.712,42.041],[2.869,42.106],[2.875,41.976],[2.955,41.976],[2.886,41.717],[2.334,41.587]]],[[[9.823,40.355],[9.665,40.291],[9.747,39.644],[9.669,39.644],[9.593,39.126],[9.12,39.191],[8.966,38.868],[8.73,38.868],[8.336,38.997],[8.412,39.256],[8.333,39.256],[8.33,39.514],[8.409,39.514],[8.483,39.902],[8.325,39.967],[8.4,40.291],[8.321,40.291],[8.319,40.485],[8.16,40.55],[8.155,40.938],[8.552,40.874],[9.025,41.263],[9.104,41.263],[9.502,41.198],[9.822,40.744],[9.823,40.355]]],[[[9.574,42.756],[9.578,41.976],[9.498,41.976],[9.499,41.782],[9.262,41.392],[9.104,41.327],[8.784,41.522],[8.782,41.717],[8.623,41.717],[8.7,41.911],[8.539,42.106],[8.535,42.496],[8.773,42.691],[9.173,42.756],[9.251,43.017],[9.331,43.017],[9.492,43.017],[9.493,42.756],[9.574,42.756]]],[[[14.568,35.773],[14.337,35.838],[14.34,36.031],[14.417,36.031],[14.571,35.966],[14.568,35.773]]],[[[19.764,39.773],[19.921,39.773],[19.918,39.708],[19.912,39.579],[19.758,39.644],[19.764,39.773]]],[[[19.438,41.263],[19.523,41.392],[19.444,41.392],[19.53,41.522],[19.45,41.522],[19.542,41.782],[19.463,41.782],[19.466,41.847],[19.785,41.847],[20.077,41.327],[19.978,40.938],[19.813,40.809],[19.733,40.809],[19.575,40.809],[19.562,40.55],[19.41,40.679],[19.328,40.614],[19.249,40.614],[19.255,40.744],[19.498,40.874],[19.438,41.263]]],[[[12.154,44.451],[12.313,44.19],[12.873,43.798],[13.036,43.863],[13.034,43.733],[13.355,43.668],[13.673,43.407],[13.747,43.082],[13.985,42.951],[13.901,42.756],[14.056,42.496],[14.371,42.236],[14.531,42.236],[14.608,42.106],[14.769,42.171],[14.766,42.041],[14.924,41.976],[15.165,42.041],[15.241,41.911],[16.119,41.911],[16.115,41.782],[15.874,41.717],[15.944,41.392],[17.203,41.003],[17.511,40.744],[17.981,40.614],[18.438,40.161],[18.349,39.902],[18.112,39.902],[17.813,40.355],[17.418,40.355],[17.345,40.55],[17.028,40.55],[16.868,40.485],[16.945,40.42],[16.862,40.291],[16.624,40.291],[16.697,40.096],[16.457,39.967],[16.447,39.644],[16.916,39.514],[17.07,39.385],[17.138,39.062],[16.502,38.803],[16.492,38.416],[15.933,37.964],[15.698,37.964],[15.624,38.158],[15.389,38.158],[15.066,37.642],[15.059,37.255],[15.214,37.19],[15.05,36.739],[14.661,36.739],[14.278,37.126],[13.578,37.255],[13.192,37.577],[12.49,37.706],[12.492,37.9],[12.65,38.093],[13.04,38.029],[13.12,38.158],[13.355,38.158],[13.665,37.964],[14.056,37.964],[15.862,38.287],[15.95,38.674],[16.265,38.739],[16.27,38.933],[16.117,39.062],[15.899,39.773],[15.666,39.902],[15.748,40.032],[15.432,40.032],[15.199,40.226],[15.041,40.226],[14.893,40.679],[14.418,40.679],[14.422,40.874],[14.105,40.874],[13.951,41.133],[13.792,41.133],[13.715,41.263],[13,41.327],[12.131,41.911],[12.132,42.041],[11.813,42.106],[11.655,42.366],[11.495,42.301],[11.415,42.431],[11.255,42.431],[11.176,42.626],[11.016,42.626],[11.016,42.821],[10.535,43.082],[10.374,43.668],[10.213,43.863],[10.212,44.059],[10.374,44.124],[10.373,44.255],[10.535,44.255],[10.535,44.385],[10.697,44.451],[10.616,44.712],[10.21,44.973],[8.909,45.104],[8.581,45.366],[8.579,45.497],[8.904,45.628],[10.534,45.628],[10.86,45.497],[11.511,45.497],[12.082,45.628],[12.741,46.152],[13.15,46.218],[13.39,45.824],[13.145,45.824],[13.06,45.628],[12.817,45.693],[12.652,45.562],[12.163,45.497],[12.16,45.17],[12.403,45.039],[12.4,44.777],[12.319,44.777],[12.238,44.777],[12.157,44.843],[12.154,44.451]]],[[[10.215,42.691],[10.134,42.886],[10.214,42.886],[10.455,42.886],[10.455,42.691],[10.215,42.691]]],[[[16.796,43.017],[17.119,43.082],[17.2,43.082],[17.192,42.886],[16.791,42.886],[16.796,43.017]]]]}},{"type":"Feature","id":"cliopatria-231ac83fb91c4d6cd7b7d988","properties":{"NAME":"Seleucid Empire","ABBREVN":null,"CONTROL":null,"SUBJECTO":"Seleucid Empire","PARTOF":null,"BORDERPRECISION":1,"FromYear":-202,"ToYear":-198,"Area":2274946.6092881486,"Type":"POLITY","Wikipedia":"Seleucid dynasty","Wikidata":"Q705904","SeshatID":"ir_seleucid_emp","Components":"","MemberOf":"","sourceFeatureId":"cliopatria-231ac83fb91c4d6cd7b7d988","datasetId":"cliopatria"},"geometry":{"type":"MultiPolygon","coordinates":[[[[45.473,41.068],[45.675,40.874],[45.492,40.744],[45.524,40.485],[46.493,40.161],[46.537,39.967],[46.774,39.967],[47.054,39.773],[47.381,39.838],[47.515,39.708],[48.304,39.708],[48.673,39.579],[48.806,39.45],[48.782,39.32],[48.928,39.256],[48.742,38.674],[48.821,38.674],[48.807,38.158],[48.795,38.093],[48.326,38.093],[47.252,38.674],[46.121,38.481],[45.854,38.287],[45.635,37.9],[45.224,37.771],[45.174,37.448],[45.252,37.448],[45.29,37.19],[45.446,37.19],[45.426,37.062],[45.261,36.997],[45.149,35.709],[46.031,35.387],[47.954,35.323],[49.083,35.13],[49.5,35.323],[49.608,35.516],[50.48,35.645],[50.855,36.031],[52.008,36.417],[52.108,36.546],[52.186,36.546],[53.088,36.804],[53.955,36.868],[54.033,36.868],[54.774,36.675],[55.785,36.675],[56.212,36.868],[56.834,36.868],[57.444,36.804],[57.702,36.546],[58.453,36.417],[59.074,36.417],[60.047,36.61],[61.213,36.61],[61.157,36.353],[61.235,36.353],[61.303,35.58],[61.804,35.387],[62.191,35.387],[62.623,34.872],[63.15,34.808],[63.277,34.679],[63.83,34.744],[63.957,34.615],[64.188,34.615],[64.37,34.744],[64.755,34.744],[65.415,34.937],[65.618,34.808],[66.144,34.744],[66.563,34.551],[66.535,34.422],[66.458,34.422],[66.352,34.293],[65.751,34.358],[65.387,34.1],[65.242,33.779],[65.062,33.65],[65.035,33.522],[65.112,33.522],[64.982,33.264],[64.829,33.264],[64.687,32.943],[64.355,32.814],[64.406,32.686],[63.873,32.3],[63.643,32.3],[63.442,32.043],[63.301,32.107],[62.124,30.629],[61.68,30.244],[61.37,29.729],[61.027,29.472],[60.244,28.251],[59.395,27.544],[58.994,27.351],[58.978,27.222],[58.836,27.287],[58.745,27.158],[58.594,27.158],[58.428,27.029],[58.405,26.837],[58.262,26.901],[57.773,26.579],[57.483,26.001],[57.529,25.744],[57.38,25.744],[57.176,25.936],[57.052,26.837],[56.715,27.158],[56.188,27.158],[56.098,27.029],[56.324,27.029],[56.309,26.901],[56.061,26.708],[55.289,26.515],[55.31,26.708],[55.543,26.772],[55.242,26.772],[54.989,26.515],[54.681,26.451],[54.259,26.708],[53.658,26.708],[53.461,26.965],[52.737,27.222],[52.479,27.608],[52.049,27.801],[51.453,27.865],[51.066,28.444],[51.028,28.765],[50.809,28.83],[50.915,29.087],[50.62,29.151],[50.651,29.408],[50.236,29.729],[50.065,30.179],[49.586,29.987],[48.943,30.308],[48.987,30.051],[48.365,29.922],[48.404,29.601],[48.093,29.537],[47.646,29.601],[47.29,29.794],[46.979,29.729],[46.994,29.858],[46.85,29.922],[46.615,29.858],[46.591,30.308],[45.77,30.436],[44.955,31.272],[44.581,31.336],[44.459,31.593],[43.153,32.814],[42.709,32.943],[42.578,33.136],[42.065,33.329],[42.003,33.457],[41.489,33.65],[41.427,33.779],[41.273,33.779],[41.212,33.907],[40.912,33.972],[40.704,34.165],[40.311,34.1],[40.403,34.229],[40.257,34.293],[39.124,34.486],[37.99,33.972],[37.739,33.779],[37.726,33.65],[37.649,33.65],[37.599,33.907],[37.389,34.1],[37.004,34.1],[36.87,34.293],[36.562,34.293],[36.441,34.615],[36.293,34.679],[36.313,34.872],[36.165,34.937],[36.269,35.194],[35.889,35.258],[35.896,35.323],[35.993,35.516],[35.845,35.58],[35.872,35.838],[35.99,36.224],[35.849,36.353],[36.265,36.61],[36.286,36.804],[36.145,36.933],[35.911,36.933],[35.834,36.933],[35.289,36.933],[35.035,36.739],[34.957,36.739],[34.893,36.868],[34.582,36.868],[34.413,36.739],[34.335,36.739],[34.219,37.126],[33.674,37.126],[33.609,37.255],[33.375,37.255],[32.068,36.61],[31.99,36.61],[31.392,36.868],[30.697,36.933],[30.619,36.933],[29.446,36.868],[29.369,36.868],[28.304,37.19],[28.241,37.384],[27.612,37.319],[27.534,37.319],[27.223,37.319],[27.31,37.448],[27.173,37.706],[27.251,37.706],[27.192,37.964],[27.27,37.964],[27.275,38.029],[27.51,38.029],[27.5,37.9],[27.73,37.835],[27.969,37.9],[28.141,38.093],[28.527,38.029],[28.861,38.287],[28.961,38.545],[29.208,38.674],[29.236,38.997],[29.315,38.997],[29.301,39.708],[28.84,39.838],[27.972,39.838],[27.409,39.708],[27.235,39.514],[26.841,39.514],[26.847,39.579],[26.132,39.514],[26.252,40.032],[26.257,40.096],[26.673,40.355],[26.752,40.355],[27.47,40.42],[27.617,40.291],[27.696,40.291],[28.17,40.291],[28.182,40.42],[28.261,40.42],[28.34,40.42],[28.334,40.355],[28.413,40.355],[28.493,40.355],[28.572,40.355],[28.651,40.355],[28.73,40.355],[28.955,40.226],[29.35,40.226],[29.455,40.485],[29.936,40.55],[29.923,40.42],[30.068,40.291],[30.457,40.226],[30.602,40.096],[30.589,39.967],[31.299,39.967],[31.378,39.967],[31.233,39.32],[31.443,39.062],[31.424,38.868],[31.738,38.868],[31.803,38.739],[32.189,38.674],[33.587,38.545],[33.669,37.835],[35.671,37.577],[35.998,37.706],[36.348,38.029],[37.115,37.9],[37.318,38.287],[38.126,38.481],[38.814,38.933],[39.11,38.803],[39.25,38.674],[39.232,38.545],[39.389,38.545],[39.45,38.416],[40.52,38.222],[40.514,38.739],[40.658,39.191],[40.51,39.256],[40.478,39.579],[39.848,39.579],[39.751,39.45],[39.209,39.514],[38.954,39.385],[38.745,39.579],[38.93,39.773],[38.79,39.902],[40.398,40.096],[40.507,40.291],[40.754,40.355],[40.774,40.485],[40.567,40.679],[41.005,40.938],[40.995,40.874],[41.122,40.679],[41.36,40.679],[41.535,41.263],[42.25,41.263],[42.363,41.457],[42.295,41.522],[42.533,41.522],[42.556,41.652],[43.784,41.392],[44.034,41.457],[44.237,41.263],[45.124,41.327],[45.179,41.198],[45.259,41.198],[45.235,41.068],[45.473,41.068]]],[[[26.644,38.997],[26.246,38.933],[26.094,38.997],[26.103,39.126],[25.793,39.191],[26.044,39.385],[26.123,39.385],[26.511,39.32],[26.644,38.997]]],[[[47.077,39.902],[47.156,39.902],[47.145,39.838],[47.066,39.838],[47.077,39.902]]],[[[46.931,39.967],[47.01,39.967],[46.999,39.902],[46.92,39.902],[46.931,39.967]]]]}},{"type":"Feature","id":"cliopatria-64226e14888f2bc197e7bcc2","properties":{"NAME":"(Allegiance of Seleucid Empire to Roman Republic)","ABBREVN":null,"CONTROL":null,"SUBJECTO":"(Allegiance of Seleucid Empire to Roman Republic)","PARTOF":null,"BORDERPRECISION":1,"FromYear":-202,"ToYear":-198,"Area":2869787.7733525243,"Type":"RELATION","Wikipedia":"Seleucid dynasty","Wikidata":"Q705904","SeshatID":"ir_seleucid_emp;it_roman_rep_2","Components":"Roman Republic;Seleucid Empire","MemberOf":"","sourceFeatureId":"cliopatria-64226e14888f2bc197e7bcc2","datasetId":"cliopatria"},"geometry":{"type":"MultiPolygon","coordinates":[[[[2.608,34.486],[2.61,34.422],[2.533,34.422],[2.531,34.486],[2.608,34.486]]],[[[8.769,34.808],[8.924,34.679],[8.928,34.165],[8.851,34.165],[8.311,34.293],[8.081,34.229],[8.002,34.422],[7.615,34.551],[7.153,34.486],[6.92,34.615],[6.459,34.551],[6.148,34.679],[5.377,34.679],[5.149,34.551],[4.454,34.615],[3.843,34.422],[3.456,34.486],[3.151,34.358],[2.921,34.358],[2.45,34.615],[1.294,34.615],[0.685,34.422],[0.451,34.486],[0.303,34.358],[-1.237,34.358],[-1.305,34.165],[-1.539,34.229],[-1.61,34.1],[-1.693,34.229],[-2.382,34.165],[-2.459,34.165],[-2.854,34.358],[-2.788,34.551],[-2.945,34.615],[-2.886,34.937],[-2.809,34.937],[-2.743,35.13],[-1.661,35.13],[-1.591,35.258],[-1.359,35.258],[-1.136,35.451],[-1.224,35.645],[-1.066,35.58],[-0.917,35.709],[-0.53,35.709],[-0.459,35.838],[-0.146,35.773],[0.081,35.902],[0.158,35.902],[0.388,35.966],[0.454,36.224],[0.531,36.224],[0.684,36.288],[0.678,36.417],[0.914,36.353],[1.216,36.546],[1.53,36.482],[1.835,36.61],[1.913,36.61],[1.918,36.482],[2.772,36.482],[3.156,36.61],[4.866,36.61],[5.258,36.482],[5.41,36.61],[5.645,36.546],[5.952,36.739],[6.34,36.739],[6.726,36.933],[6.803,36.933],[6.805,36.868],[6.882,36.868],[6.96,36.868],[7.12,36.61],[7.664,36.61],[7.666,36.482],[7.822,36.417],[7.99,35.387],[7.991,35.323],[7.994,35.065],[8.151,34.872],[8.769,34.808]]],[[[14.337,35.838],[14.34,36.031],[14.417,36.031],[14.571,35.966],[14.568,35.773],[14.337,35.838]]],[[[9.526,37.255],[10.227,37.255],[10.306,36.997],[10.306,36.933],[10.072,36.933],[10.073,36.804],[10.384,36.675],[10.307,36.482],[10.074,36.482],[9.996,36.675],[9.84,36.675],[9.762,36.675],[9.528,36.804],[9.605,37.062],[9.448,37.255],[9.526,37.255]]],[[[1.238,41.198],[0.696,40.938],[0.709,40.679],[0.248,40.42],[0.183,40.161],[-0.126,40.032],[-0.345,39.708],[-0.314,39.126],[0.099,38.739],[-0.661,38.287],[-0.803,38.029],[-0.705,37.642],[-1.709,37.448],[-1.623,37.319],[-1.857,37.319],[-2.062,36.804],[-2.532,36.868],[-2.68,36.739],[-4.469,36.739],[-4.689,36.546],[-5.228,36.482],[-5.288,36.224],[-5.662,36.031],[-5.831,36.224],[-6.064,36.224],[-6.432,36.997],[-6.588,36.997],[-6.842,37.255],[-7.465,37.255],[-7.554,37.384],[-7.575,37.642],[-7.284,37.9],[-7.222,38.093],[-6.011,38.61],[-5.87,38.803],[-5.482,38.868],[-5.34,39.062],[-4.943,38.997],[-4.854,38.868],[-4.702,38.933],[-4.692,38.803],[-4.203,38.545],[-2.239,38.481],[-1.941,38.739],[-1.631,38.803],[-1.418,39.191],[-1.43,39.385],[-1.351,39.385],[-1.449,39.708],[-1.22,39.838],[-1.232,40.032],[-1.003,40.161],[-1.011,40.291],[-0.411,40.874],[-0.419,41.003],[-0.184,41.068],[-0.048,41.457],[0.18,41.652],[0.299,42.366],[0.772,42.496],[0.859,42.366],[1.422,42.301],[1.997,41.976],[2.718,41.911],[2.712,42.041],[2.869,42.106],[2.875,41.976],[2.955,41.976],[2.886,41.717],[2.334,41.587],[2.107,41.327],[1.238,41.198]]],[[[9.823,40.355],[9.665,40.291],[9.747,39.644],[9.669,39.644],[9.593,39.126],[9.12,39.191],[8.966,38.868],[8.73,38.868],[8.336,38.997],[8.412,39.256],[8.333,39.256],[8.33,39.514],[8.409,39.514],[8.483,39.902],[8.325,39.967],[8.4,40.291],[8.321,40.291],[8.319,40.485],[8.16,40.55],[8.155,40.938],[8.552,40.874],[9.025,41.263],[9.104,41.263],[9.502,41.198],[9.822,40.744],[9.823,40.355]]],[[[12.313,44.19],[12.873,43.798],[13.036,43.863],[13.034,43.733],[13.355,43.668],[13.673,43.407],[13.747,43.082],[13.985,42.951],[13.901,42.756],[14.056,42.496],[14.371,42.236],[14.531,42.236],[14.608,42.106],[14.769,42.171],[14.766,42.041],[14.924,41.976],[15.165,42.041],[15.241,41.911],[16.119,41.911],[16.115,41.782],[15.874,41.717],[15.944,41.392],[17.203,41.003],[17.511,40.744],[17.981,40.614],[18.438,40.161],[18.349,39.902],[18.112,39.902],[17.813,40.355],[17.418,40.355],[17.345,40.55],[17.028,40.55],[16.868,40.485],[16.945,40.42],[16.862,40.291],[16.624,40.291],[16.697,40.096],[16.457,39.967],[16.447,39.644],[16.916,39.514],[17.07,39.385],[17.138,39.062],[16.502,38.803],[16.492,38.416],[15.933,37.964],[15.698,37.964],[15.624,38.158],[15.389,38.158],[15.066,37.642],[15.059,37.255],[15.214,37.19],[15.05,36.739],[14.661,36.739],[14.278,37.126],[13.578,37.255],[13.192,37.577],[12.49,37.706],[12.492,37.9],[12.65,38.093],[13.04,38.029],[13.12,38.158],[13.355,38.158],[13.665,37.964],[14.056,37.964],[15.862,38.287],[15.95,38.674],[16.265,38.739],[16.27,38.933],[16.117,39.062],[15.899,39.773],[15.666,39.902],[15.748,40.032],[15.432,40.032],[15.199,40.226],[15.041,40.226],[14.893,40.679],[14.418,40.679],[14.422,40.874],[14.105,40.874],[13.951,41.133],[13.792,41.133],[13.715,41.263],[13,41.327],[12.131,41.911],[12.132,42.041],[11.813,42.106],[11.655,42.366],[11.495,42.301],[11.415,42.431],[11.255,42.431],[11.176,42.626],[11.016,42.626],[11.016,42.821],[10.535,43.082],[10.374,43.668],[10.213,43.863],[10.212,44.059],[10.374,44.124],[10.373,44.255],[10.535,44.255],[10.535,44.385],[10.697,44.451],[10.616,44.712],[10.21,44.973],[8.909,45.104],[8.581,45.366],[8.579,45.497],[8.904,45.628],[10.534,45.628],[10.86,45.497],[11.511,45.497],[12.082,45.628],[12.741,46.152],[13.15,46.218],[13.39,45.824],[13.145,45.824],[13.06,45.628],[12.817,45.693],[12.652,45.562],[12.163,45.497],[12.16,45.17],[12.403,45.039],[12.4,44.777],[12.319,44.777],[12.238,44.777],[12.157,44.843],[12.154,44.451],[12.313,44.19]]],[[[9.574,42.756],[9.578,41.976],[9.498,41.976],[9.499,41.782],[9.262,41.392],[9.104,41.327],[8.784,41.522],[8.782,41.717],[8.623,41.717],[8.7,41.911],[8.539,42.106],[8.535,42.496],[8.773,42.691],[9.173,42.756],[9.251,43.017],[9.331,43.017],[9.492,43.017],[9.493,42.756],[9.574,42.756]]],[[[10.134,42.886],[10.214,42.886],[10.455,42.886],[10.455,42.691],[10.215,42.691],[10.134,42.886]]],[[[17.119,43.082],[17.2,43.082],[17.192,42.886],[16.791,42.886],[16.796,43.017],[17.119,43.082]]],[[[45.675,40.874],[45.492,40.744],[45.524,40.485],[46.493,40.161],[46.537,39.967],[46.774,39.967],[47.054,39.773],[47.381,39.838],[47.515,39.708],[48.304,39.708],[48.673,39.579],[48.806,39.45],[48.782,39.32],[48.928,39.256],[48.742,38.674],[48.821,38.674],[48.807,38.158],[48.795,38.093],[48.326,38.093],[47.252,38.674],[46.121,38.481],[45.854,38.287],[45.635,37.9],[45.224,37.771],[45.174,37.448],[45.252,37.448],[45.29,37.19],[45.446,37.19],[45.426,37.062],[45.261,36.997],[45.149,35.709],[46.031,35.387],[47.954,35.323],[49.083,35.13],[49.5,35.323],[49.608,35.516],[50.48,35.645],[50.855,36.031],[52.008,36.417],[52.108,36.546],[52.186,36.546],[53.088,36.804],[53.955,36.868],[54.033,36.868],[54.774,36.675],[55.785,36.675],[56.212,36.868],[56.834,36.868],[57.444,36.804],[57.702,36.546],[58.453,36.417],[59.074,36.417],[60.047,36.61],[61.213,36.61],[61.157,36.353],[61.235,36.353],[61.303,35.58],[61.804,35.387],[62.191,35.387],[62.623,34.872],[63.15,34.808],[63.277,34.679],[63.83,34.744],[63.957,34.615],[64.188,34.615],[64.37,34.744],[64.755,34.744],[65.415,34.937],[65.618,34.808],[66.144,34.744],[66.563,34.551],[66.535,34.422],[66.458,34.422],[66.352,34.293],[65.751,34.358],[65.387,34.1],[65.242,33.779],[65.062,33.65],[65.035,33.522],[65.112,33.522],[64.982,33.264],[64.829,33.264],[64.687,32.943],[64.355,32.814],[64.406,32.686],[63.873,32.3],[63.643,32.3],[63.442,32.043],[63.301,32.107],[62.124,30.629],[61.68,30.244],[61.37,29.729],[61.027,29.472],[60.244,28.251],[59.395,27.544],[58.994,27.351],[58.978,27.222],[58.836,27.287],[58.745,27.158],[58.594,27.158],[58.428,27.029],[58.405,26.837],[58.262,26.901],[57.773,26.579],[57.483,26.001],[57.529,25.744],[57.38,25.744],[57.176,25.936],[57.052,26.837],[56.715,27.158],[56.188,27.158],[56.098,27.029],[56.324,27.029],[56.309,26.901],[56.061,26.708],[55.289,26.515],[55.31,26.708],[55.543,26.772],[55.242,26.772],[54.989,26.515],[54.681,26.451],[54.259,26.708],[53.658,26.708],[53.461,26.965],[52.737,27.222],[52.479,27.608],[52.049,27.801],[51.453,27.865],[51.066,28.444],[51.028,28.765],[50.809,28.83],[50.915,29.087],[50.62,29.151],[50.651,29.408],[50.236,29.729],[50.065,30.179],[49.586,29.987],[48.943,30.308],[48.987,30.051],[48.365,29.922],[48.404,29.601],[48.093,29.537],[47.646,29.601],[47.29,29.794],[46.979,29.729],[46.994,29.858],[46.85,29.922],[46.615,29.858],[46.591,30.308],[45.77,30.436],[44.955,31.272],[44.581,31.336],[44.459,31.593],[43.153,32.814],[42.709,32.943],[42.578,33.136],[42.065,33.329],[42.003,33.457],[41.489,33.65],[41.427,33.779],[41.273,33.779],[41.212,33.907],[40.912,33.972],[40.704,34.165],[40.311,34.1],[40.403,34.229],[40.257,34.293],[39.124,34.486],[37.99,33.972],[37.739,33.779],[37.726,33.65],[37.649,33.65],[37.599,33.907],[37.389,34.1],[37.004,34.1],[36.87,34.293],[36.562,34.293],[36.441,34.615],[36.293,34.679],[36.313,34.872],[36.165,34.937],[36.269,35.194],[35.889,35.258],[35.896,35.323],[35.993,35.516],[35.845,35.58],[35.872,35.838],[35.99,36.224],[35.849,36.353],[36.265,36.61],[36.286,36.804],[36.145,36.933],[35.911,36.933],[35.834,36.933],[35.289,36.933],[35.035,36.739],[34.957,36.739],[34.893,36.868],[34.582,36.868],[34.413,36.739],[34.335,36.739],[34.219,37.126],[33.674,37.126],[33.609,37.255],[33.375,37.255],[32.068,36.61],[31.99,36.61],[31.392,36.868],[30.697,36.933],[30.619,36.933],[29.446,36.868],[29.369,36.868],[28.304,37.19],[28.241,37.384],[27.612,37.319],[27.534,37.319],[27.223,37.319],[27.31,37.448],[27.173,37.706],[27.251,37.706],[27.192,37.964],[27.27,37.964],[27.275,38.029],[27.51,38.029],[27.5,37.9],[27.73,37.835],[27.969,37.9],[28.141,38.093],[28.527,38.029],[28.861,38.287],[28.961,38.545],[29.208,38.674],[29.236,38.997],[29.315,38.997],[29.301,39.708],[28.84,39.838],[27.972,39.838],[27.409,39.708],[27.235,39.514],[26.841,39.514],[26.847,39.579],[26.132,39.514],[26.252,40.032],[26.257,40.096],[26.673,40.355],[26.752,40.355],[27.47,40.42],[27.617,40.291],[27.696,40.291],[28.17,40.291],[28.182,40.42],[28.261,40.42],[28.34,40.42],[28.334,40.355],[28.413,40.355],[28.493,40.355],[28.572,40.355],[28.651,40.355],[28.73,40.355],[28.955,40.226],[29.35,40.226],[29.455,40.485],[29.936,40.55],[29.923,40.42],[30.068,40.291],[30.457,40.226],[30.602,40.096],[30.589,39.967],[31.299,39.967],[31.378,39.967],[31.233,39.32],[31.443,39.062],[31.424,38.868],[31.738,38.868],[31.803,38.739],[32.189,38.674],[33.587,38.545],[33.669,37.835],[35.671,37.577],[35.998,37.706],[36.348,38.029],[37.115,37.9],[37.318,38.287],[38.126,38.481],[38.814,38.933],[39.11,38.803],[39.25,38.674],[39.232,38.545],[39.389,38.545],[39.45,38.416],[40.52,38.222],[40.514,38.739],[40.658,39.191],[40.51,39.256],[40.478,39.579],[39.848,39.579],[39.751,39.45],[39.209,39.514],[38.954,39.385],[38.745,39.579],[38.93,39.773],[38.79,39.902],[40.398,40.096],[40.507,40.291],[40.754,40.355],[40.774,40.485],[40.567,40.679],[41.005,40.938],[40.995,40.874],[41.122,40.679],[41.36,40.679],[41.535,41.263],[42.25,41.263],[42.363,41.457],[42.295,41.522],[42.533,41.522],[42.556,41.652],[43.784,41.392],[44.034,41.457],[44.237,41.263],[45.124,41.327],[45.179,41.198],[45.259,41.198],[45.235,41.068],[45.473,41.068],[45.675,40.874]]],[[[26.246,38.933],[26.094,38.997],[26.103,39.126],[25.793,39.191],[26.044,39.385],[26.123,39.385],[26.511,39.32],[26.644,38.997],[26.246,38.933]]],[[[19.764,39.773],[19.921,39.773],[19.918,39.708],[19.912,39.579],[19.758,39.644],[19.764,39.773]]],[[[47.156,39.902],[47.145,39.838],[47.066,39.838],[47.077,39.902],[47.156,39.902]]],[[[46.999,39.902],[46.92,39.902],[46.931,39.967],[47.01,39.967],[46.999,39.902]]],[[[19.523,41.392],[19.444,41.392],[19.53,41.522],[19.45,41.522],[19.542,41.782],[19.463,41.782],[19.466,41.847],[19.785,41.847],[20.077,41.327],[19.978,40.938],[19.813,40.809],[19.733,40.809],[19.575,40.809],[19.562,40.55],[19.41,40.679],[19.328,40.614],[19.249,40.614],[19.255,40.744],[19.498,40.874],[19.438,41.263],[19.523,41.392]]]]}},{"type":"Feature","id":"cliopatria-5ef2f6cf1a1134363fc10b66","properties":{"NAME":"Minyue","ABBREVN":null,"CONTROL":null,"SUBJECTO":"Minyue","PARTOF":null,"BORDERPRECISION":1,"FromYear":-202,"ToYear":-171,"Area":268210.54502946703,"Type":"POLITY","Wikipedia":"Minyue","Wikidata":"Q1936158","SeshatID":"","Components":"","MemberOf":"","sourceFeatureId":"cliopatria-5ef2f6cf1a1134363fc10b66","datasetId":"cliopatria"},"geometry":{"type":"MultiPolygon","coordinates":[[[[119.645,26.065],[119.778,26.001],[119.546,25.679],[119.664,25.551],[119.616,25.358],[119.273,25.486],[119.391,25.358],[119.344,25.165],[119.029,25.101],[119.074,24.972],[118.819,24.844],[118.76,24.586],[118.147,24.522],[118.076,24.201],[117.721,23.943],[117.694,23.815],[117.47,23.815],[117.179,23.493],[116.894,23.558],[116.78,23.365],[116.815,23.172],[116.591,23.172],[116.54,22.915],[115.696,22.786],[115.671,22.658],[115.373,22.658],[115.174,22.786],[114.902,22.529],[114.753,22.529],[114.703,22.658],[114.715,22.722],[114.902,22.915],[114.605,23.301],[114.631,23.429],[114.495,23.493],[114.526,24.008],[114.451,24.008],[114.465,24.072],[114.478,24.136],[114.492,24.201],[114.506,24.265],[114.519,24.329],[114.533,24.393],[114.781,25.486],[115.228,26.387],[114.961,26.515],[115.028,26.772],[114.953,26.772],[115.335,28.894],[115.259,28.894],[115.642,29.858],[115.804,30.115],[115.977,30.179],[116.129,30.179],[116.27,29.922],[116.53,29.794],[117.7,29.665],[117.808,29.537],[118.036,29.537],[118.165,28.765],[118.351,28.637],[118.291,28.444],[118.422,28.38],[118.494,27.865],[118.625,27.801],[118.877,26.837],[119.009,26.772],[119.137,26.129],[119.254,26.001],[119.57,26.065],[119.645,26.065]]]]}},{"type":"Feature","id":"cliopatria-a8fb2247aec417d75e5ea6da","properties":{"NAME":"Nanyue","ABBREVN":null,"CONTROL":null,"SUBJECTO":"Nanyue","PARTOF":null,"BORDERPRECISION":1,"FromYear":-202,"ToYear":-171,"Area":351447.67468188703,"Type":"POLITY","Wikipedia":"Nanyue","Wikidata":"Q827040","SeshatID":"","Components":"","MemberOf":"","sourceFeatureId":"cliopatria-a8fb2247aec417d75e5ea6da","datasetId":"cliopatria"},"geometry":{"type":"MultiPolygon","coordinates":[[[[114.451,24.008],[114.526,24.008],[114.495,23.493],[114.631,23.429],[114.605,23.301],[114.902,22.915],[114.715,22.722],[114.641,22.722],[114.531,22.143],[114.37,22.079],[113.999,22.079],[113.996,22.465],[113.785,22.529],[113.747,22.722],[113.599,22.722],[113.699,22.465],[113.639,22.143],[113.416,22.143],[113.318,22.015],[113.106,22.079],[113.071,21.886],[112.774,21.886],[112.441,21.693],[111.859,21.758],[111.664,21.501],[110.984,21.436],[110.739,21.308],[110.716,21.179],[110.419,21.179],[110.483,21.115],[110.364,20.858],[110.616,20.601],[110.487,20.279],[109.883,20.215],[109.927,20.472],[109.789,20.536],[109.77,20.858],[109.696,20.858],[109.87,21.436],[109.807,21.501],[109.116,21.372],[109.086,21.629],[108.652,21.693],[108.555,21.565],[107.79,21.436],[107.417,20.986],[106.961,20.922],[106.834,20.601],[106.685,20.601],[106.537,20.151],[105.965,19.829],[105.734,18.865],[106.051,18.543],[106.031,18.415],[106.178,18.415],[106.295,18.222],[106.57,18.093],[106.571,17.643],[106.772,17.515],[106.752,17.386],[107.026,17.258],[106.607,16.936],[106.396,17],[106.416,17.129],[105.144,18.415],[105.185,18.672],[105.037,18.672],[105.142,18.865],[105.015,18.993],[105.014,19.443],[104.94,19.443],[104.992,19.765],[104.865,19.893],[104.981,20.151],[104.44,20.472],[104.619,20.665],[104.905,20.601],[104.873,20.858],[105.096,20.858],[104.851,21.179],[104.979,21.501],[104.926,21.629],[105.096,21.758],[105.128,21.951],[104.863,22.143],[104.981,22.401],[105.141,22.465],[105.272,22.786],[105.764,23.043],[106.156,23.558],[106.466,23.622],[107.149,24.072],[109.379,24.393],[111.009,24.329],[111.022,24.393],[111.457,24.329],[112.109,24.586],[113.828,24.586],[114.533,24.393],[114.519,24.329],[114.506,24.265],[114.492,24.201],[114.478,24.136],[114.465,24.072],[114.451,24.008]]],[[[106.156,23.558],[106.082,23.558],[106.094,23.622],[106.168,23.622],[106.156,23.558]]]]}}]}
