{"type":"FeatureCollection","name":"Seshat Cliopatria -700–-601","datasetId":"cliopatria","startYear":-700,"endYear":-601,"features":[{"type":"Feature","id":"cliopatria-a38f5ec953344fa3524939c3","properties":{"NAME":"Phoenicia","ABBREVN":null,"CONTROL":null,"SUBJECTO":"Phoenicia","PARTOF":"(Phoenician Empire)","BORDERPRECISION":1,"FromYear":-750,"ToYear":-676,"Area":28357.095344493027,"Type":"POLITY","Wikipedia":"Phoenicia","Wikidata":"Q41642","SeshatID":"lb_phoenician_emp","Components":"","MemberOf":"(Phoenician Empire)","sourceFeatureId":"cliopatria-a38f5ec953344fa3524939c3","datasetId":"cliopatria"},"geometry":{"type":"MultiPolygon","coordinates":[[[[14.369,32.557],[14.675,32.557],[14.901,32.365],[14.825,32.365],[14.517,32.172],[14.369,32.557]]],[[[35.776,33.329],[35.445,33.072],[35.221,33.136],[35.227,33.2],[35.398,33.393],[35.346,33.65],[35.499,33.65],[35.447,33.907],[35.684,33.972],[35.644,34.358],[35.792,34.293],[36.049,34.551],[36.068,34.744],[35.927,34.872],[35.96,35.194],[35.882,35.194],[35.986,35.451],[35.993,35.516],[36.232,35.58],[36.373,35.451],[36.353,35.258],[36.185,35.13],[36.165,34.937],[36.313,34.872],[36.203,34.551],[36.28,34.551],[36.235,34.1],[36.049,33.779],[36.043,33.715],[36.024,33.522],[35.776,33.329]]],[[[33.856,35.001],[33.523,34.744],[33.369,34.744],[33.292,34.744],[33.238,35.001],[33.47,35.001],[33.809,35.323],[33.957,35.258],[33.951,35.194],[34.099,35.13],[34.087,35.001],[33.856,35.001]]],[[[10.542,35.516],[10.851,35.773],[10.851,35.645],[11.083,35.58],[11.083,35.387],[11.006,35.387],[11.006,35.451],[10.619,35.323],[10.542,35.516]]],[[[-3.851,36.804],[-4.469,36.739],[-4.689,36.546],[-5.228,36.482],[-5.288,36.224],[-5.516,36.16],[-5.585,36.031],[-5.831,36.224],[-6.064,36.224],[-6.248,36.61],[-5.918,36.353],[-5.452,36.353],[-5.306,36.482],[-5.31,36.546],[-4.555,36.868],[-3.851,36.804]]],[[[10.54,36.739],[10.851,36.997],[11.006,36.997],[11.006,36.804],[10.462,36.417],[10.54,36.224],[10.23,36.288],[10.23,36.417],[9.84,36.739],[9.917,36.739],[10.228,36.868],[10.54,36.739]]],[[[7.665,36.546],[7.272,36.868],[7.346,37.062],[7.659,36.997],[7.66,36.933],[7.971,36.933],[7.665,36.546]]],[[[10.306,36.933],[10.306,36.868],[10.228,36.868],[10.228,36.933],[10.306,36.933]]],[[[9.059,37.062],[9.603,37.319],[9.993,37.19],[10.227,37.255],[10.228,37.062],[10.072,37.126],[9.994,36.933],[9.683,36.997],[9.295,36.739],[8.983,36.868],[8.983,36.933],[8.826,36.997],[8.903,37.126],[9.059,37.062]]]]}},{"type":"Feature","id":"cliopatria-e6f63cf6f61e52be8666ae5e","properties":{"NAME":"Etruscans","ABBREVN":null,"CONTROL":null,"SUBJECTO":"Etruscans","PARTOF":null,"BORDERPRECISION":1,"FromYear":-750,"ToYear":-651,"Area":42547.808939615774,"Type":"POLITY","Wikipedia":"Etruscan civilization","Wikidata":"Q17161","SeshatID":"","Components":"","MemberOf":"","sourceFeatureId":"cliopatria-e6f63cf6f61e52be8666ae5e","datasetId":"cliopatria"},"geometry":{"type":"MultiPolygon","coordinates":[[[[11.733,42.171],[11.655,42.366],[11.495,42.301],[11.415,42.431],[11.255,42.431],[11.176,42.626],[11.016,42.626],[11.016,42.821],[10.535,43.082],[10.293,43.798],[11.987,43.798],[12.546,43.407],[12.95,43.472],[13.181,42.821],[13.5,42.691],[13.417,42.561],[13.257,42.561],[13.331,42.171],[13.092,42.236],[13.011,42.106],[13.329,42.041],[13.327,41.911],[13.565,41.847],[13.806,41.911],[14.041,41.717],[14.035,41.392],[13.871,41.133],[13.715,41.263],[13,41.327],[12.368,41.717],[12.452,42.106],[11.973,42.106],[11.893,42.106],[11.733,42.171]]],[[[10.214,42.886],[10.455,42.886],[10.455,42.691],[10.215,42.691],[10.134,42.886],[10.214,42.886]]]]}},{"type":"Feature","id":"cliopatria-baa3f2cdfeab9b9913bd24b2","properties":{"NAME":"(Spring and Autumn States)","ABBREVN":null,"CONTROL":null,"SUBJECTO":"(Spring and Autumn States)","PARTOF":null,"BORDERPRECISION":1,"FromYear":-750,"ToYear":-551,"Area":1008534.3963654933,"Type":"POLITY","Wikipedia":"Spring and Autumn Period","Wikidata":"Q185047","SeshatID":"","Components":"Teng;Qin;Zhu;Cai;Jin;Lu;Zheng;Xu;Yan;Cao;Wey;Qi;Song;Chen;Chu;Wu;Later Zhou","MemberOf":"","sourceFeatureId":"cliopatria-baa3f2cdfeab9b9913bd24b2","datasetId":"cliopatria"},"geometry":{"type":"MultiPolygon","coordinates":[[[[116.043,30.372],[114.113,30.501],[113.951,30.244],[113.584,30.051],[113.267,29.537],[112.904,29.344],[111.996,29.344],[111.809,29.472],[111.299,29.537],[110.662,29.922],[110.227,29.987],[110.406,30.308],[109.916,30.436],[109.476,30.951],[109.486,31.208],[109.356,31.272],[109.475,31.4],[109.312,31.593],[109.629,32.493],[109.552,32.493],[109.816,33.007],[109.711,33.136],[109.783,33.329],[110.215,33.457],[110.212,33.65],[110.491,33.779],[110.489,33.972],[110.872,34.165],[110.897,34.229],[110.82,34.229],[110.743,34.229],[110.359,34.229],[109.69,34.486],[107.943,34.551],[108.453,35.258],[108.298,35.258],[108.35,35.387],[108.17,35.516],[108.222,35.645],[108.79,35.709],[109.655,36.482],[112.094,37.255],[112.172,37.255],[112.201,37.319],[113.267,37.771],[114.107,38.545],[114.092,38.674],[114.359,38.739],[115.448,39.644],[115.831,39.773],[115.9,39.902],[116.023,39.838],[116.102,39.838],[116.136,39.902],[116.452,39.902],[117.567,40.355],[119.344,40.42],[121.227,40.938],[120.647,40.485],[120.5,40.226],[119.38,39.773],[119.319,39.514],[119.284,39.45],[118.989,39.191],[118.45,39.062],[118.057,39.062],[118.046,39.191],[117.888,39.191],[117.676,38.933],[117.622,38.674],[117.602,38.481],[118.054,38.287],[118.067,38.158],[118.583,38.093],[118.648,38.222],[118.804,38.222],[118.772,38.158],[119.131,38.093],[119.209,38.093],[119.177,38.029],[119.457,37.964],[119.393,37.835],[119.237,37.835],[118.984,37.319],[119.14,37.319],[119.156,37.19],[119.701,37.19],[119.827,37.448],[120.202,37.577],[120.188,37.706],[120.754,37.9],[121.112,37.835],[121.171,37.642],[121.483,37.642],[121.497,37.513],[122.154,37.577],[122.121,37.513],[122.713,37.448],[122.474,37.126],[122.566,36.997],[122.394,36.804],[121.912,36.933],[121.212,36.61],[120.979,36.61],[120.965,36.417],[120.81,36.417],[120.732,36.417],[120.701,36.353],[120.659,36.095],[120.318,36.031],[119.986,35.645],[119.619,35.516],[119.256,34.872],[119.228,34.808],[119.305,34.808],[119.711,34.679],[119.732,34.551],[119.985,34.422],[120.342,34.358],[120.314,34.293],[120.489,34.165],[120.55,33.586],[120.926,33.2],[120.919,32.622],[121.403,32.493],[121.503,32.172],[121.783,32.107],[121.987,31.85],[121.836,31.658],[121.683,31.658],[121.581,31.786],[120.995,31.85],[120.919,31.85],[120.894,31.786],[120.97,31.786],[121.047,31.786],[121.634,31.529],[121.584,31.4],[121.737,31.4],[121.995,31.079],[121.899,30.822],[121.519,30.822],[121.197,30.565],[121.045,30.565],[120.68,30.179],[120.809,30.115],[121.105,30.308],[121.484,30.308],[121.62,30.051],[122.03,29.922],[121.82,29.537],[121.42,29.472],[121.312,29.601],[120.242,29.794],[119.778,29.987],[119.226,29.922],[118.36,29.601],[117.981,29.601],[117.96,29.537],[117.884,29.537],[117.905,29.601],[117.527,29.601],[117.191,29.729],[116.736,29.729],[116.27,29.922],[116.097,30.308],[116.119,30.372],[116.043,30.372]]]]}},{"type":"Feature","id":"cliopatria-107e6f7fe63967b8a5440e09","properties":{"NAME":"Jin","ABBREVN":null,"CONTROL":null,"SUBJECTO":"Jin","PARTOF":"(Spring and Autumn States)","BORDERPRECISION":1,"FromYear":-750,"ToYear":-551,"Area":136495.40551245358,"Type":"POLITY","Wikipedia":"Jin (Chinese state)","Wikidata":"Q6201794","SeshatID":"cn_jin_spring_and_autumn","Components":"","MemberOf":"(Spring and Autumn States)","sourceFeatureId":"cliopatria-107e6f7fe63967b8a5440e09","datasetId":"cliopatria"},"geometry":{"type":"MultiPolygon","coordinates":[[[[114.281,35.516],[114.253,35.451],[114.226,35.387],[113.762,35.387],[113.685,35.387],[113.607,35.387],[113.53,35.387],[112.32,35.451],[112.107,34.937],[112.184,34.937],[112.155,34.486],[110.897,34.229],[110.82,34.229],[110.82,34.422],[110.691,34.486],[110.717,34.744],[110.588,34.808],[110.666,35.001],[111.003,35.258],[111.163,35.645],[111.062,35.773],[111.23,36.353],[111.413,36.417],[112.172,37.255],[112.201,37.319],[113.267,37.771],[114.107,38.545],[114.092,38.674],[114.359,38.739],[115.448,39.644],[115.831,39.773],[115.9,39.902],[116.023,39.838],[116.102,39.838],[115.865,39.385],[116.101,39.385],[116.092,39.062],[116.262,38.933],[116.164,38.739],[116.399,38.739],[116.145,38.545],[117.197,38.61],[116.596,38.029],[116.439,37.706],[116.222,37.577],[115.961,37.19],[115.442,36.739],[114.61,36.095],[114.314,35.773],[114.281,35.516]]]]}},{"type":"Feature","id":"cliopatria-29117a1a62b148f985c68d0a","properties":{"NAME":"Qi","ABBREVN":null,"CONTROL":null,"SUBJECTO":"Qi","PARTOF":"(Spring and Autumn States)","BORDERPRECISION":1,"FromYear":-750,"ToYear":-551,"Area":102632.17941643945,"Type":"POLITY","Wikipedia":"Qi (state)","Wikidata":"Q1143524","SeshatID":"cn_qi_spring_autumn","Components":"","MemberOf":"(Spring and Autumn States)","sourceFeatureId":"cliopatria-29117a1a62b148f985c68d0a","datasetId":"cliopatria"},"geometry":{"type":"MultiPolygon","coordinates":[[[[119.131,38.093],[119.209,38.093],[119.177,38.029],[119.457,37.964],[119.393,37.835],[119.237,37.835],[118.984,37.319],[119.14,37.319],[119.156,37.19],[119.701,37.19],[119.827,37.448],[120.202,37.577],[120.188,37.706],[120.754,37.9],[121.112,37.835],[121.171,37.642],[121.483,37.642],[121.497,37.513],[122.154,37.577],[122.121,37.513],[122.713,37.448],[122.474,37.126],[122.566,36.997],[122.394,36.804],[121.912,36.933],[121.212,36.61],[120.979,36.61],[120.965,36.417],[120.81,36.417],[120.732,36.417],[120.529,36.482],[119.895,36.288],[117.353,36.16],[116.046,35.838],[115.765,35.902],[115.802,36.16],[115.598,36.224],[115.52,36.224],[115.636,36.482],[115.442,36.739],[115.961,37.19],[116.222,37.577],[116.439,37.706],[116.596,38.029],[117.197,38.61],[117.23,38.674],[117.622,38.674],[117.602,38.481],[118.054,38.287],[118.067,38.158],[118.583,38.093],[118.648,38.222],[118.804,38.222],[118.772,38.158],[119.131,38.093]]]]}},{"type":"Feature","id":"cliopatria-d2ad7ab22eb1437f68ac2fa7","properties":{"NAME":"Wey","ABBREVN":null,"CONTROL":null,"SUBJECTO":"Wey","PARTOF":"(Spring and Autumn States)","BORDERPRECISION":1,"FromYear":-750,"ToYear":-551,"Area":6979.345291404579,"Type":"POLITY","Wikipedia":"Wey (state)","Wikidata":"Q1147897","SeshatID":"","Components":"","MemberOf":"(Spring and Autumn States)","sourceFeatureId":"cliopatria-d2ad7ab22eb1437f68ac2fa7","datasetId":"cliopatria"},"geometry":{"type":"MultiPolygon","coordinates":[[[[114.253,35.451],[114.281,35.516],[114.314,35.773],[114.61,36.095],[115.442,36.739],[115.636,36.482],[115.52,36.224],[115.598,36.224],[115.117,35.838],[115.039,35.838],[115.011,35.773],[114.856,35.773],[114.408,35.451],[114.331,35.451],[114.303,35.387],[114.226,35.387],[114.253,35.451]]]]}},{"type":"Feature","id":"cliopatria-09a7c7cdeebc7c7ae7c3a607","properties":{"NAME":"Wu","ABBREVN":null,"CONTROL":null,"SUBJECTO":"Wu","PARTOF":"(Spring and Autumn States)","BORDERPRECISION":1,"FromYear":-750,"ToYear":-551,"Area":193430.20533788743,"Type":"POLITY","Wikipedia":"Wu (state)","Wikidata":"Q274488","SeshatID":"","Components":"","MemberOf":"(Spring and Autumn States)","sourceFeatureId":"cliopatria-09a7c7cdeebc7c7ae7c3a607","datasetId":"cliopatria"},"geometry":{"type":"MultiPolygon","coordinates":[[[[117.96,29.537],[117.884,29.537],[117.905,29.601],[117.527,29.601],[117.191,29.729],[116.736,29.729],[116.27,29.922],[116.097,30.308],[116.119,30.372],[116.837,30.694],[117.021,31.208],[117.11,31.658],[118.319,32.429],[118.906,32.943],[118.575,33.072],[118.449,33.329],[118.118,33.457],[118.044,33.65],[117.763,33.715],[117.739,33.843],[117.231,34.1],[117.62,34.293],[117.674,34.422],[117.966,34.744],[118.12,34.744],[118.281,34.937],[118.435,34.937],[118.428,34.744],[119.228,34.808],[119.305,34.808],[119.711,34.679],[119.732,34.551],[119.985,34.422],[120.342,34.358],[120.314,34.293],[120.489,34.165],[120.55,33.586],[120.926,33.2],[120.919,32.622],[121.403,32.493],[121.503,32.172],[121.783,32.107],[121.987,31.85],[121.836,31.658],[121.683,31.658],[121.581,31.786],[120.995,31.85],[120.919,31.85],[120.894,31.786],[120.97,31.786],[121.047,31.786],[121.634,31.529],[121.584,31.4],[121.737,31.4],[121.995,31.079],[121.899,30.822],[121.519,30.822],[121.197,30.565],[121.045,30.565],[120.68,30.179],[120.809,30.115],[121.105,30.308],[121.484,30.308],[121.62,30.051],[122.03,29.922],[121.82,29.537],[121.42,29.472],[121.312,29.601],[120.242,29.794],[119.778,29.987],[119.226,29.922],[118.36,29.601],[117.981,29.601],[117.96,29.537]]]]}},{"type":"Feature","id":"cliopatria-ef9e2134ce4ddc619cfec8d7","properties":{"NAME":"Cai","ABBREVN":null,"CONTROL":null,"SUBJECTO":"Cai","PARTOF":"(Spring and Autumn States)","BORDERPRECISION":1,"FromYear":-750,"ToYear":-481,"Area":3733.2072897097314,"Type":"POLITY","Wikipedia":"Cai (state)","Wikidata":"Q1025803","SeshatID":"","Components":"","MemberOf":"(Spring and Autumn States)","sourceFeatureId":"cliopatria-ef9e2134ce4ddc619cfec8d7","datasetId":"cliopatria"},"geometry":{"type":"MultiPolygon","coordinates":[[[[113.927,34.486],[113.591,34.229],[113.387,34.486],[113.028,34.551],[113.03,34.744],[113.057,34.808],[113.134,34.808],[113.16,34.872],[113.238,34.872],[113.264,34.937],[113.341,34.937],[113.674,34.808],[113.751,34.808],[113.953,34.551],[113.927,34.486]]]]}},{"type":"Feature","id":"cliopatria-6bf40e6ce64228fd9d0d9d94","properties":{"NAME":"Cao","ABBREVN":null,"CONTROL":null,"SUBJECTO":"Cao","PARTOF":"(Spring and Autumn States)","BORDERPRECISION":1,"FromYear":-750,"ToYear":-481,"Area":3839.7471467902633,"Type":"POLITY","Wikipedia":"Cao (state)","Wikidata":"Q204077","SeshatID":"","Components":"","MemberOf":"(Spring and Autumn States)","sourceFeatureId":"cliopatria-6bf40e6ce64228fd9d0d9d94","datasetId":"cliopatria"},"geometry":{"type":"MultiPolygon","coordinates":[[[[115.011,35.773],[114.955,35.645],[115.231,35.387],[114.499,34.937],[114.376,35.194],[114.408,35.451],[114.856,35.773],[115.011,35.773]]]]}},{"type":"Feature","id":"cliopatria-03e85dc73db46cee1998b657","properties":{"NAME":"Chen","ABBREVN":null,"CONTROL":null,"SUBJECTO":"Chen","PARTOF":"(Spring and Autumn States)","BORDERPRECISION":1,"FromYear":-750,"ToYear":-481,"Area":4971.727588222772,"Type":"POLITY","Wikipedia":"Chen (state)","Wikidata":"Q1069690","SeshatID":"","Components":"","MemberOf":"(Spring and Autumn States)","sourceFeatureId":"cliopatria-03e85dc73db46cee1998b657","datasetId":"cliopatria"},"geometry":{"type":"MultiPolygon","coordinates":[[[[114.952,34.358],[114.875,34.358],[114.156,34.293],[113.927,34.486],[113.953,34.551],[113.751,34.808],[114.472,34.872],[114.341,34.744],[114.647,34.551],[115.494,34.551],[115.595,34.422],[114.952,34.358]]]]}},{"type":"Feature","id":"cliopatria-093a745fd1b465f2cf029f20","properties":{"NAME":"Lu","ABBREVN":null,"CONTROL":null,"SUBJECTO":"Lu","PARTOF":"(Spring and Autumn States)","BORDERPRECISION":1,"FromYear":-750,"ToYear":-481,"Area":43470.049307163594,"Type":"POLITY","Wikipedia":"Lu (state)","Wikidata":"Q555994","SeshatID":"","Components":"","MemberOf":"(Spring and Autumn States)","sourceFeatureId":"cliopatria-093a745fd1b465f2cf029f20","datasetId":"cliopatria"},"geometry":{"type":"MultiPolygon","coordinates":[[[[119.228,34.808],[118.428,34.744],[118.435,34.937],[118.281,34.937],[118.12,34.744],[117.966,34.744],[117.635,34.872],[117.768,35.001],[118.056,35.13],[118.304,35.516],[118.255,35.58],[117.587,35.645],[116.96,35.451],[116.672,35.323],[116.286,35.323],[115.99,35.709],[115.231,35.387],[114.955,35.645],[115.011,35.773],[115.039,35.838],[115.117,35.838],[115.598,36.224],[115.802,36.16],[115.765,35.902],[116.046,35.838],[117.353,36.16],[119.895,36.288],[120.529,36.482],[120.732,36.417],[120.701,36.353],[120.659,36.095],[120.318,36.031],[119.986,35.645],[119.619,35.516],[119.256,34.872],[119.228,34.808]]]]}},{"type":"Feature","id":"cliopatria-730c56d006bffdea5dd96a00","properties":{"NAME":"Song","ABBREVN":null,"CONTROL":null,"SUBJECTO":"Song","PARTOF":"(Spring and Autumn States)","BORDERPRECISION":1,"FromYear":-750,"ToYear":-481,"Area":22944.158992377714,"Type":"POLITY","Wikipedia":"Song (state)","Wikidata":"Q7462","SeshatID":"","Components":"","MemberOf":"(Spring and Autumn States)","sourceFeatureId":"cliopatria-730c56d006bffdea5dd96a00","datasetId":"cliopatria"},"geometry":{"type":"MultiPolygon","coordinates":[[[[117.575,34.551],[117.674,34.422],[117.62,34.293],[117.231,34.1],[116.616,34.1],[116.107,34.358],[115.595,34.422],[115.494,34.551],[114.647,34.551],[114.341,34.744],[114.472,34.872],[114.499,34.937],[115.231,35.387],[115.99,35.709],[116.286,35.323],[116.258,35.258],[116.181,35.258],[116.098,35.065],[116.197,34.937],[116.506,34.937],[116.704,34.679],[116.677,34.615],[116.65,34.551],[116.727,34.551],[117.575,34.551]]]]}},{"type":"Feature","id":"cliopatria-1082da62d23bdbf55ebebe51","properties":{"NAME":"Teng","ABBREVN":null,"CONTROL":null,"SUBJECTO":"Teng","PARTOF":"(Spring and Autumn States)","BORDERPRECISION":1,"FromYear":-750,"ToYear":-481,"Area":4224.530070260444,"Type":"POLITY","Wikipedia":"Teng (state)","Wikidata":"Q1356151","SeshatID":"","Components":"","MemberOf":"(Spring and Autumn States)","sourceFeatureId":"cliopatria-1082da62d23bdbf55ebebe51","datasetId":"cliopatria"},"geometry":{"type":"MultiPolygon","coordinates":[[[[116.181,35.258],[116.258,35.258],[116.286,35.323],[116.672,35.323],[116.96,35.451],[116.932,35.387],[116.904,35.323],[116.981,35.323],[116.925,35.194],[117.179,35.065],[116.704,34.679],[116.506,34.937],[116.197,34.937],[116.098,35.065],[116.181,35.258]]]]}},{"type":"Feature","id":"cliopatria-1526fbf767c2381c6f644faf","properties":{"NAME":"Later Zhou","ABBREVN":null,"CONTROL":null,"SUBJECTO":"Later Zhou","PARTOF":"(Spring and Autumn States)","BORDERPRECISION":1,"FromYear":-750,"ToYear":-451,"Area":9655.823385826896,"Type":"POLITY","Wikipedia":"Later Zhou","Wikidata":"Q1154556","SeshatID":"","Components":"","MemberOf":"(Spring and Autumn States)","sourceFeatureId":"cliopatria-1526fbf767c2381c6f644faf","datasetId":"cliopatria"},"geometry":{"type":"MultiPolygon","coordinates":[[[[112.386,34.486],[112.309,34.486],[112.232,34.486],[112.155,34.486],[112.184,34.937],[112.107,34.937],[112.32,35.451],[113.53,35.387],[113.341,34.937],[113.264,34.937],[113.238,34.872],[113.16,34.872],[113.134,34.808],[113.057,34.808],[113.03,34.744],[112.617,34.486],[112.386,34.486]]]]}},{"type":"Feature","id":"cliopatria-9df66b06ab4e2224219e0255","properties":{"NAME":"Qin","ABBREVN":null,"CONTROL":null,"SUBJECTO":"Qin","PARTOF":"(Spring and Autumn States)","BORDERPRECISION":1,"FromYear":-750,"ToYear":-451,"Area":56477.88066636069,"Type":"POLITY","Wikipedia":"Qin (state)","Wikidata":"Q1471995","SeshatID":"","Components":"","MemberOf":"(Spring and Autumn States)","sourceFeatureId":"cliopatria-9df66b06ab4e2224219e0255","datasetId":"cliopatria"},"geometry":{"type":"MultiPolygon","coordinates":[[[[110.743,34.229],[110.359,34.229],[109.69,34.486],[107.943,34.551],[108.453,35.258],[108.298,35.258],[108.35,35.387],[108.17,35.516],[108.222,35.645],[108.79,35.709],[109.655,36.482],[112.094,37.255],[112.172,37.255],[111.413,36.417],[111.23,36.353],[111.062,35.773],[111.163,35.645],[111.003,35.258],[110.666,35.001],[110.588,34.808],[110.717,34.744],[110.691,34.486],[110.82,34.422],[110.82,34.229],[110.743,34.229]]]]}},{"type":"Feature","id":"cliopatria-8ca55c3a56ea59f55a08f522","properties":{"NAME":"Xu","ABBREVN":null,"CONTROL":null,"SUBJECTO":"Xu","PARTOF":"(Spring and Autumn States)","BORDERPRECISION":1,"FromYear":-750,"ToYear":-451,"Area":4786.47214088299,"Type":"POLITY","Wikipedia":"Xu (state)","Wikidata":"Q2650109","SeshatID":"","Components":"","MemberOf":"(Spring and Autumn States)","sourceFeatureId":"cliopatria-8ca55c3a56ea59f55a08f522","datasetId":"cliopatria"},"geometry":{"type":"MultiPolygon","coordinates":[[[[116.727,34.551],[116.65,34.551],[116.677,34.615],[116.704,34.679],[117.179,35.065],[117.768,35.001],[117.635,34.872],[117.966,34.744],[117.674,34.422],[117.575,34.551],[116.727,34.551]]]]}},{"type":"Feature","id":"cliopatria-063a071017d9745ec7643474","properties":{"NAME":"Zheng","ABBREVN":null,"CONTROL":null,"SUBJECTO":"Zheng","PARTOF":"(Spring and Autumn States)","BORDERPRECISION":1,"FromYear":-750,"ToYear":-451,"Area":5552.990150388705,"Type":"POLITY","Wikipedia":"Zheng (state)","Wikidata":"Q197598","SeshatID":"","Components":"","MemberOf":"(Spring and Autumn States)","sourceFeatureId":"cliopatria-063a071017d9745ec7643474","datasetId":"cliopatria"},"geometry":{"type":"MultiPolygon","coordinates":[[[[113.685,35.387],[113.762,35.387],[114.226,35.387],[114.303,35.387],[114.331,35.451],[114.408,35.451],[114.376,35.194],[114.499,34.937],[114.472,34.872],[113.751,34.808],[113.674,34.808],[113.341,34.937],[113.53,35.387],[113.607,35.387],[113.685,35.387]]]]}},{"type":"Feature","id":"cliopatria-edbe618fc68b042697f3041a","properties":{"NAME":"Zhu","ABBREVN":null,"CONTROL":null,"SUBJECTO":"Zhu","PARTOF":"(Spring and Autumn States)","BORDERPRECISION":1,"FromYear":-750,"ToYear":-451,"Area":6449.246183606028,"Type":"POLITY","Wikipedia":"Zhu (state)","Wikidata":"Q227007","SeshatID":"","Components":"","MemberOf":"(Spring and Autumn States)","sourceFeatureId":"cliopatria-edbe618fc68b042697f3041a","datasetId":"cliopatria"},"geometry":{"type":"MultiPolygon","coordinates":[[[[116.981,35.323],[116.904,35.323],[116.932,35.387],[116.96,35.451],[117.587,35.645],[118.255,35.58],[118.304,35.516],[118.056,35.13],[117.768,35.001],[117.179,35.065],[116.925,35.194],[116.981,35.323]]]]}},{"type":"Feature","id":"cliopatria-7c0f799987cb03d113fe0ce7","properties":{"NAME":"Yan","ABBREVN":null,"CONTROL":null,"SUBJECTO":"Yan","PARTOF":"(Spring and Autumn States)","BORDERPRECISION":1,"FromYear":-750,"ToYear":-405,"Area":49598.941432790445,"Type":"POLITY","Wikipedia":"Yan (state)","Wikidata":"Q1472004","SeshatID":"","Components":"","MemberOf":"(Spring and Autumn States)","sourceFeatureId":"cliopatria-7c0f799987cb03d113fe0ce7","datasetId":"cliopatria"},"geometry":{"type":"MultiPolygon","coordinates":[[[[119.319,39.514],[119.284,39.45],[118.989,39.191],[118.45,39.062],[118.057,39.062],[118.046,39.191],[117.888,39.191],[117.676,38.933],[117.622,38.674],[117.23,38.674],[117.197,38.61],[116.145,38.545],[116.399,38.739],[116.164,38.739],[116.262,38.933],[116.092,39.062],[116.101,39.385],[115.865,39.385],[116.102,39.838],[116.136,39.902],[116.452,39.902],[117.567,40.355],[119.344,40.42],[121.227,40.938],[120.647,40.485],[120.5,40.226],[119.38,39.773],[119.319,39.514]]]]}},{"type":"Feature","id":"cliopatria-ec04d8476de6465d20d45234","properties":{"NAME":"(Phoenician Empire)","ABBREVN":null,"CONTROL":null,"SUBJECTO":"(Phoenician Empire)","PARTOF":null,"BORDERPRECISION":1,"FromYear":-700,"ToYear":-676,"Area":18139.3153560351,"Type":"POLITY","Wikipedia":"Phoenicia","Wikidata":"Q41642","SeshatID":"","Components":"Phoenicia;Phoenician Colonies","MemberOf":"","sourceFeatureId":"cliopatria-ec04d8476de6465d20d45234","datasetId":"cliopatria"},"geometry":{"type":"MultiPolygon","coordinates":[[[[-3.851,36.804],[-4.469,36.739],[-4.689,36.546],[-5.228,36.482],[-5.288,36.224],[-5.516,36.16],[-5.585,36.031],[-5.831,36.224],[-6.064,36.224],[-6.248,36.61],[-5.918,36.353],[-5.452,36.353],[-5.306,36.482],[-5.31,36.546],[-4.555,36.868],[-3.851,36.804]]],[[[10.54,36.739],[10.851,36.997],[11.006,36.997],[11.006,36.804],[10.462,36.417],[10.54,36.224],[10.23,36.288],[10.23,36.417],[9.84,36.739],[9.917,36.739],[10.228,36.868],[10.54,36.739]]],[[[7.665,36.546],[7.272,36.868],[7.346,37.062],[7.659,36.997],[7.66,36.933],[7.971,36.933],[7.665,36.546]]],[[[10.306,36.933],[10.306,36.868],[10.228,36.868],[10.228,36.933],[10.306,36.933]]],[[[9.059,37.062],[9.603,37.319],[9.993,37.19],[10.227,37.255],[10.228,37.062],[10.072,37.126],[9.994,36.933],[9.683,36.997],[9.295,36.739],[8.983,36.868],[8.983,36.933],[8.826,36.997],[8.903,37.126],[9.059,37.062]]],[[[8.564,39.773],[8.325,39.967],[8.4,40.291],[8.479,40.291],[8.718,40.096],[8.564,39.773]]],[[[14.675,32.557],[14.901,32.365],[14.825,32.365],[14.517,32.172],[14.369,32.557],[14.675,32.557]]],[[[10.851,35.773],[10.851,35.645],[11.083,35.58],[11.083,35.387],[11.006,35.387],[11.006,35.451],[10.619,35.323],[10.542,35.516],[10.851,35.773]]],[[[14.568,35.773],[14.337,35.838],[14.34,36.031],[14.417,36.031],[14.571,35.966],[14.568,35.773]]],[[[12.571,37.964],[12.571,38.029],[12.806,38.093],[12.726,37.9],[12.571,37.964]]],[[[13.12,38.158],[13.51,38.093],[13.51,38.029],[13.665,37.964],[13.04,37.964],[13.12,38.158]]]]}},{"type":"Feature","id":"cliopatria-0b869d0e485ae94c62f88f22","properties":{"NAME":"Greek City-States","ABBREVN":null,"CONTROL":null,"SUBJECTO":"Greek City-States","PARTOF":null,"BORDERPRECISION":1,"FromYear":-700,"ToYear":-676,"Area":91049.92526911218,"Type":"POLITY","Wikipedia":"Polis","Wikidata":"Q148837","SeshatID":"","Components":"","MemberOf":"","sourceFeatureId":"cliopatria-0b869d0e485ae94c62f88f22","datasetId":"cliopatria"},"geometry":{"type":"MultiPolygon","coordinates":[[[[24.15,35.387],[24.301,35.323],[25.692,35.323],[25.681,35.13],[26.225,35.194],[26.14,35.065],[24.824,35.001],[24.757,35.194],[24.526,35.194],[24.448,35.194],[23.679,35.258],[23.615,35.516],[24.157,35.516],[24.15,35.387]]],[[[22.887,36.417],[22.965,36.417],[23.117,36.353],[23.107,36.16],[22.874,36.16],[22.887,36.417]]],[[[24.283,37.706],[24.361,37.706],[24.432,37.577],[24.272,37.513],[24.201,37.642],[24.283,37.706]]],[[[20.621,37.9],[20.699,37.9],[20.934,37.9],[20.922,37.642],[20.613,37.706],[20.621,37.9]]],[[[24.694,38.029],[24.772,38.029],[25.068,37.771],[24.83,37.706],[24.682,37.835],[24.694,38.029]]],[[[16.019,38.287],[16.427,38.933],[16.987,39.256],[17.142,39.191],[17.058,38.997],[16.502,38.803],[16.492,38.416],[15.933,37.964],[15.698,37.964],[15.624,38.158],[15.389,38.158],[15.066,37.642],[15.059,37.255],[15.214,37.19],[15.13,36.868],[14.752,37.513],[14.832,37.642],[14.833,37.706],[15.152,38.029],[15.155,38.158],[15.471,38.287],[16.019,38.287]]],[[[20.328,38.351],[20.488,38.416],[20.566,38.416],[20.795,38.287],[20.786,38.093],[20.32,38.158],[20.328,38.351]]],[[[23.313,38.481],[23.626,38.481],[23.563,38.739],[24.03,38.674],[24.179,38.545],[24.159,38.222],[24.002,38.222],[23.979,37.835],[23.443,38.029],[23.208,38.029],[23.201,37.9],[23.044,37.9],[23.108,37.642],[23.342,37.642],[23.402,37.319],[23.169,37.319],[23.176,37.448],[22.949,37.577],[22.714,37.577],[22.701,37.319],[22.853,37.255],[23.056,36.675],[22.833,36.868],[22.599,36.868],[22.512,36.675],[22.356,36.675],[22.22,37.062],[21.909,37.062],[21.899,36.868],[21.744,36.868],[21.681,37.19],[21.603,37.19],[21.697,37.513],[21.244,37.835],[21.416,38.158],[21.729,38.158],[21.738,38.351],[21.272,38.416],[21.278,38.545],[21.602,38.739],[21.912,38.674],[22.386,38.739],[22.55,38.868],[22.561,39.062],[22.344,39.385],[22.588,39.514],[22.532,39.902],[22.623,40.096],[22.702,40.096],[22.611,39.902],[22.765,39.838],[22.757,39.708],[23.135,39.45],[22.816,39.385],[22.797,39.062],[22.958,39.126],[23.108,38.997],[23.344,38.997],[23.489,38.803],[23.179,38.868],[23.183,38.933],[22.943,38.868],[22.936,38.739],[23.167,38.674],[23.313,38.481]]],[[[20.587,38.868],[20.666,38.868],[20.744,38.868],[20.732,38.61],[20.497,38.61],[20.587,38.868]]],[[[23.567,38.803],[23.563,38.739],[23.485,38.739],[23.489,38.803],[23.567,38.803]]],[[[24.365,38.997],[24.444,38.997],[24.675,38.933],[24.662,38.739],[24.357,38.868],[24.365,38.997]]],[[[19.921,39.773],[19.918,39.708],[19.912,39.579],[19.758,39.644],[19.764,39.773],[19.921,39.773]]],[[[23.263,40.226],[23.342,40.226],[23.645,40.032],[23.637,39.902],[23.325,39.967],[23.263,40.226]]],[[[23.504,40.291],[23.5,40.226],[23.421,40.226],[23.425,40.291],[23.504,40.291]]],[[[16.306,40.226],[16.633,40.55],[16.877,40.744],[17.508,40.679],[17.576,40.355],[17.341,40.42],[17.345,40.55],[16.868,40.485],[16.943,40.355],[16.624,40.291],[16.697,40.096],[16.455,39.902],[16.453,39.838],[16.293,39.773],[16.22,39.967],[16.299,39.967],[16.306,40.226]]],[[[23.663,40.291],[23.667,40.355],[23.746,40.355],[23.742,40.291],[23.737,40.226],[23.658,40.226],[23.663,40.291]]],[[[14.504,41.003],[14.501,40.874],[14.818,40.874],[14.895,40.744],[14.814,40.679],[14.735,40.679],[14.418,40.679],[14.422,40.874],[14.105,40.874],[14.028,41.003],[14.504,41.003]]],[[[27.693,36.288],[28.017,36.482],[28.095,36.482],[28.25,36.482],[28.139,36.031],[27.743,35.902],[27.693,36.288]]],[[[33.836,36.417],[33.979,36.288],[33.507,36.224],[33.759,36.417],[33.836,36.417]]],[[[30.109,36.417],[30.187,36.417],[30.281,36.61],[30.525,36.739],[30.492,36.353],[30.109,36.417]]],[[[27.117,36.933],[27.185,36.804],[26.865,36.675],[27.039,36.933],[27.117,36.933]]],[[[25.339,37.126],[25.417,37.126],[25.573,37.126],[25.564,36.997],[25.331,36.997],[25.339,37.126]]],[[[24.986,37.706],[25.064,37.706],[25.22,37.706],[25.286,37.513],[25.052,37.513],[24.986,37.706]]],[[[26.08,37.706],[26.158,37.706],[26.314,37.706],[26.305,37.577],[25.988,37.513],[26.08,37.706]]],[[[28.168,37.448],[28.163,37.384],[28.455,37.126],[28.513,36.868],[28.031,36.675],[28.138,37.062],[28.065,37.126],[27.598,37.126],[27.539,37.384],[27.223,37.319],[27.31,37.448],[27.163,37.577],[27.256,37.771],[27.178,37.771],[27.275,38.029],[26.889,38.093],[26.82,38.222],[26.429,38.222],[26.384,38.674],[26.536,38.61],[26.595,38.351],[27.065,38.351],[27.08,38.545],[26.849,38.61],[26.958,38.997],[26.816,39.191],[26.821,39.256],[26.91,39.385],[27.377,39.32],[27.435,39.062],[27.021,38.803],[27.011,38.674],[27.163,38.61],[27.143,38.351],[27.422,37.9],[27.417,37.835],[27.476,37.577],[27.632,37.577],[27.7,37.448],[28.168,37.448]]],[[[25.899,38.481],[25.821,38.481],[25.913,38.674],[25.991,38.674],[26.217,38.545],[26.111,38.158],[25.876,38.158],[25.899,38.481]]],[[[26.094,38.997],[26.103,39.126],[25.793,39.191],[26.044,39.385],[26.123,39.385],[26.511,39.32],[26.644,38.997],[26.246,38.933],[26.094,38.997]]],[[[25.067,40.032],[25.146,40.032],[25.462,40.032],[25.447,39.838],[24.974,39.838],[25.067,40.032]]],[[[26.847,39.579],[26.132,39.514],[26.272,40.291],[26.605,40.485],[26.684,40.485],[26.673,40.355],[27.47,40.42],[27.464,40.355],[27.374,40.226],[26.657,40.161],[26.71,39.838],[26.704,39.773],[27.02,39.773],[27.167,39.644],[26.841,39.514],[26.847,39.579]]],[[[25.719,40.291],[25.798,40.291],[26.035,40.291],[26.025,40.161],[25.704,40.096],[25.719,40.291]]],[[[26.927,40.55],[26.842,40.485],[26.774,40.614],[27.006,40.55],[26.927,40.55]]],[[[40.37,40.938],[40.391,41.068],[40.598,40.874],[40.588,40.809],[40.567,40.679],[39.785,40.744],[39.815,40.938],[40.37,40.938]]],[[[37.145,41.133],[37.154,41.198],[37.233,41.198],[37.224,41.133],[37.145,41.133]]],[[[36.775,41.327],[37.065,41.133],[37.145,41.133],[36.888,41.003],[36.747,41.133],[36.509,41.133],[36.448,41.263],[36.775,41.327]]]]}},{"type":"Feature","id":"cliopatria-86aab2d3c9c0d9374ba102c6","properties":{"NAME":"Kingdom of Kush","ABBREVN":null,"CONTROL":null,"SUBJECTO":"Kingdom of Kush","PARTOF":null,"BORDERPRECISION":1,"FromYear":-700,"ToYear":-676,"Area":563236.5717136584,"Type":"POLITY","Wikipedia":"Kingdom of Kush","Wikidata":"Q241790","SeshatID":"eg_kushite","Components":"","MemberOf":"","sourceFeatureId":"cliopatria-86aab2d3c9c0d9374ba102c6","datasetId":"cliopatria"},"geometry":{"type":"MultiPolygon","coordinates":[[[[32.237,31.208],[32.313,31.208],[32.532,31.079],[32.836,31.079],[32.746,30.886],[32.822,30.886],[32.732,30.694],[32.79,30.436],[32.557,30.372],[32.602,29.922],[32.437,29.729],[32.214,29.794],[31.979,29.665],[31.6,29.665],[31.592,29.537],[31.293,29.601],[30.974,29.344],[30.846,28.444],[30.986,28.251],[31.016,27.415],[31.166,27.415],[31.737,26.837],[32.488,26.837],[32.631,26.708],[32.607,26.258],[32.369,26.001],[32.416,23.751],[33.389,23.815],[33.61,23.751],[33.823,23.493],[33.809,23.172],[33.883,23.172],[33.745,21.629],[33.82,21.629],[33.809,21.372],[34.011,20.858],[34.125,20.022],[34.597,18.929],[34.879,18.608],[34.939,18.286],[35.3,18.093],[35.501,17.643],[36.003,17.322],[35.983,16.872],[36.057,16.872],[35.671,16.486],[34.714,16.486],[34.556,16.229],[34.684,15.779],[34.098,15.843],[33.862,15.458],[32.749,15.2],[32.529,15.2],[32.533,15.329],[31.805,15.522],[31.527,15.972],[31.536,16.229],[31.394,16.358],[31.477,16.615],[31.337,16.808],[31.221,17.643],[31.147,17.643],[30.877,20.343],[30.803,20.343],[30.818,20.793],[30.744,20.793],[30.762,21.308],[30.688,21.308],[30.636,21.951],[30.561,21.951],[30.721,22.272],[30.742,22.851],[30.6,23.043],[30.607,23.236],[30.39,23.429],[30.395,23.558],[30.104,23.751],[30.109,23.879],[29.959,23.879],[29.673,24.201],[28.569,24.651],[28.289,25.165],[28.306,25.615],[28.231,25.615],[28.348,26.644],[29.122,27.158],[29.887,27.415],[29.969,27.544],[29.897,27.608],[30.123,27.608],[30.283,27.801],[30.293,27.994],[30.078,28.187],[30.084,28.315],[29.567,28.508],[29.685,29.279],[30.059,29.215],[30.301,29.472],[30.002,29.537],[30.085,29.665],[29.79,29.794],[29.877,29.987],[29.294,30.372],[29.305,30.565],[29.093,30.822],[29.397,30.822],[29.485,31.015],[29.633,30.951],[29.87,31.079],[29.802,31.208],[29.882,31.272],[30.339,31.272],[30.271,31.4],[30.352,31.465],[30.809,31.465],[30.966,31.529],[30.975,31.658],[31.203,31.658],[31.118,31.529],[31.266,31.465],[31.875,31.465],[31.781,31.208],[31.937,31.272],[32,31.079],[32.304,31.079],[32.237,31.208]]]]}},{"type":"Feature","id":"cliopatria-e931f816d75920e4ae8e2169","properties":{"NAME":"Lydia","ABBREVN":null,"CONTROL":null,"SUBJECTO":"Lydia","PARTOF":null,"BORDERPRECISION":1,"FromYear":-700,"ToYear":-676,"Area":24042.384592924438,"Type":"POLITY","Wikipedia":"Lydia","Wikidata":"Q620765","SeshatID":"","Components":"","MemberOf":"","sourceFeatureId":"cliopatria-e931f816d75920e4ae8e2169","datasetId":"cliopatria"},"geometry":{"type":"MultiPolygon","coordinates":[[[[28.783,38.287],[28.616,38.158],[28.6,37.964],[28.803,37.577],[28.797,37.513],[28.631,37.384],[28.246,37.448],[28.168,37.448],[27.7,37.448],[27.632,37.577],[27.476,37.577],[27.417,37.835],[27.422,37.9],[27.143,38.351],[27.163,38.61],[27.011,38.674],[27.021,38.803],[27.435,39.062],[27.377,39.32],[27.618,39.385],[27.922,39.256],[28.052,38.933],[28.529,38.997],[28.597,38.868],[28.905,38.803],[28.978,38.739],[28.861,38.287],[28.783,38.287]]]]}},{"type":"Feature","id":"cliopatria-4ef6bb094a8845fa959ddc70","properties":{"NAME":"Neo-Assyrian Empire","ABBREVN":null,"CONTROL":null,"SUBJECTO":"Neo-Assyrian Empire","PARTOF":null,"BORDERPRECISION":1,"FromYear":-700,"ToYear":-676,"Area":920330.421265188,"Type":"POLITY","Wikipedia":"Neo-Assyrian Empire","Wikidata":"Q10914393","SeshatID":"iq_neo_assyrian_emp","Components":"","MemberOf":"","sourceFeatureId":"cliopatria-4ef6bb094a8845fa959ddc70","datasetId":"cliopatria"},"geometry":{"type":"MultiPolygon","coordinates":[[[[46.883,34.872],[46.893,34.937],[46.97,34.937],[46.96,34.872],[46.883,34.872]]],[[[34.542,35.709],[34.529,35.58],[33.957,35.258],[34.087,35.001],[33.695,34.937],[33.523,34.744],[33.132,34.679],[33.044,34.551],[32.367,34.744],[32.229,34.937],[32.246,35.13],[32.555,35.13],[32.875,35.258],[32.887,35.387],[33.737,35.387],[34.31,35.709],[34.387,35.709],[34.542,35.709]]],[[[45.094,40.291],[45.116,39.967],[45.533,40.096],[45.961,39.838],[45.758,39.579],[45.904,39.514],[45.882,39.385],[46.095,39.256],[46.062,39.062],[46.141,39.062],[46.108,38.868],[45.636,38.868],[45.301,38.739],[45.024,38.481],[44.982,38.222],[45.197,38.093],[45.126,37.642],[45.378,37.255],[45.27,37.062],[45.348,37.062],[45.348,36.546],[45.504,36.546],[45.776,36.288],[46.009,36.288],[45.99,36.16],[46.222,36.16],[46.804,35.902],[46.862,35.773],[47.162,35.709],[47.133,35.516],[47.21,35.516],[47.172,35.258],[46.893,34.937],[46.275,34.937],[46.18,34.808],[46.148,34.036],[46.379,34.036],[46.285,33.907],[46.787,33.65],[46.692,33.522],[46.751,33.393],[47.636,33.136],[47.898,32.814],[47.975,32.814],[47.931,32.493],[48.152,32.429],[48.253,31.465],[49.287,30.629],[49.27,30.501],[49.119,30.501],[49.043,30.501],[48.943,30.308],[48.987,30.051],[48.365,29.922],[48.404,29.601],[47.866,29.537],[47.29,29.794],[46.979,29.729],[46.994,29.858],[46.85,29.922],[46.615,29.858],[46.591,30.308],[45.77,30.436],[44.955,31.272],[44.581,31.336],[44.459,31.593],[43.153,32.814],[42.709,32.943],[42.578,33.136],[41.489,33.65],[41.212,33.907],[40.912,33.972],[40.85,34.1],[40.473,34.165],[40.418,34.358],[39.608,34.679],[39.546,34.808],[39.252,34.937],[39.09,34.872],[38.804,35.065],[38.418,35.065],[37.758,34.679],[37.744,34.551],[37.325,34.229],[37.389,34.1],[37.235,34.1],[37.055,33.843],[36.728,33.65],[36.696,33.329],[36.837,33.2],[36.506,32.943],[36.57,32.814],[36.475,32.622],[36.698,32.557],[36.751,32.3],[36.516,32.236],[36.656,32.107],[36.492,31.979],[36.463,31.658],[36.387,31.658],[36.423,31.208],[36.271,31.208],[36.401,30.951],[36.07,30.629],[35.952,30.115],[35.876,30.115],[35.77,29.729],[35.806,29.215],[34.908,29.344],[34.739,30.115],[34.597,30.244],[34.611,30.436],[34.47,30.565],[34.363,31.143],[34.287,31.143],[34.308,31.4],[34.633,31.658],[34.573,31.85],[34.813,31.979],[34.77,32.365],[35.022,32.622],[35.056,33.007],[35.215,33.072],[35.398,33.393],[35.346,33.65],[35.499,33.65],[35.447,33.907],[35.684,33.972],[35.644,34.358],[35.792,34.293],[36.049,34.551],[36.068,34.744],[35.927,34.872],[35.96,35.194],[35.882,35.194],[35.993,35.516],[35.845,35.58],[35.99,36.224],[35.842,36.288],[36.265,36.61],[36.286,36.804],[36.145,36.933],[35.834,36.933],[35.488,36.61],[35.113,36.739],[34.95,36.675],[34.893,36.868],[34.582,36.868],[34.335,36.739],[34.212,37.062],[33.914,37.19],[33.934,37.384],[33.707,37.448],[33.655,37.706],[33.343,37.706],[33.434,37.835],[33.161,38.222],[33.168,38.287],[33.352,38.545],[33.673,38.61],[33.708,38.933],[33.786,38.933],[34.4,38.803],[34.665,39.062],[34.609,39.256],[34.696,39.32],[35.003,39.256],[35.058,39.062],[35.365,38.997],[35.467,39.191],[35.805,39.385],[35.955,39.32],[36.128,39.45],[37.169,39.579],[38.01,39.967],[38.283,40.226],[38.925,40.291],[39.766,40.096],[40.121,40.355],[40.586,40.291],[40.785,40.55],[40.933,40.485],[41.561,40.938],[41.788,40.874],[41.91,41.133],[42.466,41.133],[42.592,40.938],[42.751,40.938],[42.864,41.133],[43.102,41.133],[43.204,41.263],[44.067,41.198],[44.043,41.068],[44.191,41.003],[44.065,40.744],[44.926,40.679],[44.958,40.42],[44.947,40.355],[45.094,40.291]]],[[[35.884,39.385],[35.892,39.45],[35.971,39.45],[35.963,39.385],[35.884,39.385]]]]}},{"type":"Feature","id":"cliopatria-5aa08913dad80bcd3f10aac9","properties":{"NAME":"Phoenician Colonies","ABBREVN":null,"CONTROL":null,"SUBJECTO":"Phoenician Colonies","PARTOF":"(Phoenician Empire)","BORDERPRECISION":1,"FromYear":-700,"ToYear":-676,"Area":6352.106233311332,"Type":"POLITY","Wikipedia":"Colonies in antiquity","Wikidata":"Q1094394","SeshatID":"lb_phoenician_emp","Components":"","MemberOf":"(Phoenician Empire)","sourceFeatureId":"cliopatria-5aa08913dad80bcd3f10aac9","datasetId":"cliopatria"},"geometry":{"type":"MultiPolygon","coordinates":[[[[14.571,35.966],[14.568,35.773],[14.337,35.838],[14.34,36.031],[14.417,36.031],[14.571,35.966]]],[[[-4.555,36.868],[-3.851,36.804],[-4.469,36.739],[-4.689,36.546],[-5.228,36.482],[-5.288,36.224],[-5.516,36.16],[-5.585,36.031],[-5.831,36.224],[-6.064,36.224],[-6.248,36.61],[-5.918,36.353],[-5.452,36.353],[-5.306,36.482],[-5.31,36.546],[-4.555,36.868]]],[[[12.806,38.093],[12.726,37.9],[12.571,37.964],[12.571,38.029],[12.806,38.093]]],[[[13.04,37.964],[13.12,38.158],[13.51,38.093],[13.51,38.029],[13.665,37.964],[13.04,37.964]]],[[[8.564,39.773],[8.325,39.967],[8.4,40.291],[8.479,40.291],[8.718,40.096],[8.564,39.773]]]]}},{"type":"Feature","id":"cliopatria-0bbe7dcbfed91e77e83a9b64","properties":{"NAME":"Phrygia","ABBREVN":null,"CONTROL":null,"SUBJECTO":"Phrygia","PARTOF":null,"BORDERPRECISION":1,"FromYear":-700,"ToYear":-676,"Area":188102.3315280479,"Type":"POLITY","Wikipedia":"Phrygia","Wikidata":"Q32579","SeshatID":"tr_phrygian_k","Components":"","MemberOf":"","sourceFeatureId":"cliopatria-0bbe7dcbfed91e77e83a9b64","datasetId":"cliopatria"},"geometry":{"type":"MultiPolygon","coordinates":[[[[34.307,40.679],[33.99,40.679],[34.07,40.032],[33.517,40.032],[33.416,39.838],[33.165,39.708],[33.129,39.385],[33.358,39.32],[33.479,38.997],[33.715,38.997],[33.708,38.933],[33.673,38.61],[33.352,38.545],[33.168,38.287],[33.09,38.287],[31.738,37.255],[31.582,37.255],[31.444,37.448],[31.132,37.448],[30.887,37.319],[30.737,37.384],[30.642,37.19],[30.174,37.19],[29.728,37.448],[29.489,37.384],[29.344,37.513],[28.881,37.577],[28.803,37.577],[28.6,37.964],[28.616,38.158],[28.783,38.287],[28.861,38.287],[28.978,38.739],[28.905,38.803],[28.597,38.868],[28.529,38.997],[28.052,38.933],[27.922,39.256],[27.618,39.385],[27.377,39.32],[26.91,39.385],[26.821,39.256],[26.742,39.256],[26.747,39.32],[26.752,39.385],[26.831,39.385],[26.836,39.45],[26.841,39.514],[27.167,39.644],[27.02,39.773],[26.704,39.773],[26.71,39.838],[26.657,40.161],[27.374,40.226],[27.464,40.355],[27.543,40.355],[27.696,40.291],[27.792,40.485],[27.95,40.485],[27.939,40.355],[28.572,40.355],[28.852,39.967],[29.696,39.708],[29.666,40.226],[29.844,40.42],[30.457,40.226],[30.556,40.42],[30.793,40.42],[30.755,40.809],[30.928,40.938],[30.869,41.133],[31.346,41.133],[31.534,41.392],[32.027,41.522],[32.042,41.652],[32.193,41.587],[32.695,41.782],[32.631,41.911],[34.785,41.911],[34.882,42.041],[35.121,42.041],[35.157,41.717],[34.83,41.652],[34.565,41.457],[34.54,41.263],[34.381,41.263],[34.285,41.133],[34.269,41.003],[34.411,40.874],[34.315,40.744],[34.307,40.679]]]]}},{"type":"Feature","id":"cliopatria-c4219594a3a2bba6cefbb6bb","properties":{"NAME":"Sabaeans","ABBREVN":null,"CONTROL":null,"SUBJECTO":"Sabaeans","PARTOF":null,"BORDERPRECISION":1,"FromYear":-700,"ToYear":-676,"Area":17090.171979478746,"Type":"POLITY","Wikipedia":"Sabaeans","Wikidata":"Q940785","SeshatID":"ye_sabaean_commonwealth","Components":"","MemberOf":"","sourceFeatureId":"cliopatria-c4219594a3a2bba6cefbb6bb","datasetId":"cliopatria"},"geometry":{"type":"MultiPolygon","coordinates":[[[[45.844,15.329],[45.848,15.393],[45.921,15.393],[45.918,15.329],[45.844,15.329]]],[[[43.866,15.458],[43.869,15.522],[43.943,15.522],[43.939,15.458],[43.866,15.458]]],[[[43.943,15.522],[43.946,15.586],[44.02,15.586],[44.016,15.522],[43.943,15.522]]],[[[45.848,15.393],[45.403,15.329],[45.323,15.2],[45.179,15.265],[45.025,15.136],[43.925,15.2],[43.939,15.458],[44.629,15.972],[45.001,16.036],[45.067,15.908],[45.366,15.972],[45.579,15.843],[46.396,15.972],[46.47,15.972],[46.381,15.715],[46.149,15.522],[46.076,15.522],[46.072,15.458],[45.999,15.458],[45.855,15.522],[45.848,15.393]]]]}},{"type":"Feature","id":"cliopatria-7bf9d98de95667b102ae9120","properties":{"NAME":"Elam","ABBREVN":null,"CONTROL":null,"SUBJECTO":"Elam","PARTOF":null,"BORDERPRECISION":1,"FromYear":-700,"ToYear":-651,"Area":46072.34008450823,"Type":"POLITY","Wikipedia":"Elam","Wikidata":"Q128904","SeshatID":"ir_neo_elam_2","Components":"","MemberOf":"","sourceFeatureId":"cliopatria-7bf9d98de95667b102ae9120","datasetId":"cliopatria"},"geometry":{"type":"MultiPolygon","coordinates":[[[[50.035,32.236],[50.017,32.107],[50.286,31.85],[50.166,31.529],[50.005,31.465],[50.071,30.822],[50.359,30.694],[50.477,30.436],[49.662,29.987],[49.223,30.115],[49.019,30.308],[49.111,30.436],[49.119,30.501],[49.27,30.501],[49.287,30.629],[48.253,31.465],[48.152,32.429],[47.931,32.493],[47.975,32.814],[47.984,32.879],[48.087,33.072],[48.988,32.943],[49.046,32.814],[49.276,32.814],[49.249,32.622],[49.717,32.686],[49.959,32.236],[50.035,32.236]]]]}},{"type":"Feature","id":"cliopatria-72b0f226d202d830fbccb87f","properties":{"NAME":"Roman Kingdom","ABBREVN":null,"CONTROL":null,"SUBJECTO":"Roman Kingdom","PARTOF":null,"BORDERPRECISION":1,"FromYear":-700,"ToYear":-501,"Area":858.8106751773288,"Type":"POLITY","Wikipedia":"Roman Kingdom","Wikidata":"Q201038","SeshatID":"it_roman_k","Components":"","MemberOf":"","sourceFeatureId":"cliopatria-72b0f226d202d830fbccb87f","datasetId":"cliopatria"},"geometry":{"type":"MultiPolygon","coordinates":[[[[12.131,41.911],[12.131,41.976],[11.973,42.106],[12.452,42.106],[12.448,41.782],[12.131,41.911]]]]}},{"type":"Feature","id":"cliopatria-2f5563e238cb722fc88abae7","properties":{"NAME":"Chu","ABBREVN":null,"CONTROL":null,"SUBJECTO":"Chu","PARTOF":"(Spring and Autumn States)","BORDERPRECISION":1,"FromYear":-700,"ToYear":-481,"Area":353292.4864529283,"Type":"POLITY","Wikipedia":"Chu (state)","Wikidata":"Q504759","SeshatID":"cn_chu_dyn_spring_autumn","Components":"","MemberOf":"(Spring and Autumn States)","sourceFeatureId":"cliopatria-2f5563e238cb722fc88abae7","datasetId":"cliopatria"},"geometry":{"type":"MultiPolygon","coordinates":[[[[114.952,34.358],[115.595,34.422],[116.107,34.358],[116.616,34.1],[117.231,34.1],[117.739,33.843],[117.763,33.715],[118.044,33.65],[118.118,33.457],[118.449,33.329],[118.575,33.072],[118.906,32.943],[118.319,32.429],[117.11,31.658],[117.021,31.208],[116.837,30.694],[116.119,30.372],[116.043,30.372],[114.113,30.501],[113.951,30.244],[113.584,30.051],[113.267,29.537],[112.904,29.344],[111.996,29.344],[111.809,29.472],[111.299,29.537],[110.662,29.922],[110.227,29.987],[110.406,30.308],[109.916,30.436],[109.476,30.951],[109.486,31.208],[109.356,31.272],[109.475,31.4],[109.312,31.593],[109.629,32.493],[109.552,32.493],[109.816,33.007],[109.711,33.136],[109.783,33.329],[110.215,33.457],[110.212,33.65],[110.491,33.779],[110.489,33.972],[110.872,34.165],[110.897,34.229],[112.155,34.486],[112.232,34.486],[112.309,34.486],[112.386,34.486],[112.617,34.486],[113.03,34.744],[113.028,34.551],[113.387,34.486],[113.591,34.229],[113.927,34.486],[114.156,34.293],[114.875,34.358],[114.952,34.358]]]]}},{"type":"Feature","id":"cliopatria-9e7ff265cef2b5645c6f873f","properties":{"NAME":"Hadhramaut","ABBREVN":null,"CONTROL":null,"SUBJECTO":"Hadhramaut","PARTOF":null,"BORDERPRECISION":1,"FromYear":-700,"ToYear":-351,"Area":85919.41161885991,"Type":"POLITY","Wikipedia":"Hadhramaut","Wikidata":"Q1517159","SeshatID":"","Components":"","MemberOf":"","sourceFeatureId":"cliopatria-9e7ff265cef2b5645c6f873f","datasetId":"cliopatria"},"geometry":{"type":"MultiPolygon","coordinates":[[[[51.074,15.458],[50.845,15.329],[50.752,15.008],[49.41,14.686],[47.521,15.072],[47.528,15.2],[46.506,15.329],[46.223,15.522],[46.149,15.522],[46.381,15.715],[46.47,15.972],[46.473,16.036],[46.555,16.165],[46.698,16.1],[48.117,16.422],[49.594,16.486],[50.118,16.615],[50.483,16.55],[51.081,16.679],[51.887,16.615],[51.952,16.486],[51.86,16.229],[51.242,15.779],[51.078,15.522],[51.074,15.458]]],[[[46.702,16.165],[46.628,16.165],[46.632,16.229],[46.706,16.229],[46.702,16.165]]]]}},{"type":"Feature","id":"cliopatria-b1fc09025a159cf4f97528d6","properties":{"NAME":"(Phoenician Empire)","ABBREVN":null,"CONTROL":null,"SUBJECTO":"(Phoenician Empire)","PARTOF":null,"BORDERPRECISION":1,"FromYear":-675,"ToYear":-651,"Area":26937.252251925325,"Type":"POLITY","Wikipedia":"Phoenicia","Wikidata":"Q41642","SeshatID":"","Components":"Phoenicia;Phoenician Colonies","MemberOf":"","sourceFeatureId":"cliopatria-b1fc09025a159cf4f97528d6","datasetId":"cliopatria"},"geometry":{"type":"MultiPolygon","coordinates":[[[[-3.851,36.804],[-4.469,36.739],[-4.689,36.546],[-5.228,36.482],[-5.288,36.224],[-5.516,36.16],[-5.585,36.031],[-5.831,36.224],[-6.064,36.224],[-6.248,36.61],[-5.918,36.353],[-5.452,36.353],[-5.306,36.482],[-5.31,36.546],[-4.555,36.868],[-3.851,36.804]]],[[[10.54,36.739],[10.851,36.997],[11.006,36.997],[11.006,36.804],[10.462,36.417],[10.54,36.224],[10.23,36.288],[10.23,36.417],[9.84,36.739],[9.917,36.739],[10.228,36.868],[10.54,36.739]]],[[[7.665,36.546],[7.272,36.868],[7.346,37.062],[7.659,36.997],[7.66,36.933],[7.971,36.933],[7.665,36.546]]],[[[10.306,36.933],[10.306,36.868],[10.228,36.868],[10.228,36.933],[10.306,36.933]]],[[[9.059,37.062],[9.603,37.319],[9.993,37.19],[10.227,37.255],[10.228,37.062],[10.072,37.126],[9.994,36.933],[9.683,36.997],[9.295,36.739],[8.983,36.868],[8.983,36.933],[8.826,36.997],[8.903,37.126],[9.059,37.062]]],[[[8.726,39.32],[9.118,39.45],[9.355,39.32],[9.356,39.191],[9.042,39.126],[8.966,38.868],[8.336,38.997],[8.412,39.256],[8.333,39.256],[8.33,39.514],[8.485,39.773],[8.483,39.902],[8.325,39.967],[8.4,40.291],[8.479,40.291],[8.718,40.096],[8.726,39.32]]],[[[12.842,32.879],[13.761,32.879],[13.759,32.75],[14.065,32.75],[14.444,32.493],[14.675,32.557],[14.749,32.429],[14.902,32.429],[14.593,32.172],[14.518,32.3],[14.442,32.3],[13.758,32.622],[12.916,32.622],[12.842,32.879]]],[[[10.851,35.773],[10.851,35.645],[11.083,35.58],[11.083,35.387],[11.006,35.387],[11.006,35.451],[10.619,35.323],[10.542,35.516],[10.851,35.773]]],[[[14.568,35.773],[14.337,35.838],[14.34,36.031],[14.417,36.031],[14.571,35.966],[14.568,35.773]]],[[[12.571,37.964],[12.571,38.029],[12.806,38.093],[12.726,37.9],[12.571,37.964]]],[[[13.12,38.158],[13.51,38.093],[13.51,38.029],[13.665,37.964],[13.04,37.964],[13.12,38.158]]]]}},{"type":"Feature","id":"cliopatria-bd6c15eb62ac43ee7ff4abdb","properties":{"NAME":"Greek City-States","ABBREVN":null,"CONTROL":null,"SUBJECTO":"Greek City-States","PARTOF":null,"BORDERPRECISION":1,"FromYear":-675,"ToYear":-651,"Area":91487.75155981355,"Type":"POLITY","Wikipedia":"Polis","Wikidata":"Q148837","SeshatID":"","Components":"","MemberOf":"","sourceFeatureId":"cliopatria-bd6c15eb62ac43ee7ff4abdb","datasetId":"cliopatria"},"geometry":{"type":"MultiPolygon","coordinates":[[[[24.15,35.387],[24.301,35.323],[25.692,35.323],[25.681,35.13],[26.225,35.194],[26.14,35.065],[24.824,35.001],[24.757,35.194],[24.526,35.194],[24.448,35.194],[23.679,35.258],[23.615,35.516],[24.157,35.516],[24.15,35.387]]],[[[22.887,36.417],[22.965,36.417],[23.117,36.353],[23.107,36.16],[22.874,36.16],[22.887,36.417]]],[[[24.283,37.706],[24.361,37.706],[24.432,37.577],[24.272,37.513],[24.201,37.642],[24.283,37.706]]],[[[20.621,37.9],[20.699,37.9],[20.934,37.9],[20.922,37.642],[20.613,37.706],[20.621,37.9]]],[[[24.694,38.029],[24.772,38.029],[25.068,37.771],[24.83,37.706],[24.682,37.835],[24.694,38.029]]],[[[16.019,38.287],[16.427,38.933],[16.987,39.256],[17.142,39.191],[17.058,38.997],[16.502,38.803],[16.492,38.416],[15.933,37.964],[15.698,37.964],[15.624,38.158],[15.389,38.158],[15.066,37.642],[15.059,37.255],[15.214,37.19],[15.13,36.868],[14.752,37.513],[14.832,37.642],[14.833,37.706],[15.152,38.029],[15.155,38.158],[15.471,38.287],[16.019,38.287]]],[[[20.328,38.351],[20.488,38.416],[20.566,38.416],[20.795,38.287],[20.786,38.093],[20.32,38.158],[20.328,38.351]]],[[[23.313,38.481],[23.626,38.481],[23.563,38.739],[24.03,38.674],[24.179,38.545],[24.159,38.222],[24.002,38.222],[23.979,37.835],[23.443,38.029],[23.208,38.029],[23.201,37.9],[23.044,37.9],[23.108,37.642],[23.342,37.642],[23.402,37.319],[23.169,37.319],[23.176,37.448],[22.949,37.577],[22.714,37.577],[22.701,37.319],[22.853,37.255],[23.056,36.675],[22.833,36.868],[22.599,36.868],[22.512,36.675],[22.356,36.675],[22.22,37.062],[21.909,37.062],[21.899,36.868],[21.744,36.868],[21.681,37.19],[21.603,37.19],[21.697,37.513],[21.244,37.835],[21.416,38.158],[21.729,38.158],[21.738,38.351],[21.272,38.416],[21.278,38.545],[21.602,38.739],[21.912,38.674],[22.386,38.739],[22.55,38.868],[22.561,39.062],[22.34,39.32],[22.588,39.514],[22.54,40.032],[22.698,40.032],[22.611,39.902],[23.135,39.45],[22.816,39.385],[22.797,39.062],[22.958,39.126],[23.108,38.997],[23.344,38.997],[23.489,38.803],[23.179,38.868],[23.183,38.933],[22.943,38.868],[22.936,38.739],[23.167,38.674],[23.313,38.481]]],[[[20.587,38.868],[20.666,38.868],[20.744,38.868],[20.732,38.61],[20.497,38.61],[20.587,38.868]]],[[[23.567,38.803],[23.563,38.739],[23.485,38.739],[23.489,38.803],[23.567,38.803]]],[[[24.365,38.997],[24.444,38.997],[24.675,38.933],[24.662,38.739],[24.357,38.868],[24.365,38.997]]],[[[19.921,39.773],[19.918,39.708],[19.912,39.579],[19.758,39.644],[19.764,39.773],[19.921,39.773]]],[[[23.263,40.226],[23.342,40.226],[23.645,40.032],[23.637,39.902],[23.325,39.967],[23.263,40.226]]],[[[23.504,40.291],[23.5,40.226],[23.421,40.226],[23.425,40.291],[23.504,40.291]]],[[[16.306,40.226],[16.633,40.55],[16.877,40.744],[17.508,40.679],[17.576,40.355],[17.341,40.42],[17.345,40.55],[16.868,40.485],[16.943,40.355],[16.624,40.291],[16.697,40.096],[16.455,39.902],[16.453,39.838],[16.293,39.773],[16.22,39.967],[16.299,39.967],[16.306,40.226]]],[[[23.663,40.291],[23.667,40.355],[23.746,40.355],[23.742,40.291],[23.737,40.226],[23.658,40.226],[23.663,40.291]]],[[[14.504,41.003],[14.501,40.874],[14.818,40.874],[14.895,40.744],[14.814,40.679],[14.735,40.679],[14.418,40.679],[14.422,40.874],[14.105,40.874],[14.028,41.003],[14.504,41.003]]],[[[27.693,36.288],[28.017,36.482],[28.095,36.482],[28.25,36.482],[28.139,36.031],[27.743,35.902],[27.693,36.288]]],[[[33.836,36.417],[33.979,36.288],[33.507,36.224],[33.759,36.417],[33.836,36.417]]],[[[30.109,36.417],[30.187,36.417],[30.281,36.61],[30.525,36.739],[30.492,36.353],[30.109,36.417]]],[[[27.117,36.933],[27.185,36.804],[26.865,36.675],[27.039,36.933],[27.117,36.933]]],[[[25.339,37.126],[25.417,37.126],[25.573,37.126],[25.564,36.997],[25.331,36.997],[25.339,37.126]]],[[[24.986,37.706],[25.064,37.706],[25.22,37.706],[25.286,37.513],[25.052,37.513],[24.986,37.706]]],[[[26.08,37.706],[26.158,37.706],[26.314,37.706],[26.305,37.577],[25.988,37.513],[26.08,37.706]]],[[[28.168,37.448],[28.163,37.384],[28.455,37.126],[28.513,36.868],[28.031,36.675],[28.138,37.062],[28.065,37.126],[27.598,37.126],[27.539,37.384],[27.223,37.319],[27.31,37.448],[27.163,37.577],[27.256,37.771],[27.178,37.771],[27.275,38.029],[26.889,38.093],[26.82,38.222],[26.429,38.222],[26.384,38.674],[26.536,38.61],[26.595,38.351],[27.065,38.351],[27.08,38.545],[26.849,38.61],[26.958,38.997],[26.747,39.32],[26.994,39.45],[27.303,39.385],[27.382,39.385],[27.435,39.062],[27.021,38.803],[27.011,38.674],[27.163,38.61],[27.143,38.351],[27.422,37.9],[27.417,37.835],[27.476,37.577],[27.632,37.577],[27.7,37.448],[28.168,37.448]]],[[[25.899,38.481],[25.821,38.481],[25.913,38.674],[25.991,38.674],[26.217,38.545],[26.111,38.158],[25.876,38.158],[25.899,38.481]]],[[[26.094,38.997],[26.103,39.126],[25.793,39.191],[26.044,39.385],[26.123,39.385],[26.511,39.32],[26.644,38.997],[26.246,38.933],[26.094,38.997]]],[[[25.067,40.032],[25.146,40.032],[25.462,40.032],[25.447,39.838],[24.974,39.838],[25.067,40.032]]],[[[26.132,39.514],[26.272,40.291],[26.441,40.42],[26.684,40.485],[26.673,40.355],[27.543,40.355],[27.368,40.161],[26.821,40.226],[26.657,40.161],[26.647,40.032],[26.641,39.967],[26.704,39.773],[26.946,39.838],[27.241,39.579],[26.132,39.514]]],[[[25.719,40.291],[25.798,40.291],[26.035,40.291],[26.025,40.161],[25.704,40.096],[25.719,40.291]]],[[[26.927,40.55],[26.842,40.485],[26.774,40.614],[27.006,40.55],[26.927,40.55]]],[[[40.37,40.938],[40.391,41.068],[40.598,40.874],[40.588,40.809],[40.567,40.679],[39.785,40.744],[39.815,40.938],[40.37,40.938]]],[[[37.145,41.133],[37.154,41.198],[37.233,41.198],[37.224,41.133],[37.145,41.133]]],[[[36.775,41.327],[37.065,41.133],[37.145,41.133],[36.888,41.003],[36.747,41.133],[36.509,41.133],[36.448,41.263],[36.775,41.327]]]]}},{"type":"Feature","id":"cliopatria-17ea39e681951e446a4b5f9e","properties":{"NAME":"Kingdom of Kush","ABBREVN":null,"CONTROL":null,"SUBJECTO":"Kingdom of Kush","PARTOF":null,"BORDERPRECISION":1,"FromYear":-675,"ToYear":-651,"Area":336379.15609700844,"Type":"POLITY","Wikipedia":"Kingdom of Kush","Wikidata":"Q241790","SeshatID":"eg_kushite","Components":"","MemberOf":"","sourceFeatureId":"cliopatria-17ea39e681951e446a4b5f9e","datasetId":"cliopatria"},"geometry":{"type":"MultiPolygon","coordinates":[[[[33.838,22.079],[33.763,22.079],[33.835,22.015],[33.745,21.629],[33.82,21.629],[34.258,19.636],[34.469,19.379],[34.597,18.929],[34.879,18.608],[34.939,18.286],[35.3,18.093],[35.501,17.643],[36.003,17.322],[36.054,16.808],[35.671,16.486],[34.714,16.486],[34.556,16.229],[34.684,15.779],[34.098,15.843],[33.862,15.458],[32.529,15.2],[32.533,15.329],[32.094,15.393],[31.734,15.586],[31.527,15.972],[31.536,16.229],[31.394,16.358],[31.477,16.615],[31.337,16.808],[31.221,17.643],[31.147,17.643],[30.877,20.343],[30.803,20.343],[30.818,20.793],[30.744,20.793],[30.762,21.308],[30.688,21.308],[30.636,21.951],[30.561,21.951],[30.721,22.272],[30.742,22.851],[30.535,23.301],[30.537,23.365],[31.67,23.751],[32.041,23.686],[33.389,23.815],[33.682,23.686],[33.679,23.622],[33.823,23.493],[33.809,23.172],[33.883,23.172],[33.84,22.143],[33.838,22.079]]]]}},{"type":"Feature","id":"cliopatria-5cad0a7eb4f4f38a1406ee1a","properties":{"NAME":"Lydia","ABBREVN":null,"CONTROL":null,"SUBJECTO":"Lydia","PARTOF":null,"BORDERPRECISION":1,"FromYear":-675,"ToYear":-651,"Area":24823.918481534638,"Type":"POLITY","Wikipedia":"Lydia","Wikidata":"Q620765","SeshatID":"","Components":"","MemberOf":"","sourceFeatureId":"cliopatria-5cad0a7eb4f4f38a1406ee1a","datasetId":"cliopatria"},"geometry":{"type":"MultiPolygon","coordinates":[[[[28.867,38.351],[28.856,38.222],[28.699,38.222],[28.61,38.093],[28.756,37.964],[28.662,37.771],[28.797,37.513],[28.631,37.384],[28.246,37.448],[28.168,37.448],[27.7,37.448],[27.632,37.577],[27.476,37.577],[27.417,37.835],[27.422,37.9],[27.143,38.351],[27.163,38.61],[27.011,38.674],[27.021,38.803],[27.435,39.062],[27.382,39.385],[27.461,39.385],[27.545,39.45],[27.692,39.32],[27.928,39.32],[28.131,38.933],[28.608,38.997],[28.675,38.868],[28.911,38.868],[29.057,38.739],[29.045,38.61],[28.889,38.61],[28.872,38.416],[28.867,38.351]]]]}},{"type":"Feature","id":"cliopatria-d4f2e5e6107a11dacdaa7fab","properties":{"NAME":"Phoenicia","ABBREVN":null,"CONTROL":null,"SUBJECTO":"Phoenicia","PARTOF":"(Phoenician Empire)","BORDERPRECISION":1,"FromYear":-675,"ToYear":-651,"Area":15496.144223854977,"Type":"POLITY","Wikipedia":"Phoenicia","Wikidata":"Q41642","SeshatID":"lb_phoenician_emp","Components":"","MemberOf":"(Phoenician Empire)","sourceFeatureId":"cliopatria-d4f2e5e6107a11dacdaa7fab","datasetId":"cliopatria"},"geometry":{"type":"MultiPolygon","coordinates":[[[[13.758,32.622],[12.916,32.622],[12.842,32.879],[13.761,32.879],[13.759,32.75],[14.065,32.75],[14.444,32.493],[14.675,32.557],[14.749,32.429],[14.902,32.429],[14.593,32.172],[14.518,32.3],[14.442,32.3],[13.758,32.622]]],[[[10.542,35.516],[10.851,35.773],[10.851,35.645],[11.083,35.58],[11.083,35.387],[11.006,35.387],[11.006,35.451],[10.619,35.323],[10.542,35.516]]],[[[10.54,36.739],[10.851,36.997],[11.006,36.997],[11.006,36.804],[10.462,36.417],[10.54,36.224],[10.23,36.288],[10.23,36.417],[9.84,36.739],[9.917,36.739],[10.228,36.868],[10.54,36.739]]],[[[7.971,36.933],[7.665,36.546],[7.272,36.868],[7.346,37.062],[7.659,36.997],[7.66,36.933],[7.971,36.933]]],[[[10.228,36.933],[10.306,36.933],[10.306,36.868],[10.228,36.868],[10.228,36.933]]],[[[8.903,37.126],[9.059,37.062],[9.603,37.319],[9.993,37.19],[10.227,37.255],[10.228,37.062],[10.072,37.126],[9.994,36.933],[9.683,36.997],[9.295,36.739],[8.983,36.868],[8.983,36.933],[8.826,36.997],[8.903,37.126]]]]}},{"type":"Feature","id":"cliopatria-d107c3b2d90297a184223cd4","properties":{"NAME":"Phoenician Colonies","ABBREVN":null,"CONTROL":null,"SUBJECTO":"Phoenician Colonies","PARTOF":"(Phoenician Empire)","BORDERPRECISION":1,"FromYear":-675,"ToYear":-651,"Area":11441.108028070346,"Type":"POLITY","Wikipedia":"Colonies in antiquity","Wikidata":"Q1094394","SeshatID":"lb_phoenician_emp","Components":"","MemberOf":"(Phoenician Empire)","sourceFeatureId":"cliopatria-d107c3b2d90297a184223cd4","datasetId":"cliopatria"},"geometry":{"type":"MultiPolygon","coordinates":[[[[14.571,35.966],[14.568,35.773],[14.337,35.838],[14.34,36.031],[14.417,36.031],[14.571,35.966]]],[[[-4.555,36.868],[-3.851,36.804],[-4.469,36.739],[-4.689,36.546],[-5.228,36.482],[-5.288,36.224],[-5.516,36.16],[-5.585,36.031],[-5.831,36.224],[-6.064,36.224],[-6.248,36.61],[-5.918,36.353],[-5.452,36.353],[-5.306,36.482],[-5.31,36.546],[-4.555,36.868]]],[[[12.806,38.093],[12.726,37.9],[12.571,37.964],[12.571,38.029],[12.806,38.093]]],[[[13.04,37.964],[13.12,38.158],[13.51,38.093],[13.51,38.029],[13.665,37.964],[13.04,37.964]]],[[[8.726,39.32],[9.118,39.45],[9.355,39.32],[9.356,39.191],[9.042,39.126],[8.966,38.868],[8.336,38.997],[8.412,39.256],[8.333,39.256],[8.33,39.514],[8.485,39.773],[8.483,39.902],[8.325,39.967],[8.4,40.291],[8.479,40.291],[8.718,40.096],[8.726,39.32]]]]}},{"type":"Feature","id":"cliopatria-d85dfa2628e01cfff858a495","properties":{"NAME":"Neo-Assyrian Empire","ABBREVN":null,"CONTROL":null,"SUBJECTO":"Neo-Assyrian Empire","PARTOF":null,"BORDERPRECISION":1,"FromYear":-675,"ToYear":-616,"Area":1400725.517837298,"Type":"POLITY","Wikipedia":"Neo-Assyrian Empire","Wikidata":"Q10914393","SeshatID":"iq_neo_assyrian_emp","Components":"","MemberOf":"","sourceFeatureId":"cliopatria-d85dfa2628e01cfff858a495","datasetId":"cliopatria"},"geometry":{"type":"MultiPolygon","coordinates":[[[[45.094,40.291],[45.116,39.967],[45.533,40.096],[45.961,39.838],[45.758,39.579],[45.904,39.514],[45.882,39.385],[46.095,39.256],[46.062,39.062],[46.141,39.062],[46.108,38.868],[45.636,38.868],[45.301,38.739],[45.024,38.481],[44.982,38.222],[45.197,38.093],[45.126,37.642],[45.262,37.513],[45.242,37.384],[44.842,37.319],[44.862,36.933],[44.94,36.933],[44.92,36.804],[45.309,36.804],[45.348,36.546],[45.504,36.546],[45.776,36.288],[46.009,36.288],[45.99,36.16],[46.222,36.16],[46.804,35.902],[46.862,35.773],[47.162,35.709],[47.172,35.258],[46.979,35.001],[46.652,34.872],[46.275,34.937],[46.18,34.808],[46.098,34.229],[46.175,34.229],[46.148,34.036],[46.379,34.036],[46.285,33.907],[46.421,33.779],[46.787,33.65],[46.692,33.522],[46.751,33.393],[47.636,33.136],[47.898,32.814],[47.975,32.814],[47.931,32.493],[48.152,32.429],[48.253,31.465],[49.287,30.629],[49.27,30.501],[49.119,30.501],[49.043,30.501],[48.943,30.308],[48.987,30.051],[48.365,29.922],[48.404,29.601],[47.866,29.537],[47.29,29.794],[46.979,29.729],[46.994,29.858],[46.85,29.922],[46.615,29.858],[46.591,30.308],[45.77,30.436],[44.955,31.272],[44.581,31.336],[44.459,31.593],[43.153,32.814],[42.709,32.943],[42.578,33.136],[41.489,33.65],[41.212,33.907],[40.912,33.972],[40.85,34.1],[40.473,34.165],[40.418,34.358],[39.608,34.679],[39.546,34.808],[39.252,34.937],[39.09,34.872],[38.804,35.065],[38.179,35.001],[37.325,34.229],[37.389,34.1],[37.235,34.1],[37.055,33.843],[36.728,33.65],[36.696,33.329],[36.837,33.2],[36.506,32.943],[36.57,32.814],[36.475,32.622],[36.698,32.557],[36.751,32.3],[36.516,32.236],[36.656,32.107],[36.492,31.979],[36.463,31.658],[36.387,31.658],[36.423,31.208],[36.271,31.208],[36.401,30.951],[36.07,30.629],[35.952,30.115],[35.876,30.115],[35.77,29.729],[35.806,29.215],[35.428,29.215],[34.837,29.408],[34.711,28.701],[34.547,28.508],[34.517,28.058],[34.358,27.93],[34.346,27.737],[33.902,27.865],[33.554,28.315],[33.403,28.315],[33.189,28.508],[33.147,29.022],[32.857,29.215],[32.589,29.729],[32.602,29.922],[32.442,29.794],[32.689,28.958],[32.836,28.894],[33.105,28.38],[33.609,27.994],[33.585,27.608],[33.799,27.415],[33.927,27.029],[34.073,26.965],[34.051,26.579],[34.197,26.515],[34.461,25.872],[34.608,25.808],[35.146,24.651],[35.86,24.008],[35.854,23.879],[35.559,23.943],[35.553,23.815],[35.108,23.879],[33.756,23.686],[33.682,23.686],[33.389,23.815],[32.041,23.686],[31.67,23.751],[30.537,23.365],[30.463,23.365],[30.395,23.558],[30.104,23.751],[30.109,23.879],[29.959,23.879],[29.673,24.201],[28.641,24.586],[28.289,25.165],[28.268,26.515],[28.343,26.515],[28.371,27.158],[28.446,27.158],[28.391,27.608],[28.467,27.608],[28.523,28.765],[28.451,28.83],[28.605,28.894],[28.619,29.151],[28.695,29.151],[29.017,30.822],[29.397,30.822],[29.485,31.015],[29.633,30.951],[29.87,31.079],[29.802,31.208],[29.882,31.272],[30.339,31.272],[30.271,31.4],[30.352,31.465],[30.809,31.465],[30.966,31.529],[30.975,31.658],[31.203,31.658],[31.118,31.529],[31.266,31.465],[31.875,31.465],[31.781,31.208],[31.937,31.272],[32,31.079],[32.304,31.079],[32.237,31.208],[32.389,31.208],[32.532,31.079],[32.765,31.143],[32.832,31.015],[33.749,31.079],[34.297,31.272],[34.308,31.4],[34.633,31.658],[34.573,31.85],[34.813,31.979],[34.77,32.365],[35.022,32.622],[35.056,33.007],[35.215,33.072],[35.398,33.393],[35.346,33.65],[35.499,33.65],[35.447,33.907],[35.684,33.972],[35.644,34.358],[35.792,34.293],[36.049,34.551],[36.068,34.744],[35.927,34.872],[35.96,35.194],[35.882,35.194],[35.993,35.516],[35.845,35.58],[35.99,36.224],[35.842,36.288],[36.265,36.61],[36.286,36.804],[36.145,36.933],[35.834,36.933],[35.488,36.61],[35.113,36.739],[34.95,36.675],[34.893,36.868],[34.582,36.868],[34.335,36.739],[34.212,37.062],[33.914,37.19],[33.934,37.384],[33.707,37.448],[33.655,37.706],[33.343,37.706],[33.434,37.835],[33.161,38.222],[33.28,38.61],[33.594,38.61],[33.708,38.933],[34.4,38.803],[34.665,39.062],[34.609,39.256],[34.696,39.32],[35.003,39.256],[35.058,39.062],[35.365,38.997],[35.467,39.191],[35.805,39.385],[35.955,39.32],[36.128,39.45],[37.169,39.579],[38.01,39.967],[38.283,40.226],[38.925,40.291],[39.766,40.096],[40.121,40.355],[40.586,40.291],[40.785,40.55],[40.933,40.485],[41.561,40.938],[41.788,40.874],[41.91,41.133],[42.466,41.133],[42.592,40.938],[42.751,40.938],[42.864,41.133],[43.102,41.133],[43.204,41.263],[44.067,41.198],[44.043,41.068],[44.191,41.003],[44.065,40.744],[44.926,40.679],[44.958,40.42],[44.947,40.355],[45.094,40.291]]],[[[46.883,34.872],[46.893,34.937],[46.97,34.937],[46.96,34.872],[46.883,34.872]]],[[[34.542,35.709],[34.529,35.58],[33.957,35.258],[34.087,35.001],[33.695,34.937],[33.523,34.744],[33.132,34.679],[33.044,34.551],[32.367,34.744],[32.229,34.937],[32.246,35.13],[32.555,35.13],[32.875,35.258],[32.887,35.387],[33.737,35.387],[34.31,35.709],[34.387,35.709],[34.542,35.709]]],[[[35.884,39.385],[35.892,39.45],[35.971,39.45],[35.963,39.385],[35.884,39.385]]]]}},{"type":"Feature","id":"cliopatria-50802b866d74d7c2a5f76617","properties":{"NAME":"(Macedonian Empire)","ABBREVN":null,"CONTROL":null,"SUBJECTO":"(Macedonian Empire)","PARTOF":null,"BORDERPRECISION":1,"FromYear":-675,"ToYear":-551,"Area":2705.716791723374,"Type":"POLITY","Wikipedia":"Macedonia (ancient kingdom)","Wikidata":"Q83958","SeshatID":"","Components":"Macedonian Empire","MemberOf":"","sourceFeatureId":"cliopatria-50802b866d74d7c2a5f76617","datasetId":"cliopatria"},"geometry":{"type":"MultiPolygon","coordinates":[[[[22.01,40.42],[22.089,40.42],[22.025,40.679],[22.659,40.679],[22.544,40.096],[22.698,40.032],[22.461,40.032],[22.239,40.291],[22.077,40.226],[22.01,40.42]]]]}},{"type":"Feature","id":"cliopatria-8189a01fc28d3afcd23520d5","properties":{"NAME":"Macedonian Empire","ABBREVN":null,"CONTROL":null,"SUBJECTO":"Macedonian Empire","PARTOF":"(Macedonian Empire)","BORDERPRECISION":1,"FromYear":-675,"ToYear":-551,"Area":2705.716791723374,"Type":"POLITY","Wikipedia":"Macedonia (ancient kingdom)","Wikidata":"Q83958","SeshatID":"","Components":"","MemberOf":"(Macedonian Empire)","sourceFeatureId":"cliopatria-8189a01fc28d3afcd23520d5","datasetId":"cliopatria"},"geometry":{"type":"MultiPolygon","coordinates":[[[[22.01,40.42],[22.089,40.42],[22.025,40.679],[22.659,40.679],[22.544,40.096],[22.698,40.032],[22.461,40.032],[22.239,40.291],[22.077,40.226],[22.01,40.42]]]]}},{"type":"Feature","id":"cliopatria-fd1d0c474dea7c278d404c2c","properties":{"NAME":"Sabaeans","ABBREVN":null,"CONTROL":null,"SUBJECTO":"Sabaeans","PARTOF":null,"BORDERPRECISION":1,"FromYear":-675,"ToYear":-551,"Area":55243.100766673226,"Type":"POLITY","Wikipedia":"Sabaeans","Wikidata":"Q940785","SeshatID":"ye_sabaean_commonwealth","Components":"","MemberOf":"","sourceFeatureId":"cliopatria-fd1d0c474dea7c278d404c2c","datasetId":"cliopatria"},"geometry":{"type":"MultiPolygon","coordinates":[[[[45.918,15.329],[45.844,15.329],[45.848,15.393],[45.921,15.393],[45.918,15.329]]],[[[44.188,15.972],[44.328,15.843],[44.928,16.036],[45.067,15.908],[45.366,15.972],[45.579,15.843],[46.396,15.972],[46.47,15.972],[46.381,15.715],[46.149,15.522],[46.076,15.522],[45.855,15.522],[45.848,15.393],[45.403,15.329],[45.323,15.2],[45.179,15.265],[45.025,15.136],[42.816,15.072],[42.766,15.522],[42.692,15.522],[42.824,16.615],[42.477,17],[42.487,17.193],[42.635,17.193],[43.022,17.515],[43.033,17.708],[43.25,17.643],[43.553,17.772],[43.9,17.386],[43.818,17.258],[43.892,17.258],[43.874,16.936],[44.003,16.615],[43.911,16.293],[44.048,16.1],[44.195,16.1],[44.269,16.1],[44.188,15.972]]]]}},{"type":"Feature","id":"cliopatria-9234df80269665ebdb260b6f","properties":{"NAME":"Assyrian Egypt","ABBREVN":null,"CONTROL":null,"SUBJECTO":"Assyrian Egypt","PARTOF":null,"BORDERPRECISION":1,"FromYear":-650,"ToYear":-631,"Area":1255946.2858715882,"Type":"POLITY","Wikipedia":"Assyrian conquest of Egypt","Wikidata":"Q97357417","SeshatID":"","Components":"","MemberOf":"","sourceFeatureId":"cliopatria-9234df80269665ebdb260b6f","datasetId":"cliopatria"},"geometry":{"type":"MultiPolygon","coordinates":[[[[44.958,40.42],[44.947,40.355],[45.094,40.291],[45.116,39.967],[45.533,40.096],[45.961,39.838],[45.758,39.579],[45.904,39.514],[45.882,39.385],[46.095,39.256],[46.062,39.062],[46.141,39.062],[46.108,38.868],[45.636,38.868],[45.301,38.739],[45.024,38.481],[44.982,38.222],[45.197,38.093],[45.126,37.642],[45.262,37.513],[45.242,37.384],[44.842,37.319],[44.92,36.804],[45.309,36.804],[45.348,36.546],[45.504,36.546],[45.776,36.288],[46.009,36.288],[45.99,36.16],[46.222,36.16],[46.804,35.902],[46.862,35.773],[47.162,35.709],[47.133,35.516],[47.21,35.516],[47.172,35.258],[46.893,34.937],[46.275,34.937],[46.143,34.551],[46.157,34.1],[46.148,34.036],[45.918,34.036],[45.968,33.843],[45.891,33.843],[45.857,33.586],[46.07,33.457],[46.052,33.329],[45.899,33.329],[45.465,32.943],[45.099,33.072],[44.631,33.007],[44.571,33.136],[44.418,33.136],[44.248,33.007],[44.208,32.686],[43.91,32.75],[43.428,32.557],[43.351,32.557],[43.153,32.814],[42.709,32.943],[42.578,33.136],[41.489,33.65],[41.212,33.907],[40.912,33.972],[40.85,34.1],[40.473,34.165],[40.418,34.358],[40.118,34.422],[40.056,34.551],[39.608,34.679],[39.252,34.937],[39.09,34.872],[38.804,35.065],[38.418,35.065],[37.758,34.679],[37.744,34.551],[37.325,34.229],[37.389,34.1],[37.235,34.1],[37.055,33.843],[36.728,33.65],[36.696,33.329],[36.837,33.2],[36.506,32.943],[36.57,32.814],[36.475,32.622],[36.698,32.557],[36.751,32.3],[36.516,32.236],[36.656,32.107],[36.492,31.979],[36.463,31.658],[36.387,31.658],[36.423,31.208],[36.271,31.208],[36.401,30.951],[36.07,30.629],[35.952,30.115],[35.876,30.115],[35.77,29.729],[35.806,29.215],[35.428,29.215],[34.837,29.408],[34.711,28.701],[34.547,28.508],[34.517,28.058],[34.358,27.93],[34.346,27.737],[33.902,27.865],[33.554,28.315],[33.403,28.315],[33.189,28.508],[33.214,28.894],[32.857,29.215],[32.526,29.922],[32.429,29.601],[32.639,29.344],[32.689,28.958],[32.836,28.894],[33.105,28.38],[33.609,27.994],[33.585,27.608],[33.799,27.415],[33.927,27.029],[34.073,26.965],[34.051,26.579],[34.197,26.515],[34.461,25.872],[34.608,25.808],[35.146,24.651],[35.86,24.008],[35.854,23.879],[35.559,23.943],[35.553,23.815],[35.108,23.879],[33.756,23.686],[33.682,23.686],[33.389,23.815],[32.041,23.686],[31.67,23.751],[30.537,23.365],[30.463,23.365],[30.395,23.558],[30.104,23.751],[30.109,23.879],[29.959,23.879],[29.673,24.201],[28.641,24.586],[28.289,25.165],[28.268,26.515],[28.343,26.515],[28.371,27.158],[28.446,27.158],[28.391,27.608],[28.467,27.608],[28.523,28.765],[28.451,28.83],[28.605,28.894],[28.619,29.151],[28.695,29.151],[29.017,30.822],[29.397,30.822],[29.485,31.015],[29.633,30.951],[29.87,31.079],[29.802,31.208],[29.882,31.272],[30.339,31.272],[30.271,31.4],[30.352,31.465],[30.809,31.465],[30.966,31.529],[30.975,31.658],[31.203,31.658],[31.118,31.529],[31.266,31.465],[31.875,31.465],[31.781,31.208],[31.937,31.272],[32,31.079],[32.304,31.079],[32.237,31.208],[32.389,31.208],[32.532,31.079],[32.765,31.143],[32.832,31.015],[33.749,31.079],[34.297,31.272],[34.308,31.4],[34.633,31.658],[34.573,31.85],[34.813,31.979],[34.77,32.365],[35.022,32.622],[35.056,33.007],[35.215,33.072],[35.398,33.393],[35.346,33.65],[35.499,33.65],[35.447,33.907],[35.684,33.972],[35.644,34.358],[35.792,34.293],[36.049,34.551],[36.068,34.744],[35.927,34.872],[35.96,35.194],[35.882,35.194],[35.993,35.516],[35.845,35.58],[35.99,36.224],[35.842,36.288],[36.265,36.61],[36.286,36.804],[36.145,36.933],[35.834,36.933],[35.488,36.61],[35.113,36.739],[34.95,36.675],[34.893,36.868],[34.582,36.868],[34.335,36.739],[34.212,37.062],[33.914,37.19],[33.934,37.384],[33.707,37.448],[33.655,37.706],[33.343,37.706],[33.434,37.835],[33.161,38.222],[33.28,38.61],[33.594,38.61],[33.708,38.933],[34.4,38.803],[34.665,39.062],[34.609,39.256],[34.696,39.32],[35.003,39.256],[35.058,39.062],[35.365,38.997],[35.467,39.191],[35.805,39.385],[35.955,39.32],[36.128,39.45],[37.169,39.579],[38.01,39.967],[38.283,40.226],[38.925,40.291],[39.766,40.096],[40.121,40.355],[40.586,40.291],[40.785,40.55],[40.933,40.485],[41.561,40.938],[41.788,40.874],[41.91,41.133],[42.466,41.133],[42.592,40.938],[42.751,40.938],[42.864,41.133],[43.102,41.133],[43.204,41.263],[44.067,41.198],[44.043,41.068],[44.191,41.003],[44.065,40.744],[44.926,40.679],[44.958,40.42]]]]}},{"type":"Feature","id":"cliopatria-042a5775023da9f81f71e6cb","properties":{"NAME":"Babylonia","ABBREVN":null,"CONTROL":null,"SUBJECTO":"Babylonia","PARTOF":null,"BORDERPRECISION":1,"FromYear":-650,"ToYear":-631,"Area":133937.46238721383,"Type":"POLITY","Wikipedia":"Babylonia","Wikidata":"Q47690","SeshatID":"","Components":"","MemberOf":"","sourceFeatureId":"cliopatria-042a5775023da9f81f71e6cb","datasetId":"cliopatria"},"geometry":{"type":"MultiPolygon","coordinates":[[[[47.56,33.136],[47.636,33.136],[47.898,32.814],[47.975,32.814],[47.931,32.493],[48.152,32.429],[48.253,31.465],[49.287,30.629],[49.27,30.501],[49.119,30.501],[49.043,30.501],[48.943,30.308],[48.987,30.051],[48.365,29.922],[48.404,29.601],[47.866,29.537],[47.29,29.794],[46.979,29.729],[46.994,29.858],[46.85,29.922],[46.615,29.858],[46.591,30.308],[45.77,30.436],[44.955,31.272],[44.581,31.336],[44.459,31.593],[43.42,32.493],[43.428,32.557],[43.91,32.75],[44.208,32.686],[44.248,33.007],[44.418,33.136],[44.571,33.136],[44.631,33.007],[45.099,33.072],[45.465,32.943],[45.899,33.329],[46.052,33.329],[46.07,33.457],[45.857,33.586],[45.891,33.843],[45.968,33.843],[45.918,34.036],[46.148,34.036],[46.225,34.036],[46.379,34.036],[46.285,33.907],[46.421,33.779],[46.787,33.65],[46.692,33.522],[46.751,33.393],[47.56,33.136]]]]}},{"type":"Feature","id":"cliopatria-031f37556d73b630f6118db5","properties":{"NAME":"Carthage","ABBREVN":null,"CONTROL":null,"SUBJECTO":"Carthage","PARTOF":null,"BORDERPRECISION":1,"FromYear":-650,"ToYear":-631,"Area":3728.3914405799464,"Type":"POLITY","Wikipedia":"Ancient Carthage","Wikidata":"Q2429397","SeshatID":"tn_carthage_emp","Components":"","MemberOf":"","sourceFeatureId":"cliopatria-031f37556d73b630f6118db5","datasetId":"cliopatria"},"geometry":{"type":"MultiPolygon","coordinates":[[[[9.917,36.739],[10.228,36.868],[10.54,36.739],[10.851,36.997],[11.006,36.997],[11.006,36.804],[10.462,36.417],[10.54,36.224],[10.23,36.288],[10.23,36.417],[9.84,36.739],[9.917,36.739]]],[[[10.306,36.868],[10.228,36.868],[10.228,36.933],[10.306,36.933],[10.306,36.868]]]]}},{"type":"Feature","id":"cliopatria-fc2e3fc30f270afae1c7498c","properties":{"NAME":"Elam","ABBREVN":null,"CONTROL":null,"SUBJECTO":"Elam","PARTOF":null,"BORDERPRECISION":1,"FromYear":-650,"ToYear":-631,"Area":45888.04899421221,"Type":"POLITY","Wikipedia":"Elam","Wikidata":"Q128904","SeshatID":"ir_neo_elam_2","Components":"","MemberOf":"","sourceFeatureId":"cliopatria-fc2e3fc30f270afae1c7498c","datasetId":"cliopatria"},"geometry":{"type":"MultiPolygon","coordinates":[[[[49.959,32.236],[50.035,32.236],[50.017,32.107],[50.286,31.85],[50.166,31.529],[50.005,31.465],[50.071,30.822],[50.359,30.694],[50.477,30.436],[50.141,30.179],[49.913,30.179],[49.586,29.987],[49.019,30.308],[49.111,30.436],[49.119,30.501],[49.27,30.501],[49.287,30.629],[48.253,31.465],[48.152,32.429],[47.931,32.493],[47.975,32.814],[47.984,32.879],[48.087,33.072],[48.988,32.943],[49.046,32.814],[49.276,32.814],[49.249,32.622],[49.717,32.686],[49.959,32.236]]]]}},{"type":"Feature","id":"cliopatria-ac8d754eb37bc71be134a554","properties":{"NAME":"Greek City-States","ABBREVN":null,"CONTROL":null,"SUBJECTO":"Greek City-States","PARTOF":null,"BORDERPRECISION":1,"FromYear":-650,"ToYear":-631,"Area":124013.98802734412,"Type":"POLITY","Wikipedia":"Polis","Wikidata":"Q148837","SeshatID":"","Components":"","MemberOf":"","sourceFeatureId":"cliopatria-ac8d754eb37bc71be134a554","datasetId":"cliopatria"},"geometry":{"type":"MultiPolygon","coordinates":[[[[24.15,35.387],[24.301,35.323],[25.692,35.323],[25.681,35.13],[26.225,35.194],[26.14,35.065],[24.824,35.001],[24.757,35.194],[24.526,35.194],[24.448,35.194],[23.679,35.258],[23.615,35.516],[24.157,35.516],[24.15,35.387]]],[[[22.887,36.417],[22.965,36.417],[23.117,36.353],[23.107,36.16],[22.874,36.16],[22.887,36.417]]],[[[24.283,37.706],[24.361,37.706],[24.432,37.577],[24.272,37.513],[24.201,37.642],[24.283,37.706]]],[[[24.986,37.706],[25.064,37.706],[25.22,37.706],[25.286,37.513],[25.052,37.513],[24.986,37.706]]],[[[20.621,37.9],[20.699,37.9],[20.934,37.9],[20.922,37.642],[20.613,37.706],[20.621,37.9]]],[[[24.694,38.029],[24.772,38.029],[25.068,37.771],[24.83,37.706],[24.682,37.835],[24.694,38.029]]],[[[16.019,38.287],[16.427,38.933],[16.987,39.256],[17.142,39.191],[17.058,38.997],[16.502,38.803],[16.492,38.416],[15.933,37.964],[15.698,37.964],[15.624,38.158],[15.389,38.158],[15.066,37.642],[15.059,37.255],[15.214,37.19],[15.13,36.868],[14.752,37.513],[14.832,37.642],[14.833,37.706],[15.152,38.029],[15.155,38.158],[15.471,38.287],[16.019,38.287]]],[[[20.328,38.351],[20.488,38.416],[20.566,38.416],[20.795,38.287],[20.786,38.093],[20.32,38.158],[20.328,38.351]]],[[[23.313,38.481],[23.626,38.481],[23.563,38.739],[24.03,38.674],[24.179,38.545],[24.159,38.222],[24.002,38.222],[23.979,37.835],[23.443,38.029],[23.208,38.029],[23.201,37.9],[23.044,37.9],[23.108,37.642],[23.342,37.642],[23.402,37.319],[23.169,37.319],[23.176,37.448],[22.949,37.577],[22.714,37.577],[22.701,37.319],[22.853,37.255],[23.056,36.675],[22.833,36.868],[22.599,36.868],[22.512,36.675],[22.356,36.675],[22.22,37.062],[21.909,37.062],[21.899,36.868],[21.744,36.868],[21.681,37.19],[21.603,37.19],[21.697,37.513],[21.244,37.835],[21.416,38.158],[21.729,38.158],[21.738,38.351],[21.193,38.416],[20.974,38.739],[20.741,38.803],[20.748,38.933],[21.14,38.933],[21.147,39.062],[20.99,39.062],[21.078,39.256],[21.636,39.385],[21.865,39.256],[21.929,38.997],[22.169,39.062],[22.179,39.256],[22.588,39.514],[22.54,40.032],[22.698,40.032],[22.611,39.902],[23.135,39.45],[22.816,39.385],[22.797,39.062],[22.958,39.126],[23.108,38.997],[23.344,38.997],[23.489,38.803],[23.179,38.868],[23.183,38.933],[22.943,38.868],[22.936,38.739],[23.167,38.674],[23.313,38.481]]],[[[23.567,38.803],[23.563,38.739],[23.485,38.739],[23.489,38.803],[23.567,38.803]]],[[[24.365,38.997],[24.444,38.997],[24.675,38.933],[24.662,38.739],[24.357,38.868],[24.365,38.997]]],[[[19.921,39.773],[19.918,39.708],[19.912,39.579],[19.758,39.644],[19.764,39.773],[19.921,39.773]]],[[[16.306,40.226],[16.633,40.55],[16.877,40.744],[17.508,40.679],[17.576,40.355],[17.341,40.42],[17.345,40.55],[16.868,40.485],[16.943,40.355],[16.624,40.291],[16.697,40.096],[16.455,39.902],[16.453,39.838],[16.293,39.773],[16.22,39.967],[16.299,39.967],[16.306,40.226]]],[[[24.491,40.809],[24.57,40.809],[24.808,40.809],[24.794,40.614],[24.551,40.55],[24.491,40.809]]],[[[25.145,41.068],[24.897,40.938],[24.347,41.003],[24.011,40.744],[23.698,40.809],[23.685,40.614],[23.839,40.55],[23.658,40.226],[23.663,40.291],[23.192,40.355],[23.385,40.874],[24.52,41.198],[25.145,41.068]]],[[[14.028,41.003],[14.504,41.003],[14.501,40.874],[14.818,40.874],[14.895,40.744],[14.814,40.679],[14.735,40.679],[14.418,40.679],[14.422,40.874],[14.105,40.874],[14.028,41.003]]],[[[33.957,35.258],[33.809,35.323],[33.47,35.001],[33.238,35.001],[33.292,34.744],[33.286,34.679],[32.889,34.551],[32.747,34.679],[32.367,34.744],[32.229,34.937],[32.246,35.13],[32.555,35.13],[32.875,35.258],[32.887,35.387],[33.737,35.387],[34.31,35.709],[34.387,35.709],[34.542,35.709],[34.529,35.58],[34.034,35.258],[33.957,35.258]]],[[[27.693,36.288],[28.017,36.482],[28.095,36.482],[28.25,36.482],[28.139,36.031],[27.743,35.902],[27.693,36.288]]],[[[33.836,36.417],[33.979,36.288],[33.507,36.224],[33.759,36.417],[33.836,36.417]]],[[[30.109,36.417],[30.187,36.417],[30.281,36.61],[30.525,36.739],[30.492,36.353],[30.109,36.417]]],[[[27.117,36.933],[27.185,36.804],[26.865,36.675],[27.039,36.933],[27.117,36.933]]],[[[25.339,37.126],[25.417,37.126],[25.573,37.126],[25.564,36.997],[25.331,36.997],[25.339,37.126]]],[[[26.08,37.706],[26.158,37.706],[26.314,37.706],[26.305,37.577],[25.988,37.513],[26.08,37.706]]],[[[28.168,37.448],[28.163,37.384],[28.455,37.126],[28.513,36.868],[28.031,36.675],[28.138,37.062],[28.065,37.126],[27.598,37.126],[27.539,37.384],[27.223,37.319],[27.31,37.448],[27.163,37.577],[27.256,37.771],[27.178,37.771],[27.275,38.029],[26.889,38.093],[26.82,38.222],[26.429,38.222],[26.384,38.674],[26.536,38.61],[26.595,38.351],[27.065,38.351],[27.08,38.545],[26.849,38.61],[26.958,38.997],[26.816,39.191],[26.821,39.256],[26.91,39.385],[27.303,39.385],[27.445,39.191],[27.346,38.933],[27.105,38.868],[27.011,38.674],[27.163,38.61],[27.143,38.351],[27.422,37.9],[27.417,37.835],[27.476,37.577],[27.632,37.577],[27.7,37.448],[28.168,37.448]]],[[[25.899,38.481],[25.821,38.481],[25.913,38.674],[25.991,38.674],[26.217,38.545],[26.111,38.158],[25.876,38.158],[25.899,38.481]]],[[[26.094,38.997],[26.103,39.126],[25.793,39.191],[26.044,39.385],[26.123,39.385],[26.511,39.32],[26.644,38.997],[26.246,38.933],[26.094,38.997]]],[[[25.067,40.032],[25.146,40.032],[25.462,40.032],[25.447,39.838],[24.974,39.838],[25.067,40.032]]],[[[26.847,39.579],[26.132,39.514],[26.272,40.291],[26.605,40.485],[26.684,40.485],[26.673,40.355],[27.47,40.42],[27.464,40.355],[27.374,40.226],[26.657,40.161],[26.71,39.838],[26.704,39.773],[27.02,39.773],[27.167,39.644],[26.841,39.514],[26.847,39.579]]],[[[25.719,40.291],[25.798,40.291],[26.035,40.291],[26.025,40.161],[25.704,40.096],[25.719,40.291]]],[[[26.927,40.55],[26.842,40.485],[26.774,40.614],[27.006,40.55],[26.927,40.55]]],[[[40.47,41.068],[40.608,40.938],[40.567,40.679],[39.864,40.744],[39.686,40.614],[39.547,40.744],[39.16,40.809],[38.824,40.679],[37.873,40.679],[37.126,41.003],[36.879,40.938],[36.897,41.068],[36.439,41.198],[36.775,41.327],[37.065,41.133],[37.233,41.198],[37.215,41.068],[37.771,41.068],[37.831,40.938],[38.158,41.003],[38.298,40.874],[38.952,41.003],[38.962,41.068],[39.21,41.133],[39.736,40.938],[40.37,40.938],[40.47,41.068]]],[[[28.187,41.327],[28.139,41.652],[28.292,41.587],[28.352,41.392],[28.976,41.263],[28.963,41.133],[29.367,41.198],[29.255,40.874],[29.103,40.938],[29.116,41.068],[28.712,41.003],[28.633,41.003],[28.169,41.133],[28.077,41.003],[27.919,41.003],[28.187,41.327]]]]}},{"type":"Feature","id":"cliopatria-4e29ecef3bee07847f0ec007","properties":{"NAME":"Kingdom of Kush","ABBREVN":null,"CONTROL":null,"SUBJECTO":"Kingdom of Kush","PARTOF":null,"BORDERPRECISION":1,"FromYear":-650,"ToYear":-631,"Area":336323.1058229731,"Type":"POLITY","Wikipedia":"Kingdom of Kush","Wikidata":"Q241790","SeshatID":"","Components":"","MemberOf":"","sourceFeatureId":"cliopatria-4e29ecef3bee07847f0ec007","datasetId":"cliopatria"},"geometry":{"type":"MultiPolygon","coordinates":[[[[33.838,22.079],[33.763,22.079],[33.835,22.015],[33.745,21.629],[33.82,21.629],[34.258,19.636],[34.469,19.379],[34.597,18.929],[34.879,18.608],[34.939,18.286],[35.3,18.093],[35.501,17.643],[36.003,17.322],[36.054,16.808],[35.671,16.486],[34.714,16.486],[34.556,16.229],[34.684,15.779],[34.098,15.843],[33.862,15.458],[32.529,15.2],[32.533,15.329],[32.094,15.393],[31.734,15.586],[31.527,15.972],[31.536,16.229],[31.394,16.358],[31.477,16.615],[31.337,16.808],[31.349,17.129],[31.147,17.643],[30.877,20.343],[30.803,20.343],[30.818,20.793],[30.744,20.793],[30.762,21.308],[30.688,21.308],[30.636,21.951],[30.561,21.951],[30.721,22.272],[30.742,22.851],[30.535,23.301],[30.537,23.365],[31.67,23.751],[32.041,23.686],[33.389,23.815],[33.682,23.686],[33.679,23.622],[33.823,23.493],[33.809,23.172],[33.883,23.172],[33.84,22.143],[33.838,22.079]]]]}},{"type":"Feature","id":"cliopatria-202caa6dbdf4a6a5f0df098d","properties":{"NAME":"Lydia","ABBREVN":null,"CONTROL":null,"SUBJECTO":"Lydia","PARTOF":null,"BORDERPRECISION":1,"FromYear":-650,"ToYear":-631,"Area":98904.91101949876,"Type":"POLITY","Wikipedia":"Lydia","Wikidata":"Q620765","SeshatID":"","Components":"","MemberOf":"","sourceFeatureId":"cliopatria-202caa6dbdf4a6a5f0df098d","datasetId":"cliopatria"},"geometry":{"type":"MultiPolygon","coordinates":[[[[30.708,40.355],[30.549,40.355],[30.589,39.967],[30.339,39.838],[30.241,39.644],[30.083,39.644],[30.071,39.514],[30.361,39.256],[30.343,39.062],[30.264,39.062],[30.324,38.868],[29.896,38.481],[29.885,38.351],[30.036,38.287],[30.018,38.093],[29.694,37.964],[29.75,37.706],[29.505,37.577],[29.561,37.319],[29.384,37.062],[29.223,36.997],[29.213,36.868],[29.057,36.868],[28.782,37.319],[28.246,37.448],[28.168,37.448],[27.7,37.448],[27.632,37.577],[27.476,37.577],[27.417,37.835],[27.422,37.9],[27.143,38.351],[27.163,38.61],[27.011,38.674],[27.105,38.868],[27.346,38.933],[27.445,39.191],[27.303,39.385],[26.91,39.385],[26.821,39.256],[26.742,39.256],[26.747,39.32],[26.752,39.385],[26.831,39.385],[26.836,39.45],[26.841,39.514],[27.167,39.644],[27.02,39.773],[26.704,39.773],[26.71,39.838],[26.657,40.161],[27.374,40.226],[27.464,40.355],[27.543,40.355],[27.696,40.291],[27.792,40.485],[27.95,40.485],[27.939,40.355],[29.046,40.355],[28.9,40.485],[28.913,40.614],[29.48,40.744],[29.493,40.874],[29.249,40.809],[29.367,41.198],[30.479,41.198],[30.624,41.068],[31.108,41.133],[30.835,40.809],[30.907,40.744],[30.787,40.355],[30.708,40.355]]]]}},{"type":"Feature","id":"cliopatria-becac7493d312420eaa345d4","properties":{"NAME":"Phoenician Colonies","ABBREVN":null,"CONTROL":null,"SUBJECTO":"Phoenician Colonies","PARTOF":"(Phoenician Empire)","BORDERPRECISION":1,"FromYear":-650,"ToYear":-631,"Area":14877.856753077594,"Type":"POLITY","Wikipedia":"Colonies in antiquity","Wikidata":"Q1094394","SeshatID":"lb_phoenician_emp","Components":"","MemberOf":"(Phoenician Empire)","sourceFeatureId":"cliopatria-becac7493d312420eaa345d4","datasetId":"cliopatria"},"geometry":{"type":"MultiPolygon","coordinates":[[[[34.087,35.001],[33.856,35.001],[33.523,34.744],[33.369,34.744],[33.292,34.744],[33.238,35.001],[33.47,35.001],[33.809,35.323],[33.957,35.258],[33.951,35.194],[34.099,35.13],[34.087,35.001]]],[[[14.568,35.773],[14.337,35.838],[14.34,36.031],[14.417,36.031],[14.571,35.966],[14.568,35.773]]],[[[-3.851,36.804],[-4.469,36.739],[-4.689,36.546],[-5.228,36.482],[-5.288,36.224],[-5.516,36.16],[-5.585,36.031],[-5.831,36.224],[-6.064,36.224],[-6.248,36.61],[-5.918,36.353],[-5.452,36.353],[-5.306,36.482],[-5.31,36.546],[-4.555,36.868],[-3.851,36.804]]],[[[12.726,37.9],[12.571,37.964],[12.571,38.029],[12.806,38.093],[12.726,37.9]]],[[[13.04,37.964],[13.12,38.158],[13.51,38.093],[13.51,38.029],[13.665,37.964],[13.04,37.964]]],[[[1.658,38.997],[1.431,38.803],[1.274,38.803],[1.183,39.062],[1.259,39.126],[1.337,39.126],[1.652,39.126],[1.658,38.997]]],[[[8.726,39.32],[9.118,39.45],[9.355,39.32],[9.356,39.191],[9.042,39.126],[8.966,38.868],[8.336,38.997],[8.412,39.256],[8.333,39.256],[8.33,39.514],[8.485,39.773],[8.483,39.902],[8.325,39.967],[8.4,40.291],[8.479,40.291],[8.718,40.096],[8.726,39.32]]]]}},{"type":"Feature","id":"cliopatria-2f2828bdcc390b4f5cdec497","properties":{"NAME":"(Phoenician Empire)","ABBREVN":null,"CONTROL":null,"SUBJECTO":"(Phoenician Empire)","PARTOF":null,"BORDERPRECISION":1,"FromYear":-650,"ToYear":-616,"Area":29745.261370361426,"Type":"POLITY","Wikipedia":"Phoenicia","Wikidata":"Q41642","SeshatID":"","Components":"Phoenicia;Phoenician Colonies","MemberOf":"","sourceFeatureId":"cliopatria-2f2828bdcc390b4f5cdec497","datasetId":"cliopatria"},"geometry":{"type":"MultiPolygon","coordinates":[[[[-6.967,33.715],[-6.805,33.586],[-7.333,33.457],[-7.474,33.264],[-7.875,33.522],[-7.428,33.715],[-7.433,33.779],[-6.985,33.972],[-6.967,33.715]]],[[[-4.469,36.739],[-4.689,36.546],[-5.228,36.482],[-5.288,36.224],[-5.516,36.16],[-5.585,36.031],[-5.831,36.224],[-6.064,36.224],[-6.248,36.61],[-5.918,36.353],[-5.452,36.353],[-5.306,36.482],[-5.31,36.546],[-4.555,36.868],[-3.851,36.804],[-4.469,36.739]]],[[[7.272,36.868],[7.346,37.062],[7.659,36.997],[7.66,36.933],[7.971,36.933],[7.665,36.546],[7.272,36.868]]],[[[8.903,37.126],[9.059,37.062],[9.603,37.319],[9.993,37.19],[10.227,37.255],[10.228,37.062],[10.072,37.126],[9.994,36.933],[9.683,36.997],[9.295,36.739],[8.983,36.868],[8.983,36.933],[8.826,36.997],[8.903,37.126]]],[[[1.431,38.803],[1.274,38.803],[1.183,39.062],[1.259,39.126],[1.337,39.126],[1.652,39.126],[1.658,38.997],[1.431,38.803]]],[[[9.118,39.45],[9.355,39.32],[9.356,39.191],[9.042,39.126],[8.966,38.868],[8.336,38.997],[8.412,39.256],[8.333,39.256],[8.33,39.514],[8.485,39.773],[8.483,39.902],[8.325,39.967],[8.4,40.291],[8.479,40.291],[8.718,40.096],[8.726,39.32],[9.118,39.45]]],[[[12.916,32.622],[12.842,32.879],[13.761,32.879],[13.759,32.75],[14.065,32.75],[14.444,32.493],[14.675,32.557],[14.749,32.429],[14.902,32.429],[14.593,32.172],[14.518,32.3],[14.442,32.3],[13.758,32.622],[12.916,32.622]]],[[[33.523,34.744],[33.369,34.744],[33.292,34.744],[33.238,35.001],[33.47,35.001],[33.809,35.323],[33.957,35.258],[33.951,35.194],[34.099,35.13],[34.087,35.001],[33.856,35.001],[33.523,34.744]]],[[[10.851,35.773],[10.851,35.645],[11.083,35.58],[11.083,35.387],[11.006,35.387],[11.006,35.451],[10.619,35.323],[10.542,35.516],[10.851,35.773]]],[[[14.568,35.773],[14.337,35.838],[14.34,36.031],[14.417,36.031],[14.571,35.966],[14.568,35.773]]],[[[12.571,37.964],[12.571,38.029],[12.806,38.093],[12.726,37.9],[12.571,37.964]]],[[[13.12,38.158],[13.51,38.093],[13.51,38.029],[13.665,37.964],[13.04,37.964],[13.12,38.158]]]]}},{"type":"Feature","id":"cliopatria-33335fa76275888c6b6a3a06","properties":{"NAME":"Phoenicia","ABBREVN":null,"CONTROL":null,"SUBJECTO":"Phoenicia","PARTOF":"(Phoenician Empire)","BORDERPRECISION":1,"FromYear":-650,"ToYear":-616,"Area":14867.404617283835,"Type":"POLITY","Wikipedia":"Phoenicia","Wikidata":"Q41642","SeshatID":"lb_phoenician_emp","Components":"","MemberOf":"(Phoenician Empire)","sourceFeatureId":"cliopatria-33335fa76275888c6b6a3a06","datasetId":"cliopatria"},"geometry":{"type":"MultiPolygon","coordinates":[[[[13.758,32.622],[12.916,32.622],[12.842,32.879],[13.761,32.879],[13.759,32.75],[14.065,32.75],[14.444,32.493],[14.675,32.557],[14.749,32.429],[14.902,32.429],[14.593,32.172],[14.518,32.3],[14.442,32.3],[13.758,32.622]]],[[[-6.985,33.972],[-6.967,33.715],[-6.805,33.586],[-7.333,33.457],[-7.474,33.264],[-7.875,33.522],[-7.428,33.715],[-7.433,33.779],[-6.985,33.972]]],[[[10.619,35.323],[10.542,35.516],[10.851,35.773],[10.851,35.645],[11.083,35.58],[11.083,35.387],[11.006,35.387],[11.006,35.451],[10.619,35.323]]],[[[7.665,36.546],[7.272,36.868],[7.346,37.062],[7.659,36.997],[7.66,36.933],[7.971,36.933],[7.665,36.546]]],[[[8.903,37.126],[9.059,37.062],[9.603,37.319],[9.993,37.19],[10.227,37.255],[10.228,37.062],[10.072,37.126],[9.994,36.933],[9.683,36.997],[9.295,36.739],[8.983,36.868],[8.983,36.933],[8.826,36.997],[8.903,37.126]]]]}},{"type":"Feature","id":"cliopatria-2a171c47ef2c19a8092de873","properties":{"NAME":"Etruscans","ABBREVN":null,"CONTROL":null,"SUBJECTO":"Etruscans","PARTOF":null,"BORDERPRECISION":1,"FromYear":-650,"ToYear":-601,"Area":46674.54984893271,"Type":"POLITY","Wikipedia":"Etruscan civilization","Wikidata":"Q17161","SeshatID":"","Components":"","MemberOf":"","sourceFeatureId":"cliopatria-2a171c47ef2c19a8092de873","datasetId":"cliopatria"},"geometry":{"type":"MultiPolygon","coordinates":[[[[10.214,42.886],[10.455,42.886],[10.455,42.691],[10.215,42.691],[10.134,42.886],[10.214,42.886]]],[[[11.733,42.171],[11.655,42.366],[11.495,42.301],[11.415,42.431],[11.255,42.431],[11.176,42.626],[11.016,42.626],[11.016,42.821],[10.535,43.082],[10.455,43.472],[10.294,43.668],[10.293,43.798],[10.697,43.798],[10.939,43.994],[10.858,44.124],[11.02,44.124],[11.02,44.32],[11.183,44.516],[11.506,44.385],[11.505,44.19],[11.828,44.124],[11.745,43.863],[11.987,43.798],[12.146,43.603],[12.467,43.538],[12.546,43.407],[13.029,43.407],[13.181,42.821],[13.5,42.691],[13.417,42.561],[13.257,42.561],[13.331,42.171],[13.092,42.236],[13.011,42.106],[13.329,42.041],[13.327,41.911],[13.565,41.847],[13.806,41.911],[14.041,41.717],[14.035,41.392],[13.871,41.133],[13.715,41.263],[13,41.327],[12.368,41.717],[12.452,42.106],[11.973,42.106],[11.893,42.106],[11.733,42.171]]]]}},{"type":"Feature","id":"cliopatria-85e3f064d88dba90ab4b1615","properties":{"NAME":"Scythia","ABBREVN":null,"CONTROL":null,"SUBJECTO":"Scythia","PARTOF":null,"BORDERPRECISION":1,"FromYear":-650,"ToYear":-551,"Area":1687900.0354225317,"Type":"POLITY","Wikipedia":"Scythians","Wikidata":"Q131802","SeshatID":"","Components":"","MemberOf":"","sourceFeatureId":"cliopatria-85e3f064d88dba90ab4b1615","datasetId":"cliopatria"},"geometry":{"type":"MultiPolygon","coordinates":[[[[29.081,44.799],[29.069,44.871],[29.048,44.926],[29.071,44.95],[29.111,44.906],[29.14,44.773],[29.048,44.758],[29.081,44.799]]],[[[50.023,45.045],[50.11,45.082],[50.039,44.949],[50.184,44.855],[50.149,44.826],[49.995,44.937],[50.023,45.045]]],[[[50.295,45.076],[50.35,45.083],[50.331,44.998],[50.312,44.972],[50.277,44.959],[50.256,45.022],[50.295,45.076]]],[[[52.554,45.474],[52.609,45.528],[52.66,45.518],[52.693,45.461],[52.682,45.412],[52.665,45.401],[52.598,45.428],[52.554,45.474]]],[[[47.918,45.618],[47.947,45.647],[47.987,45.554],[47.983,45.488],[47.968,45.47],[47.92,45.562],[47.918,45.618]]],[[[31.509,46.373],[32.012,46.204],[32.15,46.155],[31.564,46.258],[31.509,46.373]]],[[[39.874,43.473],[38.717,44.288],[38.337,44.37],[38.168,45.281],[37.695,45.676],[38.014,46.048],[38.08,45.935],[38.184,46.095],[38.492,46.091],[37.914,46.406],[37.767,46.636],[38.501,46.664],[38.439,46.813],[39.271,47.044],[39.196,47.269],[37.543,47.075],[36.795,46.714],[35.827,46.624],[35.015,46.106],[35.28,46.279],[35.23,46.441],[34.85,46.19],[34.851,46.028],[33.43,46.058],[33.202,46.176],[32.477,46.084],[31.831,46.282],[32.008,46.43],[31.555,46.554],[32.361,46.475],[32.578,46.616],[32.253,46.579],[32.873,46.909],[32.601,47.106],[31.755,47.352],[30.916,47.181],[30.013,46.819],[28.925,45.173],[29.04,44.984],[28.892,44.919],[28.807,44.565],[28.888,44.575],[28.69,44.361],[26.663,44.434],[25.681,45.075],[24.805,46.5],[24.407,47.995],[24.46,48.683],[24.911,49.258],[26.53,49.963],[32.714,51.657],[34.89,52.586],[37.146,53.019],[38.766,53.163],[40.57,53.115],[41.897,52.987],[43.888,52.197],[45.56,50.759],[46.197,50.304],[46.728,50.117],[49.329,49.741],[52.036,49.569],[55.434,49.137],[56.973,48.56],[59.601,46.537],[60.078,46.041],[60.291,45.486],[59.574,44.642],[58.273,44.263],[56.097,44.054],[50.843,44.167],[50.276,44.355],[50.265,44.527],[50.652,44.633],[51.111,44.508],[51.544,44.531],[51.009,44.922],[51.416,45.358],[53.2,45.332],[52.774,45.573],[53.135,46.192],[53.064,46.475],[53.17,46.669],[53.035,46.893],[52.483,46.991],[52.138,46.829],[51.178,47.11],[49.886,46.596],[49.347,46.519],[49.362,46.41],[49.206,46.386],[49.246,46.292],[48.684,46.086],[48.73,45.897],[48.487,45.935],[47.633,45.584],[47.463,45.68],[47.529,45.53],[47.351,45.218],[46.707,44.503],[47.307,44.103],[47.463,43.555],[47.646,43.885],[47.463,43.035],[47.695,42.829],[46.184,42.811],[43.968,43.286],[42.72,42.976],[41.652,43.204],[40.964,42.988],[40.837,43.063],[40.462,43.146],[39.874,43.473]]]]}},{"type":"Feature","id":"cliopatria-1d4fb1b256b41fd31a6d7aa6","properties":{"NAME":"Olmec Civilization","ABBREVN":null,"CONTROL":null,"SUBJECTO":"Olmec Civilization","PARTOF":null,"BORDERPRECISION":1,"FromYear":-650,"ToYear":-367,"Area":17602.637865846922,"Type":"POLITY","Wikipedia":"Olmecs","Wikidata":"Q135364","SeshatID":"","Components":"","MemberOf":"","sourceFeatureId":"cliopatria-1d4fb1b256b41fd31a6d7aa6","datasetId":"cliopatria"},"geometry":{"type":"MultiPolygon","coordinates":[[[[-94.052,18.286],[-93.978,18.286],[-93.494,18.479],[-92.692,18.543],[-92.786,18.222],[-93.681,17.836],[-93.66,17.708],[-94.229,17.579],[-95.106,17.965],[-95.456,18.286],[-95.932,18.479],[-95.955,18.608],[-95.841,18.801],[-95.471,18.801],[-95.375,18.672],[-95.511,18.608],[-95.489,18.479],[-95.341,18.479],[-94.917,18.158],[-94.695,18.158],[-94.569,18.286],[-94.052,18.286]]]]}},{"type":"Feature","id":"cliopatria-a92f8f8c6c04e7a308c83159","properties":{"NAME":"Assyrian Egypt","ABBREVN":null,"CONTROL":null,"SUBJECTO":"Assyrian Egypt","PARTOF":null,"BORDERPRECISION":1,"FromYear":-630,"ToYear":-616,"Area":1435217.5890011694,"Type":"POLITY","Wikipedia":"Assyrian conquest of Egypt","Wikidata":"Q97357417","SeshatID":"","Components":"","MemberOf":"","sourceFeatureId":"cliopatria-a92f8f8c6c04e7a308c83159","datasetId":"cliopatria"},"geometry":{"type":"MultiPolygon","coordinates":[[[[44.958,40.42],[44.947,40.355],[45.094,40.291],[45.116,39.967],[45.533,40.096],[45.961,39.838],[45.758,39.579],[45.904,39.514],[45.882,39.385],[46.095,39.256],[46.062,39.062],[46.141,39.062],[46.108,38.868],[45.636,38.868],[45.301,38.739],[45.024,38.481],[44.982,38.222],[45.197,38.093],[45.126,37.642],[45.262,37.513],[45.242,37.384],[44.842,37.319],[44.92,36.804],[45.309,36.804],[45.348,36.546],[45.504,36.546],[45.776,36.288],[46.009,36.288],[45.99,36.16],[46.222,36.16],[46.804,35.902],[46.862,35.773],[47.162,35.709],[47.133,35.516],[47.21,35.516],[47.172,35.258],[46.893,34.937],[46.275,34.937],[46.18,34.808],[46.148,34.036],[46.379,34.036],[46.285,33.907],[46.787,33.65],[46.692,33.522],[46.751,33.393],[47.636,33.136],[47.898,32.814],[48.087,33.072],[48.547,33.072],[48.682,32.943],[48.988,32.943],[49.046,32.814],[49.276,32.814],[49.249,32.622],[49.717,32.686],[49.851,32.557],[49.824,32.365],[50.035,32.236],[50.017,32.107],[50.286,31.85],[49.979,31.272],[50.105,31.079],[50.071,30.822],[50.359,30.694],[50.477,30.436],[49.662,29.987],[48.943,30.308],[48.987,30.051],[48.365,29.922],[48.404,29.601],[48.093,29.537],[47.646,29.601],[47.29,29.794],[46.979,29.729],[46.994,29.858],[46.85,29.922],[46.615,29.858],[46.591,30.308],[45.77,30.436],[44.955,31.272],[44.581,31.336],[44.459,31.593],[43.153,32.814],[42.709,32.943],[42.578,33.136],[41.489,33.65],[41.212,33.907],[40.912,33.972],[40.85,34.1],[40.473,34.165],[40.418,34.358],[39.608,34.679],[39.546,34.808],[39.252,34.937],[39.09,34.872],[38.804,35.065],[38.179,35.001],[37.325,34.229],[37.389,34.1],[37.235,34.1],[37.055,33.843],[36.728,33.65],[36.696,33.329],[36.837,33.2],[36.506,32.943],[36.57,32.814],[36.475,32.622],[36.698,32.557],[36.751,32.3],[36.516,32.236],[36.656,32.107],[36.492,31.979],[36.463,31.658],[36.387,31.658],[36.423,31.208],[36.271,31.208],[36.401,30.951],[36.07,30.629],[35.952,30.115],[35.876,30.115],[35.77,29.729],[35.806,29.215],[35.428,29.215],[34.837,29.408],[34.711,28.701],[34.547,28.508],[34.517,28.058],[34.358,27.93],[34.346,27.737],[33.902,27.865],[33.554,28.315],[33.403,28.315],[33.189,28.508],[33.147,29.022],[32.857,29.215],[32.589,29.729],[32.602,29.922],[32.442,29.794],[32.689,28.958],[32.836,28.894],[33.105,28.38],[33.609,27.994],[33.585,27.608],[33.799,27.415],[33.927,27.029],[34.073,26.965],[34.051,26.579],[34.197,26.515],[34.461,25.872],[34.608,25.808],[35.146,24.651],[35.86,24.008],[35.854,23.879],[35.559,23.943],[35.553,23.815],[35.108,23.879],[33.756,23.686],[33.682,23.686],[33.389,23.815],[32.041,23.686],[31.67,23.751],[30.537,23.365],[30.463,23.365],[30.395,23.558],[30.104,23.751],[30.109,23.879],[29.959,23.879],[29.673,24.201],[28.641,24.586],[28.289,25.165],[28.268,26.515],[28.343,26.515],[28.371,27.158],[28.446,27.158],[28.391,27.608],[28.467,27.608],[28.523,28.765],[28.451,28.83],[28.605,28.894],[28.619,29.151],[28.695,29.151],[29.017,30.822],[29.397,30.822],[29.485,31.015],[29.789,31.015],[29.882,31.272],[30.339,31.272],[30.271,31.4],[30.352,31.465],[30.809,31.465],[30.966,31.529],[30.975,31.658],[31.203,31.658],[31.118,31.529],[31.266,31.465],[31.875,31.465],[31.781,31.208],[31.937,31.272],[32,31.079],[32.304,31.079],[32.237,31.208],[32.389,31.208],[32.532,31.079],[32.765,31.143],[32.832,31.015],[33.749,31.079],[34.297,31.272],[34.308,31.4],[34.633,31.658],[34.573,31.85],[34.813,31.979],[34.77,32.365],[35.022,32.622],[35.056,33.007],[35.215,33.072],[35.398,33.393],[35.346,33.65],[35.499,33.65],[35.447,33.907],[35.684,33.972],[35.644,34.358],[35.792,34.293],[36.049,34.551],[36.068,34.744],[35.927,34.872],[35.96,35.194],[35.882,35.194],[35.993,35.516],[35.845,35.58],[35.99,36.224],[35.842,36.288],[36.265,36.61],[36.286,36.804],[36.145,36.933],[35.834,36.933],[35.488,36.61],[35.113,36.739],[34.95,36.675],[34.893,36.868],[34.582,36.868],[34.335,36.739],[34.212,37.062],[33.914,37.19],[33.934,37.384],[33.707,37.448],[33.584,37.771],[33.506,37.771],[33.291,37.964],[33.267,38.481],[33.673,38.61],[33.708,38.933],[33.786,38.933],[34.4,38.803],[34.665,39.062],[34.609,39.256],[34.696,39.32],[35.003,39.256],[35.058,39.062],[35.365,38.997],[35.467,39.191],[35.805,39.385],[35.955,39.32],[36.128,39.45],[37.169,39.579],[38.01,39.967],[38.283,40.226],[38.925,40.291],[39.766,40.096],[40.121,40.355],[40.586,40.291],[40.785,40.55],[40.933,40.485],[41.561,40.938],[41.788,40.874],[41.91,41.133],[42.466,41.133],[42.592,40.938],[42.751,40.938],[42.864,41.133],[43.102,41.133],[43.204,41.263],[44.067,41.198],[44.043,41.068],[44.191,41.003],[44.065,40.744],[44.926,40.679],[44.958,40.42]]]]}},{"type":"Feature","id":"cliopatria-8336fbfa041b564e7d697023","properties":{"NAME":"Greek City-States","ABBREVN":null,"CONTROL":null,"SUBJECTO":"Greek City-States","PARTOF":null,"BORDERPRECISION":1,"FromYear":-630,"ToYear":-616,"Area":138945.50478705947,"Type":"POLITY","Wikipedia":"Polis","Wikidata":"Q148837","SeshatID":"","Components":"","MemberOf":"","sourceFeatureId":"cliopatria-8336fbfa041b564e7d697023","datasetId":"cliopatria"},"geometry":{"type":"MultiPolygon","coordinates":[[[[21.565,32.75],[21.646,32.879],[21.723,32.879],[22.108,32.943],[22.483,32.75],[21.86,32.493],[21.565,32.75]]],[[[24.15,35.387],[24.301,35.323],[25.692,35.323],[25.681,35.13],[26.225,35.194],[26.14,35.065],[24.824,35.001],[24.757,35.194],[24.526,35.194],[24.448,35.194],[23.679,35.258],[23.615,35.516],[24.157,35.516],[24.15,35.387]]],[[[22.887,36.417],[22.965,36.417],[23.117,36.353],[23.107,36.16],[22.874,36.16],[22.887,36.417]]],[[[24.283,37.706],[24.361,37.706],[24.432,37.577],[24.272,37.513],[24.201,37.642],[24.283,37.706]]],[[[20.621,37.9],[20.699,37.9],[20.934,37.9],[20.922,37.642],[20.613,37.706],[20.621,37.9]]],[[[24.694,38.029],[24.772,38.029],[25.068,37.771],[24.83,37.706],[24.682,37.835],[24.694,38.029]]],[[[13.9,37.964],[14.057,38.029],[14.135,38.029],[14.525,37.964],[14.366,37.771],[14.053,37.771],[13.9,37.964]]],[[[15.152,38.029],[15.155,38.158],[15.471,38.287],[16.019,38.287],[16.427,38.933],[16.987,39.256],[17.142,39.191],[17.058,38.997],[16.502,38.803],[16.492,38.416],[15.933,37.964],[15.698,37.964],[15.624,38.158],[15.389,38.158],[15.066,37.642],[15.059,37.255],[15.214,37.19],[15.05,36.739],[14.661,36.739],[14.278,37.126],[13.578,37.255],[13.192,37.577],[12.49,37.706],[12.491,37.835],[12.96,37.835],[13.582,37.577],[13.66,37.577],[14.744,37.062],[14.978,37.062],[14.754,37.642],[15.152,38.029]]],[[[20.328,38.351],[20.488,38.416],[20.566,38.416],[20.795,38.287],[20.786,38.093],[20.32,38.158],[20.328,38.351]]],[[[23.313,38.481],[23.626,38.481],[23.563,38.739],[24.03,38.674],[24.179,38.545],[24.159,38.222],[24.002,38.222],[23.979,37.835],[23.443,38.029],[23.208,38.029],[23.201,37.9],[23.044,37.9],[23.108,37.642],[23.342,37.642],[23.402,37.319],[23.169,37.319],[23.176,37.448],[22.949,37.577],[22.714,37.577],[22.701,37.319],[22.853,37.255],[23.056,36.675],[22.833,36.868],[22.599,36.868],[22.512,36.675],[22.356,36.675],[22.22,37.062],[21.909,37.062],[21.899,36.868],[21.744,36.868],[21.681,37.19],[21.603,37.19],[21.697,37.513],[21.244,37.835],[21.416,38.158],[21.729,38.158],[21.738,38.351],[21.193,38.416],[20.974,38.739],[20.741,38.803],[20.748,38.933],[21.14,38.933],[21.147,39.062],[20.99,39.062],[21.078,39.256],[21.636,39.385],[21.865,39.256],[21.929,38.997],[22.169,39.062],[22.179,39.256],[22.588,39.514],[22.54,40.032],[22.698,40.032],[22.611,39.902],[23.135,39.45],[22.816,39.385],[22.797,39.062],[22.958,39.126],[23.108,38.997],[23.344,38.997],[23.489,38.803],[23.179,38.868],[23.183,38.933],[22.943,38.868],[22.936,38.739],[23.167,38.674],[23.313,38.481]]],[[[23.567,38.803],[23.563,38.739],[23.485,38.739],[23.489,38.803],[23.567,38.803]]],[[[24.365,38.997],[24.444,38.997],[24.675,38.933],[24.662,38.739],[24.357,38.868],[24.365,38.997]]],[[[19.921,39.773],[19.918,39.708],[19.912,39.579],[19.758,39.644],[19.764,39.773],[19.921,39.773]]],[[[17.508,40.679],[17.504,40.55],[17.981,40.614],[18.438,40.161],[18.349,39.902],[18.112,39.902],[17.813,40.355],[17.418,40.355],[17.345,40.55],[17.028,40.55],[16.868,40.485],[16.945,40.42],[16.862,40.291],[16.624,40.291],[16.697,40.096],[16.455,39.902],[16.453,39.838],[16.216,39.838],[16.306,40.226],[16.877,40.744],[17.508,40.679]]],[[[24.491,40.809],[24.57,40.809],[24.808,40.809],[24.794,40.614],[24.551,40.55],[24.491,40.809]]],[[[24.897,40.938],[24.347,41.003],[24.011,40.744],[23.698,40.809],[23.685,40.614],[23.839,40.55],[23.658,40.226],[23.663,40.291],[23.192,40.355],[23.385,40.874],[24.52,41.198],[25.145,41.068],[24.897,40.938]]],[[[14.504,41.003],[14.501,40.874],[14.818,40.874],[14.895,40.744],[14.814,40.679],[14.735,40.679],[14.418,40.679],[14.422,40.874],[14.105,40.874],[14.028,41.003],[14.504,41.003]]],[[[33.957,35.258],[33.809,35.323],[33.47,35.001],[33.238,35.001],[33.292,34.744],[33.286,34.679],[32.889,34.551],[32.747,34.679],[32.367,34.744],[32.229,34.937],[32.246,35.13],[32.555,35.13],[32.875,35.258],[32.887,35.387],[33.737,35.387],[34.31,35.709],[34.387,35.709],[34.542,35.709],[34.529,35.58],[34.034,35.258],[33.957,35.258]]],[[[27.693,36.288],[28.017,36.482],[28.095,36.482],[28.25,36.482],[28.139,36.031],[27.743,35.902],[27.693,36.288]]],[[[32.588,36.353],[32.905,36.417],[32.982,36.417],[33.985,36.353],[32.713,36.031],[32.487,36.095],[32.588,36.353]]],[[[30.109,36.417],[30.187,36.417],[30.281,36.61],[30.525,36.739],[30.492,36.353],[30.109,36.417]]],[[[27.117,36.933],[27.185,36.804],[26.865,36.675],[27.039,36.933],[27.117,36.933]]],[[[25.339,37.126],[25.417,37.126],[25.573,37.126],[25.564,36.997],[25.331,36.997],[25.339,37.126]]],[[[24.986,37.706],[25.064,37.706],[25.22,37.706],[25.286,37.513],[25.052,37.513],[24.986,37.706]]],[[[26.08,37.706],[26.158,37.706],[26.314,37.706],[26.305,37.577],[25.988,37.513],[26.08,37.706]]],[[[28.241,37.384],[28.513,36.868],[28.435,36.868],[28.031,36.675],[28.138,37.062],[28.065,37.126],[27.598,37.126],[27.539,37.384],[27.223,37.319],[27.31,37.448],[27.163,37.577],[27.256,37.771],[27.178,37.771],[27.275,38.029],[26.889,38.093],[26.82,38.222],[26.429,38.222],[26.384,38.674],[26.536,38.61],[26.595,38.351],[27.065,38.351],[27.08,38.545],[26.849,38.61],[26.958,38.997],[26.816,39.191],[26.821,39.256],[26.91,39.385],[27.303,39.385],[27.445,39.191],[27.346,38.933],[27.105,38.868],[27.011,38.674],[27.163,38.61],[27.143,38.351],[27.422,37.9],[27.417,37.835],[27.476,37.577],[27.632,37.577],[27.7,37.448],[28.241,37.384]]],[[[25.899,38.481],[25.821,38.481],[25.913,38.674],[25.991,38.674],[26.217,38.545],[26.111,38.158],[25.876,38.158],[25.899,38.481]]],[[[26.094,38.997],[26.103,39.126],[25.793,39.191],[26.044,39.385],[26.123,39.385],[26.511,39.32],[26.644,38.997],[26.246,38.933],[26.094,38.997]]],[[[25.067,40.032],[25.146,40.032],[25.462,40.032],[25.447,39.838],[24.974,39.838],[25.067,40.032]]],[[[26.847,39.579],[26.132,39.514],[26.272,40.291],[26.605,40.485],[26.684,40.485],[26.673,40.355],[27.47,40.42],[27.464,40.355],[27.374,40.226],[26.657,40.161],[26.71,39.838],[26.704,39.773],[27.02,39.773],[27.167,39.644],[26.841,39.514],[26.847,39.579]]],[[[25.719,40.291],[25.798,40.291],[26.035,40.291],[26.025,40.161],[25.704,40.096],[25.719,40.291]]],[[[26.927,40.55],[26.842,40.485],[26.774,40.614],[27.006,40.55],[26.927,40.55]]],[[[40.608,40.938],[40.567,40.679],[39.864,40.744],[39.686,40.614],[39.547,40.744],[39.16,40.809],[38.824,40.679],[37.873,40.679],[37.126,41.003],[36.879,40.938],[36.897,41.068],[36.439,41.198],[36.775,41.327],[37.065,41.133],[37.233,41.198],[37.215,41.068],[37.771,41.068],[37.831,40.938],[38.158,41.003],[38.298,40.874],[38.952,41.003],[38.962,41.068],[39.21,41.133],[39.736,40.938],[40.37,40.938],[40.47,41.068],[40.608,40.938]]],[[[28.139,41.652],[28.292,41.587],[28.352,41.392],[28.976,41.263],[28.963,41.133],[29.367,41.198],[29.255,40.874],[29.103,40.938],[29.116,41.068],[28.712,41.003],[28.633,41.003],[28.169,41.133],[28.077,41.003],[27.919,41.003],[28.187,41.327],[28.139,41.652]]]]}},{"type":"Feature","id":"cliopatria-1d7545ff2051ab35964ccb9c","properties":{"NAME":"Lydia","ABBREVN":null,"CONTROL":null,"SUBJECTO":"Lydia","PARTOF":null,"BORDERPRECISION":1,"FromYear":-630,"ToYear":-616,"Area":255588.19618801272,"Type":"POLITY","Wikipedia":"Lydia","Wikidata":"Q620765","SeshatID":"","Components":"","MemberOf":"","sourceFeatureId":"cliopatria-1d7545ff2051ab35964ccb9c","datasetId":"cliopatria"},"geometry":{"type":"MultiPolygon","coordinates":[[[[34.315,40.744],[34.307,40.679],[33.99,40.679],[34.07,40.032],[33.517,40.032],[33.416,39.838],[33.165,39.708],[33.129,39.385],[33.358,39.32],[33.479,38.997],[33.715,38.997],[33.708,38.933],[33.673,38.61],[33.267,38.481],[33.291,37.964],[33.506,37.771],[33.499,37.706],[33.343,37.706],[33.245,37.513],[33.017,37.577],[32.83,37.255],[31.744,37.319],[31.086,36.933],[30.619,36.933],[30.525,36.739],[29.503,36.61],[28.736,36.739],[28.591,36.868],[28.513,36.868],[28.241,37.384],[27.7,37.448],[27.632,37.577],[27.476,37.577],[27.417,37.835],[27.422,37.9],[27.143,38.351],[27.163,38.61],[27.011,38.674],[27.105,38.868],[27.346,38.933],[27.445,39.191],[27.303,39.385],[26.91,39.385],[26.821,39.256],[26.742,39.256],[26.747,39.32],[26.752,39.385],[26.831,39.385],[26.836,39.45],[26.841,39.514],[27.167,39.644],[27.02,39.773],[26.704,39.773],[26.71,39.838],[26.657,40.161],[27.374,40.226],[27.464,40.355],[27.543,40.355],[27.696,40.291],[27.792,40.485],[27.95,40.485],[27.939,40.355],[29.046,40.355],[28.9,40.485],[28.913,40.614],[29.48,40.744],[29.493,40.874],[29.249,40.809],[29.367,41.198],[30.479,41.198],[30.624,41.068],[31.18,41.068],[31.534,41.392],[32.027,41.522],[32.042,41.652],[32.193,41.587],[32.695,41.782],[32.631,41.911],[34.785,41.911],[34.882,42.041],[35.121,42.041],[35.157,41.717],[34.83,41.652],[34.565,41.457],[34.54,41.263],[34.381,41.263],[34.285,41.133],[34.269,41.003],[34.411,40.874],[34.315,40.744]]]]}},{"type":"Feature","id":"cliopatria-e181109ae80d03a9d82765af","properties":{"NAME":"Phoenician Colonies","ABBREVN":null,"CONTROL":null,"SUBJECTO":"Phoenician Colonies","PARTOF":"(Phoenician Empire)","BORDERPRECISION":1,"FromYear":-630,"ToYear":-616,"Area":14877.856753077594,"Type":"POLITY","Wikipedia":"Colonies in antiquity","Wikidata":"Q1094394","SeshatID":"lb_phoenician_emp","Components":"","MemberOf":"(Phoenician Empire)","sourceFeatureId":"cliopatria-e181109ae80d03a9d82765af","datasetId":"cliopatria"},"geometry":{"type":"MultiPolygon","coordinates":[[[[34.087,35.001],[33.856,35.001],[33.523,34.744],[33.369,34.744],[33.292,34.744],[33.238,35.001],[33.47,35.001],[33.809,35.323],[33.957,35.258],[33.951,35.194],[34.099,35.13],[34.087,35.001]]],[[[14.568,35.773],[14.337,35.838],[14.34,36.031],[14.417,36.031],[14.571,35.966],[14.568,35.773]]],[[[-3.851,36.804],[-4.469,36.739],[-4.689,36.546],[-5.228,36.482],[-5.288,36.224],[-5.516,36.16],[-5.585,36.031],[-5.831,36.224],[-6.064,36.224],[-6.248,36.61],[-5.918,36.353],[-5.452,36.353],[-5.306,36.482],[-5.31,36.546],[-4.555,36.868],[-3.851,36.804]]],[[[12.726,37.9],[12.571,37.964],[12.571,38.029],[12.806,38.093],[12.726,37.9]]],[[[13.04,37.964],[13.12,38.158],[13.51,38.093],[13.51,38.029],[13.665,37.964],[13.04,37.964]]],[[[1.658,38.997],[1.431,38.803],[1.274,38.803],[1.183,39.062],[1.259,39.126],[1.337,39.126],[1.652,39.126],[1.658,38.997]]],[[[8.726,39.32],[9.118,39.45],[9.355,39.32],[9.356,39.191],[9.042,39.126],[8.966,38.868],[8.336,38.997],[8.412,39.256],[8.333,39.256],[8.33,39.514],[8.485,39.773],[8.483,39.902],[8.325,39.967],[8.4,40.291],[8.479,40.291],[8.718,40.096],[8.726,39.32]]]]}},{"type":"Feature","id":"cliopatria-7f75cfc7749486ac65d12b65","properties":{"NAME":"Carthage","ABBREVN":null,"CONTROL":null,"SUBJECTO":"Carthage","PARTOF":null,"BORDERPRECISION":1,"FromYear":-630,"ToYear":-501,"Area":12316.897201079182,"Type":"POLITY","Wikipedia":"Ancient Carthage","Wikidata":"Q2429397","SeshatID":"tn_carthage_emp","Components":"","MemberOf":"","sourceFeatureId":"cliopatria-7f75cfc7749486ac65d12b65","datasetId":"cliopatria"},"geometry":{"type":"MultiPolygon","coordinates":[[[[10.851,35.709],[10.851,35.645],[11.083,35.58],[11.083,35.387],[10.851,35.451],[10.774,35.323],[10.619,35.323],[10.31,35.451],[10.231,35.773],[10.309,35.902],[10.154,35.902],[10.153,36.031],[10.308,36.095],[10.308,36.288],[9.84,36.675],[9.994,36.933],[9.683,36.997],[9.218,36.739],[8.826,37.062],[9.759,37.319],[9.993,37.19],[10.227,37.255],[10.228,37.062],[10.305,37.062],[10.228,36.804],[10.462,36.739],[11.006,36.997],[11.006,36.804],[10.462,36.417],[10.54,36.353],[10.464,35.902],[10.851,35.709]]]]}},{"type":"Feature","id":"cliopatria-bdb85e41bf11d04c13ad49e8","properties":{"NAME":"Kingdom of Kush","ABBREVN":null,"CONTROL":null,"SUBJECTO":"Kingdom of Kush","PARTOF":null,"BORDERPRECISION":1,"FromYear":-630,"ToYear":337,"Area":336379.15609700844,"Type":"POLITY","Wikipedia":"Kingdom of Kush","Wikidata":"Q241790","SeshatID":"","Components":"","MemberOf":"","sourceFeatureId":"cliopatria-bdb85e41bf11d04c13ad49e8","datasetId":"cliopatria"},"geometry":{"type":"MultiPolygon","coordinates":[[[[33.838,22.079],[33.763,22.079],[33.835,22.015],[33.745,21.629],[33.82,21.629],[34.258,19.636],[34.469,19.379],[34.597,18.929],[34.879,18.608],[34.939,18.286],[35.3,18.093],[35.501,17.643],[36.003,17.322],[36.054,16.808],[35.671,16.486],[34.714,16.486],[34.556,16.229],[34.684,15.779],[34.098,15.843],[33.862,15.458],[32.529,15.2],[32.533,15.329],[32.094,15.393],[31.734,15.586],[31.527,15.972],[31.536,16.229],[31.394,16.358],[31.477,16.615],[31.337,16.808],[31.221,17.643],[31.147,17.643],[30.877,20.343],[30.803,20.343],[30.818,20.793],[30.744,20.793],[30.762,21.308],[30.688,21.308],[30.636,21.951],[30.561,21.951],[30.721,22.272],[30.742,22.851],[30.535,23.301],[30.537,23.365],[31.67,23.751],[32.041,23.686],[33.389,23.815],[33.682,23.686],[33.679,23.622],[33.823,23.493],[33.809,23.172],[33.883,23.172],[33.84,22.143],[33.838,22.079]]]]}},{"type":"Feature","id":"cliopatria-56dd2480007d51fb3641279b","properties":{"NAME":"Babylonia","ABBREVN":null,"CONTROL":null,"SUBJECTO":"Babylonia","PARTOF":null,"BORDERPRECISION":1,"FromYear":-615,"ToYear":-601,"Area":152402.91121132916,"Type":"POLITY","Wikipedia":"Babylonia","Wikidata":"Q47690","SeshatID":"","Components":"","MemberOf":"","sourceFeatureId":"cliopatria-56dd2480007d51fb3641279b","datasetId":"cliopatria"},"geometry":{"type":"MultiPolygon","coordinates":[[[[49.043,30.501],[48.943,30.308],[48.987,30.051],[48.365,29.922],[48.404,29.601],[47.866,29.537],[47.29,29.794],[46.979,29.729],[46.994,29.858],[46.85,29.922],[46.615,29.858],[46.591,30.308],[45.77,30.436],[44.955,31.272],[44.581,31.336],[44.459,31.593],[43.42,32.493],[43.428,32.557],[43.91,32.75],[44.208,32.686],[44.172,33.007],[43.966,33.2],[44.28,33.264],[44.423,33.779],[44.594,33.907],[45.157,34.1],[45.5,34.358],[46.134,34.486],[46.148,34.036],[46.71,33.65],[46.675,33.393],[47.415,33.2],[47.822,32.814],[47.975,32.814],[47.931,32.493],[48.152,32.429],[48.253,31.465],[49.287,30.629],[49.27,30.501],[49.119,30.501],[49.043,30.501]]]]}},{"type":"Feature","id":"cliopatria-a3a32188afe8ee8faea16a13","properties":{"NAME":"Elam","ABBREVN":null,"CONTROL":null,"SUBJECTO":"Elam","PARTOF":null,"BORDERPRECISION":1,"FromYear":-615,"ToYear":-601,"Area":43937.76307069644,"Type":"POLITY","Wikipedia":"Elam","Wikidata":"Q128904","SeshatID":"","Components":"","MemberOf":"","sourceFeatureId":"cliopatria-a3a32188afe8ee8faea16a13","datasetId":"cliopatria"},"geometry":{"type":"MultiPolygon","coordinates":[[[[50.065,30.179],[49.989,30.179],[49.586,29.987],[49.019,30.308],[49.111,30.436],[49.119,30.501],[49.27,30.501],[49.287,30.629],[48.253,31.465],[48.152,32.429],[47.931,32.493],[47.975,32.814],[48.078,33.007],[48.614,33.007],[48.749,32.879],[49.123,32.814],[49.316,32.557],[49.708,32.622],[49.842,32.493],[49.815,32.3],[50.026,32.172],[50.008,32.043],[50.277,31.786],[50.005,31.465],[50.063,30.758],[50.418,30.565],[50.393,30.372],[50.065,30.179]]]]}},{"type":"Feature","id":"cliopatria-96ec8121b5481e3a80512e9e","properties":{"NAME":"Greek City-States","ABBREVN":null,"CONTROL":null,"SUBJECTO":"Greek City-States","PARTOF":null,"BORDERPRECISION":1,"FromYear":-615,"ToYear":-601,"Area":167225.7357379338,"Type":"POLITY","Wikipedia":"Polis","Wikidata":"Q148837","SeshatID":"","Components":"","MemberOf":"","sourceFeatureId":"cliopatria-96ec8121b5481e3a80512e9e","datasetId":"cliopatria"},"geometry":{"type":"MultiPolygon","coordinates":[[[[20.54,31.915],[20.445,31.336],[20.521,31.336],[20.584,30.951],[20.128,30.951],[20.214,31.272],[19.996,31.593],[20.089,32.107],[20.017,32.236],[20.246,32.236],[20.331,32.493],[20.482,32.429],[20.563,32.557],[20.716,32.557],[20.644,32.686],[20.871,32.622],[21.108,32.814],[21.412,32.75],[21.57,32.879],[22.108,32.943],[23.089,32.622],[23.081,32.429],[23.231,32.365],[23.067,32.107],[22.456,32.107],[22.379,32.107],[21.692,32.107],[21.535,31.979],[21.156,32.043],[20.54,31.915]]],[[[22.887,36.417],[22.965,36.417],[23.117,36.353],[23.107,36.16],[22.874,36.16],[22.887,36.417]]],[[[24.283,37.706],[24.361,37.706],[24.432,37.577],[24.272,37.513],[24.201,37.642],[24.283,37.706]]],[[[20.621,37.9],[20.699,37.9],[20.934,37.9],[20.922,37.642],[20.613,37.706],[20.621,37.9]]],[[[24.694,38.029],[24.772,38.029],[25.068,37.771],[24.83,37.706],[24.682,37.835],[24.694,38.029]]],[[[13.9,37.964],[14.057,38.029],[14.135,38.029],[14.525,37.964],[14.366,37.771],[14.053,37.771],[13.9,37.964]]],[[[15.152,38.029],[15.155,38.158],[15.471,38.287],[16.019,38.287],[16.427,38.933],[16.987,39.256],[17.142,39.191],[17.058,38.997],[16.502,38.803],[16.492,38.416],[15.933,37.964],[15.698,37.964],[15.624,38.158],[15.389,38.158],[15.066,37.642],[15.059,37.255],[15.214,37.19],[15.05,36.739],[14.661,36.739],[14.278,37.126],[13.578,37.255],[13.192,37.577],[12.49,37.706],[12.491,37.835],[12.96,37.835],[13.582,37.577],[13.66,37.577],[14.744,37.062],[14.978,37.062],[14.754,37.642],[15.152,38.029]]],[[[20.488,38.416],[20.566,38.416],[20.795,38.287],[20.786,38.093],[20.32,38.158],[20.328,38.351],[20.488,38.416]]],[[[23.626,38.481],[23.563,38.739],[24.03,38.674],[24.179,38.545],[24.159,38.222],[24.002,38.222],[23.979,37.835],[23.443,38.029],[23.208,38.029],[23.201,37.9],[23.044,37.9],[23.108,37.642],[23.342,37.642],[23.402,37.319],[23.169,37.319],[23.176,37.448],[22.949,37.577],[22.714,37.577],[22.701,37.319],[22.853,37.255],[23.056,36.675],[22.833,36.868],[22.599,36.868],[22.512,36.675],[22.356,36.675],[22.22,37.062],[21.909,37.062],[21.899,36.868],[21.744,36.868],[21.681,37.19],[21.603,37.19],[21.697,37.513],[21.244,37.835],[21.416,38.158],[21.729,38.158],[21.738,38.351],[21.193,38.416],[20.974,38.739],[20.741,38.803],[20.748,38.933],[21.14,38.933],[21.147,39.062],[20.99,39.062],[21.078,39.256],[21.636,39.385],[21.865,39.256],[21.929,38.997],[22.169,39.062],[22.179,39.256],[22.588,39.514],[22.54,40.032],[22.698,40.032],[22.611,39.902],[23.135,39.45],[22.816,39.385],[22.797,39.062],[22.958,39.126],[23.108,38.997],[23.344,38.997],[23.489,38.803],[23.179,38.868],[23.183,38.933],[22.943,38.868],[22.936,38.739],[23.167,38.674],[23.313,38.481],[23.626,38.481]]],[[[23.567,38.803],[23.563,38.739],[23.485,38.739],[23.489,38.803],[23.567,38.803]]],[[[24.365,38.997],[24.444,38.997],[24.675,38.933],[24.662,38.739],[24.357,38.868],[24.365,38.997]]],[[[19.921,39.773],[19.918,39.708],[19.912,39.579],[19.758,39.644],[19.764,39.773],[19.921,39.773]]],[[[17.508,40.679],[17.504,40.55],[17.981,40.614],[18.438,40.161],[18.349,39.902],[18.112,39.902],[17.813,40.355],[17.418,40.355],[17.345,40.55],[17.028,40.55],[16.868,40.485],[16.945,40.42],[16.862,40.291],[16.624,40.291],[16.697,40.096],[16.455,39.902],[16.453,39.838],[16.216,39.838],[16.306,40.226],[16.877,40.744],[17.508,40.679]]],[[[15.432,40.032],[14.964,40.291],[14.893,40.679],[14.418,40.679],[14.422,40.874],[14.105,40.874],[14.028,41.003],[15.056,40.874],[15.361,40.355],[15.521,40.42],[15.517,40.291],[15.832,40.226],[15.827,40.032],[15.906,40.032],[15.904,39.967],[15.743,39.838],[15.667,39.967],[15.748,40.032],[15.432,40.032]]],[[[15.443,40.485],[15.364,40.485],[15.366,40.55],[15.445,40.55],[15.443,40.485]]],[[[15.366,40.55],[15.286,40.55],[15.288,40.614],[15.367,40.614],[15.366,40.55]]],[[[24.57,40.809],[24.808,40.809],[24.794,40.614],[24.551,40.55],[24.491,40.809],[24.57,40.809]]],[[[24.897,40.938],[24.347,41.003],[24.011,40.744],[23.698,40.809],[23.685,40.614],[23.839,40.55],[23.658,40.226],[23.663,40.291],[23.192,40.355],[23.385,40.874],[24.52,41.198],[25.145,41.068],[24.897,40.938]]],[[[19.825,41.068],[19.587,41.068],[19.502,40.938],[19.422,40.938],[19.514,41.198],[19.441,41.327],[19.686,41.457],[19.825,41.068]]],[[[33.957,35.258],[33.809,35.323],[33.47,35.001],[33.238,35.001],[33.292,34.744],[33.286,34.679],[32.889,34.551],[32.747,34.679],[32.367,34.744],[32.229,34.937],[32.246,35.13],[32.555,35.13],[32.875,35.258],[32.887,35.387],[33.737,35.387],[34.31,35.709],[34.387,35.709],[34.542,35.709],[34.529,35.58],[34.034,35.258],[33.957,35.258]]],[[[24.15,35.387],[24.301,35.323],[25.692,35.323],[25.681,35.13],[26.225,35.194],[26.14,35.065],[24.824,35.001],[24.757,35.194],[24.526,35.194],[24.448,35.194],[23.679,35.258],[23.615,35.516],[24.157,35.516],[24.15,35.387]]],[[[27.693,36.288],[28.017,36.482],[28.095,36.482],[28.25,36.482],[28.139,36.031],[27.743,35.902],[27.693,36.288]]],[[[32.588,36.353],[32.905,36.417],[32.982,36.417],[33.985,36.353],[32.713,36.031],[32.487,36.095],[32.588,36.353]]],[[[30.109,36.417],[30.187,36.417],[30.281,36.61],[30.525,36.739],[30.492,36.353],[30.109,36.417]]],[[[27.117,36.933],[27.185,36.804],[26.865,36.675],[27.039,36.933],[27.117,36.933]]],[[[25.417,37.126],[25.573,37.126],[25.564,36.997],[25.331,36.997],[25.339,37.126],[25.417,37.126]]],[[[25.064,37.706],[25.22,37.706],[25.286,37.513],[25.052,37.513],[24.986,37.706],[25.064,37.706]]],[[[26.08,37.706],[26.158,37.706],[26.314,37.706],[26.305,37.577],[25.988,37.513],[26.08,37.706]]],[[[28.241,37.384],[28.513,36.868],[28.435,36.868],[28.031,36.675],[28.138,37.062],[28.065,37.126],[27.598,37.126],[27.539,37.384],[27.223,37.319],[27.31,37.448],[27.163,37.577],[27.256,37.771],[27.178,37.771],[27.275,38.029],[26.889,38.093],[26.82,38.222],[26.429,38.222],[26.384,38.674],[26.536,38.61],[26.595,38.351],[27.065,38.351],[27.08,38.545],[26.849,38.61],[26.958,38.997],[26.816,39.191],[26.821,39.256],[26.91,39.385],[27.303,39.385],[27.445,39.191],[27.346,38.933],[27.105,38.868],[27.011,38.674],[27.163,38.61],[27.143,38.351],[27.422,37.9],[27.417,37.835],[27.476,37.577],[27.632,37.577],[27.7,37.448],[28.241,37.384]]],[[[25.899,38.481],[25.821,38.481],[25.913,38.674],[25.991,38.674],[26.217,38.545],[26.111,38.158],[25.876,38.158],[25.899,38.481]]],[[[26.103,39.126],[25.793,39.191],[26.044,39.385],[26.123,39.385],[26.511,39.32],[26.644,38.997],[26.246,38.933],[26.094,38.997],[26.103,39.126]]],[[[25.146,40.032],[25.462,40.032],[25.447,39.838],[24.974,39.838],[25.067,40.032],[25.146,40.032]]],[[[26.847,39.579],[26.132,39.514],[26.272,40.291],[26.605,40.485],[26.684,40.485],[26.673,40.355],[27.47,40.42],[27.464,40.355],[27.374,40.226],[26.657,40.161],[26.71,39.838],[26.704,39.773],[27.02,39.773],[27.167,39.644],[26.841,39.514],[26.847,39.579]]],[[[25.719,40.291],[25.798,40.291],[26.035,40.291],[26.025,40.161],[25.704,40.096],[25.719,40.291]]],[[[26.927,40.55],[26.842,40.485],[26.774,40.614],[27.006,40.55],[26.927,40.55]]],[[[40.608,40.938],[40.567,40.679],[39.864,40.744],[39.686,40.614],[39.547,40.744],[39.16,40.809],[38.824,40.679],[37.873,40.679],[37.126,41.003],[36.879,40.938],[36.897,41.068],[36.439,41.198],[36.775,41.327],[37.065,41.133],[37.233,41.198],[37.215,41.068],[37.771,41.068],[37.831,40.938],[38.158,41.003],[38.298,40.874],[38.952,41.003],[38.962,41.068],[39.21,41.133],[39.736,40.938],[40.37,40.938],[40.47,41.068],[40.608,40.938]]],[[[28.139,41.652],[28.292,41.587],[28.352,41.392],[28.976,41.263],[28.963,41.133],[29.367,41.198],[29.255,40.874],[29.103,40.938],[29.116,41.068],[28.712,41.003],[28.633,41.003],[28.169,41.133],[28.077,41.003],[27.919,41.003],[28.187,41.327],[28.139,41.652]]]]}},{"type":"Feature","id":"cliopatria-e8ea8e12224384daa081429f","properties":{"NAME":"Kingdom of Urartu","ABBREVN":null,"CONTROL":null,"SUBJECTO":"Kingdom of Urartu","PARTOF":null,"BORDERPRECISION":1,"FromYear":-615,"ToYear":-601,"Area":161552.14355469184,"Type":"POLITY","Wikipedia":"Urartu","Wikidata":"Q185068","SeshatID":"","Components":"","MemberOf":"","sourceFeatureId":"cliopatria-e8ea8e12224384daa081429f","datasetId":"cliopatria"},"geometry":{"type":"MultiPolygon","coordinates":[[[[44.958,40.42],[44.947,40.355],[45.094,40.291],[45.116,39.967],[45.533,40.096],[45.961,39.838],[45.758,39.579],[45.904,39.514],[45.882,39.385],[46.095,39.256],[46.062,39.062],[46.141,39.062],[46.108,38.868],[45.636,38.868],[45.301,38.739],[45.024,38.481],[44.982,38.222],[45.197,38.093],[45.126,37.642],[45.262,37.513],[45.242,37.384],[44.92,37.319],[44.842,37.319],[44.628,37.448],[44.589,37.706],[44.306,37.9],[44.455,38.351],[43.281,38.868],[43.222,38.997],[42.898,38.933],[42.682,39.062],[42.005,38.739],[41.77,38.739],[41.72,38.933],[41.484,38.933],[41.387,38.803],[40.846,38.868],[40.749,38.739],[40.113,38.674],[40.016,38.545],[39.476,38.61],[39.181,38.158],[38.868,38.158],[38.658,38.351],[38.423,38.351],[38.312,38.093],[38.147,38.029],[37.842,38.093],[37.578,38.481],[37.28,38.61],[37.305,38.803],[37.383,38.803],[37.495,39.062],[37.416,39.062],[37.433,39.191],[37.599,39.256],[38.283,40.226],[38.925,40.291],[39.766,40.096],[40.121,40.355],[40.586,40.291],[40.785,40.55],[40.933,40.485],[41.561,40.938],[41.788,40.874],[41.91,41.133],[42.466,41.133],[42.592,40.938],[42.751,40.938],[42.864,41.133],[43.102,41.133],[43.204,41.263],[44.067,41.198],[44.043,41.068],[44.191,41.003],[44.065,40.744],[44.926,40.679],[44.958,40.42]]]]}},{"type":"Feature","id":"cliopatria-f5a2c38d09b4b0573c1bb2da","properties":{"NAME":"Lydia","ABBREVN":null,"CONTROL":null,"SUBJECTO":"Lydia","PARTOF":null,"BORDERPRECISION":1,"FromYear":-615,"ToYear":-601,"Area":255809.00573026913,"Type":"POLITY","Wikipedia":"Lydia","Wikidata":"Q620765","SeshatID":"tr_lydia_k","Components":"","MemberOf":"","sourceFeatureId":"cliopatria-f5a2c38d09b4b0573c1bb2da","datasetId":"cliopatria"},"geometry":{"type":"MultiPolygon","coordinates":[[[[34.307,40.679],[33.99,40.679],[34.07,40.032],[33.517,40.032],[33.416,39.838],[33.165,39.708],[33.129,39.385],[33.358,39.32],[33.479,38.997],[33.786,38.933],[33.701,38.868],[33.758,38.674],[33.587,38.545],[33.352,38.545],[33.26,38.416],[33.24,38.222],[33.383,38.093],[33.291,37.964],[33.506,37.771],[33.245,37.513],[33.017,37.577],[32.83,37.255],[31.744,37.319],[31.086,36.933],[30.619,36.933],[30.525,36.739],[29.503,36.61],[28.736,36.739],[28.591,36.868],[28.513,36.868],[28.241,37.384],[27.7,37.448],[27.632,37.577],[27.476,37.577],[27.417,37.835],[27.422,37.9],[27.143,38.351],[27.163,38.61],[27.011,38.674],[27.105,38.868],[27.346,38.933],[27.445,39.191],[27.303,39.385],[26.91,39.385],[26.821,39.256],[26.742,39.256],[26.747,39.32],[26.752,39.385],[26.831,39.385],[26.836,39.45],[26.841,39.514],[27.167,39.644],[27.02,39.773],[26.704,39.773],[26.71,39.838],[26.657,40.161],[27.374,40.226],[27.464,40.355],[27.543,40.355],[27.696,40.291],[27.792,40.485],[27.95,40.485],[27.939,40.355],[29.046,40.355],[28.9,40.485],[28.913,40.614],[29.48,40.744],[29.493,40.874],[29.249,40.809],[29.367,41.198],[30.479,41.198],[30.624,41.068],[31.18,41.068],[31.534,41.392],[32.027,41.522],[32.042,41.652],[32.193,41.587],[32.695,41.782],[32.631,41.911],[34.785,41.911],[34.882,42.041],[35.121,42.041],[35.157,41.717],[34.83,41.652],[34.565,41.457],[34.54,41.263],[34.381,41.263],[34.285,41.133],[34.269,41.003],[34.411,40.874],[34.315,40.744],[34.307,40.679]]]]}},{"type":"Feature","id":"cliopatria-d64f53069986753db8060a18","properties":{"NAME":"Median Kingdom","ABBREVN":null,"CONTROL":null,"SUBJECTO":"Median Kingdom","PARTOF":null,"BORDERPRECISION":1,"FromYear":-615,"ToYear":-601,"Area":2062083.6137691124,"Type":"POLITY","Wikipedia":"Median dynasty","Wikidata":"Q1183338","SeshatID":"ir_median_emp","Components":"","MemberOf":"","sourceFeatureId":"cliopatria-d64f53069986753db8060a18","datasetId":"cliopatria"},"geometry":{"type":"MultiPolygon","coordinates":[[[[65.301,37.771],[65.565,37.577],[65.878,37.577],[66.22,37.384],[66.938,37.448],[67.201,37.255],[67.607,37.319],[67.824,37.255],[67.948,37.126],[67.915,36.997],[68.428,36.868],[68.969,36.546],[69.14,36.61],[69.263,36.482],[69.852,36.353],[70.256,36.417],[70.934,36.031],[71.261,36.095],[71.427,35.838],[72.014,35.709],[72.69,35.323],[72.657,35.194],[72.824,34.937],[72.712,34.486],[72.418,34.229],[72.464,34.1],[72.049,33.972],[72.003,33.779],[71.849,33.779],[71.697,33.457],[71.331,33.2],[71.379,33.072],[71.225,33.072],[71.182,32.879],[70.952,32.879],[70.958,32.557],[70.596,32.3],[70.457,32.365],[70.263,32.172],[69.715,32.107],[69.625,32.043],[69.674,31.915],[69.203,31.85],[69.177,31.722],[67.933,30.822],[67.781,30.822],[66.816,30.115],[66.501,30.051],[66.229,29.794],[65.2,29.537],[64.605,29.601],[64.292,29.537],[64.195,29.408],[62.228,29.408],[61.729,29.601],[59.892,28.958],[59.77,28.637],[59.628,28.701],[59.526,28.508],[59.565,28.251],[59.415,28.251],[59.388,28.058],[59.154,27.994],[59.003,27.415],[58.927,27.415],[58.986,27.287],[58.871,26.965],[58.93,26.837],[59.156,26.837],[59.042,26.515],[59.177,26.387],[58.982,26.001],[59.449,25.486],[59.36,25.358],[59.06,25.358],[58.782,25.551],[57.958,25.551],[57.74,25.615],[57.679,25.744],[57.38,25.744],[57.115,26.065],[57.052,26.837],[56.715,27.158],[56.188,27.158],[56.098,27.029],[56.324,27.029],[56.309,26.901],[56.061,26.708],[55.603,26.644],[55.439,26.515],[55.221,26.579],[55.235,26.708],[54.989,26.515],[54.681,26.451],[54.259,26.708],[53.658,26.708],[53.461,26.965],[52.737,27.222],[52.479,27.608],[52.049,27.801],[51.597,27.801],[51.317,27.994],[51.331,28.122],[51.066,28.444],[51.028,28.765],[50.809,28.83],[50.915,29.087],[50.62,29.151],[50.651,29.408],[50.236,29.729],[50.057,30.115],[50.065,30.179],[50.393,30.372],[50.418,30.565],[50.063,30.758],[50.005,31.465],[50.277,31.786],[50.008,32.043],[50.026,32.172],[49.815,32.3],[49.842,32.493],[49.708,32.622],[49.316,32.557],[49.123,32.814],[48.749,32.879],[48.614,33.007],[48.078,33.007],[47.975,32.814],[47.822,32.814],[47.415,33.2],[46.675,33.393],[46.71,33.65],[46.148,34.036],[46.134,34.486],[46.275,34.937],[46.893,34.937],[47.172,35.258],[47.21,35.516],[47.133,35.516],[47.162,35.709],[46.862,35.773],[46.804,35.902],[46.222,36.16],[45.99,36.16],[45.931,36.288],[45.941,36.353],[46.349,36.482],[46.572,36.417],[46.845,36.675],[46.787,36.804],[47.021,36.804],[47.383,37.126],[47.872,37.255],[48.227,37.513],[48.371,37.9],[48.527,37.9],[48.639,38.093],[48.505,38.222],[48.618,38.416],[48.551,38.481],[48.719,38.545],[48.841,38.351],[48.829,37.835],[49.085,37.513],[49.854,37.448],[50.321,36.997],[50.566,37.062],[50.632,36.997],[50.532,36.868],[51.642,36.546],[52.586,36.61],[53.489,36.868],[55.148,36.997],[55.809,37.19],[55.835,37.319],[56.056,37.255],[56.563,37.448],[57.696,37.642],[59.193,37.706],[60.203,38.029],[60.751,38.029],[61.015,38.158],[62.392,38.351],[63.523,38.803],[63.837,38.803],[64.007,38.545],[64.367,38.416],[64.662,38.029],[65.223,37.771],[65.301,37.771]]],[[[56.069,37.319],[55.991,37.319],[56.004,37.384],[56.082,37.384],[56.069,37.319]]]]}},{"type":"Feature","id":"cliopatria-57b288e5c9c1f3418b703c2d","properties":{"NAME":"Neo-Assyrian Empire","ABBREVN":null,"CONTROL":null,"SUBJECTO":"Neo-Assyrian Empire","PARTOF":null,"BORDERPRECISION":1,"FromYear":-615,"ToYear":-601,"Area":555849.5679018243,"Type":"POLITY","Wikipedia":"Neo-Assyrian Empire","Wikidata":"Q10914393","SeshatID":"iq_neo_assyrian_emp","Components":"","MemberOf":"","sourceFeatureId":"cliopatria-57b288e5c9c1f3418b703c2d","datasetId":"cliopatria"},"geometry":{"type":"MultiPolygon","coordinates":[[[[44.842,37.319],[44.832,37.255],[44.92,36.804],[45.309,36.804],[45.348,36.546],[45.504,36.546],[45.854,36.288],[45.931,36.288],[45.99,36.16],[46.222,36.16],[46.804,35.902],[46.862,35.773],[47.162,35.709],[47.133,35.516],[47.21,35.516],[47.172,35.258],[46.893,34.937],[46.275,34.937],[46.134,34.486],[45.5,34.358],[45.157,34.1],[44.594,33.907],[44.423,33.779],[44.28,33.264],[43.966,33.2],[44.172,33.007],[44.208,32.686],[43.91,32.75],[43.428,32.557],[43.351,32.557],[43.153,32.814],[42.709,32.943],[42.578,33.136],[41.489,33.65],[41.212,33.907],[40.912,33.972],[40.85,34.1],[40.473,34.165],[40.418,34.358],[39.608,34.679],[39.546,34.808],[39.252,34.937],[39.09,34.872],[38.804,35.065],[38.179,35.001],[37.325,34.229],[37.389,34.1],[37.235,34.1],[37.055,33.843],[36.728,33.65],[36.696,33.329],[36.837,33.2],[36.506,32.943],[36.57,32.814],[36.475,32.622],[36.698,32.557],[36.751,32.3],[36.516,32.236],[36.656,32.107],[36.492,31.979],[36.463,31.658],[36.387,31.658],[36.423,31.208],[36.271,31.208],[36.401,30.951],[36.07,30.629],[35.952,30.115],[35.876,30.115],[35.77,29.729],[35.806,29.215],[35.428,29.215],[34.837,29.408],[34.711,28.701],[34.547,28.508],[34.517,28.058],[34.442,28.058],[34.161,28.38],[33.978,29.022],[33.769,29.279],[33.782,29.472],[33.573,29.729],[33.293,31.079],[33.369,31.079],[33.983,31.143],[34.297,31.272],[34.308,31.4],[34.547,31.529],[34.639,31.722],[34.573,31.85],[34.813,31.979],[34.77,32.365],[35.022,32.622],[35.056,33.007],[35.215,33.072],[35.221,33.136],[35.445,33.072],[36.024,33.522],[36.043,33.715],[36.049,33.779],[36.235,34.1],[36.28,34.551],[36.203,34.551],[36.313,34.872],[36.165,34.937],[36.185,35.13],[36.353,35.258],[36.373,35.451],[36.232,35.58],[35.993,35.516],[35.916,35.516],[35.878,35.902],[35.956,35.902],[35.99,36.224],[35.849,36.353],[36.265,36.61],[36.286,36.804],[36.145,36.933],[35.834,36.933],[35.488,36.61],[35.113,36.739],[34.95,36.675],[34.886,36.804],[35.119,36.804],[35.211,36.933],[35.069,37.062],[35.168,37.255],[34.863,37.319],[34.884,37.513],[34.962,37.513],[34.99,37.771],[35.224,37.771],[35.317,37.9],[35.622,37.835],[35.644,38.029],[36.058,38.222],[36.261,38.61],[36.418,38.61],[36.551,38.416],[36.747,38.739],[37.226,38.803],[37.305,38.803],[37.28,38.61],[37.578,38.481],[37.842,38.093],[38.147,38.029],[38.312,38.093],[38.423,38.351],[38.658,38.351],[38.868,38.158],[39.181,38.158],[39.476,38.61],[40.016,38.545],[40.113,38.674],[40.749,38.739],[40.846,38.868],[41.387,38.803],[41.484,38.933],[41.72,38.933],[41.77,38.739],[42.005,38.739],[42.682,39.062],[42.898,38.933],[43.222,38.997],[43.281,38.868],[44.455,38.351],[44.306,37.9],[44.589,37.706],[44.628,37.448],[44.842,37.319]]]]}},{"type":"Feature","id":"cliopatria-af8e4960de52365dbb084ff0","properties":{"NAME":"Twenty-sixth Dynasty of Egypt","ABBREVN":null,"CONTROL":null,"SUBJECTO":"Twenty-sixth Dynasty of Egypt","PARTOF":null,"BORDERPRECISION":1,"FromYear":-615,"ToYear":-551,"Area":452849.4488884285,"Type":"POLITY","Wikipedia":"Twenty-sixth Dynasty of Egypt","Wikidata":"Q662410","SeshatID":"","Components":"","MemberOf":"","sourceFeatureId":"cliopatria-af8e4960de52365dbb084ff0","datasetId":"cliopatria"},"geometry":{"type":"MultiPolygon","coordinates":[[[[32.237,31.208],[32.313,31.208],[32.532,31.079],[32.765,31.143],[32.832,31.015],[33.217,31.079],[33.293,31.079],[33.573,29.729],[33.782,29.472],[33.769,29.279],[33.978,29.022],[34.161,28.38],[34.442,28.058],[34.438,27.994],[34.346,27.737],[34.12,27.737],[33.617,28.122],[33.554,28.315],[33.403,28.315],[33.189,28.508],[33.214,28.894],[32.857,29.215],[32.526,29.922],[32.429,29.601],[32.639,29.344],[32.689,28.958],[32.836,28.894],[33.105,28.38],[33.609,27.994],[33.585,27.608],[33.799,27.415],[33.927,27.029],[34.073,26.965],[34.051,26.579],[34.197,26.515],[34.461,25.872],[34.608,25.808],[35.146,24.651],[35.789,24.072],[35.708,23.943],[35.559,23.943],[35.553,23.815],[35.108,23.879],[33.756,23.686],[33.682,23.686],[33.389,23.815],[32.041,23.686],[31.67,23.751],[30.537,23.365],[30.463,23.365],[30.395,23.558],[30.104,23.751],[30.109,23.879],[29.959,23.879],[29.673,24.201],[28.641,24.586],[28.289,25.165],[28.268,26.515],[28.343,26.515],[28.371,27.158],[28.446,27.158],[28.391,27.608],[28.467,27.608],[28.523,28.765],[28.451,28.83],[28.605,28.894],[28.619,29.151],[28.695,29.151],[29.017,30.822],[29.397,30.822],[29.485,31.015],[29.633,30.951],[29.87,31.079],[29.802,31.208],[29.882,31.272],[30.339,31.272],[30.271,31.4],[30.352,31.465],[30.809,31.465],[30.966,31.529],[30.975,31.658],[31.203,31.658],[31.118,31.529],[31.266,31.465],[31.875,31.465],[31.781,31.208],[31.937,31.272],[32,31.079],[32.304,31.079],[32.237,31.208]]]]}},{"type":"Feature","id":"cliopatria-3eeaa96307edb340e6bffc15","properties":{"NAME":"(Phoenician Empire)","ABBREVN":null,"CONTROL":null,"SUBJECTO":"(Phoenician Empire)","PARTOF":null,"BORDERPRECISION":1,"FromYear":-615,"ToYear":-531,"Area":35130.06402206805,"Type":"POLITY","Wikipedia":"Phoenicia","Wikidata":"Q41642","SeshatID":"","Components":"Phoenicia","MemberOf":"","sourceFeatureId":"cliopatria-3eeaa96307edb340e6bffc15","datasetId":"cliopatria"},"geometry":{"type":"MultiPolygon","coordinates":[[[[-6.967,33.715],[-6.805,33.586],[-7.333,33.457],[-7.474,33.264],[-7.875,33.522],[-7.428,33.715],[-7.433,33.779],[-6.985,33.972],[-6.967,33.715]]],[[[-3.851,36.804],[-4.469,36.739],[-4.689,36.546],[-5.228,36.482],[-5.288,36.224],[-5.516,36.16],[-5.585,36.031],[-5.831,36.224],[-6.064,36.224],[-6.248,36.61],[-5.918,36.353],[-5.452,36.353],[-5.306,36.482],[-5.31,36.546],[-4.555,36.868],[-3.851,36.804]]],[[[7.665,36.546],[7.272,36.868],[7.346,37.062],[7.659,36.997],[7.66,36.933],[7.971,36.933],[7.665,36.546]]],[[[12.571,37.964],[12.571,38.029],[12.806,38.093],[12.726,37.9],[12.571,37.964]]],[[[1.431,38.803],[1.274,38.803],[1.183,39.062],[1.259,39.126],[1.337,39.126],[1.652,39.126],[1.658,38.997],[1.431,38.803]]],[[[8.726,39.32],[9.118,39.45],[9.355,39.32],[9.356,39.191],[9.042,39.126],[8.966,38.868],[8.336,38.997],[8.412,39.256],[8.333,39.256],[8.33,39.514],[8.485,39.773],[8.483,39.902],[8.325,39.967],[8.4,40.291],[8.479,40.291],[8.718,40.096],[8.726,39.32]]],[[[12.842,32.879],[13.761,32.879],[13.759,32.75],[14.065,32.75],[14.444,32.493],[14.675,32.557],[14.749,32.429],[14.902,32.429],[14.593,32.172],[14.518,32.3],[14.442,32.3],[13.758,32.622],[12.916,32.622],[12.842,32.879]]],[[[35.221,33.136],[35.227,33.2],[35.398,33.393],[35.346,33.65],[35.499,33.65],[35.447,33.907],[35.684,33.972],[35.644,34.358],[35.792,34.293],[36.049,34.551],[36.068,34.744],[35.927,34.872],[35.96,35.194],[35.882,35.194],[35.986,35.451],[35.993,35.516],[36.232,35.58],[36.373,35.451],[36.353,35.258],[36.185,35.13],[36.165,34.937],[36.313,34.872],[36.203,34.551],[36.28,34.551],[36.235,34.1],[36.049,33.779],[36.043,33.715],[36.024,33.522],[35.445,33.072],[35.221,33.136]]],[[[33.856,35.001],[33.523,34.744],[33.369,34.744],[33.292,34.744],[33.238,35.001],[33.47,35.001],[33.809,35.323],[33.957,35.258],[33.951,35.194],[34.099,35.13],[34.087,35.001],[33.856,35.001]]],[[[14.337,35.838],[14.34,36.031],[14.417,36.031],[14.571,35.966],[14.568,35.773],[14.337,35.838]]],[[[13.12,38.158],[13.51,38.093],[13.51,38.029],[13.665,37.964],[13.04,37.964],[13.12,38.158]]]]}},{"type":"Feature","id":"cliopatria-3f8afaff54a9c0e3af77bd40","properties":{"NAME":"Phoenicia","ABBREVN":null,"CONTROL":null,"SUBJECTO":"Phoenicia","PARTOF":"(Phoenician Empire)","BORDERPRECISION":1,"FromYear":-615,"ToYear":-531,"Area":35130.06402206805,"Type":"POLITY","Wikipedia":"Phoenicia","Wikidata":"Q41642","SeshatID":"lb_phoenician_emp","Components":"","MemberOf":"(Phoenician Empire)","sourceFeatureId":"cliopatria-3f8afaff54a9c0e3af77bd40","datasetId":"cliopatria"},"geometry":{"type":"MultiPolygon","coordinates":[[[[-6.967,33.715],[-6.805,33.586],[-7.333,33.457],[-7.474,33.264],[-7.875,33.522],[-7.428,33.715],[-7.433,33.779],[-6.985,33.972],[-6.967,33.715]]],[[[-3.851,36.804],[-4.469,36.739],[-4.689,36.546],[-5.228,36.482],[-5.288,36.224],[-5.516,36.16],[-5.585,36.031],[-5.831,36.224],[-6.064,36.224],[-6.248,36.61],[-5.918,36.353],[-5.452,36.353],[-5.306,36.482],[-5.31,36.546],[-4.555,36.868],[-3.851,36.804]]],[[[7.665,36.546],[7.272,36.868],[7.346,37.062],[7.659,36.997],[7.66,36.933],[7.971,36.933],[7.665,36.546]]],[[[12.571,37.964],[12.571,38.029],[12.806,38.093],[12.726,37.9],[12.571,37.964]]],[[[1.431,38.803],[1.274,38.803],[1.183,39.062],[1.259,39.126],[1.337,39.126],[1.652,39.126],[1.658,38.997],[1.431,38.803]]],[[[8.726,39.32],[9.118,39.45],[9.355,39.32],[9.356,39.191],[9.042,39.126],[8.966,38.868],[8.336,38.997],[8.412,39.256],[8.333,39.256],[8.33,39.514],[8.485,39.773],[8.483,39.902],[8.325,39.967],[8.4,40.291],[8.479,40.291],[8.718,40.096],[8.726,39.32]]],[[[12.842,32.879],[13.761,32.879],[13.759,32.75],[14.065,32.75],[14.444,32.493],[14.675,32.557],[14.749,32.429],[14.902,32.429],[14.593,32.172],[14.518,32.3],[14.442,32.3],[13.758,32.622],[12.916,32.622],[12.842,32.879]]],[[[35.221,33.136],[35.227,33.2],[35.398,33.393],[35.346,33.65],[35.499,33.65],[35.447,33.907],[35.684,33.972],[35.644,34.358],[35.792,34.293],[36.049,34.551],[36.068,34.744],[35.927,34.872],[35.96,35.194],[35.882,35.194],[35.986,35.451],[35.993,35.516],[36.232,35.58],[36.373,35.451],[36.353,35.258],[36.185,35.13],[36.165,34.937],[36.313,34.872],[36.203,34.551],[36.28,34.551],[36.235,34.1],[36.049,33.779],[36.043,33.715],[36.024,33.522],[35.445,33.072],[35.221,33.136]]],[[[33.856,35.001],[33.523,34.744],[33.369,34.744],[33.292,34.744],[33.238,35.001],[33.47,35.001],[33.809,35.323],[33.957,35.258],[33.951,35.194],[34.099,35.13],[34.087,35.001],[33.856,35.001]]],[[[14.337,35.838],[14.34,36.031],[14.417,36.031],[14.571,35.966],[14.568,35.773],[14.337,35.838]]],[[[13.12,38.158],[13.51,38.093],[13.51,38.029],[13.665,37.964],[13.04,37.964],[13.12,38.158]]]]}}]}
