{"type":"FeatureCollection","name":"Seshat Cliopatria 0–99","datasetId":"cliopatria","startYear":0,"endYear":99,"features":[{"type":"Feature","id":"cliopatria-bdb85e41bf11d04c13ad49e8","properties":{"NAME":"Kingdom of Kush","ABBREVN":null,"CONTROL":null,"SUBJECTO":"Kingdom of Kush","PARTOF":null,"BORDERPRECISION":1,"FromYear":-630,"ToYear":337,"Area":336379.15609700844,"Type":"POLITY","Wikipedia":"Kingdom of Kush","Wikidata":"Q241790","SeshatID":"","Components":"","MemberOf":"","sourceFeatureId":"cliopatria-bdb85e41bf11d04c13ad49e8","datasetId":"cliopatria"},"geometry":{"type":"MultiPolygon","coordinates":[[[[33.838,22.079],[33.763,22.079],[33.835,22.015],[33.745,21.629],[33.82,21.629],[34.258,19.636],[34.469,19.379],[34.597,18.929],[34.879,18.608],[34.939,18.286],[35.3,18.093],[35.501,17.643],[36.003,17.322],[36.054,16.808],[35.671,16.486],[34.714,16.486],[34.556,16.229],[34.684,15.779],[34.098,15.843],[33.862,15.458],[32.529,15.2],[32.533,15.329],[32.094,15.393],[31.734,15.586],[31.527,15.972],[31.536,16.229],[31.394,16.358],[31.477,16.615],[31.337,16.808],[31.221,17.643],[31.147,17.643],[30.877,20.343],[30.803,20.343],[30.818,20.793],[30.744,20.793],[30.762,21.308],[30.688,21.308],[30.636,21.951],[30.561,21.951],[30.721,22.272],[30.742,22.851],[30.535,23.301],[30.537,23.365],[31.67,23.751],[32.041,23.686],[33.389,23.815],[33.682,23.686],[33.679,23.622],[33.823,23.493],[33.809,23.172],[33.883,23.172],[33.84,22.143],[33.838,22.079]]]]}},{"type":"Feature","id":"cliopatria-efc2752582a0cbda1f9b7bb9","properties":{"NAME":"Hadhramaut","ABBREVN":null,"CONTROL":null,"SUBJECTO":"Hadhramaut","PARTOF":null,"BORDERPRECISION":1,"FromYear":-350,"ToYear":183,"Area":86171.17286842145,"Type":"POLITY","Wikipedia":"Hadhramaut","Wikidata":"Q1517159","SeshatID":"","Components":"","MemberOf":"","sourceFeatureId":"cliopatria-efc2752582a0cbda1f9b7bb9","datasetId":"cliopatria"},"geometry":{"type":"MultiPolygon","coordinates":[[[[51.074,15.458],[50.845,15.329],[50.752,15.008],[49.63,14.686],[48.535,14.815],[48.322,14.943],[47.521,15.072],[47.528,15.2],[46.653,15.329],[46.58,15.329],[46.149,15.522],[46.381,15.715],[46.47,15.972],[46.473,16.036],[46.555,16.165],[46.698,16.1],[48.117,16.422],[49.594,16.486],[50.118,16.615],[50.483,16.55],[51.081,16.679],[51.887,16.615],[51.952,16.486],[51.86,16.229],[51.242,15.779],[51.078,15.522],[51.074,15.458]]],[[[46.702,16.165],[46.628,16.165],[46.632,16.229],[46.706,16.229],[46.702,16.165]]]]}},{"type":"Feature","id":"cliopatria-6f339947b29c0cbf20f6698e","properties":{"NAME":"Anurādhapura","ABBREVN":null,"CONTROL":null,"SUBJECTO":"Anurādhapura","PARTOF":null,"BORDERPRECISION":1,"FromYear":-291,"ToYear":77,"Area":73532.27500724063,"Type":"POLITY","Wikipedia":"Anurādhapura","Wikidata":"Q5724","SeshatID":"sl_anuradhapura_1","Components":"","MemberOf":"","sourceFeatureId":"cliopatria-6f339947b29c0cbf20f6698e","datasetId":"cliopatria"},"geometry":{"type":"MultiPolygon","coordinates":[[[[81.259,8.643],[81.255,8.579],[81.397,8.514],[81.447,8.129],[81.654,7.936],[81.774,7.486],[81.917,7.422],[81.878,6.714],[81.338,6.136],[80.669,5.879],[80.231,5.879],[79.952,6.136],[79.759,6.65],[79.742,7.679],[79.607,7.872],[79.618,8.064],[79.764,8.064],[79.806,8.772],[80.05,9.157],[79.993,9.415],[80.079,9.607],[79.864,9.672],[79.876,9.865],[80.453,9.736],[80.521,9.672],[80.44,9.543],[80.728,9.479],[80.72,9.35],[80.861,9.286],[80.853,9.157],[80.995,9.093],[80.987,8.964],[81.259,8.643]]]]}},{"type":"Feature","id":"cliopatria-9248992f156b8edb06b07754","properties":{"NAME":"Early Cheras","ABBREVN":null,"CONTROL":null,"SUBJECTO":"Early Cheras","PARTOF":null,"BORDERPRECISION":1,"FromYear":-291,"ToYear":298,"Area":25180.57698982755,"Type":"POLITY","Wikipedia":"Chera dynasty","Wikidata":"Q877155","SeshatID":"in_cheras_1","Components":"","MemberOf":"","sourceFeatureId":"cliopatria-9248992f156b8edb06b07754","datasetId":"cliopatria"},"geometry":{"type":"MultiPolygon","coordinates":[[[[75.986,10.6],[75.985,10.626],[76.707,10.907],[76.892,10.757],[76.85,10.45],[77.414,10.207],[77.233,9.76],[77.345,9.581],[77.249,8.387],[77.147,8.257],[76.553,8.925],[75.986,10.6]]]]}},{"type":"Feature","id":"cliopatria-7040c26a39f3ebd5f1225595","properties":{"NAME":"Early Cholas","ABBREVN":null,"CONTROL":null,"SUBJECTO":"Early Cholas","PARTOF":null,"BORDERPRECISION":1,"FromYear":-291,"ToYear":298,"Area":28856.214614374065,"Type":"POLITY","Wikipedia":"Early Cholas","Wikidata":"Q3532146","SeshatID":"in_cholas_1","Components":"","MemberOf":"","sourceFeatureId":"cliopatria-7040c26a39f3ebd5f1225595","datasetId":"cliopatria"},"geometry":{"type":"MultiPolygon","coordinates":[[[[79.835,11.357],[79.868,11.197],[79.854,10.271],[79.394,10.323],[78.925,10.16],[77.399,10.215],[76.847,10.481],[76.904,10.769],[76.681,10.944],[77.02,11.169],[77.591,11.138],[77.876,10.939],[78.964,10.839],[79.835,11.357]]]]}},{"type":"Feature","id":"cliopatria-6da5fba33d8009cd9d9aa258","properties":{"NAME":"Early Pandyas","ABBREVN":null,"CONTROL":null,"SUBJECTO":"Early Pandyas","PARTOF":null,"BORDERPRECISION":1,"FromYear":-291,"ToYear":298,"Area":32556.36563924926,"Type":"POLITY","Wikipedia":"Early Pandyas","Wikidata":"Q3532152","SeshatID":"in_pandya_emp_1","Components":"","MemberOf":"","sourceFeatureId":"cliopatria-6da5fba33d8009cd9d9aa258","datasetId":"cliopatria"},"geometry":{"type":"MultiPolygon","coordinates":[[[[79.295,10.265],[79.266,9.994],[78.937,9.673],[78.914,9.45],[79.148,9.257],[78.541,9.104],[78.246,8.914],[78.176,8.514],[77.842,8.174],[77.526,8.081],[77.262,8.154],[77.158,8.292],[77.267,8.394],[77.364,9.58],[77.24,9.774],[77.441,10.188],[78.916,10.127],[79.295,10.265]]]]}},{"type":"Feature","id":"cliopatria-e4fcc4f76f19c24c42041c45","properties":{"NAME":"Mayan City-States","ABBREVN":null,"CONTROL":null,"SUBJECTO":"Mayan City-States","PARTOF":null,"BORDERPRECISION":1,"FromYear":-247,"ToYear":259,"Area":198040.49172174494,"Type":"POLITY","Wikipedia":"Maya civilization","Wikidata":"Q28567","SeshatID":"","Components":"","MemberOf":"","sourceFeatureId":"cliopatria-e4fcc4f76f19c24c42041c45","datasetId":"cliopatria"},"geometry":{"type":"MultiPolygon","coordinates":[[[[-88.504,17.772],[-88.494,17.708],[-88.474,17.579],[-88.316,17.515],[-88.178,17.579],[-88.135,16.808],[-88.209,16.808],[-88.236,16.486],[-88.493,16.229],[-88.64,16.229],[-88.825,15.972],[-88.512,15.843],[-88.377,15.393],[-88.629,15.072],[-88.695,14.429],[-88.907,14.365],[-88.818,14.236],[-89.186,14.236],[-89.097,14.107],[-89.391,14.107],[-89.588,13.915],[-89.566,13.722],[-89.867,13.786],[-89.991,13.593],[-90.469,13.915],[-91.504,13.979],[-92.474,14.686],[-92.755,15.136],[-93.323,15.522],[-93.121,15.65],[-93.149,15.843],[-92.715,16.872],[-92.46,17.129],[-92.481,17.258],[-91.952,17.643],[-91.92,17.9],[-91.699,17.9],[-91.656,18.093],[-90.211,18.286],[-89.336,17.9],[-89.051,17.965],[-89.104,17.836],[-88.947,17.772],[-88.504,17.772]]]]}},{"type":"Feature","id":"cliopatria-dabd1e6ed1e5aba27f642090","properties":{"NAME":"Zapotec Civilization","ABBREVN":null,"CONTROL":null,"SUBJECTO":"Zapotec Civilization","PARTOF":null,"BORDERPRECISION":1,"FromYear":-91,"ToYear":206,"Area":69767.7808673665,"Type":"POLITY","Wikipedia":"Zapotec civilization","Wikidata":"Q844750","SeshatID":"mx_monte_alban_2","Components":"","MemberOf":"","sourceFeatureId":"cliopatria-dabd1e6ed1e5aba27f642090","datasetId":"cliopatria"},"geometry":{"type":"MultiPolygon","coordinates":[[[[-95.589,17.322],[-95.073,17.322],[-94.599,17.129],[-94.38,16.679],[-94.635,16.422],[-94.541,16.293],[-94.846,16.358],[-94.954,16.1],[-96.211,15.65],[-96.726,15.65],[-97.049,15.843],[-97.722,15.908],[-98.046,16.1],[-98.043,16.55],[-97.77,16.679],[-97.896,17],[-98.033,16.936],[-98.023,17.322],[-98.225,17.643],[-98.247,17.772],[-98.059,17.965],[-97.542,17.965],[-96.908,17.708],[-96.613,17.708],[-96.285,17.515],[-95.99,17.515],[-95.663,17.322],[-95.589,17.322]]],[[[-94.767,17.258],[-94.841,17.258],[-94.851,17.322],[-94.778,17.322],[-94.767,17.258]]]]}},{"type":"Feature","id":"cliopatria-8d840bde05c87fee4eac0d0e","properties":{"NAME":"Mahan","ABBREVN":null,"CONTROL":null,"SUBJECTO":"Mahan","PARTOF":null,"BORDERPRECISION":1,"FromYear":-91,"ToYear":337,"Area":49676.87909476129,"Type":"POLITY","Wikipedia":"Mahan","Wikidata":"Q421372","SeshatID":"","Components":"","MemberOf":"","sourceFeatureId":"cliopatria-8d840bde05c87fee4eac0d0e","datasetId":"cliopatria"},"geometry":{"type":"MultiPolygon","coordinates":[[[[127.515,34.551],[127.224,34.422],[127.13,34.551],[127.297,34.744],[127.22,34.744],[127.023,34.486],[126.626,34.293],[126.425,34.358],[126.484,34.486],[126.348,34.358],[126.117,34.358],[126.478,34.808],[126.2,34.872],[126.381,35.258],[126.304,35.258],[126.519,35.709],[126.768,35.902],[126.613,35.902],[126.676,36.031],[126.521,36.031],[126.429,36.16],[126.452,36.675],[126.264,36.61],[126.05,36.804],[126.681,37.126],[126.603,37.126],[126.702,37.319],[126.535,37.448],[126.603,37.577],[126.29,37.577],[126.314,37.771],[126.348,37.835],[126.937,38.351],[127.607,38.287],[127.476,37.9],[127.633,37.9],[127.617,37.577],[127.828,37.384],[127.816,37.062],[127.994,36.804],[127.896,36.61],[128.019,36.546],[127.967,36.288],[128.09,36.224],[127.853,35.902],[127.93,35.902],[127.556,35.451],[127.633,35.451],[127.448,35.065],[127.572,35.001],[127.451,34.744],[127.545,34.615],[127.515,34.551]]]]}},{"type":"Feature","id":"cliopatria-e9de69f7d4b0d51df3d3e24d","properties":{"NAME":"Jinhan","ABBREVN":null,"CONTROL":null,"SUBJECTO":"Jinhan","PARTOF":null,"BORDERPRECISION":1,"FromYear":-91,"ToYear":372,"Area":23505.581610644225,"Type":"POLITY","Wikipedia":"Jinhan confederacy","Wikidata":"Q701273","SeshatID":"","Components":"","MemberOf":"","sourceFeatureId":"cliopatria-e9de69f7d4b0d51df3d3e24d","datasetId":"cliopatria"},"geometry":{"type":"MultiPolygon","coordinates":[[[[129.552,35.58],[129.521,35.516],[129.443,35.516],[129.412,35.451],[129.38,35.387],[129.349,35.323],[129.071,35.387],[129.011,35.58],[128.624,35.58],[128.61,35.709],[128.222,35.709],[128.208,35.838],[127.93,35.902],[127.853,35.902],[128.09,36.224],[127.967,36.288],[128.019,36.546],[127.896,36.61],[127.994,36.804],[128.695,37.255],[129.207,37.19],[129.353,37.319],[129.431,37.319],[129.407,37.126],[129.539,36.933],[129.439,36.739],[129.517,36.739],[129.417,36.546],[129.495,36.546],[129.421,36.095],[129.577,36.095],[129.667,35.966],[129.552,35.58]]]]}},{"type":"Feature","id":"cliopatria-b114d60ce729c45b736bb5c9","properties":{"NAME":"Byeonhan","ABBREVN":null,"CONTROL":null,"SUBJECTO":"Byeonhan","PARTOF":null,"BORDERPRECISION":1,"FromYear":-91,"ToYear":533,"Area":13603.437047041305,"Type":"POLITY","Wikipedia":"Byeonhan confederacy","Wikidata":"Q1378584","SeshatID":"","Components":"","MemberOf":"","sourceFeatureId":"cliopatria-b114d60ce729c45b736bb5c9","datasetId":"cliopatria"},"geometry":{"type":"MultiPolygon","coordinates":[[[[128.915,35.065],[128.838,35.065],[128.869,35.13],[128.637,35.13],[128.499,35.001],[128.807,35.001],[128.685,34.744],[128.33,34.808],[128.314,34.937],[128.082,34.937],[128.068,34.744],[127.759,34.744],[127.622,34.615],[127.545,34.615],[127.451,34.744],[127.572,35.001],[127.448,35.065],[127.633,35.451],[127.556,35.451],[127.93,35.902],[128.208,35.838],[128.222,35.709],[128.61,35.709],[128.624,35.58],[129.011,35.58],[129.071,35.387],[129.349,35.323],[129.318,35.258],[129.147,35.065],[128.885,35.001],[128.915,35.065]]]]}},{"type":"Feature","id":"cliopatria-dbc8ca162e38dd86ba4b1148","properties":{"NAME":"Kingdom of Commagene","ABBREVN":null,"CONTROL":null,"SUBJECTO":"Kingdom of Commagene","PARTOF":null,"BORDERPRECISION":1,"FromYear":-63,"ToYear":22,"Area":9645.666506708689,"Type":"POLITY","Wikipedia":"Commagene","Wikidata":"Q332137","SeshatID":"","Components":"","MemberOf":"","sourceFeatureId":"cliopatria-dbc8ca162e38dd86ba4b1148","datasetId":"cliopatria"},"geometry":{"type":"MultiPolygon","coordinates":[[[[38.732,37.706],[38.74,37.771],[38.443,37.9],[38.39,38.093],[38.312,38.093],[38.361,38.481],[38.726,38.868],[38.962,38.868],[39.25,38.674],[39.232,38.545],[39.511,38.287],[39.415,38.158],[39.46,37.9],[39.122,37.706],[38.732,37.706]]]]}},{"type":"Feature","id":"cliopatria-df306ff37730ed26dee28e9a","properties":{"NAME":"Kingdom of Sophene","ABBREVN":null,"CONTROL":null,"SUBJECTO":"Kingdom of Sophene","PARTOF":null,"BORDERPRECISION":1,"FromYear":-63,"ToYear":22,"Area":23760.89401659476,"Type":"POLITY","Wikipedia":"Kingdom of Sophene","Wikidata":"Q2626105","SeshatID":"","Components":"","MemberOf":"","sourceFeatureId":"cliopatria-df306ff37730ed26dee28e9a","datasetId":"cliopatria"},"geometry":{"type":"MultiPolygon","coordinates":[[[[40.493,38.029],[40.415,38.029],[40.094,37.964],[40.051,37.642],[40.181,37.448],[39.496,37.577],[39.46,37.9],[39.415,38.158],[39.511,38.287],[39.232,38.545],[39.25,38.674],[38.962,38.868],[38.726,38.868],[38.735,38.933],[38.744,38.997],[38.752,39.062],[38.927,39.191],[38.954,39.385],[39.209,39.514],[39.751,39.45],[39.848,39.579],[40.478,39.579],[40.51,39.256],[40.658,39.191],[40.469,38.416],[40.547,38.416],[40.572,38.029],[40.493,38.029]]]]}},{"type":"Feature","id":"cliopatria-fb6e84fe2b6125ffe92aea9b","properties":{"NAME":"Caucasian Albania","ABBREVN":null,"CONTROL":null,"SUBJECTO":"Caucasian Albania","PARTOF":null,"BORDERPRECISION":1,"FromYear":-63,"ToYear":59,"Area":50113.16358892667,"Type":"POLITY","Wikipedia":"Caucasian Albania","Wikidata":"Q177076","SeshatID":"","Components":"","MemberOf":"","sourceFeatureId":"cliopatria-fb6e84fe2b6125ffe92aea9b","datasetId":"cliopatria"},"geometry":{"type":"MultiPolygon","coordinates":[[[[47.509,41.327],[47.496,41.263],[47.986,41.327],[47.96,41.198],[48.344,41.133],[48.385,40.938],[48.2,40.809],[48.111,40.355],[48.19,40.355],[48.158,39.773],[48.146,39.708],[47.121,39.708],[47.066,39.838],[46.774,39.967],[46.458,39.967],[46.481,40.096],[46.256,40.161],[46.201,40.291],[45.884,40.291],[45.457,40.55],[45.595,40.874],[45.302,41.003],[45.112,41.263],[44.237,41.263],[44.352,41.457],[44.774,41.587],[45.075,41.911],[45.314,41.911],[45.536,42.236],[45.696,42.236],[45.683,42.171],[46.23,42.106],[46.431,41.911],[46.816,41.847],[47.35,41.327],[47.509,41.327]]]]}},{"type":"Feature","id":"cliopatria-cc92b583f5119a8f1152ca3d","properties":{"NAME":"Kingdom of Armenia","ABBREVN":null,"CONTROL":null,"SUBJECTO":"Kingdom of Armenia","PARTOF":null,"BORDERPRECISION":1,"FromYear":-63,"ToYear":59,"Area":217689.1068279688,"Type":"POLITY","Wikipedia":"Kingdom of Armenia (antiquity)","Wikidata":"Q208404","SeshatID":"","Components":"","MemberOf":"","sourceFeatureId":"cliopatria-cc92b583f5119a8f1152ca3d","datasetId":"cliopatria"},"geometry":{"type":"MultiPolygon","coordinates":[[[[48.225,39.708],[48.673,39.579],[48.806,39.45],[48.782,39.32],[48.928,39.256],[48.742,38.674],[48.821,38.674],[48.807,38.158],[48.795,38.093],[48.326,38.093],[47.252,38.674],[46.121,38.481],[45.854,38.287],[45.635,37.9],[45.224,37.771],[45.174,37.448],[45.252,37.448],[45.29,37.19],[45.446,37.19],[45.251,36.933],[44.803,37.062],[44.774,37.384],[44.637,37.513],[43.945,37.577],[43.886,37.706],[42.88,37.771],[42.508,37.9],[42.03,37.835],[41.97,37.964],[41.667,38.029],[40.572,38.029],[40.547,38.416],[40.469,38.416],[40.658,39.191],[40.51,39.256],[40.478,39.579],[39.848,39.579],[39.751,39.45],[39.209,39.514],[38.954,39.385],[38.745,39.579],[38.93,39.773],[38.79,39.902],[40.151,40.032],[40.23,40.032],[40.487,40.161],[40.507,40.291],[40.754,40.355],[40.774,40.485],[41.45,40.744],[41.535,41.263],[42.25,41.263],[42.363,41.457],[42.624,41.587],[42.863,41.587],[43.34,41.133],[43.976,41.133],[44.237,41.263],[45.112,41.263],[45.302,41.003],[45.595,40.874],[45.457,40.55],[45.884,40.291],[46.201,40.291],[46.256,40.161],[46.481,40.096],[46.458,39.967],[46.774,39.967],[47.066,39.838],[47.121,39.708],[48.146,39.708],[48.225,39.708]]]]}},{"type":"Feature","id":"cliopatria-258671eaad802d4324b2d10b","properties":{"NAME":"Caucasian Iberia","ABBREVN":null,"CONTROL":null,"SUBJECTO":"Caucasian Iberia","PARTOF":null,"BORDERPRECISION":1,"FromYear":-63,"ToYear":67,"Area":35867.973092615954,"Type":"POLITY","Wikipedia":"Kingdom of Iberia","Wikidata":"Q19083","SeshatID":"","Components":"","MemberOf":"","sourceFeatureId":"cliopatria-258671eaad802d4324b2d10b","datasetId":"cliopatria"},"geometry":{"type":"MultiPolygon","coordinates":[[[[44.825,42.691],[44.837,42.756],[45.158,42.756],[45.44,42.561],[45.68,42.561],[45.709,42.301],[45.696,42.236],[45.536,42.236],[45.314,41.911],[45.075,41.911],[44.774,41.587],[44.352,41.457],[44.237,41.263],[43.976,41.133],[43.34,41.133],[42.863,41.587],[42.624,41.587],[42.935,42.431],[42.718,42.561],[42.754,42.756],[42.605,42.821],[42.572,43.082],[42.492,43.082],[42.596,43.212],[42.677,43.212],[42.918,43.212],[43.203,43.017],[43.74,42.886],[43.783,42.691],[44.69,42.821],[44.825,42.691]]]]}},{"type":"Feature","id":"cliopatria-0317b5c7982242d8561c124b","properties":{"NAME":"Cimmerian Bosporus","ABBREVN":null,"CONTROL":null,"SUBJECTO":"Cimmerian Bosporus","PARTOF":null,"BORDERPRECISION":1,"FromYear":-63,"ToYear":67,"Area":24828.264958860225,"Type":"POLITY","Wikipedia":"Bosporan Kingdom","Wikidata":"Q321371","SeshatID":"","Components":"","MemberOf":"","sourceFeatureId":"cliopatria-0317b5c7982242d8561c124b","datasetId":"cliopatria"},"geometry":{"type":"MultiPolygon","coordinates":[[[[36.087,45.366],[36.423,45.431],[36.373,45.104],[35.875,45.039],[35.732,45.17],[35.407,45.17],[35.388,45.039],[35.216,44.973],[35.235,45.104],[35.154,45.104],[35.183,45.3],[36.006,45.366],[36.087,45.366]]],[[[39.093,46.283],[38.862,45.89],[38.699,45.89],[38.388,45.497],[38.117,44.843],[37.934,44.712],[37.528,44.712],[37.256,45.039],[36.779,45.104],[36.749,45.431],[36.912,45.431],[36.972,45.3],[37.704,45.3],[37.747,45.562],[37.595,45.628],[37.758,45.628],[37.893,45.955],[38.335,46.152],[38.368,46.349],[37.899,46.48],[37.839,46.612],[38.495,46.612],[38.622,46.874],[38.786,46.874],[38.892,47.006],[39.22,47.006],[39.197,47.335],[38.35,47.203],[38.49,47.532],[39.244,47.598],[39.715,47.466],[39.737,47.137],[39.549,47.006],[39.596,46.809],[39.432,46.809],[39.291,46.48],[39.105,46.349],[39.093,46.283]]]]}},{"type":"Feature","id":"cliopatria-f0a6493278bac645098fe16d","properties":{"NAME":"Lazica","ABBREVN":null,"CONTROL":null,"SUBJECTO":"Lazica","PARTOF":null,"BORDERPRECISION":1,"FromYear":-63,"ToYear":67,"Area":28524.879275035924,"Type":"POLITY","Wikipedia":"Lazica","Wikidata":"Q136884","SeshatID":"","Components":"","MemberOf":"","sourceFeatureId":"cliopatria-f0a6493278bac645098fe16d","datasetId":"cliopatria"},"geometry":{"type":"MultiPolygon","coordinates":[[[[42.935,42.431],[42.624,41.587],[42.363,41.457],[42.25,41.263],[41.535,41.263],[41.45,40.744],[40.774,40.485],[40.567,40.679],[41.264,41.068],[41.228,41.327],[41.307,41.327],[41.408,41.457],[41.567,41.457],[41.6,41.652],[41.782,41.782],[41.758,42.106],[41.598,42.106],[41.701,42.236],[41.483,42.366],[41.609,42.626],[41.116,43.017],[40.817,43.147],[40.416,43.147],[40.219,43.407],[39.989,43.472],[40.172,43.603],[40.736,43.603],[41.644,43.277],[42.516,43.212],[42.596,43.212],[42.492,43.082],[42.572,43.082],[42.605,42.821],[42.754,42.756],[42.718,42.561],[42.935,42.431]]]]}},{"type":"Feature","id":"cliopatria-3504b512123bdc2938e4632c","properties":{"NAME":"Kingdom of Gordyene","ABBREVN":null,"CONTROL":null,"SUBJECTO":"Kingdom of Gordyene","PARTOF":null,"BORDERPRECISION":1,"FromYear":-63,"ToYear":113,"Area":14346.878446630164,"Type":"POLITY","Wikipedia":"Corduene","Wikidata":"Q29237","SeshatID":"","Components":"","MemberOf":"","sourceFeatureId":"cliopatria-3504b512123bdc2938e4632c","datasetId":"cliopatria"},"geometry":{"type":"MultiPolygon","coordinates":[[[[42.852,37.577],[42.774,37.577],[42.765,37.513],[41.984,37.513],[41.178,37.319],[40.181,37.448],[40.051,37.642],[40.094,37.964],[40.415,38.029],[40.493,38.029],[40.572,38.029],[41.667,38.029],[41.97,37.964],[42.03,37.835],[42.508,37.9],[42.88,37.771],[42.871,37.706],[42.861,37.642],[42.852,37.577]]]]}},{"type":"Feature","id":"cliopatria-9d41de0a7b916ef37669bec5","properties":{"NAME":"Kingdom of Adiabene","ABBREVN":null,"CONTROL":null,"SUBJECTO":"Kingdom of Adiabene","PARTOF":null,"BORDERPRECISION":1,"FromYear":-63,"ToYear":116,"Area":13757.914572053602,"Type":"POLITY","Wikipedia":"Adiabene","Wikidata":"Q149747","SeshatID":"","Components":"","MemberOf":"","sourceFeatureId":"cliopatria-9d41de0a7b916ef37669bec5","datasetId":"cliopatria"},"geometry":{"type":"MultiPolygon","coordinates":[[[[41.541,36.546],[41.212,36.997],[41.178,37.319],[41.984,37.513],[42.765,37.513],[42.623,37.062],[42.629,36.546],[41.982,36.353],[41.671,36.353],[41.541,36.546]]]]}},{"type":"Feature","id":"cliopatria-904719fe82203ceacc04ef6e","properties":{"NAME":"Yuezhi","ABBREVN":null,"CONTROL":null,"SUBJECTO":"Yuezhi","PARTOF":null,"BORDERPRECISION":1,"FromYear":-50,"ToYear":0,"Area":458125.73212795396,"Type":"POLITY","Wikipedia":"Yuezhi","Wikidata":"Q467985","SeshatID":"af_tocharian","Components":"","MemberOf":"","sourceFeatureId":"cliopatria-904719fe82203ceacc04ef6e","datasetId":"cliopatria"},"geometry":{"type":"MultiPolygon","coordinates":[[[[73.294,40.679],[73.331,40.55],[73.489,40.55],[73.526,40.42],[73.8,40.291],[73.573,39.579],[73.395,39.514],[73.69,39.45],[73.67,39.385],[73.63,39.256],[73.748,39.126],[73.494,38.545],[72.663,37.835],[72.398,37.448],[71.825,37.062],[71.661,36.739],[71.249,36.353],[71.244,36.031],[71.672,35.58],[71.605,35.001],[71.943,34.808],[71.495,34.229],[71.479,34.165],[70.956,34.229],[70.772,34.1],[70.818,33.972],[70.573,33.907],[69.988,34.036],[69.739,34.293],[66.814,34.293],[66.689,34.422],[66.038,34.615],[66.066,34.744],[65.926,34.808],[65.618,34.808],[65.415,34.937],[65.092,34.872],[64.854,35.194],[64.829,35.773],[64.751,35.773],[65.155,38.739],[65.077,38.739],[65.144,38.997],[65.065,38.997],[65.282,39.514],[65.203,39.514],[65.291,39.838],[65.564,39.967],[65.883,40.809],[65.962,40.809],[66.653,41.263],[66.891,41.263],[67.547,41.587],[68.025,41.587],[68.819,41.327],[68.898,41.327],[68.857,40.938],[69.332,40.42],[69.273,40.226],[68.997,40.096],[68.959,39.967],[69.334,39.902],[69.592,39.708],[70.558,39.773],[70.755,39.902],[70.814,40.096],[70.952,40.032],[70.913,39.902],[71.071,39.902],[71.209,40.096],[71.782,40.161],[72.998,40.744],[73.294,40.679]]]]}},{"type":"Feature","id":"cliopatria-30e2476eeeccf44fd14a4e5e","properties":{"NAME":"Wusun","ABBREVN":null,"CONTROL":null,"SUBJECTO":"Wusun","PARTOF":null,"BORDERPRECISION":1,"FromYear":-50,"ToYear":5,"Area":194516.11250900093,"Type":"POLITY","Wikipedia":"Wusun","Wikidata":"Q854062","SeshatID":"","Components":"","MemberOf":"","sourceFeatureId":"cliopatria-30e2476eeeccf44fd14a4e5e","datasetId":"cliopatria"},"geometry":{"type":"MultiPolygon","coordinates":[[[[80.287,42.821],[80.214,42.431],[77.875,41.522],[77.374,41.457],[77.294,41.457],[76.817,41.457],[76.864,41.587],[76.625,41.587],[76.615,41.782],[76.798,41.847],[76.16,41.847],[76.128,41.976],[76.278,42.171],[76.142,42.236],[76.158,42.496],[75.814,42.431],[75.701,42.561],[75.878,42.821],[75.629,43.017],[75.252,43.082],[75.14,43.212],[75.188,43.342],[75.108,43.342],[75.205,43.603],[74.795,43.798],[74.998,44.124],[74.563,44.255],[74.443,44.581],[74.088,44.712],[73.975,44.843],[74.024,44.973],[73.943,44.973],[74.13,45.039],[74.255,45.366],[74.117,45.431],[74.319,45.955],[74.753,46.021],[74.881,46.349],[75.533,46.546],[75.507,46.48],[77.391,46.48],[77.364,46.415],[77.61,46.415],[77.72,46.283],[77.802,46.283],[77.831,45.955],[78.022,45.824],[77.996,45.562],[78.35,45.431],[78.569,45.17],[79.545,44.973],[79.518,44.908],[80.005,44.908],[79.978,44.843],[80.41,44.712],[80.302,44.451],[80.383,44.451],[80.357,43.994],[80.735,43.538],[80.683,43.407],[80.791,43.277],[80.632,43.082],[80.471,43.082],[80.473,42.886],[80.287,42.821]]]]}},{"type":"Feature","id":"cliopatria-fb425c926ad75708626b8784","properties":{"NAME":"Great Yuan","ABBREVN":null,"CONTROL":null,"SUBJECTO":"Great Yuan","PARTOF":null,"BORDERPRECISION":1,"FromYear":-50,"ToYear":42,"Area":51348.21334834599,"Type":"POLITY","Wikipedia":"Yuan dynasty","Wikidata":"Q7313","SeshatID":"","Components":"","MemberOf":"","sourceFeatureId":"cliopatria-fb425c926ad75708626b8784","datasetId":"cliopatria"},"geometry":{"type":"MultiPolygon","coordinates":[[[[71.92,41.327],[72,41.327],[72.232,41.068],[72.47,41.068],[73.019,40.809],[72.998,40.744],[71.782,40.161],[71.209,40.096],[71.071,39.902],[70.913,39.902],[70.952,40.032],[70.814,40.096],[70.755,39.902],[70.558,39.773],[69.592,39.708],[69.334,39.902],[68.959,39.967],[68.997,40.096],[69.273,40.226],[69.332,40.42],[68.857,40.938],[68.898,41.327],[68.978,41.327],[69.4,41.652],[69.819,41.717],[70.016,41.587],[71.63,41.652],[71.92,41.327]]]]}},{"type":"Feature","id":"cliopatria-1dd880da5538940174ac012b","properties":{"NAME":"Teotihuacan","ABBREVN":null,"CONTROL":null,"SUBJECTO":"Teotihuacan","PARTOF":null,"BORDERPRECISION":1,"FromYear":-50,"ToYear":105,"Area":5674.000581128504,"Type":"POLITY","Wikipedia":"Teotihuacan","Wikidata":"Q172613","SeshatID":"","Components":"","MemberOf":"","sourceFeatureId":"cliopatria-1dd880da5538940174ac012b","datasetId":"cliopatria"},"geometry":{"type":"MultiPolygon","coordinates":[[[[-98.868,19.186],[-98.857,19.122],[-98.989,19.443],[-98.841,19.443],[-98.877,19.636],[-98.717,19.572],[-98.741,19.701],[-98.444,19.701],[-98.421,19.572],[-98.015,19.379],[-98.054,19.186],[-98.202,19.186],[-98.292,18.865],[-98.514,18.865],[-98.868,19.186]]]]}},{"type":"Feature","id":"cliopatria-e8aaf3947931591ef1dd3dae","properties":{"NAME":"Kingdom of Axum","ABBREVN":null,"CONTROL":null,"SUBJECTO":"Kingdom of Axum","PARTOF":null,"BORDERPRECISION":1,"FromYear":-50,"ToYear":237,"Area":97003.90299438157,"Type":"POLITY","Wikipedia":"Kingdom of Aksum","Wikidata":"Q139377","SeshatID":"et_aksum_emp_1","Components":"","MemberOf":"","sourceFeatureId":"cliopatria-e8aaf3947931591ef1dd3dae","datasetId":"cliopatria"},"geometry":{"type":"MultiPolygon","coordinates":[[[[40.819,14.815],[41.395,14.558],[41.665,14.043],[42.378,13.593],[42.437,13.272],[42.217,13.272],[41.918,13.143],[41.913,13.015],[41.47,12.95],[41.318,12.822],[38.972,12.822],[38.396,13.079],[38.262,13.4],[38.115,13.4],[38.196,13.593],[37.999,14.172],[38.168,14.686],[38.626,15.072],[38.558,15.2],[38.776,15.136],[38.934,15.393],[39.152,15.329],[39.605,15.586],[39.734,15.2],[39.808,15.2],[39.823,15.522],[39.97,15.522],[40.311,14.943],[40.681,15.008],[40.822,14.879],[40.819,14.815]]],[[[38.399,14.943],[38.326,14.943],[38.329,15.008],[38.402,15.008],[38.399,14.943]]]]}},{"type":"Feature","id":"cliopatria-c86f749bd5d62cfa257b5f6d","properties":{"NAME":"Greek City-States","ABBREVN":null,"CONTROL":null,"SUBJECTO":"Greek City-States","PARTOF":null,"BORDERPRECISION":1,"FromYear":-42,"ToYear":77,"Area":23893.38837191995,"Type":"POLITY","Wikipedia":"Polis","Wikidata":"Q148837","SeshatID":"","Components":"","MemberOf":"","sourceFeatureId":"cliopatria-c86f749bd5d62cfa257b5f6d","datasetId":"cliopatria"},"geometry":{"type":"MultiPolygon","coordinates":[[[[24.432,37.577],[24.272,37.513],[24.201,37.642],[24.283,37.706],[24.361,37.706],[24.432,37.577]]],[[[25.447,39.838],[24.974,39.838],[25.067,40.032],[25.146,40.032],[25.462,40.032],[25.447,39.838]]],[[[26.025,40.161],[25.704,40.096],[25.719,40.291],[25.798,40.291],[26.035,40.291],[26.025,40.161]]],[[[24.794,40.614],[24.551,40.55],[24.491,40.809],[24.57,40.809],[24.808,40.809],[24.794,40.614]]],[[[27.495,42.431],[27.937,42.041],[27.931,41.976],[27.612,41.976],[27.464,42.106],[27.317,42.236],[27.329,42.366],[27.175,42.431],[27.193,42.626],[27.452,42.821],[27.657,43.277],[27.992,43.407],[28.018,43.668],[28.3,44.059],[28.463,44.843],[28.64,44.973],[28.721,44.973],[28.802,44.973],[28.841,44.581],[28.577,44.385],[28.536,43.994],[28.616,43.994],[28.481,43.472],[28.159,43.472],[28.226,43.342],[27.898,43.277],[27.805,43.147],[27.853,42.821],[27.847,42.756],[27.514,42.626],[27.495,42.431]]],[[[33.926,44.451],[33.521,44.451],[33.467,44.647],[33.548,44.647],[33.61,45.104],[33.23,45.3],[33.637,45.3],[33.917,44.973],[34.604,45.235],[35.183,45.3],[35.154,45.104],[35.235,45.104],[35.135,44.973],[35.125,44.908],[34.376,44.777],[33.926,44.451]]],[[[31.065,46.874],[31.082,47.006],[31.567,46.94],[31.533,46.677],[30.877,46.677],[30.298,45.955],[30.045,45.89],[29.859,45.693],[29.614,45.693],[29.644,45.955],[30.189,46.415],[30.271,46.415],[30.458,46.612],[31.065,46.874]]]]}},{"type":"Feature","id":"cliopatria-4b63c1dfe0eb896abc86ed44","properties":{"NAME":"Xiongnu","ABBREVN":null,"CONTROL":null,"SUBJECTO":"Xiongnu","PARTOF":null,"BORDERPRECISION":1,"FromYear":-40,"ToYear":5,"Area":2403942.7908379575,"Type":"POLITY","Wikipedia":"Xiongnu","Wikidata":"Q188836","SeshatID":"mn_hunnu_late","Components":"","MemberOf":"","sourceFeatureId":"cliopatria-4b63c1dfe0eb896abc86ed44","datasetId":"cliopatria"},"geometry":{"type":"MultiPolygon","coordinates":[[[[101.112,51.58],[101.875,51.58],[101.829,51.513],[102.123,51.447],[102.077,51.38],[102.201,51.313],[102.11,51.179],[102.353,50.912],[102.263,50.779],[102.348,50.779],[102.383,50.579],[102.76,50.512],[102.716,50.446],[102.884,50.446],[102.84,50.379],[103.177,50.379],[103.133,50.313],[103.301,50.313],[103.257,50.246],[104.181,50.246],[105.032,50.512],[106.417,50.446],[106.372,50.379],[106.792,50.379],[106.746,50.313],[107.282,50.113],[107.236,50.046],[107.823,50.046],[107.817,49.914],[107.984,49.914],[108.055,49.648],[108.345,49.582],[108.34,49.449],[108.713,49.383],[108.493,49.051],[108.699,48.985],[108.695,48.853],[108.858,48.72],[108.772,48.588],[108.895,48.522],[108.81,48.39],[108.893,48.39],[108.808,48.258],[108.89,48.258],[108.598,47.928],[108.432,47.532],[108.638,47.466],[108.681,47.269],[108.845,47.269],[109.012,47.006],[108.931,46.874],[109.095,46.874],[109.22,46.677],[109.467,46.677],[109.304,46.546],[109.388,46.415],[109.552,46.415],[109.846,45.955],[109.767,45.824],[110.186,45.3],[110.107,45.17],[110.699,44.255],[110.623,44.124],[110.703,44.124],[110.627,43.994],[110.712,43.863],[109.536,41.782],[109.759,41.457],[109.997,41.457],[109.963,41.392],[110.122,41.392],[110.211,41.263],[113.593,41.198],[113.557,41.133],[114.034,41.133],[113.998,41.068],[114.236,41.068],[114.201,41.003],[114.633,41.068],[114.685,40.874],[114.843,40.874],[114.851,40.744],[115.054,40.679],[114.596,40.42],[114.561,40.355],[109.736,40.355],[108.197,39.967],[107.678,39.385],[107.442,39.385],[107.329,39.644],[107.172,39.644],[106.86,39.32],[106.703,39.32],[106.09,38.674],[104.963,38.61],[104.991,38.674],[104.393,38.739],[104.293,38.868],[103.608,38.739],[103.939,39.126],[104.668,39.514],[104.583,39.838],[103.812,39.708],[103.132,39.256],[102.095,38.868],[102.123,38.933],[101.63,39.062],[101.559,39.256],[101.165,39.256],[101.181,39.644],[100.737,39.708],[100.381,39.967],[100.144,39.967],[100.173,40.032],[99.384,40.032],[99.284,40.161],[98.918,40.226],[98.948,40.291],[98.503,40.355],[98.274,40.55],[98.037,40.55],[97.63,40.874],[96.897,41.003],[96.926,41.068],[95.23,41.003],[93.687,40.744],[93.715,40.809],[93.268,40.874],[93.296,40.938],[92.321,41.068],[92.349,41.133],[91.27,41.392],[90.775,41.717],[90.536,41.717],[90.434,41.847],[90.195,41.847],[90.223,41.911],[89.613,41.976],[89.642,42.041],[88.82,42.171],[88.848,42.236],[88.077,42.301],[88.105,42.366],[85.764,42.691],[85.792,42.756],[84.108,42.756],[82.056,42.236],[80.214,42.431],[80.287,42.821],[80.473,42.886],[80.471,43.082],[80.632,43.082],[80.791,43.277],[80.683,43.407],[80.735,43.538],[80.357,43.994],[80.383,44.451],[80.302,44.451],[80.41,44.712],[79.978,44.843],[80.005,44.908],[79.518,44.908],[79.545,44.973],[78.569,45.17],[78.35,45.431],[77.996,45.562],[78.022,45.824],[77.831,45.955],[77.802,46.283],[77.883,46.283],[78.975,46.349],[79.086,46.612],[79.801,46.94],[85.324,48.192],[85.786,48.456],[86.399,48.522],[86.549,48.654],[86.848,48.588],[86.914,48.72],[87.667,49.051],[87.652,49.184],[87.819,49.184],[88.244,49.515],[88.746,49.515],[89.606,49.714],[89.512,49.847],[89.585,49.98],[89.837,49.98],[90.116,50.179],[90.78,50.313],[91.063,50.512],[91.315,50.512],[91.892,50.779],[92.771,50.979],[93.272,51.246],[94.708,51.647],[98.585,52.116],[98.932,52.25],[98.886,52.183],[99.267,52.116],[99.221,52.049],[99.391,52.049],[99.346,51.982],[99.686,51.982],[99.641,51.915],[100.105,51.848],[100.06,51.781],[100.739,51.781],[100.694,51.714],[100.948,51.714],[100.903,51.647],[101.073,51.647],[101.027,51.58],[101.112,51.58]]],[[[77.802,46.283],[77.72,46.283],[77.747,46.349],[77.829,46.349],[77.802,46.283]]],[[[109.386,46.546],[109.426,46.612],[109.508,46.612],[109.468,46.546],[109.386,46.546]]]]}},{"type":"Feature","id":"cliopatria-e36d97a40393b05becb4c2c4","properties":{"NAME":"Parthian Empire","ABBREVN":null,"CONTROL":null,"SUBJECTO":"Parthian Empire","PARTOF":null,"BORDERPRECISION":1,"FromYear":-36,"ToYear":0,"Area":2702719.515722604,"Type":"POLITY","Wikipedia":"Parthian Empire","Wikidata":"Q1986139","SeshatID":"ir_parthian_emp_1","Components":"","MemberOf":"","sourceFeatureId":"cliopatria-e36d97a40393b05becb4c2c4","datasetId":"cliopatria"},"geometry":{"type":"MultiPolygon","coordinates":[[[[51.138,25.486],[51.212,25.486],[51.207,25.422],[51.132,25.422],[51.138,25.486]]],[[[50.43,25.936],[50.46,26.258],[50.685,26.258],[50.673,26.129],[50.667,26.065],[50.649,25.872],[50.43,25.936]]],[[[57.351,40.291],[58.332,40.42],[58.537,40.291],[58.854,40.291],[58.98,40.161],[59.77,40.161],[59.768,39.838],[60.084,39.838],[60.052,39.708],[60.683,39.708],[60.713,39.514],[60.949,39.514],[62.502,40.032],[62.879,39.967],[64.02,40.096],[64.389,40.291],[65.235,40.485],[65.272,40.614],[65.351,40.614],[65.37,40.679],[65.449,40.679],[65.43,40.614],[65.589,40.614],[65.804,40.809],[65.883,40.809],[65.564,39.967],[65.291,39.838],[65.203,39.514],[65.282,39.514],[65.065,38.997],[65.144,38.997],[65.077,38.739],[65.155,38.739],[64.751,35.773],[64.829,35.773],[64.854,35.194],[65.092,34.872],[64.574,34.615],[64.324,34.165],[63.873,33.843],[63.426,32.365],[63.185,32.3],[63.161,32.172],[62.82,31.979],[62.421,31.465],[61.942,31.336],[61.875,30.951],[60.936,29.858],[62.304,29.408],[64.12,29.408],[64.53,29.601],[65.125,29.537],[65.763,29.729],[66.888,29.665],[66.995,29.408],[67.135,29.344],[66.931,28.572],[67.007,28.572],[66.965,28.315],[67.041,28.315],[67.046,27.865],[67.121,27.865],[67.062,27.479],[67.175,27.222],[67.197,26.322],[67.502,25.808],[67.112,25.101],[66.64,24.908],[66.648,24.972],[66.62,25.358],[66.345,25.551],[66.021,25.358],[64.816,25.294],[64.801,25.165],[64.285,25.229],[64.225,25.358],[63.626,25.358],[63.536,25.229],[62.563,25.229],[62.474,25.101],[62.182,25.165],[62.018,25.036],[61.719,25.036],[61.658,25.165],[61.127,25.101],[60.917,25.229],[60.618,25.229],[60.632,25.358],[59.06,25.358],[58.782,25.551],[57.958,25.551],[57.74,25.615],[57.679,25.744],[57.38,25.744],[57.176,25.936],[57.052,26.837],[56.715,27.158],[56.188,27.158],[56.098,27.029],[56.324,27.029],[56.309,26.901],[56.061,26.708],[55.603,26.644],[55.439,26.515],[55.289,26.515],[55.31,26.708],[55.543,26.772],[55.242,26.772],[54.832,26.451],[54.463,26.515],[54.259,26.708],[53.658,26.708],[53.461,26.965],[52.737,27.222],[52.479,27.608],[52.049,27.801],[51.597,27.801],[51.317,27.994],[51.331,28.122],[51.066,28.444],[51.028,28.765],[50.809,28.83],[50.915,29.087],[50.62,29.151],[50.651,29.408],[50.236,29.729],[50.065,30.179],[49.586,29.987],[48.943,30.308],[48.987,30.051],[48.365,29.922],[48.404,29.601],[47.866,29.537],[47.852,29.408],[48.079,29.408],[48.215,29.279],[48.194,29.087],[48.46,28.765],[48.563,28.315],[48.974,27.93],[48.872,27.672],[49.242,27.608],[49.36,27.287],[50.135,26.772],[50.116,26.579],[50.254,26.451],[50.223,26.129],[50.067,26.065],[50.211,26.001],[50.325,25.615],[50.608,25.422],[50.654,25.101],[50.729,25.101],[50.769,25.551],[50.925,25.615],[50.955,25.936],[51.123,26.129],[51.423,26.129],[51.698,25.872],[51.575,25.358],[51.719,25.294],[51.69,24.972],[51.524,24.779],[51.411,24.329],[51.854,24.265],[51.907,24.008],[52.28,24.008],[52.6,24.265],[53.112,24.136],[54.083,24.136],[54.099,24.329],[54.318,24.265],[54.559,24.458],[54.744,24.844],[55.143,25.101],[55.412,25.551],[55.97,25.872],[56.168,26.322],[56.475,26.387],[56.543,26.322],[56.385,25.551],[56.46,25.551],[56.421,25.165],[56.496,25.165],[56.402,24.972],[56.545,24.908],[56.788,24.329],[57.493,23.879],[58.812,23.622],[59.08,23.301],[59.068,23.172],[59.28,23.043],[59.268,22.915],[58.896,22.915],[58.908,23.043],[58.61,23.043],[58.335,23.301],[57.962,23.301],[57.974,23.429],[57.83,23.493],[56.809,23.751],[56.821,23.879],[56.54,24.072],[56.489,24.329],[56.271,24.393],[56.29,24.586],[56.09,24.844],[55.859,24.779],[55.841,24.586],[55.623,24.651],[54.812,23.943],[54.273,23.751],[51.881,23.686],[51.822,23.879],[51.166,24.072],[51.102,24.201],[51.203,24.522],[51.133,24.586],[51.294,24.715],[51.327,25.101],[51.402,25.101],[51.27,25.294],[51.35,25.358],[51.323,25.872],[51.173,25.872],[51.23,25.679],[50.982,25.422],[50.965,25.229],[51.12,25.294],[50.92,24.715],[50.616,24.651],[50.344,24.972],[50.032,25.679],[49.674,25.872],[49.878,26.451],[49.252,26.965],[49.265,27.094],[49.059,27.287],[48.552,27.479],[48.467,28.122],[48.247,28.187],[48.206,28.508],[48.055,28.508],[48.144,28.637],[48,28.701],[48.014,28.83],[47.809,29.022],[47.651,28.958],[47.672,29.151],[47.535,29.279],[47.654,29.665],[47.29,29.794],[46.979,29.729],[46.994,29.858],[46.85,29.922],[46.615,29.858],[46.591,30.308],[45.77,30.436],[44.955,31.272],[44.581,31.336],[44.459,31.593],[43.153,32.814],[42.709,32.943],[42.364,33.264],[42.065,33.329],[41.788,33.586],[41.489,33.65],[41.212,33.907],[40.627,34.165],[40.55,34.165],[40.479,34.872],[40.263,35.001],[40.278,35.13],[40.062,35.258],[39.938,35.516],[39.497,35.709],[39.753,35.902],[40.809,36.288],[41.283,36.353],[41.541,36.546],[41.671,36.353],[41.982,36.353],[42.629,36.546],[42.623,37.062],[42.765,37.513],[42.774,37.577],[42.852,37.577],[42.861,37.642],[42.871,37.706],[42.88,37.771],[43.886,37.706],[43.945,37.577],[44.637,37.513],[44.774,37.384],[44.803,37.062],[45.251,36.933],[45.446,37.19],[45.29,37.19],[45.252,37.448],[45.174,37.448],[45.224,37.771],[45.635,37.9],[45.854,38.287],[46.121,38.481],[47.252,38.674],[48.326,38.093],[48.795,38.093],[48.874,38.093],[48.829,37.835],[49.085,37.513],[49.854,37.448],[50.321,36.997],[50.566,37.062],[50.632,36.997],[50.532,36.868],[51.265,36.61],[52.186,36.546],[53.088,36.804],[54.033,36.868],[54.095,37.19],[53.91,37.448],[53.908,37.835],[53.83,37.835],[53.987,38.997],[53.518,39.385],[53.138,39.45],[53.545,39.514],[53.498,40.032],[52.723,40.096],[52.714,40.42],[52.793,40.42],[52.893,40.874],[52.972,40.874],[52.943,40.744],[53.34,40.744],[53.448,40.874],[53.404,40.679],[54.544,40.809],[56.655,40.355],[56.987,40.42],[56.956,40.291],[57.035,40.291],[57.241,40.161],[57.351,40.291]]]]}},{"type":"Feature","id":"cliopatria-d3dace52e6dd67cc54391684","properties":{"NAME":"Han Dynasty","ABBREVN":null,"CONTROL":null,"SUBJECTO":"Han Dynasty","PARTOF":null,"BORDERPRECISION":1,"FromYear":-36,"ToYear":5,"Area":4465320.938997095,"Type":"POLITY","Wikipedia":"Han dynasty","Wikidata":"Q1068371","SeshatID":"cn_western_han_dyn","Components":"","MemberOf":"","sourceFeatureId":"cliopatria-d3dace52e6dd67cc54391684","datasetId":"cliopatria"},"geometry":{"type":"MultiPolygon","coordinates":[[[[109.862,18.35],[109.841,18.222],[109.25,18.222],[109.123,18.35],[108.765,18.415],[108.638,18.543],[108.704,19.379],[109.203,19.701],[109.246,19.958],[110.157,20.086],[110.591,20.022],[110.613,20.151],[110.909,20.151],[111.087,19.893],[111.032,19.572],[110.884,19.572],[110.851,19.379],[110.681,19.251],[110.508,18.672],[110.19,18.543],[110.179,18.479],[109.862,18.35]]],[[[100.703,28.701],[100.72,28.765],[100.795,28.765],[100.779,28.701],[100.703,28.701]]],[[[115.292,40.096],[115.45,40.096],[115.55,39.838],[116.452,39.902],[117.295,40.291],[118.236,40.42],[118.705,40.55],[118.778,40.679],[119.174,40.679],[123.087,41.911],[123.167,41.911],[123.127,41.847],[123.405,41.782],[123.365,41.717],[123.604,41.717],[123.564,41.652],[124.042,41.522],[124.002,41.457],[124.28,41.392],[124.24,41.327],[124.479,41.327],[124.439,41.263],[124.717,41.198],[124.678,41.133],[125.831,41.327],[125.79,41.263],[126.108,41.263],[126.187,41.133],[126.901,41.003],[126.861,40.938],[127.099,40.938],[127.059,40.874],[126.425,40.614],[126.269,40.355],[126.432,40.096],[126.709,40.032],[126.832,39.838],[126.728,39.385],[126.964,39.385],[126.854,39.191],[127.023,38.933],[126.937,38.351],[126.348,37.835],[126.27,37.835],[125.845,37.771],[125.835,37.9],[125.678,37.9],[125.387,37.642],[125.231,37.642],[125.298,37.771],[125.209,37.9],[124.897,37.9],[125.077,38.093],[124.764,38.093],[124.866,38.287],[124.788,38.287],[124.961,38.61],[125.153,38.674],[125.189,38.739],[125.032,38.739],[125.39,39.385],[125.306,39.514],[124.87,39.579],[124.865,39.708],[124.512,39.644],[124.345,39.902],[124.034,39.773],[123.597,39.838],[122.936,39.644],[122.17,39.256],[121.952,38.997],[121.716,38.997],[121.422,38.739],[121.029,38.739],[121.201,39.062],[121.515,39.062],[121.69,39.385],[121.297,39.385],[121.21,39.514],[121.281,39.644],[121.438,39.644],[121.503,39.902],[121.776,39.967],[122.231,40.485],[122.106,40.679],[121.827,40.744],[121.824,40.874],[121.11,40.874],[120.997,40.679],[120.647,40.485],[120.5,40.226],[119.38,39.773],[119.215,39.32],[118.989,39.191],[118.45,39.062],[118.057,39.062],[118.046,39.191],[117.776,39.126],[117.576,38.739],[117.655,38.739],[117.602,38.481],[117.759,38.481],[117.773,38.351],[118.054,38.287],[118.067,38.158],[118.583,38.093],[118.648,38.222],[118.804,38.222],[118.772,38.158],[119.457,37.964],[119.393,37.835],[119.237,37.835],[118.984,37.319],[119.14,37.319],[119.156,37.19],[119.701,37.19],[119.827,37.448],[120.202,37.577],[120.188,37.706],[120.754,37.9],[121.112,37.835],[121.171,37.642],[121.483,37.642],[121.497,37.513],[122.154,37.577],[122.121,37.513],[122.713,37.448],[122.474,37.126],[122.566,36.997],[122.394,36.804],[121.912,36.933],[121.212,36.61],[120.979,36.61],[120.965,36.417],[120.732,36.417],[120.659,36.095],[120.318,36.031],[119.986,35.645],[119.619,35.516],[119.228,34.808],[119.459,34.808],[119.431,34.744],[119.711,34.679],[119.732,34.551],[120.342,34.358],[120.489,34.165],[120.55,33.586],[120.926,33.2],[120.919,32.622],[121.403,32.493],[121.503,32.172],[121.961,31.979],[121.937,31.722],[121.836,31.658],[121.301,31.85],[120.919,31.85],[121.454,31.658],[121.481,31.529],[121.634,31.529],[121.584,31.4],[121.737,31.4],[121.995,31.079],[121.899,30.822],[121.519,30.822],[121.197,30.565],[121.045,30.565],[120.68,30.179],[120.809,30.115],[121.105,30.308],[121.484,30.308],[121.62,30.051],[122.03,29.922],[121.865,29.665],[122.016,29.665],[121.938,29.215],[121.712,29.215],[121.745,29.537],[121.571,29.472],[121.647,29.472],[121.539,29.151],[121.744,29.087],[121.714,28.765],[121.522,28.637],[121.652,28.572],[121.646,28.315],[121.379,28.187],[121.153,28.187],[121.193,28.315],[121.118,28.315],[121.038,28.058],[120.868,27.994],[120.715,27.737],[120.657,27.544],[120.733,27.544],[120.545,27.158],[120.395,27.158],[120.247,26.901],[120.096,26.901],[120.061,26.772],[120.211,26.772],[120.158,26.579],[119.84,26.515],[119.938,26.322],[119.587,26.129],[119.778,26.001],[119.53,25.615],[119.904,25.615],[119.872,25.486],[119.616,25.358],[119.273,25.486],[119.391,25.358],[119.344,25.165],[119.029,25.101],[119.074,24.972],[118.819,24.844],[118.76,24.586],[118.147,24.522],[118.076,24.201],[117.721,23.943],[117.694,23.815],[117.47,23.815],[117.179,23.493],[116.894,23.558],[116.78,23.365],[116.815,23.172],[116.591,23.172],[116.54,22.915],[115.696,22.786],[115.671,22.658],[115.373,22.658],[115.174,22.786],[114.902,22.529],[114.753,22.529],[114.641,22.722],[114.531,22.143],[114.37,22.079],[113.999,22.079],[113.996,22.465],[113.785,22.529],[113.747,22.722],[113.599,22.722],[113.699,22.465],[113.639,22.143],[113.416,22.143],[113.318,22.015],[113.106,22.079],[113.071,21.886],[112.774,21.886],[112.441,21.693],[111.859,21.758],[111.664,21.501],[110.984,21.436],[110.739,21.308],[110.716,21.179],[110.419,21.179],[110.483,21.115],[110.364,20.858],[110.616,20.601],[110.487,20.279],[109.883,20.215],[109.927,20.472],[109.789,20.536],[109.77,20.858],[109.696,20.858],[109.87,21.436],[109.807,21.501],[109.116,21.372],[109.086,21.629],[108.652,21.693],[108.555,21.565],[107.79,21.436],[107.417,20.986],[106.961,20.922],[106.834,20.601],[106.685,20.601],[106.537,20.151],[105.965,19.829],[105.734,18.865],[106.051,18.543],[106.031,18.415],[106.178,18.415],[106.295,18.222],[106.57,18.093],[106.571,17.643],[106.772,17.515],[106.752,17.386],[107.026,17.258],[106.765,17],[106.534,16.936],[105.144,18.415],[105.185,18.672],[105.037,18.672],[105.142,18.865],[105.015,18.993],[105.014,19.443],[104.94,19.443],[104.992,19.765],[104.865,19.893],[104.981,20.151],[104.44,20.472],[104.619,20.665],[104.905,20.601],[104.873,20.858],[105.096,20.858],[104.851,21.179],[104.979,21.501],[104.926,21.629],[105.096,21.758],[105.128,21.951],[104.874,22.208],[105.249,22.658],[105.175,22.658],[105.22,22.915],[105.117,23.172],[104.956,23.108],[104.905,23.236],[102.99,23.365],[102.801,23.558],[102.651,23.558],[102.474,23.815],[102.325,23.815],[102.086,24.136],[101.936,24.136],[101.835,24.393],[101.698,24.458],[101.722,24.586],[101.523,24.715],[101.548,24.844],[101.411,24.908],[101.352,25.358],[101.037,26.001],[101.093,26.258],[100.925,26.515],[100.968,26.708],[100.802,26.965],[100.792,27.865],[100.673,27.994],[100.846,28.38],[100.695,28.38],[100.837,28.637],[100.933,29.279],[100.858,29.279],[100.849,29.794],[100.773,29.794],[100.828,29.987],[100.598,30.501],[100.982,31.272],[101.836,32.043],[102.158,32.557],[102.312,33.457],[102.235,33.457],[102.325,33.715],[102.248,33.715],[102.409,34.165],[103.479,34.358],[103.735,35.451],[103.63,35.58],[103.677,35.902],[103.6,35.902],[103.676,36.095],[103.467,36.353],[103.518,36.482],[103.389,36.546],[103.44,36.675],[103.311,36.739],[103.363,36.868],[103.208,37.062],[102.871,37.19],[102.611,37.126],[102.586,37.255],[102.171,37.384],[102.172,37.577],[102.043,37.642],[102.096,37.771],[101.755,37.513],[101.601,37.706],[101.315,37.771],[101.29,37.9],[100.796,38.029],[100.799,38.222],[100.642,38.222],[100.414,38.61],[100.199,38.287],[99.862,38.416],[99.379,39.126],[99.092,39.191],[99.12,39.256],[98.958,39.062],[98.384,39.191],[98.117,38.933],[97.96,38.933],[97.857,39.062],[97.492,39.126],[97.468,39.256],[96.763,39.45],[96.681,39.256],[96.76,39.256],[96.678,39.062],[96.757,39.062],[96.677,38.868],[96.755,38.868],[96.649,38.61],[96.414,38.61],[96.31,38.739],[95.682,38.933],[95.319,39.385],[94.977,39.32],[94.506,39.514],[93.955,39.514],[93.088,39.32],[92.248,39.385],[91.123,39.126],[89.58,38.997],[88.746,38.868],[87.662,38.481],[86.44,38.351],[86.081,38.222],[85.813,37.9],[85.356,37.706],[85.113,37.448],[81.031,36.61],[80.371,36.997],[79.398,37.126],[79.145,37.319],[78.424,37.513],[78.386,37.642],[78.093,37.706],[77.801,38.029],[77.841,38.158],[77.667,38.351],[77.51,38.351],[77.414,38.545],[77.258,38.545],[77.025,38.803],[75.792,39.126],[73.769,39.45],[73.69,39.45],[73.395,39.514],[73.573,39.579],[73.8,40.291],[73.526,40.42],[73.489,40.55],[73.331,40.55],[73.294,40.679],[72.998,40.744],[73.019,40.809],[73.343,41.068],[74.751,41.003],[77.35,41.392],[77.374,41.457],[77.875,41.522],[80.214,42.431],[82.056,42.236],[84.108,42.756],[85.792,42.756],[85.764,42.691],[88.105,42.366],[88.077,42.301],[88.848,42.236],[88.82,42.171],[89.642,42.041],[89.613,41.976],[90.223,41.911],[90.195,41.847],[90.434,41.847],[90.536,41.717],[90.775,41.717],[91.27,41.392],[92.349,41.133],[92.321,41.068],[93.296,40.938],[93.268,40.874],[93.715,40.809],[93.687,40.744],[95.23,41.003],[96.926,41.068],[96.897,41.003],[97.63,40.874],[98.037,40.55],[98.274,40.55],[98.503,40.355],[98.948,40.291],[98.918,40.226],[99.284,40.161],[99.384,40.032],[100.173,40.032],[100.144,39.967],[100.381,39.967],[100.737,39.708],[101.181,39.644],[101.165,39.256],[101.559,39.256],[101.63,39.062],[102.123,38.933],[102.095,38.868],[103.132,39.256],[103.812,39.708],[104.583,39.838],[104.668,39.514],[103.939,39.126],[103.608,38.739],[104.293,38.868],[104.393,38.739],[104.991,38.674],[104.963,38.61],[106.09,38.674],[106.703,39.32],[106.86,39.32],[107.172,39.644],[107.329,39.644],[107.442,39.385],[107.678,39.385],[108.197,39.967],[109.736,40.355],[114.561,40.355],[114.527,40.291],[115.159,40.291],[115.292,40.096]]],[[[122.273,30.179],[122.28,29.987],[121.977,29.987],[122.022,30.115],[122.045,30.179],[122.273,30.179]]]]}},{"type":"Feature","id":"cliopatria-61c875ffc752e3e091101672","properties":{"NAME":"(Alliance between Han Dynasty and Xiongnu)","ABBREVN":null,"CONTROL":null,"SUBJECTO":"(Alliance between Han Dynasty and Xiongnu)","PARTOF":null,"BORDERPRECISION":1,"FromYear":-36,"ToYear":5,"Area":6869263.729835058,"Type":"RELATION","Wikipedia":"Han dynasty","Wikidata":"Q1068371","SeshatID":"cn_western_han_dyn;mn_hunnu_late","Components":"Han Dynasty;Xiongnu","MemberOf":"","sourceFeatureId":"cliopatria-61c875ffc752e3e091101672","datasetId":"cliopatria"},"geometry":{"type":"MultiPolygon","coordinates":[[[[109.862,18.35],[109.841,18.222],[109.25,18.222],[109.123,18.35],[108.765,18.415],[108.638,18.543],[108.704,19.379],[109.203,19.701],[109.246,19.958],[110.157,20.086],[110.591,20.022],[110.613,20.151],[110.909,20.151],[111.087,19.893],[111.032,19.572],[110.884,19.572],[110.851,19.379],[110.681,19.251],[110.508,18.672],[110.19,18.543],[110.179,18.479],[109.862,18.35]]],[[[100.72,28.765],[100.795,28.765],[100.779,28.701],[100.703,28.701],[100.72,28.765]]],[[[115.45,40.096],[115.55,39.838],[116.452,39.902],[117.295,40.291],[118.236,40.42],[118.705,40.55],[118.778,40.679],[119.174,40.679],[123.087,41.911],[123.167,41.911],[123.127,41.847],[123.405,41.782],[123.365,41.717],[123.604,41.717],[123.564,41.652],[124.042,41.522],[124.002,41.457],[124.28,41.392],[124.24,41.327],[124.479,41.327],[124.439,41.263],[124.717,41.198],[124.678,41.133],[125.831,41.327],[125.79,41.263],[126.108,41.263],[126.187,41.133],[126.901,41.003],[126.861,40.938],[127.099,40.938],[127.059,40.874],[126.425,40.614],[126.269,40.355],[126.432,40.096],[126.709,40.032],[126.832,39.838],[126.728,39.385],[126.964,39.385],[126.854,39.191],[127.023,38.933],[126.937,38.351],[126.348,37.835],[126.27,37.835],[125.845,37.771],[125.835,37.9],[125.678,37.9],[125.387,37.642],[125.231,37.642],[125.298,37.771],[125.209,37.9],[124.897,37.9],[125.077,38.093],[124.764,38.093],[124.866,38.287],[124.788,38.287],[124.961,38.61],[125.153,38.674],[125.189,38.739],[125.032,38.739],[125.39,39.385],[125.306,39.514],[124.87,39.579],[124.865,39.708],[124.512,39.644],[124.345,39.902],[124.034,39.773],[123.597,39.838],[122.936,39.644],[122.17,39.256],[121.952,38.997],[121.716,38.997],[121.422,38.739],[121.029,38.739],[121.201,39.062],[121.515,39.062],[121.69,39.385],[121.297,39.385],[121.21,39.514],[121.281,39.644],[121.438,39.644],[121.503,39.902],[121.776,39.967],[122.231,40.485],[122.106,40.679],[121.827,40.744],[121.824,40.874],[121.11,40.874],[120.997,40.679],[120.647,40.485],[120.5,40.226],[119.38,39.773],[119.215,39.32],[118.989,39.191],[118.45,39.062],[118.057,39.062],[118.046,39.191],[117.776,39.126],[117.576,38.739],[117.655,38.739],[117.602,38.481],[117.759,38.481],[117.773,38.351],[118.054,38.287],[118.067,38.158],[118.583,38.093],[118.648,38.222],[118.804,38.222],[118.772,38.158],[119.457,37.964],[119.393,37.835],[119.237,37.835],[118.984,37.319],[119.14,37.319],[119.156,37.19],[119.701,37.19],[119.827,37.448],[120.202,37.577],[120.188,37.706],[120.754,37.9],[121.112,37.835],[121.171,37.642],[121.483,37.642],[121.497,37.513],[122.154,37.577],[122.121,37.513],[122.713,37.448],[122.474,37.126],[122.566,36.997],[122.394,36.804],[121.912,36.933],[121.212,36.61],[120.979,36.61],[120.965,36.417],[120.732,36.417],[120.659,36.095],[120.318,36.031],[119.986,35.645],[119.619,35.516],[119.228,34.808],[119.459,34.808],[119.431,34.744],[119.711,34.679],[119.732,34.551],[120.342,34.358],[120.489,34.165],[120.55,33.586],[120.926,33.2],[120.919,32.622],[121.403,32.493],[121.503,32.172],[121.961,31.979],[121.937,31.722],[121.836,31.658],[121.301,31.85],[120.919,31.85],[121.454,31.658],[121.481,31.529],[121.634,31.529],[121.584,31.4],[121.737,31.4],[121.995,31.079],[121.899,30.822],[121.519,30.822],[121.197,30.565],[121.045,30.565],[120.68,30.179],[120.809,30.115],[121.105,30.308],[121.484,30.308],[121.62,30.051],[122.03,29.922],[121.865,29.665],[122.016,29.665],[121.938,29.215],[121.712,29.215],[121.745,29.537],[121.571,29.472],[121.647,29.472],[121.539,29.151],[121.744,29.087],[121.714,28.765],[121.522,28.637],[121.652,28.572],[121.646,28.315],[121.379,28.187],[121.153,28.187],[121.193,28.315],[121.118,28.315],[121.038,28.058],[120.868,27.994],[120.715,27.737],[120.657,27.544],[120.733,27.544],[120.545,27.158],[120.395,27.158],[120.247,26.901],[120.096,26.901],[120.061,26.772],[120.211,26.772],[120.158,26.579],[119.84,26.515],[119.938,26.322],[119.587,26.129],[119.778,26.001],[119.53,25.615],[119.904,25.615],[119.872,25.486],[119.616,25.358],[119.273,25.486],[119.391,25.358],[119.344,25.165],[119.029,25.101],[119.074,24.972],[118.819,24.844],[118.76,24.586],[118.147,24.522],[118.076,24.201],[117.721,23.943],[117.694,23.815],[117.47,23.815],[117.179,23.493],[116.894,23.558],[116.78,23.365],[116.815,23.172],[116.591,23.172],[116.54,22.915],[115.696,22.786],[115.671,22.658],[115.373,22.658],[115.174,22.786],[114.902,22.529],[114.753,22.529],[114.641,22.722],[114.531,22.143],[114.37,22.079],[113.999,22.079],[113.996,22.465],[113.785,22.529],[113.747,22.722],[113.599,22.722],[113.699,22.465],[113.639,22.143],[113.416,22.143],[113.318,22.015],[113.106,22.079],[113.071,21.886],[112.774,21.886],[112.441,21.693],[111.859,21.758],[111.664,21.501],[110.984,21.436],[110.739,21.308],[110.716,21.179],[110.419,21.179],[110.483,21.115],[110.364,20.858],[110.616,20.601],[110.487,20.279],[109.883,20.215],[109.927,20.472],[109.789,20.536],[109.77,20.858],[109.696,20.858],[109.87,21.436],[109.807,21.501],[109.116,21.372],[109.086,21.629],[108.652,21.693],[108.555,21.565],[107.79,21.436],[107.417,20.986],[106.961,20.922],[106.834,20.601],[106.685,20.601],[106.537,20.151],[105.965,19.829],[105.734,18.865],[106.051,18.543],[106.031,18.415],[106.178,18.415],[106.295,18.222],[106.57,18.093],[106.571,17.643],[106.772,17.515],[106.752,17.386],[107.026,17.258],[106.765,17],[106.534,16.936],[105.144,18.415],[105.185,18.672],[105.037,18.672],[105.142,18.865],[105.015,18.993],[105.014,19.443],[104.94,19.443],[104.992,19.765],[104.865,19.893],[104.981,20.151],[104.44,20.472],[104.619,20.665],[104.905,20.601],[104.873,20.858],[105.096,20.858],[104.851,21.179],[104.979,21.501],[104.926,21.629],[105.096,21.758],[105.128,21.951],[104.874,22.208],[105.249,22.658],[105.175,22.658],[105.22,22.915],[105.117,23.172],[104.956,23.108],[104.905,23.236],[102.99,23.365],[102.801,23.558],[102.651,23.558],[102.474,23.815],[102.325,23.815],[102.086,24.136],[101.936,24.136],[101.835,24.393],[101.698,24.458],[101.722,24.586],[101.523,24.715],[101.548,24.844],[101.411,24.908],[101.352,25.358],[101.037,26.001],[101.093,26.258],[100.925,26.515],[100.968,26.708],[100.802,26.965],[100.792,27.865],[100.673,27.994],[100.846,28.38],[100.695,28.38],[100.837,28.637],[100.933,29.279],[100.858,29.279],[100.849,29.794],[100.773,29.794],[100.828,29.987],[100.598,30.501],[100.982,31.272],[101.836,32.043],[102.158,32.557],[102.312,33.457],[102.235,33.457],[102.325,33.715],[102.248,33.715],[102.409,34.165],[103.479,34.358],[103.735,35.451],[103.63,35.58],[103.677,35.902],[103.6,35.902],[103.676,36.095],[103.467,36.353],[103.518,36.482],[103.389,36.546],[103.44,36.675],[103.311,36.739],[103.363,36.868],[103.208,37.062],[102.871,37.19],[102.611,37.126],[102.586,37.255],[102.171,37.384],[102.172,37.577],[102.043,37.642],[102.096,37.771],[101.755,37.513],[101.601,37.706],[101.315,37.771],[101.29,37.9],[100.796,38.029],[100.799,38.222],[100.642,38.222],[100.414,38.61],[100.199,38.287],[99.862,38.416],[99.379,39.126],[99.092,39.191],[99.12,39.256],[98.958,39.062],[98.384,39.191],[98.117,38.933],[97.96,38.933],[97.857,39.062],[97.492,39.126],[97.468,39.256],[96.763,39.45],[96.681,39.256],[96.76,39.256],[96.678,39.062],[96.757,39.062],[96.677,38.868],[96.755,38.868],[96.649,38.61],[96.414,38.61],[96.31,38.739],[95.682,38.933],[95.319,39.385],[94.977,39.32],[94.506,39.514],[93.955,39.514],[93.088,39.32],[92.248,39.385],[91.123,39.126],[89.58,38.997],[88.746,38.868],[87.662,38.481],[86.44,38.351],[86.081,38.222],[85.813,37.9],[85.356,37.706],[85.113,37.448],[81.031,36.61],[80.371,36.997],[79.398,37.126],[79.145,37.319],[78.424,37.513],[78.386,37.642],[78.093,37.706],[77.801,38.029],[77.841,38.158],[77.667,38.351],[77.51,38.351],[77.414,38.545],[77.258,38.545],[77.025,38.803],[75.792,39.126],[73.769,39.45],[73.69,39.45],[73.395,39.514],[73.573,39.579],[73.8,40.291],[73.526,40.42],[73.489,40.55],[73.331,40.55],[73.294,40.679],[72.998,40.744],[73.019,40.809],[73.343,41.068],[74.751,41.003],[77.35,41.392],[77.374,41.457],[77.875,41.522],[80.214,42.431],[80.287,42.821],[80.473,42.886],[80.471,43.082],[80.632,43.082],[80.791,43.277],[80.683,43.407],[80.735,43.538],[80.357,43.994],[80.383,44.451],[80.302,44.451],[80.41,44.712],[79.978,44.843],[80.005,44.908],[79.518,44.908],[79.545,44.973],[78.569,45.17],[78.35,45.431],[77.996,45.562],[78.022,45.824],[77.831,45.955],[77.802,46.283],[77.883,46.283],[78.975,46.349],[79.086,46.612],[79.801,46.94],[85.324,48.192],[85.786,48.456],[86.399,48.522],[86.549,48.654],[86.848,48.588],[86.914,48.72],[87.667,49.051],[87.652,49.184],[87.819,49.184],[88.244,49.515],[88.746,49.515],[89.606,49.714],[89.512,49.847],[89.585,49.98],[89.837,49.98],[90.116,50.179],[90.78,50.313],[91.063,50.512],[91.315,50.512],[91.892,50.779],[92.771,50.979],[93.272,51.246],[94.708,51.647],[98.585,52.116],[98.932,52.25],[98.886,52.183],[99.267,52.116],[99.221,52.049],[99.391,52.049],[99.346,51.982],[99.686,51.982],[99.641,51.915],[100.105,51.848],[100.06,51.781],[100.739,51.781],[100.694,51.714],[100.948,51.714],[100.903,51.647],[101.073,51.647],[101.027,51.58],[101.112,51.58],[101.875,51.58],[101.829,51.513],[102.123,51.447],[102.077,51.38],[102.201,51.313],[102.11,51.179],[102.353,50.912],[102.263,50.779],[102.348,50.779],[102.383,50.579],[102.76,50.512],[102.716,50.446],[102.884,50.446],[102.84,50.379],[103.177,50.379],[103.133,50.313],[103.301,50.313],[103.257,50.246],[104.181,50.246],[105.032,50.512],[106.417,50.446],[106.372,50.379],[106.792,50.379],[106.746,50.313],[107.282,50.113],[107.236,50.046],[107.823,50.046],[107.817,49.914],[107.984,49.914],[108.055,49.648],[108.345,49.582],[108.34,49.449],[108.713,49.383],[108.493,49.051],[108.699,48.985],[108.695,48.853],[108.858,48.72],[108.772,48.588],[108.895,48.522],[108.81,48.39],[108.893,48.39],[108.808,48.258],[108.89,48.258],[108.598,47.928],[108.432,47.532],[108.638,47.466],[108.681,47.269],[108.845,47.269],[109.012,47.006],[108.931,46.874],[109.095,46.874],[109.22,46.677],[109.467,46.677],[109.304,46.546],[109.388,46.415],[109.552,46.415],[109.846,45.955],[109.767,45.824],[110.186,45.3],[110.107,45.17],[110.699,44.255],[110.623,44.124],[110.703,44.124],[110.627,43.994],[110.712,43.863],[109.536,41.782],[109.759,41.457],[109.997,41.457],[109.963,41.392],[110.122,41.392],[110.211,41.263],[113.593,41.198],[113.557,41.133],[114.034,41.133],[113.998,41.068],[114.236,41.068],[114.201,41.003],[114.633,41.068],[114.685,40.874],[114.843,40.874],[114.851,40.744],[115.054,40.679],[114.596,40.42],[114.561,40.355],[114.527,40.291],[115.159,40.291],[115.292,40.096],[115.45,40.096]]],[[[122.28,29.987],[121.977,29.987],[122.022,30.115],[122.045,30.179],[122.273,30.179],[122.28,29.987]]],[[[77.72,46.283],[77.747,46.349],[77.829,46.349],[77.802,46.283],[77.72,46.283]]],[[[109.426,46.612],[109.508,46.612],[109.468,46.546],[109.386,46.546],[109.426,46.612]]]]}},{"type":"Feature","id":"cliopatria-24043645c96e2fbc0fb0a9f1","properties":{"NAME":"Dong-okjeo","ABBREVN":null,"CONTROL":null,"SUBJECTO":"Dong-okjeo","PARTOF":null,"BORDERPRECISION":1,"FromYear":-36,"ToYear":22,"Area":32148.945446114136,"Type":"POLITY","Wikipedia":"Okjeo","Wikidata":"Q713393","SeshatID":"","Components":"","MemberOf":"","sourceFeatureId":"cliopatria-24043645c96e2fbc0fb0a9f1","datasetId":"cliopatria"},"geometry":{"type":"MultiPolygon","coordinates":[[[[128.171,39.967],[128.092,39.967],[127.583,39.773],[127.628,39.579],[127.59,39.514],[126.964,39.385],[126.728,39.385],[126.832,39.838],[126.709,40.032],[126.432,40.096],[126.269,40.355],[126.425,40.614],[127.059,40.874],[127.376,40.874],[127.456,41.003],[127.735,41.068],[128.132,41.068],[128.493,41.263],[129.088,41.198],[129.727,41.327],[129.806,41.327],[129.882,41.198],[129.756,40.874],[129.238,40.679],[129.078,40.42],[128.919,40.42],[128.171,39.967]]]]}},{"type":"Feature","id":"cliopatria-e68e9e6c73fad762b2d11c2f","properties":{"NAME":"Goguryeo","ABBREVN":null,"CONTROL":null,"SUBJECTO":"Goguryeo","PARTOF":null,"BORDERPRECISION":1,"FromYear":-36,"ToYear":22,"Area":93626.96669931679,"Type":"POLITY","Wikipedia":"Goguryeo","Wikidata":"Q28370","SeshatID":"kr_goguryeo_k","Components":"","MemberOf":"","sourceFeatureId":"cliopatria-e68e9e6c73fad762b2d11c2f","datasetId":"cliopatria"},"geometry":{"type":"MultiPolygon","coordinates":[[[[129.74,41.717],[129.698,41.652],[129.777,41.652],[129.693,41.522],[129.769,41.392],[129.727,41.327],[129.088,41.198],[128.493,41.263],[128.132,41.068],[127.735,41.068],[127.456,41.003],[127.376,40.874],[127.059,40.874],[127.099,40.938],[126.861,40.938],[126.901,41.003],[126.187,41.133],[126.108,41.263],[125.79,41.263],[125.831,41.327],[124.678,41.133],[124.717,41.198],[124.439,41.263],[124.479,41.327],[124.24,41.327],[124.28,41.392],[124.002,41.457],[124.042,41.522],[123.564,41.652],[123.604,41.717],[123.365,41.717],[123.405,41.782],[123.127,41.847],[123.167,41.911],[123.247,41.911],[124.607,42.171],[125.459,42.626],[126.468,42.821],[130.333,43.082],[130.655,43.082],[130.61,43.017],[130.77,43.017],[130.762,42.886],[130.922,42.886],[130.745,42.626],[130.905,42.626],[130.773,42.431],[130.322,42.236],[129.74,41.717]]]]}},{"type":"Feature","id":"cliopatria-b491ef6029b71c984bbc97e6","properties":{"NAME":"Kingdom of Osroene","ABBREVN":null,"CONTROL":null,"SUBJECTO":"Kingdom of Osroene","PARTOF":null,"BORDERPRECISION":1,"FromYear":-36,"ToYear":22,"Area":50220.0162403984,"Type":"POLITY","Wikipedia":"Osroene","Wikidata":"Q237234","SeshatID":"","Components":"","MemberOf":"","sourceFeatureId":"cliopatria-b491ef6029b71c984bbc97e6","datasetId":"cliopatria"},"geometry":{"type":"MultiPolygon","coordinates":[[[[41.212,36.997],[41.541,36.546],[41.283,36.353],[40.809,36.288],[39.753,35.902],[39.497,35.709],[38.428,35.838],[38.07,36.095],[38.208,36.61],[38.13,36.61],[38.176,36.997],[37.958,37.126],[37.989,37.384],[38.333,37.642],[38.443,37.9],[38.522,37.9],[38.513,37.835],[38.592,37.835],[38.583,37.771],[38.662,37.771],[38.74,37.771],[38.732,37.706],[39.122,37.706],[39.46,37.9],[39.496,37.577],[40.181,37.448],[41.178,37.319],[41.212,36.997]]]]}},{"type":"Feature","id":"cliopatria-e6a18fcc55524eb899c2ba10","properties":{"NAME":"Dongye","ABBREVN":null,"CONTROL":null,"SUBJECTO":"Dongye","PARTOF":null,"BORDERPRECISION":1,"FromYear":-36,"ToYear":312,"Area":29016.070330689217,"Type":"POLITY","Wikipedia":"Dongye","Wikidata":"Q105946539","SeshatID":"","Components":"","MemberOf":"","sourceFeatureId":"cliopatria-e6a18fcc55524eb899c2ba10","datasetId":"cliopatria"},"geometry":{"type":"MultiPolygon","coordinates":[[[[128.618,38.416],[128.582,38.351],[129.1,37.577],[129.256,37.577],[129.387,37.384],[129.353,37.319],[129.207,37.19],[128.695,37.255],[127.994,36.804],[127.816,37.062],[127.828,37.384],[127.617,37.577],[127.633,37.9],[127.476,37.9],[127.607,38.287],[126.937,38.351],[127.023,38.933],[126.854,39.191],[126.964,39.385],[127.59,39.514],[127.553,39.45],[127.483,39.191],[127.918,39.126],[127.923,38.997],[128.364,38.803],[128.618,38.416]]]]}},{"type":"Feature","id":"cliopatria-ebaaffab746c86c2ff41ae5b","properties":{"NAME":"Indo-Greeks","ABBREVN":null,"CONTROL":null,"SUBJECTO":"Indo-Greeks","PARTOF":null,"BORDERPRECISION":1,"FromYear":-31,"ToYear":0,"Area":73546.80241467927,"Type":"POLITY","Wikipedia":"Indo-Greek Kingdom","Wikidata":"Q215643","SeshatID":"pk_indo_greek_k","Components":"","MemberOf":"","sourceFeatureId":"cliopatria-ebaaffab746c86c2ff41ae5b","datasetId":"cliopatria"},"geometry":{"type":"MultiPolygon","coordinates":[[[[76.127,32.75],[76.081,32.557],[76.54,32.236],[76.479,31.979],[76.162,31.593],[75.334,30.951],[74.443,30.694],[73.911,30.694],[73.835,30.694],[73.165,30.758],[72.748,30.951],[72.414,31.529],[72.573,31.915],[73.585,33.007],[73.662,33.007],[73.984,33.072],[74.183,32.943],[74.351,33.007],[75.469,32.879],[75.882,32.686],[76.051,32.75],[76.127,32.75]]],[[[74.198,33.007],[74.213,33.072],[74.29,33.072],[74.275,33.007],[74.198,33.007]]],[[[31.516,37.384],[31.522,37.448],[31.6,37.448],[31.594,37.384],[31.516,37.384]]]]}},{"type":"Feature","id":"cliopatria-10f8d10626efabc3dace7471","properties":{"NAME":"Indo-Scythians","ABBREVN":null,"CONTROL":null,"SUBJECTO":"Indo-Scythians","PARTOF":null,"BORDERPRECISION":1,"FromYear":-27,"ToYear":0,"Area":1320383.6875260405,"Type":"POLITY","Wikipedia":"Indo-Scythians","Wikidata":"Q240123","SeshatID":"","Components":"","MemberOf":"","sourceFeatureId":"cliopatria-10f8d10626efabc3dace7471","datasetId":"cliopatria"},"geometry":{"type":"MultiPolygon","coordinates":[[[[71.556,34.165],[72.588,34.293],[72.85,34.422],[73.389,34.422],[73.355,33.972],[73.524,33.715],[73.524,33.072],[73.6,33.072],[73.585,33.007],[72.573,31.915],[72.414,31.529],[72.748,30.951],[73.165,30.758],[73.835,30.694],[73.822,30.629],[74.135,30.308],[74.109,30.179],[74.373,29.987],[74.309,29.665],[74.46,29.665],[74.763,29.279],[75.054,29.215],[75.092,29.022],[75.66,28.83],[75.699,28.637],[76.266,28.444],[76.318,28.315],[76.746,28.187],[76.798,28.058],[77.389,27.994],[77.441,27.865],[77.73,27.801],[77.846,27.608],[78.124,27.479],[78.142,27.158],[78.27,27.029],[78.257,26.515],[78.332,26.515],[78.324,25.036],[78.314,24.972],[78.221,24.844],[77.847,24.844],[77.296,24.651],[76.712,24.201],[76.023,24.072],[74.59,23.365],[74.029,22.401],[73.554,22.143],[73.213,21.758],[72.76,21.693],[72.686,21.693],[72.544,21.758],[72.566,21.951],[72.491,21.951],[72.527,22.272],[72.378,22.272],[72.342,21.951],[72.112,21.886],[72.173,21.758],[72.321,21.758],[72.28,21.372],[72.104,21.115],[71.092,20.665],[70.721,20.665],[70.295,20.858],[69.89,21.243],[69.903,21.372],[69.497,21.758],[69.349,21.758],[68.949,22.208],[68.977,22.465],[69.409,22.336],[69.497,22.465],[69.869,22.465],[70.263,22.658],[70.365,22.915],[69.451,22.722],[68.808,22.979],[68.552,23.365],[68.336,23.429],[68.35,23.558],[68.127,23.558],[68.155,23.815],[67.633,23.815],[67.491,23.879],[67.438,24.072],[67.289,24.072],[67.326,24.393],[67.148,24.779],[66.632,24.844],[66.64,24.908],[67.112,25.101],[67.502,25.808],[67.197,26.322],[67.175,27.222],[67.062,27.479],[67.121,27.865],[67.046,27.865],[67.041,28.315],[66.965,28.315],[67.007,28.572],[66.931,28.572],[67.135,29.344],[66.995,29.408],[66.888,29.665],[65.763,29.729],[65.125,29.537],[64.53,29.601],[64.12,29.408],[62.304,29.408],[60.936,29.858],[61.875,30.951],[61.942,31.336],[62.421,31.465],[62.82,31.979],[63.161,32.172],[63.185,32.3],[63.426,32.365],[63.873,33.843],[64.324,34.165],[64.574,34.615],[65.092,34.872],[65.415,34.937],[65.618,34.808],[65.926,34.808],[66.066,34.744],[66.038,34.615],[66.689,34.422],[66.814,34.293],[69.739,34.293],[69.988,34.036],[70.573,33.907],[70.818,33.972],[70.772,34.1],[70.956,34.229],[71.479,34.165],[71.556,34.165]]]]}},{"type":"Feature","id":"cliopatria-d4cc700df5b6e545755ee55c","properties":{"NAME":"Mauretania","ABBREVN":null,"CONTROL":null,"SUBJECTO":"Mauretania","PARTOF":null,"BORDERPRECISION":1,"FromYear":-27,"ToYear":29,"Area":215291.63385872633,"Type":"POLITY","Wikipedia":"Mauretania","Wikidata":"Q309272","SeshatID":"ma_mauretania","Components":"","MemberOf":"","sourceFeatureId":"cliopatria-d4cc700df5b6e545755ee55c","datasetId":"cliopatria"},"geometry":{"type":"MultiPolygon","coordinates":[[[[2.61,34.422],[2.533,34.422],[2.531,34.486],[2.608,34.486],[2.61,34.422]]],[[[4.454,34.615],[3.843,34.422],[3.456,34.486],[3.151,34.358],[2.921,34.358],[2.45,34.615],[1.294,34.615],[0.685,34.422],[0.451,34.486],[0.303,34.358],[-1.237,34.358],[-1.305,34.165],[-1.539,34.229],[-1.61,34.1],[-1.693,34.229],[-2.917,34.1],[-3.382,34.165],[-3.99,34.036],[-4.21,33.843],[-4.367,33.907],[-5.039,33.586],[-5.274,33.65],[-5.799,33.457],[-6.033,33.522],[-6.634,33.329],[-6.703,33.2],[-6.937,33.264],[-7.528,32.943],[-8.064,32.943],[-8.154,33.136],[-8.47,33.264],[-8.403,33.393],[-7.13,33.843],[-7.062,33.972],[-6.904,33.907],[-6.614,34.165],[-6.7,34.293],[-6.473,34.358],[-6.482,34.486],[-6.332,34.551],[-6.277,34.872],[-6.2,34.872],[-6.291,35.065],[-6.132,35.001],[-6.145,35.194],[-6,35.323],[-5.877,35.773],[-5.339,35.838],[-5.24,35.516],[-4.755,35.194],[-3.132,35.194],[-2.982,35.258],[-2.993,35.451],[-2.838,35.451],[-2.82,35.13],[-2.662,35.065],[-1.89,35.065],[-1.591,35.258],[-1.359,35.258],[-1.136,35.451],[-1.224,35.645],[-1.066,35.58],[-0.917,35.709],[-0.53,35.709],[-0.459,35.838],[0.084,35.838],[0.376,36.224],[0.684,36.288],[0.678,36.417],[0.914,36.353],[1.216,36.546],[1.53,36.482],[2.377,36.675],[2.69,36.61],[2.841,36.739],[3.23,36.739],[3.459,36.868],[3.85,36.804],[4.235,36.933],[4.859,36.868],[5.098,36.675],[5.329,36.739],[5.407,36.739],[5.416,36.353],[5.339,36.353],[5.439,35.387],[5.29,35.13],[5.302,34.615],[5.225,34.615],[4.454,34.615]]]]}},{"type":"Feature","id":"cliopatria-fad7c5af0e5889bab67152b2","properties":{"NAME":"Thracian Kingdom","ABBREVN":null,"CONTROL":null,"SUBJECTO":"Thracian Kingdom","PARTOF":null,"BORDERPRECISION":1,"FromYear":-27,"ToYear":42,"Area":90345.10333150973,"Type":"POLITY","Wikipedia":"Thracian kingdom","Wikidata":"Q104815700","SeshatID":"","Components":"","MemberOf":"","sourceFeatureId":"cliopatria-fad7c5af0e5889bab67152b2","datasetId":"cliopatria"},"geometry":{"type":"MultiPolygon","coordinates":[[[[29.194,44.843],[29.024,44.777],[29.046,44.973],[28.883,44.973],[28.802,44.973],[28.463,44.843],[28.3,44.059],[28.018,43.668],[27.992,43.407],[27.657,43.277],[27.452,42.821],[27.193,42.626],[27.175,42.431],[27.329,42.366],[27.317,42.236],[27.464,42.106],[26.574,41.976],[26.233,41.717],[25.68,41.782],[23.744,41.457],[23.448,41.782],[23.214,41.847],[23.326,42.301],[23.575,42.431],[23.519,42.756],[23.689,42.886],[23.703,43.082],[23.949,43.147],[23.975,43.472],[24.141,43.538],[24.156,43.733],[24.237,43.733],[24.806,43.798],[25.52,43.668],[26.368,44.124],[27.748,44.19],[27.93,44.385],[27.849,44.385],[27.869,44.581],[27.707,44.581],[27.727,44.777],[27.889,44.777],[27.922,45.104],[27.767,45.17],[27.787,45.366],[28.038,45.431],[28.051,45.562],[28.289,45.497],[28.275,45.366],[28.431,45.3],[28.756,45.3],[29.185,45.497],[29.666,45.431],[29.621,45.039],[29.275,44.843],[29.194,44.843]]]]}},{"type":"Feature","id":"cliopatria-158a3326fdc2fad5cc199471","properties":{"NAME":"Satavahana Dynasty","ABBREVN":null,"CONTROL":null,"SUBJECTO":"Satavahana Dynasty","PARTOF":null,"BORDERPRECISION":1,"FromYear":-27,"ToYear":105,"Area":890000.9594747243,"Type":"POLITY","Wikipedia":"Satavahana dynasty","Wikidata":"Q5257","SeshatID":"in_satavahana_emp","Components":"","MemberOf":"","sourceFeatureId":"cliopatria-158a3326fdc2fad5cc199471","datasetId":"cliopatria"},"geometry":{"type":"MultiPolygon","coordinates":[[[[80.445,24.201],[80.707,23.943],[80.856,23.943],[81.365,23.301],[82.619,22.658],[83.345,21.951],[83.519,21.565],[83.37,21.565],[83.156,21.051],[82.663,20.665],[82.459,20.215],[82.311,20.215],[82.205,19.958],[82.049,19.893],[82.001,19.508],[82.075,19.508],[82.028,19.122],[82.102,19.122],[81.906,18.736],[81.759,18.736],[81.222,17.965],[80.357,17.515],[79.531,16.743],[79.313,16.1],[79.058,15.779],[78.709,14.493],[78.268,14.493],[77.503,14.172],[77.21,14.172],[76.893,13.915],[76.441,13.786],[76.115,13.4],[75.973,13.465],[75.304,15.008],[74.967,15.329],[74.752,15.393],[74.311,15.393],[74.103,15.522],[73.802,15.458],[73.417,16.036],[73.328,16.615],[73.254,16.615],[73.253,17.322],[72.959,18.029],[72.875,19.315],[72.734,19.379],[72.761,19.636],[72.634,19.829],[72.837,20.343],[72.899,20.922],[72.563,21.243],[72.753,21.629],[72.76,21.693],[73.213,21.758],[73.554,22.143],[74.029,22.401],[74.59,23.365],[76.023,24.072],[76.712,24.201],[77.296,24.651],[77.847,24.844],[78.221,24.844],[78.314,24.972],[78.389,24.972],[78.576,24.715],[79.38,24.586],[80.37,24.201],[80.445,24.201]]]]}},{"type":"Feature","id":"cliopatria-8900854064263e040ef4c376","properties":{"NAME":"Kingdom of Cappadocia","ABBREVN":null,"CONTROL":null,"SUBJECTO":"Kingdom of Cappadocia","PARTOF":null,"BORDERPRECISION":1,"FromYear":-25,"ToYear":13,"Area":86768.75745164981,"Type":"POLITY","Wikipedia":"Kingdom of Cappadocia","Wikidata":"Q29654286","SeshatID":"","Components":"","MemberOf":"","sourceFeatureId":"cliopatria-8900854064263e040ef4c376","datasetId":"cliopatria"},"geometry":{"type":"MultiPolygon","coordinates":[[[[38.744,38.997],[38.735,38.933],[38.726,38.868],[38.361,38.481],[38.312,38.093],[37.451,38.093],[37.13,38.029],[37.115,37.9],[36.348,38.029],[35.998,37.706],[35.671,37.577],[35.054,37.642],[34.877,37.448],[34.565,37.448],[34.304,37.19],[33.434,37.062],[33.097,36.804],[32.864,36.804],[32.733,37.062],[32.758,37.319],[33.095,37.577],[33.128,37.9],[33.304,38.093],[33.267,38.481],[33.68,38.674],[34.479,38.803],[34.767,39.256],[34.726,39.579],[34.828,39.773],[35.294,39.708],[35.357,39.579],[36.933,39.579],[37.861,39.45],[38.752,39.062],[38.744,38.997]]]]}},{"type":"Feature","id":"cliopatria-fe18bf8296c9015bb9e73a8a","properties":{"NAME":"Kingdom of Pontus","ABBREVN":null,"CONTROL":null,"SUBJECTO":"Kingdom of Pontus","PARTOF":null,"BORDERPRECISION":1,"FromYear":-25,"ToYear":22,"Area":80259.8435591758,"Type":"POLITY","Wikipedia":"Kingdom of Pontus","Wikidata":"Q7380487","SeshatID":"","Components":"","MemberOf":"","sourceFeatureId":"cliopatria-fe18bf8296c9015bb9e73a8a","datasetId":"cliopatria"},"geometry":{"type":"MultiPolygon","coordinates":[[[[40.23,40.032],[40.151,40.032],[38.79,39.902],[38.93,39.773],[38.745,39.579],[38.954,39.385],[38.927,39.191],[38.752,39.062],[37.861,39.45],[36.933,39.579],[35.357,39.579],[35.294,39.708],[34.828,39.773],[34.536,39.967],[34.568,40.226],[34.489,40.226],[34.616,40.614],[34.791,40.744],[34.561,40.809],[34.578,40.938],[34.849,41.198],[35.184,41.327],[36.085,40.938],[36.412,41.003],[36.473,40.874],[36.897,41.068],[36.915,41.198],[36.995,41.198],[37.233,41.198],[37.215,41.068],[37.444,41.003],[37.771,41.068],[37.831,40.938],[38.158,41.003],[38.298,40.874],[38.783,40.938],[39.051,41.133],[39.736,40.938],[40.37,40.938],[40.391,41.068],[40.539,41.003],[41.047,41.198],[41.238,41.392],[41.228,41.327],[41.264,41.068],[40.567,40.679],[40.774,40.485],[40.754,40.355],[40.507,40.291],[40.487,40.161],[40.23,40.032]]]]}},{"type":"Feature","id":"cliopatria-103c1b496dce41a194fbba13","properties":{"NAME":"Judea","ABBREVN":null,"CONTROL":null,"SUBJECTO":"Judea","PARTOF":null,"BORDERPRECISION":1,"FromYear":-19,"ToYear":0,"Area":31920.803029540126,"Type":"POLITY","Wikipedia":"Judea","Wikidata":"Q104028","SeshatID":"il_judea","Components":"","MemberOf":"","sourceFeatureId":"cliopatria-103c1b496dce41a194fbba13","datasetId":"cliopatria"},"geometry":{"type":"MultiPolygon","coordinates":[[[[35.935,31.722],[35.761,30.565],[35.593,30.372],[34.986,30.372],[34.541,30.501],[34.434,31.079],[34.297,31.272],[34.302,31.336],[34.633,31.658],[34.573,31.85],[34.813,31.979],[34.759,32.236],[34.846,32.365],[34.852,32.429],[35.158,32.429],[35.398,32.557],[35.534,33.2],[35.699,33.329],[36.052,33.007],[35.963,32.879],[35.859,31.722],[35.935,31.722]]]]}},{"type":"Feature","id":"cliopatria-1bc4fb1f0b2361cede3e8eac","properties":{"NAME":"Nabataeans","ABBREVN":null,"CONTROL":null,"SUBJECTO":"Nabataeans","PARTOF":null,"BORDERPRECISION":1,"FromYear":-19,"ToYear":5,"Area":90058.13213394214,"Type":"POLITY","Wikipedia":"Nabataeans","Wikidata":"Q220594","SeshatID":"jo_nabataean_k","Components":"","MemberOf":"","sourceFeatureId":"cliopatria-1bc4fb1f0b2361cede3e8eac","datasetId":"cliopatria"},"geometry":{"type":"MultiPolygon","coordinates":[[[[37.07,26.837],[37.075,26.901],[37.15,26.901],[37.146,26.837],[37.07,26.837]]],[[[38.056,26.965],[38.06,27.029],[38.135,27.029],[38.131,26.965],[38.056,26.965]]],[[[37.839,27.094],[37.844,27.158],[37.919,27.158],[37.914,27.094],[37.839,27.094]]],[[[36.401,28.058],[36.552,28.058],[36.689,27.865],[37.127,27.672],[37.26,27.415],[37.481,27.351],[37.472,27.222],[37.769,27.158],[38.051,26.901],[38.206,26.965],[38.268,26.772],[38.493,26.772],[38.409,26.644],[38.696,26.451],[38.692,26.387],[38.467,26.387],[38.229,26.194],[38.154,26.194],[38.163,26.322],[37.95,26.515],[37.654,26.579],[37.154,26.965],[37,26.901],[37.017,27.158],[36.508,27.415],[36.37,27.608],[35.706,27.801],[35.4,27.737],[35.409,27.865],[35.049,28.122],[34.593,28.058],[34.605,28.251],[34.854,28.572],[34.913,29.408],[34.752,29.279],[34.711,28.701],[34.547,28.508],[34.517,28.058],[34.358,27.93],[34.346,27.737],[33.902,27.865],[33.554,28.315],[33.403,28.315],[33.189,28.508],[33.214,28.894],[32.857,29.215],[32.597,29.858],[32.602,29.922],[32.919,30.115],[33.838,30.244],[34.541,30.501],[34.986,30.372],[35.593,30.372],[35.761,30.565],[35.837,30.565],[36.146,30.629],[35.866,29.987],[35.929,28.83],[35.924,28.765],[36.401,28.058]]]]}},{"type":"Feature","id":"cliopatria-d4265ea0b8d13cfb5fd368bf","properties":{"NAME":"Himyarite Kingdom","ABBREVN":null,"CONTROL":null,"SUBJECTO":"Himyarite Kingdom","PARTOF":null,"BORDERPRECISION":1,"FromYear":-19,"ToYear":105,"Area":334765.2423950508,"Type":"POLITY","Wikipedia":"Himyarite Kingdom","Wikidata":"Q289577","SeshatID":"","Components":"","MemberOf":"","sourceFeatureId":"cliopatria-d4265ea0b8d13cfb5fd368bf","datasetId":"cliopatria"},"geometry":{"type":"MultiPolygon","coordinates":[[[[39.795,24.908],[40.283,24.329],[39.929,23.365],[39.908,22.979],[39.834,22.979],[39.878,22.401],[40.094,22.272],[40.158,22.079],[40.882,21.693],[41.091,21.436],[41.385,21.372],[41.523,21.179],[41.816,21.115],[42.163,20.665],[42.315,20.729],[42.382,20.601],[42.53,20.601],[42.809,20.279],[42.957,20.279],[43.31,19.958],[43.51,19.572],[43.498,19.379],[43.639,19.251],[43.628,19.058],[43.905,18.736],[43.886,18.415],[44.092,18.158],[44.081,17.965],[44.42,17.45],[44.338,17.322],[44.475,17.129],[44.622,17.129],[44.537,16.936],[45.02,16.358],[45.012,16.229],[45.226,16.1],[45.215,15.908],[45.366,15.972],[45.579,15.843],[46.021,15.843],[46.175,15.972],[46.396,15.972],[46.47,15.972],[46.381,15.715],[46.149,15.522],[46.58,15.329],[46.576,15.265],[46.341,15.008],[45.599,14.879],[45.816,14.815],[45.946,14.493],[46.163,14.429],[46.2,13.722],[46.047,13.593],[46.111,13.4],[46.035,13.336],[45.741,13.336],[45.054,12.757],[44.614,12.757],[44.389,12.629],[43.439,12.693],[43.447,12.886],[43.236,13.079],[43.265,13.722],[43.057,13.979],[42.953,14.879],[42.89,15.072],[42.746,15.136],[42.709,15.843],[42.782,15.843],[42.824,16.615],[42.477,17],[42.484,17.129],[42.336,17.129],[42.28,17.45],[41.785,17.836],[41.451,18.479],[41.236,18.608],[41.25,18.865],[41.042,19.122],[40.985,19.443],[40.841,19.508],[40.851,19.701],[40.562,19.829],[40.14,20.279],[39.844,20.279],[39.489,20.601],[39.496,20.729],[39.351,20.793],[39.147,21.179],[39.169,21.629],[39.027,21.758],[39.14,22.529],[38.859,22.851],[38.869,23.043],[38.601,23.622],[38.242,23.879],[38.7,24.072],[38.864,24.329],[38.897,24.908],[38.823,24.908],[38.579,25.808],[38.225,26.129],[38.229,26.194],[38.467,26.387],[38.692,26.387],[38.767,26.387],[39.05,26.129],[39.316,25.615],[39.461,25.551],[39.508,25.101],[39.72,24.908],[39.795,24.908]]]]}},{"type":"Feature","id":"cliopatria-a29c6311546740a7303181ab","properties":{"NAME":"Roman Empire","ABBREVN":null,"CONTROL":null,"SUBJECTO":"Roman Empire","PARTOF":null,"BORDERPRECISION":1,"FromYear":-14,"ToYear":0,"Area":3480537.1498743882,"Type":"POLITY","Wikipedia":"Roman Empire","Wikidata":"Q12544","SeshatID":"it_roman_principate","Components":"","MemberOf":"","sourceFeatureId":"cliopatria-a29c6311546740a7303181ab","datasetId":"cliopatria"},"geometry":{"type":"MultiPolygon","coordinates":[[[[11.083,35.001],[10.851,34.937],[10.851,34.808],[10.543,34.551],[10.004,34.293],[10.082,34.229],[10.006,33.907],[10.237,33.715],[10.544,33.715],[10.698,33.522],[11.082,33.586],[11.158,33.2],[11.464,33.2],[12.229,32.814],[12.612,32.879],[12.535,32.75],[12.841,32.75],[12.842,32.879],[13.302,32.943],[13.454,32.814],[13.761,32.879],[13.759,32.75],[14.065,32.75],[14.444,32.493],[14.675,32.557],[14.749,32.429],[15.055,32.429],[15.282,32.3],[15.425,31.658],[15.576,31.593],[15.649,31.4],[16.179,31.208],[16.864,31.208],[17.847,30.951],[18.222,30.758],[18.592,30.372],[18.896,30.372],[18.969,30.244],[19.655,30.372],[19.964,30.565],[19.968,30.694],[20.202,30.886],[20.134,31.143],[20.214,31.272],[19.996,31.593],[20.089,32.107],[20.017,32.236],[20.246,32.236],[20.331,32.493],[20.482,32.429],[20.563,32.557],[20.716,32.557],[20.644,32.686],[20.871,32.622],[21.108,32.814],[21.412,32.75],[21.879,32.943],[23.089,32.622],[23.078,32.365],[23.299,32.172],[23.68,32.172],[24.129,31.979],[24.892,31.979],[25.112,31.786],[25.102,31.593],[25.248,31.465],[26.848,31.465],[27.297,31.336],[27.515,31.143],[28.496,31.015],[28.865,30.822],[29.397,30.822],[29.485,31.015],[29.633,30.951],[29.87,31.079],[29.802,31.208],[29.882,31.272],[30.339,31.272],[30.271,31.4],[30.352,31.465],[30.809,31.465],[30.966,31.529],[30.975,31.658],[31.203,31.658],[31.118,31.529],[31.266,31.465],[31.875,31.465],[31.781,31.208],[31.937,31.272],[32,31.079],[32.304,31.079],[32.237,31.208],[32.389,31.208],[32.532,31.079],[32.765,31.143],[32.832,31.015],[33.749,31.079],[34.221,31.272],[34.297,31.272],[34.434,31.079],[34.541,30.501],[33.838,30.244],[32.919,30.115],[32.602,29.922],[32.526,29.922],[32.429,29.601],[32.639,29.344],[32.689,28.958],[32.836,28.894],[33.105,28.38],[33.609,27.994],[33.585,27.608],[33.799,27.415],[33.927,27.029],[34.073,26.965],[34.051,26.579],[34.197,26.515],[34.461,25.872],[34.608,25.808],[35.146,24.651],[35.86,24.008],[35.854,23.879],[35.559,23.943],[35.553,23.815],[35.108,23.879],[33.756,23.686],[33.682,23.686],[33.389,23.815],[32.041,23.686],[31.67,23.751],[30.537,23.365],[30.463,23.365],[30.395,23.558],[30.104,23.751],[30.109,23.879],[29.959,23.879],[29.673,24.201],[28.569,24.651],[28.289,25.165],[28.244,25.936],[28.345,26.579],[28.27,26.579],[28.154,27.351],[27.937,27.544],[27.711,27.544],[27.792,27.672],[27.43,27.994],[27.276,27.93],[27.285,28.122],[27.14,28.251],[25.586,28.958],[25.373,29.279],[25.147,29.279],[25.001,29.408],[24.847,29.344],[24.779,29.537],[24.33,29.665],[24.26,29.794],[23.51,29.987],[22.916,30.308],[22.762,30.244],[22.767,30.372],[21.939,30.565],[20.952,30.565],[19.191,30.051],[18.281,30.051],[16.701,30.694],[15.49,30.951],[15.184,30.886],[15.187,31.079],[14.584,31.529],[14.586,31.658],[13.829,32.107],[13.295,32.236],[13.066,32.172],[13.067,32.3],[12.456,32.365],[11.768,32.3],[11.768,32.429],[11.539,32.429],[11.463,32.557],[11.31,32.493],[11.157,32.686],[10.392,33.007],[10.009,33.007],[10.085,33.136],[9.625,33.136],[9.547,33.329],[9.624,33.457],[9.316,33.586],[9.083,34.036],[8.929,34.036],[8.928,34.165],[8.773,34.229],[8.081,34.229],[8.002,34.422],[7.615,34.551],[7.153,34.486],[6.92,34.615],[6.459,34.551],[6.148,34.679],[5.379,34.615],[5.302,34.615],[5.29,35.13],[5.439,35.387],[5.339,36.353],[5.416,36.353],[5.407,36.739],[5.485,36.739],[5.564,36.675],[5.639,36.804],[6.106,36.804],[6.103,36.933],[6.334,37.062],[6.805,36.868],[7.194,36.868],[7.346,37.062],[7.502,37.062],[7.738,36.868],[8.516,36.868],[8.903,37.126],[9.059,37.062],[9.603,37.319],[9.993,37.19],[10.227,37.255],[10.228,37.062],[10.305,37.062],[10.228,36.804],[10.54,36.739],[10.851,36.997],[11.006,36.997],[11.006,36.804],[10.462,36.417],[10.54,36.353],[10.464,35.902],[10.851,35.709],[10.851,35.645],[11.083,35.58],[11.083,35.387],[11.006,35.387],[11.083,35.001]]],[[[14.34,36.031],[14.417,36.031],[14.571,35.966],[14.568,35.773],[14.337,35.838],[14.34,36.031]]],[[[20.621,37.9],[20.699,37.9],[20.934,37.9],[20.922,37.642],[20.613,37.706],[20.621,37.9]]],[[[20.328,38.351],[20.488,38.416],[20.566,38.416],[20.795,38.287],[20.786,38.093],[20.32,38.158],[20.328,38.351]]],[[[1.274,38.803],[1.183,39.062],[1.259,39.126],[1.337,39.126],[1.652,39.126],[1.658,38.997],[1.431,38.803],[1.274,38.803]]],[[[20.152,39.644],[20.149,39.579],[20.07,39.579],[20.073,39.644],[20.152,39.644]]],[[[3.296,39.32],[2.824,39.32],[2.659,39.514],[2.346,39.45],[2.338,39.644],[2.877,39.967],[2.956,39.967],[3.193,39.967],[3.198,39.838],[3.516,39.773],[3.296,39.32]]],[[[3.741,40.096],[3.82,40.096],[4.215,40.096],[4.302,39.838],[3.827,39.902],[3.741,40.096]]],[[[9.665,40.291],[9.747,39.644],[9.669,39.644],[9.593,39.126],[9.12,39.191],[8.966,38.868],[8.73,38.868],[8.336,38.997],[8.412,39.256],[8.333,39.256],[8.33,39.514],[8.409,39.514],[8.483,39.902],[8.325,39.967],[8.4,40.291],[8.321,40.291],[8.319,40.485],[8.16,40.55],[8.155,40.938],[8.552,40.874],[9.025,41.263],[9.104,41.263],[9.502,41.198],[9.822,40.744],[9.823,40.355],[9.665,40.291]]],[[[7.24,50.712],[7.324,50.712],[7.329,50.512],[7.5,50.379],[7.676,49.98],[7.846,49.847],[8.18,49.914],[8.351,49.714],[8.277,49.118],[8.112,49.051],[8.197,48.919],[7.868,48.72],[7.711,48.258],[7.628,48.258],[7.559,47.598],[8.549,47.664],[8.547,47.796],[8.877,47.796],[8.957,48.06],[9.121,48.192],[9.782,48.39],[9.864,48.522],[9.947,48.522],[9.947,48.588],[10.03,48.588],[10.03,48.522],[10.445,48.522],[10.943,48.787],[11.36,48.853],[11.694,49.118],[12.111,49.184],[12.938,48.72],[13.519,48.654],[14.258,48.258],[14.508,48.324],[14.67,48.192],[14.919,48.192],[14.915,48.06],[16.143,47.664],[16.139,47.532],[16.221,47.532],[16.128,47.203],[16.208,47.137],[16.041,47.072],[16.037,46.94],[16.119,46.94],[16.035,46.874],[16.02,46.415],[16.102,46.415],[16.009,46.087],[16.171,46.021],[16.166,45.89],[16.57,45.759],[16.486,45.693],[16.563,45.562],[16.973,45.628],[17.049,45.497],[18.024,45.431],[18.181,45.3],[18.591,45.366],[18.988,45.17],[19.15,45.17],[19.238,45.3],[20.218,45.366],[20.37,45.17],[20.61,45.104],[20.521,44.973],[20.671,44.777],[21.41,44.908],[21.64,44.712],[21.884,44.712],[22.032,44.516],[22.194,44.516],[22.37,44.712],[22.694,44.712],[22.766,44.581],[22.518,44.516],[22.509,44.385],[22.975,44.124],[22.876,43.863],[23.526,43.929],[23.924,43.863],[24.075,43.733],[24.156,43.733],[24.141,43.538],[23.975,43.472],[23.949,43.147],[23.703,43.082],[23.689,42.886],[23.519,42.756],[23.575,42.431],[23.326,42.301],[23.214,41.847],[23.448,41.782],[23.744,41.457],[25.68,41.782],[26.233,41.717],[26.574,41.976],[27.464,42.106],[27.317,42.236],[27.329,42.366],[27.175,42.431],[27.193,42.626],[27.452,42.821],[27.657,43.277],[27.992,43.407],[28.018,43.668],[28.3,44.059],[28.463,44.843],[28.802,44.973],[28.795,44.908],[28.841,44.581],[28.577,44.385],[28.536,43.994],[28.616,43.994],[28.481,43.472],[28.159,43.472],[28.226,43.342],[27.898,43.277],[27.805,43.147],[27.847,42.756],[27.514,42.626],[27.495,42.431],[27.796,42.236],[27.784,42.106],[28.004,41.911],[27.979,41.652],[28.218,41.652],[28.352,41.392],[28.976,41.263],[28.963,41.133],[30.479,41.198],[30.624,41.068],[31.18,41.068],[31.534,41.392],[32.027,41.522],[32.042,41.652],[32.193,41.587],[32.695,41.782],[32.631,41.911],[34.785,41.911],[34.882,42.041],[35.121,42.041],[35.157,41.717],[35.954,41.717],[36.209,41.263],[36.925,41.263],[36.915,41.198],[36.897,41.068],[36.473,40.874],[36.412,41.003],[36.085,40.938],[35.184,41.327],[34.849,41.198],[34.578,40.938],[34.561,40.809],[34.791,40.744],[34.616,40.614],[34.489,40.226],[34.568,40.226],[34.536,39.967],[34.828,39.773],[34.726,39.579],[34.767,39.256],[34.479,38.803],[33.68,38.674],[33.267,38.481],[33.304,38.093],[33.128,37.9],[33.095,37.577],[32.758,37.319],[32.733,37.062],[32.864,36.804],[33.097,36.804],[33.434,37.062],[34.304,37.19],[34.565,37.448],[34.877,37.448],[35.054,37.642],[35.671,37.577],[35.998,37.706],[36.348,38.029],[37.115,37.9],[37.13,38.029],[37.451,38.093],[38.312,38.093],[38.39,38.093],[38.382,38.029],[38.46,38.029],[38.452,37.964],[38.443,37.9],[38.333,37.642],[37.989,37.384],[37.958,37.126],[38.176,36.997],[38.13,36.61],[38.208,36.61],[38.07,36.095],[38.428,35.838],[39.497,35.709],[39.938,35.516],[40.062,35.258],[40.278,35.13],[40.263,35.001],[40.479,34.872],[40.55,34.165],[40.473,34.165],[40.311,34.1],[40.403,34.229],[40.257,34.293],[39.124,34.486],[37.99,33.972],[37.739,33.779],[37.726,33.65],[37.573,33.65],[37.073,33.264],[37.054,33.072],[36.901,33.072],[36.717,32.75],[36.751,32.3],[36.516,32.236],[36.656,32.107],[36.492,31.979],[36.463,31.658],[36.387,31.658],[36.423,31.208],[36.271,31.208],[36.401,30.951],[36.156,30.758],[36.146,30.629],[35.837,30.565],[35.761,30.565],[35.935,31.722],[35.859,31.722],[35.963,32.879],[36.052,33.007],[35.699,33.329],[35.534,33.2],[35.398,32.557],[35.158,32.429],[34.852,32.429],[34.857,32.493],[35.022,32.622],[35.056,33.007],[35.215,33.072],[35.398,33.393],[35.346,33.65],[35.499,33.65],[35.447,33.907],[35.684,33.972],[35.644,34.358],[35.792,34.293],[36.049,34.551],[36.068,34.744],[35.927,34.872],[35.96,35.194],[35.882,35.194],[35.993,35.516],[35.845,35.58],[35.99,36.224],[35.842,36.288],[36.265,36.61],[36.286,36.804],[36.145,36.933],[35.834,36.933],[35.488,36.61],[35.113,36.739],[34.95,36.675],[34.893,36.868],[34.582,36.868],[34.251,36.675],[33.979,36.288],[33.274,36.224],[32.713,36.031],[32.558,36.031],[32.499,36.224],[32.068,36.61],[31.086,36.933],[30.619,36.933],[30.492,36.353],[30.026,36.353],[29.938,36.224],[29.24,36.224],[29.125,36.739],[28.736,36.739],[28.591,36.868],[28.357,36.868],[28.187,36.675],[28.031,36.675],[28.138,37.062],[28.065,37.126],[27.598,37.126],[27.539,37.384],[27.223,37.319],[27.31,37.448],[27.163,37.577],[27.256,37.771],[27.178,37.771],[27.275,38.029],[26.889,38.093],[26.82,38.222],[26.429,38.222],[26.384,38.674],[26.536,38.61],[26.595,38.351],[27.065,38.351],[27.08,38.545],[26.849,38.61],[26.958,38.997],[26.879,38.997],[26.894,39.191],[26.742,39.256],[26.847,39.579],[26.132,39.514],[26.272,40.291],[26.605,40.485],[26.684,40.485],[26.673,40.355],[27.47,40.42],[27.538,40.291],[27.696,40.291],[27.792,40.485],[27.95,40.485],[27.939,40.355],[29.046,40.355],[28.9,40.485],[28.913,40.614],[29.48,40.744],[29.493,40.874],[29.249,40.809],[29.103,40.938],[29.116,41.068],[28.633,41.003],[28.169,41.133],[28.077,41.003],[27.527,41.068],[27.017,40.679],[26.921,40.485],[26.626,40.744],[26.14,40.614],[26.082,40.874],[25.378,41.003],[24.347,41.003],[24.011,40.744],[23.698,40.809],[23.685,40.614],[23.839,40.55],[23.737,40.226],[23.267,40.291],[22.884,40.485],[22.892,40.614],[22.655,40.614],[22.56,40.355],[22.544,40.096],[22.702,40.096],[22.611,39.902],[23.135,39.45],[22.816,39.385],[22.797,39.062],[22.958,39.126],[23.493,38.868],[23.332,38.803],[23.025,38.933],[22.936,38.739],[23.167,38.674],[23.313,38.481],[23.626,38.481],[23.563,38.739],[24.03,38.674],[24.179,38.545],[24.159,38.222],[24.002,38.222],[23.979,37.835],[23.443,38.029],[23.208,38.029],[23.201,37.9],[23.044,37.9],[23.108,37.642],[23.342,37.642],[23.402,37.319],[23.169,37.319],[23.176,37.448],[22.949,37.577],[22.714,37.577],[22.701,37.319],[22.853,37.255],[23.056,36.675],[22.833,36.868],[22.599,36.868],[22.512,36.675],[22.356,36.675],[22.22,37.062],[21.909,37.062],[21.899,36.868],[21.744,36.868],[21.681,37.19],[21.603,37.19],[21.697,37.513],[21.244,37.835],[21.416,38.158],[21.729,38.158],[21.738,38.351],[21.193,38.416],[20.974,38.739],[20.741,38.803],[20.911,39.062],[20.297,39.385],[20.155,39.708],[19.918,39.708],[19.912,39.579],[19.758,39.644],[19.764,39.773],[20,39.773],[20.009,39.967],[19.63,40.291],[19.471,40.291],[19.486,40.614],[19.249,40.614],[19.255,40.744],[19.498,40.874],[19.438,41.263],[19.523,41.392],[19.444,41.392],[19.53,41.522],[19.45,41.522],[19.542,41.782],[18.852,42.366],[18.143,42.626],[17.992,42.821],[17.593,42.886],[17.508,42.756],[17.516,42.951],[17.355,42.951],[17.365,43.212],[17.122,43.147],[17.051,43.407],[16.727,43.342],[16.734,43.538],[16.575,43.603],[15.927,43.472],[16.012,43.603],[15.857,43.798],[15.695,43.798],[15.619,43.929],[15.375,43.863],[15.459,43.994],[15.219,44.059],[15.147,44.385],[14.909,44.581],[14.919,44.973],[14.516,45.104],[14.603,45.366],[14.196,45.366],[14.189,45.039],[13.946,45.039],[13.943,44.908],[13.781,44.908],[13.706,45.235],[13.544,45.3],[13.547,45.497],[13.71,45.497],[13.715,45.759],[13.39,45.824],[13.145,45.824],[13.06,45.628],[12.817,45.693],[12.652,45.562],[12.163,45.497],[12.16,45.17],[12.403,45.039],[12.4,44.777],[12.157,44.843],[12.154,44.451],[12.313,44.19],[12.873,43.798],[13.036,43.863],[13.034,43.733],[13.355,43.668],[13.673,43.407],[13.747,43.082],[13.985,42.951],[13.901,42.756],[14.056,42.496],[14.371,42.236],[14.531,42.236],[14.608,42.106],[14.769,42.171],[14.766,42.041],[14.924,41.976],[15.165,42.041],[15.241,41.911],[16.119,41.911],[16.115,41.782],[15.874,41.717],[15.944,41.392],[17.203,41.003],[17.511,40.744],[17.981,40.614],[18.438,40.161],[18.349,39.902],[18.112,39.902],[17.813,40.355],[17.418,40.355],[17.345,40.55],[17.028,40.55],[16.868,40.485],[16.945,40.42],[16.862,40.291],[16.624,40.291],[16.697,40.096],[16.457,39.967],[16.447,39.644],[16.916,39.514],[17.07,39.385],[17.138,39.062],[16.502,38.803],[16.492,38.416],[15.933,37.964],[15.698,37.964],[15.624,38.158],[15.389,38.158],[15.066,37.642],[15.059,37.255],[15.214,37.19],[15.05,36.739],[14.661,36.739],[14.278,37.126],[13.578,37.255],[13.192,37.577],[12.49,37.706],[12.492,37.9],[12.65,38.093],[13.04,38.029],[13.12,38.158],[13.355,38.158],[13.665,37.964],[14.056,37.964],[15.862,38.287],[15.95,38.674],[16.265,38.739],[16.27,38.933],[16.117,39.062],[15.899,39.773],[15.666,39.902],[15.748,40.032],[15.432,40.032],[15.199,40.226],[15.041,40.226],[14.893,40.679],[14.418,40.679],[14.422,40.874],[14.105,40.874],[13.951,41.133],[13.792,41.133],[13.715,41.263],[13,41.327],[12.922,41.457],[12.605,41.522],[12.131,41.911],[12.132,42.041],[11.813,42.106],[11.655,42.366],[11.495,42.301],[11.415,42.431],[11.255,42.431],[11.176,42.626],[11.016,42.626],[11.016,42.821],[10.535,43.082],[10.212,43.994],[9.889,43.994],[9.97,44.124],[9.727,44.124],[9.159,44.451],[8.432,44.385],[8.034,43.929],[7.15,43.733],[6.993,43.538],[6.673,43.472],[6.518,43.212],[6.278,43.147],[5.796,43.147],[5.632,43.277],[5.391,43.277],[5.387,43.407],[5.063,43.472],[4.178,43.472],[4.173,43.603],[3.851,43.603],[3.617,43.407],[3.14,43.277],[2.985,43.147],[3.01,42.561],[3.178,42.366],[3.117,41.911],[2.573,41.587],[2.334,41.587],[2.107,41.327],[1.238,41.198],[0.696,40.938],[0.709,40.679],[0.248,40.42],[0.183,40.161],[-0.126,40.032],[-0.345,39.708],[-0.314,39.126],[0.099,38.739],[-0.661,38.287],[-0.803,38.029],[-0.705,37.642],[-1.709,37.448],[-1.623,37.319],[-1.857,37.319],[-2.062,36.804],[-2.532,36.868],[-2.68,36.739],[-4.469,36.739],[-4.689,36.546],[-5.228,36.482],[-5.288,36.224],[-5.662,36.031],[-5.831,36.224],[-6.064,36.224],[-6.33,36.675],[-6.35,36.933],[-6.588,36.997],[-6.842,37.255],[-7.465,37.255],[-7.455,37.126],[-7.678,36.997],[-8.701,37.126],[-9.001,36.997],[-8.897,37.577],[-8.819,37.577],[-8.823,38.481],[-9.209,38.416],[-9.233,38.674],[-9.384,38.61],[-9.553,38.739],[-9.572,38.933],[-9.427,39.062],[-9.387,39.45],[-9.157,39.514],[-9.104,39.773],[-9.025,39.773],[-8.925,40.355],[-8.846,40.355],[-8.872,40.614],[-8.727,40.744],[-8.956,42.171],[-8.657,42.366],[-9.079,42.561],[-9.1,42.756],[-9.275,42.886],[-9.305,43.147],[-9.159,43.277],[-8.852,43.407],[-8.369,43.407],[-8.39,43.603],[-8.244,43.733],[-7.276,43.733],[-7.343,43.603],[-7.176,43.538],[-5.733,43.603],[-4.99,43.407],[-3.467,43.472],[-3.296,43.342],[-1.688,43.342],[-1.388,43.668],[-1.349,44.255],[-1.268,44.255],[-1.286,44.516],[-1.205,44.516],[-1.252,45.17],[-1.171,45.17],[-1.189,45.431],[-1.031,45.497],[-1.045,45.693],[-1.213,45.759],[-1.141,45.89],[-1.223,45.89],[-1.252,46.283],[-1.666,46.349],[-2.014,46.612],[-2.025,46.743],[-2.194,46.809],[-2.139,47.137],[-2.232,47.269],[-2.562,47.269],[-2.578,47.466],[-2.826,47.466],[-2.837,47.598],[-3.156,47.466],[-3.344,47.73],[-3.757,47.73],[-3.935,47.862],[-4.424,47.796],[-4.692,47.994],[-4.705,48.126],[-4.546,48.192],[-4.643,48.324],[-4.891,48.324],[-4.912,48.522],[-4.6,48.72],[-3.852,48.72],[-3.455,48.919],[-3.122,48.919],[-2.759,48.588],[-2.522,48.72],[-1.602,48.654],[-1.718,49.051],[-1.635,49.051],[-1.652,49.25],[-1.913,49.383],[-2.032,49.781],[-1.362,49.781],[-1.251,49.449],[0.007,49.383],[-0.012,49.648],[0.224,49.847],[1.053,49.98],[1.455,50.246],[1.425,50.712],[1.656,51.046],[2.578,51.179],[2.739,51.313],[3.41,51.447],[3.399,51.647],[3.739,51.647],[3.647,51.781],[3.98,51.915],[4.056,52.116],[4.232,51.982],[4.573,51.982],[5.248,52.116],[5.934,51.982],[6.369,51.647],[6.539,51.647],[6.541,51.58],[6.885,51.38],[7.065,50.979],[7.319,50.912],[7.24,50.712]]],[[[9.578,41.976],[9.498,41.976],[9.499,41.782],[9.262,41.392],[9.104,41.327],[8.784,41.522],[8.782,41.717],[8.623,41.717],[8.7,41.911],[8.539,42.106],[8.535,42.496],[8.773,42.691],[9.173,42.756],[9.251,43.017],[9.331,43.017],[9.492,43.017],[9.493,42.756],[9.574,42.756],[9.578,41.976]]],[[[10.134,42.886],[10.214,42.886],[10.455,42.886],[10.455,42.691],[10.215,42.691],[10.134,42.886]]],[[[14.269,44.973],[14.35,44.973],[14.511,44.908],[14.502,44.516],[14.261,44.581],[14.269,44.973]]],[[[16.647,45.628],[16.565,45.628],[16.568,45.693],[16.649,45.693],[16.647,45.628]]],[[[6.278,51.848],[6.193,51.848],[6.191,51.915],[6.276,51.915],[6.278,51.848]]],[[[34.087,35.001],[33.695,34.937],[33.523,34.744],[33.132,34.679],[33.044,34.551],[32.367,34.744],[32.229,34.937],[32.246,35.13],[32.555,35.13],[32.875,35.258],[32.887,35.387],[33.737,35.387],[34.31,35.709],[34.387,35.709],[34.542,35.709],[34.529,35.58],[33.957,35.258],[34.087,35.001]]],[[[24.15,35.387],[24.301,35.323],[25.692,35.323],[25.681,35.13],[26.225,35.194],[26.14,35.065],[24.824,35.001],[24.757,35.194],[24.526,35.194],[24.448,35.194],[23.679,35.258],[23.615,35.516],[24.157,35.516],[24.15,35.387]]],[[[27.693,36.288],[28.017,36.482],[28.095,36.482],[28.25,36.482],[28.139,36.031],[27.743,35.902],[27.693,36.288]]],[[[22.887,36.417],[22.965,36.417],[23.117,36.353],[23.107,36.16],[22.874,36.16],[22.887,36.417]]],[[[27.117,36.933],[27.185,36.804],[26.865,36.675],[27.039,36.933],[27.117,36.933]]],[[[25.339,37.126],[25.417,37.126],[25.573,37.126],[25.564,36.997],[25.331,36.997],[25.339,37.126]]],[[[24.283,37.706],[24.361,37.706],[24.432,37.577],[24.272,37.513],[24.201,37.642],[24.283,37.706]]],[[[24.986,37.706],[25.064,37.706],[25.22,37.706],[25.286,37.513],[25.052,37.513],[24.986,37.706]]],[[[26.08,37.706],[26.158,37.706],[26.314,37.706],[26.305,37.577],[25.988,37.513],[26.08,37.706]]],[[[24.694,38.029],[24.772,38.029],[25.068,37.771],[24.83,37.706],[24.682,37.835],[24.694,38.029]]],[[[25.899,38.481],[25.821,38.481],[25.913,38.674],[25.991,38.674],[26.217,38.545],[26.111,38.158],[25.876,38.158],[25.899,38.481]]],[[[23.567,38.803],[23.563,38.739],[23.485,38.739],[23.489,38.803],[23.567,38.803]]],[[[24.365,38.997],[24.444,38.997],[24.675,38.933],[24.662,38.739],[24.357,38.868],[24.365,38.997]]],[[[26.094,38.997],[26.103,39.126],[25.793,39.191],[26.044,39.385],[26.123,39.385],[26.511,39.32],[26.644,38.997],[26.246,38.933],[26.094,38.997]]],[[[25.067,40.032],[25.146,40.032],[25.462,40.032],[25.447,39.838],[24.974,39.838],[25.067,40.032]]]]}},{"type":"Feature","id":"cliopatria-05cf991b482e252e17d9941d","properties":{"NAME":"Judea","ABBREVN":null,"CONTROL":null,"SUBJECTO":"Judea","PARTOF":null,"BORDERPRECISION":1,"FromYear":1,"ToYear":5,"Area":31920.803029540126,"Type":"POLITY","Wikipedia":"Judea","Wikidata":"Q104028","SeshatID":"il_judea","Components":"","MemberOf":"","sourceFeatureId":"cliopatria-05cf991b482e252e17d9941d","datasetId":"cliopatria"},"geometry":{"type":"MultiPolygon","coordinates":[[[[35.935,31.722],[35.761,30.565],[35.593,30.372],[34.986,30.372],[34.541,30.501],[34.434,31.079],[34.297,31.272],[34.302,31.336],[34.633,31.658],[34.573,31.85],[34.813,31.979],[34.759,32.236],[34.846,32.365],[34.852,32.429],[35.158,32.429],[35.398,32.557],[35.534,33.2],[35.699,33.329],[36.052,33.007],[35.963,32.879],[35.859,31.722],[35.935,31.722]]]]}},{"type":"Feature","id":"cliopatria-6dd23e38018687c7e813a4ed","properties":{"NAME":"Roman Empire","ABBREVN":null,"CONTROL":null,"SUBJECTO":"Roman Empire","PARTOF":null,"BORDERPRECISION":1,"FromYear":1,"ToYear":5,"Area":3550372.1782314517,"Type":"POLITY","Wikipedia":"Roman Empire","Wikidata":"Q12544","SeshatID":"it_roman_principate","Components":"","MemberOf":"","sourceFeatureId":"cliopatria-6dd23e38018687c7e813a4ed","datasetId":"cliopatria"},"geometry":{"type":"MultiPolygon","coordinates":[[[[11.006,35.387],[11.083,35.001],[10.851,34.937],[10.851,34.808],[10.543,34.551],[10.004,34.293],[10.082,34.229],[10.006,33.907],[10.237,33.715],[10.544,33.715],[10.698,33.522],[11.082,33.586],[11.158,33.2],[11.464,33.2],[12.229,32.814],[12.612,32.879],[12.535,32.75],[12.841,32.75],[12.842,32.879],[13.302,32.943],[13.454,32.814],[13.761,32.879],[13.759,32.75],[14.065,32.75],[14.444,32.493],[14.675,32.557],[14.749,32.429],[15.055,32.429],[15.282,32.3],[15.425,31.658],[15.576,31.593],[15.649,31.4],[16.179,31.208],[16.864,31.208],[17.847,30.951],[18.222,30.758],[18.592,30.372],[18.896,30.372],[18.969,30.244],[19.655,30.372],[19.964,30.565],[19.968,30.694],[20.202,30.886],[20.134,31.143],[20.214,31.272],[19.996,31.593],[20.089,32.107],[20.017,32.236],[20.246,32.236],[20.331,32.493],[20.482,32.429],[20.563,32.557],[20.716,32.557],[20.644,32.686],[20.871,32.622],[21.108,32.814],[21.412,32.75],[21.879,32.943],[23.089,32.622],[23.078,32.365],[23.299,32.172],[23.68,32.172],[24.129,31.979],[24.892,31.979],[25.112,31.786],[25.102,31.593],[25.248,31.465],[26.848,31.465],[27.297,31.336],[27.515,31.143],[28.496,31.015],[28.865,30.822],[29.397,30.822],[29.485,31.015],[29.633,30.951],[29.87,31.079],[29.802,31.208],[29.882,31.272],[30.339,31.272],[30.271,31.4],[30.352,31.465],[30.809,31.465],[30.966,31.529],[30.975,31.658],[31.203,31.658],[31.118,31.529],[31.266,31.465],[31.875,31.465],[31.781,31.208],[31.937,31.272],[32,31.079],[32.304,31.079],[32.237,31.208],[32.389,31.208],[32.532,31.079],[32.765,31.143],[32.832,31.015],[33.749,31.079],[34.221,31.272],[34.297,31.272],[34.434,31.079],[34.541,30.501],[33.838,30.244],[32.919,30.115],[32.602,29.922],[32.526,29.922],[32.429,29.601],[32.639,29.344],[32.689,28.958],[32.836,28.894],[33.105,28.38],[33.609,27.994],[33.585,27.608],[33.799,27.415],[33.927,27.029],[34.073,26.965],[34.051,26.579],[34.197,26.515],[34.461,25.872],[34.608,25.808],[35.146,24.651],[35.86,24.008],[35.854,23.879],[35.559,23.943],[35.553,23.815],[35.108,23.879],[33.756,23.686],[33.682,23.686],[33.389,23.815],[32.041,23.686],[31.67,23.751],[30.537,23.365],[30.463,23.365],[30.395,23.558],[30.104,23.751],[30.109,23.879],[29.959,23.879],[29.673,24.201],[28.569,24.651],[28.289,25.165],[28.244,25.936],[28.345,26.579],[28.27,26.579],[28.154,27.351],[27.937,27.544],[27.711,27.544],[27.792,27.672],[27.43,27.994],[27.276,27.93],[27.285,28.122],[27.14,28.251],[25.586,28.958],[25.373,29.279],[25.147,29.279],[25.001,29.408],[24.847,29.344],[24.779,29.537],[24.33,29.665],[24.26,29.794],[23.51,29.987],[22.916,30.308],[22.762,30.244],[22.767,30.372],[21.939,30.565],[20.952,30.565],[19.191,30.051],[18.281,30.051],[16.701,30.694],[15.49,30.951],[15.184,30.886],[15.187,31.079],[14.584,31.529],[14.586,31.658],[13.829,32.107],[13.295,32.236],[13.066,32.172],[13.067,32.3],[12.456,32.365],[11.768,32.3],[11.768,32.429],[11.539,32.429],[11.463,32.557],[11.31,32.493],[11.157,32.686],[10.392,33.007],[10.009,33.007],[10.085,33.136],[9.625,33.136],[9.547,33.329],[9.624,33.457],[9.316,33.586],[9.083,34.036],[8.929,34.036],[8.928,34.165],[8.773,34.229],[8.081,34.229],[8.002,34.422],[7.615,34.551],[7.153,34.486],[6.92,34.615],[6.459,34.551],[6.148,34.679],[5.379,34.615],[5.302,34.615],[5.29,35.13],[5.439,35.387],[5.339,36.353],[5.416,36.353],[5.407,36.739],[5.485,36.739],[5.564,36.675],[5.639,36.804],[6.106,36.804],[6.103,36.933],[6.334,37.062],[6.805,36.868],[7.194,36.868],[7.346,37.062],[7.502,37.062],[7.738,36.868],[8.516,36.868],[8.903,37.126],[9.059,37.062],[9.603,37.319],[9.993,37.19],[10.227,37.255],[10.228,37.062],[10.305,37.062],[10.228,36.804],[10.54,36.739],[10.851,36.997],[11.006,36.997],[11.006,36.804],[10.462,36.417],[10.54,36.353],[10.464,35.902],[10.851,35.709],[10.851,35.645],[11.083,35.58],[11.083,35.387],[11.006,35.387]]],[[[14.34,36.031],[14.417,36.031],[14.571,35.966],[14.568,35.773],[14.337,35.838],[14.34,36.031]]],[[[22.887,36.417],[22.965,36.417],[23.117,36.353],[23.107,36.16],[22.874,36.16],[22.887,36.417]]],[[[20.621,37.9],[20.699,37.9],[20.934,37.9],[20.922,37.642],[20.613,37.706],[20.621,37.9]]],[[[20.328,38.351],[20.488,38.416],[20.566,38.416],[20.795,38.287],[20.786,38.093],[20.32,38.158],[20.328,38.351]]],[[[1.274,38.803],[1.183,39.062],[1.259,39.126],[1.337,39.126],[1.652,39.126],[1.658,38.997],[1.431,38.803],[1.274,38.803]]],[[[20.152,39.644],[20.149,39.579],[20.07,39.579],[20.073,39.644],[20.152,39.644]]],[[[3.296,39.32],[2.824,39.32],[2.659,39.514],[2.346,39.45],[2.338,39.644],[2.877,39.967],[2.956,39.967],[3.193,39.967],[3.198,39.838],[3.516,39.773],[3.296,39.32]]],[[[3.741,40.096],[3.82,40.096],[4.215,40.096],[4.302,39.838],[3.827,39.902],[3.741,40.096]]],[[[9.665,40.291],[9.747,39.644],[9.669,39.644],[9.593,39.126],[9.12,39.191],[8.966,38.868],[8.73,38.868],[8.336,38.997],[8.412,39.256],[8.333,39.256],[8.33,39.514],[8.409,39.514],[8.483,39.902],[8.325,39.967],[8.4,40.291],[8.321,40.291],[8.319,40.485],[8.16,40.55],[8.155,40.938],[8.552,40.874],[9.025,41.263],[9.104,41.263],[9.502,41.198],[9.822,40.744],[9.823,40.355],[9.665,40.291]]],[[[8.747,51.513],[8.835,51.246],[9.089,51.246],[9.091,51.046],[8.922,51.046],[8.84,50.779],[9.093,50.779],[9.179,50.579],[9.601,50.512],[9.434,50.313],[9.099,50.246],[9.184,50.113],[9.016,50.113],[8.934,49.98],[8.765,50.046],[8.517,49.781],[8.605,49.515],[8.438,49.515],[8.449,48.787],[8.619,48.522],[8.629,47.796],[8.877,47.796],[8.957,48.06],[9.121,48.192],[9.782,48.39],[9.864,48.522],[9.947,48.522],[9.947,48.588],[10.03,48.588],[10.03,48.522],[10.445,48.522],[10.943,48.787],[11.36,48.853],[11.694,49.118],[12.111,49.184],[12.938,48.72],[13.519,48.654],[14.258,48.258],[14.508,48.324],[14.67,48.192],[14.919,48.192],[14.915,48.06],[16.143,47.664],[16.139,47.532],[16.221,47.532],[16.128,47.203],[16.208,47.137],[16.041,47.072],[16.037,46.94],[16.119,46.94],[16.035,46.874],[16.02,46.415],[16.102,46.415],[16.009,46.087],[16.171,46.021],[16.166,45.89],[16.57,45.759],[16.486,45.693],[16.563,45.562],[16.973,45.628],[17.049,45.497],[18.024,45.431],[18.181,45.3],[18.591,45.366],[18.988,45.17],[19.15,45.17],[19.238,45.3],[20.218,45.366],[20.37,45.17],[20.61,45.104],[20.521,44.973],[20.671,44.777],[21.41,44.908],[21.64,44.712],[21.884,44.712],[22.032,44.516],[22.194,44.516],[22.37,44.712],[22.694,44.712],[22.766,44.581],[22.518,44.516],[22.509,44.385],[22.975,44.124],[22.876,43.863],[23.526,43.929],[23.924,43.863],[24.075,43.733],[24.156,43.733],[24.141,43.538],[23.975,43.472],[23.949,43.147],[23.703,43.082],[23.689,42.886],[23.519,42.756],[23.575,42.431],[23.326,42.301],[23.214,41.847],[23.448,41.782],[23.744,41.457],[25.68,41.782],[26.233,41.717],[26.574,41.976],[27.464,42.106],[27.317,42.236],[27.329,42.366],[27.175,42.431],[27.193,42.626],[27.452,42.821],[27.657,43.277],[27.992,43.407],[28.018,43.668],[28.3,44.059],[28.463,44.843],[28.802,44.973],[28.795,44.908],[28.841,44.581],[28.577,44.385],[28.536,43.994],[28.616,43.994],[28.481,43.472],[28.159,43.472],[28.226,43.342],[27.898,43.277],[27.805,43.147],[27.847,42.756],[27.514,42.626],[27.495,42.431],[27.796,42.236],[27.784,42.106],[28.004,41.911],[27.979,41.652],[28.218,41.652],[28.352,41.392],[28.976,41.263],[28.963,41.133],[30.479,41.198],[30.624,41.068],[31.18,41.068],[31.534,41.392],[32.027,41.522],[32.042,41.652],[32.193,41.587],[32.695,41.782],[32.631,41.911],[34.785,41.911],[34.882,42.041],[35.121,42.041],[35.157,41.717],[35.954,41.717],[36.209,41.263],[36.925,41.263],[36.915,41.198],[36.897,41.068],[36.473,40.874],[36.412,41.003],[36.085,40.938],[35.184,41.327],[34.849,41.198],[34.578,40.938],[34.561,40.809],[34.791,40.744],[34.616,40.614],[34.489,40.226],[34.568,40.226],[34.536,39.967],[34.828,39.773],[34.726,39.579],[34.767,39.256],[34.479,38.803],[33.68,38.674],[33.267,38.481],[33.304,38.093],[33.128,37.9],[33.095,37.577],[32.758,37.319],[32.733,37.062],[32.864,36.804],[33.097,36.804],[33.434,37.062],[34.304,37.19],[34.565,37.448],[34.877,37.448],[35.054,37.642],[35.671,37.577],[35.998,37.706],[36.348,38.029],[37.115,37.9],[37.13,38.029],[37.451,38.093],[38.312,38.093],[38.39,38.093],[38.382,38.029],[38.46,38.029],[38.452,37.964],[38.443,37.9],[38.333,37.642],[37.989,37.384],[37.958,37.126],[38.176,36.997],[38.13,36.61],[38.208,36.61],[38.07,36.095],[38.428,35.838],[39.497,35.709],[39.938,35.516],[40.062,35.258],[40.278,35.13],[40.263,35.001],[40.479,34.872],[40.55,34.165],[40.473,34.165],[40.311,34.1],[40.403,34.229],[40.257,34.293],[39.124,34.486],[37.99,33.972],[37.739,33.779],[37.726,33.65],[37.573,33.65],[37.073,33.264],[37.054,33.072],[36.901,33.072],[36.717,32.75],[36.751,32.3],[36.516,32.236],[36.656,32.107],[36.492,31.979],[36.463,31.658],[36.387,31.658],[36.423,31.208],[36.271,31.208],[36.401,30.951],[36.156,30.758],[36.146,30.629],[35.837,30.565],[35.761,30.565],[35.935,31.722],[35.859,31.722],[35.963,32.879],[36.052,33.007],[35.699,33.329],[35.534,33.2],[35.398,32.557],[35.158,32.429],[34.852,32.429],[34.857,32.493],[35.022,32.622],[35.056,33.007],[35.215,33.072],[35.398,33.393],[35.346,33.65],[35.499,33.65],[35.447,33.907],[35.684,33.972],[35.644,34.358],[35.792,34.293],[36.049,34.551],[36.068,34.744],[35.927,34.872],[35.96,35.194],[35.882,35.194],[35.993,35.516],[35.845,35.58],[35.99,36.224],[35.842,36.288],[36.265,36.61],[36.286,36.804],[36.145,36.933],[35.834,36.933],[35.488,36.61],[35.113,36.739],[34.95,36.675],[34.893,36.868],[34.582,36.868],[34.251,36.675],[33.979,36.288],[33.274,36.224],[32.713,36.031],[32.558,36.031],[32.499,36.224],[32.068,36.61],[31.086,36.933],[30.619,36.933],[30.492,36.353],[30.026,36.353],[29.938,36.224],[29.24,36.224],[29.125,36.739],[28.736,36.739],[28.591,36.868],[28.357,36.868],[28.187,36.675],[28.031,36.675],[28.138,37.062],[28.065,37.126],[27.598,37.126],[27.539,37.384],[27.223,37.319],[27.31,37.448],[27.163,37.577],[27.256,37.771],[27.178,37.771],[27.275,38.029],[26.889,38.093],[26.82,38.222],[26.429,38.222],[26.384,38.674],[26.536,38.61],[26.595,38.351],[27.065,38.351],[27.08,38.545],[26.849,38.61],[26.958,38.997],[26.879,38.997],[26.894,39.191],[26.742,39.256],[26.847,39.579],[26.132,39.514],[26.272,40.291],[26.605,40.485],[26.684,40.485],[26.673,40.355],[27.47,40.42],[27.538,40.291],[27.696,40.291],[27.792,40.485],[27.95,40.485],[27.939,40.355],[29.046,40.355],[28.9,40.485],[28.913,40.614],[29.48,40.744],[29.493,40.874],[29.249,40.809],[29.103,40.938],[29.116,41.068],[28.633,41.003],[28.169,41.133],[28.077,41.003],[27.527,41.068],[27.017,40.679],[26.921,40.485],[26.626,40.744],[26.14,40.614],[26.082,40.874],[25.378,41.003],[24.347,41.003],[24.011,40.744],[23.698,40.809],[23.685,40.614],[23.839,40.55],[23.737,40.226],[23.267,40.291],[22.884,40.485],[22.892,40.614],[22.655,40.614],[22.56,40.355],[22.544,40.096],[22.702,40.096],[22.611,39.902],[23.135,39.45],[22.816,39.385],[22.797,39.062],[22.958,39.126],[23.493,38.868],[23.332,38.803],[23.025,38.933],[22.936,38.739],[23.167,38.674],[23.313,38.481],[23.626,38.481],[23.563,38.739],[24.03,38.674],[24.179,38.545],[24.159,38.222],[24.002,38.222],[23.979,37.835],[23.443,38.029],[23.208,38.029],[23.201,37.9],[23.044,37.9],[23.108,37.642],[23.342,37.642],[23.402,37.319],[23.169,37.319],[23.176,37.448],[22.949,37.577],[22.714,37.577],[22.701,37.319],[22.853,37.255],[23.056,36.675],[22.833,36.868],[22.599,36.868],[22.512,36.675],[22.356,36.675],[22.22,37.062],[21.909,37.062],[21.899,36.868],[21.744,36.868],[21.681,37.19],[21.603,37.19],[21.697,37.513],[21.244,37.835],[21.416,38.158],[21.729,38.158],[21.738,38.351],[21.193,38.416],[20.974,38.739],[20.741,38.803],[20.911,39.062],[20.297,39.385],[20.155,39.708],[19.918,39.708],[19.912,39.579],[19.758,39.644],[19.764,39.773],[20,39.773],[20.009,39.967],[19.63,40.291],[19.471,40.291],[19.486,40.614],[19.249,40.614],[19.255,40.744],[19.498,40.874],[19.438,41.263],[19.523,41.392],[19.444,41.392],[19.53,41.522],[19.45,41.522],[19.542,41.782],[18.852,42.366],[18.143,42.626],[17.992,42.821],[17.593,42.886],[17.508,42.756],[17.516,42.951],[17.355,42.951],[17.365,43.212],[17.122,43.147],[17.051,43.407],[16.727,43.342],[16.734,43.538],[16.575,43.603],[15.927,43.472],[16.012,43.603],[15.857,43.798],[15.695,43.798],[15.619,43.929],[15.375,43.863],[15.459,43.994],[15.219,44.059],[15.147,44.385],[14.909,44.581],[14.919,44.973],[14.516,45.104],[14.603,45.366],[14.196,45.366],[14.189,45.039],[13.946,45.039],[13.943,44.908],[13.781,44.908],[13.706,45.235],[13.544,45.3],[13.547,45.497],[13.71,45.497],[13.715,45.759],[13.39,45.824],[13.145,45.824],[13.06,45.628],[12.817,45.693],[12.652,45.562],[12.163,45.497],[12.16,45.17],[12.403,45.039],[12.4,44.777],[12.157,44.843],[12.154,44.451],[12.313,44.19],[12.873,43.798],[13.036,43.863],[13.034,43.733],[13.355,43.668],[13.673,43.407],[13.747,43.082],[13.985,42.951],[13.901,42.756],[14.056,42.496],[14.371,42.236],[14.531,42.236],[14.608,42.106],[14.769,42.171],[14.766,42.041],[14.924,41.976],[15.165,42.041],[15.241,41.911],[16.119,41.911],[16.115,41.782],[15.874,41.717],[15.944,41.392],[17.203,41.003],[17.511,40.744],[17.981,40.614],[18.438,40.161],[18.349,39.902],[18.112,39.902],[17.813,40.355],[17.418,40.355],[17.345,40.55],[17.028,40.55],[16.868,40.485],[16.945,40.42],[16.862,40.291],[16.624,40.291],[16.697,40.096],[16.457,39.967],[16.447,39.644],[16.916,39.514],[17.07,39.385],[17.138,39.062],[16.502,38.803],[16.492,38.416],[15.933,37.964],[15.698,37.964],[15.624,38.158],[15.389,38.158],[15.066,37.642],[15.059,37.255],[15.214,37.19],[15.05,36.739],[14.661,36.739],[14.278,37.126],[13.578,37.255],[13.192,37.577],[12.49,37.706],[12.492,37.9],[12.65,38.093],[13.04,38.029],[13.12,38.158],[13.355,38.158],[13.665,37.964],[14.056,37.964],[15.862,38.287],[15.95,38.674],[16.265,38.739],[16.27,38.933],[16.117,39.062],[15.899,39.773],[15.666,39.902],[15.748,40.032],[15.432,40.032],[15.199,40.226],[15.041,40.226],[14.893,40.679],[14.418,40.679],[14.422,40.874],[14.105,40.874],[13.951,41.133],[13.792,41.133],[13.715,41.263],[13,41.327],[12.922,41.457],[12.605,41.522],[12.131,41.911],[12.132,42.041],[11.813,42.106],[11.655,42.366],[11.495,42.301],[11.415,42.431],[11.255,42.431],[11.176,42.626],[11.016,42.626],[11.016,42.821],[10.535,43.082],[10.212,43.994],[9.889,43.994],[9.97,44.124],[9.727,44.124],[9.159,44.451],[8.432,44.385],[8.034,43.929],[7.15,43.733],[6.993,43.538],[6.673,43.472],[6.518,43.212],[6.278,43.147],[5.796,43.147],[5.632,43.277],[5.391,43.277],[5.387,43.407],[5.063,43.472],[4.178,43.472],[4.173,43.603],[3.851,43.603],[3.617,43.407],[3.14,43.277],[2.985,43.147],[3.01,42.561],[3.178,42.366],[3.117,41.911],[2.573,41.587],[2.334,41.587],[2.107,41.327],[1.238,41.198],[0.696,40.938],[0.709,40.679],[0.248,40.42],[0.183,40.161],[-0.126,40.032],[-0.345,39.708],[-0.314,39.126],[0.099,38.739],[-0.661,38.287],[-0.803,38.029],[-0.705,37.642],[-1.709,37.448],[-1.623,37.319],[-1.857,37.319],[-2.062,36.804],[-2.532,36.868],[-2.68,36.739],[-4.469,36.739],[-4.689,36.546],[-5.228,36.482],[-5.288,36.224],[-5.662,36.031],[-5.831,36.224],[-6.064,36.224],[-6.33,36.675],[-6.35,36.933],[-6.588,36.997],[-6.842,37.255],[-7.465,37.255],[-7.455,37.126],[-7.678,36.997],[-8.701,37.126],[-9.001,36.997],[-8.897,37.577],[-8.819,37.577],[-8.823,38.481],[-9.209,38.416],[-9.233,38.674],[-9.384,38.61],[-9.553,38.739],[-9.572,38.933],[-9.427,39.062],[-9.387,39.45],[-9.157,39.514],[-9.104,39.773],[-9.025,39.773],[-8.925,40.355],[-8.846,40.355],[-8.872,40.614],[-8.727,40.744],[-8.956,42.171],[-8.657,42.366],[-9.079,42.561],[-9.1,42.756],[-9.275,42.886],[-9.305,43.147],[-9.159,43.277],[-8.852,43.407],[-8.369,43.407],[-8.39,43.603],[-8.244,43.733],[-7.276,43.733],[-7.343,43.603],[-7.176,43.538],[-5.733,43.603],[-4.99,43.407],[-3.467,43.472],[-3.296,43.342],[-1.688,43.342],[-1.388,43.668],[-1.349,44.255],[-1.268,44.255],[-1.286,44.516],[-1.205,44.516],[-1.252,45.17],[-1.171,45.17],[-1.189,45.431],[-1.031,45.497],[-1.045,45.693],[-1.213,45.759],[-1.141,45.89],[-1.223,45.89],[-1.252,46.283],[-1.666,46.349],[-2.014,46.612],[-2.025,46.743],[-2.194,46.809],[-2.139,47.137],[-2.232,47.269],[-2.562,47.269],[-2.578,47.466],[-2.826,47.466],[-2.837,47.598],[-3.156,47.466],[-3.344,47.73],[-3.757,47.73],[-3.935,47.862],[-4.424,47.796],[-4.692,47.994],[-4.705,48.126],[-4.546,48.192],[-4.643,48.324],[-4.891,48.324],[-4.912,48.522],[-4.6,48.72],[-3.852,48.72],[-3.455,48.919],[-3.122,48.919],[-2.759,48.588],[-2.522,48.72],[-1.602,48.654],[-1.718,49.051],[-1.635,49.051],[-1.652,49.25],[-1.913,49.383],[-2.032,49.781],[-1.362,49.781],[-1.251,49.449],[0.007,49.383],[-0.012,49.648],[0.224,49.847],[1.053,49.98],[1.455,50.246],[1.425,50.712],[1.656,51.046],[2.578,51.179],[2.739,51.313],[3.41,51.447],[3.399,51.647],[3.739,51.647],[3.647,51.781],[3.817,51.781],[3.81,51.915],[3.98,51.915],[3.974,52.049],[4.223,52.183],[4.217,52.318],[4.464,52.519],[4.455,52.721],[4.7,52.99],[4.871,52.99],[4.971,52.654],[5.391,52.855],[5.386,52.99],[5.209,53.125],[5.542,53.395],[6.226,53.53],[7.003,53.462],[7.18,53.26],[7.186,52.99],[7.02,52.788],[7.117,52.318],[7.287,52.318],[7.291,52.183],[7.462,52.116],[7.718,52.116],[7.717,52.183],[8.654,52.183],[8.573,51.848],[8.831,51.58],[8.747,51.513]]],[[[9.578,41.976],[9.498,41.976],[9.499,41.782],[9.262,41.392],[9.104,41.327],[8.784,41.522],[8.782,41.717],[8.623,41.717],[8.7,41.911],[8.539,42.106],[8.535,42.496],[8.773,42.691],[9.173,42.756],[9.251,43.017],[9.331,43.017],[9.492,43.017],[9.493,42.756],[9.574,42.756],[9.578,41.976]]],[[[10.134,42.886],[10.214,42.886],[10.455,42.886],[10.455,42.691],[10.215,42.691],[10.134,42.886]]],[[[14.269,44.973],[14.35,44.973],[14.511,44.908],[14.502,44.516],[14.261,44.581],[14.269,44.973]]],[[[16.647,45.628],[16.565,45.628],[16.568,45.693],[16.649,45.693],[16.647,45.628]]],[[[34.087,35.001],[33.695,34.937],[33.523,34.744],[33.132,34.679],[33.044,34.551],[32.367,34.744],[32.229,34.937],[32.246,35.13],[32.555,35.13],[32.875,35.258],[32.887,35.387],[33.737,35.387],[34.31,35.709],[34.387,35.709],[34.542,35.709],[34.529,35.58],[33.957,35.258],[34.087,35.001]]],[[[24.15,35.387],[24.301,35.323],[25.692,35.323],[25.681,35.13],[26.225,35.194],[26.14,35.065],[24.824,35.001],[24.757,35.194],[24.526,35.194],[24.448,35.194],[23.679,35.258],[23.615,35.516],[24.157,35.516],[24.15,35.387]]],[[[27.693,36.288],[28.017,36.482],[28.095,36.482],[28.25,36.482],[28.139,36.031],[27.743,35.902],[27.693,36.288]]],[[[27.117,36.933],[27.185,36.804],[26.865,36.675],[27.039,36.933],[27.117,36.933]]],[[[25.339,37.126],[25.417,37.126],[25.573,37.126],[25.564,36.997],[25.331,36.997],[25.339,37.126]]],[[[24.283,37.706],[24.361,37.706],[24.432,37.577],[24.272,37.513],[24.201,37.642],[24.283,37.706]]],[[[24.986,37.706],[25.064,37.706],[25.22,37.706],[25.286,37.513],[25.052,37.513],[24.986,37.706]]],[[[26.08,37.706],[26.158,37.706],[26.314,37.706],[26.305,37.577],[25.988,37.513],[26.08,37.706]]],[[[24.694,38.029],[24.772,38.029],[25.068,37.771],[24.83,37.706],[24.682,37.835],[24.694,38.029]]],[[[25.899,38.481],[25.821,38.481],[25.913,38.674],[25.991,38.674],[26.217,38.545],[26.111,38.158],[25.876,38.158],[25.899,38.481]]],[[[23.567,38.803],[23.563,38.739],[23.485,38.739],[23.489,38.803],[23.567,38.803]]],[[[24.365,38.997],[24.444,38.997],[24.675,38.933],[24.662,38.739],[24.357,38.868],[24.365,38.997]]],[[[26.094,38.997],[26.103,39.126],[25.793,39.191],[26.044,39.385],[26.123,39.385],[26.511,39.32],[26.644,38.997],[26.246,38.933],[26.094,38.997]]],[[[25.067,40.032],[25.146,40.032],[25.462,40.032],[25.447,39.838],[24.974,39.838],[25.067,40.032]]]]}},{"type":"Feature","id":"cliopatria-19fa77d15b60496c1a7766ba","properties":{"NAME":"Indo-Greeks","ABBREVN":null,"CONTROL":null,"SUBJECTO":"Indo-Greeks","PARTOF":null,"BORDERPRECISION":1,"FromYear":1,"ToYear":8,"Area":73704.4941606282,"Type":"POLITY","Wikipedia":"Indo-Greek Kingdom","Wikidata":"Q215643","SeshatID":"","Components":"","MemberOf":"","sourceFeatureId":"cliopatria-19fa77d15b60496c1a7766ba","datasetId":"cliopatria"},"geometry":{"type":"MultiPolygon","coordinates":[[[[76.127,32.75],[76.081,32.557],[76.54,32.236],[76.479,31.979],[76.162,31.593],[75.334,30.951],[74.443,30.694],[73.911,30.694],[73.835,30.694],[73.165,30.758],[72.748,30.951],[72.561,31.143],[72.588,31.272],[72.449,31.336],[72.441,31.658],[72.573,31.915],[73.585,33.007],[73.662,33.007],[73.984,33.072],[74.183,32.943],[74.351,33.007],[75.469,32.879],[75.882,32.686],[76.051,32.75],[76.127,32.75]]],[[[74.275,33.007],[74.198,33.007],[74.213,33.072],[74.29,33.072],[74.275,33.007]]]]}},{"type":"Feature","id":"cliopatria-77c831776e380e87ebe9eef6","properties":{"NAME":"Indo-Parthians","ABBREVN":null,"CONTROL":null,"SUBJECTO":"Indo-Parthians","PARTOF":null,"BORDERPRECISION":1,"FromYear":1,"ToYear":13,"Area":487414.4041716089,"Type":"POLITY","Wikipedia":"Indo-Parthian Kingdom","Wikidata":"Q1255614","SeshatID":"pk_indo_parthian_k","Components":"","MemberOf":"","sourceFeatureId":"cliopatria-77c831776e380e87ebe9eef6","datasetId":"cliopatria"},"geometry":{"type":"MultiPolygon","coordinates":[[[[68.95,22.915],[68.606,23.172],[68.552,23.365],[68.336,23.429],[68.35,23.558],[68.127,23.558],[68.155,23.815],[67.633,23.815],[67.491,23.879],[67.438,24.072],[67.289,24.072],[67.326,24.393],[67.148,24.779],[66.632,24.844],[66.64,24.908],[67.112,25.101],[67.502,25.808],[67.197,26.322],[67.175,27.222],[67.062,27.479],[67.121,27.865],[67.046,27.865],[67.041,28.315],[66.965,28.315],[67.007,28.572],[66.931,28.572],[67.135,29.344],[66.995,29.408],[66.888,29.665],[66.434,29.665],[66.077,29.794],[66.316,29.858],[66.437,30.951],[66.778,31.143],[67.067,31.85],[67.656,32.493],[67.71,32.75],[69.343,33.907],[69.881,33.907],[69.988,34.036],[70.727,33.907],[70.833,34.036],[70.772,34.1],[70.956,34.229],[71.479,34.165],[71.556,34.165],[72.588,34.293],[72.85,34.422],[73.389,34.422],[73.355,33.972],[73.524,33.715],[73.524,33.072],[73.6,33.072],[73.585,33.007],[72.573,31.915],[72.441,31.658],[72.449,31.336],[72.377,30.244],[72.453,30.244],[72.328,29.601],[72.029,29.215],[71.169,28.637],[71.018,28.637],[70.639,28.187],[70.22,27.93],[70.007,27.544],[69.561,27.094],[69.513,26.772],[69.729,26.708],[69.71,26.579],[70.179,26.194],[70.191,25.744],[70.341,25.744],[70.438,25.358],[70.637,25.165],[70.605,24.329],[70.448,24.265],[70.424,24.072],[70.065,23.558],[69.5,23.172],[69.039,23.043],[69.025,22.915],[68.95,22.915]]]]}},{"type":"Feature","id":"cliopatria-d287b7eab6a0bcaa0f652d97","properties":{"NAME":"Indo-Scythians","ABBREVN":null,"CONTROL":null,"SUBJECTO":"Indo-Scythians","PARTOF":null,"BORDERPRECISION":1,"FromYear":1,"ToYear":13,"Area":832000.8241291578,"Type":"POLITY","Wikipedia":"Indo-Scythians","Wikidata":"Q240123","SeshatID":"","Components":"","MemberOf":"","sourceFeatureId":"cliopatria-d287b7eab6a0bcaa0f652d97","datasetId":"cliopatria"},"geometry":{"type":"MultiPolygon","coordinates":[[[[74.109,30.179],[74.373,29.987],[74.309,29.665],[74.46,29.665],[74.763,29.279],[75.054,29.215],[75.092,29.022],[75.66,28.83],[75.699,28.637],[76.266,28.444],[76.318,28.315],[76.746,28.187],[76.798,28.058],[77.389,27.994],[77.441,27.865],[77.73,27.801],[77.846,27.608],[78.124,27.479],[78.142,27.158],[78.27,27.029],[78.257,26.515],[78.332,26.515],[78.324,25.036],[78.314,24.972],[78.221,24.844],[77.847,24.844],[77.296,24.651],[76.712,24.201],[76.023,24.072],[74.59,23.365],[74.029,22.401],[73.554,22.143],[73.213,21.758],[72.76,21.693],[72.686,21.693],[72.544,21.758],[72.566,21.951],[72.491,21.951],[72.527,22.272],[72.378,22.272],[72.342,21.951],[72.112,21.886],[72.173,21.758],[72.321,21.758],[72.185,21.179],[71.408,20.858],[71.321,20.729],[70.721,20.665],[70.295,20.858],[69.89,21.243],[69.903,21.372],[69.497,21.758],[69.349,21.758],[68.949,22.208],[68.977,22.465],[69.409,22.336],[69.497,22.465],[69.869,22.465],[70.263,22.658],[70.365,22.915],[69.451,22.722],[69.099,22.915],[69.025,22.915],[69.039,23.043],[69.5,23.172],[70.065,23.558],[70.424,24.072],[70.448,24.265],[70.605,24.329],[70.637,25.165],[70.438,25.358],[70.341,25.744],[70.191,25.744],[70.179,26.194],[69.71,26.579],[69.729,26.708],[69.513,26.772],[69.561,27.094],[70.007,27.544],[70.22,27.93],[70.639,28.187],[71.018,28.637],[71.169,28.637],[72.029,29.215],[72.328,29.601],[72.453,30.244],[72.377,30.244],[72.449,31.336],[72.588,31.272],[72.561,31.143],[72.748,30.951],[73.165,30.758],[73.835,30.694],[73.822,30.629],[74.122,30.244],[74.109,30.179]]],[[[69.988,34.036],[69.881,33.907],[69.343,33.907],[67.71,32.75],[67.656,32.493],[67.067,31.85],[66.778,31.143],[66.437,30.951],[66.316,29.858],[66.077,29.794],[65.125,29.537],[64.53,29.601],[64.12,29.408],[62.304,29.408],[60.936,29.858],[61.875,30.951],[61.942,31.336],[62.421,31.465],[62.82,31.979],[63.161,32.172],[63.185,32.3],[63.426,32.365],[63.873,33.843],[64.324,34.165],[64.574,34.615],[65.092,34.872],[65.415,34.937],[65.618,34.808],[65.926,34.808],[66.066,34.744],[66.038,34.615],[66.689,34.422],[66.814,34.293],[69.739,34.293],[69.988,34.036]]]]}},{"type":"Feature","id":"cliopatria-51a0cc578186be7adb9ad6c4","properties":{"NAME":"Yuezhi","ABBREVN":null,"CONTROL":null,"SUBJECTO":"Yuezhi","PARTOF":null,"BORDERPRECISION":1,"FromYear":1,"ToYear":13,"Area":458075.1050173372,"Type":"POLITY","Wikipedia":"Yuezhi","Wikidata":"Q467985","SeshatID":"af_tocharian","Components":"","MemberOf":"","sourceFeatureId":"cliopatria-51a0cc578186be7adb9ad6c4","datasetId":"cliopatria"},"geometry":{"type":"MultiPolygon","coordinates":[[[[73.294,40.679],[73.331,40.55],[73.489,40.55],[73.526,40.42],[73.8,40.291],[73.573,39.579],[73.395,39.514],[73.69,39.45],[73.67,39.385],[73.63,39.256],[73.748,39.126],[73.494,38.545],[72.663,37.835],[72.398,37.448],[71.825,37.062],[71.661,36.739],[71.249,36.353],[71.244,36.031],[71.672,35.58],[71.605,35.001],[71.943,34.808],[71.495,34.229],[71.479,34.165],[70.956,34.229],[70.772,34.1],[70.833,34.036],[70.727,33.907],[69.988,34.036],[69.739,34.293],[66.814,34.293],[66.689,34.422],[66.038,34.615],[66.066,34.744],[65.926,34.808],[65.618,34.808],[65.415,34.937],[65.092,34.872],[64.854,35.194],[64.829,35.773],[64.751,35.773],[65.155,38.739],[65.077,38.739],[65.144,38.997],[65.065,38.997],[65.282,39.514],[65.203,39.514],[65.291,39.838],[65.564,39.967],[65.883,40.809],[65.962,40.809],[66.653,41.263],[66.891,41.263],[67.547,41.587],[68.025,41.587],[68.819,41.327],[68.898,41.327],[68.857,40.938],[69.332,40.42],[69.273,40.226],[68.997,40.096],[68.959,39.967],[69.334,39.902],[69.592,39.708],[70.558,39.773],[70.755,39.902],[70.814,40.096],[70.952,40.032],[70.913,39.902],[71.071,39.902],[71.209,40.096],[71.782,40.161],[72.998,40.744],[73.294,40.679]]]]}},{"type":"Feature","id":"cliopatria-ddde1ab14a8dfafa1de5f093","properties":{"NAME":"Parthian Empire","ABBREVN":null,"CONTROL":null,"SUBJECTO":"Parthian Empire","PARTOF":null,"BORDERPRECISION":1,"FromYear":1,"ToYear":42,"Area":2702797.085745107,"Type":"POLITY","Wikipedia":"Parthian Empire","Wikidata":"Q1986139","SeshatID":"ir_parthian_emp_1","Components":"","MemberOf":"","sourceFeatureId":"cliopatria-ddde1ab14a8dfafa1de5f093","datasetId":"cliopatria"},"geometry":{"type":"MultiPolygon","coordinates":[[[[51.138,25.486],[51.212,25.486],[51.207,25.422],[51.132,25.422],[51.138,25.486]]],[[[50.43,25.936],[50.46,26.258],[50.685,26.258],[50.673,26.129],[50.667,26.065],[50.649,25.872],[50.43,25.936]]],[[[57.351,40.291],[58.332,40.42],[58.537,40.291],[58.854,40.291],[58.98,40.161],[59.77,40.161],[59.768,39.838],[60.084,39.838],[60.052,39.708],[60.683,39.708],[60.713,39.514],[60.949,39.514],[62.502,40.032],[62.879,39.967],[64.02,40.096],[64.389,40.291],[65.235,40.485],[65.272,40.614],[65.351,40.614],[65.37,40.679],[65.449,40.679],[65.43,40.614],[65.589,40.614],[65.804,40.809],[65.883,40.809],[65.564,39.967],[65.291,39.838],[65.203,39.514],[65.282,39.514],[65.065,38.997],[65.144,38.997],[65.077,38.739],[65.155,38.739],[64.751,35.773],[64.829,35.773],[64.854,35.194],[65.092,34.872],[64.574,34.615],[64.324,34.165],[63.873,33.843],[63.426,32.365],[63.185,32.3],[63.161,32.172],[62.82,31.979],[62.421,31.465],[61.942,31.336],[61.875,30.951],[60.936,29.858],[62.304,29.408],[64.12,29.408],[64.53,29.601],[65.125,29.537],[66.077,29.794],[66.434,29.665],[66.888,29.665],[66.995,29.408],[67.135,29.344],[66.931,28.572],[67.007,28.572],[66.965,28.315],[67.041,28.315],[67.046,27.865],[67.121,27.865],[67.062,27.479],[67.175,27.222],[67.197,26.322],[67.502,25.808],[67.112,25.101],[66.64,24.908],[66.648,24.972],[66.62,25.358],[66.345,25.551],[66.021,25.358],[64.816,25.294],[64.801,25.165],[64.285,25.229],[64.225,25.358],[63.626,25.358],[63.536,25.229],[62.563,25.229],[62.474,25.101],[62.182,25.165],[62.018,25.036],[61.719,25.036],[61.658,25.165],[61.127,25.101],[60.917,25.229],[60.618,25.229],[60.632,25.358],[59.06,25.358],[58.782,25.551],[57.958,25.551],[57.74,25.615],[57.679,25.744],[57.38,25.744],[57.176,25.936],[57.052,26.837],[56.715,27.158],[56.188,27.158],[56.098,27.029],[56.324,27.029],[56.309,26.901],[56.061,26.708],[55.603,26.644],[55.439,26.515],[55.289,26.515],[55.31,26.708],[55.543,26.772],[55.242,26.772],[54.832,26.451],[54.463,26.515],[54.259,26.708],[53.658,26.708],[53.461,26.965],[52.737,27.222],[52.479,27.608],[52.049,27.801],[51.597,27.801],[51.317,27.994],[51.331,28.122],[51.066,28.444],[51.028,28.765],[50.809,28.83],[50.915,29.087],[50.62,29.151],[50.651,29.408],[50.236,29.729],[50.065,30.179],[49.586,29.987],[48.943,30.308],[48.987,30.051],[48.365,29.922],[48.404,29.601],[47.866,29.537],[47.852,29.408],[48.079,29.408],[48.215,29.279],[48.194,29.087],[48.46,28.765],[48.563,28.315],[48.974,27.93],[48.872,27.672],[49.242,27.608],[49.36,27.287],[50.135,26.772],[50.116,26.579],[50.254,26.451],[50.223,26.129],[50.067,26.065],[50.211,26.001],[50.325,25.615],[50.608,25.422],[50.654,25.101],[50.729,25.101],[50.769,25.551],[50.925,25.615],[50.955,25.936],[51.123,26.129],[51.423,26.129],[51.698,25.872],[51.575,25.358],[51.719,25.294],[51.69,24.972],[51.524,24.779],[51.411,24.329],[51.854,24.265],[51.907,24.008],[52.28,24.008],[52.6,24.265],[53.112,24.136],[54.083,24.136],[54.099,24.329],[54.318,24.265],[54.559,24.458],[54.744,24.844],[55.143,25.101],[55.412,25.551],[55.97,25.872],[56.168,26.322],[56.475,26.387],[56.543,26.322],[56.385,25.551],[56.46,25.551],[56.421,25.165],[56.496,25.165],[56.402,24.972],[56.545,24.908],[56.788,24.329],[57.493,23.879],[58.812,23.622],[59.08,23.301],[59.068,23.172],[59.28,23.043],[59.268,22.915],[58.896,22.915],[58.908,23.043],[58.61,23.043],[58.335,23.301],[57.962,23.301],[57.974,23.429],[57.83,23.493],[56.809,23.751],[56.821,23.879],[56.54,24.072],[56.489,24.329],[56.271,24.393],[56.29,24.586],[56.09,24.844],[55.859,24.779],[55.841,24.586],[55.623,24.651],[54.812,23.943],[54.273,23.751],[51.881,23.686],[51.822,23.879],[51.166,24.072],[51.102,24.201],[51.203,24.522],[51.133,24.586],[51.294,24.715],[51.327,25.101],[51.402,25.101],[51.27,25.294],[51.35,25.358],[51.323,25.872],[51.173,25.872],[51.23,25.679],[50.982,25.422],[50.965,25.229],[51.12,25.294],[50.92,24.715],[50.616,24.651],[50.344,24.972],[50.032,25.679],[49.674,25.872],[49.878,26.451],[49.252,26.965],[49.265,27.094],[49.059,27.287],[48.552,27.479],[48.467,28.122],[48.247,28.187],[48.206,28.508],[48.055,28.508],[48.144,28.637],[48,28.701],[48.014,28.83],[47.809,29.022],[47.651,28.958],[47.672,29.151],[47.535,29.279],[47.654,29.665],[47.29,29.794],[46.979,29.729],[46.994,29.858],[46.85,29.922],[46.615,29.858],[46.591,30.308],[45.77,30.436],[44.955,31.272],[44.581,31.336],[44.459,31.593],[43.153,32.814],[42.709,32.943],[42.364,33.264],[42.065,33.329],[41.788,33.586],[41.489,33.65],[41.212,33.907],[40.627,34.165],[40.55,34.165],[40.479,34.872],[40.263,35.001],[40.278,35.13],[40.062,35.258],[39.938,35.516],[39.497,35.709],[39.753,35.902],[40.809,36.288],[41.283,36.353],[41.541,36.546],[41.671,36.353],[41.982,36.353],[42.629,36.546],[42.623,37.062],[42.765,37.513],[42.774,37.577],[42.852,37.577],[42.861,37.642],[42.871,37.706],[42.88,37.771],[43.886,37.706],[43.945,37.577],[44.637,37.513],[44.774,37.384],[44.803,37.062],[45.251,36.933],[45.446,37.19],[45.29,37.19],[45.252,37.448],[45.174,37.448],[45.224,37.771],[45.635,37.9],[45.854,38.287],[46.121,38.481],[47.252,38.674],[48.326,38.093],[48.795,38.093],[48.874,38.093],[48.829,37.835],[49.085,37.513],[49.854,37.448],[50.321,36.997],[50.566,37.062],[50.632,36.997],[50.532,36.868],[51.265,36.61],[52.186,36.546],[53.088,36.804],[54.033,36.868],[54.095,37.19],[53.91,37.448],[53.908,37.835],[53.83,37.835],[53.987,38.997],[53.518,39.385],[53.138,39.45],[53.545,39.514],[53.498,40.032],[52.723,40.096],[52.714,40.42],[52.793,40.42],[52.893,40.874],[52.972,40.874],[52.943,40.744],[53.34,40.744],[53.448,40.874],[53.404,40.679],[54.544,40.809],[56.655,40.355],[56.987,40.42],[56.956,40.291],[57.035,40.291],[57.241,40.161],[57.351,40.291]]]]}},{"type":"Feature","id":"cliopatria-045829578b83cfb41ba92c7d","properties":{"NAME":"Roman Empire","ABBREVN":null,"CONTROL":null,"SUBJECTO":"Roman Empire","PARTOF":null,"BORDERPRECISION":1,"FromYear":6,"ToYear":8,"Area":3650360.249361282,"Type":"POLITY","Wikipedia":"Roman Empire","Wikidata":"Q12544","SeshatID":"it_roman_principate","Components":"","MemberOf":"","sourceFeatureId":"cliopatria-045829578b83cfb41ba92c7d","datasetId":"cliopatria"},"geometry":{"type":"MultiPolygon","coordinates":[[[[22.766,44.581],[22.518,44.516],[22.509,44.385],[22.975,44.124],[22.876,43.863],[23.526,43.929],[23.924,43.863],[24.075,43.733],[24.156,43.733],[24.141,43.538],[23.975,43.472],[23.949,43.147],[23.703,43.082],[23.689,42.886],[23.519,42.756],[23.575,42.431],[23.326,42.301],[23.214,41.847],[23.448,41.782],[23.744,41.457],[25.68,41.782],[26.233,41.717],[26.574,41.976],[27.464,42.106],[27.317,42.236],[27.329,42.366],[27.175,42.431],[27.193,42.626],[27.452,42.821],[27.657,43.277],[27.992,43.407],[28.018,43.668],[28.3,44.059],[28.463,44.843],[28.802,44.973],[28.795,44.908],[28.841,44.581],[28.577,44.385],[28.536,43.994],[28.616,43.994],[28.481,43.472],[28.159,43.472],[28.226,43.342],[27.898,43.277],[27.805,43.147],[27.847,42.756],[27.514,42.626],[27.495,42.431],[27.796,42.236],[27.784,42.106],[28.004,41.911],[27.979,41.652],[28.218,41.652],[28.352,41.392],[28.976,41.263],[28.963,41.133],[30.479,41.198],[30.624,41.068],[31.18,41.068],[31.534,41.392],[32.027,41.522],[32.042,41.652],[32.193,41.587],[32.695,41.782],[32.631,41.911],[34.785,41.911],[34.882,42.041],[35.121,42.041],[35.157,41.717],[35.954,41.717],[36.209,41.263],[36.925,41.263],[36.915,41.198],[36.897,41.068],[36.473,40.874],[36.412,41.003],[36.085,40.938],[35.184,41.327],[34.849,41.198],[34.578,40.938],[34.561,40.809],[34.791,40.744],[34.616,40.614],[34.489,40.226],[34.568,40.226],[34.536,39.967],[34.828,39.773],[34.726,39.579],[34.767,39.256],[34.479,38.803],[33.68,38.674],[33.267,38.481],[33.304,38.093],[33.128,37.9],[33.095,37.577],[32.758,37.319],[32.733,37.062],[32.864,36.804],[33.097,36.804],[33.434,37.062],[34.304,37.19],[34.565,37.448],[34.877,37.448],[35.054,37.642],[35.671,37.577],[35.998,37.706],[36.348,38.029],[37.115,37.9],[37.13,38.029],[37.451,38.093],[38.312,38.093],[38.39,38.093],[38.382,38.029],[38.46,38.029],[38.452,37.964],[38.443,37.9],[38.333,37.642],[37.989,37.384],[37.958,37.126],[38.176,36.997],[38.13,36.61],[38.208,36.61],[38.07,36.095],[38.428,35.838],[39.497,35.709],[39.938,35.516],[40.062,35.258],[40.278,35.13],[40.263,35.001],[40.479,34.872],[40.55,34.165],[40.473,34.165],[40.311,34.1],[40.403,34.229],[40.257,34.293],[39.124,34.486],[37.99,33.972],[37.739,33.779],[37.726,33.65],[37.573,33.65],[37.073,33.264],[37.054,33.072],[36.901,33.072],[36.717,32.75],[36.751,32.3],[36.516,32.236],[36.656,32.107],[36.492,31.979],[36.463,31.658],[36.387,31.658],[36.423,31.208],[36.271,31.208],[36.401,30.951],[36.151,30.694],[36.146,30.629],[35.842,30.629],[35.593,30.372],[34.389,30.501],[34.303,30.372],[33.151,30.179],[32.602,29.922],[32.526,29.922],[32.429,29.601],[32.639,29.344],[32.689,28.958],[32.836,28.894],[33.105,28.38],[33.609,27.994],[33.585,27.608],[33.799,27.415],[33.927,27.029],[34.073,26.965],[34.051,26.579],[34.197,26.515],[34.461,25.872],[34.608,25.808],[35.146,24.651],[35.86,24.008],[35.854,23.879],[35.559,23.943],[35.553,23.815],[35.108,23.879],[33.756,23.686],[33.682,23.686],[33.389,23.815],[32.041,23.686],[31.67,23.751],[30.537,23.365],[30.463,23.365],[30.395,23.558],[30.104,23.751],[30.109,23.879],[29.959,23.879],[29.673,24.201],[28.569,24.651],[28.289,25.165],[28.244,25.936],[28.345,26.579],[28.27,26.579],[28.154,27.351],[27.937,27.544],[27.711,27.544],[27.792,27.672],[27.43,27.994],[27.276,27.93],[27.285,28.122],[27.14,28.251],[25.586,28.958],[25.373,29.279],[25.147,29.279],[25.001,29.408],[24.847,29.344],[24.779,29.537],[24.33,29.665],[24.26,29.794],[23.51,29.987],[22.916,30.308],[22.762,30.244],[22.767,30.372],[21.939,30.565],[20.952,30.565],[19.191,30.051],[18.281,30.051],[16.701,30.694],[15.49,30.951],[15.184,30.886],[15.187,31.079],[14.584,31.529],[14.586,31.658],[13.829,32.107],[13.295,32.236],[13.066,32.172],[13.067,32.3],[12.456,32.365],[11.768,32.3],[11.768,32.429],[11.539,32.429],[11.463,32.557],[11.31,32.493],[11.157,32.686],[10.392,33.007],[10.009,33.007],[10.085,33.136],[9.625,33.136],[9.547,33.329],[9.624,33.457],[9.316,33.586],[9.083,34.036],[8.929,34.036],[8.928,34.165],[8.773,34.229],[8.081,34.229],[8.002,34.422],[7.615,34.551],[7.153,34.486],[6.92,34.615],[6.459,34.551],[6.148,34.679],[5.379,34.615],[5.302,34.615],[5.29,35.13],[5.439,35.387],[5.339,36.353],[5.416,36.353],[5.407,36.739],[5.485,36.739],[5.564,36.675],[5.639,36.804],[6.106,36.804],[6.103,36.933],[6.334,37.062],[6.805,36.868],[7.194,36.868],[7.346,37.062],[7.502,37.062],[7.738,36.868],[8.516,36.868],[8.903,37.126],[9.059,37.062],[9.603,37.319],[9.993,37.19],[10.227,37.255],[10.228,37.062],[10.305,37.062],[10.228,36.804],[10.462,36.739],[11.006,36.997],[11.006,36.804],[10.462,36.417],[10.54,36.353],[10.464,35.902],[10.696,35.709],[10.851,35.773],[10.928,35.58],[11.083,35.58],[11.083,35.387],[11.006,35.387],[11.083,35.001],[10.851,34.937],[10.851,34.808],[10.543,34.551],[10.004,34.293],[10.082,34.229],[10.006,33.907],[10.237,33.715],[10.544,33.715],[10.698,33.522],[11.082,33.586],[11.158,33.2],[11.464,33.2],[12.229,32.814],[12.612,32.879],[12.535,32.75],[12.841,32.75],[12.842,32.879],[13.302,32.943],[13.454,32.814],[13.761,32.879],[13.759,32.75],[14.065,32.75],[14.444,32.493],[14.675,32.557],[14.749,32.429],[15.055,32.429],[15.282,32.3],[15.425,31.658],[15.576,31.593],[15.649,31.4],[16.179,31.208],[16.864,31.208],[17.847,30.951],[18.222,30.758],[18.592,30.372],[18.896,30.372],[18.969,30.244],[19.655,30.372],[19.964,30.565],[19.968,30.694],[20.202,30.886],[20.134,31.143],[20.214,31.272],[19.996,31.593],[20.089,32.107],[20.017,32.236],[20.246,32.236],[20.331,32.493],[20.482,32.429],[20.563,32.557],[20.716,32.557],[20.644,32.686],[20.871,32.622],[21.108,32.814],[21.412,32.75],[21.879,32.943],[23.089,32.622],[23.078,32.365],[23.299,32.172],[23.68,32.172],[24.129,31.979],[24.892,31.979],[25.112,31.786],[25.102,31.593],[25.248,31.465],[26.848,31.465],[27.297,31.336],[27.515,31.143],[28.496,31.015],[28.865,30.822],[29.397,30.822],[29.485,31.015],[29.633,30.951],[29.87,31.079],[29.802,31.208],[29.882,31.272],[30.339,31.272],[30.271,31.4],[30.352,31.465],[30.809,31.465],[30.966,31.529],[30.975,31.658],[31.203,31.658],[31.118,31.529],[31.266,31.465],[31.875,31.465],[31.781,31.208],[31.937,31.272],[32,31.079],[32.304,31.079],[32.237,31.208],[32.389,31.208],[32.532,31.079],[32.765,31.143],[32.832,31.015],[33.749,31.079],[34.297,31.272],[34.308,31.4],[34.633,31.658],[34.573,31.85],[34.813,31.979],[34.77,32.365],[35.022,32.622],[35.056,33.007],[35.215,33.072],[35.398,33.393],[35.346,33.65],[35.499,33.65],[35.447,33.907],[35.684,33.972],[35.644,34.358],[35.792,34.293],[36.049,34.551],[36.068,34.744],[35.927,34.872],[35.96,35.194],[35.882,35.194],[35.993,35.516],[35.845,35.58],[35.99,36.224],[35.842,36.288],[36.265,36.61],[36.286,36.804],[36.145,36.933],[35.834,36.933],[35.488,36.61],[35.332,36.61],[35.113,36.739],[34.95,36.675],[34.893,36.868],[34.582,36.868],[34.251,36.675],[33.979,36.288],[33.274,36.224],[32.713,36.031],[32.558,36.031],[32.499,36.224],[32.068,36.61],[31.086,36.933],[30.619,36.933],[30.492,36.353],[30.026,36.353],[29.938,36.224],[29.24,36.224],[29.125,36.739],[28.736,36.739],[28.591,36.868],[28.357,36.868],[28.187,36.675],[28.031,36.675],[28.138,37.062],[28.065,37.126],[27.598,37.126],[27.539,37.384],[27.223,37.319],[27.31,37.448],[27.163,37.577],[27.256,37.771],[27.178,37.771],[27.275,38.029],[26.889,38.093],[26.82,38.222],[26.429,38.222],[26.384,38.674],[26.536,38.61],[26.595,38.351],[27.065,38.351],[27.08,38.545],[26.849,38.61],[26.958,38.997],[26.879,38.997],[26.894,39.191],[26.742,39.256],[26.847,39.579],[26.132,39.514],[26.168,39.967],[26.247,39.967],[26.272,40.291],[26.605,40.485],[26.684,40.485],[26.673,40.355],[27.47,40.42],[27.538,40.291],[27.696,40.291],[27.792,40.485],[27.95,40.485],[27.939,40.355],[29.046,40.355],[28.9,40.485],[28.913,40.614],[29.394,40.679],[29.493,40.874],[29.249,40.809],[29.103,40.938],[29.116,41.068],[27.527,41.068],[27.017,40.679],[26.921,40.485],[26.626,40.744],[26.14,40.614],[26.082,40.874],[25.849,40.938],[24.347,41.003],[24.011,40.744],[23.698,40.809],[23.685,40.614],[23.839,40.55],[23.737,40.226],[23.267,40.291],[22.884,40.485],[22.892,40.614],[22.655,40.614],[22.56,40.355],[22.544,40.096],[22.702,40.096],[22.611,39.902],[23.135,39.45],[22.816,39.385],[22.797,39.062],[22.958,39.126],[23.493,38.868],[23.332,38.803],[23.025,38.933],[22.936,38.739],[23.167,38.674],[23.313,38.481],[23.626,38.481],[23.563,38.739],[24.03,38.674],[24.179,38.545],[24.159,38.222],[24.002,38.222],[23.979,37.835],[23.443,38.029],[23.208,38.029],[23.201,37.9],[23.044,37.9],[23.108,37.642],[23.342,37.642],[23.402,37.319],[23.169,37.319],[23.176,37.448],[22.949,37.577],[22.714,37.577],[22.701,37.319],[22.853,37.255],[23.056,36.675],[22.833,36.868],[22.599,36.868],[22.512,36.675],[22.356,36.675],[22.22,37.062],[21.909,37.062],[21.899,36.868],[21.744,36.868],[21.681,37.19],[21.603,37.19],[21.697,37.513],[21.244,37.835],[21.416,38.158],[21.729,38.158],[21.738,38.351],[21.193,38.416],[20.974,38.739],[20.741,38.803],[20.911,39.062],[20.297,39.385],[20.155,39.708],[19.918,39.708],[19.912,39.579],[19.758,39.644],[19.764,39.773],[20,39.773],[20.009,39.967],[19.63,40.291],[19.471,40.291],[19.486,40.614],[19.249,40.614],[19.255,40.744],[19.498,40.874],[19.438,41.263],[19.523,41.392],[19.444,41.392],[19.53,41.522],[19.45,41.522],[19.542,41.782],[18.852,42.366],[18.458,42.496],[18.627,42.691],[18.944,42.626],[18.932,42.366],[19.479,42.106],[19.549,41.911],[19.788,41.911],[19.898,42.496],[19.825,42.626],[19.989,42.691],[20.094,43.147],[20.174,43.147],[20.181,43.277],[19.951,43.472],[19.958,43.603],[20.123,43.668],[20.148,44.124],[19.909,44.19],[19.846,44.516],[19.371,44.712],[19.377,44.843],[19.222,44.973],[18.891,44.843],[18.657,45.039],[18.747,45.235],[19.15,45.17],[19.238,45.3],[20.218,45.366],[20.37,45.17],[20.61,45.104],[20.521,44.973],[20.671,44.777],[21.41,44.908],[21.482,44.777],[21.96,44.647],[21.956,44.581],[22.194,44.516],[22.37,44.712],[22.694,44.712],[22.766,44.581]]],[[[14.34,36.031],[14.417,36.031],[14.571,35.966],[14.568,35.773],[14.337,35.838],[14.34,36.031]]],[[[20.621,37.9],[20.699,37.9],[20.934,37.9],[20.922,37.642],[20.613,37.706],[20.621,37.9]]],[[[20.328,38.351],[20.488,38.416],[20.566,38.416],[20.795,38.287],[20.786,38.093],[20.32,38.158],[20.328,38.351]]],[[[1.274,38.803],[1.183,39.062],[1.259,39.126],[1.337,39.126],[1.652,39.126],[1.658,38.997],[1.431,38.803],[1.274,38.803]]],[[[20.152,39.644],[20.149,39.579],[20.07,39.579],[20.073,39.644],[20.152,39.644]]],[[[3.296,39.32],[2.824,39.32],[2.659,39.514],[2.346,39.45],[2.338,39.644],[2.877,39.967],[2.956,39.967],[3.193,39.967],[3.198,39.838],[3.516,39.773],[3.296,39.32]]],[[[3.741,40.096],[3.82,40.096],[4.215,40.096],[4.302,39.838],[3.827,39.902],[3.741,40.096]]],[[[9.665,40.291],[9.747,39.644],[9.669,39.644],[9.593,39.126],[9.12,39.191],[8.966,38.868],[8.73,38.868],[8.336,38.997],[8.412,39.256],[8.333,39.256],[8.33,39.514],[8.409,39.514],[8.483,39.902],[8.325,39.967],[8.4,40.291],[8.321,40.291],[8.319,40.485],[8.16,40.55],[8.155,40.938],[8.552,40.874],[9.025,41.263],[9.104,41.263],[9.502,41.198],[9.822,40.744],[9.823,40.355],[9.665,40.291]]],[[[9.578,41.976],[9.498,41.976],[9.499,41.782],[9.262,41.392],[9.104,41.327],[8.784,41.522],[8.782,41.717],[8.623,41.717],[8.7,41.911],[8.539,42.106],[8.535,42.496],[8.773,42.691],[9.173,42.756],[9.251,43.017],[9.331,43.017],[9.492,43.017],[9.493,42.756],[9.574,42.756],[9.578,41.976]]],[[[18.301,42.561],[18.304,42.626],[18.384,42.626],[18.381,42.561],[18.301,42.561]]],[[[18.229,42.756],[18.226,42.691],[18.304,42.626],[18.143,42.626],[17.992,42.821],[18.229,42.756]]],[[[10.134,42.886],[10.214,42.886],[10.455,42.886],[10.455,42.691],[10.215,42.691],[10.134,42.886]]],[[[17.831,42.821],[17.834,42.886],[17.914,42.886],[17.911,42.821],[17.831,42.821]]],[[[17.593,42.886],[17.508,42.756],[17.516,42.951],[17.435,42.951],[17.355,42.951],[17.363,43.147],[17.443,43.147],[17.754,42.886],[17.593,42.886]]],[[[14.269,44.973],[14.35,44.973],[14.511,44.908],[14.502,44.516],[14.261,44.581],[14.269,44.973]]],[[[12.153,52.586],[12.323,52.519],[12.319,52.25],[13.25,51.982],[13.158,51.647],[13.328,51.647],[13.325,51.513],[13.494,51.513],[13.407,51.38],[13.742,51.246],[13.735,50.979],[13.225,50.779],[12.296,50.712],[12.21,50.579],[11.957,50.512],[11.956,50.379],[11.703,50.379],[10.694,49.582],[10.444,48.919],[10.611,48.853],[10.611,48.72],[11.027,48.72],[11.61,48.985],[11.694,49.118],[12.111,49.184],[12.938,48.72],[13.519,48.654],[14.258,48.258],[14.508,48.324],[14.67,48.192],[14.919,48.192],[14.915,48.06],[16.143,47.664],[16.139,47.532],[16.221,47.532],[16.128,47.203],[16.208,47.137],[16.041,47.072],[16.037,46.94],[16.119,46.94],[16.035,46.874],[16.02,46.415],[16.102,46.415],[16.009,46.087],[16.171,46.021],[16.166,45.89],[16.57,45.759],[16.486,45.693],[16.552,45.235],[16.22,45.039],[15.982,45.235],[15.82,45.235],[15.804,44.712],[16.198,44.385],[16.268,44.059],[16.43,44.059],[16.819,43.668],[16.981,43.668],[17.365,43.212],[17.122,43.147],[17.051,43.407],[16.727,43.342],[16.734,43.538],[16.575,43.603],[15.927,43.472],[16.012,43.603],[15.857,43.798],[15.695,43.798],[15.619,43.929],[15.375,43.863],[15.459,43.994],[15.219,44.059],[15.147,44.385],[14.909,44.581],[14.919,44.973],[14.516,45.104],[14.603,45.366],[14.196,45.366],[14.189,45.039],[13.946,45.039],[13.943,44.908],[13.781,44.908],[13.706,45.235],[13.544,45.3],[13.547,45.497],[13.71,45.497],[13.715,45.759],[13.145,45.824],[13.06,45.628],[12.817,45.693],[12.652,45.562],[12.163,45.497],[12.16,45.17],[12.403,45.039],[12.4,44.777],[12.157,44.843],[12.154,44.451],[12.553,43.994],[12.715,43.994],[12.873,43.798],[13.036,43.863],[13.034,43.733],[13.355,43.668],[13.673,43.407],[13.747,43.082],[13.985,42.951],[13.901,42.756],[14.056,42.496],[14.371,42.236],[14.531,42.236],[14.608,42.106],[14.769,42.171],[14.766,42.041],[14.924,41.976],[15.165,42.041],[15.241,41.911],[16.119,41.911],[16.115,41.782],[15.874,41.717],[15.944,41.392],[17.203,41.003],[17.511,40.744],[17.981,40.614],[18.438,40.161],[18.349,39.902],[18.112,39.902],[17.813,40.355],[17.418,40.355],[17.345,40.55],[17.028,40.55],[16.868,40.485],[16.945,40.42],[16.862,40.291],[16.624,40.291],[16.697,40.096],[16.457,39.967],[16.447,39.644],[16.916,39.514],[17.07,39.385],[17.138,39.062],[16.502,38.803],[16.492,38.416],[15.933,37.964],[15.698,37.964],[15.624,38.158],[15.389,38.158],[15.066,37.642],[15.059,37.255],[15.214,37.19],[15.05,36.739],[14.661,36.739],[14.278,37.126],[13.578,37.255],[13.192,37.577],[12.49,37.706],[12.492,37.9],[12.65,38.093],[13.04,38.029],[13.12,38.158],[13.355,38.158],[13.665,37.964],[14.056,37.964],[15.862,38.287],[15.95,38.674],[16.265,38.739],[16.27,38.933],[16.117,39.062],[15.899,39.773],[15.666,39.902],[15.748,40.032],[15.432,40.032],[15.199,40.226],[15.041,40.226],[14.893,40.679],[14.418,40.679],[14.422,40.874],[14.105,40.874],[13.951,41.133],[13.792,41.133],[13.715,41.263],[13,41.327],[12.922,41.457],[12.605,41.522],[12.131,41.911],[12.132,42.041],[11.813,42.106],[11.655,42.366],[11.495,42.301],[11.415,42.431],[11.255,42.431],[11.176,42.626],[11.016,42.626],[11.016,42.821],[10.535,43.082],[10.212,43.994],[9.889,43.994],[9.97,44.124],[9.727,44.124],[9.159,44.451],[8.432,44.385],[8.034,43.929],[7.15,43.733],[6.993,43.538],[6.673,43.472],[6.518,43.212],[6.278,43.147],[5.796,43.147],[5.632,43.277],[5.391,43.277],[5.387,43.407],[5.063,43.472],[4.178,43.472],[4.173,43.603],[3.851,43.603],[3.617,43.407],[3.14,43.277],[2.985,43.147],[3.01,42.561],[3.178,42.366],[3.117,41.911],[2.573,41.587],[2.334,41.587],[2.107,41.327],[1.238,41.198],[0.696,40.938],[0.709,40.679],[0.248,40.42],[0.183,40.161],[-0.126,40.032],[-0.345,39.708],[-0.314,39.126],[0.099,38.739],[-0.661,38.287],[-0.803,38.029],[-0.705,37.642],[-1.709,37.448],[-1.623,37.319],[-1.857,37.319],[-2.062,36.804],[-2.532,36.868],[-2.68,36.739],[-4.469,36.739],[-4.689,36.546],[-5.228,36.482],[-5.288,36.224],[-5.662,36.031],[-5.831,36.224],[-6.064,36.224],[-6.33,36.675],[-6.35,36.933],[-6.588,36.997],[-6.842,37.255],[-7.465,37.255],[-7.455,37.126],[-7.678,36.997],[-8.701,37.126],[-9.001,36.997],[-8.897,37.577],[-8.819,37.577],[-8.823,38.481],[-9.209,38.416],[-9.233,38.674],[-9.384,38.61],[-9.553,38.739],[-9.572,38.933],[-9.427,39.062],[-9.387,39.45],[-9.157,39.514],[-9.104,39.773],[-9.025,39.773],[-8.925,40.355],[-8.846,40.355],[-8.872,40.614],[-8.727,40.744],[-8.956,42.171],[-8.657,42.366],[-9.079,42.561],[-9.1,42.756],[-9.275,42.886],[-9.305,43.147],[-9.159,43.277],[-8.852,43.407],[-8.369,43.407],[-8.39,43.603],[-8.244,43.733],[-7.276,43.733],[-7.343,43.603],[-7.176,43.538],[-5.733,43.603],[-4.99,43.407],[-3.467,43.472],[-3.296,43.342],[-1.688,43.342],[-1.388,43.668],[-1.349,44.255],[-1.268,44.255],[-1.286,44.516],[-1.205,44.516],[-1.252,45.17],[-1.171,45.17],[-1.189,45.431],[-1.031,45.497],[-1.045,45.693],[-1.213,45.759],[-1.141,45.89],[-1.223,45.89],[-1.252,46.283],[-1.666,46.349],[-2.014,46.612],[-2.025,46.743],[-2.194,46.809],[-2.139,47.137],[-2.232,47.269],[-2.562,47.269],[-2.578,47.466],[-2.826,47.466],[-2.837,47.598],[-3.156,47.466],[-3.344,47.73],[-3.757,47.73],[-3.935,47.862],[-4.424,47.796],[-4.692,47.994],[-4.705,48.126],[-4.54,48.126],[-4.643,48.324],[-4.891,48.324],[-4.912,48.522],[-4.759,48.654],[-3.852,48.72],[-3.455,48.919],[-3.122,48.919],[-2.759,48.588],[-2.522,48.72],[-1.602,48.654],[-1.718,49.051],[-1.635,49.051],[-1.652,49.25],[-1.913,49.383],[-2.032,49.781],[-1.362,49.781],[-1.251,49.449],[0.007,49.383],[-0.012,49.648],[0.224,49.847],[1.053,49.98],[1.455,50.246],[1.425,50.712],[1.656,51.046],[2.578,51.179],[2.739,51.313],[3.41,51.447],[3.399,51.647],[3.739,51.647],[3.647,51.781],[3.817,51.781],[3.81,51.915],[3.98,51.915],[3.974,52.049],[4.223,52.183],[4.217,52.318],[4.464,52.519],[4.455,52.721],[4.7,52.99],[4.871,52.99],[4.971,52.654],[5.391,52.855],[5.386,52.99],[5.209,53.125],[5.542,53.395],[6.226,53.53],[6.917,53.462],[6.913,53.597],[7.082,53.732],[7.945,53.732],[8.206,53.597],[8.377,53.665],[8.46,53.935],[9.237,53.935],[9.67,53.597],[11.047,53.327],[11.133,53.327],[12.331,52.99],[12.329,52.855],[12.155,52.721],[12.153,52.586]]],[[[34.087,35.001],[33.695,34.937],[33.523,34.744],[33.132,34.679],[33.044,34.551],[32.367,34.744],[32.229,34.937],[32.246,35.13],[32.555,35.13],[32.875,35.258],[32.887,35.387],[33.737,35.387],[34.31,35.709],[34.387,35.709],[34.542,35.709],[34.529,35.58],[33.957,35.258],[34.087,35.001]]],[[[24.15,35.387],[24.301,35.323],[25.692,35.323],[25.681,35.13],[26.225,35.194],[26.14,35.065],[24.824,35.001],[24.757,35.194],[24.526,35.194],[24.448,35.194],[23.679,35.258],[23.615,35.516],[24.157,35.516],[24.15,35.387]]],[[[27.693,36.288],[28.017,36.482],[28.095,36.482],[28.25,36.482],[28.139,36.031],[27.743,35.902],[27.693,36.288]]],[[[22.887,36.417],[22.965,36.417],[23.117,36.353],[23.107,36.16],[22.874,36.16],[22.887,36.417]]],[[[27.117,36.933],[27.185,36.804],[26.865,36.675],[27.039,36.933],[27.117,36.933]]],[[[25.339,37.126],[25.417,37.126],[25.573,37.126],[25.564,36.997],[25.331,36.997],[25.339,37.126]]],[[[24.283,37.706],[24.361,37.706],[24.432,37.577],[24.272,37.513],[24.201,37.642],[24.283,37.706]]],[[[24.986,37.706],[25.064,37.706],[25.22,37.706],[25.286,37.513],[25.052,37.513],[24.986,37.706]]],[[[26.08,37.706],[26.158,37.706],[26.314,37.706],[26.305,37.577],[25.988,37.513],[26.08,37.706]]],[[[24.694,38.029],[24.772,38.029],[25.068,37.771],[24.83,37.706],[24.682,37.835],[24.694,38.029]]],[[[25.899,38.481],[25.821,38.481],[25.913,38.674],[25.991,38.674],[26.217,38.545],[26.111,38.158],[25.876,38.158],[25.899,38.481]]],[[[23.567,38.803],[23.563,38.739],[23.485,38.739],[23.489,38.803],[23.567,38.803]]],[[[24.365,38.997],[24.444,38.997],[24.675,38.933],[24.662,38.739],[24.357,38.868],[24.365,38.997]]],[[[26.103,39.126],[25.793,39.191],[26.044,39.385],[26.123,39.385],[26.511,39.32],[26.644,38.997],[26.246,38.933],[26.094,38.997],[26.103,39.126]]],[[[25.146,40.032],[25.462,40.032],[25.447,39.838],[24.974,39.838],[25.067,40.032],[25.146,40.032]]]]}},{"type":"Feature","id":"cliopatria-dcf3f245571380d1cf9ff1c0","properties":{"NAME":"Han Dynasty","ABBREVN":null,"CONTROL":null,"SUBJECTO":"Han Dynasty","PARTOF":null,"BORDERPRECISION":1,"FromYear":6,"ToYear":13,"Area":143.4357403572229,"Type":"POLITY","Wikipedia":"Han dynasty","Wikidata":"Q1068371","SeshatID":"cn_western_han_dyn","Components":"","MemberOf":"","sourceFeatureId":"cliopatria-dcf3f245571380d1cf9ff1c0","datasetId":"cliopatria"},"geometry":{"type":"MultiPolygon","coordinates":[[[[113.024,40.291],[112.945,40.291],[112.979,40.355],[113.058,40.355],[113.024,40.291]]],[[[80.134,42.431],[80.214,42.431],[80.188,42.366],[80.163,42.301],[80.083,42.301],[80.108,42.366],[80.134,42.431]]]]}},{"type":"Feature","id":"cliopatria-82f5a8dcef6786becd079fc0","properties":{"NAME":"Wusun","ABBREVN":null,"CONTROL":null,"SUBJECTO":"Wusun","PARTOF":null,"BORDERPRECISION":1,"FromYear":6,"ToYear":13,"Area":194431.6607481667,"Type":"POLITY","Wikipedia":"Wusun","Wikidata":"Q854062","SeshatID":"","Components":"","MemberOf":"","sourceFeatureId":"cliopatria-82f5a8dcef6786becd079fc0","datasetId":"cliopatria"},"geometry":{"type":"MultiPolygon","coordinates":[[[[80.214,42.431],[80.134,42.431],[80.108,42.366],[80.083,42.301],[78.92,41.976],[77.875,41.522],[77.374,41.457],[77.294,41.457],[76.817,41.457],[76.864,41.587],[76.625,41.587],[76.615,41.782],[76.798,41.847],[76.16,41.847],[76.128,41.976],[76.278,42.171],[76.142,42.236],[76.158,42.496],[75.814,42.431],[75.701,42.561],[75.878,42.821],[75.629,43.017],[75.252,43.082],[75.14,43.212],[75.188,43.342],[75.108,43.342],[75.205,43.603],[74.795,43.798],[74.998,44.124],[74.563,44.255],[74.443,44.581],[74.088,44.712],[73.975,44.843],[74.024,44.973],[73.943,44.973],[74.13,45.039],[74.255,45.366],[74.117,45.431],[74.319,45.955],[74.753,46.021],[74.881,46.349],[75.533,46.546],[75.507,46.48],[77.391,46.48],[77.364,46.415],[77.61,46.415],[77.72,46.283],[77.802,46.283],[77.831,45.955],[78.022,45.824],[77.996,45.562],[78.35,45.431],[78.569,45.17],[79.545,44.973],[79.518,44.908],[80.005,44.908],[79.978,44.843],[80.41,44.712],[80.302,44.451],[80.383,44.451],[80.357,43.994],[80.735,43.538],[80.683,43.407],[80.791,43.277],[80.632,43.082],[80.471,43.082],[80.473,42.886],[80.287,42.821],[80.214,42.431]]]]}},{"type":"Feature","id":"cliopatria-c47addb2bd155033d62139fe","properties":{"NAME":"Xin Dynasty","ABBREVN":null,"CONTROL":null,"SUBJECTO":"Xin Dynasty","PARTOF":null,"BORDERPRECISION":1,"FromYear":6,"ToYear":13,"Area":4465243.605856316,"Type":"POLITY","Wikipedia":"Xin dynasty","Wikidata":"Q504769","SeshatID":"","Components":"","MemberOf":"","sourceFeatureId":"cliopatria-c47addb2bd155033d62139fe","datasetId":"cliopatria"},"geometry":{"type":"MultiPolygon","coordinates":[[[[109.862,18.35],[109.841,18.222],[109.25,18.222],[109.123,18.35],[108.765,18.415],[108.638,18.543],[108.704,19.379],[109.203,19.701],[109.246,19.958],[110.157,20.086],[110.591,20.022],[110.613,20.151],[110.909,20.151],[111.087,19.893],[111.032,19.572],[110.884,19.572],[110.851,19.379],[110.681,19.251],[110.508,18.672],[110.19,18.543],[110.179,18.479],[109.862,18.35]]],[[[100.703,28.701],[100.72,28.765],[100.795,28.765],[100.779,28.701],[100.703,28.701]]],[[[114.561,40.355],[114.527,40.291],[115.159,40.291],[115.292,40.096],[115.45,40.096],[115.55,39.838],[116.452,39.902],[117.295,40.291],[118.236,40.42],[118.705,40.55],[118.778,40.679],[119.174,40.679],[123.087,41.911],[123.167,41.911],[123.127,41.847],[123.405,41.782],[123.365,41.717],[123.604,41.717],[123.564,41.652],[124.042,41.522],[124.002,41.457],[124.28,41.392],[124.24,41.327],[124.479,41.327],[124.439,41.263],[124.717,41.198],[124.678,41.133],[125.831,41.327],[125.79,41.263],[126.108,41.263],[126.187,41.133],[126.901,41.003],[126.861,40.938],[127.099,40.938],[127.059,40.874],[126.425,40.614],[126.269,40.355],[126.432,40.096],[126.709,40.032],[126.832,39.838],[126.728,39.385],[126.964,39.385],[126.854,39.191],[127.023,38.933],[126.937,38.351],[126.348,37.835],[126.27,37.835],[125.845,37.771],[125.835,37.9],[125.678,37.9],[125.387,37.642],[125.231,37.642],[125.298,37.771],[125.209,37.9],[124.897,37.9],[125.077,38.093],[124.764,38.093],[124.866,38.287],[124.788,38.287],[124.961,38.61],[125.153,38.674],[125.189,38.739],[125.032,38.739],[125.39,39.385],[125.306,39.514],[124.87,39.579],[124.865,39.708],[124.512,39.644],[124.345,39.902],[124.034,39.773],[123.597,39.838],[122.936,39.644],[122.17,39.256],[121.952,38.997],[121.716,38.997],[121.422,38.739],[121.029,38.739],[121.201,39.062],[121.515,39.062],[121.69,39.385],[121.297,39.385],[121.21,39.514],[121.281,39.644],[121.438,39.644],[121.503,39.902],[121.776,39.967],[122.231,40.485],[122.106,40.679],[121.827,40.744],[121.824,40.874],[121.11,40.874],[120.997,40.679],[120.647,40.485],[120.5,40.226],[119.38,39.773],[119.215,39.32],[118.989,39.191],[118.45,39.062],[118.057,39.062],[118.046,39.191],[117.776,39.126],[117.576,38.739],[117.655,38.739],[117.602,38.481],[117.759,38.481],[117.773,38.351],[118.054,38.287],[118.067,38.158],[118.583,38.093],[118.648,38.222],[118.804,38.222],[118.772,38.158],[119.457,37.964],[119.393,37.835],[119.237,37.835],[118.984,37.319],[119.14,37.319],[119.156,37.19],[119.701,37.19],[119.827,37.448],[120.202,37.577],[120.188,37.706],[120.754,37.9],[121.112,37.835],[121.171,37.642],[121.483,37.642],[121.497,37.513],[122.154,37.577],[122.121,37.513],[122.713,37.448],[122.474,37.126],[122.566,36.997],[122.394,36.804],[121.912,36.933],[121.212,36.61],[120.979,36.61],[120.965,36.417],[120.732,36.417],[120.659,36.095],[120.318,36.031],[119.986,35.645],[119.619,35.516],[119.228,34.808],[119.459,34.808],[119.431,34.744],[119.711,34.679],[119.732,34.551],[120.342,34.358],[120.489,34.165],[120.55,33.586],[120.926,33.2],[120.919,32.622],[121.403,32.493],[121.503,32.172],[121.961,31.979],[121.937,31.722],[121.836,31.658],[121.301,31.85],[120.919,31.85],[121.454,31.658],[121.481,31.529],[121.634,31.529],[121.584,31.4],[121.737,31.4],[121.995,31.079],[121.899,30.822],[121.519,30.822],[121.197,30.565],[121.045,30.565],[120.68,30.179],[120.809,30.115],[121.105,30.308],[121.484,30.308],[121.62,30.051],[122.03,29.922],[121.865,29.665],[122.016,29.665],[121.938,29.215],[121.712,29.215],[121.745,29.537],[121.571,29.472],[121.647,29.472],[121.539,29.151],[121.744,29.087],[121.714,28.765],[121.522,28.637],[121.652,28.572],[121.646,28.315],[121.379,28.187],[121.153,28.187],[121.193,28.315],[121.118,28.315],[121.038,28.058],[120.868,27.994],[120.715,27.737],[120.657,27.544],[120.733,27.544],[120.545,27.158],[120.395,27.158],[120.247,26.901],[120.096,26.901],[120.061,26.772],[120.211,26.772],[120.158,26.579],[119.84,26.515],[119.938,26.322],[119.587,26.129],[119.778,26.001],[119.53,25.615],[119.904,25.615],[119.872,25.486],[119.616,25.358],[119.273,25.486],[119.391,25.358],[119.344,25.165],[119.029,25.101],[119.074,24.972],[118.819,24.844],[118.76,24.586],[118.147,24.522],[118.076,24.201],[117.721,23.943],[117.694,23.815],[117.47,23.815],[117.179,23.493],[116.894,23.558],[116.78,23.365],[116.815,23.172],[116.591,23.172],[116.54,22.915],[115.696,22.786],[115.671,22.658],[115.373,22.658],[115.174,22.786],[114.902,22.529],[114.753,22.529],[114.641,22.722],[114.531,22.143],[114.37,22.079],[113.999,22.079],[113.996,22.465],[113.785,22.529],[113.747,22.722],[113.599,22.722],[113.699,22.465],[113.639,22.143],[113.416,22.143],[113.318,22.015],[113.106,22.079],[113.071,21.886],[112.774,21.886],[112.441,21.693],[111.859,21.758],[111.664,21.501],[110.984,21.436],[110.739,21.308],[110.716,21.179],[110.419,21.179],[110.483,21.115],[110.364,20.858],[110.616,20.601],[110.487,20.279],[109.883,20.215],[109.927,20.472],[109.789,20.536],[109.77,20.858],[109.696,20.858],[109.87,21.436],[109.807,21.501],[109.116,21.372],[109.086,21.629],[108.652,21.693],[108.555,21.565],[107.79,21.436],[107.417,20.986],[106.961,20.922],[106.834,20.601],[106.685,20.601],[106.537,20.151],[105.965,19.829],[105.734,18.865],[106.051,18.543],[106.031,18.415],[106.178,18.415],[106.295,18.222],[106.57,18.093],[106.571,17.643],[106.772,17.515],[106.752,17.386],[107.026,17.258],[106.765,17],[106.534,16.936],[105.144,18.415],[105.185,18.672],[105.037,18.672],[105.142,18.865],[105.015,18.993],[105.014,19.443],[104.94,19.443],[104.992,19.765],[104.865,19.893],[104.981,20.151],[104.44,20.472],[104.619,20.665],[104.905,20.601],[104.873,20.858],[105.096,20.858],[104.851,21.179],[104.979,21.501],[104.926,21.629],[105.096,21.758],[105.128,21.951],[104.874,22.208],[105.249,22.658],[105.175,22.658],[105.22,22.915],[105.117,23.172],[104.956,23.108],[104.905,23.236],[102.99,23.365],[102.801,23.558],[102.651,23.558],[102.474,23.815],[102.325,23.815],[102.086,24.136],[101.936,24.136],[101.835,24.393],[101.698,24.458],[101.722,24.586],[101.523,24.715],[101.548,24.844],[101.411,24.908],[101.352,25.358],[101.037,26.001],[101.093,26.258],[100.925,26.515],[100.968,26.708],[100.802,26.965],[100.792,27.865],[100.673,27.994],[100.846,28.38],[100.695,28.38],[100.837,28.637],[100.933,29.279],[100.858,29.279],[100.849,29.794],[100.773,29.794],[100.828,29.987],[100.598,30.501],[100.982,31.272],[101.836,32.043],[102.158,32.557],[102.312,33.457],[102.235,33.457],[102.325,33.715],[102.248,33.715],[102.409,34.165],[103.479,34.358],[103.735,35.451],[103.63,35.58],[103.677,35.902],[103.6,35.902],[103.676,36.095],[103.467,36.353],[103.518,36.482],[103.389,36.546],[103.44,36.675],[103.311,36.739],[103.363,36.868],[103.208,37.062],[102.871,37.19],[102.611,37.126],[102.586,37.255],[102.171,37.384],[102.172,37.577],[102.043,37.642],[102.096,37.771],[101.755,37.513],[101.601,37.706],[101.315,37.771],[101.29,37.9],[100.796,38.029],[100.799,38.222],[100.642,38.222],[100.414,38.61],[100.199,38.287],[99.862,38.416],[99.379,39.126],[99.092,39.191],[99.12,39.256],[98.958,39.062],[98.384,39.191],[98.117,38.933],[97.96,38.933],[97.857,39.062],[97.492,39.126],[97.468,39.256],[96.763,39.45],[96.681,39.256],[96.76,39.256],[96.678,39.062],[96.757,39.062],[96.677,38.868],[96.755,38.868],[96.649,38.61],[96.414,38.61],[96.31,38.739],[95.682,38.933],[95.319,39.385],[94.977,39.32],[94.506,39.514],[93.955,39.514],[93.088,39.32],[92.248,39.385],[91.123,39.126],[89.58,38.997],[88.746,38.868],[87.662,38.481],[86.44,38.351],[86.081,38.222],[85.813,37.9],[85.356,37.706],[85.113,37.448],[81.031,36.61],[80.371,36.997],[79.398,37.126],[79.145,37.319],[78.424,37.513],[78.386,37.642],[78.093,37.706],[77.801,38.029],[77.841,38.158],[77.667,38.351],[77.51,38.351],[77.414,38.545],[77.258,38.545],[77.025,38.803],[75.792,39.126],[73.769,39.45],[73.69,39.45],[73.395,39.514],[73.573,39.579],[73.8,40.291],[73.526,40.42],[73.489,40.55],[73.331,40.55],[73.294,40.679],[72.998,40.744],[73.019,40.809],[73.343,41.068],[74.751,41.003],[77.35,41.392],[77.374,41.457],[77.875,41.522],[78.92,41.976],[80.083,42.301],[80.163,42.301],[80.188,42.366],[80.534,42.431],[80.963,42.301],[82.056,42.236],[84.108,42.756],[85.792,42.756],[85.764,42.691],[88.105,42.366],[88.077,42.301],[88.848,42.236],[88.82,42.171],[89.642,42.041],[89.613,41.976],[90.223,41.911],[90.195,41.847],[90.434,41.847],[90.536,41.717],[90.775,41.717],[91.27,41.392],[92.349,41.133],[92.321,41.068],[93.296,40.938],[93.268,40.874],[93.715,40.809],[93.687,40.744],[95.23,41.003],[96.926,41.068],[96.897,41.003],[97.63,40.874],[98.037,40.55],[98.274,40.55],[98.503,40.355],[98.948,40.291],[98.918,40.226],[99.284,40.161],[99.384,40.032],[100.173,40.032],[100.144,39.967],[100.381,39.967],[100.737,39.708],[101.181,39.644],[101.165,39.256],[101.559,39.256],[101.63,39.062],[102.123,38.933],[102.095,38.868],[103.132,39.256],[103.812,39.708],[104.583,39.838],[104.668,39.514],[103.939,39.126],[103.608,38.739],[104.293,38.868],[104.393,38.739],[104.991,38.674],[104.963,38.61],[106.09,38.674],[106.703,39.32],[106.86,39.32],[107.172,39.644],[107.329,39.644],[107.442,39.385],[107.678,39.385],[108.197,39.967],[109.736,40.355],[111.906,40.42],[111.872,40.355],[112.945,40.291],[113.024,40.291],[113.058,40.355],[114.561,40.355]]],[[[122.273,30.179],[122.28,29.987],[121.977,29.987],[122.022,30.115],[122.045,30.179],[122.273,30.179]]]]}},{"type":"Feature","id":"cliopatria-e01dc83d4e75032164f204bb","properties":{"NAME":"Xiongnu","ABBREVN":null,"CONTROL":null,"SUBJECTO":"Xiongnu","PARTOF":null,"BORDERPRECISION":1,"FromYear":6,"ToYear":13,"Area":2403961.1399992243,"Type":"POLITY","Wikipedia":"Xiongnu","Wikidata":"Q188836","SeshatID":"mn_hunnu_late","Components":"","MemberOf":"","sourceFeatureId":"cliopatria-e01dc83d4e75032164f204bb","datasetId":"cliopatria"},"geometry":{"type":"MultiPolygon","coordinates":[[[[101.112,51.58],[101.875,51.58],[101.829,51.513],[102.123,51.447],[102.077,51.38],[102.201,51.313],[102.11,51.179],[102.353,50.912],[102.263,50.779],[102.348,50.779],[102.383,50.579],[102.76,50.512],[102.716,50.446],[102.884,50.446],[102.84,50.379],[103.177,50.379],[103.133,50.313],[103.301,50.313],[103.257,50.246],[104.181,50.246],[105.032,50.512],[106.417,50.446],[106.372,50.379],[106.792,50.379],[106.746,50.313],[107.282,50.113],[107.236,50.046],[107.823,50.046],[107.817,49.914],[107.984,49.914],[108.055,49.648],[108.345,49.582],[108.34,49.449],[108.713,49.383],[108.493,49.051],[108.699,48.985],[108.695,48.853],[108.858,48.72],[108.772,48.588],[108.895,48.522],[108.81,48.39],[108.893,48.39],[108.808,48.258],[108.89,48.258],[108.598,47.928],[108.432,47.532],[108.638,47.466],[108.681,47.269],[108.845,47.269],[109.012,47.006],[108.931,46.874],[109.095,46.874],[109.22,46.677],[109.467,46.677],[109.304,46.546],[109.388,46.415],[109.552,46.415],[109.846,45.955],[109.767,45.824],[110.186,45.3],[110.107,45.17],[110.699,44.255],[110.623,44.124],[110.703,44.124],[110.627,43.994],[110.712,43.863],[109.536,41.782],[109.759,41.457],[109.997,41.457],[109.963,41.392],[110.122,41.392],[110.211,41.263],[113.593,41.198],[113.557,41.133],[114.034,41.133],[113.998,41.068],[114.236,41.068],[114.201,41.003],[114.633,41.068],[114.685,40.874],[114.843,40.874],[114.851,40.744],[115.054,40.679],[114.596,40.42],[114.561,40.355],[113.058,40.355],[112.979,40.355],[112.945,40.291],[111.872,40.355],[111.906,40.42],[109.736,40.355],[108.197,39.967],[107.678,39.385],[107.442,39.385],[107.329,39.644],[107.172,39.644],[106.86,39.32],[106.703,39.32],[106.09,38.674],[104.963,38.61],[104.991,38.674],[104.393,38.739],[104.293,38.868],[103.608,38.739],[103.939,39.126],[104.668,39.514],[104.583,39.838],[103.812,39.708],[103.132,39.256],[102.095,38.868],[102.123,38.933],[101.63,39.062],[101.559,39.256],[101.165,39.256],[101.181,39.644],[100.737,39.708],[100.381,39.967],[100.144,39.967],[100.173,40.032],[99.384,40.032],[99.284,40.161],[98.918,40.226],[98.948,40.291],[98.503,40.355],[98.274,40.55],[98.037,40.55],[97.63,40.874],[96.897,41.003],[96.926,41.068],[95.23,41.003],[93.687,40.744],[93.715,40.809],[93.268,40.874],[93.296,40.938],[92.321,41.068],[92.349,41.133],[91.27,41.392],[90.775,41.717],[90.536,41.717],[90.434,41.847],[90.195,41.847],[90.223,41.911],[89.613,41.976],[89.642,42.041],[88.82,42.171],[88.848,42.236],[88.077,42.301],[88.105,42.366],[85.764,42.691],[85.792,42.756],[84.108,42.756],[82.056,42.236],[80.963,42.301],[80.534,42.431],[80.188,42.366],[80.214,42.431],[80.287,42.821],[80.473,42.886],[80.471,43.082],[80.632,43.082],[80.791,43.277],[80.683,43.407],[80.735,43.538],[80.357,43.994],[80.383,44.451],[80.302,44.451],[80.41,44.712],[79.978,44.843],[80.005,44.908],[79.518,44.908],[79.545,44.973],[78.569,45.17],[78.35,45.431],[77.996,45.562],[78.022,45.824],[77.831,45.955],[77.802,46.283],[77.883,46.283],[78.975,46.349],[79.086,46.612],[79.801,46.94],[85.324,48.192],[85.786,48.456],[86.399,48.522],[86.549,48.654],[86.848,48.588],[86.914,48.72],[87.667,49.051],[87.652,49.184],[87.819,49.184],[88.244,49.515],[88.746,49.515],[89.606,49.714],[89.512,49.847],[89.585,49.98],[89.837,49.98],[90.116,50.179],[90.78,50.313],[91.063,50.512],[91.315,50.512],[91.892,50.779],[92.771,50.979],[93.272,51.246],[94.708,51.647],[98.585,52.116],[98.932,52.25],[98.886,52.183],[99.267,52.116],[99.221,52.049],[99.391,52.049],[99.346,51.982],[99.686,51.982],[99.641,51.915],[100.105,51.848],[100.06,51.781],[100.739,51.781],[100.694,51.714],[100.948,51.714],[100.903,51.647],[101.073,51.647],[101.027,51.58],[101.112,51.58]]],[[[77.802,46.283],[77.72,46.283],[77.747,46.349],[77.829,46.349],[77.802,46.283]]],[[[109.386,46.546],[109.426,46.612],[109.508,46.612],[109.468,46.546],[109.386,46.546]]]]}},{"type":"Feature","id":"cliopatria-68634b23e8fea0363fadd593","properties":{"NAME":"(Alliance between Han Dynasty and Xiongnu)","ABBREVN":null,"CONTROL":null,"SUBJECTO":"(Alliance between Han Dynasty and Xiongnu)","PARTOF":null,"BORDERPRECISION":1,"FromYear":6,"ToYear":13,"Area":2404104.5757395783,"Type":"RELATION","Wikipedia":"Han dynasty","Wikidata":"Q1068371","SeshatID":"cn_western_han_dyn;mn_hunnu_late","Components":"Han Dynasty;Xiongnu","MemberOf":"","sourceFeatureId":"cliopatria-68634b23e8fea0363fadd593","datasetId":"cliopatria"},"geometry":{"type":"MultiPolygon","coordinates":[[[[112.945,40.291],[111.872,40.355],[111.906,40.42],[109.736,40.355],[108.197,39.967],[107.678,39.385],[107.442,39.385],[107.329,39.644],[107.172,39.644],[106.86,39.32],[106.703,39.32],[106.09,38.674],[104.963,38.61],[104.991,38.674],[104.393,38.739],[104.293,38.868],[103.608,38.739],[103.939,39.126],[104.668,39.514],[104.583,39.838],[103.812,39.708],[103.132,39.256],[102.095,38.868],[102.123,38.933],[101.63,39.062],[101.559,39.256],[101.165,39.256],[101.181,39.644],[100.737,39.708],[100.381,39.967],[100.144,39.967],[100.173,40.032],[99.384,40.032],[99.284,40.161],[98.918,40.226],[98.948,40.291],[98.503,40.355],[98.274,40.55],[98.037,40.55],[97.63,40.874],[96.897,41.003],[96.926,41.068],[95.23,41.003],[93.687,40.744],[93.715,40.809],[93.268,40.874],[93.296,40.938],[92.321,41.068],[92.349,41.133],[91.27,41.392],[90.775,41.717],[90.536,41.717],[90.434,41.847],[90.195,41.847],[90.223,41.911],[89.613,41.976],[89.642,42.041],[88.82,42.171],[88.848,42.236],[88.077,42.301],[88.105,42.366],[85.764,42.691],[85.792,42.756],[84.108,42.756],[82.056,42.236],[80.963,42.301],[80.534,42.431],[80.188,42.366],[80.163,42.301],[80.083,42.301],[80.108,42.366],[80.134,42.431],[80.214,42.431],[80.287,42.821],[80.473,42.886],[80.471,43.082],[80.632,43.082],[80.791,43.277],[80.683,43.407],[80.735,43.538],[80.357,43.994],[80.383,44.451],[80.302,44.451],[80.41,44.712],[79.978,44.843],[80.005,44.908],[79.518,44.908],[79.545,44.973],[78.569,45.17],[78.35,45.431],[77.996,45.562],[78.022,45.824],[77.831,45.955],[77.802,46.283],[77.883,46.283],[78.975,46.349],[79.086,46.612],[79.801,46.94],[85.324,48.192],[85.786,48.456],[86.399,48.522],[86.549,48.654],[86.848,48.588],[86.914,48.72],[87.667,49.051],[87.652,49.184],[87.819,49.184],[88.244,49.515],[88.746,49.515],[89.606,49.714],[89.512,49.847],[89.585,49.98],[89.837,49.98],[90.116,50.179],[90.78,50.313],[91.063,50.512],[91.315,50.512],[91.892,50.779],[92.771,50.979],[93.272,51.246],[94.708,51.647],[98.585,52.116],[98.932,52.25],[98.886,52.183],[99.267,52.116],[99.221,52.049],[99.391,52.049],[99.346,51.982],[99.686,51.982],[99.641,51.915],[100.105,51.848],[100.06,51.781],[100.739,51.781],[100.694,51.714],[100.948,51.714],[100.903,51.647],[101.073,51.647],[101.027,51.58],[101.112,51.58],[101.875,51.58],[101.829,51.513],[102.123,51.447],[102.077,51.38],[102.201,51.313],[102.11,51.179],[102.353,50.912],[102.263,50.779],[102.348,50.779],[102.383,50.579],[102.76,50.512],[102.716,50.446],[102.884,50.446],[102.84,50.379],[103.177,50.379],[103.133,50.313],[103.301,50.313],[103.257,50.246],[104.181,50.246],[105.032,50.512],[106.417,50.446],[106.372,50.379],[106.792,50.379],[106.746,50.313],[107.282,50.113],[107.236,50.046],[107.823,50.046],[107.817,49.914],[107.984,49.914],[108.055,49.648],[108.345,49.582],[108.34,49.449],[108.713,49.383],[108.493,49.051],[108.699,48.985],[108.695,48.853],[108.858,48.72],[108.772,48.588],[108.895,48.522],[108.81,48.39],[108.893,48.39],[108.808,48.258],[108.89,48.258],[108.598,47.928],[108.432,47.532],[108.638,47.466],[108.681,47.269],[108.845,47.269],[109.012,47.006],[108.931,46.874],[109.095,46.874],[109.22,46.677],[109.467,46.677],[109.304,46.546],[109.388,46.415],[109.552,46.415],[109.846,45.955],[109.767,45.824],[110.186,45.3],[110.107,45.17],[110.699,44.255],[110.623,44.124],[110.703,44.124],[110.627,43.994],[110.712,43.863],[109.536,41.782],[109.759,41.457],[109.997,41.457],[109.963,41.392],[110.122,41.392],[110.211,41.263],[113.593,41.198],[113.557,41.133],[114.034,41.133],[113.998,41.068],[114.236,41.068],[114.201,41.003],[114.633,41.068],[114.685,40.874],[114.843,40.874],[114.851,40.744],[115.054,40.679],[114.596,40.42],[114.561,40.355],[113.058,40.355],[113.024,40.291],[112.945,40.291]]],[[[77.72,46.283],[77.747,46.349],[77.829,46.349],[77.802,46.283],[77.72,46.283]]],[[[109.426,46.612],[109.508,46.612],[109.468,46.546],[109.386,46.546],[109.426,46.612]]]]}},{"type":"Feature","id":"cliopatria-134c2a0b7177cbce2e0b8552","properties":{"NAME":"Nabataeans","ABBREVN":null,"CONTROL":null,"SUBJECTO":"Nabataeans","PARTOF":null,"BORDERPRECISION":1,"FromYear":6,"ToYear":90,"Area":90836.55932922022,"Type":"POLITY","Wikipedia":"Nabataeans","Wikidata":"Q220594","SeshatID":"jo_nabataean_k","Components":"","MemberOf":"","sourceFeatureId":"cliopatria-134c2a0b7177cbce2e0b8552","datasetId":"cliopatria"},"geometry":{"type":"MultiPolygon","coordinates":[[[[37.07,26.837],[37.075,26.901],[37.15,26.901],[37.146,26.837],[37.07,26.837]]],[[[38.056,26.965],[38.06,27.029],[38.135,27.029],[38.131,26.965],[38.056,26.965]]],[[[37.839,27.094],[37.844,27.158],[37.919,27.158],[37.914,27.094],[37.839,27.094]]],[[[36.401,28.058],[36.552,28.058],[36.689,27.865],[37.127,27.672],[37.26,27.415],[37.481,27.351],[37.472,27.222],[37.769,27.158],[38.051,26.901],[38.206,26.965],[38.268,26.772],[38.493,26.772],[38.409,26.644],[38.696,26.451],[38.692,26.387],[38.467,26.387],[38.229,26.194],[38.154,26.194],[38.163,26.322],[37.95,26.515],[37.654,26.579],[37.154,26.965],[37,26.901],[37.017,27.158],[36.508,27.415],[36.37,27.608],[35.706,27.801],[35.4,27.737],[35.409,27.865],[35.049,28.122],[34.593,28.058],[34.605,28.251],[34.854,28.572],[34.913,29.408],[34.752,29.279],[34.711,28.701],[34.547,28.508],[34.517,28.058],[34.358,27.93],[34.346,27.737],[33.902,27.865],[33.554,28.315],[33.403,28.315],[33.189,28.508],[33.214,28.894],[32.857,29.215],[32.597,29.858],[32.602,29.922],[33.151,30.179],[34.303,30.372],[34.389,30.501],[35.593,30.372],[35.842,30.629],[36.146,30.629],[36.14,30.565],[35.866,29.987],[35.929,28.83],[35.924,28.765],[36.401,28.058]]]]}},{"type":"Feature","id":"cliopatria-a067cc1b5dd74dc11423507d","properties":{"NAME":"Indo-Greeks","ABBREVN":null,"CONTROL":null,"SUBJECTO":"Indo-Greeks","PARTOF":null,"BORDERPRECISION":1,"FromYear":9,"ToYear":13,"Area":73704.4941606282,"Type":"POLITY","Wikipedia":"Indo-Greek Kingdom","Wikidata":"Q215643","SeshatID":"","Components":"","MemberOf":"","sourceFeatureId":"cliopatria-a067cc1b5dd74dc11423507d","datasetId":"cliopatria"},"geometry":{"type":"MultiPolygon","coordinates":[[[[76.127,32.75],[76.081,32.557],[76.54,32.236],[76.479,31.979],[76.162,31.593],[75.334,30.951],[74.443,30.694],[73.911,30.694],[73.835,30.694],[73.165,30.758],[72.748,30.951],[72.561,31.143],[72.588,31.272],[72.449,31.336],[72.441,31.658],[72.573,31.915],[73.585,33.007],[73.662,33.007],[73.984,33.072],[74.183,32.943],[74.351,33.007],[75.469,32.879],[75.882,32.686],[76.051,32.75],[76.127,32.75]]],[[[74.275,33.007],[74.198,33.007],[74.213,33.072],[74.29,33.072],[74.275,33.007]]]]}},{"type":"Feature","id":"cliopatria-8fd362bf278607f876e0e81f","properties":{"NAME":"Roman Empire","ABBREVN":null,"CONTROL":null,"SUBJECTO":"Roman Empire","PARTOF":null,"BORDERPRECISION":1,"FromYear":9,"ToYear":13,"Area":3477419.2031669505,"Type":"POLITY","Wikipedia":"Roman Empire","Wikidata":"Q12544","SeshatID":"it_roman_principate","Components":"","MemberOf":"","sourceFeatureId":"cliopatria-8fd362bf278607f876e0e81f","datasetId":"cliopatria"},"geometry":{"type":"MultiPolygon","coordinates":[[[[14.34,36.031],[14.417,36.031],[14.571,35.966],[14.568,35.773],[14.337,35.838],[14.34,36.031]]],[[[7.324,50.712],[7.329,50.512],[7.761,49.914],[8.175,50.246],[8.512,50.113],[8.516,49.847],[8.433,49.847],[8.52,49.582],[8.353,49.582],[8.277,49.118],[8.112,49.051],[8.197,48.919],[7.868,48.72],[7.871,48.588],[7.707,48.456],[7.559,47.598],[8.549,47.664],[8.547,47.796],[8.877,47.796],[8.957,48.06],[9.121,48.192],[9.782,48.39],[9.864,48.522],[9.947,48.522],[9.947,48.588],[10.03,48.588],[10.03,48.522],[10.445,48.522],[10.943,48.787],[11.36,48.853],[11.694,49.118],[12.111,49.184],[12.938,48.72],[13.519,48.654],[14.258,48.258],[14.508,48.324],[14.67,48.192],[14.919,48.192],[14.915,48.06],[16.143,47.664],[16.139,47.532],[16.221,47.532],[16.128,47.203],[16.208,47.137],[16.041,47.072],[16.037,46.94],[16.119,46.94],[16.035,46.874],[16.02,46.415],[16.102,46.415],[16.009,46.087],[16.171,46.021],[16.166,45.89],[16.57,45.759],[16.486,45.693],[16.563,45.562],[16.973,45.628],[17.049,45.497],[18.024,45.431],[18.181,45.3],[18.591,45.366],[18.988,45.17],[19.15,45.17],[19.238,45.3],[20.218,45.366],[20.37,45.17],[20.61,45.104],[20.521,44.973],[20.671,44.777],[21.41,44.908],[21.64,44.712],[21.884,44.712],[22.032,44.516],[22.194,44.516],[22.37,44.712],[22.694,44.712],[22.766,44.581],[22.518,44.516],[22.509,44.385],[22.975,44.124],[22.876,43.863],[23.526,43.929],[23.924,43.863],[24.075,43.733],[24.156,43.733],[24.141,43.538],[23.975,43.472],[23.949,43.147],[23.703,43.082],[23.689,42.886],[23.519,42.756],[23.575,42.431],[23.326,42.301],[23.214,41.847],[23.448,41.782],[23.744,41.457],[25.68,41.782],[26.233,41.717],[26.574,41.976],[27.464,42.106],[27.317,42.236],[27.329,42.366],[27.175,42.431],[27.193,42.626],[27.452,42.821],[27.657,43.277],[27.992,43.407],[28.018,43.668],[28.3,44.059],[28.463,44.843],[28.802,44.973],[28.795,44.908],[28.841,44.581],[28.577,44.385],[28.536,43.994],[28.616,43.994],[28.481,43.472],[28.159,43.472],[28.226,43.342],[27.898,43.277],[27.805,43.147],[27.847,42.756],[27.514,42.626],[27.495,42.431],[27.796,42.236],[27.784,42.106],[28.004,41.911],[27.979,41.652],[28.218,41.652],[28.352,41.392],[28.976,41.263],[28.963,41.133],[30.479,41.198],[30.624,41.068],[31.18,41.068],[31.534,41.392],[32.027,41.522],[32.042,41.652],[32.193,41.587],[32.695,41.782],[32.631,41.911],[34.785,41.911],[34.882,42.041],[35.121,42.041],[35.157,41.717],[35.954,41.717],[36.209,41.263],[36.925,41.263],[36.915,41.198],[36.897,41.068],[36.473,40.874],[36.412,41.003],[36.085,40.938],[35.184,41.327],[34.849,41.198],[34.578,40.938],[34.561,40.809],[34.791,40.744],[34.616,40.614],[34.489,40.226],[34.568,40.226],[34.536,39.967],[34.828,39.773],[34.726,39.579],[34.767,39.256],[34.479,38.803],[33.68,38.674],[33.267,38.481],[33.304,38.093],[33.128,37.9],[33.095,37.577],[32.758,37.319],[32.733,37.062],[32.864,36.804],[33.097,36.804],[33.434,37.062],[34.304,37.19],[34.565,37.448],[34.877,37.448],[35.054,37.642],[35.671,37.577],[35.998,37.706],[36.348,38.029],[37.115,37.9],[37.13,38.029],[37.451,38.093],[38.312,38.093],[38.39,38.093],[38.382,38.029],[38.46,38.029],[38.452,37.964],[38.443,37.9],[38.333,37.642],[37.989,37.384],[37.958,37.126],[38.176,36.997],[38.13,36.61],[38.208,36.61],[38.07,36.095],[38.428,35.838],[39.497,35.709],[39.938,35.516],[40.062,35.258],[40.278,35.13],[40.263,35.001],[40.479,34.872],[40.55,34.165],[40.473,34.165],[40.311,34.1],[40.403,34.229],[40.257,34.293],[39.124,34.486],[37.99,33.972],[37.739,33.779],[37.726,33.65],[37.573,33.65],[37.073,33.264],[37.054,33.072],[36.901,33.072],[36.717,32.75],[36.751,32.3],[36.516,32.236],[36.656,32.107],[36.492,31.979],[36.463,31.658],[36.387,31.658],[36.423,31.208],[36.271,31.208],[36.401,30.951],[36.151,30.694],[36.146,30.629],[35.842,30.629],[35.593,30.372],[34.389,30.501],[34.303,30.372],[33.151,30.179],[32.602,29.922],[32.526,29.922],[32.429,29.601],[32.639,29.344],[32.689,28.958],[32.836,28.894],[33.105,28.38],[33.609,27.994],[33.585,27.608],[33.799,27.415],[33.927,27.029],[34.073,26.965],[34.051,26.579],[34.197,26.515],[34.461,25.872],[34.608,25.808],[35.146,24.651],[35.86,24.008],[35.854,23.879],[35.559,23.943],[35.553,23.815],[35.108,23.879],[33.756,23.686],[33.682,23.686],[33.389,23.815],[32.041,23.686],[31.67,23.751],[30.537,23.365],[30.463,23.365],[30.395,23.558],[30.104,23.751],[30.109,23.879],[29.959,23.879],[29.673,24.201],[28.569,24.651],[28.289,25.165],[28.244,25.936],[28.345,26.579],[28.27,26.579],[28.154,27.351],[27.937,27.544],[27.711,27.544],[27.792,27.672],[27.43,27.994],[27.276,27.93],[27.285,28.122],[27.14,28.251],[25.586,28.958],[25.373,29.279],[25.147,29.279],[25.001,29.408],[24.847,29.344],[24.779,29.537],[24.33,29.665],[24.26,29.794],[23.51,29.987],[22.916,30.308],[22.762,30.244],[22.767,30.372],[21.939,30.565],[20.952,30.565],[19.191,30.051],[18.281,30.051],[16.701,30.694],[15.49,30.951],[15.184,30.886],[15.187,31.079],[14.584,31.529],[14.586,31.658],[13.829,32.107],[13.295,32.236],[13.066,32.172],[13.067,32.3],[12.456,32.365],[11.768,32.3],[11.768,32.429],[11.539,32.429],[11.463,32.557],[11.31,32.493],[11.157,32.686],[10.392,33.007],[10.009,33.007],[10.085,33.136],[9.625,33.136],[9.547,33.329],[9.624,33.457],[9.316,33.586],[9.083,34.036],[8.929,34.036],[8.928,34.165],[8.773,34.229],[8.081,34.229],[8.002,34.422],[7.615,34.551],[7.153,34.486],[6.92,34.615],[6.459,34.551],[6.148,34.679],[5.379,34.615],[5.302,34.615],[5.29,35.13],[5.439,35.387],[5.339,36.353],[5.416,36.353],[5.407,36.739],[5.485,36.739],[5.564,36.675],[5.639,36.804],[6.106,36.804],[6.103,36.933],[6.334,37.062],[6.805,36.868],[7.194,36.868],[7.346,37.062],[7.502,37.062],[7.738,36.868],[8.516,36.868],[8.903,37.126],[9.059,37.062],[9.603,37.319],[9.993,37.19],[10.227,37.255],[10.228,37.062],[10.305,37.062],[10.228,36.804],[10.462,36.739],[11.006,36.997],[11.006,36.804],[10.462,36.417],[10.54,36.353],[10.464,35.902],[10.696,35.709],[10.851,35.773],[10.928,35.58],[11.083,35.58],[11.083,35.387],[11.006,35.387],[11.083,35.001],[10.851,34.937],[10.851,34.808],[10.543,34.551],[10.004,34.293],[10.082,34.229],[10.006,33.907],[10.237,33.715],[10.544,33.715],[10.698,33.522],[11.082,33.586],[11.158,33.2],[11.464,33.2],[12.229,32.814],[12.612,32.879],[12.535,32.75],[12.841,32.75],[12.842,32.879],[13.302,32.943],[13.454,32.814],[13.761,32.879],[13.759,32.75],[14.065,32.75],[14.444,32.493],[14.675,32.557],[14.749,32.429],[15.055,32.429],[15.282,32.3],[15.425,31.658],[15.576,31.593],[15.649,31.4],[16.179,31.208],[17.469,31.079],[18.222,30.758],[18.592,30.372],[19.272,30.244],[19.886,30.501],[20.202,30.886],[20.134,31.143],[20.214,31.272],[19.996,31.593],[20.089,32.107],[20.017,32.236],[20.246,32.236],[20.331,32.493],[20.482,32.429],[20.563,32.557],[20.716,32.557],[20.644,32.686],[20.871,32.622],[21.108,32.814],[21.412,32.75],[21.879,32.943],[23.089,32.622],[23.078,32.365],[23.299,32.172],[23.68,32.172],[24.129,31.979],[24.892,31.979],[25.112,31.786],[25.102,31.593],[25.248,31.465],[26.848,31.465],[27.297,31.336],[27.515,31.143],[28.496,31.015],[28.865,30.822],[29.397,30.822],[29.485,31.015],[29.633,30.951],[29.87,31.079],[29.802,31.208],[29.882,31.272],[30.339,31.272],[30.271,31.4],[30.352,31.465],[30.809,31.465],[30.966,31.529],[30.975,31.658],[31.203,31.658],[31.118,31.529],[31.266,31.465],[31.875,31.465],[31.781,31.208],[31.937,31.272],[32,31.079],[32.304,31.079],[32.237,31.208],[32.532,31.079],[32.765,31.143],[32.832,31.015],[33.983,31.143],[34.297,31.272],[34.308,31.4],[34.633,31.658],[34.573,31.85],[34.813,31.979],[34.77,32.365],[35.022,32.622],[35.056,33.007],[35.215,33.072],[35.398,33.393],[35.346,33.65],[35.499,33.65],[35.447,33.907],[35.684,33.972],[35.644,34.358],[35.792,34.293],[36.049,34.551],[36.068,34.744],[35.927,34.872],[35.96,35.194],[35.882,35.194],[35.993,35.516],[35.845,35.58],[35.99,36.224],[35.842,36.288],[36.265,36.61],[36.286,36.804],[36.145,36.933],[35.834,36.933],[35.488,36.61],[35.332,36.61],[35.113,36.739],[34.95,36.675],[34.893,36.868],[34.582,36.868],[34.251,36.675],[33.979,36.288],[33.274,36.224],[32.713,36.031],[32.558,36.031],[32.499,36.224],[32.068,36.61],[31.086,36.933],[30.619,36.933],[30.492,36.353],[30.026,36.353],[29.938,36.224],[29.24,36.224],[29.125,36.739],[28.736,36.739],[28.591,36.868],[28.357,36.868],[28.187,36.675],[28.031,36.675],[28.138,37.062],[28.065,37.126],[27.598,37.126],[27.539,37.384],[27.223,37.319],[27.31,37.448],[27.163,37.577],[27.256,37.771],[27.178,37.771],[27.275,38.029],[26.889,38.093],[26.82,38.222],[26.429,38.222],[26.384,38.674],[26.536,38.61],[26.595,38.351],[27.065,38.351],[27.08,38.545],[26.849,38.61],[26.958,38.997],[26.879,38.997],[26.894,39.191],[26.742,39.256],[26.847,39.579],[26.132,39.514],[26.168,39.967],[26.247,39.967],[26.272,40.291],[26.605,40.485],[26.684,40.485],[26.673,40.355],[27.47,40.42],[27.538,40.291],[27.696,40.291],[27.792,40.485],[27.95,40.485],[27.939,40.355],[29.046,40.355],[28.9,40.485],[28.913,40.614],[29.48,40.744],[29.493,40.874],[29.249,40.809],[29.103,40.938],[29.116,41.068],[28.633,41.003],[28.407,41.133],[28.169,41.133],[28.077,41.003],[27.527,41.068],[27.017,40.679],[26.921,40.485],[26.626,40.744],[26.14,40.614],[26.082,40.874],[25.378,41.003],[24.347,41.003],[24.011,40.744],[23.698,40.809],[23.685,40.614],[23.839,40.55],[23.737,40.226],[23.267,40.291],[22.884,40.485],[22.892,40.614],[22.655,40.614],[22.56,40.355],[22.544,40.096],[22.702,40.096],[22.611,39.902],[23.135,39.45],[22.816,39.385],[22.797,39.062],[22.958,39.126],[23.493,38.868],[23.332,38.803],[23.025,38.933],[22.936,38.739],[23.167,38.674],[23.313,38.481],[23.626,38.481],[23.563,38.739],[24.03,38.674],[24.179,38.545],[24.159,38.222],[24.002,38.222],[23.979,37.835],[23.443,38.029],[23.208,38.029],[23.201,37.9],[23.044,37.9],[23.108,37.642],[23.342,37.642],[23.402,37.319],[23.169,37.319],[23.176,37.448],[22.949,37.577],[22.714,37.577],[22.701,37.319],[22.853,37.255],[23.056,36.675],[22.833,36.868],[22.599,36.868],[22.512,36.675],[22.356,36.675],[22.22,37.062],[21.909,37.062],[21.899,36.868],[21.744,36.868],[21.681,37.19],[21.603,37.19],[21.697,37.513],[21.244,37.835],[21.416,38.158],[21.729,38.158],[21.738,38.351],[21.193,38.416],[20.974,38.739],[20.741,38.803],[20.911,39.062],[20.297,39.385],[20.155,39.708],[19.918,39.708],[19.912,39.579],[19.758,39.644],[19.764,39.773],[20,39.773],[20.009,39.967],[19.63,40.291],[19.471,40.291],[19.486,40.614],[19.249,40.614],[19.255,40.744],[19.498,40.874],[19.438,41.263],[19.523,41.392],[19.444,41.392],[19.53,41.522],[19.45,41.522],[19.542,41.782],[18.852,42.366],[18.692,42.366],[18.461,42.561],[18.627,42.691],[18.944,42.626],[18.932,42.366],[19.322,42.171],[19.415,42.431],[19.662,42.561],[19.682,42.951],[18.902,43.407],[18.911,43.603],[18.759,43.798],[18.769,43.994],[18.61,44.059],[18.619,44.255],[18.377,44.255],[18.302,44.385],[17.655,44.385],[17.098,44.647],[16.448,44.581],[15.966,44.712],[16.039,44.451],[16.198,44.385],[16.268,44.059],[16.43,44.059],[16.819,43.668],[16.981,43.668],[17.365,43.212],[17.122,43.147],[17.051,43.407],[16.727,43.342],[16.734,43.538],[16.575,43.603],[15.927,43.472],[16.012,43.603],[15.857,43.798],[15.695,43.798],[15.619,43.929],[15.375,43.863],[15.459,43.994],[15.219,44.059],[15.147,44.385],[14.909,44.581],[14.919,44.973],[14.516,45.104],[14.603,45.366],[14.196,45.366],[14.189,45.039],[13.946,45.039],[13.943,44.908],[13.781,44.908],[13.706,45.235],[13.544,45.3],[13.547,45.497],[13.71,45.497],[13.715,45.759],[13.39,45.824],[13.145,45.824],[13.06,45.628],[12.817,45.693],[12.652,45.562],[12.163,45.497],[12.16,45.17],[12.403,45.039],[12.4,44.777],[12.157,44.843],[12.154,44.451],[12.313,44.19],[12.873,43.798],[13.036,43.863],[13.034,43.733],[13.355,43.668],[13.673,43.407],[13.747,43.082],[13.985,42.951],[13.901,42.756],[14.056,42.496],[14.371,42.236],[14.531,42.236],[14.608,42.106],[14.769,42.171],[14.766,42.041],[14.924,41.976],[15.165,42.041],[15.241,41.911],[16.119,41.911],[16.115,41.782],[15.874,41.717],[15.944,41.392],[17.203,41.003],[17.511,40.744],[17.981,40.614],[18.438,40.161],[18.349,39.902],[18.112,39.902],[17.813,40.355],[17.418,40.355],[17.345,40.55],[17.028,40.55],[16.868,40.485],[16.945,40.42],[16.862,40.291],[16.624,40.291],[16.697,40.096],[16.457,39.967],[16.447,39.644],[16.916,39.514],[17.07,39.385],[17.138,39.062],[16.502,38.803],[16.492,38.416],[15.933,37.964],[15.698,37.964],[15.624,38.158],[15.389,38.158],[15.066,37.642],[15.059,37.255],[15.214,37.19],[15.05,36.739],[14.661,36.739],[14.278,37.126],[13.578,37.255],[13.192,37.577],[12.49,37.706],[12.492,37.9],[12.65,38.093],[13.04,38.029],[13.12,38.158],[13.355,38.158],[13.665,37.964],[14.056,37.964],[15.862,38.287],[15.95,38.674],[16.265,38.739],[16.27,38.933],[16.117,39.062],[15.899,39.773],[15.666,39.902],[15.748,40.032],[15.432,40.032],[15.199,40.226],[15.041,40.226],[14.893,40.679],[14.418,40.679],[14.422,40.874],[14.105,40.874],[13.951,41.133],[13.792,41.133],[13.715,41.263],[13,41.327],[12.922,41.457],[12.605,41.522],[12.131,41.911],[12.132,42.041],[11.813,42.106],[11.655,42.366],[11.495,42.301],[11.415,42.431],[11.255,42.431],[11.176,42.626],[11.016,42.626],[11.016,42.821],[10.535,43.082],[10.212,43.994],[9.889,43.994],[9.97,44.124],[9.727,44.124],[9.159,44.451],[8.432,44.385],[8.034,43.929],[7.15,43.733],[6.993,43.538],[6.673,43.472],[6.518,43.212],[6.278,43.147],[5.796,43.147],[5.632,43.277],[5.391,43.277],[5.387,43.407],[5.063,43.472],[4.178,43.472],[4.173,43.603],[3.851,43.603],[3.617,43.407],[3.14,43.277],[2.985,43.147],[3.01,42.561],[3.178,42.366],[3.117,41.911],[2.573,41.587],[2.334,41.587],[2.107,41.327],[1.238,41.198],[0.696,40.938],[0.709,40.679],[0.248,40.42],[0.183,40.161],[-0.126,40.032],[-0.345,39.708],[-0.314,39.126],[0.099,38.739],[-0.661,38.287],[-0.803,38.029],[-0.705,37.642],[-1.709,37.448],[-1.623,37.319],[-1.857,37.319],[-2.062,36.804],[-2.532,36.868],[-2.68,36.739],[-4.469,36.739],[-4.689,36.546],[-5.228,36.482],[-5.288,36.224],[-5.662,36.031],[-5.831,36.224],[-6.064,36.224],[-6.33,36.675],[-6.35,36.933],[-6.588,36.997],[-6.842,37.255],[-7.465,37.255],[-7.455,37.126],[-7.678,36.997],[-8.701,37.126],[-9.001,36.997],[-8.897,37.577],[-8.819,37.577],[-8.823,38.481],[-9.209,38.416],[-9.233,38.674],[-9.384,38.61],[-9.553,38.739],[-9.572,38.933],[-9.427,39.062],[-9.387,39.45],[-9.157,39.514],[-9.104,39.773],[-9.025,39.773],[-8.925,40.355],[-8.846,40.355],[-8.872,40.614],[-8.727,40.744],[-8.956,42.171],[-8.657,42.366],[-9.079,42.561],[-9.1,42.756],[-9.275,42.886],[-9.305,43.147],[-9.159,43.277],[-8.852,43.407],[-8.369,43.407],[-8.39,43.603],[-8.244,43.733],[-7.276,43.733],[-7.343,43.603],[-7.176,43.538],[-5.733,43.603],[-4.99,43.407],[-3.467,43.472],[-3.296,43.342],[-1.688,43.342],[-1.388,43.668],[-1.349,44.255],[-1.268,44.255],[-1.286,44.516],[-1.205,44.516],[-1.252,45.17],[-1.171,45.17],[-1.189,45.431],[-1.031,45.497],[-1.045,45.693],[-1.213,45.759],[-1.141,45.89],[-1.223,45.89],[-1.252,46.283],[-1.666,46.349],[-2.014,46.612],[-2.025,46.743],[-2.194,46.809],[-2.139,47.137],[-2.232,47.269],[-2.562,47.269],[-2.578,47.466],[-2.826,47.466],[-2.837,47.598],[-3.156,47.466],[-3.344,47.73],[-3.757,47.73],[-3.935,47.862],[-4.424,47.796],[-4.692,47.994],[-4.705,48.126],[-4.546,48.192],[-4.643,48.324],[-4.891,48.324],[-4.912,48.522],[-4.6,48.72],[-3.852,48.72],[-3.455,48.919],[-3.122,48.919],[-2.759,48.588],[-2.522,48.72],[-1.602,48.654],[-1.718,49.051],[-1.635,49.051],[-1.652,49.25],[-1.913,49.383],[-2.032,49.781],[-1.362,49.781],[-1.251,49.449],[0.007,49.383],[-0.012,49.648],[0.224,49.847],[1.053,49.98],[1.455,50.246],[1.425,50.712],[1.656,51.046],[2.578,51.179],[2.739,51.313],[3.41,51.447],[3.399,51.647],[3.739,51.647],[3.647,51.781],[3.98,51.915],[4.056,52.116],[4.232,51.982],[5.248,52.116],[5.934,51.982],[6.714,51.447],[6.799,51.447],[7.065,50.979],[7.319,50.912],[7.24,50.712],[7.324,50.712]]],[[[20.328,38.351],[20.488,38.416],[20.566,38.416],[20.795,38.287],[20.786,38.093],[20.32,38.158],[20.328,38.351]]],[[[1.274,38.803],[1.183,39.062],[1.259,39.126],[1.337,39.126],[1.652,39.126],[1.658,38.997],[1.431,38.803],[1.274,38.803]]],[[[20.152,39.644],[20.149,39.579],[20.07,39.579],[20.073,39.644],[20.152,39.644]]],[[[3.296,39.32],[2.824,39.32],[2.659,39.514],[2.346,39.45],[2.338,39.644],[2.877,39.967],[2.956,39.967],[3.193,39.967],[3.198,39.838],[3.516,39.773],[3.296,39.32]]],[[[3.741,40.096],[3.82,40.096],[4.215,40.096],[4.302,39.838],[3.827,39.902],[3.741,40.096]]],[[[9.665,40.291],[9.747,39.644],[9.669,39.644],[9.593,39.126],[9.12,39.191],[8.966,38.868],[8.73,38.868],[8.336,38.997],[8.412,39.256],[8.333,39.256],[8.33,39.514],[8.409,39.514],[8.483,39.902],[8.325,39.967],[8.4,40.291],[8.321,40.291],[8.319,40.485],[8.16,40.55],[8.155,40.938],[8.552,40.874],[9.025,41.263],[9.104,41.263],[9.502,41.198],[9.822,40.744],[9.823,40.355],[9.665,40.291]]],[[[9.578,41.976],[9.498,41.976],[9.499,41.782],[9.262,41.392],[9.104,41.327],[8.784,41.522],[8.782,41.717],[8.623,41.717],[8.7,41.911],[8.539,42.106],[8.535,42.496],[8.773,42.691],[9.173,42.756],[9.251,43.017],[9.331,43.017],[9.492,43.017],[9.493,42.756],[9.574,42.756],[9.578,41.976]]],[[[18.301,42.561],[18.304,42.626],[18.384,42.626],[18.381,42.561],[18.301,42.561]]],[[[18.229,42.756],[18.226,42.691],[18.304,42.626],[18.143,42.626],[17.992,42.821],[18.229,42.756]]],[[[10.134,42.886],[10.214,42.886],[10.455,42.886],[10.455,42.691],[10.215,42.691],[10.134,42.886]]],[[[17.831,42.821],[17.834,42.886],[17.914,42.886],[17.911,42.821],[17.831,42.821]]],[[[17.593,42.886],[17.508,42.756],[17.516,42.951],[17.435,42.951],[17.355,42.951],[17.363,43.147],[17.443,43.147],[17.754,42.886],[17.593,42.886]]],[[[14.269,44.973],[14.35,44.973],[14.511,44.908],[14.502,44.516],[14.261,44.581],[14.269,44.973]]],[[[16.565,45.628],[16.568,45.693],[16.649,45.693],[16.647,45.628],[16.565,45.628]]],[[[6.278,51.848],[6.193,51.848],[6.191,51.915],[6.276,51.915],[6.278,51.848]]],[[[34.087,35.001],[33.695,34.937],[33.523,34.744],[33.132,34.679],[33.044,34.551],[32.367,34.744],[32.229,34.937],[32.246,35.13],[32.555,35.13],[32.875,35.258],[32.887,35.387],[33.737,35.387],[34.31,35.709],[34.387,35.709],[34.542,35.709],[34.529,35.58],[33.957,35.258],[34.087,35.001]]],[[[24.15,35.387],[24.301,35.323],[25.692,35.323],[25.681,35.13],[26.225,35.194],[26.14,35.065],[24.824,35.001],[24.757,35.194],[24.526,35.194],[24.448,35.194],[23.679,35.258],[23.615,35.516],[24.157,35.516],[24.15,35.387]]],[[[27.693,36.288],[28.017,36.482],[28.095,36.482],[28.25,36.482],[28.139,36.031],[27.743,35.902],[27.693,36.288]]],[[[22.887,36.417],[22.965,36.417],[23.117,36.353],[23.107,36.16],[22.874,36.16],[22.887,36.417]]],[[[27.117,36.933],[27.185,36.804],[26.865,36.675],[27.039,36.933],[27.117,36.933]]],[[[25.339,37.126],[25.417,37.126],[25.573,37.126],[25.564,36.997],[25.331,36.997],[25.339,37.126]]],[[[24.361,37.706],[24.432,37.577],[24.272,37.513],[24.201,37.642],[24.283,37.706],[24.361,37.706]]],[[[24.986,37.706],[25.064,37.706],[25.22,37.706],[25.286,37.513],[25.052,37.513],[24.986,37.706]]],[[[26.08,37.706],[26.158,37.706],[26.314,37.706],[26.305,37.577],[25.988,37.513],[26.08,37.706]]],[[[20.621,37.9],[20.699,37.9],[20.934,37.9],[20.922,37.642],[20.613,37.706],[20.621,37.9]]],[[[24.694,38.029],[24.772,38.029],[25.068,37.771],[24.83,37.706],[24.682,37.835],[24.694,38.029]]],[[[25.899,38.481],[25.821,38.481],[25.913,38.674],[25.991,38.674],[26.217,38.545],[26.111,38.158],[25.876,38.158],[25.899,38.481]]],[[[23.567,38.803],[23.563,38.739],[23.485,38.739],[23.489,38.803],[23.567,38.803]]],[[[24.365,38.997],[24.444,38.997],[24.675,38.933],[24.662,38.739],[24.357,38.868],[24.365,38.997]]],[[[26.103,39.126],[25.793,39.191],[26.044,39.385],[26.123,39.385],[26.511,39.32],[26.644,38.997],[26.246,38.933],[26.094,38.997],[26.103,39.126]]],[[[25.146,40.032],[25.462,40.032],[25.447,39.838],[24.974,39.838],[25.067,40.032],[25.146,40.032]]]]}},{"type":"Feature","id":"cliopatria-8ec4a8c0b6502be5bb28dcbb","properties":{"NAME":"Kingdom of Cappadocia","ABBREVN":null,"CONTROL":null,"SUBJECTO":"Kingdom of Cappadocia","PARTOF":null,"BORDERPRECISION":1,"FromYear":14,"ToYear":22,"Area":86768.75745164981,"Type":"POLITY","Wikipedia":"Kingdom of Cappadocia","Wikidata":"Q29654286","SeshatID":"","Components":"","MemberOf":"","sourceFeatureId":"cliopatria-8ec4a8c0b6502be5bb28dcbb","datasetId":"cliopatria"},"geometry":{"type":"MultiPolygon","coordinates":[[[[38.744,38.997],[38.735,38.933],[38.726,38.868],[38.361,38.481],[38.312,38.093],[37.451,38.093],[37.13,38.029],[37.115,37.9],[36.348,38.029],[35.998,37.706],[35.671,37.577],[35.054,37.642],[34.877,37.448],[34.565,37.448],[34.304,37.19],[33.434,37.062],[33.097,36.804],[32.864,36.804],[32.733,37.062],[32.758,37.319],[33.095,37.577],[33.128,37.9],[33.304,38.093],[33.267,38.481],[33.68,38.674],[34.479,38.803],[34.767,39.256],[34.726,39.579],[34.828,39.773],[35.294,39.708],[35.357,39.579],[36.933,39.579],[37.861,39.45],[38.752,39.062],[38.744,38.997]]]]}},{"type":"Feature","id":"cliopatria-ae8502310d645a80657899bb","properties":{"NAME":"Roman Empire","ABBREVN":null,"CONTROL":null,"SUBJECTO":"Roman Empire","PARTOF":null,"BORDERPRECISION":1,"FromYear":14,"ToYear":22,"Area":3512911.4832939045,"Type":"POLITY","Wikipedia":"Roman Empire","Wikidata":"Q12544","SeshatID":"it_roman_principate","Components":"","MemberOf":"","sourceFeatureId":"cliopatria-ae8502310d645a80657899bb","datasetId":"cliopatria"},"geometry":{"type":"MultiPolygon","coordinates":[[[[14.337,35.838],[14.34,36.031],[14.417,36.031],[14.571,35.966],[14.568,35.773],[14.337,35.838]]],[[[22.887,36.417],[22.965,36.417],[23.117,36.353],[23.107,36.16],[22.874,36.16],[22.887,36.417]]],[[[7.24,50.712],[7.324,50.712],[7.329,50.512],[7.761,49.914],[8.175,50.246],[8.512,50.113],[8.516,49.847],[8.433,49.847],[8.52,49.582],[8.353,49.582],[8.277,49.118],[8.112,49.051],[8.197,48.919],[7.868,48.72],[7.871,48.588],[7.707,48.456],[7.559,47.598],[8.549,47.664],[8.547,47.796],[8.877,47.796],[8.957,48.06],[9.121,48.192],[9.782,48.39],[9.864,48.522],[9.947,48.522],[9.947,48.588],[10.03,48.588],[10.03,48.522],[10.445,48.522],[10.943,48.787],[11.36,48.853],[11.694,49.118],[12.111,49.184],[12.938,48.72],[13.519,48.654],[14.258,48.258],[14.508,48.324],[14.67,48.192],[14.919,48.192],[14.915,48.06],[16.143,47.664],[16.139,47.532],[16.221,47.532],[16.128,47.203],[16.208,47.137],[16.041,47.072],[16.037,46.94],[16.119,46.94],[16.035,46.874],[16.02,46.415],[16.102,46.415],[16.009,46.087],[16.171,46.021],[16.166,45.89],[16.57,45.759],[16.486,45.693],[16.563,45.562],[16.973,45.628],[17.049,45.497],[18.024,45.431],[18.181,45.3],[18.591,45.366],[18.988,45.17],[19.15,45.17],[19.238,45.3],[20.218,45.366],[20.37,45.17],[20.61,45.104],[20.521,44.973],[20.671,44.777],[21.41,44.908],[21.64,44.712],[21.884,44.712],[22.032,44.516],[22.194,44.516],[22.37,44.712],[22.694,44.712],[22.766,44.581],[22.518,44.516],[22.509,44.385],[22.975,44.124],[22.876,43.863],[23.526,43.929],[23.924,43.863],[24.075,43.733],[24.156,43.733],[24.141,43.538],[23.975,43.472],[23.949,43.147],[23.703,43.082],[23.689,42.886],[23.519,42.756],[23.575,42.431],[23.326,42.301],[23.214,41.847],[23.448,41.782],[23.744,41.457],[25.68,41.782],[26.233,41.717],[26.574,41.976],[27.464,42.106],[27.317,42.236],[27.329,42.366],[27.175,42.431],[27.193,42.626],[27.452,42.821],[27.657,43.277],[27.992,43.407],[28.018,43.668],[28.3,44.059],[28.463,44.843],[28.802,44.973],[28.795,44.908],[28.841,44.581],[28.577,44.385],[28.536,43.994],[28.616,43.994],[28.481,43.472],[28.159,43.472],[28.226,43.342],[27.898,43.277],[27.805,43.147],[27.847,42.756],[27.514,42.626],[27.495,42.431],[27.796,42.236],[27.784,42.106],[28.004,41.911],[27.979,41.652],[28.218,41.652],[28.352,41.392],[28.976,41.263],[28.963,41.133],[30.479,41.198],[30.624,41.068],[31.18,41.068],[31.534,41.392],[32.027,41.522],[32.042,41.652],[32.193,41.587],[32.695,41.782],[32.631,41.911],[34.785,41.911],[34.882,42.041],[35.121,42.041],[35.157,41.717],[35.954,41.717],[36.209,41.263],[36.925,41.263],[36.915,41.198],[36.897,41.068],[36.473,40.874],[36.412,41.003],[36.085,40.938],[35.184,41.327],[34.849,41.198],[34.578,40.938],[34.561,40.809],[34.791,40.744],[34.616,40.614],[34.489,40.226],[34.568,40.226],[34.536,39.967],[34.828,39.773],[34.726,39.579],[34.767,39.256],[34.479,38.803],[33.68,38.674],[33.267,38.481],[33.304,38.093],[33.128,37.9],[33.095,37.577],[32.758,37.319],[32.733,37.062],[32.864,36.804],[33.097,36.804],[33.434,37.062],[34.304,37.19],[34.565,37.448],[34.877,37.448],[35.054,37.642],[35.671,37.577],[35.998,37.706],[36.348,38.029],[37.115,37.9],[37.13,38.029],[37.451,38.093],[38.312,38.093],[38.39,38.093],[38.382,38.029],[38.46,38.029],[38.452,37.964],[38.443,37.9],[38.333,37.642],[37.989,37.384],[37.958,37.126],[38.176,36.997],[38.13,36.61],[38.208,36.61],[38.07,36.095],[38.428,35.838],[39.497,35.709],[39.938,35.516],[40.062,35.258],[40.278,35.13],[40.263,35.001],[40.479,34.872],[40.55,34.165],[40.473,34.165],[40.311,34.1],[40.403,34.229],[40.257,34.293],[39.124,34.486],[37.99,33.972],[37.739,33.779],[37.726,33.65],[37.573,33.65],[37.073,33.264],[37.054,33.072],[36.901,33.072],[36.717,32.75],[36.751,32.3],[36.516,32.236],[36.656,32.107],[36.492,31.979],[36.463,31.658],[36.387,31.658],[36.423,31.208],[36.271,31.208],[36.401,30.951],[36.151,30.694],[36.146,30.629],[35.842,30.629],[35.593,30.372],[34.389,30.501],[34.303,30.372],[33.151,30.179],[32.602,29.922],[32.526,29.922],[32.429,29.601],[32.639,29.344],[32.689,28.958],[32.836,28.894],[33.105,28.38],[33.609,27.994],[33.585,27.608],[33.799,27.415],[33.927,27.029],[34.073,26.965],[34.051,26.579],[34.197,26.515],[34.461,25.872],[34.608,25.808],[35.146,24.651],[35.86,24.008],[35.854,23.879],[35.559,23.943],[35.553,23.815],[35.108,23.879],[33.756,23.686],[33.682,23.686],[33.389,23.815],[32.041,23.686],[31.67,23.751],[30.537,23.365],[30.463,23.365],[30.395,23.558],[30.104,23.751],[30.109,23.879],[29.959,23.879],[29.673,24.201],[28.569,24.651],[28.289,25.165],[28.244,25.936],[28.345,26.579],[28.27,26.579],[28.154,27.351],[27.937,27.544],[27.711,27.544],[27.792,27.672],[27.43,27.994],[27.276,27.93],[27.285,28.122],[27.14,28.251],[25.586,28.958],[25.373,29.279],[25.147,29.279],[25.001,29.408],[24.847,29.344],[24.779,29.537],[24.33,29.665],[24.26,29.794],[23.51,29.987],[22.916,30.308],[22.762,30.244],[22.767,30.372],[21.939,30.565],[20.952,30.565],[19.191,30.051],[18.281,30.051],[16.701,30.694],[15.49,30.951],[15.184,30.886],[15.187,31.079],[14.584,31.529],[14.586,31.658],[13.829,32.107],[13.295,32.236],[13.066,32.172],[13.067,32.3],[12.456,32.365],[11.768,32.3],[11.768,32.429],[11.539,32.429],[11.463,32.557],[11.31,32.493],[11.157,32.686],[10.392,33.007],[10.009,33.007],[10.085,33.136],[9.625,33.136],[9.547,33.329],[9.624,33.457],[9.316,33.586],[9.083,34.036],[8.929,34.036],[8.928,34.165],[8.773,34.229],[8.081,34.229],[8.002,34.422],[7.615,34.551],[7.153,34.486],[6.92,34.615],[6.459,34.551],[6.148,34.679],[5.379,34.615],[5.302,34.615],[5.29,35.13],[5.439,35.387],[5.339,36.353],[5.416,36.353],[5.407,36.739],[5.485,36.739],[5.564,36.675],[5.639,36.804],[6.106,36.804],[6.103,36.933],[6.334,37.062],[6.805,36.868],[7.194,36.868],[7.346,37.062],[7.502,37.062],[7.738,36.868],[8.516,36.868],[8.903,37.126],[9.059,37.062],[9.603,37.319],[9.993,37.19],[10.227,37.255],[10.228,37.062],[10.305,37.062],[10.228,36.804],[10.462,36.739],[11.006,36.997],[11.006,36.804],[10.462,36.417],[10.54,36.353],[10.464,35.902],[10.696,35.709],[10.851,35.773],[10.928,35.58],[11.083,35.58],[11.083,35.387],[11.006,35.387],[11.083,35.001],[10.851,34.937],[10.851,34.808],[10.543,34.551],[10.004,34.293],[10.082,34.229],[10.006,33.907],[10.237,33.715],[10.544,33.715],[10.698,33.522],[11.082,33.586],[11.158,33.2],[11.464,33.2],[12.229,32.814],[12.612,32.879],[12.535,32.75],[12.841,32.75],[12.842,32.879],[13.302,32.943],[13.454,32.814],[13.761,32.879],[13.759,32.75],[14.065,32.75],[14.444,32.493],[14.675,32.557],[14.749,32.429],[15.055,32.429],[15.282,32.3],[15.425,31.658],[15.576,31.593],[15.649,31.4],[16.179,31.208],[17.469,31.079],[18.222,30.758],[18.592,30.372],[19.272,30.244],[19.886,30.501],[20.202,30.886],[20.134,31.143],[20.214,31.272],[19.996,31.593],[20.089,32.107],[20.017,32.236],[20.246,32.236],[20.331,32.493],[20.482,32.429],[20.563,32.557],[20.716,32.557],[20.644,32.686],[20.871,32.622],[21.108,32.814],[21.412,32.75],[21.879,32.943],[23.089,32.622],[23.078,32.365],[23.299,32.172],[23.68,32.172],[24.129,31.979],[24.892,31.979],[25.112,31.786],[25.102,31.593],[25.248,31.465],[26.848,31.465],[27.297,31.336],[27.515,31.143],[28.496,31.015],[28.865,30.822],[29.397,30.822],[29.485,31.015],[29.633,30.951],[29.87,31.079],[29.802,31.208],[29.882,31.272],[30.339,31.272],[30.271,31.4],[30.352,31.465],[30.809,31.465],[30.966,31.529],[30.975,31.658],[31.203,31.658],[31.118,31.529],[31.266,31.465],[31.875,31.465],[31.781,31.208],[31.937,31.272],[32,31.079],[32.304,31.079],[32.237,31.208],[32.532,31.079],[32.765,31.143],[32.832,31.015],[33.983,31.143],[34.297,31.272],[34.308,31.4],[34.633,31.658],[34.573,31.85],[34.813,31.979],[34.77,32.365],[35.022,32.622],[35.056,33.007],[35.215,33.072],[35.398,33.393],[35.346,33.65],[35.499,33.65],[35.447,33.907],[35.684,33.972],[35.644,34.358],[35.792,34.293],[36.049,34.551],[36.068,34.744],[35.927,34.872],[35.96,35.194],[35.882,35.194],[35.993,35.516],[35.845,35.58],[35.99,36.224],[35.842,36.288],[36.265,36.61],[36.286,36.804],[36.145,36.933],[35.834,36.933],[35.488,36.61],[35.332,36.61],[35.113,36.739],[34.95,36.675],[34.893,36.868],[34.582,36.868],[34.251,36.675],[33.979,36.288],[33.274,36.224],[32.713,36.031],[32.558,36.031],[32.499,36.224],[32.068,36.61],[31.086,36.933],[30.619,36.933],[30.492,36.353],[30.026,36.353],[29.938,36.224],[29.24,36.224],[29.125,36.739],[28.736,36.739],[28.591,36.868],[28.357,36.868],[28.187,36.675],[28.031,36.675],[28.138,37.062],[28.065,37.126],[27.598,37.126],[27.539,37.384],[27.223,37.319],[27.31,37.448],[27.163,37.577],[27.256,37.771],[27.178,37.771],[27.275,38.029],[26.889,38.093],[26.82,38.222],[26.429,38.222],[26.384,38.674],[26.536,38.61],[26.595,38.351],[27.065,38.351],[27.08,38.545],[26.849,38.61],[26.958,38.997],[26.879,38.997],[26.894,39.191],[26.742,39.256],[26.847,39.579],[26.132,39.514],[26.168,39.967],[26.247,39.967],[26.272,40.291],[26.605,40.485],[26.684,40.485],[26.673,40.355],[27.47,40.42],[27.538,40.291],[27.696,40.291],[27.792,40.485],[27.95,40.485],[27.939,40.355],[29.046,40.355],[28.9,40.485],[28.913,40.614],[29.48,40.744],[29.493,40.874],[29.249,40.809],[29.103,40.938],[29.116,41.068],[28.633,41.003],[28.407,41.133],[28.169,41.133],[28.077,41.003],[27.527,41.068],[27.017,40.679],[26.921,40.485],[26.626,40.744],[26.14,40.614],[26.082,40.874],[25.378,41.003],[24.347,41.003],[24.011,40.744],[23.698,40.809],[23.685,40.614],[23.839,40.55],[23.737,40.226],[23.267,40.291],[22.884,40.485],[22.892,40.614],[22.655,40.614],[22.56,40.355],[22.544,40.096],[22.702,40.096],[22.611,39.902],[23.135,39.45],[22.816,39.385],[22.797,39.062],[22.958,39.126],[23.493,38.868],[23.332,38.803],[23.025,38.933],[22.936,38.739],[23.167,38.674],[23.313,38.481],[23.626,38.481],[23.563,38.739],[24.03,38.674],[24.179,38.545],[24.159,38.222],[24.002,38.222],[23.979,37.835],[23.443,38.029],[23.208,38.029],[23.201,37.9],[23.044,37.9],[23.108,37.642],[23.342,37.642],[23.402,37.319],[23.169,37.319],[23.176,37.448],[22.949,37.577],[22.714,37.577],[22.701,37.319],[22.853,37.255],[23.056,36.675],[22.833,36.868],[22.599,36.868],[22.512,36.675],[22.356,36.675],[22.22,37.062],[21.909,37.062],[21.899,36.868],[21.744,36.868],[21.681,37.19],[21.603,37.19],[21.697,37.513],[21.244,37.835],[21.416,38.158],[21.729,38.158],[21.738,38.351],[21.193,38.416],[20.974,38.739],[20.741,38.803],[20.911,39.062],[20.297,39.385],[20.155,39.708],[19.918,39.708],[19.912,39.579],[19.758,39.644],[19.764,39.773],[20,39.773],[20.009,39.967],[19.63,40.291],[19.471,40.291],[19.486,40.614],[19.249,40.614],[19.255,40.744],[19.498,40.874],[19.438,41.263],[19.523,41.392],[19.444,41.392],[19.53,41.522],[19.45,41.522],[19.542,41.782],[18.852,42.366],[18.143,42.626],[17.992,42.821],[17.593,42.886],[17.508,42.756],[17.516,42.951],[17.355,42.951],[17.365,43.212],[17.122,43.147],[17.051,43.407],[16.727,43.342],[16.734,43.538],[16.575,43.603],[15.927,43.472],[16.012,43.603],[15.857,43.798],[15.695,43.798],[15.619,43.929],[15.375,43.863],[15.459,43.994],[15.219,44.059],[15.147,44.385],[14.909,44.581],[14.919,44.973],[14.516,45.104],[14.603,45.366],[14.196,45.366],[14.189,45.039],[13.946,45.039],[13.943,44.908],[13.781,44.908],[13.706,45.235],[13.544,45.3],[13.547,45.497],[13.71,45.497],[13.715,45.759],[13.39,45.824],[13.145,45.824],[13.06,45.628],[12.817,45.693],[12.652,45.562],[12.163,45.497],[12.16,45.17],[12.403,45.039],[12.4,44.777],[12.157,44.843],[12.154,44.451],[12.313,44.19],[12.873,43.798],[13.036,43.863],[13.034,43.733],[13.355,43.668],[13.673,43.407],[13.747,43.082],[13.985,42.951],[13.901,42.756],[14.056,42.496],[14.371,42.236],[14.531,42.236],[14.608,42.106],[14.769,42.171],[14.766,42.041],[14.924,41.976],[15.165,42.041],[15.241,41.911],[16.119,41.911],[16.115,41.782],[15.874,41.717],[15.944,41.392],[17.203,41.003],[17.511,40.744],[17.981,40.614],[18.438,40.161],[18.349,39.902],[18.112,39.902],[17.813,40.355],[17.418,40.355],[17.345,40.55],[17.028,40.55],[16.868,40.485],[16.945,40.42],[16.862,40.291],[16.624,40.291],[16.697,40.096],[16.457,39.967],[16.447,39.644],[16.916,39.514],[17.07,39.385],[17.138,39.062],[16.502,38.803],[16.492,38.416],[15.933,37.964],[15.698,37.964],[15.624,38.158],[15.389,38.158],[15.066,37.642],[15.059,37.255],[15.214,37.19],[15.05,36.739],[14.661,36.739],[14.278,37.126],[13.578,37.255],[13.192,37.577],[12.49,37.706],[12.492,37.9],[12.65,38.093],[13.04,38.029],[13.12,38.158],[13.355,38.158],[13.665,37.964],[14.056,37.964],[15.862,38.287],[15.95,38.674],[16.265,38.739],[16.27,38.933],[16.117,39.062],[15.899,39.773],[15.666,39.902],[15.748,40.032],[15.432,40.032],[15.199,40.226],[15.041,40.226],[14.893,40.679],[14.418,40.679],[14.422,40.874],[14.105,40.874],[13.951,41.133],[13.792,41.133],[13.715,41.263],[13,41.327],[12.922,41.457],[12.605,41.522],[12.131,41.911],[12.132,42.041],[11.813,42.106],[11.655,42.366],[11.495,42.301],[11.415,42.431],[11.255,42.431],[11.176,42.626],[11.016,42.626],[11.016,42.821],[10.535,43.082],[10.212,43.994],[9.889,43.994],[9.97,44.124],[9.727,44.124],[9.159,44.451],[8.432,44.385],[8.034,43.929],[7.15,43.733],[6.993,43.538],[6.673,43.472],[6.518,43.212],[6.278,43.147],[5.796,43.147],[5.632,43.277],[5.391,43.277],[5.387,43.407],[5.063,43.472],[4.178,43.472],[4.173,43.603],[3.851,43.603],[3.617,43.407],[3.14,43.277],[2.985,43.147],[3.01,42.561],[3.178,42.366],[3.117,41.911],[2.573,41.587],[2.334,41.587],[2.107,41.327],[1.238,41.198],[0.696,40.938],[0.709,40.679],[0.248,40.42],[0.183,40.161],[-0.126,40.032],[-0.345,39.708],[-0.314,39.126],[0.099,38.739],[-0.661,38.287],[-0.803,38.029],[-0.705,37.642],[-1.709,37.448],[-1.623,37.319],[-1.857,37.319],[-2.062,36.804],[-2.532,36.868],[-2.68,36.739],[-4.469,36.739],[-4.689,36.546],[-5.228,36.482],[-5.288,36.224],[-5.662,36.031],[-5.831,36.224],[-6.064,36.224],[-6.33,36.675],[-6.35,36.933],[-6.588,36.997],[-6.842,37.255],[-7.465,37.255],[-7.455,37.126],[-7.678,36.997],[-8.701,37.126],[-9.001,36.997],[-8.897,37.577],[-8.819,37.577],[-8.823,38.481],[-9.209,38.416],[-9.233,38.674],[-9.384,38.61],[-9.553,38.739],[-9.572,38.933],[-9.427,39.062],[-9.387,39.45],[-9.157,39.514],[-9.104,39.773],[-9.025,39.773],[-8.925,40.355],[-8.846,40.355],[-8.872,40.614],[-8.727,40.744],[-8.956,42.171],[-8.657,42.366],[-9.079,42.561],[-9.1,42.756],[-9.275,42.886],[-9.305,43.147],[-9.159,43.277],[-8.852,43.407],[-8.369,43.407],[-8.39,43.603],[-8.244,43.733],[-7.276,43.733],[-7.343,43.603],[-7.176,43.538],[-5.733,43.603],[-4.99,43.407],[-3.467,43.472],[-3.296,43.342],[-1.688,43.342],[-1.388,43.668],[-1.349,44.255],[-1.268,44.255],[-1.286,44.516],[-1.205,44.516],[-1.252,45.17],[-1.171,45.17],[-1.189,45.431],[-1.031,45.497],[-1.045,45.693],[-1.213,45.759],[-1.141,45.89],[-1.223,45.89],[-1.252,46.283],[-1.666,46.349],[-2.014,46.612],[-2.025,46.743],[-2.194,46.809],[-2.139,47.137],[-2.232,47.269],[-2.562,47.269],[-2.578,47.466],[-2.826,47.466],[-2.837,47.598],[-3.156,47.466],[-3.344,47.73],[-3.757,47.73],[-3.935,47.862],[-4.424,47.796],[-4.692,47.994],[-4.705,48.126],[-4.546,48.192],[-4.643,48.324],[-4.891,48.324],[-4.912,48.522],[-4.6,48.72],[-3.852,48.72],[-3.455,48.919],[-3.122,48.919],[-2.759,48.588],[-2.522,48.72],[-1.602,48.654],[-1.718,49.051],[-1.635,49.051],[-1.652,49.25],[-1.913,49.383],[-2.032,49.781],[-1.362,49.781],[-1.251,49.449],[0.007,49.383],[-0.012,49.648],[0.224,49.847],[1.053,49.98],[1.455,50.246],[1.425,50.712],[1.656,51.046],[2.578,51.179],[2.739,51.313],[3.41,51.447],[3.399,51.647],[3.739,51.647],[3.647,51.781],[3.98,51.915],[4.056,52.116],[4.232,51.982],[4.573,51.982],[5.248,52.116],[5.934,51.982],[6.369,51.647],[6.539,51.647],[6.541,51.58],[6.885,51.38],[7.065,50.979],[7.319,50.912],[7.24,50.712]]],[[[20.621,37.9],[20.699,37.9],[20.934,37.9],[20.922,37.642],[20.613,37.706],[20.621,37.9]]],[[[20.328,38.351],[20.488,38.416],[20.566,38.416],[20.795,38.287],[20.786,38.093],[20.32,38.158],[20.328,38.351]]],[[[1.274,38.803],[1.183,39.062],[1.259,39.126],[1.337,39.126],[1.652,39.126],[1.658,38.997],[1.431,38.803],[1.274,38.803]]],[[[20.152,39.644],[20.149,39.579],[20.07,39.579],[20.073,39.644],[20.152,39.644]]],[[[3.296,39.32],[2.824,39.32],[2.659,39.514],[2.346,39.45],[2.338,39.644],[2.877,39.967],[2.956,39.967],[3.193,39.967],[3.198,39.838],[3.516,39.773],[3.296,39.32]]],[[[3.741,40.096],[3.82,40.096],[4.215,40.096],[4.302,39.838],[3.827,39.902],[3.741,40.096]]],[[[9.665,40.291],[9.747,39.644],[9.669,39.644],[9.593,39.126],[9.12,39.191],[8.966,38.868],[8.73,38.868],[8.336,38.997],[8.412,39.256],[8.333,39.256],[8.33,39.514],[8.409,39.514],[8.483,39.902],[8.325,39.967],[8.4,40.291],[8.321,40.291],[8.319,40.485],[8.16,40.55],[8.155,40.938],[8.552,40.874],[9.025,41.263],[9.104,41.263],[9.502,41.198],[9.822,40.744],[9.823,40.355],[9.665,40.291]]],[[[9.578,41.976],[9.498,41.976],[9.499,41.782],[9.262,41.392],[9.104,41.327],[8.784,41.522],[8.782,41.717],[8.623,41.717],[8.7,41.911],[8.539,42.106],[8.535,42.496],[8.773,42.691],[9.173,42.756],[9.251,43.017],[9.331,43.017],[9.492,43.017],[9.493,42.756],[9.574,42.756],[9.578,41.976]]],[[[10.134,42.886],[10.214,42.886],[10.455,42.886],[10.455,42.691],[10.215,42.691],[10.134,42.886]]],[[[14.269,44.973],[14.35,44.973],[14.511,44.908],[14.502,44.516],[14.261,44.581],[14.269,44.973]]],[[[16.647,45.628],[16.565,45.628],[16.568,45.693],[16.649,45.693],[16.647,45.628]]],[[[6.278,51.848],[6.193,51.848],[6.191,51.915],[6.276,51.915],[6.278,51.848]]],[[[34.087,35.001],[33.695,34.937],[33.523,34.744],[33.132,34.679],[33.044,34.551],[32.367,34.744],[32.229,34.937],[32.246,35.13],[32.555,35.13],[32.875,35.258],[32.887,35.387],[33.737,35.387],[34.31,35.709],[34.387,35.709],[34.542,35.709],[34.529,35.58],[33.957,35.258],[34.087,35.001]]],[[[24.15,35.387],[24.301,35.323],[25.692,35.323],[25.681,35.13],[26.225,35.194],[26.14,35.065],[24.824,35.001],[24.757,35.194],[24.526,35.194],[24.448,35.194],[23.679,35.258],[23.615,35.516],[24.157,35.516],[24.15,35.387]]],[[[27.693,36.288],[28.017,36.482],[28.095,36.482],[28.25,36.482],[28.139,36.031],[27.743,35.902],[27.693,36.288]]],[[[27.117,36.933],[27.185,36.804],[26.865,36.675],[27.039,36.933],[27.117,36.933]]],[[[25.339,37.126],[25.417,37.126],[25.573,37.126],[25.564,36.997],[25.331,36.997],[25.339,37.126]]],[[[24.283,37.706],[24.361,37.706],[24.432,37.577],[24.272,37.513],[24.201,37.642],[24.283,37.706]]],[[[24.986,37.706],[25.064,37.706],[25.22,37.706],[25.286,37.513],[25.052,37.513],[24.986,37.706]]],[[[26.08,37.706],[26.158,37.706],[26.314,37.706],[26.305,37.577],[25.988,37.513],[26.08,37.706]]],[[[24.694,38.029],[24.772,38.029],[25.068,37.771],[24.83,37.706],[24.682,37.835],[24.694,38.029]]],[[[25.899,38.481],[25.821,38.481],[25.913,38.674],[25.991,38.674],[26.217,38.545],[26.111,38.158],[25.876,38.158],[25.899,38.481]]],[[[23.567,38.803],[23.563,38.739],[23.485,38.739],[23.489,38.803],[23.567,38.803]]],[[[24.365,38.997],[24.444,38.997],[24.675,38.933],[24.662,38.739],[24.357,38.868],[24.365,38.997]]],[[[26.094,38.997],[26.103,39.126],[25.793,39.191],[26.044,39.385],[26.123,39.385],[26.511,39.32],[26.644,38.997],[26.246,38.933],[26.094,38.997]]],[[[25.067,40.032],[25.146,40.032],[25.462,40.032],[25.447,39.838],[24.974,39.838],[25.067,40.032]]]]}},{"type":"Feature","id":"cliopatria-49982840bd8767d0bf116903","properties":{"NAME":"Xin Dynasty","ABBREVN":null,"CONTROL":null,"SUBJECTO":"Xin Dynasty","PARTOF":null,"BORDERPRECISION":1,"FromYear":14,"ToYear":22,"Area":3658820.386963374,"Type":"POLITY","Wikipedia":"Xin dynasty","Wikidata":"Q504769","SeshatID":"","Components":"","MemberOf":"","sourceFeatureId":"cliopatria-49982840bd8767d0bf116903","datasetId":"cliopatria"},"geometry":{"type":"MultiPolygon","coordinates":[[[[109.862,18.35],[109.841,18.222],[109.25,18.222],[109.123,18.35],[108.765,18.415],[108.638,18.543],[108.704,19.379],[109.203,19.701],[109.246,19.958],[110.157,20.086],[110.591,20.022],[110.613,20.151],[110.909,20.151],[111.087,19.893],[111.032,19.572],[110.884,19.572],[110.851,19.379],[110.681,19.251],[110.508,18.672],[110.19,18.543],[110.179,18.479],[109.862,18.35]]],[[[100.703,28.701],[100.72,28.765],[100.795,28.765],[100.779,28.701],[100.703,28.701]]],[[[125.835,37.9],[125.678,37.9],[125.387,37.642],[125.231,37.642],[125.298,37.771],[125.209,37.9],[124.897,37.9],[125.077,38.093],[124.764,38.093],[124.866,38.287],[124.788,38.287],[124.961,38.61],[125.153,38.674],[125.189,38.739],[125.032,38.739],[125.39,39.385],[125.306,39.514],[124.87,39.579],[124.865,39.708],[124.512,39.644],[124.345,39.902],[124.034,39.773],[123.597,39.838],[122.936,39.644],[122.17,39.256],[121.952,38.997],[121.716,38.997],[121.422,38.739],[121.029,38.739],[121.201,39.062],[121.515,39.062],[121.69,39.385],[121.297,39.385],[121.21,39.514],[121.281,39.644],[121.438,39.644],[121.503,39.902],[121.776,39.967],[122.231,40.485],[122.106,40.679],[121.827,40.744],[121.824,40.874],[121.11,40.874],[120.997,40.679],[120.647,40.485],[120.5,40.226],[119.38,39.773],[119.215,39.32],[118.989,39.191],[118.45,39.062],[118.057,39.062],[118.046,39.191],[117.776,39.126],[117.576,38.739],[117.655,38.739],[117.602,38.481],[117.759,38.481],[117.773,38.351],[118.054,38.287],[118.067,38.158],[118.583,38.093],[118.648,38.222],[118.804,38.222],[118.772,38.158],[119.457,37.964],[119.393,37.835],[119.237,37.835],[118.984,37.319],[119.14,37.319],[119.156,37.19],[119.701,37.19],[119.827,37.448],[120.202,37.577],[120.188,37.706],[120.754,37.9],[121.112,37.835],[121.171,37.642],[121.483,37.642],[121.497,37.513],[122.154,37.577],[122.121,37.513],[122.713,37.448],[122.474,37.126],[122.566,36.997],[122.394,36.804],[121.912,36.933],[121.212,36.61],[120.979,36.61],[120.965,36.417],[120.732,36.417],[120.659,36.095],[120.318,36.031],[119.986,35.645],[119.619,35.516],[119.228,34.808],[119.459,34.808],[119.431,34.744],[119.711,34.679],[119.732,34.551],[120.342,34.358],[120.489,34.165],[120.55,33.586],[120.926,33.2],[120.919,32.622],[121.403,32.493],[121.503,32.172],[121.961,31.979],[121.937,31.722],[121.836,31.658],[121.301,31.85],[120.919,31.85],[121.454,31.658],[121.481,31.529],[121.634,31.529],[121.584,31.4],[121.737,31.4],[121.995,31.079],[121.899,30.822],[121.519,30.822],[121.197,30.565],[121.045,30.565],[120.68,30.179],[120.809,30.115],[121.105,30.308],[121.484,30.308],[121.62,30.051],[122.03,29.922],[121.865,29.665],[122.016,29.665],[121.938,29.215],[121.712,29.215],[121.745,29.537],[121.571,29.472],[121.647,29.472],[121.539,29.151],[121.744,29.087],[121.714,28.765],[121.522,28.637],[121.652,28.572],[121.646,28.315],[121.379,28.187],[121.153,28.187],[121.193,28.315],[121.118,28.315],[121.038,28.058],[120.868,27.994],[120.715,27.737],[120.657,27.544],[120.733,27.544],[120.545,27.158],[120.395,27.158],[120.247,26.901],[120.096,26.901],[120.061,26.772],[120.211,26.772],[120.158,26.579],[119.84,26.515],[119.938,26.322],[119.587,26.129],[119.778,26.001],[119.53,25.615],[119.904,25.615],[119.872,25.486],[119.616,25.358],[119.273,25.486],[119.391,25.358],[119.344,25.165],[119.029,25.101],[119.074,24.972],[118.819,24.844],[118.76,24.586],[118.147,24.522],[118.076,24.201],[117.721,23.943],[117.694,23.815],[117.47,23.815],[117.179,23.493],[116.894,23.558],[116.78,23.365],[116.815,23.172],[116.591,23.172],[116.54,22.915],[115.696,22.786],[115.671,22.658],[115.373,22.658],[115.174,22.786],[114.902,22.529],[114.753,22.529],[114.641,22.722],[114.531,22.143],[114.37,22.079],[113.999,22.079],[113.996,22.465],[113.785,22.529],[113.747,22.722],[113.599,22.722],[113.699,22.465],[113.639,22.143],[113.416,22.143],[113.318,22.015],[113.106,22.079],[113.071,21.886],[112.774,21.886],[112.441,21.693],[111.859,21.758],[111.664,21.501],[110.984,21.436],[110.739,21.308],[110.716,21.179],[110.419,21.179],[110.483,21.115],[110.364,20.858],[110.616,20.601],[110.487,20.279],[109.883,20.215],[109.927,20.472],[109.789,20.536],[109.77,20.858],[109.696,20.858],[109.87,21.436],[109.807,21.501],[109.116,21.372],[109.086,21.629],[108.652,21.693],[108.555,21.565],[107.79,21.436],[107.417,20.986],[106.961,20.922],[106.834,20.601],[106.685,20.601],[106.537,20.151],[105.965,19.829],[105.734,18.865],[106.051,18.543],[106.031,18.415],[106.178,18.415],[106.295,18.222],[106.57,18.093],[106.571,17.643],[106.772,17.515],[106.752,17.386],[107.026,17.258],[106.765,17],[106.534,16.936],[105.144,18.415],[105.185,18.672],[105.037,18.672],[105.142,18.865],[105.015,18.993],[105.014,19.443],[104.94,19.443],[104.992,19.765],[104.865,19.893],[104.981,20.151],[104.44,20.472],[104.619,20.665],[104.905,20.601],[104.873,20.858],[105.096,20.858],[104.851,21.179],[104.979,21.501],[104.926,21.629],[105.096,21.758],[105.128,21.951],[104.874,22.208],[105.249,22.658],[105.175,22.658],[105.22,22.915],[105.117,23.172],[104.956,23.108],[104.905,23.236],[102.99,23.365],[102.801,23.558],[102.651,23.558],[102.474,23.815],[102.325,23.815],[102.086,24.136],[101.936,24.136],[101.835,24.393],[101.698,24.458],[101.722,24.586],[101.523,24.715],[101.548,24.844],[101.411,24.908],[101.352,25.358],[101.037,26.001],[101.093,26.258],[100.925,26.515],[100.968,26.708],[100.802,26.965],[100.792,27.865],[100.673,27.994],[100.846,28.38],[100.695,28.38],[100.837,28.637],[100.933,29.279],[100.858,29.279],[100.849,29.794],[100.773,29.794],[100.828,29.987],[100.598,30.501],[100.693,30.822],[101.331,31.658],[101.836,32.043],[102.158,32.557],[102.312,33.457],[102.235,33.457],[102.325,33.715],[102.248,33.715],[102.409,34.165],[103.479,34.358],[103.735,35.451],[103.63,35.58],[103.649,36.224],[103.467,36.353],[103.518,36.482],[103.389,36.546],[103.44,36.675],[103.311,36.739],[103.363,36.868],[103.208,37.062],[102.871,37.19],[102.611,37.126],[102.586,37.255],[102.171,37.384],[102.172,37.577],[102.043,37.642],[102.096,37.771],[101.833,37.513],[101.626,37.577],[101.601,37.706],[101.315,37.771],[101.29,37.9],[100.796,38.029],[100.799,38.222],[100.642,38.222],[100.386,38.545],[100.687,39.062],[101.137,39.191],[101.165,39.256],[101.559,39.256],[101.63,39.062],[102.173,38.868],[103.132,39.256],[103.812,39.708],[104.583,39.838],[104.668,39.514],[103.939,39.126],[103.608,38.739],[104.293,38.868],[104.393,38.739],[104.991,38.674],[104.963,38.61],[105.512,38.61],[106.09,38.674],[106.703,39.32],[106.86,39.32],[107.172,39.644],[107.329,39.644],[107.442,39.385],[107.678,39.385],[108.197,39.967],[109.736,40.355],[111.906,40.42],[111.872,40.355],[112.945,40.291],[113.024,40.291],[113.058,40.355],[114.561,40.355],[114.527,40.291],[115.159,40.291],[115.292,40.096],[115.45,40.096],[115.55,39.838],[116.452,39.902],[117.295,40.291],[118.236,40.42],[118.705,40.55],[118.778,40.679],[119.174,40.679],[123.087,41.911],[123.167,41.911],[123.127,41.847],[123.405,41.782],[123.365,41.717],[123.604,41.717],[123.564,41.652],[124.042,41.522],[124.002,41.457],[124.28,41.392],[124.24,41.327],[124.479,41.327],[124.439,41.263],[124.717,41.198],[124.678,41.133],[125.831,41.327],[125.79,41.263],[126.108,41.263],[126.187,41.133],[126.901,41.003],[126.861,40.938],[127.099,40.938],[127.059,40.874],[126.425,40.614],[126.269,40.355],[126.432,40.096],[126.709,40.032],[126.832,39.838],[126.728,39.385],[126.964,39.385],[126.854,39.191],[127.023,38.933],[126.937,38.351],[126.348,37.835],[126.27,37.835],[125.845,37.771],[125.835,37.9]]],[[[122.273,30.179],[122.28,29.987],[121.977,29.987],[122.022,30.115],[122.045,30.179],[122.273,30.179]]]]}},{"type":"Feature","id":"cliopatria-fcd74b325642ac7825ce2fc4","properties":{"NAME":"Xiongnu","ABBREVN":null,"CONTROL":null,"SUBJECTO":"Xiongnu","PARTOF":null,"BORDERPRECISION":1,"FromYear":14,"ToYear":29,"Area":2404328.2835768037,"Type":"POLITY","Wikipedia":"Xiongnu","Wikidata":"Q188836","SeshatID":"mn_hunnu_late","Components":"","MemberOf":"","sourceFeatureId":"cliopatria-fcd74b325642ac7825ce2fc4","datasetId":"cliopatria"},"geometry":{"type":"MultiPolygon","coordinates":[[[[101.112,51.58],[101.875,51.58],[101.829,51.513],[102.123,51.447],[102.077,51.38],[102.201,51.313],[102.11,51.179],[102.353,50.912],[102.263,50.779],[102.348,50.779],[102.383,50.579],[102.76,50.512],[102.716,50.446],[102.884,50.446],[102.84,50.379],[103.177,50.379],[103.133,50.313],[103.301,50.313],[103.257,50.246],[104.181,50.246],[105.032,50.512],[106.417,50.446],[106.372,50.379],[106.792,50.379],[106.746,50.313],[107.282,50.113],[107.236,50.046],[107.823,50.046],[107.817,49.914],[107.984,49.914],[108.055,49.648],[108.345,49.582],[108.34,49.449],[108.713,49.383],[108.493,49.051],[108.699,48.985],[108.695,48.853],[108.858,48.72],[108.772,48.588],[108.895,48.522],[108.81,48.39],[108.893,48.39],[108.808,48.258],[108.89,48.258],[108.598,47.928],[108.432,47.532],[108.638,47.466],[108.681,47.269],[108.845,47.269],[109.012,47.006],[108.931,46.874],[109.095,46.874],[109.22,46.677],[109.467,46.677],[109.304,46.546],[109.388,46.415],[109.552,46.415],[109.846,45.955],[109.767,45.824],[110.186,45.3],[110.107,45.17],[110.699,44.255],[110.623,44.124],[110.703,44.124],[110.627,43.994],[110.712,43.863],[109.536,41.782],[109.759,41.457],[109.997,41.457],[109.963,41.392],[110.122,41.392],[110.211,41.263],[113.593,41.198],[113.557,41.133],[114.034,41.133],[113.998,41.068],[114.236,41.068],[114.201,41.003],[114.633,41.068],[114.685,40.874],[114.843,40.874],[114.851,40.744],[115.054,40.679],[114.596,40.42],[114.561,40.355],[113.058,40.355],[112.979,40.355],[112.945,40.291],[111.872,40.355],[111.906,40.42],[109.736,40.355],[108.197,39.967],[107.678,39.385],[107.442,39.385],[107.329,39.644],[107.172,39.644],[106.86,39.32],[106.703,39.32],[106.09,38.674],[105.512,38.61],[104.963,38.61],[104.991,38.674],[104.393,38.739],[104.293,38.868],[103.608,38.739],[103.939,39.126],[104.668,39.514],[104.583,39.838],[103.812,39.708],[103.132,39.256],[102.173,38.868],[101.63,39.062],[101.559,39.256],[101.165,39.256],[101.194,39.32],[101.181,39.644],[100.737,39.708],[100.381,39.967],[100.144,39.967],[100.173,40.032],[99.384,40.032],[99.284,40.161],[98.918,40.226],[98.948,40.291],[98.503,40.355],[98.274,40.55],[98.037,40.55],[97.63,40.874],[96.897,41.003],[96.926,41.068],[95.23,41.003],[93.687,40.744],[93.715,40.809],[93.268,40.874],[93.296,40.938],[92.321,41.068],[92.349,41.133],[91.27,41.392],[90.775,41.717],[90.536,41.717],[90.434,41.847],[90.195,41.847],[90.223,41.911],[89.613,41.976],[89.642,42.041],[88.82,42.171],[88.848,42.236],[88.077,42.301],[88.105,42.366],[85.764,42.691],[85.792,42.756],[84.108,42.756],[82.056,42.236],[80.963,42.301],[80.534,42.431],[80.188,42.366],[80.214,42.431],[80.287,42.821],[80.473,42.886],[80.471,43.082],[80.632,43.082],[80.791,43.277],[80.683,43.407],[80.735,43.538],[80.357,43.994],[80.383,44.451],[80.302,44.451],[80.41,44.712],[79.978,44.843],[80.005,44.908],[79.518,44.908],[79.545,44.973],[78.569,45.17],[78.35,45.431],[77.996,45.562],[78.022,45.824],[77.831,45.955],[77.802,46.283],[77.883,46.283],[78.975,46.349],[79.086,46.612],[79.801,46.94],[85.324,48.192],[85.786,48.456],[86.399,48.522],[86.549,48.654],[86.848,48.588],[86.914,48.72],[87.667,49.051],[87.652,49.184],[87.819,49.184],[88.244,49.515],[88.746,49.515],[89.606,49.714],[89.512,49.847],[89.585,49.98],[89.837,49.98],[90.116,50.179],[90.78,50.313],[91.063,50.512],[91.315,50.512],[91.892,50.779],[92.771,50.979],[93.272,51.246],[94.708,51.647],[98.585,52.116],[98.932,52.25],[98.886,52.183],[99.267,52.116],[99.221,52.049],[99.391,52.049],[99.346,51.982],[99.686,51.982],[99.641,51.915],[100.105,51.848],[100.06,51.781],[100.739,51.781],[100.694,51.714],[100.948,51.714],[100.903,51.647],[101.073,51.647],[101.027,51.58],[101.112,51.58]]],[[[77.802,46.283],[77.72,46.283],[77.747,46.349],[77.829,46.349],[77.802,46.283]]],[[[109.386,46.546],[109.426,46.612],[109.508,46.612],[109.468,46.546],[109.386,46.546]]]]}},{"type":"Feature","id":"cliopatria-9c9d406c71a33ac63f2ce70d","properties":{"NAME":"Yuezhi","ABBREVN":null,"CONTROL":null,"SUBJECTO":"Yuezhi","PARTOF":null,"BORDERPRECISION":1,"FromYear":14,"ToYear":29,"Area":458049.5584921085,"Type":"POLITY","Wikipedia":"Yuezhi","Wikidata":"Q467985","SeshatID":"af_tocharian","Components":"","MemberOf":"","sourceFeatureId":"cliopatria-9c9d406c71a33ac63f2ce70d","datasetId":"cliopatria"},"geometry":{"type":"MultiPolygon","coordinates":[[[[73.077,40.744],[73.8,40.291],[73.573,39.579],[73.395,39.514],[73.69,39.45],[73.63,39.256],[73.748,39.126],[73.494,38.545],[72.663,37.835],[72.398,37.448],[71.825,37.062],[71.661,36.739],[71.249,36.353],[71.244,36.031],[71.672,35.58],[71.605,35.001],[71.943,34.808],[71.495,34.229],[71.479,34.165],[70.956,34.229],[70.772,34.1],[70.833,34.036],[70.727,33.907],[69.988,34.036],[69.739,34.293],[66.814,34.293],[66.689,34.422],[66.038,34.615],[66.066,34.744],[65.926,34.808],[65.618,34.808],[65.415,34.937],[65.092,34.872],[64.854,35.194],[64.829,35.773],[64.751,35.773],[65.155,38.739],[65.077,38.739],[65.144,38.997],[65.065,38.997],[65.282,39.514],[65.203,39.514],[65.291,39.838],[65.564,39.967],[65.883,40.809],[65.962,40.809],[66.653,41.263],[66.891,41.263],[67.547,41.587],[68.025,41.587],[68.819,41.327],[68.898,41.327],[68.857,40.938],[69.332,40.42],[69.273,40.226],[68.997,40.096],[68.959,39.967],[69.334,39.902],[69.592,39.708],[70.558,39.773],[70.755,39.902],[70.814,40.096],[70.952,40.032],[70.913,39.902],[71.071,39.902],[71.209,40.096],[71.782,40.161],[72.998,40.744],[73.077,40.744]]]]}},{"type":"Feature","id":"cliopatria-4d79ebffb23ee4e6888aad56","properties":{"NAME":"Indo-Parthians","ABBREVN":null,"CONTROL":null,"SUBJECTO":"Indo-Parthians","PARTOF":null,"BORDERPRECISION":1,"FromYear":14,"ToYear":42,"Area":487435.19552444597,"Type":"POLITY","Wikipedia":"Indo-Parthian Kingdom","Wikidata":"Q1255614","SeshatID":"pk_indo_parthian_k","Components":"","MemberOf":"","sourceFeatureId":"cliopatria-4d79ebffb23ee4e6888aad56","datasetId":"cliopatria"},"geometry":{"type":"MultiPolygon","coordinates":[[[[68.95,22.915],[68.606,23.172],[68.552,23.365],[68.336,23.429],[68.35,23.558],[68.127,23.558],[68.155,23.815],[67.633,23.815],[67.491,23.879],[67.438,24.072],[67.289,24.072],[67.326,24.393],[67.148,24.779],[66.632,24.844],[66.64,24.908],[67.112,25.101],[67.502,25.808],[67.197,26.322],[67.175,27.222],[67.062,27.479],[67.121,27.865],[67.046,27.865],[67.041,28.315],[66.965,28.315],[67.007,28.572],[66.931,28.572],[67.135,29.344],[66.995,29.408],[66.888,29.665],[66.434,29.665],[66.077,29.794],[66.316,29.858],[66.437,30.951],[66.778,31.143],[67.067,31.85],[67.656,32.493],[67.71,32.75],[69.343,33.907],[69.881,33.907],[69.988,34.036],[70.727,33.907],[70.833,34.036],[70.772,34.1],[70.956,34.229],[71.479,34.165],[71.556,34.165],[72.588,34.293],[72.85,34.422],[73.389,34.422],[73.355,33.972],[73.524,33.715],[73.524,33.072],[73.6,33.072],[73.585,33.007],[73.161,32.493],[72.993,32.429],[72.441,31.658],[72.377,30.244],[72.453,30.244],[72.328,29.601],[72.029,29.215],[71.169,28.637],[71.018,28.637],[70.639,28.187],[70.22,27.93],[70.007,27.544],[69.561,27.094],[69.513,26.772],[69.729,26.708],[69.71,26.579],[70.179,26.194],[70.191,25.744],[70.341,25.744],[70.438,25.358],[70.637,25.165],[70.605,24.329],[70.448,24.265],[70.424,24.072],[70.065,23.558],[69.5,23.172],[69.039,23.043],[69.025,22.915],[68.95,22.915]]]]}},{"type":"Feature","id":"cliopatria-d70d1e32b2e2ef45cacbf142","properties":{"NAME":"Indo-Scythians","ABBREVN":null,"CONTROL":null,"SUBJECTO":"Indo-Scythians","PARTOF":null,"BORDERPRECISION":1,"FromYear":14,"ToYear":42,"Area":905632.5673340189,"Type":"POLITY","Wikipedia":"Indo-Scythians","Wikidata":"Q240123","SeshatID":"","Components":"","MemberOf":"","sourceFeatureId":"cliopatria-d70d1e32b2e2ef45cacbf142","datasetId":"cliopatria"},"geometry":{"type":"MultiPolygon","coordinates":[[[[76.112,32.686],[76.081,32.557],[76.54,32.236],[76.479,31.979],[76.162,31.593],[75.334,30.951],[74.443,30.694],[73.835,30.694],[73.808,30.565],[74.373,29.987],[74.309,29.665],[74.46,29.665],[74.763,29.279],[75.054,29.215],[75.092,29.022],[75.66,28.83],[75.699,28.637],[76.266,28.444],[76.318,28.315],[76.746,28.187],[76.798,28.058],[77.389,27.994],[77.441,27.865],[77.73,27.801],[77.846,27.608],[78.124,27.479],[78.142,27.158],[78.27,27.029],[78.257,26.515],[78.332,26.515],[78.324,25.036],[78.314,24.972],[78.221,24.844],[77.847,24.844],[77.296,24.651],[76.712,24.201],[76.023,24.072],[74.59,23.365],[74.029,22.401],[73.554,22.143],[73.213,21.758],[72.76,21.693],[72.686,21.693],[72.544,21.758],[72.566,21.951],[72.491,21.951],[72.527,22.272],[72.378,22.272],[72.342,21.951],[72.112,21.886],[72.173,21.758],[72.321,21.758],[72.185,21.179],[71.408,20.858],[71.321,20.729],[70.721,20.665],[70.295,20.858],[69.89,21.243],[69.903,21.372],[69.497,21.758],[69.349,21.758],[68.949,22.208],[68.977,22.465],[69.409,22.336],[69.497,22.465],[69.869,22.465],[70.263,22.658],[70.365,22.915],[69.451,22.722],[69.099,22.915],[69.025,22.915],[69.039,23.043],[69.5,23.172],[70.065,23.558],[70.424,24.072],[70.448,24.265],[70.605,24.329],[70.637,25.165],[70.438,25.358],[70.341,25.744],[70.191,25.744],[70.179,26.194],[69.71,26.579],[69.729,26.708],[69.513,26.772],[69.561,27.094],[70.007,27.544],[70.22,27.93],[70.639,28.187],[71.018,28.637],[71.169,28.637],[72.029,29.215],[72.328,29.601],[72.453,30.244],[72.377,30.244],[72.441,31.658],[72.993,32.429],[73.161,32.493],[73.585,33.007],[73.662,33.007],[73.984,33.072],[74.183,32.943],[74.351,33.007],[75.469,32.879],[75.882,32.686],[76.127,32.75],[76.112,32.686]]],[[[69.881,33.907],[69.343,33.907],[67.71,32.75],[67.656,32.493],[67.067,31.85],[66.778,31.143],[66.437,30.951],[66.316,29.858],[66.077,29.794],[65.125,29.537],[64.53,29.601],[64.12,29.408],[62.304,29.408],[60.936,29.858],[61.875,30.951],[61.942,31.336],[62.421,31.465],[62.82,31.979],[63.161,32.172],[63.185,32.3],[63.426,32.365],[63.873,33.843],[64.324,34.165],[64.574,34.615],[65.092,34.872],[65.415,34.937],[65.618,34.808],[65.926,34.808],[66.066,34.744],[66.038,34.615],[66.689,34.422],[66.814,34.293],[69.739,34.293],[69.988,34.036],[69.881,33.907]]],[[[74.198,33.007],[74.213,33.072],[74.29,33.072],[74.275,33.007],[74.198,33.007]]]]}},{"type":"Feature","id":"cliopatria-c086965016155a6c2a9655d1","properties":{"NAME":"Wusun","ABBREVN":null,"CONTROL":null,"SUBJECTO":"Wusun","PARTOF":null,"BORDERPRECISION":1,"FromYear":14,"ToYear":59,"Area":193929.78840409112,"Type":"POLITY","Wikipedia":"Wusun","Wikidata":"Q854062","SeshatID":"","Components":"","MemberOf":"","sourceFeatureId":"cliopatria-c086965016155a6c2a9655d1","datasetId":"cliopatria"},"geometry":{"type":"MultiPolygon","coordinates":[[[[80.134,42.431],[80.083,42.301],[78.92,41.976],[77.875,41.522],[76.817,41.457],[76.864,41.587],[76.568,41.652],[76.798,41.847],[76.104,41.911],[76.278,42.171],[76.142,42.236],[76.158,42.496],[75.814,42.431],[75.701,42.561],[75.878,42.821],[75.766,42.951],[75.388,43.017],[75.14,43.212],[75.205,43.603],[74.795,43.798],[74.998,44.124],[74.563,44.255],[74.443,44.581],[74.281,44.581],[74.25,44.712],[73.975,44.843],[73.968,45.039],[74.13,45.039],[74.255,45.366],[74.117,45.431],[74.319,45.955],[74.753,46.021],[74.881,46.349],[75.533,46.546],[75.507,46.48],[77.391,46.48],[77.364,46.415],[77.61,46.415],[77.72,46.283],[77.802,46.283],[77.831,45.955],[78.022,45.824],[77.996,45.562],[78.35,45.431],[78.569,45.17],[79.545,44.973],[79.518,44.908],[80.005,44.908],[79.978,44.843],[80.41,44.712],[80.302,44.451],[80.383,44.451],[80.357,43.994],[80.735,43.538],[80.683,43.407],[80.791,43.277],[80.632,43.082],[80.471,43.082],[80.473,42.886],[80.287,42.821],[80.214,42.431],[80.134,42.431]]]]}},{"type":"Feature","id":"cliopatria-738f2abce82b9df307043c65","properties":{"NAME":"Xin Dynasty","ABBREVN":null,"CONTROL":null,"SUBJECTO":"Xin Dynasty","PARTOF":null,"BORDERPRECISION":1,"FromYear":23,"ToYear":29,"Area":2466041.346918677,"Type":"POLITY","Wikipedia":"Xin dynasty","Wikidata":"Q504769","SeshatID":"","Components":"","MemberOf":"","sourceFeatureId":"cliopatria-738f2abce82b9df307043c65","datasetId":"cliopatria"},"geometry":{"type":"MultiPolygon","coordinates":[[[[109.862,18.35],[109.841,18.222],[109.25,18.222],[109.123,18.35],[108.765,18.415],[108.638,18.543],[108.704,19.379],[109.203,19.701],[109.246,19.958],[110.157,20.086],[110.591,20.022],[110.613,20.151],[110.909,20.151],[111.087,19.893],[111.032,19.572],[110.884,19.572],[110.851,19.379],[110.681,19.251],[110.508,18.672],[110.19,18.543],[110.179,18.479],[109.862,18.35]]],[[[106.082,23.558],[106.094,23.622],[106.168,23.622],[106.156,23.558],[106.082,23.558]]],[[[122.936,39.644],[122.17,39.256],[121.952,38.997],[121.716,38.997],[121.422,38.739],[121.029,38.739],[121.201,39.062],[121.515,39.062],[121.69,39.385],[121.297,39.385],[121.21,39.514],[121.281,39.644],[121.438,39.644],[121.503,39.902],[121.776,39.967],[122.231,40.485],[122.106,40.679],[121.827,40.744],[121.824,40.874],[121.11,40.874],[120.997,40.679],[120.647,40.485],[120.5,40.226],[119.38,39.773],[119.215,39.32],[118.989,39.191],[118.45,39.062],[118.057,39.062],[118.046,39.191],[117.776,39.126],[117.576,38.739],[117.655,38.739],[117.602,38.481],[117.929,38.351],[117.865,38.222],[117.424,37.964],[116.957,37.319],[116.524,37.062],[116.105,36.997],[115.509,36.546],[115.15,36.61],[115.014,36.482],[113.862,36.16],[113.707,36.16],[114.013,36.675],[113.964,36.739],[113.653,36.739],[113.199,36.417],[112.966,36.417],[112.995,36.482],[111.78,36.546],[111.808,36.61],[110.798,36.61],[110.62,36.739],[110.309,36.739],[110.337,36.804],[109.871,36.804],[109.111,36.482],[108.949,36.095],[109.177,35.709],[109.898,35.58],[109.845,35.451],[109.947,35.323],[110.307,35.258],[110.564,35.13],[110.589,35.001],[111.205,34.808],[111.231,34.679],[111.641,34.551],[111.718,34.358],[111.872,34.358],[112.129,34.036],[112.078,33.907],[112.208,33.65],[112.038,33.007],[112.114,33.007],[112.042,32.814],[112.147,32.686],[111.881,32.172],[111.218,31.593],[111.095,31.015],[111.237,30.758],[111.802,30.629],[111.911,30.501],[113.083,30.372],[113.226,30.115],[113.487,29.987],[113.714,29.987],[113.955,29.794],[114.485,29.794],[114.645,30.051],[115.208,30.372],[115.636,30.951],[115.767,31.529],[116.234,32.172],[117.123,32.3],[118.013,32.622],[118.803,32.686],[119.827,33.136],[120.826,33.329],[120.926,33.2],[120.897,32.943],[120.973,32.943],[120.919,32.622],[121.403,32.493],[121.503,32.172],[121.783,32.107],[121.987,31.85],[121.836,31.658],[121.301,31.85],[120.894,31.786],[121.454,31.658],[121.481,31.529],[121.634,31.529],[121.584,31.4],[121.737,31.4],[121.995,31.079],[121.899,30.822],[121.519,30.822],[121.197,30.565],[121.045,30.565],[120.68,30.179],[120.809,30.115],[121.105,30.308],[121.484,30.308],[121.62,30.051],[122.03,29.922],[121.865,29.665],[122.016,29.665],[121.928,29.408],[122.004,29.408],[121.938,29.215],[121.712,29.215],[121.798,29.472],[121.593,29.537],[121.539,29.151],[121.744,29.087],[121.714,28.765],[121.522,28.637],[121.652,28.572],[121.646,28.315],[121.379,28.187],[121.153,28.187],[121.193,28.315],[121.118,28.315],[121.038,28.058],[120.868,27.994],[120.715,27.737],[120.657,27.544],[120.733,27.544],[120.545,27.158],[120.395,27.158],[120.247,26.901],[120.096,26.901],[120.061,26.772],[120.211,26.772],[120.158,26.579],[119.84,26.515],[119.938,26.322],[119.587,26.129],[119.778,26.001],[119.53,25.615],[119.904,25.615],[119.872,25.486],[119.616,25.358],[119.273,25.486],[119.391,25.358],[119.344,25.165],[119.029,25.101],[119.074,24.972],[118.819,24.844],[118.76,24.586],[118.147,24.522],[118.076,24.201],[117.721,23.943],[117.694,23.815],[117.47,23.815],[117.179,23.493],[116.894,23.558],[116.78,23.365],[116.815,23.172],[116.591,23.172],[116.54,22.915],[115.696,22.786],[115.671,22.658],[115.373,22.658],[115.174,22.786],[114.902,22.529],[114.753,22.529],[114.641,22.722],[114.531,22.143],[114.37,22.079],[113.999,22.079],[113.996,22.465],[113.785,22.529],[113.747,22.722],[113.599,22.722],[113.699,22.465],[113.639,22.143],[113.416,22.143],[113.318,22.015],[113.106,22.079],[113.071,21.886],[112.774,21.886],[112.441,21.693],[111.859,21.758],[111.664,21.501],[110.984,21.436],[110.739,21.308],[110.716,21.179],[110.419,21.179],[110.483,21.115],[110.364,20.858],[110.616,20.601],[110.487,20.279],[109.883,20.215],[109.927,20.472],[109.789,20.536],[109.77,20.858],[109.696,20.858],[109.87,21.436],[109.807,21.501],[109.116,21.372],[109.086,21.629],[108.726,21.693],[108.087,21.436],[107.79,21.436],[107.417,20.986],[106.876,20.858],[106.834,20.601],[106.685,20.601],[106.537,20.151],[105.965,19.829],[105.734,18.865],[106.051,18.543],[106.031,18.415],[106.178,18.415],[106.295,18.222],[106.57,18.093],[106.571,17.643],[106.772,17.515],[106.752,17.386],[107.026,17.258],[106.607,16.936],[106.396,17],[106.416,17.129],[105.144,18.415],[105.185,18.672],[105.037,18.672],[105.142,18.865],[105.015,18.993],[105.014,19.443],[104.94,19.443],[104.992,19.765],[104.865,19.893],[104.981,20.151],[104.44,20.472],[104.619,20.665],[104.905,20.601],[104.873,20.858],[105.096,20.858],[104.851,21.179],[104.979,21.501],[104.926,21.629],[105.096,21.758],[105.128,21.951],[104.874,22.208],[105.238,22.593],[105.272,22.786],[105.764,23.043],[106.156,23.558],[106.466,23.622],[107.149,24.072],[109.379,24.393],[111.009,24.329],[111.356,24.908],[111.606,25.679],[111.546,25.744],[111.82,26.258],[112.025,27.351],[111.95,27.351],[112.055,27.737],[111.94,27.865],[111.994,28.058],[111.727,28.444],[110.802,28.894],[110.443,28.958],[107.647,28.958],[106.726,28.637],[106.028,28.572],[106.069,28.444],[105.129,28.315],[104.066,28.572],[103.898,28.508],[103.857,28.637],[102.718,28.894],[102.602,29.022],[101.957,29.151],[101.156,29.537],[100.982,29.729],[101.019,29.858],[100.828,29.987],[100.865,30.115],[100.674,30.244],[100.673,30.501],[100.598,30.501],[100.693,30.822],[101.331,31.658],[101.836,32.043],[102.158,32.557],[102.312,33.457],[102.235,33.457],[102.325,33.715],[102.248,33.715],[102.409,34.165],[103.479,34.358],[103.735,35.451],[103.63,35.58],[103.649,36.224],[103.467,36.353],[103.518,36.482],[103.389,36.546],[103.44,36.675],[103.311,36.739],[103.363,36.868],[103.208,37.062],[102.871,37.19],[102.611,37.126],[102.586,37.255],[102.171,37.384],[102.172,37.577],[102.043,37.642],[102.096,37.771],[101.833,37.513],[101.626,37.577],[101.601,37.706],[101.315,37.771],[101.29,37.9],[100.796,38.029],[100.799,38.222],[100.642,38.222],[100.386,38.545],[100.687,39.062],[101.137,39.191],[101.165,39.256],[101.559,39.256],[101.63,39.062],[102.173,38.868],[103.132,39.256],[103.812,39.708],[104.583,39.838],[104.668,39.514],[103.939,39.126],[103.608,38.739],[104.293,38.868],[104.393,38.739],[104.991,38.674],[104.963,38.61],[105.512,38.61],[106.09,38.674],[106.703,39.32],[106.86,39.32],[107.172,39.644],[107.329,39.644],[107.442,39.385],[107.678,39.385],[108.197,39.967],[109.736,40.355],[111.906,40.42],[111.872,40.355],[112.945,40.291],[113.024,40.291],[113.058,40.355],[114.561,40.355],[114.527,40.291],[115.159,40.291],[115.292,40.096],[115.45,40.096],[115.55,39.838],[116.452,39.902],[117.295,40.291],[118.236,40.42],[118.705,40.55],[118.778,40.679],[119.174,40.679],[123.087,41.911],[123.167,41.911],[123.127,41.847],[123.405,41.782],[123.365,41.717],[123.604,41.717],[123.564,41.652],[123.843,41.587],[123.803,41.522],[124.042,41.522],[124.002,41.457],[124.28,41.392],[124.24,41.327],[124.479,41.327],[124.439,41.263],[124.837,41.133],[124.412,40.291],[123.797,39.773],[123.718,39.773],[123.597,39.838],[122.936,39.644]]],[[[122.273,30.179],[122.28,29.987],[121.977,29.987],[122.022,30.115],[122.045,30.179],[122.273,30.179]]]]}},{"type":"Feature","id":"cliopatria-d8815ffc67c0285cf90ebaaa","properties":{"NAME":"Dong-okjeo","ABBREVN":null,"CONTROL":null,"SUBJECTO":"Dong-okjeo","PARTOF":null,"BORDERPRECISION":1,"FromYear":23,"ToYear":42,"Area":32028.779113616652,"Type":"POLITY","Wikipedia":"Okjeo","Wikidata":"Q713393","SeshatID":"","Components":"","MemberOf":"","sourceFeatureId":"cliopatria-d8815ffc67c0285cf90ebaaa","datasetId":"cliopatria"},"geometry":{"type":"MultiPolygon","coordinates":[[[[128.171,39.967],[128.092,39.967],[127.583,39.773],[127.628,39.579],[127.59,39.514],[126.964,39.385],[126.728,39.385],[126.832,39.838],[126.709,40.032],[126.432,40.096],[126.269,40.355],[126.425,40.614],[127.059,40.874],[127.376,40.874],[127.456,41.003],[128.132,41.068],[128.493,41.263],[129.088,41.198],[129.727,41.327],[129.806,41.327],[129.882,41.198],[129.756,40.874],[129.238,40.679],[129.078,40.42],[128.919,40.42],[128.171,39.967]]]]}},{"type":"Feature","id":"cliopatria-121ab0fd4e789e862bc63f21","properties":{"NAME":"Goguryeo","ABBREVN":null,"CONTROL":null,"SUBJECTO":"Goguryeo","PARTOF":null,"BORDERPRECISION":1,"FromYear":23,"ToYear":42,"Area":156725.26642365343,"Type":"POLITY","Wikipedia":"Goguryeo","Wikidata":"Q28370","SeshatID":"kr_goguryeo_k","Components":"","MemberOf":"","sourceFeatureId":"cliopatria-121ab0fd4e789e862bc63f21","datasetId":"cliopatria"},"geometry":{"type":"MultiPolygon","coordinates":[[[[129.74,41.717],[129.698,41.652],[129.777,41.652],[129.693,41.522],[129.769,41.392],[129.727,41.327],[129.088,41.198],[128.493,41.263],[128.132,41.068],[127.456,41.003],[127.376,40.874],[127.059,40.874],[126.425,40.614],[126.269,40.355],[126.432,40.096],[126.709,40.032],[126.832,39.838],[126.728,39.385],[126.964,39.385],[126.854,39.191],[127.023,38.933],[126.937,38.351],[126.348,37.835],[126.27,37.835],[125.845,37.771],[125.835,37.9],[125.678,37.9],[125.387,37.642],[125.231,37.642],[125.298,37.771],[125.209,37.9],[124.897,37.9],[125.077,38.093],[124.764,38.093],[124.866,38.287],[124.788,38.287],[124.961,38.61],[125.153,38.674],[125.189,38.739],[125.032,38.739],[125.39,39.385],[125.306,39.514],[124.87,39.579],[124.865,39.708],[124.512,39.644],[124.345,39.902],[123.876,39.773],[123.797,39.773],[124.412,40.291],[124.837,41.133],[124.439,41.263],[124.479,41.327],[124.24,41.327],[124.28,41.392],[124.002,41.457],[124.042,41.522],[123.803,41.522],[123.843,41.587],[123.564,41.652],[123.604,41.717],[123.365,41.717],[123.405,41.782],[123.127,41.847],[123.167,41.911],[123.247,41.911],[124.607,42.171],[125.459,42.626],[126.468,42.821],[130.333,43.082],[130.655,43.082],[130.61,43.017],[130.77,43.017],[130.762,42.886],[130.922,42.886],[130.745,42.626],[130.905,42.626],[130.773,42.431],[130.322,42.236],[129.74,41.717]]]]}},{"type":"Feature","id":"cliopatria-efb0ef00b6ef2e88423e8cb8","properties":{"NAME":"Kingdom of Osroene","ABBREVN":null,"CONTROL":null,"SUBJECTO":"Kingdom of Osroene","PARTOF":null,"BORDERPRECISION":1,"FromYear":23,"ToYear":42,"Area":50068.95773918641,"Type":"POLITY","Wikipedia":"Osroene","Wikidata":"Q237234","SeshatID":"","Components":"","MemberOf":"","sourceFeatureId":"cliopatria-efb0ef00b6ef2e88423e8cb8","datasetId":"cliopatria"},"geometry":{"type":"MultiPolygon","coordinates":[[[[41.283,36.353],[40.809,36.288],[39.753,35.902],[39.497,35.709],[38.428,35.838],[38.133,35.966],[38.176,36.997],[37.958,37.126],[37.989,37.384],[38.333,37.642],[38.349,37.771],[39.122,37.706],[39.46,37.9],[39.496,37.577],[40.181,37.448],[41.178,37.319],[41.212,36.997],[41.541,36.546],[41.283,36.353]]]]}},{"type":"Feature","id":"cliopatria-8a7e2c83846afc507d327824","properties":{"NAME":"Kingdom of Sophene","ABBREVN":null,"CONTROL":null,"SUBJECTO":"Kingdom of Sophene","PARTOF":null,"BORDERPRECISION":1,"FromYear":23,"ToYear":42,"Area":23784.97121292255,"Type":"POLITY","Wikipedia":"Kingdom of Sophene","Wikidata":"Q2626105","SeshatID":"","Components":"","MemberOf":"","sourceFeatureId":"cliopatria-8a7e2c83846afc507d327824","datasetId":"cliopatria"},"geometry":{"type":"MultiPolygon","coordinates":[[[[40.493,38.029],[40.415,38.029],[40.094,37.964],[40.051,37.642],[40.181,37.448],[39.496,37.577],[39.46,37.9],[39.415,38.158],[39.511,38.287],[39.363,38.351],[39.38,38.481],[39.232,38.545],[39.25,38.674],[39.11,38.803],[38.726,38.868],[38.752,39.062],[38.927,39.191],[38.954,39.385],[39.209,39.514],[39.751,39.45],[39.848,39.579],[40.478,39.579],[40.51,39.256],[40.658,39.191],[40.469,38.416],[40.547,38.416],[40.572,38.029],[40.493,38.029]]]]}},{"type":"Feature","id":"cliopatria-057bf256416465e1c6c7a9ec","properties":{"NAME":"Roman Empire","ABBREVN":null,"CONTROL":null,"SUBJECTO":"Roman Empire","PARTOF":null,"BORDERPRECISION":1,"FromYear":23,"ToYear":42,"Area":3609090.0030450174,"Type":"POLITY","Wikipedia":"Roman Empire","Wikidata":"Q12544","SeshatID":"it_roman_principate","Components":"","MemberOf":"","sourceFeatureId":"cliopatria-057bf256416465e1c6c7a9ec","datasetId":"cliopatria"},"geometry":{"type":"MultiPolygon","coordinates":[[[[14.337,35.838],[14.34,36.031],[14.417,36.031],[14.571,35.966],[14.568,35.773],[14.337,35.838]]],[[[22.887,36.417],[22.965,36.417],[23.117,36.353],[23.107,36.16],[22.874,36.16],[22.887,36.417]]],[[[7.24,50.712],[7.324,50.712],[7.329,50.512],[7.761,49.914],[8.175,50.246],[8.512,50.113],[8.516,49.847],[8.433,49.847],[8.52,49.582],[8.353,49.582],[8.277,49.118],[8.112,49.051],[8.197,48.919],[7.868,48.72],[7.871,48.588],[7.707,48.456],[7.559,47.598],[8.549,47.664],[8.547,47.796],[8.877,47.796],[8.957,48.06],[9.121,48.192],[9.782,48.39],[9.864,48.522],[9.947,48.522],[9.947,48.588],[10.03,48.588],[10.03,48.522],[10.445,48.522],[10.943,48.787],[11.36,48.853],[11.694,49.118],[12.111,49.184],[12.938,48.72],[13.519,48.654],[14.258,48.258],[14.508,48.324],[14.67,48.192],[14.919,48.192],[14.915,48.06],[16.143,47.664],[16.139,47.532],[16.221,47.532],[16.128,47.203],[16.208,47.137],[16.041,47.072],[16.037,46.94],[16.119,46.94],[16.035,46.874],[16.02,46.415],[16.102,46.415],[16.009,46.087],[16.171,46.021],[16.166,45.89],[16.57,45.759],[16.486,45.693],[16.563,45.562],[16.973,45.628],[17.049,45.497],[18.024,45.431],[18.181,45.3],[18.591,45.366],[18.988,45.17],[19.15,45.17],[19.238,45.3],[20.218,45.366],[20.37,45.17],[20.61,45.104],[20.521,44.973],[20.671,44.777],[21.41,44.908],[21.64,44.712],[21.884,44.712],[22.032,44.516],[22.194,44.516],[22.37,44.712],[22.694,44.712],[22.766,44.581],[22.518,44.516],[22.509,44.385],[22.975,44.124],[22.876,43.863],[23.526,43.929],[23.924,43.863],[24.075,43.733],[24.156,43.733],[24.141,43.538],[23.975,43.472],[23.949,43.147],[23.703,43.082],[23.689,42.886],[23.519,42.756],[23.575,42.431],[23.326,42.301],[23.214,41.847],[23.448,41.782],[23.744,41.457],[25.68,41.782],[26.233,41.717],[26.574,41.976],[27.464,42.106],[27.317,42.236],[27.329,42.366],[27.175,42.431],[27.193,42.626],[27.452,42.821],[27.657,43.277],[27.992,43.407],[28.018,43.668],[28.3,44.059],[28.463,44.843],[28.802,44.973],[28.795,44.908],[28.841,44.581],[28.577,44.385],[28.536,43.994],[28.616,43.994],[28.481,43.472],[28.159,43.472],[28.226,43.342],[27.898,43.277],[27.805,43.147],[27.847,42.756],[27.514,42.626],[27.495,42.431],[27.796,42.236],[27.784,42.106],[28.004,41.911],[27.979,41.652],[28.218,41.652],[28.352,41.392],[28.976,41.263],[28.963,41.133],[30.479,41.198],[30.624,41.068],[31.18,41.068],[31.534,41.392],[32.027,41.522],[32.042,41.652],[32.193,41.587],[32.695,41.782],[32.631,41.911],[34.785,41.911],[34.882,42.041],[35.121,42.041],[35.157,41.717],[35.954,41.717],[36.209,41.263],[36.925,41.263],[36.915,41.198],[36.897,41.068],[36.473,40.874],[36.412,41.003],[36.085,40.938],[35.184,41.327],[34.849,41.198],[34.578,40.938],[34.561,40.809],[34.791,40.744],[34.505,40.355],[34.536,39.967],[34.828,39.773],[35.294,39.708],[35.357,39.579],[37.476,39.514],[38.167,39.385],[38.228,39.256],[38.752,39.062],[38.726,38.868],[39.11,38.803],[39.25,38.674],[39.232,38.545],[39.38,38.481],[39.363,38.351],[39.511,38.287],[39.415,38.158],[39.46,37.9],[39.122,37.706],[38.349,37.771],[38.333,37.642],[37.989,37.384],[37.958,37.126],[38.176,36.997],[38.133,35.966],[38.428,35.838],[39.497,35.709],[39.938,35.516],[40.062,35.258],[40.278,35.13],[40.263,35.001],[40.479,34.872],[40.55,34.165],[40.473,34.165],[40.311,34.1],[40.403,34.229],[40.257,34.293],[39.124,34.486],[37.99,33.972],[37.739,33.779],[37.726,33.65],[37.573,33.65],[37.073,33.264],[37.054,33.072],[36.901,33.072],[36.717,32.75],[36.751,32.3],[36.516,32.236],[36.656,32.107],[36.492,31.979],[36.463,31.658],[36.387,31.658],[36.423,31.208],[36.271,31.208],[36.401,30.951],[36.151,30.694],[36.146,30.629],[35.842,30.629],[35.593,30.372],[34.389,30.501],[34.303,30.372],[33.151,30.179],[32.602,29.922],[32.526,29.922],[32.429,29.601],[32.639,29.344],[32.689,28.958],[32.836,28.894],[33.105,28.38],[33.609,27.994],[33.585,27.608],[33.799,27.415],[33.927,27.029],[34.073,26.965],[34.051,26.579],[34.197,26.515],[34.461,25.872],[34.608,25.808],[35.146,24.651],[35.86,24.008],[35.854,23.879],[35.559,23.943],[35.553,23.815],[35.108,23.879],[33.756,23.686],[33.682,23.686],[33.389,23.815],[32.041,23.686],[31.67,23.751],[30.537,23.365],[30.463,23.365],[30.395,23.558],[30.104,23.751],[30.109,23.879],[29.959,23.879],[29.673,24.201],[28.569,24.651],[28.289,25.165],[28.244,25.936],[28.345,26.579],[28.27,26.579],[28.154,27.351],[27.937,27.544],[27.711,27.544],[27.792,27.672],[27.43,27.994],[27.276,27.93],[27.285,28.122],[27.14,28.251],[25.586,28.958],[25.373,29.279],[25.147,29.279],[25.001,29.408],[24.847,29.344],[24.779,29.537],[24.33,29.665],[24.26,29.794],[23.51,29.987],[22.916,30.308],[22.762,30.244],[22.767,30.372],[21.939,30.565],[20.952,30.565],[19.191,30.051],[18.281,30.051],[16.701,30.694],[15.49,30.951],[15.184,30.886],[15.187,31.079],[14.584,31.529],[14.586,31.658],[13.829,32.107],[13.295,32.236],[13.066,32.172],[13.067,32.3],[12.456,32.365],[11.768,32.3],[11.768,32.429],[11.539,32.429],[11.463,32.557],[11.31,32.493],[11.157,32.686],[10.392,33.007],[10.009,33.007],[10.085,33.136],[9.625,33.136],[9.547,33.329],[9.624,33.457],[9.316,33.586],[9.083,34.036],[8.929,34.036],[8.928,34.165],[8.773,34.229],[8.081,34.229],[8.002,34.422],[7.615,34.551],[7.153,34.486],[6.92,34.615],[6.459,34.551],[6.148,34.679],[5.379,34.615],[5.302,34.615],[5.29,35.13],[5.439,35.387],[5.339,36.353],[5.416,36.353],[5.407,36.739],[5.485,36.739],[5.564,36.675],[5.639,36.804],[6.106,36.804],[6.103,36.933],[6.334,37.062],[6.805,36.868],[7.194,36.868],[7.346,37.062],[7.502,37.062],[7.738,36.868],[8.516,36.868],[8.903,37.126],[9.059,37.062],[9.603,37.319],[9.993,37.19],[10.227,37.255],[10.228,37.062],[10.305,37.062],[10.228,36.804],[10.462,36.739],[11.006,36.997],[11.006,36.804],[10.462,36.417],[10.54,36.353],[10.464,35.902],[10.696,35.709],[10.851,35.773],[10.928,35.58],[11.083,35.58],[11.083,35.387],[11.006,35.387],[11.083,35.001],[10.851,34.937],[10.851,34.808],[10.543,34.551],[10.004,34.293],[10.082,34.229],[10.006,33.907],[10.237,33.715],[10.544,33.715],[10.698,33.522],[11.082,33.586],[11.158,33.2],[11.464,33.2],[12.229,32.814],[12.612,32.879],[12.535,32.75],[12.841,32.75],[12.842,32.879],[13.302,32.943],[13.454,32.814],[13.761,32.879],[13.759,32.75],[14.065,32.75],[14.444,32.493],[14.675,32.557],[14.749,32.429],[15.055,32.429],[15.282,32.3],[15.425,31.658],[15.576,31.593],[15.649,31.4],[16.179,31.208],[17.469,31.079],[18.222,30.758],[18.592,30.372],[19.272,30.244],[19.886,30.501],[20.202,30.886],[20.134,31.143],[20.214,31.272],[19.996,31.593],[20.089,32.107],[20.017,32.236],[20.246,32.236],[20.331,32.493],[20.482,32.429],[20.563,32.557],[20.716,32.557],[20.644,32.686],[20.871,32.622],[21.108,32.814],[21.412,32.75],[21.879,32.943],[23.089,32.622],[23.078,32.365],[23.299,32.172],[23.68,32.172],[24.129,31.979],[24.892,31.979],[25.112,31.786],[25.102,31.593],[25.248,31.465],[26.848,31.465],[27.297,31.336],[27.515,31.143],[28.496,31.015],[28.865,30.822],[29.397,30.822],[29.485,31.015],[29.633,30.951],[29.87,31.079],[29.802,31.208],[29.882,31.272],[30.339,31.272],[30.271,31.4],[30.352,31.465],[30.809,31.465],[30.966,31.529],[30.975,31.658],[31.203,31.658],[31.118,31.529],[31.266,31.465],[31.875,31.465],[31.781,31.208],[31.937,31.272],[32,31.079],[32.304,31.079],[32.237,31.208],[32.532,31.079],[32.765,31.143],[32.832,31.015],[33.983,31.143],[34.297,31.272],[34.308,31.4],[34.633,31.658],[34.573,31.85],[34.813,31.979],[34.77,32.365],[35.022,32.622],[35.056,33.007],[35.215,33.072],[35.398,33.393],[35.346,33.65],[35.499,33.65],[35.447,33.907],[35.684,33.972],[35.644,34.358],[35.792,34.293],[36.049,34.551],[36.068,34.744],[35.927,34.872],[35.96,35.194],[35.882,35.194],[35.993,35.516],[35.845,35.58],[35.99,36.224],[35.842,36.288],[36.265,36.61],[36.286,36.804],[36.145,36.933],[35.834,36.933],[35.488,36.61],[35.332,36.61],[35.113,36.739],[34.95,36.675],[34.893,36.868],[34.582,36.868],[34.251,36.675],[33.979,36.288],[33.274,36.224],[32.713,36.031],[32.558,36.031],[32.499,36.224],[32.068,36.61],[31.086,36.933],[30.619,36.933],[30.492,36.353],[30.026,36.353],[29.938,36.224],[29.24,36.224],[29.125,36.739],[28.736,36.739],[28.591,36.868],[28.357,36.868],[28.187,36.675],[28.031,36.675],[28.138,37.062],[28.065,37.126],[27.598,37.126],[27.539,37.384],[27.223,37.319],[27.31,37.448],[27.163,37.577],[27.256,37.771],[27.178,37.771],[27.275,38.029],[26.889,38.093],[26.82,38.222],[26.429,38.222],[26.384,38.674],[26.536,38.61],[26.595,38.351],[27.065,38.351],[27.08,38.545],[26.849,38.61],[26.958,38.997],[26.879,38.997],[26.894,39.191],[26.742,39.256],[26.847,39.579],[26.132,39.514],[26.168,39.967],[26.247,39.967],[26.272,40.291],[26.605,40.485],[26.684,40.485],[26.673,40.355],[27.47,40.42],[27.538,40.291],[27.696,40.291],[27.792,40.485],[27.95,40.485],[27.939,40.355],[29.046,40.355],[28.9,40.485],[28.913,40.614],[29.48,40.744],[29.493,40.874],[29.249,40.809],[29.103,40.938],[29.116,41.068],[28.633,41.003],[28.407,41.133],[28.169,41.133],[28.077,41.003],[27.527,41.068],[27.017,40.679],[26.921,40.485],[26.626,40.744],[26.14,40.614],[26.082,40.874],[25.378,41.003],[24.347,41.003],[24.011,40.744],[23.698,40.809],[23.685,40.614],[23.839,40.55],[23.737,40.226],[23.267,40.291],[22.884,40.485],[22.892,40.614],[22.655,40.614],[22.56,40.355],[22.544,40.096],[22.702,40.096],[22.611,39.902],[23.135,39.45],[22.816,39.385],[22.797,39.062],[22.958,39.126],[23.493,38.868],[23.332,38.803],[23.025,38.933],[22.936,38.739],[23.167,38.674],[23.313,38.481],[23.626,38.481],[23.563,38.739],[24.03,38.674],[24.179,38.545],[24.159,38.222],[24.002,38.222],[23.979,37.835],[23.443,38.029],[23.208,38.029],[23.201,37.9],[23.044,37.9],[23.108,37.642],[23.342,37.642],[23.402,37.319],[23.169,37.319],[23.176,37.448],[22.949,37.577],[22.714,37.577],[22.701,37.319],[22.853,37.255],[23.056,36.675],[22.833,36.868],[22.599,36.868],[22.512,36.675],[22.356,36.675],[22.22,37.062],[21.909,37.062],[21.899,36.868],[21.744,36.868],[21.681,37.19],[21.603,37.19],[21.697,37.513],[21.244,37.835],[21.416,38.158],[21.729,38.158],[21.738,38.351],[21.193,38.416],[20.974,38.739],[20.741,38.803],[20.911,39.062],[20.297,39.385],[20.155,39.708],[19.918,39.708],[19.912,39.579],[19.758,39.644],[19.764,39.773],[20,39.773],[20.009,39.967],[19.63,40.291],[19.471,40.291],[19.486,40.614],[19.249,40.614],[19.255,40.744],[19.498,40.874],[19.438,41.263],[19.523,41.392],[19.444,41.392],[19.53,41.522],[19.45,41.522],[19.542,41.782],[18.852,42.366],[18.143,42.626],[17.992,42.821],[17.593,42.886],[17.508,42.756],[17.516,42.951],[17.355,42.951],[17.365,43.212],[17.122,43.147],[17.051,43.407],[16.727,43.342],[16.734,43.538],[16.575,43.603],[15.927,43.472],[16.012,43.603],[15.857,43.798],[15.695,43.798],[15.619,43.929],[15.375,43.863],[15.459,43.994],[15.219,44.059],[15.147,44.385],[14.909,44.581],[14.919,44.973],[14.516,45.104],[14.603,45.366],[14.196,45.366],[14.189,45.039],[13.946,45.039],[13.943,44.908],[13.781,44.908],[13.706,45.235],[13.544,45.3],[13.547,45.497],[13.71,45.497],[13.715,45.759],[13.39,45.824],[13.145,45.824],[13.06,45.628],[12.817,45.693],[12.652,45.562],[12.163,45.497],[12.16,45.17],[12.403,45.039],[12.4,44.777],[12.157,44.843],[12.154,44.451],[12.313,44.19],[12.873,43.798],[13.036,43.863],[13.034,43.733],[13.355,43.668],[13.673,43.407],[13.747,43.082],[13.985,42.951],[13.901,42.756],[14.056,42.496],[14.371,42.236],[14.531,42.236],[14.608,42.106],[14.769,42.171],[14.766,42.041],[14.924,41.976],[15.165,42.041],[15.241,41.911],[16.119,41.911],[16.115,41.782],[15.874,41.717],[15.944,41.392],[17.203,41.003],[17.511,40.744],[17.981,40.614],[18.438,40.161],[18.349,39.902],[18.112,39.902],[17.813,40.355],[17.418,40.355],[17.345,40.55],[17.028,40.55],[16.868,40.485],[16.945,40.42],[16.862,40.291],[16.624,40.291],[16.697,40.096],[16.457,39.967],[16.447,39.644],[16.916,39.514],[17.07,39.385],[17.138,39.062],[16.502,38.803],[16.492,38.416],[15.933,37.964],[15.698,37.964],[15.624,38.158],[15.389,38.158],[15.066,37.642],[15.059,37.255],[15.214,37.19],[15.05,36.739],[14.661,36.739],[14.278,37.126],[13.578,37.255],[13.192,37.577],[12.49,37.706],[12.492,37.9],[12.65,38.093],[13.04,38.029],[13.12,38.158],[13.355,38.158],[13.665,37.964],[14.056,37.964],[15.862,38.287],[15.95,38.674],[16.265,38.739],[16.27,38.933],[16.117,39.062],[15.899,39.773],[15.666,39.902],[15.748,40.032],[15.432,40.032],[15.199,40.226],[15.041,40.226],[14.893,40.679],[14.418,40.679],[14.422,40.874],[14.105,40.874],[13.951,41.133],[13.792,41.133],[13.715,41.263],[13,41.327],[12.922,41.457],[12.605,41.522],[12.131,41.911],[12.132,42.041],[11.813,42.106],[11.655,42.366],[11.495,42.301],[11.415,42.431],[11.255,42.431],[11.176,42.626],[11.016,42.626],[11.016,42.821],[10.535,43.082],[10.212,43.994],[9.889,43.994],[9.97,44.124],[9.727,44.124],[9.159,44.451],[8.432,44.385],[8.034,43.929],[7.15,43.733],[6.993,43.538],[6.673,43.472],[6.518,43.212],[6.278,43.147],[5.796,43.147],[5.632,43.277],[5.391,43.277],[5.387,43.407],[5.063,43.472],[4.178,43.472],[4.173,43.603],[3.851,43.603],[3.617,43.407],[3.14,43.277],[2.985,43.147],[3.01,42.561],[3.178,42.366],[3.117,41.911],[2.573,41.587],[2.334,41.587],[2.107,41.327],[1.238,41.198],[0.696,40.938],[0.709,40.679],[0.248,40.42],[0.183,40.161],[-0.126,40.032],[-0.345,39.708],[-0.314,39.126],[0.099,38.739],[-0.661,38.287],[-0.803,38.029],[-0.705,37.642],[-1.709,37.448],[-1.623,37.319],[-1.857,37.319],[-2.062,36.804],[-2.532,36.868],[-2.68,36.739],[-4.469,36.739],[-4.689,36.546],[-5.228,36.482],[-5.288,36.224],[-5.662,36.031],[-5.831,36.224],[-6.064,36.224],[-6.33,36.675],[-6.35,36.933],[-6.588,36.997],[-6.842,37.255],[-7.465,37.255],[-7.455,37.126],[-7.678,36.997],[-8.701,37.126],[-9.001,36.997],[-8.897,37.577],[-8.819,37.577],[-8.823,38.481],[-9.209,38.416],[-9.233,38.674],[-9.384,38.61],[-9.553,38.739],[-9.572,38.933],[-9.427,39.062],[-9.387,39.45],[-9.157,39.514],[-9.104,39.773],[-9.025,39.773],[-8.925,40.355],[-8.846,40.355],[-8.872,40.614],[-8.727,40.744],[-8.956,42.171],[-8.657,42.366],[-9.079,42.561],[-9.1,42.756],[-9.275,42.886],[-9.305,43.147],[-9.159,43.277],[-8.852,43.407],[-8.369,43.407],[-8.39,43.603],[-8.244,43.733],[-7.276,43.733],[-7.343,43.603],[-7.176,43.538],[-5.733,43.603],[-4.99,43.407],[-3.467,43.472],[-3.296,43.342],[-1.688,43.342],[-1.388,43.668],[-1.349,44.255],[-1.268,44.255],[-1.286,44.516],[-1.205,44.516],[-1.252,45.17],[-1.171,45.17],[-1.189,45.431],[-1.031,45.497],[-1.045,45.693],[-1.213,45.759],[-1.141,45.89],[-1.223,45.89],[-1.252,46.283],[-1.666,46.349],[-2.014,46.612],[-2.025,46.743],[-2.194,46.809],[-2.139,47.137],[-2.232,47.269],[-2.562,47.269],[-2.578,47.466],[-2.826,47.466],[-2.837,47.598],[-3.156,47.466],[-3.344,47.73],[-3.757,47.73],[-3.935,47.862],[-4.424,47.796],[-4.692,47.994],[-4.705,48.126],[-4.546,48.192],[-4.643,48.324],[-4.891,48.324],[-4.912,48.522],[-4.6,48.72],[-3.852,48.72],[-3.455,48.919],[-3.122,48.919],[-2.759,48.588],[-2.522,48.72],[-1.602,48.654],[-1.718,49.051],[-1.635,49.051],[-1.652,49.25],[-1.913,49.383],[-2.032,49.781],[-1.362,49.781],[-1.251,49.449],[0.007,49.383],[-0.012,49.648],[0.224,49.847],[1.053,49.98],[1.455,50.246],[1.425,50.712],[1.656,51.046],[2.578,51.179],[2.739,51.313],[3.41,51.447],[3.399,51.647],[3.739,51.647],[3.647,51.781],[3.98,51.915],[4.056,52.116],[4.232,51.982],[4.573,51.982],[5.248,52.116],[5.934,51.982],[6.369,51.647],[6.539,51.647],[6.541,51.58],[6.885,51.38],[7.065,50.979],[7.319,50.912],[7.24,50.712]]],[[[20.621,37.9],[20.699,37.9],[20.934,37.9],[20.922,37.642],[20.613,37.706],[20.621,37.9]]],[[[20.328,38.351],[20.488,38.416],[20.566,38.416],[20.795,38.287],[20.786,38.093],[20.32,38.158],[20.328,38.351]]],[[[1.274,38.803],[1.183,39.062],[1.259,39.126],[1.337,39.126],[1.652,39.126],[1.658,38.997],[1.431,38.803],[1.274,38.803]]],[[[20.152,39.644],[20.149,39.579],[20.07,39.579],[20.073,39.644],[20.152,39.644]]],[[[3.296,39.32],[2.824,39.32],[2.659,39.514],[2.346,39.45],[2.338,39.644],[2.877,39.967],[2.956,39.967],[3.193,39.967],[3.198,39.838],[3.516,39.773],[3.296,39.32]]],[[[3.741,40.096],[3.82,40.096],[4.215,40.096],[4.302,39.838],[3.827,39.902],[3.741,40.096]]],[[[9.665,40.291],[9.747,39.644],[9.669,39.644],[9.593,39.126],[9.12,39.191],[8.966,38.868],[8.73,38.868],[8.336,38.997],[8.412,39.256],[8.333,39.256],[8.33,39.514],[8.409,39.514],[8.483,39.902],[8.325,39.967],[8.4,40.291],[8.321,40.291],[8.319,40.485],[8.16,40.55],[8.155,40.938],[8.552,40.874],[9.025,41.263],[9.104,41.263],[9.502,41.198],[9.822,40.744],[9.823,40.355],[9.665,40.291]]],[[[9.578,41.976],[9.498,41.976],[9.499,41.782],[9.262,41.392],[9.104,41.327],[8.784,41.522],[8.782,41.717],[8.623,41.717],[8.7,41.911],[8.539,42.106],[8.535,42.496],[8.773,42.691],[9.173,42.756],[9.251,43.017],[9.331,43.017],[9.492,43.017],[9.493,42.756],[9.574,42.756],[9.578,41.976]]],[[[10.134,42.886],[10.214,42.886],[10.455,42.886],[10.455,42.691],[10.215,42.691],[10.134,42.886]]],[[[14.269,44.973],[14.35,44.973],[14.511,44.908],[14.502,44.516],[14.261,44.581],[14.269,44.973]]],[[[16.647,45.628],[16.565,45.628],[16.568,45.693],[16.649,45.693],[16.647,45.628]]],[[[6.278,51.848],[6.193,51.848],[6.191,51.915],[6.276,51.915],[6.278,51.848]]],[[[34.087,35.001],[33.695,34.937],[33.523,34.744],[33.132,34.679],[33.044,34.551],[32.367,34.744],[32.229,34.937],[32.246,35.13],[32.555,35.13],[32.875,35.258],[32.887,35.387],[33.737,35.387],[34.31,35.709],[34.387,35.709],[34.542,35.709],[34.529,35.58],[33.957,35.258],[34.087,35.001]]],[[[24.15,35.387],[24.301,35.323],[25.692,35.323],[25.681,35.13],[26.225,35.194],[26.14,35.065],[24.824,35.001],[24.757,35.194],[24.526,35.194],[24.448,35.194],[23.679,35.258],[23.615,35.516],[24.157,35.516],[24.15,35.387]]],[[[27.693,36.288],[28.017,36.482],[28.095,36.482],[28.25,36.482],[28.139,36.031],[27.743,35.902],[27.693,36.288]]],[[[27.117,36.933],[27.185,36.804],[26.865,36.675],[27.039,36.933],[27.117,36.933]]],[[[25.339,37.126],[25.417,37.126],[25.573,37.126],[25.564,36.997],[25.331,36.997],[25.339,37.126]]],[[[24.283,37.706],[24.361,37.706],[24.432,37.577],[24.272,37.513],[24.201,37.642],[24.283,37.706]]],[[[24.986,37.706],[25.064,37.706],[25.22,37.706],[25.286,37.513],[25.052,37.513],[24.986,37.706]]],[[[26.08,37.706],[26.158,37.706],[26.314,37.706],[26.305,37.577],[25.988,37.513],[26.08,37.706]]],[[[24.694,38.029],[24.772,38.029],[25.068,37.771],[24.83,37.706],[24.682,37.835],[24.694,38.029]]],[[[25.899,38.481],[25.821,38.481],[25.913,38.674],[25.991,38.674],[26.217,38.545],[26.111,38.158],[25.876,38.158],[25.899,38.481]]],[[[23.567,38.803],[23.563,38.739],[23.485,38.739],[23.489,38.803],[23.567,38.803]]],[[[24.365,38.997],[24.444,38.997],[24.675,38.933],[24.662,38.739],[24.357,38.868],[24.365,38.997]]],[[[26.094,38.997],[26.103,39.126],[25.793,39.191],[26.044,39.385],[26.123,39.385],[26.511,39.32],[26.644,38.997],[26.246,38.933],[26.094,38.997]]],[[[25.067,40.032],[25.146,40.032],[25.462,40.032],[25.447,39.838],[24.974,39.838],[25.067,40.032]]]]}},{"type":"Feature","id":"cliopatria-324065de29236cc50117789c","properties":{"NAME":"Kingdom of Pontus","ABBREVN":null,"CONTROL":null,"SUBJECTO":"Kingdom of Pontus","PARTOF":null,"BORDERPRECISION":1,"FromYear":23,"ToYear":59,"Area":80647.31493626,"Type":"POLITY","Wikipedia":"Kingdom of Pontus","Wikidata":"Q7380487","SeshatID":"","Components":"","MemberOf":"","sourceFeatureId":"cliopatria-324065de29236cc50117789c","datasetId":"cliopatria"},"geometry":{"type":"MultiPolygon","coordinates":[[[[40.23,40.032],[40.151,40.032],[38.79,39.902],[38.93,39.773],[38.745,39.579],[38.954,39.385],[38.927,39.191],[38.752,39.062],[38.228,39.256],[38.167,39.385],[37.476,39.514],[35.357,39.579],[35.294,39.708],[34.828,39.773],[34.536,39.967],[34.505,40.355],[34.791,40.744],[34.561,40.809],[34.578,40.938],[34.849,41.198],[35.184,41.327],[36.085,40.938],[36.412,41.003],[36.473,40.874],[36.897,41.068],[36.915,41.198],[36.995,41.198],[37.233,41.198],[37.215,41.068],[37.444,41.003],[37.771,41.068],[37.831,40.938],[38.158,41.003],[38.298,40.874],[38.783,40.938],[39.051,41.133],[39.736,40.938],[40.37,40.938],[40.391,41.068],[40.539,41.003],[41.047,41.198],[41.238,41.392],[41.228,41.327],[41.264,41.068],[40.567,40.679],[40.774,40.485],[40.754,40.355],[40.507,40.291],[40.487,40.161],[40.23,40.032]]]]}},{"type":"Feature","id":"cliopatria-31bd2cdbd19186311d7fda09","properties":{"NAME":"Goths","ABBREVN":null,"CONTROL":null,"SUBJECTO":"Goths","PARTOF":null,"BORDERPRECISION":1,"FromYear":30,"ToYear":42,"Area":97392.50201204498,"Type":"POLITY","Wikipedia":"Goths","Wikidata":"Q42193","SeshatID":"","Components":"","MemberOf":"","sourceFeatureId":"cliopatria-31bd2cdbd19186311d7fda09","datasetId":"cliopatria"},"geometry":{"type":"MultiPolygon","coordinates":[[[[18.032,57.558],[18.23,57.835],[18.598,57.973],[19.045,57.973],[19.034,57.835],[18.844,57.696],[18.912,57.42],[18.451,57.213],[18.342,56.937],[18.076,56.937],[18.027,57.489],[18.032,57.558]]],[[[14.278,59.574],[14.369,59.574],[14.25,58.876],[14.518,58.806],[14.602,58.667],[15.423,58.876],[15.527,59.155],[15.889,59.155],[16.324,58.876],[16.402,58.667],[16.852,58.667],[16.839,58.459],[16.66,58.459],[16.831,58.32],[16.814,58.042],[16.626,57.904],[16.712,57.835],[16.703,57.696],[16.614,57.696],[16.687,57.42],[16.501,57.282],[16.478,56.869],[16.755,57.075],[16.954,57.42],[17.132,57.42],[17.123,57.282],[16.739,56.8],[16.723,56.525],[16.443,56.251],[16.267,56.251],[16.282,56.525],[16.098,56.388],[15.837,56.456],[15.67,56.662],[15.043,56.456],[14.869,56.525],[14.863,56.388],[14.687,56.388],[14.604,56.525],[13.988,56.594],[13.807,56.456],[13.276,56.388],[13.284,56.662],[13.195,56.662],[13.116,57.006],[13.382,57.006],[13.475,57.144],[12.942,57.144],[12.946,57.282],[12.768,57.282],[12.684,57.489],[12.236,57.351],[12.155,57.765],[11.885,57.627],[11.707,57.696],[11.713,58.042],[11.89,57.973],[12.072,58.112],[12.169,58.528],[11.721,58.598],[11.454,58.806],[11.456,58.946],[11.637,59.016],[11.641,59.225],[11.731,59.225],[11.647,59.644],[11.738,59.644],[11.926,59.995],[12.384,60.136],[12.486,60.558],[12.852,60.558],[13.123,60.417],[13.949,60.487],[13.944,60.346],[14.392,60.136],[14.298,60.065],[14.372,59.644],[14.281,59.644],[14.278,59.574]]]]}},{"type":"Feature","id":"cliopatria-4fba652262efa47a923fb52a","properties":{"NAME":"Han Dynasty","ABBREVN":null,"CONTROL":null,"SUBJECTO":"Han Dynasty","PARTOF":null,"BORDERPRECISION":1,"FromYear":30,"ToYear":42,"Area":3643118.0170763615,"Type":"POLITY","Wikipedia":"Han dynasty","Wikidata":"Q1068371","SeshatID":"cn_eastern_han_dyn","Components":"","MemberOf":"","sourceFeatureId":"cliopatria-4fba652262efa47a923fb52a","datasetId":"cliopatria"},"geometry":{"type":"MultiPolygon","coordinates":[[[[109.862,18.35],[109.841,18.222],[109.25,18.222],[109.123,18.35],[108.765,18.415],[108.638,18.543],[108.704,19.379],[109.203,19.701],[109.246,19.958],[110.157,20.086],[110.591,20.022],[110.613,20.151],[110.909,20.151],[111.087,19.893],[111.032,19.572],[110.884,19.572],[110.851,19.379],[110.681,19.251],[110.508,18.672],[110.19,18.543],[110.179,18.479],[109.862,18.35]]],[[[121.021,41.263],[123.087,41.911],[123.167,41.911],[123.127,41.847],[123.405,41.782],[123.365,41.717],[123.604,41.717],[123.564,41.652],[123.843,41.587],[123.803,41.522],[124.042,41.522],[124.002,41.457],[124.28,41.392],[124.24,41.327],[124.479,41.327],[124.439,41.263],[124.837,41.133],[124.412,40.291],[123.797,39.773],[123.718,39.773],[123.597,39.838],[122.936,39.644],[122.17,39.256],[121.952,38.997],[121.716,38.997],[121.422,38.739],[121.029,38.739],[121.201,39.062],[121.515,39.062],[121.69,39.385],[121.297,39.385],[121.21,39.514],[121.281,39.644],[121.438,39.644],[121.503,39.902],[121.776,39.967],[122.231,40.485],[122.106,40.679],[121.827,40.744],[121.824,40.874],[121.11,40.874],[120.997,40.679],[120.647,40.485],[120.5,40.226],[119.38,39.773],[119.215,39.32],[118.45,39.062],[118.057,39.062],[118.046,39.191],[117.888,39.191],[117.576,38.739],[117.655,38.739],[117.602,38.481],[118.054,38.287],[118.067,38.158],[118.583,38.093],[118.648,38.222],[118.804,38.222],[118.772,38.158],[119.457,37.964],[119.393,37.835],[119.237,37.835],[118.984,37.319],[119.14,37.319],[119.156,37.19],[119.701,37.19],[119.827,37.448],[120.202,37.577],[120.188,37.706],[120.754,37.9],[121.112,37.835],[121.171,37.642],[121.483,37.642],[121.497,37.513],[122.154,37.577],[122.121,37.513],[122.713,37.448],[122.474,37.126],[122.566,36.997],[122.394,36.804],[121.912,36.933],[121.212,36.61],[120.979,36.61],[120.965,36.417],[120.732,36.417],[120.659,36.095],[120.318,36.031],[119.986,35.645],[119.619,35.516],[119.228,34.808],[119.459,34.808],[119.431,34.744],[119.711,34.679],[119.732,34.551],[120.342,34.358],[120.489,34.165],[120.55,33.586],[120.926,33.2],[120.919,32.622],[121.403,32.493],[121.503,32.172],[121.783,32.107],[121.987,31.85],[121.836,31.658],[121.301,31.85],[120.894,31.786],[121.454,31.658],[121.481,31.529],[121.634,31.529],[121.584,31.4],[121.737,31.4],[121.995,31.079],[121.899,30.822],[121.519,30.822],[121.197,30.565],[121.045,30.565],[120.68,30.179],[120.809,30.115],[121.105,30.308],[121.484,30.308],[121.62,30.051],[122.03,29.922],[121.865,29.665],[122.016,29.665],[121.928,29.408],[122.004,29.408],[121.938,29.215],[121.712,29.215],[121.798,29.472],[121.593,29.537],[121.539,29.151],[121.744,29.087],[121.714,28.765],[121.522,28.637],[121.652,28.572],[121.646,28.315],[121.153,28.187],[121.193,28.315],[121.118,28.315],[121.038,28.058],[120.868,27.994],[120.715,27.737],[120.657,27.544],[120.733,27.544],[120.545,27.158],[120.395,27.158],[120.247,26.901],[120.096,26.901],[120.061,26.772],[120.211,26.772],[120.158,26.579],[119.84,26.515],[119.938,26.322],[119.587,26.129],[119.778,26.001],[119.53,25.615],[119.904,25.615],[119.872,25.486],[119.466,25.358],[119.423,25.486],[119.273,25.486],[119.391,25.358],[119.344,25.165],[119.029,25.101],[119.074,24.972],[118.819,24.844],[118.76,24.586],[118.147,24.522],[118.076,24.201],[117.721,23.943],[117.694,23.815],[117.47,23.815],[117.179,23.493],[116.894,23.558],[116.78,23.365],[116.815,23.172],[116.591,23.172],[116.54,22.915],[115.696,22.786],[115.671,22.658],[115.373,22.658],[115.174,22.786],[114.902,22.529],[114.753,22.529],[114.641,22.722],[114.531,22.143],[114.37,22.079],[113.999,22.079],[113.996,22.465],[113.785,22.529],[113.747,22.722],[113.599,22.722],[113.699,22.465],[113.639,22.143],[113.416,22.143],[113.318,22.015],[113.106,22.079],[113.071,21.886],[112.774,21.886],[112.441,21.693],[111.859,21.758],[111.664,21.501],[110.984,21.436],[110.739,21.308],[110.716,21.179],[110.419,21.179],[110.483,21.115],[110.364,20.858],[110.616,20.601],[110.487,20.279],[109.883,20.215],[109.927,20.472],[109.789,20.536],[109.77,20.858],[109.696,20.858],[109.87,21.436],[109.807,21.501],[109.116,21.372],[109.086,21.629],[108.652,21.693],[108.555,21.565],[107.79,21.436],[107.417,20.986],[106.961,20.922],[106.834,20.601],[106.685,20.601],[106.537,20.151],[105.965,19.829],[105.734,18.865],[106.051,18.543],[106.031,18.415],[106.178,18.415],[106.295,18.222],[106.57,18.093],[106.571,17.643],[106.772,17.515],[106.752,17.386],[107.026,17.258],[106.607,16.936],[106.396,17],[106.416,17.129],[105.144,18.415],[105.185,18.672],[105.037,18.672],[105.142,18.865],[105.015,18.993],[105.014,19.443],[104.94,19.443],[104.992,19.765],[104.865,19.893],[104.981,20.151],[104.44,20.472],[104.619,20.665],[104.905,20.601],[104.873,20.858],[105.096,20.858],[104.851,21.179],[104.979,21.501],[104.926,21.629],[105.096,21.758],[105.128,21.951],[104.874,22.208],[105.249,22.658],[105.175,22.658],[105.22,22.915],[105.117,23.172],[104.956,23.108],[104.905,23.236],[103.426,23.301],[102.852,23.429],[102.474,23.815],[102.325,23.815],[102.086,24.136],[101.811,24.265],[101.462,25.165],[101.398,25.936],[101.196,26.387],[101.09,27.544],[101.014,27.544],[101.05,27.994],[100.915,28.058],[101.039,28.251],[100.964,28.251],[101.03,28.508],[100.955,28.508],[101.022,28.765],[100.881,29.087],[100.951,29.344],[100.875,29.344],[100.964,29.665],[100.889,29.665],[100.961,29.922],[100.885,29.922],[100.978,30.244],[100.902,30.244],[101.015,30.629],[100.939,30.629],[101.055,31.015],[100.979,31.015],[101.687,32.75],[102.552,33.264],[103.034,33.329],[103.332,33.522],[103.493,33.972],[103.355,34.229],[103.527,34.486],[103.45,34.486],[103.735,35.451],[103.63,35.58],[103.649,36.224],[103.467,36.353],[103.518,36.482],[103.389,36.546],[103.44,36.675],[103.311,36.739],[103.363,36.868],[103.208,37.062],[102.871,37.19],[102.611,37.126],[102.586,37.255],[102.171,37.384],[102.172,37.577],[102.043,37.642],[102.096,37.771],[101.833,37.513],[101.626,37.577],[101.601,37.706],[101.315,37.771],[101.29,37.9],[100.796,38.029],[100.799,38.222],[100.642,38.222],[100.386,38.545],[100.687,39.062],[101.137,39.191],[101.165,39.256],[101.559,39.256],[101.63,39.062],[102.173,38.868],[103.132,39.256],[103.812,39.708],[104.583,39.838],[104.668,39.514],[103.939,39.126],[103.608,38.739],[104.293,38.868],[104.393,38.739],[104.991,38.674],[104.963,38.61],[106.09,38.674],[107.062,39.579],[107.329,39.644],[107.442,39.385],[107.678,39.385],[108.054,39.838],[108.387,40.032],[109.736,40.355],[110.56,40.42],[111.906,40.42],[111.872,40.355],[112.821,40.355],[112.787,40.291],[113.488,40.42],[114.561,40.355],[114.974,40.679],[114.772,40.744],[114.764,40.874],[114.843,40.874],[115.992,41.782],[117.299,42.106],[117.456,42.236],[117.776,42.236],[117.74,42.041],[117.861,41.976],[117.746,41.782],[117.871,41.587],[118.428,41.587],[118.39,41.522],[118.909,41.457],[118.871,41.392],[118.951,41.392],[121.021,41.263]]],[[[122.273,30.179],[122.28,29.987],[121.977,29.987],[122.022,30.115],[122.045,30.179],[122.273,30.179]]],[[[80.214,42.431],[80.188,42.366],[80.163,42.301],[80.083,42.301],[80.108,42.366],[80.134,42.431],[80.214,42.431]]]]}},{"type":"Feature","id":"cliopatria-b6b24d77b7bb6e08de81e94a","properties":{"NAME":"Mauretania","ABBREVN":null,"CONTROL":null,"SUBJECTO":"Mauretania","PARTOF":null,"BORDERPRECISION":1,"FromYear":30,"ToYear":42,"Area":215291.63385872633,"Type":"POLITY","Wikipedia":"Mauretania","Wikidata":"Q309272","SeshatID":"ma_mauretania","Components":"","MemberOf":"","sourceFeatureId":"cliopatria-b6b24d77b7bb6e08de81e94a","datasetId":"cliopatria"},"geometry":{"type":"MultiPolygon","coordinates":[[[[2.61,34.422],[2.533,34.422],[2.531,34.486],[2.608,34.486],[2.61,34.422]]],[[[4.454,34.615],[3.843,34.422],[3.456,34.486],[3.151,34.358],[2.921,34.358],[2.45,34.615],[1.294,34.615],[0.685,34.422],[0.451,34.486],[0.303,34.358],[-1.237,34.358],[-1.305,34.165],[-1.539,34.229],[-1.61,34.1],[-1.693,34.229],[-2.917,34.1],[-3.382,34.165],[-3.99,34.036],[-4.21,33.843],[-4.367,33.907],[-5.039,33.586],[-5.274,33.65],[-5.799,33.457],[-6.033,33.522],[-6.634,33.329],[-6.703,33.2],[-6.937,33.264],[-7.528,32.943],[-8.064,32.943],[-8.154,33.136],[-8.47,33.264],[-8.403,33.393],[-7.13,33.843],[-7.062,33.972],[-6.904,33.907],[-6.614,34.165],[-6.7,34.293],[-6.473,34.358],[-6.482,34.486],[-6.332,34.551],[-6.277,34.872],[-6.2,34.872],[-6.291,35.065],[-6.132,35.001],[-6.145,35.194],[-6,35.323],[-5.877,35.773],[-5.339,35.838],[-5.24,35.516],[-4.755,35.194],[-3.132,35.194],[-2.982,35.258],[-2.993,35.451],[-2.838,35.451],[-2.82,35.13],[-2.662,35.065],[-1.89,35.065],[-1.591,35.258],[-1.359,35.258],[-1.136,35.451],[-1.224,35.645],[-1.066,35.58],[-0.917,35.709],[-0.53,35.709],[-0.459,35.838],[0.084,35.838],[0.376,36.224],[0.684,36.288],[0.678,36.417],[0.914,36.353],[1.216,36.546],[1.53,36.482],[2.377,36.675],[2.69,36.61],[2.841,36.739],[3.23,36.739],[3.459,36.868],[3.85,36.804],[4.235,36.933],[4.859,36.868],[5.098,36.675],[5.329,36.739],[5.407,36.739],[5.416,36.353],[5.339,36.353],[5.439,35.387],[5.29,35.13],[5.302,34.615],[5.225,34.615],[4.454,34.615]]]]}},{"type":"Feature","id":"cliopatria-eda688bcd0564c6b398e2845","properties":{"NAME":"Yuezhi","ABBREVN":null,"CONTROL":null,"SUBJECTO":"Yuezhi","PARTOF":null,"BORDERPRECISION":1,"FromYear":30,"ToYear":42,"Area":458049.5584921085,"Type":"POLITY","Wikipedia":"Yuezhi","Wikidata":"Q467985","SeshatID":"","Components":"","MemberOf":"","sourceFeatureId":"cliopatria-eda688bcd0564c6b398e2845","datasetId":"cliopatria"},"geometry":{"type":"MultiPolygon","coordinates":[[[[73.077,40.744],[73.8,40.291],[73.573,39.579],[73.395,39.514],[73.69,39.45],[73.63,39.256],[73.748,39.126],[73.494,38.545],[72.663,37.835],[72.398,37.448],[71.825,37.062],[71.661,36.739],[71.249,36.353],[71.244,36.031],[71.672,35.58],[71.605,35.001],[71.943,34.808],[71.495,34.229],[71.479,34.165],[70.956,34.229],[70.772,34.1],[70.833,34.036],[70.727,33.907],[69.988,34.036],[69.739,34.293],[66.814,34.293],[66.689,34.422],[66.038,34.615],[66.066,34.744],[65.926,34.808],[65.618,34.808],[65.415,34.937],[65.092,34.872],[64.854,35.194],[64.829,35.773],[64.751,35.773],[65.155,38.739],[65.077,38.739],[65.144,38.997],[65.065,38.997],[65.282,39.514],[65.203,39.514],[65.291,39.838],[65.564,39.967],[65.883,40.809],[65.962,40.809],[66.653,41.263],[66.891,41.263],[67.547,41.587],[68.025,41.587],[68.819,41.327],[68.898,41.327],[68.857,40.938],[69.332,40.42],[69.273,40.226],[68.997,40.096],[68.959,39.967],[69.334,39.902],[69.592,39.708],[70.558,39.773],[70.755,39.902],[70.814,40.096],[70.952,40.032],[70.913,39.902],[71.071,39.902],[71.209,40.096],[71.782,40.161],[72.998,40.744],[73.077,40.744]]]]}},{"type":"Feature","id":"cliopatria-a29ca3da71c31a4e51a9671a","properties":{"NAME":"(Alliance between Han Dynasty and Xiongnu)","ABBREVN":null,"CONTROL":null,"SUBJECTO":"(Alliance between Han Dynasty and Xiongnu)","PARTOF":null,"BORDERPRECISION":1,"FromYear":30,"ToYear":42,"Area":6045384.846927343,"Type":"RELATION","Wikipedia":"Han dynasty","Wikidata":"Q1068371","SeshatID":"cn_eastern_han_dyn;mn_hunnu_late","Components":"Han Dynasty;Xiongnu","MemberOf":"","sourceFeatureId":"cliopatria-a29ca3da71c31a4e51a9671a","datasetId":"cliopatria"},"geometry":{"type":"MultiPolygon","coordinates":[[[[109.862,18.35],[109.841,18.222],[109.25,18.222],[109.123,18.35],[108.765,18.415],[108.638,18.543],[108.704,19.379],[109.203,19.701],[109.246,19.958],[110.157,20.086],[110.591,20.022],[110.613,20.151],[110.909,20.151],[111.087,19.893],[111.032,19.572],[110.884,19.572],[110.851,19.379],[110.681,19.251],[110.508,18.672],[110.19,18.543],[110.179,18.479],[109.862,18.35]]],[[[123.087,41.911],[123.167,41.911],[123.127,41.847],[123.405,41.782],[123.365,41.717],[123.604,41.717],[123.564,41.652],[123.843,41.587],[123.803,41.522],[124.042,41.522],[124.002,41.457],[124.28,41.392],[124.24,41.327],[124.479,41.327],[124.439,41.263],[124.837,41.133],[124.412,40.291],[123.797,39.773],[123.718,39.773],[123.597,39.838],[122.936,39.644],[122.17,39.256],[121.952,38.997],[121.716,38.997],[121.422,38.739],[121.029,38.739],[121.201,39.062],[121.515,39.062],[121.69,39.385],[121.297,39.385],[121.21,39.514],[121.281,39.644],[121.438,39.644],[121.503,39.902],[121.776,39.967],[122.231,40.485],[122.106,40.679],[121.827,40.744],[121.824,40.874],[121.11,40.874],[120.997,40.679],[120.647,40.485],[120.5,40.226],[119.38,39.773],[119.215,39.32],[118.45,39.062],[118.057,39.062],[118.046,39.191],[117.888,39.191],[117.576,38.739],[117.655,38.739],[117.602,38.481],[118.054,38.287],[118.067,38.158],[118.583,38.093],[118.648,38.222],[118.804,38.222],[118.772,38.158],[119.457,37.964],[119.393,37.835],[119.237,37.835],[118.984,37.319],[119.14,37.319],[119.156,37.19],[119.701,37.19],[119.827,37.448],[120.202,37.577],[120.188,37.706],[120.754,37.9],[121.112,37.835],[121.171,37.642],[121.483,37.642],[121.497,37.513],[122.154,37.577],[122.121,37.513],[122.713,37.448],[122.474,37.126],[122.566,36.997],[122.394,36.804],[121.912,36.933],[121.212,36.61],[120.979,36.61],[120.965,36.417],[120.732,36.417],[120.659,36.095],[120.318,36.031],[119.986,35.645],[119.619,35.516],[119.228,34.808],[119.459,34.808],[119.431,34.744],[119.711,34.679],[119.732,34.551],[120.342,34.358],[120.489,34.165],[120.55,33.586],[120.926,33.2],[120.919,32.622],[121.403,32.493],[121.503,32.172],[121.783,32.107],[121.987,31.85],[121.836,31.658],[121.301,31.85],[120.894,31.786],[121.454,31.658],[121.481,31.529],[121.634,31.529],[121.584,31.4],[121.737,31.4],[121.995,31.079],[121.899,30.822],[121.519,30.822],[121.197,30.565],[121.045,30.565],[120.68,30.179],[120.809,30.115],[121.105,30.308],[121.484,30.308],[121.62,30.051],[122.03,29.922],[121.865,29.665],[122.016,29.665],[121.928,29.408],[122.004,29.408],[121.938,29.215],[121.712,29.215],[121.798,29.472],[121.593,29.537],[121.539,29.151],[121.744,29.087],[121.714,28.765],[121.522,28.637],[121.652,28.572],[121.646,28.315],[121.153,28.187],[121.193,28.315],[121.118,28.315],[121.038,28.058],[120.868,27.994],[120.715,27.737],[120.657,27.544],[120.733,27.544],[120.545,27.158],[120.395,27.158],[120.247,26.901],[120.096,26.901],[120.061,26.772],[120.211,26.772],[120.158,26.579],[119.84,26.515],[119.938,26.322],[119.587,26.129],[119.778,26.001],[119.53,25.615],[119.904,25.615],[119.872,25.486],[119.466,25.358],[119.423,25.486],[119.273,25.486],[119.391,25.358],[119.344,25.165],[119.029,25.101],[119.074,24.972],[118.819,24.844],[118.76,24.586],[118.147,24.522],[118.076,24.201],[117.721,23.943],[117.694,23.815],[117.47,23.815],[117.179,23.493],[116.894,23.558],[116.78,23.365],[116.815,23.172],[116.591,23.172],[116.54,22.915],[115.696,22.786],[115.671,22.658],[115.373,22.658],[115.174,22.786],[114.902,22.529],[114.753,22.529],[114.641,22.722],[114.531,22.143],[114.37,22.079],[113.999,22.079],[113.996,22.465],[113.785,22.529],[113.747,22.722],[113.599,22.722],[113.699,22.465],[113.639,22.143],[113.416,22.143],[113.318,22.015],[113.106,22.079],[113.071,21.886],[112.774,21.886],[112.441,21.693],[111.859,21.758],[111.664,21.501],[110.984,21.436],[110.739,21.308],[110.716,21.179],[110.419,21.179],[110.483,21.115],[110.364,20.858],[110.616,20.601],[110.487,20.279],[109.883,20.215],[109.927,20.472],[109.789,20.536],[109.77,20.858],[109.696,20.858],[109.87,21.436],[109.807,21.501],[109.116,21.372],[109.086,21.629],[108.652,21.693],[108.555,21.565],[107.79,21.436],[107.417,20.986],[106.961,20.922],[106.834,20.601],[106.685,20.601],[106.537,20.151],[105.965,19.829],[105.734,18.865],[106.051,18.543],[106.031,18.415],[106.178,18.415],[106.295,18.222],[106.57,18.093],[106.571,17.643],[106.772,17.515],[106.752,17.386],[107.026,17.258],[106.607,16.936],[106.396,17],[106.416,17.129],[105.144,18.415],[105.185,18.672],[105.037,18.672],[105.142,18.865],[105.015,18.993],[105.014,19.443],[104.94,19.443],[104.992,19.765],[104.865,19.893],[104.981,20.151],[104.44,20.472],[104.619,20.665],[104.905,20.601],[104.873,20.858],[105.096,20.858],[104.851,21.179],[104.979,21.501],[104.926,21.629],[105.096,21.758],[105.128,21.951],[104.874,22.208],[105.249,22.658],[105.175,22.658],[105.22,22.915],[105.117,23.172],[104.956,23.108],[104.905,23.236],[103.426,23.301],[102.852,23.429],[102.474,23.815],[102.325,23.815],[102.086,24.136],[101.811,24.265],[101.462,25.165],[101.398,25.936],[101.196,26.387],[101.09,27.544],[101.014,27.544],[101.05,27.994],[100.915,28.058],[101.039,28.251],[100.964,28.251],[101.03,28.508],[100.955,28.508],[101.022,28.765],[100.881,29.087],[100.951,29.344],[100.875,29.344],[100.964,29.665],[100.889,29.665],[100.961,29.922],[100.885,29.922],[100.978,30.244],[100.902,30.244],[101.015,30.629],[100.939,30.629],[101.055,31.015],[100.979,31.015],[101.687,32.75],[102.552,33.264],[103.034,33.329],[103.332,33.522],[103.493,33.972],[103.355,34.229],[103.527,34.486],[103.45,34.486],[103.735,35.451],[103.63,35.58],[103.649,36.224],[103.467,36.353],[103.518,36.482],[103.389,36.546],[103.44,36.675],[103.311,36.739],[103.363,36.868],[103.208,37.062],[102.871,37.19],[102.611,37.126],[102.586,37.255],[102.171,37.384],[102.172,37.577],[102.043,37.642],[102.096,37.771],[101.833,37.513],[101.626,37.577],[101.601,37.706],[101.315,37.771],[101.29,37.9],[100.796,38.029],[100.799,38.222],[100.642,38.222],[100.386,38.545],[100.687,39.062],[101.137,39.191],[101.165,39.256],[101.194,39.32],[101.181,39.644],[100.737,39.708],[100.381,39.967],[100.144,39.967],[100.173,40.032],[99.384,40.032],[99.284,40.161],[98.918,40.226],[98.948,40.291],[98.503,40.355],[98.274,40.55],[98.037,40.55],[97.63,40.874],[96.897,41.003],[96.926,41.068],[95.23,41.003],[93.687,40.744],[93.715,40.809],[93.268,40.874],[93.296,40.938],[92.321,41.068],[92.349,41.133],[91.27,41.392],[90.775,41.717],[90.536,41.717],[90.434,41.847],[90.195,41.847],[90.223,41.911],[89.613,41.976],[89.642,42.041],[88.82,42.171],[88.848,42.236],[88.077,42.301],[88.105,42.366],[85.764,42.691],[85.792,42.756],[84.108,42.756],[82.056,42.236],[80.963,42.301],[80.534,42.431],[80.188,42.366],[80.163,42.301],[80.083,42.301],[80.108,42.366],[80.134,42.431],[80.214,42.431],[80.287,42.821],[80.473,42.886],[80.471,43.082],[80.632,43.082],[80.791,43.277],[80.683,43.407],[80.735,43.538],[80.357,43.994],[80.383,44.451],[80.302,44.451],[80.41,44.712],[79.978,44.843],[80.005,44.908],[79.518,44.908],[79.545,44.973],[78.569,45.17],[78.35,45.431],[77.996,45.562],[78.022,45.824],[77.831,45.955],[77.802,46.283],[77.883,46.283],[78.975,46.349],[79.086,46.612],[79.801,46.94],[85.324,48.192],[85.786,48.456],[86.399,48.522],[86.549,48.654],[86.848,48.588],[86.914,48.72],[87.667,49.051],[87.652,49.184],[87.819,49.184],[88.244,49.515],[88.746,49.515],[89.606,49.714],[89.512,49.847],[89.585,49.98],[89.837,49.98],[90.116,50.179],[90.78,50.313],[91.063,50.512],[91.315,50.512],[91.892,50.779],[92.771,50.979],[93.272,51.246],[94.708,51.647],[98.585,52.116],[98.932,52.25],[98.886,52.183],[99.267,52.116],[99.221,52.049],[99.391,52.049],[99.346,51.982],[99.686,51.982],[99.641,51.915],[100.105,51.848],[100.06,51.781],[100.739,51.781],[100.694,51.714],[100.948,51.714],[100.903,51.647],[101.073,51.647],[101.027,51.58],[101.112,51.58],[101.875,51.58],[101.829,51.513],[102.123,51.447],[102.077,51.38],[102.201,51.313],[102.11,51.179],[102.353,50.912],[102.263,50.779],[102.348,50.779],[102.383,50.579],[102.76,50.512],[102.716,50.446],[102.884,50.446],[102.84,50.379],[103.177,50.379],[103.133,50.313],[103.301,50.313],[103.257,50.246],[104.181,50.246],[105.032,50.512],[106.417,50.446],[106.372,50.379],[106.792,50.379],[106.746,50.313],[107.282,50.113],[107.236,50.046],[107.823,50.046],[107.817,49.914],[107.984,49.914],[108.055,49.648],[108.345,49.582],[108.34,49.449],[108.713,49.383],[108.493,49.051],[108.699,48.985],[108.695,48.853],[108.858,48.72],[108.772,48.588],[108.895,48.522],[108.81,48.39],[108.893,48.39],[108.808,48.258],[108.89,48.258],[108.598,47.928],[108.432,47.532],[108.638,47.466],[108.681,47.269],[108.845,47.269],[109.012,47.006],[108.931,46.874],[109.095,46.874],[109.22,46.677],[109.467,46.677],[109.304,46.546],[109.388,46.415],[109.552,46.415],[109.846,45.955],[109.767,45.824],[110.186,45.3],[110.107,45.17],[110.699,44.255],[110.623,44.124],[110.703,44.124],[110.627,43.994],[110.712,43.863],[109.536,41.782],[109.759,41.457],[109.997,41.457],[109.963,41.392],[110.122,41.392],[110.211,41.263],[110.847,41.263],[110.812,41.198],[113.593,41.198],[113.557,41.133],[114.034,41.133],[113.998,41.068],[114.236,41.068],[114.201,41.003],[114.633,41.068],[114.685,40.874],[114.764,40.874],[114.843,40.874],[115.992,41.782],[117.299,42.106],[117.456,42.236],[117.776,42.236],[117.74,42.041],[117.861,41.976],[117.746,41.782],[117.871,41.587],[118.428,41.587],[118.39,41.522],[118.909,41.457],[118.871,41.392],[118.951,41.392],[121.021,41.263],[123.087,41.911]]],[[[122.28,29.987],[121.977,29.987],[122.022,30.115],[122.045,30.179],[122.273,30.179],[122.28,29.987]]],[[[77.72,46.283],[77.747,46.349],[77.829,46.349],[77.802,46.283],[77.72,46.283]]],[[[109.426,46.612],[109.508,46.612],[109.468,46.546],[109.386,46.546],[109.426,46.612]]]]}},{"type":"Feature","id":"cliopatria-378e22226bd74b6133e396b3","properties":{"NAME":"Xiongnu","ABBREVN":null,"CONTROL":null,"SUBJECTO":"Xiongnu","PARTOF":null,"BORDERPRECISION":1,"FromYear":30,"ToYear":50,"Area":2402266.8298509824,"Type":"POLITY","Wikipedia":"Xiongnu","Wikidata":"Q188836","SeshatID":"mn_hunnu_late","Components":"","MemberOf":"","sourceFeatureId":"cliopatria-378e22226bd74b6133e396b3","datasetId":"cliopatria"},"geometry":{"type":"MultiPolygon","coordinates":[[[[101.112,51.58],[101.875,51.58],[101.829,51.513],[102.123,51.447],[102.077,51.38],[102.201,51.313],[102.11,51.179],[102.353,50.912],[102.263,50.779],[102.348,50.779],[102.383,50.579],[102.76,50.512],[102.716,50.446],[102.884,50.446],[102.84,50.379],[103.177,50.379],[103.133,50.313],[103.301,50.313],[103.257,50.246],[104.181,50.246],[105.032,50.512],[106.417,50.446],[106.372,50.379],[106.792,50.379],[106.746,50.313],[107.282,50.113],[107.236,50.046],[107.823,50.046],[107.817,49.914],[107.984,49.914],[108.055,49.648],[108.345,49.582],[108.34,49.449],[108.713,49.383],[108.493,49.051],[108.699,48.985],[108.695,48.853],[108.858,48.72],[108.772,48.588],[108.895,48.522],[108.81,48.39],[108.893,48.39],[108.808,48.258],[108.89,48.258],[108.598,47.928],[108.432,47.532],[108.638,47.466],[108.681,47.269],[108.845,47.269],[109.012,47.006],[108.931,46.874],[109.095,46.874],[109.22,46.677],[109.467,46.677],[109.304,46.546],[109.388,46.415],[109.552,46.415],[109.846,45.955],[109.767,45.824],[110.186,45.3],[110.107,45.17],[110.699,44.255],[110.623,44.124],[110.703,44.124],[110.627,43.994],[110.712,43.863],[109.536,41.782],[109.759,41.457],[109.997,41.457],[109.963,41.392],[110.122,41.392],[110.211,41.263],[110.847,41.263],[110.812,41.198],[113.593,41.198],[113.557,41.133],[114.034,41.133],[113.998,41.068],[114.236,41.068],[114.201,41.003],[114.633,41.068],[114.685,40.874],[114.764,40.874],[114.772,40.744],[114.974,40.679],[114.561,40.355],[113.488,40.42],[112.787,40.291],[112.821,40.355],[111.872,40.355],[111.906,40.42],[110.56,40.42],[109.736,40.355],[108.387,40.032],[108.054,39.838],[107.678,39.385],[107.442,39.385],[107.329,39.644],[107.062,39.579],[106.09,38.674],[104.963,38.61],[104.991,38.674],[104.393,38.739],[104.293,38.868],[103.608,38.739],[103.939,39.126],[104.668,39.514],[104.583,39.838],[103.812,39.708],[103.132,39.256],[102.173,38.868],[101.63,39.062],[101.559,39.256],[101.165,39.256],[101.194,39.32],[101.181,39.644],[100.737,39.708],[100.381,39.967],[100.144,39.967],[100.173,40.032],[99.384,40.032],[99.284,40.161],[98.918,40.226],[98.948,40.291],[98.503,40.355],[98.274,40.55],[98.037,40.55],[97.63,40.874],[96.897,41.003],[96.926,41.068],[95.23,41.003],[93.687,40.744],[93.715,40.809],[93.268,40.874],[93.296,40.938],[92.321,41.068],[92.349,41.133],[91.27,41.392],[90.775,41.717],[90.536,41.717],[90.434,41.847],[90.195,41.847],[90.223,41.911],[89.613,41.976],[89.642,42.041],[88.82,42.171],[88.848,42.236],[88.077,42.301],[88.105,42.366],[85.764,42.691],[85.792,42.756],[84.108,42.756],[82.056,42.236],[80.963,42.301],[80.534,42.431],[80.188,42.366],[80.214,42.431],[80.287,42.821],[80.473,42.886],[80.471,43.082],[80.632,43.082],[80.791,43.277],[80.683,43.407],[80.735,43.538],[80.357,43.994],[80.383,44.451],[80.302,44.451],[80.41,44.712],[79.978,44.843],[80.005,44.908],[79.518,44.908],[79.545,44.973],[78.569,45.17],[78.35,45.431],[77.996,45.562],[78.022,45.824],[77.831,45.955],[77.802,46.283],[77.883,46.283],[78.975,46.349],[79.086,46.612],[79.801,46.94],[85.324,48.192],[85.786,48.456],[86.399,48.522],[86.549,48.654],[86.848,48.588],[86.914,48.72],[87.667,49.051],[87.652,49.184],[87.819,49.184],[88.244,49.515],[88.746,49.515],[89.606,49.714],[89.512,49.847],[89.585,49.98],[89.837,49.98],[90.116,50.179],[90.78,50.313],[91.063,50.512],[91.315,50.512],[91.892,50.779],[92.771,50.979],[93.272,51.246],[94.708,51.647],[98.585,52.116],[98.932,52.25],[98.886,52.183],[99.267,52.116],[99.221,52.049],[99.391,52.049],[99.346,51.982],[99.686,51.982],[99.641,51.915],[100.105,51.848],[100.06,51.781],[100.739,51.781],[100.694,51.714],[100.948,51.714],[100.903,51.647],[101.073,51.647],[101.027,51.58],[101.112,51.58]]],[[[77.802,46.283],[77.72,46.283],[77.747,46.349],[77.829,46.349],[77.802,46.283]]],[[[109.386,46.546],[109.426,46.612],[109.508,46.612],[109.468,46.546],[109.386,46.546]]]]}},{"type":"Feature","id":"cliopatria-10ee0fbb700b1b5a9f860183","properties":{"NAME":"Great Yuan","ABBREVN":null,"CONTROL":null,"SUBJECTO":"Great Yuan","PARTOF":null,"BORDERPRECISION":1,"FromYear":43,"ToYear":50,"Area":51348.21334834599,"Type":"POLITY","Wikipedia":"Yuan dynasty","Wikidata":"Q7313","SeshatID":"","Components":"","MemberOf":"","sourceFeatureId":"cliopatria-10ee0fbb700b1b5a9f860183","datasetId":"cliopatria"},"geometry":{"type":"MultiPolygon","coordinates":[[[[71.92,41.327],[72,41.327],[72.232,41.068],[72.47,41.068],[73.019,40.809],[72.998,40.744],[71.782,40.161],[71.209,40.096],[71.071,39.902],[70.913,39.902],[70.952,40.032],[70.814,40.096],[70.755,39.902],[70.558,39.773],[69.592,39.708],[69.334,39.902],[68.959,39.967],[68.997,40.096],[69.273,40.226],[69.332,40.42],[68.857,40.938],[68.898,41.327],[68.978,41.327],[69.4,41.652],[69.819,41.717],[70.016,41.587],[71.63,41.652],[71.92,41.327]]]]}},{"type":"Feature","id":"cliopatria-b0d0a3589dff614222b9576a","properties":{"NAME":"Han Dynasty","ABBREVN":null,"CONTROL":null,"SUBJECTO":"Han Dynasty","PARTOF":null,"BORDERPRECISION":1,"FromYear":43,"ToYear":50,"Area":3606593.71531174,"Type":"POLITY","Wikipedia":"Han dynasty","Wikidata":"Q1068371","SeshatID":"cn_eastern_han_dyn","Components":"","MemberOf":"","sourceFeatureId":"cliopatria-b0d0a3589dff614222b9576a","datasetId":"cliopatria"},"geometry":{"type":"MultiPolygon","coordinates":[[[[109.862,18.35],[109.841,18.222],[109.25,18.222],[109.123,18.35],[108.765,18.415],[108.638,18.543],[108.704,19.379],[109.203,19.701],[109.246,19.958],[110.157,20.086],[110.591,20.022],[110.613,20.151],[110.909,20.151],[111.087,19.893],[111.032,19.572],[110.884,19.572],[110.851,19.379],[110.681,19.251],[110.508,18.672],[110.19,18.543],[110.179,18.479],[109.862,18.35]]],[[[122.273,30.179],[122.28,29.987],[121.977,29.987],[122.022,30.115],[122.045,30.179],[122.273,30.179]]],[[[121.021,41.263],[123.087,41.911],[123.167,41.911],[123.127,41.847],[123.405,41.782],[123.365,41.717],[123.604,41.717],[123.564,41.652],[124.042,41.522],[124.002,41.457],[124.28,41.392],[124.24,41.327],[124.479,41.327],[124.439,41.263],[124.717,41.198],[124.678,41.133],[124.995,41.133],[125.433,41.327],[126.108,41.263],[126.187,41.133],[126.742,41.003],[126.623,40.679],[126.425,40.614],[126.269,40.355],[126.432,40.096],[126.709,40.032],[126.832,39.838],[126.728,39.385],[126.964,39.385],[126.854,39.191],[127.023,38.933],[126.937,38.351],[126.348,37.835],[126.27,37.835],[125.845,37.771],[125.835,37.9],[125.678,37.9],[125.387,37.642],[125.231,37.642],[125.298,37.771],[125.209,37.9],[124.897,37.9],[125.077,38.093],[124.764,38.093],[124.866,38.287],[124.788,38.287],[124.961,38.61],[125.153,38.674],[125.189,38.739],[125.032,38.739],[125.39,39.385],[125.306,39.514],[124.87,39.579],[124.865,39.708],[124.512,39.644],[124.345,39.902],[124.034,39.773],[123.597,39.838],[122.936,39.644],[122.17,39.256],[121.952,38.997],[121.716,38.997],[121.422,38.739],[121.029,38.739],[121.201,39.062],[121.515,39.062],[121.69,39.385],[121.297,39.385],[121.21,39.514],[121.281,39.644],[121.438,39.644],[121.503,39.902],[121.776,39.967],[122.231,40.485],[122.106,40.679],[121.827,40.744],[121.824,40.874],[121.11,40.874],[120.997,40.679],[120.647,40.485],[120.5,40.226],[119.38,39.773],[119.215,39.32],[118.989,39.191],[118.45,39.062],[118.057,39.062],[118.046,39.191],[117.776,39.126],[117.576,38.739],[117.655,38.739],[117.602,38.481],[117.759,38.481],[117.773,38.351],[118.054,38.287],[118.067,38.158],[118.583,38.093],[118.648,38.222],[118.804,38.222],[118.772,38.158],[119.457,37.964],[119.393,37.835],[119.237,37.835],[118.984,37.319],[119.14,37.319],[119.156,37.19],[119.701,37.19],[119.827,37.448],[120.202,37.577],[120.188,37.706],[120.754,37.9],[121.112,37.835],[121.171,37.642],[121.483,37.642],[121.497,37.513],[122.154,37.577],[122.121,37.513],[122.713,37.448],[122.474,37.126],[122.566,36.997],[122.394,36.804],[121.912,36.933],[121.212,36.61],[120.979,36.61],[120.965,36.417],[120.732,36.417],[120.659,36.095],[120.318,36.031],[119.986,35.645],[119.619,35.516],[119.228,34.808],[119.459,34.808],[119.431,34.744],[119.711,34.679],[119.732,34.551],[120.342,34.358],[120.489,34.165],[120.55,33.586],[120.926,33.2],[120.919,32.622],[121.403,32.493],[121.503,32.172],[121.961,31.979],[121.937,31.722],[121.836,31.658],[121.301,31.85],[120.919,31.85],[121.454,31.658],[121.481,31.529],[121.634,31.529],[121.584,31.4],[121.737,31.4],[121.995,31.079],[121.899,30.822],[121.519,30.822],[121.197,30.565],[121.045,30.565],[120.68,30.179],[120.809,30.115],[121.105,30.308],[121.484,30.308],[121.62,30.051],[122.03,29.922],[121.865,29.665],[122.016,29.665],[121.938,29.215],[121.712,29.215],[121.745,29.537],[121.571,29.472],[121.647,29.472],[121.539,29.151],[121.744,29.087],[121.714,28.765],[121.522,28.637],[121.652,28.572],[121.646,28.315],[121.153,28.187],[121.193,28.315],[121.118,28.315],[121.038,28.058],[120.868,27.994],[120.715,27.737],[120.657,27.544],[120.733,27.544],[120.545,27.158],[120.395,27.158],[120.247,26.901],[120.096,26.901],[120.061,26.772],[120.211,26.772],[120.158,26.579],[119.84,26.515],[119.938,26.322],[119.587,26.129],[119.778,26.001],[119.53,25.615],[119.904,25.615],[119.872,25.486],[119.466,25.358],[119.423,25.486],[119.273,25.486],[119.391,25.358],[119.344,25.165],[119.029,25.101],[119.074,24.972],[118.819,24.844],[118.76,24.586],[118.147,24.522],[118.076,24.201],[117.721,23.943],[117.694,23.815],[117.47,23.815],[117.179,23.493],[116.894,23.558],[116.78,23.365],[116.815,23.172],[116.591,23.172],[116.54,22.915],[115.696,22.786],[115.671,22.658],[115.373,22.658],[115.174,22.786],[114.902,22.529],[114.753,22.529],[114.641,22.722],[114.531,22.143],[114.37,22.079],[113.999,22.079],[113.996,22.465],[113.785,22.529],[113.747,22.722],[113.599,22.722],[113.699,22.465],[113.639,22.143],[113.416,22.143],[113.318,22.015],[113.106,22.079],[113.071,21.886],[112.774,21.886],[112.441,21.693],[111.859,21.758],[111.664,21.501],[110.984,21.436],[110.739,21.308],[110.716,21.179],[110.419,21.179],[110.483,21.115],[110.364,20.858],[110.616,20.601],[110.487,20.279],[109.883,20.215],[109.927,20.472],[109.789,20.536],[109.77,20.858],[109.696,20.858],[109.87,21.436],[109.807,21.501],[109.116,21.372],[109.086,21.629],[108.652,21.693],[108.555,21.565],[108.173,21.501],[108.098,21.501],[107.972,21.629],[107.589,21.565],[107.463,21.693],[107.24,21.693],[106.711,22.079],[106.607,22.336],[106.772,22.851],[106.709,22.915],[106.325,22.851],[106.199,22.979],[105.753,22.979],[105.438,23.301],[105.214,23.301],[105.117,23.172],[105.042,23.172],[104.956,23.108],[104.905,23.236],[103.426,23.301],[102.852,23.429],[102.474,23.815],[102.325,23.815],[102.086,24.136],[101.811,24.265],[101.462,25.165],[101.398,25.936],[101.196,26.387],[101.09,27.544],[101.014,27.544],[101.05,27.994],[100.915,28.058],[101.039,28.251],[100.964,28.251],[101.03,28.508],[100.955,28.508],[101.022,28.765],[100.881,29.087],[100.951,29.344],[100.875,29.344],[100.964,29.665],[100.889,29.665],[100.961,29.922],[100.885,29.922],[100.978,30.244],[100.902,30.244],[101.015,30.629],[100.939,30.629],[101.055,31.015],[100.979,31.015],[101.687,32.75],[102.552,33.264],[103.034,33.329],[103.332,33.522],[103.493,33.972],[103.355,34.229],[103.527,34.486],[103.45,34.486],[103.735,35.451],[103.63,35.58],[103.649,36.224],[103.467,36.353],[103.518,36.482],[103.389,36.546],[103.44,36.675],[103.311,36.739],[103.363,36.868],[103.208,37.062],[102.871,37.19],[102.611,37.126],[102.586,37.255],[102.171,37.384],[102.172,37.577],[102.043,37.642],[102.096,37.771],[101.833,37.513],[101.626,37.577],[101.601,37.706],[101.315,37.771],[101.29,37.9],[100.796,38.029],[100.799,38.222],[100.642,38.222],[100.386,38.545],[100.687,39.062],[101.137,39.191],[101.165,39.256],[101.559,39.256],[101.63,39.062],[102.173,38.868],[103.132,39.256],[103.812,39.708],[104.583,39.838],[104.668,39.514],[103.939,39.126],[103.608,38.739],[104.293,38.868],[104.393,38.739],[104.991,38.674],[104.963,38.61],[106.09,38.674],[107.062,39.579],[107.329,39.644],[107.442,39.385],[107.678,39.385],[108.054,39.838],[108.387,40.032],[109.736,40.355],[110.56,40.42],[111.906,40.42],[111.872,40.355],[112.821,40.355],[112.787,40.291],[113.488,40.42],[114.561,40.355],[114.974,40.679],[114.772,40.744],[114.764,40.874],[114.843,40.874],[115.992,41.782],[117.299,42.106],[117.456,42.236],[117.776,42.236],[117.74,42.041],[117.861,41.976],[117.746,41.782],[117.871,41.587],[118.428,41.587],[118.39,41.522],[118.909,41.457],[118.871,41.392],[118.951,41.392],[121.021,41.263]]],[[[80.214,42.431],[80.188,42.366],[80.163,42.301],[80.083,42.301],[80.108,42.366],[80.134,42.431],[80.214,42.431]]]]}},{"type":"Feature","id":"cliopatria-3a7057f45bfaf6eadfedf15a","properties":{"NAME":"Indo-Parthians","ABBREVN":null,"CONTROL":null,"SUBJECTO":"Indo-Parthians","PARTOF":null,"BORDERPRECISION":1,"FromYear":43,"ToYear":50,"Area":487082.258454754,"Type":"POLITY","Wikipedia":"Indo-Parthian Kingdom","Wikidata":"Q1255614","SeshatID":"pk_indo_parthian_k","Components":"","MemberOf":"","sourceFeatureId":"cliopatria-3a7057f45bfaf6eadfedf15a","datasetId":"cliopatria"},"geometry":{"type":"MultiPolygon","coordinates":[[[[70.579,25.294],[70.57,24.651],[70.605,24.329],[70.448,24.265],[70.424,24.072],[70.065,23.558],[69.5,23.172],[69.039,23.043],[69.025,22.915],[68.95,22.915],[68.606,23.172],[68.552,23.365],[68.336,23.429],[68.35,23.558],[68.127,23.558],[68.155,23.815],[67.633,23.815],[67.491,23.879],[67.438,24.072],[67.289,24.072],[67.326,24.393],[67.148,24.779],[66.632,24.844],[66.64,24.908],[67.112,25.101],[67.502,25.808],[67.197,26.322],[67.175,27.222],[67.062,27.479],[67.121,27.865],[67.046,27.865],[67.041,28.315],[66.965,28.315],[67.007,28.572],[66.931,28.572],[67.135,29.344],[66.995,29.408],[66.888,29.665],[66.434,29.665],[66.077,29.794],[66.316,29.858],[66.437,30.951],[66.778,31.143],[67.067,31.85],[67.656,32.493],[67.71,32.75],[69.343,33.907],[69.881,33.907],[69.988,34.036],[70.727,33.907],[70.833,34.036],[70.772,34.1],[70.956,34.229],[71.479,34.165],[71.556,34.165],[72.588,34.293],[72.85,34.422],[73.389,34.422],[73.355,33.972],[73.524,33.715],[73.524,33.072],[73.6,33.072],[73.585,33.007],[73.161,32.493],[72.993,32.429],[72.441,31.658],[72.377,30.244],[72.453,30.244],[72.328,29.601],[72.029,29.215],[71.169,28.637],[71.018,28.637],[70.639,28.187],[70.22,27.93],[70.007,27.544],[69.561,27.094],[69.513,26.772],[69.729,26.708],[69.71,26.579],[70.179,26.194],[70.191,25.744],[70.341,25.744],[70.438,25.358],[70.579,25.294]]]]}},{"type":"Feature","id":"cliopatria-03db18b4430b46cb82b157b1","properties":{"NAME":"Indo-Scythians","ABBREVN":null,"CONTROL":null,"SUBJECTO":"Indo-Scythians","PARTOF":null,"BORDERPRECISION":1,"FromYear":43,"ToYear":50,"Area":579280.961025485,"Type":"POLITY","Wikipedia":"Indo-Scythians","Wikidata":"Q240123","SeshatID":"","Components":"","MemberOf":"","sourceFeatureId":"cliopatria-03db18b4430b46cb82b157b1","datasetId":"cliopatria"},"geometry":{"type":"MultiPolygon","coordinates":[[[[76.127,32.75],[76.081,32.557],[76.54,32.236],[76.479,31.979],[76.162,31.593],[75.334,30.951],[74.443,30.694],[73.835,30.694],[73.808,30.565],[74.373,29.987],[74.309,29.665],[74.46,29.665],[74.763,29.279],[75.054,29.215],[75.092,29.022],[75.66,28.83],[75.699,28.637],[76.266,28.444],[76.318,28.315],[76.746,28.187],[76.798,28.058],[77.389,27.994],[77.441,27.865],[77.996,27.608],[78.176,27.351],[78.247,26.901],[78.236,26.837],[77.786,26.837],[77.689,26.708],[77.238,26.708],[77.11,26.837],[75.972,26.772],[73.179,26.194],[71.905,25.679],[71.235,25.165],[71.086,25.165],[70.57,24.651],[70.579,25.294],[70.438,25.358],[70.341,25.744],[70.191,25.744],[70.179,26.194],[69.71,26.579],[69.729,26.708],[69.513,26.772],[69.561,27.094],[70.007,27.544],[70.22,27.93],[70.639,28.187],[71.018,28.637],[71.169,28.637],[72.029,29.215],[72.328,29.601],[72.453,30.244],[72.377,30.244],[72.441,31.658],[72.993,32.429],[73.161,32.493],[73.585,33.007],[73.662,33.007],[73.984,33.072],[74.183,32.943],[74.351,33.007],[75.469,32.879],[75.882,32.686],[76.051,32.75],[76.127,32.75]]],[[[69.881,33.907],[69.343,33.907],[67.71,32.75],[67.656,32.493],[67.067,31.85],[66.778,31.143],[66.437,30.951],[66.316,29.858],[66.077,29.794],[65.125,29.537],[64.53,29.601],[64.12,29.408],[62.304,29.408],[60.936,29.858],[61.875,30.951],[61.942,31.336],[62.421,31.465],[62.82,31.979],[63.161,32.172],[63.185,32.3],[63.426,32.365],[63.873,33.843],[64.324,34.165],[64.574,34.615],[65.092,34.872],[65.415,34.937],[65.618,34.808],[65.926,34.808],[66.066,34.744],[66.038,34.615],[66.689,34.422],[66.814,34.293],[69.739,34.293],[69.988,34.036],[69.881,33.907]]],[[[74.198,33.007],[74.213,33.072],[74.29,33.072],[74.275,33.007],[74.198,33.007]]]]}},{"type":"Feature","id":"cliopatria-cb6efc00fa5b7a93793fd2fd","properties":{"NAME":"Kushan Empire","ABBREVN":null,"CONTROL":null,"SUBJECTO":"Kushan Empire","PARTOF":null,"BORDERPRECISION":1,"FromYear":43,"ToYear":50,"Area":458049.5584921085,"Type":"POLITY","Wikipedia":"Kushan Empire","Wikidata":"Q25979","SeshatID":"af_kushan_emp","Components":"","MemberOf":"","sourceFeatureId":"cliopatria-cb6efc00fa5b7a93793fd2fd","datasetId":"cliopatria"},"geometry":{"type":"MultiPolygon","coordinates":[[[[73.077,40.744],[73.8,40.291],[73.573,39.579],[73.395,39.514],[73.69,39.45],[73.63,39.256],[73.748,39.126],[73.494,38.545],[72.663,37.835],[72.398,37.448],[71.825,37.062],[71.661,36.739],[71.249,36.353],[71.244,36.031],[71.672,35.58],[71.605,35.001],[71.943,34.808],[71.495,34.229],[71.479,34.165],[70.956,34.229],[70.772,34.1],[70.833,34.036],[70.727,33.907],[69.988,34.036],[69.739,34.293],[66.814,34.293],[66.689,34.422],[66.038,34.615],[66.066,34.744],[65.926,34.808],[65.618,34.808],[65.415,34.937],[65.092,34.872],[64.854,35.194],[64.829,35.773],[64.751,35.773],[65.155,38.739],[65.077,38.739],[65.144,38.997],[65.065,38.997],[65.282,39.514],[65.203,39.514],[65.291,39.838],[65.564,39.967],[65.883,40.809],[65.962,40.809],[66.653,41.263],[66.891,41.263],[67.547,41.587],[68.025,41.587],[68.819,41.327],[68.898,41.327],[68.857,40.938],[69.332,40.42],[69.273,40.226],[68.997,40.096],[68.959,39.967],[69.334,39.902],[69.592,39.708],[70.558,39.773],[70.755,39.902],[70.814,40.096],[70.952,40.032],[70.913,39.902],[71.071,39.902],[71.209,40.096],[71.782,40.161],[72.998,40.744],[73.077,40.744]]]]}},{"type":"Feature","id":"cliopatria-9da1f08876d68731373e4475","properties":{"NAME":"Parthian Empire","ABBREVN":null,"CONTROL":null,"SUBJECTO":"Parthian Empire","PARTOF":null,"BORDERPRECISION":1,"FromYear":43,"ToYear":50,"Area":2702797.085745107,"Type":"POLITY","Wikipedia":"Parthian Empire","Wikidata":"Q1986139","SeshatID":"iq_parthian_emp_2","Components":"","MemberOf":"","sourceFeatureId":"cliopatria-9da1f08876d68731373e4475","datasetId":"cliopatria"},"geometry":{"type":"MultiPolygon","coordinates":[[[[51.138,25.486],[51.212,25.486],[51.207,25.422],[51.132,25.422],[51.138,25.486]]],[[[50.43,25.936],[50.46,26.258],[50.685,26.258],[50.673,26.129],[50.667,26.065],[50.649,25.872],[50.43,25.936]]],[[[57.351,40.291],[58.332,40.42],[58.537,40.291],[58.854,40.291],[58.98,40.161],[59.77,40.161],[59.768,39.838],[60.084,39.838],[60.052,39.708],[60.683,39.708],[60.713,39.514],[60.949,39.514],[62.502,40.032],[62.879,39.967],[64.02,40.096],[64.389,40.291],[65.235,40.485],[65.272,40.614],[65.351,40.614],[65.37,40.679],[65.449,40.679],[65.43,40.614],[65.589,40.614],[65.804,40.809],[65.883,40.809],[65.564,39.967],[65.291,39.838],[65.203,39.514],[65.282,39.514],[65.065,38.997],[65.144,38.997],[65.077,38.739],[65.155,38.739],[64.751,35.773],[64.829,35.773],[64.854,35.194],[65.092,34.872],[64.574,34.615],[64.324,34.165],[63.873,33.843],[63.426,32.365],[63.185,32.3],[63.161,32.172],[62.82,31.979],[62.421,31.465],[61.942,31.336],[61.875,30.951],[60.936,29.858],[62.304,29.408],[64.12,29.408],[64.53,29.601],[65.125,29.537],[66.077,29.794],[66.434,29.665],[66.888,29.665],[66.995,29.408],[67.135,29.344],[66.931,28.572],[67.007,28.572],[66.965,28.315],[67.041,28.315],[67.046,27.865],[67.121,27.865],[67.062,27.479],[67.175,27.222],[67.197,26.322],[67.502,25.808],[67.112,25.101],[66.64,24.908],[66.648,24.972],[66.62,25.358],[66.345,25.551],[66.021,25.358],[64.816,25.294],[64.801,25.165],[64.285,25.229],[64.225,25.358],[63.626,25.358],[63.536,25.229],[62.563,25.229],[62.474,25.101],[62.182,25.165],[62.018,25.036],[61.719,25.036],[61.658,25.165],[61.127,25.101],[60.917,25.229],[60.618,25.229],[60.632,25.358],[59.06,25.358],[58.782,25.551],[57.958,25.551],[57.74,25.615],[57.679,25.744],[57.38,25.744],[57.176,25.936],[57.052,26.837],[56.715,27.158],[56.188,27.158],[56.098,27.029],[56.324,27.029],[56.309,26.901],[56.061,26.708],[55.603,26.644],[55.439,26.515],[55.289,26.515],[55.31,26.708],[55.543,26.772],[55.242,26.772],[54.832,26.451],[54.463,26.515],[54.259,26.708],[53.658,26.708],[53.461,26.965],[52.737,27.222],[52.479,27.608],[52.049,27.801],[51.597,27.801],[51.317,27.994],[51.331,28.122],[51.066,28.444],[51.028,28.765],[50.809,28.83],[50.915,29.087],[50.62,29.151],[50.651,29.408],[50.236,29.729],[50.065,30.179],[49.586,29.987],[48.943,30.308],[48.987,30.051],[48.365,29.922],[48.404,29.601],[47.866,29.537],[47.852,29.408],[48.079,29.408],[48.215,29.279],[48.194,29.087],[48.46,28.765],[48.563,28.315],[48.974,27.93],[48.872,27.672],[49.242,27.608],[49.36,27.287],[50.135,26.772],[50.116,26.579],[50.254,26.451],[50.223,26.129],[50.067,26.065],[50.211,26.001],[50.325,25.615],[50.608,25.422],[50.654,25.101],[50.729,25.101],[50.769,25.551],[50.925,25.615],[50.955,25.936],[51.123,26.129],[51.423,26.129],[51.698,25.872],[51.575,25.358],[51.719,25.294],[51.69,24.972],[51.524,24.779],[51.411,24.329],[51.854,24.265],[51.907,24.008],[52.28,24.008],[52.6,24.265],[53.112,24.136],[54.083,24.136],[54.099,24.329],[54.318,24.265],[54.559,24.458],[54.744,24.844],[55.143,25.101],[55.412,25.551],[55.97,25.872],[56.168,26.322],[56.475,26.387],[56.543,26.322],[56.385,25.551],[56.46,25.551],[56.421,25.165],[56.496,25.165],[56.402,24.972],[56.545,24.908],[56.788,24.329],[57.493,23.879],[58.812,23.622],[59.08,23.301],[59.068,23.172],[59.28,23.043],[59.268,22.915],[58.896,22.915],[58.908,23.043],[58.61,23.043],[58.335,23.301],[57.962,23.301],[57.974,23.429],[57.83,23.493],[56.809,23.751],[56.821,23.879],[56.54,24.072],[56.489,24.329],[56.271,24.393],[56.29,24.586],[56.09,24.844],[55.859,24.779],[55.841,24.586],[55.623,24.651],[54.812,23.943],[54.273,23.751],[51.881,23.686],[51.822,23.879],[51.166,24.072],[51.102,24.201],[51.203,24.522],[51.133,24.586],[51.294,24.715],[51.327,25.101],[51.402,25.101],[51.27,25.294],[51.35,25.358],[51.323,25.872],[51.173,25.872],[51.23,25.679],[50.982,25.422],[50.965,25.229],[51.12,25.294],[50.92,24.715],[50.616,24.651],[50.344,24.972],[50.032,25.679],[49.674,25.872],[49.878,26.451],[49.252,26.965],[49.265,27.094],[49.059,27.287],[48.552,27.479],[48.467,28.122],[48.247,28.187],[48.206,28.508],[48.055,28.508],[48.144,28.637],[48,28.701],[48.014,28.83],[47.809,29.022],[47.651,28.958],[47.672,29.151],[47.535,29.279],[47.654,29.665],[47.29,29.794],[46.979,29.729],[46.994,29.858],[46.85,29.922],[46.615,29.858],[46.591,30.308],[45.77,30.436],[44.955,31.272],[44.581,31.336],[44.459,31.593],[43.153,32.814],[42.709,32.943],[42.364,33.264],[42.065,33.329],[41.788,33.586],[41.489,33.65],[41.212,33.907],[40.627,34.165],[40.55,34.165],[40.479,34.872],[40.263,35.001],[40.278,35.13],[40.062,35.258],[39.938,35.516],[39.497,35.709],[39.753,35.902],[40.809,36.288],[41.283,36.353],[41.541,36.546],[41.671,36.353],[41.982,36.353],[42.629,36.546],[42.623,37.062],[42.765,37.513],[42.774,37.577],[42.852,37.577],[42.861,37.642],[42.871,37.706],[42.88,37.771],[43.886,37.706],[43.945,37.577],[44.637,37.513],[44.774,37.384],[44.803,37.062],[45.251,36.933],[45.446,37.19],[45.29,37.19],[45.252,37.448],[45.174,37.448],[45.224,37.771],[45.635,37.9],[45.854,38.287],[46.121,38.481],[47.252,38.674],[48.326,38.093],[48.795,38.093],[48.874,38.093],[48.829,37.835],[49.085,37.513],[49.854,37.448],[50.321,36.997],[50.566,37.062],[50.632,36.997],[50.532,36.868],[51.265,36.61],[52.186,36.546],[53.088,36.804],[54.033,36.868],[54.095,37.19],[53.91,37.448],[53.908,37.835],[53.83,37.835],[53.987,38.997],[53.518,39.385],[53.138,39.45],[53.545,39.514],[53.498,40.032],[52.723,40.096],[52.714,40.42],[52.793,40.42],[52.893,40.874],[52.972,40.874],[52.943,40.744],[53.34,40.744],[53.448,40.874],[53.404,40.679],[54.544,40.809],[56.655,40.355],[56.987,40.42],[56.956,40.291],[57.035,40.291],[57.241,40.161],[57.351,40.291]]]]}},{"type":"Feature","id":"cliopatria-2e785d1585bc85241068b7ff","properties":{"NAME":"Roman Empire","ABBREVN":null,"CONTROL":null,"SUBJECTO":"Roman Empire","PARTOF":null,"BORDERPRECISION":1,"FromYear":43,"ToYear":50,"Area":3888657.3801009636,"Type":"POLITY","Wikipedia":"Roman Empire","Wikidata":"Q12544","SeshatID":"it_roman_principate","Components":"","MemberOf":"","sourceFeatureId":"cliopatria-2e785d1585bc85241068b7ff","datasetId":"cliopatria"},"geometry":{"type":"MultiPolygon","coordinates":[[[[2.61,34.422],[2.533,34.422],[2.531,34.486],[2.608,34.486],[2.61,34.422]]],[[[14.34,36.031],[14.417,36.031],[14.571,35.966],[14.568,35.773],[14.337,35.838],[14.34,36.031]]],[[[7.24,50.712],[7.324,50.712],[7.329,50.512],[7.761,49.914],[8.175,50.246],[8.512,50.113],[8.516,49.847],[8.433,49.847],[8.52,49.582],[8.353,49.582],[8.277,49.118],[8.112,49.051],[8.197,48.919],[7.868,48.72],[7.871,48.588],[7.707,48.456],[7.559,47.598],[8.549,47.664],[8.547,47.796],[8.877,47.796],[8.957,48.06],[9.121,48.192],[9.782,48.39],[9.864,48.522],[9.947,48.522],[9.947,48.588],[10.03,48.588],[10.03,48.522],[10.445,48.522],[10.943,48.787],[11.193,48.787],[11.861,49.184],[12.609,48.985],[12.938,48.72],[13.519,48.654],[14.258,48.258],[14.672,48.258],[14.841,48.39],[15.499,48.192],[16.663,48.324],[16.904,48.126],[17.072,48.192],[17.067,48.06],[17.635,47.796],[18.626,47.796],[18.798,47.928],[18.957,47.796],[18.95,47.664],[19.269,47.466],[19.173,47.203],[18.923,47.137],[18.998,47.006],[18.834,47.006],[18.824,46.809],[18.906,46.809],[18.896,46.612],[19.05,46.415],[18.952,46.087],[18.87,46.087],[18.949,46.021],[18.854,45.759],[19.011,45.628],[18.926,45.562],[18.998,45.366],[20.218,45.366],[20.37,45.17],[20.61,45.104],[20.521,44.973],[20.671,44.777],[21.41,44.908],[21.64,44.712],[21.884,44.712],[22.032,44.516],[22.194,44.516],[22.37,44.712],[22.694,44.712],[22.766,44.581],[22.518,44.516],[22.509,44.385],[22.975,44.124],[22.876,43.863],[23.526,43.929],[23.924,43.863],[24.075,43.733],[24.156,43.733],[24.141,43.538],[23.975,43.472],[23.949,43.147],[23.703,43.082],[23.689,42.886],[23.519,42.756],[23.575,42.431],[23.326,42.301],[23.214,41.847],[23.448,41.782],[23.744,41.457],[25.68,41.782],[26.233,41.717],[26.574,41.976],[27.464,42.106],[27.317,42.236],[27.329,42.366],[27.175,42.431],[27.193,42.626],[27.452,42.821],[27.657,43.277],[27.992,43.407],[28.018,43.668],[28.3,44.059],[28.463,44.843],[28.802,44.973],[28.795,44.908],[28.841,44.581],[28.577,44.385],[28.536,43.994],[28.616,43.994],[28.481,43.472],[28.159,43.472],[28.226,43.342],[27.898,43.277],[27.805,43.147],[27.847,42.756],[27.514,42.626],[27.495,42.431],[27.796,42.236],[27.784,42.106],[28.004,41.911],[27.979,41.652],[28.218,41.652],[28.352,41.392],[28.976,41.263],[28.963,41.133],[30.479,41.198],[30.624,41.068],[31.18,41.068],[31.534,41.392],[32.027,41.522],[32.042,41.652],[32.193,41.587],[32.695,41.782],[32.631,41.911],[34.785,41.911],[34.882,42.041],[35.121,42.041],[35.157,41.717],[35.954,41.717],[36.209,41.263],[36.925,41.263],[36.915,41.198],[36.897,41.068],[36.473,40.874],[36.412,41.003],[36.085,40.938],[35.184,41.327],[34.849,41.198],[34.578,40.938],[34.561,40.809],[34.791,40.744],[34.505,40.355],[34.536,39.967],[34.828,39.773],[35.294,39.708],[35.357,39.579],[37.476,39.514],[38.167,39.385],[38.228,39.256],[38.752,39.062],[38.744,38.997],[38.735,38.933],[38.726,38.868],[38.361,38.481],[38.32,38.158],[38.46,38.029],[38.427,37.771],[37.989,37.384],[37.958,37.126],[38.176,36.997],[38.133,35.966],[38.428,35.838],[39.497,35.709],[39.938,35.516],[40.062,35.258],[40.278,35.13],[40.263,35.001],[40.479,34.872],[40.55,34.165],[40.473,34.165],[40.311,34.1],[40.403,34.229],[40.257,34.293],[39.124,34.486],[37.99,33.972],[37.739,33.779],[37.726,33.65],[37.573,33.65],[37.073,33.264],[37.054,33.072],[36.901,33.072],[36.717,32.75],[36.751,32.3],[36.516,32.236],[36.656,32.107],[36.492,31.979],[36.463,31.658],[36.387,31.658],[36.423,31.208],[36.271,31.208],[36.401,30.951],[36.151,30.694],[36.146,30.629],[35.842,30.629],[35.593,30.372],[34.389,30.501],[34.303,30.372],[33.151,30.179],[32.602,29.922],[32.526,29.922],[32.429,29.601],[32.639,29.344],[32.689,28.958],[32.836,28.894],[33.105,28.38],[33.609,27.994],[33.585,27.608],[33.799,27.415],[33.927,27.029],[34.073,26.965],[34.051,26.579],[34.197,26.515],[34.461,25.872],[34.608,25.808],[35.146,24.651],[35.86,24.008],[35.854,23.879],[35.559,23.943],[35.553,23.815],[35.108,23.879],[33.756,23.686],[33.682,23.686],[33.389,23.815],[32.041,23.686],[31.67,23.751],[30.537,23.365],[30.463,23.365],[30.395,23.558],[30.104,23.751],[30.109,23.879],[29.959,23.879],[29.673,24.201],[28.569,24.651],[28.289,25.165],[28.244,25.936],[28.345,26.579],[28.27,26.579],[28.154,27.351],[27.937,27.544],[27.711,27.544],[27.792,27.672],[27.43,27.994],[27.276,27.93],[27.285,28.122],[27.14,28.251],[25.586,28.958],[25.373,29.279],[25.147,29.279],[25.001,29.408],[24.847,29.344],[24.779,29.537],[24.33,29.665],[23.962,29.922],[23.51,29.987],[22.916,30.308],[22.762,30.244],[22.767,30.372],[21.939,30.565],[20.952,30.565],[18.735,29.987],[17.905,30.179],[16.701,30.694],[15.49,30.951],[15.184,30.886],[15.187,31.079],[14.584,31.529],[14.586,31.658],[14.284,31.915],[13.6,32.172],[13.066,32.172],[13.067,32.3],[11.768,32.3],[11.768,32.429],[11.539,32.429],[11.463,32.557],[11.31,32.493],[11.157,32.686],[10.392,33.007],[10.009,33.007],[10.085,33.136],[9.625,33.136],[9.547,33.329],[9.624,33.457],[9.316,33.586],[9.238,33.843],[9.083,33.907],[9.083,34.036],[8.929,34.036],[8.928,34.165],[8.311,34.293],[8.081,34.229],[8.002,34.422],[7.615,34.551],[7.153,34.486],[6.92,34.615],[6.459,34.551],[6.148,34.679],[5.377,34.679],[5.149,34.551],[4.454,34.615],[3.843,34.422],[3.456,34.486],[2.921,34.358],[2.45,34.615],[1.294,34.615],[0.685,34.422],[0.451,34.486],[0.303,34.358],[-1.237,34.358],[-1.305,34.165],[-1.539,34.229],[-1.61,34.1],[-1.693,34.229],[-2.001,34.229],[-3.763,34.1],[-4.141,33.972],[-4.21,33.843],[-4.367,33.907],[-5.039,33.586],[-5.274,33.65],[-5.799,33.457],[-6.033,33.522],[-6.634,33.329],[-6.703,33.2],[-6.937,33.264],[-7.528,32.943],[-8.064,32.943],[-8.154,33.136],[-8.47,33.264],[-8.403,33.393],[-7.13,33.843],[-7.062,33.972],[-6.904,33.907],[-6.614,34.165],[-6.7,34.293],[-6.473,34.358],[-6.482,34.486],[-6.332,34.551],[-6.277,34.872],[-6.2,34.872],[-6.291,35.065],[-6.132,35.001],[-6.145,35.194],[-6,35.323],[-5.877,35.773],[-5.339,35.838],[-5.24,35.516],[-4.755,35.194],[-3.132,35.194],[-2.982,35.258],[-2.993,35.451],[-2.838,35.451],[-2.82,35.13],[-2.662,35.065],[-1.89,35.065],[-1.591,35.258],[-1.359,35.258],[-1.136,35.451],[-1.224,35.645],[-1.066,35.58],[-0.917,35.709],[-0.53,35.709],[-0.459,35.838],[0.084,35.838],[0.376,36.224],[0.684,36.288],[0.678,36.417],[0.914,36.353],[1.216,36.546],[1.53,36.482],[2.377,36.675],[2.69,36.61],[2.841,36.739],[3.23,36.739],[3.459,36.868],[3.85,36.804],[4.235,36.933],[4.859,36.868],[5.098,36.675],[5.564,36.675],[5.639,36.804],[6.106,36.804],[6.103,36.933],[6.334,37.062],[6.805,36.868],[7.194,36.868],[7.346,37.062],[7.502,37.062],[7.738,36.868],[8.516,36.868],[8.903,37.126],[9.059,37.062],[9.37,37.255],[9.759,37.319],[9.993,37.19],[10.227,37.255],[10.228,37.062],[10.305,37.062],[10.228,36.804],[10.462,36.739],[11.006,36.997],[11.006,36.804],[10.462,36.417],[10.54,36.353],[10.464,35.902],[10.696,35.709],[10.851,35.773],[10.928,35.58],[11.083,35.58],[11.083,35.387],[11.006,35.387],[11.083,35.001],[10.851,34.937],[10.851,34.808],[10.543,34.551],[10.004,34.293],[10.082,34.229],[10.006,33.907],[10.237,33.715],[10.544,33.715],[10.698,33.522],[11.082,33.586],[11.158,33.2],[11.464,33.2],[12.229,32.814],[12.612,32.879],[12.535,32.75],[12.841,32.75],[12.842,32.879],[13.302,32.943],[13.454,32.814],[13.761,32.879],[13.759,32.75],[14.065,32.75],[14.444,32.493],[14.675,32.557],[14.749,32.429],[15.055,32.429],[15.282,32.3],[15.425,31.658],[15.576,31.593],[15.649,31.4],[16.179,31.208],[16.864,31.208],[17.847,30.951],[18.222,30.758],[18.592,30.372],[18.896,30.372],[18.969,30.244],[19.655,30.372],[19.964,30.565],[19.968,30.694],[20.202,30.886],[20.134,31.143],[20.214,31.272],[19.996,31.593],[20.089,32.107],[20.017,32.236],[20.246,32.236],[20.331,32.493],[20.482,32.429],[20.563,32.557],[20.716,32.557],[20.644,32.686],[20.871,32.622],[21.108,32.814],[21.412,32.75],[21.879,32.943],[23.089,32.622],[23.081,32.429],[23.231,32.365],[23.149,32.236],[23.299,32.172],[23.68,32.172],[24.129,31.979],[24.892,31.979],[25.112,31.786],[25.102,31.593],[25.248,31.465],[26.848,31.465],[27.297,31.336],[27.515,31.143],[28.496,31.015],[28.865,30.822],[29.397,30.822],[29.485,31.015],[29.633,30.951],[29.87,31.079],[29.802,31.208],[29.882,31.272],[30.339,31.272],[30.271,31.4],[30.352,31.465],[30.809,31.465],[30.966,31.529],[30.975,31.658],[31.203,31.658],[31.118,31.529],[31.266,31.465],[31.875,31.465],[31.781,31.208],[31.937,31.272],[32,31.079],[32.304,31.079],[32.237,31.208],[32.389,31.208],[32.532,31.079],[32.765,31.143],[32.832,31.015],[33.983,31.143],[34.297,31.272],[34.308,31.4],[34.547,31.529],[34.639,31.722],[34.573,31.85],[34.813,31.979],[34.77,32.365],[35.022,32.622],[35.056,33.007],[35.215,33.072],[35.398,33.393],[35.346,33.65],[35.499,33.65],[35.447,33.907],[35.684,33.972],[35.644,34.358],[35.792,34.293],[36.049,34.551],[36.068,34.744],[35.927,34.872],[35.96,35.194],[35.882,35.194],[35.993,35.516],[35.845,35.58],[35.99,36.224],[35.842,36.288],[36.265,36.61],[36.286,36.804],[36.145,36.933],[35.834,36.933],[35.488,36.61],[35.113,36.739],[34.95,36.675],[34.893,36.868],[34.582,36.868],[34.251,36.675],[33.979,36.288],[33.274,36.224],[32.713,36.031],[32.558,36.031],[32.499,36.224],[32.068,36.61],[31.086,36.933],[30.619,36.933],[30.492,36.353],[30.026,36.353],[29.938,36.224],[29.24,36.224],[29.125,36.739],[28.736,36.739],[28.591,36.868],[28.357,36.868],[28.187,36.675],[28.031,36.675],[28.138,37.062],[28.065,37.126],[27.598,37.126],[27.539,37.384],[27.223,37.319],[27.31,37.448],[27.163,37.577],[27.256,37.771],[27.178,37.771],[27.275,38.029],[26.889,38.093],[26.82,38.222],[26.429,38.222],[26.384,38.674],[26.536,38.61],[26.595,38.351],[27.065,38.351],[27.08,38.545],[26.849,38.61],[26.958,38.997],[26.879,38.997],[26.894,39.191],[26.742,39.256],[26.847,39.579],[26.132,39.514],[26.272,40.291],[26.605,40.485],[26.684,40.485],[26.673,40.355],[27.47,40.42],[27.538,40.291],[27.696,40.291],[27.792,40.485],[27.95,40.485],[27.939,40.355],[29.046,40.355],[28.9,40.485],[28.913,40.614],[29.48,40.744],[29.493,40.874],[29.249,40.809],[29.103,40.938],[29.116,41.068],[28.633,41.003],[28.169,41.133],[28.077,41.003],[27.527,41.068],[27.017,40.679],[26.921,40.485],[26.626,40.744],[26.14,40.614],[26.082,40.874],[25.378,41.003],[24.347,41.003],[24.011,40.744],[23.698,40.809],[23.685,40.614],[23.839,40.55],[23.737,40.226],[23.267,40.291],[22.884,40.485],[22.892,40.614],[22.655,40.614],[22.56,40.355],[22.544,40.096],[22.702,40.096],[22.611,39.902],[23.135,39.45],[22.816,39.385],[22.797,39.062],[23.116,39.126],[23.108,38.997],[23.344,38.997],[23.493,38.868],[23.332,38.803],[23.025,38.933],[22.936,38.739],[23.167,38.674],[23.313,38.481],[23.626,38.481],[23.563,38.739],[24.03,38.674],[24.179,38.545],[24.159,38.222],[24.002,38.222],[23.979,37.835],[23.443,38.029],[23.208,38.029],[23.201,37.9],[23.044,37.9],[23.108,37.642],[23.342,37.642],[23.402,37.319],[23.169,37.319],[23.176,37.448],[22.949,37.577],[22.714,37.577],[22.701,37.319],[22.853,37.255],[23.056,36.675],[22.833,36.868],[22.599,36.868],[22.512,36.675],[22.356,36.675],[22.22,37.062],[21.909,37.062],[21.899,36.868],[21.744,36.868],[21.681,37.19],[21.603,37.19],[21.697,37.513],[21.244,37.835],[21.416,38.158],[21.729,38.158],[21.738,38.351],[21.193,38.416],[20.974,38.739],[20.741,38.803],[20.911,39.062],[20.297,39.385],[20.155,39.708],[19.912,39.579],[19.758,39.644],[19.764,39.773],[20,39.773],[20.009,39.967],[19.63,40.291],[19.471,40.291],[19.486,40.614],[19.249,40.614],[19.255,40.744],[19.498,40.874],[19.438,41.263],[19.523,41.392],[19.444,41.392],[19.53,41.522],[19.45,41.522],[19.542,41.782],[18.852,42.366],[18.143,42.626],[17.992,42.821],[17.593,42.886],[17.508,42.756],[17.516,42.951],[17.355,42.951],[17.365,43.212],[17.122,43.147],[17.051,43.407],[16.727,43.342],[16.734,43.538],[16.575,43.603],[15.927,43.472],[16.012,43.603],[15.857,43.798],[15.695,43.798],[15.619,43.929],[15.375,43.863],[15.459,43.994],[15.219,44.059],[15.147,44.385],[14.909,44.581],[14.919,44.973],[14.516,45.104],[14.603,45.366],[14.196,45.366],[14.189,45.039],[13.946,45.039],[13.943,44.908],[13.781,44.908],[13.706,45.235],[13.544,45.3],[13.547,45.497],[13.71,45.497],[13.715,45.759],[13.39,45.824],[13.145,45.824],[13.06,45.628],[12.817,45.693],[12.652,45.562],[12.163,45.497],[12.16,45.17],[12.403,45.039],[12.4,44.777],[12.157,44.843],[12.154,44.451],[12.313,44.19],[12.873,43.798],[13.036,43.863],[13.034,43.733],[13.355,43.668],[13.673,43.407],[13.747,43.082],[13.985,42.951],[13.901,42.756],[14.056,42.496],[14.371,42.236],[14.531,42.236],[14.608,42.106],[14.769,42.171],[14.766,42.041],[14.924,41.976],[15.165,42.041],[15.241,41.911],[16.119,41.911],[16.115,41.782],[15.874,41.717],[15.944,41.392],[17.203,41.003],[17.511,40.744],[17.981,40.614],[18.438,40.161],[18.349,39.902],[18.112,39.902],[17.813,40.355],[17.418,40.355],[17.345,40.55],[17.028,40.55],[16.868,40.485],[16.945,40.42],[16.862,40.291],[16.624,40.291],[16.697,40.096],[16.457,39.967],[16.447,39.644],[16.916,39.514],[17.07,39.385],[17.138,39.062],[16.502,38.803],[16.492,38.416],[15.933,37.964],[15.698,37.964],[15.624,38.158],[15.389,38.158],[15.066,37.642],[15.059,37.255],[15.214,37.19],[15.05,36.739],[14.661,36.739],[14.278,37.126],[13.578,37.255],[13.192,37.577],[12.49,37.706],[12.492,37.9],[12.65,38.093],[13.04,38.029],[13.12,38.158],[13.355,38.158],[13.665,37.964],[14.056,37.964],[15.862,38.287],[15.95,38.674],[16.265,38.739],[16.27,38.933],[16.117,39.062],[15.899,39.773],[15.666,39.902],[15.748,40.032],[15.432,40.032],[15.199,40.226],[15.041,40.226],[14.893,40.679],[14.418,40.679],[14.422,40.874],[14.105,40.874],[13.951,41.133],[13.792,41.133],[13.715,41.263],[13,41.327],[12.922,41.457],[12.605,41.522],[12.131,41.911],[12.132,42.041],[11.813,42.106],[11.655,42.366],[11.495,42.301],[11.415,42.431],[11.255,42.431],[11.176,42.626],[11.016,42.626],[11.016,42.821],[10.535,43.082],[10.212,43.994],[9.889,43.994],[9.97,44.124],[9.727,44.124],[9.159,44.451],[8.432,44.385],[8.034,43.929],[7.15,43.733],[6.993,43.538],[6.673,43.472],[6.518,43.212],[6.278,43.147],[5.796,43.147],[5.632,43.277],[5.391,43.277],[5.387,43.407],[5.063,43.472],[4.178,43.472],[4.173,43.603],[3.851,43.603],[3.617,43.407],[3.14,43.277],[2.985,43.147],[3.01,42.561],[3.178,42.366],[3.117,41.911],[2.573,41.587],[2.334,41.587],[2.107,41.327],[1.238,41.198],[0.696,40.938],[0.709,40.679],[0.248,40.42],[0.183,40.161],[-0.126,40.032],[-0.345,39.708],[-0.314,39.126],[0.099,38.739],[-0.661,38.287],[-0.803,38.029],[-0.705,37.642],[-1.709,37.448],[-1.623,37.319],[-1.857,37.319],[-2.062,36.804],[-2.532,36.868],[-2.68,36.739],[-4.469,36.739],[-4.689,36.546],[-5.228,36.482],[-5.288,36.224],[-5.662,36.031],[-5.831,36.224],[-6.064,36.224],[-6.33,36.675],[-6.35,36.933],[-6.588,36.997],[-6.842,37.255],[-7.465,37.255],[-7.455,37.126],[-7.678,36.997],[-8.701,37.126],[-9.001,36.997],[-8.897,37.577],[-8.819,37.577],[-8.823,38.481],[-9.209,38.416],[-9.233,38.674],[-9.384,38.61],[-9.553,38.739],[-9.572,38.933],[-9.427,39.062],[-9.387,39.45],[-9.157,39.514],[-9.104,39.773],[-9.025,39.773],[-8.925,40.355],[-8.846,40.355],[-8.872,40.614],[-8.727,40.744],[-8.956,42.171],[-8.657,42.366],[-9.079,42.561],[-9.1,42.756],[-9.275,42.886],[-9.305,43.147],[-9.159,43.277],[-8.852,43.407],[-8.369,43.407],[-8.39,43.603],[-8.244,43.733],[-7.276,43.733],[-7.343,43.603],[-7.176,43.538],[-5.733,43.603],[-4.99,43.407],[-3.467,43.472],[-3.296,43.342],[-1.688,43.342],[-1.388,43.668],[-1.349,44.255],[-1.268,44.255],[-1.286,44.516],[-1.205,44.516],[-1.252,45.17],[-1.171,45.17],[-1.189,45.431],[-1.031,45.497],[-1.045,45.693],[-1.213,45.759],[-1.141,45.89],[-1.223,45.89],[-1.252,46.283],[-1.666,46.349],[-2.014,46.612],[-2.025,46.743],[-2.194,46.809],[-2.139,47.137],[-2.232,47.269],[-2.562,47.269],[-2.578,47.466],[-2.826,47.466],[-2.837,47.598],[-3.156,47.466],[-3.344,47.73],[-3.757,47.73],[-3.935,47.862],[-4.424,47.796],[-4.692,47.994],[-4.705,48.126],[-4.546,48.192],[-4.643,48.324],[-4.891,48.324],[-4.912,48.522],[-4.6,48.72],[-3.852,48.72],[-3.455,48.919],[-3.122,48.919],[-2.759,48.588],[-2.522,48.72],[-1.602,48.654],[-1.718,49.051],[-1.635,49.051],[-1.652,49.25],[-1.913,49.383],[-2.032,49.781],[-1.362,49.781],[-1.251,49.449],[0.007,49.383],[-0.012,49.648],[0.224,49.847],[1.053,49.98],[1.455,50.246],[1.425,50.712],[1.656,51.046],[2.578,51.179],[2.739,51.313],[3.41,51.447],[3.399,51.647],[3.739,51.647],[3.647,51.781],[3.98,51.915],[4.056,52.116],[4.232,51.982],[4.573,51.982],[5.248,52.116],[5.934,51.982],[6.369,51.647],[6.539,51.647],[6.541,51.58],[6.885,51.38],[7.065,50.979],[7.319,50.912],[7.24,50.712]]],[[[1.274,38.803],[1.183,39.062],[1.259,39.126],[1.337,39.126],[1.652,39.126],[1.658,38.997],[1.431,38.803],[1.274,38.803]]],[[[20.07,39.579],[20.073,39.644],[20.152,39.644],[20.149,39.579],[20.07,39.579]]],[[[3.296,39.32],[2.824,39.32],[2.659,39.514],[2.346,39.45],[2.338,39.644],[2.877,39.967],[2.956,39.967],[3.193,39.967],[3.198,39.838],[3.516,39.773],[3.296,39.32]]],[[[3.741,40.096],[3.82,40.096],[4.215,40.096],[4.302,39.838],[3.827,39.902],[3.741,40.096]]],[[[9.747,39.644],[9.669,39.644],[9.593,39.126],[9.12,39.191],[8.966,38.868],[8.73,38.868],[8.336,38.997],[8.412,39.256],[8.333,39.256],[8.33,39.514],[8.409,39.514],[8.483,39.902],[8.325,39.967],[8.4,40.291],[8.321,40.291],[8.319,40.485],[8.16,40.55],[8.155,40.938],[8.552,40.874],[9.025,41.263],[9.104,41.263],[9.502,41.198],[9.822,40.744],[9.823,40.355],[9.665,40.291],[9.747,39.644]]],[[[9.498,41.976],[9.499,41.782],[9.262,41.392],[9.104,41.327],[8.784,41.522],[8.782,41.717],[8.623,41.717],[8.7,41.911],[8.539,42.106],[8.535,42.496],[8.773,42.691],[9.173,42.756],[9.251,43.017],[9.331,43.017],[9.492,43.017],[9.493,42.756],[9.574,42.756],[9.578,41.976],[9.498,41.976]]],[[[10.134,42.886],[10.214,42.886],[10.455,42.886],[10.455,42.691],[10.215,42.691],[10.134,42.886]]],[[[14.269,44.973],[14.35,44.973],[14.511,44.908],[14.502,44.516],[14.261,44.581],[14.269,44.973]]],[[[19.086,45.497],[19.004,45.497],[19.007,45.562],[19.089,45.562],[19.086,45.497]]],[[[19.166,47.072],[19.084,47.072],[19.087,47.137],[19.169,47.137],[19.166,47.072]]],[[[16.989,48.192],[16.907,48.192],[16.909,48.258],[16.992,48.258],[16.989,48.192]]],[[[16.909,48.258],[16.826,48.258],[16.829,48.324],[16.912,48.324],[16.909,48.258]]],[[[-0.181,51.848],[-0.006,51.781],[0.484,52.049],[1.25,52.049],[1.184,51.781],[0.844,51.781],[0.863,51.513],[0.529,51.447],[1.207,51.447],[1.381,51.38],[1.394,51.179],[1.309,51.179],[0.901,50.979],[0.807,51.112],[0.036,51.246],[-0.239,51.513],[-0.181,51.848]]],[[[6.193,51.848],[6.191,51.915],[6.276,51.915],[6.278,51.848],[6.193,51.848]]],[[[34.087,35.001],[33.695,34.937],[33.523,34.744],[33.132,34.679],[33.044,34.551],[32.367,34.744],[32.229,34.937],[32.246,35.13],[32.555,35.13],[32.875,35.258],[32.887,35.387],[33.737,35.387],[34.31,35.709],[34.387,35.709],[34.542,35.709],[34.529,35.58],[33.957,35.258],[34.087,35.001]]],[[[24.15,35.387],[24.301,35.323],[25.692,35.323],[25.681,35.13],[26.225,35.194],[26.14,35.065],[24.824,35.001],[24.757,35.194],[24.526,35.194],[24.448,35.194],[23.679,35.258],[23.615,35.516],[24.157,35.516],[24.15,35.387]]],[[[27.693,36.288],[28.017,36.482],[28.095,36.482],[28.25,36.482],[28.139,36.031],[27.743,35.902],[27.693,36.288]]],[[[22.887,36.417],[22.965,36.417],[23.117,36.353],[23.107,36.16],[22.874,36.16],[22.887,36.417]]],[[[27.117,36.933],[27.185,36.804],[26.865,36.675],[27.039,36.933],[27.117,36.933]]],[[[25.339,37.126],[25.417,37.126],[25.573,37.126],[25.564,36.997],[25.331,36.997],[25.339,37.126]]],[[[24.361,37.706],[24.432,37.577],[24.272,37.513],[24.201,37.642],[24.283,37.706],[24.361,37.706]]],[[[25.064,37.706],[25.22,37.706],[25.286,37.513],[25.052,37.513],[24.986,37.706],[25.064,37.706]]],[[[26.08,37.706],[26.158,37.706],[26.314,37.706],[26.305,37.577],[25.988,37.513],[26.08,37.706]]],[[[20.621,37.9],[20.699,37.9],[20.934,37.9],[20.922,37.642],[20.613,37.706],[20.621,37.9]]],[[[24.694,38.029],[24.772,38.029],[25.068,37.771],[24.83,37.706],[24.682,37.835],[24.694,38.029]]],[[[20.328,38.351],[20.488,38.416],[20.566,38.416],[20.795,38.287],[20.786,38.093],[20.32,38.158],[20.328,38.351]]],[[[25.899,38.481],[25.821,38.481],[25.913,38.674],[25.991,38.674],[26.217,38.545],[26.111,38.158],[25.876,38.158],[25.899,38.481]]],[[[23.567,38.803],[23.563,38.739],[23.485,38.739],[23.489,38.803],[23.567,38.803]]],[[[24.365,38.997],[24.444,38.997],[24.675,38.933],[24.662,38.739],[24.357,38.868],[24.365,38.997]]],[[[26.103,39.126],[25.793,39.191],[26.044,39.385],[26.123,39.385],[26.511,39.32],[26.644,38.997],[26.246,38.933],[26.094,38.997],[26.103,39.126]]],[[[25.146,40.032],[25.462,40.032],[25.447,39.838],[24.974,39.838],[25.067,40.032],[25.146,40.032]]]]}},{"type":"Feature","id":"cliopatria-88be87a6c0edaa54b47f43d9","properties":{"NAME":"Thracian Kingdom","ABBREVN":null,"CONTROL":null,"SUBJECTO":"Thracian Kingdom","PARTOF":null,"BORDERPRECISION":1,"FromYear":43,"ToYear":50,"Area":90345.10333150973,"Type":"POLITY","Wikipedia":"Thracian kingdom","Wikidata":"Q104815700","SeshatID":"","Components":"","MemberOf":"","sourceFeatureId":"cliopatria-88be87a6c0edaa54b47f43d9","datasetId":"cliopatria"},"geometry":{"type":"MultiPolygon","coordinates":[[[[29.194,44.843],[29.024,44.777],[29.046,44.973],[28.883,44.973],[28.802,44.973],[28.463,44.843],[28.3,44.059],[28.018,43.668],[27.992,43.407],[27.657,43.277],[27.452,42.821],[27.193,42.626],[27.175,42.431],[27.329,42.366],[27.317,42.236],[27.464,42.106],[26.574,41.976],[26.233,41.717],[25.68,41.782],[23.744,41.457],[23.448,41.782],[23.214,41.847],[23.326,42.301],[23.575,42.431],[23.519,42.756],[23.689,42.886],[23.703,43.082],[23.949,43.147],[23.975,43.472],[24.141,43.538],[24.156,43.733],[24.237,43.733],[24.806,43.798],[25.52,43.668],[26.368,44.124],[27.748,44.19],[27.93,44.385],[27.849,44.385],[27.869,44.581],[27.707,44.581],[27.727,44.777],[27.889,44.777],[27.922,45.104],[27.767,45.17],[27.787,45.366],[28.038,45.431],[28.051,45.562],[28.289,45.497],[28.275,45.366],[28.431,45.3],[28.756,45.3],[29.185,45.497],[29.666,45.431],[29.621,45.039],[29.275,44.843],[29.194,44.843]]]]}},{"type":"Feature","id":"cliopatria-6faaacfff0bb7f5ac564474f","properties":{"NAME":"Trưng sisters","ABBREVN":null,"CONTROL":null,"SUBJECTO":"Trưng sisters","PARTOF":null,"BORDERPRECISION":1,"FromYear":43,"ToYear":50,"Area":99740.54759121504,"Type":"POLITY","Wikipedia":"Trưng sisters","Wikidata":"Q1207428","SeshatID":"","Components":"","MemberOf":"","sourceFeatureId":"cliopatria-6faaacfff0bb7f5ac564474f","datasetId":"cliopatria"},"geometry":{"type":"MultiPolygon","coordinates":[[[[108.087,21.436],[107.79,21.436],[107.417,20.986],[106.876,20.858],[106.834,20.601],[106.685,20.601],[106.537,20.151],[106.061,19.958],[105.849,19.572],[105.913,19.508],[105.734,18.865],[106.051,18.543],[106.031,18.415],[106.178,18.415],[106.295,18.222],[106.57,18.093],[106.571,17.643],[106.772,17.515],[106.752,17.386],[107.026,17.258],[106.765,17],[106.534,16.936],[105.144,18.415],[105.185,18.672],[105.037,18.672],[105.142,18.865],[105.015,18.993],[105.014,19.443],[104.94,19.443],[104.992,19.765],[104.865,19.893],[104.981,20.151],[104.44,20.472],[104.619,20.665],[104.905,20.601],[104.873,20.858],[105.096,20.858],[104.851,21.179],[104.979,21.501],[104.926,21.629],[105.096,21.758],[105.128,21.951],[104.874,22.208],[105.249,22.658],[105.175,22.658],[105.22,22.915],[105.105,23.108],[105.117,23.172],[105.214,23.301],[105.438,23.301],[105.753,22.979],[106.199,22.979],[106.325,22.851],[106.709,22.915],[106.772,22.851],[106.607,22.336],[106.711,22.079],[107.24,21.693],[107.463,21.693],[107.589,21.565],[107.972,21.629],[108.098,21.501],[108.087,21.436]]]]}},{"type":"Feature","id":"cliopatria-0b7ea73b6ee3600d45b38cf0","properties":{"NAME":"(Alliance between Han Dynasty and Xiongnu)","ABBREVN":null,"CONTROL":null,"SUBJECTO":"(Alliance between Han Dynasty and Xiongnu)","PARTOF":null,"BORDERPRECISION":1,"FromYear":43,"ToYear":50,"Area":6008860.545162721,"Type":"RELATION","Wikipedia":"Han dynasty","Wikidata":"Q1068371","SeshatID":"cn_eastern_han_dyn;mn_hunnu_late","Components":"Han Dynasty;Xiongnu","MemberOf":"","sourceFeatureId":"cliopatria-0b7ea73b6ee3600d45b38cf0","datasetId":"cliopatria"},"geometry":{"type":"MultiPolygon","coordinates":[[[[109.862,18.35],[109.841,18.222],[109.25,18.222],[109.123,18.35],[108.765,18.415],[108.638,18.543],[108.704,19.379],[109.203,19.701],[109.246,19.958],[110.157,20.086],[110.591,20.022],[110.613,20.151],[110.909,20.151],[111.087,19.893],[111.032,19.572],[110.884,19.572],[110.851,19.379],[110.681,19.251],[110.508,18.672],[110.19,18.543],[110.179,18.479],[109.862,18.35]]],[[[122.28,29.987],[121.977,29.987],[122.022,30.115],[122.045,30.179],[122.273,30.179],[122.28,29.987]]],[[[123.087,41.911],[123.167,41.911],[123.127,41.847],[123.405,41.782],[123.365,41.717],[123.604,41.717],[123.564,41.652],[124.042,41.522],[124.002,41.457],[124.28,41.392],[124.24,41.327],[124.479,41.327],[124.439,41.263],[124.717,41.198],[124.678,41.133],[124.995,41.133],[125.433,41.327],[126.108,41.263],[126.187,41.133],[126.742,41.003],[126.623,40.679],[126.425,40.614],[126.269,40.355],[126.432,40.096],[126.709,40.032],[126.832,39.838],[126.728,39.385],[126.964,39.385],[126.854,39.191],[127.023,38.933],[126.937,38.351],[126.348,37.835],[126.27,37.835],[125.845,37.771],[125.835,37.9],[125.678,37.9],[125.387,37.642],[125.231,37.642],[125.298,37.771],[125.209,37.9],[124.897,37.9],[125.077,38.093],[124.764,38.093],[124.866,38.287],[124.788,38.287],[124.961,38.61],[125.153,38.674],[125.189,38.739],[125.032,38.739],[125.39,39.385],[125.306,39.514],[124.87,39.579],[124.865,39.708],[124.512,39.644],[124.345,39.902],[124.034,39.773],[123.597,39.838],[122.936,39.644],[122.17,39.256],[121.952,38.997],[121.716,38.997],[121.422,38.739],[121.029,38.739],[121.201,39.062],[121.515,39.062],[121.69,39.385],[121.297,39.385],[121.21,39.514],[121.281,39.644],[121.438,39.644],[121.503,39.902],[121.776,39.967],[122.231,40.485],[122.106,40.679],[121.827,40.744],[121.824,40.874],[121.11,40.874],[120.997,40.679],[120.647,40.485],[120.5,40.226],[119.38,39.773],[119.215,39.32],[118.989,39.191],[118.45,39.062],[118.057,39.062],[118.046,39.191],[117.776,39.126],[117.576,38.739],[117.655,38.739],[117.602,38.481],[117.759,38.481],[117.773,38.351],[118.054,38.287],[118.067,38.158],[118.583,38.093],[118.648,38.222],[118.804,38.222],[118.772,38.158],[119.457,37.964],[119.393,37.835],[119.237,37.835],[118.984,37.319],[119.14,37.319],[119.156,37.19],[119.701,37.19],[119.827,37.448],[120.202,37.577],[120.188,37.706],[120.754,37.9],[121.112,37.835],[121.171,37.642],[121.483,37.642],[121.497,37.513],[122.154,37.577],[122.121,37.513],[122.713,37.448],[122.474,37.126],[122.566,36.997],[122.394,36.804],[121.912,36.933],[121.212,36.61],[120.979,36.61],[120.965,36.417],[120.732,36.417],[120.659,36.095],[120.318,36.031],[119.986,35.645],[119.619,35.516],[119.228,34.808],[119.459,34.808],[119.431,34.744],[119.711,34.679],[119.732,34.551],[120.342,34.358],[120.489,34.165],[120.55,33.586],[120.926,33.2],[120.919,32.622],[121.403,32.493],[121.503,32.172],[121.961,31.979],[121.937,31.722],[121.836,31.658],[121.301,31.85],[120.919,31.85],[121.454,31.658],[121.481,31.529],[121.634,31.529],[121.584,31.4],[121.737,31.4],[121.995,31.079],[121.899,30.822],[121.519,30.822],[121.197,30.565],[121.045,30.565],[120.68,30.179],[120.809,30.115],[121.105,30.308],[121.484,30.308],[121.62,30.051],[122.03,29.922],[121.865,29.665],[122.016,29.665],[121.938,29.215],[121.712,29.215],[121.745,29.537],[121.571,29.472],[121.647,29.472],[121.539,29.151],[121.744,29.087],[121.714,28.765],[121.522,28.637],[121.652,28.572],[121.646,28.315],[121.153,28.187],[121.193,28.315],[121.118,28.315],[121.038,28.058],[120.868,27.994],[120.715,27.737],[120.657,27.544],[120.733,27.544],[120.545,27.158],[120.395,27.158],[120.247,26.901],[120.096,26.901],[120.061,26.772],[120.211,26.772],[120.158,26.579],[119.84,26.515],[119.938,26.322],[119.587,26.129],[119.778,26.001],[119.53,25.615],[119.904,25.615],[119.872,25.486],[119.466,25.358],[119.423,25.486],[119.273,25.486],[119.391,25.358],[119.344,25.165],[119.029,25.101],[119.074,24.972],[118.819,24.844],[118.76,24.586],[118.147,24.522],[118.076,24.201],[117.721,23.943],[117.694,23.815],[117.47,23.815],[117.179,23.493],[116.894,23.558],[116.78,23.365],[116.815,23.172],[116.591,23.172],[116.54,22.915],[115.696,22.786],[115.671,22.658],[115.373,22.658],[115.174,22.786],[114.902,22.529],[114.753,22.529],[114.641,22.722],[114.531,22.143],[114.37,22.079],[113.999,22.079],[113.996,22.465],[113.785,22.529],[113.747,22.722],[113.599,22.722],[113.699,22.465],[113.639,22.143],[113.416,22.143],[113.318,22.015],[113.106,22.079],[113.071,21.886],[112.774,21.886],[112.441,21.693],[111.859,21.758],[111.664,21.501],[110.984,21.436],[110.739,21.308],[110.716,21.179],[110.419,21.179],[110.483,21.115],[110.364,20.858],[110.616,20.601],[110.487,20.279],[109.883,20.215],[109.927,20.472],[109.789,20.536],[109.77,20.858],[109.696,20.858],[109.87,21.436],[109.807,21.501],[109.116,21.372],[109.086,21.629],[108.652,21.693],[108.555,21.565],[108.173,21.501],[108.098,21.501],[107.972,21.629],[107.589,21.565],[107.463,21.693],[107.24,21.693],[106.711,22.079],[106.607,22.336],[106.772,22.851],[106.709,22.915],[106.325,22.851],[106.199,22.979],[105.753,22.979],[105.438,23.301],[105.214,23.301],[105.117,23.172],[105.042,23.172],[104.956,23.108],[104.905,23.236],[103.426,23.301],[102.852,23.429],[102.474,23.815],[102.325,23.815],[102.086,24.136],[101.811,24.265],[101.462,25.165],[101.398,25.936],[101.196,26.387],[101.09,27.544],[101.014,27.544],[101.05,27.994],[100.915,28.058],[101.039,28.251],[100.964,28.251],[101.03,28.508],[100.955,28.508],[101.022,28.765],[100.881,29.087],[100.951,29.344],[100.875,29.344],[100.964,29.665],[100.889,29.665],[100.961,29.922],[100.885,29.922],[100.978,30.244],[100.902,30.244],[101.015,30.629],[100.939,30.629],[101.055,31.015],[100.979,31.015],[101.687,32.75],[102.552,33.264],[103.034,33.329],[103.332,33.522],[103.493,33.972],[103.355,34.229],[103.527,34.486],[103.45,34.486],[103.735,35.451],[103.63,35.58],[103.649,36.224],[103.467,36.353],[103.518,36.482],[103.389,36.546],[103.44,36.675],[103.311,36.739],[103.363,36.868],[103.208,37.062],[102.871,37.19],[102.611,37.126],[102.586,37.255],[102.171,37.384],[102.172,37.577],[102.043,37.642],[102.096,37.771],[101.833,37.513],[101.626,37.577],[101.601,37.706],[101.315,37.771],[101.29,37.9],[100.796,38.029],[100.799,38.222],[100.642,38.222],[100.386,38.545],[100.687,39.062],[101.137,39.191],[101.165,39.256],[101.194,39.32],[101.181,39.644],[100.737,39.708],[100.381,39.967],[100.144,39.967],[100.173,40.032],[99.384,40.032],[99.284,40.161],[98.918,40.226],[98.948,40.291],[98.503,40.355],[98.274,40.55],[98.037,40.55],[97.63,40.874],[96.897,41.003],[96.926,41.068],[95.23,41.003],[93.687,40.744],[93.715,40.809],[93.268,40.874],[93.296,40.938],[92.321,41.068],[92.349,41.133],[91.27,41.392],[90.775,41.717],[90.536,41.717],[90.434,41.847],[90.195,41.847],[90.223,41.911],[89.613,41.976],[89.642,42.041],[88.82,42.171],[88.848,42.236],[88.077,42.301],[88.105,42.366],[85.764,42.691],[85.792,42.756],[84.108,42.756],[82.056,42.236],[80.963,42.301],[80.534,42.431],[80.188,42.366],[80.163,42.301],[80.083,42.301],[80.108,42.366],[80.134,42.431],[80.214,42.431],[80.287,42.821],[80.473,42.886],[80.471,43.082],[80.632,43.082],[80.791,43.277],[80.683,43.407],[80.735,43.538],[80.357,43.994],[80.383,44.451],[80.302,44.451],[80.41,44.712],[79.978,44.843],[80.005,44.908],[79.518,44.908],[79.545,44.973],[78.569,45.17],[78.35,45.431],[77.996,45.562],[78.022,45.824],[77.831,45.955],[77.802,46.283],[77.883,46.283],[78.975,46.349],[79.086,46.612],[79.801,46.94],[85.324,48.192],[85.786,48.456],[86.399,48.522],[86.549,48.654],[86.848,48.588],[86.914,48.72],[87.667,49.051],[87.652,49.184],[87.819,49.184],[88.244,49.515],[88.746,49.515],[89.606,49.714],[89.512,49.847],[89.585,49.98],[89.837,49.98],[90.116,50.179],[90.78,50.313],[91.063,50.512],[91.315,50.512],[91.892,50.779],[92.771,50.979],[93.272,51.246],[94.708,51.647],[98.585,52.116],[98.932,52.25],[98.886,52.183],[99.267,52.116],[99.221,52.049],[99.391,52.049],[99.346,51.982],[99.686,51.982],[99.641,51.915],[100.105,51.848],[100.06,51.781],[100.739,51.781],[100.694,51.714],[100.948,51.714],[100.903,51.647],[101.073,51.647],[101.027,51.58],[101.112,51.58],[101.875,51.58],[101.829,51.513],[102.123,51.447],[102.077,51.38],[102.201,51.313],[102.11,51.179],[102.353,50.912],[102.263,50.779],[102.348,50.779],[102.383,50.579],[102.76,50.512],[102.716,50.446],[102.884,50.446],[102.84,50.379],[103.177,50.379],[103.133,50.313],[103.301,50.313],[103.257,50.246],[104.181,50.246],[105.032,50.512],[106.417,50.446],[106.372,50.379],[106.792,50.379],[106.746,50.313],[107.282,50.113],[107.236,50.046],[107.823,50.046],[107.817,49.914],[107.984,49.914],[108.055,49.648],[108.345,49.582],[108.34,49.449],[108.713,49.383],[108.493,49.051],[108.699,48.985],[108.695,48.853],[108.858,48.72],[108.772,48.588],[108.895,48.522],[108.81,48.39],[108.893,48.39],[108.808,48.258],[108.89,48.258],[108.598,47.928],[108.432,47.532],[108.638,47.466],[108.681,47.269],[108.845,47.269],[109.012,47.006],[108.931,46.874],[109.095,46.874],[109.22,46.677],[109.467,46.677],[109.304,46.546],[109.388,46.415],[109.552,46.415],[109.846,45.955],[109.767,45.824],[110.186,45.3],[110.107,45.17],[110.699,44.255],[110.623,44.124],[110.703,44.124],[110.627,43.994],[110.712,43.863],[109.536,41.782],[109.759,41.457],[109.997,41.457],[109.963,41.392],[110.122,41.392],[110.211,41.263],[110.847,41.263],[110.812,41.198],[113.593,41.198],[113.557,41.133],[114.034,41.133],[113.998,41.068],[114.236,41.068],[114.201,41.003],[114.633,41.068],[114.685,40.874],[114.764,40.874],[114.843,40.874],[115.992,41.782],[117.299,42.106],[117.456,42.236],[117.776,42.236],[117.74,42.041],[117.861,41.976],[117.746,41.782],[117.871,41.587],[118.428,41.587],[118.39,41.522],[118.909,41.457],[118.871,41.392],[118.951,41.392],[121.021,41.263],[123.087,41.911]]],[[[77.72,46.283],[77.747,46.349],[77.829,46.349],[77.802,46.283],[77.72,46.283]]],[[[109.426,46.612],[109.508,46.612],[109.468,46.546],[109.386,46.546],[109.426,46.612]]]]}},{"type":"Feature","id":"cliopatria-28a78f8bf500c448e54d7988","properties":{"NAME":"Goguryeo","ABBREVN":null,"CONTROL":null,"SUBJECTO":"Goguryeo","PARTOF":null,"BORDERPRECISION":1,"FromYear":43,"ToYear":59,"Area":94444.12702634142,"Type":"POLITY","Wikipedia":"Goguryeo","Wikidata":"Q28370","SeshatID":"kr_goguryeo_k","Components":"","MemberOf":"","sourceFeatureId":"cliopatria-28a78f8bf500c448e54d7988","datasetId":"cliopatria"},"geometry":{"type":"MultiPolygon","coordinates":[[[[129.74,41.717],[129.698,41.652],[129.777,41.652],[129.693,41.522],[129.769,41.392],[129.727,41.327],[129.088,41.198],[128.493,41.263],[128.132,41.068],[127.456,41.003],[127.376,40.874],[127.059,40.874],[126.623,40.679],[126.742,41.003],[126.187,41.133],[126.108,41.263],[125.433,41.327],[124.995,41.133],[124.678,41.133],[124.717,41.198],[124.439,41.263],[124.479,41.327],[124.24,41.327],[124.28,41.392],[124.002,41.457],[124.042,41.522],[123.564,41.652],[123.604,41.717],[123.365,41.717],[123.405,41.782],[123.127,41.847],[123.167,41.911],[123.247,41.911],[124.607,42.171],[125.459,42.626],[126.468,42.821],[130.333,43.082],[130.655,43.082],[130.61,43.017],[130.77,43.017],[130.762,42.886],[130.922,42.886],[130.745,42.626],[130.905,42.626],[130.773,42.431],[130.322,42.236],[129.74,41.717]]]]}},{"type":"Feature","id":"cliopatria-8037d8f4b673a14e7b124713","properties":{"NAME":"Kingdom of Commagene","ABBREVN":null,"CONTROL":null,"SUBJECTO":"Kingdom of Commagene","PARTOF":null,"BORDERPRECISION":1,"FromYear":43,"ToYear":67,"Area":9768.949537483648,"Type":"POLITY","Wikipedia":"Commagene","Wikidata":"Q332137","SeshatID":"","Components":"","MemberOf":"","sourceFeatureId":"cliopatria-8037d8f4b673a14e7b124713","datasetId":"cliopatria"},"geometry":{"type":"MultiPolygon","coordinates":[[[[38.732,37.706],[38.74,37.771],[38.662,37.771],[38.583,37.771],[38.505,37.771],[38.427,37.771],[38.46,38.029],[38.32,38.158],[38.361,38.481],[38.726,38.868],[38.962,38.868],[39.25,38.674],[39.232,38.545],[39.511,38.287],[39.415,38.158],[39.46,37.9],[39.122,37.706],[38.732,37.706]]]]}},{"type":"Feature","id":"cliopatria-635b6bc6cd6330811e515f5f","properties":{"NAME":"Kingdom of Osroene","ABBREVN":null,"CONTROL":null,"SUBJECTO":"Kingdom of Osroene","PARTOF":null,"BORDERPRECISION":1,"FromYear":43,"ToYear":77,"Area":50117.4775073537,"Type":"POLITY","Wikipedia":"Osroene","Wikidata":"Q237234","SeshatID":"","Components":"","MemberOf":"","sourceFeatureId":"cliopatria-635b6bc6cd6330811e515f5f","datasetId":"cliopatria"},"geometry":{"type":"MultiPolygon","coordinates":[[[[41.283,36.353],[40.809,36.288],[39.753,35.902],[39.497,35.709],[38.428,35.838],[38.133,35.966],[38.176,36.997],[37.958,37.126],[37.989,37.384],[38.427,37.771],[38.505,37.771],[38.583,37.771],[38.662,37.771],[38.74,37.771],[38.732,37.706],[39.122,37.706],[39.46,37.9],[39.496,37.577],[40.181,37.448],[41.178,37.319],[41.212,36.997],[41.541,36.546],[41.283,36.353]]]]}},{"type":"Feature","id":"cliopatria-3454249c765874bac3865c27","properties":{"NAME":"Western Satraps","ABBREVN":null,"CONTROL":null,"SUBJECTO":"Western Satraps","PARTOF":null,"BORDERPRECISION":1,"FromYear":43,"ToYear":83,"Area":326864.0561571266,"Type":"POLITY","Wikipedia":"Western Satraps","Wikidata":"Q2086608","SeshatID":"pk_western_satraps","Components":"","MemberOf":"","sourceFeatureId":"cliopatria-3454249c765874bac3865c27","datasetId":"cliopatria"},"geometry":{"type":"MultiPolygon","coordinates":[[[[78.333,26.065],[78.323,26.001],[78.324,25.036],[78.314,24.972],[78.221,24.844],[77.847,24.844],[77.296,24.651],[76.712,24.201],[76.023,24.072],[74.59,23.365],[74.029,22.401],[73.554,22.143],[73.213,21.758],[72.76,21.693],[72.686,21.693],[72.544,21.758],[72.566,21.951],[72.491,21.951],[72.527,22.272],[72.378,22.272],[72.342,21.951],[72.112,21.886],[72.173,21.758],[72.321,21.758],[72.185,21.179],[71.408,20.858],[71.321,20.729],[70.721,20.665],[70.295,20.858],[69.89,21.243],[69.903,21.372],[69.497,21.758],[69.349,21.758],[68.949,22.208],[68.977,22.465],[69.409,22.336],[69.497,22.465],[69.869,22.465],[70.263,22.658],[70.365,22.915],[69.451,22.722],[69.099,22.915],[69.025,22.915],[69.039,23.043],[69.5,23.172],[70.065,23.558],[70.424,24.072],[70.448,24.265],[70.605,24.329],[70.57,24.651],[71.086,25.165],[71.235,25.165],[71.905,25.679],[73.179,26.194],[75.972,26.772],[77.11,26.837],[77.238,26.708],[77.689,26.708],[77.786,26.837],[78.236,26.837],[78.225,26.772],[78.3,26.772],[78.333,26.065]]]]}},{"type":"Feature","id":"cliopatria-8aeb50d8d05f77dcd06cbcfe","properties":{"NAME":"Kingdom of Sophene","ABBREVN":null,"CONTROL":null,"SUBJECTO":"Kingdom of Sophene","PARTOF":null,"BORDERPRECISION":1,"FromYear":43,"ToYear":105,"Area":23760.89401659476,"Type":"POLITY","Wikipedia":"Kingdom of Sophene","Wikidata":"Q2626105","SeshatID":"","Components":"","MemberOf":"","sourceFeatureId":"cliopatria-8aeb50d8d05f77dcd06cbcfe","datasetId":"cliopatria"},"geometry":{"type":"MultiPolygon","coordinates":[[[[40.493,38.029],[40.415,38.029],[40.094,37.964],[40.051,37.642],[40.181,37.448],[39.496,37.577],[39.46,37.9],[39.415,38.158],[39.511,38.287],[39.232,38.545],[39.25,38.674],[38.962,38.868],[38.726,38.868],[38.735,38.933],[38.744,38.997],[38.752,39.062],[38.927,39.191],[38.954,39.385],[39.209,39.514],[39.751,39.45],[39.848,39.579],[40.478,39.579],[40.51,39.256],[40.658,39.191],[40.469,38.416],[40.547,38.416],[40.572,38.029],[40.493,38.029]]]]}},{"type":"Feature","id":"cliopatria-524bbec0b8264b35bb6dfa31","properties":{"NAME":"Dong-okjeo","ABBREVN":null,"CONTROL":null,"SUBJECTO":"Dong-okjeo","PARTOF":null,"BORDERPRECISION":1,"FromYear":43,"ToYear":126,"Area":31981.260686667334,"Type":"POLITY","Wikipedia":"Okjeo","Wikidata":"Q713393","SeshatID":"","Components":"","MemberOf":"","sourceFeatureId":"cliopatria-524bbec0b8264b35bb6dfa31","datasetId":"cliopatria"},"geometry":{"type":"MultiPolygon","coordinates":[[[[128.171,39.967],[128.092,39.967],[127.583,39.773],[127.628,39.579],[127.59,39.514],[126.964,39.385],[126.728,39.385],[126.832,39.838],[126.709,40.032],[126.432,40.096],[126.269,40.355],[126.425,40.614],[126.623,40.679],[127.059,40.874],[127.376,40.874],[127.456,41.003],[128.132,41.068],[128.493,41.263],[129.088,41.198],[129.727,41.327],[129.806,41.327],[129.882,41.198],[129.756,40.874],[129.238,40.679],[129.078,40.42],[128.919,40.42],[128.171,39.967]]]]}},{"type":"Feature","id":"cliopatria-921bd3b5d40cda3dc26f4871","properties":{"NAME":"Goths","ABBREVN":null,"CONTROL":null,"SUBJECTO":"Goths","PARTOF":null,"BORDERPRECISION":1,"FromYear":43,"ToYear":153,"Area":117739.39072721112,"Type":"POLITY","Wikipedia":"Goths","Wikidata":"Q42193","SeshatID":"","Components":"","MemberOf":"","sourceFeatureId":"cliopatria-921bd3b5d40cda3dc26f4871","datasetId":"cliopatria"},"geometry":{"type":"MultiPolygon","coordinates":[[[[19.244,53.732],[19.152,53.665],[19.229,53.53],[18.861,53.192],[18.165,53.057],[18.084,53.125],[18.114,53.597],[18.027,53.597],[18.118,53.665],[18.144,54.071],[17.646,54.41],[16.862,54.342],[16.678,54.138],[16.148,53.935],[15.544,53.935],[15.382,54.206],[15.992,54.274],[16.443,54.613],[17.149,54.817],[18.459,54.885],[18.445,54.681],[18.687,54.41],[19.462,54.342],[19.355,54.071],[19.269,54.071],[19.249,53.8],[19.244,53.732]]],[[[18.23,57.835],[18.598,57.973],[19.045,57.973],[19.034,57.835],[18.844,57.696],[18.912,57.42],[18.451,57.213],[18.342,56.937],[18.076,56.937],[18.027,57.489],[18.032,57.558],[18.23,57.835]]],[[[14.369,59.574],[14.25,58.876],[14.518,58.806],[14.602,58.667],[15.423,58.876],[15.527,59.155],[15.889,59.155],[16.324,58.876],[16.402,58.667],[16.852,58.667],[16.839,58.459],[16.66,58.459],[16.831,58.32],[16.814,58.042],[16.626,57.904],[16.712,57.835],[16.703,57.696],[16.614,57.696],[16.687,57.42],[16.501,57.282],[16.478,56.869],[16.755,57.075],[16.954,57.42],[17.132,57.42],[17.123,57.282],[16.739,56.8],[16.723,56.525],[16.443,56.251],[16.267,56.251],[16.282,56.525],[16.098,56.388],[15.837,56.456],[15.67,56.662],[15.043,56.456],[14.869,56.525],[14.863,56.388],[14.687,56.388],[14.604,56.525],[13.988,56.594],[13.807,56.456],[13.276,56.388],[13.284,56.662],[13.195,56.662],[13.116,57.006],[13.382,57.006],[13.475,57.144],[12.942,57.144],[12.946,57.282],[12.768,57.282],[12.684,57.489],[12.236,57.351],[12.155,57.765],[11.885,57.627],[11.707,57.696],[11.713,58.042],[11.89,57.973],[12.072,58.112],[12.169,58.528],[11.721,58.598],[11.454,58.806],[11.456,58.946],[11.637,59.016],[11.641,59.225],[11.731,59.225],[11.647,59.644],[11.738,59.644],[11.926,59.995],[12.384,60.136],[12.486,60.558],[12.852,60.558],[13.123,60.417],[13.949,60.487],[13.944,60.346],[14.392,60.136],[14.298,60.065],[14.372,59.644],[14.281,59.644],[14.278,59.574],[14.369,59.574]]]]}},{"type":"Feature","id":"cliopatria-fe8af7d5f4bcf862fd3e1552","properties":{"NAME":"Han Dynasty","ABBREVN":null,"CONTROL":null,"SUBJECTO":"Han Dynasty","PARTOF":null,"BORDERPRECISION":1,"FromYear":51,"ToYear":59,"Area":3706443.3131047715,"Type":"POLITY","Wikipedia":"Han dynasty","Wikidata":"Q1068371","SeshatID":"cn_eastern_han_dyn","Components":"","MemberOf":"","sourceFeatureId":"cliopatria-fe8af7d5f4bcf862fd3e1552","datasetId":"cliopatria"},"geometry":{"type":"MultiPolygon","coordinates":[[[[109.862,18.35],[109.841,18.222],[109.25,18.222],[109.123,18.35],[108.765,18.415],[108.638,18.543],[108.704,19.379],[109.203,19.701],[109.246,19.958],[110.157,20.086],[110.591,20.022],[110.613,20.151],[110.909,20.151],[111.087,19.893],[111.032,19.572],[110.884,19.572],[110.851,19.379],[110.681,19.251],[110.508,18.672],[110.19,18.543],[110.179,18.479],[109.862,18.35]]],[[[121.021,41.263],[123.087,41.911],[123.167,41.911],[123.127,41.847],[123.405,41.782],[123.365,41.717],[123.604,41.717],[123.564,41.652],[124.042,41.522],[124.002,41.457],[124.28,41.392],[124.24,41.327],[124.479,41.327],[124.439,41.263],[124.717,41.198],[124.678,41.133],[124.995,41.133],[125.433,41.327],[126.108,41.263],[126.187,41.133],[126.742,41.003],[126.623,40.679],[126.425,40.614],[126.269,40.355],[126.432,40.096],[126.709,40.032],[126.832,39.838],[126.728,39.385],[126.964,39.385],[126.854,39.191],[127.023,38.933],[126.937,38.351],[126.348,37.835],[126.27,37.835],[125.845,37.771],[125.835,37.9],[125.678,37.9],[125.387,37.642],[125.231,37.642],[125.298,37.771],[125.209,37.9],[124.897,37.9],[125.077,38.093],[124.764,38.093],[124.866,38.287],[124.788,38.287],[124.961,38.61],[125.153,38.674],[125.189,38.739],[125.032,38.739],[125.39,39.385],[125.306,39.514],[124.87,39.579],[124.865,39.708],[124.512,39.644],[124.345,39.902],[124.034,39.773],[123.597,39.838],[122.936,39.644],[122.17,39.256],[121.952,38.997],[121.716,38.997],[121.422,38.739],[121.029,38.739],[121.201,39.062],[121.515,39.062],[121.69,39.385],[121.297,39.385],[121.21,39.514],[121.281,39.644],[121.438,39.644],[121.503,39.902],[121.776,39.967],[122.231,40.485],[122.106,40.679],[121.827,40.744],[121.824,40.874],[121.11,40.874],[120.997,40.679],[120.647,40.485],[120.5,40.226],[119.38,39.773],[119.215,39.32],[118.989,39.191],[118.45,39.062],[118.057,39.062],[118.046,39.191],[117.776,39.126],[117.576,38.739],[117.655,38.739],[117.602,38.481],[117.759,38.481],[117.773,38.351],[118.054,38.287],[118.067,38.158],[118.583,38.093],[118.648,38.222],[118.804,38.222],[118.772,38.158],[119.457,37.964],[119.393,37.835],[119.237,37.835],[118.984,37.319],[119.14,37.319],[119.156,37.19],[119.701,37.19],[119.827,37.448],[120.202,37.577],[120.188,37.706],[120.754,37.9],[121.112,37.835],[121.171,37.642],[121.483,37.642],[121.497,37.513],[122.154,37.577],[122.121,37.513],[122.713,37.448],[122.474,37.126],[122.566,36.997],[122.394,36.804],[121.912,36.933],[121.212,36.61],[120.979,36.61],[120.965,36.417],[120.732,36.417],[120.659,36.095],[120.318,36.031],[119.986,35.645],[119.619,35.516],[119.228,34.808],[119.459,34.808],[119.431,34.744],[119.711,34.679],[119.732,34.551],[120.342,34.358],[120.489,34.165],[120.55,33.586],[120.926,33.2],[120.919,32.622],[121.403,32.493],[121.503,32.172],[121.961,31.979],[121.937,31.722],[121.836,31.658],[121.301,31.85],[120.919,31.85],[121.454,31.658],[121.481,31.529],[121.634,31.529],[121.584,31.4],[121.737,31.4],[121.995,31.079],[121.899,30.822],[121.519,30.822],[121.197,30.565],[121.045,30.565],[120.68,30.179],[120.809,30.115],[121.105,30.308],[121.484,30.308],[121.62,30.051],[122.03,29.922],[121.865,29.665],[122.016,29.665],[121.938,29.215],[121.712,29.215],[121.745,29.537],[121.571,29.472],[121.647,29.472],[121.539,29.151],[121.744,29.087],[121.714,28.765],[121.522,28.637],[121.652,28.572],[121.646,28.315],[121.153,28.187],[121.193,28.315],[121.118,28.315],[121.038,28.058],[120.868,27.994],[120.715,27.737],[120.657,27.544],[120.733,27.544],[120.545,27.158],[120.395,27.158],[120.247,26.901],[120.096,26.901],[120.061,26.772],[120.211,26.772],[120.158,26.579],[119.84,26.515],[119.938,26.322],[119.587,26.129],[119.778,26.001],[119.53,25.615],[119.904,25.615],[119.872,25.486],[119.466,25.358],[119.423,25.486],[119.273,25.486],[119.391,25.358],[119.344,25.165],[119.029,25.101],[119.074,24.972],[118.819,24.844],[118.76,24.586],[118.147,24.522],[118.076,24.201],[117.721,23.943],[117.694,23.815],[117.47,23.815],[117.179,23.493],[116.894,23.558],[116.78,23.365],[116.815,23.172],[116.591,23.172],[116.54,22.915],[115.696,22.786],[115.671,22.658],[115.373,22.658],[115.174,22.786],[114.902,22.529],[114.753,22.529],[114.641,22.722],[114.531,22.143],[114.37,22.079],[113.999,22.079],[113.996,22.465],[113.785,22.529],[113.747,22.722],[113.599,22.722],[113.699,22.465],[113.639,22.143],[113.416,22.143],[113.318,22.015],[113.106,22.079],[113.071,21.886],[112.774,21.886],[112.441,21.693],[111.859,21.758],[111.664,21.501],[110.984,21.436],[110.739,21.308],[110.716,21.179],[110.419,21.179],[110.483,21.115],[110.364,20.858],[110.616,20.601],[110.487,20.279],[109.883,20.215],[109.927,20.472],[109.789,20.536],[109.77,20.858],[109.696,20.858],[109.87,21.436],[109.807,21.501],[109.116,21.372],[109.086,21.629],[108.652,21.693],[108.555,21.565],[107.79,21.436],[107.417,20.986],[106.961,20.922],[106.834,20.601],[106.685,20.601],[106.537,20.151],[105.965,19.829],[105.734,18.865],[106.051,18.543],[106.031,18.415],[106.178,18.415],[106.295,18.222],[106.57,18.093],[106.571,17.643],[106.772,17.515],[106.752,17.386],[107.026,17.258],[106.765,17],[106.534,16.936],[105.144,18.415],[105.185,18.672],[105.037,18.672],[105.142,18.865],[105.015,18.993],[105.014,19.443],[104.94,19.443],[104.992,19.765],[104.865,19.893],[104.981,20.151],[104.44,20.472],[104.619,20.665],[104.905,20.601],[104.873,20.858],[105.096,20.858],[104.851,21.179],[104.979,21.501],[104.926,21.629],[105.096,21.758],[105.128,21.951],[104.874,22.208],[105.249,22.658],[105.175,22.658],[105.22,22.915],[105.117,23.172],[104.956,23.108],[104.905,23.236],[103.426,23.301],[102.852,23.429],[102.474,23.815],[102.325,23.815],[102.086,24.136],[101.811,24.265],[101.462,25.165],[101.398,25.936],[101.196,26.387],[101.09,27.544],[101.014,27.544],[101.05,27.994],[100.915,28.058],[101.039,28.251],[100.964,28.251],[101.03,28.508],[100.955,28.508],[101.022,28.765],[100.881,29.087],[100.951,29.344],[100.875,29.344],[100.964,29.665],[100.889,29.665],[100.961,29.922],[100.885,29.922],[100.978,30.244],[100.902,30.244],[101.015,30.629],[100.939,30.629],[101.055,31.015],[100.979,31.015],[101.687,32.75],[102.552,33.264],[103.034,33.329],[103.332,33.522],[103.493,33.972],[103.355,34.229],[103.527,34.486],[103.45,34.486],[103.735,35.451],[103.63,35.58],[103.649,36.224],[103.467,36.353],[103.518,36.482],[103.389,36.546],[103.44,36.675],[103.311,36.739],[103.363,36.868],[103.208,37.062],[102.871,37.19],[102.611,37.126],[102.586,37.255],[102.171,37.384],[102.172,37.577],[102.043,37.642],[102.096,37.771],[101.833,37.513],[101.626,37.577],[101.601,37.706],[101.315,37.771],[101.29,37.9],[100.796,38.029],[100.799,38.222],[100.642,38.222],[100.386,38.545],[100.687,39.062],[101.137,39.191],[101.165,39.256],[101.559,39.256],[101.63,39.062],[102.173,38.868],[103.132,39.256],[103.407,39.514],[104.267,39.838],[104.583,39.838],[104.57,39.644],[104.698,39.579],[103.939,39.126],[103.608,38.739],[104.293,38.868],[104.393,38.739],[104.991,38.674],[104.963,38.61],[106.09,38.674],[107.062,39.579],[107.329,39.644],[107.442,39.385],[107.678,39.385],[108.054,39.838],[108.387,40.032],[109.736,40.355],[110.56,40.42],[111.906,40.42],[111.872,40.355],[112.821,40.355],[112.787,40.291],[113.488,40.42],[114.561,40.355],[114.974,40.679],[114.772,40.744],[114.764,40.874],[114.843,40.874],[115.992,41.782],[117.299,42.106],[117.456,42.236],[117.776,42.236],[117.74,42.041],[117.861,41.976],[117.746,41.782],[117.871,41.587],[118.428,41.587],[118.39,41.522],[118.909,41.457],[118.871,41.392],[118.951,41.392],[121.021,41.263]]],[[[122.273,30.179],[122.28,29.987],[121.977,29.987],[122.022,30.115],[122.045,30.179],[122.273,30.179]]],[[[80.214,42.431],[80.188,42.366],[80.163,42.301],[80.083,42.301],[80.108,42.366],[80.134,42.431],[80.214,42.431]]]]}},{"type":"Feature","id":"cliopatria-204e463885efa753d5ce5738","properties":{"NAME":"Roman Empire","ABBREVN":null,"CONTROL":null,"SUBJECTO":"Roman Empire","PARTOF":null,"BORDERPRECISION":1,"FromYear":51,"ToYear":59,"Area":4099311.237631734,"Type":"POLITY","Wikipedia":"Roman Empire","Wikidata":"Q12544","SeshatID":"it_roman_principate","Components":"","MemberOf":"","sourceFeatureId":"cliopatria-204e463885efa753d5ce5738","datasetId":"cliopatria"},"geometry":{"type":"MultiPolygon","coordinates":[[[[2.61,34.422],[2.533,34.422],[2.531,34.486],[2.608,34.486],[2.61,34.422]]],[[[14.34,36.031],[14.417,36.031],[14.571,35.966],[14.568,35.773],[14.337,35.838],[14.34,36.031]]],[[[7.24,50.712],[7.324,50.712],[7.329,50.512],[7.761,49.914],[8.175,50.246],[8.512,50.113],[8.516,49.847],[8.433,49.847],[8.52,49.582],[8.353,49.582],[8.277,49.118],[8.112,49.051],[8.197,48.919],[7.868,48.72],[7.871,48.588],[7.707,48.456],[7.559,47.598],[8.549,47.664],[8.547,47.796],[8.877,47.796],[8.957,48.06],[9.121,48.192],[9.782,48.39],[9.864,48.522],[9.947,48.522],[9.947,48.588],[10.03,48.588],[10.03,48.522],[10.445,48.522],[10.943,48.787],[11.193,48.787],[11.861,49.184],[12.609,48.985],[12.938,48.72],[13.519,48.654],[14.258,48.258],[14.672,48.258],[14.841,48.39],[15.499,48.192],[16.663,48.324],[16.904,48.126],[17.072,48.192],[17.067,48.06],[17.635,47.796],[18.626,47.796],[18.798,47.928],[18.957,47.796],[18.95,47.664],[19.269,47.466],[19.173,47.203],[18.923,47.137],[18.998,47.006],[18.834,47.006],[18.824,46.809],[18.906,46.809],[18.896,46.612],[19.05,46.415],[18.952,46.087],[18.87,46.087],[18.949,46.021],[18.854,45.759],[19.011,45.628],[18.926,45.562],[18.998,45.366],[20.218,45.366],[20.37,45.17],[20.61,45.104],[20.521,44.973],[20.671,44.777],[21.41,44.908],[21.64,44.712],[21.884,44.712],[22.032,44.516],[22.194,44.516],[22.37,44.712],[22.694,44.712],[22.766,44.581],[22.518,44.516],[22.509,44.385],[22.975,44.124],[22.876,43.863],[23.526,43.929],[23.924,43.863],[24.075,43.733],[24.806,43.798],[25.52,43.668],[26.368,44.124],[27.418,44.124],[27.923,44.32],[27.869,44.581],[27.707,44.581],[27.727,44.777],[27.889,44.777],[27.922,45.104],[27.767,45.17],[27.787,45.366],[28.038,45.431],[28.051,45.562],[28.289,45.497],[28.275,45.366],[28.431,45.3],[28.756,45.3],[29.185,45.497],[29.666,45.431],[29.525,44.908],[29.024,44.777],[29.046,44.973],[28.802,44.973],[28.841,44.581],[28.577,44.385],[28.536,43.994],[28.616,43.994],[28.481,43.472],[28.159,43.472],[28.226,43.342],[27.898,43.277],[27.805,43.147],[27.847,42.756],[27.514,42.626],[27.495,42.431],[27.796,42.236],[27.784,42.106],[28.004,41.911],[27.979,41.652],[28.218,41.652],[28.279,41.457],[28.505,41.327],[28.976,41.263],[28.963,41.133],[30.479,41.198],[30.624,41.068],[31.18,41.068],[31.534,41.392],[32.027,41.522],[32.042,41.652],[32.193,41.587],[32.695,41.782],[32.631,41.911],[34.785,41.911],[34.882,42.041],[35.121,42.041],[35.086,41.782],[35.308,41.652],[35.954,41.717],[36.209,41.263],[36.925,41.263],[36.915,41.198],[36.897,41.068],[36.473,40.874],[36.412,41.003],[36.085,40.938],[35.184,41.327],[34.849,41.198],[34.578,40.938],[34.561,40.809],[34.791,40.744],[34.505,40.355],[34.536,39.967],[34.828,39.773],[35.294,39.708],[35.357,39.579],[37.476,39.514],[38.167,39.385],[38.228,39.256],[38.752,39.062],[38.744,38.997],[38.735,38.933],[38.726,38.868],[38.361,38.481],[38.32,38.158],[38.46,38.029],[38.427,37.771],[37.989,37.384],[37.958,37.126],[38.176,36.997],[38.133,35.966],[38.428,35.838],[39.497,35.709],[39.938,35.516],[40.062,35.258],[40.278,35.13],[40.263,35.001],[40.479,34.872],[40.55,34.165],[40.473,34.165],[40.311,34.1],[40.403,34.229],[40.257,34.293],[39.124,34.486],[37.99,33.972],[37.739,33.779],[37.726,33.65],[37.573,33.65],[37.073,33.264],[37.054,33.072],[36.901,33.072],[36.717,32.75],[36.751,32.3],[36.516,32.236],[36.656,32.107],[36.492,31.979],[36.463,31.658],[36.387,31.658],[36.423,31.208],[36.271,31.208],[36.401,30.951],[36.151,30.694],[36.146,30.629],[35.842,30.629],[35.593,30.372],[34.389,30.501],[34.303,30.372],[33.151,30.179],[32.602,29.922],[32.526,29.922],[32.429,29.601],[32.639,29.344],[32.689,28.958],[32.836,28.894],[33.105,28.38],[33.609,27.994],[33.585,27.608],[33.799,27.415],[33.927,27.029],[34.073,26.965],[34.051,26.579],[34.197,26.515],[34.461,25.872],[34.608,25.808],[35.146,24.651],[35.86,24.008],[35.854,23.879],[35.559,23.943],[35.553,23.815],[35.108,23.879],[33.756,23.686],[33.682,23.686],[33.389,23.815],[32.041,23.686],[31.67,23.751],[30.537,23.365],[30.463,23.365],[30.395,23.558],[30.104,23.751],[30.109,23.879],[29.959,23.879],[29.673,24.201],[28.569,24.651],[28.289,25.165],[28.244,25.936],[28.345,26.579],[28.27,26.579],[28.154,27.351],[27.937,27.544],[27.711,27.544],[27.792,27.672],[27.43,27.994],[27.276,27.93],[27.285,28.122],[27.14,28.251],[25.586,28.958],[25.373,29.279],[25.147,29.279],[25.001,29.408],[24.847,29.344],[24.779,29.537],[24.33,29.665],[23.962,29.922],[23.51,29.987],[22.916,30.308],[22.762,30.244],[22.767,30.372],[21.939,30.565],[20.952,30.565],[18.735,29.987],[17.905,30.179],[16.701,30.694],[15.49,30.951],[15.184,30.886],[15.187,31.079],[14.584,31.529],[14.586,31.658],[14.284,31.915],[13.6,32.172],[13.066,32.172],[13.067,32.3],[11.768,32.3],[11.768,32.429],[11.539,32.429],[11.463,32.557],[11.31,32.493],[11.157,32.686],[10.392,33.007],[10.009,33.007],[10.085,33.136],[9.625,33.136],[9.547,33.329],[9.624,33.457],[9.316,33.586],[9.238,33.843],[9.083,33.907],[9.083,34.036],[8.929,34.036],[8.928,34.165],[8.311,34.293],[8.081,34.229],[8.002,34.422],[7.615,34.551],[7.153,34.486],[6.92,34.615],[6.459,34.551],[6.148,34.679],[5.377,34.679],[5.149,34.551],[4.454,34.615],[3.843,34.422],[3.456,34.486],[2.921,34.358],[2.45,34.615],[1.294,34.615],[0.685,34.422],[0.451,34.486],[0.303,34.358],[-1.237,34.358],[-1.305,34.165],[-1.539,34.229],[-1.61,34.1],[-1.693,34.229],[-2.001,34.229],[-3.763,34.1],[-4.141,33.972],[-4.21,33.843],[-4.367,33.907],[-5.039,33.586],[-5.274,33.65],[-5.799,33.457],[-6.033,33.522],[-6.634,33.329],[-6.703,33.2],[-6.937,33.264],[-7.528,32.943],[-8.064,32.943],[-8.154,33.136],[-8.47,33.264],[-8.403,33.393],[-7.13,33.843],[-7.062,33.972],[-6.904,33.907],[-6.614,34.165],[-6.7,34.293],[-6.473,34.358],[-6.482,34.486],[-6.332,34.551],[-6.277,34.872],[-6.2,34.872],[-6.291,35.065],[-6.132,35.001],[-6.145,35.194],[-6,35.323],[-5.877,35.773],[-5.339,35.838],[-5.24,35.516],[-4.755,35.194],[-3.132,35.194],[-2.982,35.258],[-2.993,35.451],[-2.838,35.451],[-2.82,35.13],[-2.662,35.065],[-1.89,35.065],[-1.591,35.258],[-1.359,35.258],[-1.136,35.451],[-1.224,35.645],[-1.066,35.58],[-0.917,35.709],[-0.53,35.709],[-0.459,35.838],[0.084,35.838],[0.376,36.224],[0.684,36.288],[0.678,36.417],[0.914,36.353],[1.216,36.546],[1.53,36.482],[2.377,36.675],[2.69,36.61],[2.841,36.739],[3.23,36.739],[3.459,36.868],[3.85,36.804],[4.235,36.933],[4.859,36.868],[5.098,36.675],[5.564,36.675],[5.639,36.804],[6.106,36.804],[6.103,36.933],[6.334,37.062],[6.805,36.868],[7.194,36.868],[7.346,37.062],[7.502,37.062],[7.738,36.868],[8.516,36.868],[8.903,37.126],[9.059,37.062],[9.37,37.255],[9.759,37.319],[9.993,37.19],[10.227,37.255],[10.228,37.062],[10.305,37.062],[10.228,36.804],[10.462,36.739],[11.006,36.997],[11.006,36.804],[10.462,36.417],[10.54,36.353],[10.464,35.902],[10.696,35.709],[10.851,35.773],[10.928,35.58],[11.083,35.58],[11.083,35.387],[11.006,35.387],[11.083,35.001],[10.851,34.937],[10.851,34.808],[10.543,34.551],[10.004,34.293],[10.082,34.229],[10.006,33.907],[10.237,33.715],[10.544,33.715],[10.698,33.522],[11.082,33.586],[11.158,33.2],[11.464,33.2],[12.229,32.814],[12.612,32.879],[12.535,32.75],[12.841,32.75],[12.842,32.879],[13.302,32.943],[13.454,32.814],[13.761,32.879],[13.759,32.75],[14.065,32.75],[14.444,32.493],[14.675,32.557],[14.749,32.429],[15.055,32.429],[15.282,32.3],[15.425,31.658],[15.576,31.593],[15.649,31.4],[16.179,31.208],[16.864,31.208],[17.847,30.951],[18.222,30.758],[18.592,30.372],[18.896,30.372],[18.969,30.244],[19.655,30.372],[19.964,30.565],[19.968,30.694],[20.202,30.886],[20.134,31.143],[20.214,31.272],[19.996,31.593],[20.089,32.107],[20.017,32.236],[20.246,32.236],[20.331,32.493],[20.482,32.429],[20.563,32.557],[20.716,32.557],[20.644,32.686],[20.871,32.622],[21.108,32.814],[21.412,32.75],[21.879,32.943],[23.089,32.622],[23.081,32.429],[23.231,32.365],[23.149,32.236],[23.299,32.172],[23.68,32.172],[24.129,31.979],[24.892,31.979],[25.112,31.786],[25.102,31.593],[25.248,31.465],[26.848,31.465],[27.297,31.336],[27.515,31.143],[28.496,31.015],[28.865,30.822],[29.397,30.822],[29.485,31.015],[29.633,30.951],[29.87,31.079],[29.802,31.208],[29.882,31.272],[30.339,31.272],[30.271,31.4],[30.352,31.465],[30.809,31.465],[30.966,31.529],[30.975,31.658],[31.203,31.658],[31.118,31.529],[31.266,31.465],[31.875,31.465],[31.781,31.208],[31.937,31.272],[32,31.079],[32.304,31.079],[32.237,31.208],[32.389,31.208],[32.532,31.079],[32.765,31.143],[32.832,31.015],[33.983,31.143],[34.297,31.272],[34.308,31.4],[34.547,31.529],[34.639,31.722],[34.573,31.85],[34.813,31.979],[34.77,32.365],[35.022,32.622],[35.056,33.007],[35.215,33.072],[35.398,33.393],[35.346,33.65],[35.499,33.65],[35.447,33.907],[35.684,33.972],[35.644,34.358],[35.792,34.293],[36.049,34.551],[36.068,34.744],[35.927,34.872],[35.96,35.194],[35.882,35.194],[35.993,35.516],[35.845,35.58],[35.99,36.224],[35.842,36.288],[36.265,36.61],[36.286,36.804],[36.145,36.933],[35.834,36.933],[35.488,36.61],[35.113,36.739],[34.95,36.675],[34.893,36.868],[34.582,36.868],[34.251,36.675],[33.979,36.288],[33.274,36.224],[32.713,36.031],[32.558,36.031],[32.499,36.224],[32.068,36.61],[31.086,36.933],[30.619,36.933],[30.492,36.353],[30.026,36.353],[29.938,36.224],[29.24,36.224],[29.125,36.739],[28.736,36.739],[28.591,36.868],[28.357,36.868],[28.187,36.675],[28.031,36.675],[28.138,37.062],[28.065,37.126],[27.598,37.126],[27.539,37.384],[27.223,37.319],[27.31,37.448],[27.163,37.577],[27.256,37.771],[27.178,37.771],[27.275,38.029],[26.889,38.093],[26.82,38.222],[26.429,38.222],[26.384,38.674],[26.536,38.61],[26.595,38.351],[27.065,38.351],[27.08,38.545],[26.849,38.61],[26.958,38.997],[26.879,38.997],[26.894,39.191],[26.742,39.256],[26.847,39.579],[26.132,39.514],[26.272,40.291],[26.605,40.485],[26.684,40.485],[26.673,40.355],[27.47,40.42],[27.538,40.291],[27.696,40.291],[27.792,40.485],[27.95,40.485],[27.939,40.355],[29.046,40.355],[28.9,40.485],[28.913,40.614],[29.48,40.744],[29.493,40.874],[29.249,40.809],[29.103,40.938],[29.116,41.068],[28.633,41.003],[28.169,41.133],[28.077,41.003],[27.527,41.068],[27.017,40.679],[26.921,40.485],[26.626,40.744],[26.14,40.614],[26.082,40.874],[25.378,41.003],[24.347,41.003],[24.011,40.744],[23.698,40.809],[23.685,40.614],[23.839,40.55],[23.737,40.226],[23.267,40.291],[22.884,40.485],[22.892,40.614],[22.655,40.614],[22.56,40.355],[22.544,40.096],[22.702,40.096],[22.611,39.902],[23.135,39.45],[22.816,39.385],[22.797,39.062],[23.116,39.126],[23.108,38.997],[23.344,38.997],[23.493,38.868],[23.332,38.803],[23.025,38.933],[22.936,38.739],[23.167,38.674],[23.313,38.481],[23.626,38.481],[23.563,38.739],[24.03,38.674],[24.179,38.545],[24.159,38.222],[24.002,38.222],[23.979,37.835],[23.443,38.029],[23.208,38.029],[23.201,37.9],[23.044,37.9],[23.108,37.642],[23.342,37.642],[23.402,37.319],[23.169,37.319],[23.176,37.448],[22.949,37.577],[22.714,37.577],[22.701,37.319],[22.853,37.255],[23.056,36.675],[22.833,36.868],[22.599,36.868],[22.512,36.675],[22.356,36.675],[22.22,37.062],[21.909,37.062],[21.899,36.868],[21.744,36.868],[21.681,37.19],[21.603,37.19],[21.697,37.513],[21.244,37.835],[21.416,38.158],[21.729,38.158],[21.738,38.351],[21.193,38.416],[20.974,38.739],[20.741,38.803],[20.911,39.062],[20.297,39.385],[20.155,39.708],[19.912,39.579],[19.758,39.644],[19.764,39.773],[20,39.773],[20.009,39.967],[19.63,40.291],[19.471,40.291],[19.486,40.614],[19.249,40.614],[19.255,40.744],[19.498,40.874],[19.438,41.263],[19.523,41.392],[19.444,41.392],[19.53,41.522],[19.45,41.522],[19.542,41.782],[18.852,42.366],[18.143,42.626],[17.992,42.821],[17.593,42.886],[17.508,42.756],[17.516,42.951],[17.355,42.951],[17.365,43.212],[17.122,43.147],[17.051,43.407],[16.727,43.342],[16.734,43.538],[16.575,43.603],[15.927,43.472],[16.012,43.603],[15.857,43.798],[15.695,43.798],[15.619,43.929],[15.375,43.863],[15.459,43.994],[15.219,44.059],[15.147,44.385],[14.909,44.581],[14.919,44.973],[14.516,45.104],[14.603,45.366],[14.196,45.366],[14.189,45.039],[13.946,45.039],[13.943,44.908],[13.781,44.908],[13.706,45.235],[13.544,45.3],[13.547,45.497],[13.71,45.497],[13.715,45.759],[13.39,45.824],[13.145,45.824],[13.06,45.628],[12.817,45.693],[12.652,45.562],[12.163,45.497],[12.16,45.17],[12.403,45.039],[12.4,44.777],[12.157,44.843],[12.154,44.451],[12.313,44.19],[12.873,43.798],[13.036,43.863],[13.034,43.733],[13.355,43.668],[13.673,43.407],[13.747,43.082],[13.985,42.951],[13.901,42.756],[14.056,42.496],[14.371,42.236],[14.531,42.236],[14.608,42.106],[14.769,42.171],[14.766,42.041],[14.924,41.976],[15.165,42.041],[15.241,41.911],[16.119,41.911],[16.115,41.782],[15.874,41.717],[15.944,41.392],[17.203,41.003],[17.511,40.744],[17.981,40.614],[18.438,40.161],[18.349,39.902],[18.112,39.902],[17.813,40.355],[17.418,40.355],[17.345,40.55],[17.028,40.55],[16.868,40.485],[16.945,40.42],[16.862,40.291],[16.624,40.291],[16.697,40.096],[16.457,39.967],[16.447,39.644],[16.916,39.514],[17.07,39.385],[17.138,39.062],[16.502,38.803],[16.492,38.416],[15.933,37.964],[15.698,37.964],[15.624,38.158],[15.389,38.158],[15.066,37.642],[15.059,37.255],[15.214,37.19],[15.05,36.739],[14.661,36.739],[14.278,37.126],[13.578,37.255],[13.192,37.577],[12.49,37.706],[12.492,37.9],[12.65,38.093],[13.04,38.029],[13.12,38.158],[13.355,38.158],[13.665,37.964],[14.056,37.964],[15.862,38.287],[15.95,38.674],[16.265,38.739],[16.27,38.933],[16.117,39.062],[15.899,39.773],[15.666,39.902],[15.748,40.032],[15.432,40.032],[15.199,40.226],[15.041,40.226],[14.893,40.679],[14.418,40.679],[14.422,40.874],[14.105,40.874],[13.951,41.133],[13.792,41.133],[13.715,41.263],[13,41.327],[12.922,41.457],[12.605,41.522],[12.131,41.911],[12.132,42.041],[11.813,42.106],[11.655,42.366],[11.495,42.301],[11.415,42.431],[11.255,42.431],[11.176,42.626],[11.016,42.626],[11.016,42.821],[10.535,43.082],[10.212,43.994],[9.889,43.994],[9.97,44.124],[9.727,44.124],[9.159,44.451],[8.432,44.385],[8.034,43.929],[7.15,43.733],[6.993,43.538],[6.673,43.472],[6.518,43.212],[6.278,43.147],[5.796,43.147],[5.632,43.277],[5.391,43.277],[5.387,43.407],[5.063,43.472],[4.178,43.472],[4.173,43.603],[3.851,43.603],[3.617,43.407],[3.14,43.277],[2.985,43.147],[3.01,42.561],[3.178,42.366],[3.117,41.911],[2.573,41.587],[2.334,41.587],[2.107,41.327],[1.238,41.198],[0.696,40.938],[0.709,40.679],[0.248,40.42],[0.183,40.161],[-0.126,40.032],[-0.345,39.708],[-0.314,39.126],[0.099,38.739],[-0.661,38.287],[-0.803,38.029],[-0.705,37.642],[-1.709,37.448],[-1.623,37.319],[-1.857,37.319],[-2.062,36.804],[-2.532,36.868],[-2.68,36.739],[-4.469,36.739],[-4.689,36.546],[-5.228,36.482],[-5.288,36.224],[-5.662,36.031],[-5.831,36.224],[-6.064,36.224],[-6.33,36.675],[-6.35,36.933],[-6.588,36.997],[-6.842,37.255],[-7.465,37.255],[-7.455,37.126],[-7.678,36.997],[-8.701,37.126],[-9.001,36.997],[-8.897,37.577],[-8.819,37.577],[-8.823,38.481],[-9.209,38.416],[-9.233,38.674],[-9.384,38.61],[-9.553,38.739],[-9.572,38.933],[-9.427,39.062],[-9.387,39.45],[-9.157,39.514],[-9.104,39.773],[-9.025,39.773],[-8.925,40.355],[-8.846,40.355],[-8.872,40.614],[-8.727,40.744],[-8.956,42.171],[-8.657,42.366],[-9.079,42.561],[-9.1,42.756],[-9.275,42.886],[-9.305,43.147],[-9.159,43.277],[-8.852,43.407],[-8.369,43.407],[-8.39,43.603],[-8.244,43.733],[-7.276,43.733],[-7.343,43.603],[-7.176,43.538],[-5.733,43.603],[-4.99,43.407],[-3.467,43.472],[-3.296,43.342],[-1.688,43.342],[-1.388,43.668],[-1.349,44.255],[-1.268,44.255],[-1.286,44.516],[-1.205,44.516],[-1.252,45.17],[-1.171,45.17],[-1.189,45.431],[-1.031,45.497],[-1.045,45.693],[-1.213,45.759],[-1.141,45.89],[-1.223,45.89],[-1.252,46.283],[-1.666,46.349],[-2.014,46.612],[-2.025,46.743],[-2.194,46.809],[-2.139,47.137],[-2.232,47.269],[-2.562,47.269],[-2.578,47.466],[-2.826,47.466],[-2.837,47.598],[-3.156,47.466],[-3.344,47.73],[-3.757,47.73],[-3.935,47.862],[-4.424,47.796],[-4.692,47.994],[-4.705,48.126],[-4.546,48.192],[-4.643,48.324],[-4.891,48.324],[-4.912,48.522],[-4.6,48.72],[-3.852,48.72],[-3.455,48.919],[-3.122,48.919],[-2.759,48.588],[-2.522,48.72],[-1.602,48.654],[-1.718,49.051],[-1.635,49.051],[-1.652,49.25],[-1.913,49.383],[-2.032,49.781],[-1.362,49.781],[-1.251,49.449],[0.007,49.383],[-0.012,49.648],[0.224,49.847],[1.053,49.98],[1.455,50.246],[1.425,50.712],[1.656,51.046],[2.578,51.179],[2.739,51.313],[3.41,51.447],[3.399,51.647],[3.739,51.647],[3.647,51.781],[3.98,51.915],[4.056,52.116],[4.232,51.982],[4.573,51.982],[5.248,52.116],[5.934,51.982],[6.369,51.647],[6.539,51.647],[6.541,51.58],[6.885,51.38],[7.065,50.979],[7.319,50.912],[7.24,50.712]]],[[[1.274,38.803],[1.183,39.062],[1.259,39.126],[1.337,39.126],[1.652,39.126],[1.658,38.997],[1.431,38.803],[1.274,38.803]]],[[[20.07,39.579],[20.073,39.644],[20.152,39.644],[20.149,39.579],[20.07,39.579]]],[[[3.296,39.32],[2.824,39.32],[2.659,39.514],[2.346,39.45],[2.338,39.644],[2.877,39.967],[2.956,39.967],[3.193,39.967],[3.198,39.838],[3.516,39.773],[3.296,39.32]]],[[[3.741,40.096],[3.82,40.096],[4.215,40.096],[4.302,39.838],[3.827,39.902],[3.741,40.096]]],[[[9.747,39.644],[9.669,39.644],[9.593,39.126],[9.12,39.191],[8.966,38.868],[8.73,38.868],[8.336,38.997],[8.412,39.256],[8.333,39.256],[8.33,39.514],[8.409,39.514],[8.483,39.902],[8.325,39.967],[8.4,40.291],[8.321,40.291],[8.319,40.485],[8.16,40.55],[8.155,40.938],[8.552,40.874],[9.025,41.263],[9.104,41.263],[9.502,41.198],[9.822,40.744],[9.823,40.355],[9.665,40.291],[9.747,39.644]]],[[[9.498,41.976],[9.499,41.782],[9.262,41.392],[9.104,41.327],[8.784,41.522],[8.782,41.717],[8.623,41.717],[8.7,41.911],[8.539,42.106],[8.535,42.496],[8.773,42.691],[9.173,42.756],[9.251,43.017],[9.331,43.017],[9.492,43.017],[9.493,42.756],[9.574,42.756],[9.578,41.976],[9.498,41.976]]],[[[10.134,42.886],[10.214,42.886],[10.455,42.886],[10.455,42.691],[10.215,42.691],[10.134,42.886]]],[[[14.269,44.973],[14.35,44.973],[14.511,44.908],[14.502,44.516],[14.261,44.581],[14.269,44.973]]],[[[19.086,45.497],[19.004,45.497],[19.007,45.562],[19.089,45.562],[19.086,45.497]]],[[[19.166,47.072],[19.084,47.072],[19.087,47.137],[19.169,47.137],[19.166,47.072]]],[[[16.989,48.192],[16.907,48.192],[16.909,48.258],[16.992,48.258],[16.989,48.192]]],[[[16.909,48.258],[16.826,48.258],[16.829,48.324],[16.912,48.324],[16.909,48.258]]],[[[6.193,51.848],[6.191,51.915],[6.276,51.915],[6.278,51.848],[6.193,51.848]]],[[[0.337,52.855],[0.493,53.057],[1.094,53.057],[1.532,52.923],[1.717,52.721],[1.739,52.385],[1.654,52.385],[1.586,52.116],[1.425,51.982],[1.17,51.982],[1.184,51.781],[0.844,51.781],[0.863,51.513],[0.524,51.513],[1.381,51.38],[1.314,51.112],[0.493,50.779],[-1.368,50.845],[-1.109,50.779],[-1.177,50.579],[-1.513,50.579],[-1.525,50.712],[-2.608,50.579],[-2.789,50.712],[-3.126,50.712],[-3.457,50.645],[-3.585,50.246],[-4.089,50.246],[-4.187,50.379],[-4.355,50.379],[-4.929,50.246],[-5.151,49.98],[-5.746,50.046],[-5.769,50.246],[-5.28,50.379],[-5.134,50.579],[-4.881,50.579],[-4.819,50.779],[-4.658,50.845],[-4.68,51.046],[-4.426,51.046],[-4.202,51.313],[-3.095,51.246],[-2.959,51.58],[-2.632,51.714],[-2.737,51.915],[-2.58,52.049],[-2.528,52.385],[-3.054,52.519],[-3.16,52.721],[-3.082,52.788],[-3.26,52.855],[-3.274,52.99],[-3.695,52.923],[-3.71,53.057],[-4.069,53.192],[-4.084,53.327],[-3.153,53.462],[-3.124,54.003],[-2.959,54.071],[-2.894,54.274],[-2.72,54.274],[-2.482,54.477],[-2.619,54.953],[-2.539,55.021],[-1.519,55.294],[-1.486,54.953],[-1.399,54.953],[-1.286,54.681],[-0.671,54.613],[-0.393,54.41],[0.015,53.665],[0.021,53.597],[0.295,53.395],[0.316,53.125],[0.07,52.99],[0.166,52.855],[0.337,52.855]]],[[[34.087,35.001],[33.695,34.937],[33.523,34.744],[33.132,34.679],[33.044,34.551],[32.367,34.744],[32.229,34.937],[32.246,35.13],[32.555,35.13],[32.875,35.258],[32.887,35.387],[33.737,35.387],[34.31,35.709],[34.387,35.709],[34.542,35.709],[34.529,35.58],[33.957,35.258],[34.087,35.001]]],[[[24.15,35.387],[24.301,35.323],[25.692,35.323],[25.681,35.13],[26.225,35.194],[26.14,35.065],[24.824,35.001],[24.757,35.194],[24.526,35.194],[24.448,35.194],[23.679,35.258],[23.615,35.516],[24.157,35.516],[24.15,35.387]]],[[[27.693,36.288],[28.017,36.482],[28.095,36.482],[28.25,36.482],[28.139,36.031],[27.743,35.902],[27.693,36.288]]],[[[22.887,36.417],[22.965,36.417],[23.117,36.353],[23.107,36.16],[22.874,36.16],[22.887,36.417]]],[[[27.117,36.933],[27.185,36.804],[26.865,36.675],[27.039,36.933],[27.117,36.933]]],[[[25.339,37.126],[25.417,37.126],[25.573,37.126],[25.564,36.997],[25.331,36.997],[25.339,37.126]]],[[[24.361,37.706],[24.432,37.577],[24.272,37.513],[24.201,37.642],[24.283,37.706],[24.361,37.706]]],[[[25.064,37.706],[25.22,37.706],[25.286,37.513],[25.052,37.513],[24.986,37.706],[25.064,37.706]]],[[[26.08,37.706],[26.158,37.706],[26.314,37.706],[26.305,37.577],[25.988,37.513],[26.08,37.706]]],[[[20.621,37.9],[20.699,37.9],[20.934,37.9],[20.922,37.642],[20.613,37.706],[20.621,37.9]]],[[[24.694,38.029],[24.772,38.029],[25.068,37.771],[24.83,37.706],[24.682,37.835],[24.694,38.029]]],[[[20.328,38.351],[20.488,38.416],[20.566,38.416],[20.795,38.287],[20.786,38.093],[20.32,38.158],[20.328,38.351]]],[[[25.899,38.481],[25.821,38.481],[25.913,38.674],[25.991,38.674],[26.217,38.545],[26.111,38.158],[25.876,38.158],[25.899,38.481]]],[[[23.567,38.803],[23.563,38.739],[23.485,38.739],[23.489,38.803],[23.567,38.803]]],[[[24.365,38.997],[24.444,38.997],[24.675,38.933],[24.662,38.739],[24.357,38.868],[24.365,38.997]]],[[[26.103,39.126],[25.793,39.191],[26.044,39.385],[26.123,39.385],[26.511,39.32],[26.644,38.997],[26.246,38.933],[26.094,38.997],[26.103,39.126]]],[[[25.146,40.032],[25.462,40.032],[25.447,39.838],[24.974,39.838],[25.067,40.032],[25.146,40.032]]]]}},{"type":"Feature","id":"cliopatria-da2fc74a73890d4beb4c2f1c","properties":{"NAME":"Southern Xiongnu","ABBREVN":null,"CONTROL":null,"SUBJECTO":"Southern Xiongnu","PARTOF":null,"BORDERPRECISION":1,"FromYear":51,"ToYear":59,"Area":187257.03190025018,"Type":"POLITY","Wikipedia":"Xiongnu","Wikidata":"Q188836","SeshatID":"","Components":"","MemberOf":"","sourceFeatureId":"cliopatria-da2fc74a73890d4beb4c2f1c","datasetId":"cliopatria"},"geometry":{"type":"MultiPolygon","coordinates":[[[[110.688,41.263],[113.593,41.198],[113.557,41.133],[114.034,41.133],[113.998,41.068],[114.236,41.068],[114.201,41.003],[114.633,41.068],[114.685,40.874],[114.764,40.874],[114.772,40.744],[114.974,40.679],[114.561,40.355],[113.488,40.42],[112.787,40.291],[112.821,40.355],[111.872,40.355],[111.906,40.42],[110.56,40.42],[109.736,40.355],[108.387,40.032],[108.054,39.838],[107.678,39.385],[107.442,39.385],[107.329,39.644],[107.062,39.579],[106.09,38.674],[104.963,38.61],[104.991,38.674],[104.393,38.739],[104.293,38.868],[103.608,38.739],[103.939,39.126],[104.698,39.579],[104.57,39.644],[104.583,39.838],[104.267,39.838],[103.407,39.514],[103.631,40.161],[104.024,40.809],[104.746,41.457],[105.425,41.847],[106.863,42.301],[107.813,42.431],[109.333,42.431],[109.966,42.561],[109.929,42.496],[109.536,41.782],[109.759,41.457],[109.997,41.457],[109.963,41.392],[110.122,41.392],[110.211,41.263],[110.609,41.263],[110.688,41.263]]]]}},{"type":"Feature","id":"cliopatria-ca5699072d2cd9438a8420b1","properties":{"NAME":"Xiongnu","ABBREVN":null,"CONTROL":null,"SUBJECTO":"Xiongnu","PARTOF":null,"BORDERPRECISION":1,"FromYear":51,"ToYear":59,"Area":2215599.637934735,"Type":"POLITY","Wikipedia":"Xiongnu","Wikidata":"Q188836","SeshatID":"mn_hunnu_late","Components":"","MemberOf":"","sourceFeatureId":"cliopatria-ca5699072d2cd9438a8420b1","datasetId":"cliopatria"},"geometry":{"type":"MultiPolygon","coordinates":[[[[101.112,51.58],[101.875,51.58],[101.829,51.513],[102.123,51.447],[102.077,51.38],[102.201,51.313],[102.11,51.179],[102.353,50.912],[102.263,50.779],[102.348,50.779],[102.383,50.579],[102.76,50.512],[102.716,50.446],[102.884,50.446],[102.84,50.379],[103.177,50.379],[103.133,50.313],[103.301,50.313],[103.257,50.246],[104.181,50.246],[105.032,50.512],[106.417,50.446],[106.372,50.379],[106.792,50.379],[106.746,50.313],[107.282,50.113],[107.236,50.046],[107.823,50.046],[107.817,49.914],[107.984,49.914],[108.055,49.648],[108.345,49.582],[108.34,49.449],[108.713,49.383],[108.493,49.051],[108.699,48.985],[108.695,48.853],[108.858,48.72],[108.772,48.588],[108.895,48.522],[108.81,48.39],[108.893,48.39],[108.808,48.258],[108.89,48.258],[108.598,47.928],[108.432,47.532],[108.638,47.466],[108.681,47.269],[108.845,47.269],[109.012,47.006],[108.931,46.874],[109.095,46.874],[109.22,46.677],[109.467,46.677],[109.304,46.546],[109.388,46.415],[109.552,46.415],[109.846,45.955],[109.767,45.824],[110.186,45.3],[110.107,45.17],[110.699,44.255],[110.623,44.124],[110.703,44.124],[110.627,43.994],[110.712,43.863],[110.002,42.626],[109.966,42.561],[109.333,42.431],[107.813,42.431],[106.863,42.301],[105.425,41.847],[104.746,41.457],[104.024,40.809],[103.631,40.161],[103.407,39.514],[103.132,39.256],[102.173,38.868],[101.63,39.062],[101.559,39.256],[101.165,39.256],[101.194,39.32],[101.181,39.644],[100.737,39.708],[100.381,39.967],[100.144,39.967],[100.173,40.032],[99.384,40.032],[99.284,40.161],[98.918,40.226],[98.948,40.291],[98.503,40.355],[98.274,40.55],[98.037,40.55],[97.63,40.874],[96.897,41.003],[96.926,41.068],[95.23,41.003],[93.687,40.744],[93.715,40.809],[93.268,40.874],[93.296,40.938],[92.321,41.068],[92.349,41.133],[91.27,41.392],[90.775,41.717],[90.536,41.717],[90.434,41.847],[90.195,41.847],[90.223,41.911],[89.613,41.976],[89.642,42.041],[88.82,42.171],[88.848,42.236],[88.077,42.301],[88.105,42.366],[85.764,42.691],[85.792,42.756],[84.108,42.756],[82.056,42.236],[80.963,42.301],[80.534,42.431],[80.188,42.366],[80.214,42.431],[80.287,42.821],[80.473,42.886],[80.471,43.082],[80.632,43.082],[80.791,43.277],[80.683,43.407],[80.735,43.538],[80.357,43.994],[80.383,44.451],[80.302,44.451],[80.41,44.712],[79.978,44.843],[80.005,44.908],[79.518,44.908],[79.545,44.973],[78.569,45.17],[78.35,45.431],[77.996,45.562],[78.022,45.824],[77.831,45.955],[77.802,46.283],[77.883,46.283],[78.975,46.349],[79.086,46.612],[79.801,46.94],[85.324,48.192],[85.786,48.456],[86.399,48.522],[86.549,48.654],[86.848,48.588],[86.914,48.72],[87.667,49.051],[87.652,49.184],[87.819,49.184],[88.244,49.515],[88.746,49.515],[89.606,49.714],[89.512,49.847],[89.585,49.98],[89.837,49.98],[90.116,50.179],[90.78,50.313],[91.063,50.512],[91.315,50.512],[91.892,50.779],[92.771,50.979],[93.272,51.246],[94.708,51.647],[98.585,52.116],[98.932,52.25],[98.886,52.183],[99.267,52.116],[99.221,52.049],[99.391,52.049],[99.346,51.982],[99.686,51.982],[99.641,51.915],[100.105,51.848],[100.06,51.781],[100.739,51.781],[100.694,51.714],[100.948,51.714],[100.903,51.647],[101.073,51.647],[101.027,51.58],[101.112,51.58]]],[[[77.802,46.283],[77.72,46.283],[77.747,46.349],[77.829,46.349],[77.802,46.283]]],[[[109.386,46.546],[109.426,46.612],[109.508,46.612],[109.468,46.546],[109.386,46.546]]]]}},{"type":"Feature","id":"cliopatria-dd542e739264c39014b93b01","properties":{"NAME":"(Alliance between Han Dynasty and Xiongnu)","ABBREVN":null,"CONTROL":null,"SUBJECTO":"(Alliance between Han Dynasty and Xiongnu)","PARTOF":null,"BORDERPRECISION":1,"FromYear":51,"ToYear":59,"Area":5922042.951039509,"Type":"RELATION","Wikipedia":"Han dynasty","Wikidata":"Q1068371","SeshatID":"cn_eastern_han_dyn;mn_hunnu_late","Components":"Han Dynasty;Xiongnu","MemberOf":"","sourceFeatureId":"cliopatria-dd542e739264c39014b93b01","datasetId":"cliopatria"},"geometry":{"type":"MultiPolygon","coordinates":[[[[109.862,18.35],[109.841,18.222],[109.25,18.222],[109.123,18.35],[108.765,18.415],[108.638,18.543],[108.704,19.379],[109.203,19.701],[109.246,19.958],[110.157,20.086],[110.591,20.022],[110.613,20.151],[110.909,20.151],[111.087,19.893],[111.032,19.572],[110.884,19.572],[110.851,19.379],[110.681,19.251],[110.508,18.672],[110.19,18.543],[110.179,18.479],[109.862,18.35]]],[[[123.087,41.911],[123.167,41.911],[123.127,41.847],[123.405,41.782],[123.365,41.717],[123.604,41.717],[123.564,41.652],[124.042,41.522],[124.002,41.457],[124.28,41.392],[124.24,41.327],[124.479,41.327],[124.439,41.263],[124.717,41.198],[124.678,41.133],[124.995,41.133],[125.433,41.327],[126.108,41.263],[126.187,41.133],[126.742,41.003],[126.623,40.679],[126.425,40.614],[126.269,40.355],[126.432,40.096],[126.709,40.032],[126.832,39.838],[126.728,39.385],[126.964,39.385],[126.854,39.191],[127.023,38.933],[126.937,38.351],[126.348,37.835],[126.27,37.835],[125.845,37.771],[125.835,37.9],[125.678,37.9],[125.387,37.642],[125.231,37.642],[125.298,37.771],[125.209,37.9],[124.897,37.9],[125.077,38.093],[124.764,38.093],[124.866,38.287],[124.788,38.287],[124.961,38.61],[125.153,38.674],[125.189,38.739],[125.032,38.739],[125.39,39.385],[125.306,39.514],[124.87,39.579],[124.865,39.708],[124.512,39.644],[124.345,39.902],[124.034,39.773],[123.597,39.838],[122.936,39.644],[122.17,39.256],[121.952,38.997],[121.716,38.997],[121.422,38.739],[121.029,38.739],[121.201,39.062],[121.515,39.062],[121.69,39.385],[121.297,39.385],[121.21,39.514],[121.281,39.644],[121.438,39.644],[121.503,39.902],[121.776,39.967],[122.231,40.485],[122.106,40.679],[121.827,40.744],[121.824,40.874],[121.11,40.874],[120.997,40.679],[120.647,40.485],[120.5,40.226],[119.38,39.773],[119.215,39.32],[118.989,39.191],[118.45,39.062],[118.057,39.062],[118.046,39.191],[117.776,39.126],[117.576,38.739],[117.655,38.739],[117.602,38.481],[117.759,38.481],[117.773,38.351],[118.054,38.287],[118.067,38.158],[118.583,38.093],[118.648,38.222],[118.804,38.222],[118.772,38.158],[119.457,37.964],[119.393,37.835],[119.237,37.835],[118.984,37.319],[119.14,37.319],[119.156,37.19],[119.701,37.19],[119.827,37.448],[120.202,37.577],[120.188,37.706],[120.754,37.9],[121.112,37.835],[121.171,37.642],[121.483,37.642],[121.497,37.513],[122.154,37.577],[122.121,37.513],[122.713,37.448],[122.474,37.126],[122.566,36.997],[122.394,36.804],[121.912,36.933],[121.212,36.61],[120.979,36.61],[120.965,36.417],[120.732,36.417],[120.659,36.095],[120.318,36.031],[119.986,35.645],[119.619,35.516],[119.228,34.808],[119.459,34.808],[119.431,34.744],[119.711,34.679],[119.732,34.551],[120.342,34.358],[120.489,34.165],[120.55,33.586],[120.926,33.2],[120.919,32.622],[121.403,32.493],[121.503,32.172],[121.961,31.979],[121.937,31.722],[121.836,31.658],[121.301,31.85],[120.919,31.85],[121.454,31.658],[121.481,31.529],[121.634,31.529],[121.584,31.4],[121.737,31.4],[121.995,31.079],[121.899,30.822],[121.519,30.822],[121.197,30.565],[121.045,30.565],[120.68,30.179],[120.809,30.115],[121.105,30.308],[121.484,30.308],[121.62,30.051],[122.03,29.922],[121.865,29.665],[122.016,29.665],[121.938,29.215],[121.712,29.215],[121.745,29.537],[121.571,29.472],[121.647,29.472],[121.539,29.151],[121.744,29.087],[121.714,28.765],[121.522,28.637],[121.652,28.572],[121.646,28.315],[121.153,28.187],[121.193,28.315],[121.118,28.315],[121.038,28.058],[120.868,27.994],[120.715,27.737],[120.657,27.544],[120.733,27.544],[120.545,27.158],[120.395,27.158],[120.247,26.901],[120.096,26.901],[120.061,26.772],[120.211,26.772],[120.158,26.579],[119.84,26.515],[119.938,26.322],[119.587,26.129],[119.778,26.001],[119.53,25.615],[119.904,25.615],[119.872,25.486],[119.466,25.358],[119.423,25.486],[119.273,25.486],[119.391,25.358],[119.344,25.165],[119.029,25.101],[119.074,24.972],[118.819,24.844],[118.76,24.586],[118.147,24.522],[118.076,24.201],[117.721,23.943],[117.694,23.815],[117.47,23.815],[117.179,23.493],[116.894,23.558],[116.78,23.365],[116.815,23.172],[116.591,23.172],[116.54,22.915],[115.696,22.786],[115.671,22.658],[115.373,22.658],[115.174,22.786],[114.902,22.529],[114.753,22.529],[114.641,22.722],[114.531,22.143],[114.37,22.079],[113.999,22.079],[113.996,22.465],[113.785,22.529],[113.747,22.722],[113.599,22.722],[113.699,22.465],[113.639,22.143],[113.416,22.143],[113.318,22.015],[113.106,22.079],[113.071,21.886],[112.774,21.886],[112.441,21.693],[111.859,21.758],[111.664,21.501],[110.984,21.436],[110.739,21.308],[110.716,21.179],[110.419,21.179],[110.483,21.115],[110.364,20.858],[110.616,20.601],[110.487,20.279],[109.883,20.215],[109.927,20.472],[109.789,20.536],[109.77,20.858],[109.696,20.858],[109.87,21.436],[109.807,21.501],[109.116,21.372],[109.086,21.629],[108.652,21.693],[108.555,21.565],[107.79,21.436],[107.417,20.986],[106.961,20.922],[106.834,20.601],[106.685,20.601],[106.537,20.151],[105.965,19.829],[105.734,18.865],[106.051,18.543],[106.031,18.415],[106.178,18.415],[106.295,18.222],[106.57,18.093],[106.571,17.643],[106.772,17.515],[106.752,17.386],[107.026,17.258],[106.765,17],[106.534,16.936],[105.144,18.415],[105.185,18.672],[105.037,18.672],[105.142,18.865],[105.015,18.993],[105.014,19.443],[104.94,19.443],[104.992,19.765],[104.865,19.893],[104.981,20.151],[104.44,20.472],[104.619,20.665],[104.905,20.601],[104.873,20.858],[105.096,20.858],[104.851,21.179],[104.979,21.501],[104.926,21.629],[105.096,21.758],[105.128,21.951],[104.874,22.208],[105.249,22.658],[105.175,22.658],[105.22,22.915],[105.117,23.172],[104.956,23.108],[104.905,23.236],[103.426,23.301],[102.852,23.429],[102.474,23.815],[102.325,23.815],[102.086,24.136],[101.811,24.265],[101.462,25.165],[101.398,25.936],[101.196,26.387],[101.09,27.544],[101.014,27.544],[101.05,27.994],[100.915,28.058],[101.039,28.251],[100.964,28.251],[101.03,28.508],[100.955,28.508],[101.022,28.765],[100.881,29.087],[100.951,29.344],[100.875,29.344],[100.964,29.665],[100.889,29.665],[100.961,29.922],[100.885,29.922],[100.978,30.244],[100.902,30.244],[101.015,30.629],[100.939,30.629],[101.055,31.015],[100.979,31.015],[101.687,32.75],[102.552,33.264],[103.034,33.329],[103.332,33.522],[103.493,33.972],[103.355,34.229],[103.527,34.486],[103.45,34.486],[103.735,35.451],[103.63,35.58],[103.649,36.224],[103.467,36.353],[103.518,36.482],[103.389,36.546],[103.44,36.675],[103.311,36.739],[103.363,36.868],[103.208,37.062],[102.871,37.19],[102.611,37.126],[102.586,37.255],[102.171,37.384],[102.172,37.577],[102.043,37.642],[102.096,37.771],[101.833,37.513],[101.626,37.577],[101.601,37.706],[101.315,37.771],[101.29,37.9],[100.796,38.029],[100.799,38.222],[100.642,38.222],[100.386,38.545],[100.687,39.062],[101.137,39.191],[101.165,39.256],[101.194,39.32],[101.181,39.644],[100.737,39.708],[100.381,39.967],[100.144,39.967],[100.173,40.032],[99.384,40.032],[99.284,40.161],[98.918,40.226],[98.948,40.291],[98.503,40.355],[98.274,40.55],[98.037,40.55],[97.63,40.874],[96.897,41.003],[96.926,41.068],[95.23,41.003],[93.687,40.744],[93.715,40.809],[93.268,40.874],[93.296,40.938],[92.321,41.068],[92.349,41.133],[91.27,41.392],[90.775,41.717],[90.536,41.717],[90.434,41.847],[90.195,41.847],[90.223,41.911],[89.613,41.976],[89.642,42.041],[88.82,42.171],[88.848,42.236],[88.077,42.301],[88.105,42.366],[85.764,42.691],[85.792,42.756],[84.108,42.756],[82.056,42.236],[80.963,42.301],[80.534,42.431],[80.188,42.366],[80.163,42.301],[80.083,42.301],[80.108,42.366],[80.134,42.431],[80.214,42.431],[80.287,42.821],[80.473,42.886],[80.471,43.082],[80.632,43.082],[80.791,43.277],[80.683,43.407],[80.735,43.538],[80.357,43.994],[80.383,44.451],[80.302,44.451],[80.41,44.712],[79.978,44.843],[80.005,44.908],[79.518,44.908],[79.545,44.973],[78.569,45.17],[78.35,45.431],[77.996,45.562],[78.022,45.824],[77.831,45.955],[77.802,46.283],[77.883,46.283],[78.975,46.349],[79.086,46.612],[79.801,46.94],[85.324,48.192],[85.786,48.456],[86.399,48.522],[86.549,48.654],[86.848,48.588],[86.914,48.72],[87.667,49.051],[87.652,49.184],[87.819,49.184],[88.244,49.515],[88.746,49.515],[89.606,49.714],[89.512,49.847],[89.585,49.98],[89.837,49.98],[90.116,50.179],[90.78,50.313],[91.063,50.512],[91.315,50.512],[91.892,50.779],[92.771,50.979],[93.272,51.246],[94.708,51.647],[98.585,52.116],[98.932,52.25],[98.886,52.183],[99.267,52.116],[99.221,52.049],[99.391,52.049],[99.346,51.982],[99.686,51.982],[99.641,51.915],[100.105,51.848],[100.06,51.781],[100.739,51.781],[100.694,51.714],[100.948,51.714],[100.903,51.647],[101.073,51.647],[101.027,51.58],[101.112,51.58],[101.875,51.58],[101.829,51.513],[102.123,51.447],[102.077,51.38],[102.201,51.313],[102.11,51.179],[102.353,50.912],[102.263,50.779],[102.348,50.779],[102.383,50.579],[102.76,50.512],[102.716,50.446],[102.884,50.446],[102.84,50.379],[103.177,50.379],[103.133,50.313],[103.301,50.313],[103.257,50.246],[104.181,50.246],[105.032,50.512],[106.417,50.446],[106.372,50.379],[106.792,50.379],[106.746,50.313],[107.282,50.113],[107.236,50.046],[107.823,50.046],[107.817,49.914],[107.984,49.914],[108.055,49.648],[108.345,49.582],[108.34,49.449],[108.713,49.383],[108.493,49.051],[108.699,48.985],[108.695,48.853],[108.858,48.72],[108.772,48.588],[108.895,48.522],[108.81,48.39],[108.893,48.39],[108.808,48.258],[108.89,48.258],[108.598,47.928],[108.432,47.532],[108.638,47.466],[108.681,47.269],[108.845,47.269],[109.012,47.006],[108.931,46.874],[109.095,46.874],[109.22,46.677],[109.467,46.677],[109.304,46.546],[109.388,46.415],[109.552,46.415],[109.846,45.955],[109.767,45.824],[110.186,45.3],[110.107,45.17],[110.699,44.255],[110.623,44.124],[110.703,44.124],[110.627,43.994],[110.712,43.863],[110.002,42.626],[109.966,42.561],[109.333,42.431],[107.813,42.431],[106.863,42.301],[105.425,41.847],[104.746,41.457],[104.024,40.809],[103.631,40.161],[103.407,39.514],[104.267,39.838],[104.583,39.838],[104.57,39.644],[104.698,39.579],[103.939,39.126],[103.608,38.739],[104.293,38.868],[104.393,38.739],[104.991,38.674],[104.963,38.61],[106.09,38.674],[107.062,39.579],[107.329,39.644],[107.442,39.385],[107.678,39.385],[108.054,39.838],[108.387,40.032],[109.736,40.355],[110.56,40.42],[111.906,40.42],[111.872,40.355],[112.821,40.355],[112.787,40.291],[113.488,40.42],[114.561,40.355],[114.974,40.679],[114.772,40.744],[114.764,40.874],[114.843,40.874],[115.992,41.782],[117.299,42.106],[117.456,42.236],[117.776,42.236],[117.74,42.041],[117.861,41.976],[117.746,41.782],[117.871,41.587],[118.428,41.587],[118.39,41.522],[118.909,41.457],[118.871,41.392],[118.951,41.392],[121.021,41.263],[123.087,41.911]]],[[[122.28,29.987],[121.977,29.987],[122.022,30.115],[122.045,30.179],[122.273,30.179],[122.28,29.987]]],[[[77.72,46.283],[77.747,46.349],[77.829,46.349],[77.802,46.283],[77.72,46.283]]],[[[109.426,46.612],[109.508,46.612],[109.468,46.546],[109.386,46.546],[109.426,46.612]]]]}},{"type":"Feature","id":"cliopatria-6e9426669c435d1873ec5cff","properties":{"NAME":"Indo-Parthians","ABBREVN":null,"CONTROL":null,"SUBJECTO":"Indo-Parthians","PARTOF":null,"BORDERPRECISION":1,"FromYear":51,"ToYear":83,"Area":483771.4571804883,"Type":"POLITY","Wikipedia":"Indo-Parthian Kingdom","Wikidata":"Q1255614","SeshatID":"pk_indo_parthian_k","Components":"","MemberOf":"","sourceFeatureId":"cliopatria-6e9426669c435d1873ec5cff","datasetId":"cliopatria"},"geometry":{"type":"MultiPolygon","coordinates":[[[[70.579,25.294],[70.57,24.651],[70.605,24.329],[70.448,24.265],[70.424,24.072],[70.065,23.558],[69.5,23.172],[69.039,23.043],[69.025,22.915],[68.95,22.915],[68.606,23.172],[68.552,23.365],[68.336,23.429],[68.35,23.558],[68.127,23.558],[68.155,23.815],[67.633,23.815],[67.491,23.879],[67.438,24.072],[67.289,24.072],[67.326,24.393],[67.148,24.779],[66.632,24.844],[66.64,24.908],[67.112,25.101],[67.502,25.808],[67.197,26.322],[67.175,27.222],[67.062,27.479],[67.121,27.865],[67.046,27.865],[67.041,28.315],[66.965,28.315],[67.007,28.572],[66.931,28.572],[67.135,29.344],[66.995,29.408],[66.888,29.665],[66.434,29.665],[66.077,29.794],[66.316,29.858],[66.418,30.436],[66.343,30.436],[66.525,31.015],[66.954,31.272],[67.067,31.85],[67.656,32.493],[67.71,32.75],[68.356,33.264],[69.06,33.329],[69.482,33.843],[69.881,33.907],[69.988,34.036],[70.727,33.907],[71.095,34.165],[71.479,34.165],[71.556,34.165],[72.588,34.293],[72.85,34.422],[73.389,34.422],[73.355,33.972],[73.524,33.715],[73.524,33.072],[73.6,33.072],[73.585,33.007],[73.161,32.493],[72.993,32.429],[72.441,31.658],[72.377,30.244],[72.453,30.244],[72.328,29.601],[72.029,29.215],[71.169,28.637],[71.018,28.637],[70.639,28.187],[70.22,27.93],[70.007,27.544],[69.561,27.094],[69.513,26.772],[69.729,26.708],[69.71,26.579],[70.179,26.194],[70.191,25.744],[70.341,25.744],[70.438,25.358],[70.579,25.294]]]]}},{"type":"Feature","id":"cliopatria-1f8aaca2b7f01bbbec556167","properties":{"NAME":"Indo-Scythians","ABBREVN":null,"CONTROL":null,"SUBJECTO":"Indo-Scythians","PARTOF":null,"BORDERPRECISION":1,"FromYear":51,"ToYear":90,"Area":452692.44499646436,"Type":"POLITY","Wikipedia":"Indo-Scythians","Wikidata":"Q240123","SeshatID":"","Components":"","MemberOf":"","sourceFeatureId":"cliopatria-1f8aaca2b7f01bbbec556167","datasetId":"cliopatria"},"geometry":{"type":"MultiPolygon","coordinates":[[[[76.127,32.75],[76.081,32.557],[76.54,32.236],[76.479,31.979],[76.162,31.593],[75.334,30.951],[74.443,30.694],[73.835,30.694],[73.808,30.565],[74.373,29.987],[74.309,29.665],[74.46,29.665],[74.763,29.279],[75.054,29.215],[75.092,29.022],[75.66,28.83],[75.699,28.637],[76.266,28.444],[76.318,28.315],[76.746,28.187],[76.798,28.058],[77.389,27.994],[77.441,27.865],[77.996,27.608],[78.176,27.351],[78.247,26.901],[78.236,26.837],[77.786,26.837],[77.689,26.708],[77.238,26.708],[77.11,26.837],[75.972,26.772],[73.179,26.194],[71.905,25.679],[71.235,25.165],[71.086,25.165],[70.57,24.651],[70.579,25.294],[70.438,25.358],[70.341,25.744],[70.191,25.744],[70.179,26.194],[69.71,26.579],[69.729,26.708],[69.513,26.772],[69.561,27.094],[70.007,27.544],[70.22,27.93],[70.639,28.187],[71.018,28.637],[71.169,28.637],[72.029,29.215],[72.328,29.601],[72.453,30.244],[72.377,30.244],[72.441,31.658],[72.993,32.429],[73.161,32.493],[73.585,33.007],[73.662,33.007],[73.984,33.072],[74.183,32.943],[74.351,33.007],[75.469,32.879],[75.882,32.686],[76.051,32.75],[76.127,32.75]]],[[[66.102,31.593],[66.483,31.593],[66.449,31.015],[66.525,31.015],[66.343,30.436],[66.418,30.436],[66.316,29.858],[66.077,29.794],[65.125,29.537],[64.53,29.601],[64.12,29.408],[62.304,29.408],[61.001,29.794],[60.956,29.987],[61.387,30.308],[61.875,30.951],[61.942,31.336],[62.421,31.465],[62.82,31.979],[63.161,32.172],[63.185,32.3],[63.426,32.365],[63.555,32.236],[64.383,32.172],[65.682,31.786],[65.758,31.786],[66.102,31.593]]],[[[74.198,33.007],[74.213,33.072],[74.29,33.072],[74.275,33.007],[74.198,33.007]]]]}},{"type":"Feature","id":"cliopatria-250bcf0babc6f50f4b1006e9","properties":{"NAME":"Kushan Empire","ABBREVN":null,"CONTROL":null,"SUBJECTO":"Kushan Empire","PARTOF":null,"BORDERPRECISION":1,"FromYear":51,"ToYear":90,"Area":638996.4164184526,"Type":"POLITY","Wikipedia":"Kushan Empire","Wikidata":"Q25979","SeshatID":"af_kushan_emp","Components":"","MemberOf":"","sourceFeatureId":"cliopatria-250bcf0babc6f50f4b1006e9","datasetId":"cliopatria"},"geometry":{"type":"MultiPolygon","coordinates":[[[[71.978,41.263],[72.137,41.263],[72.232,41.068],[72.47,41.068],[72.723,40.874],[73.041,40.874],[73.135,40.679],[73.294,40.679],[73.331,40.55],[73.489,40.55],[73.526,40.42],[73.8,40.291],[73.573,39.579],[73.395,39.514],[73.69,39.45],[73.63,39.256],[73.748,39.126],[73.494,38.545],[72.663,37.835],[72.398,37.448],[71.825,37.062],[71.661,36.739],[71.249,36.353],[71.244,36.031],[71.672,35.58],[71.605,35.001],[71.943,34.808],[71.495,34.229],[71.479,34.165],[71.095,34.165],[70.727,33.907],[69.988,34.036],[69.881,33.907],[69.482,33.843],[69.06,33.329],[68.356,33.264],[67.71,32.75],[67.656,32.493],[67.067,31.85],[66.954,31.272],[66.525,31.015],[66.449,31.015],[66.483,31.593],[66.102,31.593],[65.758,31.786],[65.682,31.786],[64.383,32.172],[63.555,32.236],[63.426,32.365],[63.873,33.843],[64.324,34.165],[64.574,34.615],[65.092,34.872],[64.854,35.194],[64.829,35.773],[64.751,35.773],[65.155,38.739],[65.077,38.739],[65.144,38.997],[65.065,38.997],[65.282,39.514],[65.203,39.514],[65.291,39.838],[65.564,39.967],[65.883,40.809],[65.962,40.809],[66.653,41.263],[66.891,41.263],[67.547,41.587],[68.025,41.587],[68.223,41.457],[68.978,41.327],[69.58,41.717],[70.016,41.587],[71.63,41.652],[71.841,41.327],[72,41.327],[71.978,41.263]]]]}},{"type":"Feature","id":"cliopatria-aafbd7baf994ce3c8d9cb0d9","properties":{"NAME":"Parthian Empire","ABBREVN":null,"CONTROL":null,"SUBJECTO":"Parthian Empire","PARTOF":null,"BORDERPRECISION":1,"FromYear":51,"ToYear":113,"Area":2702644.812968237,"Type":"POLITY","Wikipedia":"Parthian Empire","Wikidata":"Q1986139","SeshatID":"iq_parthian_emp_2","Components":"","MemberOf":"","sourceFeatureId":"cliopatria-aafbd7baf994ce3c8d9cb0d9","datasetId":"cliopatria"},"geometry":{"type":"MultiPolygon","coordinates":[[[[51.138,25.486],[51.212,25.486],[51.207,25.422],[51.132,25.422],[51.138,25.486]]],[[[50.43,25.936],[50.46,26.258],[50.685,26.258],[50.673,26.129],[50.667,26.065],[50.649,25.872],[50.43,25.936]]],[[[57.351,40.291],[58.332,40.42],[58.537,40.291],[58.854,40.291],[58.98,40.161],[59.77,40.161],[59.768,39.838],[60.084,39.838],[60.052,39.708],[60.683,39.708],[60.713,39.514],[60.949,39.514],[62.502,40.032],[62.879,39.967],[64.02,40.096],[64.389,40.291],[65.235,40.485],[65.272,40.614],[65.351,40.614],[65.37,40.679],[65.449,40.679],[65.43,40.614],[65.589,40.614],[65.804,40.809],[65.883,40.809],[65.564,39.967],[65.291,39.838],[65.203,39.514],[65.282,39.514],[65.065,38.997],[65.144,38.997],[65.077,38.739],[65.155,38.739],[64.751,35.773],[64.829,35.773],[64.854,35.194],[65.092,34.872],[64.574,34.615],[64.324,34.165],[63.873,33.843],[63.426,32.365],[63.185,32.3],[63.161,32.172],[62.82,31.979],[62.421,31.465],[61.942,31.336],[61.875,30.951],[61.387,30.308],[60.956,29.987],[61.001,29.794],[62.304,29.408],[64.12,29.408],[64.53,29.601],[65.125,29.537],[66.077,29.794],[66.434,29.665],[66.888,29.665],[66.995,29.408],[67.135,29.344],[66.931,28.572],[67.007,28.572],[66.965,28.315],[67.041,28.315],[67.046,27.865],[67.121,27.865],[67.062,27.479],[67.175,27.222],[67.197,26.322],[67.502,25.808],[67.112,25.101],[66.64,24.908],[66.648,24.972],[66.62,25.358],[66.345,25.551],[66.021,25.358],[64.816,25.294],[64.801,25.165],[64.285,25.229],[64.225,25.358],[63.626,25.358],[63.536,25.229],[62.563,25.229],[62.474,25.101],[62.182,25.165],[62.018,25.036],[61.719,25.036],[61.658,25.165],[61.127,25.101],[60.917,25.229],[60.618,25.229],[60.632,25.358],[59.06,25.358],[58.782,25.551],[57.958,25.551],[57.74,25.615],[57.679,25.744],[57.38,25.744],[57.176,25.936],[57.052,26.837],[56.715,27.158],[56.188,27.158],[56.098,27.029],[56.324,27.029],[56.309,26.901],[56.061,26.708],[55.603,26.644],[55.439,26.515],[55.289,26.515],[55.31,26.708],[55.543,26.772],[55.242,26.772],[54.832,26.451],[54.463,26.515],[54.259,26.708],[53.658,26.708],[53.461,26.965],[52.737,27.222],[52.479,27.608],[52.049,27.801],[51.597,27.801],[51.317,27.994],[51.331,28.122],[51.066,28.444],[51.028,28.765],[50.809,28.83],[50.915,29.087],[50.62,29.151],[50.651,29.408],[50.236,29.729],[50.065,30.179],[49.586,29.987],[48.943,30.308],[48.987,30.051],[48.365,29.922],[48.404,29.601],[47.866,29.537],[47.852,29.408],[48.079,29.408],[48.215,29.279],[48.194,29.087],[48.46,28.765],[48.563,28.315],[48.974,27.93],[48.872,27.672],[49.242,27.608],[49.36,27.287],[50.135,26.772],[50.116,26.579],[50.254,26.451],[50.223,26.129],[50.067,26.065],[50.211,26.001],[50.325,25.615],[50.608,25.422],[50.654,25.101],[50.729,25.101],[50.769,25.551],[50.925,25.615],[50.955,25.936],[51.123,26.129],[51.423,26.129],[51.698,25.872],[51.575,25.358],[51.719,25.294],[51.69,24.972],[51.524,24.779],[51.411,24.329],[51.854,24.265],[51.907,24.008],[52.28,24.008],[52.6,24.265],[53.112,24.136],[54.083,24.136],[54.099,24.329],[54.318,24.265],[54.559,24.458],[54.744,24.844],[55.143,25.101],[55.412,25.551],[55.97,25.872],[56.168,26.322],[56.475,26.387],[56.543,26.322],[56.385,25.551],[56.46,25.551],[56.421,25.165],[56.496,25.165],[56.402,24.972],[56.545,24.908],[56.788,24.329],[57.493,23.879],[58.812,23.622],[59.08,23.301],[59.068,23.172],[59.28,23.043],[59.268,22.915],[58.896,22.915],[58.908,23.043],[58.61,23.043],[58.335,23.301],[57.962,23.301],[57.974,23.429],[57.83,23.493],[56.809,23.751],[56.821,23.879],[56.54,24.072],[56.489,24.329],[56.271,24.393],[56.29,24.586],[56.09,24.844],[55.859,24.779],[55.841,24.586],[55.623,24.651],[54.812,23.943],[54.273,23.751],[51.881,23.686],[51.822,23.879],[51.166,24.072],[51.102,24.201],[51.203,24.522],[51.133,24.586],[51.294,24.715],[51.327,25.101],[51.402,25.101],[51.27,25.294],[51.35,25.358],[51.323,25.872],[51.173,25.872],[51.23,25.679],[50.982,25.422],[50.965,25.229],[51.12,25.294],[50.92,24.715],[50.616,24.651],[50.344,24.972],[50.032,25.679],[49.674,25.872],[49.878,26.451],[49.252,26.965],[49.265,27.094],[49.059,27.287],[48.552,27.479],[48.467,28.122],[48.247,28.187],[48.206,28.508],[48.055,28.508],[48.144,28.637],[48,28.701],[48.014,28.83],[47.809,29.022],[47.651,28.958],[47.672,29.151],[47.535,29.279],[47.654,29.665],[47.29,29.794],[46.979,29.729],[46.994,29.858],[46.85,29.922],[46.615,29.858],[46.591,30.308],[45.77,30.436],[44.955,31.272],[44.581,31.336],[44.459,31.593],[43.153,32.814],[42.709,32.943],[42.364,33.264],[42.065,33.329],[41.788,33.586],[41.489,33.65],[41.212,33.907],[40.627,34.165],[40.55,34.165],[40.479,34.872],[40.263,35.001],[40.278,35.13],[40.062,35.258],[39.938,35.516],[39.497,35.709],[39.753,35.902],[40.809,36.288],[41.283,36.353],[41.541,36.546],[41.671,36.353],[41.982,36.353],[42.629,36.546],[42.623,37.062],[42.765,37.513],[42.774,37.577],[42.852,37.577],[42.861,37.642],[42.871,37.706],[42.88,37.771],[43.886,37.706],[43.945,37.577],[44.637,37.513],[44.774,37.384],[44.803,37.062],[45.251,36.933],[45.446,37.19],[45.29,37.19],[45.252,37.448],[45.174,37.448],[45.224,37.771],[45.635,37.9],[45.854,38.287],[46.121,38.481],[47.252,38.674],[48.326,38.093],[48.795,38.093],[48.874,38.093],[48.829,37.835],[49.085,37.513],[49.854,37.448],[50.321,36.997],[50.566,37.062],[50.632,36.997],[50.532,36.868],[51.265,36.61],[52.186,36.546],[53.088,36.804],[54.033,36.868],[54.095,37.19],[53.91,37.448],[53.908,37.835],[53.83,37.835],[53.987,38.997],[53.518,39.385],[53.138,39.45],[53.545,39.514],[53.498,40.032],[52.723,40.096],[52.714,40.42],[52.793,40.42],[52.893,40.874],[52.972,40.874],[52.943,40.744],[53.34,40.744],[53.448,40.874],[53.404,40.679],[54.544,40.809],[56.655,40.355],[56.987,40.42],[56.956,40.291],[57.035,40.291],[57.241,40.161],[57.351,40.291]]]]}},{"type":"Feature","id":"cliopatria-7cc0429045c4644d75b76346","properties":{"NAME":"Funan","ABBREVN":null,"CONTROL":null,"SUBJECTO":"Funan","PARTOF":null,"BORDERPRECISION":1,"FromYear":51,"ToYear":237,"Area":245197.61788678102,"Type":"POLITY","Wikipedia":"Funan","Wikidata":"Q867782","SeshatID":"","Components":"","MemberOf":"","sourceFeatureId":"cliopatria-7cc0429045c4644d75b76346","datasetId":"cliopatria"},"geometry":{"type":"MultiPolygon","coordinates":[[[[108.354,13.079],[108.251,12.179],[108.098,12.115],[108.136,11.793],[108.496,11.729],[108.622,11.536],[109.048,11.407],[108.728,11.15],[108.582,11.15],[108.569,11.022],[108.117,10.893],[108.025,10.7],[107.336,10.379],[107.05,10.443],[107.074,10.7],[107.001,10.7],[106.983,10.507],[106.757,10.443],[106.819,10.315],[106.666,10.25],[106.807,10.186],[106.795,10.057],[106.643,9.993],[106.699,9.8],[106.553,9.8],[106.603,9.543],[106.232,9.479],[106.143,9.286],[105.62,9.157],[105.135,8.579],[104.765,8.514],[104.702,8.643],[104.858,8.772],[104.712,8.772],[104.793,9.736],[105.034,9.993],[104.531,10.09],[104.163,10.556],[104.009,9.871],[103.532,10.485],[103.49,10.7],[103.642,10.765],[103.599,11.086],[103.355,10.829],[103.063,10.829],[103.051,11.472],[102.844,11.6],[102.87,11.857],[102.604,12.115],[102.444,11.986],[102.224,11.986],[102.257,12.307],[102.111,12.307],[101.778,12.629],[101.813,12.95],[101.681,13.079],[101.866,14.043],[103.207,13.593],[105.539,13.465],[105.876,13.207],[106.242,13.207],[106.301,13.079],[108.238,13.336],[108.354,13.079]]]]}},{"type":"Feature","id":"cliopatria-b0476b853854f8bc54b5607c","properties":{"NAME":"Caucasian Albania","ABBREVN":null,"CONTROL":null,"SUBJECTO":"Caucasian Albania","PARTOF":null,"BORDERPRECISION":1,"FromYear":60,"ToYear":67,"Area":49921.05102614084,"Type":"POLITY","Wikipedia":"Caucasian Albania","Wikidata":"Q177076","SeshatID":"","Components":"","MemberOf":"","sourceFeatureId":"cliopatria-b0476b853854f8bc54b5607c","datasetId":"cliopatria"},"geometry":{"type":"MultiPolygon","coordinates":[[[[47.496,41.263],[47.986,41.327],[47.96,41.198],[48.344,41.133],[48.385,40.938],[48.2,40.809],[48.111,40.355],[48.19,40.355],[48.158,39.773],[48.146,39.708],[47.121,39.708],[47.066,39.838],[46.774,39.967],[46.458,39.967],[46.481,40.096],[46.256,40.161],[46.201,40.291],[45.591,40.42],[45.457,40.55],[45.595,40.874],[45.032,41.263],[44.953,41.263],[44.237,41.263],[44.352,41.457],[44.774,41.587],[45.075,41.911],[45.314,41.911],[45.536,42.236],[45.696,42.236],[45.683,42.171],[46.23,42.106],[46.431,41.911],[46.816,41.847],[47.35,41.327],[47.509,41.327],[47.496,41.263]]]]}},{"type":"Feature","id":"cliopatria-01c7e5a4f68a6c59450f4b1e","properties":{"NAME":"Han Dynasty","ABBREVN":null,"CONTROL":null,"SUBJECTO":"Han Dynasty","PARTOF":null,"BORDERPRECISION":1,"FromYear":60,"ToYear":67,"Area":3705166.149716404,"Type":"POLITY","Wikipedia":"Han dynasty","Wikidata":"Q1068371","SeshatID":"cn_eastern_han_dyn","Components":"","MemberOf":"","sourceFeatureId":"cliopatria-01c7e5a4f68a6c59450f4b1e","datasetId":"cliopatria"},"geometry":{"type":"MultiPolygon","coordinates":[[[[109.862,18.35],[109.841,18.222],[109.25,18.222],[109.123,18.35],[108.765,18.415],[108.638,18.543],[108.704,19.379],[109.203,19.701],[109.246,19.958],[110.157,20.086],[110.591,20.022],[110.613,20.151],[110.909,20.151],[111.087,19.893],[111.032,19.572],[110.884,19.572],[110.851,19.379],[110.681,19.251],[110.508,18.672],[110.19,18.543],[110.179,18.479],[109.862,18.35]]],[[[121.021,41.263],[123.167,41.911],[123.127,41.847],[123.405,41.782],[123.365,41.717],[123.604,41.717],[123.564,41.652],[124.042,41.522],[124.002,41.457],[124.28,41.392],[124.24,41.327],[124.479,41.327],[124.439,41.263],[124.717,41.198],[124.678,41.133],[124.995,41.133],[125.433,41.327],[126.108,41.263],[126.187,41.133],[126.742,41.003],[126.623,40.679],[126.425,40.614],[126.269,40.355],[126.432,40.096],[126.709,40.032],[126.832,39.838],[126.728,39.385],[126.964,39.385],[126.854,39.191],[127.023,38.933],[126.937,38.351],[126.348,37.835],[126.27,37.835],[125.845,37.771],[125.835,37.9],[125.678,37.9],[125.387,37.642],[125.231,37.642],[125.298,37.771],[125.209,37.9],[124.897,37.9],[125.077,38.093],[124.764,38.093],[124.866,38.287],[124.788,38.287],[124.961,38.61],[125.153,38.674],[125.189,38.739],[125.032,38.739],[125.39,39.385],[125.306,39.514],[124.87,39.579],[124.865,39.708],[124.512,39.644],[124.345,39.902],[124.034,39.773],[123.597,39.838],[122.936,39.644],[122.17,39.256],[121.952,38.997],[121.716,38.997],[121.422,38.739],[121.029,38.739],[121.201,39.062],[121.515,39.062],[121.69,39.385],[121.297,39.385],[121.21,39.514],[121.281,39.644],[121.438,39.644],[121.503,39.902],[121.776,39.967],[122.231,40.485],[122.106,40.679],[121.827,40.744],[121.824,40.874],[121.11,40.874],[120.997,40.679],[120.647,40.485],[120.5,40.226],[119.38,39.773],[119.215,39.32],[118.989,39.191],[118.45,39.062],[118.057,39.062],[118.046,39.191],[117.776,39.126],[117.576,38.739],[117.655,38.739],[117.602,38.481],[117.759,38.481],[117.773,38.351],[118.054,38.287],[118.067,38.158],[118.583,38.093],[118.648,38.222],[118.804,38.222],[118.772,38.158],[119.457,37.964],[119.393,37.835],[119.237,37.835],[118.984,37.319],[119.14,37.319],[119.156,37.19],[119.701,37.19],[119.827,37.448],[120.202,37.577],[120.188,37.706],[120.754,37.9],[121.112,37.835],[121.171,37.642],[121.483,37.642],[121.497,37.513],[122.154,37.577],[122.121,37.513],[122.713,37.448],[122.474,37.126],[122.566,36.997],[122.394,36.804],[121.912,36.933],[121.212,36.61],[120.979,36.61],[120.965,36.417],[120.732,36.417],[120.659,36.095],[120.318,36.031],[119.986,35.645],[119.619,35.516],[119.228,34.808],[119.459,34.808],[119.431,34.744],[119.711,34.679],[119.732,34.551],[120.342,34.358],[120.489,34.165],[120.55,33.586],[120.926,33.2],[120.919,32.622],[121.403,32.493],[121.503,32.172],[121.961,31.979],[121.937,31.722],[121.836,31.658],[121.301,31.85],[120.919,31.85],[121.454,31.658],[121.481,31.529],[121.634,31.529],[121.584,31.4],[121.737,31.4],[121.995,31.079],[121.899,30.822],[121.519,30.822],[121.197,30.565],[121.045,30.565],[120.68,30.179],[120.809,30.115],[121.105,30.308],[121.484,30.308],[121.62,30.051],[122.03,29.922],[121.865,29.665],[122.016,29.665],[121.938,29.215],[121.712,29.215],[121.745,29.537],[121.571,29.472],[121.647,29.472],[121.539,29.151],[121.744,29.087],[121.714,28.765],[121.522,28.637],[121.652,28.572],[121.646,28.315],[121.153,28.187],[121.193,28.315],[121.118,28.315],[121.038,28.058],[120.868,27.994],[120.715,27.737],[120.657,27.544],[120.733,27.544],[120.545,27.158],[120.395,27.158],[120.247,26.901],[120.096,26.901],[120.061,26.772],[120.211,26.772],[120.158,26.579],[119.84,26.515],[119.938,26.322],[119.587,26.129],[119.778,26.001],[119.53,25.615],[119.904,25.615],[119.872,25.486],[119.466,25.358],[119.423,25.486],[119.273,25.486],[119.391,25.358],[119.344,25.165],[119.029,25.101],[119.074,24.972],[118.819,24.844],[118.76,24.586],[118.147,24.522],[118.076,24.201],[117.721,23.943],[117.694,23.815],[117.47,23.815],[117.179,23.493],[116.894,23.558],[116.78,23.365],[116.815,23.172],[116.591,23.172],[116.54,22.915],[115.696,22.786],[115.671,22.658],[115.373,22.658],[115.174,22.786],[114.902,22.529],[114.753,22.529],[114.641,22.722],[114.531,22.143],[114.37,22.079],[113.999,22.079],[113.996,22.465],[113.785,22.529],[113.747,22.722],[113.599,22.722],[113.699,22.465],[113.639,22.143],[113.416,22.143],[113.318,22.015],[113.106,22.079],[113.071,21.886],[112.774,21.886],[112.441,21.693],[111.859,21.758],[111.664,21.501],[110.984,21.436],[110.739,21.308],[110.716,21.179],[110.419,21.179],[110.483,21.115],[110.364,20.858],[110.616,20.601],[110.487,20.279],[109.883,20.215],[109.927,20.472],[109.789,20.536],[109.77,20.858],[109.696,20.858],[109.87,21.436],[109.807,21.501],[109.116,21.372],[109.086,21.629],[108.652,21.693],[108.555,21.565],[107.79,21.436],[107.417,20.986],[106.961,20.922],[106.834,20.601],[106.685,20.601],[106.537,20.151],[105.965,19.829],[105.734,18.865],[106.051,18.543],[106.031,18.415],[106.178,18.415],[106.295,18.222],[106.57,18.093],[106.571,17.643],[106.772,17.515],[106.752,17.386],[107.026,17.258],[106.765,17],[106.534,16.936],[105.144,18.415],[105.185,18.672],[105.037,18.672],[105.142,18.865],[105.015,18.993],[105.014,19.443],[104.94,19.443],[104.992,19.765],[104.865,19.893],[104.981,20.151],[104.44,20.472],[104.619,20.665],[104.905,20.601],[104.873,20.858],[105.096,20.858],[104.851,21.179],[104.979,21.501],[104.926,21.629],[105.096,21.758],[105.128,21.951],[104.874,22.208],[105.249,22.658],[105.175,22.658],[105.22,22.915],[105.117,23.172],[104.956,23.108],[104.905,23.236],[103.426,23.301],[102.852,23.429],[102.474,23.815],[102.325,23.815],[102.086,24.136],[101.811,24.265],[101.462,25.165],[101.398,25.936],[101.196,26.387],[101.09,27.544],[101.014,27.544],[101.05,27.994],[100.915,28.058],[101.039,28.251],[100.964,28.251],[101.03,28.508],[100.955,28.508],[101.022,28.765],[100.881,29.087],[100.951,29.344],[100.875,29.344],[100.964,29.665],[100.889,29.665],[100.961,29.922],[100.885,29.922],[100.978,30.244],[100.902,30.244],[101.015,30.629],[100.939,30.629],[101.055,31.015],[100.979,31.015],[101.687,32.75],[102.552,33.264],[103.034,33.329],[103.332,33.522],[103.493,33.972],[103.355,34.229],[103.527,34.486],[103.45,34.486],[103.735,35.451],[103.63,35.58],[103.649,36.224],[103.467,36.353],[103.518,36.482],[103.389,36.546],[103.44,36.675],[103.311,36.739],[103.363,36.868],[103.208,37.062],[102.871,37.19],[102.611,37.126],[102.586,37.255],[102.171,37.384],[102.172,37.577],[102.043,37.642],[102.096,37.771],[101.833,37.513],[101.626,37.577],[101.601,37.706],[101.315,37.771],[101.29,37.9],[100.796,38.029],[100.799,38.222],[100.642,38.222],[100.386,38.545],[100.687,39.062],[101.137,39.191],[101.165,39.256],[101.559,39.256],[101.63,39.062],[102.173,38.868],[103.132,39.256],[103.407,39.514],[104.267,39.838],[104.583,39.838],[104.57,39.644],[104.698,39.579],[103.939,39.126],[103.608,38.739],[104.293,38.868],[104.393,38.739],[104.991,38.674],[104.963,38.61],[106.09,38.674],[107.062,39.579],[107.329,39.644],[107.442,39.385],[107.678,39.385],[108.054,39.838],[108.387,40.032],[109.736,40.355],[110.56,40.42],[111.906,40.42],[111.872,40.355],[112.821,40.355],[112.787,40.291],[113.488,40.42],[114.561,40.355],[114.974,40.679],[114.772,40.744],[114.808,40.809],[115.992,41.782],[117.338,42.171],[117.737,42.171],[117.701,41.976],[117.823,41.911],[117.708,41.717],[117.791,41.587],[118.072,41.522],[118.034,41.457],[118.47,41.522],[118.432,41.457],[118.871,41.392],[118.951,41.392],[121.021,41.263]]],[[[122.273,30.179],[122.28,29.987],[121.977,29.987],[122.022,30.115],[122.045,30.179],[122.273,30.179]]],[[[80.214,42.431],[80.188,42.366],[80.163,42.301],[80.083,42.301],[80.108,42.366],[80.134,42.431],[80.214,42.431]]]]}},{"type":"Feature","id":"cliopatria-9e1536c31010f1632fdf8f3c","properties":{"NAME":"Kingdom of Pontus","ABBREVN":null,"CONTROL":null,"SUBJECTO":"Kingdom of Pontus","PARTOF":null,"BORDERPRECISION":1,"FromYear":60,"ToYear":67,"Area":80695.78894677656,"Type":"POLITY","Wikipedia":"Kingdom of Pontus","Wikidata":"Q7380487","SeshatID":"","Components":"","MemberOf":"","sourceFeatureId":"cliopatria-9e1536c31010f1632fdf8f3c","datasetId":"cliopatria"},"geometry":{"type":"MultiPolygon","coordinates":[[[[38.745,39.579],[38.954,39.385],[38.927,39.191],[38.752,39.062],[38.228,39.256],[38.167,39.385],[37.476,39.514],[35.357,39.579],[35.294,39.708],[34.828,39.773],[34.536,39.967],[34.505,40.355],[34.791,40.744],[34.561,40.809],[34.578,40.938],[34.849,41.198],[35.184,41.327],[36.085,40.938],[36.412,41.003],[36.473,40.874],[36.897,41.068],[36.915,41.198],[36.995,41.198],[37.233,41.198],[37.215,41.068],[37.444,41.003],[37.771,41.068],[37.831,40.938],[38.158,41.003],[38.298,40.874],[38.783,40.938],[39.051,41.133],[39.736,40.938],[40.37,40.938],[40.391,41.068],[40.539,41.003],[41.047,41.198],[41.238,41.392],[41.228,41.327],[41.264,41.068],[40.567,40.679],[40.774,40.485],[40.754,40.355],[40.507,40.291],[40.487,40.161],[40.23,40.032],[38.79,39.902],[38.93,39.773],[38.745,39.579]]]]}},{"type":"Feature","id":"cliopatria-4e4cf36c13906a2d3a79e7eb","properties":{"NAME":"Roman Empire","ABBREVN":null,"CONTROL":null,"SUBJECTO":"Roman Empire","PARTOF":null,"BORDERPRECISION":1,"FromYear":60,"ToYear":67,"Area":4303691.344629171,"Type":"POLITY","Wikipedia":"Roman Empire","Wikidata":"Q12544","SeshatID":"it_roman_principate","Components":"","MemberOf":"","sourceFeatureId":"cliopatria-4e4cf36c13906a2d3a79e7eb","datasetId":"cliopatria"},"geometry":{"type":"MultiPolygon","coordinates":[[[[2.61,34.422],[2.533,34.422],[2.531,34.486],[2.608,34.486],[2.61,34.422]]],[[[14.34,36.031],[14.417,36.031],[14.571,35.966],[14.568,35.773],[14.337,35.838],[14.34,36.031]]],[[[7.24,50.712],[7.324,50.712],[7.329,50.512],[7.761,49.914],[8.175,50.246],[8.512,50.113],[8.516,49.847],[8.433,49.847],[8.52,49.582],[8.353,49.582],[8.277,49.118],[8.112,49.051],[8.197,48.919],[7.868,48.72],[7.871,48.588],[7.707,48.456],[7.559,47.598],[8.549,47.664],[8.547,47.796],[8.877,47.796],[8.957,48.06],[9.121,48.192],[9.782,48.39],[9.864,48.522],[9.947,48.522],[9.947,48.588],[10.03,48.588],[10.03,48.522],[10.445,48.522],[10.943,48.787],[11.193,48.787],[11.861,49.184],[12.609,48.985],[12.938,48.72],[13.519,48.654],[14.258,48.258],[14.672,48.258],[14.841,48.39],[15.499,48.192],[16.663,48.324],[16.904,48.126],[17.072,48.192],[17.067,48.06],[17.635,47.796],[18.626,47.796],[18.798,47.928],[18.957,47.796],[18.95,47.664],[19.269,47.466],[19.173,47.203],[18.923,47.137],[18.998,47.006],[18.834,47.006],[18.824,46.809],[18.906,46.809],[18.896,46.612],[19.05,46.415],[18.952,46.087],[18.87,46.087],[18.949,46.021],[18.854,45.759],[19.011,45.628],[18.926,45.562],[18.998,45.366],[20.218,45.366],[20.37,45.17],[20.61,45.104],[20.521,44.973],[20.671,44.777],[21.41,44.908],[21.64,44.712],[21.884,44.712],[22.032,44.516],[22.194,44.516],[22.37,44.712],[22.694,44.712],[22.766,44.581],[22.518,44.516],[22.509,44.385],[22.975,44.124],[22.876,43.863],[23.526,43.929],[23.924,43.863],[24.075,43.733],[24.806,43.798],[25.52,43.668],[26.368,44.124],[27.418,44.124],[27.923,44.32],[27.869,44.581],[27.707,44.581],[27.727,44.777],[27.889,44.777],[27.922,45.104],[27.767,45.17],[27.787,45.366],[28.038,45.431],[28.051,45.562],[28.289,45.497],[28.275,45.366],[28.431,45.3],[28.756,45.3],[29.185,45.497],[29.666,45.431],[29.525,44.908],[29.024,44.777],[29.046,44.973],[28.802,44.973],[28.841,44.581],[28.577,44.385],[28.536,43.994],[28.616,43.994],[28.481,43.472],[28.159,43.472],[28.226,43.342],[27.898,43.277],[27.805,43.147],[27.847,42.756],[27.514,42.626],[27.495,42.431],[27.796,42.236],[27.784,42.106],[28.004,41.911],[27.979,41.652],[28.218,41.652],[28.279,41.457],[28.505,41.327],[28.976,41.263],[28.963,41.133],[30.479,41.198],[30.624,41.068],[31.18,41.068],[31.534,41.392],[32.027,41.522],[32.042,41.652],[32.193,41.587],[32.695,41.782],[32.631,41.911],[34.785,41.911],[34.882,42.041],[35.121,42.041],[35.086,41.782],[35.308,41.652],[35.954,41.717],[36.209,41.263],[36.925,41.263],[36.915,41.198],[36.897,41.068],[36.473,40.874],[36.412,41.003],[36.085,40.938],[35.184,41.327],[34.849,41.198],[34.578,40.938],[34.561,40.809],[34.791,40.744],[34.505,40.355],[34.536,39.967],[34.828,39.773],[35.294,39.708],[35.357,39.579],[37.476,39.514],[38.167,39.385],[38.228,39.256],[38.752,39.062],[38.744,38.997],[38.735,38.933],[38.726,38.868],[38.361,38.481],[38.32,38.158],[38.46,38.029],[38.427,37.771],[37.989,37.384],[37.958,37.126],[38.176,36.997],[38.133,35.966],[38.428,35.838],[39.497,35.709],[39.938,35.516],[40.062,35.258],[40.278,35.13],[40.263,35.001],[40.479,34.872],[40.55,34.165],[40.473,34.165],[40.311,34.1],[40.403,34.229],[40.257,34.293],[39.124,34.486],[37.99,33.972],[37.739,33.779],[37.726,33.65],[37.573,33.65],[37.073,33.264],[37.054,33.072],[36.901,33.072],[36.717,32.75],[36.751,32.3],[36.516,32.236],[36.656,32.107],[36.492,31.979],[36.463,31.658],[36.387,31.658],[36.423,31.208],[36.271,31.208],[36.401,30.951],[36.151,30.694],[36.146,30.629],[35.842,30.629],[35.593,30.372],[34.389,30.501],[34.303,30.372],[33.151,30.179],[32.602,29.922],[32.526,29.922],[32.429,29.601],[32.639,29.344],[32.689,28.958],[32.836,28.894],[33.105,28.38],[33.609,27.994],[33.585,27.608],[33.799,27.415],[33.927,27.029],[34.073,26.965],[34.051,26.579],[34.197,26.515],[34.461,25.872],[34.608,25.808],[35.146,24.651],[35.86,24.008],[35.854,23.879],[35.559,23.943],[35.553,23.815],[35.108,23.879],[33.756,23.686],[33.682,23.686],[33.389,23.815],[32.041,23.686],[31.67,23.751],[30.537,23.365],[30.463,23.365],[30.395,23.558],[30.104,23.751],[30.109,23.879],[29.959,23.879],[29.673,24.201],[28.569,24.651],[28.289,25.165],[28.244,25.936],[28.345,26.579],[28.27,26.579],[28.154,27.351],[27.937,27.544],[27.711,27.544],[27.792,27.672],[27.43,27.994],[27.276,27.93],[27.285,28.122],[27.14,28.251],[25.586,28.958],[25.373,29.279],[25.147,29.279],[25.001,29.408],[24.847,29.344],[24.779,29.537],[24.33,29.665],[23.962,29.922],[23.51,29.987],[22.916,30.308],[22.762,30.244],[22.767,30.372],[21.939,30.565],[20.952,30.565],[18.735,29.987],[17.905,30.179],[16.701,30.694],[15.49,30.951],[15.184,30.886],[15.187,31.079],[14.584,31.529],[14.586,31.658],[14.284,31.915],[13.6,32.172],[13.066,32.172],[13.067,32.3],[11.768,32.3],[11.768,32.429],[11.539,32.429],[11.463,32.557],[11.31,32.493],[11.157,32.686],[10.392,33.007],[10.009,33.007],[10.085,33.136],[9.625,33.136],[9.547,33.329],[9.624,33.457],[9.316,33.586],[9.238,33.843],[9.083,33.907],[9.083,34.036],[8.929,34.036],[8.928,34.165],[8.311,34.293],[8.081,34.229],[8.002,34.422],[7.615,34.551],[7.153,34.486],[6.92,34.615],[6.459,34.551],[6.148,34.679],[5.377,34.679],[5.149,34.551],[4.454,34.615],[3.843,34.422],[3.456,34.486],[2.921,34.358],[2.45,34.615],[1.294,34.615],[0.685,34.422],[0.451,34.486],[0.303,34.358],[-1.237,34.358],[-1.305,34.165],[-1.539,34.229],[-1.61,34.1],[-1.693,34.229],[-2.001,34.229],[-3.763,34.1],[-4.141,33.972],[-4.21,33.843],[-4.367,33.907],[-5.039,33.586],[-5.274,33.65],[-5.799,33.457],[-6.033,33.522],[-6.634,33.329],[-6.703,33.2],[-6.937,33.264],[-7.528,32.943],[-8.064,32.943],[-8.154,33.136],[-8.47,33.264],[-8.403,33.393],[-7.13,33.843],[-7.062,33.972],[-6.904,33.907],[-6.614,34.165],[-6.7,34.293],[-6.473,34.358],[-6.482,34.486],[-6.332,34.551],[-6.277,34.872],[-6.2,34.872],[-6.291,35.065],[-6.132,35.001],[-6.145,35.194],[-6,35.323],[-5.877,35.773],[-5.339,35.838],[-5.24,35.516],[-4.755,35.194],[-3.132,35.194],[-2.982,35.258],[-2.993,35.451],[-2.838,35.451],[-2.82,35.13],[-2.662,35.065],[-1.89,35.065],[-1.591,35.258],[-1.359,35.258],[-1.136,35.451],[-1.224,35.645],[-1.066,35.58],[-0.917,35.709],[-0.53,35.709],[-0.459,35.838],[0.084,35.838],[0.376,36.224],[0.684,36.288],[0.678,36.417],[0.914,36.353],[1.216,36.546],[1.53,36.482],[2.377,36.675],[2.69,36.61],[2.841,36.739],[3.23,36.739],[3.459,36.868],[3.85,36.804],[4.235,36.933],[4.859,36.868],[5.098,36.675],[5.564,36.675],[5.639,36.804],[6.106,36.804],[6.103,36.933],[6.334,37.062],[6.805,36.868],[7.194,36.868],[7.346,37.062],[7.502,37.062],[7.738,36.868],[8.516,36.868],[8.903,37.126],[9.059,37.062],[9.37,37.255],[9.759,37.319],[9.993,37.19],[10.227,37.255],[10.228,37.062],[10.305,37.062],[10.228,36.804],[10.462,36.739],[11.006,36.997],[11.006,36.804],[10.462,36.417],[10.54,36.353],[10.464,35.902],[10.696,35.709],[10.851,35.773],[10.928,35.58],[11.083,35.58],[11.083,35.387],[11.006,35.387],[11.083,35.001],[10.851,34.937],[10.851,34.808],[10.543,34.551],[10.004,34.293],[10.082,34.229],[10.006,33.907],[10.237,33.715],[10.544,33.715],[10.698,33.522],[11.082,33.586],[11.158,33.2],[11.464,33.2],[12.229,32.814],[12.612,32.879],[12.535,32.75],[12.841,32.75],[12.842,32.879],[13.302,32.943],[13.454,32.814],[13.761,32.879],[13.759,32.75],[14.065,32.75],[14.444,32.493],[14.675,32.557],[14.749,32.429],[15.055,32.429],[15.282,32.3],[15.425,31.658],[15.576,31.593],[15.649,31.4],[16.179,31.208],[16.864,31.208],[17.847,30.951],[18.222,30.758],[18.592,30.372],[18.896,30.372],[18.969,30.244],[19.655,30.372],[19.964,30.565],[19.968,30.694],[20.202,30.886],[20.134,31.143],[20.214,31.272],[19.996,31.593],[20.089,32.107],[20.017,32.236],[20.246,32.236],[20.331,32.493],[20.482,32.429],[20.563,32.557],[20.716,32.557],[20.644,32.686],[20.871,32.622],[21.108,32.814],[21.412,32.75],[21.879,32.943],[23.089,32.622],[23.081,32.429],[23.231,32.365],[23.149,32.236],[23.299,32.172],[23.68,32.172],[24.129,31.979],[24.892,31.979],[25.112,31.786],[25.102,31.593],[25.248,31.465],[26.848,31.465],[27.297,31.336],[27.515,31.143],[28.496,31.015],[28.865,30.822],[29.397,30.822],[29.485,31.015],[29.633,30.951],[29.87,31.079],[29.802,31.208],[29.882,31.272],[30.339,31.272],[30.271,31.4],[30.352,31.465],[30.809,31.465],[30.966,31.529],[30.975,31.658],[31.203,31.658],[31.118,31.529],[31.266,31.465],[31.875,31.465],[31.781,31.208],[31.937,31.272],[32,31.079],[32.304,31.079],[32.237,31.208],[32.389,31.208],[32.532,31.079],[32.765,31.143],[32.832,31.015],[33.983,31.143],[34.297,31.272],[34.308,31.4],[34.547,31.529],[34.639,31.722],[34.573,31.85],[34.813,31.979],[34.77,32.365],[35.022,32.622],[35.056,33.007],[35.215,33.072],[35.398,33.393],[35.346,33.65],[35.499,33.65],[35.447,33.907],[35.684,33.972],[35.644,34.358],[35.792,34.293],[36.049,34.551],[36.068,34.744],[35.927,34.872],[35.96,35.194],[35.882,35.194],[35.993,35.516],[35.845,35.58],[35.99,36.224],[35.842,36.288],[36.265,36.61],[36.286,36.804],[36.145,36.933],[35.834,36.933],[35.488,36.61],[35.113,36.739],[34.95,36.675],[34.893,36.868],[34.582,36.868],[34.251,36.675],[33.979,36.288],[33.274,36.224],[32.713,36.031],[32.558,36.031],[32.499,36.224],[32.068,36.61],[31.086,36.933],[30.619,36.933],[30.492,36.353],[30.026,36.353],[29.938,36.224],[29.24,36.224],[29.125,36.739],[28.736,36.739],[28.591,36.868],[28.357,36.868],[28.187,36.675],[28.031,36.675],[28.138,37.062],[28.065,37.126],[27.598,37.126],[27.539,37.384],[27.223,37.319],[27.31,37.448],[27.163,37.577],[27.256,37.771],[27.178,37.771],[27.275,38.029],[26.889,38.093],[26.82,38.222],[26.429,38.222],[26.384,38.674],[26.536,38.61],[26.595,38.351],[27.065,38.351],[27.08,38.545],[26.849,38.61],[26.958,38.997],[26.879,38.997],[26.894,39.191],[26.742,39.256],[26.847,39.579],[26.132,39.514],[26.272,40.291],[26.605,40.485],[26.684,40.485],[26.673,40.355],[27.47,40.42],[27.538,40.291],[27.696,40.291],[27.792,40.485],[27.95,40.485],[27.939,40.355],[29.046,40.355],[28.9,40.485],[28.913,40.614],[29.48,40.744],[29.493,40.874],[29.249,40.809],[29.103,40.938],[29.116,41.068],[28.633,41.003],[28.169,41.133],[28.077,41.003],[27.527,41.068],[27.017,40.679],[26.921,40.485],[26.626,40.744],[26.14,40.614],[26.082,40.874],[25.378,41.003],[24.347,41.003],[24.011,40.744],[23.698,40.809],[23.685,40.614],[23.839,40.55],[23.737,40.226],[23.267,40.291],[22.884,40.485],[22.892,40.614],[22.655,40.614],[22.56,40.355],[22.544,40.096],[22.702,40.096],[22.611,39.902],[23.135,39.45],[22.816,39.385],[22.797,39.062],[23.116,39.126],[23.108,38.997],[23.344,38.997],[23.493,38.868],[23.332,38.803],[23.025,38.933],[22.936,38.739],[23.167,38.674],[23.313,38.481],[23.626,38.481],[23.563,38.739],[24.03,38.674],[24.179,38.545],[24.159,38.222],[24.002,38.222],[23.979,37.835],[23.443,38.029],[23.208,38.029],[23.201,37.9],[23.044,37.9],[23.108,37.642],[23.342,37.642],[23.402,37.319],[23.169,37.319],[23.176,37.448],[22.949,37.577],[22.714,37.577],[22.701,37.319],[22.853,37.255],[23.056,36.675],[22.833,36.868],[22.599,36.868],[22.512,36.675],[22.356,36.675],[22.22,37.062],[21.909,37.062],[21.899,36.868],[21.744,36.868],[21.681,37.19],[21.603,37.19],[21.697,37.513],[21.244,37.835],[21.416,38.158],[21.729,38.158],[21.738,38.351],[21.193,38.416],[20.974,38.739],[20.741,38.803],[20.911,39.062],[20.297,39.385],[20.155,39.708],[19.912,39.579],[19.758,39.644],[19.764,39.773],[20,39.773],[20.009,39.967],[19.63,40.291],[19.471,40.291],[19.486,40.614],[19.249,40.614],[19.255,40.744],[19.498,40.874],[19.438,41.263],[19.523,41.392],[19.444,41.392],[19.53,41.522],[19.45,41.522],[19.542,41.782],[18.852,42.366],[18.143,42.626],[17.992,42.821],[17.593,42.886],[17.508,42.756],[17.516,42.951],[17.355,42.951],[17.365,43.212],[17.122,43.147],[17.051,43.407],[16.727,43.342],[16.734,43.538],[16.575,43.603],[15.927,43.472],[16.012,43.603],[15.857,43.798],[15.695,43.798],[15.619,43.929],[15.375,43.863],[15.459,43.994],[15.219,44.059],[15.147,44.385],[14.909,44.581],[14.919,44.973],[14.516,45.104],[14.603,45.366],[14.196,45.366],[14.189,45.039],[13.946,45.039],[13.943,44.908],[13.781,44.908],[13.706,45.235],[13.544,45.3],[13.547,45.497],[13.71,45.497],[13.715,45.759],[13.39,45.824],[13.145,45.824],[13.06,45.628],[12.817,45.693],[12.652,45.562],[12.163,45.497],[12.16,45.17],[12.403,45.039],[12.4,44.777],[12.157,44.843],[12.154,44.451],[12.313,44.19],[12.873,43.798],[13.036,43.863],[13.034,43.733],[13.355,43.668],[13.673,43.407],[13.747,43.082],[13.985,42.951],[13.901,42.756],[14.056,42.496],[14.371,42.236],[14.531,42.236],[14.608,42.106],[14.769,42.171],[14.766,42.041],[14.924,41.976],[15.165,42.041],[15.241,41.911],[16.119,41.911],[16.115,41.782],[15.874,41.717],[15.944,41.392],[17.203,41.003],[17.511,40.744],[17.981,40.614],[18.438,40.161],[18.349,39.902],[18.112,39.902],[17.813,40.355],[17.418,40.355],[17.345,40.55],[17.028,40.55],[16.868,40.485],[16.945,40.42],[16.862,40.291],[16.624,40.291],[16.697,40.096],[16.457,39.967],[16.447,39.644],[16.916,39.514],[17.07,39.385],[17.138,39.062],[16.502,38.803],[16.492,38.416],[15.933,37.964],[15.698,37.964],[15.624,38.158],[15.389,38.158],[15.066,37.642],[15.059,37.255],[15.214,37.19],[15.05,36.739],[14.661,36.739],[14.278,37.126],[13.578,37.255],[13.192,37.577],[12.49,37.706],[12.492,37.9],[12.65,38.093],[13.04,38.029],[13.12,38.158],[13.355,38.158],[13.665,37.964],[14.056,37.964],[15.862,38.287],[15.95,38.674],[16.265,38.739],[16.27,38.933],[16.117,39.062],[15.899,39.773],[15.666,39.902],[15.748,40.032],[15.432,40.032],[15.199,40.226],[15.041,40.226],[14.893,40.679],[14.418,40.679],[14.422,40.874],[14.105,40.874],[13.951,41.133],[13.792,41.133],[13.715,41.263],[13,41.327],[12.922,41.457],[12.605,41.522],[12.131,41.911],[12.132,42.041],[11.813,42.106],[11.655,42.366],[11.495,42.301],[11.415,42.431],[11.255,42.431],[11.176,42.626],[11.016,42.626],[11.016,42.821],[10.535,43.082],[10.212,43.994],[9.889,43.994],[9.97,44.124],[9.727,44.124],[9.159,44.451],[8.432,44.385],[8.034,43.929],[7.15,43.733],[6.993,43.538],[6.673,43.472],[6.518,43.212],[6.278,43.147],[5.796,43.147],[5.632,43.277],[5.391,43.277],[5.387,43.407],[5.063,43.472],[4.178,43.472],[4.173,43.603],[3.851,43.603],[3.617,43.407],[3.14,43.277],[2.985,43.147],[3.01,42.561],[3.178,42.366],[3.117,41.911],[2.573,41.587],[2.334,41.587],[2.107,41.327],[1.238,41.198],[0.696,40.938],[0.709,40.679],[0.248,40.42],[0.183,40.161],[-0.126,40.032],[-0.345,39.708],[-0.314,39.126],[0.099,38.739],[-0.661,38.287],[-0.803,38.029],[-0.705,37.642],[-1.709,37.448],[-1.623,37.319],[-1.857,37.319],[-2.062,36.804],[-2.532,36.868],[-2.68,36.739],[-4.469,36.739],[-4.689,36.546],[-5.228,36.482],[-5.288,36.224],[-5.662,36.031],[-5.831,36.224],[-6.064,36.224],[-6.33,36.675],[-6.35,36.933],[-6.588,36.997],[-6.842,37.255],[-7.465,37.255],[-7.455,37.126],[-7.678,36.997],[-8.701,37.126],[-9.001,36.997],[-8.897,37.577],[-8.819,37.577],[-8.823,38.481],[-9.209,38.416],[-9.233,38.674],[-9.384,38.61],[-9.553,38.739],[-9.572,38.933],[-9.427,39.062],[-9.387,39.45],[-9.157,39.514],[-9.104,39.773],[-9.025,39.773],[-8.925,40.355],[-8.846,40.355],[-8.872,40.614],[-8.727,40.744],[-8.956,42.171],[-8.657,42.366],[-9.079,42.561],[-9.1,42.756],[-9.275,42.886],[-9.305,43.147],[-9.159,43.277],[-8.852,43.407],[-8.369,43.407],[-8.39,43.603],[-8.244,43.733],[-7.276,43.733],[-7.343,43.603],[-7.176,43.538],[-5.733,43.603],[-4.99,43.407],[-3.467,43.472],[-3.296,43.342],[-1.688,43.342],[-1.388,43.668],[-1.349,44.255],[-1.268,44.255],[-1.286,44.516],[-1.205,44.516],[-1.252,45.17],[-1.171,45.17],[-1.189,45.431],[-1.031,45.497],[-1.045,45.693],[-1.213,45.759],[-1.141,45.89],[-1.223,45.89],[-1.252,46.283],[-1.666,46.349],[-2.014,46.612],[-2.025,46.743],[-2.194,46.809],[-2.139,47.137],[-2.232,47.269],[-2.562,47.269],[-2.578,47.466],[-2.826,47.466],[-2.837,47.598],[-3.156,47.466],[-3.344,47.73],[-3.757,47.73],[-3.935,47.862],[-4.424,47.796],[-4.692,47.994],[-4.705,48.126],[-4.546,48.192],[-4.643,48.324],[-4.891,48.324],[-4.912,48.522],[-4.6,48.72],[-3.852,48.72],[-3.455,48.919],[-3.122,48.919],[-2.759,48.588],[-2.522,48.72],[-1.602,48.654],[-1.718,49.051],[-1.635,49.051],[-1.652,49.25],[-1.913,49.383],[-2.032,49.781],[-1.362,49.781],[-1.251,49.449],[0.007,49.383],[-0.012,49.648],[0.224,49.847],[1.053,49.98],[1.455,50.246],[1.425,50.712],[1.656,51.046],[2.578,51.179],[2.739,51.313],[3.41,51.447],[3.399,51.647],[3.739,51.647],[3.647,51.781],[3.98,51.915],[4.056,52.116],[4.232,51.982],[4.573,51.982],[5.248,52.116],[5.934,51.982],[6.369,51.647],[6.539,51.647],[6.541,51.58],[6.885,51.38],[7.065,50.979],[7.319,50.912],[7.24,50.712]]],[[[20.328,38.351],[20.488,38.416],[20.566,38.416],[20.795,38.287],[20.786,38.093],[20.32,38.158],[20.328,38.351]]],[[[1.274,38.803],[1.183,39.062],[1.259,39.126],[1.337,39.126],[1.652,39.126],[1.658,38.997],[1.431,38.803],[1.274,38.803]]],[[[20.07,39.579],[20.073,39.644],[20.152,39.644],[20.149,39.579],[20.07,39.579]]],[[[3.296,39.32],[2.824,39.32],[2.659,39.514],[2.346,39.45],[2.338,39.644],[2.877,39.967],[2.956,39.967],[3.193,39.967],[3.198,39.838],[3.516,39.773],[3.296,39.32]]],[[[3.82,40.096],[4.215,40.096],[4.302,39.838],[3.827,39.902],[3.741,40.096],[3.82,40.096]]],[[[9.747,39.644],[9.669,39.644],[9.593,39.126],[9.12,39.191],[8.966,38.868],[8.73,38.868],[8.336,38.997],[8.412,39.256],[8.333,39.256],[8.33,39.514],[8.409,39.514],[8.483,39.902],[8.325,39.967],[8.4,40.291],[8.321,40.291],[8.319,40.485],[8.16,40.55],[8.155,40.938],[8.552,40.874],[9.025,41.263],[9.104,41.263],[9.502,41.198],[9.822,40.744],[9.823,40.355],[9.665,40.291],[9.747,39.644]]],[[[9.578,41.976],[9.498,41.976],[9.499,41.782],[9.262,41.392],[9.104,41.327],[8.784,41.522],[8.782,41.717],[8.623,41.717],[8.7,41.911],[8.539,42.106],[8.535,42.496],[8.773,42.691],[9.173,42.756],[9.251,43.017],[9.331,43.017],[9.492,43.017],[9.493,42.756],[9.574,42.756],[9.578,41.976]]],[[[10.134,42.886],[10.214,42.886],[10.455,42.886],[10.455,42.691],[10.215,42.691],[10.134,42.886]]],[[[14.269,44.973],[14.35,44.973],[14.511,44.908],[14.502,44.516],[14.261,44.581],[14.269,44.973]]],[[[19.086,45.497],[19.004,45.497],[19.007,45.562],[19.089,45.562],[19.086,45.497]]],[[[19.166,47.072],[19.084,47.072],[19.087,47.137],[19.169,47.137],[19.166,47.072]]],[[[16.989,48.192],[16.907,48.192],[16.909,48.258],[16.992,48.258],[16.989,48.192]]],[[[16.909,48.258],[16.826,48.258],[16.829,48.324],[16.912,48.324],[16.909,48.258]]],[[[6.193,51.848],[6.191,51.915],[6.276,51.915],[6.278,51.848],[6.193,51.848]]],[[[0.166,52.855],[0.337,52.855],[0.348,52.721],[0.262,52.721],[0.293,52.318],[-0.197,52.049],[0.015,51.513],[0.11,51.38],[1.207,51.447],[1.381,51.38],[1.314,51.112],[0.493,50.779],[-1.368,50.845],[-1.109,50.779],[-1.177,50.579],[-1.513,50.579],[-1.525,50.712],[-2.608,50.579],[-2.789,50.712],[-3.126,50.712],[-3.457,50.645],[-3.585,50.246],[-4.089,50.246],[-4.187,50.379],[-4.355,50.379],[-4.929,50.246],[-5.151,49.98],[-5.746,50.046],[-5.769,50.246],[-5.28,50.379],[-5.134,50.579],[-4.881,50.579],[-4.819,50.779],[-4.658,50.845],[-4.68,51.046],[-4.426,51.046],[-4.202,51.313],[-3.095,51.246],[-2.959,51.58],[-2.632,51.714],[-2.737,51.915],[-2.58,52.049],[-2.528,52.385],[-3.054,52.519],[-3.153,52.654],[-3.324,52.654],[-3.431,52.855],[-3.688,52.855],[-3.703,52.99],[-3.882,53.057],[-4.482,53.057],[-4.498,53.192],[-4.67,53.192],[-4.702,53.462],[-4.271,53.462],[-4.076,53.26],[-3.153,53.462],[-3.124,54.003],[-2.959,54.071],[-2.894,54.274],[-2.72,54.274],[-2.482,54.477],[-2.619,54.953],[-2.539,55.021],[-1.519,55.294],[-1.486,54.953],[-1.399,54.953],[-1.286,54.681],[-0.671,54.613],[-0.393,54.41],[0.015,53.665],[0.021,53.597],[0.295,53.395],[0.316,53.125],[0.07,52.99],[0.166,52.855]]],[[[34.087,35.001],[33.695,34.937],[33.523,34.744],[33.132,34.679],[33.044,34.551],[32.367,34.744],[32.229,34.937],[32.246,35.13],[32.555,35.13],[32.875,35.258],[32.887,35.387],[33.737,35.387],[34.31,35.709],[34.387,35.709],[34.542,35.709],[34.529,35.58],[33.957,35.258],[34.087,35.001]]],[[[24.15,35.387],[24.301,35.323],[25.692,35.323],[25.681,35.13],[26.225,35.194],[26.14,35.065],[24.824,35.001],[24.757,35.194],[24.526,35.194],[24.448,35.194],[23.679,35.258],[23.615,35.516],[24.157,35.516],[24.15,35.387]]],[[[27.693,36.288],[28.017,36.482],[28.095,36.482],[28.25,36.482],[28.139,36.031],[27.743,35.902],[27.693,36.288]]],[[[22.887,36.417],[22.965,36.417],[23.117,36.353],[23.107,36.16],[22.874,36.16],[22.887,36.417]]],[[[27.117,36.933],[27.185,36.804],[26.865,36.675],[27.039,36.933],[27.117,36.933]]],[[[25.339,37.126],[25.417,37.126],[25.573,37.126],[25.564,36.997],[25.331,36.997],[25.339,37.126]]],[[[24.361,37.706],[24.432,37.577],[24.272,37.513],[24.201,37.642],[24.283,37.706],[24.361,37.706]]],[[[24.986,37.706],[25.064,37.706],[25.22,37.706],[25.286,37.513],[25.052,37.513],[24.986,37.706]]],[[[26.08,37.706],[26.158,37.706],[26.314,37.706],[26.305,37.577],[25.988,37.513],[26.08,37.706]]],[[[20.621,37.9],[20.699,37.9],[20.934,37.9],[20.922,37.642],[20.613,37.706],[20.621,37.9]]],[[[24.772,38.029],[25.068,37.771],[24.83,37.706],[24.682,37.835],[24.694,38.029],[24.772,38.029]]],[[[25.821,38.481],[25.913,38.674],[25.991,38.674],[26.217,38.545],[26.111,38.158],[25.876,38.158],[25.899,38.481],[25.821,38.481]]],[[[23.567,38.803],[23.563,38.739],[23.485,38.739],[23.489,38.803],[23.567,38.803]]],[[[24.365,38.997],[24.444,38.997],[24.675,38.933],[24.662,38.739],[24.357,38.868],[24.365,38.997]]],[[[26.094,38.997],[26.103,39.126],[25.793,39.191],[26.044,39.385],[26.123,39.385],[26.511,39.32],[26.644,38.997],[26.246,38.933],[26.094,38.997]]],[[[46.256,40.161],[46.481,40.096],[46.458,39.967],[46.774,39.967],[47.066,39.838],[47.121,39.708],[48.146,39.708],[48.225,39.708],[48.673,39.579],[48.806,39.45],[48.782,39.32],[48.928,39.256],[48.742,38.674],[48.821,38.674],[48.807,38.158],[48.795,38.093],[48.326,38.093],[47.252,38.674],[46.121,38.481],[45.854,38.287],[45.635,37.9],[45.224,37.771],[45.174,37.448],[45.252,37.448],[45.29,37.19],[45.446,37.19],[45.251,36.933],[44.803,37.062],[44.774,37.384],[44.637,37.513],[43.945,37.577],[43.886,37.706],[42.88,37.771],[42.508,37.9],[42.03,37.835],[41.97,37.964],[41.667,38.029],[40.572,38.029],[40.547,38.416],[40.469,38.416],[40.658,39.191],[40.51,39.256],[40.478,39.579],[39.848,39.579],[39.751,39.45],[39.209,39.514],[38.954,39.385],[38.745,39.579],[38.93,39.773],[38.79,39.902],[40.23,40.032],[40.487,40.161],[40.507,40.291],[40.754,40.355],[40.774,40.485],[41.45,40.744],[41.535,41.263],[42.25,41.263],[42.363,41.457],[42.624,41.587],[42.863,41.587],[43.34,41.133],[43.976,41.133],[44.237,41.263],[44.953,41.263],[45.032,41.263],[45.595,40.874],[45.457,40.55],[45.591,40.42],[46.201,40.291],[46.256,40.161]]],[[[25.146,40.032],[25.462,40.032],[25.447,39.838],[24.974,39.838],[25.067,40.032],[25.146,40.032]]]]}},{"type":"Feature","id":"cliopatria-b1f109845095f07c3d549a38","properties":{"NAME":"Wusun","ABBREVN":null,"CONTROL":null,"SUBJECTO":"Wusun","PARTOF":null,"BORDERPRECISION":1,"FromYear":60,"ToYear":67,"Area":193999.57063478846,"Type":"POLITY","Wikipedia":"Wusun","Wikidata":"Q854062","SeshatID":"","Components":"","MemberOf":"","sourceFeatureId":"cliopatria-b1f109845095f07c3d549a38","datasetId":"cliopatria"},"geometry":{"type":"MultiPolygon","coordinates":[[[[78.569,45.17],[78.65,45.17],[79.545,44.973],[79.518,44.908],[80.005,44.908],[79.978,44.843],[80.41,44.712],[80.302,44.451],[80.383,44.451],[80.357,43.994],[80.735,43.538],[80.683,43.407],[80.791,43.277],[80.632,43.082],[80.471,43.082],[80.473,42.886],[80.287,42.821],[80.214,42.431],[80.134,42.431],[80.083,42.301],[78.92,41.976],[77.875,41.522],[76.817,41.457],[76.864,41.587],[76.568,41.652],[76.798,41.847],[76.104,41.911],[76.278,42.171],[76.142,42.236],[76.158,42.496],[75.814,42.431],[75.701,42.561],[75.878,42.821],[75.766,42.951],[75.388,43.017],[75.14,43.212],[75.205,43.603],[74.795,43.798],[74.998,44.124],[74.563,44.255],[74.443,44.581],[74.281,44.581],[74.25,44.712],[73.975,44.843],[73.968,45.039],[74.13,45.039],[74.255,45.366],[74.117,45.431],[74.319,45.955],[74.753,46.021],[74.881,46.349],[75.533,46.546],[75.507,46.48],[77.391,46.48],[77.364,46.415],[77.61,46.415],[77.72,46.283],[77.802,46.283],[77.831,45.955],[78.022,45.824],[77.996,45.562],[78.35,45.431],[78.569,45.17]]]]}},{"type":"Feature","id":"cliopatria-93603e8f11cb53f1667a9f3a","properties":{"NAME":"Xiongnu","ABBREVN":null,"CONTROL":null,"SUBJECTO":"Xiongnu","PARTOF":null,"BORDERPRECISION":1,"FromYear":60,"ToYear":67,"Area":2214203.1497064736,"Type":"POLITY","Wikipedia":"Xiongnu","Wikidata":"Q188836","SeshatID":"mn_hunnu_late","Components":"","MemberOf":"","sourceFeatureId":"cliopatria-93603e8f11cb53f1667a9f3a","datasetId":"cliopatria"},"geometry":{"type":"MultiPolygon","coordinates":[[[[101.112,51.58],[101.875,51.58],[101.829,51.513],[102.123,51.447],[102.077,51.38],[102.201,51.313],[102.11,51.179],[102.353,50.912],[102.263,50.779],[102.348,50.779],[102.383,50.579],[102.76,50.512],[102.716,50.446],[102.884,50.446],[102.84,50.379],[103.177,50.379],[103.133,50.313],[103.301,50.313],[103.257,50.246],[104.181,50.246],[105.032,50.512],[106.417,50.446],[106.372,50.379],[106.792,50.379],[106.746,50.313],[107.282,50.113],[107.236,50.046],[107.823,50.046],[107.817,49.914],[107.984,49.914],[108.055,49.648],[108.345,49.582],[108.34,49.449],[108.59,49.449],[108.546,49.383],[108.629,49.383],[108.449,48.985],[108.616,48.985],[108.612,48.853],[108.815,48.654],[108.729,48.522],[108.852,48.456],[108.767,48.324],[108.85,48.324],[108.765,48.192],[108.848,48.192],[108.515,47.928],[108.598,47.928],[108.514,47.796],[108.597,47.796],[108.432,47.664],[108.391,47.466],[108.556,47.466],[108.598,47.269],[108.763,47.269],[108.971,46.94],[108.891,46.809],[109.303,46.677],[109.388,46.415],[109.552,46.415],[109.846,45.955],[109.767,45.824],[110.186,45.3],[110.107,45.17],[110.527,44.647],[110.449,44.516],[110.699,44.255],[110.623,44.124],[110.703,44.124],[110.627,43.994],[110.712,43.863],[109.966,42.561],[109.333,42.431],[107.813,42.431],[106.863,42.301],[105.425,41.847],[104.746,41.457],[104.024,40.809],[103.631,40.161],[103.407,39.514],[103.132,39.256],[102.173,38.868],[101.63,39.062],[101.559,39.256],[101.165,39.256],[101.194,39.32],[101.181,39.644],[100.737,39.708],[100.381,39.967],[100.144,39.967],[100.173,40.032],[99.384,40.032],[99.284,40.161],[98.918,40.226],[98.948,40.291],[98.503,40.355],[98.274,40.55],[98.037,40.55],[97.63,40.874],[96.897,41.003],[96.926,41.068],[95.23,41.003],[93.687,40.744],[93.715,40.809],[93.268,40.874],[93.296,40.938],[92.321,41.068],[92.349,41.133],[91.27,41.392],[90.775,41.717],[90.536,41.717],[90.434,41.847],[90.195,41.847],[90.223,41.911],[89.613,41.976],[89.642,42.041],[88.82,42.171],[88.848,42.236],[88.077,42.301],[88.105,42.366],[85.764,42.691],[85.792,42.756],[84.108,42.756],[82.056,42.236],[80.963,42.301],[80.534,42.431],[80.188,42.366],[80.214,42.431],[80.287,42.821],[80.473,42.886],[80.471,43.082],[80.632,43.082],[80.791,43.277],[80.683,43.407],[80.735,43.538],[80.357,43.994],[80.383,44.451],[80.302,44.451],[80.41,44.712],[79.978,44.843],[80.005,44.908],[79.518,44.908],[79.545,44.973],[78.65,45.17],[78.569,45.17],[78.35,45.431],[77.996,45.562],[78.022,45.824],[77.831,45.955],[77.802,46.283],[77.883,46.283],[78.975,46.349],[79.086,46.612],[79.801,46.94],[85.324,48.192],[85.786,48.456],[86.399,48.522],[86.549,48.654],[86.848,48.588],[86.914,48.72],[87.667,49.051],[87.652,49.184],[87.819,49.184],[88.244,49.515],[88.746,49.515],[89.606,49.714],[89.512,49.847],[89.585,49.98],[89.837,49.98],[90.116,50.179],[90.78,50.313],[91.063,50.512],[91.315,50.512],[91.892,50.779],[92.771,50.979],[93.272,51.246],[94.708,51.647],[98.585,52.116],[98.932,52.25],[98.886,52.183],[99.267,52.116],[99.221,52.049],[99.391,52.049],[99.346,51.982],[99.686,51.982],[99.641,51.915],[100.105,51.848],[100.06,51.781],[100.739,51.781],[100.694,51.714],[100.948,51.714],[100.903,51.647],[101.073,51.647],[101.027,51.58],[101.112,51.58]]],[[[77.829,46.349],[77.802,46.283],[77.72,46.283],[77.747,46.349],[77.829,46.349]]]]}},{"type":"Feature","id":"cliopatria-7fbf06c3fbfda7eb99a81ee5","properties":{"NAME":"(Alliance between Han Dynasty and Xiongnu)","ABBREVN":null,"CONTROL":null,"SUBJECTO":"(Alliance between Han Dynasty and Xiongnu)","PARTOF":null,"BORDERPRECISION":1,"FromYear":60,"ToYear":67,"Area":5919369.299422877,"Type":"RELATION","Wikipedia":"Han dynasty","Wikidata":"Q1068371","SeshatID":"cn_eastern_han_dyn;mn_hunnu_late","Components":"Han Dynasty;Xiongnu","MemberOf":"","sourceFeatureId":"cliopatria-7fbf06c3fbfda7eb99a81ee5","datasetId":"cliopatria"},"geometry":{"type":"MultiPolygon","coordinates":[[[[109.862,18.35],[109.841,18.222],[109.25,18.222],[109.123,18.35],[108.765,18.415],[108.638,18.543],[108.704,19.379],[109.203,19.701],[109.246,19.958],[110.157,20.086],[110.591,20.022],[110.613,20.151],[110.909,20.151],[111.087,19.893],[111.032,19.572],[110.884,19.572],[110.851,19.379],[110.681,19.251],[110.508,18.672],[110.19,18.543],[110.179,18.479],[109.862,18.35]]],[[[123.167,41.911],[123.127,41.847],[123.405,41.782],[123.365,41.717],[123.604,41.717],[123.564,41.652],[124.042,41.522],[124.002,41.457],[124.28,41.392],[124.24,41.327],[124.479,41.327],[124.439,41.263],[124.717,41.198],[124.678,41.133],[124.995,41.133],[125.433,41.327],[126.108,41.263],[126.187,41.133],[126.742,41.003],[126.623,40.679],[126.425,40.614],[126.269,40.355],[126.432,40.096],[126.709,40.032],[126.832,39.838],[126.728,39.385],[126.964,39.385],[126.854,39.191],[127.023,38.933],[126.937,38.351],[126.348,37.835],[126.27,37.835],[125.845,37.771],[125.835,37.9],[125.678,37.9],[125.387,37.642],[125.231,37.642],[125.298,37.771],[125.209,37.9],[124.897,37.9],[125.077,38.093],[124.764,38.093],[124.866,38.287],[124.788,38.287],[124.961,38.61],[125.153,38.674],[125.189,38.739],[125.032,38.739],[125.39,39.385],[125.306,39.514],[124.87,39.579],[124.865,39.708],[124.512,39.644],[124.345,39.902],[124.034,39.773],[123.597,39.838],[122.936,39.644],[122.17,39.256],[121.952,38.997],[121.716,38.997],[121.422,38.739],[121.029,38.739],[121.201,39.062],[121.515,39.062],[121.69,39.385],[121.297,39.385],[121.21,39.514],[121.281,39.644],[121.438,39.644],[121.503,39.902],[121.776,39.967],[122.231,40.485],[122.106,40.679],[121.827,40.744],[121.824,40.874],[121.11,40.874],[120.997,40.679],[120.647,40.485],[120.5,40.226],[119.38,39.773],[119.215,39.32],[118.989,39.191],[118.45,39.062],[118.057,39.062],[118.046,39.191],[117.776,39.126],[117.576,38.739],[117.655,38.739],[117.602,38.481],[117.759,38.481],[117.773,38.351],[118.054,38.287],[118.067,38.158],[118.583,38.093],[118.648,38.222],[118.804,38.222],[118.772,38.158],[119.457,37.964],[119.393,37.835],[119.237,37.835],[118.984,37.319],[119.14,37.319],[119.156,37.19],[119.701,37.19],[119.827,37.448],[120.202,37.577],[120.188,37.706],[120.754,37.9],[121.112,37.835],[121.171,37.642],[121.483,37.642],[121.497,37.513],[122.154,37.577],[122.121,37.513],[122.713,37.448],[122.474,37.126],[122.566,36.997],[122.394,36.804],[121.912,36.933],[121.212,36.61],[120.979,36.61],[120.965,36.417],[120.732,36.417],[120.659,36.095],[120.318,36.031],[119.986,35.645],[119.619,35.516],[119.228,34.808],[119.459,34.808],[119.431,34.744],[119.711,34.679],[119.732,34.551],[120.342,34.358],[120.489,34.165],[120.55,33.586],[120.926,33.2],[120.919,32.622],[121.403,32.493],[121.503,32.172],[121.961,31.979],[121.937,31.722],[121.836,31.658],[121.301,31.85],[120.919,31.85],[121.454,31.658],[121.481,31.529],[121.634,31.529],[121.584,31.4],[121.737,31.4],[121.995,31.079],[121.899,30.822],[121.519,30.822],[121.197,30.565],[121.045,30.565],[120.68,30.179],[120.809,30.115],[121.105,30.308],[121.484,30.308],[121.62,30.051],[122.03,29.922],[121.865,29.665],[122.016,29.665],[121.938,29.215],[121.712,29.215],[121.745,29.537],[121.571,29.472],[121.647,29.472],[121.539,29.151],[121.744,29.087],[121.714,28.765],[121.522,28.637],[121.652,28.572],[121.646,28.315],[121.153,28.187],[121.193,28.315],[121.118,28.315],[121.038,28.058],[120.868,27.994],[120.715,27.737],[120.657,27.544],[120.733,27.544],[120.545,27.158],[120.395,27.158],[120.247,26.901],[120.096,26.901],[120.061,26.772],[120.211,26.772],[120.158,26.579],[119.84,26.515],[119.938,26.322],[119.587,26.129],[119.778,26.001],[119.53,25.615],[119.904,25.615],[119.872,25.486],[119.466,25.358],[119.423,25.486],[119.273,25.486],[119.391,25.358],[119.344,25.165],[119.029,25.101],[119.074,24.972],[118.819,24.844],[118.76,24.586],[118.147,24.522],[118.076,24.201],[117.721,23.943],[117.694,23.815],[117.47,23.815],[117.179,23.493],[116.894,23.558],[116.78,23.365],[116.815,23.172],[116.591,23.172],[116.54,22.915],[115.696,22.786],[115.671,22.658],[115.373,22.658],[115.174,22.786],[114.902,22.529],[114.753,22.529],[114.641,22.722],[114.531,22.143],[114.37,22.079],[113.999,22.079],[113.996,22.465],[113.785,22.529],[113.747,22.722],[113.599,22.722],[113.699,22.465],[113.639,22.143],[113.416,22.143],[113.318,22.015],[113.106,22.079],[113.071,21.886],[112.774,21.886],[112.441,21.693],[111.859,21.758],[111.664,21.501],[110.984,21.436],[110.739,21.308],[110.716,21.179],[110.419,21.179],[110.483,21.115],[110.364,20.858],[110.616,20.601],[110.487,20.279],[109.883,20.215],[109.927,20.472],[109.789,20.536],[109.77,20.858],[109.696,20.858],[109.87,21.436],[109.807,21.501],[109.116,21.372],[109.086,21.629],[108.652,21.693],[108.555,21.565],[107.79,21.436],[107.417,20.986],[106.961,20.922],[106.834,20.601],[106.685,20.601],[106.537,20.151],[105.965,19.829],[105.734,18.865],[106.051,18.543],[106.031,18.415],[106.178,18.415],[106.295,18.222],[106.57,18.093],[106.571,17.643],[106.772,17.515],[106.752,17.386],[107.026,17.258],[106.765,17],[106.534,16.936],[105.144,18.415],[105.185,18.672],[105.037,18.672],[105.142,18.865],[105.015,18.993],[105.014,19.443],[104.94,19.443],[104.992,19.765],[104.865,19.893],[104.981,20.151],[104.44,20.472],[104.619,20.665],[104.905,20.601],[104.873,20.858],[105.096,20.858],[104.851,21.179],[104.979,21.501],[104.926,21.629],[105.096,21.758],[105.128,21.951],[104.874,22.208],[105.249,22.658],[105.175,22.658],[105.22,22.915],[105.117,23.172],[104.956,23.108],[104.905,23.236],[103.426,23.301],[102.852,23.429],[102.474,23.815],[102.325,23.815],[102.086,24.136],[101.811,24.265],[101.462,25.165],[101.398,25.936],[101.196,26.387],[101.09,27.544],[101.014,27.544],[101.05,27.994],[100.915,28.058],[101.039,28.251],[100.964,28.251],[101.03,28.508],[100.955,28.508],[101.022,28.765],[100.881,29.087],[100.951,29.344],[100.875,29.344],[100.964,29.665],[100.889,29.665],[100.961,29.922],[100.885,29.922],[100.978,30.244],[100.902,30.244],[101.015,30.629],[100.939,30.629],[101.055,31.015],[100.979,31.015],[101.687,32.75],[102.552,33.264],[103.034,33.329],[103.332,33.522],[103.493,33.972],[103.355,34.229],[103.527,34.486],[103.45,34.486],[103.735,35.451],[103.63,35.58],[103.649,36.224],[103.467,36.353],[103.518,36.482],[103.389,36.546],[103.44,36.675],[103.311,36.739],[103.363,36.868],[103.208,37.062],[102.871,37.19],[102.611,37.126],[102.586,37.255],[102.171,37.384],[102.172,37.577],[102.043,37.642],[102.096,37.771],[101.833,37.513],[101.626,37.577],[101.601,37.706],[101.315,37.771],[101.29,37.9],[100.796,38.029],[100.799,38.222],[100.642,38.222],[100.386,38.545],[100.687,39.062],[101.137,39.191],[101.165,39.256],[101.194,39.32],[101.181,39.644],[100.737,39.708],[100.381,39.967],[100.144,39.967],[100.173,40.032],[99.384,40.032],[99.284,40.161],[98.918,40.226],[98.948,40.291],[98.503,40.355],[98.274,40.55],[98.037,40.55],[97.63,40.874],[96.897,41.003],[96.926,41.068],[95.23,41.003],[93.687,40.744],[93.715,40.809],[93.268,40.874],[93.296,40.938],[92.321,41.068],[92.349,41.133],[91.27,41.392],[90.775,41.717],[90.536,41.717],[90.434,41.847],[90.195,41.847],[90.223,41.911],[89.613,41.976],[89.642,42.041],[88.82,42.171],[88.848,42.236],[88.077,42.301],[88.105,42.366],[85.764,42.691],[85.792,42.756],[84.108,42.756],[82.056,42.236],[80.963,42.301],[80.534,42.431],[80.188,42.366],[80.163,42.301],[80.083,42.301],[80.108,42.366],[80.134,42.431],[80.214,42.431],[80.287,42.821],[80.473,42.886],[80.471,43.082],[80.632,43.082],[80.791,43.277],[80.683,43.407],[80.735,43.538],[80.357,43.994],[80.383,44.451],[80.302,44.451],[80.41,44.712],[79.978,44.843],[80.005,44.908],[79.518,44.908],[79.545,44.973],[78.65,45.17],[78.569,45.17],[78.35,45.431],[77.996,45.562],[78.022,45.824],[77.831,45.955],[77.802,46.283],[77.883,46.283],[78.975,46.349],[79.086,46.612],[79.801,46.94],[85.324,48.192],[85.786,48.456],[86.399,48.522],[86.549,48.654],[86.848,48.588],[86.914,48.72],[87.667,49.051],[87.652,49.184],[87.819,49.184],[88.244,49.515],[88.746,49.515],[89.606,49.714],[89.512,49.847],[89.585,49.98],[89.837,49.98],[90.116,50.179],[90.78,50.313],[91.063,50.512],[91.315,50.512],[91.892,50.779],[92.771,50.979],[93.272,51.246],[94.708,51.647],[98.585,52.116],[98.932,52.25],[98.886,52.183],[99.267,52.116],[99.221,52.049],[99.391,52.049],[99.346,51.982],[99.686,51.982],[99.641,51.915],[100.105,51.848],[100.06,51.781],[100.739,51.781],[100.694,51.714],[100.948,51.714],[100.903,51.647],[101.073,51.647],[101.027,51.58],[101.112,51.58],[101.875,51.58],[101.829,51.513],[102.123,51.447],[102.077,51.38],[102.201,51.313],[102.11,51.179],[102.353,50.912],[102.263,50.779],[102.348,50.779],[102.383,50.579],[102.76,50.512],[102.716,50.446],[102.884,50.446],[102.84,50.379],[103.177,50.379],[103.133,50.313],[103.301,50.313],[103.257,50.246],[104.181,50.246],[105.032,50.512],[106.417,50.446],[106.372,50.379],[106.792,50.379],[106.746,50.313],[107.282,50.113],[107.236,50.046],[107.823,50.046],[107.817,49.914],[107.984,49.914],[108.055,49.648],[108.345,49.582],[108.34,49.449],[108.59,49.449],[108.546,49.383],[108.629,49.383],[108.449,48.985],[108.616,48.985],[108.612,48.853],[108.815,48.654],[108.729,48.522],[108.852,48.456],[108.767,48.324],[108.85,48.324],[108.765,48.192],[108.848,48.192],[108.515,47.928],[108.598,47.928],[108.514,47.796],[108.597,47.796],[108.432,47.664],[108.391,47.466],[108.556,47.466],[108.598,47.269],[108.763,47.269],[108.971,46.94],[108.891,46.809],[109.303,46.677],[109.388,46.415],[109.552,46.415],[109.846,45.955],[109.767,45.824],[110.186,45.3],[110.107,45.17],[110.527,44.647],[110.449,44.516],[110.699,44.255],[110.623,44.124],[110.703,44.124],[110.627,43.994],[110.712,43.863],[109.966,42.561],[109.333,42.431],[107.813,42.431],[106.863,42.301],[105.425,41.847],[104.746,41.457],[104.024,40.809],[103.631,40.161],[103.407,39.514],[104.267,39.838],[104.583,39.838],[104.57,39.644],[104.698,39.579],[103.939,39.126],[103.608,38.739],[104.293,38.868],[104.393,38.739],[104.991,38.674],[104.963,38.61],[106.09,38.674],[107.062,39.579],[107.329,39.644],[107.442,39.385],[107.678,39.385],[108.054,39.838],[108.387,40.032],[109.736,40.355],[110.56,40.42],[111.906,40.42],[111.872,40.355],[112.821,40.355],[112.787,40.291],[113.488,40.42],[114.561,40.355],[114.974,40.679],[114.772,40.744],[114.808,40.809],[115.992,41.782],[117.338,42.171],[117.737,42.171],[117.701,41.976],[117.823,41.911],[117.708,41.717],[117.791,41.587],[118.072,41.522],[118.034,41.457],[118.47,41.522],[118.432,41.457],[118.871,41.392],[118.951,41.392],[121.021,41.263],[123.167,41.911]]],[[[122.28,29.987],[121.977,29.987],[122.022,30.115],[122.045,30.179],[122.273,30.179],[122.28,29.987]]],[[[77.72,46.283],[77.747,46.349],[77.829,46.349],[77.802,46.283],[77.72,46.283]]]]}},{"type":"Feature","id":"cliopatria-f98f50a203b1c5248aff99ab","properties":{"NAME":"Xianbei","ABBREVN":null,"CONTROL":null,"SUBJECTO":"Xianbei","PARTOF":null,"BORDERPRECISION":1,"FromYear":60,"ToYear":83,"Area":998181.3713224393,"Type":"POLITY","Wikipedia":"Xianbei","Wikidata":"Q861054","SeshatID":"","Components":"","MemberOf":"","sourceFeatureId":"cliopatria-f98f50a203b1c5248aff99ab","datasetId":"cliopatria"},"geometry":{"type":"MultiPolygon","coordinates":[[[[116.581,49.98],[116.532,49.914],[117.591,49.648],[117.542,49.582],[117.96,49.582],[118.325,49.847],[118.895,50.046],[119.749,49.847],[119.699,49.781],[120.034,49.781],[119.983,49.714],[120.736,49.383],[120.788,49.118],[120.954,49.118],[121.111,48.654],[121.277,48.654],[121.298,48.456],[121.486,48.258],[121.391,48.126],[121.474,48.126],[121.604,47.73],[121.769,47.73],[121.793,47.532],[122.406,47.466],[122.36,47.401],[122.89,47.335],[122.843,47.269],[123.255,47.269],[123.244,47.137],[123.526,47.072],[123.587,46.809],[123.885,46.415],[123.793,46.283],[123.911,46.218],[123.857,46.021],[124.256,45.89],[124.084,45.759],[124.166,45.759],[124.157,45.628],[124.239,45.628],[124.34,45.3],[124.503,45.3],[124.568,45.039],[124.73,45.039],[124.686,44.973],[124.84,44.843],[124.744,44.581],[124.825,44.581],[124.781,44.516],[124.898,44.451],[124.81,44.32],[124.928,44.255],[124.482,43.342],[124.6,43.277],[124.51,43.017],[124.789,42.951],[125.013,42.431],[125.093,42.431],[124.607,42.171],[123.167,41.911],[121.021,41.263],[118.951,41.392],[118.871,41.392],[118.432,41.457],[118.47,41.522],[118.034,41.457],[118.072,41.522],[117.791,41.587],[117.708,41.717],[117.823,41.911],[117.701,41.976],[117.737,42.171],[117.338,42.171],[115.992,41.782],[114.808,40.809],[114.605,40.874],[114.598,41.003],[114.201,41.003],[114.236,41.068],[113.998,41.068],[114.034,41.133],[113.557,41.133],[113.593,41.198],[110.211,41.263],[110.122,41.392],[109.963,41.392],[109.997,41.457],[109.759,41.457],[109.536,41.782],[109.966,42.561],[110.712,43.863],[110.627,43.994],[110.703,44.124],[110.623,44.124],[110.699,44.255],[110.449,44.516],[110.527,44.647],[110.107,45.17],[110.186,45.3],[109.767,45.824],[109.846,45.955],[109.552,46.415],[109.388,46.415],[109.303,46.677],[108.891,46.809],[108.971,46.94],[108.763,47.269],[108.598,47.269],[108.556,47.466],[108.391,47.466],[108.432,47.664],[108.597,47.796],[108.514,47.796],[108.598,47.928],[108.515,47.928],[108.848,48.192],[108.765,48.192],[108.85,48.324],[108.767,48.324],[108.852,48.456],[108.729,48.522],[108.815,48.654],[108.612,48.853],[108.616,48.985],[108.449,48.985],[108.629,49.383],[108.713,49.383],[109.381,49.383],[109.336,49.316],[109.753,49.316],[109.709,49.25],[110.877,49.25],[111.347,49.449],[112.86,49.582],[113.311,49.98],[114.141,50.313],[114.814,50.313],[114.764,50.246],[115.016,50.246],[114.967,50.179],[115.372,50.046],[115.323,49.98],[115.575,49.98],[115.526,49.914],[116.043,50.046],[116.581,49.98]]]]}},{"type":"Feature","id":"cliopatria-0b76f6850a5b12dcb828307e","properties":{"NAME":"Southern Xiongnu","ABBREVN":null,"CONTROL":null,"SUBJECTO":"Southern Xiongnu","PARTOF":null,"BORDERPRECISION":1,"FromYear":60,"ToYear":90,"Area":186875.1347635227,"Type":"POLITY","Wikipedia":"Xiongnu","Wikidata":"Q188836","SeshatID":"","Components":"","MemberOf":"","sourceFeatureId":"cliopatria-0b76f6850a5b12dcb828307e","datasetId":"cliopatria"},"geometry":{"type":"MultiPolygon","coordinates":[[[[114.772,40.744],[114.974,40.679],[114.561,40.355],[113.488,40.42],[112.787,40.291],[112.821,40.355],[111.872,40.355],[111.906,40.42],[110.56,40.42],[109.736,40.355],[108.387,40.032],[108.054,39.838],[107.678,39.385],[107.442,39.385],[107.329,39.644],[107.062,39.579],[106.09,38.674],[104.963,38.61],[104.991,38.674],[104.393,38.739],[104.293,38.868],[103.608,38.739],[103.939,39.126],[104.698,39.579],[104.57,39.644],[104.583,39.838],[104.267,39.838],[103.407,39.514],[103.631,40.161],[104.024,40.809],[104.746,41.457],[105.425,41.847],[106.863,42.301],[107.813,42.431],[109.333,42.431],[109.966,42.561],[109.536,41.782],[109.759,41.457],[109.997,41.457],[109.963,41.392],[110.122,41.392],[110.211,41.263],[113.593,41.198],[113.557,41.133],[114.034,41.133],[113.998,41.068],[114.236,41.068],[114.201,41.003],[114.598,41.003],[114.605,40.874],[114.808,40.809],[114.772,40.744]]]]}},{"type":"Feature","id":"cliopatria-e5f68b1b8b91f7f8349482fd","properties":{"NAME":"Goguryeo","ABBREVN":null,"CONTROL":null,"SUBJECTO":"Goguryeo","PARTOF":null,"BORDERPRECISION":1,"FromYear":60,"ToYear":153,"Area":94662.77077722776,"Type":"POLITY","Wikipedia":"Goguryeo","Wikidata":"Q28370","SeshatID":"kr_goguryeo_k","Components":"","MemberOf":"","sourceFeatureId":"cliopatria-e5f68b1b8b91f7f8349482fd","datasetId":"cliopatria"},"geometry":{"type":"MultiPolygon","coordinates":[[[[129.74,41.717],[129.698,41.652],[129.777,41.652],[129.693,41.522],[129.769,41.392],[129.727,41.327],[129.088,41.198],[128.493,41.263],[128.132,41.068],[127.456,41.003],[127.376,40.874],[127.059,40.874],[126.623,40.679],[126.742,41.003],[126.187,41.133],[126.108,41.263],[125.433,41.327],[124.995,41.133],[124.678,41.133],[124.717,41.198],[124.439,41.263],[124.479,41.327],[124.24,41.327],[124.28,41.392],[124.002,41.457],[124.042,41.522],[123.564,41.652],[123.604,41.717],[123.365,41.717],[123.405,41.782],[123.127,41.847],[123.167,41.911],[124.607,42.171],[125.093,42.431],[125.173,42.431],[125.661,42.691],[126.992,42.886],[130.655,43.082],[130.61,43.017],[130.77,43.017],[130.762,42.886],[130.922,42.886],[130.745,42.626],[130.905,42.626],[130.773,42.431],[130.322,42.236],[129.74,41.717]]]]}},{"type":"Feature","id":"cliopatria-b4f82f417f66384951e79cf3","properties":{"NAME":"Han Dynasty","ABBREVN":null,"CONTROL":null,"SUBJECTO":"Han Dynasty","PARTOF":null,"BORDERPRECISION":1,"FromYear":68,"ToYear":77,"Area":3705313.3666713904,"Type":"POLITY","Wikipedia":"Han dynasty","Wikidata":"Q1068371","SeshatID":"cn_eastern_han_dyn","Components":"","MemberOf":"","sourceFeatureId":"cliopatria-b4f82f417f66384951e79cf3","datasetId":"cliopatria"},"geometry":{"type":"MultiPolygon","coordinates":[[[[109.862,18.35],[109.841,18.222],[109.25,18.222],[109.123,18.35],[108.765,18.415],[108.638,18.543],[108.704,19.379],[109.203,19.701],[109.246,19.958],[110.157,20.086],[110.591,20.022],[110.613,20.151],[110.909,20.151],[111.087,19.893],[111.032,19.572],[110.884,19.572],[110.851,19.379],[110.681,19.251],[110.508,18.672],[110.19,18.543],[110.179,18.479],[109.862,18.35]]],[[[121.021,41.263],[123.167,41.911],[123.127,41.847],[123.405,41.782],[123.365,41.717],[123.604,41.717],[123.564,41.652],[124.042,41.522],[124.002,41.457],[124.28,41.392],[124.24,41.327],[124.479,41.327],[124.439,41.263],[124.717,41.198],[124.678,41.133],[124.995,41.133],[125.433,41.327],[126.108,41.263],[126.187,41.133],[126.742,41.003],[126.623,40.679],[126.425,40.614],[126.269,40.355],[126.432,40.096],[126.709,40.032],[126.832,39.838],[126.728,39.385],[126.964,39.385],[126.854,39.191],[127.023,38.933],[126.937,38.351],[126.348,37.835],[126.27,37.835],[125.845,37.771],[125.835,37.9],[125.678,37.9],[125.387,37.642],[125.231,37.642],[125.298,37.771],[125.209,37.9],[124.897,37.9],[125.077,38.093],[124.764,38.093],[124.866,38.287],[124.788,38.287],[124.961,38.61],[125.153,38.674],[125.189,38.739],[125.032,38.739],[125.39,39.385],[125.306,39.514],[124.87,39.579],[124.865,39.708],[124.512,39.644],[124.345,39.902],[124.034,39.773],[123.597,39.838],[122.936,39.644],[122.17,39.256],[121.952,38.997],[121.716,38.997],[121.422,38.739],[121.029,38.739],[121.201,39.062],[121.515,39.062],[121.69,39.385],[121.297,39.385],[121.21,39.514],[121.281,39.644],[121.438,39.644],[121.503,39.902],[121.776,39.967],[122.231,40.485],[122.106,40.679],[121.827,40.744],[121.824,40.874],[121.11,40.874],[120.997,40.679],[120.647,40.485],[120.5,40.226],[119.38,39.773],[119.215,39.32],[118.989,39.191],[118.45,39.062],[118.057,39.062],[118.046,39.191],[117.776,39.126],[117.576,38.739],[117.655,38.739],[117.602,38.481],[117.759,38.481],[117.773,38.351],[118.054,38.287],[118.067,38.158],[118.583,38.093],[118.648,38.222],[118.804,38.222],[118.772,38.158],[119.457,37.964],[119.393,37.835],[119.237,37.835],[118.984,37.319],[119.14,37.319],[119.156,37.19],[119.701,37.19],[119.827,37.448],[120.202,37.577],[120.188,37.706],[120.754,37.9],[121.112,37.835],[121.171,37.642],[121.483,37.642],[121.497,37.513],[122.154,37.577],[122.121,37.513],[122.713,37.448],[122.474,37.126],[122.566,36.997],[122.394,36.804],[121.912,36.933],[121.212,36.61],[120.979,36.61],[120.965,36.417],[120.732,36.417],[120.659,36.095],[120.318,36.031],[119.986,35.645],[119.619,35.516],[119.228,34.808],[119.459,34.808],[119.431,34.744],[119.711,34.679],[119.732,34.551],[120.342,34.358],[120.489,34.165],[120.55,33.586],[120.926,33.2],[120.919,32.622],[121.403,32.493],[121.503,32.172],[121.961,31.979],[121.937,31.722],[121.836,31.658],[121.301,31.85],[120.919,31.85],[121.454,31.658],[121.481,31.529],[121.634,31.529],[121.584,31.4],[121.737,31.4],[121.995,31.079],[121.899,30.822],[121.519,30.822],[121.197,30.565],[121.045,30.565],[120.68,30.179],[120.809,30.115],[121.105,30.308],[121.484,30.308],[121.62,30.051],[122.03,29.922],[121.865,29.665],[122.016,29.665],[121.938,29.215],[121.712,29.215],[121.745,29.537],[121.571,29.472],[121.647,29.472],[121.539,29.151],[121.744,29.087],[121.714,28.765],[121.522,28.637],[121.652,28.572],[121.646,28.315],[121.153,28.187],[121.193,28.315],[121.118,28.315],[121.038,28.058],[120.868,27.994],[120.715,27.737],[120.657,27.544],[120.733,27.544],[120.545,27.158],[120.395,27.158],[120.247,26.901],[120.096,26.901],[120.061,26.772],[120.211,26.772],[120.158,26.579],[119.84,26.515],[119.938,26.322],[119.587,26.129],[119.778,26.001],[119.53,25.615],[119.904,25.615],[119.872,25.486],[119.466,25.358],[119.423,25.486],[119.273,25.486],[119.391,25.358],[119.344,25.165],[119.029,25.101],[119.074,24.972],[118.819,24.844],[118.76,24.586],[118.147,24.522],[118.076,24.201],[117.721,23.943],[117.694,23.815],[117.47,23.815],[117.179,23.493],[116.894,23.558],[116.78,23.365],[116.815,23.172],[116.591,23.172],[116.54,22.915],[115.696,22.786],[115.671,22.658],[115.373,22.658],[115.174,22.786],[114.902,22.529],[114.753,22.529],[114.641,22.722],[114.531,22.143],[114.37,22.079],[113.999,22.079],[113.996,22.465],[113.785,22.529],[113.747,22.722],[113.599,22.722],[113.699,22.465],[113.639,22.143],[113.416,22.143],[113.318,22.015],[113.106,22.079],[113.071,21.886],[112.774,21.886],[112.441,21.693],[111.859,21.758],[111.664,21.501],[110.984,21.436],[110.739,21.308],[110.716,21.179],[110.419,21.179],[110.483,21.115],[110.364,20.858],[110.616,20.601],[110.487,20.279],[109.883,20.215],[109.927,20.472],[109.789,20.536],[109.77,20.858],[109.696,20.858],[109.87,21.436],[109.807,21.501],[109.116,21.372],[109.086,21.629],[108.652,21.693],[108.555,21.565],[107.79,21.436],[107.417,20.986],[106.961,20.922],[106.834,20.601],[106.685,20.601],[106.537,20.151],[105.965,19.829],[105.734,18.865],[106.051,18.543],[106.031,18.415],[106.178,18.415],[106.295,18.222],[106.57,18.093],[106.571,17.643],[106.772,17.515],[106.752,17.386],[107.026,17.258],[106.765,17],[106.534,16.936],[105.144,18.415],[105.185,18.672],[105.037,18.672],[105.142,18.865],[105.015,18.993],[105.014,19.443],[104.94,19.443],[104.992,19.765],[104.865,19.893],[104.981,20.151],[104.44,20.472],[104.619,20.665],[104.905,20.601],[104.873,20.858],[105.096,20.858],[104.851,21.179],[104.979,21.501],[104.926,21.629],[105.096,21.758],[105.128,21.951],[104.874,22.208],[105.249,22.658],[105.175,22.658],[105.22,22.915],[105.117,23.172],[104.956,23.108],[104.905,23.236],[103.426,23.301],[102.852,23.429],[102.474,23.815],[102.325,23.815],[102.086,24.136],[101.811,24.265],[101.462,25.165],[101.398,25.936],[101.196,26.387],[101.09,27.544],[101.014,27.544],[101.05,27.994],[100.915,28.058],[101.039,28.251],[100.964,28.251],[101.03,28.508],[100.955,28.508],[101.022,28.765],[100.881,29.087],[100.951,29.344],[100.875,29.344],[100.964,29.665],[100.889,29.665],[100.961,29.922],[100.885,29.922],[100.978,30.244],[100.902,30.244],[101.015,30.629],[100.939,30.629],[101.055,31.015],[100.979,31.015],[101.687,32.75],[102.552,33.264],[103.034,33.329],[103.332,33.522],[103.493,33.972],[103.355,34.229],[103.527,34.486],[103.45,34.486],[103.735,35.451],[103.63,35.58],[103.649,36.224],[103.467,36.353],[103.518,36.482],[103.389,36.546],[103.44,36.675],[103.311,36.739],[103.363,36.868],[103.208,37.062],[102.871,37.19],[102.611,37.126],[102.586,37.255],[102.171,37.384],[102.172,37.577],[102.043,37.642],[102.096,37.771],[101.833,37.513],[101.626,37.577],[101.601,37.706],[101.315,37.771],[101.29,37.9],[100.796,38.029],[100.799,38.222],[100.642,38.222],[100.386,38.545],[100.414,38.61],[100.687,39.062],[101.165,39.256],[101.559,39.256],[101.63,39.062],[102.173,38.868],[103.132,39.256],[103.407,39.514],[104.267,39.838],[104.583,39.838],[104.57,39.644],[104.698,39.579],[103.939,39.126],[103.608,38.739],[104.293,38.868],[104.393,38.739],[104.991,38.674],[104.963,38.61],[106.09,38.674],[107.062,39.579],[107.329,39.644],[107.442,39.385],[107.678,39.385],[108.054,39.838],[108.387,40.032],[109.736,40.355],[110.56,40.42],[111.906,40.42],[111.872,40.355],[112.821,40.355],[112.787,40.291],[113.488,40.42],[114.561,40.355],[114.974,40.679],[114.772,40.744],[114.808,40.809],[115.992,41.782],[117.338,42.171],[117.737,42.171],[117.701,41.976],[117.823,41.911],[117.708,41.717],[117.791,41.587],[118.072,41.522],[118.034,41.457],[118.47,41.522],[118.432,41.457],[118.871,41.392],[118.951,41.392],[121.021,41.263]]],[[[122.273,30.179],[122.28,29.987],[121.977,29.987],[122.022,30.115],[122.045,30.179],[122.273,30.179]]],[[[80.214,42.431],[80.188,42.366],[80.163,42.301],[80.083,42.301],[80.108,42.366],[80.134,42.431],[80.214,42.431]]]]}},{"type":"Feature","id":"cliopatria-54a80ba2bbfc986cf2b9b2e3","properties":{"NAME":"Kingdom of Commagene","ABBREVN":null,"CONTROL":null,"SUBJECTO":"Kingdom of Commagene","PARTOF":null,"BORDERPRECISION":1,"FromYear":68,"ToYear":77,"Area":9768.949537483648,"Type":"POLITY","Wikipedia":"Commagene","Wikidata":"Q332137","SeshatID":"","Components":"","MemberOf":"","sourceFeatureId":"cliopatria-54a80ba2bbfc986cf2b9b2e3","datasetId":"cliopatria"},"geometry":{"type":"MultiPolygon","coordinates":[[[[38.732,37.706],[38.74,37.771],[38.662,37.771],[38.583,37.771],[38.505,37.771],[38.427,37.771],[38.46,38.029],[38.32,38.158],[38.361,38.481],[38.726,38.868],[38.962,38.868],[39.25,38.674],[39.232,38.545],[39.511,38.287],[39.415,38.158],[39.46,37.9],[39.122,37.706],[38.732,37.706]]]]}},{"type":"Feature","id":"cliopatria-471fb2f3ad7ae3f7684cf1c3","properties":{"NAME":"Roman Empire","ABBREVN":null,"CONTROL":null,"SUBJECTO":"Roman Empire","PARTOF":null,"BORDERPRECISION":1,"FromYear":68,"ToYear":77,"Area":4211152.001108708,"Type":"POLITY","Wikipedia":"Roman Empire","Wikidata":"Q12544","SeshatID":"it_roman_principate","Components":"","MemberOf":"","sourceFeatureId":"cliopatria-471fb2f3ad7ae3f7684cf1c3","datasetId":"cliopatria"},"geometry":{"type":"MultiPolygon","coordinates":[[[[2.61,34.422],[2.533,34.422],[2.531,34.486],[2.608,34.486],[2.61,34.422]]],[[[14.34,36.031],[14.417,36.031],[14.571,35.966],[14.568,35.773],[14.337,35.838],[14.34,36.031]]],[[[7.24,50.712],[7.324,50.712],[7.329,50.512],[7.761,49.914],[8.175,50.246],[8.512,50.113],[8.516,49.847],[8.433,49.847],[8.52,49.582],[8.353,49.582],[8.277,49.118],[8.112,49.051],[8.197,48.919],[7.868,48.72],[7.871,48.588],[7.707,48.456],[7.559,47.598],[8.549,47.664],[8.547,47.796],[8.877,47.796],[8.957,48.06],[9.121,48.192],[9.782,48.39],[9.864,48.522],[9.947,48.522],[9.947,48.588],[10.03,48.588],[10.03,48.522],[10.445,48.522],[10.943,48.787],[11.193,48.787],[11.861,49.184],[12.609,48.985],[12.938,48.72],[13.519,48.654],[14.258,48.258],[14.672,48.258],[14.841,48.39],[15.499,48.192],[16.663,48.324],[16.904,48.126],[17.072,48.192],[17.067,48.06],[17.635,47.796],[18.626,47.796],[18.798,47.928],[18.957,47.796],[18.95,47.664],[19.269,47.466],[19.173,47.203],[18.923,47.137],[18.998,47.006],[18.834,47.006],[18.824,46.809],[18.906,46.809],[18.896,46.612],[19.05,46.415],[18.952,46.087],[18.87,46.087],[18.949,46.021],[18.854,45.759],[19.011,45.628],[18.926,45.562],[18.998,45.366],[20.218,45.366],[20.37,45.17],[20.61,45.104],[20.521,44.973],[20.671,44.777],[21.41,44.908],[21.64,44.712],[21.884,44.712],[22.032,44.516],[22.194,44.516],[22.37,44.712],[22.694,44.712],[22.766,44.581],[22.518,44.516],[22.509,44.385],[22.975,44.124],[22.876,43.863],[23.526,43.929],[23.924,43.863],[24.075,43.733],[24.806,43.798],[25.52,43.668],[26.368,44.124],[27.748,44.19],[27.93,44.385],[27.849,44.385],[27.869,44.581],[27.707,44.581],[27.727,44.777],[27.889,44.777],[27.922,45.104],[27.767,45.17],[27.787,45.366],[28.038,45.431],[28.051,45.562],[28.289,45.497],[28.275,45.366],[28.431,45.3],[29.177,45.431],[29.288,45.693],[29.815,46.021],[30.107,46.415],[30.975,46.809],[31.082,47.006],[31.567,46.94],[31.533,46.677],[30.877,46.677],[30.298,45.955],[30.045,45.89],[29.859,45.693],[29.614,45.693],[29.584,45.431],[29.666,45.431],[29.525,44.908],[29.024,44.777],[29.046,44.973],[28.802,44.973],[28.841,44.581],[28.577,44.385],[28.536,43.994],[28.616,43.994],[28.481,43.472],[28.159,43.472],[28.226,43.342],[27.898,43.277],[27.805,43.147],[27.847,42.756],[27.514,42.626],[27.495,42.431],[27.796,42.236],[27.784,42.106],[28.004,41.911],[27.979,41.652],[28.218,41.652],[28.279,41.457],[28.505,41.327],[28.976,41.263],[28.963,41.133],[30.479,41.198],[30.624,41.068],[31.18,41.068],[31.534,41.392],[32.027,41.522],[32.042,41.652],[32.193,41.587],[32.695,41.782],[32.631,41.911],[34.785,41.911],[34.882,42.041],[35.121,42.041],[35.157,41.717],[35.954,41.717],[36.209,41.263],[36.775,41.327],[37.065,41.133],[37.233,41.198],[37.215,41.068],[37.771,41.068],[37.831,40.938],[38.158,41.003],[38.298,40.874],[38.783,40.938],[39.051,41.133],[39.736,40.938],[40.37,40.938],[40.391,41.068],[40.539,41.003],[41.047,41.198],[41.159,41.392],[41.307,41.327],[41.408,41.457],[41.567,41.457],[41.815,41.976],[41.735,41.976],[41.758,42.106],[41.598,42.106],[41.701,42.236],[41.483,42.366],[41.609,42.626],[41.334,42.886],[41.173,42.886],[41.116,43.017],[40.817,43.147],[40.416,43.147],[40.219,43.407],[39.978,43.407],[40.081,43.538],[40.161,43.538],[40.599,43.277],[41.001,43.277],[41.208,43.082],[41.666,42.951],[41.803,42.821],[41.78,42.691],[41.998,42.561],[42.01,41.717],[41.705,41.327],[41.625,41.327],[41.614,41.263],[41.535,41.263],[41.45,40.744],[40.953,40.614],[40.398,40.096],[38.79,39.902],[38.93,39.773],[38.745,39.579],[38.954,39.385],[38.726,38.868],[38.361,38.481],[38.32,38.158],[38.46,38.029],[38.427,37.771],[37.989,37.384],[37.958,37.126],[38.176,36.997],[38.133,35.966],[38.428,35.838],[39.497,35.709],[39.938,35.516],[40.062,35.258],[40.278,35.13],[40.263,35.001],[40.479,34.872],[40.55,34.165],[40.473,34.165],[40.311,34.1],[40.403,34.229],[40.257,34.293],[39.124,34.486],[37.99,33.972],[37.739,33.779],[37.726,33.65],[37.573,33.65],[37.073,33.264],[37.054,33.072],[36.901,33.072],[36.717,32.75],[36.751,32.3],[36.516,32.236],[36.656,32.107],[36.492,31.979],[36.463,31.658],[36.387,31.658],[36.423,31.208],[36.271,31.208],[36.401,30.951],[36.151,30.694],[36.146,30.629],[35.842,30.629],[35.593,30.372],[34.389,30.501],[34.303,30.372],[33.151,30.179],[32.602,29.922],[32.526,29.922],[32.429,29.601],[32.639,29.344],[32.689,28.958],[32.836,28.894],[33.105,28.38],[33.609,27.994],[33.585,27.608],[33.799,27.415],[33.927,27.029],[34.073,26.965],[34.051,26.579],[34.197,26.515],[34.461,25.872],[34.608,25.808],[35.146,24.651],[35.86,24.008],[35.854,23.879],[35.559,23.943],[35.553,23.815],[35.108,23.879],[33.756,23.686],[33.682,23.686],[33.389,23.815],[32.041,23.686],[31.67,23.751],[30.537,23.365],[30.463,23.365],[30.395,23.558],[30.104,23.751],[30.109,23.879],[29.959,23.879],[29.673,24.201],[28.569,24.651],[28.289,25.165],[28.244,25.936],[28.345,26.579],[28.27,26.579],[28.154,27.351],[27.937,27.544],[27.711,27.544],[27.792,27.672],[27.43,27.994],[27.276,27.93],[27.285,28.122],[27.14,28.251],[25.586,28.958],[25.373,29.279],[25.147,29.279],[25.001,29.408],[24.847,29.344],[24.779,29.537],[24.33,29.665],[23.962,29.922],[23.51,29.987],[22.916,30.308],[22.762,30.244],[22.767,30.372],[21.939,30.565],[20.952,30.565],[18.735,29.987],[17.905,30.179],[16.701,30.694],[15.49,30.951],[15.184,30.886],[15.187,31.079],[14.584,31.529],[14.586,31.658],[14.284,31.915],[13.6,32.172],[13.066,32.172],[13.067,32.3],[11.768,32.3],[11.768,32.429],[11.539,32.429],[11.463,32.557],[11.31,32.493],[11.157,32.686],[10.392,33.007],[10.009,33.007],[10.085,33.136],[9.625,33.136],[9.547,33.329],[9.624,33.457],[9.316,33.586],[9.238,33.843],[9.083,33.907],[9.083,34.036],[8.929,34.036],[8.928,34.165],[8.311,34.293],[8.081,34.229],[8.002,34.422],[7.615,34.551],[7.153,34.486],[6.92,34.615],[6.459,34.551],[6.148,34.679],[5.377,34.679],[5.149,34.551],[4.454,34.615],[3.843,34.422],[3.456,34.486],[2.921,34.358],[2.45,34.615],[1.294,34.615],[0.685,34.422],[0.451,34.486],[0.303,34.358],[-1.237,34.358],[-1.305,34.165],[-1.539,34.229],[-1.61,34.1],[-1.693,34.229],[-2.001,34.229],[-3.763,34.1],[-4.141,33.972],[-4.21,33.843],[-4.367,33.907],[-5.039,33.586],[-5.274,33.65],[-5.799,33.457],[-6.033,33.522],[-6.634,33.329],[-6.703,33.2],[-6.937,33.264],[-7.528,32.943],[-8.064,32.943],[-8.073,33.072],[-8.475,33.329],[-7.13,33.843],[-7.062,33.972],[-6.904,33.907],[-6.614,34.165],[-6.7,34.293],[-6.473,34.358],[-6.482,34.486],[-6.332,34.551],[-6.277,34.872],[-6.2,34.872],[-6.291,35.065],[-6.132,35.001],[-6.145,35.194],[-6,35.323],[-5.877,35.773],[-5.339,35.838],[-5.24,35.516],[-4.755,35.194],[-3.132,35.194],[-2.982,35.258],[-2.993,35.451],[-2.838,35.451],[-2.82,35.13],[-2.662,35.065],[-1.89,35.065],[-1.591,35.258],[-1.359,35.258],[-1.136,35.451],[-1.224,35.645],[-1.066,35.58],[-0.917,35.709],[-0.53,35.709],[-0.459,35.838],[0.084,35.838],[0.376,36.224],[0.684,36.288],[0.678,36.417],[0.914,36.353],[1.216,36.546],[1.53,36.482],[2.377,36.675],[2.69,36.61],[2.841,36.739],[3.23,36.739],[3.459,36.868],[3.85,36.804],[4.235,36.933],[4.859,36.868],[5.098,36.675],[5.564,36.675],[5.639,36.804],[6.106,36.804],[6.103,36.933],[6.334,37.062],[6.805,36.868],[7.194,36.868],[7.346,37.062],[7.502,37.062],[7.738,36.868],[8.516,36.868],[8.903,37.126],[9.059,37.062],[9.37,37.255],[9.759,37.319],[9.993,37.19],[10.227,37.255],[10.228,37.062],[10.305,37.062],[10.228,36.804],[10.462,36.739],[11.006,36.997],[11.006,36.804],[10.462,36.417],[10.54,36.353],[10.464,35.902],[10.696,35.709],[10.851,35.773],[10.928,35.58],[11.083,35.58],[11.083,35.387],[11.006,35.387],[11.083,35.001],[10.851,34.937],[10.851,34.808],[10.543,34.551],[10.004,34.293],[10.082,34.229],[10.006,33.907],[10.237,33.715],[10.544,33.715],[10.698,33.522],[11.082,33.586],[11.158,33.2],[11.464,33.2],[12.229,32.814],[12.612,32.879],[12.535,32.75],[12.841,32.75],[12.842,32.879],[13.302,32.943],[13.454,32.814],[13.761,32.879],[13.759,32.75],[14.065,32.75],[14.444,32.493],[14.675,32.557],[14.749,32.429],[15.055,32.429],[15.282,32.3],[15.425,31.658],[15.576,31.593],[15.649,31.4],[16.179,31.208],[16.864,31.208],[17.847,30.951],[18.222,30.758],[18.592,30.372],[18.896,30.372],[18.969,30.244],[19.655,30.372],[19.964,30.565],[19.968,30.694],[20.202,30.886],[20.134,31.143],[20.214,31.272],[19.996,31.593],[20.089,32.107],[20.017,32.236],[20.246,32.236],[20.331,32.493],[20.482,32.429],[20.563,32.557],[20.716,32.557],[20.644,32.686],[20.871,32.622],[21.108,32.814],[21.412,32.75],[21.879,32.943],[23.089,32.622],[23.081,32.429],[23.231,32.365],[23.149,32.236],[23.299,32.172],[23.68,32.172],[24.129,31.979],[24.892,31.979],[25.112,31.786],[25.102,31.593],[25.248,31.465],[26.848,31.465],[27.297,31.336],[27.515,31.143],[28.496,31.015],[28.865,30.822],[29.397,30.822],[29.485,31.015],[29.633,30.951],[29.87,31.079],[29.802,31.208],[29.882,31.272],[30.339,31.272],[30.271,31.4],[30.352,31.465],[30.809,31.465],[30.966,31.529],[30.975,31.658],[31.203,31.658],[31.118,31.529],[31.266,31.465],[31.875,31.465],[31.781,31.208],[31.937,31.272],[32,31.079],[32.304,31.079],[32.237,31.208],[32.389,31.208],[32.532,31.079],[32.765,31.143],[32.832,31.015],[33.983,31.143],[34.297,31.272],[34.308,31.4],[34.547,31.529],[34.552,31.593],[34.557,31.658],[34.633,31.658],[34.573,31.85],[34.813,31.979],[34.742,32.043],[34.748,32.107],[34.753,32.172],[34.863,32.557],[35.022,32.622],[35.056,33.007],[35.215,33.072],[35.398,33.393],[35.346,33.65],[35.499,33.65],[35.447,33.907],[35.684,33.972],[35.644,34.358],[35.792,34.293],[36.049,34.551],[36.068,34.744],[35.927,34.872],[35.96,35.194],[35.882,35.194],[35.993,35.516],[35.845,35.58],[35.99,36.224],[35.842,36.288],[36.265,36.61],[36.286,36.804],[36.145,36.933],[35.834,36.933],[35.488,36.61],[35.113,36.739],[34.95,36.675],[34.893,36.868],[34.582,36.868],[34.251,36.675],[33.979,36.288],[33.274,36.224],[32.713,36.031],[32.558,36.031],[32.499,36.224],[32.068,36.61],[31.086,36.933],[30.619,36.933],[30.492,36.353],[30.026,36.353],[29.938,36.224],[29.24,36.224],[29.125,36.739],[28.736,36.739],[28.591,36.868],[28.357,36.868],[28.187,36.675],[28.031,36.675],[28.138,37.062],[28.065,37.126],[27.598,37.126],[27.539,37.384],[27.223,37.319],[27.31,37.448],[27.163,37.577],[27.256,37.771],[27.178,37.771],[27.275,38.029],[26.889,38.093],[26.82,38.222],[26.429,38.222],[26.384,38.674],[26.536,38.61],[26.595,38.351],[27.065,38.351],[27.08,38.545],[26.849,38.61],[26.958,38.997],[26.879,38.997],[26.894,39.191],[26.742,39.256],[26.847,39.579],[26.132,39.514],[26.272,40.291],[26.605,40.485],[26.684,40.485],[26.673,40.355],[27.47,40.42],[27.538,40.291],[27.696,40.291],[27.792,40.485],[27.95,40.485],[27.939,40.355],[29.046,40.355],[28.9,40.485],[28.913,40.614],[29.48,40.744],[29.493,40.874],[29.249,40.809],[29.103,40.938],[29.116,41.068],[28.633,41.003],[28.169,41.133],[28.077,41.003],[27.527,41.068],[27.017,40.679],[26.921,40.485],[26.626,40.744],[26.14,40.614],[26.082,40.874],[25.378,41.003],[24.347,41.003],[24.011,40.744],[23.698,40.809],[23.685,40.614],[23.839,40.55],[23.737,40.226],[23.267,40.291],[22.884,40.485],[22.892,40.614],[22.655,40.614],[22.56,40.355],[22.544,40.096],[22.702,40.096],[22.611,39.902],[23.135,39.45],[22.816,39.385],[22.797,39.062],[23.116,39.126],[23.108,38.997],[23.344,38.997],[23.493,38.868],[23.332,38.803],[23.025,38.933],[22.936,38.739],[23.167,38.674],[23.313,38.481],[23.626,38.481],[23.563,38.739],[24.03,38.674],[24.179,38.545],[24.159,38.222],[24.002,38.222],[23.979,37.835],[23.443,38.029],[23.208,38.029],[23.201,37.9],[23.044,37.9],[23.108,37.642],[23.342,37.642],[23.402,37.319],[23.169,37.319],[23.176,37.448],[22.949,37.577],[22.714,37.577],[22.701,37.319],[22.853,37.255],[23.056,36.675],[22.833,36.868],[22.599,36.868],[22.512,36.675],[22.356,36.675],[22.22,37.062],[21.909,37.062],[21.899,36.868],[21.744,36.868],[21.681,37.19],[21.603,37.19],[21.697,37.513],[21.244,37.835],[21.416,38.158],[21.729,38.158],[21.738,38.351],[21.193,38.416],[20.974,38.739],[20.741,38.803],[20.911,39.062],[20.297,39.385],[20.155,39.708],[19.912,39.579],[19.758,39.644],[19.764,39.773],[20,39.773],[20.009,39.967],[19.63,40.291],[19.471,40.291],[19.486,40.614],[19.249,40.614],[19.255,40.744],[19.498,40.874],[19.438,41.263],[19.523,41.392],[19.444,41.392],[19.53,41.522],[19.45,41.522],[19.542,41.782],[18.852,42.366],[18.143,42.626],[17.992,42.821],[17.593,42.886],[17.508,42.756],[17.516,42.951],[17.355,42.951],[17.365,43.212],[17.122,43.147],[17.051,43.407],[16.727,43.342],[16.734,43.538],[16.575,43.603],[15.927,43.472],[16.012,43.603],[15.857,43.798],[15.695,43.798],[15.619,43.929],[15.375,43.863],[15.459,43.994],[15.219,44.059],[15.147,44.385],[14.909,44.581],[14.919,44.973],[14.516,45.104],[14.603,45.366],[14.196,45.366],[14.189,45.039],[13.946,45.039],[13.943,44.908],[13.781,44.908],[13.706,45.235],[13.544,45.3],[13.547,45.497],[13.71,45.497],[13.715,45.759],[13.39,45.824],[13.145,45.824],[13.06,45.628],[12.817,45.693],[12.652,45.562],[12.163,45.497],[12.16,45.17],[12.403,45.039],[12.4,44.777],[12.157,44.843],[12.154,44.451],[12.313,44.19],[12.873,43.798],[13.036,43.863],[13.034,43.733],[13.355,43.668],[13.673,43.407],[13.747,43.082],[13.985,42.951],[13.901,42.756],[14.056,42.496],[14.371,42.236],[14.531,42.236],[14.608,42.106],[14.769,42.171],[14.766,42.041],[14.924,41.976],[15.165,42.041],[15.241,41.911],[16.119,41.911],[16.115,41.782],[15.874,41.717],[15.944,41.392],[17.203,41.003],[17.511,40.744],[17.981,40.614],[18.438,40.161],[18.349,39.902],[18.112,39.902],[17.813,40.355],[17.418,40.355],[17.345,40.55],[17.028,40.55],[16.868,40.485],[16.945,40.42],[16.862,40.291],[16.624,40.291],[16.697,40.096],[16.457,39.967],[16.447,39.644],[16.916,39.514],[17.07,39.385],[17.138,39.062],[16.502,38.803],[16.492,38.416],[15.933,37.964],[15.698,37.964],[15.624,38.158],[15.389,38.158],[15.066,37.642],[15.059,37.255],[15.214,37.19],[15.05,36.739],[14.661,36.739],[14.278,37.126],[13.578,37.255],[13.192,37.577],[12.49,37.706],[12.492,37.9],[12.65,38.093],[13.04,38.029],[13.12,38.158],[13.355,38.158],[13.665,37.964],[14.056,37.964],[15.862,38.287],[15.95,38.674],[16.265,38.739],[16.27,38.933],[16.117,39.062],[15.899,39.773],[15.666,39.902],[15.748,40.032],[15.432,40.032],[15.199,40.226],[15.041,40.226],[14.893,40.679],[14.418,40.679],[14.422,40.874],[14.105,40.874],[13.951,41.133],[13.792,41.133],[13.715,41.263],[13,41.327],[12.922,41.457],[12.605,41.522],[12.131,41.911],[12.132,42.041],[11.813,42.106],[11.655,42.366],[11.495,42.301],[11.415,42.431],[11.255,42.431],[11.176,42.626],[11.016,42.626],[11.016,42.821],[10.535,43.082],[10.212,43.994],[9.889,43.994],[9.97,44.124],[9.727,44.124],[9.159,44.451],[8.432,44.385],[8.034,43.929],[7.15,43.733],[6.993,43.538],[6.673,43.472],[6.518,43.212],[6.278,43.147],[5.796,43.147],[5.632,43.277],[5.391,43.277],[5.387,43.407],[5.063,43.472],[4.178,43.472],[4.173,43.603],[3.851,43.603],[3.617,43.407],[3.14,43.277],[2.985,43.147],[3.01,42.561],[3.178,42.366],[3.117,41.911],[2.573,41.587],[2.334,41.587],[2.107,41.327],[1.238,41.198],[0.696,40.938],[0.709,40.679],[0.248,40.42],[0.183,40.161],[-0.126,40.032],[-0.345,39.708],[-0.314,39.126],[0.099,38.739],[-0.661,38.287],[-0.803,38.029],[-0.705,37.642],[-1.709,37.448],[-1.623,37.319],[-1.857,37.319],[-2.062,36.804],[-2.532,36.868],[-2.68,36.739],[-4.469,36.739],[-4.689,36.546],[-5.228,36.482],[-5.288,36.224],[-5.662,36.031],[-5.831,36.224],[-6.064,36.224],[-6.33,36.675],[-6.35,36.933],[-6.588,36.997],[-6.842,37.255],[-7.465,37.255],[-7.455,37.126],[-7.678,36.997],[-8.701,37.126],[-9.001,36.997],[-8.897,37.577],[-8.819,37.577],[-8.823,38.481],[-9.209,38.416],[-9.233,38.674],[-9.384,38.61],[-9.553,38.739],[-9.572,38.933],[-9.427,39.062],[-9.387,39.45],[-9.157,39.514],[-9.104,39.773],[-9.025,39.773],[-8.925,40.355],[-8.846,40.355],[-8.872,40.614],[-8.727,40.744],[-8.956,42.171],[-8.657,42.366],[-9.079,42.561],[-9.1,42.756],[-9.275,42.886],[-9.305,43.147],[-9.159,43.277],[-8.852,43.407],[-8.369,43.407],[-8.39,43.603],[-8.244,43.733],[-7.276,43.733],[-7.343,43.603],[-7.176,43.538],[-5.733,43.603],[-4.99,43.407],[-3.467,43.472],[-3.296,43.342],[-1.688,43.342],[-1.388,43.668],[-1.349,44.255],[-1.268,44.255],[-1.286,44.516],[-1.205,44.516],[-1.252,45.17],[-1.171,45.17],[-1.189,45.431],[-1.031,45.497],[-1.045,45.693],[-1.213,45.759],[-1.141,45.89],[-1.223,45.89],[-1.252,46.283],[-1.666,46.349],[-2.014,46.612],[-2.025,46.743],[-2.194,46.809],[-2.139,47.137],[-2.232,47.269],[-2.562,47.269],[-2.578,47.466],[-2.826,47.466],[-2.837,47.598],[-3.156,47.466],[-3.344,47.73],[-3.757,47.73],[-3.935,47.862],[-4.424,47.796],[-4.692,47.994],[-4.705,48.126],[-4.546,48.192],[-4.643,48.324],[-4.891,48.324],[-4.912,48.522],[-4.6,48.72],[-3.852,48.72],[-3.455,48.919],[-3.122,48.919],[-2.759,48.588],[-2.522,48.72],[-1.602,48.654],[-1.718,49.051],[-1.635,49.051],[-1.652,49.25],[-1.913,49.383],[-2.032,49.781],[-1.362,49.781],[-1.251,49.449],[0.007,49.383],[-0.012,49.648],[0.224,49.847],[1.053,49.98],[1.455,50.246],[1.425,50.712],[1.656,51.046],[2.578,51.179],[2.739,51.313],[3.41,51.447],[3.399,51.647],[3.739,51.647],[3.647,51.781],[3.98,51.915],[4.056,52.116],[4.232,51.982],[5.248,52.116],[5.934,51.982],[6.541,51.58],[6.626,51.58],[6.885,51.38],[7.065,50.979],[7.319,50.912],[7.24,50.712]]],[[[20.621,37.9],[20.699,37.9],[20.934,37.9],[20.922,37.642],[20.613,37.706],[20.621,37.9]]],[[[20.328,38.351],[20.488,38.416],[20.566,38.416],[20.795,38.287],[20.786,38.093],[20.32,38.158],[20.328,38.351]]],[[[1.274,38.803],[1.183,39.062],[1.259,39.126],[1.337,39.126],[1.652,39.126],[1.658,38.997],[1.431,38.803],[1.274,38.803]]],[[[20.07,39.579],[20.073,39.644],[20.152,39.644],[20.149,39.579],[20.07,39.579]]],[[[2.824,39.32],[2.659,39.514],[2.346,39.45],[2.338,39.644],[2.877,39.967],[2.956,39.967],[3.193,39.967],[3.198,39.838],[3.516,39.773],[3.296,39.32],[2.824,39.32]]],[[[3.82,40.096],[4.215,40.096],[4.302,39.838],[3.827,39.902],[3.741,40.096],[3.82,40.096]]],[[[9.665,40.291],[9.747,39.644],[9.669,39.644],[9.593,39.126],[9.12,39.191],[8.966,38.868],[8.73,38.868],[8.336,38.997],[8.412,39.256],[8.333,39.256],[8.33,39.514],[8.409,39.514],[8.483,39.902],[8.325,39.967],[8.4,40.291],[8.321,40.291],[8.319,40.485],[8.16,40.55],[8.155,40.938],[8.552,40.874],[9.025,41.263],[9.104,41.263],[9.502,41.198],[9.822,40.744],[9.823,40.355],[9.665,40.291]]],[[[9.578,41.976],[9.498,41.976],[9.499,41.782],[9.262,41.392],[9.104,41.327],[8.784,41.522],[8.782,41.717],[8.623,41.717],[8.7,41.911],[8.539,42.106],[8.535,42.496],[8.773,42.691],[9.173,42.756],[9.251,43.017],[9.331,43.017],[9.492,43.017],[9.493,42.756],[9.574,42.756],[9.578,41.976]]],[[[10.134,42.886],[10.214,42.886],[10.455,42.886],[10.455,42.691],[10.215,42.691],[10.134,42.886]]],[[[14.35,44.973],[14.511,44.908],[14.502,44.516],[14.261,44.581],[14.269,44.973],[14.35,44.973]]],[[[19.004,45.497],[19.007,45.562],[19.089,45.562],[19.086,45.497],[19.004,45.497]]],[[[19.166,47.072],[19.084,47.072],[19.087,47.137],[19.169,47.137],[19.166,47.072]]],[[[16.989,48.192],[16.907,48.192],[16.909,48.258],[16.992,48.258],[16.989,48.192]]],[[[16.909,48.258],[16.826,48.258],[16.829,48.324],[16.912,48.324],[16.909,48.258]]],[[[1.184,51.781],[0.844,51.781],[0.863,51.513],[0.524,51.513],[1.381,51.38],[1.394,51.179],[0.98,51.046],[0.905,50.912],[0.493,50.779],[-1.368,50.845],[-1.109,50.779],[-1.177,50.579],[-1.513,50.579],[-1.525,50.712],[-2.608,50.579],[-2.789,50.712],[-3.126,50.712],[-3.457,50.645],[-3.585,50.246],[-4.089,50.246],[-4.187,50.379],[-4.355,50.379],[-4.929,50.246],[-5.151,49.98],[-5.746,50.046],[-5.769,50.246],[-5.28,50.379],[-5.134,50.579],[-4.881,50.579],[-4.819,50.779],[-4.658,50.845],[-4.68,51.046],[-4.426,51.046],[-4.202,51.313],[-3.095,51.246],[-2.959,51.58],[-2.632,51.714],[-2.737,51.915],[-2.58,52.049],[-2.528,52.385],[-3.054,52.519],[-3.16,52.721],[-3.082,52.788],[-3.26,52.855],[-3.274,52.99],[-3.695,52.923],[-3.71,53.057],[-4.069,53.192],[-4.084,53.327],[-2.98,53.462],[-2.708,53.327],[-2.193,53.327],[-2.034,53.462],[-1.683,53.395],[-1.444,53.597],[-0.163,53.732],[0.295,53.395],[0.316,53.125],[0.07,52.99],[0.166,52.855],[0.337,52.855],[0.493,53.057],[0.922,53.057],[1.008,53.057],[1.622,52.855],[1.739,52.385],[1.425,51.982],[1.17,51.982],[1.184,51.781]]],[[[6.278,51.848],[6.193,51.848],[6.191,51.915],[6.276,51.915],[6.278,51.848]]],[[[34.087,35.001],[33.695,34.937],[33.523,34.744],[33.132,34.679],[33.044,34.551],[32.367,34.744],[32.229,34.937],[32.246,35.13],[32.555,35.13],[32.875,35.258],[32.887,35.387],[33.737,35.387],[34.31,35.709],[34.387,35.709],[34.542,35.709],[34.529,35.58],[33.957,35.258],[34.087,35.001]]],[[[24.301,35.323],[25.692,35.323],[25.681,35.13],[26.225,35.194],[26.14,35.065],[24.824,35.001],[24.757,35.194],[24.526,35.194],[24.448,35.194],[23.679,35.258],[23.615,35.516],[24.157,35.516],[24.15,35.387],[24.301,35.323]]],[[[28.017,36.482],[28.095,36.482],[28.25,36.482],[28.139,36.031],[27.743,35.902],[27.693,36.288],[28.017,36.482]]],[[[22.887,36.417],[22.965,36.417],[23.117,36.353],[23.107,36.16],[22.874,36.16],[22.887,36.417]]],[[[27.117,36.933],[27.185,36.804],[26.865,36.675],[27.039,36.933],[27.117,36.933]]],[[[25.339,37.126],[25.417,37.126],[25.573,37.126],[25.564,36.997],[25.331,36.997],[25.339,37.126]]],[[[24.361,37.706],[24.432,37.577],[24.272,37.513],[24.201,37.642],[24.283,37.706],[24.361,37.706]]],[[[24.986,37.706],[25.064,37.706],[25.22,37.706],[25.286,37.513],[25.052,37.513],[24.986,37.706]]],[[[26.08,37.706],[26.158,37.706],[26.314,37.706],[26.305,37.577],[25.988,37.513],[26.08,37.706]]],[[[24.694,38.029],[24.772,38.029],[25.068,37.771],[24.83,37.706],[24.682,37.835],[24.694,38.029]]],[[[25.821,38.481],[25.913,38.674],[25.991,38.674],[26.217,38.545],[26.111,38.158],[25.876,38.158],[25.899,38.481],[25.821,38.481]]],[[[23.563,38.739],[23.485,38.739],[23.489,38.803],[23.567,38.803],[23.563,38.739]]],[[[24.365,38.997],[24.444,38.997],[24.675,38.933],[24.662,38.739],[24.357,38.868],[24.365,38.997]]],[[[26.094,38.997],[26.103,39.126],[25.793,39.191],[26.044,39.385],[26.123,39.385],[26.511,39.32],[26.644,38.997],[26.246,38.933],[26.094,38.997]]],[[[25.067,40.032],[25.146,40.032],[25.462,40.032],[25.447,39.838],[24.974,39.838],[25.067,40.032]]],[[[35.02,45.3],[36.423,45.431],[36.373,45.104],[35.875,45.039],[35.732,45.17],[35.407,45.17],[35.297,44.973],[34.376,44.777],[33.926,44.451],[33.521,44.451],[33.467,44.647],[33.548,44.647],[33.61,45.104],[32.922,45.431],[33.936,45.693],[34.018,45.693],[34.617,45.89],[34.598,45.759],[34.742,45.628],[34.986,45.628],[35.02,45.3]]],[[[37.934,44.712],[37.528,44.712],[37.256,45.039],[36.779,45.104],[36.749,45.431],[36.912,45.431],[36.972,45.3],[37.704,45.3],[37.747,45.562],[37.595,45.628],[37.758,45.628],[37.893,45.955],[38.335,46.152],[38.368,46.349],[37.899,46.48],[37.839,46.612],[38.495,46.612],[38.622,46.874],[38.786,46.874],[38.892,47.006],[39.22,47.006],[39.197,47.335],[38.35,47.203],[38.49,47.532],[39.244,47.598],[39.715,47.466],[39.737,47.137],[39.549,47.006],[39.596,46.809],[39.432,46.809],[39.291,46.48],[39.105,46.349],[39.093,46.283],[38.862,45.89],[38.699,45.89],[38.388,45.497],[38.117,44.843],[37.934,44.712]]]]}},{"type":"Feature","id":"cliopatria-59a1b7884769b7a51eb4bfd5","properties":{"NAME":"Wusun","ABBREVN":null,"CONTROL":null,"SUBJECTO":"Wusun","PARTOF":null,"BORDERPRECISION":1,"FromYear":68,"ToYear":77,"Area":194501.44297886407,"Type":"POLITY","Wikipedia":"Wusun","Wikidata":"Q854062","SeshatID":"","Components":"","MemberOf":"","sourceFeatureId":"cliopatria-59a1b7884769b7a51eb4bfd5","datasetId":"cliopatria"},"geometry":{"type":"MultiPolygon","coordinates":[[[[78.569,45.17],[78.65,45.17],[79.545,44.973],[79.518,44.908],[80.005,44.908],[79.978,44.843],[80.41,44.712],[80.302,44.451],[80.383,44.451],[80.357,43.994],[80.735,43.538],[80.683,43.407],[80.791,43.277],[80.632,43.082],[80.471,43.082],[80.473,42.886],[80.287,42.821],[80.214,42.431],[80.134,42.431],[80.108,42.366],[80.083,42.301],[78.92,41.976],[77.875,41.522],[77.374,41.457],[77.294,41.457],[76.817,41.457],[76.864,41.587],[76.625,41.587],[76.615,41.782],[76.798,41.847],[76.16,41.847],[76.128,41.976],[76.278,42.171],[76.142,42.236],[76.158,42.496],[75.814,42.431],[75.701,42.561],[75.878,42.821],[75.629,43.017],[75.252,43.082],[75.14,43.212],[75.188,43.342],[75.108,43.342],[75.205,43.603],[74.795,43.798],[74.998,44.124],[74.563,44.255],[74.443,44.581],[74.088,44.712],[73.975,44.843],[74.024,44.973],[73.943,44.973],[74.13,45.039],[74.255,45.366],[74.117,45.431],[74.319,45.955],[74.753,46.021],[74.881,46.349],[75.533,46.546],[75.507,46.48],[77.391,46.48],[77.364,46.415],[77.61,46.415],[77.72,46.283],[77.802,46.283],[77.831,45.955],[78.022,45.824],[77.996,45.562],[78.35,45.431],[78.569,45.17]]]]}},{"type":"Feature","id":"cliopatria-eecc4a64e050719ba04ce602","properties":{"NAME":"Xiongnu","ABBREVN":null,"CONTROL":null,"SUBJECTO":"Xiongnu","PARTOF":null,"BORDERPRECISION":1,"FromYear":68,"ToYear":77,"Area":2998759.4688293007,"Type":"POLITY","Wikipedia":"Xiongnu","Wikidata":"Q188836","SeshatID":"mn_hunnu_late","Components":"","MemberOf":"","sourceFeatureId":"cliopatria-eecc4a64e050719ba04ce602","datasetId":"cliopatria"},"geometry":{"type":"MultiPolygon","coordinates":[[[[101.875,51.58],[101.829,51.513],[102.123,51.447],[102.077,51.38],[102.201,51.313],[102.11,51.179],[102.353,50.912],[102.263,50.779],[102.348,50.779],[102.383,50.579],[102.76,50.512],[102.716,50.446],[102.884,50.446],[102.84,50.379],[103.177,50.379],[103.133,50.313],[103.301,50.313],[103.257,50.246],[104.181,50.246],[105.032,50.512],[106.417,50.446],[106.372,50.379],[106.792,50.379],[106.746,50.313],[107.282,50.113],[107.236,50.046],[107.823,50.046],[107.817,49.914],[107.984,49.914],[108.055,49.648],[108.345,49.582],[108.34,49.449],[108.59,49.449],[108.546,49.383],[108.629,49.383],[108.449,48.985],[108.616,48.985],[108.612,48.853],[108.815,48.654],[108.729,48.522],[108.852,48.456],[108.767,48.324],[108.85,48.324],[108.765,48.192],[108.848,48.192],[108.515,47.928],[108.598,47.928],[108.514,47.796],[108.597,47.796],[108.432,47.664],[108.391,47.466],[108.556,47.466],[108.598,47.269],[108.763,47.269],[108.971,46.94],[108.891,46.809],[109.303,46.677],[109.388,46.415],[109.552,46.415],[109.846,45.955],[109.767,45.824],[110.186,45.3],[110.107,45.17],[110.527,44.647],[110.449,44.516],[110.699,44.255],[110.623,44.124],[110.703,44.124],[110.627,43.994],[110.712,43.863],[109.966,42.561],[109.333,42.431],[107.813,42.431],[106.863,42.301],[105.425,41.847],[104.746,41.457],[104.024,40.809],[103.631,40.161],[103.407,39.514],[103.132,39.256],[102.173,38.868],[101.63,39.062],[101.559,39.256],[101.165,39.256],[100.687,39.062],[100.414,38.61],[100.335,38.61],[100.305,38.351],[100.199,38.287],[99.862,38.416],[99.379,39.126],[99.092,39.191],[99.12,39.256],[98.958,39.062],[98.384,39.191],[98.117,38.933],[97.96,38.933],[97.857,39.062],[97.492,39.126],[97.468,39.256],[96.763,39.45],[96.681,39.256],[96.76,39.256],[96.678,39.062],[96.757,39.062],[96.677,38.868],[96.755,38.868],[96.649,38.61],[96.414,38.61],[96.31,38.739],[95.682,38.933],[95.319,39.385],[94.977,39.32],[94.506,39.514],[93.955,39.514],[93.088,39.32],[92.248,39.385],[91.123,39.126],[88.746,38.868],[87.662,38.481],[86.44,38.351],[86.081,38.222],[85.813,37.9],[85.356,37.706],[85.113,37.448],[81.031,36.61],[80.371,36.997],[79.398,37.126],[79.145,37.319],[78.424,37.513],[78.386,37.642],[78.093,37.706],[77.801,38.029],[77.841,38.158],[77.667,38.351],[77.51,38.351],[77.414,38.545],[77.258,38.545],[77.025,38.803],[74.673,39.32],[75.249,41.068],[77.35,41.392],[77.374,41.457],[77.875,41.522],[78.92,41.976],[80.083,42.301],[80.163,42.301],[80.188,42.366],[80.214,42.431],[80.287,42.821],[80.473,42.886],[80.471,43.082],[80.632,43.082],[80.791,43.277],[80.683,43.407],[80.735,43.538],[80.357,43.994],[80.383,44.451],[80.302,44.451],[80.41,44.712],[79.978,44.843],[80.005,44.908],[79.518,44.908],[79.545,44.973],[78.65,45.17],[78.569,45.17],[78.35,45.431],[77.996,45.562],[78.022,45.824],[77.831,45.955],[77.802,46.283],[77.883,46.283],[78.975,46.349],[79.086,46.612],[79.801,46.94],[85.324,48.192],[85.786,48.456],[86.399,48.522],[86.549,48.654],[86.848,48.588],[86.914,48.72],[87.667,49.051],[87.652,49.184],[87.819,49.184],[88.244,49.515],[88.746,49.515],[89.606,49.714],[89.512,49.847],[89.585,49.98],[89.837,49.98],[90.116,50.179],[90.78,50.313],[91.063,50.512],[91.315,50.512],[91.892,50.779],[92.771,50.979],[93.272,51.246],[94.708,51.647],[98.585,52.116],[98.932,52.25],[98.886,52.183],[99.267,52.116],[99.221,52.049],[99.391,52.049],[99.346,51.982],[99.686,51.982],[99.641,51.915],[100.105,51.848],[100.06,51.781],[100.739,51.781],[100.694,51.714],[100.948,51.714],[100.903,51.647],[101.073,51.647],[101.027,51.58],[101.112,51.58],[101.875,51.58]]],[[[77.829,46.349],[77.802,46.283],[77.72,46.283],[77.747,46.349],[77.829,46.349]]]]}},{"type":"Feature","id":"cliopatria-96a08e6d6cf8a116e97e4bf0","properties":{"NAME":"(Alliance between Han Dynasty and Xiongnu)","ABBREVN":null,"CONTROL":null,"SUBJECTO":"(Alliance between Han Dynasty and Xiongnu)","PARTOF":null,"BORDERPRECISION":1,"FromYear":68,"ToYear":77,"Area":6704072.835500687,"Type":"RELATION","Wikipedia":"Han dynasty","Wikidata":"Q1068371","SeshatID":"cn_eastern_han_dyn;mn_hunnu_late","Components":"Han Dynasty;Xiongnu","MemberOf":"","sourceFeatureId":"cliopatria-96a08e6d6cf8a116e97e4bf0","datasetId":"cliopatria"},"geometry":{"type":"MultiPolygon","coordinates":[[[[109.862,18.35],[109.841,18.222],[109.25,18.222],[109.123,18.35],[108.765,18.415],[108.638,18.543],[108.704,19.379],[109.203,19.701],[109.246,19.958],[110.157,20.086],[110.591,20.022],[110.613,20.151],[110.909,20.151],[111.087,19.893],[111.032,19.572],[110.884,19.572],[110.851,19.379],[110.681,19.251],[110.508,18.672],[110.19,18.543],[110.179,18.479],[109.862,18.35]]],[[[123.167,41.911],[123.127,41.847],[123.405,41.782],[123.365,41.717],[123.604,41.717],[123.564,41.652],[124.042,41.522],[124.002,41.457],[124.28,41.392],[124.24,41.327],[124.479,41.327],[124.439,41.263],[124.717,41.198],[124.678,41.133],[124.995,41.133],[125.433,41.327],[126.108,41.263],[126.187,41.133],[126.742,41.003],[126.623,40.679],[126.425,40.614],[126.269,40.355],[126.432,40.096],[126.709,40.032],[126.832,39.838],[126.728,39.385],[126.964,39.385],[126.854,39.191],[127.023,38.933],[126.937,38.351],[126.348,37.835],[126.27,37.835],[125.845,37.771],[125.835,37.9],[125.678,37.9],[125.387,37.642],[125.231,37.642],[125.298,37.771],[125.209,37.9],[124.897,37.9],[125.077,38.093],[124.764,38.093],[124.866,38.287],[124.788,38.287],[124.961,38.61],[125.153,38.674],[125.189,38.739],[125.032,38.739],[125.39,39.385],[125.306,39.514],[124.87,39.579],[124.865,39.708],[124.512,39.644],[124.345,39.902],[124.034,39.773],[123.597,39.838],[122.936,39.644],[122.17,39.256],[121.952,38.997],[121.716,38.997],[121.422,38.739],[121.029,38.739],[121.201,39.062],[121.515,39.062],[121.69,39.385],[121.297,39.385],[121.21,39.514],[121.281,39.644],[121.438,39.644],[121.503,39.902],[121.776,39.967],[122.231,40.485],[122.106,40.679],[121.827,40.744],[121.824,40.874],[121.11,40.874],[120.997,40.679],[120.647,40.485],[120.5,40.226],[119.38,39.773],[119.215,39.32],[118.989,39.191],[118.45,39.062],[118.057,39.062],[118.046,39.191],[117.776,39.126],[117.576,38.739],[117.655,38.739],[117.602,38.481],[117.759,38.481],[117.773,38.351],[118.054,38.287],[118.067,38.158],[118.583,38.093],[118.648,38.222],[118.804,38.222],[118.772,38.158],[119.457,37.964],[119.393,37.835],[119.237,37.835],[118.984,37.319],[119.14,37.319],[119.156,37.19],[119.701,37.19],[119.827,37.448],[120.202,37.577],[120.188,37.706],[120.754,37.9],[121.112,37.835],[121.171,37.642],[121.483,37.642],[121.497,37.513],[122.154,37.577],[122.121,37.513],[122.713,37.448],[122.474,37.126],[122.566,36.997],[122.394,36.804],[121.912,36.933],[121.212,36.61],[120.979,36.61],[120.965,36.417],[120.732,36.417],[120.659,36.095],[120.318,36.031],[119.986,35.645],[119.619,35.516],[119.228,34.808],[119.459,34.808],[119.431,34.744],[119.711,34.679],[119.732,34.551],[120.342,34.358],[120.489,34.165],[120.55,33.586],[120.926,33.2],[120.919,32.622],[121.403,32.493],[121.503,32.172],[121.961,31.979],[121.937,31.722],[121.836,31.658],[121.301,31.85],[120.919,31.85],[121.454,31.658],[121.481,31.529],[121.634,31.529],[121.584,31.4],[121.737,31.4],[121.995,31.079],[121.899,30.822],[121.519,30.822],[121.197,30.565],[121.045,30.565],[120.68,30.179],[120.809,30.115],[121.105,30.308],[121.484,30.308],[121.62,30.051],[122.03,29.922],[121.865,29.665],[122.016,29.665],[121.938,29.215],[121.712,29.215],[121.745,29.537],[121.571,29.472],[121.647,29.472],[121.539,29.151],[121.744,29.087],[121.714,28.765],[121.522,28.637],[121.652,28.572],[121.646,28.315],[121.153,28.187],[121.193,28.315],[121.118,28.315],[121.038,28.058],[120.868,27.994],[120.715,27.737],[120.657,27.544],[120.733,27.544],[120.545,27.158],[120.395,27.158],[120.247,26.901],[120.096,26.901],[120.061,26.772],[120.211,26.772],[120.158,26.579],[119.84,26.515],[119.938,26.322],[119.587,26.129],[119.778,26.001],[119.53,25.615],[119.904,25.615],[119.872,25.486],[119.466,25.358],[119.423,25.486],[119.273,25.486],[119.391,25.358],[119.344,25.165],[119.029,25.101],[119.074,24.972],[118.819,24.844],[118.76,24.586],[118.147,24.522],[118.076,24.201],[117.721,23.943],[117.694,23.815],[117.47,23.815],[117.179,23.493],[116.894,23.558],[116.78,23.365],[116.815,23.172],[116.591,23.172],[116.54,22.915],[115.696,22.786],[115.671,22.658],[115.373,22.658],[115.174,22.786],[114.902,22.529],[114.753,22.529],[114.641,22.722],[114.531,22.143],[114.37,22.079],[113.999,22.079],[113.996,22.465],[113.785,22.529],[113.747,22.722],[113.599,22.722],[113.699,22.465],[113.639,22.143],[113.416,22.143],[113.318,22.015],[113.106,22.079],[113.071,21.886],[112.774,21.886],[112.441,21.693],[111.859,21.758],[111.664,21.501],[110.984,21.436],[110.739,21.308],[110.716,21.179],[110.419,21.179],[110.483,21.115],[110.364,20.858],[110.616,20.601],[110.487,20.279],[109.883,20.215],[109.927,20.472],[109.789,20.536],[109.77,20.858],[109.696,20.858],[109.87,21.436],[109.807,21.501],[109.116,21.372],[109.086,21.629],[108.652,21.693],[108.555,21.565],[107.79,21.436],[107.417,20.986],[106.961,20.922],[106.834,20.601],[106.685,20.601],[106.537,20.151],[105.965,19.829],[105.734,18.865],[106.051,18.543],[106.031,18.415],[106.178,18.415],[106.295,18.222],[106.57,18.093],[106.571,17.643],[106.772,17.515],[106.752,17.386],[107.026,17.258],[106.765,17],[106.534,16.936],[105.144,18.415],[105.185,18.672],[105.037,18.672],[105.142,18.865],[105.015,18.993],[105.014,19.443],[104.94,19.443],[104.992,19.765],[104.865,19.893],[104.981,20.151],[104.44,20.472],[104.619,20.665],[104.905,20.601],[104.873,20.858],[105.096,20.858],[104.851,21.179],[104.979,21.501],[104.926,21.629],[105.096,21.758],[105.128,21.951],[104.874,22.208],[105.249,22.658],[105.175,22.658],[105.22,22.915],[105.117,23.172],[104.956,23.108],[104.905,23.236],[103.426,23.301],[102.852,23.429],[102.474,23.815],[102.325,23.815],[102.086,24.136],[101.811,24.265],[101.462,25.165],[101.398,25.936],[101.196,26.387],[101.09,27.544],[101.014,27.544],[101.05,27.994],[100.915,28.058],[101.039,28.251],[100.964,28.251],[101.03,28.508],[100.955,28.508],[101.022,28.765],[100.881,29.087],[100.951,29.344],[100.875,29.344],[100.964,29.665],[100.889,29.665],[100.961,29.922],[100.885,29.922],[100.978,30.244],[100.902,30.244],[101.015,30.629],[100.939,30.629],[101.055,31.015],[100.979,31.015],[101.687,32.75],[102.552,33.264],[103.034,33.329],[103.332,33.522],[103.493,33.972],[103.355,34.229],[103.527,34.486],[103.45,34.486],[103.735,35.451],[103.63,35.58],[103.649,36.224],[103.467,36.353],[103.518,36.482],[103.389,36.546],[103.44,36.675],[103.311,36.739],[103.363,36.868],[103.208,37.062],[102.871,37.19],[102.611,37.126],[102.586,37.255],[102.171,37.384],[102.172,37.577],[102.043,37.642],[102.096,37.771],[101.833,37.513],[101.626,37.577],[101.601,37.706],[101.315,37.771],[101.29,37.9],[100.796,38.029],[100.799,38.222],[100.642,38.222],[100.386,38.545],[100.414,38.61],[100.335,38.61],[100.305,38.351],[100.199,38.287],[99.862,38.416],[99.379,39.126],[99.092,39.191],[99.12,39.256],[98.958,39.062],[98.384,39.191],[98.117,38.933],[97.96,38.933],[97.857,39.062],[97.492,39.126],[97.468,39.256],[96.763,39.45],[96.681,39.256],[96.76,39.256],[96.678,39.062],[96.757,39.062],[96.677,38.868],[96.755,38.868],[96.649,38.61],[96.414,38.61],[96.31,38.739],[95.682,38.933],[95.319,39.385],[94.977,39.32],[94.506,39.514],[93.955,39.514],[93.088,39.32],[92.248,39.385],[91.123,39.126],[88.746,38.868],[87.662,38.481],[86.44,38.351],[86.081,38.222],[85.813,37.9],[85.356,37.706],[85.113,37.448],[81.031,36.61],[80.371,36.997],[79.398,37.126],[79.145,37.319],[78.424,37.513],[78.386,37.642],[78.093,37.706],[77.801,38.029],[77.841,38.158],[77.667,38.351],[77.51,38.351],[77.414,38.545],[77.258,38.545],[77.025,38.803],[74.673,39.32],[75.249,41.068],[77.35,41.392],[77.374,41.457],[77.875,41.522],[78.92,41.976],[80.083,42.301],[80.108,42.366],[80.134,42.431],[80.214,42.431],[80.287,42.821],[80.473,42.886],[80.471,43.082],[80.632,43.082],[80.791,43.277],[80.683,43.407],[80.735,43.538],[80.357,43.994],[80.383,44.451],[80.302,44.451],[80.41,44.712],[79.978,44.843],[80.005,44.908],[79.518,44.908],[79.545,44.973],[78.65,45.17],[78.569,45.17],[78.35,45.431],[77.996,45.562],[78.022,45.824],[77.831,45.955],[77.802,46.283],[77.883,46.283],[78.975,46.349],[79.086,46.612],[79.801,46.94],[85.324,48.192],[85.786,48.456],[86.399,48.522],[86.549,48.654],[86.848,48.588],[86.914,48.72],[87.667,49.051],[87.652,49.184],[87.819,49.184],[88.244,49.515],[88.746,49.515],[89.606,49.714],[89.512,49.847],[89.585,49.98],[89.837,49.98],[90.116,50.179],[90.78,50.313],[91.063,50.512],[91.315,50.512],[91.892,50.779],[92.771,50.979],[93.272,51.246],[94.708,51.647],[98.585,52.116],[98.932,52.25],[98.886,52.183],[99.267,52.116],[99.221,52.049],[99.391,52.049],[99.346,51.982],[99.686,51.982],[99.641,51.915],[100.105,51.848],[100.06,51.781],[100.739,51.781],[100.694,51.714],[100.948,51.714],[100.903,51.647],[101.073,51.647],[101.027,51.58],[101.112,51.58],[101.875,51.58],[101.829,51.513],[102.123,51.447],[102.077,51.38],[102.201,51.313],[102.11,51.179],[102.353,50.912],[102.263,50.779],[102.348,50.779],[102.383,50.579],[102.76,50.512],[102.716,50.446],[102.884,50.446],[102.84,50.379],[103.177,50.379],[103.133,50.313],[103.301,50.313],[103.257,50.246],[104.181,50.246],[105.032,50.512],[106.417,50.446],[106.372,50.379],[106.792,50.379],[106.746,50.313],[107.282,50.113],[107.236,50.046],[107.823,50.046],[107.817,49.914],[107.984,49.914],[108.055,49.648],[108.345,49.582],[108.34,49.449],[108.59,49.449],[108.546,49.383],[108.629,49.383],[108.449,48.985],[108.616,48.985],[108.612,48.853],[108.815,48.654],[108.729,48.522],[108.852,48.456],[108.767,48.324],[108.85,48.324],[108.765,48.192],[108.848,48.192],[108.515,47.928],[108.598,47.928],[108.514,47.796],[108.597,47.796],[108.432,47.664],[108.391,47.466],[108.556,47.466],[108.598,47.269],[108.763,47.269],[108.971,46.94],[108.891,46.809],[109.303,46.677],[109.388,46.415],[109.552,46.415],[109.846,45.955],[109.767,45.824],[110.186,45.3],[110.107,45.17],[110.527,44.647],[110.449,44.516],[110.699,44.255],[110.623,44.124],[110.703,44.124],[110.627,43.994],[110.712,43.863],[109.966,42.561],[109.333,42.431],[107.813,42.431],[106.863,42.301],[105.425,41.847],[104.746,41.457],[104.024,40.809],[103.631,40.161],[103.407,39.514],[104.267,39.838],[104.583,39.838],[104.57,39.644],[104.698,39.579],[103.939,39.126],[103.608,38.739],[104.293,38.868],[104.393,38.739],[104.991,38.674],[104.963,38.61],[106.09,38.674],[107.062,39.579],[107.329,39.644],[107.442,39.385],[107.678,39.385],[108.054,39.838],[108.387,40.032],[109.736,40.355],[110.56,40.42],[111.906,40.42],[111.872,40.355],[112.821,40.355],[112.787,40.291],[113.488,40.42],[114.561,40.355],[114.974,40.679],[114.772,40.744],[114.808,40.809],[115.992,41.782],[117.338,42.171],[117.737,42.171],[117.701,41.976],[117.823,41.911],[117.708,41.717],[117.791,41.587],[118.072,41.522],[118.034,41.457],[118.47,41.522],[118.432,41.457],[118.871,41.392],[118.951,41.392],[121.021,41.263],[123.167,41.911]]],[[[122.28,29.987],[121.977,29.987],[122.022,30.115],[122.045,30.179],[122.273,30.179],[122.28,29.987]]],[[[77.72,46.283],[77.747,46.349],[77.829,46.349],[77.802,46.283],[77.72,46.283]]]]}},{"type":"Feature","id":"cliopatria-0e4004daa708fee79fd3011e","properties":{"NAME":"Kingdom of Armenia","ABBREVN":null,"CONTROL":null,"SUBJECTO":"Kingdom of Armenia","PARTOF":null,"BORDERPRECISION":1,"FromYear":68,"ToYear":113,"Area":218264.62564183175,"Type":"POLITY","Wikipedia":"Kingdom of Armenia (antiquity)","Wikidata":"Q208404","SeshatID":"","Components":"","MemberOf":"","sourceFeatureId":"cliopatria-0e4004daa708fee79fd3011e","datasetId":"cliopatria"},"geometry":{"type":"MultiPolygon","coordinates":[[[[48.225,39.708],[48.673,39.579],[48.806,39.45],[48.782,39.32],[48.928,39.256],[48.742,38.674],[48.821,38.674],[48.807,38.158],[48.795,38.093],[48.326,38.093],[47.252,38.674],[46.121,38.481],[45.854,38.287],[45.635,37.9],[45.224,37.771],[45.174,37.448],[45.252,37.448],[45.29,37.19],[45.446,37.19],[45.251,36.933],[44.803,37.062],[44.774,37.384],[44.637,37.513],[43.945,37.577],[43.886,37.706],[42.88,37.771],[42.508,37.9],[42.03,37.835],[41.97,37.964],[41.667,38.029],[40.572,38.029],[40.547,38.416],[40.469,38.416],[40.658,39.191],[40.51,39.256],[40.478,39.579],[39.848,39.579],[39.751,39.45],[39.209,39.514],[38.954,39.385],[38.745,39.579],[38.93,39.773],[38.79,39.902],[40.398,40.096],[40.953,40.614],[41.45,40.744],[41.535,41.263],[41.614,41.263],[41.694,41.263],[41.705,41.327],[42.25,41.263],[42.363,41.457],[42.624,41.587],[42.863,41.587],[43.34,41.133],[43.976,41.133],[44.237,41.263],[45.112,41.263],[45.302,41.003],[45.595,40.874],[45.457,40.55],[45.884,40.291],[46.201,40.291],[46.256,40.161],[46.481,40.096],[46.458,39.967],[46.774,39.967],[47.066,39.838],[47.121,39.708],[48.146,39.708],[48.225,39.708]]]]}},{"type":"Feature","id":"cliopatria-642d6085cf294da6ba0b8b5e","properties":{"NAME":"Caucasian Albania","ABBREVN":null,"CONTROL":null,"SUBJECTO":"Caucasian Albania","PARTOF":null,"BORDERPRECISION":1,"FromYear":68,"ToYear":259,"Area":50113.16358892667,"Type":"POLITY","Wikipedia":"Caucasian Albania","Wikidata":"Q177076","SeshatID":"","Components":"","MemberOf":"","sourceFeatureId":"cliopatria-642d6085cf294da6ba0b8b5e","datasetId":"cliopatria"},"geometry":{"type":"MultiPolygon","coordinates":[[[[47.496,41.263],[47.986,41.327],[47.96,41.198],[48.344,41.133],[48.385,40.938],[48.2,40.809],[48.111,40.355],[48.19,40.355],[48.158,39.773],[48.146,39.708],[47.121,39.708],[47.066,39.838],[46.774,39.967],[46.458,39.967],[46.481,40.096],[46.256,40.161],[46.201,40.291],[45.884,40.291],[45.457,40.55],[45.595,40.874],[45.302,41.003],[45.112,41.263],[44.237,41.263],[44.352,41.457],[44.774,41.587],[45.075,41.911],[45.314,41.911],[45.536,42.236],[45.696,42.236],[45.683,42.171],[46.23,42.106],[46.431,41.911],[46.816,41.847],[47.35,41.327],[47.509,41.327],[47.496,41.263]]]]}},{"type":"Feature","id":"cliopatria-8bb67667113a1e1d813feab7","properties":{"NAME":"Caucasian Iberia","ABBREVN":null,"CONTROL":null,"SUBJECTO":"Caucasian Iberia","PARTOF":null,"BORDERPRECISION":1,"FromYear":68,"ToYear":259,"Area":35797.124484793574,"Type":"POLITY","Wikipedia":"Kingdom of Iberia","Wikidata":"Q19083","SeshatID":"","Components":"","MemberOf":"","sourceFeatureId":"cliopatria-8bb67667113a1e1d813feab7","datasetId":"cliopatria"},"geometry":{"type":"MultiPolygon","coordinates":[[[[44.825,42.691],[44.837,42.756],[45.158,42.756],[45.44,42.561],[45.68,42.561],[45.709,42.301],[45.696,42.236],[45.536,42.236],[45.314,41.911],[45.075,41.911],[44.774,41.587],[44.352,41.457],[44.237,41.263],[43.976,41.133],[43.34,41.133],[42.863,41.587],[42.624,41.587],[42.935,42.431],[42.718,42.561],[42.754,42.756],[42.605,42.821],[42.572,43.082],[42.492,43.082],[42.504,43.147],[42.918,43.212],[43.203,43.017],[43.74,42.886],[43.783,42.691],[44.69,42.821],[44.825,42.691]]]]}},{"type":"Feature","id":"cliopatria-d8293a85313b19a6015dda90","properties":{"NAME":"Lazica","ABBREVN":null,"CONTROL":null,"SUBJECTO":"Lazica","PARTOF":null,"BORDERPRECISION":1,"FromYear":68,"ToYear":259,"Area":18165.243728866026,"Type":"POLITY","Wikipedia":"Lazica","Wikidata":"Q136884","SeshatID":"","Components":"","MemberOf":"","sourceFeatureId":"cliopatria-d8293a85313b19a6015dda90","datasetId":"cliopatria"},"geometry":{"type":"MultiPolygon","coordinates":[[[[41.694,41.263],[41.614,41.263],[41.625,41.327],[41.705,41.327],[41.694,41.263]]],[[[42.492,43.082],[42.572,43.082],[42.605,42.821],[42.754,42.756],[42.718,42.561],[42.935,42.431],[42.624,41.587],[42.363,41.457],[42.25,41.263],[41.705,41.327],[42.01,41.717],[41.998,42.561],[41.78,42.691],[41.803,42.821],[41.666,42.951],[41.208,43.082],[41.001,43.277],[40.599,43.277],[40.161,43.538],[40.172,43.603],[41.047,43.538],[41.954,43.212],[42.528,43.277],[42.596,43.212],[42.504,43.147],[42.492,43.082]]]]}},{"type":"Feature","id":"cliopatria-1d7a0ff97a94a5490f32120e","properties":{"NAME":"Greek City-States","ABBREVN":null,"CONTROL":null,"SUBJECTO":"Greek City-States","PARTOF":null,"BORDERPRECISION":1,"FromYear":78,"ToYear":83,"Area":602.3889300473465,"Type":"POLITY","Wikipedia":"Polis","Wikidata":"Q148837","SeshatID":"","Components":"","MemberOf":"","sourceFeatureId":"cliopatria-1d7a0ff97a94a5490f32120e","datasetId":"cliopatria"},"geometry":{"type":"MultiPolygon","coordinates":[[[[24.491,40.809],[24.57,40.809],[24.808,40.809],[24.794,40.614],[24.551,40.55],[24.491,40.809]]]]}},{"type":"Feature","id":"cliopatria-55ff8305fd1c16f9ffdbaa3e","properties":{"NAME":"Han Dynasty","ABBREVN":null,"CONTROL":null,"SUBJECTO":"Han Dynasty","PARTOF":null,"BORDERPRECISION":1,"FromYear":78,"ToYear":83,"Area":3705166.149716404,"Type":"POLITY","Wikipedia":"Han dynasty","Wikidata":"Q1068371","SeshatID":"cn_eastern_han_dyn","Components":"","MemberOf":"","sourceFeatureId":"cliopatria-55ff8305fd1c16f9ffdbaa3e","datasetId":"cliopatria"},"geometry":{"type":"MultiPolygon","coordinates":[[[[109.862,18.35],[109.841,18.222],[109.25,18.222],[109.123,18.35],[108.765,18.415],[108.638,18.543],[108.704,19.379],[109.203,19.701],[109.246,19.958],[110.157,20.086],[110.591,20.022],[110.613,20.151],[110.909,20.151],[111.087,19.893],[111.032,19.572],[110.884,19.572],[110.851,19.379],[110.681,19.251],[110.508,18.672],[110.19,18.543],[110.179,18.479],[109.862,18.35]]],[[[121.021,41.263],[123.167,41.911],[123.127,41.847],[123.405,41.782],[123.365,41.717],[123.604,41.717],[123.564,41.652],[124.042,41.522],[124.002,41.457],[124.28,41.392],[124.24,41.327],[124.479,41.327],[124.439,41.263],[124.717,41.198],[124.678,41.133],[124.995,41.133],[125.433,41.327],[126.108,41.263],[126.187,41.133],[126.742,41.003],[126.623,40.679],[126.425,40.614],[126.269,40.355],[126.432,40.096],[126.709,40.032],[126.832,39.838],[126.728,39.385],[126.964,39.385],[126.854,39.191],[127.023,38.933],[126.937,38.351],[126.348,37.835],[126.27,37.835],[125.845,37.771],[125.835,37.9],[125.678,37.9],[125.387,37.642],[125.231,37.642],[125.298,37.771],[125.209,37.9],[124.897,37.9],[125.077,38.093],[124.764,38.093],[124.866,38.287],[124.788,38.287],[124.961,38.61],[125.153,38.674],[125.189,38.739],[125.032,38.739],[125.39,39.385],[125.306,39.514],[124.87,39.579],[124.865,39.708],[124.512,39.644],[124.345,39.902],[124.034,39.773],[123.597,39.838],[122.936,39.644],[122.17,39.256],[121.952,38.997],[121.716,38.997],[121.422,38.739],[121.029,38.739],[121.201,39.062],[121.515,39.062],[121.69,39.385],[121.297,39.385],[121.21,39.514],[121.281,39.644],[121.438,39.644],[121.503,39.902],[121.776,39.967],[122.231,40.485],[122.106,40.679],[121.827,40.744],[121.824,40.874],[121.11,40.874],[120.997,40.679],[120.647,40.485],[120.5,40.226],[119.38,39.773],[119.215,39.32],[118.989,39.191],[118.45,39.062],[118.057,39.062],[118.046,39.191],[117.776,39.126],[117.576,38.739],[117.655,38.739],[117.602,38.481],[117.759,38.481],[117.773,38.351],[118.054,38.287],[118.067,38.158],[118.583,38.093],[118.648,38.222],[118.804,38.222],[118.772,38.158],[119.457,37.964],[119.393,37.835],[119.237,37.835],[118.984,37.319],[119.14,37.319],[119.156,37.19],[119.701,37.19],[119.827,37.448],[120.202,37.577],[120.188,37.706],[120.754,37.9],[121.112,37.835],[121.171,37.642],[121.483,37.642],[121.497,37.513],[122.154,37.577],[122.121,37.513],[122.713,37.448],[122.474,37.126],[122.566,36.997],[122.394,36.804],[121.912,36.933],[121.212,36.61],[120.979,36.61],[120.965,36.417],[120.732,36.417],[120.659,36.095],[120.318,36.031],[119.986,35.645],[119.619,35.516],[119.228,34.808],[119.459,34.808],[119.431,34.744],[119.711,34.679],[119.732,34.551],[120.342,34.358],[120.489,34.165],[120.55,33.586],[120.926,33.2],[120.919,32.622],[121.403,32.493],[121.503,32.172],[121.961,31.979],[121.937,31.722],[121.836,31.658],[121.301,31.85],[120.919,31.85],[121.454,31.658],[121.481,31.529],[121.634,31.529],[121.584,31.4],[121.737,31.4],[121.995,31.079],[121.899,30.822],[121.519,30.822],[121.197,30.565],[121.045,30.565],[120.68,30.179],[120.809,30.115],[121.105,30.308],[121.484,30.308],[121.62,30.051],[122.03,29.922],[121.865,29.665],[122.016,29.665],[121.938,29.215],[121.712,29.215],[121.745,29.537],[121.571,29.472],[121.647,29.472],[121.539,29.151],[121.744,29.087],[121.714,28.765],[121.522,28.637],[121.652,28.572],[121.646,28.315],[121.153,28.187],[121.193,28.315],[121.118,28.315],[121.038,28.058],[120.868,27.994],[120.715,27.737],[120.657,27.544],[120.733,27.544],[120.545,27.158],[120.395,27.158],[120.247,26.901],[120.096,26.901],[120.061,26.772],[120.211,26.772],[120.158,26.579],[119.84,26.515],[119.938,26.322],[119.587,26.129],[119.778,26.001],[119.53,25.615],[119.904,25.615],[119.872,25.486],[119.466,25.358],[119.423,25.486],[119.273,25.486],[119.391,25.358],[119.344,25.165],[119.029,25.101],[119.074,24.972],[118.819,24.844],[118.76,24.586],[118.147,24.522],[118.076,24.201],[117.721,23.943],[117.694,23.815],[117.47,23.815],[117.179,23.493],[116.894,23.558],[116.78,23.365],[116.815,23.172],[116.591,23.172],[116.54,22.915],[115.696,22.786],[115.671,22.658],[115.373,22.658],[115.174,22.786],[114.902,22.529],[114.753,22.529],[114.641,22.722],[114.531,22.143],[114.37,22.079],[113.999,22.079],[113.996,22.465],[113.785,22.529],[113.747,22.722],[113.599,22.722],[113.699,22.465],[113.639,22.143],[113.416,22.143],[113.318,22.015],[113.106,22.079],[113.071,21.886],[112.774,21.886],[112.441,21.693],[111.859,21.758],[111.664,21.501],[110.984,21.436],[110.739,21.308],[110.716,21.179],[110.419,21.179],[110.483,21.115],[110.364,20.858],[110.616,20.601],[110.487,20.279],[109.883,20.215],[109.927,20.472],[109.789,20.536],[109.77,20.858],[109.696,20.858],[109.87,21.436],[109.807,21.501],[109.116,21.372],[109.086,21.629],[108.652,21.693],[108.555,21.565],[107.79,21.436],[107.417,20.986],[106.961,20.922],[106.834,20.601],[106.685,20.601],[106.537,20.151],[105.965,19.829],[105.734,18.865],[106.051,18.543],[106.031,18.415],[106.178,18.415],[106.295,18.222],[106.57,18.093],[106.571,17.643],[106.772,17.515],[106.752,17.386],[107.026,17.258],[106.765,17],[106.534,16.936],[105.144,18.415],[105.185,18.672],[105.037,18.672],[105.142,18.865],[105.015,18.993],[105.014,19.443],[104.94,19.443],[104.992,19.765],[104.865,19.893],[104.981,20.151],[104.44,20.472],[104.619,20.665],[104.905,20.601],[104.873,20.858],[105.096,20.858],[104.851,21.179],[104.979,21.501],[104.926,21.629],[105.096,21.758],[105.128,21.951],[104.874,22.208],[105.249,22.658],[105.175,22.658],[105.22,22.915],[105.117,23.172],[104.956,23.108],[104.905,23.236],[103.426,23.301],[102.852,23.429],[102.474,23.815],[102.325,23.815],[102.086,24.136],[101.811,24.265],[101.462,25.165],[101.398,25.936],[101.196,26.387],[101.09,27.544],[101.014,27.544],[101.05,27.994],[100.915,28.058],[101.039,28.251],[100.964,28.251],[101.03,28.508],[100.955,28.508],[101.022,28.765],[100.881,29.087],[100.951,29.344],[100.875,29.344],[100.964,29.665],[100.889,29.665],[100.961,29.922],[100.885,29.922],[100.978,30.244],[100.902,30.244],[101.015,30.629],[100.939,30.629],[101.055,31.015],[100.979,31.015],[101.687,32.75],[102.552,33.264],[103.034,33.329],[103.332,33.522],[103.493,33.972],[103.355,34.229],[103.527,34.486],[103.45,34.486],[103.735,35.451],[103.63,35.58],[103.649,36.224],[103.467,36.353],[103.518,36.482],[103.389,36.546],[103.44,36.675],[103.311,36.739],[103.363,36.868],[103.208,37.062],[102.871,37.19],[102.611,37.126],[102.586,37.255],[102.171,37.384],[102.172,37.577],[102.043,37.642],[102.096,37.771],[101.833,37.513],[101.626,37.577],[101.601,37.706],[101.315,37.771],[101.29,37.9],[100.796,38.029],[100.799,38.222],[100.642,38.222],[100.386,38.545],[100.687,39.062],[101.137,39.191],[101.165,39.256],[101.559,39.256],[101.63,39.062],[102.173,38.868],[103.132,39.256],[103.407,39.514],[104.267,39.838],[104.583,39.838],[104.57,39.644],[104.698,39.579],[103.939,39.126],[103.608,38.739],[104.293,38.868],[104.393,38.739],[104.991,38.674],[104.963,38.61],[106.09,38.674],[107.062,39.579],[107.329,39.644],[107.442,39.385],[107.678,39.385],[108.054,39.838],[108.387,40.032],[109.736,40.355],[110.56,40.42],[111.906,40.42],[111.872,40.355],[112.821,40.355],[112.787,40.291],[113.488,40.42],[114.561,40.355],[114.974,40.679],[114.772,40.744],[114.808,40.809],[115.992,41.782],[117.338,42.171],[117.737,42.171],[117.701,41.976],[117.823,41.911],[117.708,41.717],[117.791,41.587],[118.072,41.522],[118.034,41.457],[118.47,41.522],[118.432,41.457],[118.871,41.392],[118.951,41.392],[121.021,41.263]]],[[[122.273,30.179],[122.28,29.987],[121.977,29.987],[122.022,30.115],[122.045,30.179],[122.273,30.179]]],[[[80.214,42.431],[80.188,42.366],[80.163,42.301],[80.083,42.301],[80.108,42.366],[80.134,42.431],[80.214,42.431]]]]}},{"type":"Feature","id":"cliopatria-9163cdcddc082902e7aca485","properties":{"NAME":"Roman Empire","ABBREVN":null,"CONTROL":null,"SUBJECTO":"Roman Empire","PARTOF":null,"BORDERPRECISION":1,"FromYear":78,"ToYear":83,"Area":4216599.078914454,"Type":"POLITY","Wikipedia":"Roman Empire","Wikidata":"Q12544","SeshatID":"it_roman_principate","Components":"","MemberOf":"","sourceFeatureId":"cliopatria-9163cdcddc082902e7aca485","datasetId":"cliopatria"},"geometry":{"type":"MultiPolygon","coordinates":[[[[2.61,34.422],[2.533,34.422],[2.531,34.486],[2.608,34.486],[2.61,34.422]]],[[[14.34,36.031],[14.417,36.031],[14.571,35.966],[14.568,35.773],[14.337,35.838],[14.34,36.031]]],[[[7.24,50.712],[7.324,50.712],[7.329,50.512],[7.761,49.914],[8.175,50.246],[8.512,50.113],[8.516,49.847],[8.433,49.847],[8.52,49.582],[8.353,49.582],[8.277,49.118],[8.112,49.051],[8.197,48.919],[7.951,48.72],[9.283,48.522],[10.445,48.522],[10.943,48.787],[11.36,48.853],[11.694,49.118],[12.111,49.184],[12.609,48.985],[12.773,48.787],[13.519,48.654],[14.258,48.258],[14.672,48.258],[14.841,48.39],[15.499,48.192],[16.663,48.324],[16.904,48.126],[17.072,48.192],[17.067,48.06],[17.635,47.796],[18.626,47.796],[18.798,47.928],[18.957,47.796],[18.95,47.664],[19.269,47.466],[19.173,47.203],[18.923,47.137],[18.998,47.006],[18.834,47.006],[18.824,46.809],[18.906,46.809],[18.896,46.612],[19.05,46.415],[18.952,46.087],[18.87,46.087],[18.949,46.021],[18.854,45.759],[19.011,45.628],[18.926,45.562],[18.998,45.366],[20.218,45.366],[20.37,45.17],[20.61,45.104],[20.521,44.973],[20.671,44.777],[21.41,44.908],[21.64,44.712],[21.884,44.712],[22.032,44.516],[22.194,44.516],[22.37,44.712],[22.694,44.712],[22.766,44.581],[22.518,44.516],[22.509,44.385],[22.975,44.124],[22.876,43.863],[23.526,43.929],[23.924,43.863],[24.075,43.733],[24.806,43.798],[25.52,43.668],[26.368,44.124],[27.748,44.19],[27.93,44.385],[27.849,44.385],[27.869,44.581],[27.707,44.581],[27.727,44.777],[27.889,44.777],[27.922,45.104],[27.767,45.17],[27.787,45.366],[28.038,45.431],[28.051,45.562],[28.289,45.497],[28.275,45.366],[28.431,45.3],[29.177,45.431],[29.288,45.693],[29.815,46.021],[30.107,46.415],[30.975,46.809],[31.082,47.006],[31.567,46.94],[31.533,46.677],[30.877,46.677],[30.298,45.955],[30.045,45.89],[29.859,45.693],[29.614,45.693],[29.584,45.431],[29.666,45.431],[29.525,44.908],[29.024,44.777],[29.046,44.973],[28.802,44.973],[28.841,44.581],[28.577,44.385],[28.536,43.994],[28.616,43.994],[28.481,43.472],[28.159,43.472],[28.226,43.342],[27.898,43.277],[27.805,43.147],[27.847,42.756],[27.514,42.626],[27.495,42.431],[27.796,42.236],[27.784,42.106],[28.004,41.911],[27.979,41.652],[28.218,41.652],[28.279,41.457],[28.505,41.327],[28.976,41.263],[28.963,41.133],[30.479,41.198],[30.624,41.068],[31.18,41.068],[31.534,41.392],[32.027,41.522],[32.042,41.652],[32.193,41.587],[32.695,41.782],[32.631,41.911],[34.785,41.911],[34.882,42.041],[35.121,42.041],[35.157,41.717],[35.954,41.717],[36.209,41.263],[36.775,41.327],[37.065,41.133],[37.233,41.198],[37.215,41.068],[37.771,41.068],[37.831,40.938],[38.158,41.003],[38.298,40.874],[38.783,40.938],[39.051,41.133],[39.736,40.938],[40.37,40.938],[40.391,41.068],[40.539,41.003],[41.047,41.198],[41.159,41.392],[41.307,41.327],[41.408,41.457],[41.567,41.457],[41.815,41.976],[41.735,41.976],[41.758,42.106],[41.598,42.106],[41.701,42.236],[41.483,42.366],[41.609,42.626],[41.334,42.886],[41.173,42.886],[41.116,43.017],[40.817,43.147],[40.416,43.147],[40.219,43.407],[39.978,43.407],[40.081,43.538],[40.161,43.538],[40.599,43.277],[41.001,43.277],[41.208,43.082],[41.666,42.951],[41.803,42.821],[41.78,42.691],[41.998,42.561],[42.01,41.717],[41.705,41.327],[41.625,41.327],[41.614,41.263],[41.535,41.263],[41.45,40.744],[40.953,40.614],[40.398,40.096],[38.79,39.902],[38.93,39.773],[38.745,39.579],[38.954,39.385],[38.726,38.868],[38.962,38.868],[39.25,38.674],[39.232,38.545],[39.511,38.287],[39.415,38.158],[39.46,37.9],[39.122,37.706],[38.349,37.771],[38.333,37.642],[37.989,37.384],[37.958,37.126],[38.176,36.997],[38.133,35.966],[38.428,35.838],[39.497,35.709],[39.938,35.516],[40.062,35.258],[40.278,35.13],[40.263,35.001],[40.479,34.872],[40.55,34.165],[40.473,34.165],[40.311,34.1],[40.403,34.229],[40.257,34.293],[39.124,34.486],[37.99,33.972],[37.739,33.779],[37.726,33.65],[37.573,33.65],[37.073,33.264],[37.054,33.072],[36.901,33.072],[36.717,32.75],[36.751,32.3],[36.516,32.236],[36.656,32.107],[36.492,31.979],[36.463,31.658],[36.387,31.658],[36.423,31.208],[36.271,31.208],[36.401,30.951],[36.151,30.694],[36.146,30.629],[35.842,30.629],[35.593,30.372],[34.389,30.501],[34.303,30.372],[33.151,30.179],[32.602,29.922],[32.526,29.922],[32.429,29.601],[32.639,29.344],[32.689,28.958],[32.836,28.894],[33.105,28.38],[33.609,27.994],[33.585,27.608],[33.799,27.415],[33.927,27.029],[34.073,26.965],[34.051,26.579],[34.197,26.515],[34.461,25.872],[34.608,25.808],[35.146,24.651],[35.86,24.008],[35.854,23.879],[35.559,23.943],[35.553,23.815],[35.108,23.879],[33.756,23.686],[33.682,23.686],[33.389,23.815],[32.041,23.686],[31.67,23.751],[30.537,23.365],[30.463,23.365],[30.395,23.558],[30.104,23.751],[30.109,23.879],[29.959,23.879],[29.673,24.201],[28.569,24.651],[28.289,25.165],[28.244,25.936],[28.345,26.579],[28.27,26.579],[28.154,27.351],[27.937,27.544],[27.711,27.544],[27.792,27.672],[27.43,27.994],[27.276,27.93],[27.285,28.122],[27.14,28.251],[25.586,28.958],[25.373,29.279],[25.147,29.279],[25.001,29.408],[24.847,29.344],[24.779,29.537],[24.33,29.665],[23.962,29.922],[23.51,29.987],[22.916,30.308],[22.762,30.244],[22.767,30.372],[21.939,30.565],[20.952,30.565],[18.735,29.987],[17.905,30.179],[16.701,30.694],[15.49,30.951],[15.184,30.886],[15.187,31.079],[14.584,31.529],[14.586,31.658],[14.284,31.915],[13.6,32.172],[13.066,32.172],[13.067,32.3],[11.768,32.3],[11.768,32.429],[11.539,32.429],[11.463,32.557],[11.31,32.493],[11.157,32.686],[10.392,33.007],[10.009,33.007],[10.085,33.136],[9.625,33.136],[9.547,33.329],[9.624,33.457],[9.316,33.586],[9.238,33.843],[9.083,33.907],[9.083,34.036],[8.929,34.036],[8.928,34.165],[8.311,34.293],[8.081,34.229],[8.002,34.422],[7.615,34.551],[7.153,34.486],[6.92,34.615],[6.459,34.551],[6.148,34.679],[5.377,34.679],[5.149,34.551],[4.454,34.615],[3.843,34.422],[3.456,34.486],[2.921,34.358],[2.45,34.615],[1.294,34.615],[0.685,34.422],[0.451,34.486],[0.303,34.358],[-1.237,34.358],[-1.305,34.165],[-1.539,34.229],[-1.61,34.1],[-1.693,34.229],[-2.001,34.229],[-3.763,34.1],[-4.141,33.972],[-4.21,33.843],[-4.367,33.907],[-5.039,33.586],[-5.274,33.65],[-5.799,33.457],[-6.033,33.522],[-6.634,33.329],[-6.703,33.2],[-6.937,33.264],[-7.528,32.943],[-8.064,32.943],[-8.154,33.136],[-8.47,33.264],[-8.403,33.393],[-7.13,33.843],[-7.062,33.972],[-6.904,33.907],[-6.614,34.165],[-6.7,34.293],[-6.473,34.358],[-6.482,34.486],[-6.332,34.551],[-6.277,34.872],[-6.2,34.872],[-6.291,35.065],[-6.132,35.001],[-6.145,35.194],[-6,35.323],[-5.877,35.773],[-5.339,35.838],[-5.24,35.516],[-4.755,35.194],[-3.132,35.194],[-2.982,35.258],[-2.993,35.451],[-2.838,35.451],[-2.82,35.13],[-2.662,35.065],[-1.89,35.065],[-1.591,35.258],[-1.359,35.258],[-1.136,35.451],[-1.224,35.645],[-1.066,35.58],[-0.917,35.709],[-0.53,35.709],[-0.459,35.838],[0.084,35.838],[0.376,36.224],[0.684,36.288],[0.678,36.417],[0.914,36.353],[1.216,36.546],[1.53,36.482],[2.377,36.675],[2.69,36.61],[2.841,36.739],[3.23,36.739],[3.459,36.868],[3.85,36.804],[4.235,36.933],[4.859,36.868],[5.098,36.675],[5.564,36.675],[5.639,36.804],[6.106,36.804],[6.103,36.933],[6.334,37.062],[6.805,36.868],[7.194,36.868],[7.346,37.062],[7.502,37.062],[7.738,36.868],[8.516,36.868],[8.903,37.126],[9.059,37.062],[9.37,37.255],[9.759,37.319],[9.993,37.19],[10.227,37.255],[10.228,37.062],[10.305,37.062],[10.228,36.804],[10.462,36.739],[11.006,36.997],[11.006,36.804],[10.462,36.417],[10.54,36.353],[10.464,35.902],[10.696,35.709],[10.851,35.773],[10.928,35.58],[11.083,35.58],[11.083,35.387],[11.006,35.387],[11.083,35.001],[10.851,34.937],[10.851,34.808],[10.543,34.551],[10.004,34.293],[10.082,34.229],[10.006,33.907],[10.237,33.715],[10.544,33.715],[10.698,33.522],[11.082,33.586],[11.158,33.2],[11.464,33.2],[12.229,32.814],[12.612,32.879],[12.535,32.75],[12.841,32.75],[12.842,32.879],[13.302,32.943],[13.454,32.814],[13.761,32.879],[13.759,32.75],[14.065,32.75],[14.444,32.493],[14.675,32.557],[14.749,32.429],[15.055,32.429],[15.282,32.3],[15.425,31.658],[15.576,31.593],[15.649,31.4],[16.179,31.208],[16.864,31.208],[17.847,30.951],[18.222,30.758],[18.592,30.372],[18.896,30.372],[18.969,30.244],[19.655,30.372],[19.964,30.565],[19.968,30.694],[20.202,30.886],[20.134,31.143],[20.214,31.272],[19.996,31.593],[20.089,32.107],[20.017,32.236],[20.246,32.236],[20.331,32.493],[20.482,32.429],[20.563,32.557],[20.716,32.557],[20.644,32.686],[20.871,32.622],[21.108,32.814],[21.412,32.75],[21.879,32.943],[23.089,32.622],[23.081,32.429],[23.231,32.365],[23.149,32.236],[23.299,32.172],[23.68,32.172],[24.129,31.979],[24.892,31.979],[25.112,31.786],[25.102,31.593],[25.248,31.465],[26.848,31.465],[27.297,31.336],[27.515,31.143],[28.496,31.015],[28.865,30.822],[29.397,30.822],[29.485,31.015],[29.633,30.951],[29.87,31.079],[29.802,31.208],[29.882,31.272],[30.339,31.272],[30.271,31.4],[30.352,31.465],[30.809,31.465],[30.966,31.529],[30.975,31.658],[31.203,31.658],[31.118,31.529],[31.266,31.465],[31.875,31.465],[31.781,31.208],[31.937,31.272],[32,31.079],[32.304,31.079],[32.237,31.208],[32.389,31.208],[32.532,31.079],[32.765,31.143],[32.832,31.015],[33.983,31.143],[34.297,31.272],[34.308,31.4],[34.547,31.529],[34.639,31.722],[34.573,31.85],[34.813,31.979],[34.77,32.365],[35.022,32.622],[35.056,33.007],[35.215,33.072],[35.398,33.393],[35.346,33.65],[35.499,33.65],[35.447,33.907],[35.684,33.972],[35.644,34.358],[35.792,34.293],[36.049,34.551],[36.068,34.744],[35.927,34.872],[35.96,35.194],[35.882,35.194],[35.993,35.516],[35.845,35.58],[35.99,36.224],[35.842,36.288],[36.265,36.61],[36.286,36.804],[36.145,36.933],[35.834,36.933],[35.488,36.61],[35.113,36.739],[34.95,36.675],[34.893,36.868],[34.582,36.868],[34.251,36.675],[33.979,36.288],[33.274,36.224],[32.713,36.031],[32.558,36.031],[32.499,36.224],[32.068,36.61],[31.086,36.933],[30.619,36.933],[30.492,36.353],[30.026,36.353],[29.938,36.224],[29.24,36.224],[29.125,36.739],[28.736,36.739],[28.591,36.868],[28.357,36.868],[28.187,36.675],[28.031,36.675],[28.138,37.062],[28.065,37.126],[27.598,37.126],[27.539,37.384],[27.223,37.319],[27.31,37.448],[27.163,37.577],[27.256,37.771],[27.178,37.771],[27.275,38.029],[26.889,38.093],[26.82,38.222],[26.429,38.222],[26.384,38.674],[26.536,38.61],[26.595,38.351],[27.065,38.351],[27.08,38.545],[26.849,38.61],[26.958,38.997],[26.879,38.997],[26.894,39.191],[26.742,39.256],[26.847,39.579],[26.132,39.514],[26.272,40.291],[26.605,40.485],[26.684,40.485],[26.673,40.355],[27.47,40.42],[27.538,40.291],[27.696,40.291],[27.792,40.485],[27.95,40.485],[27.939,40.355],[29.046,40.355],[28.9,40.485],[28.913,40.614],[29.48,40.744],[29.493,40.874],[29.249,40.809],[29.103,40.938],[29.116,41.068],[28.633,41.003],[28.169,41.133],[28.077,41.003],[27.527,41.068],[27.017,40.679],[26.921,40.485],[26.626,40.744],[26.14,40.614],[26.082,40.874],[25.378,41.003],[24.347,41.003],[24.011,40.744],[23.698,40.809],[23.685,40.614],[23.839,40.55],[23.737,40.226],[23.267,40.291],[22.884,40.485],[22.892,40.614],[22.655,40.614],[22.56,40.355],[22.544,40.096],[22.702,40.096],[22.611,39.902],[23.135,39.45],[22.816,39.385],[22.797,39.062],[23.116,39.126],[23.108,38.997],[23.344,38.997],[23.493,38.868],[23.332,38.803],[23.025,38.933],[22.936,38.739],[23.167,38.674],[23.313,38.481],[23.626,38.481],[23.563,38.739],[24.03,38.674],[24.179,38.545],[24.159,38.222],[24.002,38.222],[23.979,37.835],[23.443,38.029],[23.208,38.029],[23.201,37.9],[23.044,37.9],[23.108,37.642],[23.342,37.642],[23.402,37.319],[23.169,37.319],[23.176,37.448],[22.949,37.577],[22.714,37.577],[22.701,37.319],[22.853,37.255],[23.056,36.675],[22.833,36.868],[22.599,36.868],[22.512,36.675],[22.356,36.675],[22.22,37.062],[21.909,37.062],[21.899,36.868],[21.744,36.868],[21.681,37.19],[21.603,37.19],[21.697,37.513],[21.244,37.835],[21.416,38.158],[21.729,38.158],[21.738,38.351],[21.193,38.416],[20.974,38.739],[20.741,38.803],[20.911,39.062],[20.297,39.385],[20.155,39.708],[19.912,39.579],[19.758,39.644],[19.764,39.773],[20,39.773],[20.009,39.967],[19.63,40.291],[19.471,40.291],[19.486,40.614],[19.249,40.614],[19.255,40.744],[19.498,40.874],[19.438,41.263],[19.523,41.392],[19.444,41.392],[19.53,41.522],[19.45,41.522],[19.542,41.782],[18.852,42.366],[18.143,42.626],[17.992,42.821],[17.593,42.886],[17.508,42.756],[17.516,42.951],[17.355,42.951],[17.365,43.212],[17.122,43.147],[17.051,43.407],[16.727,43.342],[16.734,43.538],[16.575,43.603],[15.927,43.472],[16.012,43.603],[15.857,43.798],[15.695,43.798],[15.619,43.929],[15.375,43.863],[15.459,43.994],[15.219,44.059],[15.147,44.385],[14.909,44.581],[14.919,44.973],[14.516,45.104],[14.603,45.366],[14.196,45.366],[14.189,45.039],[13.946,45.039],[13.943,44.908],[13.781,44.908],[13.706,45.235],[13.544,45.3],[13.547,45.497],[13.71,45.497],[13.715,45.759],[13.39,45.824],[13.145,45.824],[13.06,45.628],[12.817,45.693],[12.652,45.562],[12.163,45.497],[12.16,45.17],[12.403,45.039],[12.4,44.777],[12.157,44.843],[12.154,44.451],[12.313,44.19],[12.873,43.798],[13.036,43.863],[13.034,43.733],[13.355,43.668],[13.673,43.407],[13.747,43.082],[13.985,42.951],[13.901,42.756],[14.056,42.496],[14.371,42.236],[14.531,42.236],[14.608,42.106],[14.769,42.171],[14.766,42.041],[14.924,41.976],[15.165,42.041],[15.241,41.911],[16.119,41.911],[16.115,41.782],[15.874,41.717],[15.944,41.392],[17.203,41.003],[17.511,40.744],[17.981,40.614],[18.438,40.161],[18.349,39.902],[18.112,39.902],[17.813,40.355],[17.418,40.355],[17.345,40.55],[17.028,40.55],[16.868,40.485],[16.945,40.42],[16.862,40.291],[16.624,40.291],[16.697,40.096],[16.457,39.967],[16.447,39.644],[16.916,39.514],[17.07,39.385],[17.138,39.062],[16.502,38.803],[16.492,38.416],[15.933,37.964],[15.698,37.964],[15.624,38.158],[15.389,38.158],[15.066,37.642],[15.059,37.255],[15.214,37.19],[15.05,36.739],[14.661,36.739],[14.278,37.126],[13.578,37.255],[13.192,37.577],[12.49,37.706],[12.492,37.9],[12.65,38.093],[13.04,38.029],[13.12,38.158],[13.355,38.158],[13.665,37.964],[14.056,37.964],[15.862,38.287],[15.95,38.674],[16.265,38.739],[16.27,38.933],[16.117,39.062],[15.899,39.773],[15.666,39.902],[15.748,40.032],[15.432,40.032],[15.199,40.226],[15.041,40.226],[14.893,40.679],[14.418,40.679],[14.422,40.874],[14.105,40.874],[13.951,41.133],[13.792,41.133],[13.715,41.263],[13,41.327],[12.922,41.457],[12.605,41.522],[12.131,41.911],[12.132,42.041],[11.813,42.106],[11.655,42.366],[11.495,42.301],[11.415,42.431],[11.255,42.431],[11.176,42.626],[11.016,42.626],[11.016,42.821],[10.535,43.082],[10.212,43.994],[9.889,43.994],[9.97,44.124],[9.727,44.124],[9.159,44.451],[8.432,44.385],[8.034,43.929],[7.15,43.733],[6.993,43.538],[6.673,43.472],[6.518,43.212],[6.278,43.147],[5.796,43.147],[5.632,43.277],[5.391,43.277],[5.387,43.407],[5.063,43.472],[4.178,43.472],[4.173,43.603],[3.851,43.603],[3.617,43.407],[3.14,43.277],[2.985,43.147],[3.01,42.561],[3.178,42.366],[3.117,41.911],[2.573,41.587],[2.334,41.587],[2.107,41.327],[1.238,41.198],[0.696,40.938],[0.709,40.679],[0.248,40.42],[0.183,40.161],[-0.126,40.032],[-0.345,39.708],[-0.314,39.126],[0.099,38.739],[-0.661,38.287],[-0.803,38.029],[-0.705,37.642],[-1.709,37.448],[-1.623,37.319],[-1.857,37.319],[-2.062,36.804],[-2.532,36.868],[-2.68,36.739],[-4.469,36.739],[-4.689,36.546],[-5.228,36.482],[-5.288,36.224],[-5.662,36.031],[-5.831,36.224],[-6.064,36.224],[-6.33,36.675],[-6.35,36.933],[-6.588,36.997],[-6.842,37.255],[-7.465,37.255],[-7.455,37.126],[-7.678,36.997],[-8.701,37.126],[-9.001,36.997],[-8.897,37.577],[-8.819,37.577],[-8.823,38.481],[-9.209,38.416],[-9.233,38.674],[-9.384,38.61],[-9.553,38.739],[-9.572,38.933],[-9.427,39.062],[-9.387,39.45],[-9.157,39.514],[-9.104,39.773],[-9.025,39.773],[-8.925,40.355],[-8.846,40.355],[-8.872,40.614],[-8.727,40.744],[-8.956,42.171],[-8.657,42.366],[-9.079,42.561],[-9.1,42.756],[-9.275,42.886],[-9.305,43.147],[-9.159,43.277],[-8.852,43.407],[-8.369,43.407],[-8.39,43.603],[-8.244,43.733],[-7.276,43.733],[-7.343,43.603],[-7.176,43.538],[-5.733,43.603],[-4.99,43.407],[-3.467,43.472],[-3.296,43.342],[-1.688,43.342],[-1.388,43.668],[-1.349,44.255],[-1.268,44.255],[-1.286,44.516],[-1.205,44.516],[-1.252,45.17],[-1.171,45.17],[-1.189,45.431],[-1.031,45.497],[-1.045,45.693],[-1.213,45.759],[-1.141,45.89],[-1.223,45.89],[-1.252,46.283],[-1.666,46.349],[-2.014,46.612],[-2.025,46.743],[-2.194,46.809],[-2.139,47.137],[-2.232,47.269],[-2.562,47.269],[-2.578,47.466],[-2.826,47.466],[-2.837,47.598],[-3.156,47.466],[-3.344,47.73],[-3.757,47.73],[-3.935,47.862],[-4.424,47.796],[-4.692,47.994],[-4.705,48.126],[-4.546,48.192],[-4.643,48.324],[-4.891,48.324],[-4.912,48.522],[-4.6,48.72],[-3.852,48.72],[-3.455,48.919],[-3.122,48.919],[-2.759,48.588],[-2.522,48.72],[-1.602,48.654],[-1.718,49.051],[-1.635,49.051],[-1.652,49.25],[-1.913,49.383],[-2.032,49.781],[-1.362,49.781],[-1.251,49.449],[0.007,49.383],[-0.012,49.648],[0.224,49.847],[1.053,49.98],[1.455,50.246],[1.425,50.712],[1.656,51.046],[2.578,51.179],[2.739,51.313],[3.41,51.447],[3.399,51.647],[3.739,51.647],[3.647,51.781],[3.98,51.915],[4.056,52.116],[4.232,51.982],[4.573,51.982],[5.248,52.116],[5.934,51.982],[6.369,51.647],[6.539,51.647],[6.541,51.58],[6.885,51.38],[7.065,50.979],[7.319,50.912],[7.24,50.712]]],[[[20.328,38.351],[20.488,38.416],[20.566,38.416],[20.795,38.287],[20.786,38.093],[20.32,38.158],[20.328,38.351]]],[[[1.274,38.803],[1.183,39.062],[1.259,39.126],[1.337,39.126],[1.652,39.126],[1.658,38.997],[1.431,38.803],[1.274,38.803]]],[[[20.07,39.579],[20.073,39.644],[20.152,39.644],[20.149,39.579],[20.07,39.579]]],[[[3.296,39.32],[2.824,39.32],[2.659,39.514],[2.346,39.45],[2.338,39.644],[2.877,39.967],[2.956,39.967],[3.193,39.967],[3.198,39.838],[3.516,39.773],[3.296,39.32]]],[[[3.82,40.096],[4.215,40.096],[4.302,39.838],[3.827,39.902],[3.741,40.096],[3.82,40.096]]],[[[9.747,39.644],[9.669,39.644],[9.593,39.126],[9.12,39.191],[8.966,38.868],[8.73,38.868],[8.336,38.997],[8.412,39.256],[8.333,39.256],[8.33,39.514],[8.409,39.514],[8.483,39.902],[8.325,39.967],[8.4,40.291],[8.321,40.291],[8.319,40.485],[8.16,40.55],[8.155,40.938],[8.552,40.874],[9.025,41.263],[9.104,41.263],[9.502,41.198],[9.822,40.744],[9.823,40.355],[9.665,40.291],[9.747,39.644]]],[[[9.578,41.976],[9.498,41.976],[9.499,41.782],[9.262,41.392],[9.104,41.327],[8.784,41.522],[8.782,41.717],[8.623,41.717],[8.7,41.911],[8.539,42.106],[8.535,42.496],[8.773,42.691],[9.173,42.756],[9.251,43.017],[9.331,43.017],[9.492,43.017],[9.493,42.756],[9.574,42.756],[9.578,41.976]]],[[[10.134,42.886],[10.214,42.886],[10.455,42.886],[10.455,42.691],[10.215,42.691],[10.134,42.886]]],[[[14.269,44.973],[14.35,44.973],[14.511,44.908],[14.502,44.516],[14.261,44.581],[14.269,44.973]]],[[[19.086,45.497],[19.004,45.497],[19.007,45.562],[19.089,45.562],[19.086,45.497]]],[[[19.166,47.072],[19.084,47.072],[19.087,47.137],[19.169,47.137],[19.166,47.072]]],[[[16.989,48.192],[16.907,48.192],[16.909,48.258],[16.992,48.258],[16.989,48.192]]],[[[16.909,48.258],[16.826,48.258],[16.829,48.324],[16.912,48.324],[16.909,48.258]]],[[[1.184,51.781],[0.844,51.781],[0.863,51.513],[0.524,51.513],[1.381,51.38],[1.394,51.179],[0.98,51.046],[0.905,50.912],[0.493,50.779],[-1.368,50.845],[-1.109,50.779],[-1.177,50.579],[-1.513,50.579],[-1.525,50.712],[-2.608,50.579],[-2.789,50.712],[-3.126,50.712],[-3.457,50.645],[-3.585,50.246],[-4.089,50.246],[-4.187,50.379],[-4.355,50.379],[-4.929,50.246],[-5.151,49.98],[-5.746,50.046],[-5.769,50.246],[-5.28,50.379],[-5.134,50.579],[-4.881,50.579],[-4.819,50.779],[-4.658,50.845],[-4.68,51.046],[-4.426,51.046],[-4.202,51.313],[-3.095,51.246],[-3.108,51.38],[-2.945,51.447],[-3.121,51.513],[-3.277,51.38],[-3.701,51.38],[-3.892,51.58],[-4.308,51.513],[-4.415,51.714],[-5.079,51.58],[-5.264,51.714],[-5.219,52.049],[-4.553,52.183],[-4.157,52.452],[-4.295,52.923],[-4.794,52.788],[-4.81,52.923],[-4.49,53.125],[-4.67,53.192],[-4.702,53.462],[-4.271,53.462],[-4.162,53.26],[-3.325,53.462],[-2.193,53.327],[-2.034,53.462],[-1.683,53.395],[-1.444,53.597],[-0.163,53.732],[0.295,53.395],[0.316,53.125],[0.07,52.99],[0.166,52.855],[0.337,52.855],[0.493,53.057],[0.922,53.057],[1.008,53.057],[1.622,52.855],[1.739,52.385],[1.425,51.982],[1.17,51.982],[1.184,51.781]]],[[[6.193,51.848],[6.191,51.915],[6.276,51.915],[6.278,51.848],[6.193,51.848]]],[[[34.087,35.001],[33.695,34.937],[33.523,34.744],[33.132,34.679],[33.044,34.551],[32.367,34.744],[32.229,34.937],[32.246,35.13],[32.555,35.13],[32.875,35.258],[32.887,35.387],[33.737,35.387],[34.31,35.709],[34.387,35.709],[34.542,35.709],[34.529,35.58],[33.957,35.258],[34.087,35.001]]],[[[24.15,35.387],[24.301,35.323],[25.692,35.323],[25.681,35.13],[26.225,35.194],[26.14,35.065],[24.824,35.001],[24.757,35.194],[24.526,35.194],[24.448,35.194],[23.679,35.258],[23.615,35.516],[24.157,35.516],[24.15,35.387]]],[[[27.693,36.288],[28.017,36.482],[28.095,36.482],[28.25,36.482],[28.139,36.031],[27.743,35.902],[27.693,36.288]]],[[[22.887,36.417],[22.965,36.417],[23.117,36.353],[23.107,36.16],[22.874,36.16],[22.887,36.417]]],[[[27.117,36.933],[27.185,36.804],[26.865,36.675],[27.039,36.933],[27.117,36.933]]],[[[25.339,37.126],[25.417,37.126],[25.573,37.126],[25.564,36.997],[25.331,36.997],[25.339,37.126]]],[[[24.361,37.706],[24.432,37.577],[24.272,37.513],[24.201,37.642],[24.283,37.706],[24.361,37.706]]],[[[25.064,37.706],[25.22,37.706],[25.286,37.513],[25.052,37.513],[24.986,37.706],[25.064,37.706]]],[[[26.08,37.706],[26.158,37.706],[26.314,37.706],[26.305,37.577],[25.988,37.513],[26.08,37.706]]],[[[20.621,37.9],[20.699,37.9],[20.934,37.9],[20.922,37.642],[20.613,37.706],[20.621,37.9]]],[[[24.694,38.029],[24.772,38.029],[25.068,37.771],[24.83,37.706],[24.682,37.835],[24.694,38.029]]],[[[25.899,38.481],[25.821,38.481],[25.913,38.674],[25.991,38.674],[26.217,38.545],[26.111,38.158],[25.876,38.158],[25.899,38.481]]],[[[23.567,38.803],[23.563,38.739],[23.485,38.739],[23.489,38.803],[23.567,38.803]]],[[[24.365,38.997],[24.444,38.997],[24.675,38.933],[24.662,38.739],[24.357,38.868],[24.365,38.997]]],[[[26.094,38.997],[26.103,39.126],[25.793,39.191],[26.044,39.385],[26.123,39.385],[26.511,39.32],[26.644,38.997],[26.246,38.933],[26.094,38.997]]],[[[25.146,40.032],[25.462,40.032],[25.447,39.838],[24.974,39.838],[25.067,40.032],[25.146,40.032]]],[[[25.798,40.291],[26.035,40.291],[26.025,40.161],[25.704,40.096],[25.719,40.291],[25.798,40.291]]]]}},{"type":"Feature","id":"cliopatria-95d0f5842f3308d758b890d1","properties":{"NAME":"Wusun","ABBREVN":null,"CONTROL":null,"SUBJECTO":"Wusun","PARTOF":null,"BORDERPRECISION":1,"FromYear":78,"ToYear":83,"Area":193999.57063478846,"Type":"POLITY","Wikipedia":"Wusun","Wikidata":"Q854062","SeshatID":"","Components":"","MemberOf":"","sourceFeatureId":"cliopatria-95d0f5842f3308d758b890d1","datasetId":"cliopatria"},"geometry":{"type":"MultiPolygon","coordinates":[[[[78.569,45.17],[78.65,45.17],[79.545,44.973],[79.518,44.908],[80.005,44.908],[79.978,44.843],[80.41,44.712],[80.302,44.451],[80.383,44.451],[80.357,43.994],[80.735,43.538],[80.683,43.407],[80.791,43.277],[80.632,43.082],[80.471,43.082],[80.473,42.886],[80.287,42.821],[80.214,42.431],[80.134,42.431],[80.083,42.301],[78.92,41.976],[77.875,41.522],[76.817,41.457],[76.864,41.587],[76.568,41.652],[76.798,41.847],[76.104,41.911],[76.278,42.171],[76.142,42.236],[76.158,42.496],[75.814,42.431],[75.701,42.561],[75.878,42.821],[75.766,42.951],[75.388,43.017],[75.14,43.212],[75.205,43.603],[74.795,43.798],[74.998,44.124],[74.563,44.255],[74.443,44.581],[74.281,44.581],[74.25,44.712],[73.975,44.843],[73.968,45.039],[74.13,45.039],[74.255,45.366],[74.117,45.431],[74.319,45.955],[74.753,46.021],[74.881,46.349],[75.533,46.546],[75.507,46.48],[77.391,46.48],[77.364,46.415],[77.61,46.415],[77.72,46.283],[77.802,46.283],[77.831,45.955],[78.022,45.824],[77.996,45.562],[78.35,45.431],[78.569,45.17]]]]}},{"type":"Feature","id":"cliopatria-2f2d403bbaec24029f71f2a2","properties":{"NAME":"Xiongnu","ABBREVN":null,"CONTROL":null,"SUBJECTO":"Xiongnu","PARTOF":null,"BORDERPRECISION":1,"FromYear":78,"ToYear":83,"Area":2214203.1497064736,"Type":"POLITY","Wikipedia":"Xiongnu","Wikidata":"Q188836","SeshatID":"mn_hunnu_late","Components":"","MemberOf":"","sourceFeatureId":"cliopatria-2f2d403bbaec24029f71f2a2","datasetId":"cliopatria"},"geometry":{"type":"MultiPolygon","coordinates":[[[[101.112,51.58],[101.875,51.58],[101.829,51.513],[102.123,51.447],[102.077,51.38],[102.201,51.313],[102.11,51.179],[102.353,50.912],[102.263,50.779],[102.348,50.779],[102.383,50.579],[102.76,50.512],[102.716,50.446],[102.884,50.446],[102.84,50.379],[103.177,50.379],[103.133,50.313],[103.301,50.313],[103.257,50.246],[104.181,50.246],[105.032,50.512],[106.417,50.446],[106.372,50.379],[106.792,50.379],[106.746,50.313],[107.282,50.113],[107.236,50.046],[107.823,50.046],[107.817,49.914],[107.984,49.914],[108.055,49.648],[108.345,49.582],[108.34,49.449],[108.59,49.449],[108.546,49.383],[108.629,49.383],[108.449,48.985],[108.616,48.985],[108.612,48.853],[108.815,48.654],[108.729,48.522],[108.852,48.456],[108.767,48.324],[108.85,48.324],[108.765,48.192],[108.848,48.192],[108.515,47.928],[108.598,47.928],[108.514,47.796],[108.597,47.796],[108.432,47.664],[108.391,47.466],[108.556,47.466],[108.598,47.269],[108.763,47.269],[108.971,46.94],[108.891,46.809],[109.303,46.677],[109.388,46.415],[109.552,46.415],[109.846,45.955],[109.767,45.824],[110.186,45.3],[110.107,45.17],[110.527,44.647],[110.449,44.516],[110.699,44.255],[110.623,44.124],[110.703,44.124],[110.627,43.994],[110.712,43.863],[109.966,42.561],[109.333,42.431],[107.813,42.431],[106.863,42.301],[105.425,41.847],[104.746,41.457],[104.024,40.809],[103.631,40.161],[103.407,39.514],[103.132,39.256],[102.173,38.868],[101.63,39.062],[101.559,39.256],[101.165,39.256],[101.194,39.32],[101.181,39.644],[100.737,39.708],[100.381,39.967],[100.144,39.967],[100.173,40.032],[99.384,40.032],[99.284,40.161],[98.918,40.226],[98.948,40.291],[98.503,40.355],[98.274,40.55],[98.037,40.55],[97.63,40.874],[96.897,41.003],[96.926,41.068],[95.23,41.003],[93.687,40.744],[93.715,40.809],[93.268,40.874],[93.296,40.938],[92.321,41.068],[92.349,41.133],[91.27,41.392],[90.775,41.717],[90.536,41.717],[90.434,41.847],[90.195,41.847],[90.223,41.911],[89.613,41.976],[89.642,42.041],[88.82,42.171],[88.848,42.236],[88.077,42.301],[88.105,42.366],[85.764,42.691],[85.792,42.756],[84.108,42.756],[82.056,42.236],[80.963,42.301],[80.534,42.431],[80.188,42.366],[80.214,42.431],[80.287,42.821],[80.473,42.886],[80.471,43.082],[80.632,43.082],[80.791,43.277],[80.683,43.407],[80.735,43.538],[80.357,43.994],[80.383,44.451],[80.302,44.451],[80.41,44.712],[79.978,44.843],[80.005,44.908],[79.518,44.908],[79.545,44.973],[78.65,45.17],[78.569,45.17],[78.35,45.431],[77.996,45.562],[78.022,45.824],[77.831,45.955],[77.802,46.283],[77.883,46.283],[78.975,46.349],[79.086,46.612],[79.801,46.94],[85.324,48.192],[85.786,48.456],[86.399,48.522],[86.549,48.654],[86.848,48.588],[86.914,48.72],[87.667,49.051],[87.652,49.184],[87.819,49.184],[88.244,49.515],[88.746,49.515],[89.606,49.714],[89.512,49.847],[89.585,49.98],[89.837,49.98],[90.116,50.179],[90.78,50.313],[91.063,50.512],[91.315,50.512],[91.892,50.779],[92.771,50.979],[93.272,51.246],[94.708,51.647],[98.585,52.116],[98.932,52.25],[98.886,52.183],[99.267,52.116],[99.221,52.049],[99.391,52.049],[99.346,51.982],[99.686,51.982],[99.641,51.915],[100.105,51.848],[100.06,51.781],[100.739,51.781],[100.694,51.714],[100.948,51.714],[100.903,51.647],[101.073,51.647],[101.027,51.58],[101.112,51.58]]],[[[77.829,46.349],[77.802,46.283],[77.72,46.283],[77.747,46.349],[77.829,46.349]]]]}},{"type":"Feature","id":"cliopatria-a5d32f3e06dde301231ad3ab","properties":{"NAME":"(Alliance between Han Dynasty and Xiongnu)","ABBREVN":null,"CONTROL":null,"SUBJECTO":"(Alliance between Han Dynasty and Xiongnu)","PARTOF":null,"BORDERPRECISION":1,"FromYear":78,"ToYear":83,"Area":5919369.299422877,"Type":"RELATION","Wikipedia":"Han dynasty","Wikidata":"Q1068371","SeshatID":"cn_eastern_han_dyn;mn_hunnu_late","Components":"Han Dynasty;Xiongnu","MemberOf":"","sourceFeatureId":"cliopatria-a5d32f3e06dde301231ad3ab","datasetId":"cliopatria"},"geometry":{"type":"MultiPolygon","coordinates":[[[[109.862,18.35],[109.841,18.222],[109.25,18.222],[109.123,18.35],[108.765,18.415],[108.638,18.543],[108.704,19.379],[109.203,19.701],[109.246,19.958],[110.157,20.086],[110.591,20.022],[110.613,20.151],[110.909,20.151],[111.087,19.893],[111.032,19.572],[110.884,19.572],[110.851,19.379],[110.681,19.251],[110.508,18.672],[110.19,18.543],[110.179,18.479],[109.862,18.35]]],[[[123.167,41.911],[123.127,41.847],[123.405,41.782],[123.365,41.717],[123.604,41.717],[123.564,41.652],[124.042,41.522],[124.002,41.457],[124.28,41.392],[124.24,41.327],[124.479,41.327],[124.439,41.263],[124.717,41.198],[124.678,41.133],[124.995,41.133],[125.433,41.327],[126.108,41.263],[126.187,41.133],[126.742,41.003],[126.623,40.679],[126.425,40.614],[126.269,40.355],[126.432,40.096],[126.709,40.032],[126.832,39.838],[126.728,39.385],[126.964,39.385],[126.854,39.191],[127.023,38.933],[126.937,38.351],[126.348,37.835],[126.27,37.835],[125.845,37.771],[125.835,37.9],[125.678,37.9],[125.387,37.642],[125.231,37.642],[125.298,37.771],[125.209,37.9],[124.897,37.9],[125.077,38.093],[124.764,38.093],[124.866,38.287],[124.788,38.287],[124.961,38.61],[125.153,38.674],[125.189,38.739],[125.032,38.739],[125.39,39.385],[125.306,39.514],[124.87,39.579],[124.865,39.708],[124.512,39.644],[124.345,39.902],[124.034,39.773],[123.597,39.838],[122.936,39.644],[122.17,39.256],[121.952,38.997],[121.716,38.997],[121.422,38.739],[121.029,38.739],[121.201,39.062],[121.515,39.062],[121.69,39.385],[121.297,39.385],[121.21,39.514],[121.281,39.644],[121.438,39.644],[121.503,39.902],[121.776,39.967],[122.231,40.485],[122.106,40.679],[121.827,40.744],[121.824,40.874],[121.11,40.874],[120.997,40.679],[120.647,40.485],[120.5,40.226],[119.38,39.773],[119.215,39.32],[118.989,39.191],[118.45,39.062],[118.057,39.062],[118.046,39.191],[117.776,39.126],[117.576,38.739],[117.655,38.739],[117.602,38.481],[117.759,38.481],[117.773,38.351],[118.054,38.287],[118.067,38.158],[118.583,38.093],[118.648,38.222],[118.804,38.222],[118.772,38.158],[119.457,37.964],[119.393,37.835],[119.237,37.835],[118.984,37.319],[119.14,37.319],[119.156,37.19],[119.701,37.19],[119.827,37.448],[120.202,37.577],[120.188,37.706],[120.754,37.9],[121.112,37.835],[121.171,37.642],[121.483,37.642],[121.497,37.513],[122.154,37.577],[122.121,37.513],[122.713,37.448],[122.474,37.126],[122.566,36.997],[122.394,36.804],[121.912,36.933],[121.212,36.61],[120.979,36.61],[120.965,36.417],[120.732,36.417],[120.659,36.095],[120.318,36.031],[119.986,35.645],[119.619,35.516],[119.228,34.808],[119.459,34.808],[119.431,34.744],[119.711,34.679],[119.732,34.551],[120.342,34.358],[120.489,34.165],[120.55,33.586],[120.926,33.2],[120.919,32.622],[121.403,32.493],[121.503,32.172],[121.961,31.979],[121.937,31.722],[121.836,31.658],[121.301,31.85],[120.919,31.85],[121.454,31.658],[121.481,31.529],[121.634,31.529],[121.584,31.4],[121.737,31.4],[121.995,31.079],[121.899,30.822],[121.519,30.822],[121.197,30.565],[121.045,30.565],[120.68,30.179],[120.809,30.115],[121.105,30.308],[121.484,30.308],[121.62,30.051],[122.03,29.922],[121.865,29.665],[122.016,29.665],[121.938,29.215],[121.712,29.215],[121.745,29.537],[121.571,29.472],[121.647,29.472],[121.539,29.151],[121.744,29.087],[121.714,28.765],[121.522,28.637],[121.652,28.572],[121.646,28.315],[121.153,28.187],[121.193,28.315],[121.118,28.315],[121.038,28.058],[120.868,27.994],[120.715,27.737],[120.657,27.544],[120.733,27.544],[120.545,27.158],[120.395,27.158],[120.247,26.901],[120.096,26.901],[120.061,26.772],[120.211,26.772],[120.158,26.579],[119.84,26.515],[119.938,26.322],[119.587,26.129],[119.778,26.001],[119.53,25.615],[119.904,25.615],[119.872,25.486],[119.466,25.358],[119.423,25.486],[119.273,25.486],[119.391,25.358],[119.344,25.165],[119.029,25.101],[119.074,24.972],[118.819,24.844],[118.76,24.586],[118.147,24.522],[118.076,24.201],[117.721,23.943],[117.694,23.815],[117.47,23.815],[117.179,23.493],[116.894,23.558],[116.78,23.365],[116.815,23.172],[116.591,23.172],[116.54,22.915],[115.696,22.786],[115.671,22.658],[115.373,22.658],[115.174,22.786],[114.902,22.529],[114.753,22.529],[114.641,22.722],[114.531,22.143],[114.37,22.079],[113.999,22.079],[113.996,22.465],[113.785,22.529],[113.747,22.722],[113.599,22.722],[113.699,22.465],[113.639,22.143],[113.416,22.143],[113.318,22.015],[113.106,22.079],[113.071,21.886],[112.774,21.886],[112.441,21.693],[111.859,21.758],[111.664,21.501],[110.984,21.436],[110.739,21.308],[110.716,21.179],[110.419,21.179],[110.483,21.115],[110.364,20.858],[110.616,20.601],[110.487,20.279],[109.883,20.215],[109.927,20.472],[109.789,20.536],[109.77,20.858],[109.696,20.858],[109.87,21.436],[109.807,21.501],[109.116,21.372],[109.086,21.629],[108.652,21.693],[108.555,21.565],[107.79,21.436],[107.417,20.986],[106.961,20.922],[106.834,20.601],[106.685,20.601],[106.537,20.151],[105.965,19.829],[105.734,18.865],[106.051,18.543],[106.031,18.415],[106.178,18.415],[106.295,18.222],[106.57,18.093],[106.571,17.643],[106.772,17.515],[106.752,17.386],[107.026,17.258],[106.765,17],[106.534,16.936],[105.144,18.415],[105.185,18.672],[105.037,18.672],[105.142,18.865],[105.015,18.993],[105.014,19.443],[104.94,19.443],[104.992,19.765],[104.865,19.893],[104.981,20.151],[104.44,20.472],[104.619,20.665],[104.905,20.601],[104.873,20.858],[105.096,20.858],[104.851,21.179],[104.979,21.501],[104.926,21.629],[105.096,21.758],[105.128,21.951],[104.874,22.208],[105.249,22.658],[105.175,22.658],[105.22,22.915],[105.117,23.172],[104.956,23.108],[104.905,23.236],[103.426,23.301],[102.852,23.429],[102.474,23.815],[102.325,23.815],[102.086,24.136],[101.811,24.265],[101.462,25.165],[101.398,25.936],[101.196,26.387],[101.09,27.544],[101.014,27.544],[101.05,27.994],[100.915,28.058],[101.039,28.251],[100.964,28.251],[101.03,28.508],[100.955,28.508],[101.022,28.765],[100.881,29.087],[100.951,29.344],[100.875,29.344],[100.964,29.665],[100.889,29.665],[100.961,29.922],[100.885,29.922],[100.978,30.244],[100.902,30.244],[101.015,30.629],[100.939,30.629],[101.055,31.015],[100.979,31.015],[101.687,32.75],[102.552,33.264],[103.034,33.329],[103.332,33.522],[103.493,33.972],[103.355,34.229],[103.527,34.486],[103.45,34.486],[103.735,35.451],[103.63,35.58],[103.649,36.224],[103.467,36.353],[103.518,36.482],[103.389,36.546],[103.44,36.675],[103.311,36.739],[103.363,36.868],[103.208,37.062],[102.871,37.19],[102.611,37.126],[102.586,37.255],[102.171,37.384],[102.172,37.577],[102.043,37.642],[102.096,37.771],[101.833,37.513],[101.626,37.577],[101.601,37.706],[101.315,37.771],[101.29,37.9],[100.796,38.029],[100.799,38.222],[100.642,38.222],[100.386,38.545],[100.687,39.062],[101.137,39.191],[101.165,39.256],[101.194,39.32],[101.181,39.644],[100.737,39.708],[100.381,39.967],[100.144,39.967],[100.173,40.032],[99.384,40.032],[99.284,40.161],[98.918,40.226],[98.948,40.291],[98.503,40.355],[98.274,40.55],[98.037,40.55],[97.63,40.874],[96.897,41.003],[96.926,41.068],[95.23,41.003],[93.687,40.744],[93.715,40.809],[93.268,40.874],[93.296,40.938],[92.321,41.068],[92.349,41.133],[91.27,41.392],[90.775,41.717],[90.536,41.717],[90.434,41.847],[90.195,41.847],[90.223,41.911],[89.613,41.976],[89.642,42.041],[88.82,42.171],[88.848,42.236],[88.077,42.301],[88.105,42.366],[85.764,42.691],[85.792,42.756],[84.108,42.756],[82.056,42.236],[80.963,42.301],[80.534,42.431],[80.188,42.366],[80.163,42.301],[80.083,42.301],[80.108,42.366],[80.134,42.431],[80.214,42.431],[80.287,42.821],[80.473,42.886],[80.471,43.082],[80.632,43.082],[80.791,43.277],[80.683,43.407],[80.735,43.538],[80.357,43.994],[80.383,44.451],[80.302,44.451],[80.41,44.712],[79.978,44.843],[80.005,44.908],[79.518,44.908],[79.545,44.973],[78.65,45.17],[78.569,45.17],[78.35,45.431],[77.996,45.562],[78.022,45.824],[77.831,45.955],[77.802,46.283],[77.883,46.283],[78.975,46.349],[79.086,46.612],[79.801,46.94],[85.324,48.192],[85.786,48.456],[86.399,48.522],[86.549,48.654],[86.848,48.588],[86.914,48.72],[87.667,49.051],[87.652,49.184],[87.819,49.184],[88.244,49.515],[88.746,49.515],[89.606,49.714],[89.512,49.847],[89.585,49.98],[89.837,49.98],[90.116,50.179],[90.78,50.313],[91.063,50.512],[91.315,50.512],[91.892,50.779],[92.771,50.979],[93.272,51.246],[94.708,51.647],[98.585,52.116],[98.932,52.25],[98.886,52.183],[99.267,52.116],[99.221,52.049],[99.391,52.049],[99.346,51.982],[99.686,51.982],[99.641,51.915],[100.105,51.848],[100.06,51.781],[100.739,51.781],[100.694,51.714],[100.948,51.714],[100.903,51.647],[101.073,51.647],[101.027,51.58],[101.112,51.58],[101.875,51.58],[101.829,51.513],[102.123,51.447],[102.077,51.38],[102.201,51.313],[102.11,51.179],[102.353,50.912],[102.263,50.779],[102.348,50.779],[102.383,50.579],[102.76,50.512],[102.716,50.446],[102.884,50.446],[102.84,50.379],[103.177,50.379],[103.133,50.313],[103.301,50.313],[103.257,50.246],[104.181,50.246],[105.032,50.512],[106.417,50.446],[106.372,50.379],[106.792,50.379],[106.746,50.313],[107.282,50.113],[107.236,50.046],[107.823,50.046],[107.817,49.914],[107.984,49.914],[108.055,49.648],[108.345,49.582],[108.34,49.449],[108.59,49.449],[108.546,49.383],[108.629,49.383],[108.449,48.985],[108.616,48.985],[108.612,48.853],[108.815,48.654],[108.729,48.522],[108.852,48.456],[108.767,48.324],[108.85,48.324],[108.765,48.192],[108.848,48.192],[108.515,47.928],[108.598,47.928],[108.514,47.796],[108.597,47.796],[108.432,47.664],[108.391,47.466],[108.556,47.466],[108.598,47.269],[108.763,47.269],[108.971,46.94],[108.891,46.809],[109.303,46.677],[109.388,46.415],[109.552,46.415],[109.846,45.955],[109.767,45.824],[110.186,45.3],[110.107,45.17],[110.527,44.647],[110.449,44.516],[110.699,44.255],[110.623,44.124],[110.703,44.124],[110.627,43.994],[110.712,43.863],[109.966,42.561],[109.333,42.431],[107.813,42.431],[106.863,42.301],[105.425,41.847],[104.746,41.457],[104.024,40.809],[103.631,40.161],[103.407,39.514],[104.267,39.838],[104.583,39.838],[104.57,39.644],[104.698,39.579],[103.939,39.126],[103.608,38.739],[104.293,38.868],[104.393,38.739],[104.991,38.674],[104.963,38.61],[106.09,38.674],[107.062,39.579],[107.329,39.644],[107.442,39.385],[107.678,39.385],[108.054,39.838],[108.387,40.032],[109.736,40.355],[110.56,40.42],[111.906,40.42],[111.872,40.355],[112.821,40.355],[112.787,40.291],[113.488,40.42],[114.561,40.355],[114.974,40.679],[114.772,40.744],[114.808,40.809],[115.992,41.782],[117.338,42.171],[117.737,42.171],[117.701,41.976],[117.823,41.911],[117.708,41.717],[117.791,41.587],[118.072,41.522],[118.034,41.457],[118.47,41.522],[118.432,41.457],[118.871,41.392],[118.951,41.392],[121.021,41.263],[123.167,41.911]]],[[[122.28,29.987],[121.977,29.987],[122.022,30.115],[122.045,30.179],[122.273,30.179],[122.28,29.987]]],[[[77.72,46.283],[77.747,46.349],[77.829,46.349],[77.802,46.283],[77.72,46.283]]]]}},{"type":"Feature","id":"cliopatria-005443b8e6c3f5f50b02a244","properties":{"NAME":"Kingdom of Osroene","ABBREVN":null,"CONTROL":null,"SUBJECTO":"Kingdom of Osroene","PARTOF":null,"BORDERPRECISION":1,"FromYear":78,"ToYear":113,"Area":50068.95773918641,"Type":"POLITY","Wikipedia":"Osroene","Wikidata":"Q237234","SeshatID":"","Components":"","MemberOf":"","sourceFeatureId":"cliopatria-005443b8e6c3f5f50b02a244","datasetId":"cliopatria"},"geometry":{"type":"MultiPolygon","coordinates":[[[[41.283,36.353],[40.809,36.288],[39.753,35.902],[39.497,35.709],[38.428,35.838],[38.133,35.966],[38.176,36.997],[37.958,37.126],[37.989,37.384],[38.333,37.642],[38.349,37.771],[39.122,37.706],[39.46,37.9],[39.496,37.577],[40.181,37.448],[41.178,37.319],[41.212,36.997],[41.541,36.546],[41.283,36.353]]]]}},{"type":"Feature","id":"cliopatria-8c809c2d7fc9498edfebc144","properties":{"NAME":"Cimmerian Bosporus","ABBREVN":null,"CONTROL":null,"SUBJECTO":"Cimmerian Bosporus","PARTOF":null,"BORDERPRECISION":1,"FromYear":78,"ToYear":370,"Area":40039.68871771194,"Type":"POLITY","Wikipedia":"Bosporan Kingdom","Wikidata":"Q321371","SeshatID":"","Components":"","MemberOf":"","sourceFeatureId":"cliopatria-8c809c2d7fc9498edfebc144","datasetId":"cliopatria"},"geometry":{"type":"MultiPolygon","coordinates":[[[[34.018,45.693],[34.617,45.89],[34.598,45.759],[34.742,45.628],[34.986,45.628],[35.02,45.3],[36.423,45.431],[36.373,45.104],[35.875,45.039],[35.732,45.17],[35.407,45.17],[35.297,44.973],[34.376,44.777],[33.926,44.451],[33.521,44.451],[33.467,44.647],[33.548,44.647],[33.61,45.104],[32.922,45.431],[33.936,45.693],[34.018,45.693]]],[[[39.093,46.283],[38.862,45.89],[38.699,45.89],[38.388,45.497],[38.117,44.843],[37.934,44.712],[37.528,44.712],[37.256,45.039],[36.779,45.104],[36.749,45.431],[36.912,45.431],[36.972,45.3],[37.704,45.3],[37.747,45.562],[37.595,45.628],[37.758,45.628],[37.893,45.955],[38.335,46.152],[38.368,46.349],[37.899,46.48],[37.839,46.612],[38.495,46.612],[38.622,46.874],[38.786,46.874],[38.892,47.006],[39.22,47.006],[39.197,47.335],[38.35,47.203],[38.49,47.532],[39.244,47.598],[39.715,47.466],[39.737,47.137],[39.549,47.006],[39.596,46.809],[39.432,46.809],[39.291,46.48],[39.105,46.349],[39.093,46.283]]]]}},{"type":"Feature","id":"cliopatria-41a81752f91b8f9a292e4a9e","properties":{"NAME":"Anurādhapura","ABBREVN":null,"CONTROL":null,"SUBJECTO":"Anurādhapura","PARTOF":null,"BORDERPRECISION":1,"FromYear":78,"ToYear":438,"Area":73532.27500724063,"Type":"POLITY","Wikipedia":"Anurādhapura","Wikidata":"Q5724","SeshatID":"sl_anuradhapura_2","Components":"","MemberOf":"","sourceFeatureId":"cliopatria-41a81752f91b8f9a292e4a9e","datasetId":"cliopatria"},"geometry":{"type":"MultiPolygon","coordinates":[[[[81.259,8.643],[81.255,8.579],[81.397,8.514],[81.447,8.129],[81.654,7.936],[81.774,7.486],[81.917,7.422],[81.878,6.714],[81.338,6.136],[80.669,5.879],[80.231,5.879],[79.952,6.136],[79.759,6.65],[79.742,7.679],[79.607,7.872],[79.618,8.064],[79.764,8.064],[79.806,8.772],[80.05,9.157],[79.993,9.415],[80.079,9.607],[79.864,9.672],[79.876,9.865],[80.453,9.736],[80.521,9.672],[80.44,9.543],[80.728,9.479],[80.72,9.35],[80.861,9.286],[80.853,9.157],[80.995,9.093],[80.987,8.964],[81.259,8.643]]]]}},{"type":"Feature","id":"cliopatria-1fb29d2dfbe66484895a6b52","properties":{"NAME":"Han Dynasty","ABBREVN":null,"CONTROL":null,"SUBJECTO":"Han Dynasty","PARTOF":null,"BORDERPRECISION":1,"FromYear":84,"ToYear":90,"Area":3705241.112308423,"Type":"POLITY","Wikipedia":"Han dynasty","Wikidata":"Q1068371","SeshatID":"cn_eastern_han_dyn","Components":"","MemberOf":"","sourceFeatureId":"cliopatria-1fb29d2dfbe66484895a6b52","datasetId":"cliopatria"},"geometry":{"type":"MultiPolygon","coordinates":[[[[110.179,18.479],[109.862,18.35],[109.841,18.222],[109.25,18.222],[109.123,18.35],[108.765,18.415],[108.638,18.543],[108.704,19.379],[109.203,19.701],[109.246,19.958],[110.157,20.086],[110.591,20.022],[110.613,20.151],[110.909,20.151],[111.087,19.893],[111.032,19.572],[110.884,19.572],[110.851,19.379],[110.681,19.251],[110.508,18.672],[110.19,18.543],[110.179,18.479]]],[[[125.835,37.9],[125.678,37.9],[125.387,37.642],[125.231,37.642],[125.298,37.771],[125.209,37.9],[124.897,37.9],[125.077,38.093],[124.764,38.093],[124.866,38.287],[124.788,38.287],[124.961,38.61],[125.153,38.674],[125.189,38.739],[125.032,38.739],[125.39,39.385],[125.306,39.514],[124.87,39.579],[124.865,39.708],[124.512,39.644],[124.345,39.902],[124.034,39.773],[123.597,39.838],[122.936,39.644],[122.17,39.256],[121.952,38.997],[121.716,38.997],[121.422,38.739],[121.029,38.739],[121.201,39.062],[121.515,39.062],[121.69,39.385],[121.297,39.385],[121.21,39.514],[121.281,39.644],[121.438,39.644],[121.503,39.902],[121.776,39.967],[122.231,40.485],[122.106,40.679],[121.827,40.744],[121.824,40.874],[121.11,40.874],[120.997,40.679],[120.647,40.485],[120.5,40.226],[119.38,39.773],[119.215,39.32],[118.989,39.191],[118.45,39.062],[118.057,39.062],[118.046,39.191],[117.776,39.126],[117.576,38.739],[117.655,38.739],[117.602,38.481],[117.759,38.481],[117.773,38.351],[118.054,38.287],[118.067,38.158],[118.583,38.093],[118.648,38.222],[118.804,38.222],[118.772,38.158],[119.457,37.964],[119.393,37.835],[119.237,37.835],[118.984,37.319],[119.14,37.319],[119.156,37.19],[119.701,37.19],[119.827,37.448],[120.202,37.577],[120.188,37.706],[120.754,37.9],[121.112,37.835],[121.171,37.642],[121.483,37.642],[121.497,37.513],[122.154,37.577],[122.121,37.513],[122.713,37.448],[122.474,37.126],[122.566,36.997],[122.394,36.804],[121.912,36.933],[121.212,36.61],[120.979,36.61],[120.965,36.417],[120.732,36.417],[120.659,36.095],[120.318,36.031],[119.986,35.645],[119.619,35.516],[119.228,34.808],[119.459,34.808],[119.431,34.744],[119.711,34.679],[119.732,34.551],[120.342,34.358],[120.489,34.165],[120.55,33.586],[120.926,33.2],[120.919,32.622],[121.403,32.493],[121.503,32.172],[121.961,31.979],[121.937,31.722],[121.836,31.658],[121.301,31.85],[120.919,31.85],[121.454,31.658],[121.481,31.529],[121.634,31.529],[121.584,31.4],[121.737,31.4],[121.995,31.079],[121.899,30.822],[121.519,30.822],[121.197,30.565],[121.045,30.565],[120.68,30.179],[120.809,30.115],[121.105,30.308],[121.484,30.308],[121.62,30.051],[122.03,29.922],[121.865,29.665],[122.016,29.665],[121.938,29.215],[121.712,29.215],[121.745,29.537],[121.571,29.472],[121.647,29.472],[121.539,29.151],[121.744,29.087],[121.714,28.765],[121.522,28.637],[121.652,28.572],[121.646,28.315],[121.379,28.187],[121.153,28.187],[121.193,28.315],[121.118,28.315],[121.038,28.058],[120.868,27.994],[120.715,27.737],[120.657,27.544],[120.733,27.544],[120.545,27.158],[120.395,27.158],[120.247,26.901],[120.096,26.901],[120.061,26.772],[120.211,26.772],[120.158,26.579],[119.84,26.515],[119.938,26.322],[119.587,26.129],[119.778,26.001],[119.53,25.615],[119.904,25.615],[119.872,25.486],[119.616,25.358],[119.273,25.486],[119.391,25.358],[119.344,25.165],[119.029,25.101],[119.074,24.972],[118.819,24.844],[118.76,24.586],[118.147,24.522],[118.076,24.201],[117.721,23.943],[117.694,23.815],[117.47,23.815],[117.179,23.493],[116.894,23.558],[116.78,23.365],[116.815,23.172],[116.591,23.172],[116.54,22.915],[115.696,22.786],[115.671,22.658],[115.373,22.658],[115.174,22.786],[114.902,22.529],[114.753,22.529],[114.641,22.722],[114.531,22.143],[114.37,22.079],[113.999,22.079],[113.996,22.465],[113.785,22.529],[113.747,22.722],[113.599,22.722],[113.699,22.465],[113.639,22.143],[113.416,22.143],[113.318,22.015],[113.106,22.079],[113.071,21.886],[112.774,21.886],[112.441,21.693],[111.859,21.758],[111.664,21.501],[110.984,21.436],[110.739,21.308],[110.716,21.179],[110.419,21.179],[110.483,21.115],[110.364,20.858],[110.616,20.601],[110.487,20.279],[109.883,20.215],[109.927,20.472],[109.789,20.536],[109.77,20.858],[109.696,20.858],[109.87,21.436],[109.807,21.501],[109.116,21.372],[109.086,21.629],[108.652,21.693],[108.555,21.565],[107.79,21.436],[107.417,20.986],[106.961,20.922],[106.834,20.601],[106.685,20.601],[106.537,20.151],[105.965,19.829],[105.734,18.865],[106.051,18.543],[106.031,18.415],[106.178,18.415],[106.295,18.222],[106.57,18.093],[106.571,17.643],[106.772,17.515],[106.752,17.386],[107.026,17.258],[106.765,17],[106.534,16.936],[105.144,18.415],[105.185,18.672],[105.037,18.672],[105.142,18.865],[105.015,18.993],[105.014,19.443],[104.94,19.443],[104.992,19.765],[104.865,19.893],[104.981,20.151],[104.44,20.472],[104.619,20.665],[104.905,20.601],[104.873,20.858],[105.096,20.858],[104.851,21.179],[104.979,21.501],[104.926,21.629],[105.096,21.758],[105.128,21.951],[104.874,22.208],[105.249,22.658],[105.175,22.658],[105.22,22.915],[105.117,23.172],[104.956,23.108],[104.905,23.236],[103.426,23.301],[102.852,23.429],[102.474,23.815],[102.325,23.815],[102.086,24.136],[101.811,24.265],[101.462,25.165],[101.398,25.936],[101.196,26.387],[101.09,27.544],[101.014,27.544],[101.05,27.994],[100.915,28.058],[101.039,28.251],[100.964,28.251],[101.03,28.508],[100.955,28.508],[101.022,28.765],[100.881,29.087],[100.951,29.344],[100.875,29.344],[100.964,29.665],[100.889,29.665],[100.961,29.922],[100.885,29.922],[100.978,30.244],[100.902,30.244],[101.015,30.629],[100.939,30.629],[101.055,31.015],[100.979,31.015],[101.687,32.75],[102.552,33.264],[103.034,33.329],[103.332,33.522],[103.493,33.972],[103.355,34.229],[103.527,34.486],[103.45,34.486],[103.735,35.451],[103.63,35.58],[103.649,36.224],[103.467,36.353],[103.518,36.482],[103.389,36.546],[103.44,36.675],[103.311,36.739],[103.363,36.868],[103.208,37.062],[102.871,37.19],[102.611,37.126],[102.586,37.255],[102.171,37.384],[102.172,37.577],[102.043,37.642],[102.096,37.771],[101.833,37.513],[101.626,37.577],[101.601,37.706],[101.315,37.771],[101.29,37.9],[100.796,38.029],[100.799,38.222],[100.642,38.222],[100.386,38.545],[100.687,39.062],[101.137,39.191],[101.165,39.256],[101.559,39.256],[101.63,39.062],[102.173,38.868],[103.132,39.256],[103.407,39.514],[104.267,39.838],[104.583,39.838],[104.57,39.644],[104.698,39.579],[103.939,39.126],[103.608,38.739],[104.293,38.868],[104.393,38.739],[104.991,38.674],[104.963,38.61],[106.09,38.674],[107.062,39.579],[107.329,39.644],[107.442,39.385],[107.678,39.385],[108.054,39.838],[108.387,40.032],[109.736,40.355],[110.56,40.42],[111.906,40.42],[111.872,40.355],[112.821,40.355],[112.787,40.291],[113.488,40.42],[114.561,40.355],[114.974,40.679],[114.772,40.744],[114.808,40.809],[115.992,41.782],[117.338,42.171],[117.737,42.171],[117.701,41.976],[117.823,41.911],[117.708,41.717],[117.791,41.587],[118.072,41.522],[118.034,41.457],[118.47,41.522],[118.432,41.457],[118.671,41.457],[118.633,41.392],[118.83,41.457],[118.792,41.392],[119.428,41.392],[119.39,41.327],[120.344,41.327],[120.306,41.263],[121.021,41.263],[123.167,41.911],[123.127,41.847],[123.405,41.782],[123.365,41.717],[123.604,41.717],[123.564,41.652],[124.042,41.522],[124.002,41.457],[124.28,41.392],[124.24,41.327],[124.479,41.327],[124.439,41.263],[124.717,41.198],[124.678,41.133],[124.995,41.133],[125.433,41.327],[126.108,41.263],[126.187,41.133],[126.742,41.003],[126.623,40.679],[126.425,40.614],[126.269,40.355],[126.432,40.096],[126.709,40.032],[126.832,39.838],[126.728,39.385],[126.964,39.385],[126.854,39.191],[127.023,38.933],[126.937,38.351],[126.348,37.835],[126.27,37.835],[125.845,37.771],[125.835,37.9]]],[[[122.273,30.179],[122.28,29.987],[121.977,29.987],[122.022,30.115],[122.045,30.179],[122.273,30.179]]]]}},{"type":"Feature","id":"cliopatria-670cc70d8c8a81b4bc109a14","properties":{"NAME":"Indo-Parthians","ABBREVN":null,"CONTROL":null,"SUBJECTO":"Indo-Parthians","PARTOF":null,"BORDERPRECISION":1,"FromYear":84,"ToYear":90,"Area":483771.4571804883,"Type":"POLITY","Wikipedia":"Indo-Parthian Kingdom","Wikidata":"Q1255614","SeshatID":"pk_indo_parthian_k","Components":"","MemberOf":"","sourceFeatureId":"cliopatria-670cc70d8c8a81b4bc109a14","datasetId":"cliopatria"},"geometry":{"type":"MultiPolygon","coordinates":[[[[70.579,25.294],[70.57,24.651],[70.605,24.329],[70.448,24.265],[70.424,24.072],[70.065,23.558],[69.5,23.172],[69.039,23.043],[69.025,22.915],[68.95,22.915],[68.606,23.172],[68.552,23.365],[68.336,23.429],[68.35,23.558],[68.127,23.558],[68.155,23.815],[67.633,23.815],[67.491,23.879],[67.438,24.072],[67.289,24.072],[67.326,24.393],[67.148,24.779],[66.632,24.844],[66.64,24.908],[67.112,25.101],[67.502,25.808],[67.197,26.322],[67.175,27.222],[67.062,27.479],[67.121,27.865],[67.046,27.865],[67.041,28.315],[66.965,28.315],[67.007,28.572],[66.931,28.572],[67.135,29.344],[66.995,29.408],[66.888,29.665],[66.434,29.665],[66.077,29.794],[66.316,29.858],[66.418,30.436],[66.343,30.436],[66.525,31.015],[66.954,31.272],[67.067,31.85],[67.656,32.493],[67.71,32.75],[68.356,33.264],[69.06,33.329],[69.482,33.843],[69.881,33.907],[69.988,34.036],[70.727,33.907],[71.095,34.165],[71.479,34.165],[71.556,34.165],[72.588,34.293],[72.85,34.422],[73.389,34.422],[73.355,33.972],[73.524,33.715],[73.524,33.072],[73.6,33.072],[73.585,33.007],[73.161,32.493],[72.993,32.429],[72.441,31.658],[72.377,30.244],[72.453,30.244],[72.328,29.601],[72.029,29.215],[71.169,28.637],[71.018,28.637],[70.639,28.187],[70.22,27.93],[70.007,27.544],[69.561,27.094],[69.513,26.772],[69.729,26.708],[69.71,26.579],[70.179,26.194],[70.191,25.744],[70.341,25.744],[70.438,25.358],[70.579,25.294]]]]}},{"type":"Feature","id":"cliopatria-665e8a4a3935cf70fd6faed9","properties":{"NAME":"Roman Empire","ABBREVN":null,"CONTROL":null,"SUBJECTO":"Roman Empire","PARTOF":null,"BORDERPRECISION":1,"FromYear":84,"ToYear":90,"Area":4295506.93480503,"Type":"POLITY","Wikipedia":"Roman Empire","Wikidata":"Q12544","SeshatID":"it_roman_principate","Components":"","MemberOf":"","sourceFeatureId":"cliopatria-665e8a4a3935cf70fd6faed9","datasetId":"cliopatria"},"geometry":{"type":"MultiPolygon","coordinates":[[[[2.61,34.422],[2.533,34.422],[2.531,34.486],[2.608,34.486],[2.61,34.422]]],[[[14.34,36.031],[14.417,36.031],[14.571,35.966],[14.568,35.773],[14.337,35.838],[14.34,36.031]]],[[[7.24,50.712],[7.41,50.645],[7.413,50.512],[7.664,50.579],[7.755,50.246],[7.923,50.246],[8.169,50.579],[8.758,50.579],[8.681,50.046],[8.765,50.046],[8.768,49.781],[8.935,49.847],[8.937,49.714],[8.853,49.714],[8.855,49.515],[9.022,49.582],[8.942,49.25],[9.279,48.919],[9.449,48.522],[10.445,48.522],[10.943,48.787],[11.36,48.853],[11.694,49.118],[12.111,49.184],[12.609,48.985],[12.773,48.787],[13.519,48.654],[14.258,48.258],[14.672,48.258],[14.841,48.39],[15.499,48.192],[16.663,48.324],[16.904,48.126],[17.072,48.192],[17.067,48.06],[17.635,47.796],[18.626,47.796],[18.798,47.928],[18.957,47.796],[18.95,47.664],[19.269,47.466],[19.173,47.203],[18.923,47.137],[18.998,47.006],[18.834,47.006],[18.824,46.809],[18.906,46.809],[18.896,46.612],[19.05,46.415],[18.952,46.087],[18.87,46.087],[18.949,46.021],[18.854,45.759],[19.011,45.628],[18.926,45.562],[18.998,45.366],[20.218,45.366],[20.37,45.17],[20.61,45.104],[20.521,44.973],[20.671,44.777],[21.41,44.908],[21.64,44.712],[21.884,44.712],[22.032,44.516],[22.194,44.516],[22.37,44.712],[22.694,44.712],[22.766,44.581],[22.518,44.516],[22.509,44.385],[22.975,44.124],[22.876,43.863],[23.526,43.929],[23.924,43.863],[24.075,43.733],[24.806,43.798],[25.52,43.668],[26.368,44.124],[27.748,44.19],[27.93,44.385],[27.849,44.385],[27.869,44.581],[27.707,44.581],[27.727,44.777],[27.889,44.777],[27.922,45.104],[27.767,45.17],[27.787,45.366],[28.038,45.431],[28.051,45.562],[28.289,45.497],[28.275,45.366],[28.431,45.3],[29.177,45.431],[29.288,45.693],[29.815,46.021],[30.107,46.415],[30.975,46.809],[31.082,47.006],[31.567,46.94],[31.533,46.677],[30.877,46.677],[30.298,45.955],[30.045,45.89],[29.859,45.693],[29.614,45.693],[29.584,45.431],[29.666,45.431],[29.525,44.908],[29.024,44.777],[29.046,44.973],[28.802,44.973],[28.841,44.581],[28.577,44.385],[28.536,43.994],[28.616,43.994],[28.481,43.472],[28.159,43.472],[28.226,43.342],[27.898,43.277],[27.805,43.147],[27.847,42.756],[27.514,42.626],[27.495,42.431],[27.796,42.236],[27.784,42.106],[28.004,41.911],[27.979,41.652],[28.218,41.652],[28.279,41.457],[28.505,41.327],[28.976,41.263],[28.963,41.133],[30.479,41.198],[30.624,41.068],[31.18,41.068],[31.534,41.392],[32.027,41.522],[32.042,41.652],[32.193,41.587],[32.695,41.782],[32.631,41.911],[34.785,41.911],[34.882,42.041],[35.121,42.041],[35.157,41.717],[35.954,41.717],[36.209,41.263],[36.775,41.327],[37.065,41.133],[37.233,41.198],[37.215,41.068],[37.771,41.068],[37.831,40.938],[38.158,41.003],[38.298,40.874],[38.783,40.938],[39.051,41.133],[39.736,40.938],[40.37,40.938],[40.391,41.068],[40.539,41.003],[41.047,41.198],[41.159,41.392],[41.307,41.327],[41.408,41.457],[41.567,41.457],[41.815,41.976],[41.735,41.976],[41.758,42.106],[41.598,42.106],[41.701,42.236],[41.483,42.366],[41.609,42.626],[41.334,42.886],[41.173,42.886],[41.116,43.017],[40.817,43.147],[40.416,43.147],[40.219,43.407],[39.978,43.407],[40.081,43.538],[40.161,43.538],[40.599,43.277],[41.001,43.277],[41.208,43.082],[41.666,42.951],[41.803,42.821],[41.78,42.691],[41.998,42.561],[42.01,41.717],[41.705,41.327],[41.625,41.327],[41.614,41.263],[41.535,41.263],[41.45,40.744],[40.953,40.614],[40.398,40.096],[38.79,39.902],[38.93,39.773],[38.745,39.579],[38.954,39.385],[38.726,38.868],[38.962,38.868],[39.25,38.674],[39.232,38.545],[39.511,38.287],[39.415,38.158],[39.46,37.9],[39.122,37.706],[38.349,37.771],[38.333,37.642],[37.989,37.384],[37.958,37.126],[38.176,36.997],[38.133,35.966],[38.428,35.838],[39.497,35.709],[39.938,35.516],[40.062,35.258],[40.278,35.13],[40.263,35.001],[40.479,34.872],[40.55,34.165],[40.473,34.165],[40.311,34.1],[40.403,34.229],[40.257,34.293],[39.124,34.486],[37.99,33.972],[37.739,33.779],[37.726,33.65],[37.573,33.65],[37.073,33.264],[37.054,33.072],[36.901,33.072],[36.717,32.75],[36.751,32.3],[36.516,32.236],[36.656,32.107],[36.492,31.979],[36.463,31.658],[36.387,31.658],[36.423,31.208],[36.271,31.208],[36.401,30.951],[36.151,30.694],[36.146,30.629],[35.842,30.629],[35.593,30.372],[34.389,30.501],[34.303,30.372],[33.151,30.179],[32.602,29.922],[32.526,29.922],[32.429,29.601],[32.639,29.344],[32.689,28.958],[32.836,28.894],[33.105,28.38],[33.609,27.994],[33.585,27.608],[33.799,27.415],[33.927,27.029],[34.073,26.965],[34.051,26.579],[34.197,26.515],[34.461,25.872],[34.608,25.808],[35.146,24.651],[35.86,24.008],[35.854,23.879],[35.559,23.943],[35.553,23.815],[35.108,23.879],[33.756,23.686],[33.682,23.686],[33.389,23.815],[32.041,23.686],[31.67,23.751],[30.537,23.365],[30.463,23.365],[30.395,23.558],[30.104,23.751],[30.109,23.879],[29.959,23.879],[29.673,24.201],[28.569,24.651],[28.289,25.165],[28.244,25.936],[28.345,26.579],[28.27,26.579],[28.154,27.351],[27.937,27.544],[27.711,27.544],[27.792,27.672],[27.43,27.994],[27.276,27.93],[27.285,28.122],[27.14,28.251],[25.586,28.958],[25.373,29.279],[25.147,29.279],[25.001,29.408],[24.847,29.344],[24.779,29.537],[24.33,29.665],[23.962,29.922],[23.51,29.987],[22.916,30.308],[22.762,30.244],[22.767,30.372],[21.939,30.565],[20.952,30.565],[18.735,29.987],[17.905,30.179],[16.701,30.694],[15.49,30.951],[15.184,30.886],[15.187,31.079],[14.584,31.529],[14.586,31.658],[14.284,31.915],[13.6,32.172],[13.066,32.172],[13.067,32.3],[11.768,32.3],[11.768,32.429],[11.539,32.429],[11.463,32.557],[11.31,32.493],[11.157,32.686],[10.392,33.007],[10.009,33.007],[10.085,33.136],[9.625,33.136],[9.547,33.329],[9.624,33.457],[9.316,33.586],[9.238,33.843],[9.083,33.907],[9.083,34.036],[8.929,34.036],[8.928,34.165],[8.311,34.293],[8.081,34.229],[8.002,34.422],[7.615,34.551],[7.153,34.486],[6.92,34.615],[6.459,34.551],[6.148,34.679],[5.377,34.679],[5.149,34.551],[4.454,34.615],[3.843,34.422],[3.456,34.486],[2.921,34.358],[2.45,34.615],[1.294,34.615],[0.685,34.422],[0.451,34.486],[0.303,34.358],[-1.237,34.358],[-1.305,34.165],[-1.539,34.229],[-1.61,34.1],[-1.693,34.229],[-2.001,34.229],[-3.763,34.1],[-4.141,33.972],[-4.21,33.843],[-4.367,33.907],[-5.039,33.586],[-5.274,33.65],[-5.799,33.457],[-6.033,33.522],[-6.634,33.329],[-6.703,33.2],[-6.937,33.264],[-7.528,32.943],[-8.064,32.943],[-8.154,33.136],[-8.47,33.264],[-8.403,33.393],[-7.13,33.843],[-7.062,33.972],[-6.904,33.907],[-6.614,34.165],[-6.7,34.293],[-6.473,34.358],[-6.482,34.486],[-6.332,34.551],[-6.277,34.872],[-6.2,34.872],[-6.291,35.065],[-6.132,35.001],[-6.145,35.194],[-6,35.323],[-5.877,35.773],[-5.339,35.838],[-5.24,35.516],[-4.755,35.194],[-3.132,35.194],[-2.982,35.258],[-2.993,35.451],[-2.838,35.451],[-2.82,35.13],[-2.662,35.065],[-1.89,35.065],[-1.591,35.258],[-1.359,35.258],[-1.136,35.451],[-1.224,35.645],[-1.066,35.58],[-0.917,35.709],[-0.53,35.709],[-0.459,35.838],[0.084,35.838],[0.376,36.224],[0.684,36.288],[0.678,36.417],[0.914,36.353],[1.216,36.546],[1.53,36.482],[2.377,36.675],[2.69,36.61],[2.841,36.739],[3.23,36.739],[3.459,36.868],[3.85,36.804],[4.235,36.933],[4.859,36.868],[5.098,36.675],[5.564,36.675],[5.639,36.804],[6.106,36.804],[6.103,36.933],[6.334,37.062],[6.805,36.868],[7.194,36.868],[7.346,37.062],[7.502,37.062],[7.738,36.868],[8.516,36.868],[8.903,37.126],[9.059,37.062],[9.37,37.255],[9.759,37.319],[9.993,37.19],[10.227,37.255],[10.228,37.062],[10.305,37.062],[10.228,36.804],[10.462,36.739],[11.006,36.997],[11.006,36.804],[10.462,36.417],[10.54,36.353],[10.464,35.902],[10.696,35.709],[10.851,35.773],[10.928,35.58],[11.083,35.58],[11.083,35.387],[11.006,35.387],[11.083,35.001],[10.851,34.937],[10.851,34.808],[10.543,34.551],[10.004,34.293],[10.082,34.229],[10.006,33.907],[10.237,33.715],[10.544,33.715],[10.698,33.522],[11.082,33.586],[11.158,33.2],[11.464,33.2],[12.229,32.814],[12.612,32.879],[12.535,32.75],[12.841,32.75],[12.842,32.879],[13.302,32.943],[13.454,32.814],[13.761,32.879],[13.759,32.75],[14.065,32.75],[14.444,32.493],[14.675,32.557],[14.749,32.429],[15.055,32.429],[15.282,32.3],[15.425,31.658],[15.576,31.593],[15.649,31.4],[16.179,31.208],[16.864,31.208],[17.847,30.951],[18.222,30.758],[18.592,30.372],[18.896,30.372],[18.969,30.244],[19.655,30.372],[19.964,30.565],[19.968,30.694],[20.202,30.886],[20.134,31.143],[20.214,31.272],[19.996,31.593],[20.089,32.107],[20.017,32.236],[20.246,32.236],[20.331,32.493],[20.482,32.429],[20.563,32.557],[20.716,32.557],[20.644,32.686],[20.871,32.622],[21.108,32.814],[21.412,32.75],[21.879,32.943],[23.089,32.622],[23.081,32.429],[23.231,32.365],[23.149,32.236],[23.299,32.172],[23.68,32.172],[24.129,31.979],[24.892,31.979],[25.112,31.786],[25.102,31.593],[25.248,31.465],[26.848,31.465],[27.297,31.336],[27.515,31.143],[28.496,31.015],[28.865,30.822],[29.397,30.822],[29.485,31.015],[29.633,30.951],[29.87,31.079],[29.802,31.208],[29.882,31.272],[30.339,31.272],[30.271,31.4],[30.352,31.465],[30.809,31.465],[30.966,31.529],[30.975,31.658],[31.203,31.658],[31.118,31.529],[31.266,31.465],[31.875,31.465],[31.781,31.208],[31.937,31.272],[32,31.079],[32.304,31.079],[32.237,31.208],[32.389,31.208],[32.532,31.079],[32.765,31.143],[32.832,31.015],[33.983,31.143],[34.297,31.272],[34.308,31.4],[34.547,31.529],[34.639,31.722],[34.573,31.85],[34.813,31.979],[34.77,32.365],[35.022,32.622],[35.056,33.007],[35.215,33.072],[35.398,33.393],[35.346,33.65],[35.499,33.65],[35.447,33.907],[35.684,33.972],[35.644,34.358],[35.792,34.293],[36.049,34.551],[36.068,34.744],[35.927,34.872],[35.96,35.194],[35.882,35.194],[35.993,35.516],[35.845,35.58],[35.99,36.224],[35.842,36.288],[36.265,36.61],[36.286,36.804],[36.145,36.933],[35.834,36.933],[35.488,36.61],[35.113,36.739],[34.95,36.675],[34.893,36.868],[34.582,36.868],[34.251,36.675],[33.979,36.288],[33.274,36.224],[32.713,36.031],[32.558,36.031],[32.499,36.224],[32.068,36.61],[31.086,36.933],[30.619,36.933],[30.492,36.353],[30.026,36.353],[29.938,36.224],[29.24,36.224],[29.125,36.739],[28.736,36.739],[28.591,36.868],[28.357,36.868],[28.187,36.675],[28.031,36.675],[28.138,37.062],[28.065,37.126],[27.598,37.126],[27.539,37.384],[27.223,37.319],[27.31,37.448],[27.163,37.577],[27.256,37.771],[27.178,37.771],[27.275,38.029],[26.889,38.093],[26.82,38.222],[26.429,38.222],[26.384,38.674],[26.536,38.61],[26.595,38.351],[27.065,38.351],[27.08,38.545],[26.849,38.61],[26.958,38.997],[26.879,38.997],[26.894,39.191],[26.742,39.256],[26.847,39.579],[26.132,39.514],[26.272,40.291],[26.605,40.485],[26.684,40.485],[26.673,40.355],[27.47,40.42],[27.538,40.291],[27.696,40.291],[27.792,40.485],[27.95,40.485],[27.939,40.355],[29.046,40.355],[28.9,40.485],[28.913,40.614],[29.48,40.744],[29.493,40.874],[29.249,40.809],[29.103,40.938],[29.116,41.068],[28.633,41.003],[28.169,41.133],[28.077,41.003],[27.527,41.068],[27.017,40.679],[26.921,40.485],[26.626,40.744],[26.14,40.614],[26.082,40.874],[25.378,41.003],[24.347,41.003],[24.011,40.744],[23.698,40.809],[23.685,40.614],[23.839,40.55],[23.737,40.226],[23.267,40.291],[22.884,40.485],[22.892,40.614],[22.655,40.614],[22.56,40.355],[22.544,40.096],[22.702,40.096],[22.611,39.902],[23.135,39.45],[22.816,39.385],[22.797,39.062],[23.116,39.126],[23.108,38.997],[23.344,38.997],[23.493,38.868],[23.332,38.803],[23.025,38.933],[22.936,38.739],[23.167,38.674],[23.313,38.481],[23.626,38.481],[23.563,38.739],[24.03,38.674],[24.179,38.545],[24.159,38.222],[24.002,38.222],[23.979,37.835],[23.443,38.029],[23.208,38.029],[23.201,37.9],[23.044,37.9],[23.108,37.642],[23.342,37.642],[23.402,37.319],[23.169,37.319],[23.176,37.448],[22.949,37.577],[22.714,37.577],[22.701,37.319],[22.853,37.255],[23.056,36.675],[22.833,36.868],[22.599,36.868],[22.512,36.675],[22.356,36.675],[22.22,37.062],[21.909,37.062],[21.899,36.868],[21.744,36.868],[21.681,37.19],[21.603,37.19],[21.697,37.513],[21.244,37.835],[21.416,38.158],[21.729,38.158],[21.738,38.351],[21.193,38.416],[20.974,38.739],[20.741,38.803],[20.911,39.062],[20.297,39.385],[20.155,39.708],[19.912,39.579],[19.758,39.644],[19.764,39.773],[20,39.773],[20.009,39.967],[19.63,40.291],[19.471,40.291],[19.486,40.614],[19.249,40.614],[19.255,40.744],[19.498,40.874],[19.438,41.263],[19.523,41.392],[19.444,41.392],[19.53,41.522],[19.45,41.522],[19.542,41.782],[18.852,42.366],[18.143,42.626],[17.992,42.821],[17.593,42.886],[17.508,42.756],[17.516,42.951],[17.355,42.951],[17.365,43.212],[17.122,43.147],[17.051,43.407],[16.727,43.342],[16.734,43.538],[16.575,43.603],[15.927,43.472],[16.012,43.603],[15.857,43.798],[15.695,43.798],[15.619,43.929],[15.375,43.863],[15.459,43.994],[15.219,44.059],[15.147,44.385],[14.909,44.581],[14.919,44.973],[14.516,45.104],[14.603,45.366],[14.196,45.366],[14.189,45.039],[13.946,45.039],[13.943,44.908],[13.781,44.908],[13.706,45.235],[13.544,45.3],[13.547,45.497],[13.71,45.497],[13.715,45.759],[13.39,45.824],[13.145,45.824],[13.06,45.628],[12.817,45.693],[12.652,45.562],[12.163,45.497],[12.16,45.17],[12.403,45.039],[12.4,44.777],[12.157,44.843],[12.154,44.451],[12.313,44.19],[12.873,43.798],[13.036,43.863],[13.034,43.733],[13.355,43.668],[13.673,43.407],[13.747,43.082],[13.985,42.951],[13.901,42.756],[14.056,42.496],[14.371,42.236],[14.531,42.236],[14.608,42.106],[14.769,42.171],[14.766,42.041],[14.924,41.976],[15.165,42.041],[15.241,41.911],[16.119,41.911],[16.115,41.782],[15.874,41.717],[15.944,41.392],[17.203,41.003],[17.511,40.744],[17.981,40.614],[18.438,40.161],[18.349,39.902],[18.112,39.902],[17.813,40.355],[17.418,40.355],[17.345,40.55],[17.028,40.55],[16.868,40.485],[16.945,40.42],[16.862,40.291],[16.624,40.291],[16.697,40.096],[16.457,39.967],[16.447,39.644],[16.916,39.514],[17.07,39.385],[17.138,39.062],[16.502,38.803],[16.492,38.416],[15.933,37.964],[15.698,37.964],[15.624,38.158],[15.389,38.158],[15.066,37.642],[15.059,37.255],[15.214,37.19],[15.05,36.739],[14.661,36.739],[14.278,37.126],[13.578,37.255],[13.192,37.577],[12.49,37.706],[12.492,37.9],[12.65,38.093],[13.04,38.029],[13.12,38.158],[13.355,38.158],[13.665,37.964],[14.056,37.964],[15.862,38.287],[15.95,38.674],[16.265,38.739],[16.27,38.933],[16.117,39.062],[15.899,39.773],[15.666,39.902],[15.748,40.032],[15.432,40.032],[15.199,40.226],[15.041,40.226],[14.893,40.679],[14.418,40.679],[14.422,40.874],[14.105,40.874],[13.951,41.133],[13.792,41.133],[13.715,41.263],[13,41.327],[12.922,41.457],[12.605,41.522],[12.131,41.911],[12.132,42.041],[11.813,42.106],[11.655,42.366],[11.495,42.301],[11.415,42.431],[11.255,42.431],[11.176,42.626],[11.016,42.626],[11.016,42.821],[10.535,43.082],[10.212,43.994],[9.889,43.994],[9.97,44.124],[9.727,44.124],[9.159,44.451],[8.432,44.385],[8.034,43.929],[7.15,43.733],[6.993,43.538],[6.673,43.472],[6.518,43.212],[6.278,43.147],[5.796,43.147],[5.632,43.277],[5.391,43.277],[5.387,43.407],[5.063,43.472],[4.178,43.472],[4.173,43.603],[3.851,43.603],[3.617,43.407],[3.14,43.277],[2.985,43.147],[3.01,42.561],[3.178,42.366],[3.117,41.911],[2.573,41.587],[2.334,41.587],[2.107,41.327],[1.238,41.198],[0.696,40.938],[0.709,40.679],[0.248,40.42],[0.183,40.161],[-0.126,40.032],[-0.345,39.708],[-0.314,39.126],[0.099,38.739],[-0.661,38.287],[-0.803,38.029],[-0.705,37.642],[-1.709,37.448],[-1.623,37.319],[-1.857,37.319],[-2.062,36.804],[-2.532,36.868],[-2.68,36.739],[-4.469,36.739],[-4.689,36.546],[-5.228,36.482],[-5.288,36.224],[-5.662,36.031],[-5.831,36.224],[-6.064,36.224],[-6.33,36.675],[-6.35,36.933],[-6.588,36.997],[-6.842,37.255],[-7.465,37.255],[-7.455,37.126],[-7.678,36.997],[-8.701,37.126],[-9.001,36.997],[-8.897,37.577],[-8.819,37.577],[-8.823,38.481],[-9.209,38.416],[-9.233,38.674],[-9.384,38.61],[-9.553,38.739],[-9.572,38.933],[-9.427,39.062],[-9.387,39.45],[-9.157,39.514],[-9.104,39.773],[-9.025,39.773],[-8.925,40.355],[-8.846,40.355],[-8.872,40.614],[-8.727,40.744],[-8.956,42.171],[-8.657,42.366],[-9.079,42.561],[-9.1,42.756],[-9.275,42.886],[-9.305,43.147],[-9.159,43.277],[-8.852,43.407],[-8.369,43.407],[-8.39,43.603],[-8.244,43.733],[-7.276,43.733],[-7.343,43.603],[-7.176,43.538],[-5.733,43.603],[-4.99,43.407],[-3.467,43.472],[-3.296,43.342],[-1.688,43.342],[-1.388,43.668],[-1.349,44.255],[-1.268,44.255],[-1.286,44.516],[-1.205,44.516],[-1.252,45.17],[-1.171,45.17],[-1.189,45.431],[-1.031,45.497],[-1.045,45.693],[-1.213,45.759],[-1.141,45.89],[-1.223,45.89],[-1.252,46.283],[-1.666,46.349],[-2.014,46.612],[-2.025,46.743],[-2.194,46.809],[-2.139,47.137],[-2.232,47.269],[-2.562,47.269],[-2.578,47.466],[-2.826,47.466],[-2.837,47.598],[-3.156,47.466],[-3.344,47.73],[-3.757,47.73],[-3.935,47.862],[-4.424,47.796],[-4.692,47.994],[-4.705,48.126],[-4.546,48.192],[-4.643,48.324],[-4.891,48.324],[-4.912,48.522],[-4.6,48.72],[-3.852,48.72],[-3.455,48.919],[-3.122,48.919],[-2.759,48.588],[-2.522,48.72],[-1.602,48.654],[-1.718,49.051],[-1.635,49.051],[-1.652,49.25],[-1.913,49.383],[-2.032,49.781],[-1.362,49.781],[-1.251,49.449],[0.007,49.383],[-0.012,49.648],[0.224,49.847],[1.053,49.98],[1.455,50.246],[1.425,50.712],[1.656,51.046],[2.578,51.179],[2.739,51.313],[3.41,51.447],[3.399,51.647],[3.739,51.647],[3.647,51.781],[3.98,51.915],[4.056,52.116],[4.232,51.982],[4.573,51.982],[5.248,52.116],[5.934,51.982],[6.369,51.647],[6.539,51.647],[6.541,51.58],[6.885,51.38],[7.065,50.979],[7.319,50.912],[7.24,50.712]]],[[[20.328,38.351],[20.488,38.416],[20.566,38.416],[20.795,38.287],[20.786,38.093],[20.32,38.158],[20.328,38.351]]],[[[1.274,38.803],[1.183,39.062],[1.259,39.126],[1.337,39.126],[1.652,39.126],[1.658,38.997],[1.431,38.803],[1.274,38.803]]],[[[20.07,39.579],[20.073,39.644],[20.152,39.644],[20.149,39.579],[20.07,39.579]]],[[[3.296,39.32],[2.824,39.32],[2.659,39.514],[2.346,39.45],[2.338,39.644],[2.877,39.967],[2.956,39.967],[3.193,39.967],[3.198,39.838],[3.516,39.773],[3.296,39.32]]],[[[3.82,40.096],[4.215,40.096],[4.302,39.838],[3.827,39.902],[3.741,40.096],[3.82,40.096]]],[[[9.747,39.644],[9.669,39.644],[9.593,39.126],[9.12,39.191],[8.966,38.868],[8.73,38.868],[8.336,38.997],[8.412,39.256],[8.333,39.256],[8.33,39.514],[8.409,39.514],[8.483,39.902],[8.325,39.967],[8.4,40.291],[8.321,40.291],[8.319,40.485],[8.16,40.55],[8.155,40.938],[8.552,40.874],[9.025,41.263],[9.104,41.263],[9.502,41.198],[9.822,40.744],[9.823,40.355],[9.665,40.291],[9.747,39.644]]],[[[9.578,41.976],[9.498,41.976],[9.499,41.782],[9.262,41.392],[9.104,41.327],[8.784,41.522],[8.782,41.717],[8.623,41.717],[8.7,41.911],[8.539,42.106],[8.535,42.496],[8.773,42.691],[9.173,42.756],[9.251,43.017],[9.331,43.017],[9.492,43.017],[9.493,42.756],[9.574,42.756],[9.578,41.976]]],[[[10.134,42.886],[10.214,42.886],[10.455,42.886],[10.455,42.691],[10.215,42.691],[10.134,42.886]]],[[[14.269,44.973],[14.35,44.973],[14.511,44.908],[14.502,44.516],[14.261,44.581],[14.269,44.973]]],[[[19.004,45.497],[19.007,45.562],[19.089,45.562],[19.086,45.497],[19.004,45.497]]],[[[19.084,47.072],[19.087,47.137],[19.169,47.137],[19.166,47.072],[19.084,47.072]]],[[[16.989,48.192],[16.907,48.192],[16.909,48.258],[16.992,48.258],[16.989,48.192]]],[[[16.909,48.258],[16.826,48.258],[16.829,48.324],[16.912,48.324],[16.909,48.258]]],[[[6.278,51.848],[6.193,51.848],[6.191,51.915],[6.276,51.915],[6.278,51.848]]],[[[-2.656,56.114],[-2.019,55.908],[-1.735,55.703],[-1.607,55.294],[-1.519,55.294],[-1.486,54.953],[-1.399,54.953],[-1.286,54.681],[-0.671,54.613],[-0.202,54.206],[-0.18,53.935],[0.004,53.8],[0.021,53.597],[0.295,53.395],[0.316,53.125],[0.075,52.923],[0.337,52.855],[0.493,53.057],[1.094,53.057],[1.622,52.855],[1.739,52.385],[1.654,52.385],[1.586,52.116],[1.425,51.982],[1.17,51.982],[1.184,51.781],[0.844,51.781],[0.863,51.513],[0.524,51.513],[1.207,51.447],[1.381,51.38],[1.394,51.179],[0.493,50.779],[-1.368,50.845],[-1.109,50.779],[-1.177,50.579],[-1.513,50.579],[-1.525,50.712],[-2.608,50.579],[-2.789,50.712],[-3.126,50.712],[-3.457,50.645],[-3.585,50.246],[-4.089,50.246],[-4.187,50.379],[-4.355,50.379],[-4.929,50.246],[-5.151,49.98],[-5.746,50.046],[-5.769,50.246],[-5.28,50.379],[-5.134,50.579],[-4.881,50.579],[-4.819,50.779],[-4.658,50.845],[-4.68,51.046],[-4.426,51.046],[-4.202,51.313],[-3.095,51.246],[-3.108,51.38],[-2.945,51.447],[-3.121,51.513],[-3.277,51.38],[-3.701,51.38],[-3.892,51.58],[-4.308,51.513],[-4.415,51.714],[-5.079,51.58],[-5.264,51.714],[-5.219,52.049],[-4.553,52.183],[-4.157,52.452],[-4.295,52.923],[-4.794,52.788],[-4.81,52.923],[-4.49,53.125],[-4.67,53.192],[-4.702,53.462],[-4.271,53.462],[-4.162,53.26],[-3.317,53.395],[-3.153,53.462],[-3.174,53.665],[-3.088,53.665],[-3.196,53.868],[-3.11,53.868],[-3.124,54.003],[-2.959,54.071],[-3.139,54.138],[-3.305,54.071],[-3.319,54.206],[-3.587,54.274],[-3.72,54.681],[-3.569,54.885],[-4.345,54.817],[-4.124,55.157],[-4.394,55.225],[-4.323,55.362],[-4.769,55.43],[-4.795,55.635],[-4.979,55.703],[-5.014,55.977],[-4.575,55.977],[-4.416,56.114],[-4.442,56.319],[-4.169,56.251],[-3.496,56.525],[-3.424,56.662],[-2.909,56.8],[-2.667,57.006],[-2.609,57.282],[-2.52,57.282],[-2.543,57.489],[-3.094,57.627],[-3.199,57.765],[-1.853,57.696],[-1.824,57.42],[-2.076,57.282],[-2.209,56.869],[-2.533,56.594],[-2.621,56.594],[-2.79,56.525],[-2.671,56.251],[-3.104,56.182],[-3.264,56.045],[-2.656,56.114]]],[[[-5.163,55.771],[-5.119,55.43],[-5.381,55.43],[-5.574,55.567],[-5.547,55.362],[-5.888,55.294],[-5.855,55.703],[-5.689,55.771],[-5.698,55.84],[-5.786,55.84],[-5.814,56.045],[-5.453,55.977],[-5.426,55.771],[-5.163,55.771]]],[[[34.087,35.001],[33.695,34.937],[33.523,34.744],[33.132,34.679],[33.044,34.551],[32.367,34.744],[32.229,34.937],[32.246,35.13],[32.555,35.13],[32.875,35.258],[32.887,35.387],[33.737,35.387],[34.31,35.709],[34.387,35.709],[34.542,35.709],[34.529,35.58],[33.957,35.258],[34.087,35.001]]],[[[24.15,35.387],[24.301,35.323],[25.692,35.323],[25.681,35.13],[26.225,35.194],[26.14,35.065],[24.824,35.001],[24.757,35.194],[24.526,35.194],[24.448,35.194],[23.679,35.258],[23.615,35.516],[24.157,35.516],[24.15,35.387]]],[[[27.693,36.288],[28.017,36.482],[28.095,36.482],[28.25,36.482],[28.139,36.031],[27.743,35.902],[27.693,36.288]]],[[[22.887,36.417],[22.965,36.417],[23.117,36.353],[23.107,36.16],[22.874,36.16],[22.887,36.417]]],[[[27.117,36.933],[27.185,36.804],[26.865,36.675],[27.039,36.933],[27.117,36.933]]],[[[25.339,37.126],[25.417,37.126],[25.573,37.126],[25.564,36.997],[25.331,36.997],[25.339,37.126]]],[[[24.361,37.706],[24.432,37.577],[24.272,37.513],[24.201,37.642],[24.283,37.706],[24.361,37.706]]],[[[25.064,37.706],[25.22,37.706],[25.286,37.513],[25.052,37.513],[24.986,37.706],[25.064,37.706]]],[[[26.08,37.706],[26.158,37.706],[26.314,37.706],[26.305,37.577],[25.988,37.513],[26.08,37.706]]],[[[20.621,37.9],[20.699,37.9],[20.934,37.9],[20.922,37.642],[20.613,37.706],[20.621,37.9]]],[[[24.694,38.029],[24.772,38.029],[25.068,37.771],[24.83,37.706],[24.682,37.835],[24.694,38.029]]],[[[25.821,38.481],[25.913,38.674],[25.991,38.674],[26.217,38.545],[26.111,38.158],[25.876,38.158],[25.899,38.481],[25.821,38.481]]],[[[23.563,38.739],[23.485,38.739],[23.489,38.803],[23.567,38.803],[23.563,38.739]]],[[[24.365,38.997],[24.444,38.997],[24.675,38.933],[24.662,38.739],[24.357,38.868],[24.365,38.997]]],[[[26.094,38.997],[26.103,39.126],[25.793,39.191],[26.044,39.385],[26.123,39.385],[26.511,39.32],[26.644,38.997],[26.246,38.933],[26.094,38.997]]],[[[25.067,40.032],[25.146,40.032],[25.462,40.032],[25.447,39.838],[24.974,39.838],[25.067,40.032]]],[[[25.798,40.291],[26.035,40.291],[26.025,40.161],[25.704,40.096],[25.719,40.291],[25.798,40.291]]],[[[24.57,40.809],[24.808,40.809],[24.794,40.614],[24.551,40.55],[24.491,40.809],[24.57,40.809]]]]}},{"type":"Feature","id":"cliopatria-e1c56c1bd0d2f06e484aa0e8","properties":{"NAME":"Western Satraps","ABBREVN":null,"CONTROL":null,"SUBJECTO":"Western Satraps","PARTOF":null,"BORDERPRECISION":1,"FromYear":84,"ToYear":90,"Area":326754.86318845436,"Type":"POLITY","Wikipedia":"Western Satraps","Wikidata":"Q2086608","SeshatID":"pk_western_satraps","Components":"","MemberOf":"","sourceFeatureId":"cliopatria-e1c56c1bd0d2f06e484aa0e8","datasetId":"cliopatria"},"geometry":{"type":"MultiPolygon","coordinates":[[[[78.333,26.065],[78.323,26.001],[78.324,25.036],[78.314,24.972],[78.221,24.844],[77.847,24.844],[77.213,24.586],[77.138,24.586],[77.063,24.586],[77.054,24.522],[76.712,24.201],[76.023,24.072],[74.59,23.365],[74.029,22.401],[73.554,22.143],[73.213,21.758],[72.76,21.693],[72.686,21.693],[72.544,21.758],[72.566,21.951],[72.491,21.951],[72.527,22.272],[72.378,22.272],[72.342,21.951],[72.112,21.886],[72.173,21.758],[72.321,21.758],[72.185,21.179],[71.408,20.858],[71.321,20.729],[70.721,20.665],[70.295,20.858],[69.89,21.243],[69.903,21.372],[69.497,21.758],[69.349,21.758],[68.949,22.208],[68.977,22.465],[69.409,22.336],[69.497,22.465],[69.869,22.465],[70.263,22.658],[70.365,22.915],[69.451,22.722],[69.099,22.915],[69.025,22.915],[69.039,23.043],[69.5,23.172],[70.065,23.558],[70.424,24.072],[70.448,24.265],[70.605,24.329],[70.57,24.651],[71.086,25.165],[71.235,25.165],[71.905,25.679],[73.179,26.194],[75.972,26.772],[77.11,26.837],[77.238,26.708],[77.689,26.708],[77.786,26.837],[78.236,26.837],[78.225,26.772],[78.3,26.772],[78.333,26.065]]]]}},{"type":"Feature","id":"cliopatria-1966e6eef5aee899af17c0eb","properties":{"NAME":"Wusun","ABBREVN":null,"CONTROL":null,"SUBJECTO":"Wusun","PARTOF":null,"BORDERPRECISION":1,"FromYear":84,"ToYear":90,"Area":193743.23800325434,"Type":"POLITY","Wikipedia":"Wusun","Wikidata":"Q854062","SeshatID":"","Components":"","MemberOf":"","sourceFeatureId":"cliopatria-1966e6eef5aee899af17c0eb","datasetId":"cliopatria"},"geometry":{"type":"MultiPolygon","coordinates":[[[[78.569,45.17],[78.65,45.17],[79.545,44.973],[79.518,44.908],[80.005,44.908],[79.978,44.843],[80.41,44.712],[80.302,44.451],[80.383,44.451],[80.357,43.994],[80.735,43.538],[80.683,43.407],[80.791,43.277],[80.632,43.082],[80.471,43.082],[80.473,42.886],[80.287,42.821],[80.214,42.431],[80.134,42.431],[80.003,42.301],[78.185,41.717],[77.875,41.522],[76.817,41.457],[76.864,41.587],[76.568,41.652],[76.798,41.847],[76.104,41.911],[76.278,42.171],[76.142,42.236],[76.158,42.496],[75.814,42.431],[75.701,42.561],[75.878,42.821],[75.766,42.951],[75.388,43.017],[75.14,43.212],[75.205,43.603],[74.795,43.798],[74.998,44.124],[74.563,44.255],[74.443,44.581],[74.281,44.581],[74.25,44.712],[73.975,44.843],[73.968,45.039],[74.13,45.039],[74.255,45.366],[74.117,45.431],[74.319,45.955],[74.753,46.021],[74.881,46.349],[75.533,46.546],[75.507,46.48],[77.391,46.48],[77.364,46.415],[77.61,46.415],[77.72,46.283],[77.802,46.283],[77.831,45.955],[78.022,45.824],[77.996,45.562],[78.35,45.431],[78.569,45.17]]]]}},{"type":"Feature","id":"cliopatria-d282238e9a187c5824485383","properties":{"NAME":"Xiongnu","ABBREVN":null,"CONTROL":null,"SUBJECTO":"Xiongnu","PARTOF":null,"BORDERPRECISION":1,"FromYear":84,"ToYear":90,"Area":2213799.754611606,"Type":"POLITY","Wikipedia":"Xiongnu","Wikidata":"Q188836","SeshatID":"mn_hunnu_late","Components":"","MemberOf":"","sourceFeatureId":"cliopatria-d282238e9a187c5824485383","datasetId":"cliopatria"},"geometry":{"type":"MultiPolygon","coordinates":[[[[101.112,51.58],[101.875,51.58],[101.829,51.513],[102.123,51.447],[102.077,51.38],[102.201,51.313],[102.11,51.179],[102.353,50.912],[102.263,50.779],[102.348,50.779],[102.383,50.579],[102.76,50.512],[102.716,50.446],[102.884,50.446],[102.84,50.379],[103.177,50.379],[103.133,50.313],[103.301,50.313],[103.257,50.246],[104.181,50.246],[105.032,50.512],[106.417,50.446],[106.372,50.379],[106.792,50.379],[106.746,50.313],[107.282,50.113],[107.236,50.046],[107.823,50.046],[107.817,49.914],[107.984,49.914],[108.055,49.648],[108.345,49.582],[108.34,49.449],[108.59,49.449],[108.546,49.383],[108.629,49.383],[108.449,48.985],[108.616,48.985],[108.612,48.853],[108.815,48.654],[108.729,48.522],[108.852,48.456],[108.767,48.324],[108.85,48.324],[108.765,48.192],[108.848,48.192],[108.515,47.928],[108.598,47.928],[108.514,47.796],[108.597,47.796],[108.432,47.664],[108.391,47.466],[108.556,47.466],[108.598,47.269],[108.763,47.269],[108.971,46.94],[108.891,46.809],[109.303,46.677],[109.388,46.415],[109.552,46.415],[109.846,45.955],[109.767,45.824],[110.186,45.3],[110.107,45.17],[110.527,44.647],[110.449,44.516],[110.699,44.255],[110.623,44.124],[110.703,44.124],[110.627,43.994],[110.712,43.863],[109.966,42.561],[109.333,42.431],[107.813,42.431],[106.863,42.301],[105.425,41.847],[104.746,41.457],[104.024,40.809],[103.631,40.161],[103.407,39.514],[103.132,39.256],[102.173,38.868],[101.63,39.062],[101.559,39.256],[101.165,39.256],[101.194,39.32],[101.181,39.644],[100.737,39.708],[100.381,39.967],[100.144,39.967],[100.173,40.032],[99.384,40.032],[99.284,40.161],[98.918,40.226],[98.948,40.291],[98.503,40.355],[98.274,40.55],[98.037,40.55],[97.63,40.874],[96.897,41.003],[96.926,41.068],[95.23,41.003],[93.687,40.744],[93.715,40.809],[93.268,40.874],[93.296,40.938],[92.321,41.068],[92.349,41.133],[91.27,41.392],[90.775,41.717],[90.536,41.717],[90.434,41.847],[90.195,41.847],[90.223,41.911],[89.613,41.976],[89.642,42.041],[88.82,42.171],[88.848,42.236],[88.077,42.301],[88.105,42.366],[85.764,42.691],[85.792,42.756],[84.108,42.756],[82.056,42.236],[80.294,42.431],[80.214,42.431],[80.287,42.821],[80.473,42.886],[80.471,43.082],[80.632,43.082],[80.791,43.277],[80.683,43.407],[80.735,43.538],[80.357,43.994],[80.383,44.451],[80.302,44.451],[80.41,44.712],[79.978,44.843],[80.005,44.908],[79.518,44.908],[79.545,44.973],[78.65,45.17],[78.569,45.17],[78.35,45.431],[77.996,45.562],[78.022,45.824],[77.831,45.955],[77.802,46.283],[77.883,46.283],[78.975,46.349],[79.086,46.612],[79.801,46.94],[85.324,48.192],[85.786,48.456],[86.399,48.522],[86.549,48.654],[86.848,48.588],[86.914,48.72],[87.667,49.051],[87.652,49.184],[87.819,49.184],[88.244,49.515],[88.746,49.515],[89.606,49.714],[89.512,49.847],[89.585,49.98],[89.837,49.98],[90.116,50.179],[90.78,50.313],[91.063,50.512],[91.315,50.512],[91.892,50.779],[92.771,50.979],[93.272,51.246],[94.708,51.647],[98.585,52.116],[98.932,52.25],[98.886,52.183],[99.267,52.116],[99.221,52.049],[99.391,52.049],[99.346,51.982],[99.686,51.982],[99.641,51.915],[100.105,51.848],[100.06,51.781],[100.739,51.781],[100.694,51.714],[100.948,51.714],[100.903,51.647],[101.073,51.647],[101.027,51.58],[101.112,51.58]]],[[[77.829,46.349],[77.802,46.283],[77.72,46.283],[77.747,46.349],[77.829,46.349]]]]}},{"type":"Feature","id":"cliopatria-9624b565b7d6c197d92de5a4","properties":{"NAME":"(Alliance between Han Dynasty and Xiongnu)","ABBREVN":null,"CONTROL":null,"SUBJECTO":"(Alliance between Han Dynasty and Xiongnu)","PARTOF":null,"BORDERPRECISION":1,"FromYear":84,"ToYear":90,"Area":5919040.866920034,"Type":"RELATION","Wikipedia":"Han dynasty","Wikidata":"Q1068371","SeshatID":"cn_eastern_han_dyn;mn_hunnu_late","Components":"Han Dynasty;Xiongnu","MemberOf":"","sourceFeatureId":"cliopatria-9624b565b7d6c197d92de5a4","datasetId":"cliopatria"},"geometry":{"type":"MultiPolygon","coordinates":[[[[109.862,18.35],[109.841,18.222],[109.25,18.222],[109.123,18.35],[108.765,18.415],[108.638,18.543],[108.704,19.379],[109.203,19.701],[109.246,19.958],[110.157,20.086],[110.591,20.022],[110.613,20.151],[110.909,20.151],[111.087,19.893],[111.032,19.572],[110.884,19.572],[110.851,19.379],[110.681,19.251],[110.508,18.672],[110.19,18.543],[110.179,18.479],[109.862,18.35]]],[[[125.835,37.9],[125.678,37.9],[125.387,37.642],[125.231,37.642],[125.298,37.771],[125.209,37.9],[124.897,37.9],[125.077,38.093],[124.764,38.093],[124.866,38.287],[124.788,38.287],[124.961,38.61],[125.153,38.674],[125.189,38.739],[125.032,38.739],[125.39,39.385],[125.306,39.514],[124.87,39.579],[124.865,39.708],[124.512,39.644],[124.345,39.902],[124.034,39.773],[123.597,39.838],[122.936,39.644],[122.17,39.256],[121.952,38.997],[121.716,38.997],[121.422,38.739],[121.029,38.739],[121.201,39.062],[121.515,39.062],[121.69,39.385],[121.297,39.385],[121.21,39.514],[121.281,39.644],[121.438,39.644],[121.503,39.902],[121.776,39.967],[122.231,40.485],[122.106,40.679],[121.827,40.744],[121.824,40.874],[121.11,40.874],[120.997,40.679],[120.647,40.485],[120.5,40.226],[119.38,39.773],[119.215,39.32],[118.989,39.191],[118.45,39.062],[118.057,39.062],[118.046,39.191],[117.776,39.126],[117.576,38.739],[117.655,38.739],[117.602,38.481],[117.759,38.481],[117.773,38.351],[118.054,38.287],[118.067,38.158],[118.583,38.093],[118.648,38.222],[118.804,38.222],[118.772,38.158],[119.457,37.964],[119.393,37.835],[119.237,37.835],[118.984,37.319],[119.14,37.319],[119.156,37.19],[119.701,37.19],[119.827,37.448],[120.202,37.577],[120.188,37.706],[120.754,37.9],[121.112,37.835],[121.171,37.642],[121.483,37.642],[121.497,37.513],[122.154,37.577],[122.121,37.513],[122.713,37.448],[122.474,37.126],[122.566,36.997],[122.394,36.804],[121.912,36.933],[121.212,36.61],[120.979,36.61],[120.965,36.417],[120.732,36.417],[120.659,36.095],[120.318,36.031],[119.986,35.645],[119.619,35.516],[119.228,34.808],[119.459,34.808],[119.431,34.744],[119.711,34.679],[119.732,34.551],[120.342,34.358],[120.489,34.165],[120.55,33.586],[120.926,33.2],[120.919,32.622],[121.403,32.493],[121.503,32.172],[121.961,31.979],[121.937,31.722],[121.836,31.658],[121.301,31.85],[120.919,31.85],[121.454,31.658],[121.481,31.529],[121.634,31.529],[121.584,31.4],[121.737,31.4],[121.995,31.079],[121.899,30.822],[121.519,30.822],[121.197,30.565],[121.045,30.565],[120.68,30.179],[120.809,30.115],[121.105,30.308],[121.484,30.308],[121.62,30.051],[122.03,29.922],[121.865,29.665],[122.016,29.665],[121.938,29.215],[121.712,29.215],[121.745,29.537],[121.571,29.472],[121.647,29.472],[121.539,29.151],[121.744,29.087],[121.714,28.765],[121.522,28.637],[121.652,28.572],[121.646,28.315],[121.379,28.187],[121.153,28.187],[121.193,28.315],[121.118,28.315],[121.038,28.058],[120.868,27.994],[120.715,27.737],[120.657,27.544],[120.733,27.544],[120.545,27.158],[120.395,27.158],[120.247,26.901],[120.096,26.901],[120.061,26.772],[120.211,26.772],[120.158,26.579],[119.84,26.515],[119.938,26.322],[119.587,26.129],[119.778,26.001],[119.53,25.615],[119.904,25.615],[119.872,25.486],[119.616,25.358],[119.273,25.486],[119.391,25.358],[119.344,25.165],[119.029,25.101],[119.074,24.972],[118.819,24.844],[118.76,24.586],[118.147,24.522],[118.076,24.201],[117.721,23.943],[117.694,23.815],[117.47,23.815],[117.179,23.493],[116.894,23.558],[116.78,23.365],[116.815,23.172],[116.591,23.172],[116.54,22.915],[115.696,22.786],[115.671,22.658],[115.373,22.658],[115.174,22.786],[114.902,22.529],[114.753,22.529],[114.641,22.722],[114.531,22.143],[114.37,22.079],[113.999,22.079],[113.996,22.465],[113.785,22.529],[113.747,22.722],[113.599,22.722],[113.699,22.465],[113.639,22.143],[113.416,22.143],[113.318,22.015],[113.106,22.079],[113.071,21.886],[112.774,21.886],[112.441,21.693],[111.859,21.758],[111.664,21.501],[110.984,21.436],[110.739,21.308],[110.716,21.179],[110.419,21.179],[110.483,21.115],[110.364,20.858],[110.616,20.601],[110.487,20.279],[109.883,20.215],[109.927,20.472],[109.789,20.536],[109.77,20.858],[109.696,20.858],[109.87,21.436],[109.807,21.501],[109.116,21.372],[109.086,21.629],[108.652,21.693],[108.555,21.565],[107.79,21.436],[107.417,20.986],[106.961,20.922],[106.834,20.601],[106.685,20.601],[106.537,20.151],[105.965,19.829],[105.734,18.865],[106.051,18.543],[106.031,18.415],[106.178,18.415],[106.295,18.222],[106.57,18.093],[106.571,17.643],[106.772,17.515],[106.752,17.386],[107.026,17.258],[106.765,17],[106.534,16.936],[105.144,18.415],[105.185,18.672],[105.037,18.672],[105.142,18.865],[105.015,18.993],[105.014,19.443],[104.94,19.443],[104.992,19.765],[104.865,19.893],[104.981,20.151],[104.44,20.472],[104.619,20.665],[104.905,20.601],[104.873,20.858],[105.096,20.858],[104.851,21.179],[104.979,21.501],[104.926,21.629],[105.096,21.758],[105.128,21.951],[104.874,22.208],[105.249,22.658],[105.175,22.658],[105.22,22.915],[105.117,23.172],[104.956,23.108],[104.905,23.236],[103.426,23.301],[102.852,23.429],[102.474,23.815],[102.325,23.815],[102.086,24.136],[101.811,24.265],[101.462,25.165],[101.398,25.936],[101.196,26.387],[101.09,27.544],[101.014,27.544],[101.05,27.994],[100.915,28.058],[101.039,28.251],[100.964,28.251],[101.03,28.508],[100.955,28.508],[101.022,28.765],[100.881,29.087],[100.951,29.344],[100.875,29.344],[100.964,29.665],[100.889,29.665],[100.961,29.922],[100.885,29.922],[100.978,30.244],[100.902,30.244],[101.015,30.629],[100.939,30.629],[101.055,31.015],[100.979,31.015],[101.687,32.75],[102.552,33.264],[103.034,33.329],[103.332,33.522],[103.493,33.972],[103.355,34.229],[103.527,34.486],[103.45,34.486],[103.735,35.451],[103.63,35.58],[103.649,36.224],[103.467,36.353],[103.518,36.482],[103.389,36.546],[103.44,36.675],[103.311,36.739],[103.363,36.868],[103.208,37.062],[102.871,37.19],[102.611,37.126],[102.586,37.255],[102.171,37.384],[102.172,37.577],[102.043,37.642],[102.096,37.771],[101.833,37.513],[101.626,37.577],[101.601,37.706],[101.315,37.771],[101.29,37.9],[100.796,38.029],[100.799,38.222],[100.642,38.222],[100.386,38.545],[100.687,39.062],[101.137,39.191],[101.165,39.256],[101.194,39.32],[101.181,39.644],[100.737,39.708],[100.381,39.967],[100.144,39.967],[100.173,40.032],[99.384,40.032],[99.284,40.161],[98.918,40.226],[98.948,40.291],[98.503,40.355],[98.274,40.55],[98.037,40.55],[97.63,40.874],[96.897,41.003],[96.926,41.068],[95.23,41.003],[93.687,40.744],[93.715,40.809],[93.268,40.874],[93.296,40.938],[92.321,41.068],[92.349,41.133],[91.27,41.392],[90.775,41.717],[90.536,41.717],[90.434,41.847],[90.195,41.847],[90.223,41.911],[89.613,41.976],[89.642,42.041],[88.82,42.171],[88.848,42.236],[88.077,42.301],[88.105,42.366],[85.764,42.691],[85.792,42.756],[84.108,42.756],[82.056,42.236],[80.294,42.431],[80.214,42.431],[80.287,42.821],[80.473,42.886],[80.471,43.082],[80.632,43.082],[80.791,43.277],[80.683,43.407],[80.735,43.538],[80.357,43.994],[80.383,44.451],[80.302,44.451],[80.41,44.712],[79.978,44.843],[80.005,44.908],[79.518,44.908],[79.545,44.973],[78.65,45.17],[78.569,45.17],[78.35,45.431],[77.996,45.562],[78.022,45.824],[77.831,45.955],[77.802,46.283],[77.883,46.283],[78.975,46.349],[79.086,46.612],[79.801,46.94],[85.324,48.192],[85.786,48.456],[86.399,48.522],[86.549,48.654],[86.848,48.588],[86.914,48.72],[87.667,49.051],[87.652,49.184],[87.819,49.184],[88.244,49.515],[88.746,49.515],[89.606,49.714],[89.512,49.847],[89.585,49.98],[89.837,49.98],[90.116,50.179],[90.78,50.313],[91.063,50.512],[91.315,50.512],[91.892,50.779],[92.771,50.979],[93.272,51.246],[94.708,51.647],[98.585,52.116],[98.932,52.25],[98.886,52.183],[99.267,52.116],[99.221,52.049],[99.391,52.049],[99.346,51.982],[99.686,51.982],[99.641,51.915],[100.105,51.848],[100.06,51.781],[100.739,51.781],[100.694,51.714],[100.948,51.714],[100.903,51.647],[101.073,51.647],[101.027,51.58],[101.112,51.58],[101.875,51.58],[101.829,51.513],[102.123,51.447],[102.077,51.38],[102.201,51.313],[102.11,51.179],[102.353,50.912],[102.263,50.779],[102.348,50.779],[102.383,50.579],[102.76,50.512],[102.716,50.446],[102.884,50.446],[102.84,50.379],[103.177,50.379],[103.133,50.313],[103.301,50.313],[103.257,50.246],[104.181,50.246],[105.032,50.512],[106.417,50.446],[106.372,50.379],[106.792,50.379],[106.746,50.313],[107.282,50.113],[107.236,50.046],[107.823,50.046],[107.817,49.914],[107.984,49.914],[108.055,49.648],[108.345,49.582],[108.34,49.449],[108.59,49.449],[108.546,49.383],[108.629,49.383],[108.449,48.985],[108.616,48.985],[108.612,48.853],[108.815,48.654],[108.729,48.522],[108.852,48.456],[108.767,48.324],[108.85,48.324],[108.765,48.192],[108.848,48.192],[108.515,47.928],[108.598,47.928],[108.514,47.796],[108.597,47.796],[108.432,47.664],[108.391,47.466],[108.556,47.466],[108.598,47.269],[108.763,47.269],[108.971,46.94],[108.891,46.809],[109.303,46.677],[109.388,46.415],[109.552,46.415],[109.846,45.955],[109.767,45.824],[110.186,45.3],[110.107,45.17],[110.527,44.647],[110.449,44.516],[110.699,44.255],[110.623,44.124],[110.703,44.124],[110.627,43.994],[110.712,43.863],[109.966,42.561],[109.333,42.431],[107.813,42.431],[106.863,42.301],[105.425,41.847],[104.746,41.457],[104.024,40.809],[103.631,40.161],[103.407,39.514],[104.267,39.838],[104.583,39.838],[104.57,39.644],[104.698,39.579],[103.939,39.126],[103.608,38.739],[104.293,38.868],[104.393,38.739],[104.991,38.674],[104.963,38.61],[106.09,38.674],[107.062,39.579],[107.329,39.644],[107.442,39.385],[107.678,39.385],[108.054,39.838],[108.387,40.032],[109.736,40.355],[110.56,40.42],[111.906,40.42],[111.872,40.355],[112.821,40.355],[112.787,40.291],[113.488,40.42],[114.561,40.355],[114.974,40.679],[114.772,40.744],[114.808,40.809],[115.992,41.782],[117.338,42.171],[117.737,42.171],[117.701,41.976],[117.823,41.911],[117.708,41.717],[117.791,41.587],[118.072,41.522],[118.034,41.457],[118.47,41.522],[118.432,41.457],[118.671,41.457],[118.633,41.392],[118.83,41.457],[118.792,41.392],[119.428,41.392],[119.39,41.327],[120.344,41.327],[120.306,41.263],[121.021,41.263],[123.167,41.911],[123.127,41.847],[123.405,41.782],[123.365,41.717],[123.604,41.717],[123.564,41.652],[124.042,41.522],[124.002,41.457],[124.28,41.392],[124.24,41.327],[124.479,41.327],[124.439,41.263],[124.717,41.198],[124.678,41.133],[124.995,41.133],[125.433,41.327],[126.108,41.263],[126.187,41.133],[126.742,41.003],[126.623,40.679],[126.425,40.614],[126.269,40.355],[126.432,40.096],[126.709,40.032],[126.832,39.838],[126.728,39.385],[126.964,39.385],[126.854,39.191],[127.023,38.933],[126.937,38.351],[126.348,37.835],[126.27,37.835],[125.845,37.771],[125.835,37.9]]],[[[122.273,30.179],[122.28,29.987],[121.977,29.987],[122.022,30.115],[122.045,30.179],[122.273,30.179]]],[[[77.72,46.283],[77.747,46.349],[77.829,46.349],[77.802,46.283],[77.72,46.283]]]]}},{"type":"Feature","id":"cliopatria-0c241b23fada17f0ed68f610","properties":{"NAME":"Xianbei","ABBREVN":null,"CONTROL":null,"SUBJECTO":"Xianbei","PARTOF":null,"BORDERPRECISION":1,"FromYear":84,"ToYear":105,"Area":998276.7284858361,"Type":"POLITY","Wikipedia":"Xianbei","Wikidata":"Q861054","SeshatID":"","Components":"","MemberOf":"","sourceFeatureId":"cliopatria-0c241b23fada17f0ed68f610","datasetId":"cliopatria"},"geometry":{"type":"MultiPolygon","coordinates":[[[[116.581,49.98],[116.532,49.914],[117.591,49.648],[117.542,49.582],[117.96,49.582],[118.325,49.847],[118.895,50.046],[119.749,49.847],[119.699,49.781],[120.034,49.781],[119.983,49.714],[120.736,49.383],[120.788,49.118],[120.954,49.118],[121.111,48.654],[121.277,48.654],[121.298,48.456],[121.486,48.258],[121.391,48.126],[121.474,48.126],[121.604,47.73],[121.769,47.73],[121.793,47.532],[122.406,47.466],[122.36,47.401],[122.89,47.335],[122.843,47.269],[123.255,47.269],[123.244,47.137],[123.526,47.072],[123.587,46.809],[123.885,46.415],[123.793,46.283],[123.911,46.218],[123.857,46.021],[124.256,45.89],[124.084,45.759],[124.166,45.759],[124.157,45.628],[124.239,45.628],[124.34,45.3],[124.503,45.3],[124.568,45.039],[124.73,45.039],[124.686,44.973],[124.84,44.843],[124.744,44.581],[124.825,44.581],[124.781,44.516],[124.898,44.451],[124.81,44.32],[124.928,44.255],[124.482,43.342],[124.6,43.277],[124.51,43.017],[124.789,42.951],[125.013,42.431],[125.093,42.431],[124.607,42.171],[123.167,41.911],[121.021,41.263],[120.306,41.263],[120.344,41.327],[119.39,41.327],[119.428,41.392],[118.792,41.392],[118.83,41.457],[118.633,41.392],[118.671,41.457],[118.432,41.457],[118.47,41.522],[118.034,41.457],[118.072,41.522],[117.791,41.587],[117.708,41.717],[117.823,41.911],[117.701,41.976],[117.737,42.171],[117.338,42.171],[115.992,41.782],[114.808,40.809],[114.605,40.874],[114.598,41.003],[114.201,41.003],[114.236,41.068],[113.998,41.068],[114.034,41.133],[113.557,41.133],[113.593,41.198],[110.211,41.263],[110.122,41.392],[109.963,41.392],[109.997,41.457],[109.759,41.457],[109.536,41.782],[109.966,42.561],[110.712,43.863],[110.627,43.994],[110.703,44.124],[110.623,44.124],[110.699,44.255],[110.449,44.516],[110.527,44.647],[110.107,45.17],[110.186,45.3],[109.767,45.824],[109.846,45.955],[109.552,46.415],[109.388,46.415],[109.303,46.677],[108.891,46.809],[108.971,46.94],[108.763,47.269],[108.598,47.269],[108.556,47.466],[108.391,47.466],[108.432,47.664],[108.597,47.796],[108.514,47.796],[108.598,47.928],[108.515,47.928],[108.848,48.192],[108.765,48.192],[108.85,48.324],[108.767,48.324],[108.852,48.456],[108.729,48.522],[108.815,48.654],[108.612,48.853],[108.616,48.985],[108.449,48.985],[108.629,49.383],[108.713,49.383],[109.381,49.383],[109.336,49.316],[109.753,49.316],[109.709,49.25],[110.877,49.25],[111.347,49.449],[112.86,49.582],[113.311,49.98],[114.141,50.313],[114.814,50.313],[114.764,50.246],[115.016,50.246],[114.967,50.179],[115.372,50.046],[115.323,49.98],[115.575,49.98],[115.526,49.914],[116.043,50.046],[116.581,49.98]]]]}},{"type":"Feature","id":"cliopatria-67c57ac8671b0314556bee57","properties":{"NAME":"Pyu City-States","ABBREVN":null,"CONTROL":null,"SUBJECTO":"Pyu City-States","PARTOF":null,"BORDERPRECISION":1,"FromYear":84,"ToYear":849,"Area":116186.97827394767,"Type":"POLITY","Wikipedia":"Pyu city-states","Wikidata":"Q1627675","SeshatID":"","Components":"","MemberOf":"","sourceFeatureId":"cliopatria-67c57ac8671b0314556bee57","datasetId":"cliopatria"},"geometry":{"type":"MultiPolygon","coordinates":[[[[96.831,22.143],[96.95,21.951],[96.817,21.565],[96.891,21.565],[96.824,21.115],[96.749,21.115],[96.785,20.858],[96.618,20.729],[96.709,20.343],[96.477,20.279],[96.578,19.958],[96.401,19.765],[96.418,19.379],[96.194,18.865],[95.842,18.479],[95.695,18.479],[95.676,18.35],[95.085,18.35],[94.854,18.801],[94.891,19.058],[94.725,19.443],[94.836,19.701],[94.614,20.215],[94.652,20.472],[94.411,20.858],[94.552,21.822],[94.72,21.951],[94.665,22.079],[95.29,23.686],[96.166,24.008],[96.591,23.879],[96.867,23.301],[96.783,22.786],[96.858,22.786],[96.841,22.208],[96.831,22.143]]],[[[96.719,23.751],[96.729,23.815],[96.804,23.815],[96.793,23.751],[96.719,23.751]]],[[[96.655,23.815],[96.666,23.879],[96.74,23.879],[96.729,23.815],[96.655,23.815]]]]}},{"type":"Feature","id":"cliopatria-7aadd90eb347b07961262d7b","properties":{"NAME":"Han Dynasty","ABBREVN":null,"CONTROL":null,"SUBJECTO":"Han Dynasty","PARTOF":null,"BORDERPRECISION":1,"FromYear":91,"ToYear":105,"Area":4582951.088439443,"Type":"POLITY","Wikipedia":"Han dynasty","Wikidata":"Q1068371","SeshatID":"cn_eastern_han_dyn","Components":"","MemberOf":"","sourceFeatureId":"cliopatria-7aadd90eb347b07961262d7b","datasetId":"cliopatria"},"geometry":{"type":"MultiPolygon","coordinates":[[[[110.179,18.479],[109.862,18.35],[109.841,18.222],[109.25,18.222],[109.123,18.35],[108.765,18.415],[108.638,18.543],[108.704,19.379],[109.203,19.701],[109.246,19.958],[110.157,20.086],[110.591,20.022],[110.613,20.151],[110.909,20.151],[111.087,19.893],[111.032,19.572],[110.884,19.572],[110.851,19.379],[110.681,19.251],[110.508,18.672],[110.19,18.543],[110.179,18.479]]],[[[92.444,42.756],[92.944,42.626],[93.343,42.106],[93.284,41.976],[93.514,41.782],[93.455,41.652],[93.707,41.327],[93.649,41.198],[93.88,41.003],[94.068,41.068],[94.01,40.938],[94.248,40.938],[94.22,40.874],[96.212,41.068],[97.214,41.003],[97.184,40.938],[97.888,40.744],[98.037,40.55],[98.225,40.614],[98.245,40.485],[98.948,40.291],[99.047,40.161],[99.284,40.161],[99.384,40.032],[100.124,40.096],[100.094,40.032],[100.539,39.967],[100.688,39.773],[101.21,39.708],[101.244,39.256],[101.587,39.32],[101.709,39.062],[102.073,38.997],[102.045,38.933],[102.28,38.933],[102.416,39.062],[102.545,38.997],[103.132,39.256],[103.348,39.385],[103.329,39.514],[103.407,39.514],[104.267,39.838],[104.583,39.838],[104.57,39.644],[104.698,39.579],[103.939,39.126],[103.608,38.739],[104.293,38.868],[104.393,38.739],[104.991,38.674],[104.963,38.61],[106.09,38.674],[107.062,39.579],[107.329,39.644],[107.442,39.385],[107.678,39.385],[108.054,39.838],[108.387,40.032],[109.736,40.355],[110.56,40.42],[111.906,40.42],[111.872,40.355],[112.821,40.355],[112.787,40.291],[113.488,40.42],[114.561,40.355],[114.974,40.679],[114.772,40.744],[114.808,40.809],[115.992,41.782],[117.338,42.171],[117.737,42.171],[117.701,41.976],[117.823,41.911],[117.708,41.717],[117.791,41.587],[118.072,41.522],[118.034,41.457],[118.47,41.522],[118.432,41.457],[118.671,41.457],[118.633,41.392],[118.83,41.457],[118.792,41.392],[119.428,41.392],[119.39,41.327],[120.344,41.327],[120.306,41.263],[121.021,41.263],[123.167,41.911],[123.127,41.847],[123.405,41.782],[123.365,41.717],[123.604,41.717],[123.564,41.652],[124.042,41.522],[124.002,41.457],[124.28,41.392],[124.24,41.327],[124.479,41.327],[124.439,41.263],[124.717,41.198],[124.678,41.133],[124.995,41.133],[125.433,41.327],[126.108,41.263],[126.187,41.133],[126.742,41.003],[126.623,40.679],[126.425,40.614],[126.269,40.355],[126.432,40.096],[126.709,40.032],[126.832,39.838],[126.728,39.385],[126.964,39.385],[126.854,39.191],[127.023,38.933],[126.937,38.351],[126.348,37.835],[126.27,37.835],[125.845,37.771],[125.835,37.9],[125.678,37.9],[125.387,37.642],[125.231,37.642],[125.298,37.771],[125.209,37.9],[124.897,37.9],[125.077,38.093],[124.764,38.093],[124.866,38.287],[124.788,38.287],[124.961,38.61],[125.153,38.674],[125.189,38.739],[125.032,38.739],[125.39,39.385],[125.306,39.514],[124.87,39.579],[124.865,39.708],[124.512,39.644],[124.345,39.902],[124.034,39.773],[123.597,39.838],[122.936,39.644],[122.17,39.256],[121.952,38.997],[121.716,38.997],[121.422,38.739],[121.029,38.739],[121.201,39.062],[121.515,39.062],[121.69,39.385],[121.297,39.385],[121.21,39.514],[121.281,39.644],[121.438,39.644],[121.503,39.902],[121.776,39.967],[122.231,40.485],[122.106,40.679],[121.827,40.744],[121.824,40.874],[121.11,40.874],[120.997,40.679],[120.647,40.485],[120.5,40.226],[119.38,39.773],[119.215,39.32],[118.989,39.191],[118.45,39.062],[118.057,39.062],[118.046,39.191],[117.776,39.126],[117.576,38.739],[117.655,38.739],[117.602,38.481],[117.759,38.481],[117.773,38.351],[118.054,38.287],[118.067,38.158],[118.583,38.093],[118.648,38.222],[118.804,38.222],[118.772,38.158],[119.457,37.964],[119.393,37.835],[119.237,37.835],[118.984,37.319],[119.14,37.319],[119.156,37.19],[119.701,37.19],[119.827,37.448],[120.202,37.577],[120.188,37.706],[120.754,37.9],[121.112,37.835],[121.171,37.642],[121.483,37.642],[121.497,37.513],[122.154,37.577],[122.121,37.513],[122.713,37.448],[122.474,37.126],[122.566,36.997],[122.394,36.804],[121.912,36.933],[121.212,36.61],[120.979,36.61],[120.965,36.417],[120.732,36.417],[120.659,36.095],[120.318,36.031],[119.986,35.645],[119.619,35.516],[119.228,34.808],[119.459,34.808],[119.431,34.744],[119.711,34.679],[119.732,34.551],[120.342,34.358],[120.489,34.165],[120.55,33.586],[120.926,33.2],[120.919,32.622],[121.403,32.493],[121.503,32.172],[121.961,31.979],[121.937,31.722],[121.836,31.658],[121.301,31.85],[120.919,31.85],[121.454,31.658],[121.481,31.529],[121.634,31.529],[121.584,31.4],[121.737,31.4],[121.995,31.079],[121.899,30.822],[121.519,30.822],[121.197,30.565],[121.045,30.565],[120.68,30.179],[120.809,30.115],[121.105,30.308],[121.484,30.308],[121.62,30.051],[122.03,29.922],[121.865,29.665],[122.016,29.665],[121.938,29.215],[121.712,29.215],[121.745,29.537],[121.571,29.472],[121.647,29.472],[121.539,29.151],[121.744,29.087],[121.714,28.765],[121.522,28.637],[121.652,28.572],[121.646,28.315],[121.379,28.187],[121.153,28.187],[121.193,28.315],[121.118,28.315],[121.038,28.058],[120.868,27.994],[120.715,27.737],[120.657,27.544],[120.733,27.544],[120.545,27.158],[120.395,27.158],[120.247,26.901],[120.096,26.901],[120.061,26.772],[120.211,26.772],[120.158,26.579],[119.84,26.515],[119.938,26.322],[119.587,26.129],[119.778,26.001],[119.53,25.615],[119.904,25.615],[119.872,25.486],[119.616,25.358],[119.273,25.486],[119.391,25.358],[119.344,25.165],[119.029,25.101],[119.074,24.972],[118.819,24.844],[118.76,24.586],[118.147,24.522],[118.076,24.201],[117.721,23.943],[117.694,23.815],[117.47,23.815],[117.179,23.493],[116.894,23.558],[116.78,23.365],[116.815,23.172],[116.591,23.172],[116.54,22.915],[115.696,22.786],[115.671,22.658],[115.373,22.658],[115.174,22.786],[114.902,22.529],[114.753,22.529],[114.641,22.722],[114.531,22.143],[114.37,22.079],[113.999,22.079],[113.996,22.465],[113.785,22.529],[113.747,22.722],[113.599,22.722],[113.699,22.465],[113.639,22.143],[113.416,22.143],[113.318,22.015],[113.106,22.079],[113.071,21.886],[112.774,21.886],[112.441,21.693],[111.859,21.758],[111.664,21.501],[110.984,21.436],[110.739,21.308],[110.716,21.179],[110.419,21.179],[110.483,21.115],[110.364,20.858],[110.616,20.601],[110.487,20.279],[109.883,20.215],[109.927,20.472],[109.789,20.536],[109.77,20.858],[109.696,20.858],[109.87,21.436],[109.807,21.501],[109.116,21.372],[109.086,21.629],[108.652,21.693],[108.555,21.565],[107.79,21.436],[107.417,20.986],[106.961,20.922],[106.834,20.601],[106.685,20.601],[106.537,20.151],[105.965,19.829],[105.734,18.865],[106.051,18.543],[106.031,18.415],[106.178,18.415],[106.295,18.222],[106.57,18.093],[106.571,17.643],[106.772,17.515],[106.752,17.386],[107.026,17.258],[106.765,17],[106.534,16.936],[105.144,18.415],[105.185,18.672],[105.037,18.672],[105.142,18.865],[105.015,18.993],[105.014,19.443],[104.94,19.443],[104.992,19.765],[104.865,19.893],[104.981,20.151],[104.44,20.472],[104.619,20.665],[104.905,20.601],[104.873,20.858],[105.096,20.858],[104.851,21.179],[104.979,21.501],[104.926,21.629],[105.096,21.758],[105.128,21.951],[104.874,22.208],[105.249,22.658],[105.175,22.658],[105.22,22.915],[105.117,23.172],[104.956,23.108],[104.905,23.236],[102.99,23.365],[101.811,24.265],[101.462,25.165],[101.398,25.936],[101.196,26.387],[101.09,27.544],[101.014,27.544],[101.05,27.994],[100.915,28.058],[101.039,28.251],[100.964,28.251],[101.03,28.508],[100.955,28.508],[101.022,28.765],[100.881,29.087],[100.951,29.344],[100.875,29.344],[100.964,29.665],[100.889,29.665],[100.961,29.922],[100.885,29.922],[100.978,30.244],[100.902,30.244],[101.015,30.629],[100.939,30.629],[101.055,31.015],[100.979,31.015],[101.44,32.236],[101.687,32.75],[101.883,32.879],[102.552,33.264],[103.21,33.393],[103.493,33.972],[103.355,34.229],[103.527,34.486],[103.45,34.486],[103.735,35.451],[103.63,35.58],[103.649,36.224],[103.467,36.353],[103.518,36.482],[103.389,36.546],[103.44,36.675],[103.311,36.739],[103.363,36.868],[103.208,37.062],[102.871,37.19],[102.611,37.126],[102.586,37.255],[102.171,37.384],[102.172,37.577],[102.043,37.642],[102.096,37.771],[101.755,37.513],[101.601,37.706],[101.315,37.771],[101.29,37.9],[100.796,38.029],[100.799,38.222],[100.642,38.222],[100.414,38.61],[100.199,38.287],[99.862,38.416],[99.379,39.126],[99.092,39.191],[99.12,39.256],[98.958,39.062],[98.384,39.191],[98.117,38.933],[97.96,38.933],[97.857,39.062],[97.492,39.126],[97.468,39.256],[96.763,39.45],[96.681,39.256],[96.76,39.256],[96.678,39.062],[96.757,39.062],[96.677,38.868],[96.755,38.868],[96.649,38.61],[96.414,38.61],[96.31,38.739],[95.682,38.933],[95.319,39.385],[94.977,39.32],[94.506,39.514],[93.955,39.514],[93.088,39.32],[92.248,39.385],[91.123,39.126],[89.58,38.997],[88.746,38.868],[87.662,38.481],[86.44,38.351],[86.081,38.222],[85.813,37.9],[85.356,37.706],[85.113,37.448],[81.031,36.61],[80.371,36.997],[79.398,37.126],[79.145,37.319],[78.424,37.513],[78.386,37.642],[78.093,37.706],[77.801,38.029],[77.841,38.158],[77.667,38.351],[77.51,38.351],[77.414,38.545],[77.258,38.545],[77.025,38.803],[75.792,39.126],[73.769,39.45],[73.69,39.45],[73.395,39.514],[73.573,39.579],[73.8,40.291],[73.526,40.42],[73.489,40.55],[73.331,40.55],[73.294,40.679],[73.135,40.679],[73.099,40.809],[73.12,40.874],[73.343,41.068],[74.751,41.003],[77.35,41.392],[77.374,41.457],[77.875,41.522],[80.028,42.366],[80.108,42.366],[80.239,42.496],[80.508,42.366],[82.056,42.236],[84.108,42.756],[85.687,42.886],[90.74,42.886],[90.82,42.886],[92.474,42.821],[92.444,42.756]]],[[[122.273,30.179],[122.28,29.987],[121.977,29.987],[122.022,30.115],[122.045,30.179],[122.273,30.179]]]]}},{"type":"Feature","id":"cliopatria-7e7b84596855e39ab579e74e","properties":{"NAME":"Nabataeans","ABBREVN":null,"CONTROL":null,"SUBJECTO":"Nabataeans","PARTOF":null,"BORDERPRECISION":1,"FromYear":91,"ToYear":105,"Area":90836.55932922022,"Type":"POLITY","Wikipedia":"Nabataeans","Wikidata":"Q220594","SeshatID":"jo_nabataean_k","Components":"","MemberOf":"","sourceFeatureId":"cliopatria-7e7b84596855e39ab579e74e","datasetId":"cliopatria"},"geometry":{"type":"MultiPolygon","coordinates":[[[[37.07,26.837],[37.075,26.901],[37.15,26.901],[37.146,26.837],[37.07,26.837]]],[[[38.056,26.965],[38.06,27.029],[38.135,27.029],[38.131,26.965],[38.056,26.965]]],[[[37.839,27.094],[37.844,27.158],[37.919,27.158],[37.914,27.094],[37.839,27.094]]],[[[36.401,28.058],[36.552,28.058],[36.689,27.865],[37.127,27.672],[37.26,27.415],[37.481,27.351],[37.472,27.222],[37.769,27.158],[38.051,26.901],[38.206,26.965],[38.268,26.772],[38.493,26.772],[38.409,26.644],[38.696,26.451],[38.692,26.387],[38.467,26.387],[38.229,26.194],[38.154,26.194],[38.163,26.322],[37.95,26.515],[37.654,26.579],[37.154,26.965],[37,26.901],[37.017,27.158],[36.508,27.415],[36.37,27.608],[35.706,27.801],[35.4,27.737],[35.409,27.865],[35.049,28.122],[34.593,28.058],[34.605,28.251],[34.854,28.572],[34.913,29.408],[34.752,29.279],[34.711,28.701],[34.547,28.508],[34.517,28.058],[34.358,27.93],[34.346,27.737],[33.902,27.865],[33.554,28.315],[33.403,28.315],[33.189,28.508],[33.214,28.894],[32.857,29.215],[32.597,29.858],[32.602,29.922],[33.151,30.179],[34.303,30.372],[34.389,30.501],[35.593,30.372],[35.842,30.629],[36.146,30.629],[36.14,30.565],[35.866,29.987],[35.929,28.83],[35.924,28.765],[36.401,28.058]]]]}},{"type":"Feature","id":"cliopatria-c5f2b7fca6d3cd5b6c680516","properties":{"NAME":"Roman Empire","ABBREVN":null,"CONTROL":null,"SUBJECTO":"Roman Empire","PARTOF":null,"BORDERPRECISION":1,"FromYear":91,"ToYear":105,"Area":4263184.124511789,"Type":"POLITY","Wikipedia":"Roman Empire","Wikidata":"Q12544","SeshatID":"it_roman_principate","Components":"","MemberOf":"","sourceFeatureId":"cliopatria-c5f2b7fca6d3cd5b6c680516","datasetId":"cliopatria"},"geometry":{"type":"MultiPolygon","coordinates":[[[[2.61,34.422],[2.533,34.422],[2.531,34.486],[2.608,34.486],[2.61,34.422]]],[[[14.34,36.031],[14.417,36.031],[14.571,35.966],[14.568,35.773],[14.337,35.838],[14.34,36.031]]],[[[7.24,50.712],[7.41,50.645],[7.413,50.512],[7.664,50.579],[7.755,50.246],[7.923,50.246],[8.169,50.579],[8.758,50.579],[8.681,50.046],[8.765,50.046],[8.768,49.781],[8.935,49.847],[8.937,49.714],[8.853,49.714],[8.855,49.515],[9.022,49.582],[8.942,49.25],[9.279,48.919],[9.449,48.522],[10.445,48.522],[10.943,48.787],[11.36,48.853],[11.694,49.118],[12.111,49.184],[12.609,48.985],[12.773,48.787],[13.519,48.654],[14.258,48.258],[14.672,48.258],[14.841,48.39],[15.499,48.192],[16.663,48.324],[16.904,48.126],[17.072,48.192],[17.067,48.06],[17.635,47.796],[18.626,47.796],[18.798,47.928],[18.957,47.796],[18.95,47.664],[19.269,47.466],[19.173,47.203],[18.923,47.137],[18.998,47.006],[18.834,47.006],[18.824,46.809],[18.906,46.809],[18.896,46.612],[19.05,46.415],[18.952,46.087],[18.87,46.087],[18.949,46.021],[18.854,45.759],[19.011,45.628],[18.926,45.562],[18.998,45.366],[20.218,45.366],[20.37,45.17],[20.61,45.104],[20.521,44.973],[20.671,44.777],[21.41,44.908],[21.64,44.712],[21.884,44.712],[22.032,44.516],[22.194,44.516],[22.37,44.712],[22.694,44.712],[22.766,44.581],[22.518,44.516],[22.509,44.385],[22.975,44.124],[22.876,43.863],[23.526,43.929],[23.924,43.863],[24.075,43.733],[24.806,43.798],[25.52,43.668],[26.368,44.124],[27.748,44.19],[27.93,44.385],[27.849,44.385],[27.869,44.581],[27.707,44.581],[27.727,44.777],[27.889,44.777],[27.922,45.104],[27.767,45.17],[27.787,45.366],[28.038,45.431],[28.051,45.562],[28.289,45.497],[28.275,45.366],[28.431,45.3],[29.177,45.431],[29.288,45.693],[29.815,46.021],[30.107,46.415],[30.975,46.809],[31.082,47.006],[31.567,46.94],[31.533,46.677],[30.877,46.677],[30.298,45.955],[30.045,45.89],[29.859,45.693],[29.614,45.693],[29.584,45.431],[29.666,45.431],[29.525,44.908],[29.024,44.777],[29.046,44.973],[28.802,44.973],[28.841,44.581],[28.577,44.385],[28.536,43.994],[28.616,43.994],[28.481,43.472],[28.159,43.472],[28.226,43.342],[27.898,43.277],[27.805,43.147],[27.847,42.756],[27.514,42.626],[27.495,42.431],[27.796,42.236],[27.784,42.106],[28.004,41.911],[27.979,41.652],[28.218,41.652],[28.279,41.457],[28.505,41.327],[28.976,41.263],[28.963,41.133],[30.479,41.198],[30.624,41.068],[31.18,41.068],[31.534,41.392],[32.027,41.522],[32.042,41.652],[32.193,41.587],[32.695,41.782],[32.631,41.911],[34.785,41.911],[34.882,42.041],[35.121,42.041],[35.157,41.717],[35.954,41.717],[36.209,41.263],[36.775,41.327],[37.065,41.133],[37.233,41.198],[37.215,41.068],[37.771,41.068],[37.831,40.938],[38.158,41.003],[38.298,40.874],[38.783,40.938],[39.051,41.133],[39.736,40.938],[40.37,40.938],[40.391,41.068],[40.539,41.003],[41.047,41.198],[41.159,41.392],[41.307,41.327],[41.408,41.457],[41.567,41.457],[41.815,41.976],[41.735,41.976],[41.758,42.106],[41.598,42.106],[41.701,42.236],[41.483,42.366],[41.609,42.626],[41.334,42.886],[41.173,42.886],[41.116,43.017],[40.817,43.147],[40.416,43.147],[40.219,43.407],[39.978,43.407],[40.081,43.538],[40.161,43.538],[40.599,43.277],[41.001,43.277],[41.208,43.082],[41.666,42.951],[41.803,42.821],[41.78,42.691],[41.998,42.561],[42.01,41.717],[41.705,41.327],[41.625,41.327],[41.614,41.263],[41.535,41.263],[41.45,40.744],[40.953,40.614],[40.398,40.096],[38.79,39.902],[38.93,39.773],[38.745,39.579],[38.954,39.385],[38.726,38.868],[38.962,38.868],[39.25,38.674],[39.232,38.545],[39.511,38.287],[39.415,38.158],[39.46,37.9],[39.122,37.706],[38.349,37.771],[38.333,37.642],[37.989,37.384],[37.958,37.126],[38.176,36.997],[38.133,35.966],[38.428,35.838],[39.497,35.709],[39.938,35.516],[40.062,35.258],[40.278,35.13],[40.263,35.001],[40.479,34.872],[40.55,34.165],[40.473,34.165],[40.311,34.1],[40.403,34.229],[40.257,34.293],[39.124,34.486],[37.99,33.972],[37.739,33.779],[37.726,33.65],[37.573,33.65],[37.073,33.264],[37.054,33.072],[36.901,33.072],[36.717,32.75],[36.751,32.3],[36.516,32.236],[36.656,32.107],[36.492,31.979],[36.463,31.658],[36.387,31.658],[36.423,31.208],[36.271,31.208],[36.401,30.951],[36.151,30.694],[36.146,30.629],[35.842,30.629],[35.593,30.372],[34.389,30.501],[34.303,30.372],[33.151,30.179],[32.602,29.922],[32.526,29.922],[32.429,29.601],[32.639,29.344],[32.689,28.958],[32.836,28.894],[33.105,28.38],[33.609,27.994],[33.585,27.608],[33.799,27.415],[33.927,27.029],[34.073,26.965],[34.051,26.579],[34.197,26.515],[34.461,25.872],[34.608,25.808],[35.146,24.651],[35.86,24.008],[35.854,23.879],[35.559,23.943],[35.553,23.815],[35.108,23.879],[33.756,23.686],[33.682,23.686],[33.389,23.815],[32.041,23.686],[31.67,23.751],[30.537,23.365],[30.463,23.365],[30.395,23.558],[30.104,23.751],[30.109,23.879],[29.959,23.879],[29.673,24.201],[28.569,24.651],[28.289,25.165],[28.244,25.936],[28.345,26.579],[28.27,26.579],[28.154,27.351],[27.937,27.544],[27.711,27.544],[27.792,27.672],[27.43,27.994],[27.276,27.93],[27.285,28.122],[27.14,28.251],[25.586,28.958],[25.373,29.279],[25.147,29.279],[25.001,29.408],[24.847,29.344],[24.779,29.537],[24.33,29.665],[23.962,29.922],[23.51,29.987],[22.916,30.308],[22.762,30.244],[22.767,30.372],[21.939,30.565],[20.952,30.565],[18.735,29.987],[17.905,30.179],[16.701,30.694],[15.49,30.951],[15.184,30.886],[15.187,31.079],[14.584,31.529],[14.586,31.658],[14.284,31.915],[13.6,32.172],[13.066,32.172],[13.067,32.3],[11.768,32.3],[11.768,32.429],[11.539,32.429],[11.463,32.557],[11.31,32.493],[11.157,32.686],[10.392,33.007],[10.009,33.007],[10.085,33.136],[9.625,33.136],[9.547,33.329],[9.624,33.457],[9.316,33.586],[9.238,33.843],[9.083,33.907],[9.083,34.036],[8.929,34.036],[8.928,34.165],[8.311,34.293],[8.081,34.229],[8.002,34.422],[7.615,34.551],[7.153,34.486],[6.92,34.615],[6.459,34.551],[6.148,34.679],[5.377,34.679],[5.149,34.551],[4.454,34.615],[3.843,34.422],[3.456,34.486],[2.921,34.358],[2.45,34.615],[1.294,34.615],[0.685,34.422],[0.451,34.486],[0.303,34.358],[-1.237,34.358],[-1.305,34.165],[-1.539,34.229],[-1.61,34.1],[-1.693,34.229],[-2.001,34.229],[-3.763,34.1],[-4.141,33.972],[-4.21,33.843],[-4.367,33.907],[-5.039,33.586],[-5.274,33.65],[-5.799,33.457],[-6.033,33.522],[-6.634,33.329],[-6.703,33.2],[-6.937,33.264],[-7.528,32.943],[-8.064,32.943],[-8.154,33.136],[-8.47,33.264],[-8.403,33.393],[-7.13,33.843],[-7.062,33.972],[-6.904,33.907],[-6.614,34.165],[-6.7,34.293],[-6.473,34.358],[-6.482,34.486],[-6.332,34.551],[-6.277,34.872],[-6.2,34.872],[-6.291,35.065],[-6.132,35.001],[-6.145,35.194],[-6,35.323],[-5.877,35.773],[-5.339,35.838],[-5.24,35.516],[-4.755,35.194],[-3.132,35.194],[-2.982,35.258],[-2.993,35.451],[-2.838,35.451],[-2.82,35.13],[-2.662,35.065],[-1.89,35.065],[-1.591,35.258],[-1.359,35.258],[-1.136,35.451],[-1.224,35.645],[-1.066,35.58],[-0.917,35.709],[-0.53,35.709],[-0.459,35.838],[0.084,35.838],[0.376,36.224],[0.684,36.288],[0.678,36.417],[0.914,36.353],[1.216,36.546],[1.53,36.482],[2.377,36.675],[2.69,36.61],[2.841,36.739],[3.23,36.739],[3.459,36.868],[3.85,36.804],[4.235,36.933],[4.859,36.868],[5.098,36.675],[5.564,36.675],[5.639,36.804],[6.106,36.804],[6.103,36.933],[6.334,37.062],[6.805,36.868],[7.194,36.868],[7.346,37.062],[7.502,37.062],[7.738,36.868],[8.516,36.868],[8.903,37.126],[9.059,37.062],[9.37,37.255],[9.759,37.319],[9.993,37.19],[10.227,37.255],[10.228,37.062],[10.305,37.062],[10.228,36.804],[10.462,36.739],[11.006,36.997],[11.006,36.804],[10.462,36.417],[10.54,36.353],[10.464,35.902],[10.696,35.709],[10.851,35.773],[10.928,35.58],[11.083,35.58],[11.083,35.387],[11.006,35.387],[11.083,35.001],[10.851,34.937],[10.851,34.808],[10.543,34.551],[10.004,34.293],[10.082,34.229],[10.006,33.907],[10.237,33.715],[10.544,33.715],[10.698,33.522],[11.082,33.586],[11.158,33.2],[11.464,33.2],[12.229,32.814],[12.612,32.879],[12.535,32.75],[12.841,32.75],[12.842,32.879],[13.302,32.943],[13.454,32.814],[13.761,32.879],[13.759,32.75],[14.065,32.75],[14.444,32.493],[14.675,32.557],[14.749,32.429],[15.055,32.429],[15.282,32.3],[15.425,31.658],[15.576,31.593],[15.649,31.4],[16.179,31.208],[16.864,31.208],[17.847,30.951],[18.222,30.758],[18.592,30.372],[18.896,30.372],[18.969,30.244],[19.655,30.372],[19.964,30.565],[19.968,30.694],[20.202,30.886],[20.134,31.143],[20.214,31.272],[19.996,31.593],[20.089,32.107],[20.017,32.236],[20.246,32.236],[20.331,32.493],[20.482,32.429],[20.563,32.557],[20.716,32.557],[20.644,32.686],[20.871,32.622],[21.108,32.814],[21.412,32.75],[21.879,32.943],[23.089,32.622],[23.081,32.429],[23.231,32.365],[23.149,32.236],[23.299,32.172],[23.68,32.172],[24.129,31.979],[24.892,31.979],[25.112,31.786],[25.102,31.593],[25.248,31.465],[26.848,31.465],[27.297,31.336],[27.515,31.143],[28.496,31.015],[28.865,30.822],[29.397,30.822],[29.485,31.015],[29.633,30.951],[29.87,31.079],[29.802,31.208],[29.882,31.272],[30.339,31.272],[30.271,31.4],[30.352,31.465],[30.809,31.465],[30.966,31.529],[30.975,31.658],[31.203,31.658],[31.118,31.529],[31.266,31.465],[31.875,31.465],[31.781,31.208],[31.937,31.272],[32,31.079],[32.304,31.079],[32.237,31.208],[32.389,31.208],[32.532,31.079],[32.765,31.143],[32.832,31.015],[33.983,31.143],[34.297,31.272],[34.308,31.4],[34.547,31.529],[34.639,31.722],[34.573,31.85],[34.813,31.979],[34.77,32.365],[35.022,32.622],[35.056,33.007],[35.215,33.072],[35.398,33.393],[35.346,33.65],[35.499,33.65],[35.447,33.907],[35.684,33.972],[35.644,34.358],[35.792,34.293],[36.049,34.551],[36.068,34.744],[35.927,34.872],[35.96,35.194],[35.882,35.194],[35.993,35.516],[35.845,35.58],[35.99,36.224],[35.842,36.288],[36.265,36.61],[36.286,36.804],[36.145,36.933],[35.834,36.933],[35.488,36.61],[35.113,36.739],[34.95,36.675],[34.893,36.868],[34.582,36.868],[34.251,36.675],[33.979,36.288],[33.274,36.224],[32.713,36.031],[32.558,36.031],[32.499,36.224],[32.068,36.61],[31.086,36.933],[30.619,36.933],[30.492,36.353],[30.026,36.353],[29.938,36.224],[29.24,36.224],[29.125,36.739],[28.736,36.739],[28.591,36.868],[28.357,36.868],[28.187,36.675],[28.031,36.675],[28.138,37.062],[28.065,37.126],[27.598,37.126],[27.539,37.384],[27.223,37.319],[27.31,37.448],[27.163,37.577],[27.256,37.771],[27.178,37.771],[27.275,38.029],[26.889,38.093],[26.82,38.222],[26.429,38.222],[26.384,38.674],[26.536,38.61],[26.595,38.351],[27.065,38.351],[27.08,38.545],[26.849,38.61],[26.958,38.997],[26.879,38.997],[26.894,39.191],[26.742,39.256],[26.847,39.579],[26.132,39.514],[26.272,40.291],[26.605,40.485],[26.684,40.485],[26.673,40.355],[27.47,40.42],[27.538,40.291],[27.696,40.291],[27.792,40.485],[27.95,40.485],[27.939,40.355],[29.046,40.355],[28.9,40.485],[28.913,40.614],[29.48,40.744],[29.493,40.874],[29.249,40.809],[29.103,40.938],[29.116,41.068],[28.633,41.003],[28.169,41.133],[28.077,41.003],[27.527,41.068],[27.017,40.679],[26.921,40.485],[26.626,40.744],[26.14,40.614],[26.082,40.874],[25.378,41.003],[24.347,41.003],[24.011,40.744],[23.698,40.809],[23.685,40.614],[23.839,40.55],[23.737,40.226],[23.267,40.291],[22.884,40.485],[22.892,40.614],[22.655,40.614],[22.56,40.355],[22.544,40.096],[22.702,40.096],[22.611,39.902],[23.135,39.45],[22.816,39.385],[22.797,39.062],[23.116,39.126],[23.108,38.997],[23.344,38.997],[23.493,38.868],[23.332,38.803],[23.025,38.933],[22.936,38.739],[23.167,38.674],[23.313,38.481],[23.626,38.481],[23.563,38.739],[24.03,38.674],[24.179,38.545],[24.159,38.222],[24.002,38.222],[23.979,37.835],[23.443,38.029],[23.208,38.029],[23.201,37.9],[23.044,37.9],[23.108,37.642],[23.342,37.642],[23.402,37.319],[23.169,37.319],[23.176,37.448],[22.949,37.577],[22.714,37.577],[22.701,37.319],[22.853,37.255],[23.056,36.675],[22.833,36.868],[22.599,36.868],[22.512,36.675],[22.356,36.675],[22.22,37.062],[21.909,37.062],[21.899,36.868],[21.744,36.868],[21.681,37.19],[21.603,37.19],[21.697,37.513],[21.244,37.835],[21.416,38.158],[21.729,38.158],[21.738,38.351],[21.193,38.416],[20.974,38.739],[20.741,38.803],[20.911,39.062],[20.297,39.385],[20.155,39.708],[19.912,39.579],[19.758,39.644],[19.764,39.773],[20,39.773],[20.009,39.967],[19.63,40.291],[19.471,40.291],[19.486,40.614],[19.249,40.614],[19.255,40.744],[19.498,40.874],[19.438,41.263],[19.523,41.392],[19.444,41.392],[19.53,41.522],[19.45,41.522],[19.542,41.782],[18.852,42.366],[18.143,42.626],[17.992,42.821],[17.593,42.886],[17.508,42.756],[17.516,42.951],[17.355,42.951],[17.365,43.212],[17.122,43.147],[17.051,43.407],[16.727,43.342],[16.734,43.538],[16.575,43.603],[15.927,43.472],[16.012,43.603],[15.857,43.798],[15.695,43.798],[15.619,43.929],[15.375,43.863],[15.459,43.994],[15.219,44.059],[15.147,44.385],[14.909,44.581],[14.919,44.973],[14.516,45.104],[14.603,45.366],[14.196,45.366],[14.189,45.039],[13.946,45.039],[13.943,44.908],[13.781,44.908],[13.706,45.235],[13.544,45.3],[13.547,45.497],[13.71,45.497],[13.715,45.759],[13.39,45.824],[13.145,45.824],[13.06,45.628],[12.817,45.693],[12.652,45.562],[12.163,45.497],[12.16,45.17],[12.403,45.039],[12.4,44.777],[12.157,44.843],[12.154,44.451],[12.313,44.19],[12.873,43.798],[13.036,43.863],[13.034,43.733],[13.355,43.668],[13.673,43.407],[13.747,43.082],[13.985,42.951],[13.901,42.756],[14.056,42.496],[14.371,42.236],[14.531,42.236],[14.608,42.106],[14.769,42.171],[14.766,42.041],[14.924,41.976],[15.165,42.041],[15.241,41.911],[16.119,41.911],[16.115,41.782],[15.874,41.717],[15.944,41.392],[17.203,41.003],[17.511,40.744],[17.981,40.614],[18.438,40.161],[18.349,39.902],[18.112,39.902],[17.813,40.355],[17.418,40.355],[17.345,40.55],[17.028,40.55],[16.868,40.485],[16.945,40.42],[16.862,40.291],[16.624,40.291],[16.697,40.096],[16.457,39.967],[16.447,39.644],[16.916,39.514],[17.07,39.385],[17.138,39.062],[16.502,38.803],[16.492,38.416],[15.933,37.964],[15.698,37.964],[15.624,38.158],[15.389,38.158],[15.066,37.642],[15.059,37.255],[15.214,37.19],[15.05,36.739],[14.661,36.739],[14.278,37.126],[13.578,37.255],[13.192,37.577],[12.49,37.706],[12.492,37.9],[12.65,38.093],[13.04,38.029],[13.12,38.158],[13.355,38.158],[13.665,37.964],[14.056,37.964],[15.862,38.287],[15.95,38.674],[16.265,38.739],[16.27,38.933],[16.117,39.062],[15.899,39.773],[15.666,39.902],[15.748,40.032],[15.432,40.032],[15.199,40.226],[15.041,40.226],[14.893,40.679],[14.418,40.679],[14.422,40.874],[14.105,40.874],[13.951,41.133],[13.792,41.133],[13.715,41.263],[13,41.327],[12.922,41.457],[12.605,41.522],[12.131,41.911],[12.132,42.041],[11.813,42.106],[11.655,42.366],[11.495,42.301],[11.415,42.431],[11.255,42.431],[11.176,42.626],[11.016,42.626],[11.016,42.821],[10.535,43.082],[10.212,43.994],[9.889,43.994],[9.97,44.124],[9.727,44.124],[9.159,44.451],[8.432,44.385],[8.034,43.929],[7.15,43.733],[6.993,43.538],[6.673,43.472],[6.518,43.212],[6.278,43.147],[5.796,43.147],[5.632,43.277],[5.391,43.277],[5.387,43.407],[5.063,43.472],[4.178,43.472],[4.173,43.603],[3.851,43.603],[3.617,43.407],[3.14,43.277],[2.985,43.147],[3.01,42.561],[3.178,42.366],[3.117,41.911],[2.573,41.587],[2.334,41.587],[2.107,41.327],[1.238,41.198],[0.696,40.938],[0.709,40.679],[0.248,40.42],[0.183,40.161],[-0.126,40.032],[-0.345,39.708],[-0.314,39.126],[0.099,38.739],[-0.661,38.287],[-0.803,38.029],[-0.705,37.642],[-1.709,37.448],[-1.623,37.319],[-1.857,37.319],[-2.062,36.804],[-2.532,36.868],[-2.68,36.739],[-4.469,36.739],[-4.689,36.546],[-5.228,36.482],[-5.288,36.224],[-5.662,36.031],[-5.831,36.224],[-6.064,36.224],[-6.33,36.675],[-6.35,36.933],[-6.588,36.997],[-6.842,37.255],[-7.465,37.255],[-7.455,37.126],[-7.678,36.997],[-8.701,37.126],[-9.001,36.997],[-8.897,37.577],[-8.819,37.577],[-8.823,38.481],[-9.209,38.416],[-9.233,38.674],[-9.384,38.61],[-9.553,38.739],[-9.572,38.933],[-9.427,39.062],[-9.387,39.45],[-9.157,39.514],[-9.104,39.773],[-9.025,39.773],[-8.925,40.355],[-8.846,40.355],[-8.872,40.614],[-8.727,40.744],[-8.956,42.171],[-8.657,42.366],[-9.079,42.561],[-9.1,42.756],[-9.275,42.886],[-9.305,43.147],[-9.159,43.277],[-8.852,43.407],[-8.369,43.407],[-8.39,43.603],[-8.244,43.733],[-7.276,43.733],[-7.343,43.603],[-7.176,43.538],[-5.733,43.603],[-4.99,43.407],[-3.467,43.472],[-3.296,43.342],[-1.688,43.342],[-1.388,43.668],[-1.349,44.255],[-1.268,44.255],[-1.286,44.516],[-1.205,44.516],[-1.252,45.17],[-1.171,45.17],[-1.189,45.431],[-1.031,45.497],[-1.045,45.693],[-1.213,45.759],[-1.141,45.89],[-1.223,45.89],[-1.252,46.283],[-1.666,46.349],[-2.014,46.612],[-2.025,46.743],[-2.194,46.809],[-2.139,47.137],[-2.232,47.269],[-2.562,47.269],[-2.578,47.466],[-2.826,47.466],[-2.837,47.598],[-3.156,47.466],[-3.344,47.73],[-3.757,47.73],[-3.935,47.862],[-4.424,47.796],[-4.692,47.994],[-4.705,48.126],[-4.546,48.192],[-4.643,48.324],[-4.891,48.324],[-4.912,48.522],[-4.6,48.72],[-3.852,48.72],[-3.455,48.919],[-3.122,48.919],[-2.759,48.588],[-2.522,48.72],[-1.602,48.654],[-1.718,49.051],[-1.635,49.051],[-1.652,49.25],[-1.913,49.383],[-2.032,49.781],[-1.362,49.781],[-1.251,49.449],[0.007,49.383],[-0.012,49.648],[0.224,49.847],[1.053,49.98],[1.455,50.246],[1.425,50.712],[1.656,51.046],[2.578,51.179],[2.739,51.313],[3.41,51.447],[3.399,51.647],[3.739,51.647],[3.647,51.781],[3.98,51.915],[4.056,52.116],[4.232,51.982],[4.573,51.982],[5.248,52.116],[5.934,51.982],[6.369,51.647],[6.539,51.647],[6.541,51.58],[6.885,51.38],[7.065,50.979],[7.319,50.912],[7.24,50.712]]],[[[20.621,37.9],[20.699,37.9],[20.934,37.9],[20.922,37.642],[20.613,37.706],[20.621,37.9]]],[[[20.328,38.351],[20.488,38.416],[20.566,38.416],[20.795,38.287],[20.786,38.093],[20.32,38.158],[20.328,38.351]]],[[[1.274,38.803],[1.183,39.062],[1.259,39.126],[1.337,39.126],[1.652,39.126],[1.658,38.997],[1.431,38.803],[1.274,38.803]]],[[[20.07,39.579],[20.073,39.644],[20.152,39.644],[20.149,39.579],[20.07,39.579]]],[[[2.824,39.32],[2.659,39.514],[2.346,39.45],[2.338,39.644],[2.877,39.967],[2.956,39.967],[3.193,39.967],[3.198,39.838],[3.516,39.773],[3.296,39.32],[2.824,39.32]]],[[[3.82,40.096],[4.215,40.096],[4.302,39.838],[3.827,39.902],[3.741,40.096],[3.82,40.096]]],[[[9.665,40.291],[9.747,39.644],[9.669,39.644],[9.593,39.126],[9.12,39.191],[8.966,38.868],[8.73,38.868],[8.336,38.997],[8.412,39.256],[8.333,39.256],[8.33,39.514],[8.409,39.514],[8.483,39.902],[8.325,39.967],[8.4,40.291],[8.321,40.291],[8.319,40.485],[8.16,40.55],[8.155,40.938],[8.552,40.874],[9.025,41.263],[9.104,41.263],[9.502,41.198],[9.822,40.744],[9.823,40.355],[9.665,40.291]]],[[[9.578,41.976],[9.498,41.976],[9.499,41.782],[9.262,41.392],[9.104,41.327],[8.784,41.522],[8.782,41.717],[8.623,41.717],[8.7,41.911],[8.539,42.106],[8.535,42.496],[8.773,42.691],[9.173,42.756],[9.251,43.017],[9.331,43.017],[9.492,43.017],[9.493,42.756],[9.574,42.756],[9.578,41.976]]],[[[10.134,42.886],[10.214,42.886],[10.455,42.886],[10.455,42.691],[10.215,42.691],[10.134,42.886]]],[[[14.269,44.973],[14.35,44.973],[14.511,44.908],[14.502,44.516],[14.261,44.581],[14.269,44.973]]],[[[19.086,45.497],[19.004,45.497],[19.007,45.562],[19.089,45.562],[19.086,45.497]]],[[[19.166,47.072],[19.084,47.072],[19.087,47.137],[19.169,47.137],[19.166,47.072]]],[[[16.989,48.192],[16.907,48.192],[16.909,48.258],[16.992,48.258],[16.989,48.192]]],[[[16.826,48.258],[16.829,48.324],[16.912,48.324],[16.909,48.258],[16.826,48.258]]],[[[6.193,51.848],[6.191,51.915],[6.276,51.915],[6.278,51.848],[6.193,51.848]]],[[[0.07,52.99],[0.166,52.855],[0.337,52.855],[0.493,53.057],[1.094,53.057],[1.532,52.923],[1.717,52.721],[1.739,52.385],[1.654,52.385],[1.586,52.116],[1.425,51.982],[1.17,51.982],[1.184,51.781],[0.844,51.781],[0.863,51.513],[0.524,51.513],[1.381,51.38],[1.314,51.112],[0.493,50.779],[-1.368,50.845],[-1.109,50.779],[-1.177,50.579],[-1.513,50.579],[-1.525,50.712],[-2.608,50.579],[-2.789,50.712],[-3.126,50.712],[-3.457,50.645],[-3.585,50.246],[-4.089,50.246],[-4.187,50.379],[-4.355,50.379],[-4.929,50.246],[-5.151,49.98],[-5.746,50.046],[-5.769,50.246],[-5.28,50.379],[-5.134,50.579],[-4.881,50.579],[-4.819,50.779],[-4.658,50.845],[-4.68,51.046],[-4.426,51.046],[-4.202,51.313],[-3.095,51.246],[-3.108,51.38],[-2.945,51.447],[-3.121,51.513],[-3.277,51.38],[-3.701,51.38],[-3.892,51.58],[-4.308,51.513],[-4.415,51.714],[-5.079,51.58],[-5.264,51.714],[-5.219,52.049],[-4.553,52.183],[-4.157,52.452],[-4.295,52.923],[-4.794,52.788],[-4.81,52.923],[-4.49,53.125],[-4.67,53.192],[-4.702,53.462],[-4.271,53.462],[-4.076,53.26],[-3.153,53.462],[-3.095,53.732],[-3.196,53.868],[-2.966,54.138],[-3.305,54.071],[-3.319,54.206],[-3.587,54.274],[-3.72,54.681],[-3.569,54.885],[-2.895,55.089],[-2.822,55.225],[-2.379,55.157],[-1.613,55.362],[-1.286,54.681],[-0.671,54.613],[-0.202,54.206],[-0.18,53.935],[0.004,53.8],[0.01,53.732],[0.118,53.462],[0.295,53.395],[0.316,53.125],[0.07,52.99]]],[[[34.087,35.001],[33.695,34.937],[33.523,34.744],[33.132,34.679],[33.044,34.551],[32.367,34.744],[32.229,34.937],[32.246,35.13],[32.555,35.13],[32.875,35.258],[32.887,35.387],[33.737,35.387],[34.31,35.709],[34.387,35.709],[34.542,35.709],[34.529,35.58],[33.957,35.258],[34.087,35.001]]],[[[24.15,35.387],[24.301,35.323],[25.692,35.323],[25.681,35.13],[26.225,35.194],[26.14,35.065],[24.824,35.001],[24.757,35.194],[24.526,35.194],[24.448,35.194],[23.679,35.258],[23.615,35.516],[24.157,35.516],[24.15,35.387]]],[[[27.693,36.288],[28.017,36.482],[28.095,36.482],[28.25,36.482],[28.139,36.031],[27.743,35.902],[27.693,36.288]]],[[[22.887,36.417],[22.965,36.417],[23.117,36.353],[23.107,36.16],[22.874,36.16],[22.887,36.417]]],[[[27.117,36.933],[27.185,36.804],[26.865,36.675],[27.039,36.933],[27.117,36.933]]],[[[25.339,37.126],[25.417,37.126],[25.573,37.126],[25.564,36.997],[25.331,36.997],[25.339,37.126]]],[[[24.361,37.706],[24.432,37.577],[24.272,37.513],[24.201,37.642],[24.283,37.706],[24.361,37.706]]],[[[24.986,37.706],[25.064,37.706],[25.22,37.706],[25.286,37.513],[25.052,37.513],[24.986,37.706]]],[[[26.08,37.706],[26.158,37.706],[26.314,37.706],[26.305,37.577],[25.988,37.513],[26.08,37.706]]],[[[24.694,38.029],[24.772,38.029],[25.068,37.771],[24.83,37.706],[24.682,37.835],[24.694,38.029]]],[[[25.821,38.481],[25.913,38.674],[25.991,38.674],[26.217,38.545],[26.111,38.158],[25.876,38.158],[25.899,38.481],[25.821,38.481]]],[[[23.563,38.739],[23.485,38.739],[23.489,38.803],[23.567,38.803],[23.563,38.739]]],[[[24.365,38.997],[24.444,38.997],[24.675,38.933],[24.662,38.739],[24.357,38.868],[24.365,38.997]]],[[[26.094,38.997],[26.103,39.126],[25.793,39.191],[26.044,39.385],[26.123,39.385],[26.511,39.32],[26.644,38.997],[26.246,38.933],[26.094,38.997]]],[[[25.067,40.032],[25.146,40.032],[25.462,40.032],[25.447,39.838],[24.974,39.838],[25.067,40.032]]],[[[25.798,40.291],[26.035,40.291],[26.025,40.161],[25.704,40.096],[25.719,40.291],[25.798,40.291]]],[[[24.57,40.809],[24.808,40.809],[24.794,40.614],[24.551,40.55],[24.491,40.809],[24.57,40.809]]]]}},{"type":"Feature","id":"cliopatria-5dc089c0cc1c385bc244758e","properties":{"NAME":"Southern Xiongnu","ABBREVN":null,"CONTROL":null,"SUBJECTO":"Southern Xiongnu","PARTOF":null,"BORDERPRECISION":1,"FromYear":91,"ToYear":105,"Area":186817.86624593567,"Type":"POLITY","Wikipedia":"Xiongnu","Wikidata":"Q188836","SeshatID":"","Components":"","MemberOf":"","sourceFeatureId":"cliopatria-5dc089c0cc1c385bc244758e","datasetId":"cliopatria"},"geometry":{"type":"MultiPolygon","coordinates":[[[[114.605,40.874],[114.808,40.809],[114.772,40.744],[114.974,40.679],[114.561,40.355],[113.488,40.42],[112.787,40.291],[112.821,40.355],[111.872,40.355],[111.906,40.42],[110.56,40.42],[109.736,40.355],[108.387,40.032],[108.054,39.838],[107.678,39.385],[107.442,39.385],[107.329,39.644],[107.062,39.579],[106.09,38.674],[104.963,38.61],[104.991,38.674],[104.393,38.739],[104.293,38.868],[103.608,38.739],[103.939,39.126],[104.698,39.579],[104.57,39.644],[104.583,39.838],[104.267,39.838],[103.407,39.514],[103.437,39.579],[103.818,40.55],[104.488,41.263],[104.938,41.522],[104.972,41.587],[105.732,41.976],[106.863,42.301],[107.813,42.431],[109.333,42.431],[109.966,42.561],[109.536,41.782],[109.759,41.457],[109.997,41.457],[109.963,41.392],[110.122,41.392],[110.211,41.263],[113.593,41.198],[113.557,41.133],[114.034,41.133],[113.998,41.068],[114.236,41.068],[114.201,41.003],[114.598,41.003],[114.605,40.874]]]]}},{"type":"Feature","id":"cliopatria-f32ee959382f5fff522a5923","properties":{"NAME":"Western Satraps","ABBREVN":null,"CONTROL":null,"SUBJECTO":"Western Satraps","PARTOF":null,"BORDERPRECISION":1,"FromYear":91,"ToYear":105,"Area":327377.09430029755,"Type":"POLITY","Wikipedia":"Western Satraps","Wikidata":"Q2086608","SeshatID":"pk_western_satraps","Components":"","MemberOf":"","sourceFeatureId":"cliopatria-f32ee959382f5fff522a5923","datasetId":"cliopatria"},"geometry":{"type":"MultiPolygon","coordinates":[[[[78.333,26.065],[78.323,26.001],[78.324,25.036],[78.314,24.972],[78.221,24.844],[77.847,24.844],[77.296,24.651],[76.712,24.201],[76.023,24.072],[74.59,23.365],[74.029,22.401],[73.554,22.143],[73.213,21.758],[72.76,21.693],[72.686,21.693],[72.544,21.758],[72.566,21.951],[72.491,21.951],[72.527,22.272],[72.378,22.272],[72.342,21.951],[72.112,21.886],[72.173,21.758],[72.321,21.758],[72.185,21.179],[71.408,20.858],[71.321,20.729],[70.721,20.665],[70.295,20.858],[69.89,21.243],[69.903,21.372],[69.497,21.758],[69.349,21.758],[68.949,22.208],[68.977,22.465],[69.409,22.336],[69.497,22.465],[69.869,22.465],[70.263,22.658],[70.365,22.915],[69.451,22.722],[69.099,22.915],[69.025,22.915],[69.039,23.043],[69.5,23.172],[70.065,23.558],[70.424,24.072],[70.448,24.265],[70.605,24.329],[70.57,24.651],[71.086,25.165],[71.235,25.165],[71.905,25.679],[73.179,26.194],[75.2,26.644],[76.584,26.837],[77.11,26.837],[77.238,26.708],[78.236,26.837],[78.225,26.772],[78.3,26.772],[78.333,26.065]]]]}},{"type":"Feature","id":"cliopatria-e763848cc98bfdefc3446056","properties":{"NAME":"Wusun","ABBREVN":null,"CONTROL":null,"SUBJECTO":"Wusun","PARTOF":null,"BORDERPRECISION":1,"FromYear":91,"ToYear":105,"Area":39946.553826863164,"Type":"POLITY","Wikipedia":"Wusun","Wikidata":"Q854062","SeshatID":"","Components":"","MemberOf":"","sourceFeatureId":"cliopatria-e763848cc98bfdefc3446056","datasetId":"cliopatria"},"geometry":{"type":"MultiPolygon","coordinates":[[[[78.629,42.886],[78.709,42.886],[79.03,42.886],[79.3,42.756],[79.329,42.626],[79.489,42.626],[79.519,42.496],[80.054,42.431],[80.028,42.366],[77.875,41.522],[77.374,41.457],[77.294,41.457],[76.817,41.457],[76.864,41.587],[76.625,41.587],[76.615,41.782],[76.798,41.847],[76.16,41.847],[76.128,41.976],[76.278,42.171],[76.142,42.236],[76.158,42.496],[75.814,42.431],[75.701,42.561],[75.878,42.821],[75.766,42.951],[77.716,43.017],[78.629,42.886]]]]}},{"type":"Feature","id":"cliopatria-397202849dc3d7b1d4fc9718","properties":{"NAME":"Xiongnu","ABBREVN":null,"CONTROL":null,"SUBJECTO":"Xiongnu","PARTOF":null,"BORDERPRECISION":1,"FromYear":91,"ToYear":105,"Area":1441437.860445775,"Type":"POLITY","Wikipedia":"Xiongnu","Wikidata":"Q188836","SeshatID":"mn_hunnu_late","Components":"","MemberOf":"","sourceFeatureId":"cliopatria-397202849dc3d7b1d4fc9718","datasetId":"cliopatria"},"geometry":{"type":"MultiPolygon","coordinates":[[[[103.22,39.45],[103.299,39.45],[103.378,39.45],[103.348,39.385],[103.269,39.385],[103.191,39.385],[103.22,39.45]]],[[[101.112,51.58],[101.875,51.58],[101.829,51.513],[102.123,51.447],[102.077,51.38],[102.201,51.313],[102.11,51.179],[102.353,50.912],[102.263,50.779],[102.348,50.779],[102.383,50.579],[102.76,50.512],[102.716,50.446],[102.884,50.446],[102.84,50.379],[103.177,50.379],[103.133,50.313],[103.301,50.313],[103.257,50.246],[104.181,50.246],[105.032,50.512],[106.417,50.446],[106.372,50.379],[106.792,50.379],[106.746,50.313],[107.282,50.113],[107.236,50.046],[107.823,50.046],[107.817,49.914],[107.984,49.914],[108.055,49.648],[108.345,49.582],[108.34,49.449],[108.59,49.449],[108.546,49.383],[108.629,49.383],[108.449,48.985],[108.616,48.985],[108.612,48.853],[108.815,48.654],[108.729,48.522],[108.852,48.456],[108.767,48.324],[108.85,48.324],[108.765,48.192],[108.848,48.192],[108.515,47.928],[108.598,47.928],[108.514,47.796],[108.597,47.796],[108.432,47.664],[108.391,47.466],[108.556,47.466],[108.598,47.269],[108.763,47.269],[108.971,46.94],[108.891,46.809],[109.303,46.677],[109.388,46.415],[109.552,46.415],[109.846,45.955],[109.767,45.824],[110.186,45.3],[110.107,45.17],[110.527,44.647],[110.449,44.516],[110.699,44.255],[110.623,44.124],[110.703,44.124],[110.627,43.994],[110.712,43.863],[109.966,42.561],[109.333,42.431],[107.813,42.431],[106.863,42.301],[105.732,41.976],[104.972,41.587],[104.892,41.587],[104.447,41.652],[104.468,41.847],[103.637,41.782],[103.67,41.847],[103.145,41.911],[103.178,41.976],[102.207,42.106],[102.24,42.171],[101.874,42.236],[101.86,42.366],[101.7,42.366],[101.687,42.496],[101.447,42.496],[101.48,42.561],[98.838,42.561],[98.87,42.626],[98.069,42.626],[98.102,42.691],[97.621,42.691],[97.653,42.756],[96.499,42.691],[96.257,43.017],[95.919,43.147],[95.726,43.407],[95.725,43.733],[95.274,44.124],[95.339,44.255],[94.725,44.32],[94.628,44.451],[94.466,44.451],[94.499,44.516],[94.337,44.516],[94.369,44.581],[93.996,44.647],[93.98,44.777],[93.688,44.843],[93.72,44.908],[93.477,44.908],[93.509,44.973],[91.674,45.039],[91.705,45.104],[90.924,45.17],[90.825,45.3],[90.662,45.3],[90.675,45.497],[90.544,45.562],[90.962,46.087],[90.863,46.218],[90.959,46.743],[90.222,47.73],[89.925,47.796],[89.959,47.862],[89.628,47.862],[89.53,47.994],[88.902,48.06],[88.091,47.928],[85.935,47.401],[85.532,47.072],[84.783,46.874],[83.413,46.021],[82.775,45.497],[82.524,45.104],[82.227,45.17],[82.255,45.235],[81.821,45.17],[81.795,45.3],[81.47,45.3],[80.33,45.104],[79.843,44.908],[79.897,45.039],[79.599,45.3],[79.653,45.431],[78.947,46.283],[79.086,46.612],[79.25,46.612],[79.308,46.94],[79.772,46.874],[82.121,47.532],[85.324,48.192],[85.786,48.456],[86.399,48.522],[86.549,48.654],[86.848,48.588],[86.914,48.72],[87.667,49.051],[87.652,49.184],[87.819,49.184],[88.244,49.515],[88.746,49.515],[89.606,49.714],[89.512,49.847],[89.585,49.98],[89.837,49.98],[90.116,50.179],[90.78,50.313],[91.063,50.512],[91.315,50.512],[91.892,50.779],[92.771,50.979],[93.272,51.246],[94.708,51.647],[98.585,52.116],[98.932,52.25],[98.886,52.183],[99.267,52.116],[99.221,52.049],[99.391,52.049],[99.346,51.982],[99.686,51.982],[99.641,51.915],[100.105,51.848],[100.06,51.781],[100.739,51.781],[100.694,51.714],[100.948,51.714],[100.903,51.647],[101.073,51.647],[101.027,51.58],[101.112,51.58]]]]}},{"type":"Feature","id":"cliopatria-83f88b0ae2dc08441af669da","properties":{"NAME":"(Alliance between Han Dynasty and Xiongnu)","ABBREVN":null,"CONTROL":null,"SUBJECTO":"(Alliance between Han Dynasty and Xiongnu)","PARTOF":null,"BORDERPRECISION":1,"FromYear":91,"ToYear":105,"Area":6024376.791726374,"Type":"RELATION","Wikipedia":"Han dynasty","Wikidata":"Q1068371","SeshatID":"cn_eastern_han_dyn;mn_hunnu_late","Components":"Han Dynasty;Xiongnu","MemberOf":"","sourceFeatureId":"cliopatria-83f88b0ae2dc08441af669da","datasetId":"cliopatria"},"geometry":{"type":"MultiPolygon","coordinates":[[[[109.862,18.35],[109.841,18.222],[109.25,18.222],[109.123,18.35],[108.765,18.415],[108.638,18.543],[108.704,19.379],[109.203,19.701],[109.246,19.958],[110.157,20.086],[110.591,20.022],[110.613,20.151],[110.909,20.151],[111.087,19.893],[111.032,19.572],[110.884,19.572],[110.851,19.379],[110.681,19.251],[110.508,18.672],[110.19,18.543],[110.179,18.479],[109.862,18.35]]],[[[92.444,42.756],[92.944,42.626],[93.343,42.106],[93.284,41.976],[93.514,41.782],[93.455,41.652],[93.707,41.327],[93.649,41.198],[93.88,41.003],[94.068,41.068],[94.01,40.938],[94.248,40.938],[94.22,40.874],[96.212,41.068],[97.214,41.003],[97.184,40.938],[97.888,40.744],[98.037,40.55],[98.225,40.614],[98.245,40.485],[98.948,40.291],[99.047,40.161],[99.284,40.161],[99.384,40.032],[100.124,40.096],[100.094,40.032],[100.539,39.967],[100.688,39.773],[101.21,39.708],[101.244,39.256],[101.587,39.32],[101.709,39.062],[102.073,38.997],[102.045,38.933],[102.28,38.933],[102.416,39.062],[102.545,38.997],[103.132,39.256],[103.348,39.385],[103.269,39.385],[103.191,39.385],[103.22,39.45],[103.299,39.45],[103.338,39.45],[103.329,39.514],[103.407,39.514],[104.267,39.838],[104.583,39.838],[104.57,39.644],[104.698,39.579],[103.939,39.126],[103.608,38.739],[104.293,38.868],[104.393,38.739],[104.991,38.674],[104.963,38.61],[106.09,38.674],[107.062,39.579],[107.329,39.644],[107.442,39.385],[107.678,39.385],[108.054,39.838],[108.387,40.032],[109.736,40.355],[110.56,40.42],[111.906,40.42],[111.872,40.355],[112.821,40.355],[112.787,40.291],[113.488,40.42],[114.561,40.355],[114.974,40.679],[114.772,40.744],[114.808,40.809],[115.992,41.782],[117.338,42.171],[117.737,42.171],[117.701,41.976],[117.823,41.911],[117.708,41.717],[117.791,41.587],[118.072,41.522],[118.034,41.457],[118.47,41.522],[118.432,41.457],[118.671,41.457],[118.633,41.392],[118.83,41.457],[118.792,41.392],[119.428,41.392],[119.39,41.327],[120.344,41.327],[120.306,41.263],[121.021,41.263],[123.167,41.911],[123.127,41.847],[123.405,41.782],[123.365,41.717],[123.604,41.717],[123.564,41.652],[124.042,41.522],[124.002,41.457],[124.28,41.392],[124.24,41.327],[124.479,41.327],[124.439,41.263],[124.717,41.198],[124.678,41.133],[124.995,41.133],[125.433,41.327],[126.108,41.263],[126.187,41.133],[126.742,41.003],[126.623,40.679],[126.425,40.614],[126.269,40.355],[126.432,40.096],[126.709,40.032],[126.832,39.838],[126.728,39.385],[126.964,39.385],[126.854,39.191],[127.023,38.933],[126.937,38.351],[126.348,37.835],[126.27,37.835],[125.845,37.771],[125.835,37.9],[125.678,37.9],[125.387,37.642],[125.231,37.642],[125.298,37.771],[125.209,37.9],[124.897,37.9],[125.077,38.093],[124.764,38.093],[124.866,38.287],[124.788,38.287],[124.961,38.61],[125.153,38.674],[125.189,38.739],[125.032,38.739],[125.39,39.385],[125.306,39.514],[124.87,39.579],[124.865,39.708],[124.512,39.644],[124.345,39.902],[124.034,39.773],[123.597,39.838],[122.936,39.644],[122.17,39.256],[121.952,38.997],[121.716,38.997],[121.422,38.739],[121.029,38.739],[121.201,39.062],[121.515,39.062],[121.69,39.385],[121.297,39.385],[121.21,39.514],[121.281,39.644],[121.438,39.644],[121.503,39.902],[121.776,39.967],[122.231,40.485],[122.106,40.679],[121.827,40.744],[121.824,40.874],[121.11,40.874],[120.997,40.679],[120.647,40.485],[120.5,40.226],[119.38,39.773],[119.215,39.32],[118.989,39.191],[118.45,39.062],[118.057,39.062],[118.046,39.191],[117.776,39.126],[117.576,38.739],[117.655,38.739],[117.602,38.481],[117.759,38.481],[117.773,38.351],[118.054,38.287],[118.067,38.158],[118.583,38.093],[118.648,38.222],[118.804,38.222],[118.772,38.158],[119.457,37.964],[119.393,37.835],[119.237,37.835],[118.984,37.319],[119.14,37.319],[119.156,37.19],[119.701,37.19],[119.827,37.448],[120.202,37.577],[120.188,37.706],[120.754,37.9],[121.112,37.835],[121.171,37.642],[121.483,37.642],[121.497,37.513],[122.154,37.577],[122.121,37.513],[122.713,37.448],[122.474,37.126],[122.566,36.997],[122.394,36.804],[121.912,36.933],[121.212,36.61],[120.979,36.61],[120.965,36.417],[120.732,36.417],[120.659,36.095],[120.318,36.031],[119.986,35.645],[119.619,35.516],[119.228,34.808],[119.459,34.808],[119.431,34.744],[119.711,34.679],[119.732,34.551],[120.342,34.358],[120.489,34.165],[120.55,33.586],[120.926,33.2],[120.919,32.622],[121.403,32.493],[121.503,32.172],[121.961,31.979],[121.937,31.722],[121.836,31.658],[121.301,31.85],[120.919,31.85],[121.454,31.658],[121.481,31.529],[121.634,31.529],[121.584,31.4],[121.737,31.4],[121.995,31.079],[121.899,30.822],[121.519,30.822],[121.197,30.565],[121.045,30.565],[120.68,30.179],[120.809,30.115],[121.105,30.308],[121.484,30.308],[121.62,30.051],[122.03,29.922],[121.865,29.665],[122.016,29.665],[121.938,29.215],[121.712,29.215],[121.745,29.537],[121.571,29.472],[121.647,29.472],[121.539,29.151],[121.744,29.087],[121.714,28.765],[121.522,28.637],[121.652,28.572],[121.646,28.315],[121.379,28.187],[121.153,28.187],[121.193,28.315],[121.118,28.315],[121.038,28.058],[120.868,27.994],[120.715,27.737],[120.657,27.544],[120.733,27.544],[120.545,27.158],[120.395,27.158],[120.247,26.901],[120.096,26.901],[120.061,26.772],[120.211,26.772],[120.158,26.579],[119.84,26.515],[119.938,26.322],[119.587,26.129],[119.778,26.001],[119.53,25.615],[119.904,25.615],[119.872,25.486],[119.616,25.358],[119.273,25.486],[119.391,25.358],[119.344,25.165],[119.029,25.101],[119.074,24.972],[118.819,24.844],[118.76,24.586],[118.147,24.522],[118.076,24.201],[117.721,23.943],[117.694,23.815],[117.47,23.815],[117.179,23.493],[116.894,23.558],[116.78,23.365],[116.815,23.172],[116.591,23.172],[116.54,22.915],[115.696,22.786],[115.671,22.658],[115.373,22.658],[115.174,22.786],[114.902,22.529],[114.753,22.529],[114.641,22.722],[114.531,22.143],[114.37,22.079],[113.999,22.079],[113.996,22.465],[113.785,22.529],[113.747,22.722],[113.599,22.722],[113.699,22.465],[113.639,22.143],[113.416,22.143],[113.318,22.015],[113.106,22.079],[113.071,21.886],[112.774,21.886],[112.441,21.693],[111.859,21.758],[111.664,21.501],[110.984,21.436],[110.739,21.308],[110.716,21.179],[110.419,21.179],[110.483,21.115],[110.364,20.858],[110.616,20.601],[110.487,20.279],[109.883,20.215],[109.927,20.472],[109.789,20.536],[109.77,20.858],[109.696,20.858],[109.87,21.436],[109.807,21.501],[109.116,21.372],[109.086,21.629],[108.652,21.693],[108.555,21.565],[107.79,21.436],[107.417,20.986],[106.961,20.922],[106.834,20.601],[106.685,20.601],[106.537,20.151],[105.965,19.829],[105.734,18.865],[106.051,18.543],[106.031,18.415],[106.178,18.415],[106.295,18.222],[106.57,18.093],[106.571,17.643],[106.772,17.515],[106.752,17.386],[107.026,17.258],[106.765,17],[106.534,16.936],[105.144,18.415],[105.185,18.672],[105.037,18.672],[105.142,18.865],[105.015,18.993],[105.014,19.443],[104.94,19.443],[104.992,19.765],[104.865,19.893],[104.981,20.151],[104.44,20.472],[104.619,20.665],[104.905,20.601],[104.873,20.858],[105.096,20.858],[104.851,21.179],[104.979,21.501],[104.926,21.629],[105.096,21.758],[105.128,21.951],[104.874,22.208],[105.249,22.658],[105.175,22.658],[105.22,22.915],[105.117,23.172],[104.956,23.108],[104.905,23.236],[102.99,23.365],[101.811,24.265],[101.462,25.165],[101.398,25.936],[101.196,26.387],[101.09,27.544],[101.014,27.544],[101.05,27.994],[100.915,28.058],[101.039,28.251],[100.964,28.251],[101.03,28.508],[100.955,28.508],[101.022,28.765],[100.881,29.087],[100.951,29.344],[100.875,29.344],[100.964,29.665],[100.889,29.665],[100.961,29.922],[100.885,29.922],[100.978,30.244],[100.902,30.244],[101.015,30.629],[100.939,30.629],[101.055,31.015],[100.979,31.015],[101.44,32.236],[101.687,32.75],[101.883,32.879],[102.552,33.264],[103.21,33.393],[103.493,33.972],[103.355,34.229],[103.527,34.486],[103.45,34.486],[103.735,35.451],[103.63,35.58],[103.649,36.224],[103.467,36.353],[103.518,36.482],[103.389,36.546],[103.44,36.675],[103.311,36.739],[103.363,36.868],[103.208,37.062],[102.871,37.19],[102.611,37.126],[102.586,37.255],[102.171,37.384],[102.172,37.577],[102.043,37.642],[102.096,37.771],[101.755,37.513],[101.601,37.706],[101.315,37.771],[101.29,37.9],[100.796,38.029],[100.799,38.222],[100.642,38.222],[100.414,38.61],[100.199,38.287],[99.862,38.416],[99.379,39.126],[99.092,39.191],[99.12,39.256],[98.958,39.062],[98.384,39.191],[98.117,38.933],[97.96,38.933],[97.857,39.062],[97.492,39.126],[97.468,39.256],[96.763,39.45],[96.681,39.256],[96.76,39.256],[96.678,39.062],[96.757,39.062],[96.677,38.868],[96.755,38.868],[96.649,38.61],[96.414,38.61],[96.31,38.739],[95.682,38.933],[95.319,39.385],[94.977,39.32],[94.506,39.514],[93.955,39.514],[93.088,39.32],[92.248,39.385],[91.123,39.126],[89.58,38.997],[88.746,38.868],[87.662,38.481],[86.44,38.351],[86.081,38.222],[85.813,37.9],[85.356,37.706],[85.113,37.448],[81.031,36.61],[80.371,36.997],[79.398,37.126],[79.145,37.319],[78.424,37.513],[78.386,37.642],[78.093,37.706],[77.801,38.029],[77.841,38.158],[77.667,38.351],[77.51,38.351],[77.414,38.545],[77.258,38.545],[77.025,38.803],[75.792,39.126],[73.769,39.45],[73.69,39.45],[73.395,39.514],[73.573,39.579],[73.8,40.291],[73.526,40.42],[73.489,40.55],[73.331,40.55],[73.294,40.679],[73.135,40.679],[73.099,40.809],[73.12,40.874],[73.343,41.068],[74.751,41.003],[77.35,41.392],[77.374,41.457],[77.875,41.522],[80.028,42.366],[80.108,42.366],[80.239,42.496],[80.508,42.366],[82.056,42.236],[84.108,42.756],[85.687,42.886],[90.74,42.886],[90.82,42.886],[92.474,42.821],[92.444,42.756]]],[[[122.273,30.179],[122.28,29.987],[121.977,29.987],[122.022,30.115],[122.045,30.179],[122.273,30.179]]],[[[101.829,51.513],[102.123,51.447],[102.077,51.38],[102.201,51.313],[102.11,51.179],[102.353,50.912],[102.263,50.779],[102.348,50.779],[102.383,50.579],[102.76,50.512],[102.716,50.446],[102.884,50.446],[102.84,50.379],[103.177,50.379],[103.133,50.313],[103.301,50.313],[103.257,50.246],[104.181,50.246],[105.032,50.512],[106.417,50.446],[106.372,50.379],[106.792,50.379],[106.746,50.313],[107.282,50.113],[107.236,50.046],[107.823,50.046],[107.817,49.914],[107.984,49.914],[108.055,49.648],[108.345,49.582],[108.34,49.449],[108.59,49.449],[108.546,49.383],[108.629,49.383],[108.449,48.985],[108.616,48.985],[108.612,48.853],[108.815,48.654],[108.729,48.522],[108.852,48.456],[108.767,48.324],[108.85,48.324],[108.765,48.192],[108.848,48.192],[108.515,47.928],[108.598,47.928],[108.514,47.796],[108.597,47.796],[108.432,47.664],[108.391,47.466],[108.556,47.466],[108.598,47.269],[108.763,47.269],[108.971,46.94],[108.891,46.809],[109.303,46.677],[109.388,46.415],[109.552,46.415],[109.846,45.955],[109.767,45.824],[110.186,45.3],[110.107,45.17],[110.527,44.647],[110.449,44.516],[110.699,44.255],[110.623,44.124],[110.703,44.124],[110.627,43.994],[110.712,43.863],[109.966,42.561],[109.333,42.431],[107.813,42.431],[106.863,42.301],[105.732,41.976],[104.972,41.587],[104.892,41.587],[104.447,41.652],[104.468,41.847],[103.637,41.782],[103.67,41.847],[103.145,41.911],[103.178,41.976],[102.207,42.106],[102.24,42.171],[101.874,42.236],[101.86,42.366],[101.7,42.366],[101.687,42.496],[101.447,42.496],[101.48,42.561],[98.838,42.561],[98.87,42.626],[98.069,42.626],[98.102,42.691],[97.621,42.691],[97.653,42.756],[96.499,42.691],[96.257,43.017],[95.919,43.147],[95.726,43.407],[95.725,43.733],[95.274,44.124],[95.339,44.255],[94.725,44.32],[94.628,44.451],[94.466,44.451],[94.499,44.516],[94.337,44.516],[94.369,44.581],[93.996,44.647],[93.98,44.777],[93.688,44.843],[93.72,44.908],[93.477,44.908],[93.509,44.973],[91.674,45.039],[91.705,45.104],[90.924,45.17],[90.825,45.3],[90.662,45.3],[90.675,45.497],[90.544,45.562],[90.962,46.087],[90.863,46.218],[90.959,46.743],[90.222,47.73],[89.925,47.796],[89.959,47.862],[89.628,47.862],[89.53,47.994],[88.902,48.06],[88.091,47.928],[85.935,47.401],[85.532,47.072],[84.783,46.874],[83.413,46.021],[82.775,45.497],[82.524,45.104],[82.227,45.17],[82.255,45.235],[81.821,45.17],[81.795,45.3],[81.47,45.3],[80.33,45.104],[79.843,44.908],[79.897,45.039],[79.599,45.3],[79.653,45.431],[78.947,46.283],[79.086,46.612],[79.25,46.612],[79.308,46.94],[79.772,46.874],[82.121,47.532],[85.324,48.192],[85.786,48.456],[86.399,48.522],[86.549,48.654],[86.848,48.588],[86.914,48.72],[87.667,49.051],[87.652,49.184],[87.819,49.184],[88.244,49.515],[88.746,49.515],[89.606,49.714],[89.512,49.847],[89.585,49.98],[89.837,49.98],[90.116,50.179],[90.78,50.313],[91.063,50.512],[91.315,50.512],[91.892,50.779],[92.771,50.979],[93.272,51.246],[94.708,51.647],[98.585,52.116],[98.932,52.25],[98.886,52.183],[99.267,52.116],[99.221,52.049],[99.391,52.049],[99.346,51.982],[99.686,51.982],[99.641,51.915],[100.105,51.848],[100.06,51.781],[100.739,51.781],[100.694,51.714],[100.948,51.714],[100.903,51.647],[101.073,51.647],[101.027,51.58],[101.112,51.58],[101.875,51.58],[101.829,51.513]]]]}},{"type":"Feature","id":"cliopatria-944b260a0550988410e06de2","properties":{"NAME":"Kushan Empire","ABBREVN":null,"CONTROL":null,"SUBJECTO":"Kushan Empire","PARTOF":null,"BORDERPRECISION":1,"FromYear":91,"ToYear":116,"Area":1709274.5034871653,"Type":"POLITY","Wikipedia":"Kushan Empire","Wikidata":"Q25979","SeshatID":"af_kushan_emp","Components":"","MemberOf":"","sourceFeatureId":"cliopatria-944b260a0550988410e06de2","datasetId":"cliopatria"},"geometry":{"type":"MultiPolygon","coordinates":[[[[71.978,41.263],[72.137,41.263],[72.232,41.068],[72.47,41.068],[73.019,40.809],[73.099,40.809],[73.135,40.679],[73.294,40.679],[73.331,40.55],[73.489,40.55],[73.526,40.42],[73.8,40.291],[73.573,39.579],[73.395,39.514],[73.69,39.45],[73.67,39.385],[73.63,39.256],[73.748,39.126],[73.494,38.545],[72.759,37.9],[72.423,37.255],[72.37,37.062],[72.448,37.062],[72.232,36.546],[72.31,36.546],[72.302,36.224],[72.501,36.095],[72.468,35.966],[72.64,36.031],[72.606,35.902],[72.822,35.838],[72.711,35.709],[73.441,34.937],[73.811,34.872],[73.701,34.744],[73.993,34.679],[74.297,34.358],[74.451,34.358],[74.634,34.165],[74.602,34.036],[74.8,33.907],[74.768,33.779],[75.028,33.586],[74.996,33.457],[75.134,33.393],[75.103,33.264],[75.241,33.2],[75.271,33.007],[75.424,33.007],[75.469,32.879],[75.882,32.686],[76.127,32.75],[76.081,32.557],[76.601,32.172],[78.448,31.593],[78.844,31.658],[78.814,31.529],[79.18,31.465],[79.607,31.015],[79.624,30.758],[79.823,30.629],[79.845,30.051],[79.954,29.858],[79.885,29.537],[79.961,29.537],[79.838,28.572],[79.375,27.737],[79.038,27.544],[78.657,27.094],[78.506,27.094],[78.484,26.965],[78.247,26.901],[78.236,26.837],[77.238,26.708],[77.11,26.837],[76.584,26.837],[75.2,26.644],[73.179,26.194],[71.905,25.679],[71.235,25.165],[71.086,25.165],[70.57,24.651],[70.605,24.329],[70.448,24.265],[70.424,24.072],[70.065,23.558],[69.5,23.172],[69.039,23.043],[69.025,22.915],[68.95,22.915],[68.606,23.172],[68.552,23.365],[68.336,23.429],[68.35,23.558],[68.127,23.558],[68.155,23.815],[67.633,23.815],[67.491,23.879],[67.438,24.072],[67.289,24.072],[67.326,24.393],[67.148,24.779],[66.632,24.844],[66.64,24.908],[67.112,25.101],[67.502,25.808],[67.197,26.322],[67.175,27.222],[67.062,27.479],[67.121,27.865],[67.046,27.865],[67.041,28.315],[66.965,28.315],[67.007,28.572],[66.931,28.572],[67.135,29.344],[66.995,29.408],[66.888,29.665],[66.434,29.665],[66.077,29.794],[66.316,29.858],[66.418,30.436],[66.343,30.436],[66.525,31.015],[66.449,31.015],[66.483,31.593],[66.102,31.593],[65.694,31.85],[65.02,31.915],[64.383,32.172],[63.555,32.236],[63.426,32.365],[63.873,33.843],[64.324,34.165],[64.574,34.615],[65.092,34.872],[64.854,35.194],[64.829,35.773],[64.751,35.773],[65.155,38.739],[65.077,38.739],[65.144,38.997],[65.065,38.997],[65.282,39.514],[65.203,39.514],[65.291,39.838],[65.564,39.967],[65.883,40.809],[65.962,40.809],[66.653,41.263],[66.891,41.263],[67.547,41.587],[68.025,41.587],[68.223,41.457],[68.978,41.327],[69.58,41.717],[70.016,41.587],[71.63,41.652],[71.841,41.327],[72,41.327],[71.978,41.263]]],[[[72.501,36.095],[72.518,36.16],[72.596,36.16],[72.579,36.095],[72.501,36.095]]]]}},{"type":"Feature","id":"cliopatria-e42790798935e378d4e88b3c","properties":{"NAME":"Indo-Scythians","ABBREVN":null,"CONTROL":null,"SUBJECTO":"Indo-Scythians","PARTOF":null,"BORDERPRECISION":1,"FromYear":91,"ToYear":269,"Area":121798.8425400771,"Type":"POLITY","Wikipedia":"Indo-Scythians","Wikidata":"Q240123","SeshatID":"","Components":"","MemberOf":"","sourceFeatureId":"cliopatria-e42790798935e378d4e88b3c","datasetId":"cliopatria"},"geometry":{"type":"MultiPolygon","coordinates":[[[[65.125,29.537],[64.53,29.601],[64.12,29.408],[62.304,29.408],[61.001,29.794],[60.956,29.987],[61.387,30.308],[61.875,30.951],[61.942,31.336],[62.421,31.465],[62.82,31.979],[63.161,32.172],[63.185,32.3],[63.426,32.365],[63.555,32.236],[64.383,32.172],[65.02,31.915],[65.694,31.85],[66.102,31.593],[66.483,31.593],[66.449,31.015],[66.525,31.015],[66.343,30.436],[66.418,30.436],[66.316,29.858],[66.077,29.794],[65.125,29.537]]]]}}]}
