{"type":"FeatureCollection","name":"Seshat Cliopatria 100–199","datasetId":"cliopatria","startYear":100,"endYear":199,"features":[{"type":"Feature","id":"cliopatria-bdb85e41bf11d04c13ad49e8","properties":{"NAME":"Kingdom of Kush","ABBREVN":null,"CONTROL":null,"SUBJECTO":"Kingdom of Kush","PARTOF":null,"BORDERPRECISION":1,"FromYear":-630,"ToYear":337,"Area":336379.15609700844,"Type":"POLITY","Wikipedia":"Kingdom of Kush","Wikidata":"Q241790","SeshatID":"","Components":"","MemberOf":"","sourceFeatureId":"cliopatria-bdb85e41bf11d04c13ad49e8","datasetId":"cliopatria"},"geometry":{"type":"MultiPolygon","coordinates":[[[[33.838,22.079],[33.763,22.079],[33.835,22.015],[33.745,21.629],[33.82,21.629],[34.258,19.636],[34.469,19.379],[34.597,18.929],[34.879,18.608],[34.939,18.286],[35.3,18.093],[35.501,17.643],[36.003,17.322],[36.054,16.808],[35.671,16.486],[34.714,16.486],[34.556,16.229],[34.684,15.779],[34.098,15.843],[33.862,15.458],[32.529,15.2],[32.533,15.329],[32.094,15.393],[31.734,15.586],[31.527,15.972],[31.536,16.229],[31.394,16.358],[31.477,16.615],[31.337,16.808],[31.221,17.643],[31.147,17.643],[30.877,20.343],[30.803,20.343],[30.818,20.793],[30.744,20.793],[30.762,21.308],[30.688,21.308],[30.636,21.951],[30.561,21.951],[30.721,22.272],[30.742,22.851],[30.535,23.301],[30.537,23.365],[31.67,23.751],[32.041,23.686],[33.389,23.815],[33.682,23.686],[33.679,23.622],[33.823,23.493],[33.809,23.172],[33.883,23.172],[33.84,22.143],[33.838,22.079]]]]}},{"type":"Feature","id":"cliopatria-efc2752582a0cbda1f9b7bb9","properties":{"NAME":"Hadhramaut","ABBREVN":null,"CONTROL":null,"SUBJECTO":"Hadhramaut","PARTOF":null,"BORDERPRECISION":1,"FromYear":-350,"ToYear":183,"Area":86171.17286842145,"Type":"POLITY","Wikipedia":"Hadhramaut","Wikidata":"Q1517159","SeshatID":"","Components":"","MemberOf":"","sourceFeatureId":"cliopatria-efc2752582a0cbda1f9b7bb9","datasetId":"cliopatria"},"geometry":{"type":"MultiPolygon","coordinates":[[[[51.074,15.458],[50.845,15.329],[50.752,15.008],[49.63,14.686],[48.535,14.815],[48.322,14.943],[47.521,15.072],[47.528,15.2],[46.653,15.329],[46.58,15.329],[46.149,15.522],[46.381,15.715],[46.47,15.972],[46.473,16.036],[46.555,16.165],[46.698,16.1],[48.117,16.422],[49.594,16.486],[50.118,16.615],[50.483,16.55],[51.081,16.679],[51.887,16.615],[51.952,16.486],[51.86,16.229],[51.242,15.779],[51.078,15.522],[51.074,15.458]]],[[[46.702,16.165],[46.628,16.165],[46.632,16.229],[46.706,16.229],[46.702,16.165]]]]}},{"type":"Feature","id":"cliopatria-9248992f156b8edb06b07754","properties":{"NAME":"Early Cheras","ABBREVN":null,"CONTROL":null,"SUBJECTO":"Early Cheras","PARTOF":null,"BORDERPRECISION":1,"FromYear":-291,"ToYear":298,"Area":25180.57698982755,"Type":"POLITY","Wikipedia":"Chera dynasty","Wikidata":"Q877155","SeshatID":"in_cheras_1","Components":"","MemberOf":"","sourceFeatureId":"cliopatria-9248992f156b8edb06b07754","datasetId":"cliopatria"},"geometry":{"type":"MultiPolygon","coordinates":[[[[75.986,10.6],[75.985,10.626],[76.707,10.907],[76.892,10.757],[76.85,10.45],[77.414,10.207],[77.233,9.76],[77.345,9.581],[77.249,8.387],[77.147,8.257],[76.553,8.925],[75.986,10.6]]]]}},{"type":"Feature","id":"cliopatria-7040c26a39f3ebd5f1225595","properties":{"NAME":"Early Cholas","ABBREVN":null,"CONTROL":null,"SUBJECTO":"Early Cholas","PARTOF":null,"BORDERPRECISION":1,"FromYear":-291,"ToYear":298,"Area":28856.214614374065,"Type":"POLITY","Wikipedia":"Early Cholas","Wikidata":"Q3532146","SeshatID":"in_cholas_1","Components":"","MemberOf":"","sourceFeatureId":"cliopatria-7040c26a39f3ebd5f1225595","datasetId":"cliopatria"},"geometry":{"type":"MultiPolygon","coordinates":[[[[79.835,11.357],[79.868,11.197],[79.854,10.271],[79.394,10.323],[78.925,10.16],[77.399,10.215],[76.847,10.481],[76.904,10.769],[76.681,10.944],[77.02,11.169],[77.591,11.138],[77.876,10.939],[78.964,10.839],[79.835,11.357]]]]}},{"type":"Feature","id":"cliopatria-6da5fba33d8009cd9d9aa258","properties":{"NAME":"Early Pandyas","ABBREVN":null,"CONTROL":null,"SUBJECTO":"Early Pandyas","PARTOF":null,"BORDERPRECISION":1,"FromYear":-291,"ToYear":298,"Area":32556.36563924926,"Type":"POLITY","Wikipedia":"Early Pandyas","Wikidata":"Q3532152","SeshatID":"in_pandya_emp_1","Components":"","MemberOf":"","sourceFeatureId":"cliopatria-6da5fba33d8009cd9d9aa258","datasetId":"cliopatria"},"geometry":{"type":"MultiPolygon","coordinates":[[[[79.295,10.265],[79.266,9.994],[78.937,9.673],[78.914,9.45],[79.148,9.257],[78.541,9.104],[78.246,8.914],[78.176,8.514],[77.842,8.174],[77.526,8.081],[77.262,8.154],[77.158,8.292],[77.267,8.394],[77.364,9.58],[77.24,9.774],[77.441,10.188],[78.916,10.127],[79.295,10.265]]]]}},{"type":"Feature","id":"cliopatria-e4fcc4f76f19c24c42041c45","properties":{"NAME":"Mayan City-States","ABBREVN":null,"CONTROL":null,"SUBJECTO":"Mayan City-States","PARTOF":null,"BORDERPRECISION":1,"FromYear":-247,"ToYear":259,"Area":198040.49172174494,"Type":"POLITY","Wikipedia":"Maya civilization","Wikidata":"Q28567","SeshatID":"","Components":"","MemberOf":"","sourceFeatureId":"cliopatria-e4fcc4f76f19c24c42041c45","datasetId":"cliopatria"},"geometry":{"type":"MultiPolygon","coordinates":[[[[-88.504,17.772],[-88.494,17.708],[-88.474,17.579],[-88.316,17.515],[-88.178,17.579],[-88.135,16.808],[-88.209,16.808],[-88.236,16.486],[-88.493,16.229],[-88.64,16.229],[-88.825,15.972],[-88.512,15.843],[-88.377,15.393],[-88.629,15.072],[-88.695,14.429],[-88.907,14.365],[-88.818,14.236],[-89.186,14.236],[-89.097,14.107],[-89.391,14.107],[-89.588,13.915],[-89.566,13.722],[-89.867,13.786],[-89.991,13.593],[-90.469,13.915],[-91.504,13.979],[-92.474,14.686],[-92.755,15.136],[-93.323,15.522],[-93.121,15.65],[-93.149,15.843],[-92.715,16.872],[-92.46,17.129],[-92.481,17.258],[-91.952,17.643],[-91.92,17.9],[-91.699,17.9],[-91.656,18.093],[-90.211,18.286],[-89.336,17.9],[-89.051,17.965],[-89.104,17.836],[-88.947,17.772],[-88.504,17.772]]]]}},{"type":"Feature","id":"cliopatria-dabd1e6ed1e5aba27f642090","properties":{"NAME":"Zapotec Civilization","ABBREVN":null,"CONTROL":null,"SUBJECTO":"Zapotec Civilization","PARTOF":null,"BORDERPRECISION":1,"FromYear":-91,"ToYear":206,"Area":69767.7808673665,"Type":"POLITY","Wikipedia":"Zapotec civilization","Wikidata":"Q844750","SeshatID":"mx_monte_alban_2","Components":"","MemberOf":"","sourceFeatureId":"cliopatria-dabd1e6ed1e5aba27f642090","datasetId":"cliopatria"},"geometry":{"type":"MultiPolygon","coordinates":[[[[-95.589,17.322],[-95.073,17.322],[-94.599,17.129],[-94.38,16.679],[-94.635,16.422],[-94.541,16.293],[-94.846,16.358],[-94.954,16.1],[-96.211,15.65],[-96.726,15.65],[-97.049,15.843],[-97.722,15.908],[-98.046,16.1],[-98.043,16.55],[-97.77,16.679],[-97.896,17],[-98.033,16.936],[-98.023,17.322],[-98.225,17.643],[-98.247,17.772],[-98.059,17.965],[-97.542,17.965],[-96.908,17.708],[-96.613,17.708],[-96.285,17.515],[-95.99,17.515],[-95.663,17.322],[-95.589,17.322]]],[[[-94.767,17.258],[-94.841,17.258],[-94.851,17.322],[-94.778,17.322],[-94.767,17.258]]]]}},{"type":"Feature","id":"cliopatria-8d840bde05c87fee4eac0d0e","properties":{"NAME":"Mahan","ABBREVN":null,"CONTROL":null,"SUBJECTO":"Mahan","PARTOF":null,"BORDERPRECISION":1,"FromYear":-91,"ToYear":337,"Area":49676.87909476129,"Type":"POLITY","Wikipedia":"Mahan","Wikidata":"Q421372","SeshatID":"","Components":"","MemberOf":"","sourceFeatureId":"cliopatria-8d840bde05c87fee4eac0d0e","datasetId":"cliopatria"},"geometry":{"type":"MultiPolygon","coordinates":[[[[127.515,34.551],[127.224,34.422],[127.13,34.551],[127.297,34.744],[127.22,34.744],[127.023,34.486],[126.626,34.293],[126.425,34.358],[126.484,34.486],[126.348,34.358],[126.117,34.358],[126.478,34.808],[126.2,34.872],[126.381,35.258],[126.304,35.258],[126.519,35.709],[126.768,35.902],[126.613,35.902],[126.676,36.031],[126.521,36.031],[126.429,36.16],[126.452,36.675],[126.264,36.61],[126.05,36.804],[126.681,37.126],[126.603,37.126],[126.702,37.319],[126.535,37.448],[126.603,37.577],[126.29,37.577],[126.314,37.771],[126.348,37.835],[126.937,38.351],[127.607,38.287],[127.476,37.9],[127.633,37.9],[127.617,37.577],[127.828,37.384],[127.816,37.062],[127.994,36.804],[127.896,36.61],[128.019,36.546],[127.967,36.288],[128.09,36.224],[127.853,35.902],[127.93,35.902],[127.556,35.451],[127.633,35.451],[127.448,35.065],[127.572,35.001],[127.451,34.744],[127.545,34.615],[127.515,34.551]]]]}},{"type":"Feature","id":"cliopatria-e9de69f7d4b0d51df3d3e24d","properties":{"NAME":"Jinhan","ABBREVN":null,"CONTROL":null,"SUBJECTO":"Jinhan","PARTOF":null,"BORDERPRECISION":1,"FromYear":-91,"ToYear":372,"Area":23505.581610644225,"Type":"POLITY","Wikipedia":"Jinhan confederacy","Wikidata":"Q701273","SeshatID":"","Components":"","MemberOf":"","sourceFeatureId":"cliopatria-e9de69f7d4b0d51df3d3e24d","datasetId":"cliopatria"},"geometry":{"type":"MultiPolygon","coordinates":[[[[129.552,35.58],[129.521,35.516],[129.443,35.516],[129.412,35.451],[129.38,35.387],[129.349,35.323],[129.071,35.387],[129.011,35.58],[128.624,35.58],[128.61,35.709],[128.222,35.709],[128.208,35.838],[127.93,35.902],[127.853,35.902],[128.09,36.224],[127.967,36.288],[128.019,36.546],[127.896,36.61],[127.994,36.804],[128.695,37.255],[129.207,37.19],[129.353,37.319],[129.431,37.319],[129.407,37.126],[129.539,36.933],[129.439,36.739],[129.517,36.739],[129.417,36.546],[129.495,36.546],[129.421,36.095],[129.577,36.095],[129.667,35.966],[129.552,35.58]]]]}},{"type":"Feature","id":"cliopatria-b114d60ce729c45b736bb5c9","properties":{"NAME":"Byeonhan","ABBREVN":null,"CONTROL":null,"SUBJECTO":"Byeonhan","PARTOF":null,"BORDERPRECISION":1,"FromYear":-91,"ToYear":533,"Area":13603.437047041305,"Type":"POLITY","Wikipedia":"Byeonhan confederacy","Wikidata":"Q1378584","SeshatID":"","Components":"","MemberOf":"","sourceFeatureId":"cliopatria-b114d60ce729c45b736bb5c9","datasetId":"cliopatria"},"geometry":{"type":"MultiPolygon","coordinates":[[[[128.915,35.065],[128.838,35.065],[128.869,35.13],[128.637,35.13],[128.499,35.001],[128.807,35.001],[128.685,34.744],[128.33,34.808],[128.314,34.937],[128.082,34.937],[128.068,34.744],[127.759,34.744],[127.622,34.615],[127.545,34.615],[127.451,34.744],[127.572,35.001],[127.448,35.065],[127.633,35.451],[127.556,35.451],[127.93,35.902],[128.208,35.838],[128.222,35.709],[128.61,35.709],[128.624,35.58],[129.011,35.58],[129.071,35.387],[129.349,35.323],[129.318,35.258],[129.147,35.065],[128.885,35.001],[128.915,35.065]]]]}},{"type":"Feature","id":"cliopatria-3504b512123bdc2938e4632c","properties":{"NAME":"Kingdom of Gordyene","ABBREVN":null,"CONTROL":null,"SUBJECTO":"Kingdom of Gordyene","PARTOF":null,"BORDERPRECISION":1,"FromYear":-63,"ToYear":113,"Area":14346.878446630164,"Type":"POLITY","Wikipedia":"Corduene","Wikidata":"Q29237","SeshatID":"","Components":"","MemberOf":"","sourceFeatureId":"cliopatria-3504b512123bdc2938e4632c","datasetId":"cliopatria"},"geometry":{"type":"MultiPolygon","coordinates":[[[[42.852,37.577],[42.774,37.577],[42.765,37.513],[41.984,37.513],[41.178,37.319],[40.181,37.448],[40.051,37.642],[40.094,37.964],[40.415,38.029],[40.493,38.029],[40.572,38.029],[41.667,38.029],[41.97,37.964],[42.03,37.835],[42.508,37.9],[42.88,37.771],[42.871,37.706],[42.861,37.642],[42.852,37.577]]]]}},{"type":"Feature","id":"cliopatria-9d41de0a7b916ef37669bec5","properties":{"NAME":"Kingdom of Adiabene","ABBREVN":null,"CONTROL":null,"SUBJECTO":"Kingdom of Adiabene","PARTOF":null,"BORDERPRECISION":1,"FromYear":-63,"ToYear":116,"Area":13757.914572053602,"Type":"POLITY","Wikipedia":"Adiabene","Wikidata":"Q149747","SeshatID":"","Components":"","MemberOf":"","sourceFeatureId":"cliopatria-9d41de0a7b916ef37669bec5","datasetId":"cliopatria"},"geometry":{"type":"MultiPolygon","coordinates":[[[[41.541,36.546],[41.212,36.997],[41.178,37.319],[41.984,37.513],[42.765,37.513],[42.623,37.062],[42.629,36.546],[41.982,36.353],[41.671,36.353],[41.541,36.546]]]]}},{"type":"Feature","id":"cliopatria-1dd880da5538940174ac012b","properties":{"NAME":"Teotihuacan","ABBREVN":null,"CONTROL":null,"SUBJECTO":"Teotihuacan","PARTOF":null,"BORDERPRECISION":1,"FromYear":-50,"ToYear":105,"Area":5674.000581128504,"Type":"POLITY","Wikipedia":"Teotihuacan","Wikidata":"Q172613","SeshatID":"","Components":"","MemberOf":"","sourceFeatureId":"cliopatria-1dd880da5538940174ac012b","datasetId":"cliopatria"},"geometry":{"type":"MultiPolygon","coordinates":[[[[-98.868,19.186],[-98.857,19.122],[-98.989,19.443],[-98.841,19.443],[-98.877,19.636],[-98.717,19.572],[-98.741,19.701],[-98.444,19.701],[-98.421,19.572],[-98.015,19.379],[-98.054,19.186],[-98.202,19.186],[-98.292,18.865],[-98.514,18.865],[-98.868,19.186]]]]}},{"type":"Feature","id":"cliopatria-e8aaf3947931591ef1dd3dae","properties":{"NAME":"Kingdom of Axum","ABBREVN":null,"CONTROL":null,"SUBJECTO":"Kingdom of Axum","PARTOF":null,"BORDERPRECISION":1,"FromYear":-50,"ToYear":237,"Area":97003.90299438157,"Type":"POLITY","Wikipedia":"Kingdom of Aksum","Wikidata":"Q139377","SeshatID":"et_aksum_emp_1","Components":"","MemberOf":"","sourceFeatureId":"cliopatria-e8aaf3947931591ef1dd3dae","datasetId":"cliopatria"},"geometry":{"type":"MultiPolygon","coordinates":[[[[40.819,14.815],[41.395,14.558],[41.665,14.043],[42.378,13.593],[42.437,13.272],[42.217,13.272],[41.918,13.143],[41.913,13.015],[41.47,12.95],[41.318,12.822],[38.972,12.822],[38.396,13.079],[38.262,13.4],[38.115,13.4],[38.196,13.593],[37.999,14.172],[38.168,14.686],[38.626,15.072],[38.558,15.2],[38.776,15.136],[38.934,15.393],[39.152,15.329],[39.605,15.586],[39.734,15.2],[39.808,15.2],[39.823,15.522],[39.97,15.522],[40.311,14.943],[40.681,15.008],[40.822,14.879],[40.819,14.815]]],[[[38.399,14.943],[38.326,14.943],[38.329,15.008],[38.402,15.008],[38.399,14.943]]]]}},{"type":"Feature","id":"cliopatria-e6a18fcc55524eb899c2ba10","properties":{"NAME":"Dongye","ABBREVN":null,"CONTROL":null,"SUBJECTO":"Dongye","PARTOF":null,"BORDERPRECISION":1,"FromYear":-36,"ToYear":312,"Area":29016.070330689217,"Type":"POLITY","Wikipedia":"Dongye","Wikidata":"Q105946539","SeshatID":"","Components":"","MemberOf":"","sourceFeatureId":"cliopatria-e6a18fcc55524eb899c2ba10","datasetId":"cliopatria"},"geometry":{"type":"MultiPolygon","coordinates":[[[[128.618,38.416],[128.582,38.351],[129.1,37.577],[129.256,37.577],[129.387,37.384],[129.353,37.319],[129.207,37.19],[128.695,37.255],[127.994,36.804],[127.816,37.062],[127.828,37.384],[127.617,37.577],[127.633,37.9],[127.476,37.9],[127.607,38.287],[126.937,38.351],[127.023,38.933],[126.854,39.191],[126.964,39.385],[127.59,39.514],[127.553,39.45],[127.483,39.191],[127.918,39.126],[127.923,38.997],[128.364,38.803],[128.618,38.416]]]]}},{"type":"Feature","id":"cliopatria-158a3326fdc2fad5cc199471","properties":{"NAME":"Satavahana Dynasty","ABBREVN":null,"CONTROL":null,"SUBJECTO":"Satavahana Dynasty","PARTOF":null,"BORDERPRECISION":1,"FromYear":-27,"ToYear":105,"Area":890000.9594747243,"Type":"POLITY","Wikipedia":"Satavahana dynasty","Wikidata":"Q5257","SeshatID":"in_satavahana_emp","Components":"","MemberOf":"","sourceFeatureId":"cliopatria-158a3326fdc2fad5cc199471","datasetId":"cliopatria"},"geometry":{"type":"MultiPolygon","coordinates":[[[[80.445,24.201],[80.707,23.943],[80.856,23.943],[81.365,23.301],[82.619,22.658],[83.345,21.951],[83.519,21.565],[83.37,21.565],[83.156,21.051],[82.663,20.665],[82.459,20.215],[82.311,20.215],[82.205,19.958],[82.049,19.893],[82.001,19.508],[82.075,19.508],[82.028,19.122],[82.102,19.122],[81.906,18.736],[81.759,18.736],[81.222,17.965],[80.357,17.515],[79.531,16.743],[79.313,16.1],[79.058,15.779],[78.709,14.493],[78.268,14.493],[77.503,14.172],[77.21,14.172],[76.893,13.915],[76.441,13.786],[76.115,13.4],[75.973,13.465],[75.304,15.008],[74.967,15.329],[74.752,15.393],[74.311,15.393],[74.103,15.522],[73.802,15.458],[73.417,16.036],[73.328,16.615],[73.254,16.615],[73.253,17.322],[72.959,18.029],[72.875,19.315],[72.734,19.379],[72.761,19.636],[72.634,19.829],[72.837,20.343],[72.899,20.922],[72.563,21.243],[72.753,21.629],[72.76,21.693],[73.213,21.758],[73.554,22.143],[74.029,22.401],[74.59,23.365],[76.023,24.072],[76.712,24.201],[77.296,24.651],[77.847,24.844],[78.221,24.844],[78.314,24.972],[78.389,24.972],[78.576,24.715],[79.38,24.586],[80.37,24.201],[80.445,24.201]]]]}},{"type":"Feature","id":"cliopatria-d4265ea0b8d13cfb5fd368bf","properties":{"NAME":"Himyarite Kingdom","ABBREVN":null,"CONTROL":null,"SUBJECTO":"Himyarite Kingdom","PARTOF":null,"BORDERPRECISION":1,"FromYear":-19,"ToYear":105,"Area":334765.2423950508,"Type":"POLITY","Wikipedia":"Himyarite Kingdom","Wikidata":"Q289577","SeshatID":"","Components":"","MemberOf":"","sourceFeatureId":"cliopatria-d4265ea0b8d13cfb5fd368bf","datasetId":"cliopatria"},"geometry":{"type":"MultiPolygon","coordinates":[[[[39.795,24.908],[40.283,24.329],[39.929,23.365],[39.908,22.979],[39.834,22.979],[39.878,22.401],[40.094,22.272],[40.158,22.079],[40.882,21.693],[41.091,21.436],[41.385,21.372],[41.523,21.179],[41.816,21.115],[42.163,20.665],[42.315,20.729],[42.382,20.601],[42.53,20.601],[42.809,20.279],[42.957,20.279],[43.31,19.958],[43.51,19.572],[43.498,19.379],[43.639,19.251],[43.628,19.058],[43.905,18.736],[43.886,18.415],[44.092,18.158],[44.081,17.965],[44.42,17.45],[44.338,17.322],[44.475,17.129],[44.622,17.129],[44.537,16.936],[45.02,16.358],[45.012,16.229],[45.226,16.1],[45.215,15.908],[45.366,15.972],[45.579,15.843],[46.021,15.843],[46.175,15.972],[46.396,15.972],[46.47,15.972],[46.381,15.715],[46.149,15.522],[46.58,15.329],[46.576,15.265],[46.341,15.008],[45.599,14.879],[45.816,14.815],[45.946,14.493],[46.163,14.429],[46.2,13.722],[46.047,13.593],[46.111,13.4],[46.035,13.336],[45.741,13.336],[45.054,12.757],[44.614,12.757],[44.389,12.629],[43.439,12.693],[43.447,12.886],[43.236,13.079],[43.265,13.722],[43.057,13.979],[42.953,14.879],[42.89,15.072],[42.746,15.136],[42.709,15.843],[42.782,15.843],[42.824,16.615],[42.477,17],[42.484,17.129],[42.336,17.129],[42.28,17.45],[41.785,17.836],[41.451,18.479],[41.236,18.608],[41.25,18.865],[41.042,19.122],[40.985,19.443],[40.841,19.508],[40.851,19.701],[40.562,19.829],[40.14,20.279],[39.844,20.279],[39.489,20.601],[39.496,20.729],[39.351,20.793],[39.147,21.179],[39.169,21.629],[39.027,21.758],[39.14,22.529],[38.859,22.851],[38.869,23.043],[38.601,23.622],[38.242,23.879],[38.7,24.072],[38.864,24.329],[38.897,24.908],[38.823,24.908],[38.579,25.808],[38.225,26.129],[38.229,26.194],[38.467,26.387],[38.692,26.387],[38.767,26.387],[39.05,26.129],[39.316,25.615],[39.461,25.551],[39.508,25.101],[39.72,24.908],[39.795,24.908]]]]}},{"type":"Feature","id":"cliopatria-8aeb50d8d05f77dcd06cbcfe","properties":{"NAME":"Kingdom of Sophene","ABBREVN":null,"CONTROL":null,"SUBJECTO":"Kingdom of Sophene","PARTOF":null,"BORDERPRECISION":1,"FromYear":43,"ToYear":105,"Area":23760.89401659476,"Type":"POLITY","Wikipedia":"Kingdom of Sophene","Wikidata":"Q2626105","SeshatID":"","Components":"","MemberOf":"","sourceFeatureId":"cliopatria-8aeb50d8d05f77dcd06cbcfe","datasetId":"cliopatria"},"geometry":{"type":"MultiPolygon","coordinates":[[[[40.493,38.029],[40.415,38.029],[40.094,37.964],[40.051,37.642],[40.181,37.448],[39.496,37.577],[39.46,37.9],[39.415,38.158],[39.511,38.287],[39.232,38.545],[39.25,38.674],[38.962,38.868],[38.726,38.868],[38.735,38.933],[38.744,38.997],[38.752,39.062],[38.927,39.191],[38.954,39.385],[39.209,39.514],[39.751,39.45],[39.848,39.579],[40.478,39.579],[40.51,39.256],[40.658,39.191],[40.469,38.416],[40.547,38.416],[40.572,38.029],[40.493,38.029]]]]}},{"type":"Feature","id":"cliopatria-524bbec0b8264b35bb6dfa31","properties":{"NAME":"Dong-okjeo","ABBREVN":null,"CONTROL":null,"SUBJECTO":"Dong-okjeo","PARTOF":null,"BORDERPRECISION":1,"FromYear":43,"ToYear":126,"Area":31981.260686667334,"Type":"POLITY","Wikipedia":"Okjeo","Wikidata":"Q713393","SeshatID":"","Components":"","MemberOf":"","sourceFeatureId":"cliopatria-524bbec0b8264b35bb6dfa31","datasetId":"cliopatria"},"geometry":{"type":"MultiPolygon","coordinates":[[[[128.171,39.967],[128.092,39.967],[127.583,39.773],[127.628,39.579],[127.59,39.514],[126.964,39.385],[126.728,39.385],[126.832,39.838],[126.709,40.032],[126.432,40.096],[126.269,40.355],[126.425,40.614],[126.623,40.679],[127.059,40.874],[127.376,40.874],[127.456,41.003],[128.132,41.068],[128.493,41.263],[129.088,41.198],[129.727,41.327],[129.806,41.327],[129.882,41.198],[129.756,40.874],[129.238,40.679],[129.078,40.42],[128.919,40.42],[128.171,39.967]]]]}},{"type":"Feature","id":"cliopatria-921bd3b5d40cda3dc26f4871","properties":{"NAME":"Goths","ABBREVN":null,"CONTROL":null,"SUBJECTO":"Goths","PARTOF":null,"BORDERPRECISION":1,"FromYear":43,"ToYear":153,"Area":117739.39072721112,"Type":"POLITY","Wikipedia":"Goths","Wikidata":"Q42193","SeshatID":"","Components":"","MemberOf":"","sourceFeatureId":"cliopatria-921bd3b5d40cda3dc26f4871","datasetId":"cliopatria"},"geometry":{"type":"MultiPolygon","coordinates":[[[[19.244,53.732],[19.152,53.665],[19.229,53.53],[18.861,53.192],[18.165,53.057],[18.084,53.125],[18.114,53.597],[18.027,53.597],[18.118,53.665],[18.144,54.071],[17.646,54.41],[16.862,54.342],[16.678,54.138],[16.148,53.935],[15.544,53.935],[15.382,54.206],[15.992,54.274],[16.443,54.613],[17.149,54.817],[18.459,54.885],[18.445,54.681],[18.687,54.41],[19.462,54.342],[19.355,54.071],[19.269,54.071],[19.249,53.8],[19.244,53.732]]],[[[18.23,57.835],[18.598,57.973],[19.045,57.973],[19.034,57.835],[18.844,57.696],[18.912,57.42],[18.451,57.213],[18.342,56.937],[18.076,56.937],[18.027,57.489],[18.032,57.558],[18.23,57.835]]],[[[14.369,59.574],[14.25,58.876],[14.518,58.806],[14.602,58.667],[15.423,58.876],[15.527,59.155],[15.889,59.155],[16.324,58.876],[16.402,58.667],[16.852,58.667],[16.839,58.459],[16.66,58.459],[16.831,58.32],[16.814,58.042],[16.626,57.904],[16.712,57.835],[16.703,57.696],[16.614,57.696],[16.687,57.42],[16.501,57.282],[16.478,56.869],[16.755,57.075],[16.954,57.42],[17.132,57.42],[17.123,57.282],[16.739,56.8],[16.723,56.525],[16.443,56.251],[16.267,56.251],[16.282,56.525],[16.098,56.388],[15.837,56.456],[15.67,56.662],[15.043,56.456],[14.869,56.525],[14.863,56.388],[14.687,56.388],[14.604,56.525],[13.988,56.594],[13.807,56.456],[13.276,56.388],[13.284,56.662],[13.195,56.662],[13.116,57.006],[13.382,57.006],[13.475,57.144],[12.942,57.144],[12.946,57.282],[12.768,57.282],[12.684,57.489],[12.236,57.351],[12.155,57.765],[11.885,57.627],[11.707,57.696],[11.713,58.042],[11.89,57.973],[12.072,58.112],[12.169,58.528],[11.721,58.598],[11.454,58.806],[11.456,58.946],[11.637,59.016],[11.641,59.225],[11.731,59.225],[11.647,59.644],[11.738,59.644],[11.926,59.995],[12.384,60.136],[12.486,60.558],[12.852,60.558],[13.123,60.417],[13.949,60.487],[13.944,60.346],[14.392,60.136],[14.298,60.065],[14.372,59.644],[14.281,59.644],[14.278,59.574],[14.369,59.574]]]]}},{"type":"Feature","id":"cliopatria-aafbd7baf994ce3c8d9cb0d9","properties":{"NAME":"Parthian Empire","ABBREVN":null,"CONTROL":null,"SUBJECTO":"Parthian Empire","PARTOF":null,"BORDERPRECISION":1,"FromYear":51,"ToYear":113,"Area":2702644.812968237,"Type":"POLITY","Wikipedia":"Parthian Empire","Wikidata":"Q1986139","SeshatID":"iq_parthian_emp_2","Components":"","MemberOf":"","sourceFeatureId":"cliopatria-aafbd7baf994ce3c8d9cb0d9","datasetId":"cliopatria"},"geometry":{"type":"MultiPolygon","coordinates":[[[[51.138,25.486],[51.212,25.486],[51.207,25.422],[51.132,25.422],[51.138,25.486]]],[[[50.43,25.936],[50.46,26.258],[50.685,26.258],[50.673,26.129],[50.667,26.065],[50.649,25.872],[50.43,25.936]]],[[[57.351,40.291],[58.332,40.42],[58.537,40.291],[58.854,40.291],[58.98,40.161],[59.77,40.161],[59.768,39.838],[60.084,39.838],[60.052,39.708],[60.683,39.708],[60.713,39.514],[60.949,39.514],[62.502,40.032],[62.879,39.967],[64.02,40.096],[64.389,40.291],[65.235,40.485],[65.272,40.614],[65.351,40.614],[65.37,40.679],[65.449,40.679],[65.43,40.614],[65.589,40.614],[65.804,40.809],[65.883,40.809],[65.564,39.967],[65.291,39.838],[65.203,39.514],[65.282,39.514],[65.065,38.997],[65.144,38.997],[65.077,38.739],[65.155,38.739],[64.751,35.773],[64.829,35.773],[64.854,35.194],[65.092,34.872],[64.574,34.615],[64.324,34.165],[63.873,33.843],[63.426,32.365],[63.185,32.3],[63.161,32.172],[62.82,31.979],[62.421,31.465],[61.942,31.336],[61.875,30.951],[61.387,30.308],[60.956,29.987],[61.001,29.794],[62.304,29.408],[64.12,29.408],[64.53,29.601],[65.125,29.537],[66.077,29.794],[66.434,29.665],[66.888,29.665],[66.995,29.408],[67.135,29.344],[66.931,28.572],[67.007,28.572],[66.965,28.315],[67.041,28.315],[67.046,27.865],[67.121,27.865],[67.062,27.479],[67.175,27.222],[67.197,26.322],[67.502,25.808],[67.112,25.101],[66.64,24.908],[66.648,24.972],[66.62,25.358],[66.345,25.551],[66.021,25.358],[64.816,25.294],[64.801,25.165],[64.285,25.229],[64.225,25.358],[63.626,25.358],[63.536,25.229],[62.563,25.229],[62.474,25.101],[62.182,25.165],[62.018,25.036],[61.719,25.036],[61.658,25.165],[61.127,25.101],[60.917,25.229],[60.618,25.229],[60.632,25.358],[59.06,25.358],[58.782,25.551],[57.958,25.551],[57.74,25.615],[57.679,25.744],[57.38,25.744],[57.176,25.936],[57.052,26.837],[56.715,27.158],[56.188,27.158],[56.098,27.029],[56.324,27.029],[56.309,26.901],[56.061,26.708],[55.603,26.644],[55.439,26.515],[55.289,26.515],[55.31,26.708],[55.543,26.772],[55.242,26.772],[54.832,26.451],[54.463,26.515],[54.259,26.708],[53.658,26.708],[53.461,26.965],[52.737,27.222],[52.479,27.608],[52.049,27.801],[51.597,27.801],[51.317,27.994],[51.331,28.122],[51.066,28.444],[51.028,28.765],[50.809,28.83],[50.915,29.087],[50.62,29.151],[50.651,29.408],[50.236,29.729],[50.065,30.179],[49.586,29.987],[48.943,30.308],[48.987,30.051],[48.365,29.922],[48.404,29.601],[47.866,29.537],[47.852,29.408],[48.079,29.408],[48.215,29.279],[48.194,29.087],[48.46,28.765],[48.563,28.315],[48.974,27.93],[48.872,27.672],[49.242,27.608],[49.36,27.287],[50.135,26.772],[50.116,26.579],[50.254,26.451],[50.223,26.129],[50.067,26.065],[50.211,26.001],[50.325,25.615],[50.608,25.422],[50.654,25.101],[50.729,25.101],[50.769,25.551],[50.925,25.615],[50.955,25.936],[51.123,26.129],[51.423,26.129],[51.698,25.872],[51.575,25.358],[51.719,25.294],[51.69,24.972],[51.524,24.779],[51.411,24.329],[51.854,24.265],[51.907,24.008],[52.28,24.008],[52.6,24.265],[53.112,24.136],[54.083,24.136],[54.099,24.329],[54.318,24.265],[54.559,24.458],[54.744,24.844],[55.143,25.101],[55.412,25.551],[55.97,25.872],[56.168,26.322],[56.475,26.387],[56.543,26.322],[56.385,25.551],[56.46,25.551],[56.421,25.165],[56.496,25.165],[56.402,24.972],[56.545,24.908],[56.788,24.329],[57.493,23.879],[58.812,23.622],[59.08,23.301],[59.068,23.172],[59.28,23.043],[59.268,22.915],[58.896,22.915],[58.908,23.043],[58.61,23.043],[58.335,23.301],[57.962,23.301],[57.974,23.429],[57.83,23.493],[56.809,23.751],[56.821,23.879],[56.54,24.072],[56.489,24.329],[56.271,24.393],[56.29,24.586],[56.09,24.844],[55.859,24.779],[55.841,24.586],[55.623,24.651],[54.812,23.943],[54.273,23.751],[51.881,23.686],[51.822,23.879],[51.166,24.072],[51.102,24.201],[51.203,24.522],[51.133,24.586],[51.294,24.715],[51.327,25.101],[51.402,25.101],[51.27,25.294],[51.35,25.358],[51.323,25.872],[51.173,25.872],[51.23,25.679],[50.982,25.422],[50.965,25.229],[51.12,25.294],[50.92,24.715],[50.616,24.651],[50.344,24.972],[50.032,25.679],[49.674,25.872],[49.878,26.451],[49.252,26.965],[49.265,27.094],[49.059,27.287],[48.552,27.479],[48.467,28.122],[48.247,28.187],[48.206,28.508],[48.055,28.508],[48.144,28.637],[48,28.701],[48.014,28.83],[47.809,29.022],[47.651,28.958],[47.672,29.151],[47.535,29.279],[47.654,29.665],[47.29,29.794],[46.979,29.729],[46.994,29.858],[46.85,29.922],[46.615,29.858],[46.591,30.308],[45.77,30.436],[44.955,31.272],[44.581,31.336],[44.459,31.593],[43.153,32.814],[42.709,32.943],[42.364,33.264],[42.065,33.329],[41.788,33.586],[41.489,33.65],[41.212,33.907],[40.627,34.165],[40.55,34.165],[40.479,34.872],[40.263,35.001],[40.278,35.13],[40.062,35.258],[39.938,35.516],[39.497,35.709],[39.753,35.902],[40.809,36.288],[41.283,36.353],[41.541,36.546],[41.671,36.353],[41.982,36.353],[42.629,36.546],[42.623,37.062],[42.765,37.513],[42.774,37.577],[42.852,37.577],[42.861,37.642],[42.871,37.706],[42.88,37.771],[43.886,37.706],[43.945,37.577],[44.637,37.513],[44.774,37.384],[44.803,37.062],[45.251,36.933],[45.446,37.19],[45.29,37.19],[45.252,37.448],[45.174,37.448],[45.224,37.771],[45.635,37.9],[45.854,38.287],[46.121,38.481],[47.252,38.674],[48.326,38.093],[48.795,38.093],[48.874,38.093],[48.829,37.835],[49.085,37.513],[49.854,37.448],[50.321,36.997],[50.566,37.062],[50.632,36.997],[50.532,36.868],[51.265,36.61],[52.186,36.546],[53.088,36.804],[54.033,36.868],[54.095,37.19],[53.91,37.448],[53.908,37.835],[53.83,37.835],[53.987,38.997],[53.518,39.385],[53.138,39.45],[53.545,39.514],[53.498,40.032],[52.723,40.096],[52.714,40.42],[52.793,40.42],[52.893,40.874],[52.972,40.874],[52.943,40.744],[53.34,40.744],[53.448,40.874],[53.404,40.679],[54.544,40.809],[56.655,40.355],[56.987,40.42],[56.956,40.291],[57.035,40.291],[57.241,40.161],[57.351,40.291]]]]}},{"type":"Feature","id":"cliopatria-7cc0429045c4644d75b76346","properties":{"NAME":"Funan","ABBREVN":null,"CONTROL":null,"SUBJECTO":"Funan","PARTOF":null,"BORDERPRECISION":1,"FromYear":51,"ToYear":237,"Area":245197.61788678102,"Type":"POLITY","Wikipedia":"Funan","Wikidata":"Q867782","SeshatID":"","Components":"","MemberOf":"","sourceFeatureId":"cliopatria-7cc0429045c4644d75b76346","datasetId":"cliopatria"},"geometry":{"type":"MultiPolygon","coordinates":[[[[108.354,13.079],[108.251,12.179],[108.098,12.115],[108.136,11.793],[108.496,11.729],[108.622,11.536],[109.048,11.407],[108.728,11.15],[108.582,11.15],[108.569,11.022],[108.117,10.893],[108.025,10.7],[107.336,10.379],[107.05,10.443],[107.074,10.7],[107.001,10.7],[106.983,10.507],[106.757,10.443],[106.819,10.315],[106.666,10.25],[106.807,10.186],[106.795,10.057],[106.643,9.993],[106.699,9.8],[106.553,9.8],[106.603,9.543],[106.232,9.479],[106.143,9.286],[105.62,9.157],[105.135,8.579],[104.765,8.514],[104.702,8.643],[104.858,8.772],[104.712,8.772],[104.793,9.736],[105.034,9.993],[104.531,10.09],[104.163,10.556],[104.009,9.871],[103.532,10.485],[103.49,10.7],[103.642,10.765],[103.599,11.086],[103.355,10.829],[103.063,10.829],[103.051,11.472],[102.844,11.6],[102.87,11.857],[102.604,12.115],[102.444,11.986],[102.224,11.986],[102.257,12.307],[102.111,12.307],[101.778,12.629],[101.813,12.95],[101.681,13.079],[101.866,14.043],[103.207,13.593],[105.539,13.465],[105.876,13.207],[106.242,13.207],[106.301,13.079],[108.238,13.336],[108.354,13.079]]]]}},{"type":"Feature","id":"cliopatria-e5f68b1b8b91f7f8349482fd","properties":{"NAME":"Goguryeo","ABBREVN":null,"CONTROL":null,"SUBJECTO":"Goguryeo","PARTOF":null,"BORDERPRECISION":1,"FromYear":60,"ToYear":153,"Area":94662.77077722776,"Type":"POLITY","Wikipedia":"Goguryeo","Wikidata":"Q28370","SeshatID":"kr_goguryeo_k","Components":"","MemberOf":"","sourceFeatureId":"cliopatria-e5f68b1b8b91f7f8349482fd","datasetId":"cliopatria"},"geometry":{"type":"MultiPolygon","coordinates":[[[[129.74,41.717],[129.698,41.652],[129.777,41.652],[129.693,41.522],[129.769,41.392],[129.727,41.327],[129.088,41.198],[128.493,41.263],[128.132,41.068],[127.456,41.003],[127.376,40.874],[127.059,40.874],[126.623,40.679],[126.742,41.003],[126.187,41.133],[126.108,41.263],[125.433,41.327],[124.995,41.133],[124.678,41.133],[124.717,41.198],[124.439,41.263],[124.479,41.327],[124.24,41.327],[124.28,41.392],[124.002,41.457],[124.042,41.522],[123.564,41.652],[123.604,41.717],[123.365,41.717],[123.405,41.782],[123.127,41.847],[123.167,41.911],[124.607,42.171],[125.093,42.431],[125.173,42.431],[125.661,42.691],[126.992,42.886],[130.655,43.082],[130.61,43.017],[130.77,43.017],[130.762,42.886],[130.922,42.886],[130.745,42.626],[130.905,42.626],[130.773,42.431],[130.322,42.236],[129.74,41.717]]]]}},{"type":"Feature","id":"cliopatria-0e4004daa708fee79fd3011e","properties":{"NAME":"Kingdom of Armenia","ABBREVN":null,"CONTROL":null,"SUBJECTO":"Kingdom of Armenia","PARTOF":null,"BORDERPRECISION":1,"FromYear":68,"ToYear":113,"Area":218264.62564183175,"Type":"POLITY","Wikipedia":"Kingdom of Armenia (antiquity)","Wikidata":"Q208404","SeshatID":"","Components":"","MemberOf":"","sourceFeatureId":"cliopatria-0e4004daa708fee79fd3011e","datasetId":"cliopatria"},"geometry":{"type":"MultiPolygon","coordinates":[[[[48.225,39.708],[48.673,39.579],[48.806,39.45],[48.782,39.32],[48.928,39.256],[48.742,38.674],[48.821,38.674],[48.807,38.158],[48.795,38.093],[48.326,38.093],[47.252,38.674],[46.121,38.481],[45.854,38.287],[45.635,37.9],[45.224,37.771],[45.174,37.448],[45.252,37.448],[45.29,37.19],[45.446,37.19],[45.251,36.933],[44.803,37.062],[44.774,37.384],[44.637,37.513],[43.945,37.577],[43.886,37.706],[42.88,37.771],[42.508,37.9],[42.03,37.835],[41.97,37.964],[41.667,38.029],[40.572,38.029],[40.547,38.416],[40.469,38.416],[40.658,39.191],[40.51,39.256],[40.478,39.579],[39.848,39.579],[39.751,39.45],[39.209,39.514],[38.954,39.385],[38.745,39.579],[38.93,39.773],[38.79,39.902],[40.398,40.096],[40.953,40.614],[41.45,40.744],[41.535,41.263],[41.614,41.263],[41.694,41.263],[41.705,41.327],[42.25,41.263],[42.363,41.457],[42.624,41.587],[42.863,41.587],[43.34,41.133],[43.976,41.133],[44.237,41.263],[45.112,41.263],[45.302,41.003],[45.595,40.874],[45.457,40.55],[45.884,40.291],[46.201,40.291],[46.256,40.161],[46.481,40.096],[46.458,39.967],[46.774,39.967],[47.066,39.838],[47.121,39.708],[48.146,39.708],[48.225,39.708]]]]}},{"type":"Feature","id":"cliopatria-642d6085cf294da6ba0b8b5e","properties":{"NAME":"Caucasian Albania","ABBREVN":null,"CONTROL":null,"SUBJECTO":"Caucasian Albania","PARTOF":null,"BORDERPRECISION":1,"FromYear":68,"ToYear":259,"Area":50113.16358892667,"Type":"POLITY","Wikipedia":"Caucasian Albania","Wikidata":"Q177076","SeshatID":"","Components":"","MemberOf":"","sourceFeatureId":"cliopatria-642d6085cf294da6ba0b8b5e","datasetId":"cliopatria"},"geometry":{"type":"MultiPolygon","coordinates":[[[[47.496,41.263],[47.986,41.327],[47.96,41.198],[48.344,41.133],[48.385,40.938],[48.2,40.809],[48.111,40.355],[48.19,40.355],[48.158,39.773],[48.146,39.708],[47.121,39.708],[47.066,39.838],[46.774,39.967],[46.458,39.967],[46.481,40.096],[46.256,40.161],[46.201,40.291],[45.884,40.291],[45.457,40.55],[45.595,40.874],[45.302,41.003],[45.112,41.263],[44.237,41.263],[44.352,41.457],[44.774,41.587],[45.075,41.911],[45.314,41.911],[45.536,42.236],[45.696,42.236],[45.683,42.171],[46.23,42.106],[46.431,41.911],[46.816,41.847],[47.35,41.327],[47.509,41.327],[47.496,41.263]]]]}},{"type":"Feature","id":"cliopatria-8bb67667113a1e1d813feab7","properties":{"NAME":"Caucasian Iberia","ABBREVN":null,"CONTROL":null,"SUBJECTO":"Caucasian Iberia","PARTOF":null,"BORDERPRECISION":1,"FromYear":68,"ToYear":259,"Area":35797.124484793574,"Type":"POLITY","Wikipedia":"Kingdom of Iberia","Wikidata":"Q19083","SeshatID":"","Components":"","MemberOf":"","sourceFeatureId":"cliopatria-8bb67667113a1e1d813feab7","datasetId":"cliopatria"},"geometry":{"type":"MultiPolygon","coordinates":[[[[44.825,42.691],[44.837,42.756],[45.158,42.756],[45.44,42.561],[45.68,42.561],[45.709,42.301],[45.696,42.236],[45.536,42.236],[45.314,41.911],[45.075,41.911],[44.774,41.587],[44.352,41.457],[44.237,41.263],[43.976,41.133],[43.34,41.133],[42.863,41.587],[42.624,41.587],[42.935,42.431],[42.718,42.561],[42.754,42.756],[42.605,42.821],[42.572,43.082],[42.492,43.082],[42.504,43.147],[42.918,43.212],[43.203,43.017],[43.74,42.886],[43.783,42.691],[44.69,42.821],[44.825,42.691]]]]}},{"type":"Feature","id":"cliopatria-d8293a85313b19a6015dda90","properties":{"NAME":"Lazica","ABBREVN":null,"CONTROL":null,"SUBJECTO":"Lazica","PARTOF":null,"BORDERPRECISION":1,"FromYear":68,"ToYear":259,"Area":18165.243728866026,"Type":"POLITY","Wikipedia":"Lazica","Wikidata":"Q136884","SeshatID":"","Components":"","MemberOf":"","sourceFeatureId":"cliopatria-d8293a85313b19a6015dda90","datasetId":"cliopatria"},"geometry":{"type":"MultiPolygon","coordinates":[[[[41.694,41.263],[41.614,41.263],[41.625,41.327],[41.705,41.327],[41.694,41.263]]],[[[42.492,43.082],[42.572,43.082],[42.605,42.821],[42.754,42.756],[42.718,42.561],[42.935,42.431],[42.624,41.587],[42.363,41.457],[42.25,41.263],[41.705,41.327],[42.01,41.717],[41.998,42.561],[41.78,42.691],[41.803,42.821],[41.666,42.951],[41.208,43.082],[41.001,43.277],[40.599,43.277],[40.161,43.538],[40.172,43.603],[41.047,43.538],[41.954,43.212],[42.528,43.277],[42.596,43.212],[42.504,43.147],[42.492,43.082]]]]}},{"type":"Feature","id":"cliopatria-005443b8e6c3f5f50b02a244","properties":{"NAME":"Kingdom of Osroene","ABBREVN":null,"CONTROL":null,"SUBJECTO":"Kingdom of Osroene","PARTOF":null,"BORDERPRECISION":1,"FromYear":78,"ToYear":113,"Area":50068.95773918641,"Type":"POLITY","Wikipedia":"Osroene","Wikidata":"Q237234","SeshatID":"","Components":"","MemberOf":"","sourceFeatureId":"cliopatria-005443b8e6c3f5f50b02a244","datasetId":"cliopatria"},"geometry":{"type":"MultiPolygon","coordinates":[[[[41.283,36.353],[40.809,36.288],[39.753,35.902],[39.497,35.709],[38.428,35.838],[38.133,35.966],[38.176,36.997],[37.958,37.126],[37.989,37.384],[38.333,37.642],[38.349,37.771],[39.122,37.706],[39.46,37.9],[39.496,37.577],[40.181,37.448],[41.178,37.319],[41.212,36.997],[41.541,36.546],[41.283,36.353]]]]}},{"type":"Feature","id":"cliopatria-8c809c2d7fc9498edfebc144","properties":{"NAME":"Cimmerian Bosporus","ABBREVN":null,"CONTROL":null,"SUBJECTO":"Cimmerian Bosporus","PARTOF":null,"BORDERPRECISION":1,"FromYear":78,"ToYear":370,"Area":40039.68871771194,"Type":"POLITY","Wikipedia":"Bosporan Kingdom","Wikidata":"Q321371","SeshatID":"","Components":"","MemberOf":"","sourceFeatureId":"cliopatria-8c809c2d7fc9498edfebc144","datasetId":"cliopatria"},"geometry":{"type":"MultiPolygon","coordinates":[[[[34.018,45.693],[34.617,45.89],[34.598,45.759],[34.742,45.628],[34.986,45.628],[35.02,45.3],[36.423,45.431],[36.373,45.104],[35.875,45.039],[35.732,45.17],[35.407,45.17],[35.297,44.973],[34.376,44.777],[33.926,44.451],[33.521,44.451],[33.467,44.647],[33.548,44.647],[33.61,45.104],[32.922,45.431],[33.936,45.693],[34.018,45.693]]],[[[39.093,46.283],[38.862,45.89],[38.699,45.89],[38.388,45.497],[38.117,44.843],[37.934,44.712],[37.528,44.712],[37.256,45.039],[36.779,45.104],[36.749,45.431],[36.912,45.431],[36.972,45.3],[37.704,45.3],[37.747,45.562],[37.595,45.628],[37.758,45.628],[37.893,45.955],[38.335,46.152],[38.368,46.349],[37.899,46.48],[37.839,46.612],[38.495,46.612],[38.622,46.874],[38.786,46.874],[38.892,47.006],[39.22,47.006],[39.197,47.335],[38.35,47.203],[38.49,47.532],[39.244,47.598],[39.715,47.466],[39.737,47.137],[39.549,47.006],[39.596,46.809],[39.432,46.809],[39.291,46.48],[39.105,46.349],[39.093,46.283]]]]}},{"type":"Feature","id":"cliopatria-41a81752f91b8f9a292e4a9e","properties":{"NAME":"Anurādhapura","ABBREVN":null,"CONTROL":null,"SUBJECTO":"Anurādhapura","PARTOF":null,"BORDERPRECISION":1,"FromYear":78,"ToYear":438,"Area":73532.27500724063,"Type":"POLITY","Wikipedia":"Anurādhapura","Wikidata":"Q5724","SeshatID":"sl_anuradhapura_2","Components":"","MemberOf":"","sourceFeatureId":"cliopatria-41a81752f91b8f9a292e4a9e","datasetId":"cliopatria"},"geometry":{"type":"MultiPolygon","coordinates":[[[[81.259,8.643],[81.255,8.579],[81.397,8.514],[81.447,8.129],[81.654,7.936],[81.774,7.486],[81.917,7.422],[81.878,6.714],[81.338,6.136],[80.669,5.879],[80.231,5.879],[79.952,6.136],[79.759,6.65],[79.742,7.679],[79.607,7.872],[79.618,8.064],[79.764,8.064],[79.806,8.772],[80.05,9.157],[79.993,9.415],[80.079,9.607],[79.864,9.672],[79.876,9.865],[80.453,9.736],[80.521,9.672],[80.44,9.543],[80.728,9.479],[80.72,9.35],[80.861,9.286],[80.853,9.157],[80.995,9.093],[80.987,8.964],[81.259,8.643]]]]}},{"type":"Feature","id":"cliopatria-0c241b23fada17f0ed68f610","properties":{"NAME":"Xianbei","ABBREVN":null,"CONTROL":null,"SUBJECTO":"Xianbei","PARTOF":null,"BORDERPRECISION":1,"FromYear":84,"ToYear":105,"Area":998276.7284858361,"Type":"POLITY","Wikipedia":"Xianbei","Wikidata":"Q861054","SeshatID":"","Components":"","MemberOf":"","sourceFeatureId":"cliopatria-0c241b23fada17f0ed68f610","datasetId":"cliopatria"},"geometry":{"type":"MultiPolygon","coordinates":[[[[116.581,49.98],[116.532,49.914],[117.591,49.648],[117.542,49.582],[117.96,49.582],[118.325,49.847],[118.895,50.046],[119.749,49.847],[119.699,49.781],[120.034,49.781],[119.983,49.714],[120.736,49.383],[120.788,49.118],[120.954,49.118],[121.111,48.654],[121.277,48.654],[121.298,48.456],[121.486,48.258],[121.391,48.126],[121.474,48.126],[121.604,47.73],[121.769,47.73],[121.793,47.532],[122.406,47.466],[122.36,47.401],[122.89,47.335],[122.843,47.269],[123.255,47.269],[123.244,47.137],[123.526,47.072],[123.587,46.809],[123.885,46.415],[123.793,46.283],[123.911,46.218],[123.857,46.021],[124.256,45.89],[124.084,45.759],[124.166,45.759],[124.157,45.628],[124.239,45.628],[124.34,45.3],[124.503,45.3],[124.568,45.039],[124.73,45.039],[124.686,44.973],[124.84,44.843],[124.744,44.581],[124.825,44.581],[124.781,44.516],[124.898,44.451],[124.81,44.32],[124.928,44.255],[124.482,43.342],[124.6,43.277],[124.51,43.017],[124.789,42.951],[125.013,42.431],[125.093,42.431],[124.607,42.171],[123.167,41.911],[121.021,41.263],[120.306,41.263],[120.344,41.327],[119.39,41.327],[119.428,41.392],[118.792,41.392],[118.83,41.457],[118.633,41.392],[118.671,41.457],[118.432,41.457],[118.47,41.522],[118.034,41.457],[118.072,41.522],[117.791,41.587],[117.708,41.717],[117.823,41.911],[117.701,41.976],[117.737,42.171],[117.338,42.171],[115.992,41.782],[114.808,40.809],[114.605,40.874],[114.598,41.003],[114.201,41.003],[114.236,41.068],[113.998,41.068],[114.034,41.133],[113.557,41.133],[113.593,41.198],[110.211,41.263],[110.122,41.392],[109.963,41.392],[109.997,41.457],[109.759,41.457],[109.536,41.782],[109.966,42.561],[110.712,43.863],[110.627,43.994],[110.703,44.124],[110.623,44.124],[110.699,44.255],[110.449,44.516],[110.527,44.647],[110.107,45.17],[110.186,45.3],[109.767,45.824],[109.846,45.955],[109.552,46.415],[109.388,46.415],[109.303,46.677],[108.891,46.809],[108.971,46.94],[108.763,47.269],[108.598,47.269],[108.556,47.466],[108.391,47.466],[108.432,47.664],[108.597,47.796],[108.514,47.796],[108.598,47.928],[108.515,47.928],[108.848,48.192],[108.765,48.192],[108.85,48.324],[108.767,48.324],[108.852,48.456],[108.729,48.522],[108.815,48.654],[108.612,48.853],[108.616,48.985],[108.449,48.985],[108.629,49.383],[108.713,49.383],[109.381,49.383],[109.336,49.316],[109.753,49.316],[109.709,49.25],[110.877,49.25],[111.347,49.449],[112.86,49.582],[113.311,49.98],[114.141,50.313],[114.814,50.313],[114.764,50.246],[115.016,50.246],[114.967,50.179],[115.372,50.046],[115.323,49.98],[115.575,49.98],[115.526,49.914],[116.043,50.046],[116.581,49.98]]]]}},{"type":"Feature","id":"cliopatria-67c57ac8671b0314556bee57","properties":{"NAME":"Pyu City-States","ABBREVN":null,"CONTROL":null,"SUBJECTO":"Pyu City-States","PARTOF":null,"BORDERPRECISION":1,"FromYear":84,"ToYear":849,"Area":116186.97827394767,"Type":"POLITY","Wikipedia":"Pyu city-states","Wikidata":"Q1627675","SeshatID":"","Components":"","MemberOf":"","sourceFeatureId":"cliopatria-67c57ac8671b0314556bee57","datasetId":"cliopatria"},"geometry":{"type":"MultiPolygon","coordinates":[[[[96.831,22.143],[96.95,21.951],[96.817,21.565],[96.891,21.565],[96.824,21.115],[96.749,21.115],[96.785,20.858],[96.618,20.729],[96.709,20.343],[96.477,20.279],[96.578,19.958],[96.401,19.765],[96.418,19.379],[96.194,18.865],[95.842,18.479],[95.695,18.479],[95.676,18.35],[95.085,18.35],[94.854,18.801],[94.891,19.058],[94.725,19.443],[94.836,19.701],[94.614,20.215],[94.652,20.472],[94.411,20.858],[94.552,21.822],[94.72,21.951],[94.665,22.079],[95.29,23.686],[96.166,24.008],[96.591,23.879],[96.867,23.301],[96.783,22.786],[96.858,22.786],[96.841,22.208],[96.831,22.143]]],[[[96.719,23.751],[96.729,23.815],[96.804,23.815],[96.793,23.751],[96.719,23.751]]],[[[96.655,23.815],[96.666,23.879],[96.74,23.879],[96.729,23.815],[96.655,23.815]]]]}},{"type":"Feature","id":"cliopatria-7aadd90eb347b07961262d7b","properties":{"NAME":"Han Dynasty","ABBREVN":null,"CONTROL":null,"SUBJECTO":"Han Dynasty","PARTOF":null,"BORDERPRECISION":1,"FromYear":91,"ToYear":105,"Area":4582951.088439443,"Type":"POLITY","Wikipedia":"Han dynasty","Wikidata":"Q1068371","SeshatID":"cn_eastern_han_dyn","Components":"","MemberOf":"","sourceFeatureId":"cliopatria-7aadd90eb347b07961262d7b","datasetId":"cliopatria"},"geometry":{"type":"MultiPolygon","coordinates":[[[[110.179,18.479],[109.862,18.35],[109.841,18.222],[109.25,18.222],[109.123,18.35],[108.765,18.415],[108.638,18.543],[108.704,19.379],[109.203,19.701],[109.246,19.958],[110.157,20.086],[110.591,20.022],[110.613,20.151],[110.909,20.151],[111.087,19.893],[111.032,19.572],[110.884,19.572],[110.851,19.379],[110.681,19.251],[110.508,18.672],[110.19,18.543],[110.179,18.479]]],[[[92.444,42.756],[92.944,42.626],[93.343,42.106],[93.284,41.976],[93.514,41.782],[93.455,41.652],[93.707,41.327],[93.649,41.198],[93.88,41.003],[94.068,41.068],[94.01,40.938],[94.248,40.938],[94.22,40.874],[96.212,41.068],[97.214,41.003],[97.184,40.938],[97.888,40.744],[98.037,40.55],[98.225,40.614],[98.245,40.485],[98.948,40.291],[99.047,40.161],[99.284,40.161],[99.384,40.032],[100.124,40.096],[100.094,40.032],[100.539,39.967],[100.688,39.773],[101.21,39.708],[101.244,39.256],[101.587,39.32],[101.709,39.062],[102.073,38.997],[102.045,38.933],[102.28,38.933],[102.416,39.062],[102.545,38.997],[103.132,39.256],[103.348,39.385],[103.329,39.514],[103.407,39.514],[104.267,39.838],[104.583,39.838],[104.57,39.644],[104.698,39.579],[103.939,39.126],[103.608,38.739],[104.293,38.868],[104.393,38.739],[104.991,38.674],[104.963,38.61],[106.09,38.674],[107.062,39.579],[107.329,39.644],[107.442,39.385],[107.678,39.385],[108.054,39.838],[108.387,40.032],[109.736,40.355],[110.56,40.42],[111.906,40.42],[111.872,40.355],[112.821,40.355],[112.787,40.291],[113.488,40.42],[114.561,40.355],[114.974,40.679],[114.772,40.744],[114.808,40.809],[115.992,41.782],[117.338,42.171],[117.737,42.171],[117.701,41.976],[117.823,41.911],[117.708,41.717],[117.791,41.587],[118.072,41.522],[118.034,41.457],[118.47,41.522],[118.432,41.457],[118.671,41.457],[118.633,41.392],[118.83,41.457],[118.792,41.392],[119.428,41.392],[119.39,41.327],[120.344,41.327],[120.306,41.263],[121.021,41.263],[123.167,41.911],[123.127,41.847],[123.405,41.782],[123.365,41.717],[123.604,41.717],[123.564,41.652],[124.042,41.522],[124.002,41.457],[124.28,41.392],[124.24,41.327],[124.479,41.327],[124.439,41.263],[124.717,41.198],[124.678,41.133],[124.995,41.133],[125.433,41.327],[126.108,41.263],[126.187,41.133],[126.742,41.003],[126.623,40.679],[126.425,40.614],[126.269,40.355],[126.432,40.096],[126.709,40.032],[126.832,39.838],[126.728,39.385],[126.964,39.385],[126.854,39.191],[127.023,38.933],[126.937,38.351],[126.348,37.835],[126.27,37.835],[125.845,37.771],[125.835,37.9],[125.678,37.9],[125.387,37.642],[125.231,37.642],[125.298,37.771],[125.209,37.9],[124.897,37.9],[125.077,38.093],[124.764,38.093],[124.866,38.287],[124.788,38.287],[124.961,38.61],[125.153,38.674],[125.189,38.739],[125.032,38.739],[125.39,39.385],[125.306,39.514],[124.87,39.579],[124.865,39.708],[124.512,39.644],[124.345,39.902],[124.034,39.773],[123.597,39.838],[122.936,39.644],[122.17,39.256],[121.952,38.997],[121.716,38.997],[121.422,38.739],[121.029,38.739],[121.201,39.062],[121.515,39.062],[121.69,39.385],[121.297,39.385],[121.21,39.514],[121.281,39.644],[121.438,39.644],[121.503,39.902],[121.776,39.967],[122.231,40.485],[122.106,40.679],[121.827,40.744],[121.824,40.874],[121.11,40.874],[120.997,40.679],[120.647,40.485],[120.5,40.226],[119.38,39.773],[119.215,39.32],[118.989,39.191],[118.45,39.062],[118.057,39.062],[118.046,39.191],[117.776,39.126],[117.576,38.739],[117.655,38.739],[117.602,38.481],[117.759,38.481],[117.773,38.351],[118.054,38.287],[118.067,38.158],[118.583,38.093],[118.648,38.222],[118.804,38.222],[118.772,38.158],[119.457,37.964],[119.393,37.835],[119.237,37.835],[118.984,37.319],[119.14,37.319],[119.156,37.19],[119.701,37.19],[119.827,37.448],[120.202,37.577],[120.188,37.706],[120.754,37.9],[121.112,37.835],[121.171,37.642],[121.483,37.642],[121.497,37.513],[122.154,37.577],[122.121,37.513],[122.713,37.448],[122.474,37.126],[122.566,36.997],[122.394,36.804],[121.912,36.933],[121.212,36.61],[120.979,36.61],[120.965,36.417],[120.732,36.417],[120.659,36.095],[120.318,36.031],[119.986,35.645],[119.619,35.516],[119.228,34.808],[119.459,34.808],[119.431,34.744],[119.711,34.679],[119.732,34.551],[120.342,34.358],[120.489,34.165],[120.55,33.586],[120.926,33.2],[120.919,32.622],[121.403,32.493],[121.503,32.172],[121.961,31.979],[121.937,31.722],[121.836,31.658],[121.301,31.85],[120.919,31.85],[121.454,31.658],[121.481,31.529],[121.634,31.529],[121.584,31.4],[121.737,31.4],[121.995,31.079],[121.899,30.822],[121.519,30.822],[121.197,30.565],[121.045,30.565],[120.68,30.179],[120.809,30.115],[121.105,30.308],[121.484,30.308],[121.62,30.051],[122.03,29.922],[121.865,29.665],[122.016,29.665],[121.938,29.215],[121.712,29.215],[121.745,29.537],[121.571,29.472],[121.647,29.472],[121.539,29.151],[121.744,29.087],[121.714,28.765],[121.522,28.637],[121.652,28.572],[121.646,28.315],[121.379,28.187],[121.153,28.187],[121.193,28.315],[121.118,28.315],[121.038,28.058],[120.868,27.994],[120.715,27.737],[120.657,27.544],[120.733,27.544],[120.545,27.158],[120.395,27.158],[120.247,26.901],[120.096,26.901],[120.061,26.772],[120.211,26.772],[120.158,26.579],[119.84,26.515],[119.938,26.322],[119.587,26.129],[119.778,26.001],[119.53,25.615],[119.904,25.615],[119.872,25.486],[119.616,25.358],[119.273,25.486],[119.391,25.358],[119.344,25.165],[119.029,25.101],[119.074,24.972],[118.819,24.844],[118.76,24.586],[118.147,24.522],[118.076,24.201],[117.721,23.943],[117.694,23.815],[117.47,23.815],[117.179,23.493],[116.894,23.558],[116.78,23.365],[116.815,23.172],[116.591,23.172],[116.54,22.915],[115.696,22.786],[115.671,22.658],[115.373,22.658],[115.174,22.786],[114.902,22.529],[114.753,22.529],[114.641,22.722],[114.531,22.143],[114.37,22.079],[113.999,22.079],[113.996,22.465],[113.785,22.529],[113.747,22.722],[113.599,22.722],[113.699,22.465],[113.639,22.143],[113.416,22.143],[113.318,22.015],[113.106,22.079],[113.071,21.886],[112.774,21.886],[112.441,21.693],[111.859,21.758],[111.664,21.501],[110.984,21.436],[110.739,21.308],[110.716,21.179],[110.419,21.179],[110.483,21.115],[110.364,20.858],[110.616,20.601],[110.487,20.279],[109.883,20.215],[109.927,20.472],[109.789,20.536],[109.77,20.858],[109.696,20.858],[109.87,21.436],[109.807,21.501],[109.116,21.372],[109.086,21.629],[108.652,21.693],[108.555,21.565],[107.79,21.436],[107.417,20.986],[106.961,20.922],[106.834,20.601],[106.685,20.601],[106.537,20.151],[105.965,19.829],[105.734,18.865],[106.051,18.543],[106.031,18.415],[106.178,18.415],[106.295,18.222],[106.57,18.093],[106.571,17.643],[106.772,17.515],[106.752,17.386],[107.026,17.258],[106.765,17],[106.534,16.936],[105.144,18.415],[105.185,18.672],[105.037,18.672],[105.142,18.865],[105.015,18.993],[105.014,19.443],[104.94,19.443],[104.992,19.765],[104.865,19.893],[104.981,20.151],[104.44,20.472],[104.619,20.665],[104.905,20.601],[104.873,20.858],[105.096,20.858],[104.851,21.179],[104.979,21.501],[104.926,21.629],[105.096,21.758],[105.128,21.951],[104.874,22.208],[105.249,22.658],[105.175,22.658],[105.22,22.915],[105.117,23.172],[104.956,23.108],[104.905,23.236],[102.99,23.365],[101.811,24.265],[101.462,25.165],[101.398,25.936],[101.196,26.387],[101.09,27.544],[101.014,27.544],[101.05,27.994],[100.915,28.058],[101.039,28.251],[100.964,28.251],[101.03,28.508],[100.955,28.508],[101.022,28.765],[100.881,29.087],[100.951,29.344],[100.875,29.344],[100.964,29.665],[100.889,29.665],[100.961,29.922],[100.885,29.922],[100.978,30.244],[100.902,30.244],[101.015,30.629],[100.939,30.629],[101.055,31.015],[100.979,31.015],[101.44,32.236],[101.687,32.75],[101.883,32.879],[102.552,33.264],[103.21,33.393],[103.493,33.972],[103.355,34.229],[103.527,34.486],[103.45,34.486],[103.735,35.451],[103.63,35.58],[103.649,36.224],[103.467,36.353],[103.518,36.482],[103.389,36.546],[103.44,36.675],[103.311,36.739],[103.363,36.868],[103.208,37.062],[102.871,37.19],[102.611,37.126],[102.586,37.255],[102.171,37.384],[102.172,37.577],[102.043,37.642],[102.096,37.771],[101.755,37.513],[101.601,37.706],[101.315,37.771],[101.29,37.9],[100.796,38.029],[100.799,38.222],[100.642,38.222],[100.414,38.61],[100.199,38.287],[99.862,38.416],[99.379,39.126],[99.092,39.191],[99.12,39.256],[98.958,39.062],[98.384,39.191],[98.117,38.933],[97.96,38.933],[97.857,39.062],[97.492,39.126],[97.468,39.256],[96.763,39.45],[96.681,39.256],[96.76,39.256],[96.678,39.062],[96.757,39.062],[96.677,38.868],[96.755,38.868],[96.649,38.61],[96.414,38.61],[96.31,38.739],[95.682,38.933],[95.319,39.385],[94.977,39.32],[94.506,39.514],[93.955,39.514],[93.088,39.32],[92.248,39.385],[91.123,39.126],[89.58,38.997],[88.746,38.868],[87.662,38.481],[86.44,38.351],[86.081,38.222],[85.813,37.9],[85.356,37.706],[85.113,37.448],[81.031,36.61],[80.371,36.997],[79.398,37.126],[79.145,37.319],[78.424,37.513],[78.386,37.642],[78.093,37.706],[77.801,38.029],[77.841,38.158],[77.667,38.351],[77.51,38.351],[77.414,38.545],[77.258,38.545],[77.025,38.803],[75.792,39.126],[73.769,39.45],[73.69,39.45],[73.395,39.514],[73.573,39.579],[73.8,40.291],[73.526,40.42],[73.489,40.55],[73.331,40.55],[73.294,40.679],[73.135,40.679],[73.099,40.809],[73.12,40.874],[73.343,41.068],[74.751,41.003],[77.35,41.392],[77.374,41.457],[77.875,41.522],[80.028,42.366],[80.108,42.366],[80.239,42.496],[80.508,42.366],[82.056,42.236],[84.108,42.756],[85.687,42.886],[90.74,42.886],[90.82,42.886],[92.474,42.821],[92.444,42.756]]],[[[122.273,30.179],[122.28,29.987],[121.977,29.987],[122.022,30.115],[122.045,30.179],[122.273,30.179]]]]}},{"type":"Feature","id":"cliopatria-7e7b84596855e39ab579e74e","properties":{"NAME":"Nabataeans","ABBREVN":null,"CONTROL":null,"SUBJECTO":"Nabataeans","PARTOF":null,"BORDERPRECISION":1,"FromYear":91,"ToYear":105,"Area":90836.55932922022,"Type":"POLITY","Wikipedia":"Nabataeans","Wikidata":"Q220594","SeshatID":"jo_nabataean_k","Components":"","MemberOf":"","sourceFeatureId":"cliopatria-7e7b84596855e39ab579e74e","datasetId":"cliopatria"},"geometry":{"type":"MultiPolygon","coordinates":[[[[37.07,26.837],[37.075,26.901],[37.15,26.901],[37.146,26.837],[37.07,26.837]]],[[[38.056,26.965],[38.06,27.029],[38.135,27.029],[38.131,26.965],[38.056,26.965]]],[[[37.839,27.094],[37.844,27.158],[37.919,27.158],[37.914,27.094],[37.839,27.094]]],[[[36.401,28.058],[36.552,28.058],[36.689,27.865],[37.127,27.672],[37.26,27.415],[37.481,27.351],[37.472,27.222],[37.769,27.158],[38.051,26.901],[38.206,26.965],[38.268,26.772],[38.493,26.772],[38.409,26.644],[38.696,26.451],[38.692,26.387],[38.467,26.387],[38.229,26.194],[38.154,26.194],[38.163,26.322],[37.95,26.515],[37.654,26.579],[37.154,26.965],[37,26.901],[37.017,27.158],[36.508,27.415],[36.37,27.608],[35.706,27.801],[35.4,27.737],[35.409,27.865],[35.049,28.122],[34.593,28.058],[34.605,28.251],[34.854,28.572],[34.913,29.408],[34.752,29.279],[34.711,28.701],[34.547,28.508],[34.517,28.058],[34.358,27.93],[34.346,27.737],[33.902,27.865],[33.554,28.315],[33.403,28.315],[33.189,28.508],[33.214,28.894],[32.857,29.215],[32.597,29.858],[32.602,29.922],[33.151,30.179],[34.303,30.372],[34.389,30.501],[35.593,30.372],[35.842,30.629],[36.146,30.629],[36.14,30.565],[35.866,29.987],[35.929,28.83],[35.924,28.765],[36.401,28.058]]]]}},{"type":"Feature","id":"cliopatria-c5f2b7fca6d3cd5b6c680516","properties":{"NAME":"Roman Empire","ABBREVN":null,"CONTROL":null,"SUBJECTO":"Roman Empire","PARTOF":null,"BORDERPRECISION":1,"FromYear":91,"ToYear":105,"Area":4263184.124511789,"Type":"POLITY","Wikipedia":"Roman Empire","Wikidata":"Q12544","SeshatID":"it_roman_principate","Components":"","MemberOf":"","sourceFeatureId":"cliopatria-c5f2b7fca6d3cd5b6c680516","datasetId":"cliopatria"},"geometry":{"type":"MultiPolygon","coordinates":[[[[2.61,34.422],[2.533,34.422],[2.531,34.486],[2.608,34.486],[2.61,34.422]]],[[[14.34,36.031],[14.417,36.031],[14.571,35.966],[14.568,35.773],[14.337,35.838],[14.34,36.031]]],[[[7.24,50.712],[7.41,50.645],[7.413,50.512],[7.664,50.579],[7.755,50.246],[7.923,50.246],[8.169,50.579],[8.758,50.579],[8.681,50.046],[8.765,50.046],[8.768,49.781],[8.935,49.847],[8.937,49.714],[8.853,49.714],[8.855,49.515],[9.022,49.582],[8.942,49.25],[9.279,48.919],[9.449,48.522],[10.445,48.522],[10.943,48.787],[11.36,48.853],[11.694,49.118],[12.111,49.184],[12.609,48.985],[12.773,48.787],[13.519,48.654],[14.258,48.258],[14.672,48.258],[14.841,48.39],[15.499,48.192],[16.663,48.324],[16.904,48.126],[17.072,48.192],[17.067,48.06],[17.635,47.796],[18.626,47.796],[18.798,47.928],[18.957,47.796],[18.95,47.664],[19.269,47.466],[19.173,47.203],[18.923,47.137],[18.998,47.006],[18.834,47.006],[18.824,46.809],[18.906,46.809],[18.896,46.612],[19.05,46.415],[18.952,46.087],[18.87,46.087],[18.949,46.021],[18.854,45.759],[19.011,45.628],[18.926,45.562],[18.998,45.366],[20.218,45.366],[20.37,45.17],[20.61,45.104],[20.521,44.973],[20.671,44.777],[21.41,44.908],[21.64,44.712],[21.884,44.712],[22.032,44.516],[22.194,44.516],[22.37,44.712],[22.694,44.712],[22.766,44.581],[22.518,44.516],[22.509,44.385],[22.975,44.124],[22.876,43.863],[23.526,43.929],[23.924,43.863],[24.075,43.733],[24.806,43.798],[25.52,43.668],[26.368,44.124],[27.748,44.19],[27.93,44.385],[27.849,44.385],[27.869,44.581],[27.707,44.581],[27.727,44.777],[27.889,44.777],[27.922,45.104],[27.767,45.17],[27.787,45.366],[28.038,45.431],[28.051,45.562],[28.289,45.497],[28.275,45.366],[28.431,45.3],[29.177,45.431],[29.288,45.693],[29.815,46.021],[30.107,46.415],[30.975,46.809],[31.082,47.006],[31.567,46.94],[31.533,46.677],[30.877,46.677],[30.298,45.955],[30.045,45.89],[29.859,45.693],[29.614,45.693],[29.584,45.431],[29.666,45.431],[29.525,44.908],[29.024,44.777],[29.046,44.973],[28.802,44.973],[28.841,44.581],[28.577,44.385],[28.536,43.994],[28.616,43.994],[28.481,43.472],[28.159,43.472],[28.226,43.342],[27.898,43.277],[27.805,43.147],[27.847,42.756],[27.514,42.626],[27.495,42.431],[27.796,42.236],[27.784,42.106],[28.004,41.911],[27.979,41.652],[28.218,41.652],[28.279,41.457],[28.505,41.327],[28.976,41.263],[28.963,41.133],[30.479,41.198],[30.624,41.068],[31.18,41.068],[31.534,41.392],[32.027,41.522],[32.042,41.652],[32.193,41.587],[32.695,41.782],[32.631,41.911],[34.785,41.911],[34.882,42.041],[35.121,42.041],[35.157,41.717],[35.954,41.717],[36.209,41.263],[36.775,41.327],[37.065,41.133],[37.233,41.198],[37.215,41.068],[37.771,41.068],[37.831,40.938],[38.158,41.003],[38.298,40.874],[38.783,40.938],[39.051,41.133],[39.736,40.938],[40.37,40.938],[40.391,41.068],[40.539,41.003],[41.047,41.198],[41.159,41.392],[41.307,41.327],[41.408,41.457],[41.567,41.457],[41.815,41.976],[41.735,41.976],[41.758,42.106],[41.598,42.106],[41.701,42.236],[41.483,42.366],[41.609,42.626],[41.334,42.886],[41.173,42.886],[41.116,43.017],[40.817,43.147],[40.416,43.147],[40.219,43.407],[39.978,43.407],[40.081,43.538],[40.161,43.538],[40.599,43.277],[41.001,43.277],[41.208,43.082],[41.666,42.951],[41.803,42.821],[41.78,42.691],[41.998,42.561],[42.01,41.717],[41.705,41.327],[41.625,41.327],[41.614,41.263],[41.535,41.263],[41.45,40.744],[40.953,40.614],[40.398,40.096],[38.79,39.902],[38.93,39.773],[38.745,39.579],[38.954,39.385],[38.726,38.868],[38.962,38.868],[39.25,38.674],[39.232,38.545],[39.511,38.287],[39.415,38.158],[39.46,37.9],[39.122,37.706],[38.349,37.771],[38.333,37.642],[37.989,37.384],[37.958,37.126],[38.176,36.997],[38.133,35.966],[38.428,35.838],[39.497,35.709],[39.938,35.516],[40.062,35.258],[40.278,35.13],[40.263,35.001],[40.479,34.872],[40.55,34.165],[40.473,34.165],[40.311,34.1],[40.403,34.229],[40.257,34.293],[39.124,34.486],[37.99,33.972],[37.739,33.779],[37.726,33.65],[37.573,33.65],[37.073,33.264],[37.054,33.072],[36.901,33.072],[36.717,32.75],[36.751,32.3],[36.516,32.236],[36.656,32.107],[36.492,31.979],[36.463,31.658],[36.387,31.658],[36.423,31.208],[36.271,31.208],[36.401,30.951],[36.151,30.694],[36.146,30.629],[35.842,30.629],[35.593,30.372],[34.389,30.501],[34.303,30.372],[33.151,30.179],[32.602,29.922],[32.526,29.922],[32.429,29.601],[32.639,29.344],[32.689,28.958],[32.836,28.894],[33.105,28.38],[33.609,27.994],[33.585,27.608],[33.799,27.415],[33.927,27.029],[34.073,26.965],[34.051,26.579],[34.197,26.515],[34.461,25.872],[34.608,25.808],[35.146,24.651],[35.86,24.008],[35.854,23.879],[35.559,23.943],[35.553,23.815],[35.108,23.879],[33.756,23.686],[33.682,23.686],[33.389,23.815],[32.041,23.686],[31.67,23.751],[30.537,23.365],[30.463,23.365],[30.395,23.558],[30.104,23.751],[30.109,23.879],[29.959,23.879],[29.673,24.201],[28.569,24.651],[28.289,25.165],[28.244,25.936],[28.345,26.579],[28.27,26.579],[28.154,27.351],[27.937,27.544],[27.711,27.544],[27.792,27.672],[27.43,27.994],[27.276,27.93],[27.285,28.122],[27.14,28.251],[25.586,28.958],[25.373,29.279],[25.147,29.279],[25.001,29.408],[24.847,29.344],[24.779,29.537],[24.33,29.665],[23.962,29.922],[23.51,29.987],[22.916,30.308],[22.762,30.244],[22.767,30.372],[21.939,30.565],[20.952,30.565],[18.735,29.987],[17.905,30.179],[16.701,30.694],[15.49,30.951],[15.184,30.886],[15.187,31.079],[14.584,31.529],[14.586,31.658],[14.284,31.915],[13.6,32.172],[13.066,32.172],[13.067,32.3],[11.768,32.3],[11.768,32.429],[11.539,32.429],[11.463,32.557],[11.31,32.493],[11.157,32.686],[10.392,33.007],[10.009,33.007],[10.085,33.136],[9.625,33.136],[9.547,33.329],[9.624,33.457],[9.316,33.586],[9.238,33.843],[9.083,33.907],[9.083,34.036],[8.929,34.036],[8.928,34.165],[8.311,34.293],[8.081,34.229],[8.002,34.422],[7.615,34.551],[7.153,34.486],[6.92,34.615],[6.459,34.551],[6.148,34.679],[5.377,34.679],[5.149,34.551],[4.454,34.615],[3.843,34.422],[3.456,34.486],[2.921,34.358],[2.45,34.615],[1.294,34.615],[0.685,34.422],[0.451,34.486],[0.303,34.358],[-1.237,34.358],[-1.305,34.165],[-1.539,34.229],[-1.61,34.1],[-1.693,34.229],[-2.001,34.229],[-3.763,34.1],[-4.141,33.972],[-4.21,33.843],[-4.367,33.907],[-5.039,33.586],[-5.274,33.65],[-5.799,33.457],[-6.033,33.522],[-6.634,33.329],[-6.703,33.2],[-6.937,33.264],[-7.528,32.943],[-8.064,32.943],[-8.154,33.136],[-8.47,33.264],[-8.403,33.393],[-7.13,33.843],[-7.062,33.972],[-6.904,33.907],[-6.614,34.165],[-6.7,34.293],[-6.473,34.358],[-6.482,34.486],[-6.332,34.551],[-6.277,34.872],[-6.2,34.872],[-6.291,35.065],[-6.132,35.001],[-6.145,35.194],[-6,35.323],[-5.877,35.773],[-5.339,35.838],[-5.24,35.516],[-4.755,35.194],[-3.132,35.194],[-2.982,35.258],[-2.993,35.451],[-2.838,35.451],[-2.82,35.13],[-2.662,35.065],[-1.89,35.065],[-1.591,35.258],[-1.359,35.258],[-1.136,35.451],[-1.224,35.645],[-1.066,35.58],[-0.917,35.709],[-0.53,35.709],[-0.459,35.838],[0.084,35.838],[0.376,36.224],[0.684,36.288],[0.678,36.417],[0.914,36.353],[1.216,36.546],[1.53,36.482],[2.377,36.675],[2.69,36.61],[2.841,36.739],[3.23,36.739],[3.459,36.868],[3.85,36.804],[4.235,36.933],[4.859,36.868],[5.098,36.675],[5.564,36.675],[5.639,36.804],[6.106,36.804],[6.103,36.933],[6.334,37.062],[6.805,36.868],[7.194,36.868],[7.346,37.062],[7.502,37.062],[7.738,36.868],[8.516,36.868],[8.903,37.126],[9.059,37.062],[9.37,37.255],[9.759,37.319],[9.993,37.19],[10.227,37.255],[10.228,37.062],[10.305,37.062],[10.228,36.804],[10.462,36.739],[11.006,36.997],[11.006,36.804],[10.462,36.417],[10.54,36.353],[10.464,35.902],[10.696,35.709],[10.851,35.773],[10.928,35.58],[11.083,35.58],[11.083,35.387],[11.006,35.387],[11.083,35.001],[10.851,34.937],[10.851,34.808],[10.543,34.551],[10.004,34.293],[10.082,34.229],[10.006,33.907],[10.237,33.715],[10.544,33.715],[10.698,33.522],[11.082,33.586],[11.158,33.2],[11.464,33.2],[12.229,32.814],[12.612,32.879],[12.535,32.75],[12.841,32.75],[12.842,32.879],[13.302,32.943],[13.454,32.814],[13.761,32.879],[13.759,32.75],[14.065,32.75],[14.444,32.493],[14.675,32.557],[14.749,32.429],[15.055,32.429],[15.282,32.3],[15.425,31.658],[15.576,31.593],[15.649,31.4],[16.179,31.208],[16.864,31.208],[17.847,30.951],[18.222,30.758],[18.592,30.372],[18.896,30.372],[18.969,30.244],[19.655,30.372],[19.964,30.565],[19.968,30.694],[20.202,30.886],[20.134,31.143],[20.214,31.272],[19.996,31.593],[20.089,32.107],[20.017,32.236],[20.246,32.236],[20.331,32.493],[20.482,32.429],[20.563,32.557],[20.716,32.557],[20.644,32.686],[20.871,32.622],[21.108,32.814],[21.412,32.75],[21.879,32.943],[23.089,32.622],[23.081,32.429],[23.231,32.365],[23.149,32.236],[23.299,32.172],[23.68,32.172],[24.129,31.979],[24.892,31.979],[25.112,31.786],[25.102,31.593],[25.248,31.465],[26.848,31.465],[27.297,31.336],[27.515,31.143],[28.496,31.015],[28.865,30.822],[29.397,30.822],[29.485,31.015],[29.633,30.951],[29.87,31.079],[29.802,31.208],[29.882,31.272],[30.339,31.272],[30.271,31.4],[30.352,31.465],[30.809,31.465],[30.966,31.529],[30.975,31.658],[31.203,31.658],[31.118,31.529],[31.266,31.465],[31.875,31.465],[31.781,31.208],[31.937,31.272],[32,31.079],[32.304,31.079],[32.237,31.208],[32.389,31.208],[32.532,31.079],[32.765,31.143],[32.832,31.015],[33.983,31.143],[34.297,31.272],[34.308,31.4],[34.547,31.529],[34.639,31.722],[34.573,31.85],[34.813,31.979],[34.77,32.365],[35.022,32.622],[35.056,33.007],[35.215,33.072],[35.398,33.393],[35.346,33.65],[35.499,33.65],[35.447,33.907],[35.684,33.972],[35.644,34.358],[35.792,34.293],[36.049,34.551],[36.068,34.744],[35.927,34.872],[35.96,35.194],[35.882,35.194],[35.993,35.516],[35.845,35.58],[35.99,36.224],[35.842,36.288],[36.265,36.61],[36.286,36.804],[36.145,36.933],[35.834,36.933],[35.488,36.61],[35.113,36.739],[34.95,36.675],[34.893,36.868],[34.582,36.868],[34.251,36.675],[33.979,36.288],[33.274,36.224],[32.713,36.031],[32.558,36.031],[32.499,36.224],[32.068,36.61],[31.086,36.933],[30.619,36.933],[30.492,36.353],[30.026,36.353],[29.938,36.224],[29.24,36.224],[29.125,36.739],[28.736,36.739],[28.591,36.868],[28.357,36.868],[28.187,36.675],[28.031,36.675],[28.138,37.062],[28.065,37.126],[27.598,37.126],[27.539,37.384],[27.223,37.319],[27.31,37.448],[27.163,37.577],[27.256,37.771],[27.178,37.771],[27.275,38.029],[26.889,38.093],[26.82,38.222],[26.429,38.222],[26.384,38.674],[26.536,38.61],[26.595,38.351],[27.065,38.351],[27.08,38.545],[26.849,38.61],[26.958,38.997],[26.879,38.997],[26.894,39.191],[26.742,39.256],[26.847,39.579],[26.132,39.514],[26.272,40.291],[26.605,40.485],[26.684,40.485],[26.673,40.355],[27.47,40.42],[27.538,40.291],[27.696,40.291],[27.792,40.485],[27.95,40.485],[27.939,40.355],[29.046,40.355],[28.9,40.485],[28.913,40.614],[29.48,40.744],[29.493,40.874],[29.249,40.809],[29.103,40.938],[29.116,41.068],[28.633,41.003],[28.169,41.133],[28.077,41.003],[27.527,41.068],[27.017,40.679],[26.921,40.485],[26.626,40.744],[26.14,40.614],[26.082,40.874],[25.378,41.003],[24.347,41.003],[24.011,40.744],[23.698,40.809],[23.685,40.614],[23.839,40.55],[23.737,40.226],[23.267,40.291],[22.884,40.485],[22.892,40.614],[22.655,40.614],[22.56,40.355],[22.544,40.096],[22.702,40.096],[22.611,39.902],[23.135,39.45],[22.816,39.385],[22.797,39.062],[23.116,39.126],[23.108,38.997],[23.344,38.997],[23.493,38.868],[23.332,38.803],[23.025,38.933],[22.936,38.739],[23.167,38.674],[23.313,38.481],[23.626,38.481],[23.563,38.739],[24.03,38.674],[24.179,38.545],[24.159,38.222],[24.002,38.222],[23.979,37.835],[23.443,38.029],[23.208,38.029],[23.201,37.9],[23.044,37.9],[23.108,37.642],[23.342,37.642],[23.402,37.319],[23.169,37.319],[23.176,37.448],[22.949,37.577],[22.714,37.577],[22.701,37.319],[22.853,37.255],[23.056,36.675],[22.833,36.868],[22.599,36.868],[22.512,36.675],[22.356,36.675],[22.22,37.062],[21.909,37.062],[21.899,36.868],[21.744,36.868],[21.681,37.19],[21.603,37.19],[21.697,37.513],[21.244,37.835],[21.416,38.158],[21.729,38.158],[21.738,38.351],[21.193,38.416],[20.974,38.739],[20.741,38.803],[20.911,39.062],[20.297,39.385],[20.155,39.708],[19.912,39.579],[19.758,39.644],[19.764,39.773],[20,39.773],[20.009,39.967],[19.63,40.291],[19.471,40.291],[19.486,40.614],[19.249,40.614],[19.255,40.744],[19.498,40.874],[19.438,41.263],[19.523,41.392],[19.444,41.392],[19.53,41.522],[19.45,41.522],[19.542,41.782],[18.852,42.366],[18.143,42.626],[17.992,42.821],[17.593,42.886],[17.508,42.756],[17.516,42.951],[17.355,42.951],[17.365,43.212],[17.122,43.147],[17.051,43.407],[16.727,43.342],[16.734,43.538],[16.575,43.603],[15.927,43.472],[16.012,43.603],[15.857,43.798],[15.695,43.798],[15.619,43.929],[15.375,43.863],[15.459,43.994],[15.219,44.059],[15.147,44.385],[14.909,44.581],[14.919,44.973],[14.516,45.104],[14.603,45.366],[14.196,45.366],[14.189,45.039],[13.946,45.039],[13.943,44.908],[13.781,44.908],[13.706,45.235],[13.544,45.3],[13.547,45.497],[13.71,45.497],[13.715,45.759],[13.39,45.824],[13.145,45.824],[13.06,45.628],[12.817,45.693],[12.652,45.562],[12.163,45.497],[12.16,45.17],[12.403,45.039],[12.4,44.777],[12.157,44.843],[12.154,44.451],[12.313,44.19],[12.873,43.798],[13.036,43.863],[13.034,43.733],[13.355,43.668],[13.673,43.407],[13.747,43.082],[13.985,42.951],[13.901,42.756],[14.056,42.496],[14.371,42.236],[14.531,42.236],[14.608,42.106],[14.769,42.171],[14.766,42.041],[14.924,41.976],[15.165,42.041],[15.241,41.911],[16.119,41.911],[16.115,41.782],[15.874,41.717],[15.944,41.392],[17.203,41.003],[17.511,40.744],[17.981,40.614],[18.438,40.161],[18.349,39.902],[18.112,39.902],[17.813,40.355],[17.418,40.355],[17.345,40.55],[17.028,40.55],[16.868,40.485],[16.945,40.42],[16.862,40.291],[16.624,40.291],[16.697,40.096],[16.457,39.967],[16.447,39.644],[16.916,39.514],[17.07,39.385],[17.138,39.062],[16.502,38.803],[16.492,38.416],[15.933,37.964],[15.698,37.964],[15.624,38.158],[15.389,38.158],[15.066,37.642],[15.059,37.255],[15.214,37.19],[15.05,36.739],[14.661,36.739],[14.278,37.126],[13.578,37.255],[13.192,37.577],[12.49,37.706],[12.492,37.9],[12.65,38.093],[13.04,38.029],[13.12,38.158],[13.355,38.158],[13.665,37.964],[14.056,37.964],[15.862,38.287],[15.95,38.674],[16.265,38.739],[16.27,38.933],[16.117,39.062],[15.899,39.773],[15.666,39.902],[15.748,40.032],[15.432,40.032],[15.199,40.226],[15.041,40.226],[14.893,40.679],[14.418,40.679],[14.422,40.874],[14.105,40.874],[13.951,41.133],[13.792,41.133],[13.715,41.263],[13,41.327],[12.922,41.457],[12.605,41.522],[12.131,41.911],[12.132,42.041],[11.813,42.106],[11.655,42.366],[11.495,42.301],[11.415,42.431],[11.255,42.431],[11.176,42.626],[11.016,42.626],[11.016,42.821],[10.535,43.082],[10.212,43.994],[9.889,43.994],[9.97,44.124],[9.727,44.124],[9.159,44.451],[8.432,44.385],[8.034,43.929],[7.15,43.733],[6.993,43.538],[6.673,43.472],[6.518,43.212],[6.278,43.147],[5.796,43.147],[5.632,43.277],[5.391,43.277],[5.387,43.407],[5.063,43.472],[4.178,43.472],[4.173,43.603],[3.851,43.603],[3.617,43.407],[3.14,43.277],[2.985,43.147],[3.01,42.561],[3.178,42.366],[3.117,41.911],[2.573,41.587],[2.334,41.587],[2.107,41.327],[1.238,41.198],[0.696,40.938],[0.709,40.679],[0.248,40.42],[0.183,40.161],[-0.126,40.032],[-0.345,39.708],[-0.314,39.126],[0.099,38.739],[-0.661,38.287],[-0.803,38.029],[-0.705,37.642],[-1.709,37.448],[-1.623,37.319],[-1.857,37.319],[-2.062,36.804],[-2.532,36.868],[-2.68,36.739],[-4.469,36.739],[-4.689,36.546],[-5.228,36.482],[-5.288,36.224],[-5.662,36.031],[-5.831,36.224],[-6.064,36.224],[-6.33,36.675],[-6.35,36.933],[-6.588,36.997],[-6.842,37.255],[-7.465,37.255],[-7.455,37.126],[-7.678,36.997],[-8.701,37.126],[-9.001,36.997],[-8.897,37.577],[-8.819,37.577],[-8.823,38.481],[-9.209,38.416],[-9.233,38.674],[-9.384,38.61],[-9.553,38.739],[-9.572,38.933],[-9.427,39.062],[-9.387,39.45],[-9.157,39.514],[-9.104,39.773],[-9.025,39.773],[-8.925,40.355],[-8.846,40.355],[-8.872,40.614],[-8.727,40.744],[-8.956,42.171],[-8.657,42.366],[-9.079,42.561],[-9.1,42.756],[-9.275,42.886],[-9.305,43.147],[-9.159,43.277],[-8.852,43.407],[-8.369,43.407],[-8.39,43.603],[-8.244,43.733],[-7.276,43.733],[-7.343,43.603],[-7.176,43.538],[-5.733,43.603],[-4.99,43.407],[-3.467,43.472],[-3.296,43.342],[-1.688,43.342],[-1.388,43.668],[-1.349,44.255],[-1.268,44.255],[-1.286,44.516],[-1.205,44.516],[-1.252,45.17],[-1.171,45.17],[-1.189,45.431],[-1.031,45.497],[-1.045,45.693],[-1.213,45.759],[-1.141,45.89],[-1.223,45.89],[-1.252,46.283],[-1.666,46.349],[-2.014,46.612],[-2.025,46.743],[-2.194,46.809],[-2.139,47.137],[-2.232,47.269],[-2.562,47.269],[-2.578,47.466],[-2.826,47.466],[-2.837,47.598],[-3.156,47.466],[-3.344,47.73],[-3.757,47.73],[-3.935,47.862],[-4.424,47.796],[-4.692,47.994],[-4.705,48.126],[-4.546,48.192],[-4.643,48.324],[-4.891,48.324],[-4.912,48.522],[-4.6,48.72],[-3.852,48.72],[-3.455,48.919],[-3.122,48.919],[-2.759,48.588],[-2.522,48.72],[-1.602,48.654],[-1.718,49.051],[-1.635,49.051],[-1.652,49.25],[-1.913,49.383],[-2.032,49.781],[-1.362,49.781],[-1.251,49.449],[0.007,49.383],[-0.012,49.648],[0.224,49.847],[1.053,49.98],[1.455,50.246],[1.425,50.712],[1.656,51.046],[2.578,51.179],[2.739,51.313],[3.41,51.447],[3.399,51.647],[3.739,51.647],[3.647,51.781],[3.98,51.915],[4.056,52.116],[4.232,51.982],[4.573,51.982],[5.248,52.116],[5.934,51.982],[6.369,51.647],[6.539,51.647],[6.541,51.58],[6.885,51.38],[7.065,50.979],[7.319,50.912],[7.24,50.712]]],[[[20.621,37.9],[20.699,37.9],[20.934,37.9],[20.922,37.642],[20.613,37.706],[20.621,37.9]]],[[[20.328,38.351],[20.488,38.416],[20.566,38.416],[20.795,38.287],[20.786,38.093],[20.32,38.158],[20.328,38.351]]],[[[1.274,38.803],[1.183,39.062],[1.259,39.126],[1.337,39.126],[1.652,39.126],[1.658,38.997],[1.431,38.803],[1.274,38.803]]],[[[20.07,39.579],[20.073,39.644],[20.152,39.644],[20.149,39.579],[20.07,39.579]]],[[[2.824,39.32],[2.659,39.514],[2.346,39.45],[2.338,39.644],[2.877,39.967],[2.956,39.967],[3.193,39.967],[3.198,39.838],[3.516,39.773],[3.296,39.32],[2.824,39.32]]],[[[3.82,40.096],[4.215,40.096],[4.302,39.838],[3.827,39.902],[3.741,40.096],[3.82,40.096]]],[[[9.665,40.291],[9.747,39.644],[9.669,39.644],[9.593,39.126],[9.12,39.191],[8.966,38.868],[8.73,38.868],[8.336,38.997],[8.412,39.256],[8.333,39.256],[8.33,39.514],[8.409,39.514],[8.483,39.902],[8.325,39.967],[8.4,40.291],[8.321,40.291],[8.319,40.485],[8.16,40.55],[8.155,40.938],[8.552,40.874],[9.025,41.263],[9.104,41.263],[9.502,41.198],[9.822,40.744],[9.823,40.355],[9.665,40.291]]],[[[9.578,41.976],[9.498,41.976],[9.499,41.782],[9.262,41.392],[9.104,41.327],[8.784,41.522],[8.782,41.717],[8.623,41.717],[8.7,41.911],[8.539,42.106],[8.535,42.496],[8.773,42.691],[9.173,42.756],[9.251,43.017],[9.331,43.017],[9.492,43.017],[9.493,42.756],[9.574,42.756],[9.578,41.976]]],[[[10.134,42.886],[10.214,42.886],[10.455,42.886],[10.455,42.691],[10.215,42.691],[10.134,42.886]]],[[[14.269,44.973],[14.35,44.973],[14.511,44.908],[14.502,44.516],[14.261,44.581],[14.269,44.973]]],[[[19.086,45.497],[19.004,45.497],[19.007,45.562],[19.089,45.562],[19.086,45.497]]],[[[19.166,47.072],[19.084,47.072],[19.087,47.137],[19.169,47.137],[19.166,47.072]]],[[[16.989,48.192],[16.907,48.192],[16.909,48.258],[16.992,48.258],[16.989,48.192]]],[[[16.826,48.258],[16.829,48.324],[16.912,48.324],[16.909,48.258],[16.826,48.258]]],[[[6.193,51.848],[6.191,51.915],[6.276,51.915],[6.278,51.848],[6.193,51.848]]],[[[0.07,52.99],[0.166,52.855],[0.337,52.855],[0.493,53.057],[1.094,53.057],[1.532,52.923],[1.717,52.721],[1.739,52.385],[1.654,52.385],[1.586,52.116],[1.425,51.982],[1.17,51.982],[1.184,51.781],[0.844,51.781],[0.863,51.513],[0.524,51.513],[1.381,51.38],[1.314,51.112],[0.493,50.779],[-1.368,50.845],[-1.109,50.779],[-1.177,50.579],[-1.513,50.579],[-1.525,50.712],[-2.608,50.579],[-2.789,50.712],[-3.126,50.712],[-3.457,50.645],[-3.585,50.246],[-4.089,50.246],[-4.187,50.379],[-4.355,50.379],[-4.929,50.246],[-5.151,49.98],[-5.746,50.046],[-5.769,50.246],[-5.28,50.379],[-5.134,50.579],[-4.881,50.579],[-4.819,50.779],[-4.658,50.845],[-4.68,51.046],[-4.426,51.046],[-4.202,51.313],[-3.095,51.246],[-3.108,51.38],[-2.945,51.447],[-3.121,51.513],[-3.277,51.38],[-3.701,51.38],[-3.892,51.58],[-4.308,51.513],[-4.415,51.714],[-5.079,51.58],[-5.264,51.714],[-5.219,52.049],[-4.553,52.183],[-4.157,52.452],[-4.295,52.923],[-4.794,52.788],[-4.81,52.923],[-4.49,53.125],[-4.67,53.192],[-4.702,53.462],[-4.271,53.462],[-4.076,53.26],[-3.153,53.462],[-3.095,53.732],[-3.196,53.868],[-2.966,54.138],[-3.305,54.071],[-3.319,54.206],[-3.587,54.274],[-3.72,54.681],[-3.569,54.885],[-2.895,55.089],[-2.822,55.225],[-2.379,55.157],[-1.613,55.362],[-1.286,54.681],[-0.671,54.613],[-0.202,54.206],[-0.18,53.935],[0.004,53.8],[0.01,53.732],[0.118,53.462],[0.295,53.395],[0.316,53.125],[0.07,52.99]]],[[[34.087,35.001],[33.695,34.937],[33.523,34.744],[33.132,34.679],[33.044,34.551],[32.367,34.744],[32.229,34.937],[32.246,35.13],[32.555,35.13],[32.875,35.258],[32.887,35.387],[33.737,35.387],[34.31,35.709],[34.387,35.709],[34.542,35.709],[34.529,35.58],[33.957,35.258],[34.087,35.001]]],[[[24.15,35.387],[24.301,35.323],[25.692,35.323],[25.681,35.13],[26.225,35.194],[26.14,35.065],[24.824,35.001],[24.757,35.194],[24.526,35.194],[24.448,35.194],[23.679,35.258],[23.615,35.516],[24.157,35.516],[24.15,35.387]]],[[[27.693,36.288],[28.017,36.482],[28.095,36.482],[28.25,36.482],[28.139,36.031],[27.743,35.902],[27.693,36.288]]],[[[22.887,36.417],[22.965,36.417],[23.117,36.353],[23.107,36.16],[22.874,36.16],[22.887,36.417]]],[[[27.117,36.933],[27.185,36.804],[26.865,36.675],[27.039,36.933],[27.117,36.933]]],[[[25.339,37.126],[25.417,37.126],[25.573,37.126],[25.564,36.997],[25.331,36.997],[25.339,37.126]]],[[[24.361,37.706],[24.432,37.577],[24.272,37.513],[24.201,37.642],[24.283,37.706],[24.361,37.706]]],[[[24.986,37.706],[25.064,37.706],[25.22,37.706],[25.286,37.513],[25.052,37.513],[24.986,37.706]]],[[[26.08,37.706],[26.158,37.706],[26.314,37.706],[26.305,37.577],[25.988,37.513],[26.08,37.706]]],[[[24.694,38.029],[24.772,38.029],[25.068,37.771],[24.83,37.706],[24.682,37.835],[24.694,38.029]]],[[[25.821,38.481],[25.913,38.674],[25.991,38.674],[26.217,38.545],[26.111,38.158],[25.876,38.158],[25.899,38.481],[25.821,38.481]]],[[[23.563,38.739],[23.485,38.739],[23.489,38.803],[23.567,38.803],[23.563,38.739]]],[[[24.365,38.997],[24.444,38.997],[24.675,38.933],[24.662,38.739],[24.357,38.868],[24.365,38.997]]],[[[26.094,38.997],[26.103,39.126],[25.793,39.191],[26.044,39.385],[26.123,39.385],[26.511,39.32],[26.644,38.997],[26.246,38.933],[26.094,38.997]]],[[[25.067,40.032],[25.146,40.032],[25.462,40.032],[25.447,39.838],[24.974,39.838],[25.067,40.032]]],[[[25.798,40.291],[26.035,40.291],[26.025,40.161],[25.704,40.096],[25.719,40.291],[25.798,40.291]]],[[[24.57,40.809],[24.808,40.809],[24.794,40.614],[24.551,40.55],[24.491,40.809],[24.57,40.809]]]]}},{"type":"Feature","id":"cliopatria-5dc089c0cc1c385bc244758e","properties":{"NAME":"Southern Xiongnu","ABBREVN":null,"CONTROL":null,"SUBJECTO":"Southern Xiongnu","PARTOF":null,"BORDERPRECISION":1,"FromYear":91,"ToYear":105,"Area":186817.86624593567,"Type":"POLITY","Wikipedia":"Xiongnu","Wikidata":"Q188836","SeshatID":"","Components":"","MemberOf":"","sourceFeatureId":"cliopatria-5dc089c0cc1c385bc244758e","datasetId":"cliopatria"},"geometry":{"type":"MultiPolygon","coordinates":[[[[114.605,40.874],[114.808,40.809],[114.772,40.744],[114.974,40.679],[114.561,40.355],[113.488,40.42],[112.787,40.291],[112.821,40.355],[111.872,40.355],[111.906,40.42],[110.56,40.42],[109.736,40.355],[108.387,40.032],[108.054,39.838],[107.678,39.385],[107.442,39.385],[107.329,39.644],[107.062,39.579],[106.09,38.674],[104.963,38.61],[104.991,38.674],[104.393,38.739],[104.293,38.868],[103.608,38.739],[103.939,39.126],[104.698,39.579],[104.57,39.644],[104.583,39.838],[104.267,39.838],[103.407,39.514],[103.437,39.579],[103.818,40.55],[104.488,41.263],[104.938,41.522],[104.972,41.587],[105.732,41.976],[106.863,42.301],[107.813,42.431],[109.333,42.431],[109.966,42.561],[109.536,41.782],[109.759,41.457],[109.997,41.457],[109.963,41.392],[110.122,41.392],[110.211,41.263],[113.593,41.198],[113.557,41.133],[114.034,41.133],[113.998,41.068],[114.236,41.068],[114.201,41.003],[114.598,41.003],[114.605,40.874]]]]}},{"type":"Feature","id":"cliopatria-f32ee959382f5fff522a5923","properties":{"NAME":"Western Satraps","ABBREVN":null,"CONTROL":null,"SUBJECTO":"Western Satraps","PARTOF":null,"BORDERPRECISION":1,"FromYear":91,"ToYear":105,"Area":327377.09430029755,"Type":"POLITY","Wikipedia":"Western Satraps","Wikidata":"Q2086608","SeshatID":"pk_western_satraps","Components":"","MemberOf":"","sourceFeatureId":"cliopatria-f32ee959382f5fff522a5923","datasetId":"cliopatria"},"geometry":{"type":"MultiPolygon","coordinates":[[[[78.333,26.065],[78.323,26.001],[78.324,25.036],[78.314,24.972],[78.221,24.844],[77.847,24.844],[77.296,24.651],[76.712,24.201],[76.023,24.072],[74.59,23.365],[74.029,22.401],[73.554,22.143],[73.213,21.758],[72.76,21.693],[72.686,21.693],[72.544,21.758],[72.566,21.951],[72.491,21.951],[72.527,22.272],[72.378,22.272],[72.342,21.951],[72.112,21.886],[72.173,21.758],[72.321,21.758],[72.185,21.179],[71.408,20.858],[71.321,20.729],[70.721,20.665],[70.295,20.858],[69.89,21.243],[69.903,21.372],[69.497,21.758],[69.349,21.758],[68.949,22.208],[68.977,22.465],[69.409,22.336],[69.497,22.465],[69.869,22.465],[70.263,22.658],[70.365,22.915],[69.451,22.722],[69.099,22.915],[69.025,22.915],[69.039,23.043],[69.5,23.172],[70.065,23.558],[70.424,24.072],[70.448,24.265],[70.605,24.329],[70.57,24.651],[71.086,25.165],[71.235,25.165],[71.905,25.679],[73.179,26.194],[75.2,26.644],[76.584,26.837],[77.11,26.837],[77.238,26.708],[78.236,26.837],[78.225,26.772],[78.3,26.772],[78.333,26.065]]]]}},{"type":"Feature","id":"cliopatria-e763848cc98bfdefc3446056","properties":{"NAME":"Wusun","ABBREVN":null,"CONTROL":null,"SUBJECTO":"Wusun","PARTOF":null,"BORDERPRECISION":1,"FromYear":91,"ToYear":105,"Area":39946.553826863164,"Type":"POLITY","Wikipedia":"Wusun","Wikidata":"Q854062","SeshatID":"","Components":"","MemberOf":"","sourceFeatureId":"cliopatria-e763848cc98bfdefc3446056","datasetId":"cliopatria"},"geometry":{"type":"MultiPolygon","coordinates":[[[[78.629,42.886],[78.709,42.886],[79.03,42.886],[79.3,42.756],[79.329,42.626],[79.489,42.626],[79.519,42.496],[80.054,42.431],[80.028,42.366],[77.875,41.522],[77.374,41.457],[77.294,41.457],[76.817,41.457],[76.864,41.587],[76.625,41.587],[76.615,41.782],[76.798,41.847],[76.16,41.847],[76.128,41.976],[76.278,42.171],[76.142,42.236],[76.158,42.496],[75.814,42.431],[75.701,42.561],[75.878,42.821],[75.766,42.951],[77.716,43.017],[78.629,42.886]]]]}},{"type":"Feature","id":"cliopatria-397202849dc3d7b1d4fc9718","properties":{"NAME":"Xiongnu","ABBREVN":null,"CONTROL":null,"SUBJECTO":"Xiongnu","PARTOF":null,"BORDERPRECISION":1,"FromYear":91,"ToYear":105,"Area":1441437.860445775,"Type":"POLITY","Wikipedia":"Xiongnu","Wikidata":"Q188836","SeshatID":"mn_hunnu_late","Components":"","MemberOf":"","sourceFeatureId":"cliopatria-397202849dc3d7b1d4fc9718","datasetId":"cliopatria"},"geometry":{"type":"MultiPolygon","coordinates":[[[[103.22,39.45],[103.299,39.45],[103.378,39.45],[103.348,39.385],[103.269,39.385],[103.191,39.385],[103.22,39.45]]],[[[101.112,51.58],[101.875,51.58],[101.829,51.513],[102.123,51.447],[102.077,51.38],[102.201,51.313],[102.11,51.179],[102.353,50.912],[102.263,50.779],[102.348,50.779],[102.383,50.579],[102.76,50.512],[102.716,50.446],[102.884,50.446],[102.84,50.379],[103.177,50.379],[103.133,50.313],[103.301,50.313],[103.257,50.246],[104.181,50.246],[105.032,50.512],[106.417,50.446],[106.372,50.379],[106.792,50.379],[106.746,50.313],[107.282,50.113],[107.236,50.046],[107.823,50.046],[107.817,49.914],[107.984,49.914],[108.055,49.648],[108.345,49.582],[108.34,49.449],[108.59,49.449],[108.546,49.383],[108.629,49.383],[108.449,48.985],[108.616,48.985],[108.612,48.853],[108.815,48.654],[108.729,48.522],[108.852,48.456],[108.767,48.324],[108.85,48.324],[108.765,48.192],[108.848,48.192],[108.515,47.928],[108.598,47.928],[108.514,47.796],[108.597,47.796],[108.432,47.664],[108.391,47.466],[108.556,47.466],[108.598,47.269],[108.763,47.269],[108.971,46.94],[108.891,46.809],[109.303,46.677],[109.388,46.415],[109.552,46.415],[109.846,45.955],[109.767,45.824],[110.186,45.3],[110.107,45.17],[110.527,44.647],[110.449,44.516],[110.699,44.255],[110.623,44.124],[110.703,44.124],[110.627,43.994],[110.712,43.863],[109.966,42.561],[109.333,42.431],[107.813,42.431],[106.863,42.301],[105.732,41.976],[104.972,41.587],[104.892,41.587],[104.447,41.652],[104.468,41.847],[103.637,41.782],[103.67,41.847],[103.145,41.911],[103.178,41.976],[102.207,42.106],[102.24,42.171],[101.874,42.236],[101.86,42.366],[101.7,42.366],[101.687,42.496],[101.447,42.496],[101.48,42.561],[98.838,42.561],[98.87,42.626],[98.069,42.626],[98.102,42.691],[97.621,42.691],[97.653,42.756],[96.499,42.691],[96.257,43.017],[95.919,43.147],[95.726,43.407],[95.725,43.733],[95.274,44.124],[95.339,44.255],[94.725,44.32],[94.628,44.451],[94.466,44.451],[94.499,44.516],[94.337,44.516],[94.369,44.581],[93.996,44.647],[93.98,44.777],[93.688,44.843],[93.72,44.908],[93.477,44.908],[93.509,44.973],[91.674,45.039],[91.705,45.104],[90.924,45.17],[90.825,45.3],[90.662,45.3],[90.675,45.497],[90.544,45.562],[90.962,46.087],[90.863,46.218],[90.959,46.743],[90.222,47.73],[89.925,47.796],[89.959,47.862],[89.628,47.862],[89.53,47.994],[88.902,48.06],[88.091,47.928],[85.935,47.401],[85.532,47.072],[84.783,46.874],[83.413,46.021],[82.775,45.497],[82.524,45.104],[82.227,45.17],[82.255,45.235],[81.821,45.17],[81.795,45.3],[81.47,45.3],[80.33,45.104],[79.843,44.908],[79.897,45.039],[79.599,45.3],[79.653,45.431],[78.947,46.283],[79.086,46.612],[79.25,46.612],[79.308,46.94],[79.772,46.874],[82.121,47.532],[85.324,48.192],[85.786,48.456],[86.399,48.522],[86.549,48.654],[86.848,48.588],[86.914,48.72],[87.667,49.051],[87.652,49.184],[87.819,49.184],[88.244,49.515],[88.746,49.515],[89.606,49.714],[89.512,49.847],[89.585,49.98],[89.837,49.98],[90.116,50.179],[90.78,50.313],[91.063,50.512],[91.315,50.512],[91.892,50.779],[92.771,50.979],[93.272,51.246],[94.708,51.647],[98.585,52.116],[98.932,52.25],[98.886,52.183],[99.267,52.116],[99.221,52.049],[99.391,52.049],[99.346,51.982],[99.686,51.982],[99.641,51.915],[100.105,51.848],[100.06,51.781],[100.739,51.781],[100.694,51.714],[100.948,51.714],[100.903,51.647],[101.073,51.647],[101.027,51.58],[101.112,51.58]]]]}},{"type":"Feature","id":"cliopatria-83f88b0ae2dc08441af669da","properties":{"NAME":"(Alliance between Han Dynasty and Xiongnu)","ABBREVN":null,"CONTROL":null,"SUBJECTO":"(Alliance between Han Dynasty and Xiongnu)","PARTOF":null,"BORDERPRECISION":1,"FromYear":91,"ToYear":105,"Area":6024376.791726374,"Type":"RELATION","Wikipedia":"Han dynasty","Wikidata":"Q1068371","SeshatID":"cn_eastern_han_dyn;mn_hunnu_late","Components":"Han Dynasty;Xiongnu","MemberOf":"","sourceFeatureId":"cliopatria-83f88b0ae2dc08441af669da","datasetId":"cliopatria"},"geometry":{"type":"MultiPolygon","coordinates":[[[[109.862,18.35],[109.841,18.222],[109.25,18.222],[109.123,18.35],[108.765,18.415],[108.638,18.543],[108.704,19.379],[109.203,19.701],[109.246,19.958],[110.157,20.086],[110.591,20.022],[110.613,20.151],[110.909,20.151],[111.087,19.893],[111.032,19.572],[110.884,19.572],[110.851,19.379],[110.681,19.251],[110.508,18.672],[110.19,18.543],[110.179,18.479],[109.862,18.35]]],[[[92.444,42.756],[92.944,42.626],[93.343,42.106],[93.284,41.976],[93.514,41.782],[93.455,41.652],[93.707,41.327],[93.649,41.198],[93.88,41.003],[94.068,41.068],[94.01,40.938],[94.248,40.938],[94.22,40.874],[96.212,41.068],[97.214,41.003],[97.184,40.938],[97.888,40.744],[98.037,40.55],[98.225,40.614],[98.245,40.485],[98.948,40.291],[99.047,40.161],[99.284,40.161],[99.384,40.032],[100.124,40.096],[100.094,40.032],[100.539,39.967],[100.688,39.773],[101.21,39.708],[101.244,39.256],[101.587,39.32],[101.709,39.062],[102.073,38.997],[102.045,38.933],[102.28,38.933],[102.416,39.062],[102.545,38.997],[103.132,39.256],[103.348,39.385],[103.269,39.385],[103.191,39.385],[103.22,39.45],[103.299,39.45],[103.338,39.45],[103.329,39.514],[103.407,39.514],[104.267,39.838],[104.583,39.838],[104.57,39.644],[104.698,39.579],[103.939,39.126],[103.608,38.739],[104.293,38.868],[104.393,38.739],[104.991,38.674],[104.963,38.61],[106.09,38.674],[107.062,39.579],[107.329,39.644],[107.442,39.385],[107.678,39.385],[108.054,39.838],[108.387,40.032],[109.736,40.355],[110.56,40.42],[111.906,40.42],[111.872,40.355],[112.821,40.355],[112.787,40.291],[113.488,40.42],[114.561,40.355],[114.974,40.679],[114.772,40.744],[114.808,40.809],[115.992,41.782],[117.338,42.171],[117.737,42.171],[117.701,41.976],[117.823,41.911],[117.708,41.717],[117.791,41.587],[118.072,41.522],[118.034,41.457],[118.47,41.522],[118.432,41.457],[118.671,41.457],[118.633,41.392],[118.83,41.457],[118.792,41.392],[119.428,41.392],[119.39,41.327],[120.344,41.327],[120.306,41.263],[121.021,41.263],[123.167,41.911],[123.127,41.847],[123.405,41.782],[123.365,41.717],[123.604,41.717],[123.564,41.652],[124.042,41.522],[124.002,41.457],[124.28,41.392],[124.24,41.327],[124.479,41.327],[124.439,41.263],[124.717,41.198],[124.678,41.133],[124.995,41.133],[125.433,41.327],[126.108,41.263],[126.187,41.133],[126.742,41.003],[126.623,40.679],[126.425,40.614],[126.269,40.355],[126.432,40.096],[126.709,40.032],[126.832,39.838],[126.728,39.385],[126.964,39.385],[126.854,39.191],[127.023,38.933],[126.937,38.351],[126.348,37.835],[126.27,37.835],[125.845,37.771],[125.835,37.9],[125.678,37.9],[125.387,37.642],[125.231,37.642],[125.298,37.771],[125.209,37.9],[124.897,37.9],[125.077,38.093],[124.764,38.093],[124.866,38.287],[124.788,38.287],[124.961,38.61],[125.153,38.674],[125.189,38.739],[125.032,38.739],[125.39,39.385],[125.306,39.514],[124.87,39.579],[124.865,39.708],[124.512,39.644],[124.345,39.902],[124.034,39.773],[123.597,39.838],[122.936,39.644],[122.17,39.256],[121.952,38.997],[121.716,38.997],[121.422,38.739],[121.029,38.739],[121.201,39.062],[121.515,39.062],[121.69,39.385],[121.297,39.385],[121.21,39.514],[121.281,39.644],[121.438,39.644],[121.503,39.902],[121.776,39.967],[122.231,40.485],[122.106,40.679],[121.827,40.744],[121.824,40.874],[121.11,40.874],[120.997,40.679],[120.647,40.485],[120.5,40.226],[119.38,39.773],[119.215,39.32],[118.989,39.191],[118.45,39.062],[118.057,39.062],[118.046,39.191],[117.776,39.126],[117.576,38.739],[117.655,38.739],[117.602,38.481],[117.759,38.481],[117.773,38.351],[118.054,38.287],[118.067,38.158],[118.583,38.093],[118.648,38.222],[118.804,38.222],[118.772,38.158],[119.457,37.964],[119.393,37.835],[119.237,37.835],[118.984,37.319],[119.14,37.319],[119.156,37.19],[119.701,37.19],[119.827,37.448],[120.202,37.577],[120.188,37.706],[120.754,37.9],[121.112,37.835],[121.171,37.642],[121.483,37.642],[121.497,37.513],[122.154,37.577],[122.121,37.513],[122.713,37.448],[122.474,37.126],[122.566,36.997],[122.394,36.804],[121.912,36.933],[121.212,36.61],[120.979,36.61],[120.965,36.417],[120.732,36.417],[120.659,36.095],[120.318,36.031],[119.986,35.645],[119.619,35.516],[119.228,34.808],[119.459,34.808],[119.431,34.744],[119.711,34.679],[119.732,34.551],[120.342,34.358],[120.489,34.165],[120.55,33.586],[120.926,33.2],[120.919,32.622],[121.403,32.493],[121.503,32.172],[121.961,31.979],[121.937,31.722],[121.836,31.658],[121.301,31.85],[120.919,31.85],[121.454,31.658],[121.481,31.529],[121.634,31.529],[121.584,31.4],[121.737,31.4],[121.995,31.079],[121.899,30.822],[121.519,30.822],[121.197,30.565],[121.045,30.565],[120.68,30.179],[120.809,30.115],[121.105,30.308],[121.484,30.308],[121.62,30.051],[122.03,29.922],[121.865,29.665],[122.016,29.665],[121.938,29.215],[121.712,29.215],[121.745,29.537],[121.571,29.472],[121.647,29.472],[121.539,29.151],[121.744,29.087],[121.714,28.765],[121.522,28.637],[121.652,28.572],[121.646,28.315],[121.379,28.187],[121.153,28.187],[121.193,28.315],[121.118,28.315],[121.038,28.058],[120.868,27.994],[120.715,27.737],[120.657,27.544],[120.733,27.544],[120.545,27.158],[120.395,27.158],[120.247,26.901],[120.096,26.901],[120.061,26.772],[120.211,26.772],[120.158,26.579],[119.84,26.515],[119.938,26.322],[119.587,26.129],[119.778,26.001],[119.53,25.615],[119.904,25.615],[119.872,25.486],[119.616,25.358],[119.273,25.486],[119.391,25.358],[119.344,25.165],[119.029,25.101],[119.074,24.972],[118.819,24.844],[118.76,24.586],[118.147,24.522],[118.076,24.201],[117.721,23.943],[117.694,23.815],[117.47,23.815],[117.179,23.493],[116.894,23.558],[116.78,23.365],[116.815,23.172],[116.591,23.172],[116.54,22.915],[115.696,22.786],[115.671,22.658],[115.373,22.658],[115.174,22.786],[114.902,22.529],[114.753,22.529],[114.641,22.722],[114.531,22.143],[114.37,22.079],[113.999,22.079],[113.996,22.465],[113.785,22.529],[113.747,22.722],[113.599,22.722],[113.699,22.465],[113.639,22.143],[113.416,22.143],[113.318,22.015],[113.106,22.079],[113.071,21.886],[112.774,21.886],[112.441,21.693],[111.859,21.758],[111.664,21.501],[110.984,21.436],[110.739,21.308],[110.716,21.179],[110.419,21.179],[110.483,21.115],[110.364,20.858],[110.616,20.601],[110.487,20.279],[109.883,20.215],[109.927,20.472],[109.789,20.536],[109.77,20.858],[109.696,20.858],[109.87,21.436],[109.807,21.501],[109.116,21.372],[109.086,21.629],[108.652,21.693],[108.555,21.565],[107.79,21.436],[107.417,20.986],[106.961,20.922],[106.834,20.601],[106.685,20.601],[106.537,20.151],[105.965,19.829],[105.734,18.865],[106.051,18.543],[106.031,18.415],[106.178,18.415],[106.295,18.222],[106.57,18.093],[106.571,17.643],[106.772,17.515],[106.752,17.386],[107.026,17.258],[106.765,17],[106.534,16.936],[105.144,18.415],[105.185,18.672],[105.037,18.672],[105.142,18.865],[105.015,18.993],[105.014,19.443],[104.94,19.443],[104.992,19.765],[104.865,19.893],[104.981,20.151],[104.44,20.472],[104.619,20.665],[104.905,20.601],[104.873,20.858],[105.096,20.858],[104.851,21.179],[104.979,21.501],[104.926,21.629],[105.096,21.758],[105.128,21.951],[104.874,22.208],[105.249,22.658],[105.175,22.658],[105.22,22.915],[105.117,23.172],[104.956,23.108],[104.905,23.236],[102.99,23.365],[101.811,24.265],[101.462,25.165],[101.398,25.936],[101.196,26.387],[101.09,27.544],[101.014,27.544],[101.05,27.994],[100.915,28.058],[101.039,28.251],[100.964,28.251],[101.03,28.508],[100.955,28.508],[101.022,28.765],[100.881,29.087],[100.951,29.344],[100.875,29.344],[100.964,29.665],[100.889,29.665],[100.961,29.922],[100.885,29.922],[100.978,30.244],[100.902,30.244],[101.015,30.629],[100.939,30.629],[101.055,31.015],[100.979,31.015],[101.44,32.236],[101.687,32.75],[101.883,32.879],[102.552,33.264],[103.21,33.393],[103.493,33.972],[103.355,34.229],[103.527,34.486],[103.45,34.486],[103.735,35.451],[103.63,35.58],[103.649,36.224],[103.467,36.353],[103.518,36.482],[103.389,36.546],[103.44,36.675],[103.311,36.739],[103.363,36.868],[103.208,37.062],[102.871,37.19],[102.611,37.126],[102.586,37.255],[102.171,37.384],[102.172,37.577],[102.043,37.642],[102.096,37.771],[101.755,37.513],[101.601,37.706],[101.315,37.771],[101.29,37.9],[100.796,38.029],[100.799,38.222],[100.642,38.222],[100.414,38.61],[100.199,38.287],[99.862,38.416],[99.379,39.126],[99.092,39.191],[99.12,39.256],[98.958,39.062],[98.384,39.191],[98.117,38.933],[97.96,38.933],[97.857,39.062],[97.492,39.126],[97.468,39.256],[96.763,39.45],[96.681,39.256],[96.76,39.256],[96.678,39.062],[96.757,39.062],[96.677,38.868],[96.755,38.868],[96.649,38.61],[96.414,38.61],[96.31,38.739],[95.682,38.933],[95.319,39.385],[94.977,39.32],[94.506,39.514],[93.955,39.514],[93.088,39.32],[92.248,39.385],[91.123,39.126],[89.58,38.997],[88.746,38.868],[87.662,38.481],[86.44,38.351],[86.081,38.222],[85.813,37.9],[85.356,37.706],[85.113,37.448],[81.031,36.61],[80.371,36.997],[79.398,37.126],[79.145,37.319],[78.424,37.513],[78.386,37.642],[78.093,37.706],[77.801,38.029],[77.841,38.158],[77.667,38.351],[77.51,38.351],[77.414,38.545],[77.258,38.545],[77.025,38.803],[75.792,39.126],[73.769,39.45],[73.69,39.45],[73.395,39.514],[73.573,39.579],[73.8,40.291],[73.526,40.42],[73.489,40.55],[73.331,40.55],[73.294,40.679],[73.135,40.679],[73.099,40.809],[73.12,40.874],[73.343,41.068],[74.751,41.003],[77.35,41.392],[77.374,41.457],[77.875,41.522],[80.028,42.366],[80.108,42.366],[80.239,42.496],[80.508,42.366],[82.056,42.236],[84.108,42.756],[85.687,42.886],[90.74,42.886],[90.82,42.886],[92.474,42.821],[92.444,42.756]]],[[[122.273,30.179],[122.28,29.987],[121.977,29.987],[122.022,30.115],[122.045,30.179],[122.273,30.179]]],[[[101.829,51.513],[102.123,51.447],[102.077,51.38],[102.201,51.313],[102.11,51.179],[102.353,50.912],[102.263,50.779],[102.348,50.779],[102.383,50.579],[102.76,50.512],[102.716,50.446],[102.884,50.446],[102.84,50.379],[103.177,50.379],[103.133,50.313],[103.301,50.313],[103.257,50.246],[104.181,50.246],[105.032,50.512],[106.417,50.446],[106.372,50.379],[106.792,50.379],[106.746,50.313],[107.282,50.113],[107.236,50.046],[107.823,50.046],[107.817,49.914],[107.984,49.914],[108.055,49.648],[108.345,49.582],[108.34,49.449],[108.59,49.449],[108.546,49.383],[108.629,49.383],[108.449,48.985],[108.616,48.985],[108.612,48.853],[108.815,48.654],[108.729,48.522],[108.852,48.456],[108.767,48.324],[108.85,48.324],[108.765,48.192],[108.848,48.192],[108.515,47.928],[108.598,47.928],[108.514,47.796],[108.597,47.796],[108.432,47.664],[108.391,47.466],[108.556,47.466],[108.598,47.269],[108.763,47.269],[108.971,46.94],[108.891,46.809],[109.303,46.677],[109.388,46.415],[109.552,46.415],[109.846,45.955],[109.767,45.824],[110.186,45.3],[110.107,45.17],[110.527,44.647],[110.449,44.516],[110.699,44.255],[110.623,44.124],[110.703,44.124],[110.627,43.994],[110.712,43.863],[109.966,42.561],[109.333,42.431],[107.813,42.431],[106.863,42.301],[105.732,41.976],[104.972,41.587],[104.892,41.587],[104.447,41.652],[104.468,41.847],[103.637,41.782],[103.67,41.847],[103.145,41.911],[103.178,41.976],[102.207,42.106],[102.24,42.171],[101.874,42.236],[101.86,42.366],[101.7,42.366],[101.687,42.496],[101.447,42.496],[101.48,42.561],[98.838,42.561],[98.87,42.626],[98.069,42.626],[98.102,42.691],[97.621,42.691],[97.653,42.756],[96.499,42.691],[96.257,43.017],[95.919,43.147],[95.726,43.407],[95.725,43.733],[95.274,44.124],[95.339,44.255],[94.725,44.32],[94.628,44.451],[94.466,44.451],[94.499,44.516],[94.337,44.516],[94.369,44.581],[93.996,44.647],[93.98,44.777],[93.688,44.843],[93.72,44.908],[93.477,44.908],[93.509,44.973],[91.674,45.039],[91.705,45.104],[90.924,45.17],[90.825,45.3],[90.662,45.3],[90.675,45.497],[90.544,45.562],[90.962,46.087],[90.863,46.218],[90.959,46.743],[90.222,47.73],[89.925,47.796],[89.959,47.862],[89.628,47.862],[89.53,47.994],[88.902,48.06],[88.091,47.928],[85.935,47.401],[85.532,47.072],[84.783,46.874],[83.413,46.021],[82.775,45.497],[82.524,45.104],[82.227,45.17],[82.255,45.235],[81.821,45.17],[81.795,45.3],[81.47,45.3],[80.33,45.104],[79.843,44.908],[79.897,45.039],[79.599,45.3],[79.653,45.431],[78.947,46.283],[79.086,46.612],[79.25,46.612],[79.308,46.94],[79.772,46.874],[82.121,47.532],[85.324,48.192],[85.786,48.456],[86.399,48.522],[86.549,48.654],[86.848,48.588],[86.914,48.72],[87.667,49.051],[87.652,49.184],[87.819,49.184],[88.244,49.515],[88.746,49.515],[89.606,49.714],[89.512,49.847],[89.585,49.98],[89.837,49.98],[90.116,50.179],[90.78,50.313],[91.063,50.512],[91.315,50.512],[91.892,50.779],[92.771,50.979],[93.272,51.246],[94.708,51.647],[98.585,52.116],[98.932,52.25],[98.886,52.183],[99.267,52.116],[99.221,52.049],[99.391,52.049],[99.346,51.982],[99.686,51.982],[99.641,51.915],[100.105,51.848],[100.06,51.781],[100.739,51.781],[100.694,51.714],[100.948,51.714],[100.903,51.647],[101.073,51.647],[101.027,51.58],[101.112,51.58],[101.875,51.58],[101.829,51.513]]]]}},{"type":"Feature","id":"cliopatria-944b260a0550988410e06de2","properties":{"NAME":"Kushan Empire","ABBREVN":null,"CONTROL":null,"SUBJECTO":"Kushan Empire","PARTOF":null,"BORDERPRECISION":1,"FromYear":91,"ToYear":116,"Area":1709274.5034871653,"Type":"POLITY","Wikipedia":"Kushan Empire","Wikidata":"Q25979","SeshatID":"af_kushan_emp","Components":"","MemberOf":"","sourceFeatureId":"cliopatria-944b260a0550988410e06de2","datasetId":"cliopatria"},"geometry":{"type":"MultiPolygon","coordinates":[[[[71.978,41.263],[72.137,41.263],[72.232,41.068],[72.47,41.068],[73.019,40.809],[73.099,40.809],[73.135,40.679],[73.294,40.679],[73.331,40.55],[73.489,40.55],[73.526,40.42],[73.8,40.291],[73.573,39.579],[73.395,39.514],[73.69,39.45],[73.67,39.385],[73.63,39.256],[73.748,39.126],[73.494,38.545],[72.759,37.9],[72.423,37.255],[72.37,37.062],[72.448,37.062],[72.232,36.546],[72.31,36.546],[72.302,36.224],[72.501,36.095],[72.468,35.966],[72.64,36.031],[72.606,35.902],[72.822,35.838],[72.711,35.709],[73.441,34.937],[73.811,34.872],[73.701,34.744],[73.993,34.679],[74.297,34.358],[74.451,34.358],[74.634,34.165],[74.602,34.036],[74.8,33.907],[74.768,33.779],[75.028,33.586],[74.996,33.457],[75.134,33.393],[75.103,33.264],[75.241,33.2],[75.271,33.007],[75.424,33.007],[75.469,32.879],[75.882,32.686],[76.127,32.75],[76.081,32.557],[76.601,32.172],[78.448,31.593],[78.844,31.658],[78.814,31.529],[79.18,31.465],[79.607,31.015],[79.624,30.758],[79.823,30.629],[79.845,30.051],[79.954,29.858],[79.885,29.537],[79.961,29.537],[79.838,28.572],[79.375,27.737],[79.038,27.544],[78.657,27.094],[78.506,27.094],[78.484,26.965],[78.247,26.901],[78.236,26.837],[77.238,26.708],[77.11,26.837],[76.584,26.837],[75.2,26.644],[73.179,26.194],[71.905,25.679],[71.235,25.165],[71.086,25.165],[70.57,24.651],[70.605,24.329],[70.448,24.265],[70.424,24.072],[70.065,23.558],[69.5,23.172],[69.039,23.043],[69.025,22.915],[68.95,22.915],[68.606,23.172],[68.552,23.365],[68.336,23.429],[68.35,23.558],[68.127,23.558],[68.155,23.815],[67.633,23.815],[67.491,23.879],[67.438,24.072],[67.289,24.072],[67.326,24.393],[67.148,24.779],[66.632,24.844],[66.64,24.908],[67.112,25.101],[67.502,25.808],[67.197,26.322],[67.175,27.222],[67.062,27.479],[67.121,27.865],[67.046,27.865],[67.041,28.315],[66.965,28.315],[67.007,28.572],[66.931,28.572],[67.135,29.344],[66.995,29.408],[66.888,29.665],[66.434,29.665],[66.077,29.794],[66.316,29.858],[66.418,30.436],[66.343,30.436],[66.525,31.015],[66.449,31.015],[66.483,31.593],[66.102,31.593],[65.694,31.85],[65.02,31.915],[64.383,32.172],[63.555,32.236],[63.426,32.365],[63.873,33.843],[64.324,34.165],[64.574,34.615],[65.092,34.872],[64.854,35.194],[64.829,35.773],[64.751,35.773],[65.155,38.739],[65.077,38.739],[65.144,38.997],[65.065,38.997],[65.282,39.514],[65.203,39.514],[65.291,39.838],[65.564,39.967],[65.883,40.809],[65.962,40.809],[66.653,41.263],[66.891,41.263],[67.547,41.587],[68.025,41.587],[68.223,41.457],[68.978,41.327],[69.58,41.717],[70.016,41.587],[71.63,41.652],[71.841,41.327],[72,41.327],[71.978,41.263]]],[[[72.501,36.095],[72.518,36.16],[72.596,36.16],[72.579,36.095],[72.501,36.095]]]]}},{"type":"Feature","id":"cliopatria-e42790798935e378d4e88b3c","properties":{"NAME":"Indo-Scythians","ABBREVN":null,"CONTROL":null,"SUBJECTO":"Indo-Scythians","PARTOF":null,"BORDERPRECISION":1,"FromYear":91,"ToYear":269,"Area":121798.8425400771,"Type":"POLITY","Wikipedia":"Indo-Scythians","Wikidata":"Q240123","SeshatID":"","Components":"","MemberOf":"","sourceFeatureId":"cliopatria-e42790798935e378d4e88b3c","datasetId":"cliopatria"},"geometry":{"type":"MultiPolygon","coordinates":[[[[65.125,29.537],[64.53,29.601],[64.12,29.408],[62.304,29.408],[61.001,29.794],[60.956,29.987],[61.387,30.308],[61.875,30.951],[61.942,31.336],[62.421,31.465],[62.82,31.979],[63.161,32.172],[63.185,32.3],[63.426,32.365],[63.555,32.236],[64.383,32.172],[65.02,31.915],[65.694,31.85],[66.102,31.593],[66.483,31.593],[66.449,31.015],[66.525,31.015],[66.343,30.436],[66.418,30.436],[66.316,29.858],[66.077,29.794],[65.125,29.537]]]]}},{"type":"Feature","id":"cliopatria-bb8c46d074db67a6fa4f3817","properties":{"NAME":"Kingdom of Sophene","ABBREVN":null,"CONTROL":null,"SUBJECTO":"Kingdom of Sophene","PARTOF":null,"BORDERPRECISION":1,"FromYear":106,"ToYear":113,"Area":23759.074189986888,"Type":"POLITY","Wikipedia":"Kingdom of Sophene","Wikidata":"Q2626105","SeshatID":"","Components":"","MemberOf":"","sourceFeatureId":"cliopatria-bb8c46d074db67a6fa4f3817","datasetId":"cliopatria"},"geometry":{"type":"MultiPolygon","coordinates":[[[[40.493,38.029],[40.415,38.029],[40.094,37.964],[40.051,37.642],[40.181,37.448],[39.496,37.577],[39.46,37.9],[39.415,38.158],[39.511,38.287],[39.232,38.545],[39.25,38.674],[38.962,38.868],[38.726,38.868],[38.954,39.385],[39.209,39.514],[39.751,39.45],[39.848,39.579],[40.478,39.579],[40.51,39.256],[40.658,39.191],[40.469,38.416],[40.547,38.416],[40.572,38.029],[40.493,38.029]]]]}},{"type":"Feature","id":"cliopatria-bbfac521f31907f4df41a0c4","properties":{"NAME":"Roman Empire","ABBREVN":null,"CONTROL":null,"SUBJECTO":"Roman Empire","PARTOF":null,"BORDERPRECISION":1,"FromYear":106,"ToYear":113,"Area":4585714.057496045,"Type":"POLITY","Wikipedia":"Roman Empire","Wikidata":"Q12544","SeshatID":"it_roman_principate","Components":"","MemberOf":"","sourceFeatureId":"cliopatria-bbfac521f31907f4df41a0c4","datasetId":"cliopatria"},"geometry":{"type":"MultiPolygon","coordinates":[[[[2.61,34.422],[2.533,34.422],[2.531,34.486],[2.608,34.486],[2.61,34.422]]],[[[14.34,36.031],[14.417,36.031],[14.571,35.966],[14.568,35.773],[14.337,35.838],[14.34,36.031]]],[[[22.887,36.417],[22.965,36.417],[23.117,36.353],[23.107,36.16],[22.874,36.16],[22.887,36.417]]],[[[7.41,50.645],[7.413,50.512],[7.664,50.579],[7.755,50.246],[7.923,50.246],[8.169,50.579],[8.758,50.579],[8.681,50.046],[8.765,50.046],[8.768,49.781],[8.935,49.847],[8.937,49.714],[8.853,49.714],[8.855,49.515],[9.022,49.582],[8.942,49.25],[9.279,48.919],[9.449,48.522],[10.445,48.522],[10.943,48.787],[11.36,48.853],[11.694,49.118],[12.111,49.184],[12.609,48.985],[12.773,48.787],[13.519,48.654],[14.258,48.258],[14.672,48.258],[14.841,48.39],[15.499,48.192],[16.663,48.324],[16.904,48.126],[17.072,48.192],[17.067,48.06],[17.635,47.796],[18.626,47.796],[18.798,47.928],[18.957,47.796],[18.95,47.664],[19.269,47.466],[19.173,47.203],[18.923,47.137],[18.998,47.006],[18.834,47.006],[18.824,46.809],[18.906,46.809],[18.896,46.612],[19.05,46.415],[18.952,46.087],[18.87,46.087],[18.949,46.021],[18.854,45.759],[19.011,45.628],[18.923,45.497],[19.004,45.497],[18.998,45.366],[19.238,45.3],[20.056,45.366],[19.907,45.628],[20.17,45.955],[20.185,46.218],[21.24,46.087],[21.331,46.218],[21.494,46.218],[21.486,46.087],[21.649,46.087],[22.008,46.546],[22.026,46.809],[22.291,47.072],[22.218,47.203],[22.3,47.203],[22.315,47.401],[22.485,47.466],[22.582,47.664],[23.17,47.796],[23.82,47.664],[25.553,47.664],[25.624,47.532],[25.865,47.466],[25.916,47.137],[26.594,47.335],[27.123,46.874],[27.294,46.94],[27.28,46.809],[27.445,46.809],[27.349,46.677],[27.506,46.612],[27.493,46.48],[27.643,46.349],[27.957,46.218],[28.209,46.283],[28.195,46.152],[28.447,46.218],[28.508,46.021],[29.741,46.087],[30.091,46.283],[30.107,46.415],[30.975,46.809],[31.082,47.006],[31.567,46.94],[31.533,46.677],[30.877,46.677],[30.298,45.955],[30.045,45.89],[29.859,45.693],[29.614,45.693],[29.584,45.431],[29.666,45.431],[29.525,44.908],[29.024,44.777],[29.046,44.973],[28.802,44.973],[28.841,44.581],[28.577,44.385],[28.536,43.994],[28.616,43.994],[28.481,43.472],[28.159,43.472],[28.226,43.342],[27.898,43.277],[27.805,43.147],[27.847,42.756],[27.514,42.626],[27.495,42.431],[27.796,42.236],[27.784,42.106],[28.004,41.911],[27.979,41.652],[28.218,41.652],[28.279,41.457],[28.505,41.327],[28.976,41.263],[28.963,41.133],[30.479,41.198],[30.624,41.068],[31.18,41.068],[31.534,41.392],[32.027,41.522],[32.042,41.652],[32.193,41.587],[32.695,41.782],[32.631,41.911],[34.785,41.911],[34.882,42.041],[35.121,42.041],[35.157,41.717],[35.954,41.717],[36.209,41.263],[36.775,41.327],[37.065,41.133],[37.233,41.198],[37.215,41.068],[37.771,41.068],[37.831,40.938],[38.158,41.003],[38.298,40.874],[38.783,40.938],[39.051,41.133],[39.736,40.938],[40.37,40.938],[40.391,41.068],[40.539,41.003],[41.047,41.198],[41.159,41.392],[41.307,41.327],[41.408,41.457],[41.567,41.457],[41.815,41.976],[41.735,41.976],[41.758,42.106],[41.598,42.106],[41.701,42.236],[41.483,42.366],[41.609,42.626],[41.334,42.886],[41.173,42.886],[41.116,43.017],[40.817,43.147],[40.416,43.147],[40.219,43.407],[39.978,43.407],[40.081,43.538],[40.161,43.538],[40.599,43.277],[41.001,43.277],[41.208,43.082],[41.666,42.951],[41.803,42.821],[41.78,42.691],[41.998,42.561],[42.01,41.717],[41.705,41.327],[41.625,41.327],[41.614,41.263],[41.535,41.263],[41.45,40.744],[40.953,40.614],[40.398,40.096],[38.79,39.902],[38.93,39.773],[38.745,39.579],[38.954,39.385],[38.726,38.868],[38.962,38.868],[39.25,38.674],[39.232,38.545],[39.511,38.287],[39.415,38.158],[39.46,37.9],[39.122,37.706],[38.349,37.771],[38.333,37.642],[37.989,37.384],[37.958,37.126],[38.176,36.997],[38.133,35.966],[38.428,35.838],[39.497,35.709],[39.938,35.516],[40.062,35.258],[40.278,35.13],[40.263,35.001],[40.479,34.872],[40.55,34.165],[40.473,34.165],[40.311,34.1],[40.403,34.229],[39.509,34.486],[39.124,34.486],[38.479,34.229],[37.073,33.264],[37.054,33.072],[36.901,33.072],[36.717,32.75],[36.751,32.3],[36.516,32.236],[36.656,32.107],[36.492,31.979],[36.463,31.658],[36.387,31.658],[36.423,31.208],[36.271,31.208],[36.401,30.951],[36.156,30.758],[35.942,29.987],[35.866,29.987],[35.826,29.472],[35.958,29.215],[35.858,28.894],[36.401,28.058],[36.552,28.058],[36.689,27.865],[37.127,27.672],[37.26,27.415],[37.481,27.351],[37.472,27.222],[37.769,27.158],[38.051,26.901],[38.206,26.965],[38.197,26.837],[38.493,26.772],[38.484,26.644],[38.701,26.515],[38.692,26.387],[38.304,26.194],[37.826,25.744],[37.057,25.422],[36.773,25.679],[36.717,26.001],[36.429,26.194],[36.027,26.965],[35.672,27.287],[35.409,27.865],[35.049,28.122],[34.593,28.058],[34.605,28.251],[34.854,28.572],[34.913,29.408],[34.752,29.279],[34.517,28.058],[34.358,27.93],[34.346,27.737],[34.12,27.737],[33.617,28.122],[33.554,28.315],[33.403,28.315],[33.189,28.508],[33.147,29.022],[32.857,29.215],[32.589,29.729],[32.602,29.922],[32.442,29.794],[32.689,28.958],[32.836,28.894],[33.105,28.38],[33.609,27.994],[33.585,27.608],[33.799,27.415],[33.927,27.029],[34.073,26.965],[34.051,26.579],[34.197,26.515],[34.461,25.872],[34.608,25.808],[35.146,24.651],[35.86,24.008],[35.854,23.879],[35.559,23.943],[35.553,23.815],[35.108,23.879],[33.756,23.686],[33.682,23.686],[33.389,23.815],[32.041,23.686],[31.67,23.751],[30.537,23.365],[30.463,23.365],[30.395,23.558],[30.104,23.751],[30.109,23.879],[29.959,23.879],[29.673,24.201],[28.569,24.651],[28.289,25.165],[28.244,25.936],[28.345,26.579],[28.27,26.579],[28.154,27.351],[27.937,27.544],[27.711,27.544],[27.792,27.672],[27.43,27.994],[27.276,27.93],[27.285,28.122],[27.14,28.251],[25.586,28.958],[25.373,29.279],[25.147,29.279],[25.001,29.408],[24.847,29.344],[24.779,29.537],[24.33,29.665],[23.962,29.922],[23.51,29.987],[22.916,30.308],[22.762,30.244],[22.767,30.372],[21.939,30.565],[20.952,30.565],[18.735,29.987],[17.905,30.179],[16.701,30.694],[15.49,30.951],[15.184,30.886],[15.187,31.079],[14.584,31.529],[14.586,31.658],[14.284,31.915],[13.6,32.172],[13.066,32.172],[13.067,32.3],[11.768,32.3],[11.768,32.429],[11.539,32.429],[11.463,32.557],[11.31,32.493],[11.157,32.686],[10.392,33.007],[10.009,33.007],[10.085,33.136],[9.625,33.136],[9.547,33.329],[9.624,33.457],[9.316,33.586],[9.238,33.843],[9.083,33.907],[9.083,34.036],[8.929,34.036],[8.928,34.165],[8.311,34.293],[8.081,34.229],[8.002,34.422],[7.615,34.551],[7.153,34.486],[6.92,34.615],[6.459,34.551],[6.148,34.679],[5.377,34.679],[5.149,34.551],[4.454,34.615],[3.843,34.422],[3.456,34.486],[2.921,34.358],[2.45,34.615],[1.294,34.615],[0.685,34.422],[0.451,34.486],[0.303,34.358],[-1.237,34.358],[-1.305,34.165],[-1.539,34.229],[-1.61,34.1],[-1.693,34.229],[-2.001,34.229],[-3.763,34.1],[-4.141,33.972],[-4.21,33.843],[-4.367,33.907],[-5.039,33.586],[-5.274,33.65],[-5.799,33.457],[-6.033,33.522],[-6.634,33.329],[-6.703,33.2],[-6.937,33.264],[-7.528,32.943],[-8.064,32.943],[-8.154,33.136],[-8.47,33.264],[-8.403,33.393],[-7.13,33.843],[-7.062,33.972],[-6.904,33.907],[-6.614,34.165],[-6.7,34.293],[-6.473,34.358],[-6.482,34.486],[-6.332,34.551],[-6.277,34.872],[-6.2,34.872],[-6.291,35.065],[-6.132,35.001],[-6.145,35.194],[-6,35.323],[-5.877,35.773],[-5.339,35.838],[-5.24,35.516],[-4.755,35.194],[-3.132,35.194],[-2.982,35.258],[-2.993,35.451],[-2.838,35.451],[-2.82,35.13],[-2.662,35.065],[-1.89,35.065],[-1.591,35.258],[-1.359,35.258],[-1.136,35.451],[-1.224,35.645],[-1.066,35.58],[-0.917,35.709],[-0.53,35.709],[-0.459,35.838],[0.084,35.838],[0.376,36.224],[0.684,36.288],[0.678,36.417],[0.914,36.353],[1.216,36.546],[1.53,36.482],[2.377,36.675],[2.69,36.61],[2.841,36.739],[3.23,36.739],[3.459,36.868],[3.85,36.804],[4.235,36.933],[4.859,36.868],[5.098,36.675],[5.564,36.675],[5.639,36.804],[6.106,36.804],[6.103,36.933],[6.334,37.062],[6.805,36.868],[7.194,36.868],[7.346,37.062],[7.502,37.062],[7.738,36.868],[8.516,36.868],[8.903,37.126],[9.059,37.062],[9.37,37.255],[9.759,37.319],[9.993,37.19],[10.227,37.255],[10.228,37.062],[10.305,37.062],[10.228,36.804],[10.462,36.739],[11.006,36.997],[11.006,36.804],[10.462,36.417],[10.54,36.353],[10.464,35.902],[10.696,35.709],[10.851,35.773],[10.928,35.58],[11.083,35.58],[11.083,35.387],[11.006,35.387],[11.083,35.001],[10.851,34.937],[10.851,34.808],[10.543,34.551],[10.004,34.293],[10.082,34.229],[10.006,33.907],[10.237,33.715],[10.544,33.715],[10.698,33.522],[11.082,33.586],[11.158,33.2],[11.464,33.2],[12.229,32.814],[12.612,32.879],[12.535,32.75],[12.841,32.75],[12.842,32.879],[13.302,32.943],[13.454,32.814],[13.761,32.879],[13.759,32.75],[14.065,32.75],[14.444,32.493],[14.675,32.557],[14.749,32.429],[15.055,32.429],[15.282,32.3],[15.425,31.658],[15.576,31.593],[15.649,31.4],[16.179,31.208],[16.864,31.208],[17.847,30.951],[18.222,30.758],[18.592,30.372],[18.896,30.372],[18.969,30.244],[19.655,30.372],[19.964,30.565],[19.968,30.694],[20.202,30.886],[20.134,31.143],[20.214,31.272],[19.996,31.593],[20.089,32.107],[20.017,32.236],[20.246,32.236],[20.331,32.493],[20.482,32.429],[20.563,32.557],[20.716,32.557],[20.644,32.686],[20.871,32.622],[21.108,32.814],[21.412,32.75],[21.879,32.943],[23.089,32.622],[23.081,32.429],[23.231,32.365],[23.149,32.236],[23.299,32.172],[23.68,32.172],[24.129,31.979],[24.892,31.979],[25.112,31.786],[25.102,31.593],[25.248,31.465],[26.848,31.465],[27.297,31.336],[27.515,31.143],[28.496,31.015],[28.865,30.822],[29.397,30.822],[29.485,31.015],[29.633,30.951],[29.87,31.079],[29.802,31.208],[29.882,31.272],[30.339,31.272],[30.271,31.4],[30.352,31.465],[30.809,31.465],[30.966,31.529],[30.975,31.658],[31.203,31.658],[31.118,31.529],[31.266,31.465],[31.875,31.465],[31.781,31.208],[31.937,31.272],[32,31.079],[32.304,31.079],[32.237,31.208],[32.389,31.208],[32.532,31.079],[32.765,31.143],[32.832,31.015],[33.983,31.143],[34.297,31.272],[34.308,31.4],[34.547,31.529],[34.639,31.722],[34.573,31.85],[34.813,31.979],[34.77,32.365],[35.022,32.622],[35.056,33.007],[35.215,33.072],[35.398,33.393],[35.346,33.65],[35.499,33.65],[35.447,33.907],[35.684,33.972],[35.644,34.358],[35.792,34.293],[36.049,34.551],[36.068,34.744],[35.927,34.872],[35.96,35.194],[35.882,35.194],[35.993,35.516],[35.845,35.58],[35.99,36.224],[35.842,36.288],[36.265,36.61],[36.286,36.804],[36.145,36.933],[35.834,36.933],[35.488,36.61],[35.113,36.739],[34.95,36.675],[34.893,36.868],[34.582,36.868],[34.251,36.675],[33.979,36.288],[33.274,36.224],[32.713,36.031],[32.558,36.031],[32.499,36.224],[32.068,36.61],[31.086,36.933],[30.619,36.933],[30.492,36.353],[30.026,36.353],[29.938,36.224],[29.24,36.224],[29.125,36.739],[28.736,36.739],[28.591,36.868],[28.357,36.868],[28.187,36.675],[28.031,36.675],[28.138,37.062],[28.065,37.126],[27.598,37.126],[27.539,37.384],[27.223,37.319],[27.31,37.448],[27.163,37.577],[27.256,37.771],[27.178,37.771],[27.275,38.029],[26.889,38.093],[26.82,38.222],[26.429,38.222],[26.384,38.674],[26.536,38.61],[26.595,38.351],[27.065,38.351],[27.08,38.545],[26.849,38.61],[26.958,38.997],[26.879,38.997],[26.894,39.191],[26.742,39.256],[26.847,39.579],[26.132,39.514],[26.272,40.291],[26.605,40.485],[26.684,40.485],[26.673,40.355],[27.47,40.42],[27.538,40.291],[27.696,40.291],[27.792,40.485],[27.95,40.485],[27.939,40.355],[29.046,40.355],[28.9,40.485],[28.913,40.614],[29.48,40.744],[29.493,40.874],[29.249,40.809],[29.103,40.938],[29.116,41.068],[28.633,41.003],[28.169,41.133],[28.077,41.003],[27.527,41.068],[27.017,40.679],[26.921,40.485],[26.626,40.744],[26.14,40.614],[26.082,40.874],[25.378,41.003],[24.347,41.003],[24.011,40.744],[23.698,40.809],[23.685,40.614],[23.839,40.55],[23.737,40.226],[23.267,40.291],[22.884,40.485],[22.892,40.614],[22.655,40.614],[22.56,40.355],[22.544,40.096],[22.702,40.096],[22.611,39.902],[23.135,39.45],[22.816,39.385],[22.797,39.062],[23.116,39.126],[23.108,38.997],[23.344,38.997],[23.493,38.868],[23.332,38.803],[23.025,38.933],[22.936,38.739],[23.167,38.674],[23.313,38.481],[23.626,38.481],[23.563,38.739],[24.03,38.674],[24.179,38.545],[24.159,38.222],[24.002,38.222],[23.979,37.835],[23.443,38.029],[23.208,38.029],[23.201,37.9],[23.044,37.9],[23.108,37.642],[23.342,37.642],[23.402,37.319],[23.169,37.319],[23.176,37.448],[22.949,37.577],[22.714,37.577],[22.701,37.319],[22.853,37.255],[23.056,36.675],[22.833,36.868],[22.599,36.868],[22.512,36.675],[22.356,36.675],[22.22,37.062],[21.909,37.062],[21.899,36.868],[21.744,36.868],[21.681,37.19],[21.603,37.19],[21.697,37.513],[21.244,37.835],[21.416,38.158],[21.729,38.158],[21.738,38.351],[21.193,38.416],[20.974,38.739],[20.741,38.803],[20.911,39.062],[20.297,39.385],[20.155,39.708],[19.912,39.579],[19.758,39.644],[19.764,39.773],[20,39.773],[20.009,39.967],[19.63,40.291],[19.471,40.291],[19.486,40.614],[19.249,40.614],[19.255,40.744],[19.498,40.874],[19.438,41.263],[19.523,41.392],[19.444,41.392],[19.53,41.522],[19.45,41.522],[19.542,41.782],[18.852,42.366],[18.143,42.626],[17.992,42.821],[17.593,42.886],[17.508,42.756],[17.516,42.951],[17.355,42.951],[17.365,43.212],[17.122,43.147],[17.051,43.407],[16.727,43.342],[16.734,43.538],[16.575,43.603],[15.927,43.472],[16.012,43.603],[15.857,43.798],[15.695,43.798],[15.619,43.929],[15.375,43.863],[15.459,43.994],[15.219,44.059],[15.147,44.385],[14.909,44.581],[14.919,44.973],[14.516,45.104],[14.603,45.366],[14.196,45.366],[14.189,45.039],[13.946,45.039],[13.943,44.908],[13.781,44.908],[13.706,45.235],[13.544,45.3],[13.547,45.497],[13.71,45.497],[13.715,45.759],[13.39,45.824],[13.145,45.824],[13.06,45.628],[12.817,45.693],[12.652,45.562],[12.163,45.497],[12.16,45.17],[12.403,45.039],[12.4,44.777],[12.157,44.843],[12.154,44.451],[12.313,44.19],[12.873,43.798],[13.036,43.863],[13.034,43.733],[13.355,43.668],[13.673,43.407],[13.747,43.082],[13.985,42.951],[13.901,42.756],[14.056,42.496],[14.371,42.236],[14.531,42.236],[14.608,42.106],[14.769,42.171],[14.766,42.041],[14.924,41.976],[15.165,42.041],[15.241,41.911],[16.119,41.911],[16.115,41.782],[15.874,41.717],[15.944,41.392],[17.203,41.003],[17.511,40.744],[17.981,40.614],[18.438,40.161],[18.349,39.902],[18.112,39.902],[17.813,40.355],[17.418,40.355],[17.345,40.55],[17.028,40.55],[16.868,40.485],[16.945,40.42],[16.862,40.291],[16.624,40.291],[16.697,40.096],[16.457,39.967],[16.447,39.644],[16.916,39.514],[17.07,39.385],[17.138,39.062],[16.502,38.803],[16.492,38.416],[15.933,37.964],[15.698,37.964],[15.624,38.158],[15.389,38.158],[15.066,37.642],[15.059,37.255],[15.214,37.19],[15.05,36.739],[14.661,36.739],[14.278,37.126],[13.578,37.255],[13.192,37.577],[12.49,37.706],[12.492,37.9],[12.65,38.093],[13.04,38.029],[13.12,38.158],[13.355,38.158],[13.665,37.964],[14.056,37.964],[15.862,38.287],[15.95,38.674],[16.265,38.739],[16.27,38.933],[16.117,39.062],[15.899,39.773],[15.666,39.902],[15.748,40.032],[15.432,40.032],[15.199,40.226],[15.041,40.226],[14.893,40.679],[14.418,40.679],[14.422,40.874],[14.105,40.874],[13.951,41.133],[13.792,41.133],[13.715,41.263],[13,41.327],[12.922,41.457],[12.605,41.522],[12.131,41.911],[12.132,42.041],[11.813,42.106],[11.655,42.366],[11.495,42.301],[11.415,42.431],[11.255,42.431],[11.176,42.626],[11.016,42.626],[11.016,42.821],[10.535,43.082],[10.212,43.994],[9.889,43.994],[9.97,44.124],[9.727,44.124],[9.159,44.451],[8.432,44.385],[8.034,43.929],[7.15,43.733],[6.993,43.538],[6.673,43.472],[6.518,43.212],[6.278,43.147],[5.796,43.147],[5.632,43.277],[5.391,43.277],[5.387,43.407],[5.063,43.472],[4.178,43.472],[4.173,43.603],[3.851,43.603],[3.617,43.407],[3.14,43.277],[2.985,43.147],[3.01,42.561],[3.178,42.366],[3.117,41.911],[2.573,41.587],[2.334,41.587],[2.107,41.327],[1.238,41.198],[0.696,40.938],[0.709,40.679],[0.248,40.42],[0.183,40.161],[-0.126,40.032],[-0.345,39.708],[-0.314,39.126],[0.099,38.739],[-0.661,38.287],[-0.803,38.029],[-0.705,37.642],[-1.709,37.448],[-1.623,37.319],[-1.857,37.319],[-2.062,36.804],[-2.532,36.868],[-2.68,36.739],[-4.469,36.739],[-4.689,36.546],[-5.228,36.482],[-5.288,36.224],[-5.662,36.031],[-5.831,36.224],[-6.064,36.224],[-6.33,36.675],[-6.35,36.933],[-6.588,36.997],[-6.842,37.255],[-7.465,37.255],[-7.455,37.126],[-7.678,36.997],[-8.701,37.126],[-9.001,36.997],[-8.897,37.577],[-8.819,37.577],[-8.823,38.481],[-9.209,38.416],[-9.233,38.674],[-9.384,38.61],[-9.553,38.739],[-9.572,38.933],[-9.427,39.062],[-9.387,39.45],[-9.157,39.514],[-9.104,39.773],[-9.025,39.773],[-8.925,40.355],[-8.846,40.355],[-8.872,40.614],[-8.727,40.744],[-8.956,42.171],[-8.657,42.366],[-9.079,42.561],[-9.1,42.756],[-9.275,42.886],[-9.305,43.147],[-9.159,43.277],[-8.852,43.407],[-8.369,43.407],[-8.39,43.603],[-8.244,43.733],[-7.276,43.733],[-7.343,43.603],[-7.176,43.538],[-5.733,43.603],[-4.99,43.407],[-3.467,43.472],[-3.296,43.342],[-1.688,43.342],[-1.388,43.668],[-1.349,44.255],[-1.268,44.255],[-1.286,44.516],[-1.205,44.516],[-1.252,45.17],[-1.171,45.17],[-1.189,45.431],[-1.031,45.497],[-1.045,45.693],[-1.213,45.759],[-1.141,45.89],[-1.223,45.89],[-1.252,46.283],[-1.666,46.349],[-2.014,46.612],[-2.025,46.743],[-2.194,46.809],[-2.139,47.137],[-2.232,47.269],[-2.562,47.269],[-2.578,47.466],[-2.826,47.466],[-2.837,47.598],[-3.156,47.466],[-3.344,47.73],[-3.757,47.73],[-3.935,47.862],[-4.424,47.796],[-4.692,47.994],[-4.705,48.126],[-4.546,48.192],[-4.643,48.324],[-4.891,48.324],[-4.912,48.522],[-4.6,48.72],[-3.852,48.72],[-3.455,48.919],[-3.122,48.919],[-2.759,48.588],[-2.522,48.72],[-1.602,48.654],[-1.718,49.051],[-1.635,49.051],[-1.652,49.25],[-1.913,49.383],[-2.032,49.781],[-1.362,49.781],[-1.251,49.449],[0.007,49.383],[-0.012,49.648],[0.224,49.847],[1.053,49.98],[1.455,50.246],[1.425,50.712],[1.656,51.046],[2.578,51.179],[2.739,51.313],[3.41,51.447],[3.399,51.647],[3.739,51.647],[3.647,51.781],[3.98,51.915],[4.056,52.116],[4.232,51.982],[4.573,51.982],[5.248,52.116],[5.934,51.982],[6.369,51.647],[6.539,51.647],[6.541,51.58],[6.885,51.38],[7.065,50.979],[7.319,50.912],[7.24,50.712],[7.41,50.645]]],[[[20.699,37.9],[20.934,37.9],[20.922,37.642],[20.613,37.706],[20.621,37.9],[20.699,37.9]]],[[[20.328,38.351],[20.488,38.416],[20.566,38.416],[20.795,38.287],[20.786,38.093],[20.32,38.158],[20.328,38.351]]],[[[1.274,38.803],[1.183,39.062],[1.259,39.126],[1.337,39.126],[1.652,39.126],[1.658,38.997],[1.431,38.803],[1.274,38.803]]],[[[20.07,39.579],[20.073,39.644],[20.152,39.644],[20.149,39.579],[20.07,39.579]]],[[[2.824,39.32],[2.659,39.514],[2.346,39.45],[2.338,39.644],[2.877,39.967],[2.956,39.967],[3.193,39.967],[3.198,39.838],[3.516,39.773],[3.296,39.32],[2.824,39.32]]],[[[3.82,40.096],[4.215,40.096],[4.302,39.838],[3.827,39.902],[3.741,40.096],[3.82,40.096]]],[[[9.665,40.291],[9.747,39.644],[9.669,39.644],[9.593,39.126],[9.12,39.191],[8.966,38.868],[8.73,38.868],[8.336,38.997],[8.412,39.256],[8.333,39.256],[8.33,39.514],[8.409,39.514],[8.483,39.902],[8.325,39.967],[8.4,40.291],[8.321,40.291],[8.319,40.485],[8.16,40.55],[8.155,40.938],[8.552,40.874],[9.025,41.263],[9.104,41.263],[9.502,41.198],[9.822,40.744],[9.823,40.355],[9.665,40.291]]],[[[9.578,41.976],[9.498,41.976],[9.499,41.782],[9.262,41.392],[9.104,41.327],[8.784,41.522],[8.782,41.717],[8.623,41.717],[8.7,41.911],[8.539,42.106],[8.535,42.496],[8.773,42.691],[9.173,42.756],[9.251,43.017],[9.331,43.017],[9.492,43.017],[9.493,42.756],[9.574,42.756],[9.578,41.976]]],[[[10.134,42.886],[10.214,42.886],[10.455,42.886],[10.455,42.691],[10.215,42.691],[10.134,42.886]]],[[[14.35,44.973],[14.511,44.908],[14.502,44.516],[14.261,44.581],[14.269,44.973],[14.35,44.973]]],[[[19.004,45.497],[19.007,45.562],[19.089,45.562],[19.086,45.497],[19.004,45.497]]],[[[19.166,47.072],[19.084,47.072],[19.087,47.137],[19.169,47.137],[19.166,47.072]]],[[[16.989,48.192],[16.907,48.192],[16.909,48.258],[16.992,48.258],[16.989,48.192]]],[[[16.909,48.258],[16.826,48.258],[16.829,48.324],[16.912,48.324],[16.909,48.258]]],[[[6.193,51.848],[6.191,51.915],[6.276,51.915],[6.278,51.848],[6.193,51.848]]],[[[0.166,52.855],[0.337,52.855],[0.493,53.057],[1.094,53.057],[1.532,52.923],[1.717,52.721],[1.739,52.385],[1.654,52.385],[1.586,52.116],[1.425,51.982],[1.17,51.982],[1.184,51.781],[0.844,51.781],[0.863,51.513],[0.524,51.513],[1.381,51.38],[1.314,51.112],[0.493,50.779],[-1.368,50.845],[-1.109,50.779],[-1.177,50.579],[-1.513,50.579],[-1.525,50.712],[-2.608,50.579],[-2.789,50.712],[-3.126,50.712],[-3.457,50.645],[-3.585,50.246],[-4.089,50.246],[-4.187,50.379],[-4.355,50.379],[-4.929,50.246],[-5.151,49.98],[-5.746,50.046],[-5.769,50.246],[-5.28,50.379],[-5.134,50.579],[-4.881,50.579],[-4.819,50.779],[-4.658,50.845],[-4.68,51.046],[-4.426,51.046],[-4.202,51.313],[-3.095,51.246],[-3.108,51.38],[-2.945,51.447],[-3.121,51.513],[-3.277,51.38],[-3.701,51.38],[-3.892,51.58],[-4.308,51.513],[-4.415,51.714],[-5.079,51.58],[-5.264,51.714],[-5.219,52.049],[-4.553,52.183],[-4.157,52.452],[-4.295,52.923],[-4.794,52.788],[-4.81,52.923],[-4.49,53.125],[-4.67,53.192],[-4.702,53.462],[-4.271,53.462],[-4.076,53.26],[-3.153,53.462],[-3.095,53.732],[-3.196,53.868],[-2.966,54.138],[-3.305,54.071],[-3.319,54.206],[-3.587,54.274],[-3.72,54.681],[-3.569,54.885],[-2.895,55.089],[-2.822,55.225],[-2.379,55.157],[-1.613,55.362],[-1.286,54.681],[-0.671,54.613],[-0.202,54.206],[-0.18,53.935],[0.004,53.8],[0.01,53.732],[0.118,53.462],[0.295,53.395],[0.316,53.125],[0.07,52.99],[0.166,52.855]]],[[[38.131,26.965],[38.056,26.965],[38.06,27.029],[38.135,27.029],[38.131,26.965]]],[[[37.914,27.094],[37.839,27.094],[37.844,27.158],[37.919,27.158],[37.914,27.094]]],[[[34.087,35.001],[33.695,34.937],[33.523,34.744],[33.132,34.679],[33.044,34.551],[32.367,34.744],[32.229,34.937],[32.246,35.13],[32.555,35.13],[32.875,35.258],[32.887,35.387],[33.737,35.387],[34.31,35.709],[34.387,35.709],[34.542,35.709],[34.529,35.58],[33.957,35.258],[34.087,35.001]]],[[[24.301,35.323],[25.692,35.323],[25.681,35.13],[26.225,35.194],[26.14,35.065],[24.824,35.001],[24.757,35.194],[24.526,35.194],[24.448,35.194],[23.679,35.258],[23.615,35.516],[24.157,35.516],[24.15,35.387],[24.301,35.323]]],[[[28.017,36.482],[28.095,36.482],[28.25,36.482],[28.139,36.031],[27.743,35.902],[27.693,36.288],[28.017,36.482]]],[[[27.117,36.933],[27.185,36.804],[26.865,36.675],[27.039,36.933],[27.117,36.933]]],[[[25.339,37.126],[25.417,37.126],[25.573,37.126],[25.564,36.997],[25.331,36.997],[25.339,37.126]]],[[[24.361,37.706],[24.432,37.577],[24.272,37.513],[24.201,37.642],[24.283,37.706],[24.361,37.706]]],[[[25.064,37.706],[25.22,37.706],[25.286,37.513],[25.052,37.513],[24.986,37.706],[25.064,37.706]]],[[[26.08,37.706],[26.158,37.706],[26.314,37.706],[26.305,37.577],[25.988,37.513],[26.08,37.706]]],[[[24.694,38.029],[24.772,38.029],[25.068,37.771],[24.83,37.706],[24.682,37.835],[24.694,38.029]]],[[[25.899,38.481],[25.821,38.481],[25.913,38.674],[25.991,38.674],[26.217,38.545],[26.111,38.158],[25.876,38.158],[25.899,38.481]]],[[[23.563,38.739],[23.485,38.739],[23.489,38.803],[23.567,38.803],[23.563,38.739]]],[[[24.444,38.997],[24.675,38.933],[24.662,38.739],[24.357,38.868],[24.365,38.997],[24.444,38.997]]],[[[26.094,38.997],[26.103,39.126],[25.793,39.191],[26.044,39.385],[26.123,39.385],[26.511,39.32],[26.644,38.997],[26.246,38.933],[26.094,38.997]]],[[[25.067,40.032],[25.146,40.032],[25.462,40.032],[25.447,39.838],[24.974,39.838],[25.067,40.032]]],[[[25.719,40.291],[25.798,40.291],[26.035,40.291],[26.025,40.161],[25.704,40.096],[25.719,40.291]]],[[[24.57,40.809],[24.808,40.809],[24.794,40.614],[24.551,40.55],[24.491,40.809],[24.57,40.809]]],[[[27.13,46.94],[27.136,47.006],[27.219,47.006],[27.212,46.94],[27.13,46.94]]]]}},{"type":"Feature","id":"cliopatria-f9af2210fd9cb3ac826f9e96","properties":{"NAME":"Han Dynasty","ABBREVN":null,"CONTROL":null,"SUBJECTO":"Han Dynasty","PARTOF":null,"BORDERPRECISION":1,"FromYear":106,"ToYear":116,"Area":4425439.803547057,"Type":"POLITY","Wikipedia":"Han dynasty","Wikidata":"Q1068371","SeshatID":"cn_eastern_han_dyn","Components":"","MemberOf":"","sourceFeatureId":"cliopatria-f9af2210fd9cb3ac826f9e96","datasetId":"cliopatria"},"geometry":{"type":"MultiPolygon","coordinates":[[[[110.179,18.479],[109.862,18.35],[109.841,18.222],[109.25,18.222],[109.123,18.35],[108.765,18.415],[108.638,18.543],[108.704,19.379],[109.203,19.701],[109.246,19.958],[110.157,20.086],[110.591,20.022],[110.613,20.151],[110.909,20.151],[111.087,19.893],[111.032,19.572],[110.884,19.572],[110.851,19.379],[110.681,19.251],[110.508,18.672],[110.19,18.543],[110.179,18.479]]],[[[125.835,37.9],[125.678,37.9],[125.387,37.642],[125.231,37.642],[125.298,37.771],[125.209,37.9],[124.897,37.9],[125.077,38.093],[124.764,38.093],[124.866,38.287],[124.788,38.287],[124.961,38.61],[125.153,38.674],[125.189,38.739],[125.032,38.739],[125.39,39.385],[125.306,39.514],[124.87,39.579],[124.865,39.708],[124.512,39.644],[124.345,39.902],[124.034,39.773],[123.597,39.838],[122.936,39.644],[122.17,39.256],[121.952,38.997],[121.716,38.997],[121.422,38.739],[121.029,38.739],[121.201,39.062],[121.515,39.062],[121.69,39.385],[121.297,39.385],[121.21,39.514],[121.281,39.644],[121.438,39.644],[121.503,39.902],[121.776,39.967],[122.231,40.485],[122.106,40.679],[121.827,40.744],[121.824,40.874],[121.11,40.874],[120.997,40.679],[120.647,40.485],[120.5,40.226],[119.38,39.773],[119.215,39.32],[118.989,39.191],[118.45,39.062],[118.057,39.062],[118.046,39.191],[117.776,39.126],[117.576,38.739],[117.655,38.739],[117.602,38.481],[117.759,38.481],[117.773,38.351],[118.054,38.287],[118.067,38.158],[118.583,38.093],[118.648,38.222],[118.804,38.222],[118.772,38.158],[119.457,37.964],[119.393,37.835],[119.237,37.835],[118.984,37.319],[119.14,37.319],[119.156,37.19],[119.701,37.19],[119.827,37.448],[120.202,37.577],[120.188,37.706],[120.754,37.9],[121.112,37.835],[121.171,37.642],[121.483,37.642],[121.497,37.513],[122.154,37.577],[122.121,37.513],[122.713,37.448],[122.474,37.126],[122.566,36.997],[122.394,36.804],[121.912,36.933],[121.212,36.61],[120.979,36.61],[120.965,36.417],[120.732,36.417],[120.659,36.095],[120.318,36.031],[119.986,35.645],[119.619,35.516],[119.228,34.808],[119.459,34.808],[119.431,34.744],[119.711,34.679],[119.732,34.551],[120.342,34.358],[120.489,34.165],[120.55,33.586],[120.926,33.2],[120.919,32.622],[121.403,32.493],[121.503,32.172],[121.961,31.979],[121.937,31.722],[121.836,31.658],[121.301,31.85],[120.919,31.85],[121.454,31.658],[121.481,31.529],[121.634,31.529],[121.584,31.4],[121.737,31.4],[121.995,31.079],[121.899,30.822],[121.519,30.822],[121.197,30.565],[121.045,30.565],[120.68,30.179],[120.809,30.115],[121.105,30.308],[121.484,30.308],[121.62,30.051],[122.03,29.922],[121.865,29.665],[122.016,29.665],[121.938,29.215],[121.712,29.215],[121.745,29.537],[121.571,29.472],[121.647,29.472],[121.539,29.151],[121.744,29.087],[121.714,28.765],[121.522,28.637],[121.652,28.572],[121.646,28.315],[121.379,28.187],[121.153,28.187],[121.193,28.315],[121.118,28.315],[121.038,28.058],[120.868,27.994],[120.715,27.737],[120.657,27.544],[120.733,27.544],[120.545,27.158],[120.395,27.158],[120.247,26.901],[120.096,26.901],[120.061,26.772],[120.211,26.772],[120.158,26.579],[119.84,26.515],[119.938,26.322],[119.587,26.129],[119.778,26.001],[119.53,25.615],[119.904,25.615],[119.872,25.486],[119.616,25.358],[119.273,25.486],[119.391,25.358],[119.344,25.165],[119.029,25.101],[119.074,24.972],[118.819,24.844],[118.76,24.586],[118.147,24.522],[118.076,24.201],[117.721,23.943],[117.694,23.815],[117.47,23.815],[117.179,23.493],[116.894,23.558],[116.78,23.365],[116.815,23.172],[116.591,23.172],[116.54,22.915],[115.696,22.786],[115.671,22.658],[115.373,22.658],[115.174,22.786],[114.902,22.529],[114.753,22.529],[114.641,22.722],[114.531,22.143],[114.37,22.079],[113.999,22.079],[113.996,22.465],[113.785,22.529],[113.747,22.722],[113.599,22.722],[113.699,22.465],[113.639,22.143],[113.416,22.143],[113.318,22.015],[113.106,22.079],[113.071,21.886],[112.774,21.886],[112.441,21.693],[111.859,21.758],[111.664,21.501],[110.984,21.436],[110.739,21.308],[110.716,21.179],[110.419,21.179],[110.483,21.115],[110.364,20.858],[110.616,20.601],[110.487,20.279],[109.883,20.215],[109.927,20.472],[109.789,20.536],[109.77,20.858],[109.696,20.858],[109.87,21.436],[109.807,21.501],[109.116,21.372],[109.086,21.629],[108.652,21.693],[108.555,21.565],[107.79,21.436],[107.417,20.986],[106.961,20.922],[106.834,20.601],[106.685,20.601],[106.537,20.151],[105.965,19.829],[105.734,18.865],[106.051,18.543],[106.031,18.415],[106.178,18.415],[106.295,18.222],[106.57,18.093],[106.571,17.643],[106.772,17.515],[106.752,17.386],[107.026,17.258],[106.765,17],[106.534,16.936],[105.144,18.415],[105.185,18.672],[105.037,18.672],[105.142,18.865],[105.015,18.993],[105.014,19.443],[104.94,19.443],[104.992,19.765],[104.865,19.893],[104.981,20.151],[104.44,20.472],[104.619,20.665],[104.905,20.601],[104.873,20.858],[105.096,20.858],[104.851,21.179],[104.979,21.501],[104.926,21.629],[105.096,21.758],[105.128,21.951],[104.874,22.208],[105.249,22.658],[105.175,22.658],[105.22,22.915],[105.117,23.172],[104.956,23.108],[104.905,23.236],[102.99,23.365],[101.811,24.265],[101.462,25.165],[101.398,25.936],[101.196,26.387],[101.09,27.544],[101.014,27.544],[101.05,27.994],[100.915,28.058],[101.039,28.251],[100.964,28.251],[101.03,28.508],[100.955,28.508],[101.022,28.765],[100.881,29.087],[100.951,29.344],[100.875,29.344],[100.964,29.665],[100.889,29.665],[100.961,29.922],[100.885,29.922],[100.978,30.244],[100.902,30.244],[101.015,30.629],[100.939,30.629],[101.055,31.015],[100.979,31.015],[101.44,32.236],[101.687,32.75],[101.883,32.879],[102.552,33.264],[103.21,33.393],[103.493,33.972],[103.355,34.229],[103.527,34.486],[103.45,34.486],[103.735,35.451],[103.63,35.58],[103.649,36.224],[103.467,36.353],[103.518,36.482],[103.389,36.546],[103.44,36.675],[103.311,36.739],[103.363,36.868],[103.208,37.062],[102.871,37.19],[102.611,37.126],[102.586,37.255],[102.171,37.384],[102.172,37.577],[102.043,37.642],[102.096,37.771],[101.755,37.513],[101.601,37.706],[101.315,37.771],[101.29,37.9],[100.796,38.029],[100.799,38.222],[100.642,38.222],[100.414,38.61],[100.199,38.287],[99.862,38.416],[99.379,39.126],[99.092,39.191],[99.12,39.256],[98.958,39.062],[98.384,39.191],[98.117,38.933],[97.96,38.933],[97.857,39.062],[97.492,39.126],[97.468,39.256],[96.763,39.45],[96.681,39.256],[96.76,39.256],[96.678,39.062],[96.757,39.062],[96.677,38.868],[96.755,38.868],[96.649,38.61],[96.414,38.61],[96.31,38.739],[95.682,38.933],[95.319,39.385],[94.977,39.32],[94.506,39.514],[93.955,39.514],[93.088,39.32],[92.248,39.385],[91.123,39.126],[89.58,38.997],[88.746,38.868],[87.662,38.481],[86.44,38.351],[86.081,38.222],[85.813,37.9],[85.356,37.706],[85.113,37.448],[81.031,36.61],[80.371,36.997],[79.398,37.126],[79.145,37.319],[78.424,37.513],[78.386,37.642],[78.093,37.706],[77.801,38.029],[77.841,38.158],[77.667,38.351],[77.51,38.351],[77.414,38.545],[77.258,38.545],[77.025,38.803],[75.792,39.126],[73.769,39.45],[73.69,39.45],[73.395,39.514],[73.573,39.579],[73.8,40.291],[73.526,40.42],[73.489,40.55],[73.331,40.55],[73.294,40.679],[73.135,40.679],[73.099,40.809],[73.12,40.874],[73.343,41.068],[74.751,41.003],[77.35,41.392],[77.374,41.457],[77.875,41.522],[80.028,42.366],[80.108,42.366],[80.134,42.431],[80.214,42.431],[82.056,42.236],[84.108,42.756],[87.56,42.951],[92.474,42.821],[92.444,42.756],[92.944,42.626],[93.343,42.106],[93.284,41.976],[93.514,41.782],[93.455,41.652],[93.707,41.327],[93.649,41.198],[93.75,41.068],[93.909,41.068],[93.931,40.938],[94.696,40.874],[96.212,41.068],[97.214,41.003],[97.184,40.938],[97.888,40.744],[98.037,40.55],[98.274,40.55],[98.503,40.355],[98.948,40.291],[98.918,40.226],[99.284,40.161],[99.384,40.032],[100.173,40.032],[100.144,39.967],[100.381,39.967],[100.737,39.708],[101.181,39.644],[101.165,39.256],[101.559,39.256],[101.63,39.062],[102.123,38.933],[102.095,38.868],[103.132,39.256],[103.812,39.708],[104.583,39.838],[104.668,39.514],[103.939,39.126],[103.608,38.739],[104.108,38.803],[103.751,38.351],[103.88,38.287],[103.663,37.964],[103.764,37.835],[104.362,37.771],[104.541,37.642],[105.774,37.964],[107.359,37.835],[108.539,38.029],[108.51,37.964],[108.745,37.964],[108.843,37.835],[110.123,37.9],[110.094,37.835],[110.768,37.771],[110.738,37.706],[111.051,37.706],[111.021,37.642],[111.538,37.577],[111.509,37.513],[111.851,37.577],[112.698,39.191],[113.76,40.485],[114.958,40.938],[115.992,41.782],[117.338,42.171],[117.737,42.171],[117.701,41.976],[117.823,41.911],[117.708,41.717],[117.791,41.587],[118.072,41.522],[118.034,41.457],[118.47,41.522],[118.432,41.457],[118.671,41.457],[118.633,41.392],[118.83,41.457],[118.792,41.392],[119.428,41.392],[119.39,41.327],[121.021,41.263],[123.167,41.911],[123.127,41.847],[123.405,41.782],[123.365,41.717],[123.604,41.717],[123.564,41.652],[124.042,41.522],[124.002,41.457],[124.28,41.392],[124.24,41.327],[124.479,41.327],[124.439,41.263],[124.717,41.198],[124.678,41.133],[124.995,41.133],[125.433,41.327],[126.108,41.263],[126.187,41.133],[126.742,41.003],[126.623,40.679],[126.425,40.614],[126.269,40.355],[126.432,40.096],[126.709,40.032],[126.832,39.838],[126.728,39.385],[126.964,39.385],[126.854,39.191],[127.023,38.933],[126.937,38.351],[126.348,37.835],[126.27,37.835],[125.845,37.771],[125.835,37.9]]],[[[122.273,30.179],[122.28,29.987],[121.977,29.987],[122.022,30.115],[122.045,30.179],[122.273,30.179]]]]}},{"type":"Feature","id":"cliopatria-4b316179466cfcee81543fcb","properties":{"NAME":"Xianbei","ABBREVN":null,"CONTROL":null,"SUBJECTO":"Xianbei","PARTOF":null,"BORDERPRECISION":1,"FromYear":106,"ToYear":116,"Area":3439317.053651657,"Type":"POLITY","Wikipedia":"Xianbei","Wikidata":"Q861054","SeshatID":"mn_xianbei","Components":"","MemberOf":"","sourceFeatureId":"cliopatria-4b316179466cfcee81543fcb","datasetId":"cliopatria"},"geometry":{"type":"MultiPolygon","coordinates":[[[[101.027,51.58],[101.112,51.58],[101.875,51.58],[101.829,51.513],[102.123,51.447],[102.077,51.38],[102.201,51.313],[102.11,51.179],[102.353,50.912],[102.263,50.779],[102.348,50.779],[102.383,50.579],[102.76,50.512],[102.716,50.446],[102.884,50.446],[102.84,50.379],[103.177,50.379],[103.133,50.313],[103.301,50.313],[103.257,50.246],[104.181,50.246],[105.032,50.512],[106.417,50.446],[106.372,50.379],[106.792,50.379],[106.746,50.313],[107.282,50.113],[107.236,50.046],[107.823,50.046],[107.817,49.914],[107.984,49.914],[108.055,49.648],[108.345,49.582],[108.34,49.449],[109.381,49.383],[109.336,49.316],[109.753,49.316],[109.709,49.25],[110.877,49.25],[111.347,49.449],[112.86,49.582],[113.311,49.98],[114.141,50.313],[114.814,50.313],[114.764,50.246],[115.016,50.246],[114.967,50.179],[115.372,50.046],[115.323,49.98],[115.575,49.98],[115.526,49.914],[116.463,50.046],[116.413,49.98],[116.699,49.914],[116.65,49.847],[117.187,49.781],[117.138,49.714],[117.591,49.648],[117.542,49.582],[117.96,49.582],[118.325,49.847],[118.895,50.046],[119.749,49.847],[119.699,49.781],[120.034,49.781],[119.983,49.714],[120.736,49.383],[120.788,49.118],[120.954,49.118],[121.111,48.654],[121.277,48.654],[121.298,48.456],[121.486,48.258],[121.391,48.126],[121.474,48.126],[121.604,47.73],[121.769,47.73],[121.793,47.532],[122.406,47.466],[122.36,47.401],[122.89,47.335],[122.843,47.269],[123.255,47.269],[123.244,47.137],[123.526,47.072],[123.587,46.809],[123.885,46.415],[123.793,46.283],[123.911,46.218],[123.857,46.021],[124.256,45.89],[124.084,45.759],[124.166,45.759],[124.157,45.628],[124.239,45.628],[124.34,45.3],[124.503,45.3],[124.568,45.039],[124.73,45.039],[124.686,44.973],[124.84,44.843],[124.744,44.581],[124.825,44.581],[124.781,44.516],[124.898,44.451],[124.81,44.32],[124.928,44.255],[124.482,43.342],[124.6,43.277],[124.51,43.017],[124.789,42.951],[125.013,42.431],[125.093,42.431],[124.607,42.171],[123.167,41.911],[121.021,41.263],[119.39,41.327],[119.428,41.392],[118.792,41.392],[118.83,41.457],[118.633,41.392],[118.671,41.457],[118.432,41.457],[118.47,41.522],[118.034,41.457],[118.072,41.522],[117.791,41.587],[117.708,41.717],[117.823,41.911],[117.701,41.976],[117.737,42.171],[117.338,42.171],[115.992,41.782],[114.958,40.938],[113.76,40.485],[112.698,39.191],[111.851,37.577],[111.509,37.513],[111.538,37.577],[111.021,37.642],[111.051,37.706],[110.738,37.706],[110.768,37.771],[110.094,37.835],[110.123,37.9],[108.843,37.835],[108.745,37.964],[108.51,37.964],[108.539,38.029],[107.359,37.835],[105.774,37.964],[104.541,37.642],[104.362,37.771],[103.764,37.835],[103.663,37.964],[103.88,38.287],[103.751,38.351],[104.108,38.803],[103.608,38.739],[103.939,39.126],[104.668,39.514],[104.583,39.838],[103.812,39.708],[103.132,39.256],[102.095,38.868],[102.123,38.933],[101.63,39.062],[101.559,39.256],[101.165,39.256],[101.181,39.644],[100.737,39.708],[100.381,39.967],[100.144,39.967],[100.173,40.032],[99.384,40.032],[99.284,40.161],[98.918,40.226],[98.948,40.291],[98.503,40.355],[98.274,40.55],[98.037,40.55],[97.888,40.744],[97.184,40.938],[97.214,41.003],[96.212,41.068],[94.696,40.874],[93.931,40.938],[93.909,41.068],[93.75,41.068],[93.649,41.198],[93.707,41.327],[93.455,41.652],[93.514,41.782],[93.284,41.976],[93.343,42.106],[92.944,42.626],[92.444,42.756],[92.474,42.821],[87.56,42.951],[84.108,42.756],[82.056,42.236],[80.214,42.431],[80.287,42.821],[80.473,42.886],[80.471,43.082],[80.632,43.082],[80.791,43.277],[80.683,43.407],[80.735,43.538],[80.357,43.994],[80.383,44.451],[80.302,44.451],[80.41,44.712],[79.978,44.843],[79.951,44.973],[81.388,45.3],[81.93,45.235],[82.233,45.562],[82.021,45.824],[81.939,45.824],[81.619,46.218],[81.632,46.809],[81.526,46.94],[81.362,46.94],[81.285,47.137],[81.12,47.137],[81.096,47.269],[81.179,47.269],[85.324,48.192],[85.786,48.456],[86.233,48.522],[86.433,48.919],[86.985,49.184],[86.971,49.316],[87.304,49.316],[87.743,49.515],[88.077,49.515],[89.837,49.98],[90.116,50.179],[90.78,50.313],[91.063,50.512],[91.315,50.512],[91.892,50.779],[92.771,50.979],[93.272,51.246],[95.005,51.714],[98.585,52.116],[98.932,52.25],[98.886,52.183],[99.267,52.116],[99.221,52.049],[99.391,52.049],[99.346,51.982],[99.686,51.982],[99.641,51.915],[100.105,51.848],[100.06,51.781],[100.739,51.781],[100.694,51.714],[100.948,51.714],[100.903,51.647],[101.073,51.647],[101.027,51.58]]]]}},{"type":"Feature","id":"cliopatria-cabfbeb0fd5b94612ec6e6e5","properties":{"NAME":"Satavahana Dynasty","ABBREVN":null,"CONTROL":null,"SUBJECTO":"Satavahana Dynasty","PARTOF":null,"BORDERPRECISION":1,"FromYear":106,"ToYear":126,"Area":890253.6536908057,"Type":"POLITY","Wikipedia":"Satavahana dynasty","Wikidata":"Q5257","SeshatID":"in_satavahana_emp","Components":"","MemberOf":"","sourceFeatureId":"cliopatria-cabfbeb0fd5b94612ec6e6e5","datasetId":"cliopatria"},"geometry":{"type":"MultiPolygon","coordinates":[[[[80.445,24.201],[80.707,23.943],[80.856,23.943],[81.365,23.301],[82.619,22.658],[83.345,21.951],[83.519,21.565],[83.37,21.565],[83.156,21.051],[82.663,20.665],[82.459,20.215],[82.311,20.215],[82.205,19.958],[82.049,19.893],[82.001,19.508],[82.075,19.508],[82.028,19.122],[82.102,19.122],[81.906,18.736],[81.759,18.736],[81.222,17.965],[80.357,17.515],[79.531,16.743],[79.313,16.1],[79.058,15.779],[78.709,14.493],[78.268,14.493],[77.503,14.172],[77.21,14.172],[76.893,13.915],[76.441,13.786],[76.115,13.4],[75.973,13.465],[75.304,15.008],[74.967,15.329],[74.752,15.393],[74.311,15.393],[74.103,15.522],[73.802,15.458],[73.417,16.036],[73.328,16.615],[73.254,16.615],[73.253,17.322],[72.959,18.029],[72.875,19.315],[72.734,19.379],[72.761,19.636],[72.634,19.829],[72.837,20.343],[72.899,20.922],[72.563,21.243],[72.753,21.629],[72.76,21.693],[73.213,21.758],[73.472,22.079],[74.037,22.465],[74.044,22.529],[74.118,22.529],[74.126,22.593],[74.133,22.658],[74.208,22.658],[74.215,22.722],[74.59,23.365],[76.023,24.072],[76.712,24.201],[77.296,24.651],[77.847,24.844],[78.221,24.844],[78.314,24.972],[78.389,24.972],[78.576,24.715],[79.38,24.586],[80.37,24.201],[80.445,24.201]]]]}},{"type":"Feature","id":"cliopatria-9282881789ce51f98dcecb28","properties":{"NAME":"Western Satraps","ABBREVN":null,"CONTROL":null,"SUBJECTO":"Western Satraps","PARTOF":null,"BORDERPRECISION":1,"FromYear":106,"ToYear":126,"Area":327124.4000842159,"Type":"POLITY","Wikipedia":"Western Satraps","Wikidata":"Q2086608","SeshatID":"pk_western_satraps","Components":"","MemberOf":"","sourceFeatureId":"cliopatria-9282881789ce51f98dcecb28","datasetId":"cliopatria"},"geometry":{"type":"MultiPolygon","coordinates":[[[[74.037,22.465],[73.472,22.079],[73.213,21.758],[72.76,21.693],[72.686,21.693],[72.544,21.758],[72.566,21.951],[72.491,21.951],[72.527,22.272],[72.378,22.272],[72.342,21.951],[72.112,21.886],[72.173,21.758],[72.321,21.758],[72.185,21.179],[71.408,20.858],[71.321,20.729],[70.721,20.665],[70.295,20.858],[69.89,21.243],[69.903,21.372],[69.497,21.758],[69.349,21.758],[68.949,22.208],[68.977,22.465],[69.409,22.336],[69.497,22.465],[69.869,22.465],[70.263,22.658],[70.365,22.915],[69.451,22.722],[69.099,22.915],[69.025,22.915],[69.039,23.043],[69.5,23.172],[70.065,23.558],[70.424,24.072],[70.448,24.265],[70.605,24.329],[70.57,24.651],[71.086,25.165],[71.235,25.165],[71.905,25.679],[73.179,26.194],[75.2,26.644],[76.584,26.837],[77.11,26.837],[77.238,26.708],[78.236,26.837],[78.225,26.772],[78.3,26.772],[78.333,26.065],[78.323,26.001],[78.324,25.036],[78.314,24.972],[78.221,24.844],[77.847,24.844],[77.296,24.651],[76.712,24.201],[76.023,24.072],[74.59,23.365],[74.215,22.722],[74.208,22.658],[74.133,22.658],[74.126,22.593],[74.118,22.529],[74.044,22.529],[74.037,22.465]]]]}},{"type":"Feature","id":"cliopatria-386af5bdc4d4ba2901b761ac","properties":{"NAME":"Xiongnu","ABBREVN":null,"CONTROL":null,"SUBJECTO":"Xiongnu","PARTOF":null,"BORDERPRECISION":1,"FromYear":106,"ToYear":126,"Area":212177.1072299657,"Type":"POLITY","Wikipedia":"Xiongnu","Wikidata":"Q188836","SeshatID":"","Components":"","MemberOf":"","sourceFeatureId":"cliopatria-386af5bdc4d4ba2901b761ac","datasetId":"cliopatria"},"geometry":{"type":"MultiPolygon","coordinates":[[[[81.939,45.824],[82.021,45.824],[82.233,45.562],[81.93,45.235],[81.388,45.3],[79.951,44.973],[79.978,44.843],[80.41,44.712],[80.302,44.451],[80.383,44.451],[80.357,43.994],[80.735,43.538],[80.683,43.407],[80.791,43.277],[80.632,43.082],[80.471,43.082],[80.473,42.886],[80.287,42.821],[80.214,42.431],[80.134,42.431],[80.108,42.366],[80.028,42.366],[79.439,42.496],[79.409,42.626],[79.249,42.626],[79.085,42.821],[77.771,42.951],[75.822,42.886],[75.741,42.886],[75.14,43.212],[75.205,43.603],[74.795,43.798],[74.998,44.124],[74.563,44.255],[74.443,44.581],[74.281,44.581],[74.25,44.712],[73.975,44.843],[73.968,45.039],[74.13,45.039],[74.255,45.366],[74.117,45.431],[74.319,45.955],[74.753,46.021],[74.881,46.349],[75.317,46.415],[75.451,46.546],[77.391,46.48],[77.364,46.415],[77.829,46.349],[77.802,46.283],[78.975,46.349],[79.086,46.612],[79.25,46.612],[79.308,46.94],[79.772,46.874],[81.014,47.269],[81.096,47.269],[81.12,47.137],[81.285,47.137],[81.362,46.94],[81.526,46.94],[81.632,46.809],[81.619,46.218],[81.939,45.824]]]]}},{"type":"Feature","id":"cliopatria-6da2b66b34f972865c6efaeb","properties":{"NAME":"Himyarite Kingdom","ABBREVN":null,"CONTROL":null,"SUBJECTO":"Himyarite Kingdom","PARTOF":null,"BORDERPRECISION":1,"FromYear":106,"ToYear":153,"Area":149073.91458172048,"Type":"POLITY","Wikipedia":"Himyarite Kingdom","Wikidata":"Q289577","SeshatID":"","Components":"","MemberOf":"","sourceFeatureId":"cliopatria-6da2b66b34f972865c6efaeb","datasetId":"cliopatria"},"geometry":{"type":"MultiPolygon","coordinates":[[[[44.81,16.55],[45.226,16.1],[45.215,15.908],[45.366,15.972],[45.579,15.843],[46.021,15.843],[46.175,15.972],[46.396,15.972],[46.47,15.972],[46.381,15.715],[46.149,15.522],[46.58,15.329],[46.576,15.265],[46.341,15.008],[45.599,14.879],[45.816,14.815],[45.946,14.493],[46.163,14.429],[46.2,13.722],[46.047,13.593],[46.111,13.4],[46.035,13.336],[45.741,13.336],[45.054,12.757],[44.614,12.757],[44.389,12.629],[43.439,12.693],[43.447,12.886],[43.236,13.079],[43.265,13.722],[43.057,13.979],[42.953,14.879],[42.89,15.072],[42.746,15.136],[42.709,15.843],[42.782,15.843],[42.824,16.615],[42.477,17],[42.487,17.193],[42.635,17.193],[43.022,17.515],[43.033,17.708],[43.25,17.643],[43.553,17.772],[43.9,17.386],[43.818,17.258],[43.959,17.129],[43.947,16.936],[44.088,16.808],[44.312,16.872],[44.305,16.743],[44.813,16.615],[44.81,16.55]]],[[[43.893,18.543],[43.89,18.479],[43.816,18.479],[43.742,18.479],[43.746,18.543],[43.819,18.543],[43.823,18.608],[43.897,18.608],[43.893,18.543]]]]}},{"type":"Feature","id":"cliopatria-1aa7647b3929778db2d32630","properties":{"NAME":"Wusun","ABBREVN":null,"CONTROL":null,"SUBJECTO":"Wusun","PARTOF":null,"BORDERPRECISION":1,"FromYear":106,"ToYear":153,"Area":37767.233985961444,"Type":"POLITY","Wikipedia":"Wusun","Wikidata":"Q854062","SeshatID":"","Components":"","MemberOf":"","sourceFeatureId":"cliopatria-1aa7647b3929778db2d32630","datasetId":"cliopatria"},"geometry":{"type":"MultiPolygon","coordinates":[[[[79.439,42.496],[80.028,42.366],[77.875,41.522],[77.374,41.457],[77.294,41.457],[76.817,41.457],[76.864,41.587],[76.625,41.587],[76.615,41.782],[76.798,41.847],[76.16,41.847],[76.128,41.976],[76.278,42.171],[76.142,42.236],[76.158,42.496],[75.814,42.431],[75.701,42.561],[75.878,42.821],[75.797,42.821],[75.822,42.886],[77.771,42.951],[79.085,42.821],[79.249,42.626],[79.409,42.626],[79.439,42.496]]]]}},{"type":"Feature","id":"cliopatria-baeab5554bf0e34503fbe0f8","properties":{"NAME":"Huns","ABBREVN":null,"CONTROL":null,"SUBJECTO":"Huns","PARTOF":null,"BORDERPRECISION":1,"FromYear":106,"ToYear":370,"Area":58474.91835818796,"Type":"POLITY","Wikipedia":"Huns","Wikidata":"Q45813","SeshatID":"","Components":"","MemberOf":"","sourceFeatureId":"cliopatria-baeab5554bf0e34503fbe0f8","datasetId":"cliopatria"},"geometry":{"type":"MultiPolygon","coordinates":[[[[46.621,44.777],[46.703,44.777],[46.784,44.777],[46.77,44.712],[46.689,44.712],[46.607,44.712],[46.621,44.777]]],[[[53.084,45.955],[53.101,46.021],[53.183,46.021],[53.166,45.955],[53.084,45.955]]],[[[47.352,45.89],[47.204,45.955],[47.166,46.152],[47.701,46.349],[48.381,46.809],[48.709,46.809],[49.411,47.335],[49.576,47.335],[49.971,47.598],[51.26,47.796],[53.096,47.862],[53.684,47.598],[54.521,46.743],[54.467,46.546],[54.549,46.546],[54.478,46.283],[54.56,46.283],[54.287,45.562],[53.879,45.562],[53.666,45.366],[53.421,45.366],[53.065,45.562],[53.067,45.89],[53.247,45.955],[53.35,46.349],[53.268,46.349],[53.272,46.677],[53.19,46.677],[53.242,46.874],[53.113,47.006],[51.863,46.94],[51.814,47.072],[51.585,47.137],[50.844,47.137],[50.302,46.94],[49.991,46.677],[49.303,46.546],[49.062,46.218],[48.638,46.152],[48.592,45.955],[48.347,45.955],[48.057,45.759],[47.309,45.693],[47.323,45.759],[47.352,45.89]]]]}},{"type":"Feature","id":"cliopatria-47fce91f2a5f9fc78f660471","properties":{"NAME":"Teotihuacan","ABBREVN":null,"CONTROL":null,"SUBJECTO":"Teotihuacan","PARTOF":null,"BORDERPRECISION":1,"FromYear":106,"ToYear":655,"Area":5674.000581128504,"Type":"POLITY","Wikipedia":"Teotihuacan","Wikidata":"Q172613","SeshatID":"mx_basin_of_mexico_7","Components":"","MemberOf":"","sourceFeatureId":"cliopatria-47fce91f2a5f9fc78f660471","datasetId":"cliopatria"},"geometry":{"type":"MultiPolygon","coordinates":[[[[-98.868,19.186],[-98.857,19.122],[-98.989,19.443],[-98.841,19.443],[-98.877,19.636],[-98.717,19.572],[-98.741,19.701],[-98.444,19.701],[-98.421,19.572],[-98.015,19.379],[-98.054,19.186],[-98.202,19.186],[-98.292,18.865],[-98.514,18.865],[-98.868,19.186]]]]}},{"type":"Feature","id":"cliopatria-887bf885e7b9a72a543e3f20","properties":{"NAME":"Parthian Empire","ABBREVN":null,"CONTROL":null,"SUBJECTO":"Parthian Empire","PARTOF":null,"BORDERPRECISION":1,"FromYear":114,"ToYear":116,"Area":2702794.6528214547,"Type":"POLITY","Wikipedia":"Parthian Empire","Wikidata":"Q1986139","SeshatID":"iq_parthian_emp_2","Components":"","MemberOf":"","sourceFeatureId":"cliopatria-887bf885e7b9a72a543e3f20","datasetId":"cliopatria"},"geometry":{"type":"MultiPolygon","coordinates":[[[[51.138,25.486],[51.212,25.486],[51.207,25.422],[51.132,25.422],[51.138,25.486]]],[[[50.43,25.936],[50.46,26.258],[50.685,26.258],[50.673,26.129],[50.667,26.065],[50.649,25.872],[50.43,25.936]]],[[[57.351,40.291],[58.332,40.42],[58.537,40.291],[58.854,40.291],[58.98,40.161],[59.77,40.161],[59.768,39.838],[60.084,39.838],[60.052,39.708],[60.683,39.708],[60.713,39.514],[60.949,39.514],[62.502,40.032],[62.879,39.967],[64.02,40.096],[64.389,40.291],[65.235,40.485],[65.272,40.614],[65.351,40.614],[65.37,40.679],[65.449,40.679],[65.43,40.614],[65.589,40.614],[65.804,40.809],[65.883,40.809],[65.564,39.967],[65.291,39.838],[65.203,39.514],[65.282,39.514],[65.065,38.997],[65.144,38.997],[65.077,38.739],[65.155,38.739],[64.751,35.773],[64.829,35.773],[64.854,35.194],[65.092,34.872],[64.574,34.615],[64.324,34.165],[63.873,33.843],[63.426,32.365],[63.185,32.3],[63.161,32.172],[62.82,31.979],[62.421,31.465],[61.942,31.336],[61.875,30.951],[61.387,30.308],[60.956,29.987],[61.001,29.794],[62.304,29.408],[64.12,29.408],[64.53,29.601],[65.125,29.537],[66.077,29.794],[66.434,29.665],[66.888,29.665],[66.995,29.408],[67.135,29.344],[66.931,28.572],[67.007,28.572],[66.965,28.315],[67.041,28.315],[67.046,27.865],[67.121,27.865],[67.062,27.479],[67.175,27.222],[67.197,26.322],[67.502,25.808],[67.112,25.101],[66.64,24.908],[66.648,24.972],[66.62,25.358],[66.345,25.551],[66.021,25.358],[64.816,25.294],[64.801,25.165],[64.285,25.229],[64.225,25.358],[63.626,25.358],[63.536,25.229],[62.563,25.229],[62.474,25.101],[62.182,25.165],[62.018,25.036],[61.719,25.036],[61.658,25.165],[61.127,25.101],[60.917,25.229],[60.618,25.229],[60.632,25.358],[59.06,25.358],[58.782,25.551],[57.958,25.551],[57.74,25.615],[57.679,25.744],[57.38,25.744],[57.176,25.936],[57.052,26.837],[56.715,27.158],[56.188,27.158],[56.098,27.029],[56.324,27.029],[56.309,26.901],[56.061,26.708],[55.603,26.644],[55.439,26.515],[55.289,26.515],[55.31,26.708],[55.543,26.772],[55.242,26.772],[54.832,26.451],[54.463,26.515],[54.259,26.708],[53.658,26.708],[53.461,26.965],[52.737,27.222],[52.479,27.608],[52.049,27.801],[51.597,27.801],[51.317,27.994],[51.331,28.122],[51.066,28.444],[51.028,28.765],[50.809,28.83],[50.915,29.087],[50.62,29.151],[50.651,29.408],[50.236,29.729],[50.065,30.179],[49.586,29.987],[48.943,30.308],[48.987,30.051],[48.365,29.922],[48.404,29.601],[47.866,29.537],[47.852,29.408],[48.079,29.408],[48.215,29.279],[48.194,29.087],[48.46,28.765],[48.563,28.315],[48.974,27.93],[48.872,27.672],[49.242,27.608],[49.36,27.287],[50.135,26.772],[50.116,26.579],[50.254,26.451],[50.223,26.129],[50.067,26.065],[50.211,26.001],[50.325,25.615],[50.608,25.422],[50.654,25.101],[50.729,25.101],[50.769,25.551],[50.925,25.615],[50.955,25.936],[51.123,26.129],[51.423,26.129],[51.698,25.872],[51.575,25.358],[51.719,25.294],[51.69,24.972],[51.524,24.779],[51.411,24.329],[51.854,24.265],[51.907,24.008],[52.28,24.008],[52.6,24.265],[53.112,24.136],[54.083,24.136],[54.099,24.329],[54.318,24.265],[54.559,24.458],[54.744,24.844],[55.143,25.101],[55.412,25.551],[55.97,25.872],[56.168,26.322],[56.475,26.387],[56.543,26.322],[56.385,25.551],[56.46,25.551],[56.421,25.165],[56.496,25.165],[56.402,24.972],[56.545,24.908],[56.788,24.329],[57.493,23.879],[58.812,23.622],[59.08,23.301],[59.068,23.172],[59.28,23.043],[59.268,22.915],[58.896,22.915],[58.908,23.043],[58.61,23.043],[58.335,23.301],[57.962,23.301],[57.974,23.429],[57.83,23.493],[56.809,23.751],[56.821,23.879],[56.54,24.072],[56.489,24.329],[56.271,24.393],[56.29,24.586],[56.09,24.844],[55.859,24.779],[55.841,24.586],[55.623,24.651],[54.812,23.943],[54.273,23.751],[51.881,23.686],[51.822,23.879],[51.166,24.072],[51.102,24.201],[51.203,24.522],[51.133,24.586],[51.294,24.715],[51.327,25.101],[51.402,25.101],[51.27,25.294],[51.35,25.358],[51.323,25.872],[51.173,25.872],[51.23,25.679],[50.982,25.422],[50.965,25.229],[51.12,25.294],[50.92,24.715],[50.616,24.651],[50.344,24.972],[50.032,25.679],[49.674,25.872],[49.878,26.451],[49.252,26.965],[49.265,27.094],[49.059,27.287],[48.552,27.479],[48.467,28.122],[48.247,28.187],[48.206,28.508],[48.055,28.508],[48.144,28.637],[48,28.701],[48.014,28.83],[47.809,29.022],[47.651,28.958],[47.672,29.151],[47.535,29.279],[47.654,29.665],[47.29,29.794],[46.979,29.729],[46.994,29.858],[46.85,29.922],[46.615,29.858],[46.591,30.308],[45.77,30.436],[44.955,31.272],[44.581,31.336],[44.459,31.593],[43.153,32.814],[42.709,32.943],[42.364,33.264],[42.065,33.329],[41.788,33.586],[41.489,33.65],[41.212,33.907],[40.627,34.165],[40.55,34.165],[40.479,34.872],[40.263,35.001],[40.278,35.13],[40.062,35.258],[40.008,35.451],[39.489,35.645],[39.505,35.773],[40.405,36.16],[41.283,36.353],[41.541,36.546],[41.671,36.353],[41.982,36.353],[42.629,36.546],[42.623,37.062],[42.765,37.513],[42.88,37.771],[43.886,37.706],[43.945,37.577],[44.637,37.513],[44.774,37.384],[44.803,37.062],[45.251,36.933],[45.446,37.19],[45.29,37.19],[45.252,37.448],[45.174,37.448],[45.224,37.771],[45.635,37.9],[45.854,38.287],[46.121,38.481],[47.252,38.674],[48.326,38.093],[48.795,38.093],[48.874,38.093],[48.829,37.835],[49.085,37.513],[49.854,37.448],[50.321,36.997],[50.566,37.062],[50.632,36.997],[50.532,36.868],[51.265,36.61],[52.186,36.546],[53.088,36.804],[54.033,36.868],[54.095,37.19],[53.91,37.448],[53.908,37.835],[53.83,37.835],[53.987,38.997],[53.518,39.385],[53.138,39.45],[53.545,39.514],[53.498,40.032],[52.723,40.096],[52.714,40.42],[52.793,40.42],[52.893,40.874],[52.972,40.874],[52.943,40.744],[53.34,40.744],[53.448,40.874],[53.404,40.679],[54.544,40.809],[56.655,40.355],[56.987,40.42],[56.956,40.291],[57.035,40.291],[57.241,40.161],[57.351,40.291]]]]}},{"type":"Feature","id":"cliopatria-37411efc82e1fc48a71bbe85","properties":{"NAME":"Roman Empire","ABBREVN":null,"CONTROL":null,"SUBJECTO":"Roman Empire","PARTOF":null,"BORDERPRECISION":1,"FromYear":114,"ToYear":116,"Area":4900434.242712745,"Type":"POLITY","Wikipedia":"Roman Empire","Wikidata":"Q12544","SeshatID":"it_roman_principate","Components":"","MemberOf":"","sourceFeatureId":"cliopatria-37411efc82e1fc48a71bbe85","datasetId":"cliopatria"},"geometry":{"type":"MultiPolygon","coordinates":[[[[2.61,34.422],[2.533,34.422],[2.531,34.486],[2.608,34.486],[2.61,34.422]]],[[[14.34,36.031],[14.417,36.031],[14.571,35.966],[14.568,35.773],[14.337,35.838],[14.34,36.031]]],[[[1.274,38.803],[1.183,39.062],[1.259,39.126],[1.337,39.126],[1.652,39.126],[1.658,38.997],[1.431,38.803],[1.274,38.803]]],[[[2.824,39.32],[2.659,39.514],[2.346,39.45],[2.338,39.644],[2.877,39.967],[2.956,39.967],[3.193,39.967],[3.198,39.838],[3.516,39.773],[3.296,39.32],[2.824,39.32]]],[[[3.82,40.096],[4.215,40.096],[4.302,39.838],[3.827,39.902],[3.741,40.096],[3.82,40.096]]],[[[9.665,40.291],[9.747,39.644],[9.669,39.644],[9.593,39.126],[9.12,39.191],[8.966,38.868],[8.73,38.868],[8.336,38.997],[8.412,39.256],[8.333,39.256],[8.33,39.514],[8.409,39.514],[8.483,39.902],[8.325,39.967],[8.4,40.291],[8.321,40.291],[8.319,40.485],[8.16,40.55],[8.155,40.938],[8.552,40.874],[9.025,41.263],[9.104,41.263],[9.502,41.198],[9.822,40.744],[9.823,40.355],[9.665,40.291]]],[[[9.578,41.976],[9.498,41.976],[9.499,41.782],[9.262,41.392],[9.104,41.327],[8.784,41.522],[8.782,41.717],[8.623,41.717],[8.7,41.911],[8.539,42.106],[8.535,42.496],[8.773,42.691],[9.173,42.756],[9.251,43.017],[9.331,43.017],[9.492,43.017],[9.493,42.756],[9.574,42.756],[9.578,41.976]]],[[[10.134,42.886],[10.214,42.886],[10.455,42.886],[10.455,42.691],[10.215,42.691],[10.134,42.886]]],[[[14.35,44.973],[14.511,44.908],[14.502,44.516],[14.261,44.581],[14.269,44.973],[14.35,44.973]]],[[[19.004,45.497],[19.007,45.562],[19.089,45.562],[19.086,45.497],[19.004,45.497]]],[[[16.989,48.192],[16.907,48.192],[16.909,48.258],[16.992,48.258],[16.989,48.192]]],[[[16.909,48.258],[16.826,48.258],[16.829,48.324],[16.912,48.324],[16.909,48.258]]],[[[6.278,51.848],[6.193,51.848],[6.191,51.915],[6.276,51.915],[6.278,51.848]]],[[[0.166,52.855],[0.337,52.855],[0.493,53.057],[1.094,53.057],[1.532,52.923],[1.717,52.721],[1.739,52.385],[1.654,52.385],[1.586,52.116],[1.425,51.982],[1.17,51.982],[1.184,51.781],[0.844,51.781],[0.863,51.513],[0.524,51.513],[1.381,51.38],[1.314,51.112],[0.493,50.779],[-1.368,50.845],[-1.109,50.779],[-1.177,50.579],[-1.513,50.579],[-1.525,50.712],[-2.608,50.579],[-2.789,50.712],[-3.126,50.712],[-3.457,50.645],[-3.585,50.246],[-4.089,50.246],[-4.187,50.379],[-4.355,50.379],[-4.929,50.246],[-5.151,49.98],[-5.746,50.046],[-5.769,50.246],[-5.28,50.379],[-5.134,50.579],[-4.881,50.579],[-4.819,50.779],[-4.658,50.845],[-4.68,51.046],[-4.426,51.046],[-4.202,51.313],[-3.095,51.246],[-3.108,51.38],[-2.945,51.447],[-3.121,51.513],[-3.277,51.38],[-3.701,51.38],[-3.892,51.58],[-4.308,51.513],[-4.415,51.714],[-5.079,51.58],[-5.264,51.714],[-5.219,52.049],[-4.553,52.183],[-4.157,52.452],[-4.295,52.923],[-4.794,52.788],[-4.81,52.923],[-4.49,53.125],[-4.67,53.192],[-4.702,53.462],[-4.271,53.462],[-4.076,53.26],[-3.153,53.462],[-3.095,53.732],[-3.196,53.868],[-2.966,54.138],[-3.305,54.071],[-3.319,54.206],[-3.587,54.274],[-3.72,54.681],[-3.569,54.885],[-2.895,55.089],[-2.822,55.225],[-2.379,55.157],[-1.613,55.362],[-1.286,54.681],[-0.671,54.613],[-0.202,54.206],[-0.18,53.935],[0.004,53.8],[0.01,53.732],[0.118,53.462],[0.295,53.395],[0.316,53.125],[0.07,52.99],[0.166,52.855]]],[[[24.301,35.323],[25.692,35.323],[25.681,35.13],[26.225,35.194],[26.14,35.065],[24.824,35.001],[24.757,35.194],[24.526,35.194],[24.448,35.194],[23.679,35.258],[23.615,35.516],[24.157,35.516],[24.15,35.387],[24.301,35.323]]],[[[22.887,36.417],[22.965,36.417],[23.117,36.353],[23.107,36.16],[22.874,36.16],[22.887,36.417]]],[[[24.361,37.706],[24.432,37.577],[24.272,37.513],[24.201,37.642],[24.283,37.706],[24.361,37.706]]],[[[25.064,37.706],[25.22,37.706],[25.286,37.513],[25.052,37.513],[24.986,37.706],[25.064,37.706]]],[[[7.24,50.712],[7.41,50.645],[7.413,50.512],[7.664,50.579],[7.755,50.246],[7.923,50.246],[8.169,50.579],[8.758,50.579],[8.68,50.113],[8.764,50.113],[8.766,49.98],[8.933,50.046],[8.934,49.914],[9.187,49.781],[9.192,49.316],[9.529,48.853],[12.111,49.184],[12.609,48.985],[12.773,48.787],[13.519,48.654],[14.258,48.258],[14.672,48.258],[14.841,48.39],[15.499,48.192],[16.663,48.324],[16.904,48.126],[17.072,48.192],[17.067,48.06],[17.635,47.796],[18.626,47.796],[18.798,47.928],[18.957,47.796],[18.95,47.664],[19.269,47.466],[19.173,47.203],[18.923,47.137],[18.998,47.006],[18.834,47.006],[18.824,46.809],[18.906,46.809],[18.896,46.612],[19.05,46.415],[18.952,46.087],[18.87,46.087],[18.949,46.021],[18.854,45.759],[19.011,45.628],[18.923,45.497],[19.004,45.497],[18.998,45.366],[19.238,45.3],[20.056,45.366],[19.907,45.628],[20.17,45.955],[20.185,46.218],[21.24,46.087],[21.331,46.218],[21.494,46.218],[21.486,46.087],[21.649,46.087],[22.008,46.546],[22.026,46.809],[22.291,47.072],[22.218,47.203],[22.3,47.203],[22.315,47.401],[22.485,47.466],[22.582,47.664],[23.17,47.796],[23.82,47.664],[25.553,47.664],[25.624,47.532],[25.865,47.466],[25.916,47.137],[26.594,47.335],[27.123,46.874],[27.294,46.94],[27.28,46.809],[27.445,46.809],[27.349,46.677],[27.506,46.612],[27.493,46.48],[27.643,46.349],[27.957,46.218],[28.209,46.283],[28.195,46.152],[28.447,46.218],[28.508,46.021],[29.741,46.087],[30.091,46.283],[30.107,46.415],[30.975,46.809],[31.082,47.006],[31.567,46.94],[31.533,46.677],[30.877,46.677],[30.298,45.955],[30.045,45.89],[29.859,45.693],[29.614,45.693],[29.584,45.431],[29.666,45.431],[29.525,44.908],[29.024,44.777],[29.046,44.973],[28.802,44.973],[28.841,44.581],[28.577,44.385],[28.536,43.994],[28.616,43.994],[28.481,43.472],[28.159,43.472],[28.226,43.342],[27.898,43.277],[27.805,43.147],[27.847,42.756],[27.514,42.626],[27.495,42.431],[27.796,42.236],[27.784,42.106],[28.004,41.911],[27.979,41.652],[28.218,41.652],[28.279,41.457],[28.505,41.327],[28.976,41.263],[28.963,41.133],[30.479,41.198],[30.624,41.068],[31.18,41.068],[31.534,41.392],[32.027,41.522],[32.042,41.652],[32.193,41.587],[32.695,41.782],[32.631,41.911],[34.785,41.911],[34.882,42.041],[35.121,42.041],[35.157,41.717],[35.954,41.717],[36.209,41.263],[36.775,41.327],[37.065,41.133],[37.233,41.198],[37.215,41.068],[37.771,41.068],[37.831,40.938],[38.158,41.003],[38.298,40.874],[38.783,40.938],[39.051,41.133],[39.736,40.938],[40.37,40.938],[40.391,41.068],[40.539,41.003],[41.047,41.198],[41.159,41.392],[41.307,41.327],[41.408,41.457],[41.567,41.457],[41.815,41.976],[41.735,41.976],[41.758,42.106],[41.598,42.106],[41.701,42.236],[41.483,42.366],[41.609,42.626],[41.334,42.886],[41.173,42.886],[41.116,43.017],[40.817,43.147],[40.416,43.147],[40.219,43.407],[39.978,43.407],[40.081,43.538],[40.161,43.538],[40.599,43.277],[41.001,43.277],[41.208,43.082],[41.666,42.951],[41.803,42.821],[41.78,42.691],[41.998,42.561],[42.01,41.717],[41.705,41.327],[42.25,41.263],[42.363,41.457],[42.624,41.587],[42.863,41.587],[43.34,41.133],[43.976,41.133],[44.237,41.263],[45.112,41.263],[45.302,41.003],[45.595,40.874],[45.457,40.55],[45.884,40.291],[46.201,40.291],[46.256,40.161],[46.481,40.096],[46.458,39.967],[46.774,39.967],[47.066,39.838],[47.121,39.708],[48.146,39.708],[48.225,39.708],[48.673,39.579],[48.806,39.45],[48.782,39.32],[48.928,39.256],[48.742,38.674],[48.821,38.674],[48.807,38.158],[48.795,38.093],[48.326,38.093],[47.252,38.674],[46.121,38.481],[45.854,38.287],[45.635,37.9],[45.224,37.771],[45.174,37.448],[45.252,37.448],[45.29,37.19],[45.446,37.19],[45.251,36.933],[44.803,37.062],[44.774,37.384],[44.637,37.513],[43.945,37.577],[43.886,37.706],[42.88,37.771],[42.765,37.513],[41.984,37.513],[41.178,37.319],[41.212,36.997],[41.541,36.546],[41.283,36.353],[40.405,36.16],[39.505,35.773],[39.489,35.645],[40.008,35.451],[40.062,35.258],[40.278,35.13],[40.263,35.001],[40.479,34.872],[40.55,34.165],[40.473,34.165],[40.311,34.1],[40.403,34.229],[39.509,34.486],[39.124,34.486],[38.479,34.229],[37.073,33.264],[37.054,33.072],[36.901,33.072],[36.717,32.75],[36.751,32.3],[36.516,32.236],[36.656,32.107],[36.492,31.979],[36.463,31.658],[36.387,31.658],[36.423,31.208],[36.271,31.208],[36.401,30.951],[36.156,30.758],[35.942,29.987],[35.866,29.987],[35.826,29.472],[35.958,29.215],[35.858,28.894],[36.401,28.058],[36.552,28.058],[36.689,27.865],[37.127,27.672],[37.26,27.415],[37.481,27.351],[37.472,27.222],[37.769,27.158],[38.051,26.901],[38.206,26.965],[38.197,26.837],[38.493,26.772],[38.484,26.644],[38.701,26.515],[38.692,26.387],[38.304,26.194],[37.826,25.744],[37.057,25.422],[36.773,25.679],[36.717,26.001],[36.429,26.194],[36.027,26.965],[35.672,27.287],[35.409,27.865],[35.049,28.122],[34.593,28.058],[34.605,28.251],[34.854,28.572],[34.913,29.408],[34.752,29.279],[34.517,28.058],[34.358,27.93],[34.346,27.737],[34.12,27.737],[33.617,28.122],[33.554,28.315],[33.403,28.315],[33.189,28.508],[33.147,29.022],[32.857,29.215],[32.589,29.729],[32.602,29.922],[32.442,29.794],[32.689,28.958],[32.836,28.894],[33.105,28.38],[33.609,27.994],[33.585,27.608],[33.799,27.415],[33.927,27.029],[34.073,26.965],[34.051,26.579],[34.197,26.515],[34.461,25.872],[34.608,25.808],[35.146,24.651],[35.86,24.008],[35.854,23.879],[35.559,23.943],[35.553,23.815],[35.108,23.879],[33.756,23.686],[33.682,23.686],[33.389,23.815],[32.041,23.686],[31.67,23.751],[30.537,23.365],[30.463,23.365],[30.395,23.558],[30.104,23.751],[30.109,23.879],[29.959,23.879],[29.673,24.201],[28.569,24.651],[28.289,25.165],[28.244,25.936],[28.345,26.579],[28.27,26.579],[28.154,27.351],[27.937,27.544],[27.711,27.544],[27.792,27.672],[27.43,27.994],[27.276,27.93],[27.285,28.122],[27.14,28.251],[25.586,28.958],[25.373,29.279],[25.147,29.279],[25.001,29.408],[24.847,29.344],[24.779,29.537],[24.33,29.665],[23.962,29.922],[23.51,29.987],[22.916,30.308],[22.762,30.244],[22.767,30.372],[21.939,30.565],[20.952,30.565],[18.735,29.987],[17.905,30.179],[16.701,30.694],[15.49,30.951],[15.184,30.886],[15.187,31.079],[14.584,31.529],[14.586,31.658],[14.284,31.915],[13.6,32.172],[13.066,32.172],[13.067,32.3],[11.768,32.3],[11.768,32.429],[11.539,32.429],[11.463,32.557],[11.31,32.493],[11.157,32.686],[10.392,33.007],[10.009,33.007],[10.085,33.136],[9.625,33.136],[9.547,33.329],[9.624,33.457],[9.316,33.586],[9.238,33.843],[9.083,33.907],[9.083,34.036],[8.929,34.036],[8.928,34.165],[8.311,34.293],[8.081,34.229],[8.002,34.422],[7.615,34.551],[7.153,34.486],[6.92,34.615],[6.459,34.551],[6.148,34.679],[5.377,34.679],[5.149,34.551],[4.454,34.615],[3.843,34.422],[3.456,34.486],[2.921,34.358],[2.45,34.615],[1.294,34.615],[0.685,34.422],[0.451,34.486],[0.303,34.358],[-1.237,34.358],[-1.305,34.165],[-1.539,34.229],[-1.61,34.1],[-1.693,34.229],[-2.001,34.229],[-3.763,34.1],[-4.141,33.972],[-4.21,33.843],[-4.367,33.907],[-5.039,33.586],[-5.274,33.65],[-5.799,33.457],[-6.033,33.522],[-6.634,33.329],[-6.703,33.2],[-6.937,33.264],[-7.528,32.943],[-8.064,32.943],[-8.154,33.136],[-8.47,33.264],[-8.403,33.393],[-7.13,33.843],[-7.062,33.972],[-6.904,33.907],[-6.614,34.165],[-6.7,34.293],[-6.473,34.358],[-6.482,34.486],[-6.332,34.551],[-6.277,34.872],[-6.2,34.872],[-6.291,35.065],[-6.132,35.001],[-6.145,35.194],[-6,35.323],[-5.877,35.773],[-5.339,35.838],[-5.24,35.516],[-4.755,35.194],[-3.132,35.194],[-2.982,35.258],[-2.993,35.451],[-2.838,35.451],[-2.82,35.13],[-2.662,35.065],[-1.89,35.065],[-1.591,35.258],[-1.359,35.258],[-1.136,35.451],[-1.224,35.645],[-1.066,35.58],[-0.917,35.709],[-0.53,35.709],[-0.459,35.838],[0.084,35.838],[0.376,36.224],[0.684,36.288],[0.678,36.417],[0.914,36.353],[1.216,36.546],[1.53,36.482],[2.377,36.675],[2.69,36.61],[2.841,36.739],[3.23,36.739],[3.459,36.868],[3.85,36.804],[4.235,36.933],[4.859,36.868],[5.098,36.675],[5.564,36.675],[5.639,36.804],[6.106,36.804],[6.103,36.933],[6.334,37.062],[6.805,36.868],[7.194,36.868],[7.346,37.062],[7.502,37.062],[7.738,36.868],[8.516,36.868],[8.903,37.126],[9.059,37.062],[9.37,37.255],[9.759,37.319],[9.993,37.19],[10.227,37.255],[10.228,37.062],[10.305,37.062],[10.228,36.804],[10.462,36.739],[11.006,36.997],[11.006,36.804],[10.462,36.417],[10.54,36.353],[10.464,35.902],[10.696,35.709],[10.851,35.773],[10.928,35.58],[11.083,35.58],[11.083,35.387],[11.006,35.387],[11.083,35.001],[10.851,34.937],[10.851,34.808],[10.543,34.551],[10.004,34.293],[10.082,34.229],[10.006,33.907],[10.237,33.715],[10.544,33.715],[10.698,33.522],[11.082,33.586],[11.158,33.2],[11.464,33.2],[12.229,32.814],[12.612,32.879],[12.535,32.75],[12.841,32.75],[12.842,32.879],[13.302,32.943],[13.454,32.814],[13.761,32.879],[13.759,32.75],[14.065,32.75],[14.444,32.493],[14.675,32.557],[14.749,32.429],[15.055,32.429],[15.282,32.3],[15.425,31.658],[15.576,31.593],[15.649,31.4],[16.179,31.208],[16.864,31.208],[17.847,30.951],[18.222,30.758],[18.592,30.372],[18.896,30.372],[18.969,30.244],[19.655,30.372],[19.964,30.565],[19.968,30.694],[20.202,30.886],[20.134,31.143],[20.214,31.272],[19.996,31.593],[20.089,32.107],[20.017,32.236],[20.246,32.236],[20.331,32.493],[20.482,32.429],[20.563,32.557],[20.716,32.557],[20.644,32.686],[20.871,32.622],[21.108,32.814],[21.412,32.75],[21.879,32.943],[23.089,32.622],[23.081,32.429],[23.231,32.365],[23.149,32.236],[23.299,32.172],[23.68,32.172],[24.129,31.979],[24.892,31.979],[25.112,31.786],[25.102,31.593],[25.248,31.465],[26.848,31.465],[27.297,31.336],[27.515,31.143],[28.496,31.015],[28.865,30.822],[29.397,30.822],[29.485,31.015],[29.633,30.951],[29.87,31.079],[29.802,31.208],[29.882,31.272],[30.339,31.272],[30.271,31.4],[30.352,31.465],[30.809,31.465],[30.966,31.529],[30.975,31.658],[31.203,31.658],[31.118,31.529],[31.266,31.465],[31.875,31.465],[31.781,31.208],[31.937,31.272],[32,31.079],[32.304,31.079],[32.237,31.208],[32.389,31.208],[32.532,31.079],[32.765,31.143],[32.832,31.015],[33.983,31.143],[34.297,31.272],[34.308,31.4],[34.547,31.529],[34.639,31.722],[34.573,31.85],[34.813,31.979],[34.77,32.365],[35.022,32.622],[35.056,33.007],[35.215,33.072],[35.398,33.393],[35.346,33.65],[35.499,33.65],[35.447,33.907],[35.684,33.972],[35.644,34.358],[35.792,34.293],[36.049,34.551],[36.068,34.744],[35.927,34.872],[35.96,35.194],[35.882,35.194],[35.993,35.516],[35.845,35.58],[35.99,36.224],[35.842,36.288],[36.265,36.61],[36.286,36.804],[36.145,36.933],[35.834,36.933],[35.488,36.61],[35.113,36.739],[34.95,36.675],[34.893,36.868],[34.582,36.868],[34.251,36.675],[33.979,36.288],[33.274,36.224],[32.713,36.031],[32.558,36.031],[32.499,36.224],[32.068,36.61],[31.086,36.933],[30.619,36.933],[30.492,36.353],[30.026,36.353],[29.938,36.224],[29.24,36.224],[29.125,36.739],[28.736,36.739],[28.591,36.868],[28.357,36.868],[28.187,36.675],[28.031,36.675],[28.138,37.062],[28.065,37.126],[27.598,37.126],[27.539,37.384],[27.223,37.319],[27.31,37.448],[27.163,37.577],[27.256,37.771],[27.178,37.771],[27.275,38.029],[26.889,38.093],[26.82,38.222],[26.429,38.222],[26.384,38.674],[26.536,38.61],[26.595,38.351],[27.065,38.351],[27.08,38.545],[26.849,38.61],[26.958,38.997],[26.879,38.997],[26.894,39.191],[26.742,39.256],[26.847,39.579],[26.132,39.514],[26.272,40.291],[26.605,40.485],[26.684,40.485],[26.673,40.355],[27.47,40.42],[27.538,40.291],[27.696,40.291],[27.792,40.485],[27.95,40.485],[27.939,40.355],[29.046,40.355],[28.9,40.485],[28.913,40.614],[29.48,40.744],[29.493,40.874],[29.249,40.809],[29.103,40.938],[29.116,41.068],[28.633,41.003],[28.169,41.133],[28.077,41.003],[27.527,41.068],[27.017,40.679],[26.921,40.485],[26.626,40.744],[26.14,40.614],[26.082,40.874],[25.378,41.003],[24.347,41.003],[24.011,40.744],[23.698,40.809],[23.685,40.614],[23.839,40.55],[23.737,40.226],[23.267,40.291],[22.884,40.485],[22.892,40.614],[22.655,40.614],[22.56,40.355],[22.544,40.096],[22.702,40.096],[22.611,39.902],[23.135,39.45],[22.816,39.385],[22.797,39.062],[23.116,39.126],[23.108,38.997],[23.344,38.997],[23.493,38.868],[23.332,38.803],[23.025,38.933],[22.936,38.739],[23.167,38.674],[23.313,38.481],[23.626,38.481],[23.563,38.739],[24.03,38.674],[24.179,38.545],[24.159,38.222],[24.002,38.222],[23.979,37.835],[23.443,38.029],[23.208,38.029],[23.201,37.9],[23.044,37.9],[23.108,37.642],[23.342,37.642],[23.402,37.319],[23.169,37.319],[23.176,37.448],[22.949,37.577],[22.714,37.577],[22.701,37.319],[22.853,37.255],[23.056,36.675],[22.833,36.868],[22.599,36.868],[22.512,36.675],[22.356,36.675],[22.22,37.062],[21.909,37.062],[21.899,36.868],[21.744,36.868],[21.681,37.19],[21.603,37.19],[21.697,37.513],[21.244,37.835],[21.416,38.158],[21.729,38.158],[21.738,38.351],[21.193,38.416],[20.974,38.739],[20.741,38.803],[20.911,39.062],[20.297,39.385],[20.155,39.708],[19.912,39.579],[19.758,39.644],[19.764,39.773],[20,39.773],[20.009,39.967],[19.63,40.291],[19.471,40.291],[19.486,40.614],[19.249,40.614],[19.255,40.744],[19.498,40.874],[19.438,41.263],[19.523,41.392],[19.444,41.392],[19.53,41.522],[19.45,41.522],[19.542,41.782],[18.852,42.366],[18.143,42.626],[17.992,42.821],[17.593,42.886],[17.508,42.756],[17.516,42.951],[17.355,42.951],[17.365,43.212],[17.122,43.147],[17.051,43.407],[16.727,43.342],[16.734,43.538],[16.575,43.603],[15.927,43.472],[16.012,43.603],[15.857,43.798],[15.695,43.798],[15.619,43.929],[15.375,43.863],[15.459,43.994],[15.219,44.059],[15.147,44.385],[14.909,44.581],[14.919,44.973],[14.516,45.104],[14.603,45.366],[14.196,45.366],[14.189,45.039],[13.946,45.039],[13.943,44.908],[13.781,44.908],[13.706,45.235],[13.544,45.3],[13.547,45.497],[13.71,45.497],[13.715,45.759],[13.39,45.824],[13.145,45.824],[13.06,45.628],[12.817,45.693],[12.652,45.562],[12.163,45.497],[12.16,45.17],[12.403,45.039],[12.4,44.777],[12.157,44.843],[12.154,44.451],[12.313,44.19],[12.873,43.798],[13.036,43.863],[13.034,43.733],[13.355,43.668],[13.673,43.407],[13.747,43.082],[13.985,42.951],[13.901,42.756],[14.056,42.496],[14.371,42.236],[14.531,42.236],[14.608,42.106],[14.769,42.171],[14.766,42.041],[14.924,41.976],[15.165,42.041],[15.241,41.911],[16.119,41.911],[16.115,41.782],[15.874,41.717],[15.944,41.392],[17.203,41.003],[17.511,40.744],[17.981,40.614],[18.438,40.161],[18.349,39.902],[18.112,39.902],[17.813,40.355],[17.418,40.355],[17.345,40.55],[17.028,40.55],[16.868,40.485],[16.945,40.42],[16.862,40.291],[16.624,40.291],[16.697,40.096],[16.457,39.967],[16.447,39.644],[16.916,39.514],[17.07,39.385],[17.138,39.062],[16.502,38.803],[16.492,38.416],[15.933,37.964],[15.698,37.964],[15.624,38.158],[15.389,38.158],[15.066,37.642],[15.059,37.255],[15.214,37.19],[15.05,36.739],[14.661,36.739],[14.278,37.126],[13.578,37.255],[13.192,37.577],[12.49,37.706],[12.492,37.9],[12.65,38.093],[13.04,38.029],[13.12,38.158],[13.355,38.158],[13.665,37.964],[14.056,37.964],[15.862,38.287],[15.95,38.674],[16.265,38.739],[16.27,38.933],[16.117,39.062],[15.899,39.773],[15.666,39.902],[15.748,40.032],[15.432,40.032],[15.199,40.226],[15.041,40.226],[14.893,40.679],[14.418,40.679],[14.422,40.874],[14.105,40.874],[13.951,41.133],[13.792,41.133],[13.715,41.263],[13,41.327],[12.922,41.457],[12.605,41.522],[12.131,41.911],[12.132,42.041],[11.813,42.106],[11.655,42.366],[11.495,42.301],[11.415,42.431],[11.255,42.431],[11.176,42.626],[11.016,42.626],[11.016,42.821],[10.535,43.082],[10.212,43.994],[9.889,43.994],[9.97,44.124],[9.727,44.124],[9.159,44.451],[8.432,44.385],[8.034,43.929],[7.15,43.733],[6.993,43.538],[6.673,43.472],[6.518,43.212],[6.278,43.147],[5.796,43.147],[5.632,43.277],[5.391,43.277],[5.387,43.407],[5.063,43.472],[4.178,43.472],[4.173,43.603],[3.851,43.603],[3.617,43.407],[3.14,43.277],[2.985,43.147],[3.01,42.561],[3.178,42.366],[3.117,41.911],[2.573,41.587],[2.334,41.587],[2.107,41.327],[1.238,41.198],[0.696,40.938],[0.709,40.679],[0.248,40.42],[0.183,40.161],[-0.126,40.032],[-0.345,39.708],[-0.314,39.126],[0.099,38.739],[-0.661,38.287],[-0.803,38.029],[-0.705,37.642],[-1.709,37.448],[-1.623,37.319],[-1.857,37.319],[-2.062,36.804],[-2.532,36.868],[-2.68,36.739],[-4.469,36.739],[-4.689,36.546],[-5.228,36.482],[-5.288,36.224],[-5.662,36.031],[-5.831,36.224],[-6.064,36.224],[-6.33,36.675],[-6.35,36.933],[-6.588,36.997],[-6.842,37.255],[-7.465,37.255],[-7.455,37.126],[-7.678,36.997],[-8.701,37.126],[-9.001,36.997],[-8.897,37.577],[-8.819,37.577],[-8.823,38.481],[-9.209,38.416],[-9.233,38.674],[-9.384,38.61],[-9.553,38.739],[-9.572,38.933],[-9.427,39.062],[-9.387,39.45],[-9.157,39.514],[-9.104,39.773],[-9.025,39.773],[-8.925,40.355],[-8.846,40.355],[-8.872,40.614],[-8.727,40.744],[-8.956,42.171],[-8.657,42.366],[-9.079,42.561],[-9.1,42.756],[-9.275,42.886],[-9.305,43.147],[-9.159,43.277],[-8.852,43.407],[-8.369,43.407],[-8.39,43.603],[-8.244,43.733],[-7.276,43.733],[-7.343,43.603],[-7.176,43.538],[-5.733,43.603],[-4.99,43.407],[-3.467,43.472],[-3.296,43.342],[-1.688,43.342],[-1.388,43.668],[-1.349,44.255],[-1.268,44.255],[-1.286,44.516],[-1.205,44.516],[-1.252,45.17],[-1.171,45.17],[-1.189,45.431],[-1.031,45.497],[-1.045,45.693],[-1.213,45.759],[-1.141,45.89],[-1.223,45.89],[-1.252,46.283],[-1.666,46.349],[-2.014,46.612],[-2.025,46.743],[-2.194,46.809],[-2.139,47.137],[-2.232,47.269],[-2.562,47.269],[-2.578,47.466],[-2.826,47.466],[-2.837,47.598],[-3.156,47.466],[-3.344,47.73],[-3.757,47.73],[-3.935,47.862],[-4.424,47.796],[-4.692,47.994],[-4.705,48.126],[-4.546,48.192],[-4.643,48.324],[-4.891,48.324],[-4.912,48.522],[-4.6,48.72],[-3.852,48.72],[-3.455,48.919],[-3.122,48.919],[-2.759,48.588],[-2.522,48.72],[-1.602,48.654],[-1.718,49.051],[-1.635,49.051],[-1.652,49.25],[-1.913,49.383],[-2.032,49.781],[-1.362,49.781],[-1.251,49.449],[0.007,49.383],[-0.012,49.648],[0.224,49.847],[1.053,49.98],[1.455,50.246],[1.425,50.712],[1.656,51.046],[2.578,51.179],[2.739,51.313],[3.41,51.447],[3.399,51.647],[3.739,51.647],[3.647,51.781],[3.98,51.915],[4.056,52.116],[4.232,51.982],[5.248,52.116],[5.934,51.982],[6.023,51.848],[6.626,51.58],[6.628,51.513],[6.885,51.38],[7.065,50.979],[7.319,50.912],[7.24,50.712]]],[[[20.699,37.9],[20.934,37.9],[20.922,37.642],[20.613,37.706],[20.621,37.9],[20.699,37.9]]],[[[24.772,38.029],[25.068,37.771],[24.83,37.706],[24.682,37.835],[24.694,38.029],[24.772,38.029]]],[[[20.328,38.351],[20.488,38.416],[20.566,38.416],[20.795,38.287],[20.786,38.093],[20.32,38.158],[20.328,38.351]]],[[[23.567,38.803],[23.563,38.739],[23.485,38.739],[23.489,38.803],[23.567,38.803]]],[[[24.365,38.997],[24.444,38.997],[24.675,38.933],[24.662,38.739],[24.357,38.868],[24.365,38.997]]],[[[20.073,39.644],[20.152,39.644],[20.149,39.579],[20.07,39.579],[20.073,39.644]]],[[[25.146,40.032],[25.462,40.032],[25.447,39.838],[24.974,39.838],[25.067,40.032],[25.146,40.032]]],[[[24.491,40.809],[24.57,40.809],[24.808,40.809],[24.794,40.614],[24.551,40.55],[24.491,40.809]]],[[[19.166,47.072],[19.084,47.072],[19.087,47.137],[19.169,47.137],[19.166,47.072]]],[[[38.131,26.965],[38.056,26.965],[38.06,27.029],[38.135,27.029],[38.131,26.965]]],[[[37.839,27.094],[37.844,27.158],[37.919,27.158],[37.914,27.094],[37.839,27.094]]],[[[33.695,34.937],[33.523,34.744],[33.132,34.679],[33.044,34.551],[32.367,34.744],[32.229,34.937],[32.246,35.13],[32.555,35.13],[32.875,35.258],[32.887,35.387],[33.737,35.387],[34.31,35.709],[34.387,35.709],[34.542,35.709],[34.529,35.58],[33.957,35.258],[34.087,35.001],[33.695,34.937]]],[[[27.693,36.288],[28.017,36.482],[28.095,36.482],[28.25,36.482],[28.139,36.031],[27.743,35.902],[27.693,36.288]]],[[[27.117,36.933],[27.185,36.804],[26.865,36.675],[27.039,36.933],[27.117,36.933]]],[[[25.339,37.126],[25.417,37.126],[25.573,37.126],[25.564,36.997],[25.331,36.997],[25.339,37.126]]],[[[26.158,37.706],[26.314,37.706],[26.305,37.577],[25.988,37.513],[26.08,37.706],[26.158,37.706]]],[[[25.821,38.481],[25.913,38.674],[25.991,38.674],[26.217,38.545],[26.111,38.158],[25.876,38.158],[25.899,38.481],[25.821,38.481]]],[[[26.103,39.126],[25.793,39.191],[26.044,39.385],[26.123,39.385],[26.511,39.32],[26.644,38.997],[26.246,38.933],[26.094,38.997],[26.103,39.126]]],[[[25.719,40.291],[25.798,40.291],[26.035,40.291],[26.025,40.161],[25.704,40.096],[25.719,40.291]]],[[[27.13,46.94],[27.136,47.006],[27.219,47.006],[27.212,46.94],[27.13,46.94]]]]}},{"type":"Feature","id":"cliopatria-f7dac92af633e1ea2870696d","properties":{"NAME":"Kushan Empire","ABBREVN":null,"CONTROL":null,"SUBJECTO":"Kushan Empire","PARTOF":null,"BORDERPRECISION":1,"FromYear":117,"ToYear":126,"Area":1971828.4840332381,"Type":"POLITY","Wikipedia":"Kushan Empire","Wikidata":"Q25979","SeshatID":"af_kushan_emp","Components":"","MemberOf":"","sourceFeatureId":"cliopatria-f7dac92af633e1ea2870696d","datasetId":"cliopatria"},"geometry":{"type":"MultiPolygon","coordinates":[[[[78.502,37.513],[78.093,37.706],[77.667,38.351],[77.51,38.351],[77.414,38.545],[77.258,38.545],[77.025,38.803],[75.792,39.126],[73.69,39.45],[73.63,39.256],[73.748,39.126],[73.494,38.545],[72.989,38.158],[72.626,37.706],[72.232,36.546],[72.31,36.546],[72.302,36.224],[72.501,36.095],[72.468,35.966],[72.64,36.031],[72.606,35.902],[72.822,35.838],[72.711,35.709],[73.441,34.937],[73.811,34.872],[73.701,34.744],[73.993,34.679],[74.038,34.551],[74.192,34.551],[74.297,34.358],[74.451,34.358],[74.634,34.165],[74.602,34.036],[75.028,33.586],[74.996,33.457],[75.134,33.393],[75.103,33.264],[75.241,33.2],[75.271,33.007],[75.424,33.007],[75.469,32.879],[75.882,32.686],[76.127,32.75],[76.081,32.557],[76.601,32.172],[78.448,31.593],[78.844,31.658],[78.814,31.529],[79.18,31.465],[79.607,31.015],[79.624,30.758],[79.869,30.501],[79.845,30.051],[79.954,29.858],[79.838,28.572],[79.375,27.737],[79.038,27.544],[78.657,27.094],[78.506,27.094],[78.484,26.965],[78.247,26.901],[78.236,26.837],[77.238,26.708],[77.11,26.837],[76.584,26.837],[75.2,26.644],[73.179,26.194],[71.905,25.679],[71.235,25.165],[71.086,25.165],[70.57,24.651],[70.605,24.329],[70.448,24.265],[70.424,24.072],[70.065,23.558],[69.5,23.172],[69.039,23.043],[69.025,22.915],[68.95,22.915],[68.606,23.172],[68.552,23.365],[68.336,23.429],[68.35,23.558],[68.127,23.558],[68.155,23.815],[67.633,23.815],[67.491,23.879],[67.438,24.072],[67.289,24.072],[67.326,24.393],[67.148,24.779],[66.632,24.844],[66.64,24.908],[67.112,25.101],[67.502,25.808],[67.197,26.322],[67.175,27.222],[67.062,27.479],[67.121,27.865],[67.046,27.865],[67.041,28.315],[66.965,28.315],[67.007,28.572],[66.931,28.572],[67.135,29.344],[66.995,29.408],[66.888,29.665],[66.434,29.665],[66.077,29.794],[66.316,29.858],[66.418,30.436],[66.343,30.436],[66.525,31.015],[66.449,31.015],[66.483,31.593],[66.102,31.593],[65.694,31.85],[65.02,31.915],[64.383,32.172],[63.555,32.236],[63.426,32.365],[63.873,33.843],[64.324,34.165],[64.574,34.615],[65.092,34.872],[64.854,35.194],[64.829,35.773],[64.751,35.773],[65.155,38.739],[65.077,38.739],[65.144,38.997],[65.065,38.997],[65.282,39.514],[65.203,39.514],[65.291,39.838],[65.564,39.967],[65.883,40.809],[65.962,40.809],[66.653,41.263],[66.891,41.263],[67.547,41.587],[68.025,41.587],[68.223,41.457],[68.978,41.327],[69.58,41.717],[70.016,41.587],[71.63,41.652],[71.841,41.327],[72.137,41.263],[72.232,41.068],[72.47,41.068],[73.019,40.809],[73.343,41.068],[74.751,41.003],[77.35,41.392],[77.374,41.457],[77.875,41.522],[80.028,42.366],[80.108,42.366],[80.134,42.431],[80.214,42.431],[82.056,42.236],[84.108,42.756],[85.792,42.756],[85.764,42.691],[87.282,42.496],[87.254,42.431],[88.848,42.236],[88.82,42.171],[89.43,42.106],[89.402,42.041],[90.223,41.911],[90.195,41.847],[90.696,41.717],[90.312,41.198],[89.805,40.938],[88.853,40.938],[88.88,41.003],[87.742,41.133],[87.769,41.198],[85.782,41.392],[83.236,41.392],[81.308,41.133],[79.926,40.614],[79.689,40.614],[78.782,40.291],[78.275,39.967],[78.222,39.579],[78.765,39.32],[78.722,39.191],[78.88,39.191],[78.916,39.062],[79.073,39.062],[79.244,38.868],[79.239,38.61],[79.374,38.545],[79.23,38.093],[78.58,37.513],[78.502,37.513]]],[[[72.501,36.095],[72.518,36.16],[72.596,36.16],[72.579,36.095],[72.501,36.095]]]]}},{"type":"Feature","id":"cliopatria-ddfaa0ba253e835dda7c648c","properties":{"NAME":"Parthian Empire","ABBREVN":null,"CONTROL":null,"SUBJECTO":"Parthian Empire","PARTOF":null,"BORDERPRECISION":1,"FromYear":117,"ToYear":126,"Area":2354089.780615896,"Type":"POLITY","Wikipedia":"Parthian Empire","Wikidata":"Q1986139","SeshatID":"iq_parthian_emp_2","Components":"","MemberOf":"","sourceFeatureId":"cliopatria-ddfaa0ba253e835dda7c648c","datasetId":"cliopatria"},"geometry":{"type":"MultiPolygon","coordinates":[[[[51.138,25.486],[51.212,25.486],[51.207,25.422],[51.132,25.422],[51.138,25.486]]],[[[50.43,25.936],[50.46,26.258],[50.685,26.258],[50.673,26.129],[50.667,26.065],[50.649,25.872],[50.43,25.936]]],[[[48.872,27.672],[49.242,27.608],[49.36,27.287],[50.135,26.772],[50.116,26.579],[50.254,26.451],[50.223,26.129],[50.067,26.065],[50.211,26.001],[50.325,25.615],[50.608,25.422],[50.654,25.101],[50.729,25.101],[50.769,25.551],[50.925,25.615],[50.955,25.936],[51.123,26.129],[51.423,26.129],[51.698,25.872],[51.575,25.358],[51.719,25.294],[51.69,24.972],[51.524,24.779],[51.411,24.329],[51.854,24.265],[51.907,24.008],[52.28,24.008],[52.6,24.265],[53.112,24.136],[54.083,24.136],[54.099,24.329],[54.318,24.265],[54.559,24.458],[54.744,24.844],[55.143,25.101],[55.412,25.551],[55.97,25.872],[56.168,26.322],[56.475,26.387],[56.543,26.322],[56.385,25.551],[56.46,25.551],[56.421,25.165],[56.496,25.165],[56.402,24.972],[56.545,24.908],[56.788,24.329],[57.493,23.879],[58.812,23.622],[59.08,23.301],[59.068,23.172],[59.28,23.043],[59.268,22.915],[58.896,22.915],[58.908,23.043],[58.61,23.043],[58.335,23.301],[57.962,23.301],[57.974,23.429],[57.83,23.493],[56.809,23.751],[56.821,23.879],[56.54,24.072],[56.489,24.329],[56.271,24.393],[56.29,24.586],[56.09,24.844],[55.859,24.779],[55.841,24.586],[55.623,24.651],[54.812,23.943],[54.273,23.751],[51.881,23.686],[51.822,23.879],[51.166,24.072],[51.102,24.201],[51.203,24.522],[51.133,24.586],[51.294,24.715],[51.327,25.101],[51.402,25.101],[51.27,25.294],[51.35,25.358],[51.323,25.872],[51.173,25.872],[51.23,25.679],[50.982,25.422],[50.965,25.229],[51.12,25.294],[50.92,24.715],[50.616,24.651],[50.344,24.972],[50.032,25.679],[49.674,25.872],[49.878,26.451],[49.252,26.965],[49.265,27.094],[49.059,27.287],[48.552,27.479],[48.467,28.122],[48.247,28.187],[48.206,28.508],[48.055,28.508],[48.144,28.637],[48,28.701],[48.014,28.83],[47.809,29.022],[47.651,28.958],[47.672,29.151],[47.535,29.279],[47.578,29.665],[47.874,29.601],[47.852,29.408],[48.079,29.408],[48.215,29.279],[48.194,29.087],[48.46,28.765],[48.563,28.315],[48.775,28.187],[48.768,28.122],[48.974,27.93],[48.872,27.672]]],[[[57.351,40.291],[58.332,40.42],[58.537,40.291],[58.854,40.291],[58.98,40.161],[59.77,40.161],[59.768,39.838],[60.084,39.838],[60.052,39.708],[60.683,39.708],[60.713,39.514],[60.949,39.514],[62.502,40.032],[62.879,39.967],[64.02,40.096],[64.389,40.291],[65.235,40.485],[65.272,40.614],[65.351,40.614],[65.37,40.679],[65.449,40.679],[65.43,40.614],[65.589,40.614],[65.804,40.809],[65.883,40.809],[65.564,39.967],[65.291,39.838],[65.203,39.514],[65.282,39.514],[65.065,38.997],[65.144,38.997],[65.077,38.739],[65.155,38.739],[64.751,35.773],[64.829,35.773],[64.854,35.194],[65.092,34.872],[64.574,34.615],[64.324,34.165],[63.873,33.843],[63.426,32.365],[63.185,32.3],[63.161,32.172],[62.82,31.979],[62.421,31.465],[61.942,31.336],[61.875,30.951],[61.387,30.308],[60.956,29.987],[61.001,29.794],[62.304,29.408],[64.12,29.408],[64.53,29.601],[65.125,29.537],[66.077,29.794],[66.434,29.665],[66.888,29.665],[66.995,29.408],[67.135,29.344],[66.931,28.572],[67.007,28.572],[66.965,28.315],[67.041,28.315],[67.046,27.865],[67.121,27.865],[67.062,27.479],[67.175,27.222],[67.197,26.322],[67.502,25.808],[67.112,25.101],[66.64,24.908],[66.648,24.972],[66.62,25.358],[66.345,25.551],[66.021,25.358],[64.816,25.294],[64.801,25.165],[64.285,25.229],[64.225,25.358],[63.626,25.358],[63.536,25.229],[62.563,25.229],[62.474,25.101],[62.182,25.165],[62.018,25.036],[61.719,25.036],[61.658,25.165],[61.127,25.101],[60.917,25.229],[60.618,25.229],[60.632,25.358],[59.06,25.358],[58.782,25.551],[57.958,25.551],[57.74,25.615],[57.679,25.744],[57.38,25.744],[57.176,25.936],[57.052,26.837],[56.715,27.158],[56.188,27.158],[56.098,27.029],[56.324,27.029],[56.309,26.901],[56.061,26.708],[55.603,26.644],[55.439,26.515],[55.289,26.515],[55.31,26.708],[55.543,26.772],[55.242,26.772],[54.832,26.451],[54.463,26.515],[54.259,26.708],[53.658,26.708],[53.461,26.965],[52.737,27.222],[52.479,27.608],[52.049,27.801],[51.453,27.865],[51.066,28.444],[51.028,28.765],[50.809,28.83],[50.915,29.087],[50.62,29.151],[50.651,29.408],[50.236,29.729],[50.065,30.179],[49.586,29.987],[49.019,30.308],[49.119,30.501],[49.043,30.501],[48.915,30.694],[48.948,30.951],[48.872,30.951],[48.575,32.172],[48.422,32.172],[48.372,32.365],[48.16,32.493],[48.178,32.622],[47.975,32.814],[47.822,32.814],[47.56,33.136],[46.675,33.393],[46.71,33.65],[46.148,34.036],[46.235,35.194],[46.031,35.387],[46.078,35.709],[46.252,35.838],[45.787,35.838],[45.651,35.966],[45.418,35.966],[45.378,36.224],[45.096,36.417],[45.057,36.675],[44.852,36.868],[44.871,36.997],[45.251,36.933],[45.426,37.062],[45.446,37.19],[45.29,37.19],[45.252,37.448],[45.174,37.448],[45.224,37.771],[45.635,37.9],[45.854,38.287],[46.121,38.481],[47.252,38.674],[48.326,38.093],[48.795,38.093],[48.874,38.093],[48.829,37.835],[49.085,37.513],[49.854,37.448],[50.321,36.997],[50.566,37.062],[50.632,36.997],[50.532,36.868],[51.265,36.61],[52.186,36.546],[53.088,36.804],[54.033,36.868],[54.095,37.19],[53.91,37.448],[53.908,37.835],[53.83,37.835],[53.987,38.997],[53.518,39.385],[53.138,39.45],[53.545,39.514],[53.498,40.032],[52.723,40.096],[52.714,40.42],[52.793,40.42],[52.893,40.874],[52.972,40.874],[52.943,40.744],[53.34,40.744],[53.448,40.874],[53.404,40.679],[54.544,40.809],[56.655,40.355],[56.987,40.42],[56.956,40.291],[57.035,40.291],[57.241,40.161],[57.351,40.291]]]]}},{"type":"Feature","id":"cliopatria-94de69e5d9d7eb6299048712","properties":{"NAME":"Roman Empire","ABBREVN":null,"CONTROL":null,"SUBJECTO":"Roman Empire","PARTOF":null,"BORDERPRECISION":1,"FromYear":117,"ToYear":126,"Area":5263199.312993251,"Type":"POLITY","Wikipedia":"Roman Empire","Wikidata":"Q12544","SeshatID":"it_roman_principate","Components":"","MemberOf":"","sourceFeatureId":"cliopatria-94de69e5d9d7eb6299048712","datasetId":"cliopatria"},"geometry":{"type":"MultiPolygon","coordinates":[[[[2.61,34.422],[2.533,34.422],[2.531,34.486],[2.608,34.486],[2.61,34.422]]],[[[14.34,36.031],[14.417,36.031],[14.571,35.966],[14.568,35.773],[14.337,35.838],[14.34,36.031]]],[[[1.274,38.803],[1.183,39.062],[1.259,39.126],[1.337,39.126],[1.652,39.126],[1.658,38.997],[1.431,38.803],[1.274,38.803]]],[[[2.824,39.32],[2.659,39.514],[2.346,39.45],[2.338,39.644],[2.877,39.967],[2.956,39.967],[3.193,39.967],[3.198,39.838],[3.516,39.773],[3.296,39.32],[2.824,39.32]]],[[[3.82,40.096],[4.215,40.096],[4.302,39.838],[3.827,39.902],[3.741,40.096],[3.82,40.096]]],[[[9.665,40.291],[9.747,39.644],[9.669,39.644],[9.593,39.126],[9.12,39.191],[8.966,38.868],[8.73,38.868],[8.336,38.997],[8.412,39.256],[8.333,39.256],[8.33,39.514],[8.409,39.514],[8.483,39.902],[8.325,39.967],[8.4,40.291],[8.321,40.291],[8.319,40.485],[8.16,40.55],[8.155,40.938],[8.552,40.874],[9.025,41.263],[9.104,41.263],[9.502,41.198],[9.822,40.744],[9.823,40.355],[9.665,40.291]]],[[[9.578,41.976],[9.498,41.976],[9.499,41.782],[9.262,41.392],[9.104,41.327],[8.784,41.522],[8.782,41.717],[8.623,41.717],[8.7,41.911],[8.539,42.106],[8.535,42.496],[8.773,42.691],[9.173,42.756],[9.251,43.017],[9.331,43.017],[9.492,43.017],[9.493,42.756],[9.574,42.756],[9.578,41.976]]],[[[10.134,42.886],[10.214,42.886],[10.455,42.886],[10.455,42.691],[10.215,42.691],[10.134,42.886]]],[[[14.35,44.973],[14.511,44.908],[14.502,44.516],[14.261,44.581],[14.269,44.973],[14.35,44.973]]],[[[19.004,45.497],[19.007,45.562],[19.089,45.562],[19.086,45.497],[19.004,45.497]]],[[[16.989,48.192],[16.907,48.192],[16.909,48.258],[16.992,48.258],[16.989,48.192]]],[[[16.909,48.258],[16.826,48.258],[16.829,48.324],[16.912,48.324],[16.909,48.258]]],[[[6.278,51.848],[6.193,51.848],[6.191,51.915],[6.276,51.915],[6.278,51.848]]],[[[0.166,52.855],[0.337,52.855],[0.493,53.057],[1.094,53.057],[1.532,52.923],[1.717,52.721],[1.739,52.385],[1.654,52.385],[1.586,52.116],[1.425,51.982],[1.17,51.982],[1.184,51.781],[0.844,51.781],[0.863,51.513],[0.524,51.513],[1.381,51.38],[1.314,51.112],[0.493,50.779],[-1.368,50.845],[-1.109,50.779],[-1.177,50.579],[-1.513,50.579],[-1.525,50.712],[-2.608,50.579],[-2.789,50.712],[-3.126,50.712],[-3.457,50.645],[-3.585,50.246],[-4.089,50.246],[-4.187,50.379],[-4.355,50.379],[-4.929,50.246],[-5.151,49.98],[-5.746,50.046],[-5.769,50.246],[-5.28,50.379],[-5.134,50.579],[-4.881,50.579],[-4.819,50.779],[-4.658,50.845],[-4.68,51.046],[-4.426,51.046],[-4.202,51.313],[-3.095,51.246],[-3.108,51.38],[-2.945,51.447],[-3.121,51.513],[-3.277,51.38],[-3.701,51.38],[-3.892,51.58],[-4.308,51.513],[-4.415,51.714],[-5.079,51.58],[-5.264,51.714],[-5.219,52.049],[-4.553,52.183],[-4.157,52.452],[-4.295,52.923],[-4.794,52.788],[-4.81,52.923],[-4.49,53.125],[-4.67,53.192],[-4.702,53.462],[-4.271,53.462],[-4.076,53.26],[-3.153,53.462],[-3.095,53.732],[-3.196,53.868],[-2.966,54.138],[-3.305,54.071],[-3.319,54.206],[-3.587,54.274],[-3.72,54.681],[-3.569,54.885],[-2.895,55.089],[-2.822,55.225],[-2.379,55.157],[-1.613,55.362],[-1.286,54.681],[-0.671,54.613],[-0.202,54.206],[-0.18,53.935],[0.004,53.8],[0.01,53.732],[0.118,53.462],[0.295,53.395],[0.316,53.125],[0.07,52.99],[0.166,52.855]]],[[[24.301,35.323],[25.692,35.323],[25.681,35.13],[26.225,35.194],[26.14,35.065],[24.824,35.001],[24.757,35.194],[24.526,35.194],[24.448,35.194],[23.679,35.258],[23.615,35.516],[24.157,35.516],[24.15,35.387],[24.301,35.323]]],[[[22.887,36.417],[22.965,36.417],[23.117,36.353],[23.107,36.16],[22.874,36.16],[22.887,36.417]]],[[[24.361,37.706],[24.432,37.577],[24.272,37.513],[24.201,37.642],[24.283,37.706],[24.361,37.706]]],[[[25.064,37.706],[25.22,37.706],[25.286,37.513],[25.052,37.513],[24.986,37.706],[25.064,37.706]]],[[[7.24,50.712],[7.41,50.645],[7.413,50.512],[7.664,50.579],[7.755,50.246],[7.923,50.246],[8.169,50.579],[8.758,50.579],[8.68,50.113],[8.764,50.113],[8.766,49.98],[8.933,50.046],[8.934,49.914],[9.187,49.781],[9.192,49.316],[9.529,48.853],[12.111,49.184],[12.609,48.985],[12.773,48.787],[13.519,48.654],[14.258,48.258],[14.672,48.258],[14.841,48.39],[15.499,48.192],[16.663,48.324],[16.904,48.126],[17.072,48.192],[17.067,48.06],[17.635,47.796],[18.626,47.796],[18.798,47.928],[18.957,47.796],[18.95,47.664],[19.269,47.466],[19.173,47.203],[18.923,47.137],[18.998,47.006],[18.834,47.006],[18.824,46.809],[18.906,46.809],[18.896,46.612],[19.05,46.415],[18.952,46.087],[18.87,46.087],[18.949,46.021],[18.854,45.759],[19.011,45.628],[18.923,45.497],[19.004,45.497],[18.998,45.366],[19.238,45.3],[20.056,45.366],[19.907,45.628],[20.17,45.955],[20.185,46.218],[21.24,46.087],[21.331,46.218],[21.494,46.218],[21.486,46.087],[21.649,46.087],[22.008,46.546],[22.026,46.809],[22.291,47.072],[22.218,47.203],[22.3,47.203],[22.315,47.401],[22.485,47.466],[22.582,47.664],[23.17,47.796],[23.82,47.664],[25.553,47.664],[25.624,47.532],[25.865,47.466],[25.916,47.137],[26.594,47.335],[27.123,46.874],[27.294,46.94],[27.28,46.809],[27.445,46.809],[27.349,46.677],[27.506,46.612],[27.493,46.48],[27.643,46.349],[27.957,46.218],[28.209,46.283],[28.195,46.152],[28.447,46.218],[28.508,46.021],[29.741,46.087],[30.091,46.283],[30.107,46.415],[30.975,46.809],[31.082,47.006],[31.567,46.94],[31.533,46.677],[30.877,46.677],[30.298,45.955],[30.045,45.89],[29.859,45.693],[29.614,45.693],[29.584,45.431],[29.666,45.431],[29.525,44.908],[29.024,44.777],[29.046,44.973],[28.802,44.973],[28.841,44.581],[28.577,44.385],[28.536,43.994],[28.616,43.994],[28.481,43.472],[28.159,43.472],[28.226,43.342],[27.898,43.277],[27.805,43.147],[27.847,42.756],[27.514,42.626],[27.495,42.431],[27.796,42.236],[27.784,42.106],[28.004,41.911],[27.979,41.652],[28.218,41.652],[28.279,41.457],[28.505,41.327],[28.976,41.263],[28.963,41.133],[30.479,41.198],[30.624,41.068],[31.18,41.068],[31.534,41.392],[32.027,41.522],[32.042,41.652],[32.193,41.587],[32.695,41.782],[32.631,41.911],[34.785,41.911],[34.882,42.041],[35.121,42.041],[35.157,41.717],[35.954,41.717],[36.209,41.263],[36.775,41.327],[37.065,41.133],[37.233,41.198],[37.215,41.068],[37.771,41.068],[37.831,40.938],[38.158,41.003],[38.298,40.874],[38.783,40.938],[39.051,41.133],[39.736,40.938],[40.37,40.938],[40.391,41.068],[40.539,41.003],[41.047,41.198],[41.159,41.392],[41.307,41.327],[41.408,41.457],[41.567,41.457],[41.815,41.976],[41.735,41.976],[41.758,42.106],[41.598,42.106],[41.701,42.236],[41.483,42.366],[41.609,42.626],[41.334,42.886],[41.173,42.886],[41.116,43.017],[40.817,43.147],[40.416,43.147],[40.219,43.407],[39.978,43.407],[40.081,43.538],[40.161,43.538],[40.599,43.277],[41.001,43.277],[41.208,43.082],[41.666,42.951],[41.803,42.821],[41.78,42.691],[41.998,42.561],[42.01,41.717],[41.705,41.327],[42.25,41.263],[42.363,41.457],[42.624,41.587],[42.863,41.587],[43.34,41.133],[43.976,41.133],[44.237,41.263],[45.112,41.263],[45.302,41.003],[45.595,40.874],[45.457,40.55],[45.884,40.291],[46.201,40.291],[46.256,40.161],[46.481,40.096],[46.458,39.967],[46.774,39.967],[47.066,39.838],[47.121,39.708],[48.146,39.708],[48.225,39.708],[48.673,39.579],[48.806,39.45],[48.782,39.32],[48.928,39.256],[48.742,38.674],[48.821,38.674],[48.807,38.158],[48.795,38.093],[48.326,38.093],[47.252,38.674],[46.121,38.481],[45.854,38.287],[45.635,37.9],[45.224,37.771],[45.174,37.448],[45.252,37.448],[45.29,37.19],[45.446,37.19],[45.426,37.062],[45.251,36.933],[44.871,36.997],[44.852,36.868],[45.057,36.675],[45.096,36.417],[45.378,36.224],[45.418,35.966],[45.651,35.966],[45.787,35.838],[46.252,35.838],[46.078,35.709],[46.031,35.387],[46.235,35.194],[46.148,34.036],[46.71,33.65],[46.675,33.393],[47.56,33.136],[47.822,32.814],[47.975,32.814],[48.178,32.622],[48.16,32.493],[48.372,32.365],[48.422,32.172],[48.575,32.172],[48.872,30.951],[48.948,30.951],[48.915,30.694],[49.043,30.501],[49.035,30.436],[48.904,29.987],[48.365,29.922],[48.404,29.601],[47.866,29.537],[47.29,29.794],[46.979,29.729],[46.994,29.858],[46.85,29.922],[46.615,29.858],[46.591,30.308],[45.77,30.436],[44.955,31.272],[44.581,31.336],[44.459,31.593],[43.153,32.814],[42.709,32.943],[42.578,33.136],[41.489,33.65],[41.212,33.907],[40.912,33.972],[40.704,34.165],[40.311,34.1],[40.403,34.229],[39.509,34.486],[39.124,34.486],[38.479,34.229],[38.144,33.972],[37.99,33.972],[37.739,33.779],[37.726,33.65],[37.573,33.65],[37.073,33.264],[37.054,33.072],[36.901,33.072],[36.812,32.943],[36.711,32.686],[36.751,32.3],[36.516,32.236],[36.662,32.172],[36.387,31.658],[36.423,31.208],[36.271,31.208],[36.401,30.951],[36.156,30.758],[35.942,29.987],[35.866,29.987],[35.826,29.472],[35.958,29.215],[35.858,28.894],[36.057,28.508],[36.203,28.444],[36.26,28.187],[36.552,28.058],[36.689,27.865],[36.84,27.865],[36.977,27.672],[37.127,27.672],[37.26,27.415],[37.481,27.351],[37.472,27.222],[37.769,27.158],[38.051,26.901],[38.206,26.965],[38.268,26.772],[38.493,26.772],[38.484,26.644],[38.701,26.515],[38.692,26.387],[38.454,26.194],[38.304,26.194],[37.826,25.744],[37.057,25.422],[36.773,25.679],[36.717,26.001],[36.429,26.194],[36.027,26.965],[35.672,27.287],[35.409,27.865],[35.049,28.122],[34.593,28.058],[34.605,28.251],[34.854,28.572],[34.913,29.408],[34.752,29.279],[34.517,28.058],[34.358,27.93],[34.346,27.737],[34.12,27.737],[33.617,28.122],[33.554,28.315],[33.403,28.315],[33.189,28.508],[33.147,29.022],[32.857,29.215],[32.589,29.729],[32.602,29.922],[32.442,29.794],[32.689,28.958],[32.836,28.894],[33.105,28.38],[33.609,27.994],[33.585,27.608],[33.799,27.415],[33.927,27.029],[34.073,26.965],[34.051,26.579],[34.197,26.515],[34.461,25.872],[34.608,25.808],[35.146,24.651],[35.86,24.008],[35.854,23.879],[35.559,23.943],[35.553,23.815],[35.108,23.879],[33.756,23.686],[33.682,23.686],[33.389,23.815],[32.041,23.686],[31.67,23.751],[30.537,23.365],[30.463,23.365],[30.395,23.558],[30.104,23.751],[30.109,23.879],[29.959,23.879],[29.673,24.201],[28.569,24.651],[28.289,25.165],[28.244,25.936],[28.345,26.579],[28.27,26.579],[28.154,27.351],[27.937,27.544],[27.711,27.544],[27.792,27.672],[27.43,27.994],[27.276,27.93],[27.285,28.122],[27.14,28.251],[25.586,28.958],[25.373,29.279],[25.147,29.279],[25.001,29.408],[24.847,29.344],[24.779,29.537],[24.33,29.665],[23.962,29.922],[23.51,29.987],[22.916,30.308],[22.762,30.244],[22.767,30.372],[21.939,30.565],[20.952,30.565],[18.735,29.987],[17.905,30.179],[16.701,30.694],[15.49,30.951],[15.184,30.886],[15.187,31.079],[14.584,31.529],[14.586,31.658],[14.284,31.915],[13.6,32.172],[13.066,32.172],[13.067,32.3],[11.768,32.3],[11.768,32.429],[11.539,32.429],[11.463,32.557],[11.31,32.493],[11.157,32.686],[10.392,33.007],[10.009,33.007],[10.085,33.136],[9.625,33.136],[9.547,33.329],[9.624,33.457],[9.316,33.586],[9.238,33.843],[9.083,33.907],[9.083,34.036],[8.929,34.036],[8.928,34.165],[8.311,34.293],[8.081,34.229],[8.002,34.422],[7.615,34.551],[7.153,34.486],[6.92,34.615],[6.459,34.551],[6.148,34.679],[5.377,34.679],[5.149,34.551],[4.454,34.615],[3.843,34.422],[3.456,34.486],[2.921,34.358],[2.45,34.615],[1.294,34.615],[0.685,34.422],[0.451,34.486],[0.303,34.358],[-1.237,34.358],[-1.305,34.165],[-1.539,34.229],[-1.61,34.1],[-1.693,34.229],[-2.001,34.229],[-3.763,34.1],[-4.141,33.972],[-4.21,33.843],[-4.367,33.907],[-5.039,33.586],[-5.274,33.65],[-5.799,33.457],[-6.033,33.522],[-6.634,33.329],[-6.703,33.2],[-6.937,33.264],[-7.528,32.943],[-8.064,32.943],[-8.154,33.136],[-8.47,33.264],[-8.403,33.393],[-7.13,33.843],[-7.062,33.972],[-6.904,33.907],[-6.614,34.165],[-6.7,34.293],[-6.473,34.358],[-6.482,34.486],[-6.332,34.551],[-6.277,34.872],[-6.2,34.872],[-6.291,35.065],[-6.132,35.001],[-6.145,35.194],[-6,35.323],[-5.877,35.773],[-5.339,35.838],[-5.24,35.516],[-4.755,35.194],[-3.132,35.194],[-2.982,35.258],[-2.993,35.451],[-2.838,35.451],[-2.82,35.13],[-2.662,35.065],[-1.89,35.065],[-1.591,35.258],[-1.359,35.258],[-1.136,35.451],[-1.224,35.645],[-1.066,35.58],[-0.917,35.709],[-0.53,35.709],[-0.459,35.838],[0.084,35.838],[0.376,36.224],[0.684,36.288],[0.678,36.417],[0.914,36.353],[1.216,36.546],[1.53,36.482],[2.377,36.675],[2.69,36.61],[2.841,36.739],[3.23,36.739],[3.459,36.868],[3.85,36.804],[4.235,36.933],[4.859,36.868],[5.098,36.675],[5.564,36.675],[5.639,36.804],[6.106,36.804],[6.103,36.933],[6.334,37.062],[6.805,36.868],[7.194,36.868],[7.346,37.062],[7.502,37.062],[7.738,36.868],[8.516,36.868],[8.903,37.126],[9.059,37.062],[9.37,37.255],[9.759,37.319],[9.993,37.19],[10.227,37.255],[10.228,37.062],[10.305,37.062],[10.228,36.804],[10.462,36.739],[11.006,36.997],[11.006,36.804],[10.462,36.417],[10.54,36.353],[10.464,35.902],[10.696,35.709],[10.851,35.773],[10.928,35.58],[11.083,35.58],[11.083,35.387],[11.006,35.387],[11.083,35.001],[10.851,34.937],[10.851,34.808],[10.543,34.551],[10.004,34.293],[10.082,34.229],[10.006,33.907],[10.237,33.715],[10.544,33.715],[10.698,33.522],[11.082,33.586],[11.158,33.2],[11.464,33.2],[12.229,32.814],[12.612,32.879],[12.535,32.75],[12.841,32.75],[12.842,32.879],[13.302,32.943],[13.454,32.814],[13.761,32.879],[13.759,32.75],[14.065,32.75],[14.444,32.493],[14.675,32.557],[14.749,32.429],[15.055,32.429],[15.282,32.3],[15.425,31.658],[15.576,31.593],[15.649,31.4],[16.179,31.208],[16.864,31.208],[17.847,30.951],[18.222,30.758],[18.592,30.372],[18.896,30.372],[18.969,30.244],[19.655,30.372],[19.964,30.565],[19.968,30.694],[20.202,30.886],[20.134,31.143],[20.214,31.272],[19.996,31.593],[20.089,32.107],[20.017,32.236],[20.246,32.236],[20.331,32.493],[20.482,32.429],[20.563,32.557],[20.716,32.557],[20.644,32.686],[20.871,32.622],[21.108,32.814],[21.412,32.75],[21.879,32.943],[23.089,32.622],[23.081,32.429],[23.231,32.365],[23.149,32.236],[23.299,32.172],[23.68,32.172],[24.129,31.979],[24.892,31.979],[25.112,31.786],[25.102,31.593],[25.248,31.465],[26.848,31.465],[27.297,31.336],[27.515,31.143],[28.496,31.015],[28.865,30.822],[29.397,30.822],[29.485,31.015],[29.633,30.951],[29.87,31.079],[29.802,31.208],[29.882,31.272],[30.339,31.272],[30.271,31.4],[30.352,31.465],[30.809,31.465],[30.966,31.529],[30.975,31.658],[31.203,31.658],[31.118,31.529],[31.266,31.465],[31.875,31.465],[31.781,31.208],[31.937,31.272],[32,31.079],[32.304,31.079],[32.237,31.208],[32.389,31.208],[32.532,31.079],[32.765,31.143],[32.832,31.015],[33.983,31.143],[34.297,31.272],[34.308,31.4],[34.547,31.529],[34.639,31.722],[34.573,31.85],[34.813,31.979],[34.77,32.365],[35.022,32.622],[35.056,33.007],[35.215,33.072],[35.398,33.393],[35.346,33.65],[35.499,33.65],[35.447,33.907],[35.684,33.972],[35.644,34.358],[35.792,34.293],[36.049,34.551],[36.068,34.744],[35.927,34.872],[35.96,35.194],[35.882,35.194],[35.993,35.516],[35.845,35.58],[35.99,36.224],[35.842,36.288],[36.265,36.61],[36.286,36.804],[36.145,36.933],[35.834,36.933],[35.488,36.61],[35.113,36.739],[34.95,36.675],[34.893,36.868],[34.582,36.868],[34.251,36.675],[33.979,36.288],[33.274,36.224],[32.713,36.031],[32.558,36.031],[32.499,36.224],[32.068,36.61],[31.086,36.933],[30.619,36.933],[30.492,36.353],[30.026,36.353],[29.938,36.224],[29.24,36.224],[29.125,36.739],[28.736,36.739],[28.591,36.868],[28.357,36.868],[28.187,36.675],[28.031,36.675],[28.138,37.062],[28.065,37.126],[27.598,37.126],[27.539,37.384],[27.223,37.319],[27.31,37.448],[27.163,37.577],[27.256,37.771],[27.178,37.771],[27.275,38.029],[26.889,38.093],[26.82,38.222],[26.429,38.222],[26.384,38.674],[26.536,38.61],[26.595,38.351],[27.065,38.351],[27.08,38.545],[26.849,38.61],[26.958,38.997],[26.879,38.997],[26.894,39.191],[26.742,39.256],[26.847,39.579],[26.132,39.514],[26.272,40.291],[26.605,40.485],[26.684,40.485],[26.673,40.355],[27.47,40.42],[27.538,40.291],[27.696,40.291],[27.792,40.485],[27.95,40.485],[27.939,40.355],[29.046,40.355],[28.9,40.485],[28.913,40.614],[29.48,40.744],[29.493,40.874],[29.249,40.809],[29.103,40.938],[29.116,41.068],[28.633,41.003],[28.169,41.133],[28.077,41.003],[27.527,41.068],[27.017,40.679],[26.921,40.485],[26.626,40.744],[26.14,40.614],[26.082,40.874],[25.378,41.003],[24.347,41.003],[24.011,40.744],[23.698,40.809],[23.685,40.614],[23.839,40.55],[23.737,40.226],[23.267,40.291],[22.884,40.485],[22.892,40.614],[22.655,40.614],[22.56,40.355],[22.544,40.096],[22.702,40.096],[22.611,39.902],[23.135,39.45],[22.816,39.385],[22.797,39.062],[23.116,39.126],[23.108,38.997],[23.344,38.997],[23.493,38.868],[23.332,38.803],[23.025,38.933],[22.936,38.739],[23.167,38.674],[23.313,38.481],[23.626,38.481],[23.563,38.739],[24.03,38.674],[24.179,38.545],[24.159,38.222],[24.002,38.222],[23.979,37.835],[23.443,38.029],[23.208,38.029],[23.201,37.9],[23.044,37.9],[23.108,37.642],[23.342,37.642],[23.402,37.319],[23.169,37.319],[23.176,37.448],[22.949,37.577],[22.714,37.577],[22.701,37.319],[22.853,37.255],[23.056,36.675],[22.833,36.868],[22.599,36.868],[22.512,36.675],[22.356,36.675],[22.22,37.062],[21.909,37.062],[21.899,36.868],[21.744,36.868],[21.681,37.19],[21.603,37.19],[21.697,37.513],[21.244,37.835],[21.416,38.158],[21.729,38.158],[21.738,38.351],[21.193,38.416],[20.974,38.739],[20.741,38.803],[20.911,39.062],[20.297,39.385],[20.155,39.708],[19.912,39.579],[19.758,39.644],[19.764,39.773],[20,39.773],[20.009,39.967],[19.63,40.291],[19.471,40.291],[19.486,40.614],[19.249,40.614],[19.255,40.744],[19.498,40.874],[19.438,41.263],[19.523,41.392],[19.444,41.392],[19.53,41.522],[19.45,41.522],[19.542,41.782],[18.852,42.366],[18.143,42.626],[17.992,42.821],[17.593,42.886],[17.508,42.756],[17.516,42.951],[17.355,42.951],[17.365,43.212],[17.122,43.147],[17.051,43.407],[16.727,43.342],[16.734,43.538],[16.575,43.603],[15.927,43.472],[16.012,43.603],[15.857,43.798],[15.695,43.798],[15.619,43.929],[15.375,43.863],[15.459,43.994],[15.219,44.059],[15.147,44.385],[14.909,44.581],[14.919,44.973],[14.516,45.104],[14.603,45.366],[14.196,45.366],[14.189,45.039],[13.946,45.039],[13.943,44.908],[13.781,44.908],[13.706,45.235],[13.544,45.3],[13.547,45.497],[13.71,45.497],[13.715,45.759],[13.39,45.824],[13.145,45.824],[13.06,45.628],[12.817,45.693],[12.652,45.562],[12.163,45.497],[12.16,45.17],[12.403,45.039],[12.4,44.777],[12.157,44.843],[12.154,44.451],[12.313,44.19],[12.873,43.798],[13.036,43.863],[13.034,43.733],[13.355,43.668],[13.673,43.407],[13.747,43.082],[13.985,42.951],[13.901,42.756],[14.056,42.496],[14.371,42.236],[14.531,42.236],[14.608,42.106],[14.769,42.171],[14.766,42.041],[14.924,41.976],[15.165,42.041],[15.241,41.911],[16.119,41.911],[16.115,41.782],[15.874,41.717],[15.944,41.392],[17.203,41.003],[17.511,40.744],[17.981,40.614],[18.438,40.161],[18.349,39.902],[18.112,39.902],[17.813,40.355],[17.418,40.355],[17.345,40.55],[17.028,40.55],[16.868,40.485],[16.945,40.42],[16.862,40.291],[16.624,40.291],[16.697,40.096],[16.457,39.967],[16.447,39.644],[16.916,39.514],[17.07,39.385],[17.138,39.062],[16.502,38.803],[16.492,38.416],[15.933,37.964],[15.698,37.964],[15.624,38.158],[15.389,38.158],[15.066,37.642],[15.059,37.255],[15.214,37.19],[15.05,36.739],[14.661,36.739],[14.278,37.126],[13.578,37.255],[13.192,37.577],[12.49,37.706],[12.492,37.9],[12.65,38.093],[13.04,38.029],[13.12,38.158],[13.355,38.158],[13.665,37.964],[14.056,37.964],[15.862,38.287],[15.95,38.674],[16.265,38.739],[16.27,38.933],[16.117,39.062],[15.899,39.773],[15.666,39.902],[15.748,40.032],[15.432,40.032],[15.199,40.226],[15.041,40.226],[14.893,40.679],[14.418,40.679],[14.422,40.874],[14.105,40.874],[13.951,41.133],[13.792,41.133],[13.715,41.263],[13,41.327],[12.922,41.457],[12.605,41.522],[12.131,41.911],[12.132,42.041],[11.813,42.106],[11.655,42.366],[11.495,42.301],[11.415,42.431],[11.255,42.431],[11.176,42.626],[11.016,42.626],[11.016,42.821],[10.535,43.082],[10.212,43.994],[9.889,43.994],[9.97,44.124],[9.727,44.124],[9.159,44.451],[8.432,44.385],[8.034,43.929],[7.15,43.733],[6.993,43.538],[6.673,43.472],[6.518,43.212],[6.278,43.147],[5.796,43.147],[5.632,43.277],[5.391,43.277],[5.387,43.407],[5.063,43.472],[4.178,43.472],[4.173,43.603],[3.851,43.603],[3.617,43.407],[3.14,43.277],[2.985,43.147],[3.01,42.561],[3.178,42.366],[3.117,41.911],[2.573,41.587],[2.334,41.587],[2.107,41.327],[1.238,41.198],[0.696,40.938],[0.709,40.679],[0.248,40.42],[0.183,40.161],[-0.126,40.032],[-0.345,39.708],[-0.314,39.126],[0.099,38.739],[-0.661,38.287],[-0.803,38.029],[-0.705,37.642],[-1.709,37.448],[-1.623,37.319],[-1.857,37.319],[-2.062,36.804],[-2.532,36.868],[-2.68,36.739],[-4.469,36.739],[-4.689,36.546],[-5.228,36.482],[-5.288,36.224],[-5.662,36.031],[-5.831,36.224],[-6.064,36.224],[-6.33,36.675],[-6.35,36.933],[-6.588,36.997],[-6.842,37.255],[-7.465,37.255],[-7.455,37.126],[-7.678,36.997],[-8.701,37.126],[-9.001,36.997],[-8.897,37.577],[-8.819,37.577],[-8.823,38.481],[-9.209,38.416],[-9.233,38.674],[-9.384,38.61],[-9.553,38.739],[-9.572,38.933],[-9.427,39.062],[-9.387,39.45],[-9.157,39.514],[-9.104,39.773],[-9.025,39.773],[-8.925,40.355],[-8.846,40.355],[-8.872,40.614],[-8.727,40.744],[-8.956,42.171],[-8.657,42.366],[-9.079,42.561],[-9.1,42.756],[-9.275,42.886],[-9.305,43.147],[-9.159,43.277],[-8.852,43.407],[-8.369,43.407],[-8.39,43.603],[-8.244,43.733],[-7.276,43.733],[-7.343,43.603],[-7.176,43.538],[-5.733,43.603],[-4.99,43.407],[-3.467,43.472],[-3.296,43.342],[-1.688,43.342],[-1.388,43.668],[-1.349,44.255],[-1.268,44.255],[-1.286,44.516],[-1.205,44.516],[-1.252,45.17],[-1.171,45.17],[-1.189,45.431],[-1.031,45.497],[-1.045,45.693],[-1.213,45.759],[-1.141,45.89],[-1.223,45.89],[-1.252,46.283],[-1.666,46.349],[-2.014,46.612],[-2.025,46.743],[-2.194,46.809],[-2.139,47.137],[-2.232,47.269],[-2.562,47.269],[-2.578,47.466],[-2.826,47.466],[-2.837,47.598],[-3.156,47.466],[-3.344,47.73],[-3.757,47.73],[-3.935,47.862],[-4.424,47.796],[-4.692,47.994],[-4.705,48.126],[-4.546,48.192],[-4.643,48.324],[-4.891,48.324],[-4.912,48.522],[-4.6,48.72],[-3.852,48.72],[-3.455,48.919],[-3.122,48.919],[-2.759,48.588],[-2.522,48.72],[-1.602,48.654],[-1.718,49.051],[-1.635,49.051],[-1.652,49.25],[-1.913,49.383],[-2.032,49.781],[-1.362,49.781],[-1.251,49.449],[0.007,49.383],[-0.012,49.648],[0.224,49.847],[1.053,49.98],[1.455,50.246],[1.425,50.712],[1.656,51.046],[2.578,51.179],[2.739,51.313],[3.41,51.447],[3.399,51.647],[3.739,51.647],[3.647,51.781],[3.98,51.915],[4.056,52.116],[4.232,51.982],[5.248,52.116],[5.934,51.982],[6.023,51.848],[6.626,51.58],[6.628,51.513],[6.885,51.38],[7.065,50.979],[7.319,50.912],[7.24,50.712]]],[[[20.699,37.9],[20.934,37.9],[20.922,37.642],[20.613,37.706],[20.621,37.9],[20.699,37.9]]],[[[24.772,38.029],[25.068,37.771],[24.83,37.706],[24.682,37.835],[24.694,38.029],[24.772,38.029]]],[[[20.328,38.351],[20.488,38.416],[20.566,38.416],[20.795,38.287],[20.786,38.093],[20.32,38.158],[20.328,38.351]]],[[[23.567,38.803],[23.563,38.739],[23.485,38.739],[23.489,38.803],[23.567,38.803]]],[[[24.365,38.997],[24.444,38.997],[24.675,38.933],[24.662,38.739],[24.357,38.868],[24.365,38.997]]],[[[20.073,39.644],[20.152,39.644],[20.149,39.579],[20.07,39.579],[20.073,39.644]]],[[[25.146,40.032],[25.462,40.032],[25.447,39.838],[24.974,39.838],[25.067,40.032],[25.146,40.032]]],[[[24.491,40.809],[24.57,40.809],[24.808,40.809],[24.794,40.614],[24.551,40.55],[24.491,40.809]]],[[[19.166,47.072],[19.084,47.072],[19.087,47.137],[19.169,47.137],[19.166,47.072]]],[[[38.131,26.965],[38.056,26.965],[38.06,27.029],[38.135,27.029],[38.131,26.965]]],[[[37.839,27.094],[37.844,27.158],[37.919,27.158],[37.914,27.094],[37.839,27.094]]],[[[33.695,34.937],[33.523,34.744],[33.132,34.679],[33.044,34.551],[32.367,34.744],[32.229,34.937],[32.246,35.13],[32.555,35.13],[32.875,35.258],[32.887,35.387],[33.737,35.387],[34.31,35.709],[34.387,35.709],[34.542,35.709],[34.529,35.58],[33.957,35.258],[34.087,35.001],[33.695,34.937]]],[[[27.693,36.288],[28.017,36.482],[28.095,36.482],[28.25,36.482],[28.139,36.031],[27.743,35.902],[27.693,36.288]]],[[[27.117,36.933],[27.185,36.804],[26.865,36.675],[27.039,36.933],[27.117,36.933]]],[[[25.339,37.126],[25.417,37.126],[25.573,37.126],[25.564,36.997],[25.331,36.997],[25.339,37.126]]],[[[26.158,37.706],[26.314,37.706],[26.305,37.577],[25.988,37.513],[26.08,37.706],[26.158,37.706]]],[[[25.821,38.481],[25.913,38.674],[25.991,38.674],[26.217,38.545],[26.111,38.158],[25.876,38.158],[25.899,38.481],[25.821,38.481]]],[[[26.103,39.126],[25.793,39.191],[26.044,39.385],[26.123,39.385],[26.511,39.32],[26.644,38.997],[26.246,38.933],[26.094,38.997],[26.103,39.126]]],[[[25.719,40.291],[25.798,40.291],[26.035,40.291],[26.025,40.161],[25.704,40.096],[25.719,40.291]]],[[[27.13,46.94],[27.136,47.006],[27.219,47.006],[27.212,46.94],[27.13,46.94]]]]}},{"type":"Feature","id":"cliopatria-c0ed34efbb23bb13241980b8","properties":{"NAME":"Han Dynasty","ABBREVN":null,"CONTROL":null,"SUBJECTO":"Han Dynasty","PARTOF":null,"BORDERPRECISION":1,"FromYear":117,"ToYear":153,"Area":3819789.380468832,"Type":"POLITY","Wikipedia":"Han dynasty","Wikidata":"Q1068371","SeshatID":"cn_eastern_han_dyn","Components":"","MemberOf":"","sourceFeatureId":"cliopatria-c0ed34efbb23bb13241980b8","datasetId":"cliopatria"},"geometry":{"type":"MultiPolygon","coordinates":[[[[110.179,18.479],[109.862,18.35],[109.841,18.222],[109.25,18.222],[109.123,18.35],[108.765,18.415],[108.638,18.543],[108.704,19.379],[109.203,19.701],[109.246,19.958],[110.157,20.086],[110.591,20.022],[110.613,20.151],[110.909,20.151],[111.087,19.893],[111.032,19.572],[110.884,19.572],[110.851,19.379],[110.681,19.251],[110.508,18.672],[110.19,18.543],[110.179,18.479]]],[[[125.835,37.9],[125.678,37.9],[125.387,37.642],[125.231,37.642],[125.298,37.771],[125.209,37.9],[124.897,37.9],[125.077,38.093],[124.764,38.093],[124.866,38.287],[124.788,38.287],[124.961,38.61],[125.153,38.674],[125.189,38.739],[125.032,38.739],[125.39,39.385],[125.306,39.514],[124.87,39.579],[124.865,39.708],[124.512,39.644],[124.345,39.902],[124.034,39.773],[123.597,39.838],[122.936,39.644],[122.17,39.256],[121.952,38.997],[121.716,38.997],[121.422,38.739],[121.029,38.739],[121.201,39.062],[121.515,39.062],[121.69,39.385],[121.297,39.385],[121.21,39.514],[121.281,39.644],[121.438,39.644],[121.503,39.902],[121.776,39.967],[122.231,40.485],[122.106,40.679],[121.827,40.744],[121.824,40.874],[121.11,40.874],[120.997,40.679],[120.647,40.485],[120.5,40.226],[119.38,39.773],[119.215,39.32],[118.989,39.191],[118.45,39.062],[118.057,39.062],[118.046,39.191],[117.776,39.126],[117.576,38.739],[117.655,38.739],[117.602,38.481],[117.759,38.481],[117.773,38.351],[118.054,38.287],[118.067,38.158],[118.583,38.093],[118.648,38.222],[118.804,38.222],[118.772,38.158],[119.457,37.964],[119.393,37.835],[119.237,37.835],[118.984,37.319],[119.14,37.319],[119.156,37.19],[119.701,37.19],[119.827,37.448],[120.202,37.577],[120.188,37.706],[120.754,37.9],[121.112,37.835],[121.171,37.642],[121.483,37.642],[121.497,37.513],[122.154,37.577],[122.121,37.513],[122.713,37.448],[122.474,37.126],[122.566,36.997],[122.394,36.804],[121.912,36.933],[121.212,36.61],[120.979,36.61],[120.965,36.417],[120.732,36.417],[120.659,36.095],[120.318,36.031],[119.986,35.645],[119.619,35.516],[119.228,34.808],[119.459,34.808],[119.431,34.744],[119.711,34.679],[119.732,34.551],[120.342,34.358],[120.489,34.165],[120.55,33.586],[120.926,33.2],[120.919,32.622],[121.403,32.493],[121.503,32.172],[121.961,31.979],[121.937,31.722],[121.836,31.658],[121.301,31.85],[120.919,31.85],[121.454,31.658],[121.481,31.529],[121.634,31.529],[121.584,31.4],[121.737,31.4],[121.995,31.079],[121.899,30.822],[121.519,30.822],[121.197,30.565],[121.045,30.565],[120.68,30.179],[120.809,30.115],[121.105,30.308],[121.484,30.308],[121.62,30.051],[122.03,29.922],[121.865,29.665],[122.016,29.665],[121.938,29.215],[121.712,29.215],[121.745,29.537],[121.571,29.472],[121.647,29.472],[121.539,29.151],[121.744,29.087],[121.714,28.765],[121.522,28.637],[121.652,28.572],[121.646,28.315],[121.379,28.187],[121.153,28.187],[121.193,28.315],[121.118,28.315],[121.038,28.058],[120.868,27.994],[120.715,27.737],[120.657,27.544],[120.733,27.544],[120.545,27.158],[120.395,27.158],[120.247,26.901],[120.096,26.901],[120.061,26.772],[120.211,26.772],[120.158,26.579],[119.84,26.515],[119.938,26.322],[119.587,26.129],[119.778,26.001],[119.53,25.615],[119.904,25.615],[119.872,25.486],[119.616,25.358],[119.273,25.486],[119.391,25.358],[119.344,25.165],[119.029,25.101],[119.074,24.972],[118.819,24.844],[118.76,24.586],[118.147,24.522],[118.076,24.201],[117.721,23.943],[117.694,23.815],[117.47,23.815],[117.179,23.493],[116.894,23.558],[116.78,23.365],[116.815,23.172],[116.591,23.172],[116.54,22.915],[115.696,22.786],[115.671,22.658],[115.373,22.658],[115.174,22.786],[114.902,22.529],[114.753,22.529],[114.641,22.722],[114.531,22.143],[114.37,22.079],[113.999,22.079],[113.996,22.465],[113.785,22.529],[113.747,22.722],[113.599,22.722],[113.699,22.465],[113.639,22.143],[113.416,22.143],[113.318,22.015],[113.106,22.079],[113.071,21.886],[112.774,21.886],[112.441,21.693],[111.859,21.758],[111.664,21.501],[110.984,21.436],[110.739,21.308],[110.716,21.179],[110.419,21.179],[110.483,21.115],[110.364,20.858],[110.616,20.601],[110.487,20.279],[109.883,20.215],[109.927,20.472],[109.789,20.536],[109.77,20.858],[109.696,20.858],[109.87,21.436],[109.807,21.501],[109.116,21.372],[109.086,21.629],[108.652,21.693],[108.555,21.565],[107.79,21.436],[107.417,20.986],[106.961,20.922],[106.834,20.601],[106.685,20.601],[106.537,20.151],[105.965,19.829],[105.734,18.865],[106.051,18.543],[106.031,18.415],[106.178,18.415],[106.295,18.222],[106.57,18.093],[106.571,17.643],[106.772,17.515],[106.752,17.386],[107.026,17.258],[106.607,16.936],[106.396,17],[106.416,17.129],[105.144,18.415],[105.185,18.672],[105.037,18.672],[105.142,18.865],[105.015,18.993],[105.014,19.443],[104.94,19.443],[104.992,19.765],[104.865,19.893],[104.981,20.151],[104.44,20.472],[104.619,20.665],[104.905,20.601],[104.873,20.858],[105.096,20.858],[104.851,21.179],[104.979,21.501],[104.926,21.629],[105.096,21.758],[105.128,21.951],[104.874,22.208],[105.249,22.658],[105.175,22.658],[105.22,22.915],[105.117,23.172],[104.956,23.108],[104.905,23.236],[102.99,23.365],[102.801,23.558],[102.651,23.558],[102.474,23.815],[102.325,23.815],[102.086,24.136],[101.811,24.265],[101.462,25.165],[101.398,25.936],[101.196,26.387],[101.09,27.544],[101.014,27.544],[101.05,27.994],[100.915,28.058],[101.039,28.251],[100.964,28.251],[101.03,28.508],[100.955,28.508],[101.022,28.765],[100.881,29.087],[100.951,29.344],[100.875,29.344],[100.964,29.665],[100.889,29.665],[100.961,29.922],[100.885,29.922],[100.978,30.244],[100.902,30.244],[101.015,30.629],[100.939,30.629],[101.055,31.015],[100.979,31.015],[101.687,32.75],[102.552,33.264],[103.034,33.329],[103.332,33.522],[103.493,33.972],[103.355,34.229],[103.527,34.486],[103.45,34.486],[103.735,35.451],[103.63,35.58],[103.649,36.224],[103.467,36.353],[103.518,36.482],[103.389,36.546],[103.44,36.675],[103.311,36.739],[103.363,36.868],[103.208,37.062],[102.871,37.19],[102.611,37.126],[102.586,37.255],[102.171,37.384],[102.172,37.577],[102.043,37.642],[102.096,37.771],[101.755,37.513],[101.601,37.706],[101.315,37.771],[101.29,37.9],[100.796,38.029],[100.799,38.222],[100.642,38.222],[100.414,38.61],[100.199,38.287],[99.862,38.416],[99.379,39.126],[99.092,39.191],[99.12,39.256],[98.958,39.062],[98.384,39.191],[98.117,38.933],[97.96,38.933],[97.857,39.062],[97.492,39.126],[97.468,39.256],[96.763,39.45],[96.681,39.256],[96.76,39.256],[96.678,39.062],[96.757,39.062],[96.677,38.868],[96.755,38.868],[96.649,38.61],[96.414,38.61],[96.31,38.739],[95.682,38.933],[95.319,39.385],[94.977,39.32],[94.506,39.514],[93.955,39.514],[93.088,39.32],[92.248,39.385],[91.123,39.126],[89.58,38.997],[88.746,38.868],[87.662,38.481],[86.44,38.351],[86.081,38.222],[85.813,37.9],[85.356,37.706],[85.113,37.448],[82.101,36.804],[82.024,36.804],[81.695,36.997],[82.055,37.642],[82.488,37.771],[82.907,38.093],[85.148,39.126],[85.376,39.32],[88.246,40.226],[88.562,40.226],[90.781,40.809],[92.106,40.938],[92.134,41.003],[92.213,41.003],[92.293,41.003],[92.372,41.003],[92.451,41.003],[92.48,41.068],[93.296,40.938],[93.268,40.874],[93.715,40.809],[93.687,40.744],[95.23,41.003],[97.214,41.003],[97.184,40.938],[97.888,40.744],[98.037,40.55],[98.274,40.55],[98.503,40.355],[98.948,40.291],[98.918,40.226],[99.284,40.161],[99.384,40.032],[100.173,40.032],[100.144,39.967],[100.381,39.967],[100.737,39.708],[101.181,39.644],[101.165,39.256],[101.559,39.256],[101.63,39.062],[102.123,38.933],[102.095,38.868],[103.132,39.256],[103.812,39.708],[104.583,39.838],[104.668,39.514],[103.939,39.126],[103.608,38.739],[104.108,38.803],[103.836,38.545],[103.751,38.351],[103.88,38.287],[103.663,37.964],[103.764,37.835],[104.362,37.771],[104.463,37.642],[105.774,37.964],[107.359,37.835],[108.539,38.029],[108.51,37.964],[108.745,37.964],[108.843,37.835],[110.123,37.9],[110.094,37.835],[110.484,37.835],[110.455,37.771],[111.743,37.513],[113.004,39.644],[113.623,40.226],[113.76,40.485],[114.958,40.938],[115.992,41.782],[117.338,42.171],[117.737,42.171],[117.701,41.976],[117.823,41.911],[117.708,41.717],[117.791,41.587],[118.072,41.522],[118.034,41.457],[118.47,41.522],[118.432,41.457],[118.671,41.457],[118.633,41.392],[118.83,41.457],[118.792,41.392],[119.428,41.392],[119.39,41.327],[121.021,41.263],[123.167,41.911],[123.127,41.847],[123.405,41.782],[123.365,41.717],[123.604,41.717],[123.564,41.652],[124.042,41.522],[124.002,41.457],[124.28,41.392],[124.24,41.327],[124.479,41.327],[124.439,41.263],[124.717,41.198],[124.678,41.133],[124.995,41.133],[125.433,41.327],[126.108,41.263],[126.187,41.133],[126.742,41.003],[126.623,40.679],[126.425,40.614],[126.269,40.355],[126.432,40.096],[126.709,40.032],[126.832,39.838],[126.728,39.385],[126.964,39.385],[126.854,39.191],[127.023,38.933],[126.937,38.351],[126.348,37.835],[126.27,37.835],[125.845,37.771],[125.835,37.9]]],[[[122.273,30.179],[122.28,29.987],[121.977,29.987],[122.022,30.115],[122.045,30.179],[122.273,30.179]]]]}},{"type":"Feature","id":"cliopatria-df8d5c696e4c8275705e1d48","properties":{"NAME":"Xianbei","ABBREVN":null,"CONTROL":null,"SUBJECTO":"Xianbei","PARTOF":null,"BORDERPRECISION":1,"FromYear":117,"ToYear":153,"Area":3508879.848235754,"Type":"POLITY","Wikipedia":"Xianbei","Wikidata":"Q861054","SeshatID":"mn_xianbei","Components":"","MemberOf":"","sourceFeatureId":"cliopatria-df8d5c696e4c8275705e1d48","datasetId":"cliopatria"},"geometry":{"type":"MultiPolygon","coordinates":[[[[101.027,51.58],[101.112,51.58],[101.875,51.58],[101.829,51.513],[102.123,51.447],[102.077,51.38],[102.201,51.313],[102.11,51.179],[102.353,50.912],[102.263,50.779],[102.348,50.779],[102.383,50.579],[102.76,50.512],[102.716,50.446],[102.884,50.446],[102.84,50.379],[103.177,50.379],[103.133,50.313],[103.301,50.313],[103.257,50.246],[104.181,50.246],[105.032,50.512],[106.417,50.446],[106.372,50.379],[106.792,50.379],[106.746,50.313],[107.282,50.113],[107.236,50.046],[107.823,50.046],[107.817,49.914],[107.984,49.914],[108.055,49.648],[108.345,49.582],[108.34,49.449],[109.381,49.383],[109.336,49.316],[109.753,49.316],[109.709,49.25],[110.877,49.25],[111.347,49.449],[112.86,49.582],[113.311,49.98],[114.141,50.313],[114.814,50.313],[114.764,50.246],[115.016,50.246],[114.967,50.179],[115.372,50.046],[115.323,49.98],[115.575,49.98],[115.526,49.914],[116.463,50.046],[116.413,49.98],[116.699,49.914],[116.65,49.847],[117.187,49.781],[117.138,49.714],[117.591,49.648],[117.542,49.582],[117.96,49.582],[118.325,49.847],[118.895,50.046],[119.749,49.847],[119.699,49.781],[120.034,49.781],[119.983,49.714],[120.736,49.383],[120.788,49.118],[120.954,49.118],[121.111,48.654],[121.277,48.654],[121.298,48.456],[121.486,48.258],[121.391,48.126],[121.474,48.126],[121.604,47.73],[121.769,47.73],[121.793,47.532],[122.406,47.466],[122.36,47.401],[122.89,47.335],[122.843,47.269],[123.255,47.269],[123.244,47.137],[123.526,47.072],[123.587,46.809],[123.885,46.415],[123.793,46.283],[123.911,46.218],[123.857,46.021],[124.256,45.89],[124.084,45.759],[124.166,45.759],[124.157,45.628],[124.239,45.628],[124.34,45.3],[124.503,45.3],[124.568,45.039],[124.73,45.039],[124.686,44.973],[124.84,44.843],[124.744,44.581],[124.825,44.581],[124.781,44.516],[124.898,44.451],[124.81,44.32],[124.928,44.255],[124.482,43.342],[124.6,43.277],[124.51,43.017],[124.789,42.951],[125.013,42.431],[125.093,42.431],[124.607,42.171],[123.167,41.911],[121.021,41.263],[119.39,41.327],[119.428,41.392],[118.792,41.392],[118.83,41.457],[118.633,41.392],[118.671,41.457],[118.432,41.457],[118.47,41.522],[118.034,41.457],[118.072,41.522],[117.791,41.587],[117.708,41.717],[117.823,41.911],[117.701,41.976],[117.737,42.171],[117.338,42.171],[115.992,41.782],[114.958,40.938],[113.76,40.485],[113.623,40.226],[113.004,39.644],[111.743,37.513],[110.455,37.771],[110.484,37.835],[110.094,37.835],[110.123,37.9],[108.843,37.835],[108.745,37.964],[108.51,37.964],[108.539,38.029],[107.359,37.835],[105.774,37.964],[104.463,37.642],[104.362,37.771],[103.764,37.835],[103.663,37.964],[103.88,38.287],[103.751,38.351],[103.836,38.545],[104.108,38.803],[103.608,38.739],[103.939,39.126],[104.668,39.514],[104.583,39.838],[103.812,39.708],[103.132,39.256],[102.095,38.868],[102.123,38.933],[101.63,39.062],[101.559,39.256],[101.165,39.256],[101.181,39.644],[100.737,39.708],[100.381,39.967],[100.144,39.967],[100.173,40.032],[99.384,40.032],[99.284,40.161],[98.918,40.226],[98.948,40.291],[98.503,40.355],[98.274,40.55],[98.037,40.55],[97.888,40.744],[97.184,40.938],[97.214,41.003],[95.23,41.003],[93.687,40.744],[93.715,40.809],[93.268,40.874],[93.296,40.938],[92.48,41.068],[91.27,41.392],[91.299,41.457],[90.696,41.717],[90.195,41.847],[90.223,41.911],[89.402,42.041],[89.43,42.106],[88.82,42.171],[88.848,42.236],[87.254,42.431],[87.282,42.496],[85.764,42.691],[85.792,42.756],[84.108,42.756],[82.056,42.236],[80.214,42.431],[80.287,42.821],[80.473,42.886],[80.471,43.082],[80.632,43.082],[80.791,43.277],[80.683,43.407],[80.735,43.538],[80.357,43.994],[80.383,44.451],[80.302,44.451],[80.41,44.712],[79.978,44.843],[79.951,44.973],[81.388,45.3],[81.93,45.235],[82.233,45.562],[82.021,45.824],[81.939,45.824],[81.619,46.218],[81.632,46.809],[81.526,46.94],[81.362,46.94],[81.285,47.137],[81.12,47.137],[81.096,47.269],[81.179,47.269],[85.324,48.192],[85.786,48.456],[86.233,48.522],[86.433,48.919],[86.985,49.184],[86.971,49.316],[87.304,49.316],[87.743,49.515],[88.077,49.515],[89.837,49.98],[90.116,50.179],[90.78,50.313],[91.063,50.512],[91.315,50.512],[91.892,50.779],[92.771,50.979],[93.272,51.246],[95.005,51.714],[98.585,52.116],[98.932,52.25],[98.886,52.183],[99.267,52.116],[99.221,52.049],[99.391,52.049],[99.346,51.982],[99.686,51.982],[99.641,51.915],[100.105,51.848],[100.06,51.781],[100.739,51.781],[100.694,51.714],[100.948,51.714],[100.903,51.647],[101.073,51.647],[101.027,51.58]]]]}},{"type":"Feature","id":"cliopatria-0a3758b5186b7f03aff9ad84","properties":{"NAME":"Protectorate of the Western Regions","ABBREVN":null,"CONTROL":null,"SUBJECTO":"Protectorate of the Western Regions","PARTOF":null,"BORDERPRECISION":1,"FromYear":117,"ToYear":183,"Area":272537.68493561936,"Type":"POLITY","Wikipedia":"Protectorate of the Western Regions","Wikidata":"Q911440","SeshatID":"","Components":"","MemberOf":"","sourceFeatureId":"cliopatria-0a3758b5186b7f03aff9ad84","datasetId":"cliopatria"},"geometry":{"type":"MultiPolygon","coordinates":[[[[92.134,41.003],[92.106,40.938],[90.781,40.809],[88.562,40.226],[88.246,40.226],[85.376,39.32],[85.148,39.126],[82.907,38.093],[82.488,37.771],[82.055,37.642],[81.695,36.997],[82.024,36.804],[81.946,36.804],[81.031,36.61],[80.371,36.997],[79.398,37.126],[79.145,37.319],[78.561,37.448],[78.58,37.513],[79.23,38.093],[79.374,38.545],[79.239,38.61],[79.244,38.868],[79.073,39.062],[78.916,39.062],[78.88,39.191],[78.722,39.191],[78.765,39.32],[78.222,39.579],[78.275,39.967],[78.782,40.291],[79.689,40.614],[79.926,40.614],[81.308,41.133],[83.236,41.392],[85.782,41.392],[87.769,41.198],[87.742,41.133],[88.88,41.003],[88.853,40.938],[89.805,40.938],[90.312,41.198],[90.696,41.717],[91.299,41.457],[91.27,41.392],[92.48,41.068],[92.451,41.003],[92.372,41.003],[92.293,41.003],[92.213,41.003],[92.134,41.003]]]]}},{"type":"Feature","id":"cliopatria-167d2a002211dbfa64f82afb","properties":{"NAME":"Dong-okjeo","ABBREVN":null,"CONTROL":null,"SUBJECTO":"Dong-okjeo","PARTOF":null,"BORDERPRECISION":1,"FromYear":127,"ToYear":153,"Area":31981.260686667334,"Type":"POLITY","Wikipedia":"Okjeo","Wikidata":"Q713393","SeshatID":"","Components":"","MemberOf":"","sourceFeatureId":"cliopatria-167d2a002211dbfa64f82afb","datasetId":"cliopatria"},"geometry":{"type":"MultiPolygon","coordinates":[[[[128.171,39.967],[128.092,39.967],[127.583,39.773],[127.628,39.579],[127.59,39.514],[126.964,39.385],[126.728,39.385],[126.832,39.838],[126.709,40.032],[126.432,40.096],[126.269,40.355],[126.425,40.614],[126.623,40.679],[127.059,40.874],[127.376,40.874],[127.456,41.003],[128.132,41.068],[128.493,41.263],[129.088,41.198],[129.727,41.327],[129.806,41.327],[129.882,41.198],[129.756,40.874],[129.238,40.679],[129.078,40.42],[128.919,40.42],[128.171,39.967]]]]}},{"type":"Feature","id":"cliopatria-600bba6aa9adb5308dc0952b","properties":{"NAME":"Kingdom of Gordyene","ABBREVN":null,"CONTROL":null,"SUBJECTO":"Kingdom of Gordyene","PARTOF":null,"BORDERPRECISION":1,"FromYear":127,"ToYear":153,"Area":14076.352872552225,"Type":"POLITY","Wikipedia":"Corduene","Wikidata":"Q29237","SeshatID":"","Components":"","MemberOf":"","sourceFeatureId":"cliopatria-600bba6aa9adb5308dc0952b","datasetId":"cliopatria"},"geometry":{"type":"MultiPolygon","coordinates":[[[[42.88,37.771],[42.765,37.513],[41.984,37.513],[41.178,37.319],[40.181,37.448],[40.051,37.642],[40.094,37.964],[40.572,38.029],[41.667,38.029],[41.97,37.964],[42.03,37.835],[42.811,37.835],[42.88,37.771]]]]}},{"type":"Feature","id":"cliopatria-03adfddcfcf5c67366ec75cb","properties":{"NAME":"Kushan Empire","ABBREVN":null,"CONTROL":null,"SUBJECTO":"Kushan Empire","PARTOF":null,"BORDERPRECISION":1,"FromYear":127,"ToYear":153,"Area":2267302.500889771,"Type":"POLITY","Wikipedia":"Kushan Empire","Wikidata":"Q25979","SeshatID":"af_kushan_emp","Components":"","MemberOf":"","sourceFeatureId":"cliopatria-03adfddcfcf5c67366ec75cb","datasetId":"cliopatria"},"geometry":{"type":"MultiPolygon","coordinates":[[[[78.502,37.513],[78.093,37.706],[77.667,38.351],[77.51,38.351],[77.414,38.545],[77.258,38.545],[77.025,38.803],[75.792,39.126],[73.69,39.45],[73.63,39.256],[73.748,39.126],[73.494,38.545],[72.989,38.158],[72.626,37.706],[72.37,37.062],[72.448,37.062],[72.283,36.739],[72.258,36.353],[72.501,36.095],[72.468,35.966],[72.64,36.031],[72.606,35.902],[72.822,35.838],[72.711,35.709],[73.441,34.937],[73.811,34.872],[73.701,34.744],[73.993,34.679],[74.038,34.551],[74.192,34.551],[74.297,34.358],[74.451,34.358],[74.634,34.165],[74.602,34.036],[75.028,33.586],[74.996,33.457],[75.134,33.393],[75.103,33.264],[75.241,33.2],[75.271,33.007],[75.424,33.007],[75.469,32.879],[75.882,32.686],[76.127,32.75],[76.081,32.557],[76.601,32.172],[78.448,31.593],[78.844,31.658],[78.814,31.529],[79.18,31.465],[79.607,31.015],[79.624,30.758],[79.869,30.501],[79.845,30.051],[79.954,29.858],[79.885,29.537],[79.961,29.537],[79.867,29.087],[80.166,28.701],[80.681,28.637],[80.957,28.508],[81.195,28.187],[81.885,27.865],[82.538,27.737],[83.078,27.415],[84.357,27.415],[84.36,26.644],[84.511,26.644],[84.44,26.258],[84.515,26.258],[84.299,24.008],[84.373,24.008],[84.051,22.786],[83.834,22.272],[83.676,22.208],[83.618,21.758],[83.543,21.758],[83.535,21.693],[82.619,22.658],[82.471,22.658],[82.347,22.851],[82.058,22.915],[81.86,23.108],[81.637,23.108],[81.514,23.301],[81.299,23.365],[81.185,23.622],[80.585,24.136],[79.38,24.586],[78.576,24.715],[78.314,24.972],[78.367,25.808],[78.292,25.808],[78.332,26.515],[78.257,26.515],[78.236,26.837],[77.238,26.708],[77.11,26.837],[76.584,26.837],[73.959,26.387],[73.479,26.194],[73.179,26.194],[71.905,25.679],[71.235,25.165],[71.086,25.165],[70.57,24.651],[70.605,24.329],[70.448,24.265],[70.424,24.072],[70.065,23.558],[69.5,23.172],[69.039,23.043],[69.025,22.915],[68.95,22.915],[68.606,23.172],[68.552,23.365],[68.336,23.429],[68.35,23.558],[68.127,23.558],[68.155,23.815],[67.633,23.815],[67.491,23.879],[67.438,24.072],[67.289,24.072],[67.326,24.393],[67.148,24.779],[66.632,24.844],[66.64,24.908],[67.112,25.101],[67.502,25.808],[67.197,26.322],[67.175,27.222],[67.062,27.479],[67.121,27.865],[67.046,27.865],[67.041,28.315],[66.965,28.315],[67.007,28.572],[66.931,28.572],[67.135,29.344],[66.995,29.408],[66.888,29.665],[66.434,29.665],[66.077,29.794],[66.316,29.858],[66.418,30.436],[66.343,30.436],[66.525,31.015],[66.449,31.015],[66.483,31.593],[66.102,31.593],[65.694,31.85],[65.02,31.915],[64.383,32.172],[63.555,32.236],[63.426,32.365],[63.873,33.843],[64.324,34.165],[64.574,34.615],[65.092,34.872],[64.854,35.194],[64.829,35.773],[64.751,35.773],[65.155,38.739],[65.077,38.739],[65.144,38.997],[65.065,38.997],[65.282,39.514],[65.203,39.514],[65.291,39.838],[65.564,39.967],[65.883,40.809],[65.962,40.809],[66.653,41.263],[66.891,41.263],[67.547,41.587],[68.025,41.587],[68.223,41.457],[68.978,41.327],[69.58,41.717],[70.016,41.587],[71.63,41.652],[71.841,41.327],[72.137,41.263],[72.232,41.068],[72.47,41.068],[73.019,40.809],[73.343,41.068],[74.751,41.003],[77.35,41.392],[77.374,41.457],[77.875,41.522],[80.028,42.366],[80.108,42.366],[80.134,42.431],[80.214,42.431],[82.056,42.236],[84.108,42.756],[85.792,42.756],[85.764,42.691],[87.282,42.496],[87.254,42.431],[88.848,42.236],[88.82,42.171],[89.43,42.106],[89.402,42.041],[90.223,41.911],[90.195,41.847],[90.696,41.717],[90.312,41.198],[89.805,40.938],[88.853,40.938],[88.88,41.003],[87.742,41.133],[87.769,41.198],[85.782,41.392],[83.236,41.392],[81.308,41.133],[79.926,40.614],[79.689,40.614],[78.782,40.291],[78.275,39.967],[78.222,39.579],[78.765,39.32],[78.722,39.191],[78.88,39.191],[78.916,39.062],[79.073,39.062],[79.244,38.868],[79.239,38.61],[79.374,38.545],[79.23,38.093],[78.58,37.513],[78.502,37.513]]],[[[72.501,36.095],[72.518,36.16],[72.596,36.16],[72.579,36.095],[72.501,36.095]]]]}},{"type":"Feature","id":"cliopatria-70c5b825cb19322e2f87a90b","properties":{"NAME":"Parthian Empire","ABBREVN":null,"CONTROL":null,"SUBJECTO":"Parthian Empire","PARTOF":null,"BORDERPRECISION":1,"FromYear":127,"ToYear":153,"Area":2920836.8171187984,"Type":"POLITY","Wikipedia":"Parthian Empire","Wikidata":"Q1986139","SeshatID":"iq_parthian_emp_2","Components":"","MemberOf":"","sourceFeatureId":"cliopatria-70c5b825cb19322e2f87a90b","datasetId":"cliopatria"},"geometry":{"type":"MultiPolygon","coordinates":[[[[51.138,25.486],[51.212,25.486],[51.207,25.422],[51.132,25.422],[51.138,25.486]]],[[[50.43,25.936],[50.46,26.258],[50.685,26.258],[50.673,26.129],[50.667,26.065],[50.649,25.872],[50.43,25.936]]],[[[45.595,40.874],[45.457,40.55],[45.884,40.291],[46.201,40.291],[46.256,40.161],[46.481,40.096],[46.458,39.967],[46.774,39.967],[47.066,39.838],[47.121,39.708],[48.146,39.708],[48.225,39.708],[48.673,39.579],[48.806,39.45],[48.782,39.32],[48.928,39.256],[48.777,38.868],[48.763,38.351],[48.841,38.351],[48.829,37.835],[49.085,37.513],[49.999,37.384],[50.321,36.997],[50.566,37.062],[50.632,36.997],[50.532,36.868],[50.821,36.739],[51.642,36.546],[52.186,36.546],[53.088,36.804],[54.033,36.868],[54.095,37.19],[53.91,37.448],[53.908,37.835],[53.83,37.835],[53.987,38.997],[53.518,39.385],[53.138,39.45],[53.545,39.514],[53.498,40.032],[52.723,40.096],[52.714,40.42],[52.793,40.42],[52.893,40.874],[52.972,40.874],[52.943,40.744],[53.34,40.744],[53.448,40.874],[53.404,40.679],[54.544,40.809],[56.655,40.355],[56.987,40.42],[56.956,40.291],[57.114,40.291],[57.162,40.161],[57.351,40.291],[58.332,40.42],[58.537,40.291],[58.854,40.291],[58.98,40.161],[59.77,40.161],[59.768,39.838],[60.084,39.838],[60.052,39.708],[60.683,39.708],[60.713,39.514],[61.202,39.579],[62.502,40.032],[62.879,39.967],[64.02,40.096],[64.389,40.291],[65.235,40.485],[65.272,40.614],[65.351,40.614],[65.37,40.679],[65.449,40.679],[65.43,40.614],[65.589,40.614],[65.804,40.809],[65.883,40.809],[65.564,39.967],[65.291,39.838],[65.203,39.514],[65.282,39.514],[65.065,38.997],[65.144,38.997],[65.077,38.739],[65.155,38.739],[64.751,35.773],[64.829,35.773],[64.854,35.194],[65.092,34.872],[64.574,34.615],[64.324,34.165],[63.873,33.843],[63.426,32.365],[63.185,32.3],[63.161,32.172],[62.82,31.979],[62.421,31.465],[61.942,31.336],[61.875,30.951],[61.387,30.308],[60.956,29.987],[61.001,29.794],[62.304,29.408],[64.12,29.408],[64.53,29.601],[65.125,29.537],[66.077,29.794],[66.434,29.665],[66.888,29.665],[66.995,29.408],[67.135,29.344],[66.931,28.572],[67.007,28.572],[66.965,28.315],[67.041,28.315],[67.046,27.865],[67.121,27.865],[67.062,27.479],[67.175,27.222],[67.197,26.322],[67.502,25.808],[67.112,25.101],[66.64,24.908],[66.648,24.972],[66.62,25.358],[66.345,25.551],[66.021,25.358],[64.816,25.294],[64.801,25.165],[64.285,25.229],[64.225,25.358],[63.626,25.358],[63.536,25.229],[62.563,25.229],[62.474,25.101],[62.182,25.165],[62.018,25.036],[61.719,25.036],[61.658,25.165],[61.127,25.101],[60.917,25.229],[60.618,25.229],[60.632,25.358],[59.06,25.358],[58.782,25.551],[57.958,25.551],[57.74,25.615],[57.679,25.744],[57.38,25.744],[57.176,25.936],[57.052,26.837],[56.715,27.158],[56.188,27.158],[56.098,27.029],[56.324,27.029],[56.309,26.901],[56.061,26.708],[55.603,26.644],[55.439,26.515],[55.289,26.515],[55.31,26.708],[55.543,26.772],[55.242,26.772],[54.832,26.451],[54.463,26.515],[54.259,26.708],[53.658,26.708],[53.461,26.965],[52.737,27.222],[52.479,27.608],[52.049,27.801],[51.597,27.801],[51.317,27.994],[51.331,28.122],[51.066,28.444],[51.028,28.765],[50.809,28.83],[50.915,29.087],[50.62,29.151],[50.651,29.408],[50.236,29.729],[50.065,30.179],[49.586,29.987],[48.943,30.308],[48.987,30.051],[48.365,29.922],[48.404,29.601],[47.866,29.537],[47.852,29.408],[48.079,29.408],[48.215,29.279],[48.194,29.087],[48.46,28.765],[48.563,28.315],[48.974,27.93],[48.872,27.672],[49.242,27.608],[49.36,27.287],[50.135,26.772],[50.116,26.579],[50.254,26.451],[50.223,26.129],[50.067,26.065],[50.211,26.001],[50.325,25.615],[50.608,25.422],[50.654,25.101],[50.729,25.101],[50.769,25.551],[50.925,25.615],[50.955,25.936],[51.123,26.129],[51.423,26.129],[51.698,25.872],[51.575,25.358],[51.719,25.294],[51.69,24.972],[51.524,24.779],[51.411,24.329],[51.854,24.265],[51.907,24.008],[52.28,24.008],[52.6,24.265],[53.112,24.136],[54.083,24.136],[54.099,24.329],[54.318,24.265],[54.559,24.458],[54.744,24.844],[55.143,25.101],[55.412,25.551],[55.97,25.872],[56.168,26.322],[56.475,26.387],[56.543,26.322],[56.385,25.551],[56.46,25.551],[56.421,25.165],[56.496,25.165],[56.402,24.972],[56.545,24.908],[56.788,24.329],[57.493,23.879],[58.812,23.622],[59.08,23.301],[59.068,23.172],[59.28,23.043],[59.268,22.915],[58.896,22.915],[58.908,23.043],[58.61,23.043],[58.335,23.301],[57.962,23.301],[57.974,23.429],[57.83,23.493],[56.809,23.751],[56.821,23.879],[56.54,24.072],[56.489,24.329],[56.271,24.393],[56.29,24.586],[56.09,24.844],[55.859,24.779],[55.841,24.586],[55.623,24.651],[54.812,23.943],[54.273,23.751],[51.881,23.686],[51.822,23.879],[51.166,24.072],[51.102,24.201],[51.203,24.522],[51.133,24.586],[51.294,24.715],[51.327,25.101],[51.402,25.101],[51.27,25.294],[51.35,25.358],[51.323,25.872],[51.173,25.872],[51.23,25.679],[50.982,25.422],[50.965,25.229],[51.12,25.294],[50.92,24.715],[50.616,24.651],[50.344,24.972],[50.032,25.679],[49.674,25.872],[49.878,26.451],[49.252,26.965],[49.265,27.094],[49.059,27.287],[48.552,27.479],[48.467,28.122],[48.247,28.187],[48.206,28.508],[48.055,28.508],[48.144,28.637],[48,28.701],[48.014,28.83],[47.809,29.022],[47.651,28.958],[47.672,29.151],[47.535,29.279],[47.654,29.665],[47.29,29.794],[46.979,29.729],[46.994,29.858],[46.85,29.922],[46.615,29.858],[46.591,30.308],[45.77,30.436],[44.955,31.272],[44.581,31.336],[44.459,31.593],[43.153,32.814],[42.709,32.943],[42.364,33.264],[42.065,33.329],[41.788,33.586],[41.489,33.65],[41.212,33.907],[40.627,34.165],[40.55,34.165],[40.479,34.872],[40.263,35.001],[40.278,35.13],[40.062,35.258],[39.938,35.516],[39.497,35.709],[39.753,35.902],[40.809,36.288],[41.283,36.353],[41.541,36.546],[41.671,36.353],[41.982,36.353],[42.629,36.546],[42.623,37.062],[42.765,37.513],[42.88,37.771],[42.811,37.835],[42.03,37.835],[41.97,37.964],[41.667,38.029],[40.572,38.029],[40.547,38.416],[40.469,38.416],[40.658,39.191],[40.51,39.256],[40.548,39.514],[39.848,39.579],[39.751,39.45],[39.209,39.514],[38.954,39.385],[38.745,39.579],[38.93,39.773],[38.79,39.902],[40.398,40.096],[40.953,40.614],[41.45,40.744],[41.535,41.263],[41.614,41.263],[41.694,41.263],[41.705,41.327],[42.25,41.263],[42.363,41.457],[42.624,41.587],[42.863,41.587],[43.34,41.133],[43.976,41.133],[44.237,41.263],[45.112,41.263],[45.167,41.133],[45.247,41.133],[45.302,41.003],[45.595,40.874]]]]}},{"type":"Feature","id":"cliopatria-bddf72115c8b7b3b806b728c","properties":{"NAME":"Roman Empire","ABBREVN":null,"CONTROL":null,"SUBJECTO":"Roman Empire","PARTOF":null,"BORDERPRECISION":1,"FromYear":127,"ToYear":153,"Area":4558217.585423739,"Type":"POLITY","Wikipedia":"Roman Empire","Wikidata":"Q12544","SeshatID":"it_roman_principate","Components":"","MemberOf":"","sourceFeatureId":"cliopatria-bddf72115c8b7b3b806b728c","datasetId":"cliopatria"},"geometry":{"type":"MultiPolygon","coordinates":[[[[2.61,34.422],[2.533,34.422],[2.531,34.486],[2.608,34.486],[2.61,34.422]]],[[[14.34,36.031],[14.417,36.031],[14.571,35.966],[14.568,35.773],[14.337,35.838],[14.34,36.031]]],[[[22.887,36.417],[22.965,36.417],[23.117,36.353],[23.107,36.16],[22.874,36.16],[22.887,36.417]]],[[[7.24,50.712],[7.41,50.645],[7.413,50.512],[7.664,50.579],[7.755,50.246],[7.923,50.246],[8.169,50.579],[8.758,50.579],[8.68,50.113],[8.764,50.113],[8.766,49.98],[8.933,50.046],[8.934,49.914],[9.187,49.781],[9.192,49.316],[9.529,48.853],[12.111,49.184],[12.609,48.985],[12.773,48.787],[13.519,48.654],[14.258,48.258],[14.672,48.258],[14.841,48.39],[15.499,48.192],[16.663,48.324],[16.904,48.126],[17.072,48.192],[17.067,48.06],[17.635,47.796],[18.626,47.796],[18.798,47.928],[18.957,47.796],[18.95,47.664],[19.269,47.466],[19.173,47.203],[18.923,47.137],[18.998,47.006],[18.834,47.006],[18.824,46.809],[18.906,46.809],[18.896,46.612],[19.05,46.415],[18.952,46.087],[18.87,46.087],[18.949,46.021],[18.854,45.759],[19.011,45.628],[18.923,45.497],[19.004,45.497],[18.998,45.366],[19.238,45.3],[20.056,45.366],[19.907,45.628],[20.17,45.955],[20.185,46.218],[21.24,46.087],[21.331,46.218],[21.494,46.218],[21.486,46.087],[21.649,46.087],[22.008,46.546],[22.026,46.809],[22.291,47.072],[22.218,47.203],[22.3,47.203],[22.315,47.401],[22.752,47.73],[23.253,47.796],[23.82,47.664],[25.553,47.664],[25.624,47.532],[25.865,47.466],[25.916,47.137],[26.554,46.94],[26.542,46.809],[26.699,46.743],[26.421,46.415],[26.402,46.218],[26.063,46.087],[25.742,46.152],[25.636,45.89],[25.392,45.89],[25.224,44.908],[25.676,44.516],[25.838,44.516],[25.889,44.19],[26.132,44.19],[26.201,44.059],[26.698,44.19],[27.418,44.124],[27.923,44.32],[27.869,44.581],[27.707,44.581],[27.727,44.777],[27.889,44.777],[27.922,45.104],[27.767,45.17],[27.787,45.366],[28.038,45.431],[28.051,45.562],[28.289,45.497],[28.275,45.366],[28.431,45.3],[29.177,45.431],[29.288,45.693],[29.815,46.021],[30.107,46.415],[30.975,46.809],[31.082,47.006],[31.567,46.94],[31.533,46.677],[30.877,46.677],[30.298,45.955],[30.045,45.89],[29.859,45.693],[29.614,45.693],[29.584,45.431],[29.666,45.431],[29.525,44.908],[29.024,44.777],[29.046,44.973],[28.802,44.973],[28.841,44.581],[28.577,44.385],[28.536,43.994],[28.616,43.994],[28.481,43.472],[28.159,43.472],[28.226,43.342],[27.898,43.277],[27.805,43.147],[27.847,42.756],[27.514,42.626],[27.495,42.431],[27.796,42.236],[27.784,42.106],[28.004,41.911],[27.979,41.652],[28.218,41.652],[28.279,41.457],[28.505,41.327],[28.976,41.263],[28.963,41.133],[30.479,41.198],[30.624,41.068],[31.18,41.068],[31.534,41.392],[32.027,41.522],[32.042,41.652],[32.193,41.587],[32.695,41.782],[32.631,41.911],[34.785,41.911],[34.882,42.041],[35.121,42.041],[35.157,41.717],[35.954,41.717],[36.209,41.263],[36.775,41.327],[37.065,41.133],[37.233,41.198],[37.215,41.068],[37.771,41.068],[37.831,40.938],[38.158,41.003],[38.298,40.874],[38.783,40.938],[39.051,41.133],[39.736,40.938],[40.37,40.938],[40.391,41.068],[40.539,41.003],[41.047,41.198],[41.159,41.392],[41.307,41.327],[41.408,41.457],[41.567,41.457],[41.815,41.976],[41.735,41.976],[41.758,42.106],[41.598,42.106],[41.701,42.236],[41.483,42.366],[41.609,42.626],[41.334,42.886],[41.173,42.886],[41.116,43.017],[40.817,43.147],[40.416,43.147],[40.219,43.407],[39.978,43.407],[40.081,43.538],[40.161,43.538],[40.599,43.277],[41.001,43.277],[41.208,43.082],[41.666,42.951],[41.803,42.821],[41.78,42.691],[41.998,42.561],[42.01,41.717],[41.705,41.327],[41.625,41.327],[41.614,41.263],[41.535,41.263],[41.45,40.744],[40.953,40.614],[40.398,40.096],[38.79,39.902],[38.93,39.773],[38.745,39.579],[38.954,39.385],[39.209,39.514],[39.751,39.45],[39.848,39.579],[40.548,39.514],[40.51,39.256],[40.658,39.191],[40.469,38.416],[40.547,38.416],[40.572,38.029],[40.094,37.964],[40.051,37.642],[40.181,37.448],[39.496,37.577],[39.46,37.9],[39.381,37.9],[39.122,37.706],[38.349,37.771],[38.333,37.642],[37.989,37.384],[37.958,37.126],[38.176,36.997],[38.133,35.966],[38.428,35.838],[39.497,35.709],[39.938,35.516],[40.062,35.258],[40.278,35.13],[40.263,35.001],[40.479,34.872],[40.55,34.165],[40.473,34.165],[40.311,34.1],[40.403,34.229],[39.509,34.486],[39.124,34.486],[38.479,34.229],[37.073,33.264],[37.054,33.072],[36.901,33.072],[36.717,32.75],[36.751,32.3],[36.516,32.236],[36.656,32.107],[36.492,31.979],[36.463,31.658],[36.387,31.658],[36.423,31.208],[36.271,31.208],[36.401,30.951],[36.156,30.758],[35.942,29.987],[35.866,29.987],[35.826,29.472],[35.958,29.215],[35.858,28.894],[36.401,28.058],[36.552,28.058],[36.689,27.865],[37.127,27.672],[37.26,27.415],[37.481,27.351],[37.472,27.222],[37.769,27.158],[38.051,26.901],[38.206,26.965],[38.197,26.837],[38.493,26.772],[38.484,26.644],[38.701,26.515],[38.692,26.387],[38.304,26.194],[37.826,25.744],[37.057,25.422],[36.773,25.679],[36.717,26.001],[36.429,26.194],[36.027,26.965],[35.672,27.287],[35.409,27.865],[35.049,28.122],[34.593,28.058],[34.605,28.251],[34.854,28.572],[34.913,29.408],[34.752,29.279],[34.517,28.058],[34.358,27.93],[34.346,27.737],[34.12,27.737],[33.617,28.122],[33.554,28.315],[33.403,28.315],[33.189,28.508],[33.147,29.022],[32.857,29.215],[32.589,29.729],[32.602,29.922],[32.442,29.794],[32.689,28.958],[32.836,28.894],[33.105,28.38],[33.609,27.994],[33.585,27.608],[33.799,27.415],[33.927,27.029],[34.073,26.965],[34.051,26.579],[34.197,26.515],[34.461,25.872],[34.608,25.808],[35.146,24.651],[35.86,24.008],[35.854,23.879],[35.559,23.943],[35.553,23.815],[35.108,23.879],[33.756,23.686],[33.682,23.686],[33.389,23.815],[32.041,23.686],[31.67,23.751],[30.537,23.365],[30.463,23.365],[30.395,23.558],[30.104,23.751],[30.109,23.879],[29.959,23.879],[29.673,24.201],[28.569,24.651],[28.289,25.165],[28.244,25.936],[28.345,26.579],[28.27,26.579],[28.154,27.351],[27.937,27.544],[27.711,27.544],[27.792,27.672],[27.43,27.994],[27.276,27.93],[27.285,28.122],[27.14,28.251],[25.586,28.958],[25.373,29.279],[25.147,29.279],[25.001,29.408],[24.847,29.344],[24.779,29.537],[24.33,29.665],[23.962,29.922],[23.51,29.987],[22.916,30.308],[22.762,30.244],[22.767,30.372],[21.939,30.565],[20.952,30.565],[18.735,29.987],[17.905,30.179],[16.701,30.694],[15.49,30.951],[15.184,30.886],[15.187,31.079],[14.584,31.529],[14.586,31.658],[14.284,31.915],[13.6,32.172],[13.066,32.172],[13.067,32.3],[11.768,32.3],[11.768,32.429],[11.539,32.429],[11.463,32.557],[11.31,32.493],[11.157,32.686],[10.392,33.007],[10.009,33.007],[10.085,33.136],[9.625,33.136],[9.547,33.329],[9.624,33.457],[9.316,33.586],[9.238,33.843],[9.083,33.907],[9.083,34.036],[8.929,34.036],[8.928,34.165],[8.311,34.293],[8.081,34.229],[8.002,34.422],[7.615,34.551],[7.153,34.486],[6.92,34.615],[6.459,34.551],[6.148,34.679],[5.377,34.679],[5.149,34.551],[4.454,34.615],[3.843,34.422],[3.456,34.486],[2.921,34.358],[2.45,34.615],[1.294,34.615],[0.685,34.422],[0.451,34.486],[0.303,34.358],[-1.237,34.358],[-1.305,34.165],[-1.539,34.229],[-1.61,34.1],[-1.693,34.229],[-2.001,34.229],[-3.763,34.1],[-4.141,33.972],[-4.21,33.843],[-4.367,33.907],[-5.039,33.586],[-5.274,33.65],[-5.799,33.457],[-6.033,33.522],[-6.634,33.329],[-6.703,33.2],[-6.937,33.264],[-7.528,32.943],[-8.064,32.943],[-8.154,33.136],[-8.47,33.264],[-8.403,33.393],[-7.13,33.843],[-7.062,33.972],[-6.904,33.907],[-6.614,34.165],[-6.7,34.293],[-6.473,34.358],[-6.482,34.486],[-6.332,34.551],[-6.277,34.872],[-6.2,34.872],[-6.291,35.065],[-6.132,35.001],[-6.145,35.194],[-6,35.323],[-5.877,35.773],[-5.339,35.838],[-5.24,35.516],[-4.755,35.194],[-3.132,35.194],[-2.982,35.258],[-2.993,35.451],[-2.838,35.451],[-2.82,35.13],[-2.662,35.065],[-1.89,35.065],[-1.591,35.258],[-1.359,35.258],[-1.136,35.451],[-1.224,35.645],[-1.066,35.58],[-0.917,35.709],[-0.53,35.709],[-0.459,35.838],[0.084,35.838],[0.376,36.224],[0.684,36.288],[0.678,36.417],[0.914,36.353],[1.216,36.546],[1.53,36.482],[2.377,36.675],[2.69,36.61],[2.841,36.739],[3.23,36.739],[3.459,36.868],[3.85,36.804],[4.235,36.933],[4.859,36.868],[5.098,36.675],[5.564,36.675],[5.639,36.804],[6.106,36.804],[6.103,36.933],[6.334,37.062],[6.805,36.868],[7.194,36.868],[7.346,37.062],[7.502,37.062],[7.738,36.868],[8.516,36.868],[8.903,37.126],[9.059,37.062],[9.37,37.255],[9.759,37.319],[9.993,37.19],[10.227,37.255],[10.228,37.062],[10.305,37.062],[10.228,36.804],[10.462,36.739],[11.006,36.997],[11.006,36.804],[10.462,36.417],[10.54,36.353],[10.464,35.902],[10.696,35.709],[10.851,35.773],[10.928,35.58],[11.083,35.58],[11.083,35.387],[11.006,35.387],[11.083,35.001],[10.851,34.937],[10.851,34.808],[10.543,34.551],[10.004,34.293],[10.082,34.229],[10.006,33.907],[10.237,33.715],[10.544,33.715],[10.698,33.522],[11.082,33.586],[11.158,33.2],[11.464,33.2],[12.229,32.814],[12.612,32.879],[12.535,32.75],[12.841,32.75],[12.842,32.879],[13.302,32.943],[13.454,32.814],[13.761,32.879],[13.759,32.75],[14.065,32.75],[14.444,32.493],[14.675,32.557],[14.749,32.429],[15.055,32.429],[15.282,32.3],[15.425,31.658],[15.576,31.593],[15.649,31.4],[16.179,31.208],[16.864,31.208],[17.847,30.951],[18.222,30.758],[18.592,30.372],[18.896,30.372],[18.969,30.244],[19.655,30.372],[19.964,30.565],[19.968,30.694],[20.202,30.886],[20.134,31.143],[20.214,31.272],[19.996,31.593],[20.089,32.107],[20.017,32.236],[20.246,32.236],[20.331,32.493],[20.482,32.429],[20.563,32.557],[20.716,32.557],[20.644,32.686],[20.871,32.622],[21.108,32.814],[21.412,32.75],[21.879,32.943],[23.089,32.622],[23.081,32.429],[23.231,32.365],[23.149,32.236],[23.299,32.172],[23.68,32.172],[24.129,31.979],[24.892,31.979],[25.112,31.786],[25.102,31.593],[25.248,31.465],[26.848,31.465],[27.297,31.336],[27.515,31.143],[28.496,31.015],[28.865,30.822],[29.397,30.822],[29.485,31.015],[29.633,30.951],[29.87,31.079],[29.802,31.208],[29.882,31.272],[30.339,31.272],[30.271,31.4],[30.352,31.465],[30.809,31.465],[30.966,31.529],[30.975,31.658],[31.203,31.658],[31.118,31.529],[31.266,31.465],[31.875,31.465],[31.781,31.208],[31.937,31.272],[32,31.079],[32.304,31.079],[32.237,31.208],[32.389,31.208],[32.532,31.079],[32.765,31.143],[32.832,31.015],[33.983,31.143],[34.297,31.272],[34.308,31.4],[34.547,31.529],[34.639,31.722],[34.573,31.85],[34.813,31.979],[34.77,32.365],[35.022,32.622],[35.056,33.007],[35.215,33.072],[35.398,33.393],[35.346,33.65],[35.499,33.65],[35.447,33.907],[35.684,33.972],[35.644,34.358],[35.792,34.293],[36.049,34.551],[36.068,34.744],[35.927,34.872],[35.96,35.194],[35.882,35.194],[35.993,35.516],[35.845,35.58],[35.99,36.224],[35.842,36.288],[36.265,36.61],[36.286,36.804],[36.145,36.933],[35.834,36.933],[35.488,36.61],[35.113,36.739],[34.95,36.675],[34.893,36.868],[34.582,36.868],[34.251,36.675],[33.979,36.288],[33.274,36.224],[32.713,36.031],[32.558,36.031],[32.499,36.224],[32.068,36.61],[31.086,36.933],[30.619,36.933],[30.492,36.353],[30.026,36.353],[29.938,36.224],[29.24,36.224],[29.125,36.739],[28.736,36.739],[28.591,36.868],[28.357,36.868],[28.187,36.675],[28.031,36.675],[28.138,37.062],[28.065,37.126],[27.598,37.126],[27.539,37.384],[27.223,37.319],[27.31,37.448],[27.163,37.577],[27.256,37.771],[27.178,37.771],[27.275,38.029],[26.889,38.093],[26.82,38.222],[26.429,38.222],[26.384,38.674],[26.536,38.61],[26.595,38.351],[27.065,38.351],[27.08,38.545],[26.849,38.61],[26.958,38.997],[26.879,38.997],[26.894,39.191],[26.742,39.256],[26.847,39.579],[26.132,39.514],[26.272,40.291],[26.605,40.485],[26.684,40.485],[26.673,40.355],[27.47,40.42],[27.538,40.291],[27.696,40.291],[27.792,40.485],[27.95,40.485],[27.939,40.355],[29.046,40.355],[28.9,40.485],[28.913,40.614],[29.48,40.744],[29.493,40.874],[29.249,40.809],[29.103,40.938],[29.116,41.068],[28.633,41.003],[28.169,41.133],[28.077,41.003],[27.527,41.068],[27.017,40.679],[26.921,40.485],[26.626,40.744],[26.14,40.614],[26.082,40.874],[25.378,41.003],[24.347,41.003],[24.011,40.744],[23.698,40.809],[23.685,40.614],[23.839,40.55],[23.737,40.226],[23.267,40.291],[22.884,40.485],[22.892,40.614],[22.655,40.614],[22.56,40.355],[22.544,40.096],[22.702,40.096],[22.611,39.902],[23.135,39.45],[22.816,39.385],[22.797,39.062],[23.116,39.126],[23.108,38.997],[23.344,38.997],[23.493,38.868],[23.332,38.803],[23.025,38.933],[22.936,38.739],[23.167,38.674],[23.313,38.481],[23.626,38.481],[23.563,38.739],[24.03,38.674],[24.179,38.545],[24.159,38.222],[24.002,38.222],[23.979,37.835],[23.443,38.029],[23.208,38.029],[23.201,37.9],[23.044,37.9],[23.108,37.642],[23.342,37.642],[23.402,37.319],[23.169,37.319],[23.176,37.448],[22.949,37.577],[22.714,37.577],[22.701,37.319],[22.853,37.255],[23.056,36.675],[22.833,36.868],[22.599,36.868],[22.512,36.675],[22.356,36.675],[22.22,37.062],[21.909,37.062],[21.899,36.868],[21.744,36.868],[21.681,37.19],[21.603,37.19],[21.697,37.513],[21.244,37.835],[21.416,38.158],[21.729,38.158],[21.738,38.351],[21.193,38.416],[20.974,38.739],[20.741,38.803],[20.911,39.062],[20.297,39.385],[20.155,39.708],[19.912,39.579],[19.758,39.644],[19.764,39.773],[20,39.773],[20.009,39.967],[19.63,40.291],[19.471,40.291],[19.486,40.614],[19.249,40.614],[19.255,40.744],[19.498,40.874],[19.438,41.263],[19.523,41.392],[19.444,41.392],[19.53,41.522],[19.45,41.522],[19.542,41.782],[18.852,42.366],[18.143,42.626],[17.992,42.821],[17.593,42.886],[17.508,42.756],[17.516,42.951],[17.355,42.951],[17.365,43.212],[17.122,43.147],[17.051,43.407],[16.727,43.342],[16.734,43.538],[16.575,43.603],[15.927,43.472],[16.012,43.603],[15.857,43.798],[15.695,43.798],[15.619,43.929],[15.375,43.863],[15.459,43.994],[15.219,44.059],[15.147,44.385],[14.909,44.581],[14.919,44.973],[14.516,45.104],[14.603,45.366],[14.196,45.366],[14.189,45.039],[13.946,45.039],[13.943,44.908],[13.781,44.908],[13.706,45.235],[13.544,45.3],[13.547,45.497],[13.71,45.497],[13.715,45.759],[13.39,45.824],[13.145,45.824],[13.06,45.628],[12.817,45.693],[12.652,45.562],[12.163,45.497],[12.16,45.17],[12.403,45.039],[12.4,44.777],[12.157,44.843],[12.154,44.451],[12.313,44.19],[12.873,43.798],[13.036,43.863],[13.034,43.733],[13.355,43.668],[13.673,43.407],[13.747,43.082],[13.985,42.951],[13.901,42.756],[14.056,42.496],[14.371,42.236],[14.531,42.236],[14.608,42.106],[14.769,42.171],[14.766,42.041],[14.924,41.976],[15.165,42.041],[15.241,41.911],[16.119,41.911],[16.115,41.782],[15.874,41.717],[15.944,41.392],[17.203,41.003],[17.511,40.744],[17.981,40.614],[18.438,40.161],[18.349,39.902],[18.112,39.902],[17.813,40.355],[17.418,40.355],[17.345,40.55],[17.028,40.55],[16.868,40.485],[16.945,40.42],[16.862,40.291],[16.624,40.291],[16.697,40.096],[16.457,39.967],[16.447,39.644],[16.916,39.514],[17.07,39.385],[17.138,39.062],[16.502,38.803],[16.492,38.416],[15.933,37.964],[15.698,37.964],[15.624,38.158],[15.389,38.158],[15.066,37.642],[15.059,37.255],[15.214,37.19],[15.05,36.739],[14.661,36.739],[14.278,37.126],[13.578,37.255],[13.192,37.577],[12.49,37.706],[12.492,37.9],[12.65,38.093],[13.04,38.029],[13.12,38.158],[13.355,38.158],[13.665,37.964],[14.056,37.964],[15.862,38.287],[15.95,38.674],[16.265,38.739],[16.27,38.933],[16.117,39.062],[15.899,39.773],[15.666,39.902],[15.748,40.032],[15.432,40.032],[15.199,40.226],[15.041,40.226],[14.893,40.679],[14.418,40.679],[14.422,40.874],[14.105,40.874],[13.951,41.133],[13.792,41.133],[13.715,41.263],[13,41.327],[12.922,41.457],[12.605,41.522],[12.131,41.911],[12.132,42.041],[11.813,42.106],[11.655,42.366],[11.495,42.301],[11.415,42.431],[11.255,42.431],[11.176,42.626],[11.016,42.626],[11.016,42.821],[10.535,43.082],[10.212,43.994],[9.889,43.994],[9.97,44.124],[9.727,44.124],[9.159,44.451],[8.432,44.385],[8.034,43.929],[7.15,43.733],[6.993,43.538],[6.673,43.472],[6.518,43.212],[6.278,43.147],[5.796,43.147],[5.632,43.277],[5.391,43.277],[5.387,43.407],[5.063,43.472],[4.178,43.472],[4.173,43.603],[3.851,43.603],[3.617,43.407],[3.14,43.277],[2.985,43.147],[3.01,42.561],[3.178,42.366],[3.117,41.911],[2.573,41.587],[2.334,41.587],[2.107,41.327],[1.238,41.198],[0.696,40.938],[0.709,40.679],[0.248,40.42],[0.183,40.161],[-0.126,40.032],[-0.345,39.708],[-0.314,39.126],[0.099,38.739],[-0.661,38.287],[-0.803,38.029],[-0.705,37.642],[-1.709,37.448],[-1.623,37.319],[-1.857,37.319],[-2.062,36.804],[-2.532,36.868],[-2.68,36.739],[-4.469,36.739],[-4.689,36.546],[-5.228,36.482],[-5.288,36.224],[-5.662,36.031],[-5.831,36.224],[-6.064,36.224],[-6.33,36.675],[-6.35,36.933],[-6.588,36.997],[-6.842,37.255],[-7.465,37.255],[-7.455,37.126],[-7.678,36.997],[-8.701,37.126],[-9.001,36.997],[-8.897,37.577],[-8.819,37.577],[-8.823,38.481],[-9.209,38.416],[-9.233,38.674],[-9.384,38.61],[-9.553,38.739],[-9.572,38.933],[-9.427,39.062],[-9.387,39.45],[-9.157,39.514],[-9.104,39.773],[-9.025,39.773],[-8.925,40.355],[-8.846,40.355],[-8.872,40.614],[-8.727,40.744],[-8.956,42.171],[-8.657,42.366],[-9.079,42.561],[-9.1,42.756],[-9.275,42.886],[-9.305,43.147],[-9.159,43.277],[-8.852,43.407],[-8.369,43.407],[-8.39,43.603],[-8.244,43.733],[-7.276,43.733],[-7.343,43.603],[-7.176,43.538],[-5.733,43.603],[-4.99,43.407],[-3.467,43.472],[-3.296,43.342],[-1.688,43.342],[-1.388,43.668],[-1.349,44.255],[-1.268,44.255],[-1.286,44.516],[-1.205,44.516],[-1.252,45.17],[-1.171,45.17],[-1.189,45.431],[-1.031,45.497],[-1.045,45.693],[-1.213,45.759],[-1.141,45.89],[-1.223,45.89],[-1.252,46.283],[-1.666,46.349],[-2.014,46.612],[-2.025,46.743],[-2.194,46.809],[-2.139,47.137],[-2.232,47.269],[-2.562,47.269],[-2.578,47.466],[-2.826,47.466],[-2.837,47.598],[-3.156,47.466],[-3.344,47.73],[-3.757,47.73],[-3.935,47.862],[-4.424,47.796],[-4.692,47.994],[-4.705,48.126],[-4.546,48.192],[-4.643,48.324],[-4.891,48.324],[-4.912,48.522],[-4.6,48.72],[-3.852,48.72],[-3.455,48.919],[-3.122,48.919],[-2.759,48.588],[-2.522,48.72],[-1.602,48.654],[-1.718,49.051],[-1.635,49.051],[-1.652,49.25],[-1.913,49.383],[-2.032,49.781],[-1.362,49.781],[-1.251,49.449],[0.007,49.383],[-0.012,49.648],[0.224,49.847],[1.053,49.98],[1.455,50.246],[1.425,50.712],[1.656,51.046],[2.578,51.179],[2.739,51.313],[3.41,51.447],[3.399,51.647],[3.739,51.647],[3.647,51.781],[3.98,51.915],[4.056,52.116],[4.232,51.982],[4.573,51.982],[5.248,52.116],[5.934,51.982],[6.369,51.647],[6.539,51.647],[6.541,51.58],[6.885,51.38],[7.065,50.979],[7.319,50.912],[7.24,50.712]]],[[[20.621,37.9],[20.699,37.9],[20.934,37.9],[20.922,37.642],[20.613,37.706],[20.621,37.9]]],[[[20.328,38.351],[20.488,38.416],[20.566,38.416],[20.795,38.287],[20.786,38.093],[20.32,38.158],[20.328,38.351]]],[[[1.274,38.803],[1.183,39.062],[1.259,39.126],[1.337,39.126],[1.652,39.126],[1.658,38.997],[1.431,38.803],[1.274,38.803]]],[[[20.073,39.644],[20.152,39.644],[20.149,39.579],[20.07,39.579],[20.073,39.644]]],[[[2.824,39.32],[2.659,39.514],[2.346,39.45],[2.338,39.644],[2.877,39.967],[2.956,39.967],[3.193,39.967],[3.198,39.838],[3.516,39.773],[3.296,39.32],[2.824,39.32]]],[[[3.741,40.096],[3.82,40.096],[4.215,40.096],[4.302,39.838],[3.827,39.902],[3.741,40.096]]],[[[9.665,40.291],[9.747,39.644],[9.669,39.644],[9.593,39.126],[9.12,39.191],[8.966,38.868],[8.73,38.868],[8.336,38.997],[8.412,39.256],[8.333,39.256],[8.33,39.514],[8.409,39.514],[8.483,39.902],[8.325,39.967],[8.4,40.291],[8.321,40.291],[8.319,40.485],[8.16,40.55],[8.155,40.938],[8.552,40.874],[9.025,41.263],[9.104,41.263],[9.502,41.198],[9.822,40.744],[9.823,40.355],[9.665,40.291]]],[[[9.578,41.976],[9.498,41.976],[9.499,41.782],[9.262,41.392],[9.104,41.327],[8.784,41.522],[8.782,41.717],[8.623,41.717],[8.7,41.911],[8.539,42.106],[8.535,42.496],[8.773,42.691],[9.173,42.756],[9.251,43.017],[9.331,43.017],[9.492,43.017],[9.493,42.756],[9.574,42.756],[9.578,41.976]]],[[[10.214,42.886],[10.455,42.886],[10.455,42.691],[10.215,42.691],[10.134,42.886],[10.214,42.886]]],[[[14.35,44.973],[14.511,44.908],[14.502,44.516],[14.261,44.581],[14.269,44.973],[14.35,44.973]]],[[[19.086,45.497],[19.004,45.497],[19.007,45.562],[19.089,45.562],[19.086,45.497]]],[[[19.166,47.072],[19.084,47.072],[19.087,47.137],[19.169,47.137],[19.166,47.072]]],[[[16.989,48.192],[16.907,48.192],[16.909,48.258],[16.992,48.258],[16.989,48.192]]],[[[16.826,48.258],[16.829,48.324],[16.912,48.324],[16.909,48.258],[16.826,48.258]]],[[[6.193,51.848],[6.191,51.915],[6.276,51.915],[6.278,51.848],[6.193,51.848]]],[[[0.07,52.99],[0.166,52.855],[0.337,52.855],[0.493,53.057],[1.094,53.057],[1.532,52.923],[1.717,52.721],[1.739,52.385],[1.654,52.385],[1.586,52.116],[1.425,51.982],[1.17,51.982],[1.184,51.781],[0.844,51.781],[0.863,51.513],[0.524,51.513],[1.381,51.38],[1.314,51.112],[0.493,50.779],[-1.368,50.845],[-1.109,50.779],[-1.177,50.579],[-1.513,50.579],[-1.525,50.712],[-2.608,50.579],[-2.789,50.712],[-3.126,50.712],[-3.457,50.645],[-3.585,50.246],[-4.089,50.246],[-4.187,50.379],[-4.355,50.379],[-4.929,50.246],[-5.151,49.98],[-5.746,50.046],[-5.769,50.246],[-5.28,50.379],[-5.134,50.579],[-4.881,50.579],[-4.819,50.779],[-4.658,50.845],[-4.68,51.046],[-4.426,51.046],[-4.202,51.313],[-3.095,51.246],[-3.108,51.38],[-2.945,51.447],[-3.121,51.513],[-3.277,51.38],[-3.701,51.38],[-3.892,51.58],[-4.308,51.513],[-4.415,51.714],[-5.079,51.58],[-5.264,51.714],[-5.219,52.049],[-4.553,52.183],[-4.157,52.452],[-4.295,52.923],[-4.794,52.788],[-4.81,52.923],[-4.49,53.125],[-4.67,53.192],[-4.702,53.462],[-4.271,53.462],[-4.076,53.26],[-3.153,53.462],[-3.095,53.732],[-3.196,53.868],[-2.966,54.138],[-3.305,54.071],[-3.319,54.206],[-3.587,54.274],[-3.72,54.681],[-3.569,54.885],[-2.895,55.089],[-2.822,55.225],[-2.379,55.157],[-1.613,55.362],[-1.286,54.681],[-0.671,54.613],[-0.202,54.206],[-0.18,53.935],[0.004,53.8],[0.01,53.732],[0.118,53.462],[0.295,53.395],[0.316,53.125],[0.07,52.99]]],[[[38.131,26.965],[38.056,26.965],[38.06,27.029],[38.135,27.029],[38.131,26.965]]],[[[37.914,27.094],[37.839,27.094],[37.844,27.158],[37.919,27.158],[37.914,27.094]]],[[[33.695,34.937],[33.523,34.744],[33.132,34.679],[33.044,34.551],[32.367,34.744],[32.229,34.937],[32.246,35.13],[32.555,35.13],[32.875,35.258],[32.887,35.387],[33.737,35.387],[34.31,35.709],[34.387,35.709],[34.542,35.709],[34.529,35.58],[33.957,35.258],[34.087,35.001],[33.695,34.937]]],[[[24.301,35.323],[25.692,35.323],[25.681,35.13],[26.225,35.194],[26.14,35.065],[24.824,35.001],[24.757,35.194],[24.526,35.194],[24.448,35.194],[23.679,35.258],[23.615,35.516],[24.157,35.516],[24.15,35.387],[24.301,35.323]]],[[[27.693,36.288],[28.017,36.482],[28.095,36.482],[28.25,36.482],[28.139,36.031],[27.743,35.902],[27.693,36.288]]],[[[27.117,36.933],[27.185,36.804],[26.865,36.675],[27.039,36.933],[27.117,36.933]]],[[[25.339,37.126],[25.417,37.126],[25.573,37.126],[25.564,36.997],[25.331,36.997],[25.339,37.126]]],[[[24.361,37.706],[24.432,37.577],[24.272,37.513],[24.201,37.642],[24.283,37.706],[24.361,37.706]]],[[[24.986,37.706],[25.064,37.706],[25.22,37.706],[25.286,37.513],[25.052,37.513],[24.986,37.706]]],[[[26.08,37.706],[26.158,37.706],[26.314,37.706],[26.305,37.577],[25.988,37.513],[26.08,37.706]]],[[[24.694,38.029],[24.772,38.029],[25.068,37.771],[24.83,37.706],[24.682,37.835],[24.694,38.029]]],[[[25.821,38.481],[25.913,38.674],[25.991,38.674],[26.217,38.545],[26.111,38.158],[25.876,38.158],[25.899,38.481],[25.821,38.481]]],[[[23.563,38.739],[23.485,38.739],[23.489,38.803],[23.567,38.803],[23.563,38.739]]],[[[24.365,38.997],[24.444,38.997],[24.675,38.933],[24.662,38.739],[24.357,38.868],[24.365,38.997]]],[[[26.094,38.997],[26.103,39.126],[25.793,39.191],[26.044,39.385],[26.123,39.385],[26.511,39.32],[26.644,38.997],[26.246,38.933],[26.094,38.997]]],[[[25.067,40.032],[25.146,40.032],[25.462,40.032],[25.447,39.838],[24.974,39.838],[25.067,40.032]]],[[[25.798,40.291],[26.035,40.291],[26.025,40.161],[25.704,40.096],[25.719,40.291],[25.798,40.291]]],[[[24.57,40.809],[24.808,40.809],[24.794,40.614],[24.551,40.55],[24.491,40.809],[24.57,40.809]]]]}},{"type":"Feature","id":"cliopatria-50d10037155d7fa25dc7234d","properties":{"NAME":"Satavahana Dynasty","ABBREVN":null,"CONTROL":null,"SUBJECTO":"Satavahana Dynasty","PARTOF":null,"BORDERPRECISION":1,"FromYear":127,"ToYear":153,"Area":600259.385049129,"Type":"POLITY","Wikipedia":"Satavahana dynasty","Wikidata":"Q5257","SeshatID":"in_satavahana_emp","Components":"","MemberOf":"","sourceFeatureId":"cliopatria-50d10037155d7fa25dc7234d","datasetId":"cliopatria"},"geometry":{"type":"MultiPolygon","coordinates":[[[[83.527,21.629],[83.279,21.436],[83.156,21.051],[82.663,20.665],[82.459,20.215],[82.311,20.215],[82.205,19.958],[82.049,19.893],[82.001,19.508],[82.075,19.508],[82.028,19.122],[82.102,19.122],[81.906,18.736],[81.759,18.736],[81.222,17.965],[80.357,17.515],[79.531,16.743],[79.313,16.1],[79.058,15.779],[78.709,14.493],[78.268,14.493],[77.503,14.172],[77.21,14.172],[76.893,13.915],[76.441,13.786],[76.115,13.4],[75.973,13.465],[75.304,15.008],[74.967,15.329],[74.311,15.393],[74.103,15.522],[73.802,15.458],[73.747,15.65],[73.539,15.779],[73.254,16.615],[73.253,17.322],[72.959,18.029],[72.861,19.186],[72.868,19.251],[73.791,19.572],[74.115,19.829],[74.26,20.472],[74.585,20.729],[76.447,20.793],[78.102,20.986],[79.253,21.308],[79.394,21.243],[79.484,21.372],[80.571,21.758],[80.991,22.143],[81.188,22.529],[81.299,23.365],[81.514,23.301],[81.637,23.108],[81.86,23.108],[82.058,22.915],[82.347,22.851],[82.471,22.658],[82.619,22.658],[83.535,21.693],[83.527,21.629]]]]}},{"type":"Feature","id":"cliopatria-0bc0ab04f448b3c10f7c04e6","properties":{"NAME":"Western Satraps","ABBREVN":null,"CONTROL":null,"SUBJECTO":"Western Satraps","PARTOF":null,"BORDERPRECISION":1,"FromYear":127,"ToYear":153,"Area":616894.1310257154,"Type":"POLITY","Wikipedia":"Western Satraps","Wikidata":"Q2086608","SeshatID":"pk_western_satraps","Components":"","MemberOf":"","sourceFeatureId":"cliopatria-0bc0ab04f448b3c10f7c04e6","datasetId":"cliopatria"},"geometry":{"type":"MultiPolygon","coordinates":[[[[81.188,22.529],[80.991,22.143],[80.571,21.758],[79.484,21.372],[79.394,21.243],[79.253,21.308],[78.102,20.986],[76.447,20.793],[74.585,20.729],[74.26,20.472],[74.115,19.829],[73.791,19.572],[72.868,19.251],[72.875,19.315],[72.734,19.379],[72.761,19.636],[72.634,19.829],[72.837,20.343],[72.899,20.922],[72.563,21.243],[72.76,21.693],[72.544,21.758],[72.527,22.272],[72.378,22.272],[72.342,21.951],[72.112,21.886],[72.173,21.758],[72.321,21.758],[72.185,21.179],[71.408,20.858],[71.321,20.729],[70.721,20.665],[70.295,20.858],[69.89,21.243],[69.903,21.372],[69.497,21.758],[69.349,21.758],[68.949,22.208],[68.977,22.465],[69.409,22.336],[69.497,22.465],[69.869,22.465],[70.263,22.658],[70.365,22.915],[69.451,22.722],[69.099,22.915],[69.025,22.915],[69.039,23.043],[69.5,23.172],[70.065,23.558],[70.424,24.072],[70.448,24.265],[70.605,24.329],[70.57,24.651],[71.086,25.165],[71.235,25.165],[71.905,25.679],[73.179,26.194],[73.479,26.194],[73.959,26.387],[76.584,26.837],[77.11,26.837],[77.238,26.708],[78.236,26.837],[78.257,26.515],[78.332,26.515],[78.292,25.808],[78.367,25.808],[78.314,24.972],[78.576,24.715],[79.38,24.586],[80.585,24.136],[81.185,23.622],[81.299,23.365],[81.188,22.529]]]]}},{"type":"Feature","id":"cliopatria-0b237f26a9138e709575f352","properties":{"NAME":"Xiongnu","ABBREVN":null,"CONTROL":null,"SUBJECTO":"Xiongnu","PARTOF":null,"BORDERPRECISION":1,"FromYear":127,"ToYear":153,"Area":212177.1072299657,"Type":"POLITY","Wikipedia":"Xiongnu","Wikidata":"Q188836","SeshatID":"","Components":"","MemberOf":"","sourceFeatureId":"cliopatria-0b237f26a9138e709575f352","datasetId":"cliopatria"},"geometry":{"type":"MultiPolygon","coordinates":[[[[81.939,45.824],[82.021,45.824],[82.233,45.562],[81.93,45.235],[81.388,45.3],[79.951,44.973],[79.978,44.843],[80.41,44.712],[80.302,44.451],[80.383,44.451],[80.357,43.994],[80.735,43.538],[80.683,43.407],[80.791,43.277],[80.632,43.082],[80.471,43.082],[80.473,42.886],[80.287,42.821],[80.214,42.431],[80.134,42.431],[80.108,42.366],[80.028,42.366],[79.439,42.496],[79.409,42.626],[79.249,42.626],[79.085,42.821],[77.771,42.951],[75.822,42.886],[75.741,42.886],[75.14,43.212],[75.205,43.603],[74.795,43.798],[74.998,44.124],[74.563,44.255],[74.443,44.581],[74.281,44.581],[74.25,44.712],[73.975,44.843],[73.968,45.039],[74.13,45.039],[74.255,45.366],[74.117,45.431],[74.319,45.955],[74.753,46.021],[74.881,46.349],[75.317,46.415],[75.451,46.546],[77.391,46.48],[77.364,46.415],[77.829,46.349],[77.802,46.283],[78.975,46.349],[79.086,46.612],[79.25,46.612],[79.308,46.94],[79.772,46.874],[81.014,47.269],[81.096,47.269],[81.12,47.137],[81.285,47.137],[81.362,46.94],[81.526,46.94],[81.632,46.809],[81.619,46.218],[81.939,45.824]]]]}},{"type":"Feature","id":"cliopatria-3f55dbb9263cef136e5e6ad5","properties":{"NAME":"Kingdom of Adiabene","ABBREVN":null,"CONTROL":null,"SUBJECTO":"Kingdom of Adiabene","PARTOF":null,"BORDERPRECISION":1,"FromYear":127,"ToYear":160,"Area":13757.914572053602,"Type":"POLITY","Wikipedia":"Adiabene","Wikidata":"Q149747","SeshatID":"","Components":"","MemberOf":"","sourceFeatureId":"cliopatria-3f55dbb9263cef136e5e6ad5","datasetId":"cliopatria"},"geometry":{"type":"MultiPolygon","coordinates":[[[[41.671,36.353],[41.541,36.546],[41.212,36.997],[41.178,37.319],[41.984,37.513],[42.765,37.513],[42.623,37.062],[42.629,36.546],[41.982,36.353],[41.671,36.353]]]]}},{"type":"Feature","id":"cliopatria-0803be33482c873254803c64","properties":{"NAME":"Kingdom of Osroene","ABBREVN":null,"CONTROL":null,"SUBJECTO":"Kingdom of Osroene","PARTOF":null,"BORDERPRECISION":1,"FromYear":127,"ToYear":160,"Area":50142.88560829182,"Type":"POLITY","Wikipedia":"Osroene","Wikidata":"Q237234","SeshatID":"","Components":"","MemberOf":"","sourceFeatureId":"cliopatria-0803be33482c873254803c64","datasetId":"cliopatria"},"geometry":{"type":"MultiPolygon","coordinates":[[[[41.283,36.353],[40.809,36.288],[39.753,35.902],[39.497,35.709],[38.428,35.838],[38.133,35.966],[38.176,36.997],[37.958,37.126],[37.989,37.384],[38.333,37.642],[38.349,37.771],[39.122,37.706],[39.381,37.9],[39.46,37.9],[39.496,37.577],[40.181,37.448],[41.178,37.319],[41.212,36.997],[41.541,36.546],[41.283,36.353]]]]}},{"type":"Feature","id":"cliopatria-4d71e4a3a4e286b0e830f6d6","properties":{"NAME":"Han Dynasty","ABBREVN":null,"CONTROL":null,"SUBJECTO":"Han Dynasty","PARTOF":null,"BORDERPRECISION":1,"FromYear":154,"ToYear":160,"Area":3819741.078350487,"Type":"POLITY","Wikipedia":"Han dynasty","Wikidata":"Q1068371","SeshatID":"cn_eastern_han_dyn","Components":"","MemberOf":"","sourceFeatureId":"cliopatria-4d71e4a3a4e286b0e830f6d6","datasetId":"cliopatria"},"geometry":{"type":"MultiPolygon","coordinates":[[[[110.179,18.479],[109.862,18.35],[109.841,18.222],[109.25,18.222],[109.123,18.35],[108.765,18.415],[108.638,18.543],[108.704,19.379],[109.203,19.701],[109.246,19.958],[110.157,20.086],[110.591,20.022],[110.613,20.151],[110.909,20.151],[111.087,19.893],[111.032,19.572],[110.884,19.572],[110.851,19.379],[110.681,19.251],[110.508,18.672],[110.19,18.543],[110.179,18.479]]],[[[123.365,41.717],[123.604,41.717],[123.564,41.652],[124.042,41.522],[124.002,41.457],[124.28,41.392],[124.24,41.327],[124.479,41.327],[124.439,41.263],[124.717,41.198],[124.678,41.133],[125.831,41.327],[125.79,41.263],[126.108,41.263],[126.187,41.133],[126.742,41.003],[126.623,40.679],[126.425,40.614],[126.269,40.355],[126.432,40.096],[126.709,40.032],[126.832,39.838],[126.728,39.385],[126.964,39.385],[126.854,39.191],[127.023,38.933],[126.937,38.351],[126.348,37.835],[126.27,37.835],[125.845,37.771],[125.835,37.9],[125.678,37.9],[125.387,37.642],[125.231,37.642],[125.298,37.771],[125.209,37.9],[124.897,37.9],[125.077,38.093],[124.764,38.093],[124.866,38.287],[124.788,38.287],[124.961,38.61],[125.153,38.674],[125.189,38.739],[125.032,38.739],[125.39,39.385],[125.306,39.514],[124.87,39.579],[124.865,39.708],[124.512,39.644],[124.345,39.902],[124.034,39.773],[123.597,39.838],[122.936,39.644],[122.17,39.256],[121.952,38.997],[121.716,38.997],[121.422,38.739],[121.029,38.739],[121.201,39.062],[121.515,39.062],[121.69,39.385],[121.297,39.385],[121.21,39.514],[121.281,39.644],[121.438,39.644],[121.503,39.902],[121.776,39.967],[122.231,40.485],[122.106,40.679],[121.827,40.744],[121.824,40.874],[121.11,40.874],[120.997,40.679],[120.647,40.485],[120.5,40.226],[119.38,39.773],[119.215,39.32],[118.989,39.191],[118.45,39.062],[118.057,39.062],[118.046,39.191],[117.776,39.126],[117.576,38.739],[117.655,38.739],[117.602,38.481],[117.759,38.481],[117.773,38.351],[118.054,38.287],[118.067,38.158],[118.583,38.093],[118.648,38.222],[118.804,38.222],[118.772,38.158],[119.457,37.964],[119.393,37.835],[119.237,37.835],[118.984,37.319],[119.14,37.319],[119.156,37.19],[119.701,37.19],[119.827,37.448],[120.202,37.577],[120.188,37.706],[120.754,37.9],[121.112,37.835],[121.171,37.642],[121.483,37.642],[121.497,37.513],[122.154,37.577],[122.121,37.513],[122.713,37.448],[122.474,37.126],[122.566,36.997],[122.394,36.804],[121.912,36.933],[121.212,36.61],[120.979,36.61],[120.965,36.417],[120.732,36.417],[120.659,36.095],[120.318,36.031],[119.986,35.645],[119.619,35.516],[119.228,34.808],[119.459,34.808],[119.431,34.744],[119.711,34.679],[119.732,34.551],[120.342,34.358],[120.489,34.165],[120.55,33.586],[120.926,33.2],[120.919,32.622],[121.403,32.493],[121.503,32.172],[121.961,31.979],[121.937,31.722],[121.836,31.658],[121.301,31.85],[120.919,31.85],[121.454,31.658],[121.481,31.529],[121.634,31.529],[121.584,31.4],[121.737,31.4],[121.995,31.079],[121.899,30.822],[121.519,30.822],[121.197,30.565],[121.045,30.565],[120.68,30.179],[120.809,30.115],[121.105,30.308],[121.484,30.308],[121.62,30.051],[122.03,29.922],[121.865,29.665],[122.016,29.665],[121.938,29.215],[121.712,29.215],[121.745,29.537],[121.571,29.472],[121.647,29.472],[121.539,29.151],[121.744,29.087],[121.714,28.765],[121.522,28.637],[121.652,28.572],[121.646,28.315],[121.379,28.187],[121.153,28.187],[121.193,28.315],[121.118,28.315],[121.038,28.058],[120.868,27.994],[120.715,27.737],[120.657,27.544],[120.733,27.544],[120.545,27.158],[120.395,27.158],[120.247,26.901],[120.096,26.901],[120.061,26.772],[120.211,26.772],[120.158,26.579],[119.84,26.515],[119.938,26.322],[119.587,26.129],[119.778,26.001],[119.53,25.615],[119.904,25.615],[119.872,25.486],[119.616,25.358],[119.273,25.486],[119.391,25.358],[119.344,25.165],[119.029,25.101],[119.074,24.972],[118.819,24.844],[118.76,24.586],[118.147,24.522],[118.076,24.201],[117.721,23.943],[117.694,23.815],[117.47,23.815],[117.179,23.493],[116.894,23.558],[116.78,23.365],[116.815,23.172],[116.591,23.172],[116.54,22.915],[115.696,22.786],[115.671,22.658],[115.373,22.658],[115.174,22.786],[114.902,22.529],[114.753,22.529],[114.641,22.722],[114.531,22.143],[114.37,22.079],[113.999,22.079],[113.996,22.465],[113.785,22.529],[113.747,22.722],[113.599,22.722],[113.699,22.465],[113.639,22.143],[113.416,22.143],[113.318,22.015],[113.106,22.079],[113.071,21.886],[112.774,21.886],[112.441,21.693],[111.859,21.758],[111.664,21.501],[110.984,21.436],[110.739,21.308],[110.716,21.179],[110.419,21.179],[110.483,21.115],[110.364,20.858],[110.616,20.601],[110.487,20.279],[109.883,20.215],[109.927,20.472],[109.789,20.536],[109.77,20.858],[109.696,20.858],[109.87,21.436],[109.807,21.501],[109.116,21.372],[109.086,21.629],[108.652,21.693],[108.555,21.565],[107.79,21.436],[107.417,20.986],[106.961,20.922],[106.834,20.601],[106.685,20.601],[106.537,20.151],[105.965,19.829],[105.734,18.865],[106.051,18.543],[106.031,18.415],[106.178,18.415],[106.295,18.222],[106.57,18.093],[106.571,17.643],[106.772,17.515],[106.752,17.386],[107.026,17.258],[106.607,16.936],[106.396,17],[106.416,17.129],[105.144,18.415],[105.185,18.672],[105.037,18.672],[105.142,18.865],[105.015,18.993],[105.014,19.443],[104.94,19.443],[104.992,19.765],[104.865,19.893],[104.981,20.151],[104.44,20.472],[104.619,20.665],[104.905,20.601],[104.873,20.858],[105.096,20.858],[104.851,21.179],[104.979,21.501],[104.926,21.629],[105.096,21.758],[105.128,21.951],[104.874,22.208],[105.249,22.658],[105.175,22.658],[105.22,22.915],[105.117,23.172],[104.956,23.108],[104.905,23.236],[102.99,23.365],[102.801,23.558],[102.651,23.558],[102.474,23.815],[102.325,23.815],[102.086,24.136],[101.811,24.265],[101.462,25.165],[101.398,25.936],[101.196,26.387],[101.09,27.544],[101.014,27.544],[101.05,27.994],[100.915,28.058],[101.039,28.251],[100.964,28.251],[101.03,28.508],[100.955,28.508],[101.022,28.765],[100.881,29.087],[100.951,29.344],[100.875,29.344],[100.964,29.665],[100.889,29.665],[100.961,29.922],[100.885,29.922],[100.978,30.244],[100.902,30.244],[101.015,30.629],[100.939,30.629],[101.055,31.015],[100.979,31.015],[101.687,32.75],[102.552,33.264],[103.034,33.329],[103.332,33.522],[103.493,33.972],[103.355,34.229],[103.527,34.486],[103.45,34.486],[103.735,35.451],[103.63,35.58],[103.649,36.224],[103.467,36.353],[103.518,36.482],[103.389,36.546],[103.44,36.675],[103.311,36.739],[103.363,36.868],[103.208,37.062],[102.871,37.19],[102.611,37.126],[102.586,37.255],[102.171,37.384],[102.172,37.577],[102.043,37.642],[102.096,37.771],[101.755,37.513],[101.601,37.706],[101.315,37.771],[101.29,37.9],[100.796,38.029],[100.799,38.222],[100.642,38.222],[100.414,38.61],[100.199,38.287],[99.862,38.416],[99.379,39.126],[99.092,39.191],[99.12,39.256],[98.958,39.062],[98.384,39.191],[98.117,38.933],[97.96,38.933],[97.857,39.062],[97.492,39.126],[97.468,39.256],[96.763,39.45],[96.681,39.256],[96.76,39.256],[96.678,39.062],[96.757,39.062],[96.677,38.868],[96.755,38.868],[96.649,38.61],[96.414,38.61],[96.31,38.739],[95.682,38.933],[95.319,39.385],[94.977,39.32],[94.506,39.514],[93.955,39.514],[93.088,39.32],[92.248,39.385],[91.123,39.126],[89.58,38.997],[88.746,38.868],[87.662,38.481],[86.44,38.351],[86.081,38.222],[85.813,37.9],[85.356,37.706],[85.113,37.448],[82.101,36.804],[82.024,36.804],[81.695,36.997],[82.055,37.642],[82.488,37.771],[82.907,38.093],[85.148,39.126],[85.376,39.32],[88.246,40.226],[88.562,40.226],[90.781,40.809],[92.106,40.938],[92.134,41.003],[92.213,41.003],[92.293,41.003],[92.372,41.003],[92.451,41.003],[92.48,41.068],[93.296,40.938],[93.268,40.874],[93.715,40.809],[93.687,40.744],[95.23,41.003],[97.214,41.003],[97.184,40.938],[97.888,40.744],[98.037,40.55],[98.274,40.55],[98.503,40.355],[98.948,40.291],[98.918,40.226],[99.284,40.161],[99.384,40.032],[100.173,40.032],[100.144,39.967],[100.381,39.967],[100.737,39.708],[101.181,39.644],[101.165,39.256],[101.559,39.256],[101.63,39.062],[102.123,38.933],[102.095,38.868],[103.132,39.256],[103.812,39.708],[104.583,39.838],[104.668,39.514],[103.939,39.126],[103.608,38.739],[104.108,38.803],[103.836,38.545],[103.751,38.351],[103.88,38.287],[103.663,37.964],[103.764,37.835],[104.362,37.771],[104.463,37.642],[105.774,37.964],[107.359,37.835],[108.539,38.029],[108.51,37.964],[108.745,37.964],[108.843,37.835],[110.123,37.9],[110.094,37.835],[110.484,37.835],[110.455,37.771],[111.743,37.513],[113.004,39.644],[113.623,40.226],[113.76,40.485],[114.958,40.938],[115.992,41.782],[117.338,42.171],[117.737,42.171],[117.701,41.976],[117.823,41.911],[117.708,41.717],[117.791,41.587],[118.072,41.522],[118.034,41.457],[118.47,41.522],[118.432,41.457],[118.671,41.457],[118.633,41.392],[118.83,41.457],[118.792,41.392],[119.428,41.392],[119.39,41.327],[121.021,41.263],[123.167,41.911],[123.127,41.847],[123.405,41.782],[123.365,41.717]]],[[[122.273,30.179],[122.28,29.987],[121.977,29.987],[122.022,30.115],[122.045,30.179],[122.273,30.179]]]]}},{"type":"Feature","id":"cliopatria-c66b5b797773d920535972be","properties":{"NAME":"Kingdom of Armenia","ABBREVN":null,"CONTROL":null,"SUBJECTO":"Kingdom of Armenia","PARTOF":null,"BORDERPRECISION":1,"FromYear":154,"ToYear":160,"Area":218361.80599766105,"Type":"POLITY","Wikipedia":"Kingdom of Armenia (antiquity)","Wikidata":"Q208404","SeshatID":"","Components":"","MemberOf":"","sourceFeatureId":"cliopatria-c66b5b797773d920535972be","datasetId":"cliopatria"},"geometry":{"type":"MultiPolygon","coordinates":[[[[48.225,39.708],[48.673,39.579],[48.806,39.45],[48.782,39.32],[48.928,39.256],[48.742,38.674],[48.821,38.674],[48.807,38.158],[48.795,38.093],[48.326,38.093],[47.252,38.674],[46.121,38.481],[45.854,38.287],[45.635,37.9],[45.224,37.771],[45.174,37.448],[45.252,37.448],[45.29,37.19],[45.446,37.19],[45.251,36.933],[44.803,37.062],[44.774,37.384],[44.637,37.513],[43.945,37.577],[43.886,37.706],[42.88,37.771],[42.508,37.9],[42.03,37.835],[41.97,37.964],[41.667,38.029],[40.572,38.029],[40.547,38.416],[40.469,38.416],[40.658,39.191],[40.51,39.256],[40.548,39.514],[39.848,39.579],[39.751,39.45],[39.209,39.514],[38.954,39.385],[38.745,39.579],[38.93,39.773],[38.79,39.902],[40.398,40.096],[40.953,40.614],[41.45,40.744],[41.535,41.263],[41.614,41.263],[41.694,41.263],[41.705,41.327],[42.25,41.263],[42.363,41.457],[42.624,41.587],[42.863,41.587],[43.34,41.133],[43.976,41.133],[44.237,41.263],[45.112,41.263],[45.302,41.003],[45.595,40.874],[45.457,40.55],[45.884,40.291],[46.201,40.291],[46.256,40.161],[46.481,40.096],[46.458,39.967],[46.774,39.967],[47.066,39.838],[47.121,39.708],[48.146,39.708],[48.225,39.708]]]]}},{"type":"Feature","id":"cliopatria-6fdcc65d4b710b77120e118a","properties":{"NAME":"Kingdom of Gordyene","ABBREVN":null,"CONTROL":null,"SUBJECTO":"Kingdom of Gordyene","PARTOF":null,"BORDERPRECISION":1,"FromYear":154,"ToYear":160,"Area":14297.679788934473,"Type":"POLITY","Wikipedia":"Corduene","Wikidata":"Q29237","SeshatID":"","Components":"","MemberOf":"","sourceFeatureId":"cliopatria-6fdcc65d4b710b77120e118a","datasetId":"cliopatria"},"geometry":{"type":"MultiPolygon","coordinates":[[[[42.861,37.642],[42.852,37.577],[42.774,37.577],[42.765,37.513],[41.984,37.513],[41.178,37.319],[40.181,37.448],[40.051,37.642],[40.094,37.964],[40.572,38.029],[41.667,38.029],[41.97,37.964],[42.03,37.835],[42.508,37.9],[42.88,37.771],[42.871,37.706],[42.861,37.642]]]]}},{"type":"Feature","id":"cliopatria-62704d82ff2404d14bd9f728","properties":{"NAME":"Kushan Empire","ABBREVN":null,"CONTROL":null,"SUBJECTO":"Kushan Empire","PARTOF":null,"BORDERPRECISION":1,"FromYear":154,"ToYear":160,"Area":2267231.105890335,"Type":"POLITY","Wikipedia":"Kushan Empire","Wikidata":"Q25979","SeshatID":"af_kushan_emp","Components":"","MemberOf":"","sourceFeatureId":"cliopatria-62704d82ff2404d14bd9f728","datasetId":"cliopatria"},"geometry":{"type":"MultiPolygon","coordinates":[[[[78.502,37.513],[78.093,37.706],[77.667,38.351],[77.51,38.351],[77.414,38.545],[77.258,38.545],[77.025,38.803],[75.792,39.126],[73.69,39.45],[73.63,39.256],[73.748,39.126],[73.494,38.545],[72.989,38.158],[72.626,37.706],[72.37,37.062],[72.448,37.062],[72.283,36.739],[72.258,36.353],[72.501,36.095],[72.468,35.966],[72.64,36.031],[72.606,35.902],[72.822,35.838],[72.711,35.709],[73.441,34.937],[73.811,34.872],[73.701,34.744],[73.993,34.679],[74.038,34.551],[74.192,34.551],[74.297,34.358],[74.451,34.358],[74.634,34.165],[74.602,34.036],[75.028,33.586],[74.996,33.457],[75.134,33.393],[75.103,33.264],[75.241,33.2],[75.271,33.007],[75.424,33.007],[75.469,32.879],[75.882,32.686],[76.127,32.75],[76.081,32.557],[76.601,32.172],[78.448,31.593],[78.844,31.658],[78.814,31.529],[79.18,31.465],[79.607,31.015],[79.624,30.758],[79.869,30.501],[79.845,30.051],[79.954,29.858],[79.885,29.537],[79.961,29.537],[79.867,29.087],[80.166,28.701],[80.681,28.637],[80.957,28.508],[81.195,28.187],[81.885,27.865],[82.538,27.737],[83.078,27.415],[84.357,27.415],[84.36,26.644],[84.511,26.644],[84.44,26.258],[84.515,26.258],[84.299,24.008],[84.373,24.008],[84.051,22.786],[83.834,22.272],[83.676,22.208],[83.618,21.758],[83.543,21.758],[83.535,21.693],[82.619,22.658],[82.471,22.658],[82.347,22.851],[82.058,22.915],[81.86,23.108],[81.637,23.108],[81.514,23.301],[81.299,23.365],[81.185,23.622],[80.585,24.136],[79.38,24.586],[78.576,24.715],[78.314,24.972],[78.367,25.808],[78.292,25.808],[78.332,26.515],[78.257,26.515],[78.236,26.837],[77.238,26.708],[77.11,26.837],[76.584,26.837],[73.959,26.387],[73.479,26.194],[73.179,26.194],[71.905,25.679],[71.235,25.165],[71.086,25.165],[70.57,24.651],[70.605,24.329],[70.448,24.265],[70.424,24.072],[70.065,23.558],[69.5,23.172],[69.039,23.043],[69.025,22.915],[68.95,22.915],[68.606,23.172],[68.552,23.365],[68.336,23.429],[68.35,23.558],[68.127,23.558],[68.155,23.815],[67.633,23.815],[67.491,23.879],[67.438,24.072],[67.289,24.072],[67.326,24.393],[67.148,24.779],[66.632,24.844],[66.64,24.908],[67.112,25.101],[67.502,25.808],[67.197,26.322],[67.175,27.222],[67.062,27.479],[67.121,27.865],[67.046,27.865],[67.041,28.315],[66.965,28.315],[67.007,28.572],[66.931,28.572],[67.135,29.344],[66.995,29.408],[66.888,29.665],[66.434,29.665],[66.077,29.794],[66.316,29.858],[66.418,30.436],[66.343,30.436],[66.525,31.015],[66.449,31.015],[66.483,31.593],[66.102,31.593],[65.694,31.85],[65.02,31.915],[64.383,32.172],[63.555,32.236],[63.426,32.365],[63.873,33.843],[64.324,34.165],[64.574,34.615],[65.092,34.872],[64.854,35.194],[64.829,35.773],[64.751,35.773],[65.155,38.739],[65.077,38.739],[65.144,38.997],[65.065,38.997],[65.282,39.514],[65.203,39.514],[65.291,39.838],[65.564,39.967],[65.883,40.809],[65.962,40.809],[66.653,41.263],[66.891,41.263],[67.547,41.587],[68.025,41.587],[68.223,41.457],[68.978,41.327],[69.58,41.717],[70.016,41.587],[71.63,41.652],[71.841,41.327],[72.137,41.263],[72.232,41.068],[72.47,41.068],[73.019,40.809],[73.343,41.068],[74.751,41.003],[77.35,41.392],[77.374,41.457],[77.875,41.522],[80.028,42.366],[80.108,42.366],[80.134,42.431],[82.056,42.236],[84.108,42.756],[85.792,42.756],[85.764,42.691],[87.282,42.496],[87.254,42.431],[88.848,42.236],[88.82,42.171],[89.43,42.106],[89.402,42.041],[90.223,41.911],[90.195,41.847],[90.696,41.717],[90.312,41.198],[89.805,40.938],[88.853,40.938],[88.88,41.003],[87.742,41.133],[87.769,41.198],[85.782,41.392],[83.236,41.392],[81.308,41.133],[79.926,40.614],[79.689,40.614],[78.782,40.291],[78.275,39.967],[78.222,39.579],[78.765,39.32],[78.722,39.191],[78.88,39.191],[78.916,39.062],[79.073,39.062],[79.244,38.868],[79.239,38.61],[79.374,38.545],[79.23,38.093],[78.58,37.513],[78.502,37.513]]],[[[72.501,36.095],[72.518,36.16],[72.596,36.16],[72.579,36.095],[72.501,36.095]]]]}},{"type":"Feature","id":"cliopatria-bc8d5917aa0872ab3c181b1e","properties":{"NAME":"Parthian Empire","ABBREVN":null,"CONTROL":null,"SUBJECTO":"Parthian Empire","PARTOF":null,"BORDERPRECISION":1,"FromYear":154,"ToYear":160,"Area":2702644.812968237,"Type":"POLITY","Wikipedia":"Parthian Empire","Wikidata":"Q1986139","SeshatID":"iq_parthian_emp_2","Components":"","MemberOf":"","sourceFeatureId":"cliopatria-bc8d5917aa0872ab3c181b1e","datasetId":"cliopatria"},"geometry":{"type":"MultiPolygon","coordinates":[[[[51.138,25.486],[51.212,25.486],[51.207,25.422],[51.132,25.422],[51.138,25.486]]],[[[50.43,25.936],[50.46,26.258],[50.685,26.258],[50.673,26.129],[50.667,26.065],[50.649,25.872],[50.43,25.936]]],[[[57.351,40.291],[58.332,40.42],[58.537,40.291],[58.854,40.291],[58.98,40.161],[59.77,40.161],[59.768,39.838],[60.084,39.838],[60.052,39.708],[60.683,39.708],[60.713,39.514],[60.949,39.514],[62.502,40.032],[62.879,39.967],[64.02,40.096],[64.389,40.291],[65.235,40.485],[65.272,40.614],[65.351,40.614],[65.37,40.679],[65.449,40.679],[65.43,40.614],[65.589,40.614],[65.804,40.809],[65.883,40.809],[65.564,39.967],[65.291,39.838],[65.203,39.514],[65.282,39.514],[65.065,38.997],[65.144,38.997],[65.077,38.739],[65.155,38.739],[64.751,35.773],[64.829,35.773],[64.854,35.194],[65.092,34.872],[64.574,34.615],[64.324,34.165],[63.873,33.843],[63.426,32.365],[63.185,32.3],[63.161,32.172],[62.82,31.979],[62.421,31.465],[61.942,31.336],[61.875,30.951],[61.387,30.308],[60.956,29.987],[61.001,29.794],[62.304,29.408],[64.12,29.408],[64.53,29.601],[65.125,29.537],[66.077,29.794],[66.434,29.665],[66.888,29.665],[66.995,29.408],[67.135,29.344],[66.931,28.572],[67.007,28.572],[66.965,28.315],[67.041,28.315],[67.046,27.865],[67.121,27.865],[67.062,27.479],[67.175,27.222],[67.197,26.322],[67.502,25.808],[67.112,25.101],[66.64,24.908],[66.648,24.972],[66.62,25.358],[66.345,25.551],[66.021,25.358],[64.816,25.294],[64.801,25.165],[64.285,25.229],[64.225,25.358],[63.626,25.358],[63.536,25.229],[62.563,25.229],[62.474,25.101],[62.182,25.165],[62.018,25.036],[61.719,25.036],[61.658,25.165],[61.127,25.101],[60.917,25.229],[60.618,25.229],[60.632,25.358],[59.06,25.358],[58.782,25.551],[57.958,25.551],[57.74,25.615],[57.679,25.744],[57.38,25.744],[57.176,25.936],[57.052,26.837],[56.715,27.158],[56.188,27.158],[56.098,27.029],[56.324,27.029],[56.309,26.901],[56.061,26.708],[55.603,26.644],[55.439,26.515],[55.289,26.515],[55.31,26.708],[55.543,26.772],[55.242,26.772],[54.832,26.451],[54.463,26.515],[54.259,26.708],[53.658,26.708],[53.461,26.965],[52.737,27.222],[52.479,27.608],[52.049,27.801],[51.597,27.801],[51.317,27.994],[51.331,28.122],[51.066,28.444],[51.028,28.765],[50.809,28.83],[50.915,29.087],[50.62,29.151],[50.651,29.408],[50.236,29.729],[50.065,30.179],[49.586,29.987],[48.943,30.308],[48.987,30.051],[48.365,29.922],[48.404,29.601],[47.866,29.537],[47.852,29.408],[48.079,29.408],[48.215,29.279],[48.194,29.087],[48.46,28.765],[48.563,28.315],[48.974,27.93],[48.872,27.672],[49.242,27.608],[49.36,27.287],[50.135,26.772],[50.116,26.579],[50.254,26.451],[50.223,26.129],[50.067,26.065],[50.211,26.001],[50.325,25.615],[50.608,25.422],[50.654,25.101],[50.729,25.101],[50.769,25.551],[50.925,25.615],[50.955,25.936],[51.123,26.129],[51.423,26.129],[51.698,25.872],[51.575,25.358],[51.719,25.294],[51.69,24.972],[51.524,24.779],[51.411,24.329],[51.854,24.265],[51.907,24.008],[52.28,24.008],[52.6,24.265],[53.112,24.136],[54.083,24.136],[54.099,24.329],[54.318,24.265],[54.559,24.458],[54.744,24.844],[55.143,25.101],[55.412,25.551],[55.97,25.872],[56.168,26.322],[56.475,26.387],[56.543,26.322],[56.385,25.551],[56.46,25.551],[56.421,25.165],[56.496,25.165],[56.402,24.972],[56.545,24.908],[56.788,24.329],[57.493,23.879],[58.812,23.622],[59.08,23.301],[59.068,23.172],[59.28,23.043],[59.268,22.915],[58.896,22.915],[58.908,23.043],[58.61,23.043],[58.335,23.301],[57.962,23.301],[57.974,23.429],[57.83,23.493],[56.809,23.751],[56.821,23.879],[56.54,24.072],[56.489,24.329],[56.271,24.393],[56.29,24.586],[56.09,24.844],[55.859,24.779],[55.841,24.586],[55.623,24.651],[54.812,23.943],[54.273,23.751],[51.881,23.686],[51.822,23.879],[51.166,24.072],[51.102,24.201],[51.203,24.522],[51.133,24.586],[51.294,24.715],[51.327,25.101],[51.402,25.101],[51.27,25.294],[51.35,25.358],[51.323,25.872],[51.173,25.872],[51.23,25.679],[50.982,25.422],[50.965,25.229],[51.12,25.294],[50.92,24.715],[50.616,24.651],[50.344,24.972],[50.032,25.679],[49.674,25.872],[49.878,26.451],[49.252,26.965],[49.265,27.094],[49.059,27.287],[48.552,27.479],[48.467,28.122],[48.247,28.187],[48.206,28.508],[48.055,28.508],[48.144,28.637],[48,28.701],[48.014,28.83],[47.809,29.022],[47.651,28.958],[47.672,29.151],[47.535,29.279],[47.654,29.665],[47.29,29.794],[46.979,29.729],[46.994,29.858],[46.85,29.922],[46.615,29.858],[46.591,30.308],[45.77,30.436],[44.955,31.272],[44.581,31.336],[44.459,31.593],[43.153,32.814],[42.709,32.943],[42.364,33.264],[42.065,33.329],[41.788,33.586],[41.489,33.65],[41.212,33.907],[40.627,34.165],[40.55,34.165],[40.479,34.872],[40.263,35.001],[40.278,35.13],[40.062,35.258],[39.938,35.516],[39.497,35.709],[39.753,35.902],[40.809,36.288],[41.283,36.353],[41.541,36.546],[41.671,36.353],[41.982,36.353],[42.629,36.546],[42.623,37.062],[42.765,37.513],[42.774,37.577],[42.852,37.577],[42.861,37.642],[42.871,37.706],[42.88,37.771],[43.886,37.706],[43.945,37.577],[44.637,37.513],[44.774,37.384],[44.803,37.062],[45.251,36.933],[45.446,37.19],[45.29,37.19],[45.252,37.448],[45.174,37.448],[45.224,37.771],[45.635,37.9],[45.854,38.287],[46.121,38.481],[47.252,38.674],[48.326,38.093],[48.795,38.093],[48.874,38.093],[48.829,37.835],[49.085,37.513],[49.854,37.448],[50.321,36.997],[50.566,37.062],[50.632,36.997],[50.532,36.868],[51.265,36.61],[52.186,36.546],[53.088,36.804],[54.033,36.868],[54.095,37.19],[53.91,37.448],[53.908,37.835],[53.83,37.835],[53.987,38.997],[53.518,39.385],[53.138,39.45],[53.545,39.514],[53.498,40.032],[52.723,40.096],[52.714,40.42],[52.793,40.42],[52.893,40.874],[52.972,40.874],[52.943,40.744],[53.34,40.744],[53.448,40.874],[53.404,40.679],[54.544,40.809],[56.655,40.355],[56.987,40.42],[56.956,40.291],[57.035,40.291],[57.241,40.161],[57.351,40.291]]]]}},{"type":"Feature","id":"cliopatria-78b66a89848365f259714ec6","properties":{"NAME":"Roman Empire","ABBREVN":null,"CONTROL":null,"SUBJECTO":"Roman Empire","PARTOF":null,"BORDERPRECISION":1,"FromYear":154,"ToYear":160,"Area":4582517.100062064,"Type":"POLITY","Wikipedia":"Roman Empire","Wikidata":"Q12544","SeshatID":"it_roman_principate","Components":"","MemberOf":"","sourceFeatureId":"cliopatria-78b66a89848365f259714ec6","datasetId":"cliopatria"},"geometry":{"type":"MultiPolygon","coordinates":[[[[2.61,34.422],[2.533,34.422],[2.531,34.486],[2.608,34.486],[2.61,34.422]]],[[[14.34,36.031],[14.417,36.031],[14.571,35.966],[14.568,35.773],[14.337,35.838],[14.34,36.031]]],[[[22.887,36.417],[22.965,36.417],[23.117,36.353],[23.107,36.16],[22.874,36.16],[22.887,36.417]]],[[[7.24,50.712],[7.41,50.645],[7.413,50.512],[7.664,50.579],[7.755,50.246],[7.923,50.246],[8.169,50.579],[8.758,50.579],[8.68,50.113],[8.764,50.113],[8.766,49.98],[8.933,50.046],[8.934,49.914],[9.187,49.781],[9.192,49.316],[9.529,48.853],[12.111,49.184],[12.609,48.985],[12.773,48.787],[13.519,48.654],[14.258,48.258],[14.672,48.258],[14.841,48.39],[15.499,48.192],[16.663,48.324],[16.904,48.126],[17.072,48.192],[17.067,48.06],[17.635,47.796],[18.626,47.796],[18.798,47.928],[18.957,47.796],[18.95,47.664],[19.269,47.466],[19.173,47.203],[18.923,47.137],[18.998,47.006],[18.834,47.006],[18.824,46.809],[18.906,46.809],[18.896,46.612],[19.05,46.415],[18.952,46.087],[18.87,46.087],[18.949,46.021],[18.854,45.759],[19.011,45.628],[18.923,45.497],[19.004,45.497],[18.998,45.366],[19.238,45.3],[20.056,45.366],[19.907,45.628],[20.17,45.955],[20.185,46.218],[21.24,46.087],[21.331,46.218],[21.494,46.218],[21.486,46.087],[21.649,46.087],[22.008,46.546],[22.026,46.809],[22.291,47.072],[22.218,47.203],[22.3,47.203],[22.315,47.401],[22.752,47.73],[23.253,47.796],[23.82,47.664],[25.553,47.664],[25.624,47.532],[25.865,47.466],[25.916,47.137],[26.554,46.94],[26.542,46.809],[26.699,46.743],[26.421,46.415],[26.402,46.218],[26.063,46.087],[25.742,46.152],[25.636,45.89],[25.392,45.89],[25.224,44.908],[25.676,44.516],[25.838,44.516],[25.889,44.19],[26.132,44.19],[26.201,44.059],[26.698,44.19],[27.418,44.124],[27.923,44.32],[27.869,44.581],[27.707,44.581],[27.727,44.777],[27.889,44.777],[27.922,45.104],[27.767,45.17],[27.787,45.366],[28.038,45.431],[28.051,45.562],[28.289,45.497],[28.275,45.366],[28.431,45.3],[29.177,45.431],[29.288,45.693],[29.815,46.021],[30.107,46.415],[30.975,46.809],[31.082,47.006],[31.567,46.94],[31.533,46.677],[30.877,46.677],[30.298,45.955],[30.045,45.89],[29.859,45.693],[29.614,45.693],[29.584,45.431],[29.666,45.431],[29.525,44.908],[29.024,44.777],[29.046,44.973],[28.802,44.973],[28.841,44.581],[28.577,44.385],[28.536,43.994],[28.616,43.994],[28.481,43.472],[28.159,43.472],[28.226,43.342],[27.898,43.277],[27.805,43.147],[27.847,42.756],[27.514,42.626],[27.495,42.431],[27.796,42.236],[27.784,42.106],[28.004,41.911],[27.979,41.652],[28.218,41.652],[28.279,41.457],[28.505,41.327],[28.976,41.263],[28.963,41.133],[30.479,41.198],[30.624,41.068],[31.18,41.068],[31.534,41.392],[32.027,41.522],[32.042,41.652],[32.193,41.587],[32.695,41.782],[32.631,41.911],[34.785,41.911],[34.882,42.041],[35.121,42.041],[35.157,41.717],[35.954,41.717],[36.209,41.263],[36.775,41.327],[37.065,41.133],[37.233,41.198],[37.215,41.068],[37.771,41.068],[37.831,40.938],[38.158,41.003],[38.298,40.874],[38.783,40.938],[39.051,41.133],[39.736,40.938],[40.37,40.938],[40.391,41.068],[40.539,41.003],[41.047,41.198],[41.159,41.392],[41.307,41.327],[41.408,41.457],[41.567,41.457],[41.815,41.976],[41.735,41.976],[41.758,42.106],[41.598,42.106],[41.701,42.236],[41.483,42.366],[41.609,42.626],[41.334,42.886],[41.173,42.886],[41.116,43.017],[40.817,43.147],[40.416,43.147],[40.219,43.407],[39.978,43.407],[40.081,43.538],[40.161,43.538],[40.599,43.277],[41.001,43.277],[41.208,43.082],[41.666,42.951],[41.803,42.821],[41.78,42.691],[41.998,42.561],[42.01,41.717],[41.705,41.327],[41.625,41.327],[41.614,41.263],[41.535,41.263],[41.45,40.744],[40.953,40.614],[40.398,40.096],[38.79,39.902],[38.93,39.773],[38.745,39.579],[38.954,39.385],[39.209,39.514],[39.751,39.45],[39.848,39.579],[40.548,39.514],[40.51,39.256],[40.658,39.191],[40.469,38.416],[40.547,38.416],[40.572,38.029],[40.094,37.964],[40.051,37.642],[40.181,37.448],[39.496,37.577],[39.46,37.9],[39.381,37.9],[39.122,37.706],[38.349,37.771],[38.333,37.642],[37.989,37.384],[37.958,37.126],[38.176,36.997],[38.133,35.966],[38.428,35.838],[39.497,35.709],[39.938,35.516],[40.062,35.258],[40.278,35.13],[40.263,35.001],[40.479,34.872],[40.55,34.165],[40.473,34.165],[40.311,34.1],[40.403,34.229],[39.509,34.486],[39.124,34.486],[38.479,34.229],[37.073,33.264],[37.054,33.072],[36.901,33.072],[36.717,32.75],[36.751,32.3],[36.516,32.236],[36.656,32.107],[36.492,31.979],[36.463,31.658],[36.387,31.658],[36.423,31.208],[36.271,31.208],[36.401,30.951],[36.156,30.758],[35.942,29.987],[35.866,29.987],[35.826,29.472],[35.958,29.215],[35.858,28.894],[36.401,28.058],[36.552,28.058],[36.689,27.865],[37.127,27.672],[37.26,27.415],[37.481,27.351],[37.472,27.222],[37.769,27.158],[38.051,26.901],[38.206,26.965],[38.197,26.837],[38.493,26.772],[38.484,26.644],[38.701,26.515],[38.692,26.387],[38.304,26.194],[37.826,25.744],[37.057,25.422],[36.773,25.679],[36.717,26.001],[36.429,26.194],[36.027,26.965],[35.672,27.287],[35.409,27.865],[35.049,28.122],[34.593,28.058],[34.605,28.251],[34.854,28.572],[34.913,29.408],[34.752,29.279],[34.517,28.058],[34.358,27.93],[34.346,27.737],[34.12,27.737],[33.617,28.122],[33.554,28.315],[33.403,28.315],[33.189,28.508],[33.147,29.022],[32.857,29.215],[32.589,29.729],[32.602,29.922],[32.442,29.794],[32.689,28.958],[32.836,28.894],[33.105,28.38],[33.609,27.994],[33.585,27.608],[33.799,27.415],[33.927,27.029],[34.073,26.965],[34.051,26.579],[34.197,26.515],[34.461,25.872],[34.608,25.808],[35.146,24.651],[35.86,24.008],[35.854,23.879],[35.559,23.943],[35.553,23.815],[35.108,23.879],[33.756,23.686],[33.682,23.686],[33.389,23.815],[32.041,23.686],[31.67,23.751],[30.537,23.365],[30.463,23.365],[30.395,23.558],[30.104,23.751],[30.109,23.879],[29.959,23.879],[29.673,24.201],[28.569,24.651],[28.289,25.165],[28.244,25.936],[28.345,26.579],[28.27,26.579],[28.154,27.351],[27.937,27.544],[27.711,27.544],[27.792,27.672],[27.43,27.994],[27.276,27.93],[27.285,28.122],[27.14,28.251],[25.586,28.958],[25.373,29.279],[25.147,29.279],[25.001,29.408],[24.847,29.344],[24.779,29.537],[24.33,29.665],[23.962,29.922],[23.51,29.987],[22.916,30.308],[22.762,30.244],[22.767,30.372],[21.939,30.565],[20.952,30.565],[18.735,29.987],[17.905,30.179],[16.701,30.694],[15.49,30.951],[15.184,30.886],[15.187,31.079],[14.584,31.529],[14.586,31.658],[14.284,31.915],[13.6,32.172],[13.066,32.172],[13.067,32.3],[11.768,32.3],[11.768,32.429],[11.539,32.429],[11.463,32.557],[11.31,32.493],[11.157,32.686],[10.392,33.007],[10.009,33.007],[10.085,33.136],[9.625,33.136],[9.547,33.329],[9.624,33.457],[9.316,33.586],[9.238,33.843],[9.083,33.907],[9.083,34.036],[8.929,34.036],[8.928,34.165],[8.311,34.293],[8.081,34.229],[8.002,34.422],[7.615,34.551],[7.153,34.486],[6.92,34.615],[6.459,34.551],[6.148,34.679],[5.377,34.679],[5.149,34.551],[4.454,34.615],[3.843,34.422],[3.456,34.486],[2.921,34.358],[2.45,34.615],[1.294,34.615],[0.685,34.422],[0.451,34.486],[0.303,34.358],[-1.237,34.358],[-1.305,34.165],[-1.539,34.229],[-1.61,34.1],[-1.693,34.229],[-2.001,34.229],[-3.763,34.1],[-4.141,33.972],[-4.21,33.843],[-4.367,33.907],[-5.039,33.586],[-5.274,33.65],[-5.799,33.457],[-6.033,33.522],[-6.634,33.329],[-6.703,33.2],[-6.937,33.264],[-7.528,32.943],[-8.064,32.943],[-8.154,33.136],[-8.47,33.264],[-8.403,33.393],[-7.13,33.843],[-7.062,33.972],[-6.904,33.907],[-6.614,34.165],[-6.7,34.293],[-6.473,34.358],[-6.482,34.486],[-6.332,34.551],[-6.277,34.872],[-6.2,34.872],[-6.291,35.065],[-6.132,35.001],[-6.145,35.194],[-6,35.323],[-5.877,35.773],[-5.339,35.838],[-5.24,35.516],[-4.755,35.194],[-3.132,35.194],[-2.982,35.258],[-2.993,35.451],[-2.838,35.451],[-2.82,35.13],[-2.662,35.065],[-1.89,35.065],[-1.591,35.258],[-1.359,35.258],[-1.136,35.451],[-1.224,35.645],[-1.066,35.58],[-0.917,35.709],[-0.53,35.709],[-0.459,35.838],[0.084,35.838],[0.376,36.224],[0.684,36.288],[0.678,36.417],[0.914,36.353],[1.216,36.546],[1.53,36.482],[2.377,36.675],[2.69,36.61],[2.841,36.739],[3.23,36.739],[3.459,36.868],[3.85,36.804],[4.235,36.933],[4.859,36.868],[5.098,36.675],[5.564,36.675],[5.639,36.804],[6.106,36.804],[6.103,36.933],[6.334,37.062],[6.805,36.868],[7.194,36.868],[7.346,37.062],[7.502,37.062],[7.738,36.868],[8.516,36.868],[8.903,37.126],[9.059,37.062],[9.37,37.255],[9.759,37.319],[9.993,37.19],[10.227,37.255],[10.228,37.062],[10.305,37.062],[10.228,36.804],[10.462,36.739],[11.006,36.997],[11.006,36.804],[10.462,36.417],[10.54,36.353],[10.464,35.902],[10.696,35.709],[10.851,35.773],[10.928,35.58],[11.083,35.58],[11.083,35.387],[11.006,35.387],[11.083,35.001],[10.851,34.937],[10.851,34.808],[10.543,34.551],[10.004,34.293],[10.082,34.229],[10.006,33.907],[10.237,33.715],[10.544,33.715],[10.698,33.522],[11.082,33.586],[11.158,33.2],[11.464,33.2],[12.229,32.814],[12.612,32.879],[12.535,32.75],[12.841,32.75],[12.842,32.879],[13.302,32.943],[13.454,32.814],[13.761,32.879],[13.759,32.75],[14.065,32.75],[14.444,32.493],[14.675,32.557],[14.749,32.429],[15.055,32.429],[15.282,32.3],[15.425,31.658],[15.576,31.593],[15.649,31.4],[16.179,31.208],[16.864,31.208],[17.847,30.951],[18.222,30.758],[18.592,30.372],[18.896,30.372],[18.969,30.244],[19.655,30.372],[19.964,30.565],[19.968,30.694],[20.202,30.886],[20.134,31.143],[20.214,31.272],[19.996,31.593],[20.089,32.107],[20.017,32.236],[20.246,32.236],[20.331,32.493],[20.482,32.429],[20.563,32.557],[20.716,32.557],[20.644,32.686],[20.871,32.622],[21.108,32.814],[21.412,32.75],[21.879,32.943],[23.089,32.622],[23.081,32.429],[23.231,32.365],[23.149,32.236],[23.299,32.172],[23.68,32.172],[24.129,31.979],[24.892,31.979],[25.112,31.786],[25.102,31.593],[25.248,31.465],[26.848,31.465],[27.297,31.336],[27.515,31.143],[28.496,31.015],[28.865,30.822],[29.397,30.822],[29.485,31.015],[29.633,30.951],[29.87,31.079],[29.802,31.208],[29.882,31.272],[30.339,31.272],[30.271,31.4],[30.352,31.465],[30.809,31.465],[30.966,31.529],[30.975,31.658],[31.203,31.658],[31.118,31.529],[31.266,31.465],[31.875,31.465],[31.781,31.208],[31.937,31.272],[32,31.079],[32.304,31.079],[32.237,31.208],[32.389,31.208],[32.532,31.079],[32.765,31.143],[32.832,31.015],[33.983,31.143],[34.297,31.272],[34.308,31.4],[34.547,31.529],[34.639,31.722],[34.573,31.85],[34.813,31.979],[34.77,32.365],[35.022,32.622],[35.056,33.007],[35.215,33.072],[35.398,33.393],[35.346,33.65],[35.499,33.65],[35.447,33.907],[35.684,33.972],[35.644,34.358],[35.792,34.293],[36.049,34.551],[36.068,34.744],[35.927,34.872],[35.96,35.194],[35.882,35.194],[35.993,35.516],[35.845,35.58],[35.99,36.224],[35.842,36.288],[36.265,36.61],[36.286,36.804],[36.145,36.933],[35.834,36.933],[35.488,36.61],[35.113,36.739],[34.95,36.675],[34.893,36.868],[34.582,36.868],[34.251,36.675],[33.979,36.288],[33.274,36.224],[32.713,36.031],[32.558,36.031],[32.499,36.224],[32.068,36.61],[31.086,36.933],[30.619,36.933],[30.492,36.353],[30.026,36.353],[29.938,36.224],[29.24,36.224],[29.125,36.739],[28.736,36.739],[28.591,36.868],[28.357,36.868],[28.187,36.675],[28.031,36.675],[28.138,37.062],[28.065,37.126],[27.598,37.126],[27.539,37.384],[27.223,37.319],[27.31,37.448],[27.163,37.577],[27.256,37.771],[27.178,37.771],[27.275,38.029],[26.889,38.093],[26.82,38.222],[26.429,38.222],[26.384,38.674],[26.536,38.61],[26.595,38.351],[27.065,38.351],[27.08,38.545],[26.849,38.61],[26.958,38.997],[26.879,38.997],[26.894,39.191],[26.742,39.256],[26.847,39.579],[26.132,39.514],[26.272,40.291],[26.605,40.485],[26.684,40.485],[26.673,40.355],[27.47,40.42],[27.538,40.291],[27.696,40.291],[27.792,40.485],[27.95,40.485],[27.939,40.355],[29.046,40.355],[28.9,40.485],[28.913,40.614],[29.48,40.744],[29.493,40.874],[29.249,40.809],[29.103,40.938],[29.116,41.068],[28.633,41.003],[28.169,41.133],[28.077,41.003],[27.527,41.068],[27.017,40.679],[26.921,40.485],[26.626,40.744],[26.14,40.614],[26.082,40.874],[25.378,41.003],[24.347,41.003],[24.011,40.744],[23.698,40.809],[23.685,40.614],[23.839,40.55],[23.737,40.226],[23.267,40.291],[22.884,40.485],[22.892,40.614],[22.655,40.614],[22.56,40.355],[22.544,40.096],[22.702,40.096],[22.611,39.902],[23.135,39.45],[22.816,39.385],[22.797,39.062],[23.116,39.126],[23.108,38.997],[23.344,38.997],[23.493,38.868],[23.332,38.803],[23.025,38.933],[22.936,38.739],[23.167,38.674],[23.313,38.481],[23.626,38.481],[23.563,38.739],[24.03,38.674],[24.179,38.545],[24.159,38.222],[24.002,38.222],[23.979,37.835],[23.443,38.029],[23.208,38.029],[23.201,37.9],[23.044,37.9],[23.108,37.642],[23.342,37.642],[23.402,37.319],[23.169,37.319],[23.176,37.448],[22.949,37.577],[22.714,37.577],[22.701,37.319],[22.853,37.255],[23.056,36.675],[22.833,36.868],[22.599,36.868],[22.512,36.675],[22.356,36.675],[22.22,37.062],[21.909,37.062],[21.899,36.868],[21.744,36.868],[21.681,37.19],[21.603,37.19],[21.697,37.513],[21.244,37.835],[21.416,38.158],[21.729,38.158],[21.738,38.351],[21.193,38.416],[20.974,38.739],[20.741,38.803],[20.911,39.062],[20.297,39.385],[20.155,39.708],[19.912,39.579],[19.758,39.644],[19.764,39.773],[20,39.773],[20.009,39.967],[19.63,40.291],[19.471,40.291],[19.486,40.614],[19.249,40.614],[19.255,40.744],[19.498,40.874],[19.438,41.263],[19.523,41.392],[19.444,41.392],[19.53,41.522],[19.45,41.522],[19.542,41.782],[18.852,42.366],[18.143,42.626],[17.992,42.821],[17.593,42.886],[17.508,42.756],[17.516,42.951],[17.355,42.951],[17.365,43.212],[17.122,43.147],[17.051,43.407],[16.727,43.342],[16.734,43.538],[16.575,43.603],[15.927,43.472],[16.012,43.603],[15.857,43.798],[15.695,43.798],[15.619,43.929],[15.375,43.863],[15.459,43.994],[15.219,44.059],[15.147,44.385],[14.909,44.581],[14.919,44.973],[14.516,45.104],[14.603,45.366],[14.196,45.366],[14.189,45.039],[13.946,45.039],[13.943,44.908],[13.781,44.908],[13.706,45.235],[13.544,45.3],[13.547,45.497],[13.71,45.497],[13.715,45.759],[13.39,45.824],[13.145,45.824],[13.06,45.628],[12.817,45.693],[12.652,45.562],[12.163,45.497],[12.16,45.17],[12.403,45.039],[12.4,44.777],[12.157,44.843],[12.154,44.451],[12.313,44.19],[12.873,43.798],[13.036,43.863],[13.034,43.733],[13.355,43.668],[13.673,43.407],[13.747,43.082],[13.985,42.951],[13.901,42.756],[14.056,42.496],[14.371,42.236],[14.531,42.236],[14.608,42.106],[14.769,42.171],[14.766,42.041],[14.924,41.976],[15.165,42.041],[15.241,41.911],[16.119,41.911],[16.115,41.782],[15.874,41.717],[15.944,41.392],[17.203,41.003],[17.511,40.744],[17.981,40.614],[18.438,40.161],[18.349,39.902],[18.112,39.902],[17.813,40.355],[17.418,40.355],[17.345,40.55],[17.028,40.55],[16.868,40.485],[16.945,40.42],[16.862,40.291],[16.624,40.291],[16.697,40.096],[16.457,39.967],[16.447,39.644],[16.916,39.514],[17.07,39.385],[17.138,39.062],[16.502,38.803],[16.492,38.416],[15.933,37.964],[15.698,37.964],[15.624,38.158],[15.389,38.158],[15.066,37.642],[15.059,37.255],[15.214,37.19],[15.05,36.739],[14.661,36.739],[14.278,37.126],[13.578,37.255],[13.192,37.577],[12.49,37.706],[12.492,37.9],[12.65,38.093],[13.04,38.029],[13.12,38.158],[13.355,38.158],[13.665,37.964],[14.056,37.964],[15.862,38.287],[15.95,38.674],[16.265,38.739],[16.27,38.933],[16.117,39.062],[15.899,39.773],[15.666,39.902],[15.748,40.032],[15.432,40.032],[15.199,40.226],[15.041,40.226],[14.893,40.679],[14.418,40.679],[14.422,40.874],[14.105,40.874],[13.951,41.133],[13.792,41.133],[13.715,41.263],[13,41.327],[12.922,41.457],[12.605,41.522],[12.131,41.911],[12.132,42.041],[11.813,42.106],[11.655,42.366],[11.495,42.301],[11.415,42.431],[11.255,42.431],[11.176,42.626],[11.016,42.626],[11.016,42.821],[10.535,43.082],[10.212,43.994],[9.889,43.994],[9.97,44.124],[9.727,44.124],[9.159,44.451],[8.432,44.385],[8.034,43.929],[7.15,43.733],[6.993,43.538],[6.673,43.472],[6.518,43.212],[6.278,43.147],[5.796,43.147],[5.632,43.277],[5.391,43.277],[5.387,43.407],[5.063,43.472],[4.178,43.472],[4.173,43.603],[3.851,43.603],[3.617,43.407],[3.14,43.277],[2.985,43.147],[3.01,42.561],[3.178,42.366],[3.117,41.911],[2.573,41.587],[2.334,41.587],[2.107,41.327],[1.238,41.198],[0.696,40.938],[0.709,40.679],[0.248,40.42],[0.183,40.161],[-0.126,40.032],[-0.345,39.708],[-0.314,39.126],[0.099,38.739],[-0.661,38.287],[-0.803,38.029],[-0.705,37.642],[-1.709,37.448],[-1.623,37.319],[-1.857,37.319],[-2.062,36.804],[-2.532,36.868],[-2.68,36.739],[-4.469,36.739],[-4.689,36.546],[-5.228,36.482],[-5.288,36.224],[-5.662,36.031],[-5.831,36.224],[-6.064,36.224],[-6.33,36.675],[-6.35,36.933],[-6.588,36.997],[-6.842,37.255],[-7.465,37.255],[-7.455,37.126],[-7.678,36.997],[-8.701,37.126],[-9.001,36.997],[-8.897,37.577],[-8.819,37.577],[-8.823,38.481],[-9.209,38.416],[-9.233,38.674],[-9.384,38.61],[-9.553,38.739],[-9.572,38.933],[-9.427,39.062],[-9.387,39.45],[-9.157,39.514],[-9.104,39.773],[-9.025,39.773],[-8.925,40.355],[-8.846,40.355],[-8.872,40.614],[-8.727,40.744],[-8.956,42.171],[-8.657,42.366],[-9.079,42.561],[-9.1,42.756],[-9.275,42.886],[-9.305,43.147],[-9.159,43.277],[-8.852,43.407],[-8.369,43.407],[-8.39,43.603],[-8.244,43.733],[-7.276,43.733],[-7.343,43.603],[-7.176,43.538],[-5.733,43.603],[-4.99,43.407],[-3.467,43.472],[-3.296,43.342],[-1.688,43.342],[-1.388,43.668],[-1.349,44.255],[-1.268,44.255],[-1.286,44.516],[-1.205,44.516],[-1.252,45.17],[-1.171,45.17],[-1.189,45.431],[-1.031,45.497],[-1.045,45.693],[-1.213,45.759],[-1.141,45.89],[-1.223,45.89],[-1.252,46.283],[-1.666,46.349],[-2.014,46.612],[-2.025,46.743],[-2.194,46.809],[-2.139,47.137],[-2.232,47.269],[-2.562,47.269],[-2.578,47.466],[-2.826,47.466],[-2.837,47.598],[-3.156,47.466],[-3.344,47.73],[-3.757,47.73],[-3.935,47.862],[-4.424,47.796],[-4.692,47.994],[-4.705,48.126],[-4.546,48.192],[-4.643,48.324],[-4.891,48.324],[-4.912,48.522],[-4.6,48.72],[-3.852,48.72],[-3.455,48.919],[-3.122,48.919],[-2.759,48.588],[-2.522,48.72],[-1.602,48.654],[-1.718,49.051],[-1.635,49.051],[-1.652,49.25],[-1.913,49.383],[-2.032,49.781],[-1.362,49.781],[-1.251,49.449],[0.007,49.383],[-0.012,49.648],[0.224,49.847],[1.053,49.98],[1.455,50.246],[1.425,50.712],[1.656,51.046],[2.578,51.179],[2.739,51.313],[3.41,51.447],[3.399,51.647],[3.739,51.647],[3.647,51.781],[3.98,51.915],[4.056,52.116],[4.232,51.982],[4.573,51.982],[5.248,52.116],[5.934,51.982],[6.369,51.647],[6.539,51.647],[6.541,51.58],[6.885,51.38],[7.065,50.979],[7.319,50.912],[7.24,50.712]]],[[[20.621,37.9],[20.699,37.9],[20.934,37.9],[20.922,37.642],[20.613,37.706],[20.621,37.9]]],[[[20.328,38.351],[20.488,38.416],[20.566,38.416],[20.795,38.287],[20.786,38.093],[20.32,38.158],[20.328,38.351]]],[[[1.274,38.803],[1.183,39.062],[1.259,39.126],[1.337,39.126],[1.652,39.126],[1.658,38.997],[1.431,38.803],[1.274,38.803]]],[[[20.073,39.644],[20.152,39.644],[20.149,39.579],[20.07,39.579],[20.073,39.644]]],[[[2.824,39.32],[2.659,39.514],[2.346,39.45],[2.338,39.644],[2.877,39.967],[2.956,39.967],[3.193,39.967],[3.198,39.838],[3.516,39.773],[3.296,39.32],[2.824,39.32]]],[[[3.741,40.096],[3.82,40.096],[4.215,40.096],[4.302,39.838],[3.827,39.902],[3.741,40.096]]],[[[9.665,40.291],[9.747,39.644],[9.669,39.644],[9.593,39.126],[9.12,39.191],[8.966,38.868],[8.73,38.868],[8.336,38.997],[8.412,39.256],[8.333,39.256],[8.33,39.514],[8.409,39.514],[8.483,39.902],[8.325,39.967],[8.4,40.291],[8.321,40.291],[8.319,40.485],[8.16,40.55],[8.155,40.938],[8.552,40.874],[9.025,41.263],[9.104,41.263],[9.502,41.198],[9.822,40.744],[9.823,40.355],[9.665,40.291]]],[[[9.578,41.976],[9.498,41.976],[9.499,41.782],[9.262,41.392],[9.104,41.327],[8.784,41.522],[8.782,41.717],[8.623,41.717],[8.7,41.911],[8.539,42.106],[8.535,42.496],[8.773,42.691],[9.173,42.756],[9.251,43.017],[9.331,43.017],[9.492,43.017],[9.493,42.756],[9.574,42.756],[9.578,41.976]]],[[[10.214,42.886],[10.455,42.886],[10.455,42.691],[10.215,42.691],[10.134,42.886],[10.214,42.886]]],[[[14.35,44.973],[14.511,44.908],[14.502,44.516],[14.261,44.581],[14.269,44.973],[14.35,44.973]]],[[[19.086,45.497],[19.004,45.497],[19.007,45.562],[19.089,45.562],[19.086,45.497]]],[[[19.166,47.072],[19.084,47.072],[19.087,47.137],[19.169,47.137],[19.166,47.072]]],[[[16.989,48.192],[16.907,48.192],[16.909,48.258],[16.992,48.258],[16.989,48.192]]],[[[16.826,48.258],[16.829,48.324],[16.912,48.324],[16.909,48.258],[16.826,48.258]]],[[[6.193,51.848],[6.191,51.915],[6.276,51.915],[6.278,51.848],[6.193,51.848]]],[[[-0.671,54.613],[-0.202,54.206],[-0.18,53.935],[0.004,53.8],[0.021,53.597],[0.295,53.395],[0.316,53.125],[0.075,52.923],[0.337,52.855],[0.493,53.057],[1.094,53.057],[1.622,52.855],[1.739,52.385],[1.654,52.385],[1.586,52.116],[1.425,51.982],[1.17,51.982],[1.184,51.781],[0.844,51.781],[0.863,51.513],[0.524,51.513],[1.207,51.447],[1.381,51.38],[1.394,51.179],[0.493,50.779],[-1.368,50.845],[-1.109,50.779],[-1.177,50.579],[-1.513,50.579],[-1.525,50.712],[-2.608,50.579],[-2.789,50.712],[-3.126,50.712],[-3.457,50.645],[-3.585,50.246],[-4.089,50.246],[-4.187,50.379],[-4.355,50.379],[-4.929,50.246],[-5.151,49.98],[-5.746,50.046],[-5.769,50.246],[-5.28,50.379],[-5.134,50.579],[-4.881,50.579],[-4.819,50.779],[-4.658,50.845],[-4.68,51.046],[-4.426,51.046],[-4.202,51.313],[-3.095,51.246],[-3.108,51.38],[-2.945,51.447],[-3.121,51.513],[-3.277,51.38],[-3.701,51.38],[-3.892,51.58],[-4.308,51.513],[-4.415,51.714],[-5.079,51.58],[-5.264,51.714],[-5.219,52.049],[-4.553,52.183],[-4.157,52.452],[-4.295,52.923],[-4.794,52.788],[-4.81,52.923],[-4.49,53.125],[-4.67,53.192],[-4.702,53.462],[-4.271,53.462],[-4.162,53.26],[-3.317,53.395],[-3.153,53.462],[-3.174,53.665],[-3.088,53.665],[-3.196,53.868],[-3.11,53.868],[-3.124,54.003],[-2.959,54.071],[-3.139,54.138],[-3.305,54.071],[-3.319,54.206],[-3.587,54.274],[-3.72,54.681],[-3.569,54.885],[-4.423,54.749],[-4.954,54.817],[-4.937,54.681],[-5.206,54.749],[-5.328,55.021],[-5.154,55.021],[-5.171,55.157],[-4.769,55.43],[-4.795,55.635],[-4.979,55.703],[-5.014,55.977],[-4.311,55.977],[-4.152,56.114],[-2.656,56.114],[-2.019,55.908],[-1.627,55.498],[-1.62,55.43],[-1.486,54.953],[-1.399,54.953],[-1.286,54.681],[-0.671,54.613]]],[[[38.131,26.965],[38.056,26.965],[38.06,27.029],[38.135,27.029],[38.131,26.965]]],[[[37.914,27.094],[37.839,27.094],[37.844,27.158],[37.919,27.158],[37.914,27.094]]],[[[33.695,34.937],[33.523,34.744],[33.132,34.679],[33.044,34.551],[32.367,34.744],[32.229,34.937],[32.246,35.13],[32.555,35.13],[32.875,35.258],[32.887,35.387],[33.737,35.387],[34.31,35.709],[34.387,35.709],[34.542,35.709],[34.529,35.58],[33.957,35.258],[34.087,35.001],[33.695,34.937]]],[[[24.301,35.323],[25.692,35.323],[25.681,35.13],[26.225,35.194],[26.14,35.065],[24.824,35.001],[24.757,35.194],[24.526,35.194],[24.448,35.194],[23.679,35.258],[23.615,35.516],[24.157,35.516],[24.15,35.387],[24.301,35.323]]],[[[27.693,36.288],[28.017,36.482],[28.095,36.482],[28.25,36.482],[28.139,36.031],[27.743,35.902],[27.693,36.288]]],[[[27.117,36.933],[27.185,36.804],[26.865,36.675],[27.039,36.933],[27.117,36.933]]],[[[25.339,37.126],[25.417,37.126],[25.573,37.126],[25.564,36.997],[25.331,36.997],[25.339,37.126]]],[[[24.361,37.706],[24.432,37.577],[24.272,37.513],[24.201,37.642],[24.283,37.706],[24.361,37.706]]],[[[24.986,37.706],[25.064,37.706],[25.22,37.706],[25.286,37.513],[25.052,37.513],[24.986,37.706]]],[[[26.08,37.706],[26.158,37.706],[26.314,37.706],[26.305,37.577],[25.988,37.513],[26.08,37.706]]],[[[24.694,38.029],[24.772,38.029],[25.068,37.771],[24.83,37.706],[24.682,37.835],[24.694,38.029]]],[[[25.821,38.481],[25.913,38.674],[25.991,38.674],[26.217,38.545],[26.111,38.158],[25.876,38.158],[25.899,38.481],[25.821,38.481]]],[[[23.563,38.739],[23.485,38.739],[23.489,38.803],[23.567,38.803],[23.563,38.739]]],[[[24.365,38.997],[24.444,38.997],[24.675,38.933],[24.662,38.739],[24.357,38.868],[24.365,38.997]]],[[[26.094,38.997],[26.103,39.126],[25.793,39.191],[26.044,39.385],[26.123,39.385],[26.511,39.32],[26.644,38.997],[26.246,38.933],[26.094,38.997]]],[[[25.067,40.032],[25.146,40.032],[25.462,40.032],[25.447,39.838],[24.974,39.838],[25.067,40.032]]],[[[25.798,40.291],[26.035,40.291],[26.025,40.161],[25.704,40.096],[25.719,40.291],[25.798,40.291]]],[[[24.57,40.809],[24.808,40.809],[24.794,40.614],[24.551,40.55],[24.491,40.809],[24.57,40.809]]]]}},{"type":"Feature","id":"cliopatria-27304184510de83b21eb22ee","properties":{"NAME":"Satavahana Dynasty","ABBREVN":null,"CONTROL":null,"SUBJECTO":"Satavahana Dynasty","PARTOF":null,"BORDERPRECISION":1,"FromYear":154,"ToYear":160,"Area":610723.6863104459,"Type":"POLITY","Wikipedia":"Satavahana dynasty","Wikidata":"Q5257","SeshatID":"in_satavahana_emp","Components":"","MemberOf":"","sourceFeatureId":"cliopatria-27304184510de83b21eb22ee","datasetId":"cliopatria"},"geometry":{"type":"MultiPolygon","coordinates":[[[[83.527,21.629],[83.279,21.436],[83.156,21.051],[82.663,20.665],[82.459,20.215],[82.311,20.215],[82.205,19.958],[82.049,19.893],[82.001,19.508],[82.075,19.508],[82.028,19.122],[82.102,19.122],[81.906,18.736],[81.759,18.736],[81.222,17.965],[80.357,17.515],[79.531,16.743],[79.313,16.1],[79.058,15.779],[78.709,14.493],[78.268,14.493],[77.503,14.172],[77.21,14.172],[76.893,13.915],[76.441,13.786],[76.115,13.4],[75.973,13.465],[75.304,15.008],[74.967,15.329],[74.311,15.393],[74.103,15.522],[73.802,15.458],[73.747,15.65],[73.539,15.779],[73.254,16.615],[73.3,17.065],[72.959,18.029],[72.875,19.315],[72.734,19.379],[72.701,19.765],[72.708,19.829],[72.87,19.958],[73.47,20.022],[74.246,20.343],[74.348,20.601],[74.497,20.601],[74.585,20.729],[77.723,20.922],[79.253,21.308],[79.394,21.243],[79.64,21.436],[80.175,21.565],[80.266,21.693],[80.571,21.758],[80.991,22.143],[81.188,22.529],[81.299,23.365],[81.514,23.301],[81.637,23.108],[81.86,23.108],[82.058,22.915],[82.347,22.851],[82.471,22.658],[82.619,22.658],[83.535,21.693],[83.527,21.629]]]]}},{"type":"Feature","id":"cliopatria-0de7732442855b887c439aa5","properties":{"NAME":"Western Satraps","ABBREVN":null,"CONTROL":null,"SUBJECTO":"Western Satraps","PARTOF":null,"BORDERPRECISION":1,"FromYear":154,"ToYear":160,"Area":606374.5038696027,"Type":"POLITY","Wikipedia":"Western Satraps","Wikidata":"Q2086608","SeshatID":"pk_western_satraps","Components":"","MemberOf":"","sourceFeatureId":"cliopatria-0de7732442855b887c439aa5","datasetId":"cliopatria"},"geometry":{"type":"MultiPolygon","coordinates":[[[[81.188,22.529],[80.991,22.143],[80.571,21.758],[80.266,21.693],[80.175,21.565],[79.64,21.436],[79.394,21.243],[79.253,21.308],[77.723,20.922],[74.585,20.729],[74.497,20.601],[74.348,20.601],[74.246,20.343],[73.47,20.022],[72.87,19.958],[72.708,19.829],[72.634,19.829],[72.837,20.343],[72.899,20.922],[72.563,21.243],[72.76,21.693],[72.544,21.758],[72.527,22.272],[72.378,22.272],[72.342,21.951],[72.112,21.886],[72.173,21.758],[72.321,21.758],[72.185,21.179],[71.408,20.858],[71.321,20.729],[70.721,20.665],[70.295,20.858],[69.89,21.243],[69.903,21.372],[69.497,21.758],[69.349,21.758],[68.949,22.208],[68.977,22.465],[69.409,22.336],[69.497,22.465],[69.869,22.465],[70.263,22.658],[70.365,22.915],[69.451,22.722],[69.099,22.915],[69.025,22.915],[69.039,23.043],[69.5,23.172],[70.065,23.558],[70.424,24.072],[70.448,24.265],[70.605,24.329],[70.57,24.651],[71.086,25.165],[71.235,25.165],[71.905,25.679],[73.179,26.194],[73.479,26.194],[73.959,26.387],[76.584,26.837],[77.11,26.837],[77.238,26.708],[78.236,26.837],[78.257,26.515],[78.332,26.515],[78.292,25.808],[78.367,25.808],[78.314,24.972],[78.576,24.715],[79.38,24.586],[80.585,24.136],[81.185,23.622],[81.299,23.365],[81.188,22.529]]]]}},{"type":"Feature","id":"cliopatria-5010acc6f5cfb912501794e9","properties":{"NAME":"Wusun","ABBREVN":null,"CONTROL":null,"SUBJECTO":"Wusun","PARTOF":null,"BORDERPRECISION":1,"FromYear":154,"ToYear":160,"Area":39946.553826863164,"Type":"POLITY","Wikipedia":"Wusun","Wikidata":"Q854062","SeshatID":"","Components":"","MemberOf":"","sourceFeatureId":"cliopatria-5010acc6f5cfb912501794e9","datasetId":"cliopatria"},"geometry":{"type":"MultiPolygon","coordinates":[[[[78.629,42.886],[78.709,42.886],[79.03,42.886],[79.3,42.756],[79.329,42.626],[79.489,42.626],[79.519,42.496],[80.054,42.431],[80.028,42.366],[77.875,41.522],[77.374,41.457],[77.294,41.457],[76.817,41.457],[76.864,41.587],[76.625,41.587],[76.615,41.782],[76.798,41.847],[76.16,41.847],[76.128,41.976],[76.278,42.171],[76.142,42.236],[76.158,42.496],[75.814,42.431],[75.701,42.561],[75.878,42.821],[75.766,42.951],[77.716,43.017],[78.629,42.886]]]]}},{"type":"Feature","id":"cliopatria-79d7b3e8e90af81aef6aedbd","properties":{"NAME":"Xianbei","ABBREVN":null,"CONTROL":null,"SUBJECTO":"Xianbei","PARTOF":null,"BORDERPRECISION":1,"FromYear":154,"ToYear":160,"Area":3511935.207209515,"Type":"POLITY","Wikipedia":"Xianbei","Wikidata":"Q861054","SeshatID":"mn_xianbei","Components":"","MemberOf":"","sourceFeatureId":"cliopatria-79d7b3e8e90af81aef6aedbd","datasetId":"cliopatria"},"geometry":{"type":"MultiPolygon","coordinates":[[[[101.027,51.58],[101.112,51.58],[101.875,51.58],[101.829,51.513],[102.123,51.447],[102.077,51.38],[102.201,51.313],[102.11,51.179],[102.353,50.912],[102.263,50.779],[102.348,50.779],[102.383,50.579],[102.76,50.512],[102.716,50.446],[102.884,50.446],[102.84,50.379],[103.177,50.379],[103.133,50.313],[103.301,50.313],[103.257,50.246],[104.181,50.246],[105.032,50.512],[106.417,50.446],[106.372,50.379],[106.792,50.379],[106.746,50.313],[107.282,50.113],[107.236,50.046],[107.823,50.046],[107.817,49.914],[107.984,49.914],[108.055,49.648],[108.345,49.582],[108.34,49.449],[109.381,49.383],[109.336,49.316],[109.753,49.316],[109.709,49.25],[110.877,49.25],[111.347,49.449],[112.86,49.582],[113.311,49.98],[114.141,50.313],[114.814,50.313],[114.764,50.246],[115.016,50.246],[114.967,50.179],[115.372,50.046],[115.323,49.98],[115.575,49.98],[115.526,49.914],[116.463,50.046],[116.413,49.98],[116.699,49.914],[116.65,49.847],[117.187,49.781],[117.138,49.714],[117.591,49.648],[117.542,49.582],[117.96,49.582],[118.325,49.847],[118.895,50.046],[119.749,49.847],[119.699,49.781],[120.034,49.781],[119.983,49.714],[120.736,49.383],[120.788,49.118],[120.954,49.118],[121.111,48.654],[121.277,48.654],[121.298,48.456],[121.486,48.258],[121.391,48.126],[121.474,48.126],[121.604,47.73],[121.769,47.73],[121.793,47.532],[122.406,47.466],[122.36,47.401],[122.89,47.335],[122.843,47.269],[123.255,47.269],[123.244,47.137],[123.526,47.072],[123.587,46.809],[123.885,46.415],[123.793,46.283],[123.911,46.218],[123.857,46.021],[124.256,45.89],[124.084,45.759],[124.166,45.759],[124.157,45.628],[124.239,45.628],[124.34,45.3],[124.503,45.3],[124.568,45.039],[124.73,45.039],[124.686,44.973],[124.84,44.843],[124.744,44.581],[124.825,44.581],[124.781,44.516],[124.898,44.451],[124.81,44.32],[124.928,44.255],[124.482,43.342],[124.6,43.277],[124.51,43.017],[124.789,42.951],[125.013,42.431],[125.093,42.431],[124.607,42.171],[123.167,41.911],[121.021,41.263],[119.39,41.327],[119.428,41.392],[118.792,41.392],[118.83,41.457],[118.633,41.392],[118.671,41.457],[118.432,41.457],[118.47,41.522],[118.034,41.457],[118.072,41.522],[117.791,41.587],[117.708,41.717],[117.823,41.911],[117.701,41.976],[117.737,42.171],[117.338,42.171],[115.992,41.782],[114.958,40.938],[113.76,40.485],[113.623,40.226],[113.004,39.644],[111.743,37.513],[110.455,37.771],[110.484,37.835],[110.094,37.835],[110.123,37.9],[108.843,37.835],[108.745,37.964],[108.51,37.964],[108.539,38.029],[107.359,37.835],[105.774,37.964],[104.463,37.642],[104.362,37.771],[103.764,37.835],[103.663,37.964],[103.88,38.287],[103.751,38.351],[103.836,38.545],[104.108,38.803],[103.608,38.739],[103.939,39.126],[104.668,39.514],[104.583,39.838],[103.812,39.708],[103.132,39.256],[102.095,38.868],[102.123,38.933],[101.63,39.062],[101.559,39.256],[101.165,39.256],[101.181,39.644],[100.737,39.708],[100.381,39.967],[100.144,39.967],[100.173,40.032],[99.384,40.032],[99.284,40.161],[98.918,40.226],[98.948,40.291],[98.503,40.355],[98.274,40.55],[98.037,40.55],[97.888,40.744],[97.184,40.938],[97.214,41.003],[95.23,41.003],[93.687,40.744],[93.715,40.809],[93.268,40.874],[93.296,40.938],[92.48,41.068],[91.27,41.392],[91.299,41.457],[90.696,41.717],[90.195,41.847],[90.223,41.911],[89.402,42.041],[89.43,42.106],[88.82,42.171],[88.848,42.236],[87.254,42.431],[87.282,42.496],[85.764,42.691],[85.792,42.756],[84.108,42.756],[82.056,42.236],[80.134,42.431],[80.159,42.496],[80.233,42.886],[80.473,42.886],[80.391,43.082],[80.738,43.147],[80.791,43.277],[80.656,43.342],[80.681,43.603],[80.385,43.863],[80.438,43.994],[80.303,44.059],[80.329,44.516],[80.248,44.516],[80.41,44.712],[79.897,44.843],[79.87,44.973],[80.357,45.17],[81.498,45.366],[81.823,45.366],[81.93,45.235],[82.205,45.497],[81.513,46.349],[81.681,46.546],[81.575,46.677],[81.632,46.809],[81.526,46.94],[81.362,46.94],[81.285,47.137],[81.12,47.137],[81.096,47.269],[85.324,48.192],[85.786,48.456],[86.233,48.522],[86.433,48.919],[86.985,49.184],[86.971,49.316],[87.304,49.316],[87.743,49.515],[88.077,49.515],[89.837,49.98],[90.116,50.179],[90.78,50.313],[91.063,50.512],[91.315,50.512],[91.892,50.779],[92.771,50.979],[93.272,51.246],[95.005,51.714],[98.585,52.116],[98.932,52.25],[98.886,52.183],[99.267,52.116],[99.221,52.049],[99.391,52.049],[99.346,51.982],[99.686,51.982],[99.641,51.915],[100.105,51.848],[100.06,51.781],[100.739,51.781],[100.694,51.714],[100.948,51.714],[100.903,51.647],[101.073,51.647],[101.027,51.58]]]]}},{"type":"Feature","id":"cliopatria-7216672d12e51323ae5ff098","properties":{"NAME":"Qataban","ABBREVN":null,"CONTROL":null,"SUBJECTO":"Qataban","PARTOF":null,"BORDERPRECISION":1,"FromYear":154,"ToYear":164,"Area":11722.278907097623,"Type":"POLITY","Wikipedia":"Qataban","Wikidata":"Q748595","SeshatID":"","Components":"","MemberOf":"","sourceFeatureId":"cliopatria-7216672d12e51323ae5ff098","datasetId":"cliopatria"},"geometry":{"type":"MultiPolygon","coordinates":[[[[46.576,15.265],[46.341,15.008],[45.302,14.815],[45.228,14.815],[44.56,14.686],[44.346,14.815],[44.29,15.136],[45.025,15.136],[45.179,15.265],[45.848,15.393],[45.855,15.522],[46.149,15.522],[46.58,15.329],[46.576,15.265]]]]}},{"type":"Feature","id":"cliopatria-456f5ed89446e858ee157134","properties":{"NAME":"Goths","ABBREVN":null,"CONTROL":null,"SUBJECTO":"Goths","PARTOF":null,"BORDERPRECISION":1,"FromYear":154,"ToYear":196,"Area":75478.09277577687,"Type":"POLITY","Wikipedia":"Goths","Wikidata":"Q42193","SeshatID":"","Components":"","MemberOf":"","sourceFeatureId":"cliopatria-456f5ed89446e858ee157134","datasetId":"cliopatria"},"geometry":{"type":"MultiPolygon","coordinates":[[[[20.365,53.732],[20.359,53.665],[20.951,53.53],[21.111,53.395],[21.381,53.53],[21.806,53.462],[21.781,53.192],[21.94,53.057],[21.921,52.855],[22.435,52.855],[22.489,52.519],[23.159,52.385],[23.145,52.25],[23.401,52.25],[23.636,52.049],[23.472,51.246],[23.556,51.246],[23.493,50.579],[23.577,50.579],[23.558,50.379],[23.785,50.113],[23.665,49.714],[22.744,49.714],[22.755,49.847],[21.966,50.446],[21.904,50.712],[21.667,50.912],[21.695,51.246],[21.87,51.313],[21.367,51.38],[21.209,51.513],[21.151,51.848],[20.987,51.915],[20.929,52.25],[20.695,52.519],[19.413,52.519],[19.337,52.654],[19.005,52.788],[18.495,52.855],[18.427,53.125],[18.78,53.26],[18.726,53.732],[18.817,53.8],[18.486,54.003],[18.34,54.41],[18.253,54.41],[18.271,54.681],[18.45,54.749],[18.687,54.41],[19.641,54.41],[19.63,54.274],[19.885,54.206],[19.95,53.935],[20.365,53.732]]]]}},{"type":"Feature","id":"cliopatria-dccd870086bba150d1846281","properties":{"NAME":"Burgundians","ABBREVN":null,"CONTROL":null,"SUBJECTO":"Burgundians","PARTOF":null,"BORDERPRECISION":1,"FromYear":154,"ToYear":223,"Area":611.7127549543184,"Type":"POLITY","Wikipedia":"Burgundians","Wikidata":"Q13590051","SeshatID":"","Components":"","MemberOf":"","sourceFeatureId":"cliopatria-dccd870086bba150d1846281","datasetId":"cliopatria"},"geometry":{"type":"MultiPolygon","coordinates":[[[[14.991,55.225],[15.078,55.225],[15.069,55.021],[14.636,55.089],[14.644,55.294],[14.991,55.225]]]]}},{"type":"Feature","id":"cliopatria-f20695693ec1ed690c146677","properties":{"NAME":"Goguryeo","ABBREVN":null,"CONTROL":null,"SUBJECTO":"Goguryeo","PARTOF":null,"BORDERPRECISION":1,"FromYear":154,"ToYear":237,"Area":126687.61225380299,"Type":"POLITY","Wikipedia":"Goguryeo","Wikidata":"Q28370","SeshatID":"kr_goguryeo_k","Components":"","MemberOf":"","sourceFeatureId":"cliopatria-f20695693ec1ed690c146677","datasetId":"cliopatria"},"geometry":{"type":"MultiPolygon","coordinates":[[[[129.74,41.717],[129.698,41.652],[129.81,41.457],[129.727,41.327],[129.882,41.198],[129.756,40.874],[129.238,40.679],[129.078,40.42],[128.682,40.291],[128.368,40.032],[127.935,39.967],[127.583,39.773],[127.628,39.579],[127.59,39.514],[126.964,39.385],[126.728,39.385],[126.832,39.838],[126.709,40.032],[126.432,40.096],[126.269,40.355],[126.425,40.614],[126.623,40.679],[126.742,41.003],[126.187,41.133],[126.108,41.263],[125.79,41.263],[125.831,41.327],[124.678,41.133],[124.717,41.198],[124.439,41.263],[124.479,41.327],[124.24,41.327],[124.28,41.392],[124.002,41.457],[124.042,41.522],[123.564,41.652],[123.604,41.717],[123.365,41.717],[123.405,41.782],[123.127,41.847],[123.167,41.911],[124.607,42.171],[125.093,42.431],[125.173,42.431],[125.661,42.691],[126.992,42.886],[130.655,43.082],[130.61,43.017],[130.77,43.017],[130.762,42.886],[130.922,42.886],[130.745,42.626],[130.905,42.626],[130.773,42.431],[130.322,42.236],[129.74,41.717]]]]}},{"type":"Feature","id":"cliopatria-ef73b289fdb6ea71f5f9a427","properties":{"NAME":"Himyarite Kingdom","ABBREVN":null,"CONTROL":null,"SUBJECTO":"Himyarite Kingdom","PARTOF":null,"BORDERPRECISION":1,"FromYear":154,"ToYear":237,"Area":73094.89679310276,"Type":"POLITY","Wikipedia":"Himyarite Kingdom","Wikidata":"Q289577","SeshatID":"","Components":"","MemberOf":"","sourceFeatureId":"cliopatria-ef73b289fdb6ea71f5f9a427","datasetId":"cliopatria"},"geometry":{"type":"MultiPolygon","coordinates":[[[[45.302,14.815],[45.816,14.815],[45.946,14.493],[46.163,14.429],[46.2,13.722],[46.047,13.593],[46.111,13.4],[45.741,13.336],[45.054,12.757],[43.802,12.629],[43.439,12.693],[43.447,12.886],[43.236,13.079],[43.265,13.722],[43.057,13.979],[42.886,15.008],[42.89,15.072],[44.29,15.136],[44.346,14.815],[44.56,14.686],[45.228,14.815],[45.302,14.815]]],[[[43.893,18.543],[43.89,18.479],[43.816,18.479],[43.742,18.479],[43.746,18.543],[43.819,18.543],[43.823,18.608],[43.897,18.608],[43.893,18.543]]]]}},{"type":"Feature","id":"cliopatria-42a8787b7547df2f891ddd64","properties":{"NAME":"Sabaeans","ABBREVN":null,"CONTROL":null,"SUBJECTO":"Sabaeans","PARTOF":null,"BORDERPRECISION":1,"FromYear":154,"ToYear":237,"Area":64450.64785275195,"Type":"POLITY","Wikipedia":"Sabaeans","Wikidata":"Q940785","SeshatID":"","Components":"","MemberOf":"","sourceFeatureId":"cliopatria-42a8787b7547df2f891ddd64","datasetId":"cliopatria"},"geometry":{"type":"MultiPolygon","coordinates":[[[[44.813,16.615],[44.81,16.55],[45.226,16.1],[45.215,15.908],[45.366,15.972],[45.579,15.843],[46.021,15.843],[46.175,15.972],[46.396,15.972],[46.47,15.972],[46.381,15.715],[46.149,15.522],[45.855,15.522],[45.848,15.393],[45.179,15.265],[45.025,15.136],[44.29,15.136],[42.89,15.072],[42.816,15.072],[42.766,15.522],[42.692,15.522],[42.824,16.615],[42.477,17],[42.487,17.193],[42.635,17.193],[43.022,17.515],[43.033,17.708],[43.25,17.643],[43.553,17.772],[43.9,17.386],[43.818,17.258],[43.959,17.129],[43.947,16.936],[44.088,16.808],[44.312,16.872],[44.305,16.743],[44.813,16.615]]]]}},{"type":"Feature","id":"cliopatria-b3aa13be0bd111e0f7956c24","properties":{"NAME":"Han Dynasty","ABBREVN":null,"CONTROL":null,"SUBJECTO":"Han Dynasty","PARTOF":null,"BORDERPRECISION":1,"FromYear":161,"ToYear":164,"Area":3819618.1743539413,"Type":"POLITY","Wikipedia":"Han dynasty","Wikidata":"Q1068371","SeshatID":"cn_eastern_han_dyn","Components":"","MemberOf":"","sourceFeatureId":"cliopatria-b3aa13be0bd111e0f7956c24","datasetId":"cliopatria"},"geometry":{"type":"MultiPolygon","coordinates":[[[[109.862,18.35],[109.841,18.222],[109.25,18.222],[109.123,18.35],[108.765,18.415],[108.638,18.543],[108.704,19.379],[109.203,19.701],[109.246,19.958],[110.157,20.086],[110.591,20.022],[110.613,20.151],[110.909,20.151],[111.087,19.893],[111.032,19.572],[110.884,19.572],[110.851,19.379],[110.681,19.251],[110.508,18.672],[110.19,18.543],[110.179,18.479],[109.862,18.35]]],[[[123.127,41.847],[123.405,41.782],[123.365,41.717],[123.604,41.717],[123.564,41.652],[124.042,41.522],[124.002,41.457],[124.28,41.392],[124.24,41.327],[124.479,41.327],[124.439,41.263],[124.717,41.198],[124.678,41.133],[125.831,41.327],[125.79,41.263],[126.108,41.263],[126.187,41.133],[126.742,41.003],[126.623,40.679],[126.425,40.614],[126.269,40.355],[126.432,40.096],[126.709,40.032],[126.832,39.838],[126.728,39.385],[126.964,39.385],[126.854,39.191],[127.023,38.933],[126.937,38.351],[126.348,37.835],[126.27,37.835],[125.845,37.771],[125.835,37.9],[125.678,37.9],[125.387,37.642],[125.231,37.642],[125.298,37.771],[125.209,37.9],[124.897,37.9],[125.077,38.093],[124.764,38.093],[124.866,38.287],[124.788,38.287],[124.961,38.61],[125.153,38.674],[125.189,38.739],[125.032,38.739],[125.39,39.385],[125.306,39.514],[124.87,39.579],[124.865,39.708],[124.512,39.644],[124.345,39.902],[124.034,39.773],[123.597,39.838],[122.936,39.644],[122.17,39.256],[121.952,38.997],[121.716,38.997],[121.422,38.739],[121.029,38.739],[121.201,39.062],[121.515,39.062],[121.69,39.385],[121.297,39.385],[121.21,39.514],[121.281,39.644],[121.438,39.644],[121.503,39.902],[121.776,39.967],[122.231,40.485],[122.106,40.679],[121.827,40.744],[121.824,40.874],[121.11,40.874],[120.997,40.679],[120.647,40.485],[120.5,40.226],[119.38,39.773],[119.215,39.32],[118.989,39.191],[118.45,39.062],[118.057,39.062],[118.046,39.191],[117.776,39.126],[117.576,38.739],[117.655,38.739],[117.602,38.481],[117.759,38.481],[117.773,38.351],[118.054,38.287],[118.067,38.158],[118.583,38.093],[118.648,38.222],[118.804,38.222],[118.772,38.158],[119.457,37.964],[119.393,37.835],[119.237,37.835],[118.984,37.319],[119.14,37.319],[119.156,37.19],[119.701,37.19],[119.827,37.448],[120.202,37.577],[120.188,37.706],[120.754,37.9],[121.112,37.835],[121.171,37.642],[121.483,37.642],[121.497,37.513],[122.154,37.577],[122.121,37.513],[122.713,37.448],[122.474,37.126],[122.566,36.997],[122.394,36.804],[121.912,36.933],[121.212,36.61],[120.979,36.61],[120.965,36.417],[120.732,36.417],[120.659,36.095],[120.318,36.031],[119.986,35.645],[119.619,35.516],[119.228,34.808],[119.459,34.808],[119.431,34.744],[119.711,34.679],[119.732,34.551],[120.342,34.358],[120.489,34.165],[120.55,33.586],[120.926,33.2],[120.919,32.622],[121.403,32.493],[121.503,32.172],[121.961,31.979],[121.937,31.722],[121.836,31.658],[121.301,31.85],[120.919,31.85],[121.454,31.658],[121.481,31.529],[121.634,31.529],[121.584,31.4],[121.737,31.4],[121.995,31.079],[121.899,30.822],[121.519,30.822],[121.197,30.565],[121.045,30.565],[120.68,30.179],[120.809,30.115],[121.105,30.308],[121.484,30.308],[121.62,30.051],[122.03,29.922],[121.865,29.665],[122.016,29.665],[121.938,29.215],[121.712,29.215],[121.745,29.537],[121.571,29.472],[121.647,29.472],[121.539,29.151],[121.744,29.087],[121.714,28.765],[121.522,28.637],[121.652,28.572],[121.646,28.315],[121.153,28.187],[121.193,28.315],[121.118,28.315],[121.038,28.058],[120.868,27.994],[120.715,27.737],[120.657,27.544],[120.733,27.544],[120.545,27.158],[120.395,27.158],[120.247,26.901],[120.096,26.901],[120.061,26.772],[120.211,26.772],[120.158,26.579],[119.84,26.515],[119.938,26.322],[119.587,26.129],[119.778,26.001],[119.53,25.615],[119.904,25.615],[119.872,25.486],[119.466,25.358],[119.423,25.486],[119.273,25.486],[119.391,25.358],[119.344,25.165],[119.029,25.101],[119.074,24.972],[118.819,24.844],[118.76,24.586],[118.147,24.522],[118.076,24.201],[117.721,23.943],[117.694,23.815],[117.47,23.815],[117.179,23.493],[116.894,23.558],[116.78,23.365],[116.815,23.172],[116.591,23.172],[116.54,22.915],[115.696,22.786],[115.671,22.658],[115.373,22.658],[115.174,22.786],[114.902,22.529],[114.753,22.529],[114.641,22.722],[114.531,22.143],[114.37,22.079],[113.999,22.079],[113.996,22.465],[113.785,22.529],[113.747,22.722],[113.599,22.722],[113.699,22.465],[113.639,22.143],[113.416,22.143],[113.318,22.015],[113.106,22.079],[113.071,21.886],[112.774,21.886],[112.441,21.693],[111.859,21.758],[111.664,21.501],[110.984,21.436],[110.739,21.308],[110.716,21.179],[110.419,21.179],[110.483,21.115],[110.364,20.858],[110.616,20.601],[110.487,20.279],[109.883,20.215],[109.927,20.472],[109.789,20.536],[109.77,20.858],[109.696,20.858],[109.87,21.436],[109.807,21.501],[109.116,21.372],[109.086,21.629],[108.652,21.693],[108.555,21.565],[107.79,21.436],[107.417,20.986],[106.961,20.922],[106.834,20.601],[106.685,20.601],[106.537,20.151],[105.965,19.829],[105.734,18.865],[106.051,18.543],[106.031,18.415],[106.178,18.415],[106.295,18.222],[106.57,18.093],[106.571,17.643],[106.772,17.515],[106.752,17.386],[107.026,17.258],[106.607,16.936],[106.396,17],[106.416,17.129],[105.144,18.415],[105.185,18.672],[105.037,18.672],[105.142,18.865],[105.015,18.993],[105.014,19.443],[104.94,19.443],[104.992,19.765],[104.865,19.893],[104.981,20.151],[104.44,20.472],[104.619,20.665],[104.905,20.601],[104.873,20.858],[105.096,20.858],[104.851,21.179],[104.979,21.501],[104.926,21.629],[105.096,21.758],[105.128,21.951],[104.874,22.208],[105.249,22.658],[105.175,22.658],[105.22,22.915],[105.117,23.172],[104.956,23.108],[104.905,23.236],[102.99,23.365],[102.801,23.558],[102.651,23.558],[102.474,23.815],[102.325,23.815],[102.086,24.136],[101.811,24.265],[101.462,25.165],[101.398,25.936],[101.196,26.387],[101.09,27.544],[101.014,27.544],[101.05,27.994],[100.915,28.058],[101.039,28.251],[100.964,28.251],[101.03,28.508],[100.955,28.508],[101.022,28.765],[100.881,29.087],[100.951,29.344],[100.875,29.344],[100.964,29.665],[100.889,29.665],[100.961,29.922],[100.885,29.922],[100.978,30.244],[100.902,30.244],[101.015,30.629],[100.939,30.629],[101.055,31.015],[100.979,31.015],[101.687,32.75],[102.552,33.264],[103.034,33.329],[103.332,33.522],[103.493,33.972],[103.355,34.229],[103.527,34.486],[103.45,34.486],[103.735,35.451],[103.63,35.58],[103.649,36.224],[103.467,36.353],[103.518,36.482],[103.389,36.546],[103.44,36.675],[103.311,36.739],[103.363,36.868],[103.208,37.062],[102.871,37.19],[102.611,37.126],[102.586,37.255],[102.171,37.384],[102.172,37.577],[102.043,37.642],[102.096,37.771],[101.755,37.513],[101.601,37.706],[101.315,37.771],[101.29,37.9],[100.796,38.029],[100.799,38.222],[100.642,38.222],[100.414,38.61],[100.199,38.287],[99.862,38.416],[99.379,39.126],[99.092,39.191],[99.12,39.256],[98.958,39.062],[98.384,39.191],[98.117,38.933],[97.96,38.933],[97.857,39.062],[97.492,39.126],[97.468,39.256],[96.763,39.45],[96.681,39.256],[96.76,39.256],[96.678,39.062],[96.757,39.062],[96.677,38.868],[96.755,38.868],[96.649,38.61],[96.414,38.61],[96.31,38.739],[95.682,38.933],[95.319,39.385],[94.977,39.32],[94.506,39.514],[93.955,39.514],[93.088,39.32],[92.248,39.385],[91.123,39.126],[89.58,38.997],[88.746,38.868],[87.662,38.481],[86.44,38.351],[86.081,38.222],[85.813,37.9],[85.356,37.706],[85.113,37.448],[82.101,36.804],[82.024,36.804],[81.695,36.997],[82.055,37.642],[82.488,37.771],[82.907,38.093],[85.148,39.126],[85.376,39.32],[88.246,40.226],[88.562,40.226],[90.781,40.809],[92.106,40.938],[92.48,41.068],[93.296,40.938],[93.268,40.874],[93.715,40.809],[93.687,40.744],[95.23,41.003],[97.214,41.003],[97.184,40.938],[97.888,40.744],[98.037,40.55],[98.274,40.55],[98.503,40.355],[98.948,40.291],[98.918,40.226],[99.284,40.161],[99.384,40.032],[100.173,40.032],[100.144,39.967],[100.381,39.967],[100.737,39.708],[101.181,39.644],[101.165,39.256],[101.559,39.256],[101.63,39.062],[102.123,38.933],[102.095,38.868],[103.132,39.256],[103.812,39.708],[104.583,39.838],[104.668,39.514],[103.939,39.126],[103.608,38.739],[104.108,38.803],[103.836,38.545],[103.751,38.351],[103.88,38.287],[103.663,37.964],[103.764,37.835],[104.362,37.771],[104.463,37.642],[105.774,37.964],[107.359,37.835],[108.539,38.029],[108.51,37.964],[108.745,37.964],[108.843,37.835],[110.123,37.9],[110.094,37.835],[110.484,37.835],[110.455,37.771],[111.743,37.513],[113.004,39.644],[113.623,40.226],[113.76,40.485],[114.958,40.938],[115.992,41.782],[117.338,42.171],[117.737,42.171],[117.701,41.976],[117.823,41.911],[117.708,41.717],[117.791,41.587],[118.072,41.522],[118.034,41.457],[118.47,41.522],[118.432,41.457],[118.671,41.457],[118.633,41.392],[118.83,41.457],[118.792,41.392],[119.428,41.392],[119.39,41.327],[121.021,41.263],[123.167,41.911],[123.127,41.847]]],[[[122.273,30.179],[122.28,29.987],[121.977,29.987],[122.022,30.115],[122.045,30.179],[122.273,30.179]]],[[[80.163,42.301],[80.083,42.301],[80.003,42.301],[80.028,42.366],[80.108,42.366],[80.134,42.431],[80.214,42.431],[80.188,42.366],[80.163,42.301]]]]}},{"type":"Feature","id":"cliopatria-19ac699afbb1ad7e85a4ea41","properties":{"NAME":"Kingdom of Adiabene","ABBREVN":null,"CONTROL":null,"SUBJECTO":"Kingdom of Adiabene","PARTOF":null,"BORDERPRECISION":1,"FromYear":161,"ToYear":164,"Area":13683.341707750371,"Type":"POLITY","Wikipedia":"Adiabene","Wikidata":"Q149747","SeshatID":"","Components":"","MemberOf":"","sourceFeatureId":"cliopatria-19ac699afbb1ad7e85a4ea41","datasetId":"cliopatria"},"geometry":{"type":"MultiPolygon","coordinates":[[[[42.623,37.062],[42.629,36.546],[41.982,36.353],[41.671,36.353],[41.533,36.482],[41.55,36.61],[41.212,36.997],[41.178,37.319],[41.984,37.513],[42.765,37.513],[42.623,37.062]]]]}},{"type":"Feature","id":"cliopatria-33e6ff3b24b3584981d00020","properties":{"NAME":"Kingdom of Gordyene","ABBREVN":null,"CONTROL":null,"SUBJECTO":"Kingdom of Gordyene","PARTOF":null,"BORDERPRECISION":1,"FromYear":161,"ToYear":164,"Area":14076.352872552225,"Type":"POLITY","Wikipedia":"Corduene","Wikidata":"Q29237","SeshatID":"","Components":"","MemberOf":"","sourceFeatureId":"cliopatria-33e6ff3b24b3584981d00020","datasetId":"cliopatria"},"geometry":{"type":"MultiPolygon","coordinates":[[[[42.88,37.771],[42.765,37.513],[41.984,37.513],[41.178,37.319],[40.181,37.448],[40.051,37.642],[40.094,37.964],[40.572,38.029],[41.667,38.029],[41.97,37.964],[42.03,37.835],[42.811,37.835],[42.88,37.771]]]]}},{"type":"Feature","id":"cliopatria-6d7b71622de2431a2df48666","properties":{"NAME":"Kushan Empire","ABBREVN":null,"CONTROL":null,"SUBJECTO":"Kushan Empire","PARTOF":null,"BORDERPRECISION":1,"FromYear":161,"ToYear":164,"Area":2201617.410912944,"Type":"POLITY","Wikipedia":"Kushan Empire","Wikidata":"Q25979","SeshatID":"af_kushan_emp","Components":"","MemberOf":"","sourceFeatureId":"cliopatria-6d7b71622de2431a2df48666","datasetId":"cliopatria"},"geometry":{"type":"MultiPolygon","coordinates":[[[[78.502,37.513],[78.093,37.706],[77.667,38.351],[77.51,38.351],[77.414,38.545],[77.258,38.545],[77.025,38.803],[75.792,39.126],[73.69,39.45],[73.63,39.256],[73.748,39.126],[73.494,38.545],[72.989,38.158],[72.626,37.706],[72.37,37.062],[72.448,37.062],[72.283,36.739],[72.258,36.353],[72.501,36.095],[72.468,35.966],[72.64,36.031],[72.606,35.902],[72.822,35.838],[72.711,35.709],[73.441,34.937],[73.811,34.872],[73.701,34.744],[73.993,34.679],[74.038,34.551],[74.192,34.551],[74.297,34.358],[74.451,34.358],[74.634,34.165],[74.602,34.036],[75.028,33.586],[74.996,33.457],[75.134,33.393],[75.103,33.264],[75.241,33.2],[75.271,33.007],[75.424,33.007],[75.469,32.879],[75.882,32.686],[76.127,32.75],[76.081,32.557],[76.601,32.172],[78.448,31.593],[78.844,31.658],[78.814,31.529],[79.18,31.465],[79.607,31.015],[79.624,30.758],[79.869,30.501],[79.845,30.051],[79.954,29.858],[79.885,29.537],[79.961,29.537],[79.867,29.087],[80.166,28.701],[80.681,28.637],[80.957,28.508],[81.195,28.187],[81.885,27.865],[82.538,27.737],[83.078,27.415],[84.357,27.415],[84.36,26.644],[84.511,26.644],[84.44,26.258],[84.515,26.258],[84.457,25.486],[84.339,25.229],[83.754,24.844],[83.071,24.779],[82.359,24.522],[81.603,23.943],[81.316,23.493],[81.307,23.429],[80.585,24.136],[79.38,24.586],[78.576,24.715],[78.314,24.972],[78.367,25.808],[78.292,25.808],[78.332,26.515],[78.257,26.515],[78.236,26.837],[77.238,26.708],[77.11,26.837],[76.584,26.837],[73.959,26.387],[73.479,26.194],[73.179,26.194],[71.905,25.679],[71.235,25.165],[71.086,25.165],[70.57,24.651],[70.605,24.329],[70.448,24.265],[70.424,24.072],[70.065,23.558],[69.5,23.172],[69.039,23.043],[69.025,22.915],[68.95,22.915],[68.606,23.172],[68.552,23.365],[68.336,23.429],[68.35,23.558],[68.127,23.558],[68.155,23.815],[67.633,23.815],[67.491,23.879],[67.438,24.072],[67.289,24.072],[67.326,24.393],[67.148,24.779],[66.632,24.844],[66.64,24.908],[67.112,25.101],[67.502,25.808],[67.197,26.322],[67.175,27.222],[67.062,27.479],[67.121,27.865],[67.046,27.865],[67.041,28.315],[66.965,28.315],[67.007,28.572],[66.931,28.572],[67.135,29.344],[66.995,29.408],[66.888,29.665],[66.434,29.665],[66.077,29.794],[66.316,29.858],[66.418,30.436],[66.343,30.436],[66.525,31.015],[66.449,31.015],[66.483,31.593],[66.102,31.593],[65.694,31.85],[65.02,31.915],[64.383,32.172],[63.555,32.236],[63.426,32.365],[63.873,33.843],[64.324,34.165],[64.574,34.615],[65.092,34.872],[64.854,35.194],[64.829,35.773],[64.751,35.773],[65.155,38.739],[65.077,38.739],[65.144,38.997],[65.065,38.997],[65.282,39.514],[65.203,39.514],[65.291,39.838],[65.564,39.967],[65.883,40.809],[65.962,40.809],[66.653,41.263],[66.891,41.263],[67.547,41.587],[68.025,41.587],[68.223,41.457],[68.978,41.327],[69.58,41.717],[70.016,41.587],[71.63,41.652],[71.841,41.327],[72.137,41.263],[72.232,41.068],[72.47,41.068],[73.019,40.809],[73.343,41.068],[74.751,41.003],[77.35,41.392],[77.374,41.457],[77.875,41.522],[78.185,41.717],[80.003,42.301],[80.083,42.301],[80.163,42.301],[80.188,42.366],[80.534,42.431],[80.963,42.301],[82.056,42.236],[84.108,42.756],[85.792,42.756],[85.764,42.691],[87.282,42.496],[87.254,42.431],[88.848,42.236],[88.82,42.171],[89.43,42.106],[89.402,42.041],[90.223,41.911],[90.195,41.847],[90.696,41.717],[90.312,41.198],[89.805,40.938],[88.853,40.938],[88.88,41.003],[87.742,41.133],[87.769,41.198],[85.782,41.392],[83.236,41.392],[81.308,41.133],[79.926,40.614],[79.689,40.614],[78.782,40.291],[78.275,39.967],[78.222,39.579],[78.765,39.32],[78.722,39.191],[78.88,39.191],[78.916,39.062],[79.073,39.062],[79.244,38.868],[79.239,38.61],[79.374,38.545],[79.23,38.093],[78.58,37.513],[78.502,37.513]]],[[[72.501,36.095],[72.518,36.16],[72.596,36.16],[72.579,36.095],[72.501,36.095]]]]}},{"type":"Feature","id":"cliopatria-4bfa1c4811e16ffbbe356bb5","properties":{"NAME":"Parthian Empire","ABBREVN":null,"CONTROL":null,"SUBJECTO":"Parthian Empire","PARTOF":null,"BORDERPRECISION":1,"FromYear":161,"ToYear":164,"Area":3053690.2490667757,"Type":"POLITY","Wikipedia":"Parthian Empire","Wikidata":"Q1986139","SeshatID":"iq_parthian_emp_2","Components":"","MemberOf":"","sourceFeatureId":"cliopatria-4bfa1c4811e16ffbbe356bb5","datasetId":"cliopatria"},"geometry":{"type":"MultiPolygon","coordinates":[[[[51.138,25.486],[51.212,25.486],[51.207,25.422],[51.132,25.422],[51.138,25.486]]],[[[50.43,25.936],[50.46,26.258],[50.685,26.258],[50.673,26.129],[50.667,26.065],[50.649,25.872],[50.43,25.936]]],[[[45.595,40.874],[45.457,40.55],[45.884,40.291],[46.201,40.291],[46.256,40.161],[46.481,40.096],[46.458,39.967],[46.774,39.967],[47.066,39.838],[47.121,39.708],[48.146,39.708],[48.225,39.708],[48.673,39.579],[48.806,39.45],[48.782,39.32],[48.928,39.256],[48.777,38.868],[48.763,38.351],[48.841,38.351],[48.829,37.835],[49.085,37.513],[49.999,37.384],[50.321,36.997],[50.566,37.062],[50.632,36.997],[50.532,36.868],[50.821,36.739],[51.642,36.546],[52.186,36.546],[53.088,36.804],[54.033,36.868],[54.095,37.19],[53.91,37.448],[53.908,37.835],[53.83,37.835],[53.987,38.997],[53.518,39.385],[53.138,39.45],[53.545,39.514],[53.498,40.032],[52.723,40.096],[52.714,40.42],[52.793,40.42],[52.893,40.874],[52.972,40.874],[52.943,40.744],[53.34,40.744],[53.448,40.874],[53.404,40.679],[54.544,40.809],[56.655,40.355],[56.987,40.42],[56.956,40.291],[57.114,40.291],[57.162,40.161],[57.351,40.291],[58.332,40.42],[58.537,40.291],[58.854,40.291],[58.98,40.161],[59.77,40.161],[59.768,39.838],[60.084,39.838],[60.052,39.708],[60.683,39.708],[60.713,39.514],[61.202,39.579],[62.502,40.032],[62.879,39.967],[64.02,40.096],[64.389,40.291],[65.235,40.485],[65.272,40.614],[65.351,40.614],[65.37,40.679],[65.449,40.679],[65.43,40.614],[65.589,40.614],[65.804,40.809],[65.883,40.809],[65.564,39.967],[65.291,39.838],[65.203,39.514],[65.282,39.514],[65.065,38.997],[65.144,38.997],[65.077,38.739],[65.155,38.739],[64.751,35.773],[64.829,35.773],[64.854,35.194],[65.092,34.872],[64.574,34.615],[64.324,34.165],[63.873,33.843],[63.426,32.365],[63.185,32.3],[63.161,32.172],[62.82,31.979],[62.421,31.465],[61.942,31.336],[61.875,30.951],[61.387,30.308],[60.956,29.987],[61.001,29.794],[62.304,29.408],[64.12,29.408],[64.53,29.601],[65.125,29.537],[66.077,29.794],[66.434,29.665],[66.888,29.665],[66.995,29.408],[67.135,29.344],[66.931,28.572],[67.007,28.572],[66.965,28.315],[67.041,28.315],[67.046,27.865],[67.121,27.865],[67.062,27.479],[67.175,27.222],[67.197,26.322],[67.502,25.808],[67.112,25.101],[66.64,24.908],[66.648,24.972],[66.62,25.358],[66.345,25.551],[66.021,25.358],[64.816,25.294],[64.801,25.165],[64.285,25.229],[64.225,25.358],[63.626,25.358],[63.536,25.229],[62.563,25.229],[62.474,25.101],[62.182,25.165],[62.018,25.036],[61.719,25.036],[61.658,25.165],[61.127,25.101],[60.917,25.229],[60.618,25.229],[60.632,25.358],[59.06,25.358],[58.782,25.551],[57.958,25.551],[57.74,25.615],[57.679,25.744],[57.38,25.744],[57.176,25.936],[57.052,26.837],[56.715,27.158],[56.188,27.158],[56.098,27.029],[56.324,27.029],[56.309,26.901],[56.061,26.708],[55.603,26.644],[55.439,26.515],[55.289,26.515],[55.31,26.708],[55.543,26.772],[55.242,26.772],[54.832,26.451],[54.463,26.515],[54.259,26.708],[53.658,26.708],[53.461,26.965],[52.737,27.222],[52.479,27.608],[52.049,27.801],[51.597,27.801],[51.317,27.994],[51.331,28.122],[51.066,28.444],[51.028,28.765],[50.809,28.83],[50.915,29.087],[50.62,29.151],[50.651,29.408],[50.236,29.729],[50.065,30.179],[49.586,29.987],[48.943,30.308],[48.987,30.051],[48.365,29.922],[48.404,29.601],[47.866,29.537],[47.852,29.408],[48.079,29.408],[48.215,29.279],[48.194,29.087],[48.46,28.765],[48.563,28.315],[48.974,27.93],[48.872,27.672],[49.242,27.608],[49.36,27.287],[50.135,26.772],[50.116,26.579],[50.254,26.451],[50.223,26.129],[50.067,26.065],[50.211,26.001],[50.325,25.615],[50.608,25.422],[50.654,25.101],[50.729,25.101],[50.769,25.551],[50.925,25.615],[50.955,25.936],[51.123,26.129],[51.423,26.129],[51.698,25.872],[51.575,25.358],[51.719,25.294],[51.69,24.972],[51.524,24.779],[51.411,24.329],[51.854,24.265],[51.907,24.008],[52.28,24.008],[52.6,24.265],[53.112,24.136],[54.083,24.136],[54.099,24.329],[54.318,24.265],[54.559,24.458],[54.744,24.844],[55.143,25.101],[55.412,25.551],[55.97,25.872],[56.168,26.322],[56.475,26.387],[56.543,26.322],[56.385,25.551],[56.46,25.551],[56.421,25.165],[56.496,25.165],[56.402,24.972],[56.545,24.908],[56.788,24.329],[57.493,23.879],[58.812,23.622],[59.08,23.301],[59.068,23.172],[59.28,23.043],[59.268,22.915],[58.896,22.915],[58.908,23.043],[58.61,23.043],[58.335,23.301],[57.962,23.301],[57.974,23.429],[57.83,23.493],[56.809,23.751],[56.821,23.879],[56.54,24.072],[56.489,24.329],[56.271,24.393],[56.29,24.586],[56.09,24.844],[55.859,24.779],[55.841,24.586],[55.623,24.651],[54.812,23.943],[54.273,23.751],[51.881,23.686],[51.822,23.879],[51.166,24.072],[51.102,24.201],[51.203,24.522],[51.133,24.586],[51.294,24.715],[51.327,25.101],[51.402,25.101],[51.27,25.294],[51.35,25.358],[51.323,25.872],[51.173,25.872],[51.23,25.679],[50.982,25.422],[50.965,25.229],[51.12,25.294],[50.92,24.715],[50.616,24.651],[50.344,24.972],[50.032,25.679],[49.674,25.872],[49.878,26.451],[49.252,26.965],[49.265,27.094],[49.059,27.287],[48.552,27.479],[48.467,28.122],[48.247,28.187],[48.206,28.508],[48.055,28.508],[48.144,28.637],[48,28.701],[48.014,28.83],[47.809,29.022],[47.651,28.958],[47.672,29.151],[47.535,29.279],[47.654,29.665],[47.29,29.794],[46.979,29.729],[46.994,29.858],[46.85,29.922],[46.615,29.858],[46.591,30.308],[45.77,30.436],[44.955,31.272],[44.581,31.336],[44.459,31.593],[43.153,32.814],[42.709,32.943],[42.578,33.136],[42.065,33.329],[42.003,33.457],[41.489,33.65],[41.427,33.779],[41.273,33.779],[41.212,33.907],[40.912,33.972],[40.704,34.165],[40.311,34.1],[40.403,34.229],[40.257,34.293],[39.124,34.486],[37.99,33.972],[37.739,33.779],[37.726,33.65],[37.649,33.65],[37.599,33.907],[37.389,34.1],[37.004,34.1],[36.87,34.293],[36.562,34.293],[36.441,34.615],[36.293,34.679],[36.313,34.872],[36.165,34.937],[36.185,35.13],[36.353,35.258],[36.4,35.709],[36.175,35.773],[36.188,35.902],[36.618,36.288],[36.675,36.804],[36.909,36.804],[37.335,37.126],[37.981,37.319],[38.349,37.771],[39.122,37.706],[39.46,37.9],[39.496,37.577],[40.181,37.448],[41.178,37.319],[41.212,36.997],[41.55,36.61],[41.533,36.482],[41.671,36.353],[41.982,36.353],[42.629,36.546],[42.623,37.062],[42.765,37.513],[42.88,37.771],[42.811,37.835],[42.03,37.835],[41.97,37.964],[41.667,38.029],[40.572,38.029],[40.547,38.416],[40.469,38.416],[40.658,39.191],[40.51,39.256],[40.548,39.514],[39.848,39.579],[39.751,39.45],[39.209,39.514],[38.954,39.385],[38.745,39.579],[38.93,39.773],[38.79,39.902],[40.398,40.096],[40.953,40.614],[41.45,40.744],[41.535,41.263],[41.614,41.263],[41.694,41.263],[41.705,41.327],[42.25,41.263],[42.363,41.457],[42.624,41.587],[42.863,41.587],[43.34,41.133],[43.976,41.133],[44.237,41.263],[45.112,41.263],[45.167,41.133],[45.247,41.133],[45.302,41.003],[45.595,40.874]]]]}},{"type":"Feature","id":"cliopatria-4482708148f8a8e2eae7443a","properties":{"NAME":"Roman Empire","ABBREVN":null,"CONTROL":null,"SUBJECTO":"Roman Empire","PARTOF":null,"BORDERPRECISION":1,"FromYear":161,"ToYear":164,"Area":4500114.317580582,"Type":"POLITY","Wikipedia":"Roman Empire","Wikidata":"Q12544","SeshatID":"it_roman_principate","Components":"","MemberOf":"","sourceFeatureId":"cliopatria-4482708148f8a8e2eae7443a","datasetId":"cliopatria"},"geometry":{"type":"MultiPolygon","coordinates":[[[[2.61,34.422],[2.533,34.422],[2.531,34.486],[2.608,34.486],[2.61,34.422]]],[[[14.34,36.031],[14.417,36.031],[14.571,35.966],[14.568,35.773],[14.337,35.838],[14.34,36.031]]],[[[22.887,36.417],[22.965,36.417],[23.117,36.353],[23.107,36.16],[22.874,36.16],[22.887,36.417]]],[[[7.24,50.712],[7.41,50.645],[7.413,50.512],[7.664,50.579],[7.755,50.246],[7.923,50.246],[8.169,50.579],[8.758,50.579],[8.68,50.113],[8.764,50.113],[8.766,49.98],[8.933,50.046],[8.934,49.914],[9.187,49.781],[9.192,49.316],[9.529,48.853],[12.111,49.184],[12.609,48.985],[12.773,48.787],[13.519,48.654],[14.258,48.258],[14.672,48.258],[14.841,48.39],[15.499,48.192],[16.663,48.324],[16.904,48.126],[17.072,48.192],[17.067,48.06],[17.635,47.796],[18.626,47.796],[18.798,47.928],[18.957,47.796],[18.95,47.664],[19.269,47.466],[19.173,47.203],[18.923,47.137],[18.998,47.006],[18.834,47.006],[18.824,46.809],[18.906,46.809],[18.896,46.612],[19.05,46.415],[18.952,46.087],[18.87,46.087],[18.949,46.021],[18.854,45.759],[19.011,45.628],[18.923,45.497],[19.004,45.497],[18.998,45.366],[19.238,45.3],[20.056,45.366],[19.907,45.628],[20.17,45.955],[20.185,46.218],[21.24,46.087],[21.331,46.218],[21.494,46.218],[21.486,46.087],[21.649,46.087],[22.008,46.546],[22.026,46.809],[22.291,47.072],[22.218,47.203],[22.3,47.203],[22.315,47.401],[22.752,47.73],[23.253,47.796],[23.82,47.664],[25.553,47.664],[25.624,47.532],[25.865,47.466],[25.916,47.137],[26.554,46.94],[26.542,46.809],[26.699,46.743],[26.421,46.415],[26.402,46.218],[26.063,46.087],[25.742,46.152],[25.636,45.89],[25.392,45.89],[25.224,44.908],[25.676,44.516],[25.838,44.516],[25.889,44.19],[26.132,44.19],[26.201,44.059],[26.698,44.19],[27.418,44.124],[27.923,44.32],[27.869,44.581],[27.707,44.581],[27.727,44.777],[27.889,44.777],[27.922,45.104],[27.767,45.17],[27.787,45.366],[28.038,45.431],[28.051,45.562],[28.289,45.497],[28.275,45.366],[28.431,45.3],[29.177,45.431],[29.288,45.693],[29.815,46.021],[30.107,46.415],[30.975,46.809],[31.082,47.006],[31.567,46.94],[31.533,46.677],[30.877,46.677],[30.298,45.955],[30.045,45.89],[29.859,45.693],[29.614,45.693],[29.584,45.431],[29.666,45.431],[29.525,44.908],[29.024,44.777],[29.046,44.973],[28.802,44.973],[28.841,44.581],[28.577,44.385],[28.536,43.994],[28.616,43.994],[28.481,43.472],[28.159,43.472],[28.226,43.342],[27.898,43.277],[27.805,43.147],[27.847,42.756],[27.514,42.626],[27.495,42.431],[27.796,42.236],[27.784,42.106],[28.004,41.911],[27.979,41.652],[28.218,41.652],[28.279,41.457],[28.505,41.327],[28.976,41.263],[28.963,41.133],[30.479,41.198],[30.624,41.068],[31.18,41.068],[31.534,41.392],[32.027,41.522],[32.042,41.652],[32.193,41.587],[32.695,41.782],[32.631,41.911],[34.785,41.911],[34.882,42.041],[35.121,42.041],[35.157,41.717],[35.954,41.717],[36.209,41.263],[36.775,41.327],[37.065,41.133],[37.233,41.198],[37.215,41.068],[37.771,41.068],[37.831,40.938],[38.158,41.003],[38.298,40.874],[38.783,40.938],[39.051,41.133],[39.736,40.938],[40.37,40.938],[40.391,41.068],[40.539,41.003],[41.047,41.198],[41.159,41.392],[41.307,41.327],[41.408,41.457],[41.567,41.457],[41.815,41.976],[41.735,41.976],[41.758,42.106],[41.598,42.106],[41.701,42.236],[41.483,42.366],[41.609,42.626],[41.334,42.886],[41.173,42.886],[41.116,43.017],[40.817,43.147],[40.416,43.147],[40.219,43.407],[39.978,43.407],[40.081,43.538],[40.161,43.538],[40.599,43.277],[41.001,43.277],[41.208,43.082],[41.666,42.951],[41.803,42.821],[41.78,42.691],[41.998,42.561],[42.01,41.717],[41.705,41.327],[41.625,41.327],[41.614,41.263],[41.535,41.263],[41.45,40.744],[40.953,40.614],[40.398,40.096],[38.79,39.902],[38.93,39.773],[38.745,39.579],[38.954,39.385],[39.209,39.514],[39.751,39.45],[39.848,39.579],[40.548,39.514],[40.51,39.256],[40.658,39.191],[40.469,38.416],[40.547,38.416],[40.572,38.029],[40.094,37.964],[40.051,37.642],[40.181,37.448],[39.496,37.577],[39.46,37.9],[39.122,37.706],[38.349,37.771],[37.981,37.319],[37.335,37.126],[36.909,36.804],[36.675,36.804],[36.618,36.288],[36.188,35.902],[36.175,35.773],[36.4,35.709],[36.353,35.258],[36.185,35.13],[36.165,34.937],[36.313,34.872],[36.293,34.679],[36.441,34.615],[36.562,34.293],[36.87,34.293],[37.004,34.1],[37.389,34.1],[37.599,33.907],[37.649,33.65],[37.573,33.65],[37.073,33.264],[37.054,33.072],[36.901,33.072],[36.717,32.75],[36.751,32.3],[36.516,32.236],[36.656,32.107],[36.492,31.979],[36.463,31.658],[36.387,31.658],[36.423,31.208],[36.271,31.208],[36.401,30.951],[36.156,30.758],[35.942,29.987],[35.866,29.987],[35.826,29.472],[35.958,29.215],[35.858,28.894],[36.401,28.058],[36.552,28.058],[36.689,27.865],[37.127,27.672],[37.26,27.415],[37.481,27.351],[37.472,27.222],[37.769,27.158],[38.051,26.901],[38.206,26.965],[38.268,26.772],[38.493,26.772],[38.692,26.387],[38.304,26.194],[37.826,25.744],[37.057,25.422],[36.773,25.679],[36.717,26.001],[36.429,26.194],[36.027,26.965],[35.672,27.287],[35.409,27.865],[35.049,28.122],[34.593,28.058],[34.605,28.251],[34.854,28.572],[34.913,29.408],[34.752,29.279],[34.517,28.058],[34.358,27.93],[34.346,27.737],[34.12,27.737],[33.617,28.122],[33.554,28.315],[33.403,28.315],[33.189,28.508],[33.214,28.894],[32.857,29.215],[32.526,29.922],[32.429,29.601],[32.639,29.344],[32.689,28.958],[32.836,28.894],[33.105,28.38],[33.609,27.994],[33.585,27.608],[33.799,27.415],[33.927,27.029],[34.073,26.965],[34.051,26.579],[34.197,26.515],[34.461,25.872],[34.608,25.808],[35.146,24.651],[35.86,24.008],[35.854,23.879],[35.559,23.943],[35.553,23.815],[35.108,23.879],[33.756,23.686],[33.682,23.686],[33.389,23.815],[32.041,23.686],[31.67,23.751],[30.537,23.365],[30.463,23.365],[30.395,23.558],[30.104,23.751],[30.109,23.879],[29.959,23.879],[29.673,24.201],[28.569,24.651],[28.289,25.165],[28.244,25.936],[28.345,26.579],[28.27,26.579],[28.154,27.351],[27.937,27.544],[27.711,27.544],[27.792,27.672],[27.43,27.994],[27.276,27.93],[27.285,28.122],[27.14,28.251],[25.586,28.958],[25.373,29.279],[25.147,29.279],[25.001,29.408],[24.847,29.344],[24.779,29.537],[24.33,29.665],[23.962,29.922],[23.51,29.987],[22.916,30.308],[22.762,30.244],[22.767,30.372],[21.939,30.565],[20.952,30.565],[18.735,29.987],[17.905,30.179],[16.701,30.694],[15.49,30.951],[15.184,30.886],[15.187,31.079],[14.584,31.529],[14.586,31.658],[14.284,31.915],[13.6,32.172],[13.066,32.172],[13.067,32.3],[11.768,32.3],[11.768,32.429],[11.539,32.429],[11.463,32.557],[11.31,32.493],[11.157,32.686],[10.392,33.007],[10.009,33.007],[10.085,33.136],[9.625,33.136],[9.547,33.329],[9.624,33.457],[9.316,33.586],[9.238,33.843],[9.083,33.907],[9.083,34.036],[8.929,34.036],[8.928,34.165],[8.311,34.293],[8.081,34.229],[8.002,34.422],[7.615,34.551],[7.153,34.486],[6.92,34.615],[6.459,34.551],[6.148,34.679],[5.377,34.679],[5.149,34.551],[4.454,34.615],[3.843,34.422],[3.456,34.486],[2.921,34.358],[2.45,34.615],[1.294,34.615],[0.685,34.422],[0.451,34.486],[0.303,34.358],[-1.237,34.358],[-1.305,34.165],[-1.539,34.229],[-1.61,34.1],[-1.693,34.229],[-2.001,34.229],[-3.763,34.1],[-4.141,33.972],[-4.21,33.843],[-4.367,33.907],[-5.039,33.586],[-5.274,33.65],[-5.799,33.457],[-6.033,33.522],[-6.634,33.329],[-6.703,33.2],[-6.937,33.264],[-7.528,32.943],[-8.064,32.943],[-8.154,33.136],[-8.47,33.264],[-8.403,33.393],[-7.13,33.843],[-7.062,33.972],[-6.904,33.907],[-6.614,34.165],[-6.7,34.293],[-6.473,34.358],[-6.482,34.486],[-6.332,34.551],[-6.277,34.872],[-6.2,34.872],[-6.291,35.065],[-6.132,35.001],[-6.145,35.194],[-6,35.323],[-5.877,35.773],[-5.339,35.838],[-5.24,35.516],[-4.755,35.194],[-3.132,35.194],[-2.982,35.258],[-2.993,35.451],[-2.838,35.451],[-2.82,35.13],[-2.662,35.065],[-1.89,35.065],[-1.591,35.258],[-1.359,35.258],[-1.136,35.451],[-1.224,35.645],[-1.066,35.58],[-0.917,35.709],[-0.53,35.709],[-0.459,35.838],[0.084,35.838],[0.376,36.224],[0.684,36.288],[0.678,36.417],[0.914,36.353],[1.216,36.546],[1.53,36.482],[2.377,36.675],[2.69,36.61],[2.841,36.739],[3.23,36.739],[3.459,36.868],[3.85,36.804],[4.235,36.933],[4.859,36.868],[5.098,36.675],[5.564,36.675],[5.639,36.804],[6.106,36.804],[6.103,36.933],[6.334,37.062],[6.805,36.868],[7.194,36.868],[7.346,37.062],[7.502,37.062],[7.738,36.868],[8.516,36.868],[8.903,37.126],[9.059,37.062],[9.37,37.255],[9.759,37.319],[9.993,37.19],[10.227,37.255],[10.228,37.062],[10.305,37.062],[10.228,36.804],[10.462,36.739],[11.006,36.997],[11.006,36.804],[10.462,36.417],[10.54,36.353],[10.464,35.902],[10.696,35.709],[10.851,35.773],[10.928,35.58],[11.083,35.58],[11.083,35.387],[11.006,35.387],[11.083,35.001],[10.851,34.937],[10.851,34.808],[10.543,34.551],[10.004,34.293],[10.082,34.229],[10.006,33.907],[10.237,33.715],[10.544,33.715],[10.698,33.522],[11.082,33.586],[11.158,33.2],[11.464,33.2],[12.229,32.814],[12.612,32.879],[12.535,32.75],[12.841,32.75],[12.842,32.879],[13.302,32.943],[13.454,32.814],[13.761,32.879],[13.759,32.75],[14.065,32.75],[14.444,32.493],[14.675,32.557],[14.749,32.429],[15.055,32.429],[15.282,32.3],[15.425,31.658],[15.576,31.593],[15.649,31.4],[16.179,31.208],[16.864,31.208],[17.847,30.951],[18.222,30.758],[18.592,30.372],[18.896,30.372],[18.969,30.244],[19.655,30.372],[19.964,30.565],[19.968,30.694],[20.202,30.886],[20.134,31.143],[20.214,31.272],[19.996,31.593],[20.089,32.107],[20.017,32.236],[20.246,32.236],[20.331,32.493],[20.482,32.429],[20.563,32.557],[20.716,32.557],[20.644,32.686],[20.871,32.622],[21.108,32.814],[21.412,32.75],[21.879,32.943],[23.089,32.622],[23.081,32.429],[23.231,32.365],[23.149,32.236],[23.299,32.172],[23.68,32.172],[24.129,31.979],[24.892,31.979],[25.112,31.786],[25.102,31.593],[25.248,31.465],[26.848,31.465],[27.297,31.336],[27.515,31.143],[28.496,31.015],[28.865,30.822],[29.397,30.822],[29.485,31.015],[29.633,30.951],[29.87,31.079],[29.802,31.208],[29.882,31.272],[30.339,31.272],[30.271,31.4],[30.352,31.465],[30.809,31.465],[30.966,31.529],[30.975,31.658],[31.203,31.658],[31.118,31.529],[31.266,31.465],[31.875,31.465],[31.781,31.208],[31.937,31.272],[32,31.079],[32.304,31.079],[32.237,31.208],[32.389,31.208],[32.532,31.079],[32.765,31.143],[32.832,31.015],[33.983,31.143],[34.297,31.272],[34.308,31.4],[34.547,31.529],[34.639,31.722],[34.573,31.85],[34.813,31.979],[34.77,32.365],[35.022,32.622],[35.056,33.007],[35.215,33.072],[35.398,33.393],[35.346,33.65],[35.499,33.65],[35.447,33.907],[35.684,33.972],[35.644,34.358],[35.792,34.293],[36.049,34.551],[36.068,34.744],[35.927,34.872],[35.96,35.194],[35.882,35.194],[35.993,35.516],[35.845,35.58],[35.99,36.224],[35.842,36.288],[36.265,36.61],[36.286,36.804],[36.145,36.933],[35.834,36.933],[35.488,36.61],[35.113,36.739],[34.95,36.675],[34.893,36.868],[34.582,36.868],[34.251,36.675],[33.979,36.288],[33.274,36.224],[32.713,36.031],[32.558,36.031],[32.499,36.224],[32.068,36.61],[31.086,36.933],[30.619,36.933],[30.492,36.353],[30.026,36.353],[29.938,36.224],[29.24,36.224],[29.125,36.739],[28.736,36.739],[28.591,36.868],[28.357,36.868],[28.187,36.675],[28.031,36.675],[28.138,37.062],[28.065,37.126],[27.598,37.126],[27.539,37.384],[27.223,37.319],[27.31,37.448],[27.163,37.577],[27.256,37.771],[27.178,37.771],[27.275,38.029],[26.889,38.093],[26.82,38.222],[26.429,38.222],[26.384,38.674],[26.536,38.61],[26.595,38.351],[27.065,38.351],[27.08,38.545],[26.849,38.61],[26.958,38.997],[26.879,38.997],[26.894,39.191],[26.742,39.256],[26.847,39.579],[26.132,39.514],[26.272,40.291],[26.605,40.485],[26.684,40.485],[26.673,40.355],[27.47,40.42],[27.538,40.291],[27.696,40.291],[27.792,40.485],[27.95,40.485],[27.939,40.355],[29.046,40.355],[28.9,40.485],[28.913,40.614],[29.48,40.744],[29.493,40.874],[29.249,40.809],[29.103,40.938],[29.116,41.068],[28.633,41.003],[28.169,41.133],[28.077,41.003],[27.527,41.068],[27.017,40.679],[26.921,40.485],[26.626,40.744],[26.14,40.614],[26.082,40.874],[25.378,41.003],[24.347,41.003],[24.011,40.744],[23.698,40.809],[23.685,40.614],[23.839,40.55],[23.737,40.226],[23.267,40.291],[22.884,40.485],[22.892,40.614],[22.655,40.614],[22.56,40.355],[22.544,40.096],[22.702,40.096],[22.611,39.902],[23.135,39.45],[22.816,39.385],[22.797,39.062],[23.116,39.126],[23.108,38.997],[23.344,38.997],[23.493,38.868],[23.332,38.803],[23.025,38.933],[22.936,38.739],[23.167,38.674],[23.313,38.481],[23.626,38.481],[23.563,38.739],[24.03,38.674],[24.179,38.545],[24.159,38.222],[24.002,38.222],[23.979,37.835],[23.443,38.029],[23.208,38.029],[23.201,37.9],[23.044,37.9],[23.108,37.642],[23.342,37.642],[23.402,37.319],[23.169,37.319],[23.176,37.448],[22.949,37.577],[22.714,37.577],[22.701,37.319],[22.853,37.255],[23.056,36.675],[22.833,36.868],[22.599,36.868],[22.512,36.675],[22.356,36.675],[22.22,37.062],[21.909,37.062],[21.899,36.868],[21.744,36.868],[21.681,37.19],[21.603,37.19],[21.697,37.513],[21.244,37.835],[21.416,38.158],[21.729,38.158],[21.738,38.351],[21.193,38.416],[20.974,38.739],[20.741,38.803],[20.911,39.062],[20.297,39.385],[20.155,39.708],[19.912,39.579],[19.758,39.644],[19.764,39.773],[20,39.773],[20.009,39.967],[19.63,40.291],[19.471,40.291],[19.486,40.614],[19.249,40.614],[19.255,40.744],[19.498,40.874],[19.438,41.263],[19.523,41.392],[19.444,41.392],[19.53,41.522],[19.45,41.522],[19.542,41.782],[18.852,42.366],[18.143,42.626],[17.992,42.821],[17.593,42.886],[17.508,42.756],[17.516,42.951],[17.355,42.951],[17.365,43.212],[17.122,43.147],[17.051,43.407],[16.727,43.342],[16.734,43.538],[16.575,43.603],[15.927,43.472],[16.012,43.603],[15.857,43.798],[15.695,43.798],[15.619,43.929],[15.375,43.863],[15.459,43.994],[15.219,44.059],[15.147,44.385],[14.909,44.581],[14.919,44.973],[14.516,45.104],[14.603,45.366],[14.196,45.366],[14.189,45.039],[13.946,45.039],[13.943,44.908],[13.781,44.908],[13.706,45.235],[13.544,45.3],[13.547,45.497],[13.71,45.497],[13.715,45.759],[13.39,45.824],[13.145,45.824],[13.06,45.628],[12.817,45.693],[12.652,45.562],[12.163,45.497],[12.16,45.17],[12.403,45.039],[12.4,44.777],[12.157,44.843],[12.154,44.451],[12.313,44.19],[12.873,43.798],[13.036,43.863],[13.034,43.733],[13.355,43.668],[13.673,43.407],[13.747,43.082],[13.985,42.951],[13.901,42.756],[14.056,42.496],[14.371,42.236],[14.531,42.236],[14.608,42.106],[14.769,42.171],[14.766,42.041],[14.924,41.976],[15.165,42.041],[15.241,41.911],[16.119,41.911],[16.115,41.782],[15.874,41.717],[15.944,41.392],[17.203,41.003],[17.511,40.744],[17.981,40.614],[18.438,40.161],[18.349,39.902],[18.112,39.902],[17.813,40.355],[17.418,40.355],[17.345,40.55],[17.028,40.55],[16.868,40.485],[16.945,40.42],[16.862,40.291],[16.624,40.291],[16.697,40.096],[16.457,39.967],[16.447,39.644],[16.916,39.514],[17.07,39.385],[17.138,39.062],[16.502,38.803],[16.492,38.416],[15.933,37.964],[15.698,37.964],[15.624,38.158],[15.389,38.158],[15.066,37.642],[15.059,37.255],[15.214,37.19],[15.05,36.739],[14.661,36.739],[14.278,37.126],[13.578,37.255],[13.192,37.577],[12.49,37.706],[12.492,37.9],[12.65,38.093],[13.04,38.029],[13.12,38.158],[13.355,38.158],[13.665,37.964],[14.056,37.964],[15.862,38.287],[15.95,38.674],[16.265,38.739],[16.27,38.933],[16.117,39.062],[15.899,39.773],[15.666,39.902],[15.748,40.032],[15.432,40.032],[15.199,40.226],[15.041,40.226],[14.893,40.679],[14.418,40.679],[14.422,40.874],[14.105,40.874],[13.951,41.133],[13.792,41.133],[13.715,41.263],[13,41.327],[12.922,41.457],[12.605,41.522],[12.131,41.911],[12.132,42.041],[11.813,42.106],[11.655,42.366],[11.495,42.301],[11.415,42.431],[11.255,42.431],[11.176,42.626],[11.016,42.626],[11.016,42.821],[10.535,43.082],[10.212,43.994],[9.889,43.994],[9.97,44.124],[9.727,44.124],[9.159,44.451],[8.432,44.385],[8.034,43.929],[7.15,43.733],[6.993,43.538],[6.673,43.472],[6.518,43.212],[6.278,43.147],[5.796,43.147],[5.632,43.277],[5.391,43.277],[5.387,43.407],[5.063,43.472],[4.178,43.472],[4.173,43.603],[3.851,43.603],[3.617,43.407],[3.14,43.277],[2.985,43.147],[3.01,42.561],[3.178,42.366],[3.117,41.911],[2.573,41.587],[2.334,41.587],[2.107,41.327],[1.238,41.198],[0.696,40.938],[0.709,40.679],[0.248,40.42],[0.183,40.161],[-0.126,40.032],[-0.345,39.708],[-0.314,39.126],[0.099,38.739],[-0.661,38.287],[-0.803,38.029],[-0.705,37.642],[-1.709,37.448],[-1.623,37.319],[-1.857,37.319],[-2.062,36.804],[-2.532,36.868],[-2.68,36.739],[-4.469,36.739],[-4.689,36.546],[-5.228,36.482],[-5.288,36.224],[-5.662,36.031],[-5.831,36.224],[-6.064,36.224],[-6.33,36.675],[-6.35,36.933],[-6.588,36.997],[-6.842,37.255],[-7.465,37.255],[-7.455,37.126],[-7.678,36.997],[-8.701,37.126],[-9.001,36.997],[-8.897,37.577],[-8.819,37.577],[-8.823,38.481],[-9.209,38.416],[-9.233,38.674],[-9.384,38.61],[-9.553,38.739],[-9.572,38.933],[-9.427,39.062],[-9.387,39.45],[-9.157,39.514],[-9.104,39.773],[-9.025,39.773],[-8.925,40.355],[-8.846,40.355],[-8.872,40.614],[-8.727,40.744],[-8.956,42.171],[-8.657,42.366],[-9.079,42.561],[-9.1,42.756],[-9.275,42.886],[-9.305,43.147],[-9.159,43.277],[-8.852,43.407],[-8.369,43.407],[-8.39,43.603],[-8.244,43.733],[-7.276,43.733],[-7.343,43.603],[-7.176,43.538],[-5.733,43.603],[-4.99,43.407],[-3.467,43.472],[-3.296,43.342],[-1.688,43.342],[-1.388,43.668],[-1.349,44.255],[-1.268,44.255],[-1.286,44.516],[-1.205,44.516],[-1.252,45.17],[-1.171,45.17],[-1.189,45.431],[-1.031,45.497],[-1.045,45.693],[-1.213,45.759],[-1.141,45.89],[-1.223,45.89],[-1.252,46.283],[-1.666,46.349],[-2.014,46.612],[-2.025,46.743],[-2.194,46.809],[-2.139,47.137],[-2.232,47.269],[-2.562,47.269],[-2.578,47.466],[-2.826,47.466],[-2.837,47.598],[-3.156,47.466],[-3.344,47.73],[-3.757,47.73],[-3.935,47.862],[-4.424,47.796],[-4.692,47.994],[-4.705,48.126],[-4.546,48.192],[-4.643,48.324],[-4.891,48.324],[-4.912,48.522],[-4.6,48.72],[-3.852,48.72],[-3.455,48.919],[-3.122,48.919],[-2.759,48.588],[-2.522,48.72],[-1.602,48.654],[-1.718,49.051],[-1.635,49.051],[-1.652,49.25],[-1.913,49.383],[-2.032,49.781],[-1.362,49.781],[-1.251,49.449],[0.007,49.383],[-0.012,49.648],[0.224,49.847],[1.053,49.98],[1.455,50.246],[1.425,50.712],[1.656,51.046],[2.578,51.179],[2.739,51.313],[3.41,51.447],[3.399,51.647],[3.739,51.647],[3.647,51.781],[3.98,51.915],[4.056,52.116],[4.232,51.982],[4.573,51.982],[5.248,52.116],[5.934,51.982],[6.369,51.647],[6.539,51.647],[6.541,51.58],[6.885,51.38],[7.065,50.979],[7.319,50.912],[7.24,50.712]]],[[[20.621,37.9],[20.699,37.9],[20.934,37.9],[20.922,37.642],[20.613,37.706],[20.621,37.9]]],[[[20.328,38.351],[20.488,38.416],[20.566,38.416],[20.795,38.287],[20.786,38.093],[20.32,38.158],[20.328,38.351]]],[[[1.274,38.803],[1.183,39.062],[1.259,39.126],[1.337,39.126],[1.652,39.126],[1.658,38.997],[1.431,38.803],[1.274,38.803]]],[[[20.073,39.644],[20.152,39.644],[20.149,39.579],[20.07,39.579],[20.073,39.644]]],[[[2.824,39.32],[2.659,39.514],[2.346,39.45],[2.338,39.644],[2.877,39.967],[2.956,39.967],[3.193,39.967],[3.198,39.838],[3.516,39.773],[3.296,39.32],[2.824,39.32]]],[[[3.741,40.096],[3.82,40.096],[4.215,40.096],[4.302,39.838],[3.827,39.902],[3.741,40.096]]],[[[9.665,40.291],[9.747,39.644],[9.669,39.644],[9.593,39.126],[9.12,39.191],[8.966,38.868],[8.73,38.868],[8.336,38.997],[8.412,39.256],[8.333,39.256],[8.33,39.514],[8.409,39.514],[8.483,39.902],[8.325,39.967],[8.4,40.291],[8.321,40.291],[8.319,40.485],[8.16,40.55],[8.155,40.938],[8.552,40.874],[9.025,41.263],[9.104,41.263],[9.502,41.198],[9.822,40.744],[9.823,40.355],[9.665,40.291]]],[[[9.578,41.976],[9.498,41.976],[9.499,41.782],[9.262,41.392],[9.104,41.327],[8.784,41.522],[8.782,41.717],[8.623,41.717],[8.7,41.911],[8.539,42.106],[8.535,42.496],[8.773,42.691],[9.173,42.756],[9.251,43.017],[9.331,43.017],[9.492,43.017],[9.493,42.756],[9.574,42.756],[9.578,41.976]]],[[[10.214,42.886],[10.455,42.886],[10.455,42.691],[10.215,42.691],[10.134,42.886],[10.214,42.886]]],[[[14.35,44.973],[14.511,44.908],[14.502,44.516],[14.261,44.581],[14.269,44.973],[14.35,44.973]]],[[[19.086,45.497],[19.004,45.497],[19.007,45.562],[19.089,45.562],[19.086,45.497]]],[[[19.166,47.072],[19.084,47.072],[19.087,47.137],[19.169,47.137],[19.166,47.072]]],[[[16.989,48.192],[16.907,48.192],[16.909,48.258],[16.992,48.258],[16.989,48.192]]],[[[16.826,48.258],[16.829,48.324],[16.912,48.324],[16.909,48.258],[16.826,48.258]]],[[[6.193,51.848],[6.191,51.915],[6.276,51.915],[6.278,51.848],[6.193,51.848]]],[[[-0.671,54.613],[-0.202,54.206],[-0.18,53.935],[0.004,53.8],[0.021,53.597],[0.295,53.395],[0.316,53.125],[0.075,52.923],[0.337,52.855],[0.493,53.057],[1.094,53.057],[1.622,52.855],[1.739,52.385],[1.654,52.385],[1.586,52.116],[1.425,51.982],[1.17,51.982],[1.184,51.781],[0.844,51.781],[0.863,51.513],[0.524,51.513],[1.207,51.447],[1.381,51.38],[1.394,51.179],[0.493,50.779],[-1.368,50.845],[-1.109,50.779],[-1.177,50.579],[-1.513,50.579],[-1.525,50.712],[-2.608,50.579],[-2.789,50.712],[-3.126,50.712],[-3.457,50.645],[-3.585,50.246],[-4.089,50.246],[-4.187,50.379],[-4.355,50.379],[-4.929,50.246],[-5.151,49.98],[-5.746,50.046],[-5.769,50.246],[-5.28,50.379],[-5.134,50.579],[-4.881,50.579],[-4.819,50.779],[-4.658,50.845],[-4.68,51.046],[-4.426,51.046],[-4.202,51.313],[-3.095,51.246],[-3.108,51.38],[-2.945,51.447],[-3.121,51.513],[-3.277,51.38],[-3.701,51.38],[-3.892,51.58],[-4.308,51.513],[-4.415,51.714],[-5.079,51.58],[-5.264,51.714],[-5.219,52.049],[-4.553,52.183],[-4.157,52.452],[-4.295,52.923],[-4.794,52.788],[-4.81,52.923],[-4.49,53.125],[-4.67,53.192],[-4.702,53.462],[-4.271,53.462],[-4.162,53.26],[-3.317,53.395],[-3.153,53.462],[-3.174,53.665],[-3.088,53.665],[-3.196,53.868],[-3.11,53.868],[-3.124,54.003],[-2.959,54.071],[-3.139,54.138],[-3.305,54.071],[-3.319,54.206],[-3.587,54.274],[-3.72,54.681],[-3.569,54.885],[-4.423,54.749],[-4.954,54.817],[-4.937,54.681],[-5.206,54.749],[-5.328,55.021],[-5.154,55.021],[-5.171,55.157],[-4.769,55.43],[-4.795,55.635],[-4.979,55.703],[-5.014,55.977],[-4.311,55.977],[-4.152,56.114],[-2.656,56.114],[-2.019,55.908],[-1.627,55.498],[-1.62,55.43],[-1.486,54.953],[-1.399,54.953],[-1.286,54.681],[-0.671,54.613]]],[[[38.131,26.965],[38.056,26.965],[38.06,27.029],[38.135,27.029],[38.131,26.965]]],[[[37.914,27.094],[37.839,27.094],[37.844,27.158],[37.919,27.158],[37.914,27.094]]],[[[33.695,34.937],[33.523,34.744],[33.132,34.679],[33.044,34.551],[32.367,34.744],[32.229,34.937],[32.246,35.13],[32.555,35.13],[32.875,35.258],[32.887,35.387],[33.737,35.387],[34.31,35.709],[34.387,35.709],[34.542,35.709],[34.529,35.58],[33.957,35.258],[34.087,35.001],[33.695,34.937]]],[[[24.301,35.323],[25.692,35.323],[25.681,35.13],[26.225,35.194],[26.14,35.065],[24.824,35.001],[24.757,35.194],[24.526,35.194],[24.448,35.194],[23.679,35.258],[23.615,35.516],[24.157,35.516],[24.15,35.387],[24.301,35.323]]],[[[27.693,36.288],[28.017,36.482],[28.095,36.482],[28.25,36.482],[28.139,36.031],[27.743,35.902],[27.693,36.288]]],[[[27.117,36.933],[27.185,36.804],[26.865,36.675],[27.039,36.933],[27.117,36.933]]],[[[25.339,37.126],[25.417,37.126],[25.573,37.126],[25.564,36.997],[25.331,36.997],[25.339,37.126]]],[[[24.361,37.706],[24.432,37.577],[24.272,37.513],[24.201,37.642],[24.283,37.706],[24.361,37.706]]],[[[24.986,37.706],[25.064,37.706],[25.22,37.706],[25.286,37.513],[25.052,37.513],[24.986,37.706]]],[[[26.08,37.706],[26.158,37.706],[26.314,37.706],[26.305,37.577],[25.988,37.513],[26.08,37.706]]],[[[24.694,38.029],[24.772,38.029],[25.068,37.771],[24.83,37.706],[24.682,37.835],[24.694,38.029]]],[[[25.821,38.481],[25.913,38.674],[25.991,38.674],[26.217,38.545],[26.111,38.158],[25.876,38.158],[25.899,38.481],[25.821,38.481]]],[[[23.563,38.739],[23.485,38.739],[23.489,38.803],[23.567,38.803],[23.563,38.739]]],[[[24.365,38.997],[24.444,38.997],[24.675,38.933],[24.662,38.739],[24.357,38.868],[24.365,38.997]]],[[[26.094,38.997],[26.103,39.126],[25.793,39.191],[26.044,39.385],[26.123,39.385],[26.511,39.32],[26.644,38.997],[26.246,38.933],[26.094,38.997]]],[[[25.067,40.032],[25.146,40.032],[25.462,40.032],[25.447,39.838],[24.974,39.838],[25.067,40.032]]],[[[25.798,40.291],[26.035,40.291],[26.025,40.161],[25.704,40.096],[25.719,40.291],[25.798,40.291]]],[[[24.57,40.809],[24.808,40.809],[24.794,40.614],[24.551,40.55],[24.491,40.809],[24.57,40.809]]]]}},{"type":"Feature","id":"cliopatria-c609f9879784ffc9f16e611b","properties":{"NAME":"Wusun","ABBREVN":null,"CONTROL":null,"SUBJECTO":"Wusun","PARTOF":null,"BORDERPRECISION":1,"FromYear":161,"ToYear":164,"Area":39757.401100636496,"Type":"POLITY","Wikipedia":"Wusun","Wikidata":"Q854062","SeshatID":"","Components":"","MemberOf":"","sourceFeatureId":"cliopatria-c609f9879784ffc9f16e611b","datasetId":"cliopatria"},"geometry":{"type":"MultiPolygon","coordinates":[[[[78.629,42.886],[78.709,42.886],[79.03,42.886],[79.3,42.756],[79.329,42.626],[79.489,42.626],[79.519,42.496],[79.919,42.496],[80.028,42.366],[80.003,42.301],[78.185,41.717],[77.875,41.522],[77.374,41.457],[77.294,41.457],[76.817,41.457],[76.864,41.587],[76.625,41.587],[76.615,41.782],[76.798,41.847],[76.16,41.847],[76.128,41.976],[76.278,42.171],[76.142,42.236],[76.158,42.496],[75.814,42.431],[75.701,42.561],[75.878,42.821],[75.766,42.951],[77.716,43.017],[78.629,42.886]]]]}},{"type":"Feature","id":"cliopatria-41c67f3c525144ba92bd8d01","properties":{"NAME":"Xianbei","ABBREVN":null,"CONTROL":null,"SUBJECTO":"Xianbei","PARTOF":null,"BORDERPRECISION":1,"FromYear":161,"ToYear":164,"Area":5220509.861768925,"Type":"POLITY","Wikipedia":"Xianbei","Wikidata":"Q861054","SeshatID":"mn_xianbei","Components":"","MemberOf":"","sourceFeatureId":"cliopatria-41c67f3c525144ba92bd8d01","datasetId":"cliopatria"},"geometry":{"type":"MultiPolygon","coordinates":[[[[105.377,56.319],[105.321,56.251],[107.737,55.771],[107.68,55.703],[108.206,55.703],[108.149,55.635],[108.674,55.635],[109.578,55.977],[111.1,55.908],[111.041,55.84],[111.568,55.84],[111.362,55.703],[113.494,55.635],[113.434,55.567],[116.166,55.294],[116.105,55.225],[117.205,55.089],[117.144,55.021],[117.554,55.089],[117.431,54.953],[117.693,54.953],[117.632,54.885],[124.229,54.681],[124.165,54.613],[125.056,54.545],[124.992,54.477],[125.839,54.274],[125.798,54.138],[126.08,54.071],[126.039,53.935],[126.211,53.935],[126.148,53.868],[126.303,53.665],[126.177,53.53],[126.31,53.395],[126.123,53.192],[126.209,53.192],[126.048,52.923],[126.134,52.923],[125.405,51.915],[125.49,51.915],[124.886,51.313],[124.971,51.313],[123.389,49.25],[123.472,49.25],[123.121,48.787],[123.204,48.787],[123.047,48.126],[123.247,48.06],[123.103,47.862],[123.185,47.862],[123.09,47.73],[123.173,47.73],[123.078,47.598],[123.16,47.598],[123.09,47.269],[123.526,47.072],[123.587,46.809],[123.885,46.415],[123.793,46.283],[123.911,46.218],[123.857,46.021],[124.256,45.89],[124.084,45.759],[124.166,45.759],[124.157,45.628],[124.239,45.628],[124.34,45.3],[124.503,45.3],[124.568,45.039],[124.73,45.039],[124.686,44.973],[124.84,44.843],[124.744,44.581],[124.825,44.581],[124.781,44.516],[124.898,44.451],[124.81,44.32],[124.928,44.255],[124.482,43.342],[124.6,43.277],[124.51,43.017],[124.789,42.951],[125.013,42.431],[125.093,42.431],[124.607,42.171],[123.167,41.911],[121.021,41.263],[119.39,41.327],[119.428,41.392],[118.792,41.392],[118.83,41.457],[118.633,41.392],[118.671,41.457],[118.432,41.457],[118.47,41.522],[118.034,41.457],[118.072,41.522],[117.791,41.587],[117.708,41.717],[117.823,41.911],[117.701,41.976],[117.737,42.171],[117.338,42.171],[115.992,41.782],[114.958,40.938],[113.76,40.485],[113.623,40.226],[113.004,39.644],[111.743,37.513],[110.455,37.771],[110.484,37.835],[110.094,37.835],[110.123,37.9],[108.843,37.835],[108.745,37.964],[108.51,37.964],[108.539,38.029],[107.359,37.835],[105.774,37.964],[104.463,37.642],[104.362,37.771],[103.764,37.835],[103.663,37.964],[103.88,38.287],[103.751,38.351],[103.836,38.545],[104.108,38.803],[103.608,38.739],[103.939,39.126],[104.668,39.514],[104.583,39.838],[103.812,39.708],[103.132,39.256],[102.095,38.868],[102.123,38.933],[101.63,39.062],[101.559,39.256],[101.165,39.256],[101.181,39.644],[100.737,39.708],[100.381,39.967],[100.144,39.967],[100.173,40.032],[99.384,40.032],[99.284,40.161],[98.918,40.226],[98.948,40.291],[98.503,40.355],[98.274,40.55],[98.037,40.55],[97.888,40.744],[97.184,40.938],[97.214,41.003],[95.23,41.003],[93.687,40.744],[93.715,40.809],[93.268,40.874],[93.296,40.938],[92.48,41.068],[91.27,41.392],[91.299,41.457],[90.696,41.717],[90.195,41.847],[90.223,41.911],[89.402,42.041],[89.43,42.106],[88.82,42.171],[88.848,42.236],[87.254,42.431],[87.282,42.496],[85.764,42.691],[85.792,42.756],[84.108,42.756],[82.056,42.236],[80.963,42.301],[80.534,42.431],[80.188,42.366],[80.214,42.431],[80.134,42.431],[80.21,42.626],[80.13,42.626],[80.233,42.886],[80.473,42.886],[80.391,43.082],[80.738,43.147],[80.791,43.277],[80.656,43.342],[80.681,43.603],[80.385,43.863],[80.438,43.994],[80.303,44.059],[80.329,44.516],[80.248,44.516],[80.41,44.712],[79.843,44.908],[80.059,45.235],[79.978,45.235],[80.339,46.283],[80.257,46.283],[80.398,46.612],[80.316,46.612],[80.598,47.072],[80.516,47.072],[80.867,47.862],[80.784,47.862],[81.939,50.113],[82.786,50.779],[82.807,50.979],[83.096,51.046],[84.08,51.915],[86.285,52.923],[87.694,53.125],[88.416,53.732],[89.107,54.138],[89.108,54.274],[90.33,54.681],[91.756,55.498],[92.425,55.703],[94.122,56.114],[97.144,56.388],[97.513,56.525],[97.813,56.456],[97.761,56.388],[98.379,56.388],[99.014,56.525],[100.78,56.525],[100.868,56.525],[105.377,56.319]]],[[[125.915,52.586],[125.975,52.654],[126.061,52.654],[126,52.586],[125.915,52.586]]],[[[108.847,55.84],[108.935,55.84],[108.877,55.771],[108.789,55.771],[108.847,55.84]]],[[[109.08,55.908],[109.168,55.908],[109.11,55.84],[109.022,55.84],[109.08,55.908]]]]}},{"type":"Feature","id":"cliopatria-d823dfbcd4478df9e2e678bd","properties":{"NAME":"Norse","ABBREVN":null,"CONTROL":null,"SUBJECTO":"Norse","PARTOF":null,"BORDERPRECISION":1,"FromYear":161,"ToYear":183,"Area":4083.317514527813,"Type":"POLITY","Wikipedia":"Norse","Wikidata":"Q909583","SeshatID":"","Components":"","MemberOf":"","sourceFeatureId":"cliopatria-d823dfbcd4478df9e2e678bd","datasetId":"cliopatria"},"geometry":{"type":"MultiPolygon","coordinates":[[[[9.576,55.362],[9.576,55.43],[9.575,55.567],[9.838,55.635],[10.627,55.635],[10.626,55.498],[10.801,55.43],[10.799,55.157],[10.712,55.157],[10.711,55.021],[9.926,55.089],[9.751,55.362],[9.576,55.362]]]]}},{"type":"Feature","id":"cliopatria-8b4b70eb501a8db015293977","properties":{"NAME":"Satavahana Dynasty","ABBREVN":null,"CONTROL":null,"SUBJECTO":"Satavahana Dynasty","PARTOF":null,"BORDERPRECISION":1,"FromYear":161,"ToYear":183,"Area":610645.5289169898,"Type":"POLITY","Wikipedia":"Satavahana dynasty","Wikidata":"Q5257","SeshatID":"in_satavahana_emp","Components":"","MemberOf":"","sourceFeatureId":"cliopatria-8b4b70eb501a8db015293977","datasetId":"cliopatria"},"geometry":{"type":"MultiPolygon","coordinates":[[[[83.015,22.272],[83.535,21.693],[83.519,21.565],[83.37,21.565],[83.156,21.051],[82.663,20.665],[82.459,20.215],[82.311,20.215],[82.205,19.958],[82.049,19.893],[82.001,19.508],[82.075,19.508],[82.028,19.122],[82.102,19.122],[81.906,18.736],[81.759,18.736],[81.222,17.965],[80.357,17.515],[79.531,16.743],[79.313,16.1],[79.058,15.779],[78.709,14.493],[78.268,14.493],[77.503,14.172],[77.21,14.172],[76.893,13.915],[76.441,13.786],[76.115,13.4],[75.973,13.465],[75.304,15.008],[74.967,15.329],[74.311,15.393],[74.103,15.522],[73.802,15.458],[73.747,15.65],[73.539,15.779],[73.254,16.615],[73.3,17.065],[72.959,18.029],[72.875,19.315],[72.734,19.379],[72.701,19.765],[72.708,19.829],[72.87,19.958],[73.47,20.022],[74.246,20.343],[74.348,20.601],[74.497,20.601],[74.585,20.729],[77.723,20.922],[79.253,21.308],[79.394,21.243],[79.64,21.436],[80.175,21.565],[80.266,21.693],[80.571,21.758],[80.991,22.143],[81.188,22.529],[81.299,23.365],[81.373,23.365],[81.637,23.108],[81.86,23.108],[82.058,22.915],[82.347,22.851],[82.941,22.272],[83.015,22.272]]]]}},{"type":"Feature","id":"cliopatria-c1680f62ff3bd2856657812b","properties":{"NAME":"Western Satraps","ABBREVN":null,"CONTROL":null,"SUBJECTO":"Western Satraps","PARTOF":null,"BORDERPRECISION":1,"FromYear":161,"ToYear":183,"Area":606130.6185163736,"Type":"POLITY","Wikipedia":"Western Satraps","Wikidata":"Q2086608","SeshatID":"pk_western_satraps","Components":"","MemberOf":"","sourceFeatureId":"cliopatria-c1680f62ff3bd2856657812b","datasetId":"cliopatria"},"geometry":{"type":"MultiPolygon","coordinates":[[[[81.188,22.529],[80.991,22.143],[80.571,21.758],[80.266,21.693],[80.175,21.565],[79.64,21.436],[79.394,21.243],[79.253,21.308],[77.723,20.922],[74.585,20.729],[74.497,20.601],[74.348,20.601],[74.246,20.343],[73.47,20.022],[72.87,19.958],[72.708,19.829],[72.634,19.829],[72.837,20.343],[72.899,20.922],[72.563,21.243],[72.76,21.693],[72.544,21.758],[72.527,22.272],[72.378,22.272],[72.342,21.951],[72.112,21.886],[72.173,21.758],[72.321,21.758],[72.185,21.179],[71.408,20.858],[71.321,20.729],[70.721,20.665],[70.295,20.858],[69.89,21.243],[69.903,21.372],[69.497,21.758],[69.349,21.758],[68.949,22.208],[68.977,22.465],[69.409,22.336],[69.497,22.465],[69.869,22.465],[70.263,22.658],[70.365,22.915],[69.451,22.722],[69.099,22.915],[69.025,22.915],[69.039,23.043],[69.5,23.172],[70.065,23.558],[70.424,24.072],[70.448,24.265],[70.605,24.329],[70.57,24.651],[71.086,25.165],[71.235,25.165],[71.905,25.679],[73.179,26.194],[73.479,26.194],[73.959,26.387],[76.584,26.837],[77.11,26.837],[77.238,26.708],[78.236,26.837],[78.257,26.515],[78.332,26.515],[78.292,25.808],[78.367,25.808],[78.314,24.972],[78.576,24.715],[79.38,24.586],[80.585,24.136],[81.307,23.429],[81.299,23.365],[81.188,22.529]]]]}},{"type":"Feature","id":"cliopatria-4710f5c6d70530bd1fb8d5ea","properties":{"NAME":"Han Dynasty","ABBREVN":null,"CONTROL":null,"SUBJECTO":"Han Dynasty","PARTOF":null,"BORDERPRECISION":1,"FromYear":165,"ToYear":183,"Area":3819741.07835048,"Type":"POLITY","Wikipedia":"Han dynasty","Wikidata":"Q1068371","SeshatID":"cn_eastern_han_dyn","Components":"","MemberOf":"","sourceFeatureId":"cliopatria-4710f5c6d70530bd1fb8d5ea","datasetId":"cliopatria"},"geometry":{"type":"MultiPolygon","coordinates":[[[[110.179,18.479],[109.862,18.35],[109.841,18.222],[109.25,18.222],[109.123,18.35],[108.765,18.415],[108.638,18.543],[108.704,19.379],[109.203,19.701],[109.246,19.958],[110.157,20.086],[110.591,20.022],[110.613,20.151],[110.909,20.151],[111.087,19.893],[111.032,19.572],[110.884,19.572],[110.851,19.379],[110.681,19.251],[110.508,18.672],[110.19,18.543],[110.179,18.479]]],[[[125.835,37.9],[125.678,37.9],[125.387,37.642],[125.231,37.642],[125.298,37.771],[125.209,37.9],[124.897,37.9],[125.077,38.093],[124.764,38.093],[124.866,38.287],[124.788,38.287],[124.961,38.61],[125.153,38.674],[125.189,38.739],[125.032,38.739],[125.39,39.385],[125.306,39.514],[124.87,39.579],[124.865,39.708],[124.512,39.644],[124.345,39.902],[124.034,39.773],[123.597,39.838],[122.936,39.644],[122.17,39.256],[121.952,38.997],[121.716,38.997],[121.422,38.739],[121.029,38.739],[121.201,39.062],[121.515,39.062],[121.69,39.385],[121.297,39.385],[121.21,39.514],[121.281,39.644],[121.438,39.644],[121.503,39.902],[121.776,39.967],[122.231,40.485],[122.106,40.679],[121.827,40.744],[121.824,40.874],[121.11,40.874],[120.997,40.679],[120.647,40.485],[120.5,40.226],[119.38,39.773],[119.215,39.32],[118.989,39.191],[118.45,39.062],[118.057,39.062],[118.046,39.191],[117.776,39.126],[117.576,38.739],[117.655,38.739],[117.602,38.481],[117.759,38.481],[117.773,38.351],[118.054,38.287],[118.067,38.158],[118.583,38.093],[118.648,38.222],[118.804,38.222],[118.772,38.158],[119.457,37.964],[119.393,37.835],[119.237,37.835],[118.984,37.319],[119.14,37.319],[119.156,37.19],[119.701,37.19],[119.827,37.448],[120.202,37.577],[120.188,37.706],[120.754,37.9],[121.112,37.835],[121.171,37.642],[121.483,37.642],[121.497,37.513],[122.154,37.577],[122.121,37.513],[122.713,37.448],[122.474,37.126],[122.566,36.997],[122.394,36.804],[121.912,36.933],[121.212,36.61],[120.979,36.61],[120.965,36.417],[120.732,36.417],[120.659,36.095],[120.318,36.031],[119.986,35.645],[119.619,35.516],[119.228,34.808],[119.459,34.808],[119.431,34.744],[119.711,34.679],[119.732,34.551],[120.342,34.358],[120.489,34.165],[120.55,33.586],[120.926,33.2],[120.919,32.622],[121.403,32.493],[121.503,32.172],[121.961,31.979],[121.937,31.722],[121.836,31.658],[121.301,31.85],[120.919,31.85],[121.454,31.658],[121.481,31.529],[121.634,31.529],[121.584,31.4],[121.737,31.4],[121.995,31.079],[121.899,30.822],[121.519,30.822],[121.197,30.565],[121.045,30.565],[120.68,30.179],[120.809,30.115],[121.105,30.308],[121.484,30.308],[121.62,30.051],[122.03,29.922],[121.865,29.665],[122.016,29.665],[121.938,29.215],[121.712,29.215],[121.745,29.537],[121.571,29.472],[121.647,29.472],[121.539,29.151],[121.744,29.087],[121.714,28.765],[121.522,28.637],[121.652,28.572],[121.646,28.315],[121.379,28.187],[121.153,28.187],[121.193,28.315],[121.118,28.315],[121.038,28.058],[120.868,27.994],[120.715,27.737],[120.657,27.544],[120.733,27.544],[120.545,27.158],[120.395,27.158],[120.247,26.901],[120.096,26.901],[120.061,26.772],[120.211,26.772],[120.158,26.579],[119.84,26.515],[119.938,26.322],[119.587,26.129],[119.778,26.001],[119.53,25.615],[119.904,25.615],[119.872,25.486],[119.616,25.358],[119.273,25.486],[119.391,25.358],[119.344,25.165],[119.029,25.101],[119.074,24.972],[118.819,24.844],[118.76,24.586],[118.147,24.522],[118.076,24.201],[117.721,23.943],[117.694,23.815],[117.47,23.815],[117.179,23.493],[116.894,23.558],[116.78,23.365],[116.815,23.172],[116.591,23.172],[116.54,22.915],[115.696,22.786],[115.671,22.658],[115.373,22.658],[115.174,22.786],[114.902,22.529],[114.753,22.529],[114.641,22.722],[114.531,22.143],[114.37,22.079],[113.999,22.079],[113.996,22.465],[113.785,22.529],[113.747,22.722],[113.599,22.722],[113.699,22.465],[113.639,22.143],[113.416,22.143],[113.318,22.015],[113.106,22.079],[113.071,21.886],[112.774,21.886],[112.441,21.693],[111.859,21.758],[111.664,21.501],[110.984,21.436],[110.739,21.308],[110.716,21.179],[110.419,21.179],[110.483,21.115],[110.364,20.858],[110.616,20.601],[110.487,20.279],[109.883,20.215],[109.927,20.472],[109.789,20.536],[109.77,20.858],[109.696,20.858],[109.87,21.436],[109.807,21.501],[109.116,21.372],[109.086,21.629],[108.652,21.693],[108.555,21.565],[107.79,21.436],[107.417,20.986],[106.961,20.922],[106.834,20.601],[106.685,20.601],[106.537,20.151],[105.965,19.829],[105.734,18.865],[106.051,18.543],[106.031,18.415],[106.178,18.415],[106.295,18.222],[106.57,18.093],[106.571,17.643],[106.772,17.515],[106.752,17.386],[107.026,17.258],[106.607,16.936],[106.396,17],[106.416,17.129],[105.144,18.415],[105.185,18.672],[105.037,18.672],[105.142,18.865],[105.015,18.993],[105.014,19.443],[104.94,19.443],[104.992,19.765],[104.865,19.893],[104.981,20.151],[104.44,20.472],[104.619,20.665],[104.905,20.601],[104.873,20.858],[105.096,20.858],[104.851,21.179],[104.979,21.501],[104.926,21.629],[105.096,21.758],[105.128,21.951],[104.874,22.208],[105.249,22.658],[105.175,22.658],[105.22,22.915],[105.117,23.172],[104.956,23.108],[104.905,23.236],[102.99,23.365],[102.801,23.558],[102.651,23.558],[102.474,23.815],[102.325,23.815],[102.086,24.136],[101.811,24.265],[101.462,25.165],[101.398,25.936],[101.196,26.387],[101.09,27.544],[101.014,27.544],[101.05,27.994],[100.915,28.058],[101.039,28.251],[100.964,28.251],[101.03,28.508],[100.955,28.508],[101.022,28.765],[100.881,29.087],[100.951,29.344],[100.875,29.344],[100.964,29.665],[100.889,29.665],[100.961,29.922],[100.885,29.922],[100.978,30.244],[100.902,30.244],[101.015,30.629],[100.939,30.629],[101.055,31.015],[100.979,31.015],[101.687,32.75],[102.552,33.264],[103.034,33.329],[103.332,33.522],[103.493,33.972],[103.355,34.229],[103.527,34.486],[103.45,34.486],[103.735,35.451],[103.63,35.58],[103.649,36.224],[103.467,36.353],[103.518,36.482],[103.389,36.546],[103.44,36.675],[103.311,36.739],[103.363,36.868],[103.208,37.062],[102.871,37.19],[102.611,37.126],[102.586,37.255],[102.171,37.384],[102.172,37.577],[102.043,37.642],[102.096,37.771],[101.755,37.513],[101.601,37.706],[101.315,37.771],[101.29,37.9],[100.796,38.029],[100.799,38.222],[100.642,38.222],[100.414,38.61],[100.199,38.287],[99.862,38.416],[99.379,39.126],[99.092,39.191],[99.12,39.256],[98.958,39.062],[98.384,39.191],[98.117,38.933],[97.96,38.933],[97.857,39.062],[97.492,39.126],[97.468,39.256],[96.763,39.45],[96.681,39.256],[96.76,39.256],[96.678,39.062],[96.757,39.062],[96.677,38.868],[96.755,38.868],[96.649,38.61],[96.414,38.61],[96.31,38.739],[95.682,38.933],[95.319,39.385],[94.977,39.32],[94.506,39.514],[93.955,39.514],[93.088,39.32],[92.248,39.385],[91.123,39.126],[89.58,38.997],[88.746,38.868],[87.662,38.481],[86.44,38.351],[86.081,38.222],[85.813,37.9],[85.356,37.706],[85.113,37.448],[82.101,36.804],[82.024,36.804],[81.695,36.997],[82.055,37.642],[82.488,37.771],[82.907,38.093],[85.148,39.126],[85.376,39.32],[88.246,40.226],[88.562,40.226],[90.781,40.809],[92.106,40.938],[92.134,41.003],[92.213,41.003],[92.293,41.003],[92.372,41.003],[92.451,41.003],[92.48,41.068],[93.296,40.938],[93.268,40.874],[93.715,40.809],[93.687,40.744],[95.23,41.003],[97.214,41.003],[97.184,40.938],[97.888,40.744],[98.037,40.55],[98.274,40.55],[98.503,40.355],[98.948,40.291],[98.918,40.226],[99.284,40.161],[99.384,40.032],[100.173,40.032],[100.144,39.967],[100.381,39.967],[100.737,39.708],[101.181,39.644],[101.165,39.256],[101.559,39.256],[101.63,39.062],[102.123,38.933],[102.095,38.868],[103.132,39.256],[103.812,39.708],[104.583,39.838],[104.668,39.514],[103.939,39.126],[103.608,38.739],[104.108,38.803],[103.836,38.545],[103.751,38.351],[103.88,38.287],[103.663,37.964],[103.764,37.835],[104.362,37.771],[104.463,37.642],[105.774,37.964],[107.359,37.835],[108.539,38.029],[108.51,37.964],[108.745,37.964],[108.843,37.835],[110.123,37.9],[110.094,37.835],[110.484,37.835],[110.455,37.771],[111.743,37.513],[113.004,39.644],[113.623,40.226],[113.76,40.485],[114.958,40.938],[115.992,41.782],[117.338,42.171],[117.737,42.171],[117.701,41.976],[117.823,41.911],[117.708,41.717],[117.791,41.587],[118.072,41.522],[118.034,41.457],[118.47,41.522],[118.432,41.457],[118.671,41.457],[118.633,41.392],[118.83,41.457],[118.792,41.392],[119.428,41.392],[119.39,41.327],[121.021,41.263],[123.167,41.911],[123.127,41.847],[123.405,41.782],[123.365,41.717],[123.604,41.717],[123.564,41.652],[124.042,41.522],[124.002,41.457],[124.28,41.392],[124.24,41.327],[124.479,41.327],[124.439,41.263],[124.717,41.198],[124.678,41.133],[125.831,41.327],[125.79,41.263],[126.108,41.263],[126.187,41.133],[126.742,41.003],[126.623,40.679],[126.425,40.614],[126.269,40.355],[126.432,40.096],[126.709,40.032],[126.832,39.838],[126.728,39.385],[126.964,39.385],[126.854,39.191],[127.023,38.933],[126.937,38.351],[126.348,37.835],[126.27,37.835],[125.845,37.771],[125.835,37.9]]],[[[122.273,30.179],[122.28,29.987],[121.977,29.987],[122.022,30.115],[122.045,30.179],[122.273,30.179]]]]}},{"type":"Feature","id":"cliopatria-b900a9e7b74d51cd728f754c","properties":{"NAME":"Kingdom of Adiabene","ABBREVN":null,"CONTROL":null,"SUBJECTO":"Kingdom of Adiabene","PARTOF":null,"BORDERPRECISION":1,"FromYear":165,"ToYear":183,"Area":13757.914572053602,"Type":"POLITY","Wikipedia":"Adiabene","Wikidata":"Q149747","SeshatID":"","Components":"","MemberOf":"","sourceFeatureId":"cliopatria-b900a9e7b74d51cd728f754c","datasetId":"cliopatria"},"geometry":{"type":"MultiPolygon","coordinates":[[[[41.671,36.353],[41.541,36.546],[41.212,36.997],[41.178,37.319],[41.984,37.513],[42.765,37.513],[42.623,37.062],[42.629,36.546],[41.982,36.353],[41.671,36.353]]]]}},{"type":"Feature","id":"cliopatria-b2ad46b6700997f462a5c090","properties":{"NAME":"Kingdom of Osroene","ABBREVN":null,"CONTROL":null,"SUBJECTO":"Kingdom of Osroene","PARTOF":null,"BORDERPRECISION":1,"FromYear":165,"ToYear":183,"Area":50294.90199991521,"Type":"POLITY","Wikipedia":"Osroene","Wikidata":"Q237234","SeshatID":"","Components":"","MemberOf":"","sourceFeatureId":"cliopatria-b2ad46b6700997f462a5c090","datasetId":"cliopatria"},"geometry":{"type":"MultiPolygon","coordinates":[[[[41.205,36.353],[40.405,36.16],[39.497,35.709],[38.428,35.838],[38.133,35.966],[38.176,36.997],[37.958,37.126],[37.989,37.384],[38.333,37.642],[38.349,37.771],[39.122,37.706],[39.46,37.9],[39.496,37.577],[40.181,37.448],[41.178,37.319],[41.212,36.997],[41.541,36.546],[41.205,36.353]]]]}},{"type":"Feature","id":"cliopatria-775c76a5f98e57857efc754e","properties":{"NAME":"Kushan Empire","ABBREVN":null,"CONTROL":null,"SUBJECTO":"Kushan Empire","PARTOF":null,"BORDERPRECISION":1,"FromYear":165,"ToYear":183,"Area":2201760.271879137,"Type":"POLITY","Wikipedia":"Kushan Empire","Wikidata":"Q25979","SeshatID":"af_kushan_emp","Components":"","MemberOf":"","sourceFeatureId":"cliopatria-775c76a5f98e57857efc754e","datasetId":"cliopatria"},"geometry":{"type":"MultiPolygon","coordinates":[[[[78.502,37.513],[78.093,37.706],[77.667,38.351],[77.51,38.351],[77.414,38.545],[77.258,38.545],[77.025,38.803],[75.792,39.126],[73.69,39.45],[73.63,39.256],[73.748,39.126],[73.494,38.545],[72.989,38.158],[72.626,37.706],[72.37,37.062],[72.448,37.062],[72.283,36.739],[72.258,36.353],[72.501,36.095],[72.468,35.966],[72.64,36.031],[72.606,35.902],[72.822,35.838],[72.711,35.709],[73.441,34.937],[73.811,34.872],[73.701,34.744],[73.993,34.679],[74.038,34.551],[74.192,34.551],[74.297,34.358],[74.451,34.358],[74.634,34.165],[74.602,34.036],[75.028,33.586],[74.996,33.457],[75.134,33.393],[75.103,33.264],[75.241,33.2],[75.271,33.007],[75.424,33.007],[75.469,32.879],[75.882,32.686],[76.127,32.75],[76.081,32.557],[76.601,32.172],[78.448,31.593],[78.844,31.658],[78.814,31.529],[79.18,31.465],[79.607,31.015],[79.624,30.758],[79.869,30.501],[79.845,30.051],[79.954,29.858],[79.885,29.537],[79.961,29.537],[79.867,29.087],[80.166,28.701],[80.681,28.637],[80.957,28.508],[81.195,28.187],[81.885,27.865],[82.538,27.737],[83.078,27.415],[84.357,27.415],[84.36,26.644],[84.511,26.644],[84.44,26.258],[84.515,26.258],[84.457,25.486],[84.339,25.229],[83.754,24.844],[83.071,24.779],[82.359,24.522],[81.603,23.943],[81.316,23.493],[81.307,23.429],[80.585,24.136],[79.38,24.586],[78.576,24.715],[78.314,24.972],[78.367,25.808],[78.292,25.808],[78.332,26.515],[78.257,26.515],[78.236,26.837],[77.238,26.708],[77.11,26.837],[76.584,26.837],[73.959,26.387],[73.479,26.194],[73.179,26.194],[71.905,25.679],[71.235,25.165],[71.086,25.165],[70.57,24.651],[70.605,24.329],[70.448,24.265],[70.424,24.072],[70.065,23.558],[69.5,23.172],[69.039,23.043],[69.025,22.915],[68.95,22.915],[68.606,23.172],[68.552,23.365],[68.336,23.429],[68.35,23.558],[68.127,23.558],[68.155,23.815],[67.633,23.815],[67.491,23.879],[67.438,24.072],[67.289,24.072],[67.326,24.393],[67.148,24.779],[66.632,24.844],[66.64,24.908],[67.112,25.101],[67.502,25.808],[67.197,26.322],[67.175,27.222],[67.062,27.479],[67.121,27.865],[67.046,27.865],[67.041,28.315],[66.965,28.315],[67.007,28.572],[66.931,28.572],[67.135,29.344],[66.995,29.408],[66.888,29.665],[66.434,29.665],[66.077,29.794],[66.316,29.858],[66.418,30.436],[66.343,30.436],[66.525,31.015],[66.449,31.015],[66.483,31.593],[66.102,31.593],[65.694,31.85],[65.02,31.915],[64.383,32.172],[63.555,32.236],[63.426,32.365],[63.873,33.843],[64.324,34.165],[64.574,34.615],[65.092,34.872],[64.854,35.194],[64.829,35.773],[64.751,35.773],[65.155,38.739],[65.077,38.739],[65.144,38.997],[65.065,38.997],[65.282,39.514],[65.203,39.514],[65.291,39.838],[65.564,39.967],[65.883,40.809],[65.962,40.809],[66.653,41.263],[66.891,41.263],[67.547,41.587],[68.025,41.587],[68.223,41.457],[68.978,41.327],[69.58,41.717],[70.016,41.587],[71.63,41.652],[71.841,41.327],[72.137,41.263],[72.232,41.068],[72.47,41.068],[73.019,40.809],[73.343,41.068],[74.751,41.003],[77.35,41.392],[77.374,41.457],[77.875,41.522],[80.028,42.366],[80.108,42.366],[80.134,42.431],[82.056,42.236],[84.108,42.756],[85.792,42.756],[85.764,42.691],[87.282,42.496],[87.254,42.431],[88.848,42.236],[88.82,42.171],[89.43,42.106],[89.402,42.041],[90.223,41.911],[90.195,41.847],[90.696,41.717],[90.312,41.198],[89.805,40.938],[88.853,40.938],[88.88,41.003],[87.742,41.133],[87.769,41.198],[85.782,41.392],[83.236,41.392],[81.308,41.133],[79.926,40.614],[79.689,40.614],[78.782,40.291],[78.275,39.967],[78.222,39.579],[78.765,39.32],[78.722,39.191],[78.88,39.191],[78.916,39.062],[79.073,39.062],[79.244,38.868],[79.239,38.61],[79.374,38.545],[79.23,38.093],[78.58,37.513],[78.502,37.513]]],[[[72.501,36.095],[72.518,36.16],[72.596,36.16],[72.579,36.095],[72.501,36.095]]]]}},{"type":"Feature","id":"cliopatria-9bbc889def51aa648b503d83","properties":{"NAME":"Parthian Empire","ABBREVN":null,"CONTROL":null,"SUBJECTO":"Parthian Empire","PARTOF":null,"BORDERPRECISION":1,"FromYear":165,"ToYear":183,"Area":2631718.007920785,"Type":"POLITY","Wikipedia":"Parthian Empire","Wikidata":"Q1986139","SeshatID":"iq_parthian_emp_2","Components":"","MemberOf":"","sourceFeatureId":"cliopatria-9bbc889def51aa648b503d83","datasetId":"cliopatria"},"geometry":{"type":"MultiPolygon","coordinates":[[[[51.138,25.486],[51.212,25.486],[51.207,25.422],[51.132,25.422],[51.138,25.486]]],[[[50.43,25.936],[50.46,26.258],[50.685,26.258],[50.673,26.129],[50.667,26.065],[50.649,25.872],[50.43,25.936]]],[[[57.351,40.291],[58.332,40.42],[58.537,40.291],[58.854,40.291],[58.98,40.161],[59.77,40.161],[59.768,39.838],[60.084,39.838],[60.052,39.708],[60.683,39.708],[60.713,39.514],[60.949,39.514],[62.502,40.032],[62.879,39.967],[64.02,40.096],[64.389,40.291],[65.235,40.485],[65.272,40.614],[65.351,40.614],[65.37,40.679],[65.449,40.679],[65.43,40.614],[65.589,40.614],[65.804,40.809],[65.883,40.809],[65.564,39.967],[65.291,39.838],[65.203,39.514],[65.282,39.514],[65.065,38.997],[65.144,38.997],[65.077,38.739],[65.155,38.739],[64.751,35.773],[64.829,35.773],[64.854,35.194],[65.092,34.872],[64.574,34.615],[64.324,34.165],[63.873,33.843],[63.426,32.365],[63.185,32.3],[63.161,32.172],[62.82,31.979],[62.421,31.465],[61.942,31.336],[61.875,30.951],[61.387,30.308],[60.956,29.987],[61.001,29.794],[62.304,29.408],[64.12,29.408],[64.53,29.601],[65.125,29.537],[66.077,29.794],[66.434,29.665],[66.888,29.665],[66.995,29.408],[67.135,29.344],[66.931,28.572],[67.007,28.572],[66.965,28.315],[67.041,28.315],[67.046,27.865],[67.121,27.865],[67.062,27.479],[67.175,27.222],[67.197,26.322],[67.502,25.808],[67.112,25.101],[66.64,24.908],[66.648,24.972],[66.62,25.358],[66.345,25.551],[66.021,25.358],[64.816,25.294],[64.801,25.165],[64.285,25.229],[64.225,25.358],[63.626,25.358],[63.536,25.229],[62.563,25.229],[62.474,25.101],[62.182,25.165],[62.018,25.036],[61.719,25.036],[61.658,25.165],[61.127,25.101],[60.917,25.229],[60.618,25.229],[60.632,25.358],[59.06,25.358],[58.782,25.551],[57.958,25.551],[57.74,25.615],[57.679,25.744],[57.38,25.744],[57.176,25.936],[57.052,26.837],[56.715,27.158],[56.188,27.158],[56.098,27.029],[56.324,27.029],[56.309,26.901],[56.061,26.708],[55.603,26.644],[55.439,26.515],[55.289,26.515],[55.31,26.708],[55.543,26.772],[55.242,26.772],[54.832,26.451],[54.463,26.515],[54.259,26.708],[53.658,26.708],[53.461,26.965],[52.737,27.222],[52.479,27.608],[52.049,27.801],[51.597,27.801],[51.317,27.994],[51.331,28.122],[51.066,28.444],[51.028,28.765],[50.809,28.83],[50.915,29.087],[50.62,29.151],[50.651,29.408],[50.236,29.729],[50.065,30.179],[49.586,29.987],[48.943,30.308],[48.987,30.051],[48.365,29.922],[48.404,29.601],[47.866,29.537],[47.852,29.408],[48.079,29.408],[48.215,29.279],[48.194,29.087],[48.46,28.765],[48.563,28.315],[48.974,27.93],[48.872,27.672],[49.242,27.608],[49.36,27.287],[50.135,26.772],[50.116,26.579],[50.254,26.451],[50.223,26.129],[50.067,26.065],[50.211,26.001],[50.325,25.615],[50.608,25.422],[50.654,25.101],[50.729,25.101],[50.769,25.551],[50.925,25.615],[50.955,25.936],[51.123,26.129],[51.423,26.129],[51.698,25.872],[51.575,25.358],[51.719,25.294],[51.69,24.972],[51.524,24.779],[51.411,24.329],[51.854,24.265],[51.907,24.008],[52.28,24.008],[52.6,24.265],[53.112,24.136],[54.083,24.136],[54.099,24.329],[54.318,24.265],[54.559,24.458],[54.744,24.844],[55.143,25.101],[55.412,25.551],[55.97,25.872],[56.168,26.322],[56.475,26.387],[56.543,26.322],[56.385,25.551],[56.46,25.551],[56.421,25.165],[56.496,25.165],[56.402,24.972],[56.545,24.908],[56.788,24.329],[57.493,23.879],[58.812,23.622],[59.08,23.301],[59.068,23.172],[59.28,23.043],[59.268,22.915],[58.896,22.915],[58.908,23.043],[58.61,23.043],[58.335,23.301],[57.962,23.301],[57.974,23.429],[57.83,23.493],[56.809,23.751],[56.821,23.879],[56.54,24.072],[56.489,24.329],[56.271,24.393],[56.29,24.586],[56.09,24.844],[55.859,24.779],[55.841,24.586],[55.623,24.651],[54.812,23.943],[54.273,23.751],[51.881,23.686],[51.822,23.879],[51.166,24.072],[51.102,24.201],[51.203,24.522],[51.133,24.586],[51.294,24.715],[51.327,25.101],[51.402,25.101],[51.27,25.294],[51.35,25.358],[51.323,25.872],[51.173,25.872],[51.23,25.679],[50.982,25.422],[50.965,25.229],[51.12,25.294],[50.92,24.715],[50.616,24.651],[50.344,24.972],[50.032,25.679],[49.674,25.872],[49.878,26.451],[49.252,26.965],[49.265,27.094],[49.059,27.287],[48.552,27.479],[48.467,28.122],[48.247,28.187],[48.206,28.508],[48.055,28.508],[48.144,28.637],[48,28.701],[48.014,28.83],[47.809,29.022],[47.651,28.958],[47.672,29.151],[47.535,29.279],[47.654,29.665],[47.29,29.794],[46.979,29.729],[46.994,29.858],[46.85,29.922],[46.615,29.858],[46.591,30.308],[45.77,30.436],[44.955,31.272],[44.581,31.336],[44.459,31.593],[43.833,32.107],[43.841,32.172],[44.314,32.3],[44.43,32.622],[45.014,33.007],[44.979,33.329],[44.135,33.329],[43.861,33.586],[43.408,33.65],[43.21,33.907],[42.988,33.972],[43.02,34.229],[42.89,34.422],[42.513,34.486],[42.416,34.937],[41.953,34.937],[41.283,35.13],[41.441,35.773],[41.363,35.773],[41.335,36.16],[41.205,36.353],[41.541,36.546],[41.671,36.353],[41.982,36.353],[42.629,36.546],[42.623,37.062],[42.765,37.513],[42.774,37.577],[42.852,37.577],[42.861,37.642],[42.871,37.706],[42.88,37.771],[43.886,37.706],[43.945,37.577],[44.637,37.513],[44.774,37.384],[44.803,37.062],[45.251,36.933],[45.446,37.19],[45.29,37.19],[45.252,37.448],[45.174,37.448],[45.224,37.771],[45.635,37.9],[45.854,38.287],[46.121,38.481],[47.252,38.674],[48.326,38.093],[48.795,38.093],[48.874,38.093],[48.829,37.835],[49.085,37.513],[49.854,37.448],[50.321,36.997],[50.566,37.062],[50.632,36.997],[50.532,36.868],[51.265,36.61],[52.186,36.546],[53.088,36.804],[54.033,36.868],[54.095,37.19],[53.91,37.448],[53.908,37.835],[53.83,37.835],[53.987,38.997],[53.518,39.385],[53.138,39.45],[53.545,39.514],[53.498,40.032],[52.723,40.096],[52.714,40.42],[52.793,40.42],[52.893,40.874],[52.972,40.874],[52.943,40.744],[53.34,40.744],[53.448,40.874],[53.404,40.679],[54.544,40.809],[56.655,40.355],[56.987,40.42],[56.956,40.291],[57.035,40.291],[57.241,40.161],[57.351,40.291]]]]}},{"type":"Feature","id":"cliopatria-5b4b81aa682ab395a21f6e2a","properties":{"NAME":"Qataban","ABBREVN":null,"CONTROL":null,"SUBJECTO":"Qataban","PARTOF":null,"BORDERPRECISION":1,"FromYear":165,"ToYear":183,"Area":11722.278907097623,"Type":"POLITY","Wikipedia":"Qataban","Wikidata":"Q748595","SeshatID":"","Components":"","MemberOf":"","sourceFeatureId":"cliopatria-5b4b81aa682ab395a21f6e2a","datasetId":"cliopatria"},"geometry":{"type":"MultiPolygon","coordinates":[[[[46.576,15.265],[46.341,15.008],[45.302,14.815],[45.228,14.815],[44.56,14.686],[44.346,14.815],[44.29,15.136],[45.025,15.136],[45.179,15.265],[45.848,15.393],[45.855,15.522],[46.149,15.522],[46.58,15.329],[46.576,15.265]]]]}},{"type":"Feature","id":"cliopatria-91c9f4feb0004199f8ca5c41","properties":{"NAME":"Roman Empire","ABBREVN":null,"CONTROL":null,"SUBJECTO":"Roman Empire","PARTOF":null,"BORDERPRECISION":1,"FromYear":165,"ToYear":183,"Area":4653671.118249524,"Type":"POLITY","Wikipedia":"Roman Empire","Wikidata":"Q12544","SeshatID":"it_roman_principate","Components":"","MemberOf":"","sourceFeatureId":"cliopatria-91c9f4feb0004199f8ca5c41","datasetId":"cliopatria"},"geometry":{"type":"MultiPolygon","coordinates":[[[[2.61,34.422],[2.533,34.422],[2.531,34.486],[2.608,34.486],[2.61,34.422]]],[[[14.34,36.031],[14.417,36.031],[14.571,35.966],[14.568,35.773],[14.337,35.838],[14.34,36.031]]],[[[22.887,36.417],[22.965,36.417],[23.117,36.353],[23.107,36.16],[22.874,36.16],[22.887,36.417]]],[[[7.24,50.712],[7.41,50.645],[7.413,50.512],[7.664,50.579],[7.755,50.246],[7.923,50.246],[8.169,50.579],[8.758,50.579],[8.68,50.113],[8.764,50.113],[8.766,49.98],[8.933,50.046],[8.934,49.914],[9.187,49.781],[9.192,49.316],[9.529,48.853],[12.111,49.184],[12.609,48.985],[12.773,48.787],[13.519,48.654],[14.258,48.258],[14.672,48.258],[14.841,48.39],[15.499,48.192],[16.663,48.324],[16.904,48.126],[17.072,48.192],[17.067,48.06],[17.635,47.796],[18.626,47.796],[18.798,47.928],[18.957,47.796],[18.95,47.664],[19.269,47.466],[19.173,47.203],[18.923,47.137],[18.998,47.006],[18.834,47.006],[18.824,46.809],[18.906,46.809],[18.896,46.612],[19.05,46.415],[18.952,46.087],[18.87,46.087],[18.949,46.021],[18.854,45.759],[19.011,45.628],[18.923,45.497],[19.004,45.497],[18.998,45.366],[19.238,45.3],[20.056,45.366],[19.907,45.628],[20.17,45.955],[20.185,46.218],[21.24,46.087],[21.331,46.218],[21.494,46.218],[21.486,46.087],[21.649,46.087],[22.008,46.546],[22.026,46.809],[22.291,47.072],[22.218,47.203],[22.3,47.203],[22.315,47.401],[22.752,47.73],[23.253,47.796],[23.82,47.664],[25.553,47.664],[25.624,47.532],[25.865,47.466],[25.916,47.137],[26.554,46.94],[26.542,46.809],[26.699,46.743],[26.421,46.415],[26.402,46.218],[26.063,46.087],[25.742,46.152],[25.636,45.89],[25.392,45.89],[25.224,44.908],[25.676,44.516],[25.838,44.516],[25.889,44.19],[26.132,44.19],[26.201,44.059],[26.698,44.19],[27.418,44.124],[27.923,44.32],[27.869,44.581],[27.707,44.581],[27.727,44.777],[27.889,44.777],[27.922,45.104],[27.767,45.17],[27.787,45.366],[28.038,45.431],[28.051,45.562],[28.289,45.497],[28.275,45.366],[28.431,45.3],[29.177,45.431],[29.288,45.693],[29.815,46.021],[30.107,46.415],[30.975,46.809],[31.082,47.006],[31.567,46.94],[31.533,46.677],[30.877,46.677],[30.298,45.955],[30.045,45.89],[29.859,45.693],[29.614,45.693],[29.584,45.431],[29.666,45.431],[29.525,44.908],[29.024,44.777],[29.046,44.973],[28.802,44.973],[28.841,44.581],[28.577,44.385],[28.536,43.994],[28.616,43.994],[28.481,43.472],[28.159,43.472],[28.226,43.342],[27.898,43.277],[27.805,43.147],[27.847,42.756],[27.514,42.626],[27.495,42.431],[27.796,42.236],[27.784,42.106],[28.004,41.911],[27.979,41.652],[28.218,41.652],[28.279,41.457],[28.505,41.327],[28.976,41.263],[28.963,41.133],[30.479,41.198],[30.624,41.068],[31.18,41.068],[31.534,41.392],[32.027,41.522],[32.042,41.652],[32.193,41.587],[32.695,41.782],[32.631,41.911],[34.785,41.911],[34.882,42.041],[35.121,42.041],[35.157,41.717],[35.954,41.717],[36.209,41.263],[36.775,41.327],[37.065,41.133],[37.233,41.198],[37.215,41.068],[37.771,41.068],[37.831,40.938],[38.158,41.003],[38.298,40.874],[38.783,40.938],[39.051,41.133],[39.736,40.938],[40.37,40.938],[40.391,41.068],[40.539,41.003],[41.047,41.198],[41.159,41.392],[41.307,41.327],[41.408,41.457],[41.567,41.457],[41.815,41.976],[41.735,41.976],[41.758,42.106],[41.598,42.106],[41.701,42.236],[41.483,42.366],[41.609,42.626],[41.334,42.886],[41.173,42.886],[41.116,43.017],[40.817,43.147],[40.416,43.147],[40.219,43.407],[39.978,43.407],[40.081,43.538],[40.161,43.538],[40.599,43.277],[41.001,43.277],[41.208,43.082],[41.666,42.951],[41.803,42.821],[41.78,42.691],[41.998,42.561],[42.01,41.717],[41.705,41.327],[41.625,41.327],[41.614,41.263],[41.535,41.263],[41.45,40.744],[40.953,40.614],[40.398,40.096],[38.79,39.902],[38.93,39.773],[38.745,39.579],[38.954,39.385],[39.209,39.514],[39.751,39.45],[39.848,39.579],[40.548,39.514],[40.51,39.256],[40.658,39.191],[40.469,38.416],[40.547,38.416],[40.572,38.029],[40.094,37.964],[40.051,37.642],[40.181,37.448],[39.496,37.577],[39.46,37.9],[39.122,37.706],[38.349,37.771],[38.333,37.642],[37.989,37.384],[37.958,37.126],[38.176,36.997],[38.133,35.966],[38.428,35.838],[39.497,35.709],[40.405,36.16],[41.205,36.353],[41.335,36.16],[41.363,35.773],[41.441,35.773],[41.283,35.13],[41.953,34.937],[42.416,34.937],[42.513,34.486],[42.89,34.422],[43.02,34.229],[42.988,33.972],[43.21,33.907],[43.408,33.65],[43.861,33.586],[44.135,33.329],[44.979,33.329],[45.014,33.007],[44.43,32.622],[44.314,32.3],[43.841,32.172],[43.764,32.172],[43.153,32.814],[42.709,32.943],[42.578,33.136],[41.489,33.65],[41.212,33.907],[40.912,33.972],[40.704,34.165],[40.311,34.1],[40.403,34.229],[39.509,34.486],[39.124,34.486],[38.479,34.229],[37.073,33.264],[37.054,33.072],[36.901,33.072],[36.717,32.75],[36.751,32.3],[36.516,32.236],[36.656,32.107],[36.492,31.979],[36.463,31.658],[36.387,31.658],[36.423,31.208],[36.271,31.208],[36.401,30.951],[36.156,30.758],[35.942,29.987],[35.866,29.987],[35.826,29.472],[35.958,29.215],[35.858,28.894],[36.401,28.058],[36.552,28.058],[36.689,27.865],[37.127,27.672],[37.26,27.415],[37.481,27.351],[37.472,27.222],[37.769,27.158],[38.051,26.901],[38.206,26.965],[38.197,26.837],[38.493,26.772],[38.484,26.644],[38.701,26.515],[38.692,26.387],[38.304,26.194],[37.826,25.744],[37.215,25.551],[37.132,25.422],[36.773,25.679],[36.717,26.001],[36.429,26.194],[36.165,26.772],[35.672,27.287],[35.613,27.544],[35.467,27.608],[35.409,27.865],[35.049,28.122],[34.593,28.058],[34.605,28.251],[34.854,28.572],[34.913,29.408],[34.752,29.279],[34.517,28.058],[34.358,27.93],[34.346,27.737],[34.12,27.737],[33.617,28.122],[33.554,28.315],[33.403,28.315],[33.189,28.508],[33.214,28.894],[32.857,29.215],[32.526,29.922],[32.429,29.601],[32.639,29.344],[32.689,28.958],[32.836,28.894],[33.105,28.38],[33.609,27.994],[33.585,27.608],[33.799,27.415],[33.927,27.029],[34.073,26.965],[34.051,26.579],[34.197,26.515],[34.461,25.872],[34.608,25.808],[35.146,24.651],[35.86,24.008],[35.854,23.879],[35.559,23.943],[35.553,23.815],[35.108,23.879],[33.756,23.686],[33.682,23.686],[33.389,23.815],[32.041,23.686],[31.67,23.751],[30.537,23.365],[30.463,23.365],[30.395,23.558],[30.104,23.751],[30.109,23.879],[29.959,23.879],[29.673,24.201],[28.569,24.651],[28.289,25.165],[28.244,25.936],[28.345,26.579],[28.27,26.579],[28.154,27.351],[27.937,27.544],[27.711,27.544],[27.792,27.672],[27.43,27.994],[27.276,27.93],[27.285,28.122],[27.14,28.251],[25.586,28.958],[25.373,29.279],[25.147,29.279],[25.001,29.408],[24.847,29.344],[24.779,29.537],[24.33,29.665],[23.962,29.922],[23.51,29.987],[22.916,30.308],[22.762,30.244],[22.767,30.372],[21.939,30.565],[20.952,30.565],[18.735,29.987],[17.905,30.179],[16.701,30.694],[15.49,30.951],[15.184,30.886],[15.187,31.079],[14.584,31.529],[14.586,31.658],[14.284,31.915],[13.6,32.172],[13.066,32.172],[13.067,32.3],[11.768,32.3],[11.768,32.429],[11.539,32.429],[11.463,32.557],[11.31,32.493],[11.157,32.686],[10.392,33.007],[10.009,33.007],[10.085,33.136],[9.625,33.136],[9.547,33.329],[9.624,33.457],[9.316,33.586],[9.238,33.843],[9.083,33.907],[9.083,34.036],[8.929,34.036],[8.928,34.165],[8.311,34.293],[8.081,34.229],[8.002,34.422],[7.615,34.551],[7.153,34.486],[6.92,34.615],[6.459,34.551],[6.148,34.679],[5.377,34.679],[5.149,34.551],[4.454,34.615],[3.843,34.422],[3.456,34.486],[2.921,34.358],[2.45,34.615],[1.294,34.615],[0.685,34.422],[0.451,34.486],[0.303,34.358],[-1.237,34.358],[-1.305,34.165],[-1.539,34.229],[-1.61,34.1],[-1.693,34.229],[-2.001,34.229],[-3.763,34.1],[-4.141,33.972],[-4.21,33.843],[-4.367,33.907],[-5.039,33.586],[-5.274,33.65],[-5.799,33.457],[-6.033,33.522],[-6.634,33.329],[-6.703,33.2],[-6.937,33.264],[-7.528,32.943],[-8.064,32.943],[-8.154,33.136],[-8.47,33.264],[-8.403,33.393],[-7.13,33.843],[-7.062,33.972],[-6.904,33.907],[-6.614,34.165],[-6.7,34.293],[-6.473,34.358],[-6.482,34.486],[-6.332,34.551],[-6.277,34.872],[-6.2,34.872],[-6.291,35.065],[-6.132,35.001],[-6.145,35.194],[-6,35.323],[-5.877,35.773],[-5.339,35.838],[-5.24,35.516],[-4.755,35.194],[-3.132,35.194],[-2.982,35.258],[-2.993,35.451],[-2.838,35.451],[-2.82,35.13],[-2.662,35.065],[-1.89,35.065],[-1.591,35.258],[-1.359,35.258],[-1.136,35.451],[-1.224,35.645],[-1.066,35.58],[-0.917,35.709],[-0.53,35.709],[-0.459,35.838],[0.084,35.838],[0.376,36.224],[0.684,36.288],[0.678,36.417],[0.914,36.353],[1.216,36.546],[1.53,36.482],[2.377,36.675],[2.69,36.61],[2.841,36.739],[3.23,36.739],[3.459,36.868],[3.85,36.804],[4.235,36.933],[4.859,36.868],[5.098,36.675],[5.564,36.675],[5.639,36.804],[6.106,36.804],[6.103,36.933],[6.334,37.062],[6.805,36.868],[7.194,36.868],[7.346,37.062],[7.502,37.062],[7.738,36.868],[8.516,36.868],[8.903,37.126],[9.059,37.062],[9.37,37.255],[9.759,37.319],[9.993,37.19],[10.227,37.255],[10.228,37.062],[10.305,37.062],[10.228,36.804],[10.462,36.739],[11.006,36.997],[11.006,36.804],[10.462,36.417],[10.54,36.353],[10.464,35.902],[10.696,35.709],[10.851,35.773],[10.928,35.58],[11.083,35.58],[11.083,35.387],[11.006,35.387],[11.083,35.001],[10.851,34.937],[10.851,34.808],[10.543,34.551],[10.004,34.293],[10.082,34.229],[10.006,33.907],[10.237,33.715],[10.544,33.715],[10.698,33.522],[11.082,33.586],[11.158,33.2],[11.464,33.2],[12.229,32.814],[12.612,32.879],[12.535,32.75],[12.841,32.75],[12.842,32.879],[13.302,32.943],[13.454,32.814],[13.761,32.879],[13.759,32.75],[14.065,32.75],[14.444,32.493],[14.675,32.557],[14.749,32.429],[15.055,32.429],[15.282,32.3],[15.425,31.658],[15.576,31.593],[15.649,31.4],[16.179,31.208],[16.864,31.208],[17.847,30.951],[18.222,30.758],[18.592,30.372],[18.896,30.372],[18.969,30.244],[19.655,30.372],[19.964,30.565],[19.968,30.694],[20.202,30.886],[20.134,31.143],[20.214,31.272],[19.996,31.593],[20.089,32.107],[20.017,32.236],[20.246,32.236],[20.331,32.493],[20.482,32.429],[20.563,32.557],[20.716,32.557],[20.644,32.686],[20.871,32.622],[21.108,32.814],[21.412,32.75],[21.879,32.943],[23.089,32.622],[23.081,32.429],[23.231,32.365],[23.149,32.236],[23.299,32.172],[23.68,32.172],[24.129,31.979],[24.892,31.979],[25.112,31.786],[25.102,31.593],[25.248,31.465],[26.848,31.465],[27.297,31.336],[27.515,31.143],[28.496,31.015],[28.865,30.822],[29.397,30.822],[29.485,31.015],[29.633,30.951],[29.87,31.079],[29.802,31.208],[29.882,31.272],[30.339,31.272],[30.271,31.4],[30.352,31.465],[30.809,31.465],[30.966,31.529],[30.975,31.658],[31.203,31.658],[31.118,31.529],[31.266,31.465],[31.875,31.465],[31.781,31.208],[31.937,31.272],[32,31.079],[32.304,31.079],[32.237,31.208],[32.389,31.208],[32.532,31.079],[32.765,31.143],[32.832,31.015],[33.983,31.143],[34.297,31.272],[34.308,31.4],[34.547,31.529],[34.639,31.722],[34.573,31.85],[34.813,31.979],[34.77,32.365],[35.022,32.622],[35.056,33.007],[35.215,33.072],[35.398,33.393],[35.346,33.65],[35.499,33.65],[35.447,33.907],[35.684,33.972],[35.644,34.358],[35.792,34.293],[36.049,34.551],[36.068,34.744],[35.927,34.872],[35.96,35.194],[35.882,35.194],[35.993,35.516],[35.845,35.58],[35.99,36.224],[35.842,36.288],[36.265,36.61],[36.286,36.804],[36.145,36.933],[35.834,36.933],[35.488,36.61],[35.113,36.739],[34.95,36.675],[34.893,36.868],[34.582,36.868],[34.251,36.675],[33.979,36.288],[33.274,36.224],[32.713,36.031],[32.558,36.031],[32.499,36.224],[32.068,36.61],[31.086,36.933],[30.619,36.933],[30.492,36.353],[30.026,36.353],[29.938,36.224],[29.24,36.224],[29.125,36.739],[28.736,36.739],[28.591,36.868],[28.357,36.868],[28.187,36.675],[28.031,36.675],[28.138,37.062],[28.065,37.126],[27.598,37.126],[27.539,37.384],[27.223,37.319],[27.31,37.448],[27.163,37.577],[27.256,37.771],[27.178,37.771],[27.275,38.029],[26.889,38.093],[26.82,38.222],[26.429,38.222],[26.384,38.674],[26.536,38.61],[26.595,38.351],[27.065,38.351],[27.08,38.545],[26.849,38.61],[26.958,38.997],[26.879,38.997],[26.894,39.191],[26.742,39.256],[26.847,39.579],[26.132,39.514],[26.272,40.291],[26.605,40.485],[26.684,40.485],[26.673,40.355],[27.47,40.42],[27.538,40.291],[27.696,40.291],[27.792,40.485],[27.95,40.485],[27.939,40.355],[29.046,40.355],[28.9,40.485],[28.913,40.614],[29.48,40.744],[29.493,40.874],[29.249,40.809],[29.103,40.938],[29.116,41.068],[28.633,41.003],[28.169,41.133],[28.077,41.003],[27.527,41.068],[27.017,40.679],[26.921,40.485],[26.626,40.744],[26.14,40.614],[26.082,40.874],[25.378,41.003],[24.347,41.003],[24.011,40.744],[23.698,40.809],[23.685,40.614],[23.839,40.55],[23.737,40.226],[23.267,40.291],[22.884,40.485],[22.892,40.614],[22.655,40.614],[22.56,40.355],[22.544,40.096],[22.702,40.096],[22.611,39.902],[23.135,39.45],[22.816,39.385],[22.797,39.062],[23.116,39.126],[23.108,38.997],[23.344,38.997],[23.493,38.868],[23.332,38.803],[23.025,38.933],[22.936,38.739],[23.167,38.674],[23.313,38.481],[23.626,38.481],[23.563,38.739],[24.03,38.674],[24.179,38.545],[24.159,38.222],[24.002,38.222],[23.979,37.835],[23.443,38.029],[23.208,38.029],[23.201,37.9],[23.044,37.9],[23.108,37.642],[23.342,37.642],[23.402,37.319],[23.169,37.319],[23.176,37.448],[22.949,37.577],[22.714,37.577],[22.701,37.319],[22.853,37.255],[23.056,36.675],[22.833,36.868],[22.599,36.868],[22.512,36.675],[22.356,36.675],[22.22,37.062],[21.909,37.062],[21.899,36.868],[21.744,36.868],[21.681,37.19],[21.603,37.19],[21.697,37.513],[21.244,37.835],[21.416,38.158],[21.729,38.158],[21.738,38.351],[21.193,38.416],[20.974,38.739],[20.741,38.803],[20.911,39.062],[20.297,39.385],[20.155,39.708],[19.912,39.579],[19.758,39.644],[19.764,39.773],[20,39.773],[20.009,39.967],[19.63,40.291],[19.471,40.291],[19.486,40.614],[19.249,40.614],[19.255,40.744],[19.498,40.874],[19.438,41.263],[19.523,41.392],[19.444,41.392],[19.53,41.522],[19.45,41.522],[19.542,41.782],[18.852,42.366],[18.143,42.626],[17.992,42.821],[17.593,42.886],[17.508,42.756],[17.516,42.951],[17.355,42.951],[17.365,43.212],[17.122,43.147],[17.051,43.407],[16.727,43.342],[16.734,43.538],[16.575,43.603],[15.927,43.472],[16.012,43.603],[15.857,43.798],[15.695,43.798],[15.619,43.929],[15.375,43.863],[15.459,43.994],[15.219,44.059],[15.147,44.385],[14.909,44.581],[14.919,44.973],[14.516,45.104],[14.603,45.366],[14.196,45.366],[14.189,45.039],[13.946,45.039],[13.943,44.908],[13.781,44.908],[13.706,45.235],[13.544,45.3],[13.547,45.497],[13.71,45.497],[13.715,45.759],[13.39,45.824],[13.145,45.824],[13.06,45.628],[12.817,45.693],[12.652,45.562],[12.163,45.497],[12.16,45.17],[12.403,45.039],[12.4,44.777],[12.157,44.843],[12.154,44.451],[12.313,44.19],[12.873,43.798],[13.036,43.863],[13.034,43.733],[13.355,43.668],[13.673,43.407],[13.747,43.082],[13.985,42.951],[13.901,42.756],[14.056,42.496],[14.371,42.236],[14.531,42.236],[14.608,42.106],[14.769,42.171],[14.766,42.041],[14.924,41.976],[15.165,42.041],[15.241,41.911],[16.119,41.911],[16.115,41.782],[15.874,41.717],[15.944,41.392],[17.203,41.003],[17.511,40.744],[17.981,40.614],[18.438,40.161],[18.349,39.902],[18.112,39.902],[17.813,40.355],[17.418,40.355],[17.345,40.55],[17.028,40.55],[16.868,40.485],[16.945,40.42],[16.862,40.291],[16.624,40.291],[16.697,40.096],[16.457,39.967],[16.447,39.644],[16.916,39.514],[17.07,39.385],[17.138,39.062],[16.502,38.803],[16.492,38.416],[15.933,37.964],[15.698,37.964],[15.624,38.158],[15.389,38.158],[15.066,37.642],[15.059,37.255],[15.214,37.19],[15.05,36.739],[14.661,36.739],[14.278,37.126],[13.578,37.255],[13.192,37.577],[12.49,37.706],[12.492,37.9],[12.65,38.093],[13.04,38.029],[13.12,38.158],[13.355,38.158],[13.665,37.964],[14.056,37.964],[15.862,38.287],[15.95,38.674],[16.265,38.739],[16.27,38.933],[16.117,39.062],[15.899,39.773],[15.666,39.902],[15.748,40.032],[15.432,40.032],[15.199,40.226],[15.041,40.226],[14.893,40.679],[14.418,40.679],[14.422,40.874],[14.105,40.874],[13.951,41.133],[13.792,41.133],[13.715,41.263],[13,41.327],[12.922,41.457],[12.605,41.522],[12.131,41.911],[12.132,42.041],[11.813,42.106],[11.655,42.366],[11.495,42.301],[11.415,42.431],[11.255,42.431],[11.176,42.626],[11.016,42.626],[11.016,42.821],[10.535,43.082],[10.212,43.994],[9.889,43.994],[9.97,44.124],[9.727,44.124],[9.159,44.451],[8.432,44.385],[8.034,43.929],[7.15,43.733],[6.993,43.538],[6.673,43.472],[6.518,43.212],[6.278,43.147],[5.796,43.147],[5.632,43.277],[5.391,43.277],[5.387,43.407],[5.063,43.472],[4.178,43.472],[4.173,43.603],[3.851,43.603],[3.617,43.407],[3.14,43.277],[2.985,43.147],[3.01,42.561],[3.178,42.366],[3.117,41.911],[2.573,41.587],[2.334,41.587],[2.107,41.327],[1.238,41.198],[0.696,40.938],[0.709,40.679],[0.248,40.42],[0.183,40.161],[-0.126,40.032],[-0.345,39.708],[-0.314,39.126],[0.099,38.739],[-0.661,38.287],[-0.803,38.029],[-0.705,37.642],[-1.709,37.448],[-1.623,37.319],[-1.857,37.319],[-2.062,36.804],[-2.532,36.868],[-2.68,36.739],[-4.469,36.739],[-4.689,36.546],[-5.228,36.482],[-5.288,36.224],[-5.662,36.031],[-5.831,36.224],[-6.064,36.224],[-6.33,36.675],[-6.35,36.933],[-6.588,36.997],[-6.842,37.255],[-7.465,37.255],[-7.455,37.126],[-7.678,36.997],[-8.701,37.126],[-9.001,36.997],[-8.897,37.577],[-8.819,37.577],[-8.823,38.481],[-9.209,38.416],[-9.233,38.674],[-9.384,38.61],[-9.553,38.739],[-9.572,38.933],[-9.427,39.062],[-9.387,39.45],[-9.157,39.514],[-9.104,39.773],[-9.025,39.773],[-8.925,40.355],[-8.846,40.355],[-8.872,40.614],[-8.727,40.744],[-8.956,42.171],[-8.657,42.366],[-9.079,42.561],[-9.1,42.756],[-9.275,42.886],[-9.305,43.147],[-9.159,43.277],[-8.852,43.407],[-8.369,43.407],[-8.39,43.603],[-8.244,43.733],[-7.276,43.733],[-7.343,43.603],[-7.176,43.538],[-5.733,43.603],[-4.99,43.407],[-3.467,43.472],[-3.296,43.342],[-1.688,43.342],[-1.388,43.668],[-1.349,44.255],[-1.268,44.255],[-1.286,44.516],[-1.205,44.516],[-1.252,45.17],[-1.171,45.17],[-1.189,45.431],[-1.031,45.497],[-1.045,45.693],[-1.213,45.759],[-1.141,45.89],[-1.223,45.89],[-1.252,46.283],[-1.666,46.349],[-2.014,46.612],[-2.025,46.743],[-2.194,46.809],[-2.139,47.137],[-2.232,47.269],[-2.562,47.269],[-2.578,47.466],[-2.826,47.466],[-2.837,47.598],[-3.156,47.466],[-3.344,47.73],[-3.757,47.73],[-3.935,47.862],[-4.424,47.796],[-4.692,47.994],[-4.705,48.126],[-4.546,48.192],[-4.643,48.324],[-4.891,48.324],[-4.912,48.522],[-4.6,48.72],[-3.852,48.72],[-3.455,48.919],[-3.122,48.919],[-2.759,48.588],[-2.522,48.72],[-1.602,48.654],[-1.718,49.051],[-1.635,49.051],[-1.652,49.25],[-1.913,49.383],[-2.032,49.781],[-1.362,49.781],[-1.251,49.449],[0.007,49.383],[-0.012,49.648],[0.224,49.847],[1.053,49.98],[1.455,50.246],[1.425,50.712],[1.656,51.046],[2.578,51.179],[2.739,51.313],[3.41,51.447],[3.399,51.647],[3.739,51.647],[3.647,51.781],[3.98,51.915],[4.056,52.116],[4.232,51.982],[4.573,51.982],[5.248,52.116],[5.934,51.982],[6.369,51.647],[6.539,51.647],[6.541,51.58],[6.885,51.38],[7.065,50.979],[7.319,50.912],[7.24,50.712]]],[[[20.621,37.9],[20.699,37.9],[20.934,37.9],[20.922,37.642],[20.613,37.706],[20.621,37.9]]],[[[20.328,38.351],[20.488,38.416],[20.566,38.416],[20.795,38.287],[20.786,38.093],[20.32,38.158],[20.328,38.351]]],[[[1.274,38.803],[1.183,39.062],[1.259,39.126],[1.337,39.126],[1.652,39.126],[1.658,38.997],[1.431,38.803],[1.274,38.803]]],[[[20.073,39.644],[20.152,39.644],[20.149,39.579],[20.07,39.579],[20.073,39.644]]],[[[2.824,39.32],[2.659,39.514],[2.346,39.45],[2.338,39.644],[2.877,39.967],[2.956,39.967],[3.193,39.967],[3.198,39.838],[3.516,39.773],[3.296,39.32],[2.824,39.32]]],[[[3.741,40.096],[3.82,40.096],[4.215,40.096],[4.302,39.838],[3.827,39.902],[3.741,40.096]]],[[[9.665,40.291],[9.747,39.644],[9.669,39.644],[9.593,39.126],[9.12,39.191],[8.966,38.868],[8.73,38.868],[8.336,38.997],[8.412,39.256],[8.333,39.256],[8.33,39.514],[8.409,39.514],[8.483,39.902],[8.325,39.967],[8.4,40.291],[8.321,40.291],[8.319,40.485],[8.16,40.55],[8.155,40.938],[8.552,40.874],[9.025,41.263],[9.104,41.263],[9.502,41.198],[9.822,40.744],[9.823,40.355],[9.665,40.291]]],[[[9.578,41.976],[9.498,41.976],[9.499,41.782],[9.262,41.392],[9.104,41.327],[8.784,41.522],[8.782,41.717],[8.623,41.717],[8.7,41.911],[8.539,42.106],[8.535,42.496],[8.773,42.691],[9.173,42.756],[9.251,43.017],[9.331,43.017],[9.492,43.017],[9.493,42.756],[9.574,42.756],[9.578,41.976]]],[[[10.214,42.886],[10.455,42.886],[10.455,42.691],[10.215,42.691],[10.134,42.886],[10.214,42.886]]],[[[14.35,44.973],[14.511,44.908],[14.502,44.516],[14.261,44.581],[14.269,44.973],[14.35,44.973]]],[[[19.086,45.497],[19.004,45.497],[19.007,45.562],[19.089,45.562],[19.086,45.497]]],[[[19.166,47.072],[19.084,47.072],[19.087,47.137],[19.169,47.137],[19.166,47.072]]],[[[16.989,48.192],[16.907,48.192],[16.909,48.258],[16.992,48.258],[16.989,48.192]]],[[[16.826,48.258],[16.829,48.324],[16.912,48.324],[16.909,48.258],[16.826,48.258]]],[[[6.193,51.848],[6.191,51.915],[6.276,51.915],[6.278,51.848],[6.193,51.848]]],[[[-0.671,54.613],[-0.202,54.206],[-0.18,53.935],[0.004,53.8],[0.021,53.597],[0.295,53.395],[0.316,53.125],[0.075,52.923],[0.337,52.855],[0.493,53.057],[1.094,53.057],[1.622,52.855],[1.739,52.385],[1.654,52.385],[1.586,52.116],[1.425,51.982],[1.17,51.982],[1.184,51.781],[0.844,51.781],[0.863,51.513],[0.524,51.513],[1.207,51.447],[1.381,51.38],[1.394,51.179],[0.493,50.779],[-1.368,50.845],[-1.109,50.779],[-1.177,50.579],[-1.513,50.579],[-1.525,50.712],[-2.608,50.579],[-2.789,50.712],[-3.126,50.712],[-3.457,50.645],[-3.585,50.246],[-4.089,50.246],[-4.187,50.379],[-4.355,50.379],[-4.929,50.246],[-5.151,49.98],[-5.746,50.046],[-5.769,50.246],[-5.28,50.379],[-5.134,50.579],[-4.881,50.579],[-4.819,50.779],[-4.658,50.845],[-4.68,51.046],[-4.426,51.046],[-4.202,51.313],[-3.095,51.246],[-3.108,51.38],[-2.945,51.447],[-3.121,51.513],[-3.277,51.38],[-3.701,51.38],[-3.892,51.58],[-4.308,51.513],[-4.415,51.714],[-5.079,51.58],[-5.264,51.714],[-5.219,52.049],[-4.553,52.183],[-4.157,52.452],[-4.295,52.923],[-4.794,52.788],[-4.81,52.923],[-4.49,53.125],[-4.67,53.192],[-4.702,53.462],[-4.271,53.462],[-4.162,53.26],[-3.317,53.395],[-3.153,53.462],[-3.174,53.665],[-3.088,53.665],[-3.196,53.868],[-3.11,53.868],[-3.124,54.003],[-2.959,54.071],[-3.139,54.138],[-3.305,54.071],[-3.319,54.206],[-3.587,54.274],[-3.72,54.681],[-3.569,54.885],[-4.423,54.749],[-4.954,54.817],[-4.937,54.681],[-5.206,54.749],[-5.328,55.021],[-5.154,55.021],[-5.171,55.157],[-4.769,55.43],[-4.795,55.635],[-4.979,55.703],[-5.014,55.977],[-4.311,55.977],[-4.152,56.114],[-2.656,56.114],[-2.019,55.908],[-1.627,55.498],[-1.62,55.43],[-1.486,54.953],[-1.399,54.953],[-1.286,54.681],[-0.671,54.613]]],[[[38.131,26.965],[38.056,26.965],[38.06,27.029],[38.135,27.029],[38.131,26.965]]],[[[37.914,27.094],[37.839,27.094],[37.844,27.158],[37.919,27.158],[37.914,27.094]]],[[[33.695,34.937],[33.523,34.744],[33.132,34.679],[33.044,34.551],[32.367,34.744],[32.229,34.937],[32.246,35.13],[32.555,35.13],[32.875,35.258],[32.887,35.387],[33.737,35.387],[34.31,35.709],[34.387,35.709],[34.542,35.709],[34.529,35.58],[33.957,35.258],[34.087,35.001],[33.695,34.937]]],[[[24.301,35.323],[25.692,35.323],[25.681,35.13],[26.225,35.194],[26.14,35.065],[24.824,35.001],[24.757,35.194],[24.526,35.194],[24.448,35.194],[23.679,35.258],[23.615,35.516],[24.157,35.516],[24.15,35.387],[24.301,35.323]]],[[[27.693,36.288],[28.017,36.482],[28.095,36.482],[28.25,36.482],[28.139,36.031],[27.743,35.902],[27.693,36.288]]],[[[27.117,36.933],[27.185,36.804],[26.865,36.675],[27.039,36.933],[27.117,36.933]]],[[[25.339,37.126],[25.417,37.126],[25.573,37.126],[25.564,36.997],[25.331,36.997],[25.339,37.126]]],[[[24.361,37.706],[24.432,37.577],[24.272,37.513],[24.201,37.642],[24.283,37.706],[24.361,37.706]]],[[[24.986,37.706],[25.064,37.706],[25.22,37.706],[25.286,37.513],[25.052,37.513],[24.986,37.706]]],[[[26.08,37.706],[26.158,37.706],[26.314,37.706],[26.305,37.577],[25.988,37.513],[26.08,37.706]]],[[[24.694,38.029],[24.772,38.029],[25.068,37.771],[24.83,37.706],[24.682,37.835],[24.694,38.029]]],[[[25.821,38.481],[25.913,38.674],[25.991,38.674],[26.217,38.545],[26.111,38.158],[25.876,38.158],[25.899,38.481],[25.821,38.481]]],[[[23.563,38.739],[23.485,38.739],[23.489,38.803],[23.567,38.803],[23.563,38.739]]],[[[24.365,38.997],[24.444,38.997],[24.675,38.933],[24.662,38.739],[24.357,38.868],[24.365,38.997]]],[[[26.094,38.997],[26.103,39.126],[25.793,39.191],[26.044,39.385],[26.123,39.385],[26.511,39.32],[26.644,38.997],[26.246,38.933],[26.094,38.997]]],[[[25.067,40.032],[25.146,40.032],[25.462,40.032],[25.447,39.838],[24.974,39.838],[25.067,40.032]]],[[[25.798,40.291],[26.035,40.291],[26.025,40.161],[25.704,40.096],[25.719,40.291],[25.798,40.291]]],[[[24.57,40.809],[24.808,40.809],[24.794,40.614],[24.551,40.55],[24.491,40.809],[24.57,40.809]]]]}},{"type":"Feature","id":"cliopatria-93d77e737fe97c02a1702972","properties":{"NAME":"Xianbei","ABBREVN":null,"CONTROL":null,"SUBJECTO":"Xianbei","PARTOF":null,"BORDERPRECISION":1,"FromYear":165,"ToYear":196,"Area":5220201.530550654,"Type":"POLITY","Wikipedia":"Xianbei","Wikidata":"Q861054","SeshatID":"mn_xianbei","Components":"","MemberOf":"","sourceFeatureId":"cliopatria-93d77e737fe97c02a1702972","datasetId":"cliopatria"},"geometry":{"type":"MultiPolygon","coordinates":[[[[105.377,56.319],[105.321,56.251],[107.737,55.771],[107.68,55.703],[108.206,55.703],[108.149,55.635],[108.674,55.635],[109.578,55.977],[111.1,55.908],[111.041,55.84],[111.568,55.84],[111.362,55.703],[113.494,55.635],[113.434,55.567],[116.166,55.294],[116.105,55.225],[117.205,55.089],[117.144,55.021],[117.554,55.089],[117.431,54.953],[117.693,54.953],[117.632,54.885],[124.229,54.681],[124.165,54.613],[125.056,54.545],[124.992,54.477],[125.839,54.274],[125.798,54.138],[126.08,54.071],[126.039,53.935],[126.211,53.935],[126.148,53.868],[126.303,53.665],[126.177,53.53],[126.31,53.395],[126.123,53.192],[126.209,53.192],[126.048,52.923],[126.134,52.923],[125.405,51.915],[125.49,51.915],[124.886,51.313],[124.971,51.313],[123.389,49.25],[123.472,49.25],[123.121,48.787],[123.204,48.787],[123.047,48.126],[123.247,48.06],[123.103,47.862],[123.185,47.862],[123.09,47.73],[123.173,47.73],[123.078,47.598],[123.16,47.598],[123.09,47.269],[123.526,47.072],[123.587,46.809],[123.885,46.415],[123.793,46.283],[123.911,46.218],[123.857,46.021],[124.256,45.89],[124.084,45.759],[124.166,45.759],[124.157,45.628],[124.239,45.628],[124.34,45.3],[124.503,45.3],[124.568,45.039],[124.73,45.039],[124.686,44.973],[124.84,44.843],[124.744,44.581],[124.825,44.581],[124.781,44.516],[124.898,44.451],[124.81,44.32],[124.928,44.255],[124.482,43.342],[124.6,43.277],[124.51,43.017],[124.789,42.951],[125.013,42.431],[125.093,42.431],[124.607,42.171],[123.167,41.911],[121.021,41.263],[119.39,41.327],[119.428,41.392],[118.792,41.392],[118.83,41.457],[118.633,41.392],[118.671,41.457],[118.432,41.457],[118.47,41.522],[118.034,41.457],[118.072,41.522],[117.791,41.587],[117.708,41.717],[117.823,41.911],[117.701,41.976],[117.737,42.171],[117.338,42.171],[115.992,41.782],[114.958,40.938],[113.76,40.485],[113.623,40.226],[113.004,39.644],[111.743,37.513],[110.455,37.771],[110.484,37.835],[110.094,37.835],[110.123,37.9],[108.843,37.835],[108.745,37.964],[108.51,37.964],[108.539,38.029],[107.359,37.835],[105.774,37.964],[104.463,37.642],[104.362,37.771],[103.764,37.835],[103.663,37.964],[103.88,38.287],[103.751,38.351],[103.836,38.545],[104.108,38.803],[103.608,38.739],[103.939,39.126],[104.668,39.514],[104.583,39.838],[103.812,39.708],[103.132,39.256],[102.095,38.868],[102.123,38.933],[101.63,39.062],[101.559,39.256],[101.165,39.256],[101.181,39.644],[100.737,39.708],[100.381,39.967],[100.144,39.967],[100.173,40.032],[99.384,40.032],[99.284,40.161],[98.918,40.226],[98.948,40.291],[98.503,40.355],[98.274,40.55],[98.037,40.55],[97.888,40.744],[97.184,40.938],[97.214,41.003],[95.23,41.003],[93.687,40.744],[93.715,40.809],[93.268,40.874],[93.296,40.938],[92.48,41.068],[91.27,41.392],[91.299,41.457],[90.696,41.717],[90.195,41.847],[90.223,41.911],[89.402,42.041],[89.43,42.106],[88.82,42.171],[88.848,42.236],[87.254,42.431],[87.282,42.496],[85.764,42.691],[85.792,42.756],[84.108,42.756],[82.056,42.236],[80.134,42.431],[80.159,42.496],[80.233,42.886],[80.473,42.886],[80.391,43.082],[80.738,43.147],[80.791,43.277],[80.656,43.342],[80.681,43.603],[80.385,43.863],[80.438,43.994],[80.303,44.059],[80.329,44.516],[80.248,44.516],[80.41,44.712],[79.843,44.908],[80.059,45.235],[79.978,45.235],[80.339,46.283],[80.257,46.283],[80.398,46.612],[80.316,46.612],[80.598,47.072],[80.516,47.072],[80.867,47.862],[80.784,47.862],[81.939,50.113],[82.786,50.779],[82.807,50.979],[83.096,51.046],[84.08,51.915],[86.285,52.923],[87.694,53.125],[88.416,53.732],[89.107,54.138],[89.108,54.274],[90.33,54.681],[91.756,55.498],[92.425,55.703],[94.122,56.114],[97.144,56.388],[97.513,56.525],[97.813,56.456],[97.761,56.388],[98.379,56.388],[99.014,56.525],[100.78,56.525],[100.868,56.525],[105.377,56.319]]],[[[125.915,52.586],[125.975,52.654],[126.061,52.654],[126,52.586],[125.915,52.586]]],[[[108.847,55.84],[108.935,55.84],[108.877,55.771],[108.789,55.771],[108.847,55.84]]],[[[109.08,55.908],[109.168,55.908],[109.11,55.84],[109.022,55.84],[109.08,55.908]]]]}},{"type":"Feature","id":"cliopatria-2c3459539ace1983460267e2","properties":{"NAME":"Kingdom of Gordyene","ABBREVN":null,"CONTROL":null,"SUBJECTO":"Kingdom of Gordyene","PARTOF":null,"BORDERPRECISION":1,"FromYear":165,"ToYear":214,"Area":14297.679788934473,"Type":"POLITY","Wikipedia":"Corduene","Wikidata":"Q29237","SeshatID":"","Components":"","MemberOf":"","sourceFeatureId":"cliopatria-2c3459539ace1983460267e2","datasetId":"cliopatria"},"geometry":{"type":"MultiPolygon","coordinates":[[[[42.861,37.642],[42.852,37.577],[42.774,37.577],[42.765,37.513],[41.984,37.513],[41.178,37.319],[40.181,37.448],[40.051,37.642],[40.094,37.964],[40.572,38.029],[41.667,38.029],[41.97,37.964],[42.03,37.835],[42.508,37.9],[42.88,37.771],[42.871,37.706],[42.861,37.642]]]]}},{"type":"Feature","id":"cliopatria-7f5b40d3271a71b0db745341","properties":{"NAME":"Kingdom of Armenia","ABBREVN":null,"CONTROL":null,"SUBJECTO":"Kingdom of Armenia","PARTOF":null,"BORDERPRECISION":1,"FromYear":165,"ToYear":259,"Area":218361.80599766105,"Type":"POLITY","Wikipedia":"Kingdom of Armenia (antiquity)","Wikidata":"Q208404","SeshatID":"","Components":"","MemberOf":"","sourceFeatureId":"cliopatria-7f5b40d3271a71b0db745341","datasetId":"cliopatria"},"geometry":{"type":"MultiPolygon","coordinates":[[[[48.225,39.708],[48.673,39.579],[48.806,39.45],[48.782,39.32],[48.928,39.256],[48.742,38.674],[48.821,38.674],[48.807,38.158],[48.795,38.093],[48.326,38.093],[47.252,38.674],[46.121,38.481],[45.854,38.287],[45.635,37.9],[45.224,37.771],[45.174,37.448],[45.252,37.448],[45.29,37.19],[45.446,37.19],[45.251,36.933],[44.803,37.062],[44.774,37.384],[44.637,37.513],[43.945,37.577],[43.886,37.706],[42.88,37.771],[42.508,37.9],[42.03,37.835],[41.97,37.964],[41.667,38.029],[40.572,38.029],[40.547,38.416],[40.469,38.416],[40.658,39.191],[40.51,39.256],[40.548,39.514],[39.848,39.579],[39.751,39.45],[39.209,39.514],[38.954,39.385],[38.745,39.579],[38.93,39.773],[38.79,39.902],[40.398,40.096],[40.953,40.614],[41.45,40.744],[41.535,41.263],[41.614,41.263],[41.694,41.263],[41.705,41.327],[42.25,41.263],[42.363,41.457],[42.624,41.587],[42.863,41.587],[43.34,41.133],[43.976,41.133],[44.237,41.263],[45.112,41.263],[45.302,41.003],[45.595,40.874],[45.457,40.55],[45.884,40.291],[46.201,40.291],[46.256,40.161],[46.481,40.096],[46.458,39.967],[46.774,39.967],[47.066,39.838],[47.121,39.708],[48.146,39.708],[48.225,39.708]]]]}},{"type":"Feature","id":"cliopatria-c919ddde3b5edb76860e075c","properties":{"NAME":"Wusun","ABBREVN":null,"CONTROL":null,"SUBJECTO":"Wusun","PARTOF":null,"BORDERPRECISION":1,"FromYear":165,"ToYear":386,"Area":39946.553826863164,"Type":"POLITY","Wikipedia":"Wusun","Wikidata":"Q854062","SeshatID":"","Components":"","MemberOf":"","sourceFeatureId":"cliopatria-c919ddde3b5edb76860e075c","datasetId":"cliopatria"},"geometry":{"type":"MultiPolygon","coordinates":[[[[78.629,42.886],[78.709,42.886],[79.03,42.886],[79.3,42.756],[79.329,42.626],[79.489,42.626],[79.519,42.496],[80.054,42.431],[80.028,42.366],[77.875,41.522],[77.374,41.457],[77.294,41.457],[76.817,41.457],[76.864,41.587],[76.625,41.587],[76.615,41.782],[76.798,41.847],[76.16,41.847],[76.128,41.976],[76.278,42.171],[76.142,42.236],[76.158,42.496],[75.814,42.431],[75.701,42.561],[75.878,42.821],[75.766,42.951],[77.716,43.017],[78.629,42.886]]]]}},{"type":"Feature","id":"cliopatria-49338a59a2348da30b38f47b","properties":{"NAME":"Han Dynasty","ABBREVN":null,"CONTROL":null,"SUBJECTO":"Han Dynasty","PARTOF":null,"BORDERPRECISION":1,"FromYear":184,"ToYear":196,"Area":3820812.832831926,"Type":"POLITY","Wikipedia":"Han dynasty","Wikidata":"Q1068371","SeshatID":"cn_eastern_han_dyn","Components":"","MemberOf":"","sourceFeatureId":"cliopatria-49338a59a2348da30b38f47b","datasetId":"cliopatria"},"geometry":{"type":"MultiPolygon","coordinates":[[[[109.862,18.35],[109.841,18.222],[109.25,18.222],[109.123,18.35],[108.765,18.415],[108.638,18.543],[108.704,19.379],[109.203,19.701],[109.246,19.958],[110.157,20.086],[110.591,20.022],[110.613,20.151],[110.909,20.151],[111.087,19.893],[111.032,19.572],[110.884,19.572],[110.851,19.379],[110.681,19.251],[110.508,18.672],[110.19,18.543],[110.179,18.479],[109.862,18.35]]],[[[125.845,37.771],[125.835,37.9],[125.678,37.9],[125.387,37.642],[125.231,37.642],[125.298,37.771],[125.209,37.9],[124.897,37.9],[125.077,38.093],[124.764,38.093],[124.866,38.287],[124.788,38.287],[124.961,38.61],[125.153,38.674],[125.189,38.739],[125.032,38.739],[125.39,39.385],[125.306,39.514],[124.87,39.579],[124.865,39.708],[124.512,39.644],[124.345,39.902],[124.034,39.773],[123.597,39.838],[122.936,39.644],[122.17,39.256],[121.952,38.997],[121.716,38.997],[121.422,38.739],[121.029,38.739],[121.201,39.062],[121.515,39.062],[121.69,39.385],[121.297,39.385],[121.21,39.514],[121.281,39.644],[121.438,39.644],[121.503,39.902],[121.776,39.967],[122.231,40.485],[122.106,40.679],[121.827,40.744],[121.824,40.874],[121.11,40.874],[120.997,40.679],[120.647,40.485],[120.5,40.226],[119.38,39.773],[119.215,39.32],[118.989,39.191],[118.057,39.062],[117.967,39.191],[117.888,39.191],[117.855,39.126],[117.642,38.868],[117.589,38.61],[117.668,38.61],[117.602,38.481],[118.054,38.287],[118.067,38.158],[118.583,38.093],[118.648,38.222],[118.804,38.222],[118.772,38.158],[119.457,37.964],[119.393,37.835],[119.237,37.835],[118.984,37.319],[119.14,37.319],[119.156,37.19],[119.701,37.19],[119.827,37.448],[120.202,37.577],[120.188,37.706],[120.754,37.9],[121.112,37.835],[121.171,37.642],[121.483,37.642],[121.497,37.513],[122.154,37.577],[122.121,37.513],[122.713,37.448],[122.442,37.062],[122.566,36.997],[122.503,36.868],[122.161,36.804],[122.146,36.933],[121.912,36.933],[121.212,36.61],[120.979,36.61],[120.965,36.417],[120.732,36.417],[120.659,36.095],[120.318,36.031],[119.986,35.645],[119.619,35.516],[119.228,34.808],[119.459,34.808],[119.431,34.744],[119.711,34.679],[119.732,34.551],[119.809,34.551],[119.886,34.551],[119.985,34.422],[120.342,34.358],[120.489,34.165],[120.55,33.586],[120.926,33.2],[120.919,32.622],[121.403,32.493],[121.503,32.172],[121.783,32.107],[121.987,31.85],[121.836,31.658],[121.683,31.658],[121.581,31.786],[120.919,31.85],[121.454,31.658],[121.481,31.529],[121.634,31.529],[121.584,31.4],[121.737,31.4],[121.995,31.079],[121.899,30.822],[121.519,30.822],[121.197,30.565],[121.045,30.565],[120.68,30.179],[120.809,30.115],[121.105,30.308],[121.484,30.308],[121.62,30.051],[122.03,29.922],[121.865,29.665],[122.016,29.665],[121.938,29.215],[121.712,29.215],[121.745,29.537],[121.571,29.472],[121.647,29.472],[121.539,29.151],[121.744,29.087],[121.714,28.765],[121.522,28.637],[121.652,28.572],[121.646,28.315],[121.153,28.187],[121.193,28.315],[121.118,28.315],[121.038,28.058],[120.868,27.994],[120.715,27.737],[120.657,27.544],[120.733,27.544],[120.545,27.158],[120.395,27.158],[120.247,26.901],[120.096,26.901],[120.061,26.772],[120.211,26.772],[120.158,26.579],[119.84,26.515],[119.938,26.322],[119.587,26.129],[119.778,26.001],[119.53,25.615],[119.904,25.615],[119.872,25.486],[119.466,25.358],[119.423,25.486],[119.273,25.486],[119.391,25.358],[119.344,25.165],[119.029,25.101],[119.074,24.972],[118.819,24.844],[118.76,24.586],[118.147,24.522],[118.076,24.201],[117.721,23.943],[117.694,23.815],[117.47,23.815],[117.179,23.493],[116.894,23.558],[116.78,23.365],[116.815,23.172],[116.591,23.172],[116.54,22.915],[115.696,22.786],[115.671,22.658],[115.373,22.658],[115.174,22.786],[114.902,22.529],[114.753,22.529],[114.641,22.722],[114.531,22.143],[114.37,22.079],[113.999,22.079],[113.996,22.465],[113.785,22.529],[113.747,22.722],[113.599,22.722],[113.699,22.465],[113.639,22.143],[113.416,22.143],[113.318,22.015],[113.106,22.079],[113.071,21.886],[112.774,21.886],[112.441,21.693],[111.859,21.758],[111.664,21.501],[110.984,21.436],[110.739,21.308],[110.716,21.179],[110.419,21.179],[110.483,21.115],[110.364,20.858],[110.616,20.601],[110.487,20.279],[109.883,20.215],[109.927,20.472],[109.789,20.536],[109.77,20.858],[109.696,20.858],[109.87,21.436],[109.807,21.501],[109.116,21.372],[109.086,21.629],[108.652,21.693],[108.555,21.565],[107.79,21.436],[107.417,20.986],[106.961,20.922],[106.834,20.601],[106.685,20.601],[106.537,20.151],[105.965,19.829],[105.734,18.865],[106.051,18.543],[106.031,18.415],[106.178,18.415],[106.295,18.222],[106.57,18.093],[106.571,17.643],[106.772,17.515],[106.752,17.386],[107.026,17.258],[106.765,17],[106.534,16.936],[105.144,18.415],[105.185,18.672],[105.037,18.672],[105.142,18.865],[105.015,18.993],[105.014,19.443],[104.94,19.443],[104.992,19.765],[104.865,19.893],[104.981,20.151],[104.44,20.472],[104.619,20.665],[104.905,20.601],[104.873,20.858],[105.096,20.858],[104.851,21.179],[104.979,21.501],[104.926,21.629],[105.096,21.758],[105.128,21.951],[104.874,22.208],[105.249,22.658],[105.175,22.658],[105.22,22.915],[105.117,23.172],[104.956,23.108],[104.905,23.236],[102.99,23.365],[101.811,24.265],[101.462,25.165],[101.398,25.936],[101.196,26.387],[101.09,27.544],[101.014,27.544],[101.05,27.994],[100.915,28.058],[101.039,28.251],[100.964,28.251],[101.03,28.508],[100.955,28.508],[101.022,28.765],[100.881,29.087],[100.951,29.344],[100.875,29.344],[100.964,29.665],[100.889,29.665],[100.961,29.922],[100.885,29.922],[100.978,30.244],[100.902,30.244],[101.015,30.629],[100.939,30.629],[101.055,31.015],[100.979,31.015],[101.44,32.236],[101.687,32.75],[101.883,32.879],[102.552,33.264],[103.21,33.393],[103.493,33.972],[103.355,34.229],[103.527,34.486],[103.45,34.486],[103.735,35.451],[103.63,35.58],[103.649,36.224],[103.467,36.353],[103.518,36.482],[103.389,36.546],[103.44,36.675],[103.311,36.739],[103.363,36.868],[103.208,37.062],[102.871,37.19],[102.611,37.126],[102.586,37.255],[102.171,37.384],[102.172,37.577],[102.043,37.642],[102.096,37.771],[101.755,37.513],[101.601,37.706],[101.315,37.771],[101.29,37.9],[100.796,38.029],[100.799,38.222],[100.642,38.222],[100.414,38.61],[100.199,38.287],[99.862,38.416],[99.379,39.126],[99.092,39.191],[99.12,39.256],[98.958,39.062],[98.384,39.191],[98.117,38.933],[97.96,38.933],[97.857,39.062],[97.492,39.126],[97.468,39.256],[96.763,39.45],[96.681,39.256],[96.76,39.256],[96.678,39.062],[96.757,39.062],[96.677,38.868],[96.755,38.868],[96.649,38.61],[96.414,38.61],[96.31,38.739],[95.682,38.933],[95.319,39.385],[94.977,39.32],[94.506,39.514],[93.955,39.514],[93.088,39.32],[92.248,39.385],[91.123,39.126],[89.58,38.997],[88.746,38.868],[87.662,38.481],[86.44,38.351],[86.081,38.222],[85.813,37.9],[85.356,37.706],[85.113,37.448],[82.101,36.804],[82.024,36.804],[81.695,36.997],[82.055,37.642],[82.488,37.771],[82.907,38.093],[85.148,39.126],[85.376,39.32],[88.246,40.226],[88.562,40.226],[90.781,40.809],[92.106,40.938],[92.48,41.068],[93.296,40.938],[93.268,40.874],[93.715,40.809],[93.687,40.744],[95.23,41.003],[97.214,41.003],[97.184,40.938],[97.888,40.744],[98.037,40.55],[98.274,40.55],[98.503,40.355],[98.948,40.291],[98.918,40.226],[99.284,40.161],[99.384,40.032],[100.173,40.032],[100.144,39.967],[100.381,39.967],[100.737,39.708],[101.181,39.644],[101.165,39.256],[101.559,39.256],[101.63,39.062],[102.123,38.933],[102.095,38.868],[103.132,39.256],[103.812,39.708],[104.583,39.838],[104.668,39.514],[103.939,39.126],[103.608,38.739],[104.108,38.803],[103.836,38.545],[103.751,38.351],[103.88,38.287],[103.663,37.964],[103.764,37.835],[104.362,37.771],[104.463,37.642],[105.774,37.964],[107.359,37.835],[108.539,38.029],[108.51,37.964],[108.745,37.964],[108.843,37.835],[110.123,37.9],[110.094,37.835],[110.484,37.835],[110.455,37.771],[111.743,37.513],[113.004,39.644],[113.623,40.226],[113.76,40.485],[114.958,40.938],[115.992,41.782],[117.338,42.171],[117.737,42.171],[117.701,41.976],[117.823,41.911],[117.708,41.717],[117.791,41.587],[118.072,41.522],[118.034,41.457],[118.47,41.522],[118.432,41.457],[118.671,41.457],[118.633,41.392],[118.83,41.457],[118.792,41.392],[119.428,41.392],[119.39,41.327],[121.021,41.263],[123.167,41.911],[123.127,41.847],[123.405,41.782],[123.365,41.717],[123.604,41.717],[123.564,41.652],[124.042,41.522],[124.002,41.457],[124.28,41.392],[124.24,41.327],[124.479,41.327],[124.439,41.263],[124.717,41.198],[124.678,41.133],[125.831,41.327],[125.79,41.263],[126.108,41.263],[126.187,41.133],[126.742,41.003],[126.623,40.679],[126.425,40.614],[126.269,40.355],[126.432,40.096],[126.709,40.032],[126.832,39.838],[126.728,39.385],[126.964,39.385],[126.854,39.191],[127.023,38.933],[126.937,38.351],[126.348,37.835],[126.27,37.835],[125.845,37.771]]],[[[122.273,30.179],[122.28,29.987],[121.977,29.987],[122.022,30.115],[122.045,30.179],[122.273,30.179]]]]}},{"type":"Feature","id":"cliopatria-63e70df1de1b7f5a164d757e","properties":{"NAME":"Parthian Empire","ABBREVN":null,"CONTROL":null,"SUBJECTO":"Parthian Empire","PARTOF":null,"BORDERPRECISION":1,"FromYear":184,"ToYear":196,"Area":2687808.177451224,"Type":"POLITY","Wikipedia":"Parthian Empire","Wikidata":"Q1986139","SeshatID":"iq_parthian_emp_2","Components":"","MemberOf":"","sourceFeatureId":"cliopatria-63e70df1de1b7f5a164d757e","datasetId":"cliopatria"},"geometry":{"type":"MultiPolygon","coordinates":[[[[51.138,25.486],[51.212,25.486],[51.207,25.422],[51.132,25.422],[51.138,25.486]]],[[[50.43,25.936],[50.46,26.258],[50.685,26.258],[50.673,26.129],[50.667,26.065],[50.649,25.872],[50.43,25.936]]],[[[57.351,40.291],[58.332,40.42],[58.537,40.291],[58.854,40.291],[58.98,40.161],[59.77,40.161],[59.768,39.838],[60.084,39.838],[60.052,39.708],[60.683,39.708],[60.713,39.514],[60.949,39.514],[62.502,40.032],[62.879,39.967],[64.02,40.096],[64.389,40.291],[65.235,40.485],[65.272,40.614],[65.351,40.614],[65.37,40.679],[65.449,40.679],[65.43,40.614],[65.589,40.614],[65.804,40.809],[65.883,40.809],[65.564,39.967],[65.291,39.838],[65.203,39.514],[65.282,39.514],[65.065,38.997],[65.144,38.997],[65.077,38.739],[65.155,38.739],[64.751,35.773],[64.829,35.773],[64.854,35.194],[65.092,34.872],[64.574,34.615],[64.324,34.165],[63.873,33.843],[63.426,32.365],[63.185,32.3],[63.161,32.172],[62.82,31.979],[62.421,31.465],[61.942,31.336],[61.875,30.951],[61.387,30.308],[60.956,29.987],[61.001,29.794],[62.304,29.408],[64.12,29.408],[64.53,29.601],[65.125,29.537],[66.077,29.794],[66.434,29.665],[66.888,29.665],[66.995,29.408],[67.135,29.344],[66.931,28.572],[67.007,28.572],[66.965,28.315],[67.041,28.315],[67.046,27.865],[67.121,27.865],[67.062,27.479],[67.175,27.222],[67.197,26.322],[67.502,25.808],[67.112,25.101],[66.64,24.908],[66.648,24.972],[66.62,25.358],[66.345,25.551],[66.021,25.358],[64.816,25.294],[64.801,25.165],[64.285,25.229],[64.225,25.358],[63.626,25.358],[63.536,25.229],[62.563,25.229],[62.474,25.101],[62.182,25.165],[62.018,25.036],[61.719,25.036],[61.658,25.165],[61.127,25.101],[60.917,25.229],[60.618,25.229],[60.632,25.358],[59.06,25.358],[58.782,25.551],[57.958,25.551],[57.74,25.615],[57.679,25.744],[57.38,25.744],[57.176,25.936],[57.052,26.837],[56.715,27.158],[56.188,27.158],[56.098,27.029],[56.324,27.029],[56.309,26.901],[56.061,26.708],[55.603,26.644],[55.439,26.515],[55.289,26.515],[55.31,26.708],[55.543,26.772],[55.242,26.772],[54.832,26.451],[54.463,26.515],[54.259,26.708],[53.658,26.708],[53.461,26.965],[52.737,27.222],[52.479,27.608],[52.049,27.801],[51.597,27.801],[51.317,27.994],[51.331,28.122],[51.066,28.444],[51.028,28.765],[50.809,28.83],[50.915,29.087],[50.62,29.151],[50.651,29.408],[50.236,29.729],[50.065,30.179],[49.586,29.987],[48.943,30.308],[48.987,30.051],[48.365,29.922],[48.404,29.601],[47.866,29.537],[47.852,29.408],[48.079,29.408],[48.215,29.279],[48.194,29.087],[48.46,28.765],[48.563,28.315],[48.974,27.93],[48.872,27.672],[49.242,27.608],[49.36,27.287],[50.135,26.772],[50.116,26.579],[50.254,26.451],[50.223,26.129],[50.067,26.065],[50.211,26.001],[50.325,25.615],[50.608,25.422],[50.654,25.101],[50.729,25.101],[50.769,25.551],[50.925,25.615],[50.955,25.936],[51.123,26.129],[51.423,26.129],[51.698,25.872],[51.575,25.358],[51.719,25.294],[51.69,24.972],[51.524,24.779],[51.411,24.329],[51.854,24.265],[51.907,24.008],[52.28,24.008],[52.6,24.265],[53.112,24.136],[54.083,24.136],[54.099,24.329],[54.318,24.265],[54.559,24.458],[54.744,24.844],[55.143,25.101],[55.412,25.551],[55.97,25.872],[56.168,26.322],[56.475,26.387],[56.543,26.322],[56.385,25.551],[56.46,25.551],[56.421,25.165],[56.496,25.165],[56.402,24.972],[56.545,24.908],[56.788,24.329],[57.493,23.879],[58.812,23.622],[59.08,23.301],[59.068,23.172],[59.28,23.043],[59.268,22.915],[58.896,22.915],[58.908,23.043],[58.61,23.043],[58.335,23.301],[57.962,23.301],[57.974,23.429],[57.83,23.493],[56.809,23.751],[56.821,23.879],[56.54,24.072],[56.489,24.329],[56.271,24.393],[56.29,24.586],[56.09,24.844],[55.859,24.779],[55.841,24.586],[55.623,24.651],[54.812,23.943],[54.273,23.751],[51.881,23.686],[51.822,23.879],[51.166,24.072],[51.102,24.201],[51.203,24.522],[51.133,24.586],[51.294,24.715],[51.327,25.101],[51.402,25.101],[51.27,25.294],[51.35,25.358],[51.323,25.872],[51.173,25.872],[51.23,25.679],[50.982,25.422],[50.965,25.229],[51.12,25.294],[50.92,24.715],[50.616,24.651],[50.344,24.972],[50.032,25.679],[49.674,25.872],[49.878,26.451],[49.252,26.965],[49.265,27.094],[49.059,27.287],[48.552,27.479],[48.467,28.122],[48.247,28.187],[48.206,28.508],[48.055,28.508],[48.144,28.637],[48,28.701],[48.014,28.83],[47.809,29.022],[47.651,28.958],[47.672,29.151],[47.535,29.279],[47.654,29.665],[47.29,29.794],[46.979,29.729],[46.994,29.858],[46.85,29.922],[46.615,29.858],[46.591,30.308],[45.77,30.436],[44.955,31.272],[44.581,31.336],[44.459,31.593],[43.153,32.814],[42.709,32.943],[42.578,33.136],[41.489,33.65],[41.212,33.907],[40.912,33.972],[40.85,34.1],[40.311,34.1],[40.403,34.229],[40.18,34.293],[40.103,34.293],[40.618,34.744],[40.772,34.744],[41.112,35.001],[41.086,36.031],[41.671,36.353],[42.629,36.546],[42.623,37.062],[42.765,37.513],[42.774,37.577],[42.852,37.577],[42.861,37.642],[42.871,37.706],[42.88,37.771],[43.886,37.706],[43.945,37.577],[44.637,37.513],[44.774,37.384],[44.803,37.062],[45.251,36.933],[45.446,37.19],[45.29,37.19],[45.252,37.448],[45.174,37.448],[45.224,37.771],[45.635,37.9],[45.854,38.287],[46.121,38.481],[47.252,38.674],[48.326,38.093],[48.795,38.093],[48.874,38.093],[48.829,37.835],[49.085,37.513],[49.854,37.448],[50.321,36.997],[50.566,37.062],[50.632,36.997],[50.532,36.868],[51.265,36.61],[52.186,36.546],[53.088,36.804],[54.033,36.868],[54.095,37.19],[53.91,37.448],[53.908,37.835],[53.83,37.835],[53.987,38.997],[53.518,39.385],[53.138,39.45],[53.545,39.514],[53.498,40.032],[52.723,40.096],[52.714,40.42],[52.793,40.42],[52.893,40.874],[52.972,40.874],[52.943,40.744],[53.34,40.744],[53.448,40.874],[53.404,40.679],[54.544,40.809],[56.655,40.355],[56.987,40.42],[56.956,40.291],[57.035,40.291],[57.241,40.161],[57.351,40.291]]]]}},{"type":"Feature","id":"cliopatria-8c76c87346cb62abaf730e09","properties":{"NAME":"Protectorate of the Western Regions","ABBREVN":null,"CONTROL":null,"SUBJECTO":"Protectorate of the Western Regions","PARTOF":null,"BORDERPRECISION":1,"FromYear":184,"ToYear":196,"Area":534924.5025007328,"Type":"POLITY","Wikipedia":"Protectorate of the Western Regions","Wikidata":"Q911440","SeshatID":"","Components":"","MemberOf":"","sourceFeatureId":"cliopatria-8c76c87346cb62abaf730e09","datasetId":"cliopatria"},"geometry":{"type":"MultiPolygon","coordinates":[[[[91.27,41.392],[92.48,41.068],[92.106,40.938],[90.781,40.809],[88.562,40.226],[88.246,40.226],[85.376,39.32],[85.148,39.126],[82.907,38.093],[82.488,37.771],[82.055,37.642],[81.695,36.997],[82.024,36.804],[81.946,36.804],[81.031,36.61],[80.371,36.997],[79.398,37.126],[79.145,37.319],[78.561,37.448],[78.386,37.642],[78.093,37.706],[77.667,38.351],[77.51,38.351],[77.414,38.545],[77.258,38.545],[77.025,38.803],[75.792,39.126],[73.769,39.45],[73.69,39.45],[73.395,39.514],[73.573,39.579],[73.8,40.291],[73.526,40.42],[73.489,40.55],[73.331,40.55],[73.294,40.679],[73.135,40.679],[73.099,40.809],[73.12,40.874],[73.343,41.068],[74.751,41.003],[77.35,41.392],[77.374,41.457],[77.875,41.522],[80.028,42.366],[80.108,42.366],[80.134,42.431],[82.056,42.236],[84.108,42.756],[85.792,42.756],[85.764,42.691],[88.105,42.366],[88.077,42.301],[88.848,42.236],[88.82,42.171],[89.642,42.041],[89.613,41.976],[90.223,41.911],[90.195,41.847],[90.434,41.847],[90.536,41.717],[90.775,41.717],[91.27,41.392]]]]}},{"type":"Feature","id":"cliopatria-e4006f6525dd2df5d6cebab4","properties":{"NAME":"Roman Empire","ABBREVN":null,"CONTROL":null,"SUBJECTO":"Roman Empire","PARTOF":null,"BORDERPRECISION":1,"FromYear":184,"ToYear":196,"Area":4583893.862844727,"Type":"POLITY","Wikipedia":"Roman Empire","Wikidata":"Q12544","SeshatID":"it_roman_principate","Components":"","MemberOf":"","sourceFeatureId":"cliopatria-e4006f6525dd2df5d6cebab4","datasetId":"cliopatria"},"geometry":{"type":"MultiPolygon","coordinates":[[[[2.61,34.422],[2.533,34.422],[2.531,34.486],[2.608,34.486],[2.61,34.422]]],[[[14.34,36.031],[14.417,36.031],[14.571,35.966],[14.568,35.773],[14.337,35.838],[14.34,36.031]]],[[[22.887,36.417],[22.965,36.417],[23.117,36.353],[23.107,36.16],[22.874,36.16],[22.887,36.417]]],[[[7.24,50.712],[7.41,50.645],[7.413,50.512],[7.664,50.579],[7.755,50.246],[7.923,50.246],[8.169,50.579],[8.758,50.579],[8.68,50.113],[8.764,50.113],[8.766,49.98],[8.933,50.046],[8.934,49.914],[9.187,49.781],[9.192,49.316],[9.529,48.853],[12.111,49.184],[12.609,48.985],[12.773,48.787],[13.519,48.654],[14.258,48.258],[14.672,48.258],[14.841,48.39],[15.499,48.192],[16.663,48.324],[16.904,48.126],[17.072,48.192],[17.067,48.06],[17.635,47.796],[18.626,47.796],[18.798,47.928],[18.957,47.796],[18.95,47.664],[19.269,47.466],[19.173,47.203],[18.923,47.137],[18.998,47.006],[18.834,47.006],[18.824,46.809],[18.906,46.809],[18.896,46.612],[19.05,46.415],[18.952,46.087],[18.87,46.087],[18.949,46.021],[18.854,45.759],[19.011,45.628],[18.923,45.497],[19.004,45.497],[18.998,45.366],[19.238,45.3],[20.056,45.366],[19.907,45.628],[20.17,45.955],[20.185,46.218],[21.24,46.087],[21.331,46.218],[21.494,46.218],[21.486,46.087],[21.649,46.087],[22.008,46.546],[22.026,46.809],[22.291,47.072],[22.218,47.203],[22.3,47.203],[22.315,47.401],[22.752,47.73],[23.253,47.796],[23.82,47.664],[25.553,47.664],[25.624,47.532],[25.865,47.466],[25.916,47.137],[26.706,46.809],[26.516,46.546],[26.541,45.955],[26.459,45.955],[26.44,45.759],[26.283,45.824],[26.19,45.693],[26.234,45.3],[26.078,45.366],[25.954,44.908],[25.78,44.777],[25.844,44.581],[25.688,44.647],[25.676,44.516],[25.838,44.516],[25.889,44.19],[26.132,44.19],[26.201,44.059],[26.698,44.19],[27.418,44.124],[27.923,44.32],[27.869,44.581],[27.707,44.581],[27.727,44.777],[27.889,44.777],[27.922,45.104],[27.767,45.17],[27.787,45.366],[28.038,45.431],[28.051,45.562],[28.289,45.497],[28.275,45.366],[28.431,45.3],[29.177,45.431],[29.288,45.693],[29.815,46.021],[30.107,46.415],[30.975,46.809],[31.082,47.006],[31.567,46.94],[31.533,46.677],[30.877,46.677],[30.298,45.955],[30.045,45.89],[29.859,45.693],[29.614,45.693],[29.584,45.431],[29.666,45.431],[29.525,44.908],[29.024,44.777],[29.046,44.973],[28.802,44.973],[28.841,44.581],[28.577,44.385],[28.536,43.994],[28.616,43.994],[28.481,43.472],[28.159,43.472],[28.226,43.342],[27.898,43.277],[27.805,43.147],[27.847,42.756],[27.514,42.626],[27.495,42.431],[27.796,42.236],[27.784,42.106],[28.004,41.911],[27.979,41.652],[28.218,41.652],[28.279,41.457],[28.505,41.327],[28.976,41.263],[28.963,41.133],[30.479,41.198],[30.624,41.068],[31.18,41.068],[31.534,41.392],[32.027,41.522],[32.042,41.652],[32.193,41.587],[32.695,41.782],[32.631,41.911],[34.785,41.911],[34.882,42.041],[35.121,42.041],[35.157,41.717],[35.954,41.717],[36.209,41.263],[36.775,41.327],[37.065,41.133],[37.233,41.198],[37.215,41.068],[37.771,41.068],[37.831,40.938],[38.158,41.003],[38.298,40.874],[38.783,40.938],[39.051,41.133],[39.736,40.938],[40.37,40.938],[40.391,41.068],[40.539,41.003],[41.047,41.198],[41.159,41.392],[41.307,41.327],[41.408,41.457],[41.567,41.457],[41.815,41.976],[41.735,41.976],[41.758,42.106],[41.598,42.106],[41.701,42.236],[41.483,42.366],[41.609,42.626],[41.334,42.886],[41.173,42.886],[41.116,43.017],[40.817,43.147],[40.416,43.147],[40.219,43.407],[39.978,43.407],[40.081,43.538],[40.161,43.538],[40.599,43.277],[41.001,43.277],[41.208,43.082],[41.666,42.951],[41.803,42.821],[41.78,42.691],[41.998,42.561],[42.01,41.717],[41.705,41.327],[41.625,41.327],[41.614,41.263],[41.535,41.263],[41.45,40.744],[40.953,40.614],[40.398,40.096],[38.79,39.902],[38.93,39.773],[38.745,39.579],[38.954,39.385],[39.209,39.514],[39.751,39.45],[39.848,39.579],[40.548,39.514],[40.51,39.256],[40.658,39.191],[40.469,38.416],[40.547,38.416],[40.572,38.029],[40.094,37.964],[40.051,37.642],[40.181,37.448],[39.496,37.577],[39.46,37.9],[39.122,37.706],[38.349,37.771],[38.333,37.642],[37.989,37.384],[37.958,37.126],[38.176,36.997],[38.133,35.966],[38.428,35.838],[39.497,35.709],[39.753,35.902],[40.809,36.288],[41.283,36.353],[41.541,36.546],[41.533,36.482],[41.61,36.482],[41.602,36.417],[41.68,36.417],[41.671,36.353],[41.086,36.031],[41.112,35.001],[40.772,34.744],[40.618,34.744],[40.103,34.293],[40.026,34.293],[39.509,34.486],[39.124,34.486],[37.99,33.972],[37.739,33.779],[37.726,33.65],[37.573,33.65],[37.073,33.264],[37.054,33.072],[36.901,33.072],[36.717,32.75],[36.751,32.3],[36.516,32.236],[36.656,32.107],[36.492,31.979],[36.463,31.658],[36.387,31.658],[36.423,31.208],[36.271,31.208],[36.401,30.951],[36.156,30.758],[35.942,29.987],[35.866,29.987],[35.826,29.472],[35.958,29.215],[35.858,28.894],[36.057,28.508],[36.203,28.444],[36.26,28.187],[36.552,28.058],[36.689,27.865],[36.84,27.865],[36.977,27.672],[37.127,27.672],[37.26,27.415],[37.481,27.351],[37.472,27.222],[37.769,27.158],[38.051,26.901],[38.206,26.965],[38.197,26.837],[38.493,26.772],[38.484,26.644],[38.701,26.515],[38.692,26.387],[38.304,26.194],[37.826,25.744],[37.057,25.422],[36.773,25.679],[36.717,26.001],[36.429,26.194],[36.027,26.965],[35.672,27.287],[35.409,27.865],[35.049,28.122],[34.593,28.058],[34.605,28.251],[34.854,28.572],[34.913,29.408],[34.752,29.279],[34.517,28.058],[34.358,27.93],[34.346,27.737],[34.12,27.737],[33.617,28.122],[33.554,28.315],[33.403,28.315],[33.189,28.508],[33.147,29.022],[32.857,29.215],[32.589,29.729],[32.602,29.922],[32.442,29.794],[32.689,28.958],[32.836,28.894],[33.105,28.38],[33.609,27.994],[33.585,27.608],[33.799,27.415],[33.927,27.029],[34.073,26.965],[34.051,26.579],[34.197,26.515],[34.461,25.872],[34.608,25.808],[35.146,24.651],[35.86,24.008],[35.854,23.879],[35.559,23.943],[35.553,23.815],[35.108,23.879],[33.756,23.686],[33.682,23.686],[33.389,23.815],[32.041,23.686],[31.67,23.751],[30.537,23.365],[30.463,23.365],[30.395,23.558],[30.104,23.751],[30.109,23.879],[29.959,23.879],[29.673,24.201],[28.569,24.651],[28.289,25.165],[28.244,25.936],[28.345,26.579],[28.27,26.579],[28.154,27.351],[27.937,27.544],[27.711,27.544],[27.792,27.672],[27.43,27.994],[27.276,27.93],[27.285,28.122],[27.14,28.251],[25.586,28.958],[25.373,29.279],[25.147,29.279],[25.001,29.408],[24.847,29.344],[24.779,29.537],[24.33,29.665],[23.962,29.922],[23.51,29.987],[22.916,30.308],[22.762,30.244],[22.767,30.372],[21.939,30.565],[20.952,30.565],[18.735,29.987],[17.905,30.179],[16.701,30.694],[15.49,30.951],[15.184,30.886],[15.187,31.079],[14.584,31.529],[14.586,31.658],[14.284,31.915],[13.6,32.172],[13.066,32.172],[13.067,32.3],[11.768,32.3],[11.768,32.429],[11.539,32.429],[11.463,32.557],[11.31,32.493],[11.157,32.686],[10.392,33.007],[10.009,33.007],[10.085,33.136],[9.625,33.136],[9.547,33.329],[9.624,33.457],[9.316,33.586],[9.238,33.843],[9.083,33.907],[9.083,34.036],[8.929,34.036],[8.928,34.165],[8.311,34.293],[8.081,34.229],[8.002,34.422],[7.615,34.551],[7.153,34.486],[6.92,34.615],[6.459,34.551],[6.148,34.679],[5.377,34.679],[5.149,34.551],[4.454,34.615],[3.843,34.422],[3.456,34.486],[2.921,34.358],[2.45,34.615],[1.294,34.615],[0.685,34.422],[0.451,34.486],[0.303,34.358],[-1.237,34.358],[-1.305,34.165],[-1.539,34.229],[-1.61,34.1],[-1.693,34.229],[-2.001,34.229],[-3.763,34.1],[-4.141,33.972],[-4.21,33.843],[-4.367,33.907],[-5.039,33.586],[-5.274,33.65],[-5.799,33.457],[-6.033,33.522],[-6.634,33.329],[-6.703,33.2],[-6.937,33.264],[-7.528,32.943],[-8.064,32.943],[-8.154,33.136],[-8.47,33.264],[-8.403,33.393],[-7.13,33.843],[-7.062,33.972],[-6.904,33.907],[-6.614,34.165],[-6.7,34.293],[-6.473,34.358],[-6.482,34.486],[-6.332,34.551],[-6.277,34.872],[-6.2,34.872],[-6.291,35.065],[-6.132,35.001],[-6.145,35.194],[-6,35.323],[-5.877,35.773],[-5.339,35.838],[-5.24,35.516],[-4.755,35.194],[-3.132,35.194],[-2.982,35.258],[-2.993,35.451],[-2.838,35.451],[-2.82,35.13],[-2.662,35.065],[-1.89,35.065],[-1.591,35.258],[-1.359,35.258],[-1.136,35.451],[-1.224,35.645],[-1.066,35.58],[-0.917,35.709],[-0.53,35.709],[-0.459,35.838],[0.084,35.838],[0.376,36.224],[0.684,36.288],[0.678,36.417],[0.914,36.353],[1.216,36.546],[1.53,36.482],[2.377,36.675],[2.69,36.61],[2.841,36.739],[3.23,36.739],[3.459,36.868],[3.85,36.804],[4.235,36.933],[4.859,36.868],[5.098,36.675],[5.564,36.675],[5.639,36.804],[6.106,36.804],[6.103,36.933],[6.334,37.062],[6.805,36.868],[7.194,36.868],[7.346,37.062],[7.502,37.062],[7.738,36.868],[8.516,36.868],[8.903,37.126],[9.059,37.062],[9.37,37.255],[9.759,37.319],[9.993,37.19],[10.227,37.255],[10.228,37.062],[10.305,37.062],[10.228,36.804],[10.462,36.739],[11.006,36.997],[11.006,36.804],[10.462,36.417],[10.54,36.353],[10.464,35.902],[10.696,35.709],[10.851,35.773],[10.928,35.58],[11.083,35.58],[11.083,35.387],[11.006,35.387],[11.083,35.001],[10.851,34.937],[10.851,34.808],[10.543,34.551],[10.004,34.293],[10.082,34.229],[10.006,33.907],[10.237,33.715],[10.544,33.715],[10.698,33.522],[11.082,33.586],[11.158,33.2],[11.464,33.2],[12.229,32.814],[12.612,32.879],[12.535,32.75],[12.841,32.75],[12.842,32.879],[13.302,32.943],[13.454,32.814],[13.761,32.879],[13.759,32.75],[14.065,32.75],[14.444,32.493],[14.675,32.557],[14.749,32.429],[15.055,32.429],[15.282,32.3],[15.425,31.658],[15.576,31.593],[15.649,31.4],[16.179,31.208],[16.864,31.208],[17.847,30.951],[18.222,30.758],[18.592,30.372],[18.896,30.372],[18.969,30.244],[19.655,30.372],[19.964,30.565],[19.968,30.694],[20.202,30.886],[20.134,31.143],[20.214,31.272],[19.996,31.593],[20.089,32.107],[20.017,32.236],[20.246,32.236],[20.331,32.493],[20.482,32.429],[20.563,32.557],[20.716,32.557],[20.644,32.686],[20.871,32.622],[21.108,32.814],[21.412,32.75],[21.879,32.943],[23.089,32.622],[23.081,32.429],[23.231,32.365],[23.149,32.236],[23.299,32.172],[23.68,32.172],[24.129,31.979],[24.892,31.979],[25.112,31.786],[25.102,31.593],[25.248,31.465],[26.848,31.465],[27.297,31.336],[27.515,31.143],[28.496,31.015],[28.865,30.822],[29.397,30.822],[29.485,31.015],[29.633,30.951],[29.87,31.079],[29.802,31.208],[29.882,31.272],[30.339,31.272],[30.271,31.4],[30.352,31.465],[30.809,31.465],[30.966,31.529],[30.975,31.658],[31.203,31.658],[31.118,31.529],[31.266,31.465],[31.875,31.465],[31.781,31.208],[31.937,31.272],[32,31.079],[32.304,31.079],[32.237,31.208],[32.389,31.208],[32.532,31.079],[32.765,31.143],[32.832,31.015],[33.983,31.143],[34.297,31.272],[34.308,31.4],[34.547,31.529],[34.639,31.722],[34.573,31.85],[34.813,31.979],[34.77,32.365],[35.022,32.622],[35.056,33.007],[35.215,33.072],[35.398,33.393],[35.346,33.65],[35.499,33.65],[35.447,33.907],[35.684,33.972],[35.644,34.358],[35.792,34.293],[36.049,34.551],[36.068,34.744],[35.927,34.872],[35.96,35.194],[35.882,35.194],[35.993,35.516],[35.845,35.58],[35.99,36.224],[35.842,36.288],[36.265,36.61],[36.286,36.804],[36.145,36.933],[35.834,36.933],[35.488,36.61],[35.113,36.739],[34.95,36.675],[34.893,36.868],[34.582,36.868],[34.251,36.675],[33.979,36.288],[33.274,36.224],[32.713,36.031],[32.558,36.031],[32.499,36.224],[32.068,36.61],[31.086,36.933],[30.619,36.933],[30.492,36.353],[30.026,36.353],[29.938,36.224],[29.24,36.224],[29.125,36.739],[28.736,36.739],[28.591,36.868],[28.357,36.868],[28.187,36.675],[28.031,36.675],[28.138,37.062],[28.065,37.126],[27.598,37.126],[27.539,37.384],[27.223,37.319],[27.31,37.448],[27.163,37.577],[27.256,37.771],[27.178,37.771],[27.275,38.029],[26.889,38.093],[26.82,38.222],[26.429,38.222],[26.384,38.674],[26.536,38.61],[26.595,38.351],[27.065,38.351],[27.08,38.545],[26.849,38.61],[26.958,38.997],[26.879,38.997],[26.894,39.191],[26.742,39.256],[26.847,39.579],[26.132,39.514],[26.272,40.291],[26.605,40.485],[26.684,40.485],[26.673,40.355],[27.47,40.42],[27.538,40.291],[27.696,40.291],[27.792,40.485],[27.95,40.485],[27.939,40.355],[29.046,40.355],[28.9,40.485],[28.913,40.614],[29.48,40.744],[29.493,40.874],[29.249,40.809],[29.103,40.938],[29.116,41.068],[28.633,41.003],[28.169,41.133],[28.077,41.003],[27.527,41.068],[27.017,40.679],[26.921,40.485],[26.626,40.744],[26.14,40.614],[26.082,40.874],[25.378,41.003],[24.347,41.003],[24.011,40.744],[23.698,40.809],[23.685,40.614],[23.839,40.55],[23.737,40.226],[23.267,40.291],[22.884,40.485],[22.892,40.614],[22.655,40.614],[22.56,40.355],[22.544,40.096],[22.702,40.096],[22.611,39.902],[23.135,39.45],[22.816,39.385],[22.797,39.062],[23.116,39.126],[23.108,38.997],[23.344,38.997],[23.493,38.868],[23.332,38.803],[23.025,38.933],[22.936,38.739],[23.167,38.674],[23.313,38.481],[23.626,38.481],[23.563,38.739],[24.03,38.674],[24.179,38.545],[24.159,38.222],[24.002,38.222],[23.979,37.835],[23.443,38.029],[23.208,38.029],[23.201,37.9],[23.044,37.9],[23.108,37.642],[23.342,37.642],[23.402,37.319],[23.169,37.319],[23.176,37.448],[22.949,37.577],[22.714,37.577],[22.701,37.319],[22.853,37.255],[23.056,36.675],[22.833,36.868],[22.599,36.868],[22.512,36.675],[22.356,36.675],[22.22,37.062],[21.909,37.062],[21.899,36.868],[21.744,36.868],[21.681,37.19],[21.603,37.19],[21.697,37.513],[21.244,37.835],[21.416,38.158],[21.729,38.158],[21.738,38.351],[21.193,38.416],[20.974,38.739],[20.741,38.803],[20.911,39.062],[20.297,39.385],[20.155,39.708],[19.912,39.579],[19.758,39.644],[19.764,39.773],[20,39.773],[20.009,39.967],[19.63,40.291],[19.471,40.291],[19.486,40.614],[19.249,40.614],[19.255,40.744],[19.498,40.874],[19.438,41.263],[19.523,41.392],[19.444,41.392],[19.53,41.522],[19.45,41.522],[19.542,41.782],[18.852,42.366],[18.143,42.626],[17.992,42.821],[17.593,42.886],[17.508,42.756],[17.516,42.951],[17.355,42.951],[17.365,43.212],[17.122,43.147],[17.051,43.407],[16.727,43.342],[16.734,43.538],[16.575,43.603],[15.927,43.472],[16.012,43.603],[15.857,43.798],[15.695,43.798],[15.619,43.929],[15.375,43.863],[15.459,43.994],[15.219,44.059],[15.147,44.385],[14.909,44.581],[14.919,44.973],[14.516,45.104],[14.603,45.366],[14.196,45.366],[14.189,45.039],[13.946,45.039],[13.943,44.908],[13.781,44.908],[13.706,45.235],[13.544,45.3],[13.547,45.497],[13.71,45.497],[13.715,45.759],[13.39,45.824],[13.145,45.824],[13.06,45.628],[12.817,45.693],[12.652,45.562],[12.163,45.497],[12.16,45.17],[12.403,45.039],[12.4,44.777],[12.157,44.843],[12.154,44.451],[12.313,44.19],[12.873,43.798],[13.036,43.863],[13.034,43.733],[13.355,43.668],[13.673,43.407],[13.747,43.082],[13.985,42.951],[13.901,42.756],[14.056,42.496],[14.371,42.236],[14.531,42.236],[14.608,42.106],[14.769,42.171],[14.766,42.041],[14.924,41.976],[15.165,42.041],[15.241,41.911],[16.119,41.911],[16.115,41.782],[15.874,41.717],[15.944,41.392],[17.203,41.003],[17.511,40.744],[17.981,40.614],[18.438,40.161],[18.349,39.902],[18.112,39.902],[17.813,40.355],[17.418,40.355],[17.345,40.55],[17.028,40.55],[16.868,40.485],[16.945,40.42],[16.862,40.291],[16.624,40.291],[16.697,40.096],[16.457,39.967],[16.447,39.644],[16.916,39.514],[17.07,39.385],[17.138,39.062],[16.502,38.803],[16.492,38.416],[15.933,37.964],[15.698,37.964],[15.624,38.158],[15.389,38.158],[15.066,37.642],[15.059,37.255],[15.214,37.19],[15.05,36.739],[14.661,36.739],[14.278,37.126],[13.578,37.255],[13.192,37.577],[12.49,37.706],[12.492,37.9],[12.65,38.093],[13.04,38.029],[13.12,38.158],[13.355,38.158],[13.665,37.964],[14.056,37.964],[15.862,38.287],[15.95,38.674],[16.265,38.739],[16.27,38.933],[16.117,39.062],[15.899,39.773],[15.666,39.902],[15.748,40.032],[15.432,40.032],[15.199,40.226],[15.041,40.226],[14.893,40.679],[14.418,40.679],[14.422,40.874],[14.105,40.874],[13.951,41.133],[13.792,41.133],[13.715,41.263],[13,41.327],[12.922,41.457],[12.605,41.522],[12.131,41.911],[12.132,42.041],[11.813,42.106],[11.655,42.366],[11.495,42.301],[11.415,42.431],[11.255,42.431],[11.176,42.626],[11.016,42.626],[11.016,42.821],[10.535,43.082],[10.212,43.994],[9.889,43.994],[9.97,44.124],[9.727,44.124],[9.159,44.451],[8.432,44.385],[8.034,43.929],[7.15,43.733],[6.993,43.538],[6.673,43.472],[6.518,43.212],[6.278,43.147],[5.796,43.147],[5.632,43.277],[5.391,43.277],[5.387,43.407],[5.063,43.472],[4.178,43.472],[4.173,43.603],[3.851,43.603],[3.617,43.407],[3.14,43.277],[2.985,43.147],[3.01,42.561],[3.178,42.366],[3.117,41.911],[2.573,41.587],[2.334,41.587],[2.107,41.327],[1.238,41.198],[0.696,40.938],[0.709,40.679],[0.248,40.42],[0.183,40.161],[-0.126,40.032],[-0.345,39.708],[-0.314,39.126],[0.099,38.739],[-0.661,38.287],[-0.803,38.029],[-0.705,37.642],[-1.709,37.448],[-1.623,37.319],[-1.857,37.319],[-2.062,36.804],[-2.532,36.868],[-2.68,36.739],[-4.469,36.739],[-4.689,36.546],[-5.228,36.482],[-5.288,36.224],[-5.662,36.031],[-5.831,36.224],[-6.064,36.224],[-6.33,36.675],[-6.35,36.933],[-6.588,36.997],[-6.842,37.255],[-7.465,37.255],[-7.455,37.126],[-7.678,36.997],[-8.701,37.126],[-9.001,36.997],[-8.897,37.577],[-8.819,37.577],[-8.823,38.481],[-9.209,38.416],[-9.233,38.674],[-9.384,38.61],[-9.553,38.739],[-9.572,38.933],[-9.427,39.062],[-9.387,39.45],[-9.157,39.514],[-9.104,39.773],[-9.025,39.773],[-8.925,40.355],[-8.846,40.355],[-8.872,40.614],[-8.727,40.744],[-8.956,42.171],[-8.657,42.366],[-9.079,42.561],[-9.1,42.756],[-9.275,42.886],[-9.305,43.147],[-9.159,43.277],[-8.852,43.407],[-8.369,43.407],[-8.39,43.603],[-8.244,43.733],[-7.276,43.733],[-7.343,43.603],[-7.176,43.538],[-5.733,43.603],[-4.99,43.407],[-3.467,43.472],[-3.296,43.342],[-1.688,43.342],[-1.388,43.668],[-1.349,44.255],[-1.268,44.255],[-1.286,44.516],[-1.205,44.516],[-1.252,45.17],[-1.171,45.17],[-1.189,45.431],[-1.031,45.497],[-1.045,45.693],[-1.213,45.759],[-1.141,45.89],[-1.223,45.89],[-1.252,46.283],[-1.666,46.349],[-2.014,46.612],[-2.025,46.743],[-2.194,46.809],[-2.139,47.137],[-2.232,47.269],[-2.562,47.269],[-2.578,47.466],[-2.826,47.466],[-2.837,47.598],[-3.156,47.466],[-3.344,47.73],[-3.757,47.73],[-3.935,47.862],[-4.424,47.796],[-4.692,47.994],[-4.705,48.126],[-4.546,48.192],[-4.643,48.324],[-4.891,48.324],[-4.912,48.522],[-4.6,48.72],[-3.852,48.72],[-3.455,48.919],[-3.122,48.919],[-2.759,48.588],[-2.522,48.72],[-1.602,48.654],[-1.718,49.051],[-1.635,49.051],[-1.652,49.25],[-1.913,49.383],[-2.032,49.781],[-1.362,49.781],[-1.251,49.449],[0.007,49.383],[-0.012,49.648],[0.224,49.847],[1.053,49.98],[1.455,50.246],[1.425,50.712],[1.656,51.046],[2.578,51.179],[2.739,51.313],[3.41,51.447],[3.399,51.647],[3.739,51.647],[3.647,51.781],[3.98,51.915],[4.056,52.116],[4.232,51.982],[4.573,51.982],[5.248,52.116],[5.934,51.982],[6.369,51.647],[6.539,51.647],[6.541,51.58],[6.885,51.38],[7.065,50.979],[7.319,50.912],[7.24,50.712]]],[[[20.621,37.9],[20.699,37.9],[20.934,37.9],[20.922,37.642],[20.613,37.706],[20.621,37.9]]],[[[20.328,38.351],[20.488,38.416],[20.566,38.416],[20.795,38.287],[20.786,38.093],[20.32,38.158],[20.328,38.351]]],[[[1.274,38.803],[1.183,39.062],[1.259,39.126],[1.337,39.126],[1.652,39.126],[1.658,38.997],[1.431,38.803],[1.274,38.803]]],[[[20.073,39.644],[20.152,39.644],[20.149,39.579],[20.07,39.579],[20.073,39.644]]],[[[2.824,39.32],[2.659,39.514],[2.346,39.45],[2.338,39.644],[2.877,39.967],[2.956,39.967],[3.193,39.967],[3.198,39.838],[3.516,39.773],[3.296,39.32],[2.824,39.32]]],[[[3.741,40.096],[3.82,40.096],[4.215,40.096],[4.302,39.838],[3.827,39.902],[3.741,40.096]]],[[[9.665,40.291],[9.747,39.644],[9.669,39.644],[9.593,39.126],[9.12,39.191],[8.966,38.868],[8.73,38.868],[8.336,38.997],[8.412,39.256],[8.333,39.256],[8.33,39.514],[8.409,39.514],[8.483,39.902],[8.325,39.967],[8.4,40.291],[8.321,40.291],[8.319,40.485],[8.16,40.55],[8.155,40.938],[8.552,40.874],[9.025,41.263],[9.104,41.263],[9.502,41.198],[9.822,40.744],[9.823,40.355],[9.665,40.291]]],[[[9.578,41.976],[9.498,41.976],[9.499,41.782],[9.262,41.392],[9.104,41.327],[8.784,41.522],[8.782,41.717],[8.623,41.717],[8.7,41.911],[8.539,42.106],[8.535,42.496],[8.773,42.691],[9.173,42.756],[9.251,43.017],[9.331,43.017],[9.492,43.017],[9.493,42.756],[9.574,42.756],[9.578,41.976]]],[[[10.214,42.886],[10.455,42.886],[10.455,42.691],[10.215,42.691],[10.134,42.886],[10.214,42.886]]],[[[14.35,44.973],[14.511,44.908],[14.502,44.516],[14.261,44.581],[14.269,44.973],[14.35,44.973]]],[[[19.086,45.497],[19.004,45.497],[19.007,45.562],[19.089,45.562],[19.086,45.497]]],[[[19.166,47.072],[19.084,47.072],[19.087,47.137],[19.169,47.137],[19.166,47.072]]],[[[16.989,48.192],[16.907,48.192],[16.909,48.258],[16.992,48.258],[16.989,48.192]]],[[[16.826,48.258],[16.829,48.324],[16.912,48.324],[16.909,48.258],[16.826,48.258]]],[[[6.193,51.848],[6.191,51.915],[6.276,51.915],[6.278,51.848],[6.193,51.848]]],[[[0.07,52.99],[0.166,52.855],[0.337,52.855],[0.493,53.057],[1.094,53.057],[1.532,52.923],[1.717,52.721],[1.739,52.385],[1.654,52.385],[1.586,52.116],[1.425,51.982],[1.17,51.982],[1.184,51.781],[0.844,51.781],[0.863,51.513],[0.524,51.513],[1.381,51.38],[1.314,51.112],[0.493,50.779],[-1.368,50.845],[-1.109,50.779],[-1.177,50.579],[-1.513,50.579],[-1.525,50.712],[-2.608,50.579],[-2.789,50.712],[-3.126,50.712],[-3.457,50.645],[-3.585,50.246],[-4.089,50.246],[-4.187,50.379],[-4.355,50.379],[-4.929,50.246],[-5.151,49.98],[-5.746,50.046],[-5.769,50.246],[-5.28,50.379],[-5.134,50.579],[-4.881,50.579],[-4.819,50.779],[-4.658,50.845],[-4.68,51.046],[-4.426,51.046],[-4.202,51.313],[-3.095,51.246],[-3.108,51.38],[-2.945,51.447],[-3.121,51.513],[-3.277,51.38],[-3.701,51.38],[-3.892,51.58],[-4.308,51.513],[-4.415,51.714],[-5.079,51.58],[-5.264,51.714],[-5.219,52.049],[-4.553,52.183],[-4.157,52.452],[-4.295,52.923],[-4.794,52.788],[-4.81,52.923],[-4.49,53.125],[-4.67,53.192],[-4.702,53.462],[-4.271,53.462],[-4.076,53.26],[-3.153,53.462],[-3.095,53.732],[-3.196,53.868],[-2.966,54.138],[-3.305,54.071],[-3.319,54.206],[-3.587,54.274],[-3.72,54.681],[-3.569,54.885],[-2.895,55.089],[-2.822,55.225],[-2.379,55.157],[-1.613,55.362],[-1.286,54.681],[-0.671,54.613],[-0.202,54.206],[-0.18,53.935],[0.004,53.8],[0.01,53.732],[0.118,53.462],[0.295,53.395],[0.316,53.125],[0.07,52.99]]],[[[38.131,26.965],[38.056,26.965],[38.06,27.029],[38.135,27.029],[38.131,26.965]]],[[[37.914,27.094],[37.839,27.094],[37.844,27.158],[37.919,27.158],[37.914,27.094]]],[[[33.695,34.937],[33.523,34.744],[33.132,34.679],[33.044,34.551],[32.367,34.744],[32.229,34.937],[32.246,35.13],[32.555,35.13],[32.875,35.258],[32.887,35.387],[33.737,35.387],[34.31,35.709],[34.387,35.709],[34.542,35.709],[34.529,35.58],[33.957,35.258],[34.087,35.001],[33.695,34.937]]],[[[24.301,35.323],[25.692,35.323],[25.681,35.13],[26.225,35.194],[26.14,35.065],[24.824,35.001],[24.757,35.194],[24.526,35.194],[24.448,35.194],[23.679,35.258],[23.615,35.516],[24.157,35.516],[24.15,35.387],[24.301,35.323]]],[[[27.693,36.288],[28.017,36.482],[28.095,36.482],[28.25,36.482],[28.139,36.031],[27.743,35.902],[27.693,36.288]]],[[[27.117,36.933],[27.185,36.804],[26.865,36.675],[27.039,36.933],[27.117,36.933]]],[[[25.339,37.126],[25.417,37.126],[25.573,37.126],[25.564,36.997],[25.331,36.997],[25.339,37.126]]],[[[24.361,37.706],[24.432,37.577],[24.272,37.513],[24.201,37.642],[24.283,37.706],[24.361,37.706]]],[[[24.986,37.706],[25.064,37.706],[25.22,37.706],[25.286,37.513],[25.052,37.513],[24.986,37.706]]],[[[26.08,37.706],[26.158,37.706],[26.314,37.706],[26.305,37.577],[25.988,37.513],[26.08,37.706]]],[[[24.694,38.029],[24.772,38.029],[25.068,37.771],[24.83,37.706],[24.682,37.835],[24.694,38.029]]],[[[25.821,38.481],[25.913,38.674],[25.991,38.674],[26.217,38.545],[26.111,38.158],[25.876,38.158],[25.899,38.481],[25.821,38.481]]],[[[23.563,38.739],[23.485,38.739],[23.489,38.803],[23.567,38.803],[23.563,38.739]]],[[[24.365,38.997],[24.444,38.997],[24.675,38.933],[24.662,38.739],[24.357,38.868],[24.365,38.997]]],[[[26.094,38.997],[26.103,39.126],[25.793,39.191],[26.044,39.385],[26.123,39.385],[26.511,39.32],[26.644,38.997],[26.246,38.933],[26.094,38.997]]],[[[25.067,40.032],[25.146,40.032],[25.462,40.032],[25.447,39.838],[24.974,39.838],[25.067,40.032]]],[[[25.798,40.291],[26.035,40.291],[26.025,40.161],[25.704,40.096],[25.719,40.291],[25.798,40.291]]],[[[24.57,40.809],[24.808,40.809],[24.794,40.614],[24.551,40.55],[24.491,40.809],[24.57,40.809]]]]}},{"type":"Feature","id":"cliopatria-35247e09297454c3f32b2f7e","properties":{"NAME":"Kingdom of Osroene","ABBREVN":null,"CONTROL":null,"SUBJECTO":"Kingdom of Osroene","PARTOF":null,"BORDERPRECISION":1,"FromYear":184,"ToYear":206,"Area":50068.95773918641,"Type":"POLITY","Wikipedia":"Osroene","Wikidata":"Q237234","SeshatID":"","Components":"","MemberOf":"","sourceFeatureId":"cliopatria-35247e09297454c3f32b2f7e","datasetId":"cliopatria"},"geometry":{"type":"MultiPolygon","coordinates":[[[[41.283,36.353],[40.809,36.288],[39.753,35.902],[39.497,35.709],[38.428,35.838],[38.133,35.966],[38.176,36.997],[37.958,37.126],[37.989,37.384],[38.333,37.642],[38.349,37.771],[39.122,37.706],[39.46,37.9],[39.496,37.577],[40.181,37.448],[41.178,37.319],[41.212,36.997],[41.541,36.546],[41.283,36.353]]]]}},{"type":"Feature","id":"cliopatria-244ade5a43f37bdc34daa1b3","properties":{"NAME":"Norse","ABBREVN":null,"CONTROL":null,"SUBJECTO":"Norse","PARTOF":null,"BORDERPRECISION":1,"FromYear":184,"ToYear":206,"Area":8113.598080737821,"Type":"POLITY","Wikipedia":"Norse","Wikidata":"Q909583","SeshatID":"","Components":"","MemberOf":"","sourceFeatureId":"cliopatria-244ade5a43f37bdc34daa1b3","datasetId":"cliopatria"},"geometry":{"type":"MultiPolygon","coordinates":[[[[9.576,55.43],[9.575,55.567],[9.838,55.635],[10.627,55.635],[10.626,55.498],[10.801,55.43],[10.799,55.157],[10.712,55.157],[10.711,55.021],[9.926,55.089],[9.751,55.362],[9.576,55.362],[9.576,55.43]]],[[[10.832,59.995],[10.833,60.065],[10.924,60.065],[10.923,59.995],[10.832,59.995]]],[[[10.561,60.417],[10.562,60.628],[10.746,60.628],[10.747,60.769],[10.93,60.769],[10.932,60.911],[11.299,60.911],[11.297,60.769],[11.662,60.628],[11.657,60.276],[11.475,60.346],[11.473,60.206],[11.29,60.206],[11.289,60.065],[11.106,59.995],[10.924,60.065],[10.925,60.206],[10.469,60.346],[10.47,60.417],[10.561,60.417]]]]}},{"type":"Feature","id":"cliopatria-d2add95f23a74dfa1f80432b","properties":{"NAME":"Satavahana Dynasty","ABBREVN":null,"CONTROL":null,"SUBJECTO":"Satavahana Dynasty","PARTOF":null,"BORDERPRECISION":1,"FromYear":184,"ToYear":206,"Area":750281.7832123513,"Type":"POLITY","Wikipedia":"Satavahana dynasty","Wikidata":"Q5257","SeshatID":"in_satavahana_emp","Components":"","MemberOf":"","sourceFeatureId":"cliopatria-d2add95f23a74dfa1f80432b","datasetId":"cliopatria"},"geometry":{"type":"MultiPolygon","coordinates":[[[[81.299,23.365],[81.514,23.301],[81.637,23.108],[81.86,23.108],[82.058,22.915],[82.347,22.851],[82.471,22.658],[82.619,22.658],[83.345,21.951],[83.519,21.565],[83.37,21.565],[83.156,21.051],[82.663,20.665],[82.459,20.215],[82.311,20.215],[82.205,19.958],[82.049,19.893],[82.001,19.508],[82.075,19.508],[82.028,19.122],[82.102,19.122],[81.906,18.736],[81.759,18.736],[81.222,17.965],[80.357,17.515],[79.531,16.743],[79.313,16.1],[79.058,15.779],[78.709,14.493],[78.268,14.493],[77.503,14.172],[77.21,14.172],[76.893,13.915],[76.441,13.786],[76.115,13.4],[75.973,13.465],[75.304,15.008],[74.967,15.329],[74.311,15.393],[74.103,15.522],[73.802,15.458],[73.747,15.65],[73.539,15.779],[73.254,16.615],[73.3,17.065],[72.959,18.029],[72.875,19.315],[72.734,19.379],[72.701,19.765],[72.708,19.829],[72.87,19.958],[73.47,20.022],[74.246,20.343],[74.348,20.601],[74.497,20.601],[74.755,20.922],[75.756,21.243],[77.73,22.851],[78.285,23.686],[78.38,24.908],[78.576,24.715],[79.38,24.586],[80.585,24.136],[81.307,23.429],[81.299,23.365]]]]}},{"type":"Feature","id":"cliopatria-839400e43fa3a0aa6e2e0e90","properties":{"NAME":"Kingdom of Adiabene","ABBREVN":null,"CONTROL":null,"SUBJECTO":"Kingdom of Adiabene","PARTOF":null,"BORDERPRECISION":1,"FromYear":184,"ToYear":214,"Area":13459.36799203475,"Type":"POLITY","Wikipedia":"Adiabene","Wikidata":"Q149747","SeshatID":"","Components":"","MemberOf":"","sourceFeatureId":"cliopatria-839400e43fa3a0aa6e2e0e90","datasetId":"cliopatria"},"geometry":{"type":"MultiPolygon","coordinates":[[[[41.671,36.353],[41.68,36.417],[41.602,36.417],[41.61,36.482],[41.533,36.482],[41.541,36.546],[41.212,36.997],[41.178,37.319],[41.984,37.513],[42.765,37.513],[42.623,37.062],[42.629,36.546],[41.671,36.353]]]]}},{"type":"Feature","id":"cliopatria-3b8c996e187f61728318b016","properties":{"NAME":"Kushan Empire","ABBREVN":null,"CONTROL":null,"SUBJECTO":"Kushan Empire","PARTOF":null,"BORDERPRECISION":1,"FromYear":184,"ToYear":214,"Area":1938519.2694833404,"Type":"POLITY","Wikipedia":"Kushan Empire","Wikidata":"Q25979","SeshatID":"af_kushan_emp","Components":"","MemberOf":"","sourceFeatureId":"cliopatria-3b8c996e187f61728318b016","datasetId":"cliopatria"},"geometry":{"type":"MultiPolygon","coordinates":[[[[71.978,41.263],[72.137,41.263],[72.232,41.068],[72.47,41.068],[73.019,40.809],[73.099,40.809],[73.135,40.679],[73.294,40.679],[73.331,40.55],[73.489,40.55],[73.526,40.42],[73.8,40.291],[73.573,39.579],[73.395,39.514],[73.69,39.45],[73.67,39.385],[73.63,39.256],[73.748,39.126],[73.494,38.545],[72.759,37.9],[72.423,37.255],[72.37,37.062],[72.448,37.062],[72.232,36.546],[72.31,36.546],[72.302,36.224],[72.501,36.095],[72.468,35.966],[72.64,36.031],[72.606,35.902],[72.822,35.838],[72.711,35.709],[73.441,34.937],[73.811,34.872],[73.701,34.744],[73.993,34.679],[74.297,34.358],[74.451,34.358],[74.634,34.165],[74.602,34.036],[74.8,33.907],[74.768,33.779],[75.028,33.586],[74.996,33.457],[75.134,33.393],[75.103,33.264],[75.241,33.2],[75.271,33.007],[75.424,33.007],[75.469,32.879],[75.882,32.686],[76.127,32.75],[76.081,32.557],[76.601,32.172],[78.448,31.593],[78.844,31.658],[78.814,31.529],[79.18,31.465],[79.607,31.015],[79.624,30.758],[79.869,30.501],[79.845,30.051],[79.954,29.858],[79.885,29.537],[79.961,29.537],[79.867,29.087],[80.166,28.701],[80.681,28.637],[80.957,28.508],[81.195,28.187],[81.885,27.865],[82.538,27.737],[83.078,27.415],[84.357,27.415],[84.36,26.644],[84.511,26.644],[84.44,26.258],[84.515,26.258],[84.457,25.486],[84.339,25.229],[83.754,24.844],[83.071,24.779],[82.359,24.522],[81.603,23.943],[81.316,23.493],[81.307,23.429],[80.585,24.136],[79.38,24.586],[78.576,24.715],[78.38,24.908],[78.344,26.129],[78.269,26.129],[78.332,26.515],[78.257,26.515],[78.236,26.837],[77.786,26.837],[77.689,26.708],[77.238,26.708],[77.11,26.837],[75.972,26.772],[73.959,26.387],[73.479,26.194],[73.179,26.194],[71.905,25.679],[71.235,25.165],[71.086,25.165],[70.57,24.651],[70.605,24.329],[70.448,24.265],[70.424,24.072],[70.065,23.558],[69.5,23.172],[69.039,23.043],[69.025,22.915],[68.95,22.915],[68.606,23.172],[68.552,23.365],[68.336,23.429],[68.35,23.558],[68.127,23.558],[68.155,23.815],[67.633,23.815],[67.491,23.879],[67.438,24.072],[67.289,24.072],[67.326,24.393],[67.148,24.779],[66.632,24.844],[66.64,24.908],[67.112,25.101],[67.502,25.808],[67.197,26.322],[67.175,27.222],[67.062,27.479],[67.121,27.865],[67.046,27.865],[67.041,28.315],[66.965,28.315],[67.007,28.572],[66.931,28.572],[67.135,29.344],[66.995,29.408],[66.888,29.665],[66.434,29.665],[66.077,29.794],[66.316,29.858],[66.418,30.436],[66.343,30.436],[66.525,31.015],[66.449,31.015],[66.483,31.593],[66.102,31.593],[65.694,31.85],[65.02,31.915],[64.383,32.172],[63.555,32.236],[63.426,32.365],[63.873,33.843],[64.324,34.165],[64.574,34.615],[65.092,34.872],[64.854,35.194],[64.829,35.773],[64.751,35.773],[65.155,38.739],[65.077,38.739],[65.144,38.997],[65.065,38.997],[65.282,39.514],[65.203,39.514],[65.291,39.838],[65.564,39.967],[65.883,40.809],[65.962,40.809],[66.653,41.263],[66.891,41.263],[67.547,41.587],[68.025,41.587],[68.223,41.457],[68.978,41.327],[69.58,41.717],[70.016,41.587],[71.63,41.652],[71.841,41.327],[72,41.327],[71.978,41.263]]],[[[72.501,36.095],[72.518,36.16],[72.596,36.16],[72.579,36.095],[72.501,36.095]]]]}},{"type":"Feature","id":"cliopatria-d94b91a966d37bc47efa7425","properties":{"NAME":"Western Satraps","ABBREVN":null,"CONTROL":null,"SUBJECTO":"Western Satraps","PARTOF":null,"BORDERPRECISION":1,"FromYear":184,"ToYear":214,"Area":467528.83432172984,"Type":"POLITY","Wikipedia":"Western Satraps","Wikidata":"Q2086608","SeshatID":"pk_western_satraps","Components":"","MemberOf":"","sourceFeatureId":"cliopatria-d94b91a966d37bc47efa7425","datasetId":"cliopatria"},"geometry":{"type":"MultiPolygon","coordinates":[[[[78.344,26.129],[78.38,24.908],[78.285,23.686],[77.73,22.851],[75.756,21.243],[74.755,20.922],[74.497,20.601],[74.348,20.601],[74.246,20.343],[73.47,20.022],[72.87,19.958],[72.708,19.829],[72.634,19.829],[72.837,20.343],[72.899,20.922],[72.563,21.243],[72.76,21.693],[72.544,21.758],[72.527,22.272],[72.378,22.272],[72.342,21.951],[72.112,21.886],[72.173,21.758],[72.321,21.758],[72.185,21.179],[71.408,20.858],[71.321,20.729],[70.721,20.665],[70.295,20.858],[69.89,21.243],[69.903,21.372],[69.497,21.758],[69.349,21.758],[68.949,22.208],[68.977,22.465],[69.409,22.336],[69.497,22.465],[69.869,22.465],[70.263,22.658],[70.365,22.915],[69.451,22.722],[69.099,22.915],[69.025,22.915],[69.039,23.043],[69.5,23.172],[70.065,23.558],[70.424,24.072],[70.448,24.265],[70.605,24.329],[70.57,24.651],[71.086,25.165],[71.235,25.165],[71.905,25.679],[73.179,26.194],[73.479,26.194],[73.959,26.387],[75.972,26.772],[77.11,26.837],[77.238,26.708],[77.689,26.708],[77.786,26.837],[78.236,26.837],[78.257,26.515],[78.332,26.515],[78.269,26.129],[78.344,26.129]]]]}},{"type":"Feature","id":"cliopatria-ed2c3afadc5f85229af1aee3","properties":{"NAME":"Hadhramaut","ABBREVN":null,"CONTROL":null,"SUBJECTO":"Hadhramaut","PARTOF":null,"BORDERPRECISION":1,"FromYear":184,"ToYear":282,"Area":97893.44140192315,"Type":"POLITY","Wikipedia":"Hadhramaut","Wikidata":"Q1517159","SeshatID":"","Components":"","MemberOf":"","sourceFeatureId":"cliopatria-ed2c3afadc5f85229af1aee3","datasetId":"cliopatria"},"geometry":{"type":"MultiPolygon","coordinates":[[[[51.074,15.458],[50.845,15.329],[50.752,15.008],[49.63,14.686],[48.535,14.815],[48.322,14.943],[47.521,15.072],[47.528,15.2],[46.8,15.329],[46.58,15.329],[46.492,15.072],[46.341,15.008],[45.302,14.815],[45.228,14.815],[44.56,14.686],[44.346,14.815],[44.29,15.136],[45.025,15.136],[45.179,15.265],[45.848,15.393],[45.855,15.522],[46.149,15.522],[46.381,15.715],[46.47,15.972],[46.473,16.036],[46.555,16.165],[46.698,16.1],[48.117,16.422],[49.594,16.486],[50.118,16.615],[50.483,16.55],[51.081,16.679],[51.887,16.615],[51.952,16.486],[51.86,16.229],[51.242,15.779],[51.078,15.522],[51.074,15.458]]],[[[46.702,16.165],[46.628,16.165],[46.632,16.229],[46.706,16.229],[46.702,16.165]]]]}},{"type":"Feature","id":"cliopatria-7fcfa0234b6629024dcc5d5d","properties":{"NAME":"Cao Cao","ABBREVN":null,"CONTROL":null,"SUBJECTO":"Cao Cao","PARTOF":null,"BORDERPRECISION":1,"FromYear":197,"ToYear":206,"Area":177494.31617152796,"Type":"POLITY","Wikipedia":"Cao Cao","Wikidata":"Q204077","SeshatID":"","Components":"","MemberOf":"","sourceFeatureId":"cliopatria-7fcfa0234b6629024dcc5d5d","datasetId":"cliopatria"},"geometry":{"type":"MultiPolygon","coordinates":[[[[112.55,36.353],[112.522,36.288],[112.766,35.773],[112.998,35.773],[113.602,36.095],[113.984,36.61],[114.217,36.61],[114.393,36.482],[114.349,36.031],[114.659,36.031],[114.835,35.902],[115.869,36.482],[116.316,36.61],[116.286,36.546],[116.694,36.417],[117.102,35.773],[117.49,35.773],[118.225,36.031],[118.38,36.031],[118.477,35.902],[117.889,34.744],[117.652,34.551],[117.344,34.551],[117.14,34.615],[117.25,34.872],[117.432,34.937],[117.438,35.13],[116.771,35.194],[116.484,35.065],[116.238,34.486],[114.973,33.843],[113.821,33.457],[112.314,33.329],[112.111,33.2],[111.623,33.329],[111.544,33.522],[111.262,33.586],[111.183,33.779],[110.974,34.229],[110.769,34.293],[110.82,34.422],[110.691,34.486],[110.717,34.744],[110.588,34.808],[110.666,35.001],[110.589,35.001],[110.747,35.387],[110.981,35.58],[111.743,37.513],[112.029,37.964],[112.594,37.835],[112.534,37.706],[112.613,37.706],[112.553,37.577],[112.65,37.448],[112.43,36.61],[112.508,36.61],[112.451,36.482],[112.55,36.353]]]]}},{"type":"Feature","id":"cliopatria-7cf7ae69f717714827b6a154","properties":{"NAME":"Goths","ABBREVN":null,"CONTROL":null,"SUBJECTO":"Goths","PARTOF":null,"BORDERPRECISION":1,"FromYear":197,"ToYear":206,"Area":75478.09277577687,"Type":"POLITY","Wikipedia":"Goths","Wikidata":"Q42193","SeshatID":"","Components":"","MemberOf":"","sourceFeatureId":"cliopatria-7cf7ae69f717714827b6a154","datasetId":"cliopatria"},"geometry":{"type":"MultiPolygon","coordinates":[[[[20.365,53.732],[20.359,53.665],[20.951,53.53],[21.111,53.395],[21.381,53.53],[21.806,53.462],[21.781,53.192],[21.94,53.057],[21.921,52.855],[22.435,52.855],[22.489,52.519],[23.159,52.385],[23.145,52.25],[23.401,52.25],[23.636,52.049],[23.472,51.246],[23.556,51.246],[23.493,50.579],[23.577,50.579],[23.558,50.379],[23.785,50.113],[23.665,49.714],[22.744,49.714],[22.755,49.847],[21.966,50.446],[21.904,50.712],[21.667,50.912],[21.695,51.246],[21.87,51.313],[21.367,51.38],[21.209,51.513],[21.151,51.848],[20.987,51.915],[20.929,52.25],[20.695,52.519],[19.413,52.519],[19.337,52.654],[19.005,52.788],[18.495,52.855],[18.427,53.125],[18.78,53.26],[18.726,53.732],[18.817,53.8],[18.486,54.003],[18.34,54.41],[18.253,54.41],[18.271,54.681],[18.45,54.749],[18.687,54.41],[19.641,54.41],[19.63,54.274],[19.885,54.206],[19.95,53.935],[20.365,53.732]]]]}},{"type":"Feature","id":"cliopatria-d436461058a477eb49531be1","properties":{"NAME":"Han Dynasty","ABBREVN":null,"CONTROL":null,"SUBJECTO":"Han Dynasty","PARTOF":null,"BORDERPRECISION":1,"FromYear":197,"ToYear":206,"Area":3478878.320305283,"Type":"POLITY","Wikipedia":"Han dynasty","Wikidata":"Q1068371","SeshatID":"cn_eastern_han_dyn","Components":"","MemberOf":"","sourceFeatureId":"cliopatria-d436461058a477eb49531be1","datasetId":"cliopatria"},"geometry":{"type":"MultiPolygon","coordinates":[[[[109.841,18.222],[109.25,18.222],[109.123,18.35],[108.765,18.415],[108.638,18.543],[108.704,19.379],[109.203,19.701],[109.246,19.958],[110.157,20.086],[110.591,20.022],[110.613,20.151],[110.909,20.151],[111.087,19.893],[111.032,19.572],[110.884,19.572],[110.851,19.379],[110.681,19.251],[110.508,18.672],[110.19,18.543],[110.179,18.479],[109.862,18.35],[109.841,18.222]]],[[[113.785,22.529],[113.747,22.722],[113.599,22.722],[113.687,22.401],[113.639,22.143],[113.416,22.143],[113.526,22.336],[113.53,22.358],[113.451,22.336],[113.318,22.015],[113.106,22.079],[113.071,21.886],[112.774,21.886],[112.441,21.693],[111.859,21.758],[111.664,21.501],[110.984,21.436],[110.739,21.308],[110.716,21.179],[110.419,21.179],[110.483,21.115],[110.364,20.858],[110.616,20.601],[110.487,20.279],[109.883,20.215],[109.927,20.472],[109.789,20.536],[109.77,20.858],[109.696,20.858],[109.87,21.436],[109.807,21.501],[109.116,21.372],[109.086,21.629],[108.652,21.693],[108.555,21.565],[107.79,21.436],[107.417,20.986],[106.961,20.922],[106.834,20.601],[106.685,20.601],[106.537,20.151],[105.965,19.829],[105.734,18.865],[106.051,18.543],[106.031,18.415],[106.178,18.415],[106.295,18.222],[106.57,18.093],[106.571,17.643],[106.772,17.515],[106.752,17.386],[107.026,17.258],[106.765,17],[106.534,16.936],[105.144,18.415],[105.185,18.672],[105.037,18.672],[105.142,18.865],[105.015,18.993],[105.014,19.443],[104.94,19.443],[104.992,19.765],[104.865,19.893],[104.981,20.151],[104.44,20.472],[104.619,20.665],[104.905,20.601],[104.873,20.858],[105.096,20.858],[104.851,21.179],[104.979,21.501],[104.926,21.629],[105.096,21.758],[105.128,21.951],[104.874,22.208],[105.238,22.593],[105.197,22.786],[105.208,22.851],[105.283,22.851],[105.294,22.915],[105.369,22.915],[105.357,22.851],[105.678,22.979],[105.69,23.043],[105.615,23.043],[105.363,23.301],[104.956,23.108],[104.905,23.236],[102.99,23.365],[101.811,24.265],[101.462,25.165],[101.398,25.936],[101.196,26.387],[101.09,27.544],[101.014,27.544],[101.05,27.994],[100.915,28.058],[101.039,28.251],[100.964,28.251],[101.03,28.508],[100.955,28.508],[101.022,28.765],[100.881,29.087],[100.951,29.344],[100.875,29.344],[100.964,29.665],[100.889,29.665],[100.961,29.922],[100.885,29.922],[100.978,30.244],[100.902,30.244],[101.015,30.629],[100.939,30.629],[101.055,31.015],[100.979,31.015],[101.316,31.85],[101.336,31.915],[101.357,31.979],[101.687,32.75],[102.552,33.264],[103.034,33.329],[103.332,33.522],[103.493,33.972],[103.355,34.229],[103.402,34.358],[103.479,34.358],[103.503,34.422],[103.735,35.451],[103.63,35.58],[103.677,35.902],[103.6,35.902],[103.676,36.095],[103.467,36.353],[103.518,36.482],[103.389,36.546],[103.44,36.675],[103.311,36.739],[103.363,36.868],[103.208,37.062],[102.871,37.19],[102.611,37.126],[102.586,37.255],[102.171,37.384],[102.172,37.577],[102.043,37.642],[102.096,37.771],[101.755,37.513],[101.601,37.706],[101.315,37.771],[101.29,37.9],[100.796,38.029],[100.799,38.222],[100.642,38.222],[100.414,38.61],[100.199,38.287],[99.862,38.416],[99.379,39.126],[99.092,39.191],[99.12,39.256],[98.958,39.062],[98.384,39.191],[98.117,38.933],[97.96,38.933],[97.857,39.062],[97.492,39.126],[97.468,39.256],[96.763,39.45],[96.681,39.256],[96.76,39.256],[96.678,39.062],[96.757,39.062],[96.677,38.868],[96.755,38.868],[96.649,38.61],[96.414,38.61],[96.31,38.739],[95.682,38.933],[95.319,39.385],[94.977,39.32],[94.506,39.514],[93.955,39.514],[93.351,39.385],[93.272,39.385],[93.273,39.773],[93.09,39.902],[93.199,40.161],[93.278,40.161],[93.365,40.55],[93.574,40.485],[93.845,40.744],[95.23,41.003],[97.214,41.003],[97.184,40.938],[97.888,40.744],[98.037,40.55],[98.274,40.55],[98.503,40.355],[98.948,40.291],[98.918,40.226],[99.284,40.161],[99.384,40.032],[100.173,40.032],[100.144,39.967],[100.381,39.967],[100.737,39.708],[101.181,39.644],[101.165,39.256],[101.559,39.256],[101.63,39.062],[102.123,38.933],[102.095,38.868],[103.132,39.256],[103.812,39.708],[104.583,39.838],[104.668,39.514],[103.939,39.126],[103.608,38.739],[104.108,38.803],[103.836,38.545],[103.751,38.351],[103.88,38.287],[103.663,37.964],[103.764,37.835],[104.362,37.771],[104.463,37.642],[105.774,37.964],[107.359,37.835],[108.539,38.029],[108.51,37.964],[108.745,37.964],[108.843,37.835],[110.123,37.9],[110.094,37.835],[110.484,37.835],[110.455,37.771],[111.743,37.513],[110.981,35.58],[110.747,35.387],[110.589,35.001],[110.666,35.001],[110.588,34.808],[110.717,34.744],[110.691,34.486],[110.82,34.422],[110.769,34.293],[110.974,34.229],[111.183,33.779],[111.262,33.586],[111.544,33.522],[111.623,33.329],[112.111,33.2],[112.314,33.329],[113.821,33.457],[114.973,33.843],[116.238,34.486],[116.484,35.065],[116.771,35.194],[117.438,35.13],[117.432,34.937],[117.25,34.872],[117.14,34.615],[117.344,34.551],[117.652,34.551],[117.889,34.744],[118.477,35.902],[118.38,36.031],[118.225,36.031],[117.49,35.773],[117.102,35.773],[116.694,36.417],[116.286,36.546],[116.316,36.61],[115.869,36.482],[114.835,35.902],[114.659,36.031],[114.349,36.031],[114.393,36.482],[114.217,36.61],[113.984,36.61],[113.602,36.095],[112.998,35.773],[112.766,35.773],[112.522,36.288],[112.55,36.353],[112.451,36.482],[112.508,36.61],[112.43,36.61],[112.65,37.448],[112.553,37.577],[112.613,37.706],[112.534,37.706],[112.594,37.835],[112.029,37.964],[113.004,39.644],[113.623,40.226],[113.76,40.485],[114.297,40.744],[114.808,40.809],[115.992,41.782],[117.338,42.171],[117.737,42.171],[117.701,41.976],[117.823,41.911],[117.708,41.717],[117.791,41.587],[118.072,41.522],[118.034,41.457],[118.47,41.522],[118.432,41.457],[118.671,41.457],[118.633,41.392],[118.83,41.457],[118.792,41.392],[119.428,41.392],[119.39,41.327],[120.942,41.263],[123.167,41.911],[123.127,41.847],[123.405,41.782],[123.365,41.717],[123.604,41.717],[123.564,41.652],[124.042,41.522],[124.002,41.457],[124.28,41.392],[124.24,41.327],[124.479,41.327],[124.439,41.263],[124.717,41.198],[124.678,41.133],[125.831,41.327],[125.79,41.263],[126.108,41.263],[126.187,41.133],[126.742,41.003],[126.623,40.679],[126.425,40.614],[126.269,40.355],[126.432,40.096],[126.709,40.032],[126.832,39.838],[126.728,39.385],[126.964,39.385],[126.854,39.191],[127.023,38.933],[126.937,38.351],[126.348,37.835],[126.27,37.835],[125.845,37.771],[125.835,37.9],[125.678,37.9],[125.387,37.642],[125.231,37.642],[125.298,37.771],[125.209,37.9],[124.897,37.9],[125.077,38.093],[124.764,38.093],[124.866,38.287],[124.788,38.287],[124.961,38.61],[125.153,38.674],[125.189,38.739],[125.032,38.739],[125.39,39.385],[125.306,39.514],[124.87,39.579],[124.865,39.708],[124.512,39.644],[124.345,39.902],[124.034,39.773],[123.597,39.838],[122.936,39.644],[122.17,39.256],[121.952,38.997],[121.716,38.997],[121.422,38.739],[121.029,38.739],[121.201,39.062],[121.515,39.062],[121.69,39.385],[121.297,39.385],[121.21,39.514],[121.281,39.644],[121.438,39.644],[121.503,39.902],[121.776,39.967],[122.231,40.485],[122.106,40.679],[121.827,40.744],[121.824,40.874],[121.189,40.874],[121.11,40.874],[121.072,40.809],[120.647,40.485],[120.5,40.226],[119.38,39.773],[119.215,39.32],[118.989,39.191],[118.057,39.062],[118.046,39.191],[117.888,39.191],[117.709,38.997],[117.676,38.933],[117.642,38.868],[117.602,38.481],[118.054,38.287],[118.067,38.158],[118.583,38.093],[118.648,38.222],[118.804,38.222],[118.772,38.158],[119.457,37.964],[119.393,37.835],[119.237,37.835],[118.984,37.319],[119.14,37.319],[119.156,37.19],[119.701,37.19],[119.827,37.448],[120.202,37.577],[120.188,37.706],[120.754,37.9],[121.112,37.835],[121.171,37.642],[121.483,37.642],[121.497,37.513],[122.154,37.577],[122.121,37.513],[122.713,37.448],[122.474,37.126],[122.566,36.997],[122.394,36.804],[121.912,36.933],[121.212,36.61],[120.979,36.61],[120.965,36.417],[120.732,36.417],[120.659,36.095],[120.474,36.031],[120.318,36.031],[120.259,35.902],[119.773,35.516],[119.619,35.516],[119.369,35.13],[119.341,35.065],[119.228,34.808],[119.459,34.808],[119.431,34.744],[119.711,34.679],[119.732,34.551],[120.342,34.358],[120.489,34.165],[120.55,33.586],[120.926,33.2],[120.923,33.007],[120.897,32.943],[120.973,32.943],[120.919,32.622],[121.403,32.493],[121.503,32.172],[121.783,32.107],[121.987,31.85],[121.836,31.658],[121.683,31.658],[121.581,31.786],[120.919,31.85],[121.454,31.658],[121.481,31.529],[121.634,31.529],[121.584,31.4],[121.737,31.4],[121.995,31.079],[121.899,30.822],[121.519,30.822],[121.396,30.694],[121.32,30.694],[121.297,30.629],[121.045,30.565],[120.68,30.179],[120.809,30.115],[121.105,30.308],[121.484,30.308],[121.62,30.051],[122.03,29.922],[121.865,29.665],[122.016,29.665],[121.928,29.408],[122.004,29.408],[121.938,29.215],[121.712,29.215],[121.798,29.472],[121.593,29.537],[121.539,29.151],[121.744,29.087],[121.714,28.765],[121.522,28.637],[121.652,28.572],[121.646,28.315],[121.153,28.187],[121.193,28.315],[121.118,28.315],[121.038,28.058],[120.868,27.994],[120.715,27.737],[120.657,27.544],[120.733,27.544],[120.545,27.158],[120.395,27.158],[120.247,26.901],[120.096,26.901],[120.061,26.772],[120.211,26.772],[120.158,26.579],[119.84,26.515],[119.938,26.322],[119.587,26.129],[119.778,26.001],[119.53,25.615],[119.904,25.615],[119.872,25.486],[119.466,25.358],[119.423,25.486],[119.273,25.486],[119.391,25.358],[119.344,25.165],[119.029,25.101],[119.074,24.972],[118.819,24.844],[118.76,24.586],[118.147,24.522],[118.076,24.201],[117.721,23.943],[117.694,23.815],[117.47,23.815],[117.179,23.493],[116.894,23.558],[116.78,23.365],[116.815,23.172],[116.591,23.172],[116.54,22.915],[115.696,22.786],[115.671,22.658],[115.373,22.658],[115.174,22.786],[114.902,22.529],[114.753,22.529],[114.703,22.658],[114.715,22.722],[114.641,22.722],[114.628,22.658],[114.616,22.593],[114.531,22.143],[113.999,22.079],[113.996,22.465],[113.785,22.529]],[[120.176,36.224],[120.146,36.16],[120.116,36.095],[120.251,36.052],[120.301,36.16],[120.176,36.224]]],[[[121.977,29.987],[122.022,30.115],[122.045,30.179],[122.273,30.179],[122.28,29.987],[121.977,29.987]]]]}},{"type":"Feature","id":"cliopatria-34fc6c3c03bd8f2ed6b6e0a4","properties":{"NAME":"Parthian Empire","ABBREVN":null,"CONTROL":null,"SUBJECTO":"Parthian Empire","PARTOF":null,"BORDERPRECISION":1,"FromYear":197,"ToYear":206,"Area":2631120.145319066,"Type":"POLITY","Wikipedia":"Parthian Empire","Wikidata":"Q1986139","SeshatID":"iq_parthian_emp_2","Components":"","MemberOf":"","sourceFeatureId":"cliopatria-34fc6c3c03bd8f2ed6b6e0a4","datasetId":"cliopatria"},"geometry":{"type":"MultiPolygon","coordinates":[[[[51.138,25.486],[51.212,25.486],[51.207,25.422],[51.132,25.422],[51.138,25.486]]],[[[50.43,25.936],[50.46,26.258],[50.685,26.258],[50.673,26.129],[50.667,26.065],[50.649,25.872],[50.43,25.936]]],[[[57.351,40.291],[58.332,40.42],[58.537,40.291],[58.854,40.291],[58.98,40.161],[59.77,40.161],[59.768,39.838],[60.084,39.838],[60.052,39.708],[60.683,39.708],[60.713,39.514],[60.949,39.514],[62.502,40.032],[62.879,39.967],[64.02,40.096],[64.389,40.291],[65.235,40.485],[65.272,40.614],[65.351,40.614],[65.37,40.679],[65.449,40.679],[65.43,40.614],[65.589,40.614],[65.804,40.809],[65.883,40.809],[65.564,39.967],[65.291,39.838],[65.203,39.514],[65.282,39.514],[65.065,38.997],[65.144,38.997],[65.077,38.739],[65.155,38.739],[64.751,35.773],[64.829,35.773],[64.854,35.194],[65.092,34.872],[64.574,34.615],[64.324,34.165],[63.873,33.843],[63.426,32.365],[63.185,32.3],[63.161,32.172],[62.82,31.979],[62.421,31.465],[61.942,31.336],[61.875,30.951],[61.387,30.308],[60.956,29.987],[61.001,29.794],[62.304,29.408],[64.12,29.408],[64.53,29.601],[65.125,29.537],[66.077,29.794],[66.434,29.665],[66.888,29.665],[66.995,29.408],[67.135,29.344],[66.931,28.572],[67.007,28.572],[66.965,28.315],[67.041,28.315],[67.046,27.865],[67.121,27.865],[67.062,27.479],[67.175,27.222],[67.197,26.322],[67.502,25.808],[67.112,25.101],[66.64,24.908],[66.648,24.972],[66.62,25.358],[66.345,25.551],[66.021,25.358],[64.816,25.294],[64.801,25.165],[64.285,25.229],[64.225,25.358],[63.626,25.358],[63.536,25.229],[62.563,25.229],[62.474,25.101],[62.182,25.165],[62.018,25.036],[61.719,25.036],[61.658,25.165],[61.127,25.101],[60.917,25.229],[60.618,25.229],[60.632,25.358],[59.06,25.358],[58.782,25.551],[57.958,25.551],[57.74,25.615],[57.679,25.744],[57.38,25.744],[57.176,25.936],[57.052,26.837],[56.715,27.158],[56.188,27.158],[56.098,27.029],[56.324,27.029],[56.309,26.901],[56.061,26.708],[55.603,26.644],[55.439,26.515],[55.289,26.515],[55.31,26.708],[55.543,26.772],[55.242,26.772],[54.832,26.451],[54.463,26.515],[54.259,26.708],[53.658,26.708],[53.461,26.965],[52.737,27.222],[52.479,27.608],[52.049,27.801],[51.597,27.801],[51.317,27.994],[51.331,28.122],[51.066,28.444],[51.028,28.765],[50.809,28.83],[50.915,29.087],[50.62,29.151],[50.651,29.408],[50.236,29.729],[50.065,30.179],[49.586,29.987],[48.943,30.308],[48.987,30.051],[48.365,29.922],[48.404,29.601],[47.866,29.537],[47.852,29.408],[48.079,29.408],[48.215,29.279],[48.194,29.087],[48.46,28.765],[48.563,28.315],[48.974,27.93],[48.872,27.672],[49.242,27.608],[49.36,27.287],[50.135,26.772],[50.116,26.579],[50.254,26.451],[50.223,26.129],[50.067,26.065],[50.211,26.001],[50.325,25.615],[50.608,25.422],[50.654,25.101],[50.729,25.101],[50.769,25.551],[50.925,25.615],[50.955,25.936],[51.123,26.129],[51.423,26.129],[51.698,25.872],[51.575,25.358],[51.719,25.294],[51.69,24.972],[51.524,24.779],[51.411,24.329],[51.854,24.265],[51.907,24.008],[52.28,24.008],[52.6,24.265],[53.112,24.136],[54.083,24.136],[54.099,24.329],[54.318,24.265],[54.559,24.458],[54.744,24.844],[55.143,25.101],[55.412,25.551],[55.97,25.872],[56.168,26.322],[56.475,26.387],[56.543,26.322],[56.385,25.551],[56.46,25.551],[56.421,25.165],[56.496,25.165],[56.402,24.972],[56.545,24.908],[56.788,24.329],[57.493,23.879],[58.812,23.622],[59.08,23.301],[59.068,23.172],[59.28,23.043],[59.268,22.915],[58.896,22.915],[58.908,23.043],[58.61,23.043],[58.335,23.301],[57.962,23.301],[57.974,23.429],[57.83,23.493],[56.809,23.751],[56.821,23.879],[56.54,24.072],[56.489,24.329],[56.271,24.393],[56.29,24.586],[56.09,24.844],[55.859,24.779],[55.841,24.586],[55.623,24.651],[54.812,23.943],[54.273,23.751],[51.881,23.686],[51.822,23.879],[51.166,24.072],[51.102,24.201],[51.203,24.522],[51.133,24.586],[51.294,24.715],[51.327,25.101],[51.402,25.101],[51.27,25.294],[51.35,25.358],[51.323,25.872],[51.173,25.872],[51.23,25.679],[50.982,25.422],[50.965,25.229],[51.12,25.294],[50.92,24.715],[50.616,24.651],[50.344,24.972],[50.032,25.679],[49.674,25.872],[49.878,26.451],[49.252,26.965],[49.265,27.094],[49.059,27.287],[48.552,27.479],[48.467,28.122],[48.247,28.187],[48.206,28.508],[48.055,28.508],[48.144,28.637],[48,28.701],[48.014,28.83],[47.809,29.022],[47.651,28.958],[47.672,29.151],[47.535,29.279],[47.654,29.665],[47.29,29.794],[46.979,29.729],[46.994,29.858],[46.85,29.922],[46.615,29.858],[46.591,30.308],[45.77,30.436],[44.955,31.272],[44.581,31.336],[44.459,31.593],[43.833,32.107],[43.841,32.172],[44.314,32.3],[44.43,32.622],[45.014,33.007],[44.979,33.329],[44.135,33.329],[43.861,33.586],[43.408,33.65],[43.21,33.907],[42.988,33.972],[43.02,34.229],[42.89,34.422],[42.513,34.486],[42.416,34.937],[41.953,34.937],[41.283,35.13],[41.441,35.773],[41.311,35.966],[41.335,36.16],[41.671,36.353],[42.629,36.546],[42.623,37.062],[42.765,37.513],[42.774,37.577],[42.852,37.577],[42.861,37.642],[42.871,37.706],[42.88,37.771],[43.886,37.706],[43.945,37.577],[44.637,37.513],[44.774,37.384],[44.803,37.062],[45.251,36.933],[45.446,37.19],[45.29,37.19],[45.252,37.448],[45.174,37.448],[45.224,37.771],[45.635,37.9],[45.854,38.287],[46.121,38.481],[47.252,38.674],[48.326,38.093],[48.795,38.093],[48.874,38.093],[48.829,37.835],[49.085,37.513],[49.854,37.448],[50.321,36.997],[50.566,37.062],[50.632,36.997],[50.532,36.868],[51.265,36.61],[52.186,36.546],[53.088,36.804],[54.033,36.868],[54.095,37.19],[53.91,37.448],[53.908,37.835],[53.83,37.835],[53.987,38.997],[53.518,39.385],[53.138,39.45],[53.545,39.514],[53.498,40.032],[52.723,40.096],[52.714,40.42],[52.793,40.42],[52.893,40.874],[52.972,40.874],[52.943,40.744],[53.34,40.744],[53.448,40.874],[53.404,40.679],[54.544,40.809],[56.655,40.355],[56.987,40.42],[56.956,40.291],[57.035,40.291],[57.241,40.161],[57.351,40.291]]]]}},{"type":"Feature","id":"cliopatria-f3f04c9254066262167f84a2","properties":{"NAME":"Roman Empire","ABBREVN":null,"CONTROL":null,"SUBJECTO":"Roman Empire","PARTOF":null,"BORDERPRECISION":1,"FromYear":197,"ToYear":206,"Area":4640800.476061555,"Type":"POLITY","Wikipedia":"Roman Empire","Wikidata":"Q12544","SeshatID":"it_roman_principate","Components":"","MemberOf":"","sourceFeatureId":"cliopatria-f3f04c9254066262167f84a2","datasetId":"cliopatria"},"geometry":{"type":"MultiPolygon","coordinates":[[[[2.61,34.422],[2.533,34.422],[2.531,34.486],[2.608,34.486],[2.61,34.422]]],[[[14.34,36.031],[14.417,36.031],[14.571,35.966],[14.568,35.773],[14.337,35.838],[14.34,36.031]]],[[[22.887,36.417],[22.965,36.417],[23.117,36.353],[23.107,36.16],[22.874,36.16],[22.887,36.417]]],[[[7.24,50.712],[7.41,50.645],[7.413,50.512],[7.664,50.579],[7.755,50.246],[7.923,50.246],[8.169,50.579],[8.758,50.579],[8.68,50.113],[8.764,50.113],[8.766,49.98],[8.933,50.046],[8.934,49.914],[9.187,49.781],[9.192,49.316],[9.529,48.853],[12.111,49.184],[12.609,48.985],[12.773,48.787],[13.519,48.654],[14.258,48.258],[14.672,48.258],[14.841,48.39],[15.499,48.192],[16.663,48.324],[16.904,48.126],[17.072,48.192],[17.067,48.06],[17.635,47.796],[18.626,47.796],[18.798,47.928],[18.957,47.796],[18.95,47.664],[19.269,47.466],[19.173,47.203],[18.923,47.137],[18.998,47.006],[18.834,47.006],[18.824,46.809],[18.906,46.809],[18.896,46.612],[19.05,46.415],[18.952,46.087],[18.87,46.087],[18.949,46.021],[18.854,45.759],[19.011,45.628],[18.923,45.497],[19.004,45.497],[18.998,45.366],[19.238,45.3],[20.056,45.366],[19.907,45.628],[20.17,45.955],[20.185,46.218],[21.24,46.087],[21.331,46.218],[21.494,46.218],[21.486,46.087],[21.649,46.087],[22.008,46.546],[22.026,46.809],[22.291,47.072],[22.218,47.203],[22.3,47.203],[22.315,47.401],[22.752,47.73],[23.253,47.796],[23.82,47.664],[25.553,47.664],[25.624,47.532],[25.865,47.466],[25.916,47.137],[26.706,46.809],[26.516,46.546],[26.541,45.955],[26.459,45.955],[26.44,45.759],[26.283,45.824],[26.19,45.693],[26.234,45.3],[26.078,45.366],[25.954,44.908],[25.78,44.777],[25.844,44.581],[25.688,44.647],[25.676,44.516],[25.838,44.516],[25.889,44.19],[26.132,44.19],[26.201,44.059],[26.698,44.19],[27.418,44.124],[27.923,44.32],[27.869,44.581],[27.707,44.581],[27.727,44.777],[27.889,44.777],[27.922,45.104],[27.767,45.17],[27.787,45.366],[28.038,45.431],[28.051,45.562],[28.289,45.497],[28.275,45.366],[28.431,45.3],[29.177,45.431],[29.288,45.693],[29.815,46.021],[30.107,46.415],[30.975,46.809],[31.082,47.006],[31.567,46.94],[31.533,46.677],[30.877,46.677],[30.298,45.955],[30.045,45.89],[29.859,45.693],[29.614,45.693],[29.584,45.431],[29.666,45.431],[29.525,44.908],[29.024,44.777],[29.046,44.973],[28.802,44.973],[28.841,44.581],[28.577,44.385],[28.536,43.994],[28.616,43.994],[28.481,43.472],[28.159,43.472],[28.226,43.342],[27.898,43.277],[27.805,43.147],[27.847,42.756],[27.514,42.626],[27.495,42.431],[27.796,42.236],[27.784,42.106],[28.004,41.911],[27.979,41.652],[28.218,41.652],[28.279,41.457],[28.505,41.327],[28.976,41.263],[28.963,41.133],[30.479,41.198],[30.624,41.068],[31.18,41.068],[31.534,41.392],[32.027,41.522],[32.042,41.652],[32.193,41.587],[32.695,41.782],[32.631,41.911],[34.785,41.911],[34.882,42.041],[35.121,42.041],[35.157,41.717],[35.954,41.717],[36.209,41.263],[36.775,41.327],[37.065,41.133],[37.233,41.198],[37.215,41.068],[37.771,41.068],[37.831,40.938],[38.158,41.003],[38.298,40.874],[38.783,40.938],[39.051,41.133],[39.736,40.938],[40.37,40.938],[40.391,41.068],[40.539,41.003],[41.047,41.198],[41.159,41.392],[41.307,41.327],[41.408,41.457],[41.567,41.457],[41.815,41.976],[41.735,41.976],[41.758,42.106],[41.598,42.106],[41.701,42.236],[41.483,42.366],[41.609,42.626],[41.334,42.886],[41.173,42.886],[41.116,43.017],[40.817,43.147],[40.416,43.147],[40.219,43.407],[39.978,43.407],[40.081,43.538],[40.161,43.538],[40.599,43.277],[41.001,43.277],[41.208,43.082],[41.666,42.951],[41.803,42.821],[41.78,42.691],[41.998,42.561],[42.01,41.717],[41.705,41.327],[41.625,41.327],[41.614,41.263],[41.535,41.263],[41.45,40.744],[40.953,40.614],[40.398,40.096],[38.79,39.902],[38.93,39.773],[38.745,39.579],[38.954,39.385],[39.209,39.514],[39.751,39.45],[39.848,39.579],[40.548,39.514],[40.51,39.256],[40.658,39.191],[40.469,38.416],[40.547,38.416],[40.572,38.029],[40.094,37.964],[40.051,37.642],[40.181,37.448],[39.496,37.577],[39.46,37.9],[39.122,37.706],[38.349,37.771],[38.333,37.642],[37.989,37.384],[37.958,37.126],[38.176,36.997],[38.133,35.966],[38.428,35.838],[39.497,35.709],[39.753,35.902],[40.809,36.288],[41.283,36.353],[41.541,36.546],[41.533,36.482],[41.61,36.482],[41.602,36.417],[41.68,36.417],[41.671,36.353],[41.335,36.16],[41.311,35.966],[41.441,35.773],[41.283,35.13],[41.953,34.937],[42.416,34.937],[42.513,34.486],[42.89,34.422],[43.02,34.229],[42.988,33.972],[43.21,33.907],[43.408,33.65],[43.861,33.586],[44.135,33.329],[44.979,33.329],[45.014,33.007],[44.43,32.622],[44.314,32.3],[43.841,32.172],[43.764,32.172],[43.153,32.814],[42.709,32.943],[42.578,33.136],[41.489,33.65],[41.212,33.907],[40.912,33.972],[40.704,34.165],[40.311,34.1],[40.403,34.229],[39.509,34.486],[39.124,34.486],[38.479,34.229],[37.073,33.264],[37.054,33.072],[36.901,33.072],[36.717,32.75],[36.751,32.3],[36.516,32.236],[36.656,32.107],[36.492,31.979],[36.463,31.658],[36.387,31.658],[36.423,31.208],[36.271,31.208],[36.401,30.951],[36.156,30.758],[35.942,29.987],[35.866,29.987],[35.826,29.472],[35.958,29.215],[35.858,28.894],[36.401,28.058],[36.552,28.058],[36.689,27.865],[37.127,27.672],[37.26,27.415],[37.481,27.351],[37.472,27.222],[37.769,27.158],[38.051,26.901],[38.206,26.965],[38.197,26.837],[38.493,26.772],[38.484,26.644],[38.701,26.515],[38.692,26.387],[38.304,26.194],[37.826,25.744],[37.215,25.551],[37.132,25.422],[36.773,25.679],[36.717,26.001],[36.429,26.194],[36.165,26.772],[35.672,27.287],[35.613,27.544],[35.467,27.608],[35.409,27.865],[35.049,28.122],[34.593,28.058],[34.605,28.251],[34.854,28.572],[34.913,29.408],[34.752,29.279],[34.517,28.058],[34.358,27.93],[34.346,27.737],[34.12,27.737],[33.617,28.122],[33.554,28.315],[33.403,28.315],[33.189,28.508],[33.214,28.894],[32.857,29.215],[32.526,29.922],[32.429,29.601],[32.639,29.344],[32.689,28.958],[32.836,28.894],[33.105,28.38],[33.609,27.994],[33.585,27.608],[33.799,27.415],[33.927,27.029],[34.073,26.965],[34.051,26.579],[34.197,26.515],[34.461,25.872],[34.608,25.808],[35.146,24.651],[35.86,24.008],[35.854,23.879],[35.559,23.943],[35.553,23.815],[35.108,23.879],[33.756,23.686],[33.682,23.686],[33.389,23.815],[32.041,23.686],[31.67,23.751],[30.537,23.365],[30.463,23.365],[30.395,23.558],[30.104,23.751],[30.109,23.879],[29.959,23.879],[29.673,24.201],[28.569,24.651],[28.289,25.165],[28.244,25.936],[28.345,26.579],[28.27,26.579],[28.154,27.351],[27.937,27.544],[27.711,27.544],[27.792,27.672],[27.43,27.994],[27.276,27.93],[27.285,28.122],[27.14,28.251],[25.586,28.958],[25.373,29.279],[25.147,29.279],[25.001,29.408],[24.847,29.344],[24.779,29.537],[24.33,29.665],[23.962,29.922],[23.51,29.987],[22.916,30.308],[22.762,30.244],[22.767,30.372],[21.939,30.565],[20.952,30.565],[18.735,29.987],[17.905,30.179],[16.701,30.694],[15.49,30.951],[15.184,30.886],[15.187,31.079],[14.584,31.529],[14.586,31.658],[14.284,31.915],[13.6,32.172],[13.066,32.172],[13.067,32.3],[11.768,32.3],[11.768,32.429],[11.539,32.429],[11.463,32.557],[11.31,32.493],[11.157,32.686],[10.392,33.007],[10.009,33.007],[10.085,33.136],[9.625,33.136],[9.547,33.329],[9.624,33.457],[9.316,33.586],[9.238,33.843],[9.083,33.907],[9.083,34.036],[8.929,34.036],[8.928,34.165],[8.311,34.293],[8.081,34.229],[8.002,34.422],[7.615,34.551],[7.153,34.486],[6.92,34.615],[6.459,34.551],[6.148,34.679],[5.377,34.679],[5.149,34.551],[4.454,34.615],[3.843,34.422],[3.456,34.486],[2.921,34.358],[2.45,34.615],[1.294,34.615],[0.685,34.422],[0.451,34.486],[0.303,34.358],[-1.237,34.358],[-1.305,34.165],[-1.539,34.229],[-1.61,34.1],[-1.693,34.229],[-2.001,34.229],[-3.763,34.1],[-4.141,33.972],[-4.21,33.843],[-4.367,33.907],[-5.039,33.586],[-5.274,33.65],[-5.799,33.457],[-6.033,33.522],[-6.634,33.329],[-6.703,33.2],[-6.937,33.264],[-7.528,32.943],[-8.064,32.943],[-8.154,33.136],[-8.47,33.264],[-8.403,33.393],[-7.13,33.843],[-7.062,33.972],[-6.904,33.907],[-6.614,34.165],[-6.7,34.293],[-6.473,34.358],[-6.482,34.486],[-6.332,34.551],[-6.277,34.872],[-6.2,34.872],[-6.291,35.065],[-6.132,35.001],[-6.145,35.194],[-6,35.323],[-5.877,35.773],[-5.339,35.838],[-5.24,35.516],[-4.755,35.194],[-3.132,35.194],[-2.982,35.258],[-2.993,35.451],[-2.838,35.451],[-2.82,35.13],[-2.662,35.065],[-1.89,35.065],[-1.591,35.258],[-1.359,35.258],[-1.136,35.451],[-1.224,35.645],[-1.066,35.58],[-0.917,35.709],[-0.53,35.709],[-0.459,35.838],[0.084,35.838],[0.376,36.224],[0.684,36.288],[0.678,36.417],[0.914,36.353],[1.216,36.546],[1.53,36.482],[2.377,36.675],[2.69,36.61],[2.841,36.739],[3.23,36.739],[3.459,36.868],[3.85,36.804],[4.235,36.933],[4.859,36.868],[5.098,36.675],[5.564,36.675],[5.639,36.804],[6.106,36.804],[6.103,36.933],[6.334,37.062],[6.805,36.868],[7.194,36.868],[7.346,37.062],[7.502,37.062],[7.738,36.868],[8.516,36.868],[8.903,37.126],[9.059,37.062],[9.37,37.255],[9.759,37.319],[9.993,37.19],[10.227,37.255],[10.228,37.062],[10.305,37.062],[10.228,36.804],[10.462,36.739],[11.006,36.997],[11.006,36.804],[10.462,36.417],[10.54,36.353],[10.464,35.902],[10.696,35.709],[10.851,35.773],[10.928,35.58],[11.083,35.58],[11.083,35.387],[11.006,35.387],[11.083,35.001],[10.851,34.937],[10.851,34.808],[10.543,34.551],[10.004,34.293],[10.082,34.229],[10.006,33.907],[10.237,33.715],[10.544,33.715],[10.698,33.522],[11.082,33.586],[11.158,33.2],[11.464,33.2],[12.229,32.814],[12.612,32.879],[12.535,32.75],[12.841,32.75],[12.842,32.879],[13.302,32.943],[13.454,32.814],[13.761,32.879],[13.759,32.75],[14.065,32.75],[14.444,32.493],[14.675,32.557],[14.749,32.429],[15.055,32.429],[15.282,32.3],[15.425,31.658],[15.576,31.593],[15.649,31.4],[16.179,31.208],[16.864,31.208],[17.847,30.951],[18.222,30.758],[18.592,30.372],[18.896,30.372],[18.969,30.244],[19.655,30.372],[19.964,30.565],[19.968,30.694],[20.202,30.886],[20.134,31.143],[20.214,31.272],[19.996,31.593],[20.089,32.107],[20.017,32.236],[20.246,32.236],[20.331,32.493],[20.482,32.429],[20.563,32.557],[20.716,32.557],[20.644,32.686],[20.871,32.622],[21.108,32.814],[21.412,32.75],[21.879,32.943],[23.089,32.622],[23.081,32.429],[23.231,32.365],[23.149,32.236],[23.299,32.172],[23.68,32.172],[24.129,31.979],[24.892,31.979],[25.112,31.786],[25.102,31.593],[25.248,31.465],[26.848,31.465],[27.297,31.336],[27.515,31.143],[28.496,31.015],[28.865,30.822],[29.397,30.822],[29.485,31.015],[29.633,30.951],[29.87,31.079],[29.802,31.208],[29.882,31.272],[30.339,31.272],[30.271,31.4],[30.352,31.465],[30.809,31.465],[30.966,31.529],[30.975,31.658],[31.203,31.658],[31.118,31.529],[31.266,31.465],[31.875,31.465],[31.781,31.208],[31.937,31.272],[32,31.079],[32.304,31.079],[32.237,31.208],[32.389,31.208],[32.532,31.079],[32.765,31.143],[32.832,31.015],[33.983,31.143],[34.297,31.272],[34.308,31.4],[34.547,31.529],[34.639,31.722],[34.573,31.85],[34.813,31.979],[34.77,32.365],[35.022,32.622],[35.056,33.007],[35.215,33.072],[35.398,33.393],[35.346,33.65],[35.499,33.65],[35.447,33.907],[35.684,33.972],[35.644,34.358],[35.792,34.293],[36.049,34.551],[36.068,34.744],[35.927,34.872],[35.96,35.194],[35.882,35.194],[35.993,35.516],[35.845,35.58],[35.99,36.224],[35.842,36.288],[36.265,36.61],[36.286,36.804],[36.145,36.933],[35.834,36.933],[35.488,36.61],[35.113,36.739],[34.95,36.675],[34.893,36.868],[34.582,36.868],[34.251,36.675],[33.979,36.288],[33.274,36.224],[32.713,36.031],[32.558,36.031],[32.499,36.224],[32.068,36.61],[31.086,36.933],[30.619,36.933],[30.492,36.353],[30.026,36.353],[29.938,36.224],[29.24,36.224],[29.125,36.739],[28.736,36.739],[28.591,36.868],[28.357,36.868],[28.187,36.675],[28.031,36.675],[28.138,37.062],[28.065,37.126],[27.598,37.126],[27.539,37.384],[27.223,37.319],[27.31,37.448],[27.163,37.577],[27.256,37.771],[27.178,37.771],[27.275,38.029],[26.889,38.093],[26.82,38.222],[26.429,38.222],[26.384,38.674],[26.536,38.61],[26.595,38.351],[27.065,38.351],[27.08,38.545],[26.849,38.61],[26.958,38.997],[26.879,38.997],[26.894,39.191],[26.742,39.256],[26.847,39.579],[26.132,39.514],[26.272,40.291],[26.605,40.485],[26.684,40.485],[26.673,40.355],[27.47,40.42],[27.538,40.291],[27.696,40.291],[27.792,40.485],[27.95,40.485],[27.939,40.355],[29.046,40.355],[28.9,40.485],[28.913,40.614],[29.48,40.744],[29.493,40.874],[29.249,40.809],[29.103,40.938],[29.116,41.068],[28.633,41.003],[28.169,41.133],[28.077,41.003],[27.527,41.068],[27.017,40.679],[26.921,40.485],[26.626,40.744],[26.14,40.614],[26.082,40.874],[25.378,41.003],[24.347,41.003],[24.011,40.744],[23.698,40.809],[23.685,40.614],[23.839,40.55],[23.737,40.226],[23.267,40.291],[22.884,40.485],[22.892,40.614],[22.655,40.614],[22.56,40.355],[22.544,40.096],[22.702,40.096],[22.611,39.902],[23.135,39.45],[22.816,39.385],[22.797,39.062],[23.116,39.126],[23.108,38.997],[23.344,38.997],[23.493,38.868],[23.332,38.803],[23.025,38.933],[22.936,38.739],[23.167,38.674],[23.313,38.481],[23.626,38.481],[23.563,38.739],[24.03,38.674],[24.179,38.545],[24.159,38.222],[24.002,38.222],[23.979,37.835],[23.443,38.029],[23.208,38.029],[23.201,37.9],[23.044,37.9],[23.108,37.642],[23.342,37.642],[23.402,37.319],[23.169,37.319],[23.176,37.448],[22.949,37.577],[22.714,37.577],[22.701,37.319],[22.853,37.255],[23.056,36.675],[22.833,36.868],[22.599,36.868],[22.512,36.675],[22.356,36.675],[22.22,37.062],[21.909,37.062],[21.899,36.868],[21.744,36.868],[21.681,37.19],[21.603,37.19],[21.697,37.513],[21.244,37.835],[21.416,38.158],[21.729,38.158],[21.738,38.351],[21.193,38.416],[20.974,38.739],[20.741,38.803],[20.911,39.062],[20.297,39.385],[20.155,39.708],[19.912,39.579],[19.758,39.644],[19.764,39.773],[20,39.773],[20.009,39.967],[19.63,40.291],[19.471,40.291],[19.486,40.614],[19.249,40.614],[19.255,40.744],[19.498,40.874],[19.438,41.263],[19.523,41.392],[19.444,41.392],[19.53,41.522],[19.45,41.522],[19.542,41.782],[18.852,42.366],[18.143,42.626],[17.992,42.821],[17.593,42.886],[17.508,42.756],[17.516,42.951],[17.355,42.951],[17.365,43.212],[17.122,43.147],[17.051,43.407],[16.727,43.342],[16.734,43.538],[16.575,43.603],[15.927,43.472],[16.012,43.603],[15.857,43.798],[15.695,43.798],[15.619,43.929],[15.375,43.863],[15.459,43.994],[15.219,44.059],[15.147,44.385],[14.909,44.581],[14.919,44.973],[14.516,45.104],[14.603,45.366],[14.196,45.366],[14.189,45.039],[13.946,45.039],[13.943,44.908],[13.781,44.908],[13.706,45.235],[13.544,45.3],[13.547,45.497],[13.71,45.497],[13.715,45.759],[13.39,45.824],[13.145,45.824],[13.06,45.628],[12.817,45.693],[12.652,45.562],[12.163,45.497],[12.16,45.17],[12.403,45.039],[12.4,44.777],[12.157,44.843],[12.154,44.451],[12.313,44.19],[12.873,43.798],[13.036,43.863],[13.034,43.733],[13.355,43.668],[13.673,43.407],[13.747,43.082],[13.985,42.951],[13.901,42.756],[14.056,42.496],[14.371,42.236],[14.531,42.236],[14.608,42.106],[14.769,42.171],[14.766,42.041],[14.924,41.976],[15.165,42.041],[15.241,41.911],[16.119,41.911],[16.115,41.782],[15.874,41.717],[15.944,41.392],[17.203,41.003],[17.511,40.744],[17.981,40.614],[18.438,40.161],[18.349,39.902],[18.112,39.902],[17.813,40.355],[17.418,40.355],[17.345,40.55],[17.028,40.55],[16.868,40.485],[16.945,40.42],[16.862,40.291],[16.624,40.291],[16.697,40.096],[16.457,39.967],[16.447,39.644],[16.916,39.514],[17.07,39.385],[17.138,39.062],[16.502,38.803],[16.492,38.416],[15.933,37.964],[15.698,37.964],[15.624,38.158],[15.389,38.158],[15.066,37.642],[15.059,37.255],[15.214,37.19],[15.05,36.739],[14.661,36.739],[14.278,37.126],[13.578,37.255],[13.192,37.577],[12.49,37.706],[12.492,37.9],[12.65,38.093],[13.04,38.029],[13.12,38.158],[13.355,38.158],[13.665,37.964],[14.056,37.964],[15.862,38.287],[15.95,38.674],[16.265,38.739],[16.27,38.933],[16.117,39.062],[15.899,39.773],[15.666,39.902],[15.748,40.032],[15.432,40.032],[15.199,40.226],[15.041,40.226],[14.893,40.679],[14.418,40.679],[14.422,40.874],[14.105,40.874],[13.951,41.133],[13.792,41.133],[13.715,41.263],[13,41.327],[12.922,41.457],[12.605,41.522],[12.131,41.911],[12.132,42.041],[11.813,42.106],[11.655,42.366],[11.495,42.301],[11.415,42.431],[11.255,42.431],[11.176,42.626],[11.016,42.626],[11.016,42.821],[10.535,43.082],[10.212,43.994],[9.889,43.994],[9.97,44.124],[9.727,44.124],[9.159,44.451],[8.432,44.385],[8.034,43.929],[7.15,43.733],[6.993,43.538],[6.673,43.472],[6.518,43.212],[6.278,43.147],[5.796,43.147],[5.632,43.277],[5.391,43.277],[5.387,43.407],[5.063,43.472],[4.178,43.472],[4.173,43.603],[3.851,43.603],[3.617,43.407],[3.14,43.277],[2.985,43.147],[3.01,42.561],[3.178,42.366],[3.117,41.911],[2.573,41.587],[2.334,41.587],[2.107,41.327],[1.238,41.198],[0.696,40.938],[0.709,40.679],[0.248,40.42],[0.183,40.161],[-0.126,40.032],[-0.345,39.708],[-0.314,39.126],[0.099,38.739],[-0.661,38.287],[-0.803,38.029],[-0.705,37.642],[-1.709,37.448],[-1.623,37.319],[-1.857,37.319],[-2.062,36.804],[-2.532,36.868],[-2.68,36.739],[-4.469,36.739],[-4.689,36.546],[-5.228,36.482],[-5.288,36.224],[-5.662,36.031],[-5.831,36.224],[-6.064,36.224],[-6.33,36.675],[-6.35,36.933],[-6.588,36.997],[-6.842,37.255],[-7.465,37.255],[-7.455,37.126],[-7.678,36.997],[-8.701,37.126],[-9.001,36.997],[-8.897,37.577],[-8.819,37.577],[-8.823,38.481],[-9.209,38.416],[-9.233,38.674],[-9.384,38.61],[-9.553,38.739],[-9.572,38.933],[-9.427,39.062],[-9.387,39.45],[-9.157,39.514],[-9.104,39.773],[-9.025,39.773],[-8.925,40.355],[-8.846,40.355],[-8.872,40.614],[-8.727,40.744],[-8.956,42.171],[-8.657,42.366],[-9.079,42.561],[-9.1,42.756],[-9.275,42.886],[-9.305,43.147],[-9.159,43.277],[-8.852,43.407],[-8.369,43.407],[-8.39,43.603],[-8.244,43.733],[-7.276,43.733],[-7.343,43.603],[-7.176,43.538],[-5.733,43.603],[-4.99,43.407],[-3.467,43.472],[-3.296,43.342],[-1.688,43.342],[-1.388,43.668],[-1.349,44.255],[-1.268,44.255],[-1.286,44.516],[-1.205,44.516],[-1.252,45.17],[-1.171,45.17],[-1.189,45.431],[-1.031,45.497],[-1.045,45.693],[-1.213,45.759],[-1.141,45.89],[-1.223,45.89],[-1.252,46.283],[-1.666,46.349],[-2.014,46.612],[-2.025,46.743],[-2.194,46.809],[-2.139,47.137],[-2.232,47.269],[-2.562,47.269],[-2.578,47.466],[-2.826,47.466],[-2.837,47.598],[-3.156,47.466],[-3.344,47.73],[-3.757,47.73],[-3.935,47.862],[-4.424,47.796],[-4.692,47.994],[-4.705,48.126],[-4.546,48.192],[-4.643,48.324],[-4.891,48.324],[-4.912,48.522],[-4.6,48.72],[-3.852,48.72],[-3.455,48.919],[-3.122,48.919],[-2.759,48.588],[-2.522,48.72],[-1.602,48.654],[-1.718,49.051],[-1.635,49.051],[-1.652,49.25],[-1.913,49.383],[-2.032,49.781],[-1.362,49.781],[-1.251,49.449],[0.007,49.383],[-0.012,49.648],[0.224,49.847],[1.053,49.98],[1.455,50.246],[1.425,50.712],[1.656,51.046],[2.578,51.179],[2.739,51.313],[3.41,51.447],[3.399,51.647],[3.739,51.647],[3.647,51.781],[3.98,51.915],[4.056,52.116],[4.232,51.982],[4.573,51.982],[5.248,52.116],[5.934,51.982],[6.369,51.647],[6.539,51.647],[6.541,51.58],[6.885,51.38],[7.065,50.979],[7.319,50.912],[7.24,50.712]]],[[[20.621,37.9],[20.699,37.9],[20.934,37.9],[20.922,37.642],[20.613,37.706],[20.621,37.9]]],[[[20.328,38.351],[20.488,38.416],[20.566,38.416],[20.795,38.287],[20.786,38.093],[20.32,38.158],[20.328,38.351]]],[[[1.274,38.803],[1.183,39.062],[1.259,39.126],[1.337,39.126],[1.652,39.126],[1.658,38.997],[1.431,38.803],[1.274,38.803]]],[[[20.073,39.644],[20.152,39.644],[20.149,39.579],[20.07,39.579],[20.073,39.644]]],[[[2.824,39.32],[2.659,39.514],[2.346,39.45],[2.338,39.644],[2.877,39.967],[2.956,39.967],[3.193,39.967],[3.198,39.838],[3.516,39.773],[3.296,39.32],[2.824,39.32]]],[[[3.741,40.096],[3.82,40.096],[4.215,40.096],[4.302,39.838],[3.827,39.902],[3.741,40.096]]],[[[9.665,40.291],[9.747,39.644],[9.669,39.644],[9.593,39.126],[9.12,39.191],[8.966,38.868],[8.73,38.868],[8.336,38.997],[8.412,39.256],[8.333,39.256],[8.33,39.514],[8.409,39.514],[8.483,39.902],[8.325,39.967],[8.4,40.291],[8.321,40.291],[8.319,40.485],[8.16,40.55],[8.155,40.938],[8.552,40.874],[9.025,41.263],[9.104,41.263],[9.502,41.198],[9.822,40.744],[9.823,40.355],[9.665,40.291]]],[[[9.578,41.976],[9.498,41.976],[9.499,41.782],[9.262,41.392],[9.104,41.327],[8.784,41.522],[8.782,41.717],[8.623,41.717],[8.7,41.911],[8.539,42.106],[8.535,42.496],[8.773,42.691],[9.173,42.756],[9.251,43.017],[9.331,43.017],[9.492,43.017],[9.493,42.756],[9.574,42.756],[9.578,41.976]]],[[[10.214,42.886],[10.455,42.886],[10.455,42.691],[10.215,42.691],[10.134,42.886],[10.214,42.886]]],[[[14.35,44.973],[14.511,44.908],[14.502,44.516],[14.261,44.581],[14.269,44.973],[14.35,44.973]]],[[[19.086,45.497],[19.004,45.497],[19.007,45.562],[19.089,45.562],[19.086,45.497]]],[[[19.166,47.072],[19.084,47.072],[19.087,47.137],[19.169,47.137],[19.166,47.072]]],[[[16.989,48.192],[16.907,48.192],[16.909,48.258],[16.992,48.258],[16.989,48.192]]],[[[16.826,48.258],[16.829,48.324],[16.912,48.324],[16.909,48.258],[16.826,48.258]]],[[[6.193,51.848],[6.191,51.915],[6.276,51.915],[6.278,51.848],[6.193,51.848]]],[[[0.07,52.99],[0.166,52.855],[0.337,52.855],[0.493,53.057],[1.094,53.057],[1.532,52.923],[1.717,52.721],[1.739,52.385],[1.654,52.385],[1.586,52.116],[1.425,51.982],[1.17,51.982],[1.184,51.781],[0.844,51.781],[0.863,51.513],[0.524,51.513],[1.381,51.38],[1.314,51.112],[0.493,50.779],[-1.368,50.845],[-1.109,50.779],[-1.177,50.579],[-1.513,50.579],[-1.525,50.712],[-2.608,50.579],[-2.789,50.712],[-3.126,50.712],[-3.457,50.645],[-3.585,50.246],[-4.089,50.246],[-4.187,50.379],[-4.355,50.379],[-4.929,50.246],[-5.151,49.98],[-5.746,50.046],[-5.769,50.246],[-5.28,50.379],[-5.134,50.579],[-4.881,50.579],[-4.819,50.779],[-4.658,50.845],[-4.68,51.046],[-4.426,51.046],[-4.202,51.313],[-3.095,51.246],[-3.108,51.38],[-2.945,51.447],[-3.121,51.513],[-3.277,51.38],[-3.701,51.38],[-3.892,51.58],[-4.308,51.513],[-4.415,51.714],[-5.079,51.58],[-5.264,51.714],[-5.219,52.049],[-4.553,52.183],[-4.157,52.452],[-4.295,52.923],[-4.794,52.788],[-4.81,52.923],[-4.49,53.125],[-4.67,53.192],[-4.702,53.462],[-4.271,53.462],[-4.076,53.26],[-3.153,53.462],[-3.095,53.732],[-3.196,53.868],[-2.966,54.138],[-3.305,54.071],[-3.319,54.206],[-3.587,54.274],[-3.72,54.681],[-3.569,54.885],[-2.895,55.089],[-2.822,55.225],[-2.379,55.157],[-1.613,55.362],[-1.286,54.681],[-0.671,54.613],[-0.202,54.206],[-0.18,53.935],[0.004,53.8],[0.01,53.732],[0.118,53.462],[0.295,53.395],[0.316,53.125],[0.07,52.99]]],[[[38.131,26.965],[38.056,26.965],[38.06,27.029],[38.135,27.029],[38.131,26.965]]],[[[37.914,27.094],[37.839,27.094],[37.844,27.158],[37.919,27.158],[37.914,27.094]]],[[[33.695,34.937],[33.523,34.744],[33.132,34.679],[33.044,34.551],[32.367,34.744],[32.229,34.937],[32.246,35.13],[32.555,35.13],[32.875,35.258],[32.887,35.387],[33.737,35.387],[34.31,35.709],[34.387,35.709],[34.542,35.709],[34.529,35.58],[33.957,35.258],[34.087,35.001],[33.695,34.937]]],[[[24.301,35.323],[25.692,35.323],[25.681,35.13],[26.225,35.194],[26.14,35.065],[24.824,35.001],[24.757,35.194],[24.526,35.194],[24.448,35.194],[23.679,35.258],[23.615,35.516],[24.157,35.516],[24.15,35.387],[24.301,35.323]]],[[[27.693,36.288],[28.017,36.482],[28.095,36.482],[28.25,36.482],[28.139,36.031],[27.743,35.902],[27.693,36.288]]],[[[27.117,36.933],[27.185,36.804],[26.865,36.675],[27.039,36.933],[27.117,36.933]]],[[[25.339,37.126],[25.417,37.126],[25.573,37.126],[25.564,36.997],[25.331,36.997],[25.339,37.126]]],[[[24.361,37.706],[24.432,37.577],[24.272,37.513],[24.201,37.642],[24.283,37.706],[24.361,37.706]]],[[[24.986,37.706],[25.064,37.706],[25.22,37.706],[25.286,37.513],[25.052,37.513],[24.986,37.706]]],[[[26.08,37.706],[26.158,37.706],[26.314,37.706],[26.305,37.577],[25.988,37.513],[26.08,37.706]]],[[[24.694,38.029],[24.772,38.029],[25.068,37.771],[24.83,37.706],[24.682,37.835],[24.694,38.029]]],[[[25.821,38.481],[25.913,38.674],[25.991,38.674],[26.217,38.545],[26.111,38.158],[25.876,38.158],[25.899,38.481],[25.821,38.481]]],[[[23.563,38.739],[23.485,38.739],[23.489,38.803],[23.567,38.803],[23.563,38.739]]],[[[24.365,38.997],[24.444,38.997],[24.675,38.933],[24.662,38.739],[24.357,38.868],[24.365,38.997]]],[[[26.094,38.997],[26.103,39.126],[25.793,39.191],[26.044,39.385],[26.123,39.385],[26.511,39.32],[26.644,38.997],[26.246,38.933],[26.094,38.997]]],[[[25.067,40.032],[25.146,40.032],[25.462,40.032],[25.447,39.838],[24.974,39.838],[25.067,40.032]]],[[[25.798,40.291],[26.035,40.291],[26.025,40.161],[25.704,40.096],[25.719,40.291],[25.798,40.291]]],[[[24.57,40.809],[24.808,40.809],[24.794,40.614],[24.551,40.55],[24.491,40.809],[24.57,40.809]]]]}},{"type":"Feature","id":"cliopatria-0ffbec2364a272d3b9a02a5b","properties":{"NAME":"Xianbei","ABBREVN":null,"CONTROL":null,"SUBJECTO":"Xianbei","PARTOF":null,"BORDERPRECISION":1,"FromYear":197,"ToYear":206,"Area":5220364.101832648,"Type":"POLITY","Wikipedia":"Xianbei","Wikidata":"Q861054","SeshatID":"mn_xianbei","Components":"","MemberOf":"","sourceFeatureId":"cliopatria-0ffbec2364a272d3b9a02a5b","datasetId":"cliopatria"},"geometry":{"type":"MultiPolygon","coordinates":[[[[105.377,56.319],[105.321,56.251],[107.737,55.771],[107.68,55.703],[108.206,55.703],[108.149,55.635],[108.674,55.635],[109.578,55.977],[111.1,55.908],[111.041,55.84],[111.568,55.84],[111.362,55.703],[113.494,55.635],[113.434,55.567],[116.166,55.294],[116.105,55.225],[117.205,55.089],[117.144,55.021],[117.554,55.089],[117.431,54.953],[117.693,54.953],[117.632,54.885],[124.229,54.681],[124.165,54.613],[125.056,54.545],[124.992,54.477],[125.839,54.274],[125.798,54.138],[126.08,54.071],[126.039,53.935],[126.211,53.935],[126.148,53.868],[126.303,53.665],[126.177,53.53],[126.31,53.395],[126.123,53.192],[126.209,53.192],[126.048,52.923],[126.134,52.923],[125.405,51.915],[125.49,51.915],[124.886,51.313],[124.971,51.313],[123.389,49.25],[123.472,49.25],[123.121,48.787],[123.204,48.787],[123.047,48.126],[123.247,48.06],[123.103,47.862],[123.185,47.862],[123.09,47.73],[123.173,47.73],[123.078,47.598],[123.16,47.598],[123.09,47.269],[123.526,47.072],[123.587,46.809],[123.885,46.415],[123.793,46.283],[123.911,46.218],[123.857,46.021],[124.256,45.89],[124.084,45.759],[124.166,45.759],[124.157,45.628],[124.239,45.628],[124.34,45.3],[124.503,45.3],[124.568,45.039],[124.73,45.039],[124.686,44.973],[124.84,44.843],[124.744,44.581],[124.825,44.581],[124.781,44.516],[124.898,44.451],[124.81,44.32],[124.928,44.255],[124.482,43.342],[124.6,43.277],[124.51,43.017],[124.789,42.951],[125.013,42.431],[125.093,42.431],[124.607,42.171],[123.167,41.911],[120.942,41.263],[119.39,41.327],[119.428,41.392],[118.792,41.392],[118.83,41.457],[118.633,41.392],[118.671,41.457],[118.432,41.457],[118.47,41.522],[118.034,41.457],[118.072,41.522],[117.791,41.587],[117.708,41.717],[117.823,41.911],[117.701,41.976],[117.737,42.171],[117.338,42.171],[115.992,41.782],[114.808,40.809],[114.297,40.744],[113.76,40.485],[113.623,40.226],[113.004,39.644],[112.029,37.964],[111.743,37.513],[110.455,37.771],[110.484,37.835],[110.094,37.835],[110.123,37.9],[108.843,37.835],[108.745,37.964],[108.51,37.964],[108.539,38.029],[107.359,37.835],[105.774,37.964],[104.463,37.642],[104.362,37.771],[103.764,37.835],[103.663,37.964],[103.88,38.287],[103.751,38.351],[103.836,38.545],[104.108,38.803],[103.608,38.739],[103.939,39.126],[104.668,39.514],[104.583,39.838],[103.812,39.708],[103.132,39.256],[102.095,38.868],[102.123,38.933],[101.63,39.062],[101.559,39.256],[101.165,39.256],[101.181,39.644],[100.737,39.708],[100.381,39.967],[100.144,39.967],[100.173,40.032],[99.384,40.032],[99.284,40.161],[98.918,40.226],[98.948,40.291],[98.503,40.355],[98.274,40.55],[98.037,40.55],[97.888,40.744],[97.184,40.938],[97.214,41.003],[95.23,41.003],[93.845,40.744],[91.27,41.392],[90.775,41.717],[90.536,41.717],[90.434,41.847],[90.195,41.847],[90.223,41.911],[89.613,41.976],[89.642,42.041],[88.82,42.171],[88.848,42.236],[88.077,42.301],[88.105,42.366],[85.764,42.691],[85.792,42.756],[84.108,42.756],[82.056,42.236],[80.134,42.431],[80.159,42.496],[80.233,42.886],[80.473,42.886],[80.391,43.082],[80.738,43.147],[80.791,43.277],[80.656,43.342],[80.681,43.603],[80.385,43.863],[80.438,43.994],[80.303,44.059],[80.329,44.516],[80.248,44.516],[80.41,44.712],[79.843,44.908],[80.059,45.235],[79.978,45.235],[80.339,46.283],[80.257,46.283],[80.398,46.612],[80.316,46.612],[80.598,47.072],[80.516,47.072],[80.867,47.862],[80.784,47.862],[81.939,50.113],[82.786,50.779],[82.807,50.979],[83.096,51.046],[84.08,51.915],[86.285,52.923],[87.694,53.125],[88.416,53.732],[89.107,54.138],[89.108,54.274],[90.33,54.681],[91.756,55.498],[92.425,55.703],[94.122,56.114],[97.144,56.388],[97.513,56.525],[97.813,56.456],[97.761,56.388],[98.379,56.388],[99.014,56.525],[100.78,56.525],[100.868,56.525],[105.377,56.319]]],[[[125.915,52.586],[125.975,52.654],[126.061,52.654],[126,52.586],[125.915,52.586]]],[[[108.847,55.84],[108.935,55.84],[108.877,55.771],[108.789,55.771],[108.847,55.84]]],[[[109.08,55.908],[109.168,55.908],[109.11,55.84],[109.022,55.84],[109.08,55.908]]]]}},{"type":"Feature","id":"cliopatria-8a5a59e7fe48b52711974bc8","properties":{"NAME":"Protectorate of the Western Regions","ABBREVN":null,"CONTROL":null,"SUBJECTO":"Protectorate of the Western Regions","PARTOF":null,"BORDERPRECISION":1,"FromYear":197,"ToYear":223,"Area":695020.3188495621,"Type":"POLITY","Wikipedia":"Protectorate of the Western Regions","Wikidata":"Q911440","SeshatID":"","Components":"","MemberOf":"","sourceFeatureId":"cliopatria-8a5a59e7fe48b52711974bc8","datasetId":"cliopatria"},"geometry":{"type":"MultiPolygon","coordinates":[[[[91.27,41.392],[93.845,40.744],[93.574,40.485],[93.365,40.55],[93.278,40.161],[93.199,40.161],[93.09,39.902],[93.273,39.773],[93.272,39.385],[93.193,39.385],[92.248,39.385],[91.123,39.126],[89.58,38.997],[88.746,38.868],[87.662,38.481],[86.44,38.351],[86.081,38.222],[85.813,37.9],[85.356,37.706],[85.113,37.448],[81.031,36.61],[80.371,36.997],[79.398,37.126],[79.145,37.319],[78.424,37.513],[78.386,37.642],[78.093,37.706],[77.801,38.029],[77.841,38.158],[77.667,38.351],[77.51,38.351],[77.414,38.545],[77.258,38.545],[77.025,38.803],[75.792,39.126],[73.769,39.45],[73.69,39.45],[73.395,39.514],[73.573,39.579],[73.8,40.291],[73.526,40.42],[73.489,40.55],[73.331,40.55],[73.294,40.679],[73.135,40.679],[73.099,40.809],[73.12,40.874],[73.343,41.068],[74.751,41.003],[77.35,41.392],[77.374,41.457],[77.875,41.522],[80.028,42.366],[80.108,42.366],[80.134,42.431],[82.056,42.236],[84.108,42.756],[85.792,42.756],[85.764,42.691],[88.105,42.366],[88.077,42.301],[88.848,42.236],[88.82,42.171],[89.642,42.041],[89.613,41.976],[90.223,41.911],[90.195,41.847],[90.434,41.847],[90.536,41.717],[90.775,41.717],[91.27,41.392]]]]}}]}
