{"type":"FeatureCollection","name":"Seshat Cliopatria 200–299","datasetId":"cliopatria","startYear":200,"endYear":299,"features":[{"type":"Feature","id":"cliopatria-bdb85e41bf11d04c13ad49e8","properties":{"NAME":"Kingdom of Kush","ABBREVN":null,"CONTROL":null,"SUBJECTO":"Kingdom of Kush","PARTOF":null,"BORDERPRECISION":1,"FromYear":-630,"ToYear":337,"Area":336379.15609700844,"Type":"POLITY","Wikipedia":"Kingdom of Kush","Wikidata":"Q241790","SeshatID":"","Components":"","MemberOf":"","sourceFeatureId":"cliopatria-bdb85e41bf11d04c13ad49e8","datasetId":"cliopatria"},"geometry":{"type":"MultiPolygon","coordinates":[[[[33.838,22.079],[33.763,22.079],[33.835,22.015],[33.745,21.629],[33.82,21.629],[34.258,19.636],[34.469,19.379],[34.597,18.929],[34.879,18.608],[34.939,18.286],[35.3,18.093],[35.501,17.643],[36.003,17.322],[36.054,16.808],[35.671,16.486],[34.714,16.486],[34.556,16.229],[34.684,15.779],[34.098,15.843],[33.862,15.458],[32.529,15.2],[32.533,15.329],[32.094,15.393],[31.734,15.586],[31.527,15.972],[31.536,16.229],[31.394,16.358],[31.477,16.615],[31.337,16.808],[31.221,17.643],[31.147,17.643],[30.877,20.343],[30.803,20.343],[30.818,20.793],[30.744,20.793],[30.762,21.308],[30.688,21.308],[30.636,21.951],[30.561,21.951],[30.721,22.272],[30.742,22.851],[30.535,23.301],[30.537,23.365],[31.67,23.751],[32.041,23.686],[33.389,23.815],[33.682,23.686],[33.679,23.622],[33.823,23.493],[33.809,23.172],[33.883,23.172],[33.84,22.143],[33.838,22.079]]]]}},{"type":"Feature","id":"cliopatria-9248992f156b8edb06b07754","properties":{"NAME":"Early Cheras","ABBREVN":null,"CONTROL":null,"SUBJECTO":"Early Cheras","PARTOF":null,"BORDERPRECISION":1,"FromYear":-291,"ToYear":298,"Area":25180.57698982755,"Type":"POLITY","Wikipedia":"Chera dynasty","Wikidata":"Q877155","SeshatID":"in_cheras_1","Components":"","MemberOf":"","sourceFeatureId":"cliopatria-9248992f156b8edb06b07754","datasetId":"cliopatria"},"geometry":{"type":"MultiPolygon","coordinates":[[[[75.986,10.6],[75.985,10.626],[76.707,10.907],[76.892,10.757],[76.85,10.45],[77.414,10.207],[77.233,9.76],[77.345,9.581],[77.249,8.387],[77.147,8.257],[76.553,8.925],[75.986,10.6]]]]}},{"type":"Feature","id":"cliopatria-7040c26a39f3ebd5f1225595","properties":{"NAME":"Early Cholas","ABBREVN":null,"CONTROL":null,"SUBJECTO":"Early Cholas","PARTOF":null,"BORDERPRECISION":1,"FromYear":-291,"ToYear":298,"Area":28856.214614374065,"Type":"POLITY","Wikipedia":"Early Cholas","Wikidata":"Q3532146","SeshatID":"in_cholas_1","Components":"","MemberOf":"","sourceFeatureId":"cliopatria-7040c26a39f3ebd5f1225595","datasetId":"cliopatria"},"geometry":{"type":"MultiPolygon","coordinates":[[[[79.835,11.357],[79.868,11.197],[79.854,10.271],[79.394,10.323],[78.925,10.16],[77.399,10.215],[76.847,10.481],[76.904,10.769],[76.681,10.944],[77.02,11.169],[77.591,11.138],[77.876,10.939],[78.964,10.839],[79.835,11.357]]]]}},{"type":"Feature","id":"cliopatria-6da5fba33d8009cd9d9aa258","properties":{"NAME":"Early Pandyas","ABBREVN":null,"CONTROL":null,"SUBJECTO":"Early Pandyas","PARTOF":null,"BORDERPRECISION":1,"FromYear":-291,"ToYear":298,"Area":32556.36563924926,"Type":"POLITY","Wikipedia":"Early Pandyas","Wikidata":"Q3532152","SeshatID":"in_pandya_emp_1","Components":"","MemberOf":"","sourceFeatureId":"cliopatria-6da5fba33d8009cd9d9aa258","datasetId":"cliopatria"},"geometry":{"type":"MultiPolygon","coordinates":[[[[79.295,10.265],[79.266,9.994],[78.937,9.673],[78.914,9.45],[79.148,9.257],[78.541,9.104],[78.246,8.914],[78.176,8.514],[77.842,8.174],[77.526,8.081],[77.262,8.154],[77.158,8.292],[77.267,8.394],[77.364,9.58],[77.24,9.774],[77.441,10.188],[78.916,10.127],[79.295,10.265]]]]}},{"type":"Feature","id":"cliopatria-e4fcc4f76f19c24c42041c45","properties":{"NAME":"Mayan City-States","ABBREVN":null,"CONTROL":null,"SUBJECTO":"Mayan City-States","PARTOF":null,"BORDERPRECISION":1,"FromYear":-247,"ToYear":259,"Area":198040.49172174494,"Type":"POLITY","Wikipedia":"Maya civilization","Wikidata":"Q28567","SeshatID":"","Components":"","MemberOf":"","sourceFeatureId":"cliopatria-e4fcc4f76f19c24c42041c45","datasetId":"cliopatria"},"geometry":{"type":"MultiPolygon","coordinates":[[[[-88.504,17.772],[-88.494,17.708],[-88.474,17.579],[-88.316,17.515],[-88.178,17.579],[-88.135,16.808],[-88.209,16.808],[-88.236,16.486],[-88.493,16.229],[-88.64,16.229],[-88.825,15.972],[-88.512,15.843],[-88.377,15.393],[-88.629,15.072],[-88.695,14.429],[-88.907,14.365],[-88.818,14.236],[-89.186,14.236],[-89.097,14.107],[-89.391,14.107],[-89.588,13.915],[-89.566,13.722],[-89.867,13.786],[-89.991,13.593],[-90.469,13.915],[-91.504,13.979],[-92.474,14.686],[-92.755,15.136],[-93.323,15.522],[-93.121,15.65],[-93.149,15.843],[-92.715,16.872],[-92.46,17.129],[-92.481,17.258],[-91.952,17.643],[-91.92,17.9],[-91.699,17.9],[-91.656,18.093],[-90.211,18.286],[-89.336,17.9],[-89.051,17.965],[-89.104,17.836],[-88.947,17.772],[-88.504,17.772]]]]}},{"type":"Feature","id":"cliopatria-dabd1e6ed1e5aba27f642090","properties":{"NAME":"Zapotec Civilization","ABBREVN":null,"CONTROL":null,"SUBJECTO":"Zapotec Civilization","PARTOF":null,"BORDERPRECISION":1,"FromYear":-91,"ToYear":206,"Area":69767.7808673665,"Type":"POLITY","Wikipedia":"Zapotec civilization","Wikidata":"Q844750","SeshatID":"mx_monte_alban_2","Components":"","MemberOf":"","sourceFeatureId":"cliopatria-dabd1e6ed1e5aba27f642090","datasetId":"cliopatria"},"geometry":{"type":"MultiPolygon","coordinates":[[[[-95.589,17.322],[-95.073,17.322],[-94.599,17.129],[-94.38,16.679],[-94.635,16.422],[-94.541,16.293],[-94.846,16.358],[-94.954,16.1],[-96.211,15.65],[-96.726,15.65],[-97.049,15.843],[-97.722,15.908],[-98.046,16.1],[-98.043,16.55],[-97.77,16.679],[-97.896,17],[-98.033,16.936],[-98.023,17.322],[-98.225,17.643],[-98.247,17.772],[-98.059,17.965],[-97.542,17.965],[-96.908,17.708],[-96.613,17.708],[-96.285,17.515],[-95.99,17.515],[-95.663,17.322],[-95.589,17.322]]],[[[-94.767,17.258],[-94.841,17.258],[-94.851,17.322],[-94.778,17.322],[-94.767,17.258]]]]}},{"type":"Feature","id":"cliopatria-8d840bde05c87fee4eac0d0e","properties":{"NAME":"Mahan","ABBREVN":null,"CONTROL":null,"SUBJECTO":"Mahan","PARTOF":null,"BORDERPRECISION":1,"FromYear":-91,"ToYear":337,"Area":49676.87909476129,"Type":"POLITY","Wikipedia":"Mahan","Wikidata":"Q421372","SeshatID":"","Components":"","MemberOf":"","sourceFeatureId":"cliopatria-8d840bde05c87fee4eac0d0e","datasetId":"cliopatria"},"geometry":{"type":"MultiPolygon","coordinates":[[[[127.515,34.551],[127.224,34.422],[127.13,34.551],[127.297,34.744],[127.22,34.744],[127.023,34.486],[126.626,34.293],[126.425,34.358],[126.484,34.486],[126.348,34.358],[126.117,34.358],[126.478,34.808],[126.2,34.872],[126.381,35.258],[126.304,35.258],[126.519,35.709],[126.768,35.902],[126.613,35.902],[126.676,36.031],[126.521,36.031],[126.429,36.16],[126.452,36.675],[126.264,36.61],[126.05,36.804],[126.681,37.126],[126.603,37.126],[126.702,37.319],[126.535,37.448],[126.603,37.577],[126.29,37.577],[126.314,37.771],[126.348,37.835],[126.937,38.351],[127.607,38.287],[127.476,37.9],[127.633,37.9],[127.617,37.577],[127.828,37.384],[127.816,37.062],[127.994,36.804],[127.896,36.61],[128.019,36.546],[127.967,36.288],[128.09,36.224],[127.853,35.902],[127.93,35.902],[127.556,35.451],[127.633,35.451],[127.448,35.065],[127.572,35.001],[127.451,34.744],[127.545,34.615],[127.515,34.551]]]]}},{"type":"Feature","id":"cliopatria-e9de69f7d4b0d51df3d3e24d","properties":{"NAME":"Jinhan","ABBREVN":null,"CONTROL":null,"SUBJECTO":"Jinhan","PARTOF":null,"BORDERPRECISION":1,"FromYear":-91,"ToYear":372,"Area":23505.581610644225,"Type":"POLITY","Wikipedia":"Jinhan confederacy","Wikidata":"Q701273","SeshatID":"","Components":"","MemberOf":"","sourceFeatureId":"cliopatria-e9de69f7d4b0d51df3d3e24d","datasetId":"cliopatria"},"geometry":{"type":"MultiPolygon","coordinates":[[[[129.552,35.58],[129.521,35.516],[129.443,35.516],[129.412,35.451],[129.38,35.387],[129.349,35.323],[129.071,35.387],[129.011,35.58],[128.624,35.58],[128.61,35.709],[128.222,35.709],[128.208,35.838],[127.93,35.902],[127.853,35.902],[128.09,36.224],[127.967,36.288],[128.019,36.546],[127.896,36.61],[127.994,36.804],[128.695,37.255],[129.207,37.19],[129.353,37.319],[129.431,37.319],[129.407,37.126],[129.539,36.933],[129.439,36.739],[129.517,36.739],[129.417,36.546],[129.495,36.546],[129.421,36.095],[129.577,36.095],[129.667,35.966],[129.552,35.58]]]]}},{"type":"Feature","id":"cliopatria-b114d60ce729c45b736bb5c9","properties":{"NAME":"Byeonhan","ABBREVN":null,"CONTROL":null,"SUBJECTO":"Byeonhan","PARTOF":null,"BORDERPRECISION":1,"FromYear":-91,"ToYear":533,"Area":13603.437047041305,"Type":"POLITY","Wikipedia":"Byeonhan confederacy","Wikidata":"Q1378584","SeshatID":"","Components":"","MemberOf":"","sourceFeatureId":"cliopatria-b114d60ce729c45b736bb5c9","datasetId":"cliopatria"},"geometry":{"type":"MultiPolygon","coordinates":[[[[128.915,35.065],[128.838,35.065],[128.869,35.13],[128.637,35.13],[128.499,35.001],[128.807,35.001],[128.685,34.744],[128.33,34.808],[128.314,34.937],[128.082,34.937],[128.068,34.744],[127.759,34.744],[127.622,34.615],[127.545,34.615],[127.451,34.744],[127.572,35.001],[127.448,35.065],[127.633,35.451],[127.556,35.451],[127.93,35.902],[128.208,35.838],[128.222,35.709],[128.61,35.709],[128.624,35.58],[129.011,35.58],[129.071,35.387],[129.349,35.323],[129.318,35.258],[129.147,35.065],[128.885,35.001],[128.915,35.065]]]]}},{"type":"Feature","id":"cliopatria-e8aaf3947931591ef1dd3dae","properties":{"NAME":"Kingdom of Axum","ABBREVN":null,"CONTROL":null,"SUBJECTO":"Kingdom of Axum","PARTOF":null,"BORDERPRECISION":1,"FromYear":-50,"ToYear":237,"Area":97003.90299438157,"Type":"POLITY","Wikipedia":"Kingdom of Aksum","Wikidata":"Q139377","SeshatID":"et_aksum_emp_1","Components":"","MemberOf":"","sourceFeatureId":"cliopatria-e8aaf3947931591ef1dd3dae","datasetId":"cliopatria"},"geometry":{"type":"MultiPolygon","coordinates":[[[[40.819,14.815],[41.395,14.558],[41.665,14.043],[42.378,13.593],[42.437,13.272],[42.217,13.272],[41.918,13.143],[41.913,13.015],[41.47,12.95],[41.318,12.822],[38.972,12.822],[38.396,13.079],[38.262,13.4],[38.115,13.4],[38.196,13.593],[37.999,14.172],[38.168,14.686],[38.626,15.072],[38.558,15.2],[38.776,15.136],[38.934,15.393],[39.152,15.329],[39.605,15.586],[39.734,15.2],[39.808,15.2],[39.823,15.522],[39.97,15.522],[40.311,14.943],[40.681,15.008],[40.822,14.879],[40.819,14.815]]],[[[38.399,14.943],[38.326,14.943],[38.329,15.008],[38.402,15.008],[38.399,14.943]]]]}},{"type":"Feature","id":"cliopatria-e6a18fcc55524eb899c2ba10","properties":{"NAME":"Dongye","ABBREVN":null,"CONTROL":null,"SUBJECTO":"Dongye","PARTOF":null,"BORDERPRECISION":1,"FromYear":-36,"ToYear":312,"Area":29016.070330689217,"Type":"POLITY","Wikipedia":"Dongye","Wikidata":"Q105946539","SeshatID":"","Components":"","MemberOf":"","sourceFeatureId":"cliopatria-e6a18fcc55524eb899c2ba10","datasetId":"cliopatria"},"geometry":{"type":"MultiPolygon","coordinates":[[[[128.618,38.416],[128.582,38.351],[129.1,37.577],[129.256,37.577],[129.387,37.384],[129.353,37.319],[129.207,37.19],[128.695,37.255],[127.994,36.804],[127.816,37.062],[127.828,37.384],[127.617,37.577],[127.633,37.9],[127.476,37.9],[127.607,38.287],[126.937,38.351],[127.023,38.933],[126.854,39.191],[126.964,39.385],[127.59,39.514],[127.553,39.45],[127.483,39.191],[127.918,39.126],[127.923,38.997],[128.364,38.803],[128.618,38.416]]]]}},{"type":"Feature","id":"cliopatria-7cc0429045c4644d75b76346","properties":{"NAME":"Funan","ABBREVN":null,"CONTROL":null,"SUBJECTO":"Funan","PARTOF":null,"BORDERPRECISION":1,"FromYear":51,"ToYear":237,"Area":245197.61788678102,"Type":"POLITY","Wikipedia":"Funan","Wikidata":"Q867782","SeshatID":"","Components":"","MemberOf":"","sourceFeatureId":"cliopatria-7cc0429045c4644d75b76346","datasetId":"cliopatria"},"geometry":{"type":"MultiPolygon","coordinates":[[[[108.354,13.079],[108.251,12.179],[108.098,12.115],[108.136,11.793],[108.496,11.729],[108.622,11.536],[109.048,11.407],[108.728,11.15],[108.582,11.15],[108.569,11.022],[108.117,10.893],[108.025,10.7],[107.336,10.379],[107.05,10.443],[107.074,10.7],[107.001,10.7],[106.983,10.507],[106.757,10.443],[106.819,10.315],[106.666,10.25],[106.807,10.186],[106.795,10.057],[106.643,9.993],[106.699,9.8],[106.553,9.8],[106.603,9.543],[106.232,9.479],[106.143,9.286],[105.62,9.157],[105.135,8.579],[104.765,8.514],[104.702,8.643],[104.858,8.772],[104.712,8.772],[104.793,9.736],[105.034,9.993],[104.531,10.09],[104.163,10.556],[104.009,9.871],[103.532,10.485],[103.49,10.7],[103.642,10.765],[103.599,11.086],[103.355,10.829],[103.063,10.829],[103.051,11.472],[102.844,11.6],[102.87,11.857],[102.604,12.115],[102.444,11.986],[102.224,11.986],[102.257,12.307],[102.111,12.307],[101.778,12.629],[101.813,12.95],[101.681,13.079],[101.866,14.043],[103.207,13.593],[105.539,13.465],[105.876,13.207],[106.242,13.207],[106.301,13.079],[108.238,13.336],[108.354,13.079]]]]}},{"type":"Feature","id":"cliopatria-642d6085cf294da6ba0b8b5e","properties":{"NAME":"Caucasian Albania","ABBREVN":null,"CONTROL":null,"SUBJECTO":"Caucasian Albania","PARTOF":null,"BORDERPRECISION":1,"FromYear":68,"ToYear":259,"Area":50113.16358892667,"Type":"POLITY","Wikipedia":"Caucasian Albania","Wikidata":"Q177076","SeshatID":"","Components":"","MemberOf":"","sourceFeatureId":"cliopatria-642d6085cf294da6ba0b8b5e","datasetId":"cliopatria"},"geometry":{"type":"MultiPolygon","coordinates":[[[[47.496,41.263],[47.986,41.327],[47.96,41.198],[48.344,41.133],[48.385,40.938],[48.2,40.809],[48.111,40.355],[48.19,40.355],[48.158,39.773],[48.146,39.708],[47.121,39.708],[47.066,39.838],[46.774,39.967],[46.458,39.967],[46.481,40.096],[46.256,40.161],[46.201,40.291],[45.884,40.291],[45.457,40.55],[45.595,40.874],[45.302,41.003],[45.112,41.263],[44.237,41.263],[44.352,41.457],[44.774,41.587],[45.075,41.911],[45.314,41.911],[45.536,42.236],[45.696,42.236],[45.683,42.171],[46.23,42.106],[46.431,41.911],[46.816,41.847],[47.35,41.327],[47.509,41.327],[47.496,41.263]]]]}},{"type":"Feature","id":"cliopatria-8bb67667113a1e1d813feab7","properties":{"NAME":"Caucasian Iberia","ABBREVN":null,"CONTROL":null,"SUBJECTO":"Caucasian Iberia","PARTOF":null,"BORDERPRECISION":1,"FromYear":68,"ToYear":259,"Area":35797.124484793574,"Type":"POLITY","Wikipedia":"Kingdom of Iberia","Wikidata":"Q19083","SeshatID":"","Components":"","MemberOf":"","sourceFeatureId":"cliopatria-8bb67667113a1e1d813feab7","datasetId":"cliopatria"},"geometry":{"type":"MultiPolygon","coordinates":[[[[44.825,42.691],[44.837,42.756],[45.158,42.756],[45.44,42.561],[45.68,42.561],[45.709,42.301],[45.696,42.236],[45.536,42.236],[45.314,41.911],[45.075,41.911],[44.774,41.587],[44.352,41.457],[44.237,41.263],[43.976,41.133],[43.34,41.133],[42.863,41.587],[42.624,41.587],[42.935,42.431],[42.718,42.561],[42.754,42.756],[42.605,42.821],[42.572,43.082],[42.492,43.082],[42.504,43.147],[42.918,43.212],[43.203,43.017],[43.74,42.886],[43.783,42.691],[44.69,42.821],[44.825,42.691]]]]}},{"type":"Feature","id":"cliopatria-d8293a85313b19a6015dda90","properties":{"NAME":"Lazica","ABBREVN":null,"CONTROL":null,"SUBJECTO":"Lazica","PARTOF":null,"BORDERPRECISION":1,"FromYear":68,"ToYear":259,"Area":18165.243728866026,"Type":"POLITY","Wikipedia":"Lazica","Wikidata":"Q136884","SeshatID":"","Components":"","MemberOf":"","sourceFeatureId":"cliopatria-d8293a85313b19a6015dda90","datasetId":"cliopatria"},"geometry":{"type":"MultiPolygon","coordinates":[[[[41.694,41.263],[41.614,41.263],[41.625,41.327],[41.705,41.327],[41.694,41.263]]],[[[42.492,43.082],[42.572,43.082],[42.605,42.821],[42.754,42.756],[42.718,42.561],[42.935,42.431],[42.624,41.587],[42.363,41.457],[42.25,41.263],[41.705,41.327],[42.01,41.717],[41.998,42.561],[41.78,42.691],[41.803,42.821],[41.666,42.951],[41.208,43.082],[41.001,43.277],[40.599,43.277],[40.161,43.538],[40.172,43.603],[41.047,43.538],[41.954,43.212],[42.528,43.277],[42.596,43.212],[42.504,43.147],[42.492,43.082]]]]}},{"type":"Feature","id":"cliopatria-8c809c2d7fc9498edfebc144","properties":{"NAME":"Cimmerian Bosporus","ABBREVN":null,"CONTROL":null,"SUBJECTO":"Cimmerian Bosporus","PARTOF":null,"BORDERPRECISION":1,"FromYear":78,"ToYear":370,"Area":40039.68871771194,"Type":"POLITY","Wikipedia":"Bosporan Kingdom","Wikidata":"Q321371","SeshatID":"","Components":"","MemberOf":"","sourceFeatureId":"cliopatria-8c809c2d7fc9498edfebc144","datasetId":"cliopatria"},"geometry":{"type":"MultiPolygon","coordinates":[[[[34.018,45.693],[34.617,45.89],[34.598,45.759],[34.742,45.628],[34.986,45.628],[35.02,45.3],[36.423,45.431],[36.373,45.104],[35.875,45.039],[35.732,45.17],[35.407,45.17],[35.297,44.973],[34.376,44.777],[33.926,44.451],[33.521,44.451],[33.467,44.647],[33.548,44.647],[33.61,45.104],[32.922,45.431],[33.936,45.693],[34.018,45.693]]],[[[39.093,46.283],[38.862,45.89],[38.699,45.89],[38.388,45.497],[38.117,44.843],[37.934,44.712],[37.528,44.712],[37.256,45.039],[36.779,45.104],[36.749,45.431],[36.912,45.431],[36.972,45.3],[37.704,45.3],[37.747,45.562],[37.595,45.628],[37.758,45.628],[37.893,45.955],[38.335,46.152],[38.368,46.349],[37.899,46.48],[37.839,46.612],[38.495,46.612],[38.622,46.874],[38.786,46.874],[38.892,47.006],[39.22,47.006],[39.197,47.335],[38.35,47.203],[38.49,47.532],[39.244,47.598],[39.715,47.466],[39.737,47.137],[39.549,47.006],[39.596,46.809],[39.432,46.809],[39.291,46.48],[39.105,46.349],[39.093,46.283]]]]}},{"type":"Feature","id":"cliopatria-41a81752f91b8f9a292e4a9e","properties":{"NAME":"Anurādhapura","ABBREVN":null,"CONTROL":null,"SUBJECTO":"Anurādhapura","PARTOF":null,"BORDERPRECISION":1,"FromYear":78,"ToYear":438,"Area":73532.27500724063,"Type":"POLITY","Wikipedia":"Anurādhapura","Wikidata":"Q5724","SeshatID":"sl_anuradhapura_2","Components":"","MemberOf":"","sourceFeatureId":"cliopatria-41a81752f91b8f9a292e4a9e","datasetId":"cliopatria"},"geometry":{"type":"MultiPolygon","coordinates":[[[[81.259,8.643],[81.255,8.579],[81.397,8.514],[81.447,8.129],[81.654,7.936],[81.774,7.486],[81.917,7.422],[81.878,6.714],[81.338,6.136],[80.669,5.879],[80.231,5.879],[79.952,6.136],[79.759,6.65],[79.742,7.679],[79.607,7.872],[79.618,8.064],[79.764,8.064],[79.806,8.772],[80.05,9.157],[79.993,9.415],[80.079,9.607],[79.864,9.672],[79.876,9.865],[80.453,9.736],[80.521,9.672],[80.44,9.543],[80.728,9.479],[80.72,9.35],[80.861,9.286],[80.853,9.157],[80.995,9.093],[80.987,8.964],[81.259,8.643]]]]}},{"type":"Feature","id":"cliopatria-67c57ac8671b0314556bee57","properties":{"NAME":"Pyu City-States","ABBREVN":null,"CONTROL":null,"SUBJECTO":"Pyu City-States","PARTOF":null,"BORDERPRECISION":1,"FromYear":84,"ToYear":849,"Area":116186.97827394767,"Type":"POLITY","Wikipedia":"Pyu city-states","Wikidata":"Q1627675","SeshatID":"","Components":"","MemberOf":"","sourceFeatureId":"cliopatria-67c57ac8671b0314556bee57","datasetId":"cliopatria"},"geometry":{"type":"MultiPolygon","coordinates":[[[[96.831,22.143],[96.95,21.951],[96.817,21.565],[96.891,21.565],[96.824,21.115],[96.749,21.115],[96.785,20.858],[96.618,20.729],[96.709,20.343],[96.477,20.279],[96.578,19.958],[96.401,19.765],[96.418,19.379],[96.194,18.865],[95.842,18.479],[95.695,18.479],[95.676,18.35],[95.085,18.35],[94.854,18.801],[94.891,19.058],[94.725,19.443],[94.836,19.701],[94.614,20.215],[94.652,20.472],[94.411,20.858],[94.552,21.822],[94.72,21.951],[94.665,22.079],[95.29,23.686],[96.166,24.008],[96.591,23.879],[96.867,23.301],[96.783,22.786],[96.858,22.786],[96.841,22.208],[96.831,22.143]]],[[[96.719,23.751],[96.729,23.815],[96.804,23.815],[96.793,23.751],[96.719,23.751]]],[[[96.655,23.815],[96.666,23.879],[96.74,23.879],[96.729,23.815],[96.655,23.815]]]]}},{"type":"Feature","id":"cliopatria-e42790798935e378d4e88b3c","properties":{"NAME":"Indo-Scythians","ABBREVN":null,"CONTROL":null,"SUBJECTO":"Indo-Scythians","PARTOF":null,"BORDERPRECISION":1,"FromYear":91,"ToYear":269,"Area":121798.8425400771,"Type":"POLITY","Wikipedia":"Indo-Scythians","Wikidata":"Q240123","SeshatID":"","Components":"","MemberOf":"","sourceFeatureId":"cliopatria-e42790798935e378d4e88b3c","datasetId":"cliopatria"},"geometry":{"type":"MultiPolygon","coordinates":[[[[65.125,29.537],[64.53,29.601],[64.12,29.408],[62.304,29.408],[61.001,29.794],[60.956,29.987],[61.387,30.308],[61.875,30.951],[61.942,31.336],[62.421,31.465],[62.82,31.979],[63.161,32.172],[63.185,32.3],[63.426,32.365],[63.555,32.236],[64.383,32.172],[65.02,31.915],[65.694,31.85],[66.102,31.593],[66.483,31.593],[66.449,31.015],[66.525,31.015],[66.343,30.436],[66.418,30.436],[66.316,29.858],[66.077,29.794],[65.125,29.537]]]]}},{"type":"Feature","id":"cliopatria-baeab5554bf0e34503fbe0f8","properties":{"NAME":"Huns","ABBREVN":null,"CONTROL":null,"SUBJECTO":"Huns","PARTOF":null,"BORDERPRECISION":1,"FromYear":106,"ToYear":370,"Area":58474.91835818796,"Type":"POLITY","Wikipedia":"Huns","Wikidata":"Q45813","SeshatID":"","Components":"","MemberOf":"","sourceFeatureId":"cliopatria-baeab5554bf0e34503fbe0f8","datasetId":"cliopatria"},"geometry":{"type":"MultiPolygon","coordinates":[[[[46.621,44.777],[46.703,44.777],[46.784,44.777],[46.77,44.712],[46.689,44.712],[46.607,44.712],[46.621,44.777]]],[[[53.084,45.955],[53.101,46.021],[53.183,46.021],[53.166,45.955],[53.084,45.955]]],[[[47.352,45.89],[47.204,45.955],[47.166,46.152],[47.701,46.349],[48.381,46.809],[48.709,46.809],[49.411,47.335],[49.576,47.335],[49.971,47.598],[51.26,47.796],[53.096,47.862],[53.684,47.598],[54.521,46.743],[54.467,46.546],[54.549,46.546],[54.478,46.283],[54.56,46.283],[54.287,45.562],[53.879,45.562],[53.666,45.366],[53.421,45.366],[53.065,45.562],[53.067,45.89],[53.247,45.955],[53.35,46.349],[53.268,46.349],[53.272,46.677],[53.19,46.677],[53.242,46.874],[53.113,47.006],[51.863,46.94],[51.814,47.072],[51.585,47.137],[50.844,47.137],[50.302,46.94],[49.991,46.677],[49.303,46.546],[49.062,46.218],[48.638,46.152],[48.592,45.955],[48.347,45.955],[48.057,45.759],[47.309,45.693],[47.323,45.759],[47.352,45.89]]]]}},{"type":"Feature","id":"cliopatria-47fce91f2a5f9fc78f660471","properties":{"NAME":"Teotihuacan","ABBREVN":null,"CONTROL":null,"SUBJECTO":"Teotihuacan","PARTOF":null,"BORDERPRECISION":1,"FromYear":106,"ToYear":655,"Area":5674.000581128504,"Type":"POLITY","Wikipedia":"Teotihuacan","Wikidata":"Q172613","SeshatID":"mx_basin_of_mexico_7","Components":"","MemberOf":"","sourceFeatureId":"cliopatria-47fce91f2a5f9fc78f660471","datasetId":"cliopatria"},"geometry":{"type":"MultiPolygon","coordinates":[[[[-98.868,19.186],[-98.857,19.122],[-98.989,19.443],[-98.841,19.443],[-98.877,19.636],[-98.717,19.572],[-98.741,19.701],[-98.444,19.701],[-98.421,19.572],[-98.015,19.379],[-98.054,19.186],[-98.202,19.186],[-98.292,18.865],[-98.514,18.865],[-98.868,19.186]]]]}},{"type":"Feature","id":"cliopatria-dccd870086bba150d1846281","properties":{"NAME":"Burgundians","ABBREVN":null,"CONTROL":null,"SUBJECTO":"Burgundians","PARTOF":null,"BORDERPRECISION":1,"FromYear":154,"ToYear":223,"Area":611.7127549543184,"Type":"POLITY","Wikipedia":"Burgundians","Wikidata":"Q13590051","SeshatID":"","Components":"","MemberOf":"","sourceFeatureId":"cliopatria-dccd870086bba150d1846281","datasetId":"cliopatria"},"geometry":{"type":"MultiPolygon","coordinates":[[[[14.991,55.225],[15.078,55.225],[15.069,55.021],[14.636,55.089],[14.644,55.294],[14.991,55.225]]]]}},{"type":"Feature","id":"cliopatria-f20695693ec1ed690c146677","properties":{"NAME":"Goguryeo","ABBREVN":null,"CONTROL":null,"SUBJECTO":"Goguryeo","PARTOF":null,"BORDERPRECISION":1,"FromYear":154,"ToYear":237,"Area":126687.61225380299,"Type":"POLITY","Wikipedia":"Goguryeo","Wikidata":"Q28370","SeshatID":"kr_goguryeo_k","Components":"","MemberOf":"","sourceFeatureId":"cliopatria-f20695693ec1ed690c146677","datasetId":"cliopatria"},"geometry":{"type":"MultiPolygon","coordinates":[[[[129.74,41.717],[129.698,41.652],[129.81,41.457],[129.727,41.327],[129.882,41.198],[129.756,40.874],[129.238,40.679],[129.078,40.42],[128.682,40.291],[128.368,40.032],[127.935,39.967],[127.583,39.773],[127.628,39.579],[127.59,39.514],[126.964,39.385],[126.728,39.385],[126.832,39.838],[126.709,40.032],[126.432,40.096],[126.269,40.355],[126.425,40.614],[126.623,40.679],[126.742,41.003],[126.187,41.133],[126.108,41.263],[125.79,41.263],[125.831,41.327],[124.678,41.133],[124.717,41.198],[124.439,41.263],[124.479,41.327],[124.24,41.327],[124.28,41.392],[124.002,41.457],[124.042,41.522],[123.564,41.652],[123.604,41.717],[123.365,41.717],[123.405,41.782],[123.127,41.847],[123.167,41.911],[124.607,42.171],[125.093,42.431],[125.173,42.431],[125.661,42.691],[126.992,42.886],[130.655,43.082],[130.61,43.017],[130.77,43.017],[130.762,42.886],[130.922,42.886],[130.745,42.626],[130.905,42.626],[130.773,42.431],[130.322,42.236],[129.74,41.717]]]]}},{"type":"Feature","id":"cliopatria-ef73b289fdb6ea71f5f9a427","properties":{"NAME":"Himyarite Kingdom","ABBREVN":null,"CONTROL":null,"SUBJECTO":"Himyarite Kingdom","PARTOF":null,"BORDERPRECISION":1,"FromYear":154,"ToYear":237,"Area":73094.89679310276,"Type":"POLITY","Wikipedia":"Himyarite Kingdom","Wikidata":"Q289577","SeshatID":"","Components":"","MemberOf":"","sourceFeatureId":"cliopatria-ef73b289fdb6ea71f5f9a427","datasetId":"cliopatria"},"geometry":{"type":"MultiPolygon","coordinates":[[[[45.302,14.815],[45.816,14.815],[45.946,14.493],[46.163,14.429],[46.2,13.722],[46.047,13.593],[46.111,13.4],[45.741,13.336],[45.054,12.757],[43.802,12.629],[43.439,12.693],[43.447,12.886],[43.236,13.079],[43.265,13.722],[43.057,13.979],[42.886,15.008],[42.89,15.072],[44.29,15.136],[44.346,14.815],[44.56,14.686],[45.228,14.815],[45.302,14.815]]],[[[43.893,18.543],[43.89,18.479],[43.816,18.479],[43.742,18.479],[43.746,18.543],[43.819,18.543],[43.823,18.608],[43.897,18.608],[43.893,18.543]]]]}},{"type":"Feature","id":"cliopatria-42a8787b7547df2f891ddd64","properties":{"NAME":"Sabaeans","ABBREVN":null,"CONTROL":null,"SUBJECTO":"Sabaeans","PARTOF":null,"BORDERPRECISION":1,"FromYear":154,"ToYear":237,"Area":64450.64785275195,"Type":"POLITY","Wikipedia":"Sabaeans","Wikidata":"Q940785","SeshatID":"","Components":"","MemberOf":"","sourceFeatureId":"cliopatria-42a8787b7547df2f891ddd64","datasetId":"cliopatria"},"geometry":{"type":"MultiPolygon","coordinates":[[[[44.813,16.615],[44.81,16.55],[45.226,16.1],[45.215,15.908],[45.366,15.972],[45.579,15.843],[46.021,15.843],[46.175,15.972],[46.396,15.972],[46.47,15.972],[46.381,15.715],[46.149,15.522],[45.855,15.522],[45.848,15.393],[45.179,15.265],[45.025,15.136],[44.29,15.136],[42.89,15.072],[42.816,15.072],[42.766,15.522],[42.692,15.522],[42.824,16.615],[42.477,17],[42.487,17.193],[42.635,17.193],[43.022,17.515],[43.033,17.708],[43.25,17.643],[43.553,17.772],[43.9,17.386],[43.818,17.258],[43.959,17.129],[43.947,16.936],[44.088,16.808],[44.312,16.872],[44.305,16.743],[44.813,16.615]]]]}},{"type":"Feature","id":"cliopatria-2c3459539ace1983460267e2","properties":{"NAME":"Kingdom of Gordyene","ABBREVN":null,"CONTROL":null,"SUBJECTO":"Kingdom of Gordyene","PARTOF":null,"BORDERPRECISION":1,"FromYear":165,"ToYear":214,"Area":14297.679788934473,"Type":"POLITY","Wikipedia":"Corduene","Wikidata":"Q29237","SeshatID":"","Components":"","MemberOf":"","sourceFeatureId":"cliopatria-2c3459539ace1983460267e2","datasetId":"cliopatria"},"geometry":{"type":"MultiPolygon","coordinates":[[[[42.861,37.642],[42.852,37.577],[42.774,37.577],[42.765,37.513],[41.984,37.513],[41.178,37.319],[40.181,37.448],[40.051,37.642],[40.094,37.964],[40.572,38.029],[41.667,38.029],[41.97,37.964],[42.03,37.835],[42.508,37.9],[42.88,37.771],[42.871,37.706],[42.861,37.642]]]]}},{"type":"Feature","id":"cliopatria-7f5b40d3271a71b0db745341","properties":{"NAME":"Kingdom of Armenia","ABBREVN":null,"CONTROL":null,"SUBJECTO":"Kingdom of Armenia","PARTOF":null,"BORDERPRECISION":1,"FromYear":165,"ToYear":259,"Area":218361.80599766105,"Type":"POLITY","Wikipedia":"Kingdom of Armenia (antiquity)","Wikidata":"Q208404","SeshatID":"","Components":"","MemberOf":"","sourceFeatureId":"cliopatria-7f5b40d3271a71b0db745341","datasetId":"cliopatria"},"geometry":{"type":"MultiPolygon","coordinates":[[[[48.225,39.708],[48.673,39.579],[48.806,39.45],[48.782,39.32],[48.928,39.256],[48.742,38.674],[48.821,38.674],[48.807,38.158],[48.795,38.093],[48.326,38.093],[47.252,38.674],[46.121,38.481],[45.854,38.287],[45.635,37.9],[45.224,37.771],[45.174,37.448],[45.252,37.448],[45.29,37.19],[45.446,37.19],[45.251,36.933],[44.803,37.062],[44.774,37.384],[44.637,37.513],[43.945,37.577],[43.886,37.706],[42.88,37.771],[42.508,37.9],[42.03,37.835],[41.97,37.964],[41.667,38.029],[40.572,38.029],[40.547,38.416],[40.469,38.416],[40.658,39.191],[40.51,39.256],[40.548,39.514],[39.848,39.579],[39.751,39.45],[39.209,39.514],[38.954,39.385],[38.745,39.579],[38.93,39.773],[38.79,39.902],[40.398,40.096],[40.953,40.614],[41.45,40.744],[41.535,41.263],[41.614,41.263],[41.694,41.263],[41.705,41.327],[42.25,41.263],[42.363,41.457],[42.624,41.587],[42.863,41.587],[43.34,41.133],[43.976,41.133],[44.237,41.263],[45.112,41.263],[45.302,41.003],[45.595,40.874],[45.457,40.55],[45.884,40.291],[46.201,40.291],[46.256,40.161],[46.481,40.096],[46.458,39.967],[46.774,39.967],[47.066,39.838],[47.121,39.708],[48.146,39.708],[48.225,39.708]]]]}},{"type":"Feature","id":"cliopatria-c919ddde3b5edb76860e075c","properties":{"NAME":"Wusun","ABBREVN":null,"CONTROL":null,"SUBJECTO":"Wusun","PARTOF":null,"BORDERPRECISION":1,"FromYear":165,"ToYear":386,"Area":39946.553826863164,"Type":"POLITY","Wikipedia":"Wusun","Wikidata":"Q854062","SeshatID":"","Components":"","MemberOf":"","sourceFeatureId":"cliopatria-c919ddde3b5edb76860e075c","datasetId":"cliopatria"},"geometry":{"type":"MultiPolygon","coordinates":[[[[78.629,42.886],[78.709,42.886],[79.03,42.886],[79.3,42.756],[79.329,42.626],[79.489,42.626],[79.519,42.496],[80.054,42.431],[80.028,42.366],[77.875,41.522],[77.374,41.457],[77.294,41.457],[76.817,41.457],[76.864,41.587],[76.625,41.587],[76.615,41.782],[76.798,41.847],[76.16,41.847],[76.128,41.976],[76.278,42.171],[76.142,42.236],[76.158,42.496],[75.814,42.431],[75.701,42.561],[75.878,42.821],[75.766,42.951],[77.716,43.017],[78.629,42.886]]]]}},{"type":"Feature","id":"cliopatria-35247e09297454c3f32b2f7e","properties":{"NAME":"Kingdom of Osroene","ABBREVN":null,"CONTROL":null,"SUBJECTO":"Kingdom of Osroene","PARTOF":null,"BORDERPRECISION":1,"FromYear":184,"ToYear":206,"Area":50068.95773918641,"Type":"POLITY","Wikipedia":"Osroene","Wikidata":"Q237234","SeshatID":"","Components":"","MemberOf":"","sourceFeatureId":"cliopatria-35247e09297454c3f32b2f7e","datasetId":"cliopatria"},"geometry":{"type":"MultiPolygon","coordinates":[[[[41.283,36.353],[40.809,36.288],[39.753,35.902],[39.497,35.709],[38.428,35.838],[38.133,35.966],[38.176,36.997],[37.958,37.126],[37.989,37.384],[38.333,37.642],[38.349,37.771],[39.122,37.706],[39.46,37.9],[39.496,37.577],[40.181,37.448],[41.178,37.319],[41.212,36.997],[41.541,36.546],[41.283,36.353]]]]}},{"type":"Feature","id":"cliopatria-244ade5a43f37bdc34daa1b3","properties":{"NAME":"Norse","ABBREVN":null,"CONTROL":null,"SUBJECTO":"Norse","PARTOF":null,"BORDERPRECISION":1,"FromYear":184,"ToYear":206,"Area":8113.598080737821,"Type":"POLITY","Wikipedia":"Norse","Wikidata":"Q909583","SeshatID":"","Components":"","MemberOf":"","sourceFeatureId":"cliopatria-244ade5a43f37bdc34daa1b3","datasetId":"cliopatria"},"geometry":{"type":"MultiPolygon","coordinates":[[[[9.576,55.43],[9.575,55.567],[9.838,55.635],[10.627,55.635],[10.626,55.498],[10.801,55.43],[10.799,55.157],[10.712,55.157],[10.711,55.021],[9.926,55.089],[9.751,55.362],[9.576,55.362],[9.576,55.43]]],[[[10.832,59.995],[10.833,60.065],[10.924,60.065],[10.923,59.995],[10.832,59.995]]],[[[10.561,60.417],[10.562,60.628],[10.746,60.628],[10.747,60.769],[10.93,60.769],[10.932,60.911],[11.299,60.911],[11.297,60.769],[11.662,60.628],[11.657,60.276],[11.475,60.346],[11.473,60.206],[11.29,60.206],[11.289,60.065],[11.106,59.995],[10.924,60.065],[10.925,60.206],[10.469,60.346],[10.47,60.417],[10.561,60.417]]]]}},{"type":"Feature","id":"cliopatria-d2add95f23a74dfa1f80432b","properties":{"NAME":"Satavahana Dynasty","ABBREVN":null,"CONTROL":null,"SUBJECTO":"Satavahana Dynasty","PARTOF":null,"BORDERPRECISION":1,"FromYear":184,"ToYear":206,"Area":750281.7832123513,"Type":"POLITY","Wikipedia":"Satavahana dynasty","Wikidata":"Q5257","SeshatID":"in_satavahana_emp","Components":"","MemberOf":"","sourceFeatureId":"cliopatria-d2add95f23a74dfa1f80432b","datasetId":"cliopatria"},"geometry":{"type":"MultiPolygon","coordinates":[[[[81.299,23.365],[81.514,23.301],[81.637,23.108],[81.86,23.108],[82.058,22.915],[82.347,22.851],[82.471,22.658],[82.619,22.658],[83.345,21.951],[83.519,21.565],[83.37,21.565],[83.156,21.051],[82.663,20.665],[82.459,20.215],[82.311,20.215],[82.205,19.958],[82.049,19.893],[82.001,19.508],[82.075,19.508],[82.028,19.122],[82.102,19.122],[81.906,18.736],[81.759,18.736],[81.222,17.965],[80.357,17.515],[79.531,16.743],[79.313,16.1],[79.058,15.779],[78.709,14.493],[78.268,14.493],[77.503,14.172],[77.21,14.172],[76.893,13.915],[76.441,13.786],[76.115,13.4],[75.973,13.465],[75.304,15.008],[74.967,15.329],[74.311,15.393],[74.103,15.522],[73.802,15.458],[73.747,15.65],[73.539,15.779],[73.254,16.615],[73.3,17.065],[72.959,18.029],[72.875,19.315],[72.734,19.379],[72.701,19.765],[72.708,19.829],[72.87,19.958],[73.47,20.022],[74.246,20.343],[74.348,20.601],[74.497,20.601],[74.755,20.922],[75.756,21.243],[77.73,22.851],[78.285,23.686],[78.38,24.908],[78.576,24.715],[79.38,24.586],[80.585,24.136],[81.307,23.429],[81.299,23.365]]]]}},{"type":"Feature","id":"cliopatria-839400e43fa3a0aa6e2e0e90","properties":{"NAME":"Kingdom of Adiabene","ABBREVN":null,"CONTROL":null,"SUBJECTO":"Kingdom of Adiabene","PARTOF":null,"BORDERPRECISION":1,"FromYear":184,"ToYear":214,"Area":13459.36799203475,"Type":"POLITY","Wikipedia":"Adiabene","Wikidata":"Q149747","SeshatID":"","Components":"","MemberOf":"","sourceFeatureId":"cliopatria-839400e43fa3a0aa6e2e0e90","datasetId":"cliopatria"},"geometry":{"type":"MultiPolygon","coordinates":[[[[41.671,36.353],[41.68,36.417],[41.602,36.417],[41.61,36.482],[41.533,36.482],[41.541,36.546],[41.212,36.997],[41.178,37.319],[41.984,37.513],[42.765,37.513],[42.623,37.062],[42.629,36.546],[41.671,36.353]]]]}},{"type":"Feature","id":"cliopatria-3b8c996e187f61728318b016","properties":{"NAME":"Kushan Empire","ABBREVN":null,"CONTROL":null,"SUBJECTO":"Kushan Empire","PARTOF":null,"BORDERPRECISION":1,"FromYear":184,"ToYear":214,"Area":1938519.2694833404,"Type":"POLITY","Wikipedia":"Kushan Empire","Wikidata":"Q25979","SeshatID":"af_kushan_emp","Components":"","MemberOf":"","sourceFeatureId":"cliopatria-3b8c996e187f61728318b016","datasetId":"cliopatria"},"geometry":{"type":"MultiPolygon","coordinates":[[[[71.978,41.263],[72.137,41.263],[72.232,41.068],[72.47,41.068],[73.019,40.809],[73.099,40.809],[73.135,40.679],[73.294,40.679],[73.331,40.55],[73.489,40.55],[73.526,40.42],[73.8,40.291],[73.573,39.579],[73.395,39.514],[73.69,39.45],[73.67,39.385],[73.63,39.256],[73.748,39.126],[73.494,38.545],[72.759,37.9],[72.423,37.255],[72.37,37.062],[72.448,37.062],[72.232,36.546],[72.31,36.546],[72.302,36.224],[72.501,36.095],[72.468,35.966],[72.64,36.031],[72.606,35.902],[72.822,35.838],[72.711,35.709],[73.441,34.937],[73.811,34.872],[73.701,34.744],[73.993,34.679],[74.297,34.358],[74.451,34.358],[74.634,34.165],[74.602,34.036],[74.8,33.907],[74.768,33.779],[75.028,33.586],[74.996,33.457],[75.134,33.393],[75.103,33.264],[75.241,33.2],[75.271,33.007],[75.424,33.007],[75.469,32.879],[75.882,32.686],[76.127,32.75],[76.081,32.557],[76.601,32.172],[78.448,31.593],[78.844,31.658],[78.814,31.529],[79.18,31.465],[79.607,31.015],[79.624,30.758],[79.869,30.501],[79.845,30.051],[79.954,29.858],[79.885,29.537],[79.961,29.537],[79.867,29.087],[80.166,28.701],[80.681,28.637],[80.957,28.508],[81.195,28.187],[81.885,27.865],[82.538,27.737],[83.078,27.415],[84.357,27.415],[84.36,26.644],[84.511,26.644],[84.44,26.258],[84.515,26.258],[84.457,25.486],[84.339,25.229],[83.754,24.844],[83.071,24.779],[82.359,24.522],[81.603,23.943],[81.316,23.493],[81.307,23.429],[80.585,24.136],[79.38,24.586],[78.576,24.715],[78.38,24.908],[78.344,26.129],[78.269,26.129],[78.332,26.515],[78.257,26.515],[78.236,26.837],[77.786,26.837],[77.689,26.708],[77.238,26.708],[77.11,26.837],[75.972,26.772],[73.959,26.387],[73.479,26.194],[73.179,26.194],[71.905,25.679],[71.235,25.165],[71.086,25.165],[70.57,24.651],[70.605,24.329],[70.448,24.265],[70.424,24.072],[70.065,23.558],[69.5,23.172],[69.039,23.043],[69.025,22.915],[68.95,22.915],[68.606,23.172],[68.552,23.365],[68.336,23.429],[68.35,23.558],[68.127,23.558],[68.155,23.815],[67.633,23.815],[67.491,23.879],[67.438,24.072],[67.289,24.072],[67.326,24.393],[67.148,24.779],[66.632,24.844],[66.64,24.908],[67.112,25.101],[67.502,25.808],[67.197,26.322],[67.175,27.222],[67.062,27.479],[67.121,27.865],[67.046,27.865],[67.041,28.315],[66.965,28.315],[67.007,28.572],[66.931,28.572],[67.135,29.344],[66.995,29.408],[66.888,29.665],[66.434,29.665],[66.077,29.794],[66.316,29.858],[66.418,30.436],[66.343,30.436],[66.525,31.015],[66.449,31.015],[66.483,31.593],[66.102,31.593],[65.694,31.85],[65.02,31.915],[64.383,32.172],[63.555,32.236],[63.426,32.365],[63.873,33.843],[64.324,34.165],[64.574,34.615],[65.092,34.872],[64.854,35.194],[64.829,35.773],[64.751,35.773],[65.155,38.739],[65.077,38.739],[65.144,38.997],[65.065,38.997],[65.282,39.514],[65.203,39.514],[65.291,39.838],[65.564,39.967],[65.883,40.809],[65.962,40.809],[66.653,41.263],[66.891,41.263],[67.547,41.587],[68.025,41.587],[68.223,41.457],[68.978,41.327],[69.58,41.717],[70.016,41.587],[71.63,41.652],[71.841,41.327],[72,41.327],[71.978,41.263]]],[[[72.501,36.095],[72.518,36.16],[72.596,36.16],[72.579,36.095],[72.501,36.095]]]]}},{"type":"Feature","id":"cliopatria-d94b91a966d37bc47efa7425","properties":{"NAME":"Western Satraps","ABBREVN":null,"CONTROL":null,"SUBJECTO":"Western Satraps","PARTOF":null,"BORDERPRECISION":1,"FromYear":184,"ToYear":214,"Area":467528.83432172984,"Type":"POLITY","Wikipedia":"Western Satraps","Wikidata":"Q2086608","SeshatID":"pk_western_satraps","Components":"","MemberOf":"","sourceFeatureId":"cliopatria-d94b91a966d37bc47efa7425","datasetId":"cliopatria"},"geometry":{"type":"MultiPolygon","coordinates":[[[[78.344,26.129],[78.38,24.908],[78.285,23.686],[77.73,22.851],[75.756,21.243],[74.755,20.922],[74.497,20.601],[74.348,20.601],[74.246,20.343],[73.47,20.022],[72.87,19.958],[72.708,19.829],[72.634,19.829],[72.837,20.343],[72.899,20.922],[72.563,21.243],[72.76,21.693],[72.544,21.758],[72.527,22.272],[72.378,22.272],[72.342,21.951],[72.112,21.886],[72.173,21.758],[72.321,21.758],[72.185,21.179],[71.408,20.858],[71.321,20.729],[70.721,20.665],[70.295,20.858],[69.89,21.243],[69.903,21.372],[69.497,21.758],[69.349,21.758],[68.949,22.208],[68.977,22.465],[69.409,22.336],[69.497,22.465],[69.869,22.465],[70.263,22.658],[70.365,22.915],[69.451,22.722],[69.099,22.915],[69.025,22.915],[69.039,23.043],[69.5,23.172],[70.065,23.558],[70.424,24.072],[70.448,24.265],[70.605,24.329],[70.57,24.651],[71.086,25.165],[71.235,25.165],[71.905,25.679],[73.179,26.194],[73.479,26.194],[73.959,26.387],[75.972,26.772],[77.11,26.837],[77.238,26.708],[77.689,26.708],[77.786,26.837],[78.236,26.837],[78.257,26.515],[78.332,26.515],[78.269,26.129],[78.344,26.129]]]]}},{"type":"Feature","id":"cliopatria-ed2c3afadc5f85229af1aee3","properties":{"NAME":"Hadhramaut","ABBREVN":null,"CONTROL":null,"SUBJECTO":"Hadhramaut","PARTOF":null,"BORDERPRECISION":1,"FromYear":184,"ToYear":282,"Area":97893.44140192315,"Type":"POLITY","Wikipedia":"Hadhramaut","Wikidata":"Q1517159","SeshatID":"","Components":"","MemberOf":"","sourceFeatureId":"cliopatria-ed2c3afadc5f85229af1aee3","datasetId":"cliopatria"},"geometry":{"type":"MultiPolygon","coordinates":[[[[51.074,15.458],[50.845,15.329],[50.752,15.008],[49.63,14.686],[48.535,14.815],[48.322,14.943],[47.521,15.072],[47.528,15.2],[46.8,15.329],[46.58,15.329],[46.492,15.072],[46.341,15.008],[45.302,14.815],[45.228,14.815],[44.56,14.686],[44.346,14.815],[44.29,15.136],[45.025,15.136],[45.179,15.265],[45.848,15.393],[45.855,15.522],[46.149,15.522],[46.381,15.715],[46.47,15.972],[46.473,16.036],[46.555,16.165],[46.698,16.1],[48.117,16.422],[49.594,16.486],[50.118,16.615],[50.483,16.55],[51.081,16.679],[51.887,16.615],[51.952,16.486],[51.86,16.229],[51.242,15.779],[51.078,15.522],[51.074,15.458]]],[[[46.702,16.165],[46.628,16.165],[46.632,16.229],[46.706,16.229],[46.702,16.165]]]]}},{"type":"Feature","id":"cliopatria-7fcfa0234b6629024dcc5d5d","properties":{"NAME":"Cao Cao","ABBREVN":null,"CONTROL":null,"SUBJECTO":"Cao Cao","PARTOF":null,"BORDERPRECISION":1,"FromYear":197,"ToYear":206,"Area":177494.31617152796,"Type":"POLITY","Wikipedia":"Cao Cao","Wikidata":"Q204077","SeshatID":"","Components":"","MemberOf":"","sourceFeatureId":"cliopatria-7fcfa0234b6629024dcc5d5d","datasetId":"cliopatria"},"geometry":{"type":"MultiPolygon","coordinates":[[[[112.55,36.353],[112.522,36.288],[112.766,35.773],[112.998,35.773],[113.602,36.095],[113.984,36.61],[114.217,36.61],[114.393,36.482],[114.349,36.031],[114.659,36.031],[114.835,35.902],[115.869,36.482],[116.316,36.61],[116.286,36.546],[116.694,36.417],[117.102,35.773],[117.49,35.773],[118.225,36.031],[118.38,36.031],[118.477,35.902],[117.889,34.744],[117.652,34.551],[117.344,34.551],[117.14,34.615],[117.25,34.872],[117.432,34.937],[117.438,35.13],[116.771,35.194],[116.484,35.065],[116.238,34.486],[114.973,33.843],[113.821,33.457],[112.314,33.329],[112.111,33.2],[111.623,33.329],[111.544,33.522],[111.262,33.586],[111.183,33.779],[110.974,34.229],[110.769,34.293],[110.82,34.422],[110.691,34.486],[110.717,34.744],[110.588,34.808],[110.666,35.001],[110.589,35.001],[110.747,35.387],[110.981,35.58],[111.743,37.513],[112.029,37.964],[112.594,37.835],[112.534,37.706],[112.613,37.706],[112.553,37.577],[112.65,37.448],[112.43,36.61],[112.508,36.61],[112.451,36.482],[112.55,36.353]]]]}},{"type":"Feature","id":"cliopatria-7cf7ae69f717714827b6a154","properties":{"NAME":"Goths","ABBREVN":null,"CONTROL":null,"SUBJECTO":"Goths","PARTOF":null,"BORDERPRECISION":1,"FromYear":197,"ToYear":206,"Area":75478.09277577687,"Type":"POLITY","Wikipedia":"Goths","Wikidata":"Q42193","SeshatID":"","Components":"","MemberOf":"","sourceFeatureId":"cliopatria-7cf7ae69f717714827b6a154","datasetId":"cliopatria"},"geometry":{"type":"MultiPolygon","coordinates":[[[[20.365,53.732],[20.359,53.665],[20.951,53.53],[21.111,53.395],[21.381,53.53],[21.806,53.462],[21.781,53.192],[21.94,53.057],[21.921,52.855],[22.435,52.855],[22.489,52.519],[23.159,52.385],[23.145,52.25],[23.401,52.25],[23.636,52.049],[23.472,51.246],[23.556,51.246],[23.493,50.579],[23.577,50.579],[23.558,50.379],[23.785,50.113],[23.665,49.714],[22.744,49.714],[22.755,49.847],[21.966,50.446],[21.904,50.712],[21.667,50.912],[21.695,51.246],[21.87,51.313],[21.367,51.38],[21.209,51.513],[21.151,51.848],[20.987,51.915],[20.929,52.25],[20.695,52.519],[19.413,52.519],[19.337,52.654],[19.005,52.788],[18.495,52.855],[18.427,53.125],[18.78,53.26],[18.726,53.732],[18.817,53.8],[18.486,54.003],[18.34,54.41],[18.253,54.41],[18.271,54.681],[18.45,54.749],[18.687,54.41],[19.641,54.41],[19.63,54.274],[19.885,54.206],[19.95,53.935],[20.365,53.732]]]]}},{"type":"Feature","id":"cliopatria-d436461058a477eb49531be1","properties":{"NAME":"Han Dynasty","ABBREVN":null,"CONTROL":null,"SUBJECTO":"Han Dynasty","PARTOF":null,"BORDERPRECISION":1,"FromYear":197,"ToYear":206,"Area":3478878.320305283,"Type":"POLITY","Wikipedia":"Han dynasty","Wikidata":"Q1068371","SeshatID":"cn_eastern_han_dyn","Components":"","MemberOf":"","sourceFeatureId":"cliopatria-d436461058a477eb49531be1","datasetId":"cliopatria"},"geometry":{"type":"MultiPolygon","coordinates":[[[[109.841,18.222],[109.25,18.222],[109.123,18.35],[108.765,18.415],[108.638,18.543],[108.704,19.379],[109.203,19.701],[109.246,19.958],[110.157,20.086],[110.591,20.022],[110.613,20.151],[110.909,20.151],[111.087,19.893],[111.032,19.572],[110.884,19.572],[110.851,19.379],[110.681,19.251],[110.508,18.672],[110.19,18.543],[110.179,18.479],[109.862,18.35],[109.841,18.222]]],[[[113.785,22.529],[113.747,22.722],[113.599,22.722],[113.687,22.401],[113.639,22.143],[113.416,22.143],[113.526,22.336],[113.53,22.358],[113.451,22.336],[113.318,22.015],[113.106,22.079],[113.071,21.886],[112.774,21.886],[112.441,21.693],[111.859,21.758],[111.664,21.501],[110.984,21.436],[110.739,21.308],[110.716,21.179],[110.419,21.179],[110.483,21.115],[110.364,20.858],[110.616,20.601],[110.487,20.279],[109.883,20.215],[109.927,20.472],[109.789,20.536],[109.77,20.858],[109.696,20.858],[109.87,21.436],[109.807,21.501],[109.116,21.372],[109.086,21.629],[108.652,21.693],[108.555,21.565],[107.79,21.436],[107.417,20.986],[106.961,20.922],[106.834,20.601],[106.685,20.601],[106.537,20.151],[105.965,19.829],[105.734,18.865],[106.051,18.543],[106.031,18.415],[106.178,18.415],[106.295,18.222],[106.57,18.093],[106.571,17.643],[106.772,17.515],[106.752,17.386],[107.026,17.258],[106.765,17],[106.534,16.936],[105.144,18.415],[105.185,18.672],[105.037,18.672],[105.142,18.865],[105.015,18.993],[105.014,19.443],[104.94,19.443],[104.992,19.765],[104.865,19.893],[104.981,20.151],[104.44,20.472],[104.619,20.665],[104.905,20.601],[104.873,20.858],[105.096,20.858],[104.851,21.179],[104.979,21.501],[104.926,21.629],[105.096,21.758],[105.128,21.951],[104.874,22.208],[105.238,22.593],[105.197,22.786],[105.208,22.851],[105.283,22.851],[105.294,22.915],[105.369,22.915],[105.357,22.851],[105.678,22.979],[105.69,23.043],[105.615,23.043],[105.363,23.301],[104.956,23.108],[104.905,23.236],[102.99,23.365],[101.811,24.265],[101.462,25.165],[101.398,25.936],[101.196,26.387],[101.09,27.544],[101.014,27.544],[101.05,27.994],[100.915,28.058],[101.039,28.251],[100.964,28.251],[101.03,28.508],[100.955,28.508],[101.022,28.765],[100.881,29.087],[100.951,29.344],[100.875,29.344],[100.964,29.665],[100.889,29.665],[100.961,29.922],[100.885,29.922],[100.978,30.244],[100.902,30.244],[101.015,30.629],[100.939,30.629],[101.055,31.015],[100.979,31.015],[101.316,31.85],[101.336,31.915],[101.357,31.979],[101.687,32.75],[102.552,33.264],[103.034,33.329],[103.332,33.522],[103.493,33.972],[103.355,34.229],[103.402,34.358],[103.479,34.358],[103.503,34.422],[103.735,35.451],[103.63,35.58],[103.677,35.902],[103.6,35.902],[103.676,36.095],[103.467,36.353],[103.518,36.482],[103.389,36.546],[103.44,36.675],[103.311,36.739],[103.363,36.868],[103.208,37.062],[102.871,37.19],[102.611,37.126],[102.586,37.255],[102.171,37.384],[102.172,37.577],[102.043,37.642],[102.096,37.771],[101.755,37.513],[101.601,37.706],[101.315,37.771],[101.29,37.9],[100.796,38.029],[100.799,38.222],[100.642,38.222],[100.414,38.61],[100.199,38.287],[99.862,38.416],[99.379,39.126],[99.092,39.191],[99.12,39.256],[98.958,39.062],[98.384,39.191],[98.117,38.933],[97.96,38.933],[97.857,39.062],[97.492,39.126],[97.468,39.256],[96.763,39.45],[96.681,39.256],[96.76,39.256],[96.678,39.062],[96.757,39.062],[96.677,38.868],[96.755,38.868],[96.649,38.61],[96.414,38.61],[96.31,38.739],[95.682,38.933],[95.319,39.385],[94.977,39.32],[94.506,39.514],[93.955,39.514],[93.351,39.385],[93.272,39.385],[93.273,39.773],[93.09,39.902],[93.199,40.161],[93.278,40.161],[93.365,40.55],[93.574,40.485],[93.845,40.744],[95.23,41.003],[97.214,41.003],[97.184,40.938],[97.888,40.744],[98.037,40.55],[98.274,40.55],[98.503,40.355],[98.948,40.291],[98.918,40.226],[99.284,40.161],[99.384,40.032],[100.173,40.032],[100.144,39.967],[100.381,39.967],[100.737,39.708],[101.181,39.644],[101.165,39.256],[101.559,39.256],[101.63,39.062],[102.123,38.933],[102.095,38.868],[103.132,39.256],[103.812,39.708],[104.583,39.838],[104.668,39.514],[103.939,39.126],[103.608,38.739],[104.108,38.803],[103.836,38.545],[103.751,38.351],[103.88,38.287],[103.663,37.964],[103.764,37.835],[104.362,37.771],[104.463,37.642],[105.774,37.964],[107.359,37.835],[108.539,38.029],[108.51,37.964],[108.745,37.964],[108.843,37.835],[110.123,37.9],[110.094,37.835],[110.484,37.835],[110.455,37.771],[111.743,37.513],[110.981,35.58],[110.747,35.387],[110.589,35.001],[110.666,35.001],[110.588,34.808],[110.717,34.744],[110.691,34.486],[110.82,34.422],[110.769,34.293],[110.974,34.229],[111.183,33.779],[111.262,33.586],[111.544,33.522],[111.623,33.329],[112.111,33.2],[112.314,33.329],[113.821,33.457],[114.973,33.843],[116.238,34.486],[116.484,35.065],[116.771,35.194],[117.438,35.13],[117.432,34.937],[117.25,34.872],[117.14,34.615],[117.344,34.551],[117.652,34.551],[117.889,34.744],[118.477,35.902],[118.38,36.031],[118.225,36.031],[117.49,35.773],[117.102,35.773],[116.694,36.417],[116.286,36.546],[116.316,36.61],[115.869,36.482],[114.835,35.902],[114.659,36.031],[114.349,36.031],[114.393,36.482],[114.217,36.61],[113.984,36.61],[113.602,36.095],[112.998,35.773],[112.766,35.773],[112.522,36.288],[112.55,36.353],[112.451,36.482],[112.508,36.61],[112.43,36.61],[112.65,37.448],[112.553,37.577],[112.613,37.706],[112.534,37.706],[112.594,37.835],[112.029,37.964],[113.004,39.644],[113.623,40.226],[113.76,40.485],[114.297,40.744],[114.808,40.809],[115.992,41.782],[117.338,42.171],[117.737,42.171],[117.701,41.976],[117.823,41.911],[117.708,41.717],[117.791,41.587],[118.072,41.522],[118.034,41.457],[118.47,41.522],[118.432,41.457],[118.671,41.457],[118.633,41.392],[118.83,41.457],[118.792,41.392],[119.428,41.392],[119.39,41.327],[120.942,41.263],[123.167,41.911],[123.127,41.847],[123.405,41.782],[123.365,41.717],[123.604,41.717],[123.564,41.652],[124.042,41.522],[124.002,41.457],[124.28,41.392],[124.24,41.327],[124.479,41.327],[124.439,41.263],[124.717,41.198],[124.678,41.133],[125.831,41.327],[125.79,41.263],[126.108,41.263],[126.187,41.133],[126.742,41.003],[126.623,40.679],[126.425,40.614],[126.269,40.355],[126.432,40.096],[126.709,40.032],[126.832,39.838],[126.728,39.385],[126.964,39.385],[126.854,39.191],[127.023,38.933],[126.937,38.351],[126.348,37.835],[126.27,37.835],[125.845,37.771],[125.835,37.9],[125.678,37.9],[125.387,37.642],[125.231,37.642],[125.298,37.771],[125.209,37.9],[124.897,37.9],[125.077,38.093],[124.764,38.093],[124.866,38.287],[124.788,38.287],[124.961,38.61],[125.153,38.674],[125.189,38.739],[125.032,38.739],[125.39,39.385],[125.306,39.514],[124.87,39.579],[124.865,39.708],[124.512,39.644],[124.345,39.902],[124.034,39.773],[123.597,39.838],[122.936,39.644],[122.17,39.256],[121.952,38.997],[121.716,38.997],[121.422,38.739],[121.029,38.739],[121.201,39.062],[121.515,39.062],[121.69,39.385],[121.297,39.385],[121.21,39.514],[121.281,39.644],[121.438,39.644],[121.503,39.902],[121.776,39.967],[122.231,40.485],[122.106,40.679],[121.827,40.744],[121.824,40.874],[121.189,40.874],[121.11,40.874],[121.072,40.809],[120.647,40.485],[120.5,40.226],[119.38,39.773],[119.215,39.32],[118.989,39.191],[118.057,39.062],[118.046,39.191],[117.888,39.191],[117.709,38.997],[117.676,38.933],[117.642,38.868],[117.602,38.481],[118.054,38.287],[118.067,38.158],[118.583,38.093],[118.648,38.222],[118.804,38.222],[118.772,38.158],[119.457,37.964],[119.393,37.835],[119.237,37.835],[118.984,37.319],[119.14,37.319],[119.156,37.19],[119.701,37.19],[119.827,37.448],[120.202,37.577],[120.188,37.706],[120.754,37.9],[121.112,37.835],[121.171,37.642],[121.483,37.642],[121.497,37.513],[122.154,37.577],[122.121,37.513],[122.713,37.448],[122.474,37.126],[122.566,36.997],[122.394,36.804],[121.912,36.933],[121.212,36.61],[120.979,36.61],[120.965,36.417],[120.732,36.417],[120.659,36.095],[120.474,36.031],[120.318,36.031],[120.259,35.902],[119.773,35.516],[119.619,35.516],[119.369,35.13],[119.341,35.065],[119.228,34.808],[119.459,34.808],[119.431,34.744],[119.711,34.679],[119.732,34.551],[120.342,34.358],[120.489,34.165],[120.55,33.586],[120.926,33.2],[120.923,33.007],[120.897,32.943],[120.973,32.943],[120.919,32.622],[121.403,32.493],[121.503,32.172],[121.783,32.107],[121.987,31.85],[121.836,31.658],[121.683,31.658],[121.581,31.786],[120.919,31.85],[121.454,31.658],[121.481,31.529],[121.634,31.529],[121.584,31.4],[121.737,31.4],[121.995,31.079],[121.899,30.822],[121.519,30.822],[121.396,30.694],[121.32,30.694],[121.297,30.629],[121.045,30.565],[120.68,30.179],[120.809,30.115],[121.105,30.308],[121.484,30.308],[121.62,30.051],[122.03,29.922],[121.865,29.665],[122.016,29.665],[121.928,29.408],[122.004,29.408],[121.938,29.215],[121.712,29.215],[121.798,29.472],[121.593,29.537],[121.539,29.151],[121.744,29.087],[121.714,28.765],[121.522,28.637],[121.652,28.572],[121.646,28.315],[121.153,28.187],[121.193,28.315],[121.118,28.315],[121.038,28.058],[120.868,27.994],[120.715,27.737],[120.657,27.544],[120.733,27.544],[120.545,27.158],[120.395,27.158],[120.247,26.901],[120.096,26.901],[120.061,26.772],[120.211,26.772],[120.158,26.579],[119.84,26.515],[119.938,26.322],[119.587,26.129],[119.778,26.001],[119.53,25.615],[119.904,25.615],[119.872,25.486],[119.466,25.358],[119.423,25.486],[119.273,25.486],[119.391,25.358],[119.344,25.165],[119.029,25.101],[119.074,24.972],[118.819,24.844],[118.76,24.586],[118.147,24.522],[118.076,24.201],[117.721,23.943],[117.694,23.815],[117.47,23.815],[117.179,23.493],[116.894,23.558],[116.78,23.365],[116.815,23.172],[116.591,23.172],[116.54,22.915],[115.696,22.786],[115.671,22.658],[115.373,22.658],[115.174,22.786],[114.902,22.529],[114.753,22.529],[114.703,22.658],[114.715,22.722],[114.641,22.722],[114.628,22.658],[114.616,22.593],[114.531,22.143],[113.999,22.079],[113.996,22.465],[113.785,22.529]],[[120.176,36.224],[120.146,36.16],[120.116,36.095],[120.251,36.052],[120.301,36.16],[120.176,36.224]]],[[[121.977,29.987],[122.022,30.115],[122.045,30.179],[122.273,30.179],[122.28,29.987],[121.977,29.987]]]]}},{"type":"Feature","id":"cliopatria-34fc6c3c03bd8f2ed6b6e0a4","properties":{"NAME":"Parthian Empire","ABBREVN":null,"CONTROL":null,"SUBJECTO":"Parthian Empire","PARTOF":null,"BORDERPRECISION":1,"FromYear":197,"ToYear":206,"Area":2631120.145319066,"Type":"POLITY","Wikipedia":"Parthian Empire","Wikidata":"Q1986139","SeshatID":"iq_parthian_emp_2","Components":"","MemberOf":"","sourceFeatureId":"cliopatria-34fc6c3c03bd8f2ed6b6e0a4","datasetId":"cliopatria"},"geometry":{"type":"MultiPolygon","coordinates":[[[[51.138,25.486],[51.212,25.486],[51.207,25.422],[51.132,25.422],[51.138,25.486]]],[[[50.43,25.936],[50.46,26.258],[50.685,26.258],[50.673,26.129],[50.667,26.065],[50.649,25.872],[50.43,25.936]]],[[[57.351,40.291],[58.332,40.42],[58.537,40.291],[58.854,40.291],[58.98,40.161],[59.77,40.161],[59.768,39.838],[60.084,39.838],[60.052,39.708],[60.683,39.708],[60.713,39.514],[60.949,39.514],[62.502,40.032],[62.879,39.967],[64.02,40.096],[64.389,40.291],[65.235,40.485],[65.272,40.614],[65.351,40.614],[65.37,40.679],[65.449,40.679],[65.43,40.614],[65.589,40.614],[65.804,40.809],[65.883,40.809],[65.564,39.967],[65.291,39.838],[65.203,39.514],[65.282,39.514],[65.065,38.997],[65.144,38.997],[65.077,38.739],[65.155,38.739],[64.751,35.773],[64.829,35.773],[64.854,35.194],[65.092,34.872],[64.574,34.615],[64.324,34.165],[63.873,33.843],[63.426,32.365],[63.185,32.3],[63.161,32.172],[62.82,31.979],[62.421,31.465],[61.942,31.336],[61.875,30.951],[61.387,30.308],[60.956,29.987],[61.001,29.794],[62.304,29.408],[64.12,29.408],[64.53,29.601],[65.125,29.537],[66.077,29.794],[66.434,29.665],[66.888,29.665],[66.995,29.408],[67.135,29.344],[66.931,28.572],[67.007,28.572],[66.965,28.315],[67.041,28.315],[67.046,27.865],[67.121,27.865],[67.062,27.479],[67.175,27.222],[67.197,26.322],[67.502,25.808],[67.112,25.101],[66.64,24.908],[66.648,24.972],[66.62,25.358],[66.345,25.551],[66.021,25.358],[64.816,25.294],[64.801,25.165],[64.285,25.229],[64.225,25.358],[63.626,25.358],[63.536,25.229],[62.563,25.229],[62.474,25.101],[62.182,25.165],[62.018,25.036],[61.719,25.036],[61.658,25.165],[61.127,25.101],[60.917,25.229],[60.618,25.229],[60.632,25.358],[59.06,25.358],[58.782,25.551],[57.958,25.551],[57.74,25.615],[57.679,25.744],[57.38,25.744],[57.176,25.936],[57.052,26.837],[56.715,27.158],[56.188,27.158],[56.098,27.029],[56.324,27.029],[56.309,26.901],[56.061,26.708],[55.603,26.644],[55.439,26.515],[55.289,26.515],[55.31,26.708],[55.543,26.772],[55.242,26.772],[54.832,26.451],[54.463,26.515],[54.259,26.708],[53.658,26.708],[53.461,26.965],[52.737,27.222],[52.479,27.608],[52.049,27.801],[51.597,27.801],[51.317,27.994],[51.331,28.122],[51.066,28.444],[51.028,28.765],[50.809,28.83],[50.915,29.087],[50.62,29.151],[50.651,29.408],[50.236,29.729],[50.065,30.179],[49.586,29.987],[48.943,30.308],[48.987,30.051],[48.365,29.922],[48.404,29.601],[47.866,29.537],[47.852,29.408],[48.079,29.408],[48.215,29.279],[48.194,29.087],[48.46,28.765],[48.563,28.315],[48.974,27.93],[48.872,27.672],[49.242,27.608],[49.36,27.287],[50.135,26.772],[50.116,26.579],[50.254,26.451],[50.223,26.129],[50.067,26.065],[50.211,26.001],[50.325,25.615],[50.608,25.422],[50.654,25.101],[50.729,25.101],[50.769,25.551],[50.925,25.615],[50.955,25.936],[51.123,26.129],[51.423,26.129],[51.698,25.872],[51.575,25.358],[51.719,25.294],[51.69,24.972],[51.524,24.779],[51.411,24.329],[51.854,24.265],[51.907,24.008],[52.28,24.008],[52.6,24.265],[53.112,24.136],[54.083,24.136],[54.099,24.329],[54.318,24.265],[54.559,24.458],[54.744,24.844],[55.143,25.101],[55.412,25.551],[55.97,25.872],[56.168,26.322],[56.475,26.387],[56.543,26.322],[56.385,25.551],[56.46,25.551],[56.421,25.165],[56.496,25.165],[56.402,24.972],[56.545,24.908],[56.788,24.329],[57.493,23.879],[58.812,23.622],[59.08,23.301],[59.068,23.172],[59.28,23.043],[59.268,22.915],[58.896,22.915],[58.908,23.043],[58.61,23.043],[58.335,23.301],[57.962,23.301],[57.974,23.429],[57.83,23.493],[56.809,23.751],[56.821,23.879],[56.54,24.072],[56.489,24.329],[56.271,24.393],[56.29,24.586],[56.09,24.844],[55.859,24.779],[55.841,24.586],[55.623,24.651],[54.812,23.943],[54.273,23.751],[51.881,23.686],[51.822,23.879],[51.166,24.072],[51.102,24.201],[51.203,24.522],[51.133,24.586],[51.294,24.715],[51.327,25.101],[51.402,25.101],[51.27,25.294],[51.35,25.358],[51.323,25.872],[51.173,25.872],[51.23,25.679],[50.982,25.422],[50.965,25.229],[51.12,25.294],[50.92,24.715],[50.616,24.651],[50.344,24.972],[50.032,25.679],[49.674,25.872],[49.878,26.451],[49.252,26.965],[49.265,27.094],[49.059,27.287],[48.552,27.479],[48.467,28.122],[48.247,28.187],[48.206,28.508],[48.055,28.508],[48.144,28.637],[48,28.701],[48.014,28.83],[47.809,29.022],[47.651,28.958],[47.672,29.151],[47.535,29.279],[47.654,29.665],[47.29,29.794],[46.979,29.729],[46.994,29.858],[46.85,29.922],[46.615,29.858],[46.591,30.308],[45.77,30.436],[44.955,31.272],[44.581,31.336],[44.459,31.593],[43.833,32.107],[43.841,32.172],[44.314,32.3],[44.43,32.622],[45.014,33.007],[44.979,33.329],[44.135,33.329],[43.861,33.586],[43.408,33.65],[43.21,33.907],[42.988,33.972],[43.02,34.229],[42.89,34.422],[42.513,34.486],[42.416,34.937],[41.953,34.937],[41.283,35.13],[41.441,35.773],[41.311,35.966],[41.335,36.16],[41.671,36.353],[42.629,36.546],[42.623,37.062],[42.765,37.513],[42.774,37.577],[42.852,37.577],[42.861,37.642],[42.871,37.706],[42.88,37.771],[43.886,37.706],[43.945,37.577],[44.637,37.513],[44.774,37.384],[44.803,37.062],[45.251,36.933],[45.446,37.19],[45.29,37.19],[45.252,37.448],[45.174,37.448],[45.224,37.771],[45.635,37.9],[45.854,38.287],[46.121,38.481],[47.252,38.674],[48.326,38.093],[48.795,38.093],[48.874,38.093],[48.829,37.835],[49.085,37.513],[49.854,37.448],[50.321,36.997],[50.566,37.062],[50.632,36.997],[50.532,36.868],[51.265,36.61],[52.186,36.546],[53.088,36.804],[54.033,36.868],[54.095,37.19],[53.91,37.448],[53.908,37.835],[53.83,37.835],[53.987,38.997],[53.518,39.385],[53.138,39.45],[53.545,39.514],[53.498,40.032],[52.723,40.096],[52.714,40.42],[52.793,40.42],[52.893,40.874],[52.972,40.874],[52.943,40.744],[53.34,40.744],[53.448,40.874],[53.404,40.679],[54.544,40.809],[56.655,40.355],[56.987,40.42],[56.956,40.291],[57.035,40.291],[57.241,40.161],[57.351,40.291]]]]}},{"type":"Feature","id":"cliopatria-f3f04c9254066262167f84a2","properties":{"NAME":"Roman Empire","ABBREVN":null,"CONTROL":null,"SUBJECTO":"Roman Empire","PARTOF":null,"BORDERPRECISION":1,"FromYear":197,"ToYear":206,"Area":4640800.476061555,"Type":"POLITY","Wikipedia":"Roman Empire","Wikidata":"Q12544","SeshatID":"it_roman_principate","Components":"","MemberOf":"","sourceFeatureId":"cliopatria-f3f04c9254066262167f84a2","datasetId":"cliopatria"},"geometry":{"type":"MultiPolygon","coordinates":[[[[2.61,34.422],[2.533,34.422],[2.531,34.486],[2.608,34.486],[2.61,34.422]]],[[[14.34,36.031],[14.417,36.031],[14.571,35.966],[14.568,35.773],[14.337,35.838],[14.34,36.031]]],[[[22.887,36.417],[22.965,36.417],[23.117,36.353],[23.107,36.16],[22.874,36.16],[22.887,36.417]]],[[[7.24,50.712],[7.41,50.645],[7.413,50.512],[7.664,50.579],[7.755,50.246],[7.923,50.246],[8.169,50.579],[8.758,50.579],[8.68,50.113],[8.764,50.113],[8.766,49.98],[8.933,50.046],[8.934,49.914],[9.187,49.781],[9.192,49.316],[9.529,48.853],[12.111,49.184],[12.609,48.985],[12.773,48.787],[13.519,48.654],[14.258,48.258],[14.672,48.258],[14.841,48.39],[15.499,48.192],[16.663,48.324],[16.904,48.126],[17.072,48.192],[17.067,48.06],[17.635,47.796],[18.626,47.796],[18.798,47.928],[18.957,47.796],[18.95,47.664],[19.269,47.466],[19.173,47.203],[18.923,47.137],[18.998,47.006],[18.834,47.006],[18.824,46.809],[18.906,46.809],[18.896,46.612],[19.05,46.415],[18.952,46.087],[18.87,46.087],[18.949,46.021],[18.854,45.759],[19.011,45.628],[18.923,45.497],[19.004,45.497],[18.998,45.366],[19.238,45.3],[20.056,45.366],[19.907,45.628],[20.17,45.955],[20.185,46.218],[21.24,46.087],[21.331,46.218],[21.494,46.218],[21.486,46.087],[21.649,46.087],[22.008,46.546],[22.026,46.809],[22.291,47.072],[22.218,47.203],[22.3,47.203],[22.315,47.401],[22.752,47.73],[23.253,47.796],[23.82,47.664],[25.553,47.664],[25.624,47.532],[25.865,47.466],[25.916,47.137],[26.706,46.809],[26.516,46.546],[26.541,45.955],[26.459,45.955],[26.44,45.759],[26.283,45.824],[26.19,45.693],[26.234,45.3],[26.078,45.366],[25.954,44.908],[25.78,44.777],[25.844,44.581],[25.688,44.647],[25.676,44.516],[25.838,44.516],[25.889,44.19],[26.132,44.19],[26.201,44.059],[26.698,44.19],[27.418,44.124],[27.923,44.32],[27.869,44.581],[27.707,44.581],[27.727,44.777],[27.889,44.777],[27.922,45.104],[27.767,45.17],[27.787,45.366],[28.038,45.431],[28.051,45.562],[28.289,45.497],[28.275,45.366],[28.431,45.3],[29.177,45.431],[29.288,45.693],[29.815,46.021],[30.107,46.415],[30.975,46.809],[31.082,47.006],[31.567,46.94],[31.533,46.677],[30.877,46.677],[30.298,45.955],[30.045,45.89],[29.859,45.693],[29.614,45.693],[29.584,45.431],[29.666,45.431],[29.525,44.908],[29.024,44.777],[29.046,44.973],[28.802,44.973],[28.841,44.581],[28.577,44.385],[28.536,43.994],[28.616,43.994],[28.481,43.472],[28.159,43.472],[28.226,43.342],[27.898,43.277],[27.805,43.147],[27.847,42.756],[27.514,42.626],[27.495,42.431],[27.796,42.236],[27.784,42.106],[28.004,41.911],[27.979,41.652],[28.218,41.652],[28.279,41.457],[28.505,41.327],[28.976,41.263],[28.963,41.133],[30.479,41.198],[30.624,41.068],[31.18,41.068],[31.534,41.392],[32.027,41.522],[32.042,41.652],[32.193,41.587],[32.695,41.782],[32.631,41.911],[34.785,41.911],[34.882,42.041],[35.121,42.041],[35.157,41.717],[35.954,41.717],[36.209,41.263],[36.775,41.327],[37.065,41.133],[37.233,41.198],[37.215,41.068],[37.771,41.068],[37.831,40.938],[38.158,41.003],[38.298,40.874],[38.783,40.938],[39.051,41.133],[39.736,40.938],[40.37,40.938],[40.391,41.068],[40.539,41.003],[41.047,41.198],[41.159,41.392],[41.307,41.327],[41.408,41.457],[41.567,41.457],[41.815,41.976],[41.735,41.976],[41.758,42.106],[41.598,42.106],[41.701,42.236],[41.483,42.366],[41.609,42.626],[41.334,42.886],[41.173,42.886],[41.116,43.017],[40.817,43.147],[40.416,43.147],[40.219,43.407],[39.978,43.407],[40.081,43.538],[40.161,43.538],[40.599,43.277],[41.001,43.277],[41.208,43.082],[41.666,42.951],[41.803,42.821],[41.78,42.691],[41.998,42.561],[42.01,41.717],[41.705,41.327],[41.625,41.327],[41.614,41.263],[41.535,41.263],[41.45,40.744],[40.953,40.614],[40.398,40.096],[38.79,39.902],[38.93,39.773],[38.745,39.579],[38.954,39.385],[39.209,39.514],[39.751,39.45],[39.848,39.579],[40.548,39.514],[40.51,39.256],[40.658,39.191],[40.469,38.416],[40.547,38.416],[40.572,38.029],[40.094,37.964],[40.051,37.642],[40.181,37.448],[39.496,37.577],[39.46,37.9],[39.122,37.706],[38.349,37.771],[38.333,37.642],[37.989,37.384],[37.958,37.126],[38.176,36.997],[38.133,35.966],[38.428,35.838],[39.497,35.709],[39.753,35.902],[40.809,36.288],[41.283,36.353],[41.541,36.546],[41.533,36.482],[41.61,36.482],[41.602,36.417],[41.68,36.417],[41.671,36.353],[41.335,36.16],[41.311,35.966],[41.441,35.773],[41.283,35.13],[41.953,34.937],[42.416,34.937],[42.513,34.486],[42.89,34.422],[43.02,34.229],[42.988,33.972],[43.21,33.907],[43.408,33.65],[43.861,33.586],[44.135,33.329],[44.979,33.329],[45.014,33.007],[44.43,32.622],[44.314,32.3],[43.841,32.172],[43.764,32.172],[43.153,32.814],[42.709,32.943],[42.578,33.136],[41.489,33.65],[41.212,33.907],[40.912,33.972],[40.704,34.165],[40.311,34.1],[40.403,34.229],[39.509,34.486],[39.124,34.486],[38.479,34.229],[37.073,33.264],[37.054,33.072],[36.901,33.072],[36.717,32.75],[36.751,32.3],[36.516,32.236],[36.656,32.107],[36.492,31.979],[36.463,31.658],[36.387,31.658],[36.423,31.208],[36.271,31.208],[36.401,30.951],[36.156,30.758],[35.942,29.987],[35.866,29.987],[35.826,29.472],[35.958,29.215],[35.858,28.894],[36.401,28.058],[36.552,28.058],[36.689,27.865],[37.127,27.672],[37.26,27.415],[37.481,27.351],[37.472,27.222],[37.769,27.158],[38.051,26.901],[38.206,26.965],[38.197,26.837],[38.493,26.772],[38.484,26.644],[38.701,26.515],[38.692,26.387],[38.304,26.194],[37.826,25.744],[37.215,25.551],[37.132,25.422],[36.773,25.679],[36.717,26.001],[36.429,26.194],[36.165,26.772],[35.672,27.287],[35.613,27.544],[35.467,27.608],[35.409,27.865],[35.049,28.122],[34.593,28.058],[34.605,28.251],[34.854,28.572],[34.913,29.408],[34.752,29.279],[34.517,28.058],[34.358,27.93],[34.346,27.737],[34.12,27.737],[33.617,28.122],[33.554,28.315],[33.403,28.315],[33.189,28.508],[33.214,28.894],[32.857,29.215],[32.526,29.922],[32.429,29.601],[32.639,29.344],[32.689,28.958],[32.836,28.894],[33.105,28.38],[33.609,27.994],[33.585,27.608],[33.799,27.415],[33.927,27.029],[34.073,26.965],[34.051,26.579],[34.197,26.515],[34.461,25.872],[34.608,25.808],[35.146,24.651],[35.86,24.008],[35.854,23.879],[35.559,23.943],[35.553,23.815],[35.108,23.879],[33.756,23.686],[33.682,23.686],[33.389,23.815],[32.041,23.686],[31.67,23.751],[30.537,23.365],[30.463,23.365],[30.395,23.558],[30.104,23.751],[30.109,23.879],[29.959,23.879],[29.673,24.201],[28.569,24.651],[28.289,25.165],[28.244,25.936],[28.345,26.579],[28.27,26.579],[28.154,27.351],[27.937,27.544],[27.711,27.544],[27.792,27.672],[27.43,27.994],[27.276,27.93],[27.285,28.122],[27.14,28.251],[25.586,28.958],[25.373,29.279],[25.147,29.279],[25.001,29.408],[24.847,29.344],[24.779,29.537],[24.33,29.665],[23.962,29.922],[23.51,29.987],[22.916,30.308],[22.762,30.244],[22.767,30.372],[21.939,30.565],[20.952,30.565],[18.735,29.987],[17.905,30.179],[16.701,30.694],[15.49,30.951],[15.184,30.886],[15.187,31.079],[14.584,31.529],[14.586,31.658],[14.284,31.915],[13.6,32.172],[13.066,32.172],[13.067,32.3],[11.768,32.3],[11.768,32.429],[11.539,32.429],[11.463,32.557],[11.31,32.493],[11.157,32.686],[10.392,33.007],[10.009,33.007],[10.085,33.136],[9.625,33.136],[9.547,33.329],[9.624,33.457],[9.316,33.586],[9.238,33.843],[9.083,33.907],[9.083,34.036],[8.929,34.036],[8.928,34.165],[8.311,34.293],[8.081,34.229],[8.002,34.422],[7.615,34.551],[7.153,34.486],[6.92,34.615],[6.459,34.551],[6.148,34.679],[5.377,34.679],[5.149,34.551],[4.454,34.615],[3.843,34.422],[3.456,34.486],[2.921,34.358],[2.45,34.615],[1.294,34.615],[0.685,34.422],[0.451,34.486],[0.303,34.358],[-1.237,34.358],[-1.305,34.165],[-1.539,34.229],[-1.61,34.1],[-1.693,34.229],[-2.001,34.229],[-3.763,34.1],[-4.141,33.972],[-4.21,33.843],[-4.367,33.907],[-5.039,33.586],[-5.274,33.65],[-5.799,33.457],[-6.033,33.522],[-6.634,33.329],[-6.703,33.2],[-6.937,33.264],[-7.528,32.943],[-8.064,32.943],[-8.154,33.136],[-8.47,33.264],[-8.403,33.393],[-7.13,33.843],[-7.062,33.972],[-6.904,33.907],[-6.614,34.165],[-6.7,34.293],[-6.473,34.358],[-6.482,34.486],[-6.332,34.551],[-6.277,34.872],[-6.2,34.872],[-6.291,35.065],[-6.132,35.001],[-6.145,35.194],[-6,35.323],[-5.877,35.773],[-5.339,35.838],[-5.24,35.516],[-4.755,35.194],[-3.132,35.194],[-2.982,35.258],[-2.993,35.451],[-2.838,35.451],[-2.82,35.13],[-2.662,35.065],[-1.89,35.065],[-1.591,35.258],[-1.359,35.258],[-1.136,35.451],[-1.224,35.645],[-1.066,35.58],[-0.917,35.709],[-0.53,35.709],[-0.459,35.838],[0.084,35.838],[0.376,36.224],[0.684,36.288],[0.678,36.417],[0.914,36.353],[1.216,36.546],[1.53,36.482],[2.377,36.675],[2.69,36.61],[2.841,36.739],[3.23,36.739],[3.459,36.868],[3.85,36.804],[4.235,36.933],[4.859,36.868],[5.098,36.675],[5.564,36.675],[5.639,36.804],[6.106,36.804],[6.103,36.933],[6.334,37.062],[6.805,36.868],[7.194,36.868],[7.346,37.062],[7.502,37.062],[7.738,36.868],[8.516,36.868],[8.903,37.126],[9.059,37.062],[9.37,37.255],[9.759,37.319],[9.993,37.19],[10.227,37.255],[10.228,37.062],[10.305,37.062],[10.228,36.804],[10.462,36.739],[11.006,36.997],[11.006,36.804],[10.462,36.417],[10.54,36.353],[10.464,35.902],[10.696,35.709],[10.851,35.773],[10.928,35.58],[11.083,35.58],[11.083,35.387],[11.006,35.387],[11.083,35.001],[10.851,34.937],[10.851,34.808],[10.543,34.551],[10.004,34.293],[10.082,34.229],[10.006,33.907],[10.237,33.715],[10.544,33.715],[10.698,33.522],[11.082,33.586],[11.158,33.2],[11.464,33.2],[12.229,32.814],[12.612,32.879],[12.535,32.75],[12.841,32.75],[12.842,32.879],[13.302,32.943],[13.454,32.814],[13.761,32.879],[13.759,32.75],[14.065,32.75],[14.444,32.493],[14.675,32.557],[14.749,32.429],[15.055,32.429],[15.282,32.3],[15.425,31.658],[15.576,31.593],[15.649,31.4],[16.179,31.208],[16.864,31.208],[17.847,30.951],[18.222,30.758],[18.592,30.372],[18.896,30.372],[18.969,30.244],[19.655,30.372],[19.964,30.565],[19.968,30.694],[20.202,30.886],[20.134,31.143],[20.214,31.272],[19.996,31.593],[20.089,32.107],[20.017,32.236],[20.246,32.236],[20.331,32.493],[20.482,32.429],[20.563,32.557],[20.716,32.557],[20.644,32.686],[20.871,32.622],[21.108,32.814],[21.412,32.75],[21.879,32.943],[23.089,32.622],[23.081,32.429],[23.231,32.365],[23.149,32.236],[23.299,32.172],[23.68,32.172],[24.129,31.979],[24.892,31.979],[25.112,31.786],[25.102,31.593],[25.248,31.465],[26.848,31.465],[27.297,31.336],[27.515,31.143],[28.496,31.015],[28.865,30.822],[29.397,30.822],[29.485,31.015],[29.633,30.951],[29.87,31.079],[29.802,31.208],[29.882,31.272],[30.339,31.272],[30.271,31.4],[30.352,31.465],[30.809,31.465],[30.966,31.529],[30.975,31.658],[31.203,31.658],[31.118,31.529],[31.266,31.465],[31.875,31.465],[31.781,31.208],[31.937,31.272],[32,31.079],[32.304,31.079],[32.237,31.208],[32.389,31.208],[32.532,31.079],[32.765,31.143],[32.832,31.015],[33.983,31.143],[34.297,31.272],[34.308,31.4],[34.547,31.529],[34.639,31.722],[34.573,31.85],[34.813,31.979],[34.77,32.365],[35.022,32.622],[35.056,33.007],[35.215,33.072],[35.398,33.393],[35.346,33.65],[35.499,33.65],[35.447,33.907],[35.684,33.972],[35.644,34.358],[35.792,34.293],[36.049,34.551],[36.068,34.744],[35.927,34.872],[35.96,35.194],[35.882,35.194],[35.993,35.516],[35.845,35.58],[35.99,36.224],[35.842,36.288],[36.265,36.61],[36.286,36.804],[36.145,36.933],[35.834,36.933],[35.488,36.61],[35.113,36.739],[34.95,36.675],[34.893,36.868],[34.582,36.868],[34.251,36.675],[33.979,36.288],[33.274,36.224],[32.713,36.031],[32.558,36.031],[32.499,36.224],[32.068,36.61],[31.086,36.933],[30.619,36.933],[30.492,36.353],[30.026,36.353],[29.938,36.224],[29.24,36.224],[29.125,36.739],[28.736,36.739],[28.591,36.868],[28.357,36.868],[28.187,36.675],[28.031,36.675],[28.138,37.062],[28.065,37.126],[27.598,37.126],[27.539,37.384],[27.223,37.319],[27.31,37.448],[27.163,37.577],[27.256,37.771],[27.178,37.771],[27.275,38.029],[26.889,38.093],[26.82,38.222],[26.429,38.222],[26.384,38.674],[26.536,38.61],[26.595,38.351],[27.065,38.351],[27.08,38.545],[26.849,38.61],[26.958,38.997],[26.879,38.997],[26.894,39.191],[26.742,39.256],[26.847,39.579],[26.132,39.514],[26.272,40.291],[26.605,40.485],[26.684,40.485],[26.673,40.355],[27.47,40.42],[27.538,40.291],[27.696,40.291],[27.792,40.485],[27.95,40.485],[27.939,40.355],[29.046,40.355],[28.9,40.485],[28.913,40.614],[29.48,40.744],[29.493,40.874],[29.249,40.809],[29.103,40.938],[29.116,41.068],[28.633,41.003],[28.169,41.133],[28.077,41.003],[27.527,41.068],[27.017,40.679],[26.921,40.485],[26.626,40.744],[26.14,40.614],[26.082,40.874],[25.378,41.003],[24.347,41.003],[24.011,40.744],[23.698,40.809],[23.685,40.614],[23.839,40.55],[23.737,40.226],[23.267,40.291],[22.884,40.485],[22.892,40.614],[22.655,40.614],[22.56,40.355],[22.544,40.096],[22.702,40.096],[22.611,39.902],[23.135,39.45],[22.816,39.385],[22.797,39.062],[23.116,39.126],[23.108,38.997],[23.344,38.997],[23.493,38.868],[23.332,38.803],[23.025,38.933],[22.936,38.739],[23.167,38.674],[23.313,38.481],[23.626,38.481],[23.563,38.739],[24.03,38.674],[24.179,38.545],[24.159,38.222],[24.002,38.222],[23.979,37.835],[23.443,38.029],[23.208,38.029],[23.201,37.9],[23.044,37.9],[23.108,37.642],[23.342,37.642],[23.402,37.319],[23.169,37.319],[23.176,37.448],[22.949,37.577],[22.714,37.577],[22.701,37.319],[22.853,37.255],[23.056,36.675],[22.833,36.868],[22.599,36.868],[22.512,36.675],[22.356,36.675],[22.22,37.062],[21.909,37.062],[21.899,36.868],[21.744,36.868],[21.681,37.19],[21.603,37.19],[21.697,37.513],[21.244,37.835],[21.416,38.158],[21.729,38.158],[21.738,38.351],[21.193,38.416],[20.974,38.739],[20.741,38.803],[20.911,39.062],[20.297,39.385],[20.155,39.708],[19.912,39.579],[19.758,39.644],[19.764,39.773],[20,39.773],[20.009,39.967],[19.63,40.291],[19.471,40.291],[19.486,40.614],[19.249,40.614],[19.255,40.744],[19.498,40.874],[19.438,41.263],[19.523,41.392],[19.444,41.392],[19.53,41.522],[19.45,41.522],[19.542,41.782],[18.852,42.366],[18.143,42.626],[17.992,42.821],[17.593,42.886],[17.508,42.756],[17.516,42.951],[17.355,42.951],[17.365,43.212],[17.122,43.147],[17.051,43.407],[16.727,43.342],[16.734,43.538],[16.575,43.603],[15.927,43.472],[16.012,43.603],[15.857,43.798],[15.695,43.798],[15.619,43.929],[15.375,43.863],[15.459,43.994],[15.219,44.059],[15.147,44.385],[14.909,44.581],[14.919,44.973],[14.516,45.104],[14.603,45.366],[14.196,45.366],[14.189,45.039],[13.946,45.039],[13.943,44.908],[13.781,44.908],[13.706,45.235],[13.544,45.3],[13.547,45.497],[13.71,45.497],[13.715,45.759],[13.39,45.824],[13.145,45.824],[13.06,45.628],[12.817,45.693],[12.652,45.562],[12.163,45.497],[12.16,45.17],[12.403,45.039],[12.4,44.777],[12.157,44.843],[12.154,44.451],[12.313,44.19],[12.873,43.798],[13.036,43.863],[13.034,43.733],[13.355,43.668],[13.673,43.407],[13.747,43.082],[13.985,42.951],[13.901,42.756],[14.056,42.496],[14.371,42.236],[14.531,42.236],[14.608,42.106],[14.769,42.171],[14.766,42.041],[14.924,41.976],[15.165,42.041],[15.241,41.911],[16.119,41.911],[16.115,41.782],[15.874,41.717],[15.944,41.392],[17.203,41.003],[17.511,40.744],[17.981,40.614],[18.438,40.161],[18.349,39.902],[18.112,39.902],[17.813,40.355],[17.418,40.355],[17.345,40.55],[17.028,40.55],[16.868,40.485],[16.945,40.42],[16.862,40.291],[16.624,40.291],[16.697,40.096],[16.457,39.967],[16.447,39.644],[16.916,39.514],[17.07,39.385],[17.138,39.062],[16.502,38.803],[16.492,38.416],[15.933,37.964],[15.698,37.964],[15.624,38.158],[15.389,38.158],[15.066,37.642],[15.059,37.255],[15.214,37.19],[15.05,36.739],[14.661,36.739],[14.278,37.126],[13.578,37.255],[13.192,37.577],[12.49,37.706],[12.492,37.9],[12.65,38.093],[13.04,38.029],[13.12,38.158],[13.355,38.158],[13.665,37.964],[14.056,37.964],[15.862,38.287],[15.95,38.674],[16.265,38.739],[16.27,38.933],[16.117,39.062],[15.899,39.773],[15.666,39.902],[15.748,40.032],[15.432,40.032],[15.199,40.226],[15.041,40.226],[14.893,40.679],[14.418,40.679],[14.422,40.874],[14.105,40.874],[13.951,41.133],[13.792,41.133],[13.715,41.263],[13,41.327],[12.922,41.457],[12.605,41.522],[12.131,41.911],[12.132,42.041],[11.813,42.106],[11.655,42.366],[11.495,42.301],[11.415,42.431],[11.255,42.431],[11.176,42.626],[11.016,42.626],[11.016,42.821],[10.535,43.082],[10.212,43.994],[9.889,43.994],[9.97,44.124],[9.727,44.124],[9.159,44.451],[8.432,44.385],[8.034,43.929],[7.15,43.733],[6.993,43.538],[6.673,43.472],[6.518,43.212],[6.278,43.147],[5.796,43.147],[5.632,43.277],[5.391,43.277],[5.387,43.407],[5.063,43.472],[4.178,43.472],[4.173,43.603],[3.851,43.603],[3.617,43.407],[3.14,43.277],[2.985,43.147],[3.01,42.561],[3.178,42.366],[3.117,41.911],[2.573,41.587],[2.334,41.587],[2.107,41.327],[1.238,41.198],[0.696,40.938],[0.709,40.679],[0.248,40.42],[0.183,40.161],[-0.126,40.032],[-0.345,39.708],[-0.314,39.126],[0.099,38.739],[-0.661,38.287],[-0.803,38.029],[-0.705,37.642],[-1.709,37.448],[-1.623,37.319],[-1.857,37.319],[-2.062,36.804],[-2.532,36.868],[-2.68,36.739],[-4.469,36.739],[-4.689,36.546],[-5.228,36.482],[-5.288,36.224],[-5.662,36.031],[-5.831,36.224],[-6.064,36.224],[-6.33,36.675],[-6.35,36.933],[-6.588,36.997],[-6.842,37.255],[-7.465,37.255],[-7.455,37.126],[-7.678,36.997],[-8.701,37.126],[-9.001,36.997],[-8.897,37.577],[-8.819,37.577],[-8.823,38.481],[-9.209,38.416],[-9.233,38.674],[-9.384,38.61],[-9.553,38.739],[-9.572,38.933],[-9.427,39.062],[-9.387,39.45],[-9.157,39.514],[-9.104,39.773],[-9.025,39.773],[-8.925,40.355],[-8.846,40.355],[-8.872,40.614],[-8.727,40.744],[-8.956,42.171],[-8.657,42.366],[-9.079,42.561],[-9.1,42.756],[-9.275,42.886],[-9.305,43.147],[-9.159,43.277],[-8.852,43.407],[-8.369,43.407],[-8.39,43.603],[-8.244,43.733],[-7.276,43.733],[-7.343,43.603],[-7.176,43.538],[-5.733,43.603],[-4.99,43.407],[-3.467,43.472],[-3.296,43.342],[-1.688,43.342],[-1.388,43.668],[-1.349,44.255],[-1.268,44.255],[-1.286,44.516],[-1.205,44.516],[-1.252,45.17],[-1.171,45.17],[-1.189,45.431],[-1.031,45.497],[-1.045,45.693],[-1.213,45.759],[-1.141,45.89],[-1.223,45.89],[-1.252,46.283],[-1.666,46.349],[-2.014,46.612],[-2.025,46.743],[-2.194,46.809],[-2.139,47.137],[-2.232,47.269],[-2.562,47.269],[-2.578,47.466],[-2.826,47.466],[-2.837,47.598],[-3.156,47.466],[-3.344,47.73],[-3.757,47.73],[-3.935,47.862],[-4.424,47.796],[-4.692,47.994],[-4.705,48.126],[-4.546,48.192],[-4.643,48.324],[-4.891,48.324],[-4.912,48.522],[-4.6,48.72],[-3.852,48.72],[-3.455,48.919],[-3.122,48.919],[-2.759,48.588],[-2.522,48.72],[-1.602,48.654],[-1.718,49.051],[-1.635,49.051],[-1.652,49.25],[-1.913,49.383],[-2.032,49.781],[-1.362,49.781],[-1.251,49.449],[0.007,49.383],[-0.012,49.648],[0.224,49.847],[1.053,49.98],[1.455,50.246],[1.425,50.712],[1.656,51.046],[2.578,51.179],[2.739,51.313],[3.41,51.447],[3.399,51.647],[3.739,51.647],[3.647,51.781],[3.98,51.915],[4.056,52.116],[4.232,51.982],[4.573,51.982],[5.248,52.116],[5.934,51.982],[6.369,51.647],[6.539,51.647],[6.541,51.58],[6.885,51.38],[7.065,50.979],[7.319,50.912],[7.24,50.712]]],[[[20.621,37.9],[20.699,37.9],[20.934,37.9],[20.922,37.642],[20.613,37.706],[20.621,37.9]]],[[[20.328,38.351],[20.488,38.416],[20.566,38.416],[20.795,38.287],[20.786,38.093],[20.32,38.158],[20.328,38.351]]],[[[1.274,38.803],[1.183,39.062],[1.259,39.126],[1.337,39.126],[1.652,39.126],[1.658,38.997],[1.431,38.803],[1.274,38.803]]],[[[20.073,39.644],[20.152,39.644],[20.149,39.579],[20.07,39.579],[20.073,39.644]]],[[[2.824,39.32],[2.659,39.514],[2.346,39.45],[2.338,39.644],[2.877,39.967],[2.956,39.967],[3.193,39.967],[3.198,39.838],[3.516,39.773],[3.296,39.32],[2.824,39.32]]],[[[3.741,40.096],[3.82,40.096],[4.215,40.096],[4.302,39.838],[3.827,39.902],[3.741,40.096]]],[[[9.665,40.291],[9.747,39.644],[9.669,39.644],[9.593,39.126],[9.12,39.191],[8.966,38.868],[8.73,38.868],[8.336,38.997],[8.412,39.256],[8.333,39.256],[8.33,39.514],[8.409,39.514],[8.483,39.902],[8.325,39.967],[8.4,40.291],[8.321,40.291],[8.319,40.485],[8.16,40.55],[8.155,40.938],[8.552,40.874],[9.025,41.263],[9.104,41.263],[9.502,41.198],[9.822,40.744],[9.823,40.355],[9.665,40.291]]],[[[9.578,41.976],[9.498,41.976],[9.499,41.782],[9.262,41.392],[9.104,41.327],[8.784,41.522],[8.782,41.717],[8.623,41.717],[8.7,41.911],[8.539,42.106],[8.535,42.496],[8.773,42.691],[9.173,42.756],[9.251,43.017],[9.331,43.017],[9.492,43.017],[9.493,42.756],[9.574,42.756],[9.578,41.976]]],[[[10.214,42.886],[10.455,42.886],[10.455,42.691],[10.215,42.691],[10.134,42.886],[10.214,42.886]]],[[[14.35,44.973],[14.511,44.908],[14.502,44.516],[14.261,44.581],[14.269,44.973],[14.35,44.973]]],[[[19.086,45.497],[19.004,45.497],[19.007,45.562],[19.089,45.562],[19.086,45.497]]],[[[19.166,47.072],[19.084,47.072],[19.087,47.137],[19.169,47.137],[19.166,47.072]]],[[[16.989,48.192],[16.907,48.192],[16.909,48.258],[16.992,48.258],[16.989,48.192]]],[[[16.826,48.258],[16.829,48.324],[16.912,48.324],[16.909,48.258],[16.826,48.258]]],[[[6.193,51.848],[6.191,51.915],[6.276,51.915],[6.278,51.848],[6.193,51.848]]],[[[0.07,52.99],[0.166,52.855],[0.337,52.855],[0.493,53.057],[1.094,53.057],[1.532,52.923],[1.717,52.721],[1.739,52.385],[1.654,52.385],[1.586,52.116],[1.425,51.982],[1.17,51.982],[1.184,51.781],[0.844,51.781],[0.863,51.513],[0.524,51.513],[1.381,51.38],[1.314,51.112],[0.493,50.779],[-1.368,50.845],[-1.109,50.779],[-1.177,50.579],[-1.513,50.579],[-1.525,50.712],[-2.608,50.579],[-2.789,50.712],[-3.126,50.712],[-3.457,50.645],[-3.585,50.246],[-4.089,50.246],[-4.187,50.379],[-4.355,50.379],[-4.929,50.246],[-5.151,49.98],[-5.746,50.046],[-5.769,50.246],[-5.28,50.379],[-5.134,50.579],[-4.881,50.579],[-4.819,50.779],[-4.658,50.845],[-4.68,51.046],[-4.426,51.046],[-4.202,51.313],[-3.095,51.246],[-3.108,51.38],[-2.945,51.447],[-3.121,51.513],[-3.277,51.38],[-3.701,51.38],[-3.892,51.58],[-4.308,51.513],[-4.415,51.714],[-5.079,51.58],[-5.264,51.714],[-5.219,52.049],[-4.553,52.183],[-4.157,52.452],[-4.295,52.923],[-4.794,52.788],[-4.81,52.923],[-4.49,53.125],[-4.67,53.192],[-4.702,53.462],[-4.271,53.462],[-4.076,53.26],[-3.153,53.462],[-3.095,53.732],[-3.196,53.868],[-2.966,54.138],[-3.305,54.071],[-3.319,54.206],[-3.587,54.274],[-3.72,54.681],[-3.569,54.885],[-2.895,55.089],[-2.822,55.225],[-2.379,55.157],[-1.613,55.362],[-1.286,54.681],[-0.671,54.613],[-0.202,54.206],[-0.18,53.935],[0.004,53.8],[0.01,53.732],[0.118,53.462],[0.295,53.395],[0.316,53.125],[0.07,52.99]]],[[[38.131,26.965],[38.056,26.965],[38.06,27.029],[38.135,27.029],[38.131,26.965]]],[[[37.914,27.094],[37.839,27.094],[37.844,27.158],[37.919,27.158],[37.914,27.094]]],[[[33.695,34.937],[33.523,34.744],[33.132,34.679],[33.044,34.551],[32.367,34.744],[32.229,34.937],[32.246,35.13],[32.555,35.13],[32.875,35.258],[32.887,35.387],[33.737,35.387],[34.31,35.709],[34.387,35.709],[34.542,35.709],[34.529,35.58],[33.957,35.258],[34.087,35.001],[33.695,34.937]]],[[[24.301,35.323],[25.692,35.323],[25.681,35.13],[26.225,35.194],[26.14,35.065],[24.824,35.001],[24.757,35.194],[24.526,35.194],[24.448,35.194],[23.679,35.258],[23.615,35.516],[24.157,35.516],[24.15,35.387],[24.301,35.323]]],[[[27.693,36.288],[28.017,36.482],[28.095,36.482],[28.25,36.482],[28.139,36.031],[27.743,35.902],[27.693,36.288]]],[[[27.117,36.933],[27.185,36.804],[26.865,36.675],[27.039,36.933],[27.117,36.933]]],[[[25.339,37.126],[25.417,37.126],[25.573,37.126],[25.564,36.997],[25.331,36.997],[25.339,37.126]]],[[[24.361,37.706],[24.432,37.577],[24.272,37.513],[24.201,37.642],[24.283,37.706],[24.361,37.706]]],[[[24.986,37.706],[25.064,37.706],[25.22,37.706],[25.286,37.513],[25.052,37.513],[24.986,37.706]]],[[[26.08,37.706],[26.158,37.706],[26.314,37.706],[26.305,37.577],[25.988,37.513],[26.08,37.706]]],[[[24.694,38.029],[24.772,38.029],[25.068,37.771],[24.83,37.706],[24.682,37.835],[24.694,38.029]]],[[[25.821,38.481],[25.913,38.674],[25.991,38.674],[26.217,38.545],[26.111,38.158],[25.876,38.158],[25.899,38.481],[25.821,38.481]]],[[[23.563,38.739],[23.485,38.739],[23.489,38.803],[23.567,38.803],[23.563,38.739]]],[[[24.365,38.997],[24.444,38.997],[24.675,38.933],[24.662,38.739],[24.357,38.868],[24.365,38.997]]],[[[26.094,38.997],[26.103,39.126],[25.793,39.191],[26.044,39.385],[26.123,39.385],[26.511,39.32],[26.644,38.997],[26.246,38.933],[26.094,38.997]]],[[[25.067,40.032],[25.146,40.032],[25.462,40.032],[25.447,39.838],[24.974,39.838],[25.067,40.032]]],[[[25.798,40.291],[26.035,40.291],[26.025,40.161],[25.704,40.096],[25.719,40.291],[25.798,40.291]]],[[[24.57,40.809],[24.808,40.809],[24.794,40.614],[24.551,40.55],[24.491,40.809],[24.57,40.809]]]]}},{"type":"Feature","id":"cliopatria-0ffbec2364a272d3b9a02a5b","properties":{"NAME":"Xianbei","ABBREVN":null,"CONTROL":null,"SUBJECTO":"Xianbei","PARTOF":null,"BORDERPRECISION":1,"FromYear":197,"ToYear":206,"Area":5220364.101832648,"Type":"POLITY","Wikipedia":"Xianbei","Wikidata":"Q861054","SeshatID":"mn_xianbei","Components":"","MemberOf":"","sourceFeatureId":"cliopatria-0ffbec2364a272d3b9a02a5b","datasetId":"cliopatria"},"geometry":{"type":"MultiPolygon","coordinates":[[[[105.377,56.319],[105.321,56.251],[107.737,55.771],[107.68,55.703],[108.206,55.703],[108.149,55.635],[108.674,55.635],[109.578,55.977],[111.1,55.908],[111.041,55.84],[111.568,55.84],[111.362,55.703],[113.494,55.635],[113.434,55.567],[116.166,55.294],[116.105,55.225],[117.205,55.089],[117.144,55.021],[117.554,55.089],[117.431,54.953],[117.693,54.953],[117.632,54.885],[124.229,54.681],[124.165,54.613],[125.056,54.545],[124.992,54.477],[125.839,54.274],[125.798,54.138],[126.08,54.071],[126.039,53.935],[126.211,53.935],[126.148,53.868],[126.303,53.665],[126.177,53.53],[126.31,53.395],[126.123,53.192],[126.209,53.192],[126.048,52.923],[126.134,52.923],[125.405,51.915],[125.49,51.915],[124.886,51.313],[124.971,51.313],[123.389,49.25],[123.472,49.25],[123.121,48.787],[123.204,48.787],[123.047,48.126],[123.247,48.06],[123.103,47.862],[123.185,47.862],[123.09,47.73],[123.173,47.73],[123.078,47.598],[123.16,47.598],[123.09,47.269],[123.526,47.072],[123.587,46.809],[123.885,46.415],[123.793,46.283],[123.911,46.218],[123.857,46.021],[124.256,45.89],[124.084,45.759],[124.166,45.759],[124.157,45.628],[124.239,45.628],[124.34,45.3],[124.503,45.3],[124.568,45.039],[124.73,45.039],[124.686,44.973],[124.84,44.843],[124.744,44.581],[124.825,44.581],[124.781,44.516],[124.898,44.451],[124.81,44.32],[124.928,44.255],[124.482,43.342],[124.6,43.277],[124.51,43.017],[124.789,42.951],[125.013,42.431],[125.093,42.431],[124.607,42.171],[123.167,41.911],[120.942,41.263],[119.39,41.327],[119.428,41.392],[118.792,41.392],[118.83,41.457],[118.633,41.392],[118.671,41.457],[118.432,41.457],[118.47,41.522],[118.034,41.457],[118.072,41.522],[117.791,41.587],[117.708,41.717],[117.823,41.911],[117.701,41.976],[117.737,42.171],[117.338,42.171],[115.992,41.782],[114.808,40.809],[114.297,40.744],[113.76,40.485],[113.623,40.226],[113.004,39.644],[112.029,37.964],[111.743,37.513],[110.455,37.771],[110.484,37.835],[110.094,37.835],[110.123,37.9],[108.843,37.835],[108.745,37.964],[108.51,37.964],[108.539,38.029],[107.359,37.835],[105.774,37.964],[104.463,37.642],[104.362,37.771],[103.764,37.835],[103.663,37.964],[103.88,38.287],[103.751,38.351],[103.836,38.545],[104.108,38.803],[103.608,38.739],[103.939,39.126],[104.668,39.514],[104.583,39.838],[103.812,39.708],[103.132,39.256],[102.095,38.868],[102.123,38.933],[101.63,39.062],[101.559,39.256],[101.165,39.256],[101.181,39.644],[100.737,39.708],[100.381,39.967],[100.144,39.967],[100.173,40.032],[99.384,40.032],[99.284,40.161],[98.918,40.226],[98.948,40.291],[98.503,40.355],[98.274,40.55],[98.037,40.55],[97.888,40.744],[97.184,40.938],[97.214,41.003],[95.23,41.003],[93.845,40.744],[91.27,41.392],[90.775,41.717],[90.536,41.717],[90.434,41.847],[90.195,41.847],[90.223,41.911],[89.613,41.976],[89.642,42.041],[88.82,42.171],[88.848,42.236],[88.077,42.301],[88.105,42.366],[85.764,42.691],[85.792,42.756],[84.108,42.756],[82.056,42.236],[80.134,42.431],[80.159,42.496],[80.233,42.886],[80.473,42.886],[80.391,43.082],[80.738,43.147],[80.791,43.277],[80.656,43.342],[80.681,43.603],[80.385,43.863],[80.438,43.994],[80.303,44.059],[80.329,44.516],[80.248,44.516],[80.41,44.712],[79.843,44.908],[80.059,45.235],[79.978,45.235],[80.339,46.283],[80.257,46.283],[80.398,46.612],[80.316,46.612],[80.598,47.072],[80.516,47.072],[80.867,47.862],[80.784,47.862],[81.939,50.113],[82.786,50.779],[82.807,50.979],[83.096,51.046],[84.08,51.915],[86.285,52.923],[87.694,53.125],[88.416,53.732],[89.107,54.138],[89.108,54.274],[90.33,54.681],[91.756,55.498],[92.425,55.703],[94.122,56.114],[97.144,56.388],[97.513,56.525],[97.813,56.456],[97.761,56.388],[98.379,56.388],[99.014,56.525],[100.78,56.525],[100.868,56.525],[105.377,56.319]]],[[[125.915,52.586],[125.975,52.654],[126.061,52.654],[126,52.586],[125.915,52.586]]],[[[108.847,55.84],[108.935,55.84],[108.877,55.771],[108.789,55.771],[108.847,55.84]]],[[[109.08,55.908],[109.168,55.908],[109.11,55.84],[109.022,55.84],[109.08,55.908]]]]}},{"type":"Feature","id":"cliopatria-8a5a59e7fe48b52711974bc8","properties":{"NAME":"Protectorate of the Western Regions","ABBREVN":null,"CONTROL":null,"SUBJECTO":"Protectorate of the Western Regions","PARTOF":null,"BORDERPRECISION":1,"FromYear":197,"ToYear":223,"Area":695020.3188495621,"Type":"POLITY","Wikipedia":"Protectorate of the Western Regions","Wikidata":"Q911440","SeshatID":"","Components":"","MemberOf":"","sourceFeatureId":"cliopatria-8a5a59e7fe48b52711974bc8","datasetId":"cliopatria"},"geometry":{"type":"MultiPolygon","coordinates":[[[[91.27,41.392],[93.845,40.744],[93.574,40.485],[93.365,40.55],[93.278,40.161],[93.199,40.161],[93.09,39.902],[93.273,39.773],[93.272,39.385],[93.193,39.385],[92.248,39.385],[91.123,39.126],[89.58,38.997],[88.746,38.868],[87.662,38.481],[86.44,38.351],[86.081,38.222],[85.813,37.9],[85.356,37.706],[85.113,37.448],[81.031,36.61],[80.371,36.997],[79.398,37.126],[79.145,37.319],[78.424,37.513],[78.386,37.642],[78.093,37.706],[77.801,38.029],[77.841,38.158],[77.667,38.351],[77.51,38.351],[77.414,38.545],[77.258,38.545],[77.025,38.803],[75.792,39.126],[73.769,39.45],[73.69,39.45],[73.395,39.514],[73.573,39.579],[73.8,40.291],[73.526,40.42],[73.489,40.55],[73.331,40.55],[73.294,40.679],[73.135,40.679],[73.099,40.809],[73.12,40.874],[73.343,41.068],[74.751,41.003],[77.35,41.392],[77.374,41.457],[77.875,41.522],[80.028,42.366],[80.108,42.366],[80.134,42.431],[82.056,42.236],[84.108,42.756],[85.792,42.756],[85.764,42.691],[88.105,42.366],[88.077,42.301],[88.848,42.236],[88.82,42.171],[89.642,42.041],[89.613,41.976],[90.223,41.911],[90.195,41.847],[90.434,41.847],[90.536,41.717],[90.775,41.717],[91.27,41.392]]]]}},{"type":"Feature","id":"cliopatria-07d81bcac2c68309733b1c30","properties":{"NAME":"Cao Cao","ABBREVN":null,"CONTROL":null,"SUBJECTO":"Cao Cao","PARTOF":null,"BORDERPRECISION":1,"FromYear":207,"ToYear":214,"Area":913137.4573191954,"Type":"POLITY","Wikipedia":"Cao Cao","Wikidata":"Q204077","SeshatID":"","Components":"","MemberOf":"","sourceFeatureId":"cliopatria-07d81bcac2c68309733b1c30","datasetId":"cliopatria"},"geometry":{"type":"MultiPolygon","coordinates":[[[[126.27,37.835],[125.845,37.771],[125.835,37.9],[125.678,37.9],[125.387,37.642],[125.231,37.642],[125.298,37.771],[125.209,37.9],[124.897,37.9],[125.077,38.093],[124.764,38.093],[124.866,38.287],[124.788,38.287],[124.961,38.61],[125.153,38.674],[125.189,38.739],[125.032,38.739],[125.39,39.385],[125.306,39.514],[124.87,39.579],[124.865,39.708],[124.512,39.644],[124.345,39.902],[124.034,39.773],[123.597,39.838],[122.936,39.644],[122.17,39.256],[121.952,38.997],[121.716,38.997],[121.422,38.739],[121.029,38.739],[121.201,39.062],[121.515,39.062],[121.69,39.385],[121.297,39.385],[121.21,39.514],[121.281,39.644],[121.438,39.644],[121.503,39.902],[121.776,39.967],[122.231,40.485],[122.106,40.679],[121.827,40.744],[121.824,40.874],[121.11,40.874],[120.997,40.679],[120.647,40.485],[120.5,40.226],[119.38,39.773],[119.215,39.32],[118.989,39.191],[118.45,39.062],[118.057,39.062],[118.046,39.191],[117.776,39.126],[117.576,38.739],[117.655,38.739],[117.602,38.481],[117.759,38.481],[117.773,38.351],[118.054,38.287],[118.067,38.158],[118.583,38.093],[118.648,38.222],[118.804,38.222],[118.772,38.158],[119.457,37.964],[119.393,37.835],[119.237,37.835],[118.984,37.319],[119.14,37.319],[119.156,37.19],[119.701,37.19],[119.827,37.448],[120.202,37.577],[120.188,37.706],[120.754,37.9],[121.112,37.835],[121.171,37.642],[121.483,37.642],[121.497,37.513],[122.154,37.577],[122.121,37.513],[122.713,37.448],[122.474,37.126],[122.566,36.997],[122.394,36.804],[121.912,36.933],[121.212,36.61],[120.979,36.61],[120.965,36.417],[120.732,36.417],[120.659,36.095],[120.318,36.031],[119.986,35.645],[119.619,35.516],[119.228,34.808],[119.459,34.808],[119.431,34.744],[119.711,34.679],[119.732,34.551],[120.342,34.358],[120.489,34.165],[120.55,33.586],[120.926,33.2],[120.923,33.007],[120.897,32.943],[120.155,32.814],[119.467,32.814],[119.059,32.943],[117.961,32.879],[117.579,32.686],[117.402,32.429],[116.919,32.365],[116.616,32.172],[115.327,31.786],[114.555,31.336],[114.068,31.465],[113.855,31.722],[113.321,31.722],[112.124,31.786],[111.301,32.043],[110.278,32.172],[110.194,32.365],[109.911,32.429],[109.881,32.557],[109.499,32.557],[109.469,32.686],[109.316,32.686],[109.157,32.879],[108.238,32.879],[108.131,33.007],[108.178,33.136],[108.522,33.65],[110.212,33.65],[111.106,33.779],[111.129,34.036],[110.769,34.293],[110.82,34.422],[110.691,34.486],[110.717,34.744],[110.588,34.808],[110.666,35.001],[110.589,35.001],[110.747,35.387],[110.981,35.58],[111.743,37.513],[113.004,39.644],[113.623,40.226],[113.76,40.485],[114.958,40.938],[115.992,41.782],[117.338,42.171],[117.737,42.171],[117.701,41.976],[117.823,41.911],[117.708,41.717],[117.791,41.587],[118.072,41.522],[118.034,41.457],[118.47,41.522],[118.432,41.457],[118.671,41.457],[118.633,41.392],[118.83,41.457],[118.792,41.392],[119.428,41.392],[119.39,41.327],[121.021,41.263],[123.167,41.911],[123.127,41.847],[123.405,41.782],[123.365,41.717],[123.604,41.717],[123.564,41.652],[124.042,41.522],[124.002,41.457],[124.28,41.392],[124.24,41.327],[124.479,41.327],[124.439,41.263],[124.717,41.198],[124.678,41.133],[125.831,41.327],[125.79,41.263],[126.108,41.263],[126.187,41.133],[126.742,41.003],[126.623,40.679],[126.425,40.614],[126.269,40.355],[126.432,40.096],[126.709,40.032],[126.832,39.838],[126.728,39.385],[126.964,39.385],[126.854,39.191],[127.023,38.933],[126.937,38.351],[126.348,37.835],[126.27,37.835]]]]}},{"type":"Feature","id":"cliopatria-99054fb888d1ebde4482b491","properties":{"NAME":"Han Dynasty","ABBREVN":null,"CONTROL":null,"SUBJECTO":"Han Dynasty","PARTOF":null,"BORDERPRECISION":1,"FromYear":207,"ToYear":214,"Area":2133362.719902552,"Type":"POLITY","Wikipedia":"Han dynasty","Wikidata":"Q1068371","SeshatID":"cn_eastern_han_dyn","Components":"","MemberOf":"","sourceFeatureId":"cliopatria-99054fb888d1ebde4482b491","datasetId":"cliopatria"},"geometry":{"type":"MultiPolygon","coordinates":[[[[109.862,18.35],[109.841,18.222],[109.25,18.222],[109.123,18.35],[108.765,18.415],[108.638,18.543],[108.704,19.379],[109.203,19.701],[109.246,19.958],[110.157,20.086],[110.591,20.022],[110.613,20.151],[110.909,20.151],[111.087,19.893],[111.032,19.572],[110.884,19.572],[110.851,19.379],[110.681,19.251],[110.508,18.672],[110.19,18.543],[110.179,18.479],[109.862,18.35]]],[[[113.999,22.079],[113.996,22.465],[113.785,22.529],[113.747,22.722],[113.599,22.722],[113.687,22.401],[113.639,22.143],[113.416,22.143],[113.526,22.336],[113.53,22.358],[113.451,22.336],[113.318,22.015],[113.106,22.079],[113.071,21.886],[112.774,21.886],[112.441,21.693],[111.859,21.758],[111.664,21.501],[110.984,21.436],[110.739,21.308],[110.716,21.179],[110.419,21.179],[110.483,21.115],[110.364,20.858],[110.616,20.601],[110.487,20.279],[109.883,20.215],[109.927,20.472],[109.789,20.536],[109.77,20.858],[109.696,20.858],[109.87,21.436],[109.807,21.501],[109.116,21.372],[109.086,21.629],[108.652,21.693],[108.555,21.565],[107.79,21.436],[107.417,20.986],[106.961,20.922],[106.834,20.601],[106.685,20.601],[106.537,20.151],[105.965,19.829],[105.734,18.865],[106.051,18.543],[106.031,18.415],[106.178,18.415],[106.295,18.222],[106.57,18.093],[106.571,17.643],[106.772,17.515],[106.752,17.386],[106.963,17.322],[106.953,17.258],[106.534,16.936],[106.544,17],[106.396,17],[106.416,17.129],[105.144,18.415],[105.185,18.672],[105.037,18.672],[105.142,18.865],[105.015,18.993],[105.014,19.443],[104.94,19.443],[104.992,19.765],[104.865,19.893],[104.981,20.151],[104.44,20.472],[104.619,20.665],[104.905,20.601],[104.873,20.858],[105.096,20.858],[104.851,21.179],[104.979,21.501],[104.926,21.629],[105.096,21.758],[105.128,21.951],[104.874,22.208],[105.238,22.593],[105.197,22.786],[105.678,22.979],[105.69,23.043],[105.615,23.043],[105.363,23.301],[104.956,23.108],[104.905,23.236],[102.99,23.365],[101.811,24.265],[101.462,25.165],[101.398,25.936],[101.196,26.387],[101.09,27.544],[101.014,27.544],[101.05,27.994],[100.915,28.058],[101.039,28.251],[100.964,28.251],[101.03,28.508],[100.955,28.508],[101.022,28.765],[100.881,29.087],[100.951,29.344],[100.875,29.344],[100.964,29.665],[100.889,29.665],[100.961,29.922],[100.885,29.922],[100.978,30.244],[100.902,30.244],[101.015,30.629],[100.939,30.629],[101.055,31.015],[100.979,31.015],[101.316,31.85],[101.336,31.915],[101.357,31.979],[101.687,32.75],[102.552,33.264],[103.034,33.329],[103.332,33.522],[103.493,33.972],[103.355,34.229],[103.402,34.358],[103.479,34.358],[103.503,34.422],[103.735,35.451],[103.63,35.58],[103.677,35.902],[103.6,35.902],[103.676,36.095],[103.467,36.353],[103.518,36.482],[103.389,36.546],[103.44,36.675],[103.311,36.739],[103.363,36.868],[103.208,37.062],[102.871,37.19],[102.611,37.126],[102.586,37.255],[102.171,37.384],[102.172,37.577],[102.043,37.642],[102.096,37.771],[101.755,37.513],[101.601,37.706],[101.315,37.771],[101.29,37.9],[100.796,38.029],[100.799,38.222],[100.642,38.222],[100.414,38.61],[100.199,38.287],[99.862,38.416],[99.379,39.126],[99.092,39.191],[99.12,39.256],[98.958,39.062],[98.384,39.191],[98.117,38.933],[97.96,38.933],[97.857,39.062],[97.492,39.126],[97.468,39.256],[96.763,39.45],[96.681,39.256],[96.76,39.256],[96.678,39.062],[96.757,39.062],[96.677,38.868],[96.755,38.868],[96.649,38.61],[96.414,38.61],[96.31,38.739],[95.682,38.933],[95.319,39.385],[94.977,39.32],[94.506,39.514],[93.955,39.514],[93.351,39.385],[93.272,39.385],[93.273,39.773],[93.09,39.902],[93.199,40.161],[93.278,40.161],[93.365,40.55],[93.574,40.485],[93.845,40.744],[95.23,41.003],[97.214,41.003],[97.184,40.938],[97.888,40.744],[98.037,40.55],[98.274,40.55],[98.503,40.355],[98.948,40.291],[98.918,40.226],[99.284,40.161],[99.384,40.032],[100.173,40.032],[100.144,39.967],[100.381,39.967],[100.737,39.708],[101.181,39.644],[101.165,39.256],[101.559,39.256],[101.63,39.062],[102.123,38.933],[102.095,38.868],[103.132,39.256],[103.812,39.708],[104.583,39.838],[104.668,39.514],[103.939,39.126],[103.608,38.739],[104.108,38.803],[103.836,38.545],[103.751,38.351],[103.88,38.287],[103.663,37.964],[103.764,37.835],[104.362,37.771],[104.463,37.642],[105.774,37.964],[107.359,37.835],[108.539,38.029],[108.51,37.964],[108.745,37.964],[108.843,37.835],[110.123,37.9],[110.094,37.835],[110.484,37.835],[110.455,37.771],[111.743,37.513],[110.981,35.58],[110.747,35.387],[110.589,35.001],[110.666,35.001],[110.588,34.808],[110.717,34.744],[110.691,34.486],[110.82,34.422],[110.769,34.293],[111.129,34.036],[111.106,33.779],[110.212,33.65],[108.522,33.65],[108.178,33.136],[108.131,33.007],[108.238,32.879],[109.157,32.879],[109.316,32.686],[109.469,32.686],[109.499,32.557],[109.881,32.557],[109.911,32.429],[110.194,32.365],[110.278,32.172],[111.301,32.043],[112.124,31.786],[113.321,31.722],[113.306,31.465],[113.435,31.4],[113.39,31.272],[113.497,31.143],[114.213,31.015],[114.504,30.758],[114.492,30.501],[114.622,30.436],[114.612,30.179],[114.742,30.115],[114.561,29.794],[114.822,29.665],[114.76,29.472],[114.926,29.279],[114.218,28.701],[113.954,28.058],[114.218,27.93],[113.981,27.351],[114.172,27.222],[113.96,26.708],[114.344,26.451],[114.263,26.129],[114.472,26.065],[114.303,25.679],[114.377,25.679],[114.361,25.294],[115.094,25.229],[115.035,24.972],[114.589,24.651],[114.547,24.458],[114.506,24.265],[114.723,23.879],[114.705,23.429],[114.816,23.236],[114.802,22.786],[114.715,22.722],[114.641,22.722],[114.628,22.658],[114.616,22.593],[114.531,22.143],[113.999,22.079]]]]}},{"type":"Feature","id":"cliopatria-5261bbfa31b14f206101bd21","properties":{"NAME":"Kingdom of Osroene","ABBREVN":null,"CONTROL":null,"SUBJECTO":"Kingdom of Osroene","PARTOF":null,"BORDERPRECISION":1,"FromYear":207,"ToYear":214,"Area":50068.95773918641,"Type":"POLITY","Wikipedia":"Osroene","Wikidata":"Q237234","SeshatID":"","Components":"","MemberOf":"","sourceFeatureId":"cliopatria-5261bbfa31b14f206101bd21","datasetId":"cliopatria"},"geometry":{"type":"MultiPolygon","coordinates":[[[[41.283,36.353],[40.809,36.288],[39.753,35.902],[39.497,35.709],[38.428,35.838],[38.133,35.966],[38.176,36.997],[37.958,37.126],[37.989,37.384],[38.333,37.642],[38.349,37.771],[39.122,37.706],[39.46,37.9],[39.496,37.577],[40.181,37.448],[41.178,37.319],[41.212,36.997],[41.541,36.546],[41.283,36.353]]]]}},{"type":"Feature","id":"cliopatria-204d0ded485f8a695c387064","properties":{"NAME":"Parthian Empire","ABBREVN":null,"CONTROL":null,"SUBJECTO":"Parthian Empire","PARTOF":null,"BORDERPRECISION":1,"FromYear":207,"ToYear":214,"Area":2687808.177451224,"Type":"POLITY","Wikipedia":"Parthian Empire","Wikidata":"Q1986139","SeshatID":"iq_parthian_emp_2","Components":"","MemberOf":"","sourceFeatureId":"cliopatria-204d0ded485f8a695c387064","datasetId":"cliopatria"},"geometry":{"type":"MultiPolygon","coordinates":[[[[51.138,25.486],[51.212,25.486],[51.207,25.422],[51.132,25.422],[51.138,25.486]]],[[[50.43,25.936],[50.46,26.258],[50.685,26.258],[50.673,26.129],[50.667,26.065],[50.649,25.872],[50.43,25.936]]],[[[57.351,40.291],[58.332,40.42],[58.537,40.291],[58.854,40.291],[58.98,40.161],[59.77,40.161],[59.768,39.838],[60.084,39.838],[60.052,39.708],[60.683,39.708],[60.713,39.514],[60.949,39.514],[62.502,40.032],[62.879,39.967],[64.02,40.096],[64.389,40.291],[65.235,40.485],[65.272,40.614],[65.351,40.614],[65.37,40.679],[65.449,40.679],[65.43,40.614],[65.589,40.614],[65.804,40.809],[65.883,40.809],[65.564,39.967],[65.291,39.838],[65.203,39.514],[65.282,39.514],[65.065,38.997],[65.144,38.997],[65.077,38.739],[65.155,38.739],[64.751,35.773],[64.829,35.773],[64.854,35.194],[65.092,34.872],[64.574,34.615],[64.324,34.165],[63.873,33.843],[63.426,32.365],[63.185,32.3],[63.161,32.172],[62.82,31.979],[62.421,31.465],[61.942,31.336],[61.875,30.951],[61.387,30.308],[60.956,29.987],[61.001,29.794],[62.304,29.408],[64.12,29.408],[64.53,29.601],[65.125,29.537],[66.077,29.794],[66.434,29.665],[66.888,29.665],[66.995,29.408],[67.135,29.344],[66.931,28.572],[67.007,28.572],[66.965,28.315],[67.041,28.315],[67.046,27.865],[67.121,27.865],[67.062,27.479],[67.175,27.222],[67.197,26.322],[67.502,25.808],[67.112,25.101],[66.64,24.908],[66.648,24.972],[66.62,25.358],[66.345,25.551],[66.021,25.358],[64.816,25.294],[64.801,25.165],[64.285,25.229],[64.225,25.358],[63.626,25.358],[63.536,25.229],[62.563,25.229],[62.474,25.101],[62.182,25.165],[62.018,25.036],[61.719,25.036],[61.658,25.165],[61.127,25.101],[60.917,25.229],[60.618,25.229],[60.632,25.358],[59.06,25.358],[58.782,25.551],[57.958,25.551],[57.74,25.615],[57.679,25.744],[57.38,25.744],[57.176,25.936],[57.052,26.837],[56.715,27.158],[56.188,27.158],[56.098,27.029],[56.324,27.029],[56.309,26.901],[56.061,26.708],[55.603,26.644],[55.439,26.515],[55.289,26.515],[55.31,26.708],[55.543,26.772],[55.242,26.772],[54.832,26.451],[54.463,26.515],[54.259,26.708],[53.658,26.708],[53.461,26.965],[52.737,27.222],[52.479,27.608],[52.049,27.801],[51.597,27.801],[51.317,27.994],[51.331,28.122],[51.066,28.444],[51.028,28.765],[50.809,28.83],[50.915,29.087],[50.62,29.151],[50.651,29.408],[50.236,29.729],[50.065,30.179],[49.586,29.987],[48.943,30.308],[48.987,30.051],[48.365,29.922],[48.404,29.601],[47.866,29.537],[47.852,29.408],[48.079,29.408],[48.215,29.279],[48.194,29.087],[48.46,28.765],[48.563,28.315],[48.974,27.93],[48.872,27.672],[49.242,27.608],[49.36,27.287],[50.135,26.772],[50.116,26.579],[50.254,26.451],[50.223,26.129],[50.067,26.065],[50.211,26.001],[50.325,25.615],[50.608,25.422],[50.654,25.101],[50.729,25.101],[50.769,25.551],[50.925,25.615],[50.955,25.936],[51.123,26.129],[51.423,26.129],[51.698,25.872],[51.575,25.358],[51.719,25.294],[51.69,24.972],[51.524,24.779],[51.411,24.329],[51.854,24.265],[51.907,24.008],[52.28,24.008],[52.6,24.265],[53.112,24.136],[54.083,24.136],[54.099,24.329],[54.318,24.265],[54.559,24.458],[54.744,24.844],[55.143,25.101],[55.412,25.551],[55.97,25.872],[56.168,26.322],[56.475,26.387],[56.543,26.322],[56.385,25.551],[56.46,25.551],[56.421,25.165],[56.496,25.165],[56.402,24.972],[56.545,24.908],[56.788,24.329],[57.493,23.879],[58.812,23.622],[59.08,23.301],[59.068,23.172],[59.28,23.043],[59.268,22.915],[58.896,22.915],[58.908,23.043],[58.61,23.043],[58.335,23.301],[57.962,23.301],[57.974,23.429],[57.83,23.493],[56.809,23.751],[56.821,23.879],[56.54,24.072],[56.489,24.329],[56.271,24.393],[56.29,24.586],[56.09,24.844],[55.859,24.779],[55.841,24.586],[55.623,24.651],[54.812,23.943],[54.273,23.751],[51.881,23.686],[51.822,23.879],[51.166,24.072],[51.102,24.201],[51.203,24.522],[51.133,24.586],[51.294,24.715],[51.327,25.101],[51.402,25.101],[51.27,25.294],[51.35,25.358],[51.323,25.872],[51.173,25.872],[51.23,25.679],[50.982,25.422],[50.965,25.229],[51.12,25.294],[50.92,24.715],[50.616,24.651],[50.344,24.972],[50.032,25.679],[49.674,25.872],[49.878,26.451],[49.252,26.965],[49.265,27.094],[49.059,27.287],[48.552,27.479],[48.467,28.122],[48.247,28.187],[48.206,28.508],[48.055,28.508],[48.144,28.637],[48,28.701],[48.014,28.83],[47.809,29.022],[47.651,28.958],[47.672,29.151],[47.535,29.279],[47.654,29.665],[47.29,29.794],[46.979,29.729],[46.994,29.858],[46.85,29.922],[46.615,29.858],[46.591,30.308],[45.77,30.436],[44.955,31.272],[44.581,31.336],[44.459,31.593],[43.153,32.814],[42.709,32.943],[42.578,33.136],[41.489,33.65],[41.212,33.907],[40.912,33.972],[40.85,34.1],[40.311,34.1],[40.403,34.229],[40.18,34.293],[40.103,34.293],[40.618,34.744],[40.772,34.744],[41.112,35.001],[41.086,36.031],[41.671,36.353],[42.629,36.546],[42.623,37.062],[42.765,37.513],[42.774,37.577],[42.852,37.577],[42.861,37.642],[42.871,37.706],[42.88,37.771],[43.886,37.706],[43.945,37.577],[44.637,37.513],[44.774,37.384],[44.803,37.062],[45.251,36.933],[45.446,37.19],[45.29,37.19],[45.252,37.448],[45.174,37.448],[45.224,37.771],[45.635,37.9],[45.854,38.287],[46.121,38.481],[47.252,38.674],[48.326,38.093],[48.795,38.093],[48.874,38.093],[48.829,37.835],[49.085,37.513],[49.854,37.448],[50.321,36.997],[50.566,37.062],[50.632,36.997],[50.532,36.868],[51.265,36.61],[52.186,36.546],[53.088,36.804],[54.033,36.868],[54.095,37.19],[53.91,37.448],[53.908,37.835],[53.83,37.835],[53.987,38.997],[53.518,39.385],[53.138,39.45],[53.545,39.514],[53.498,40.032],[52.723,40.096],[52.714,40.42],[52.793,40.42],[52.893,40.874],[52.972,40.874],[52.943,40.744],[53.34,40.744],[53.448,40.874],[53.404,40.679],[54.544,40.809],[56.655,40.355],[56.987,40.42],[56.956,40.291],[57.035,40.291],[57.241,40.161],[57.351,40.291]]]]}},{"type":"Feature","id":"cliopatria-5d4d1c6a36cb7829368df06d","properties":{"NAME":"Roman Empire","ABBREVN":null,"CONTROL":null,"SUBJECTO":"Roman Empire","PARTOF":null,"BORDERPRECISION":1,"FromYear":207,"ToYear":214,"Area":4551366.891708336,"Type":"POLITY","Wikipedia":"Roman Empire","Wikidata":"Q12544","SeshatID":"it_roman_principate","Components":"","MemberOf":"","sourceFeatureId":"cliopatria-5d4d1c6a36cb7829368df06d","datasetId":"cliopatria"},"geometry":{"type":"MultiPolygon","coordinates":[[[[2.61,34.422],[2.533,34.422],[2.531,34.486],[2.608,34.486],[2.61,34.422]]],[[[14.34,36.031],[14.417,36.031],[14.571,35.966],[14.568,35.773],[14.337,35.838],[14.34,36.031]]],[[[7.24,50.712],[7.41,50.645],[7.413,50.512],[7.664,50.579],[7.755,50.246],[7.923,50.246],[8.169,50.579],[8.758,50.579],[8.68,50.113],[8.764,50.113],[8.766,49.98],[8.933,50.046],[8.934,49.914],[9.187,49.781],[9.192,49.316],[9.529,48.853],[12.111,49.184],[12.609,48.985],[12.773,48.787],[13.519,48.654],[14.258,48.258],[14.672,48.258],[14.841,48.39],[15.499,48.192],[16.663,48.324],[16.904,48.126],[17.072,48.192],[17.067,48.06],[17.635,47.796],[18.626,47.796],[18.798,47.928],[18.957,47.796],[18.95,47.664],[19.269,47.466],[19.173,47.203],[18.923,47.137],[18.998,47.006],[18.834,47.006],[18.824,46.809],[18.906,46.809],[18.896,46.612],[19.05,46.415],[18.952,46.087],[18.87,46.087],[18.949,46.021],[18.854,45.759],[19.011,45.628],[18.926,45.562],[18.998,45.366],[19.971,45.3],[20.059,45.431],[19.907,45.628],[20.17,45.955],[20.185,46.218],[21.24,46.087],[21.331,46.218],[21.494,46.218],[21.486,46.087],[21.649,46.087],[22.008,46.546],[22.026,46.809],[22.291,47.072],[22.218,47.203],[22.3,47.203],[22.315,47.401],[22.485,47.466],[22.582,47.664],[23.17,47.796],[23.82,47.664],[25.553,47.664],[25.624,47.532],[25.865,47.466],[25.916,47.137],[26.706,46.809],[26.516,46.546],[26.541,45.955],[26.459,45.955],[26.44,45.759],[26.283,45.824],[26.19,45.693],[26.234,45.3],[26.078,45.366],[25.954,44.908],[25.78,44.777],[25.844,44.581],[25.688,44.647],[25.676,44.516],[25.838,44.516],[25.889,44.19],[26.362,44.059],[26.698,44.19],[27.748,44.19],[27.93,44.385],[27.849,44.385],[27.869,44.581],[27.707,44.581],[27.727,44.777],[27.889,44.777],[27.922,45.104],[27.767,45.17],[27.787,45.366],[27.956,45.431],[28.038,45.431],[28.282,45.431],[28.505,45.235],[29.089,45.366],[29.288,45.693],[30.54,46.612],[30.622,46.612],[30.811,46.809],[31.065,46.874],[31.082,47.006],[31.567,46.94],[31.533,46.677],[30.877,46.677],[30.298,45.955],[30.045,45.89],[29.859,45.693],[29.614,45.693],[29.584,45.431],[29.666,45.431],[29.525,44.908],[29.024,44.777],[29.046,44.973],[28.802,44.973],[28.841,44.581],[28.577,44.385],[28.536,43.994],[28.616,43.994],[28.481,43.472],[28.159,43.472],[28.226,43.342],[27.898,43.277],[27.805,43.147],[27.847,42.756],[27.514,42.626],[27.495,42.431],[27.796,42.236],[27.784,42.106],[28.004,41.911],[27.979,41.652],[28.218,41.652],[28.279,41.457],[28.505,41.327],[28.976,41.263],[28.963,41.133],[30.479,41.198],[30.624,41.068],[31.18,41.068],[31.534,41.392],[32.027,41.522],[32.042,41.652],[32.193,41.587],[32.695,41.782],[32.631,41.911],[34.785,41.911],[34.882,42.041],[35.121,42.041],[35.157,41.717],[35.954,41.717],[36.209,41.263],[36.775,41.327],[37.065,41.133],[37.233,41.198],[37.215,41.068],[37.771,41.068],[37.831,40.938],[38.158,41.003],[38.298,40.874],[38.783,40.938],[39.051,41.133],[39.736,40.938],[40.37,40.938],[40.391,41.068],[40.539,41.003],[41.047,41.198],[41.159,41.392],[41.307,41.327],[41.408,41.457],[41.567,41.457],[41.815,41.976],[41.735,41.976],[41.758,42.106],[41.598,42.106],[41.701,42.236],[41.483,42.366],[41.609,42.626],[41.334,42.886],[41.173,42.886],[41.116,43.017],[40.817,43.147],[40.416,43.147],[40.219,43.407],[39.978,43.407],[40.081,43.538],[40.161,43.538],[40.599,43.277],[41.001,43.277],[41.208,43.082],[41.666,42.951],[41.803,42.821],[41.78,42.691],[41.998,42.561],[42.01,41.717],[41.705,41.327],[41.625,41.327],[41.614,41.263],[41.535,41.263],[41.45,40.744],[40.953,40.614],[40.398,40.096],[38.79,39.902],[38.93,39.773],[38.745,39.579],[38.954,39.385],[39.209,39.514],[39.751,39.45],[39.848,39.579],[40.548,39.514],[40.51,39.256],[40.658,39.191],[40.469,38.416],[40.547,38.416],[40.572,38.029],[40.094,37.964],[40.051,37.642],[40.181,37.448],[39.496,37.577],[39.46,37.9],[39.122,37.706],[38.349,37.771],[38.333,37.642],[37.989,37.384],[37.958,37.126],[38.176,36.997],[38.133,35.966],[38.428,35.838],[39.497,35.709],[39.753,35.902],[40.809,36.288],[41.283,36.353],[41.541,36.546],[41.533,36.482],[41.61,36.482],[41.602,36.417],[41.68,36.417],[41.671,36.353],[41.086,36.031],[41.112,35.001],[40.772,34.744],[40.618,34.744],[40.103,34.293],[40.026,34.293],[39.509,34.486],[39.124,34.486],[37.99,33.972],[37.739,33.779],[37.726,33.65],[37.573,33.65],[37.073,33.264],[37.054,33.072],[36.901,33.072],[36.717,32.75],[36.751,32.3],[36.516,32.236],[36.662,32.172],[36.387,31.658],[36.423,31.208],[36.271,31.208],[36.401,30.951],[36.156,30.758],[35.846,29.729],[35.77,29.729],[35.806,29.215],[35.655,29.215],[35.641,29.022],[35.48,28.894],[35.196,28.058],[34.593,28.058],[34.605,28.251],[34.854,28.572],[34.913,29.408],[34.752,29.279],[34.517,28.058],[34.358,27.93],[34.346,27.737],[34.12,27.737],[33.617,28.122],[33.554,28.315],[33.403,28.315],[33.189,28.508],[33.147,29.022],[32.857,29.215],[32.589,29.729],[32.602,29.922],[32.442,29.794],[32.689,28.958],[32.836,28.894],[33.105,28.38],[33.609,27.994],[33.585,27.608],[33.799,27.415],[33.927,27.029],[34.073,26.965],[34.051,26.579],[34.197,26.515],[34.461,25.872],[34.608,25.808],[35.146,24.651],[35.86,24.008],[35.854,23.879],[35.559,23.943],[35.553,23.815],[35.108,23.879],[33.756,23.686],[33.682,23.686],[33.389,23.815],[32.041,23.686],[31.67,23.751],[30.537,23.365],[30.463,23.365],[30.395,23.558],[30.104,23.751],[30.109,23.879],[29.959,23.879],[29.673,24.201],[28.569,24.651],[28.289,25.165],[28.244,25.936],[28.345,26.579],[28.27,26.579],[28.154,27.351],[27.937,27.544],[27.711,27.544],[27.792,27.672],[27.43,27.994],[27.276,27.93],[27.285,28.122],[27.14,28.251],[25.586,28.958],[25.373,29.279],[25.147,29.279],[25.001,29.408],[24.847,29.344],[24.779,29.537],[24.33,29.665],[23.962,29.922],[23.51,29.987],[22.916,30.308],[22.762,30.244],[22.767,30.372],[21.939,30.565],[20.952,30.565],[18.735,29.987],[17.905,30.179],[16.701,30.694],[15.49,30.951],[15.184,30.886],[15.187,31.079],[14.584,31.529],[14.586,31.658],[14.284,31.915],[13.6,32.172],[13.066,32.172],[13.067,32.3],[11.768,32.3],[11.768,32.429],[11.539,32.429],[11.463,32.557],[11.31,32.493],[11.157,32.686],[10.392,33.007],[10.009,33.007],[10.085,33.136],[9.625,33.136],[9.547,33.329],[9.624,33.457],[9.316,33.586],[9.238,33.843],[9.083,33.907],[9.083,34.036],[8.929,34.036],[8.928,34.165],[8.311,34.293],[8.081,34.229],[8.002,34.422],[7.615,34.551],[7.153,34.486],[6.92,34.615],[6.459,34.551],[6.148,34.679],[5.377,34.679],[5.149,34.551],[4.454,34.615],[3.843,34.422],[3.456,34.486],[2.921,34.358],[2.45,34.615],[1.294,34.615],[0.685,34.422],[0.451,34.486],[0.303,34.358],[-1.237,34.358],[-1.305,34.165],[-1.539,34.229],[-1.61,34.1],[-1.693,34.229],[-2.001,34.229],[-3.763,34.1],[-4.141,33.972],[-4.21,33.843],[-4.367,33.907],[-5.039,33.586],[-5.274,33.65],[-5.799,33.457],[-6.033,33.522],[-6.634,33.329],[-6.703,33.2],[-6.937,33.264],[-7.528,32.943],[-8.064,32.943],[-8.154,33.136],[-8.47,33.264],[-8.403,33.393],[-7.13,33.843],[-7.062,33.972],[-6.904,33.907],[-6.614,34.165],[-6.7,34.293],[-6.473,34.358],[-6.482,34.486],[-6.332,34.551],[-6.277,34.872],[-6.2,34.872],[-6.291,35.065],[-6.132,35.001],[-6.145,35.194],[-6,35.323],[-5.877,35.773],[-5.339,35.838],[-5.24,35.516],[-4.755,35.194],[-3.132,35.194],[-2.982,35.258],[-2.993,35.451],[-2.838,35.451],[-2.82,35.13],[-2.662,35.065],[-1.89,35.065],[-1.591,35.258],[-1.359,35.258],[-1.136,35.451],[-1.224,35.645],[-1.066,35.58],[-0.917,35.709],[-0.53,35.709],[-0.459,35.838],[0.084,35.838],[0.376,36.224],[0.684,36.288],[0.678,36.417],[0.914,36.353],[1.216,36.546],[1.53,36.482],[2.377,36.675],[2.69,36.61],[2.841,36.739],[3.23,36.739],[3.459,36.868],[3.85,36.804],[4.235,36.933],[4.859,36.868],[5.098,36.675],[5.564,36.675],[5.639,36.804],[6.106,36.804],[6.103,36.933],[6.334,37.062],[6.805,36.868],[7.194,36.868],[7.346,37.062],[7.502,37.062],[7.738,36.868],[8.516,36.868],[8.903,37.126],[9.059,37.062],[9.37,37.255],[9.759,37.319],[9.993,37.19],[10.227,37.255],[10.228,37.062],[10.305,37.062],[10.228,36.804],[10.462,36.739],[11.006,36.997],[11.006,36.804],[10.462,36.417],[10.54,36.353],[10.464,35.902],[10.696,35.709],[10.851,35.773],[10.928,35.58],[11.083,35.58],[11.083,35.387],[11.006,35.387],[11.083,35.001],[10.851,34.937],[10.851,34.808],[10.543,34.551],[10.004,34.293],[10.082,34.229],[10.006,33.907],[10.237,33.715],[10.544,33.715],[10.698,33.522],[11.082,33.586],[11.158,33.2],[11.464,33.2],[12.229,32.814],[12.612,32.879],[12.535,32.75],[12.841,32.75],[12.842,32.879],[13.302,32.943],[13.454,32.814],[13.761,32.879],[13.759,32.75],[14.065,32.75],[14.444,32.493],[14.675,32.557],[14.749,32.429],[15.055,32.429],[15.282,32.3],[15.425,31.658],[15.576,31.593],[15.649,31.4],[16.179,31.208],[16.864,31.208],[17.847,30.951],[18.222,30.758],[18.592,30.372],[18.896,30.372],[18.969,30.244],[19.655,30.372],[19.964,30.565],[19.968,30.694],[20.202,30.886],[20.134,31.143],[20.214,31.272],[19.996,31.593],[20.089,32.107],[20.017,32.236],[20.246,32.236],[20.331,32.493],[20.482,32.429],[20.563,32.557],[20.716,32.557],[20.644,32.686],[20.871,32.622],[21.108,32.814],[21.412,32.75],[21.879,32.943],[23.089,32.622],[23.081,32.429],[23.231,32.365],[23.149,32.236],[23.299,32.172],[23.68,32.172],[24.129,31.979],[24.892,31.979],[25.112,31.786],[25.102,31.593],[25.248,31.465],[26.848,31.465],[27.297,31.336],[27.515,31.143],[28.496,31.015],[28.865,30.822],[29.397,30.822],[29.485,31.015],[29.633,30.951],[29.87,31.079],[29.802,31.208],[29.882,31.272],[30.339,31.272],[30.271,31.4],[30.352,31.465],[30.809,31.465],[30.966,31.529],[30.975,31.658],[31.203,31.658],[31.118,31.529],[31.266,31.465],[31.875,31.465],[31.781,31.208],[31.937,31.272],[32,31.079],[32.304,31.079],[32.237,31.208],[32.389,31.208],[32.532,31.079],[32.765,31.143],[32.832,31.015],[33.983,31.143],[34.297,31.272],[34.308,31.4],[34.547,31.529],[34.639,31.722],[34.573,31.85],[34.813,31.979],[34.77,32.365],[35.022,32.622],[35.056,33.007],[35.215,33.072],[35.398,33.393],[35.346,33.65],[35.499,33.65],[35.447,33.907],[35.684,33.972],[35.644,34.358],[35.792,34.293],[36.049,34.551],[36.068,34.744],[35.927,34.872],[35.96,35.194],[35.882,35.194],[35.993,35.516],[35.845,35.58],[35.99,36.224],[35.842,36.288],[36.265,36.61],[36.286,36.804],[36.145,36.933],[35.834,36.933],[35.488,36.61],[35.113,36.739],[34.95,36.675],[34.893,36.868],[34.582,36.868],[34.251,36.675],[33.979,36.288],[33.274,36.224],[32.713,36.031],[32.558,36.031],[32.499,36.224],[32.068,36.61],[31.086,36.933],[30.619,36.933],[30.492,36.353],[30.026,36.353],[29.938,36.224],[29.24,36.224],[29.125,36.739],[28.736,36.739],[28.591,36.868],[28.357,36.868],[28.187,36.675],[28.031,36.675],[28.138,37.062],[28.065,37.126],[27.598,37.126],[27.539,37.384],[27.223,37.319],[27.31,37.448],[27.163,37.577],[27.256,37.771],[27.178,37.771],[27.275,38.029],[26.889,38.093],[26.82,38.222],[26.429,38.222],[26.384,38.674],[26.536,38.61],[26.595,38.351],[27.065,38.351],[27.08,38.545],[26.849,38.61],[26.958,38.997],[26.879,38.997],[26.894,39.191],[26.742,39.256],[26.847,39.579],[26.132,39.514],[26.272,40.291],[26.605,40.485],[26.684,40.485],[26.673,40.355],[27.47,40.42],[27.538,40.291],[27.696,40.291],[27.792,40.485],[27.95,40.485],[27.939,40.355],[29.046,40.355],[28.9,40.485],[28.913,40.614],[29.48,40.744],[29.493,40.874],[29.249,40.809],[29.103,40.938],[29.116,41.068],[28.633,41.003],[28.169,41.133],[28.077,41.003],[27.527,41.068],[27.017,40.679],[26.921,40.485],[26.626,40.744],[26.14,40.614],[26.082,40.874],[25.378,41.003],[24.347,41.003],[24.011,40.744],[23.698,40.809],[23.685,40.614],[23.839,40.55],[23.737,40.226],[23.267,40.291],[22.884,40.485],[22.892,40.614],[22.655,40.614],[22.56,40.355],[22.544,40.096],[22.702,40.096],[22.611,39.902],[23.135,39.45],[22.816,39.385],[22.797,39.062],[23.116,39.126],[23.108,38.997],[23.344,38.997],[23.493,38.868],[23.332,38.803],[23.025,38.933],[22.936,38.739],[23.167,38.674],[23.313,38.481],[23.626,38.481],[23.563,38.739],[24.03,38.674],[24.179,38.545],[24.159,38.222],[24.002,38.222],[23.979,37.835],[23.443,38.029],[23.208,38.029],[23.201,37.9],[23.044,37.9],[23.108,37.642],[23.342,37.642],[23.402,37.319],[23.169,37.319],[23.176,37.448],[22.949,37.577],[22.714,37.577],[22.701,37.319],[22.853,37.255],[23.056,36.675],[22.833,36.868],[22.599,36.868],[22.512,36.675],[22.356,36.675],[22.22,37.062],[21.909,37.062],[21.899,36.868],[21.744,36.868],[21.681,37.19],[21.603,37.19],[21.697,37.513],[21.244,37.835],[21.416,38.158],[21.729,38.158],[21.738,38.351],[21.193,38.416],[20.974,38.739],[20.741,38.803],[20.911,39.062],[20.297,39.385],[20.155,39.708],[19.912,39.579],[19.758,39.644],[19.764,39.773],[20,39.773],[20.009,39.967],[19.63,40.291],[19.471,40.291],[19.486,40.614],[19.249,40.614],[19.255,40.744],[19.498,40.874],[19.438,41.263],[19.523,41.392],[19.444,41.392],[19.53,41.522],[19.45,41.522],[19.542,41.782],[18.852,42.366],[18.143,42.626],[17.992,42.821],[17.593,42.886],[17.508,42.756],[17.516,42.951],[17.355,42.951],[17.365,43.212],[17.122,43.147],[17.051,43.407],[16.727,43.342],[16.734,43.538],[16.575,43.603],[15.927,43.472],[16.012,43.603],[15.857,43.798],[15.695,43.798],[15.619,43.929],[15.375,43.863],[15.459,43.994],[15.219,44.059],[15.147,44.385],[14.909,44.581],[14.919,44.973],[14.516,45.104],[14.603,45.366],[14.196,45.366],[14.189,45.039],[13.946,45.039],[13.943,44.908],[13.781,44.908],[13.706,45.235],[13.544,45.3],[13.547,45.497],[13.71,45.497],[13.715,45.759],[13.39,45.824],[13.145,45.824],[13.06,45.628],[12.817,45.693],[12.652,45.562],[12.163,45.497],[12.16,45.17],[12.403,45.039],[12.4,44.777],[12.157,44.843],[12.154,44.451],[12.313,44.19],[12.873,43.798],[13.036,43.863],[13.034,43.733],[13.355,43.668],[13.673,43.407],[13.747,43.082],[13.985,42.951],[13.901,42.756],[14.056,42.496],[14.371,42.236],[14.531,42.236],[14.608,42.106],[14.769,42.171],[14.766,42.041],[14.924,41.976],[15.165,42.041],[15.241,41.911],[16.119,41.911],[16.115,41.782],[15.874,41.717],[15.944,41.392],[17.203,41.003],[17.511,40.744],[17.981,40.614],[18.438,40.161],[18.349,39.902],[18.112,39.902],[17.813,40.355],[17.418,40.355],[17.345,40.55],[17.028,40.55],[16.868,40.485],[16.945,40.42],[16.862,40.291],[16.624,40.291],[16.697,40.096],[16.457,39.967],[16.447,39.644],[16.916,39.514],[17.07,39.385],[17.138,39.062],[16.502,38.803],[16.492,38.416],[15.933,37.964],[15.698,37.964],[15.624,38.158],[15.389,38.158],[15.066,37.642],[15.059,37.255],[15.214,37.19],[15.05,36.739],[14.661,36.739],[14.278,37.126],[13.578,37.255],[13.192,37.577],[12.49,37.706],[12.492,37.9],[12.65,38.093],[13.04,38.029],[13.12,38.158],[13.355,38.158],[13.665,37.964],[14.056,37.964],[15.862,38.287],[15.95,38.674],[16.265,38.739],[16.27,38.933],[16.117,39.062],[15.899,39.773],[15.666,39.902],[15.748,40.032],[15.432,40.032],[15.199,40.226],[15.041,40.226],[14.893,40.679],[14.418,40.679],[14.422,40.874],[14.105,40.874],[13.951,41.133],[13.792,41.133],[13.715,41.263],[13,41.327],[12.922,41.457],[12.605,41.522],[12.131,41.911],[12.132,42.041],[11.813,42.106],[11.655,42.366],[11.495,42.301],[11.415,42.431],[11.255,42.431],[11.176,42.626],[11.016,42.626],[11.016,42.821],[10.535,43.082],[10.212,43.994],[9.889,43.994],[9.97,44.124],[9.727,44.124],[9.159,44.451],[8.432,44.385],[8.034,43.929],[7.15,43.733],[6.993,43.538],[6.673,43.472],[6.518,43.212],[6.278,43.147],[5.796,43.147],[5.632,43.277],[5.391,43.277],[5.387,43.407],[5.063,43.472],[4.178,43.472],[4.173,43.603],[3.851,43.603],[3.617,43.407],[3.14,43.277],[2.985,43.147],[3.01,42.561],[3.178,42.366],[3.117,41.911],[2.573,41.587],[2.334,41.587],[2.107,41.327],[1.238,41.198],[0.696,40.938],[0.709,40.679],[0.248,40.42],[0.183,40.161],[-0.126,40.032],[-0.345,39.708],[-0.314,39.126],[0.099,38.739],[-0.661,38.287],[-0.803,38.029],[-0.705,37.642],[-1.709,37.448],[-1.623,37.319],[-1.857,37.319],[-2.062,36.804],[-2.532,36.868],[-2.68,36.739],[-4.469,36.739],[-4.689,36.546],[-5.228,36.482],[-5.288,36.224],[-5.662,36.031],[-5.831,36.224],[-6.064,36.224],[-6.33,36.675],[-6.35,36.933],[-6.588,36.997],[-6.842,37.255],[-7.465,37.255],[-7.455,37.126],[-7.678,36.997],[-8.701,37.126],[-9.001,36.997],[-8.897,37.577],[-8.819,37.577],[-8.823,38.481],[-9.209,38.416],[-9.233,38.674],[-9.384,38.61],[-9.553,38.739],[-9.572,38.933],[-9.427,39.062],[-9.387,39.45],[-9.157,39.514],[-9.104,39.773],[-9.025,39.773],[-8.925,40.355],[-8.846,40.355],[-8.872,40.614],[-8.727,40.744],[-8.956,42.171],[-8.657,42.366],[-9.079,42.561],[-9.1,42.756],[-9.275,42.886],[-9.305,43.147],[-9.159,43.277],[-8.852,43.407],[-8.369,43.407],[-8.39,43.603],[-8.244,43.733],[-7.276,43.733],[-7.343,43.603],[-7.176,43.538],[-5.733,43.603],[-4.99,43.407],[-3.467,43.472],[-3.296,43.342],[-1.688,43.342],[-1.388,43.668],[-1.349,44.255],[-1.268,44.255],[-1.286,44.516],[-1.205,44.516],[-1.252,45.17],[-1.171,45.17],[-1.189,45.431],[-1.031,45.497],[-1.045,45.693],[-1.213,45.759],[-1.141,45.89],[-1.223,45.89],[-1.252,46.283],[-1.666,46.349],[-2.014,46.612],[-2.025,46.743],[-2.194,46.809],[-2.139,47.137],[-2.232,47.269],[-2.562,47.269],[-2.578,47.466],[-2.826,47.466],[-2.837,47.598],[-3.156,47.466],[-3.344,47.73],[-3.757,47.73],[-3.935,47.862],[-4.424,47.796],[-4.692,47.994],[-4.705,48.126],[-4.546,48.192],[-4.643,48.324],[-4.891,48.324],[-4.912,48.522],[-4.6,48.72],[-3.852,48.72],[-3.455,48.919],[-3.122,48.919],[-2.759,48.588],[-2.522,48.72],[-1.602,48.654],[-1.718,49.051],[-1.635,49.051],[-1.652,49.25],[-1.913,49.383],[-2.032,49.781],[-1.362,49.781],[-1.251,49.449],[0.007,49.383],[-0.012,49.648],[0.224,49.847],[1.053,49.98],[1.455,50.246],[1.425,50.712],[1.656,51.046],[2.578,51.179],[2.739,51.313],[3.41,51.447],[3.399,51.647],[3.739,51.647],[3.647,51.781],[3.98,51.915],[4.056,52.116],[4.232,51.982],[4.573,51.982],[5.248,52.116],[5.934,51.982],[6.369,51.647],[6.539,51.647],[6.541,51.58],[6.885,51.38],[7.065,50.979],[7.319,50.912],[7.24,50.712]]],[[[20.621,37.9],[20.699,37.9],[20.934,37.9],[20.922,37.642],[20.613,37.706],[20.621,37.9]]],[[[20.328,38.351],[20.488,38.416],[20.566,38.416],[20.795,38.287],[20.786,38.093],[20.32,38.158],[20.328,38.351]]],[[[1.274,38.803],[1.183,39.062],[1.259,39.126],[1.337,39.126],[1.652,39.126],[1.658,38.997],[1.431,38.803],[1.274,38.803]]],[[[20.07,39.579],[20.073,39.644],[20.152,39.644],[20.149,39.579],[20.07,39.579]]],[[[2.824,39.32],[2.659,39.514],[2.346,39.45],[2.338,39.644],[2.877,39.967],[2.956,39.967],[3.193,39.967],[3.198,39.838],[3.516,39.773],[3.296,39.32],[2.824,39.32]]],[[[3.82,40.096],[4.215,40.096],[4.302,39.838],[3.827,39.902],[3.741,40.096],[3.82,40.096]]],[[[9.665,40.291],[9.747,39.644],[9.669,39.644],[9.593,39.126],[9.12,39.191],[8.966,38.868],[8.73,38.868],[8.336,38.997],[8.412,39.256],[8.333,39.256],[8.33,39.514],[8.409,39.514],[8.483,39.902],[8.325,39.967],[8.4,40.291],[8.321,40.291],[8.319,40.485],[8.16,40.55],[8.155,40.938],[8.552,40.874],[9.025,41.263],[9.104,41.263],[9.502,41.198],[9.822,40.744],[9.823,40.355],[9.665,40.291]]],[[[9.578,41.976],[9.498,41.976],[9.499,41.782],[9.262,41.392],[9.104,41.327],[8.784,41.522],[8.782,41.717],[8.623,41.717],[8.7,41.911],[8.539,42.106],[8.535,42.496],[8.773,42.691],[9.173,42.756],[9.251,43.017],[9.331,43.017],[9.492,43.017],[9.493,42.756],[9.574,42.756],[9.578,41.976]]],[[[10.134,42.886],[10.214,42.886],[10.455,42.886],[10.455,42.691],[10.215,42.691],[10.134,42.886]]],[[[14.269,44.973],[14.35,44.973],[14.511,44.908],[14.502,44.516],[14.261,44.581],[14.269,44.973]]],[[[19.086,45.497],[19.004,45.497],[19.007,45.562],[19.089,45.562],[19.086,45.497]]],[[[19.166,47.072],[19.084,47.072],[19.087,47.137],[19.169,47.137],[19.166,47.072]]],[[[16.989,48.192],[16.907,48.192],[16.909,48.258],[16.992,48.258],[16.989,48.192]]],[[[16.826,48.258],[16.829,48.324],[16.912,48.324],[16.909,48.258],[16.826,48.258]]],[[[6.193,51.848],[6.191,51.915],[6.276,51.915],[6.278,51.848],[6.193,51.848]]],[[[-0.671,54.613],[-0.202,54.206],[-0.18,53.935],[0.004,53.8],[0.021,53.597],[0.295,53.395],[0.316,53.125],[0.075,52.923],[0.337,52.855],[0.493,53.057],[1.094,53.057],[1.622,52.855],[1.739,52.385],[1.654,52.385],[1.586,52.116],[1.425,51.982],[1.17,51.982],[1.184,51.781],[0.844,51.781],[0.863,51.513],[0.524,51.513],[1.207,51.447],[1.381,51.38],[1.394,51.179],[0.493,50.779],[-1.368,50.845],[-1.109,50.779],[-1.177,50.579],[-1.513,50.579],[-1.525,50.712],[-2.608,50.579],[-2.789,50.712],[-3.126,50.712],[-3.457,50.645],[-3.585,50.246],[-4.089,50.246],[-4.187,50.379],[-4.355,50.379],[-4.929,50.246],[-5.151,49.98],[-5.746,50.046],[-5.769,50.246],[-5.28,50.379],[-5.134,50.579],[-4.881,50.579],[-4.819,50.779],[-4.658,50.845],[-4.68,51.046],[-4.426,51.046],[-4.202,51.313],[-3.095,51.246],[-3.108,51.38],[-2.945,51.447],[-3.121,51.513],[-3.277,51.38],[-3.701,51.38],[-3.892,51.58],[-4.308,51.513],[-4.415,51.714],[-5.079,51.58],[-5.264,51.714],[-5.219,52.049],[-4.553,52.183],[-4.157,52.452],[-4.295,52.923],[-4.794,52.788],[-4.81,52.923],[-4.49,53.125],[-4.67,53.192],[-4.702,53.462],[-4.271,53.462],[-4.162,53.26],[-3.317,53.395],[-3.153,53.462],[-3.174,53.665],[-3.088,53.665],[-3.196,53.868],[-3.11,53.868],[-3.124,54.003],[-2.959,54.071],[-3.139,54.138],[-3.305,54.071],[-3.319,54.206],[-3.587,54.274],[-3.72,54.681],[-3.569,54.885],[-4.423,54.749],[-4.954,54.817],[-4.937,54.681],[-5.206,54.749],[-5.328,55.021],[-5.154,55.021],[-5.171,55.157],[-4.769,55.43],[-4.795,55.635],[-4.979,55.703],[-5.014,55.977],[-4.311,55.977],[-4.152,56.114],[-2.656,56.114],[-2.019,55.908],[-1.627,55.498],[-1.62,55.43],[-1.486,54.953],[-1.399,54.953],[-1.286,54.681],[-0.671,54.613]]],[[[34.087,35.001],[33.695,34.937],[33.523,34.744],[33.132,34.679],[33.044,34.551],[32.367,34.744],[32.229,34.937],[32.246,35.13],[32.555,35.13],[32.875,35.258],[32.887,35.387],[33.737,35.387],[34.31,35.709],[34.387,35.709],[34.542,35.709],[34.529,35.58],[33.957,35.258],[34.087,35.001]]],[[[24.15,35.387],[24.301,35.323],[25.692,35.323],[25.681,35.13],[26.225,35.194],[26.14,35.065],[24.824,35.001],[24.757,35.194],[24.526,35.194],[24.448,35.194],[23.679,35.258],[23.615,35.516],[24.157,35.516],[24.15,35.387]]],[[[27.693,36.288],[28.017,36.482],[28.095,36.482],[28.25,36.482],[28.139,36.031],[27.743,35.902],[27.693,36.288]]],[[[22.887,36.417],[22.965,36.417],[23.117,36.353],[23.107,36.16],[22.874,36.16],[22.887,36.417]]],[[[27.117,36.933],[27.185,36.804],[26.865,36.675],[27.039,36.933],[27.117,36.933]]],[[[25.339,37.126],[25.417,37.126],[25.573,37.126],[25.564,36.997],[25.331,36.997],[25.339,37.126]]],[[[24.361,37.706],[24.432,37.577],[24.272,37.513],[24.201,37.642],[24.283,37.706],[24.361,37.706]]],[[[24.986,37.706],[25.064,37.706],[25.22,37.706],[25.286,37.513],[25.052,37.513],[24.986,37.706]]],[[[26.08,37.706],[26.158,37.706],[26.314,37.706],[26.305,37.577],[25.988,37.513],[26.08,37.706]]],[[[24.694,38.029],[24.772,38.029],[25.068,37.771],[24.83,37.706],[24.682,37.835],[24.694,38.029]]],[[[25.821,38.481],[25.913,38.674],[25.991,38.674],[26.217,38.545],[26.111,38.158],[25.876,38.158],[25.899,38.481],[25.821,38.481]]],[[[23.563,38.739],[23.485,38.739],[23.489,38.803],[23.567,38.803],[23.563,38.739]]],[[[24.365,38.997],[24.444,38.997],[24.675,38.933],[24.662,38.739],[24.357,38.868],[24.365,38.997]]],[[[26.094,38.997],[26.103,39.126],[25.793,39.191],[26.044,39.385],[26.123,39.385],[26.511,39.32],[26.644,38.997],[26.246,38.933],[26.094,38.997]]],[[[25.067,40.032],[25.146,40.032],[25.462,40.032],[25.447,39.838],[24.974,39.838],[25.067,40.032]]],[[[25.798,40.291],[26.035,40.291],[26.025,40.161],[25.704,40.096],[25.719,40.291],[25.798,40.291]]],[[[24.57,40.809],[24.808,40.809],[24.794,40.614],[24.551,40.55],[24.491,40.809],[24.57,40.809]]]]}},{"type":"Feature","id":"cliopatria-a3954c8a4f0fae6da9305c6a","properties":{"NAME":"Satavahana Dynasty","ABBREVN":null,"CONTROL":null,"SUBJECTO":"Satavahana Dynasty","PARTOF":null,"BORDERPRECISION":1,"FromYear":207,"ToYear":214,"Area":750281.7832123513,"Type":"POLITY","Wikipedia":"Satavahana dynasty","Wikidata":"Q5257","SeshatID":"","Components":"","MemberOf":"","sourceFeatureId":"cliopatria-a3954c8a4f0fae6da9305c6a","datasetId":"cliopatria"},"geometry":{"type":"MultiPolygon","coordinates":[[[[81.299,23.365],[81.514,23.301],[81.637,23.108],[81.86,23.108],[82.058,22.915],[82.347,22.851],[82.471,22.658],[82.619,22.658],[83.345,21.951],[83.519,21.565],[83.37,21.565],[83.156,21.051],[82.663,20.665],[82.459,20.215],[82.311,20.215],[82.205,19.958],[82.049,19.893],[82.001,19.508],[82.075,19.508],[82.028,19.122],[82.102,19.122],[81.906,18.736],[81.759,18.736],[81.222,17.965],[80.357,17.515],[79.531,16.743],[79.313,16.1],[79.058,15.779],[78.709,14.493],[78.268,14.493],[77.503,14.172],[77.21,14.172],[76.893,13.915],[76.441,13.786],[76.115,13.4],[75.973,13.465],[75.304,15.008],[74.967,15.329],[74.311,15.393],[74.103,15.522],[73.802,15.458],[73.747,15.65],[73.539,15.779],[73.254,16.615],[73.3,17.065],[72.959,18.029],[72.875,19.315],[72.734,19.379],[72.701,19.765],[72.708,19.829],[72.87,19.958],[73.47,20.022],[74.246,20.343],[74.348,20.601],[74.497,20.601],[74.755,20.922],[75.756,21.243],[77.73,22.851],[78.285,23.686],[78.38,24.908],[78.576,24.715],[79.38,24.586],[80.585,24.136],[81.307,23.429],[81.299,23.365]]]]}},{"type":"Feature","id":"cliopatria-da906e7f7215e734b28a4364","properties":{"NAME":"Xianbei","ABBREVN":null,"CONTROL":null,"SUBJECTO":"Xianbei","PARTOF":null,"BORDERPRECISION":1,"FromYear":207,"ToYear":223,"Area":5220435.3895603195,"Type":"POLITY","Wikipedia":"Xianbei","Wikidata":"Q861054","SeshatID":"mn_xianbei","Components":"","MemberOf":"","sourceFeatureId":"cliopatria-da906e7f7215e734b28a4364","datasetId":"cliopatria"},"geometry":{"type":"MultiPolygon","coordinates":[[[[105.377,56.319],[105.321,56.251],[107.737,55.771],[107.68,55.703],[108.206,55.703],[108.149,55.635],[108.674,55.635],[109.578,55.977],[111.1,55.908],[111.041,55.84],[111.568,55.84],[111.362,55.703],[113.494,55.635],[113.434,55.567],[116.166,55.294],[116.105,55.225],[117.205,55.089],[117.144,55.021],[117.554,55.089],[117.431,54.953],[117.693,54.953],[117.632,54.885],[124.229,54.681],[124.165,54.613],[125.056,54.545],[124.992,54.477],[125.839,54.274],[125.798,54.138],[126.08,54.071],[126.039,53.935],[126.211,53.935],[126.148,53.868],[126.303,53.665],[126.177,53.53],[126.31,53.395],[126.123,53.192],[126.209,53.192],[126.048,52.923],[126.134,52.923],[125.405,51.915],[125.49,51.915],[124.886,51.313],[124.971,51.313],[123.389,49.25],[123.472,49.25],[123.121,48.787],[123.204,48.787],[123.047,48.126],[123.247,48.06],[123.103,47.862],[123.185,47.862],[123.09,47.73],[123.173,47.73],[123.078,47.598],[123.16,47.598],[123.09,47.269],[123.526,47.072],[123.587,46.809],[123.885,46.415],[123.793,46.283],[123.911,46.218],[123.857,46.021],[124.256,45.89],[124.084,45.759],[124.166,45.759],[124.157,45.628],[124.239,45.628],[124.34,45.3],[124.503,45.3],[124.568,45.039],[124.73,45.039],[124.686,44.973],[124.84,44.843],[124.744,44.581],[124.825,44.581],[124.781,44.516],[124.898,44.451],[124.81,44.32],[124.928,44.255],[124.482,43.342],[124.6,43.277],[124.51,43.017],[124.789,42.951],[125.013,42.431],[125.093,42.431],[124.607,42.171],[123.167,41.911],[121.021,41.263],[119.39,41.327],[119.428,41.392],[118.792,41.392],[118.83,41.457],[118.633,41.392],[118.671,41.457],[118.432,41.457],[118.47,41.522],[118.034,41.457],[118.072,41.522],[117.791,41.587],[117.708,41.717],[117.823,41.911],[117.701,41.976],[117.737,42.171],[117.338,42.171],[115.992,41.782],[114.958,40.938],[113.76,40.485],[113.623,40.226],[113.004,39.644],[111.743,37.513],[110.455,37.771],[110.484,37.835],[110.094,37.835],[110.123,37.9],[108.843,37.835],[108.745,37.964],[108.51,37.964],[108.539,38.029],[107.359,37.835],[105.774,37.964],[104.463,37.642],[104.362,37.771],[103.764,37.835],[103.663,37.964],[103.88,38.287],[103.751,38.351],[103.836,38.545],[104.108,38.803],[103.608,38.739],[103.939,39.126],[104.668,39.514],[104.583,39.838],[103.812,39.708],[103.132,39.256],[102.095,38.868],[102.123,38.933],[101.63,39.062],[101.559,39.256],[101.165,39.256],[101.181,39.644],[100.737,39.708],[100.381,39.967],[100.144,39.967],[100.173,40.032],[99.384,40.032],[99.284,40.161],[98.918,40.226],[98.948,40.291],[98.503,40.355],[98.274,40.55],[98.037,40.55],[97.888,40.744],[97.184,40.938],[97.214,41.003],[95.23,41.003],[93.845,40.744],[91.27,41.392],[90.775,41.717],[90.536,41.717],[90.434,41.847],[90.195,41.847],[90.223,41.911],[89.613,41.976],[89.642,42.041],[88.82,42.171],[88.848,42.236],[88.077,42.301],[88.105,42.366],[85.764,42.691],[85.792,42.756],[84.108,42.756],[82.056,42.236],[80.134,42.431],[80.159,42.496],[80.233,42.886],[80.473,42.886],[80.391,43.082],[80.738,43.147],[80.791,43.277],[80.656,43.342],[80.681,43.603],[80.385,43.863],[80.438,43.994],[80.303,44.059],[80.329,44.516],[80.248,44.516],[80.41,44.712],[79.843,44.908],[80.059,45.235],[79.978,45.235],[80.339,46.283],[80.257,46.283],[80.398,46.612],[80.316,46.612],[80.598,47.072],[80.516,47.072],[80.867,47.862],[80.784,47.862],[81.939,50.113],[82.786,50.779],[82.807,50.979],[83.096,51.046],[84.08,51.915],[86.285,52.923],[87.694,53.125],[88.416,53.732],[89.107,54.138],[89.108,54.274],[90.33,54.681],[91.756,55.498],[92.425,55.703],[94.122,56.114],[97.144,56.388],[97.513,56.525],[97.813,56.456],[97.761,56.388],[98.379,56.388],[99.014,56.525],[100.78,56.525],[100.868,56.525],[105.377,56.319]]],[[[125.915,52.586],[125.975,52.654],[126.061,52.654],[126,52.586],[125.915,52.586]]],[[[108.847,55.84],[108.935,55.84],[108.877,55.771],[108.789,55.771],[108.847,55.84]]],[[[109.08,55.908],[109.168,55.908],[109.11,55.84],[109.022,55.84],[109.08,55.908]]]]}},{"type":"Feature","id":"cliopatria-6950a71e384f34c062c365e3","properties":{"NAME":"Eastern Wu","ABBREVN":null,"CONTROL":null,"SUBJECTO":"Eastern Wu","PARTOF":null,"BORDERPRECISION":1,"FromYear":207,"ToYear":237,"Area":609286.5334170015,"Type":"POLITY","Wikipedia":"Eastern Wu","Wikidata":"Q274488","SeshatID":"","Components":"","MemberOf":"","sourceFeatureId":"cliopatria-6950a71e384f34c062c365e3","datasetId":"cliopatria"},"geometry":{"type":"MultiPolygon","coordinates":[[[[105.357,22.851],[105.346,22.786],[105.272,22.786],[105.197,22.786],[105.208,22.851],[105.283,22.851],[105.294,22.915],[105.369,22.915],[105.357,22.851]]],[[[121.403,32.493],[121.503,32.172],[121.783,32.107],[121.987,31.85],[121.836,31.658],[121.301,31.85],[120.894,31.786],[121.454,31.658],[121.481,31.529],[121.634,31.529],[121.584,31.4],[121.737,31.4],[121.995,31.079],[121.899,30.822],[121.519,30.822],[121.197,30.565],[121.045,30.565],[120.68,30.179],[120.809,30.115],[121.105,30.308],[121.484,30.308],[121.62,30.051],[122.03,29.922],[121.865,29.665],[122.016,29.665],[121.928,29.408],[122.004,29.408],[121.938,29.215],[121.712,29.215],[121.798,29.472],[121.593,29.537],[121.539,29.151],[121.744,29.087],[121.714,28.765],[121.522,28.637],[121.652,28.572],[121.646,28.315],[121.153,28.187],[121.193,28.315],[121.118,28.315],[121.038,28.058],[120.868,27.994],[120.715,27.737],[120.657,27.544],[120.733,27.544],[120.545,27.158],[120.395,27.158],[120.247,26.901],[120.096,26.901],[120.061,26.772],[120.211,26.772],[120.158,26.579],[119.84,26.515],[119.938,26.322],[119.587,26.129],[119.778,26.001],[119.53,25.615],[119.904,25.615],[119.872,25.486],[119.466,25.358],[119.423,25.486],[119.273,25.486],[119.391,25.358],[119.344,25.165],[119.029,25.101],[119.074,24.972],[118.819,24.844],[118.76,24.586],[118.147,24.522],[118.076,24.201],[117.721,23.943],[117.694,23.815],[117.47,23.815],[117.179,23.493],[116.894,23.558],[116.78,23.365],[116.815,23.172],[116.591,23.172],[116.54,22.915],[115.696,22.786],[115.671,22.658],[115.373,22.658],[115.174,22.786],[114.902,22.529],[114.753,22.529],[114.703,22.658],[114.715,22.722],[114.802,22.786],[114.816,23.236],[114.705,23.429],[114.723,23.879],[114.506,24.265],[114.547,24.458],[114.589,24.651],[115.035,24.972],[115.094,25.229],[114.361,25.294],[114.377,25.679],[114.303,25.679],[114.472,26.065],[114.263,26.129],[114.344,26.451],[113.96,26.708],[114.172,27.222],[113.981,27.351],[114.218,27.93],[113.954,28.058],[114.218,28.701],[114.926,29.279],[114.76,29.472],[114.822,29.665],[114.561,29.794],[114.742,30.115],[114.612,30.179],[114.622,30.436],[114.492,30.501],[114.504,30.758],[114.213,31.015],[113.497,31.143],[113.39,31.272],[113.435,31.4],[113.306,31.465],[113.321,31.722],[113.855,31.722],[114.068,31.465],[114.555,31.336],[115.327,31.786],[116.616,32.172],[116.919,32.365],[117.402,32.429],[117.579,32.686],[117.961,32.879],[119.059,32.943],[119.467,32.814],[120.155,32.814],[120.897,32.943],[120.973,32.943],[120.895,32.75],[121.046,32.557],[121.123,32.557],[121.403,32.493]]],[[[122.273,30.179],[122.28,29.987],[121.977,29.987],[122.022,30.115],[122.045,30.179],[122.273,30.179]]]]}},{"type":"Feature","id":"cliopatria-f35a967735b9ad4d57fe3d94","properties":{"NAME":"Gothia","ABBREVN":null,"CONTROL":null,"SUBJECTO":"Gothia","PARTOF":null,"BORDERPRECISION":1,"FromYear":207,"ToYear":237,"Area":210831.41202807584,"Type":"POLITY","Wikipedia":"Gothia","Wikidata":"Q422253","SeshatID":"","Components":"","MemberOf":"","sourceFeatureId":"cliopatria-f35a967735b9ad4d57fe3d94","datasetId":"cliopatria"},"geometry":{"type":"MultiPolygon","coordinates":[[[[28.504,50.912],[30.416,50.712],[30.863,50.313],[30.88,49.847],[31.038,49.781],[30.927,49.582],[31.01,49.582],[30.964,49.25],[31.047,49.25],[31.002,48.919],[31.085,48.919],[30.957,48.588],[31.04,48.588],[31.005,48.324],[31.088,48.324],[30.979,48.126],[31.062,48.126],[31.01,47.73],[31.093,47.73],[31.042,47.335],[31.124,47.335],[30.951,47.269],[30.548,46.677],[30.54,46.612],[29.288,45.693],[29.089,45.366],[28.505,45.235],[28.282,45.431],[28.038,45.431],[28.044,45.497],[28.038,46.218],[28.12,46.218],[28.169,46.677],[28.019,46.809],[28.033,46.94],[27.801,47.072],[27.815,47.203],[27.356,47.532],[27.157,47.994],[26.929,48.192],[26.349,48.192],[26.197,48.324],[25.547,48.456],[25.476,48.588],[24.581,48.787],[24.124,49.25],[23.874,49.25],[23.969,49.383],[22.834,49.781],[23.648,50.446],[23.991,50.512],[24.011,50.712],[24.621,50.912],[25.48,51.046],[27.508,51.046],[27.913,50.912],[28.419,50.912],[28.504,50.912]]]]}},{"type":"Feature","id":"cliopatria-7b498ffea23935b849a7537d","properties":{"NAME":"Norse","ABBREVN":null,"CONTROL":null,"SUBJECTO":"Norse","PARTOF":null,"BORDERPRECISION":1,"FromYear":207,"ToYear":298,"Area":12004.017057098978,"Type":"POLITY","Wikipedia":"Norse","Wikidata":"Q909583","SeshatID":"","Components":"","MemberOf":"","sourceFeatureId":"cliopatria-7b498ffea23935b849a7537d","datasetId":"cliopatria"},"geometry":{"type":"MultiPolygon","coordinates":[[[[10.8,55.362],[10.711,55.021],[9.926,55.089],[9.751,55.362],[9.577,55.294],[9.225,55.567],[9.223,55.908],[9.134,55.977],[9.31,55.977],[9.661,56.251],[10.365,56.319],[10.277,55.977],[9.925,55.84],[9.926,55.703],[9.75,55.703],[9.751,55.567],[10.627,55.635],[10.626,55.498],[10.801,55.43],[10.8,55.362]]],[[[10.832,59.995],[10.833,60.065],[10.924,60.065],[10.923,59.995],[10.832,59.995]]],[[[10.561,60.417],[10.562,60.628],[10.746,60.628],[10.747,60.769],[10.93,60.769],[10.932,60.911],[11.299,60.911],[11.297,60.769],[11.662,60.628],[11.657,60.276],[11.475,60.346],[11.473,60.206],[11.29,60.206],[11.289,60.065],[11.106,59.995],[10.924,60.065],[10.925,60.206],[10.469,60.346],[10.47,60.417],[10.561,60.417]]]]}},{"type":"Feature","id":"cliopatria-df508f0be6d13ca798e31f41","properties":{"NAME":"Zapotec Civilization","ABBREVN":null,"CONTROL":null,"SUBJECTO":"Zapotec Civilization","PARTOF":null,"BORDERPRECISION":1,"FromYear":207,"ToYear":509,"Area":69767.7808673665,"Type":"POLITY","Wikipedia":"Zapotec civilization","Wikidata":"Q844750","SeshatID":"mx_monte_alban_3_a","Components":"","MemberOf":"","sourceFeatureId":"cliopatria-df508f0be6d13ca798e31f41","datasetId":"cliopatria"},"geometry":{"type":"MultiPolygon","coordinates":[[[[-95.589,17.322],[-95.073,17.322],[-94.599,17.129],[-94.38,16.679],[-94.635,16.422],[-94.541,16.293],[-94.846,16.358],[-94.954,16.1],[-96.211,15.65],[-96.726,15.65],[-97.049,15.843],[-97.722,15.908],[-98.046,16.1],[-98.043,16.55],[-97.77,16.679],[-97.896,17],[-98.033,16.936],[-98.023,17.322],[-98.225,17.643],[-98.247,17.772],[-98.059,17.965],[-97.542,17.965],[-96.908,17.708],[-96.613,17.708],[-96.285,17.515],[-95.99,17.515],[-95.663,17.322],[-95.589,17.322]]],[[[-94.767,17.258],[-94.841,17.258],[-94.851,17.322],[-94.778,17.322],[-94.767,17.258]]]]}},{"type":"Feature","id":"cliopatria-da0487364e6589de71eb40ae","properties":{"NAME":"Chámpa","ABBREVN":null,"CONTROL":null,"SUBJECTO":"Chámpa","PARTOF":null,"BORDERPRECISION":1,"FromYear":207,"ToYear":545,"Area":72816.28102003082,"Type":"POLITY","Wikipedia":"Champa","Wikidata":"Q216786","SeshatID":"","Components":"","MemberOf":"","sourceFeatureId":"cliopatria-da0487364e6589de71eb40ae","datasetId":"cliopatria"},"geometry":{"type":"MultiPolygon","coordinates":[[[[108.238,13.336],[108.165,13.336],[108.278,13.657],[108.049,14.172],[108.109,14.622],[107.988,14.815],[108.015,15.008],[107.877,15.072],[107.895,15.2],[107.665,15.136],[107.628,15.393],[107.224,15.65],[107.252,15.843],[107.502,16.036],[107.015,16.229],[106.971,16.422],[106.75,16.422],[106.524,16.872],[106.534,16.936],[106.953,17.258],[107.026,17.258],[107.291,17.065],[107.335,16.872],[107.482,16.872],[107.673,16.679],[107.717,16.486],[107.864,16.486],[107.845,16.358],[108.139,16.358],[108.331,16.165],[108.366,15.908],[108.696,15.65],[108.677,15.522],[109.016,15.329],[108.971,15.008],[109.155,14.75],[109.176,14.365],[109.354,14.043],[109.331,13.272],[109.512,12.95],[109.467,12.565],[109.32,12.565],[109.225,12.372],[109.214,11.6],[109.054,11.472],[108.622,11.536],[108.496,11.729],[108.136,11.793],[108.077,11.922],[108.098,12.115],[108.251,12.179],[108.354,13.079],[108.238,13.336]]]]}},{"type":"Feature","id":"cliopatria-51aa11c5efb9c849b46ddde6","properties":{"NAME":"Cao Cao","ABBREVN":null,"CONTROL":null,"SUBJECTO":"Cao Cao","PARTOF":null,"BORDERPRECISION":1,"FromYear":215,"ToYear":223,"Area":1377180.440899301,"Type":"POLITY","Wikipedia":"Cao Cao","Wikidata":"Q204077","SeshatID":"","Components":"","MemberOf":"","sourceFeatureId":"cliopatria-51aa11c5efb9c849b46ddde6","datasetId":"cliopatria"},"geometry":{"type":"MultiPolygon","coordinates":[[[[126.348,37.835],[126.27,37.835],[125.845,37.771],[125.835,37.9],[125.678,37.9],[125.387,37.642],[125.231,37.642],[125.298,37.771],[125.209,37.9],[124.897,37.9],[125.077,38.093],[124.764,38.093],[124.866,38.287],[124.788,38.287],[124.961,38.61],[125.153,38.674],[125.189,38.739],[125.032,38.739],[125.39,39.385],[125.306,39.514],[124.87,39.579],[124.865,39.708],[124.512,39.644],[124.345,39.902],[124.034,39.773],[123.597,39.838],[122.936,39.644],[122.17,39.256],[121.952,38.997],[121.716,38.997],[121.422,38.739],[121.029,38.739],[121.201,39.062],[121.515,39.062],[121.69,39.385],[121.297,39.385],[121.21,39.514],[121.281,39.644],[121.438,39.644],[121.503,39.902],[121.776,39.967],[122.231,40.485],[122.106,40.679],[121.827,40.744],[121.824,40.874],[121.11,40.874],[120.997,40.679],[120.647,40.485],[120.5,40.226],[119.38,39.773],[119.215,39.32],[118.989,39.191],[118.45,39.062],[118.057,39.062],[118.046,39.191],[117.776,39.126],[117.576,38.739],[117.655,38.739],[117.602,38.481],[117.759,38.481],[117.773,38.351],[118.054,38.287],[118.067,38.158],[118.583,38.093],[118.648,38.222],[118.804,38.222],[118.772,38.158],[119.457,37.964],[119.393,37.835],[119.237,37.835],[118.984,37.319],[119.14,37.319],[119.156,37.19],[119.701,37.19],[119.827,37.448],[120.202,37.577],[120.188,37.706],[120.754,37.9],[121.112,37.835],[121.171,37.642],[121.483,37.642],[121.497,37.513],[122.154,37.577],[122.121,37.513],[122.713,37.448],[122.474,37.126],[122.566,36.997],[122.394,36.804],[121.912,36.933],[121.212,36.61],[120.979,36.61],[120.965,36.417],[120.732,36.417],[120.659,36.095],[120.318,36.031],[119.986,35.645],[119.619,35.516],[119.228,34.808],[119.459,34.808],[119.431,34.744],[119.711,34.679],[119.732,34.551],[120.342,34.358],[120.489,34.165],[120.55,33.586],[120.926,33.2],[120.923,33.007],[120.897,32.943],[120.155,32.814],[119.467,32.814],[119.059,32.943],[117.961,32.879],[117.579,32.686],[117.402,32.429],[116.919,32.365],[116.616,32.172],[115.327,31.786],[114.555,31.336],[114.068,31.465],[113.855,31.722],[113.321,31.722],[111.69,31.85],[110.866,32.107],[110.614,32.043],[110.224,32.236],[110.194,32.365],[109.911,32.429],[109.881,32.557],[109.499,32.557],[109.469,32.686],[109.316,32.686],[109.157,32.879],[108.238,32.879],[108.102,33.136],[107.878,32.943],[107.649,32.943],[107.665,33.2],[107.589,33.2],[107.831,33.65],[107.754,33.65],[107.847,34.1],[106.385,34.1],[105.558,34.358],[103.64,34.165],[103.479,34.358],[103.503,34.422],[103.735,35.451],[103.63,35.58],[103.677,35.902],[103.6,35.902],[103.676,36.095],[103.467,36.353],[103.518,36.482],[103.389,36.546],[103.44,36.675],[103.311,36.739],[103.363,36.868],[103.208,37.062],[102.871,37.19],[102.611,37.126],[102.586,37.255],[102.171,37.384],[102.172,37.577],[102.043,37.642],[102.096,37.771],[101.755,37.513],[101.601,37.706],[101.315,37.771],[101.29,37.9],[100.796,38.029],[100.799,38.222],[100.642,38.222],[100.414,38.61],[100.199,38.287],[99.862,38.416],[99.379,39.126],[99.092,39.191],[99.12,39.256],[98.958,39.062],[98.384,39.191],[98.117,38.933],[97.96,38.933],[97.857,39.062],[97.492,39.126],[97.468,39.256],[96.763,39.45],[96.681,39.256],[96.76,39.256],[96.678,39.062],[96.757,39.062],[96.677,38.868],[96.755,38.868],[96.649,38.61],[96.414,38.61],[96.31,38.739],[95.682,38.933],[95.319,39.385],[94.977,39.32],[94.506,39.514],[93.955,39.514],[93.351,39.385],[93.272,39.385],[93.273,39.773],[93.09,39.902],[93.199,40.161],[93.278,40.161],[93.365,40.55],[93.574,40.485],[93.845,40.744],[95.23,41.003],[97.214,41.003],[97.184,40.938],[97.888,40.744],[98.037,40.55],[98.274,40.55],[98.503,40.355],[98.948,40.291],[98.918,40.226],[99.284,40.161],[99.384,40.032],[100.173,40.032],[100.144,39.967],[100.381,39.967],[100.737,39.708],[101.181,39.644],[101.165,39.256],[101.559,39.256],[101.63,39.062],[102.123,38.933],[102.095,38.868],[103.132,39.256],[103.812,39.708],[104.583,39.838],[104.668,39.514],[103.939,39.126],[103.608,38.739],[104.108,38.803],[103.836,38.545],[103.751,38.351],[103.88,38.287],[103.663,37.964],[103.764,37.835],[104.362,37.771],[104.463,37.642],[105.774,37.964],[107.359,37.835],[108.539,38.029],[108.51,37.964],[108.745,37.964],[108.843,37.835],[110.123,37.9],[110.094,37.835],[110.484,37.835],[110.455,37.771],[111.743,37.513],[113.004,39.644],[113.623,40.226],[113.76,40.485],[114.958,40.938],[115.992,41.782],[117.338,42.171],[117.737,42.171],[117.701,41.976],[117.823,41.911],[117.708,41.717],[117.791,41.587],[118.072,41.522],[118.034,41.457],[118.47,41.522],[118.432,41.457],[118.671,41.457],[118.633,41.392],[118.83,41.457],[118.792,41.392],[119.428,41.392],[119.39,41.327],[121.021,41.263],[123.167,41.911],[123.127,41.847],[123.405,41.782],[123.365,41.717],[123.604,41.717],[123.564,41.652],[124.042,41.522],[124.002,41.457],[124.28,41.392],[124.24,41.327],[124.479,41.327],[124.439,41.263],[124.717,41.198],[124.678,41.133],[125.831,41.327],[125.79,41.263],[126.108,41.263],[126.187,41.133],[126.742,41.003],[126.623,40.679],[126.425,40.614],[126.269,40.355],[126.432,40.096],[126.709,40.032],[126.832,39.838],[126.728,39.385],[126.964,39.385],[126.854,39.191],[127.023,38.933],[126.937,38.351],[126.348,37.835]]]]}},{"type":"Feature","id":"cliopatria-2f91c47e6bd950ee2e736368","properties":{"NAME":"Han Dynasty","ABBREVN":null,"CONTROL":null,"SUBJECTO":"Han Dynasty","PARTOF":null,"BORDERPRECISION":1,"FromYear":215,"ToYear":223,"Area":1669367.5594464324,"Type":"POLITY","Wikipedia":"Han dynasty","Wikidata":"Q1068371","SeshatID":"cn_eastern_han_dyn","Components":"","MemberOf":"","sourceFeatureId":"cliopatria-2f91c47e6bd950ee2e736368","datasetId":"cliopatria"},"geometry":{"type":"MultiPolygon","coordinates":[[[[109.862,18.35],[109.841,18.222],[109.25,18.222],[109.123,18.35],[108.765,18.415],[108.638,18.543],[108.704,19.379],[109.203,19.701],[109.246,19.958],[110.157,20.086],[110.591,20.022],[110.613,20.151],[110.909,20.151],[111.087,19.893],[111.032,19.572],[110.884,19.572],[110.851,19.379],[110.681,19.251],[110.508,18.672],[110.19,18.543],[110.179,18.479],[109.862,18.35]]],[[[114.531,22.143],[113.999,22.079],[113.996,22.465],[113.785,22.529],[113.747,22.722],[113.599,22.722],[113.699,22.465],[113.639,22.143],[113.416,22.143],[113.318,22.015],[113.106,22.079],[113.071,21.886],[112.774,21.886],[112.441,21.693],[111.859,21.758],[111.664,21.501],[110.984,21.436],[110.739,21.308],[110.716,21.179],[110.419,21.179],[110.483,21.115],[110.364,20.858],[110.616,20.601],[110.487,20.279],[109.883,20.215],[109.927,20.472],[109.789,20.536],[109.77,20.858],[109.696,20.858],[109.87,21.436],[109.807,21.501],[109.116,21.372],[109.086,21.629],[108.652,21.693],[108.555,21.565],[107.79,21.436],[107.417,20.986],[106.961,20.922],[106.834,20.601],[106.685,20.601],[106.537,20.151],[105.965,19.829],[105.734,18.865],[106.051,18.543],[106.031,18.415],[106.178,18.415],[106.295,18.222],[106.57,18.093],[106.571,17.643],[106.772,17.515],[106.752,17.386],[106.963,17.322],[106.953,17.258],[106.534,16.936],[106.544,17],[106.396,17],[106.416,17.129],[105.144,18.415],[105.185,18.672],[105.037,18.672],[105.142,18.865],[105.015,18.993],[105.014,19.443],[104.94,19.443],[104.992,19.765],[104.865,19.893],[104.981,20.151],[104.44,20.472],[104.619,20.665],[104.905,20.601],[104.873,20.858],[105.096,20.858],[104.851,21.179],[104.979,21.501],[104.926,21.629],[105.096,21.758],[105.128,21.951],[104.874,22.208],[105.238,22.593],[105.208,22.851],[105.506,22.851],[105.678,22.979],[105.69,23.043],[105.615,23.043],[105.363,23.301],[104.956,23.108],[104.905,23.236],[102.99,23.365],[102.801,23.558],[102.651,23.558],[102.474,23.815],[102.325,23.815],[102.086,24.136],[101.811,24.265],[101.462,25.165],[101.398,25.936],[101.196,26.387],[101.09,27.544],[101.014,27.544],[101.05,27.994],[100.915,28.058],[101.039,28.251],[100.964,28.251],[101.03,28.508],[100.955,28.508],[101.022,28.765],[100.881,29.087],[100.951,29.344],[100.875,29.344],[100.964,29.665],[100.889,29.665],[100.961,29.922],[100.885,29.922],[100.978,30.244],[100.902,30.244],[101.015,30.629],[100.939,30.629],[101.055,31.015],[100.979,31.015],[101.687,32.75],[102.552,33.264],[103.21,33.393],[103.493,33.972],[103.355,34.229],[103.402,34.358],[103.479,34.358],[103.64,34.165],[105.558,34.358],[106.385,34.1],[107.847,34.1],[107.754,33.65],[107.831,33.65],[107.589,33.2],[107.665,33.2],[107.649,32.943],[107.878,32.943],[108.102,33.136],[108.238,32.879],[109.157,32.879],[109.316,32.686],[109.469,32.686],[109.499,32.557],[109.881,32.557],[109.911,32.429],[110.194,32.365],[110.224,32.236],[110.614,32.043],[110.866,32.107],[111.69,31.85],[113.321,31.722],[113.306,31.465],[113.435,31.4],[113.39,31.272],[113.497,31.143],[114.213,31.015],[114.504,30.758],[114.492,30.501],[114.622,30.436],[114.612,30.179],[114.742,30.115],[114.561,29.794],[114.822,29.665],[114.76,29.472],[114.926,29.279],[114.218,28.701],[113.954,28.058],[114.218,27.93],[113.981,27.351],[114.172,27.222],[113.96,26.708],[114.344,26.451],[114.263,26.129],[114.472,26.065],[114.303,25.679],[114.377,25.679],[114.361,25.294],[115.094,25.229],[115.035,24.972],[114.589,24.651],[114.547,24.458],[114.506,24.265],[114.723,23.879],[114.705,23.429],[114.816,23.236],[114.802,22.786],[114.715,22.722],[114.641,22.722],[114.628,22.658],[114.616,22.593],[114.531,22.143]]]]}},{"type":"Feature","id":"cliopatria-0e697ce6e42f4165fefb7755","properties":{"NAME":"Kushan Empire","ABBREVN":null,"CONTROL":null,"SUBJECTO":"Kushan Empire","PARTOF":null,"BORDERPRECISION":1,"FromYear":215,"ToYear":223,"Area":1941527.7582829455,"Type":"POLITY","Wikipedia":"Kushan Empire","Wikidata":"Q25979","SeshatID":"af_kushan_emp","Components":"","MemberOf":"","sourceFeatureId":"cliopatria-0e697ce6e42f4165fefb7755","datasetId":"cliopatria"},"geometry":{"type":"MultiPolygon","coordinates":[[[[71.978,41.263],[72.137,41.263],[72.232,41.068],[72.47,41.068],[73.019,40.809],[73.099,40.809],[73.135,40.679],[73.294,40.679],[73.331,40.55],[73.489,40.55],[73.526,40.42],[73.8,40.291],[73.573,39.579],[73.395,39.514],[73.69,39.45],[73.67,39.385],[73.63,39.256],[73.748,39.126],[73.494,38.545],[72.759,37.9],[72.423,37.255],[72.37,37.062],[72.448,37.062],[72.232,36.546],[72.31,36.546],[72.302,36.224],[72.501,36.095],[72.468,35.966],[72.64,36.031],[72.606,35.902],[72.822,35.838],[72.711,35.709],[73.441,34.937],[73.811,34.872],[73.701,34.744],[73.993,34.679],[74.297,34.358],[74.451,34.358],[74.634,34.165],[74.602,34.036],[74.8,33.907],[74.768,33.779],[75.028,33.586],[74.996,33.457],[75.134,33.393],[75.103,33.264],[75.241,33.2],[75.271,33.007],[75.424,33.007],[75.469,32.879],[75.882,32.686],[76.127,32.75],[76.081,32.557],[76.601,32.172],[78.448,31.593],[78.844,31.658],[78.814,31.529],[79.18,31.465],[79.607,31.015],[79.624,30.758],[79.869,30.501],[79.845,30.051],[79.954,29.858],[79.885,29.537],[79.961,29.537],[79.867,29.087],[80.166,28.701],[80.681,28.637],[80.957,28.508],[81.195,28.187],[81.885,27.865],[82.538,27.737],[83.078,27.415],[84.357,27.415],[84.36,26.644],[84.511,26.644],[84.44,26.258],[84.515,26.258],[84.457,25.486],[84.339,25.229],[83.754,24.844],[83.071,24.779],[82.359,24.522],[81.603,23.943],[81.316,23.493],[81.307,23.429],[80.585,24.136],[79.809,24.458],[78.931,24.586],[78.68,24.393],[78.372,24.329],[78.3,26.772],[75.972,26.772],[73.179,26.194],[71.905,25.679],[71.235,25.165],[71.086,25.165],[70.57,24.651],[70.605,24.329],[70.448,24.265],[70.424,24.072],[70.065,23.558],[69.5,23.172],[69.039,23.043],[69.025,22.915],[68.95,22.915],[68.606,23.172],[68.552,23.365],[68.336,23.429],[68.35,23.558],[68.127,23.558],[68.155,23.815],[67.633,23.815],[67.491,23.879],[67.438,24.072],[67.289,24.072],[67.326,24.393],[67.148,24.779],[66.632,24.844],[66.64,24.908],[67.112,25.101],[67.502,25.808],[67.197,26.322],[67.175,27.222],[67.062,27.479],[67.121,27.865],[67.046,27.865],[67.041,28.315],[66.965,28.315],[67.007,28.572],[66.931,28.572],[67.135,29.344],[66.995,29.408],[66.888,29.665],[66.434,29.665],[66.077,29.794],[66.316,29.858],[66.418,30.436],[66.343,30.436],[66.525,31.015],[66.449,31.015],[66.483,31.593],[66.102,31.593],[65.694,31.85],[65.02,31.915],[64.383,32.172],[63.555,32.236],[63.426,32.365],[63.873,33.843],[64.324,34.165],[64.574,34.615],[65.092,34.872],[64.854,35.194],[64.829,35.773],[64.751,35.773],[65.155,38.739],[65.077,38.739],[65.144,38.997],[65.065,38.997],[65.282,39.514],[65.203,39.514],[65.291,39.838],[65.564,39.967],[65.883,40.809],[65.962,40.809],[66.653,41.263],[66.891,41.263],[67.547,41.587],[68.025,41.587],[68.223,41.457],[68.978,41.327],[69.58,41.717],[70.016,41.587],[71.63,41.652],[71.841,41.327],[72,41.327],[71.978,41.263]]],[[[72.501,36.095],[72.518,36.16],[72.596,36.16],[72.579,36.095],[72.501,36.095]]]]}},{"type":"Feature","id":"cliopatria-1046d7845339600ddc6deaed","properties":{"NAME":"Parthian Empire","ABBREVN":null,"CONTROL":null,"SUBJECTO":"Parthian Empire","PARTOF":null,"BORDERPRECISION":1,"FromYear":215,"ToYear":223,"Area":2635627.6348100468,"Type":"POLITY","Wikipedia":"Parthian Empire","Wikidata":"Q1986139","SeshatID":"iq_parthian_emp_2","Components":"","MemberOf":"","sourceFeatureId":"cliopatria-1046d7845339600ddc6deaed","datasetId":"cliopatria"},"geometry":{"type":"MultiPolygon","coordinates":[[[[51.138,25.486],[51.212,25.486],[51.207,25.422],[51.132,25.422],[51.138,25.486]]],[[[50.43,25.936],[50.46,26.258],[50.685,26.258],[50.673,26.129],[50.667,26.065],[50.649,25.872],[50.43,25.936]]],[[[57.351,40.291],[58.332,40.42],[58.537,40.291],[58.854,40.291],[58.98,40.161],[59.77,40.161],[59.768,39.838],[60.084,39.838],[60.052,39.708],[60.683,39.708],[60.713,39.514],[60.949,39.514],[62.502,40.032],[62.879,39.967],[64.02,40.096],[64.389,40.291],[65.235,40.485],[65.272,40.614],[65.351,40.614],[65.37,40.679],[65.449,40.679],[65.43,40.614],[65.589,40.614],[65.804,40.809],[65.883,40.809],[65.564,39.967],[65.291,39.838],[65.203,39.514],[65.282,39.514],[65.065,38.997],[65.144,38.997],[65.077,38.739],[65.155,38.739],[64.751,35.773],[64.829,35.773],[64.854,35.194],[65.092,34.872],[64.574,34.615],[64.324,34.165],[63.873,33.843],[63.426,32.365],[63.185,32.3],[63.161,32.172],[62.82,31.979],[62.421,31.465],[61.942,31.336],[61.875,30.951],[61.387,30.308],[60.956,29.987],[61.001,29.794],[62.304,29.408],[64.12,29.408],[64.53,29.601],[65.125,29.537],[66.077,29.794],[66.434,29.665],[66.888,29.665],[66.995,29.408],[67.135,29.344],[66.931,28.572],[67.007,28.572],[66.965,28.315],[67.041,28.315],[67.046,27.865],[67.121,27.865],[67.062,27.479],[67.175,27.222],[67.197,26.322],[67.502,25.808],[67.112,25.101],[66.64,24.908],[66.648,24.972],[66.62,25.358],[66.345,25.551],[66.021,25.358],[64.816,25.294],[64.801,25.165],[64.285,25.229],[64.225,25.358],[63.626,25.358],[63.536,25.229],[62.563,25.229],[62.474,25.101],[62.182,25.165],[62.018,25.036],[61.719,25.036],[61.658,25.165],[61.127,25.101],[60.917,25.229],[60.618,25.229],[60.632,25.358],[59.06,25.358],[58.782,25.551],[57.958,25.551],[57.74,25.615],[57.679,25.744],[57.38,25.744],[57.176,25.936],[57.052,26.837],[56.715,27.158],[56.188,27.158],[56.098,27.029],[56.324,27.029],[56.309,26.901],[56.061,26.708],[55.603,26.644],[55.439,26.515],[55.289,26.515],[55.31,26.708],[55.543,26.772],[55.242,26.772],[54.832,26.451],[54.463,26.515],[54.259,26.708],[53.658,26.708],[53.461,26.965],[52.737,27.222],[52.479,27.608],[52.049,27.801],[51.597,27.801],[51.317,27.994],[51.331,28.122],[51.066,28.444],[51.028,28.765],[50.809,28.83],[50.915,29.087],[50.62,29.151],[50.651,29.408],[50.236,29.729],[50.065,30.179],[49.586,29.987],[48.943,30.308],[48.987,30.051],[48.365,29.922],[48.404,29.601],[47.866,29.537],[47.852,29.408],[48.079,29.408],[48.215,29.279],[48.194,29.087],[48.46,28.765],[48.563,28.315],[48.974,27.93],[48.872,27.672],[49.242,27.608],[49.36,27.287],[50.135,26.772],[50.116,26.579],[50.254,26.451],[50.223,26.129],[50.067,26.065],[50.211,26.001],[50.325,25.615],[50.608,25.422],[50.654,25.101],[50.729,25.101],[50.769,25.551],[50.925,25.615],[50.955,25.936],[51.123,26.129],[51.423,26.129],[51.698,25.872],[51.575,25.358],[51.719,25.294],[51.69,24.972],[51.524,24.779],[51.411,24.329],[51.854,24.265],[51.907,24.008],[52.28,24.008],[52.6,24.265],[53.112,24.136],[54.083,24.136],[54.099,24.329],[54.318,24.265],[54.559,24.458],[54.744,24.844],[55.143,25.101],[55.412,25.551],[55.97,25.872],[56.168,26.322],[56.475,26.387],[56.543,26.322],[56.385,25.551],[56.46,25.551],[56.421,25.165],[56.496,25.165],[56.402,24.972],[56.545,24.908],[56.788,24.329],[57.493,23.879],[58.812,23.622],[59.08,23.301],[59.068,23.172],[59.28,23.043],[59.268,22.915],[58.896,22.915],[58.908,23.043],[58.61,23.043],[58.335,23.301],[57.962,23.301],[57.974,23.429],[57.83,23.493],[56.809,23.751],[56.821,23.879],[56.54,24.072],[56.489,24.329],[56.271,24.393],[56.29,24.586],[56.09,24.844],[55.859,24.779],[55.841,24.586],[55.623,24.651],[54.812,23.943],[54.273,23.751],[51.881,23.686],[51.822,23.879],[51.166,24.072],[51.102,24.201],[51.203,24.522],[51.133,24.586],[51.294,24.715],[51.327,25.101],[51.402,25.101],[51.27,25.294],[51.35,25.358],[51.323,25.872],[51.173,25.872],[51.23,25.679],[50.982,25.422],[50.965,25.229],[51.12,25.294],[50.92,24.715],[50.616,24.651],[50.344,24.972],[50.032,25.679],[49.674,25.872],[49.878,26.451],[49.252,26.965],[49.265,27.094],[49.059,27.287],[48.552,27.479],[48.467,28.122],[48.247,28.187],[48.206,28.508],[48.055,28.508],[48.144,28.637],[48,28.701],[48.014,28.83],[47.809,29.022],[47.651,28.958],[47.672,29.151],[47.535,29.279],[47.654,29.665],[47.29,29.794],[46.979,29.729],[46.994,29.858],[46.85,29.922],[46.615,29.858],[46.591,30.308],[45.77,30.436],[44.955,31.272],[44.581,31.336],[44.459,31.593],[43.153,32.814],[42.709,32.943],[42.578,33.136],[41.489,33.65],[41.212,33.907],[40.912,33.972],[40.85,34.1],[40.311,34.1],[40.403,34.229],[40.18,34.293],[40.103,34.293],[40.618,34.744],[40.772,34.744],[41.112,35.001],[41.086,36.031],[41.671,36.353],[42.629,36.546],[42.623,37.062],[42.765,37.513],[42.774,37.577],[42.852,37.577],[42.861,37.642],[42.871,37.706],[42.88,37.771],[43.886,37.706],[43.945,37.577],[44.637,37.513],[44.774,37.384],[44.803,37.062],[45.251,36.933],[45.446,37.19],[45.29,37.19],[45.252,37.448],[45.174,37.448],[45.224,37.771],[45.635,37.9],[45.854,38.287],[46.121,38.481],[47.252,38.674],[48.326,38.093],[48.795,38.093],[48.874,38.093],[48.829,37.835],[49.085,37.513],[49.854,37.448],[50.321,36.997],[50.566,37.062],[50.632,36.997],[50.532,36.868],[51.265,36.61],[52.186,36.546],[53.088,36.804],[54.033,36.868],[54.095,37.19],[53.91,37.448],[53.908,37.835],[53.83,37.835],[53.987,38.997],[53.518,39.385],[53.138,39.45],[53.545,39.514],[53.498,40.032],[52.723,40.096],[52.714,40.42],[52.793,40.42],[52.893,40.874],[52.972,40.874],[52.943,40.744],[53.34,40.744],[53.448,40.874],[53.404,40.679],[54.544,40.809],[56.655,40.355],[56.987,40.42],[56.956,40.291],[57.035,40.291],[57.114,40.291],[57.241,40.161],[57.351,40.291]],[[53.635,30.758],[53.577,30.886],[53.139,31.015],[52.302,31.015],[51.98,30.886],[51.607,30.372],[51.508,29.601],[51.583,29.601],[51.559,29.408],[52.049,29.087],[52.281,28.508],[52.417,28.38],[52.794,28.38],[53.528,28.83],[53.645,29.151],[53.812,29.279],[53.982,29.987],[53.991,30.051],[53.787,30.758],[53.635,30.758]]]]}},{"type":"Feature","id":"cliopatria-b43442d3b826a5a68b58dddf","properties":{"NAME":"Sasanian Empire","ABBREVN":null,"CONTROL":null,"SUBJECTO":"Sasanian Empire","PARTOF":null,"BORDERPRECISION":1,"FromYear":215,"ToYear":223,"Area":52228.9198511565,"Type":"POLITY","Wikipedia":"Sasanian Empire","Wikidata":"Q1661685","SeshatID":"ir_sassanid_emp_1","Components":"","MemberOf":"","sourceFeatureId":"cliopatria-b43442d3b826a5a68b58dddf","datasetId":"cliopatria"},"geometry":{"type":"MultiPolygon","coordinates":[[[[53.982,29.987],[53.812,29.279],[53.645,29.151],[53.528,28.83],[52.794,28.38],[52.417,28.38],[52.281,28.508],[52.049,29.087],[51.559,29.408],[51.583,29.601],[51.508,29.601],[51.607,30.372],[51.98,30.886],[52.302,31.015],[53.139,31.015],[53.577,30.886],[53.635,30.758],[53.787,30.758],[53.991,30.051],[53.982,29.987]]]]}},{"type":"Feature","id":"cliopatria-fd1b565c4f0c7804e6dd3f3f","properties":{"NAME":"Satavahana Dynasty","ABBREVN":null,"CONTROL":null,"SUBJECTO":"Satavahana Dynasty","PARTOF":null,"BORDERPRECISION":1,"FromYear":215,"ToYear":223,"Area":747932.6437835274,"Type":"POLITY","Wikipedia":"Satavahana dynasty","Wikidata":"Q5257","SeshatID":"","Components":"","MemberOf":"","sourceFeatureId":"cliopatria-fd1b565c4f0c7804e6dd3f3f","datasetId":"cliopatria"},"geometry":{"type":"MultiPolygon","coordinates":[[[[81.299,23.365],[81.514,23.301],[81.637,23.108],[81.86,23.108],[82.058,22.915],[82.347,22.851],[82.471,22.658],[82.619,22.658],[83.345,21.951],[83.519,21.565],[83.37,21.565],[83.156,21.051],[82.663,20.665],[82.459,20.215],[82.311,20.215],[82.205,19.958],[82.049,19.893],[82.001,19.508],[82.075,19.508],[82.028,19.122],[82.102,19.122],[81.906,18.736],[81.759,18.736],[81.222,17.965],[80.357,17.515],[79.531,16.743],[79.313,16.1],[79.058,15.779],[78.709,14.493],[78.268,14.493],[77.503,14.172],[77.21,14.172],[76.893,13.915],[76.441,13.786],[76.115,13.4],[75.973,13.465],[75.304,15.008],[74.967,15.329],[74.311,15.393],[74.103,15.522],[73.802,15.458],[73.747,15.65],[73.539,15.779],[73.254,16.615],[73.3,17.065],[72.959,18.029],[72.875,19.315],[72.734,19.379],[72.701,19.765],[72.708,19.829],[72.87,19.958],[73.47,20.022],[74.246,20.343],[74.348,20.601],[74.497,20.601],[74.755,20.922],[75.756,21.243],[76.647,21.886],[76.916,22.272],[77.73,22.851],[78.185,23.493],[78.372,24.329],[78.68,24.393],[78.931,24.586],[79.809,24.458],[80.585,24.136],[81.307,23.429],[81.299,23.365]]]]}},{"type":"Feature","id":"cliopatria-e3d4ace8ed12d09b8ebed20e","properties":{"NAME":"Western Satraps","ABBREVN":null,"CONTROL":null,"SUBJECTO":"Western Satraps","PARTOF":null,"BORDERPRECISION":1,"FromYear":215,"ToYear":223,"Area":466869.4849509486,"Type":"POLITY","Wikipedia":"Western Satraps","Wikidata":"Q2086608","SeshatID":"pk_western_satraps","Components":"","MemberOf":"","sourceFeatureId":"cliopatria-e3d4ace8ed12d09b8ebed20e","datasetId":"cliopatria"},"geometry":{"type":"MultiPolygon","coordinates":[[[[78.3,26.772],[78.372,24.329],[78.185,23.493],[77.73,22.851],[76.916,22.272],[76.647,21.886],[75.756,21.243],[74.755,20.922],[74.497,20.601],[74.348,20.601],[74.246,20.343],[73.47,20.022],[72.87,19.958],[72.708,19.829],[72.634,19.829],[72.837,20.343],[72.899,20.922],[72.563,21.243],[72.76,21.693],[72.544,21.758],[72.527,22.272],[72.378,22.272],[72.342,21.951],[72.112,21.886],[72.173,21.758],[72.321,21.758],[72.185,21.179],[71.408,20.858],[71.321,20.729],[70.721,20.665],[70.295,20.858],[69.89,21.243],[69.903,21.372],[69.497,21.758],[69.349,21.758],[68.949,22.208],[68.977,22.465],[69.409,22.336],[69.497,22.465],[69.869,22.465],[70.263,22.658],[70.365,22.915],[69.451,22.722],[69.099,22.915],[69.025,22.915],[69.039,23.043],[69.5,23.172],[70.065,23.558],[70.424,24.072],[70.448,24.265],[70.605,24.329],[70.57,24.651],[71.086,25.165],[71.235,25.165],[71.905,25.679],[73.179,26.194],[75.972,26.772],[78.3,26.772]]]]}},{"type":"Feature","id":"cliopatria-9155090de0b1c5bb3bb571dc","properties":{"NAME":"Roman Empire","ABBREVN":null,"CONTROL":null,"SUBJECTO":"Roman Empire","PARTOF":null,"BORDERPRECISION":1,"FromYear":215,"ToYear":237,"Area":4577378.554040167,"Type":"POLITY","Wikipedia":"Roman Empire","Wikidata":"Q12544","SeshatID":"it_roman_principate","Components":"","MemberOf":"","sourceFeatureId":"cliopatria-9155090de0b1c5bb3bb571dc","datasetId":"cliopatria"},"geometry":{"type":"MultiPolygon","coordinates":[[[[2.61,34.422],[2.533,34.422],[2.531,34.486],[2.608,34.486],[2.61,34.422]]],[[[14.34,36.031],[14.417,36.031],[14.571,35.966],[14.568,35.773],[14.337,35.838],[14.34,36.031]]],[[[7.24,50.712],[7.41,50.645],[7.413,50.512],[7.664,50.579],[7.755,50.246],[7.923,50.246],[8.169,50.579],[8.758,50.579],[8.68,50.113],[8.851,49.914],[9.187,49.781],[9.192,49.316],[9.529,48.853],[12.111,49.184],[12.609,48.985],[12.773,48.787],[13.519,48.654],[14.258,48.258],[14.672,48.258],[14.841,48.39],[15.499,48.192],[16.663,48.324],[16.904,48.126],[17.072,48.192],[17.067,48.06],[17.635,47.796],[18.626,47.796],[18.798,47.928],[18.957,47.796],[18.95,47.664],[19.269,47.466],[19.173,47.203],[18.923,47.137],[18.998,47.006],[18.834,47.006],[18.824,46.809],[18.906,46.809],[18.896,46.612],[19.05,46.415],[18.952,46.087],[18.87,46.087],[18.949,46.021],[18.854,45.759],[19.011,45.628],[18.926,45.562],[18.998,45.366],[19.971,45.3],[20.059,45.431],[19.907,45.628],[20.17,45.955],[20.185,46.218],[21.24,46.087],[21.331,46.218],[21.494,46.218],[21.486,46.087],[21.649,46.087],[22.008,46.546],[22.026,46.809],[22.291,47.072],[22.218,47.203],[22.3,47.203],[22.315,47.401],[22.485,47.466],[22.582,47.664],[23.17,47.796],[23.82,47.664],[25.553,47.664],[25.624,47.532],[25.865,47.466],[25.916,47.137],[26.706,46.809],[26.516,46.546],[26.541,45.955],[26.459,45.955],[26.44,45.759],[26.283,45.824],[26.19,45.693],[26.234,45.3],[26.078,45.366],[25.954,44.908],[25.78,44.777],[25.844,44.581],[25.688,44.647],[25.676,44.516],[25.838,44.516],[25.889,44.19],[26.362,44.059],[26.698,44.19],[27.748,44.19],[27.93,44.385],[27.849,44.385],[27.869,44.581],[27.707,44.581],[27.727,44.777],[27.889,44.777],[27.922,45.104],[27.767,45.17],[27.787,45.366],[27.956,45.431],[28.038,45.431],[28.282,45.431],[28.505,45.235],[29.089,45.366],[29.288,45.693],[30.54,46.612],[30.622,46.612],[30.811,46.809],[31.065,46.874],[31.082,47.006],[31.567,46.94],[31.533,46.677],[30.877,46.677],[30.298,45.955],[30.045,45.89],[29.859,45.693],[29.614,45.693],[29.584,45.431],[29.666,45.431],[29.525,44.908],[29.024,44.777],[29.046,44.973],[28.802,44.973],[28.841,44.581],[28.577,44.385],[28.536,43.994],[28.616,43.994],[28.481,43.472],[28.159,43.472],[28.226,43.342],[27.898,43.277],[27.805,43.147],[27.847,42.756],[27.514,42.626],[27.495,42.431],[27.796,42.236],[27.784,42.106],[28.004,41.911],[27.979,41.652],[28.218,41.652],[28.279,41.457],[28.505,41.327],[28.976,41.263],[28.963,41.133],[30.479,41.198],[30.624,41.068],[31.18,41.068],[31.534,41.392],[32.027,41.522],[32.042,41.652],[32.193,41.587],[32.695,41.782],[32.631,41.911],[34.785,41.911],[34.882,42.041],[35.121,42.041],[35.157,41.717],[35.954,41.717],[36.209,41.263],[36.775,41.327],[37.065,41.133],[37.233,41.198],[37.215,41.068],[37.771,41.068],[37.831,40.938],[38.158,41.003],[38.298,40.874],[38.783,40.938],[39.051,41.133],[39.736,40.938],[40.37,40.938],[40.391,41.068],[40.539,41.003],[41.047,41.198],[41.159,41.392],[41.307,41.327],[41.408,41.457],[41.567,41.457],[41.815,41.976],[41.735,41.976],[41.758,42.106],[41.598,42.106],[41.701,42.236],[41.483,42.366],[41.609,42.626],[41.334,42.886],[41.173,42.886],[41.116,43.017],[40.817,43.147],[40.416,43.147],[40.219,43.407],[39.978,43.407],[40.081,43.538],[40.161,43.538],[40.599,43.277],[41.001,43.277],[41.208,43.082],[41.666,42.951],[41.803,42.821],[41.78,42.691],[41.998,42.561],[42.01,41.717],[41.705,41.327],[41.625,41.327],[41.614,41.263],[41.535,41.263],[41.45,40.744],[40.953,40.614],[40.398,40.096],[38.79,39.902],[38.93,39.773],[38.745,39.579],[38.954,39.385],[39.209,39.514],[39.751,39.45],[39.848,39.579],[40.548,39.514],[40.51,39.256],[40.658,39.191],[40.469,38.416],[40.547,38.416],[40.572,38.029],[40.094,37.964],[40.112,37.513],[41.178,37.319],[41.273,36.868],[41.42,36.804],[41.403,36.675],[41.55,36.61],[41.533,36.482],[41.671,36.353],[41.086,36.031],[41.112,35.001],[40.772,34.744],[40.618,34.744],[40.103,34.293],[40.026,34.293],[39.509,34.486],[39.124,34.486],[37.99,33.972],[37.739,33.779],[37.726,33.65],[37.573,33.65],[37.073,33.264],[37.054,33.072],[36.901,33.072],[36.717,32.75],[36.751,32.3],[36.516,32.236],[36.662,32.172],[36.387,31.658],[36.423,31.208],[36.271,31.208],[36.401,30.951],[36.156,30.758],[35.846,29.729],[35.77,29.729],[35.806,29.215],[35.655,29.215],[35.641,29.022],[35.48,28.894],[35.196,28.058],[34.593,28.058],[34.605,28.251],[34.854,28.572],[34.913,29.408],[34.752,29.279],[34.517,28.058],[34.358,27.93],[34.346,27.737],[34.12,27.737],[33.617,28.122],[33.554,28.315],[33.403,28.315],[33.189,28.508],[33.147,29.022],[32.857,29.215],[32.589,29.729],[32.602,29.922],[32.442,29.794],[32.689,28.958],[32.836,28.894],[33.105,28.38],[33.609,27.994],[33.585,27.608],[33.799,27.415],[33.927,27.029],[34.073,26.965],[34.051,26.579],[34.197,26.515],[34.461,25.872],[34.608,25.808],[35.146,24.651],[35.86,24.008],[35.854,23.879],[35.559,23.943],[35.553,23.815],[35.108,23.879],[33.756,23.686],[33.682,23.686],[33.389,23.815],[32.041,23.686],[31.67,23.751],[30.537,23.365],[30.463,23.365],[30.395,23.558],[30.104,23.751],[30.109,23.879],[29.959,23.879],[29.673,24.201],[28.569,24.651],[28.289,25.165],[28.244,25.936],[28.345,26.579],[28.27,26.579],[28.154,27.351],[27.937,27.544],[27.711,27.544],[27.792,27.672],[27.43,27.994],[27.276,27.93],[27.285,28.122],[27.14,28.251],[25.586,28.958],[25.373,29.279],[25.147,29.279],[25.001,29.408],[24.847,29.344],[24.779,29.537],[24.33,29.665],[23.962,29.922],[23.51,29.987],[22.916,30.308],[22.762,30.244],[22.767,30.372],[21.939,30.565],[20.952,30.565],[18.735,29.987],[17.905,30.179],[16.701,30.694],[15.49,30.951],[15.184,30.886],[15.187,31.079],[14.584,31.529],[14.586,31.658],[14.284,31.915],[13.6,32.172],[13.066,32.172],[13.067,32.3],[11.768,32.3],[11.768,32.429],[11.539,32.429],[11.463,32.557],[11.31,32.493],[11.157,32.686],[10.392,33.007],[10.009,33.007],[10.085,33.136],[9.625,33.136],[9.547,33.329],[9.624,33.457],[9.316,33.586],[9.238,33.843],[9.083,33.907],[9.083,34.036],[8.929,34.036],[8.928,34.165],[8.311,34.293],[8.081,34.229],[8.002,34.422],[7.615,34.551],[7.153,34.486],[6.92,34.615],[6.459,34.551],[6.148,34.679],[5.377,34.679],[5.149,34.551],[4.454,34.615],[3.843,34.422],[3.456,34.486],[2.921,34.358],[2.45,34.615],[1.294,34.615],[0.685,34.422],[0.451,34.486],[0.303,34.358],[-1.237,34.358],[-1.305,34.165],[-1.539,34.229],[-1.61,34.1],[-1.693,34.229],[-2.001,34.229],[-3.763,34.1],[-4.141,33.972],[-4.21,33.843],[-4.367,33.907],[-5.039,33.586],[-5.274,33.65],[-5.799,33.457],[-6.033,33.522],[-6.634,33.329],[-6.703,33.2],[-6.937,33.264],[-7.528,32.943],[-8.064,32.943],[-8.154,33.136],[-8.47,33.264],[-8.403,33.393],[-7.13,33.843],[-7.062,33.972],[-6.904,33.907],[-6.614,34.165],[-6.7,34.293],[-6.473,34.358],[-6.482,34.486],[-6.332,34.551],[-6.277,34.872],[-6.2,34.872],[-6.291,35.065],[-6.132,35.001],[-6.145,35.194],[-6,35.323],[-5.877,35.773],[-5.339,35.838],[-5.24,35.516],[-4.755,35.194],[-3.132,35.194],[-2.982,35.258],[-2.993,35.451],[-2.838,35.451],[-2.82,35.13],[-2.662,35.065],[-1.89,35.065],[-1.591,35.258],[-1.359,35.258],[-1.136,35.451],[-1.224,35.645],[-1.066,35.58],[-0.917,35.709],[-0.53,35.709],[-0.459,35.838],[0.084,35.838],[0.376,36.224],[0.684,36.288],[0.678,36.417],[0.914,36.353],[1.216,36.546],[1.53,36.482],[2.377,36.675],[2.69,36.61],[2.841,36.739],[3.23,36.739],[3.459,36.868],[3.85,36.804],[4.235,36.933],[4.859,36.868],[5.098,36.675],[5.564,36.675],[5.639,36.804],[6.106,36.804],[6.103,36.933],[6.334,37.062],[6.805,36.868],[7.194,36.868],[7.346,37.062],[7.502,37.062],[7.738,36.868],[8.516,36.868],[8.903,37.126],[9.059,37.062],[9.37,37.255],[9.759,37.319],[9.993,37.19],[10.227,37.255],[10.228,37.062],[10.305,37.062],[10.228,36.804],[10.462,36.739],[11.006,36.997],[11.006,36.804],[10.462,36.417],[10.54,36.353],[10.464,35.902],[10.696,35.709],[10.851,35.773],[10.928,35.58],[11.083,35.58],[11.083,35.387],[11.006,35.387],[11.083,35.001],[10.851,34.937],[10.851,34.808],[10.543,34.551],[10.004,34.293],[10.082,34.229],[10.006,33.907],[10.237,33.715],[10.544,33.715],[10.698,33.522],[11.082,33.586],[11.158,33.2],[11.464,33.2],[12.229,32.814],[12.612,32.879],[12.535,32.75],[12.841,32.75],[12.842,32.879],[13.302,32.943],[13.454,32.814],[13.761,32.879],[13.759,32.75],[14.065,32.75],[14.444,32.493],[14.675,32.557],[14.749,32.429],[15.055,32.429],[15.282,32.3],[15.425,31.658],[15.576,31.593],[15.649,31.4],[16.179,31.208],[16.864,31.208],[17.847,30.951],[18.222,30.758],[18.592,30.372],[18.896,30.372],[18.969,30.244],[19.655,30.372],[19.964,30.565],[19.968,30.694],[20.202,30.886],[20.134,31.143],[20.214,31.272],[19.996,31.593],[20.089,32.107],[20.017,32.236],[20.246,32.236],[20.331,32.493],[20.482,32.429],[20.563,32.557],[20.716,32.557],[20.644,32.686],[20.871,32.622],[21.108,32.814],[21.412,32.75],[21.879,32.943],[23.089,32.622],[23.081,32.429],[23.231,32.365],[23.149,32.236],[23.299,32.172],[23.68,32.172],[24.129,31.979],[24.892,31.979],[25.112,31.786],[25.102,31.593],[25.248,31.465],[26.848,31.465],[27.297,31.336],[27.515,31.143],[28.496,31.015],[28.865,30.822],[29.397,30.822],[29.485,31.015],[29.633,30.951],[29.87,31.079],[29.802,31.208],[29.882,31.272],[30.339,31.272],[30.271,31.4],[30.352,31.465],[30.809,31.465],[30.966,31.529],[30.975,31.658],[31.203,31.658],[31.118,31.529],[31.266,31.465],[31.875,31.465],[31.781,31.208],[31.937,31.272],[32,31.079],[32.304,31.079],[32.237,31.208],[32.389,31.208],[32.532,31.079],[32.765,31.143],[32.832,31.015],[33.983,31.143],[34.297,31.272],[34.308,31.4],[34.547,31.529],[34.639,31.722],[34.573,31.85],[34.813,31.979],[34.77,32.365],[35.022,32.622],[35.056,33.007],[35.215,33.072],[35.398,33.393],[35.346,33.65],[35.499,33.65],[35.447,33.907],[35.684,33.972],[35.644,34.358],[35.792,34.293],[36.049,34.551],[36.068,34.744],[35.927,34.872],[35.96,35.194],[35.882,35.194],[35.993,35.516],[35.845,35.58],[35.99,36.224],[35.842,36.288],[36.265,36.61],[36.286,36.804],[36.145,36.933],[35.834,36.933],[35.488,36.61],[35.113,36.739],[34.95,36.675],[34.893,36.868],[34.582,36.868],[34.251,36.675],[33.979,36.288],[33.274,36.224],[32.713,36.031],[32.558,36.031],[32.499,36.224],[32.068,36.61],[31.086,36.933],[30.619,36.933],[30.492,36.353],[30.026,36.353],[29.938,36.224],[29.24,36.224],[29.125,36.739],[28.736,36.739],[28.591,36.868],[28.357,36.868],[28.187,36.675],[28.031,36.675],[28.138,37.062],[28.065,37.126],[27.598,37.126],[27.539,37.384],[27.223,37.319],[27.31,37.448],[27.163,37.577],[27.256,37.771],[27.178,37.771],[27.275,38.029],[26.889,38.093],[26.82,38.222],[26.429,38.222],[26.384,38.674],[26.536,38.61],[26.595,38.351],[27.065,38.351],[27.08,38.545],[26.849,38.61],[26.958,38.997],[26.879,38.997],[26.894,39.191],[26.742,39.256],[26.847,39.579],[26.132,39.514],[26.272,40.291],[26.605,40.485],[26.684,40.485],[26.673,40.355],[27.47,40.42],[27.538,40.291],[27.696,40.291],[27.792,40.485],[27.95,40.485],[27.939,40.355],[29.046,40.355],[28.9,40.485],[28.913,40.614],[29.48,40.744],[29.493,40.874],[29.249,40.809],[29.103,40.938],[29.116,41.068],[28.633,41.003],[28.169,41.133],[28.077,41.003],[27.527,41.068],[27.017,40.679],[26.921,40.485],[26.626,40.744],[26.14,40.614],[26.082,40.874],[25.378,41.003],[24.347,41.003],[24.011,40.744],[23.698,40.809],[23.685,40.614],[23.839,40.55],[23.737,40.226],[23.267,40.291],[22.884,40.485],[22.892,40.614],[22.655,40.614],[22.56,40.355],[22.544,40.096],[22.702,40.096],[22.611,39.902],[23.135,39.45],[22.816,39.385],[22.797,39.062],[23.116,39.126],[23.108,38.997],[23.344,38.997],[23.493,38.868],[23.332,38.803],[23.025,38.933],[22.936,38.739],[23.167,38.674],[23.313,38.481],[23.626,38.481],[23.563,38.739],[24.03,38.674],[24.179,38.545],[24.159,38.222],[24.002,38.222],[23.979,37.835],[23.443,38.029],[23.208,38.029],[23.201,37.9],[23.044,37.9],[23.108,37.642],[23.342,37.642],[23.402,37.319],[23.169,37.319],[23.176,37.448],[22.949,37.577],[22.714,37.577],[22.701,37.319],[22.853,37.255],[23.056,36.675],[22.833,36.868],[22.599,36.868],[22.512,36.675],[22.356,36.675],[22.22,37.062],[21.909,37.062],[21.899,36.868],[21.744,36.868],[21.681,37.19],[21.603,37.19],[21.697,37.513],[21.244,37.835],[21.416,38.158],[21.729,38.158],[21.738,38.351],[21.193,38.416],[20.974,38.739],[20.741,38.803],[20.911,39.062],[20.297,39.385],[20.155,39.708],[19.912,39.579],[19.758,39.644],[19.764,39.773],[20,39.773],[20.009,39.967],[19.63,40.291],[19.471,40.291],[19.486,40.614],[19.249,40.614],[19.255,40.744],[19.498,40.874],[19.438,41.263],[19.523,41.392],[19.444,41.392],[19.53,41.522],[19.45,41.522],[19.542,41.782],[18.852,42.366],[18.143,42.626],[17.992,42.821],[17.593,42.886],[17.508,42.756],[17.516,42.951],[17.355,42.951],[17.365,43.212],[17.122,43.147],[17.051,43.407],[16.727,43.342],[16.734,43.538],[16.575,43.603],[15.927,43.472],[16.012,43.603],[15.857,43.798],[15.695,43.798],[15.619,43.929],[15.375,43.863],[15.459,43.994],[15.219,44.059],[15.147,44.385],[14.909,44.581],[14.919,44.973],[14.516,45.104],[14.603,45.366],[14.196,45.366],[14.189,45.039],[13.946,45.039],[13.943,44.908],[13.781,44.908],[13.706,45.235],[13.544,45.3],[13.547,45.497],[13.71,45.497],[13.715,45.759],[13.39,45.824],[13.145,45.824],[13.06,45.628],[12.817,45.693],[12.652,45.562],[12.163,45.497],[12.16,45.17],[12.403,45.039],[12.4,44.777],[12.157,44.843],[12.154,44.451],[12.313,44.19],[12.873,43.798],[13.036,43.863],[13.034,43.733],[13.355,43.668],[13.673,43.407],[13.747,43.082],[13.985,42.951],[13.901,42.756],[14.056,42.496],[14.371,42.236],[14.531,42.236],[14.608,42.106],[14.769,42.171],[14.766,42.041],[14.924,41.976],[15.165,42.041],[15.241,41.911],[16.119,41.911],[16.115,41.782],[15.874,41.717],[15.944,41.392],[17.203,41.003],[17.511,40.744],[17.981,40.614],[18.438,40.161],[18.349,39.902],[18.112,39.902],[17.813,40.355],[17.418,40.355],[17.345,40.55],[17.028,40.55],[16.868,40.485],[16.945,40.42],[16.862,40.291],[16.624,40.291],[16.697,40.096],[16.457,39.967],[16.447,39.644],[16.916,39.514],[17.07,39.385],[17.138,39.062],[16.502,38.803],[16.492,38.416],[15.933,37.964],[15.698,37.964],[15.624,38.158],[15.389,38.158],[15.066,37.642],[15.059,37.255],[15.214,37.19],[15.05,36.739],[14.661,36.739],[14.278,37.126],[13.578,37.255],[13.192,37.577],[12.49,37.706],[12.492,37.9],[12.65,38.093],[13.04,38.029],[13.12,38.158],[13.355,38.158],[13.665,37.964],[14.056,37.964],[15.862,38.287],[15.95,38.674],[16.265,38.739],[16.27,38.933],[16.117,39.062],[15.899,39.773],[15.666,39.902],[15.748,40.032],[15.432,40.032],[15.199,40.226],[15.041,40.226],[14.893,40.679],[14.418,40.679],[14.422,40.874],[14.105,40.874],[13.951,41.133],[13.792,41.133],[13.715,41.263],[13,41.327],[12.922,41.457],[12.605,41.522],[12.131,41.911],[12.132,42.041],[11.813,42.106],[11.655,42.366],[11.495,42.301],[11.415,42.431],[11.255,42.431],[11.176,42.626],[11.016,42.626],[11.016,42.821],[10.535,43.082],[10.212,43.994],[9.889,43.994],[9.97,44.124],[9.727,44.124],[9.159,44.451],[8.432,44.385],[8.034,43.929],[7.15,43.733],[6.993,43.538],[6.673,43.472],[6.518,43.212],[6.278,43.147],[5.796,43.147],[5.632,43.277],[5.391,43.277],[5.387,43.407],[5.063,43.472],[4.178,43.472],[4.173,43.603],[3.851,43.603],[3.617,43.407],[3.14,43.277],[2.985,43.147],[3.01,42.561],[3.178,42.366],[3.117,41.911],[2.573,41.587],[2.334,41.587],[2.107,41.327],[1.238,41.198],[0.696,40.938],[0.709,40.679],[0.248,40.42],[0.183,40.161],[-0.126,40.032],[-0.345,39.708],[-0.314,39.126],[0.099,38.739],[-0.661,38.287],[-0.803,38.029],[-0.705,37.642],[-1.709,37.448],[-1.623,37.319],[-1.857,37.319],[-2.062,36.804],[-2.532,36.868],[-2.68,36.739],[-4.469,36.739],[-4.689,36.546],[-5.228,36.482],[-5.288,36.224],[-5.662,36.031],[-5.831,36.224],[-6.064,36.224],[-6.33,36.675],[-6.35,36.933],[-6.588,36.997],[-6.842,37.255],[-7.465,37.255],[-7.455,37.126],[-7.678,36.997],[-8.701,37.126],[-9.001,36.997],[-8.897,37.577],[-8.819,37.577],[-8.823,38.481],[-9.209,38.416],[-9.233,38.674],[-9.384,38.61],[-9.553,38.739],[-9.572,38.933],[-9.427,39.062],[-9.387,39.45],[-9.157,39.514],[-9.104,39.773],[-9.025,39.773],[-8.925,40.355],[-8.846,40.355],[-8.872,40.614],[-8.727,40.744],[-8.956,42.171],[-8.657,42.366],[-9.079,42.561],[-9.1,42.756],[-9.275,42.886],[-9.305,43.147],[-9.159,43.277],[-8.852,43.407],[-8.369,43.407],[-8.39,43.603],[-8.244,43.733],[-7.276,43.733],[-7.343,43.603],[-7.176,43.538],[-5.733,43.603],[-4.99,43.407],[-3.467,43.472],[-3.296,43.342],[-1.688,43.342],[-1.388,43.668],[-1.349,44.255],[-1.268,44.255],[-1.286,44.516],[-1.205,44.516],[-1.252,45.17],[-1.171,45.17],[-1.189,45.431],[-1.031,45.497],[-1.045,45.693],[-1.213,45.759],[-1.141,45.89],[-1.223,45.89],[-1.252,46.283],[-1.666,46.349],[-2.014,46.612],[-2.025,46.743],[-2.194,46.809],[-2.139,47.137],[-2.232,47.269],[-2.562,47.269],[-2.578,47.466],[-2.826,47.466],[-2.837,47.598],[-3.156,47.466],[-3.344,47.73],[-3.757,47.73],[-3.935,47.862],[-4.424,47.796],[-4.692,47.994],[-4.705,48.126],[-4.546,48.192],[-4.643,48.324],[-4.891,48.324],[-4.912,48.522],[-4.6,48.72],[-3.852,48.72],[-3.455,48.919],[-3.122,48.919],[-2.759,48.588],[-2.522,48.72],[-1.602,48.654],[-1.718,49.051],[-1.635,49.051],[-1.652,49.25],[-1.913,49.383],[-2.032,49.781],[-1.362,49.781],[-1.251,49.449],[0.007,49.383],[-0.012,49.648],[0.224,49.847],[1.053,49.98],[1.455,50.246],[1.425,50.712],[1.656,51.046],[2.578,51.179],[2.739,51.313],[3.41,51.447],[3.399,51.647],[3.739,51.647],[3.647,51.781],[3.98,51.915],[4.056,52.116],[4.232,51.982],[4.573,51.982],[5.248,52.116],[5.934,51.982],[6.369,51.647],[6.539,51.647],[6.541,51.58],[6.885,51.38],[7.065,50.979],[7.319,50.912],[7.24,50.712]]],[[[20.621,37.9],[20.699,37.9],[20.934,37.9],[20.922,37.642],[20.613,37.706],[20.621,37.9]]],[[[20.328,38.351],[20.488,38.416],[20.566,38.416],[20.795,38.287],[20.786,38.093],[20.32,38.158],[20.328,38.351]]],[[[1.274,38.803],[1.183,39.062],[1.259,39.126],[1.337,39.126],[1.652,39.126],[1.658,38.997],[1.431,38.803],[1.274,38.803]]],[[[20.07,39.579],[20.073,39.644],[20.152,39.644],[20.149,39.579],[20.07,39.579]]],[[[2.824,39.32],[2.659,39.514],[2.346,39.45],[2.338,39.644],[2.877,39.967],[2.956,39.967],[3.193,39.967],[3.198,39.838],[3.516,39.773],[3.296,39.32],[2.824,39.32]]],[[[3.82,40.096],[4.215,40.096],[4.302,39.838],[3.827,39.902],[3.741,40.096],[3.82,40.096]]],[[[9.665,40.291],[9.747,39.644],[9.669,39.644],[9.593,39.126],[9.12,39.191],[8.966,38.868],[8.73,38.868],[8.336,38.997],[8.412,39.256],[8.333,39.256],[8.33,39.514],[8.409,39.514],[8.483,39.902],[8.325,39.967],[8.4,40.291],[8.321,40.291],[8.319,40.485],[8.16,40.55],[8.155,40.938],[8.552,40.874],[9.025,41.263],[9.104,41.263],[9.502,41.198],[9.822,40.744],[9.823,40.355],[9.665,40.291]]],[[[9.578,41.976],[9.498,41.976],[9.499,41.782],[9.262,41.392],[9.104,41.327],[8.784,41.522],[8.782,41.717],[8.623,41.717],[8.7,41.911],[8.539,42.106],[8.535,42.496],[8.773,42.691],[9.173,42.756],[9.251,43.017],[9.331,43.017],[9.492,43.017],[9.493,42.756],[9.574,42.756],[9.578,41.976]]],[[[10.134,42.886],[10.214,42.886],[10.455,42.886],[10.455,42.691],[10.215,42.691],[10.134,42.886]]],[[[14.269,44.973],[14.35,44.973],[14.511,44.908],[14.502,44.516],[14.261,44.581],[14.269,44.973]]],[[[19.086,45.497],[19.004,45.497],[19.007,45.562],[19.089,45.562],[19.086,45.497]]],[[[19.166,47.072],[19.084,47.072],[19.087,47.137],[19.169,47.137],[19.166,47.072]]],[[[16.989,48.192],[16.907,48.192],[16.909,48.258],[16.992,48.258],[16.989,48.192]]],[[[16.826,48.258],[16.829,48.324],[16.912,48.324],[16.909,48.258],[16.826,48.258]]],[[[6.193,51.848],[6.191,51.915],[6.276,51.915],[6.278,51.848],[6.193,51.848]]],[[[0.07,52.99],[0.166,52.855],[0.337,52.855],[0.493,53.057],[1.094,53.057],[1.532,52.923],[1.717,52.721],[1.739,52.385],[1.654,52.385],[1.586,52.116],[1.425,51.982],[1.17,51.982],[1.184,51.781],[0.844,51.781],[0.863,51.513],[0.524,51.513],[1.381,51.38],[1.314,51.112],[0.493,50.779],[-1.368,50.845],[-1.109,50.779],[-1.177,50.579],[-1.513,50.579],[-1.525,50.712],[-2.608,50.579],[-2.789,50.712],[-3.126,50.712],[-3.457,50.645],[-3.585,50.246],[-4.089,50.246],[-4.187,50.379],[-4.355,50.379],[-4.929,50.246],[-5.151,49.98],[-5.746,50.046],[-5.769,50.246],[-5.28,50.379],[-5.134,50.579],[-4.881,50.579],[-4.819,50.779],[-4.658,50.845],[-4.68,51.046],[-4.426,51.046],[-4.202,51.313],[-3.095,51.246],[-3.108,51.38],[-2.945,51.447],[-3.121,51.513],[-3.277,51.38],[-3.701,51.38],[-3.892,51.58],[-4.308,51.513],[-4.415,51.714],[-5.079,51.58],[-5.264,51.714],[-5.219,52.049],[-4.553,52.183],[-4.157,52.452],[-4.295,52.923],[-4.794,52.788],[-4.81,52.923],[-4.49,53.125],[-4.67,53.192],[-4.702,53.462],[-4.271,53.462],[-4.076,53.26],[-3.153,53.462],[-3.095,53.732],[-3.196,53.868],[-2.966,54.138],[-3.305,54.071],[-3.319,54.206],[-3.587,54.274],[-3.72,54.681],[-3.569,54.885],[-2.895,55.089],[-2.822,55.225],[-2.379,55.157],[-1.613,55.362],[-1.286,54.681],[-0.671,54.613],[-0.202,54.206],[-0.18,53.935],[0.004,53.8],[0.01,53.732],[0.118,53.462],[0.295,53.395],[0.316,53.125],[0.07,52.99]]],[[[34.087,35.001],[33.695,34.937],[33.523,34.744],[33.132,34.679],[33.044,34.551],[32.367,34.744],[32.229,34.937],[32.246,35.13],[32.555,35.13],[32.875,35.258],[32.887,35.387],[33.737,35.387],[34.31,35.709],[34.387,35.709],[34.542,35.709],[34.529,35.58],[33.957,35.258],[34.087,35.001]]],[[[24.15,35.387],[24.301,35.323],[25.692,35.323],[25.681,35.13],[26.225,35.194],[26.14,35.065],[24.824,35.001],[24.757,35.194],[24.526,35.194],[24.448,35.194],[23.679,35.258],[23.615,35.516],[24.157,35.516],[24.15,35.387]]],[[[27.693,36.288],[28.017,36.482],[28.095,36.482],[28.25,36.482],[28.139,36.031],[27.743,35.902],[27.693,36.288]]],[[[22.887,36.417],[22.965,36.417],[23.117,36.353],[23.107,36.16],[22.874,36.16],[22.887,36.417]]],[[[27.117,36.933],[27.185,36.804],[26.865,36.675],[27.039,36.933],[27.117,36.933]]],[[[25.339,37.126],[25.417,37.126],[25.573,37.126],[25.564,36.997],[25.331,36.997],[25.339,37.126]]],[[[24.361,37.706],[24.432,37.577],[24.272,37.513],[24.201,37.642],[24.283,37.706],[24.361,37.706]]],[[[24.986,37.706],[25.064,37.706],[25.22,37.706],[25.286,37.513],[25.052,37.513],[24.986,37.706]]],[[[26.08,37.706],[26.158,37.706],[26.314,37.706],[26.305,37.577],[25.988,37.513],[26.08,37.706]]],[[[24.694,38.029],[24.772,38.029],[25.068,37.771],[24.83,37.706],[24.682,37.835],[24.694,38.029]]],[[[25.821,38.481],[25.913,38.674],[25.991,38.674],[26.217,38.545],[26.111,38.158],[25.876,38.158],[25.899,38.481],[25.821,38.481]]],[[[23.563,38.739],[23.485,38.739],[23.489,38.803],[23.567,38.803],[23.563,38.739]]],[[[24.365,38.997],[24.444,38.997],[24.675,38.933],[24.662,38.739],[24.357,38.868],[24.365,38.997]]],[[[26.094,38.997],[26.103,39.126],[25.793,39.191],[26.044,39.385],[26.123,39.385],[26.511,39.32],[26.644,38.997],[26.246,38.933],[26.094,38.997]]],[[[25.067,40.032],[25.146,40.032],[25.462,40.032],[25.447,39.838],[24.974,39.838],[25.067,40.032]]],[[[25.798,40.291],[26.035,40.291],[26.025,40.161],[25.704,40.096],[25.719,40.291],[25.798,40.291]]],[[[24.57,40.809],[24.808,40.809],[24.794,40.614],[24.551,40.55],[24.491,40.809],[24.57,40.809]]]]}},{"type":"Feature","id":"cliopatria-9f833fbb856acbf9271e311d","properties":{"NAME":"Kingdom of Gordyene","ABBREVN":null,"CONTROL":null,"SUBJECTO":"Kingdom of Gordyene","PARTOF":null,"BORDERPRECISION":1,"FromYear":215,"ToYear":246,"Area":13927.584229271466,"Type":"POLITY","Wikipedia":"Corduene","Wikidata":"Q29237","SeshatID":"","Components":"","MemberOf":"","sourceFeatureId":"cliopatria-9f833fbb856acbf9271e311d","datasetId":"cliopatria"},"geometry":{"type":"MultiPolygon","coordinates":[[[[42.861,37.642],[42.852,37.577],[42.774,37.577],[42.765,37.513],[41.984,37.513],[41.178,37.319],[40.112,37.513],[40.094,37.964],[40.572,38.029],[41.667,38.029],[41.97,37.964],[42.03,37.835],[42.508,37.9],[42.88,37.771],[42.871,37.706],[42.861,37.642]]]]}},{"type":"Feature","id":"cliopatria-519567867a8b2062edfc2b8f","properties":{"NAME":"Kingdom of Adiabene","ABBREVN":null,"CONTROL":null,"SUBJECTO":"Kingdom of Adiabene","PARTOF":null,"BORDERPRECISION":1,"FromYear":215,"ToYear":259,"Area":13409.26891982349,"Type":"POLITY","Wikipedia":"Adiabene","Wikidata":"Q149747","SeshatID":"","Components":"","MemberOf":"","sourceFeatureId":"cliopatria-519567867a8b2062edfc2b8f","datasetId":"cliopatria"},"geometry":{"type":"MultiPolygon","coordinates":[[[[41.533,36.482],[41.55,36.61],[41.403,36.675],[41.42,36.804],[41.273,36.868],[41.178,37.319],[41.984,37.513],[42.765,37.513],[42.623,37.062],[42.629,36.546],[41.671,36.353],[41.533,36.482]]]]}},{"type":"Feature","id":"cliopatria-f6016659f4633278f883b4c0","properties":{"NAME":"Cao Wei","ABBREVN":null,"CONTROL":null,"SUBJECTO":"Cao Wei","PARTOF":null,"BORDERPRECISION":1,"FromYear":224,"ToYear":237,"Area":2078217.9371258297,"Type":"POLITY","Wikipedia":"Cao Wei","Wikidata":"Q320930","SeshatID":"cn_wei_k","Components":"","MemberOf":"","sourceFeatureId":"cliopatria-f6016659f4633278f883b4c0","datasetId":"cliopatria"},"geometry":{"type":"MultiPolygon","coordinates":[[[[87.042,42.496],[87.122,42.496],[90.223,41.911],[90.195,41.847],[90.434,41.847],[90.536,41.717],[90.775,41.717],[91.27,41.392],[92.349,41.133],[92.321,41.068],[93.296,40.938],[93.268,40.874],[93.715,40.809],[93.687,40.744],[95.23,41.003],[97.214,41.003],[97.184,40.938],[97.888,40.744],[98.037,40.55],[98.225,40.614],[98.245,40.485],[98.948,40.291],[99.047,40.161],[99.284,40.161],[99.384,40.032],[100.124,40.096],[100.094,40.032],[100.539,39.967],[100.688,39.773],[101.21,39.708],[101.244,39.256],[101.587,39.32],[101.709,39.062],[102.073,38.997],[102.045,38.933],[102.387,38.997],[102.503,39.256],[102.246,39.385],[102.383,39.514],[102.915,39.644],[102.885,39.579],[103.122,39.579],[103.299,39.45],[103.733,39.708],[104.267,39.838],[104.346,39.838],[104.583,39.838],[104.57,39.644],[104.698,39.579],[103.665,38.868],[103.608,38.739],[104.108,38.803],[103.751,38.351],[103.88,38.287],[103.663,37.964],[103.764,37.835],[104.362,37.771],[104.541,37.642],[105.774,37.964],[107.359,37.835],[108.539,38.029],[108.51,37.964],[108.745,37.964],[108.843,37.835],[110.123,37.9],[110.094,37.835],[110.484,37.835],[110.455,37.771],[111.743,37.513],[113.004,39.644],[113.623,40.226],[113.76,40.485],[114.958,40.938],[115.992,41.782],[117.338,42.171],[117.737,42.171],[117.701,41.976],[117.823,41.911],[117.708,41.717],[117.791,41.587],[118.072,41.522],[118.034,41.457],[118.47,41.522],[118.432,41.457],[118.671,41.457],[118.633,41.392],[118.83,41.457],[118.792,41.392],[119.428,41.392],[119.39,41.327],[121.021,41.263],[123.167,41.911],[123.127,41.847],[123.405,41.782],[123.365,41.717],[123.604,41.717],[123.564,41.652],[124.042,41.522],[124.002,41.457],[124.28,41.392],[124.24,41.327],[124.479,41.327],[124.439,41.263],[124.717,41.198],[124.678,41.133],[125.831,41.327],[125.79,41.263],[126.108,41.263],[126.187,41.133],[126.742,41.003],[126.623,40.679],[126.425,40.614],[126.269,40.355],[126.432,40.096],[126.709,40.032],[126.832,39.838],[126.728,39.385],[126.964,39.385],[126.854,39.191],[127.023,38.933],[126.937,38.351],[126.348,37.835],[126.27,37.835],[125.845,37.771],[125.835,37.9],[125.678,37.9],[125.387,37.642],[125.231,37.642],[125.298,37.771],[125.209,37.9],[124.897,37.9],[125.077,38.093],[124.764,38.093],[124.866,38.287],[124.788,38.287],[124.961,38.61],[125.153,38.674],[125.189,38.739],[125.032,38.739],[125.39,39.385],[125.306,39.514],[124.87,39.579],[124.865,39.708],[124.512,39.644],[124.345,39.902],[124.034,39.773],[123.597,39.838],[122.936,39.644],[122.17,39.256],[121.952,38.997],[121.716,38.997],[121.422,38.739],[121.029,38.739],[121.201,39.062],[121.515,39.062],[121.69,39.385],[121.297,39.385],[121.21,39.514],[121.281,39.644],[121.438,39.644],[121.503,39.902],[121.776,39.967],[122.231,40.485],[122.106,40.679],[121.827,40.744],[121.824,40.874],[121.11,40.874],[120.997,40.679],[120.647,40.485],[120.5,40.226],[119.38,39.773],[119.215,39.32],[118.989,39.191],[118.45,39.062],[118.057,39.062],[118.046,39.191],[117.776,39.126],[117.576,38.739],[117.655,38.739],[117.602,38.481],[117.759,38.481],[117.773,38.351],[118.054,38.287],[118.067,38.158],[118.583,38.093],[118.648,38.222],[118.804,38.222],[118.772,38.158],[119.457,37.964],[119.393,37.835],[119.237,37.835],[118.984,37.319],[119.14,37.319],[119.156,37.19],[119.701,37.19],[119.827,37.448],[120.202,37.577],[120.188,37.706],[120.754,37.9],[121.112,37.835],[121.171,37.642],[121.483,37.642],[121.497,37.513],[122.154,37.577],[122.121,37.513],[122.713,37.448],[122.474,37.126],[122.566,36.997],[122.394,36.804],[121.912,36.933],[121.212,36.61],[120.979,36.61],[120.965,36.417],[120.732,36.417],[120.659,36.095],[120.318,36.031],[119.986,35.645],[119.619,35.516],[119.228,34.808],[119.459,34.808],[119.431,34.744],[119.711,34.679],[119.732,34.551],[120.342,34.358],[120.489,34.165],[120.55,33.586],[120.926,33.2],[120.923,33.007],[120.897,32.943],[120.155,32.814],[119.467,32.814],[119.059,32.943],[117.961,32.879],[117.579,32.686],[117.402,32.429],[116.919,32.365],[116.616,32.172],[115.327,31.786],[114.555,31.336],[114.068,31.465],[113.855,31.722],[113.321,31.722],[111.69,31.85],[110.866,32.107],[110.614,32.043],[110.224,32.236],[110.194,32.365],[109.911,32.429],[109.881,32.557],[109.499,32.557],[109.469,32.686],[109.316,32.686],[109.157,32.879],[108.238,32.879],[108.102,33.136],[107.878,32.943],[107.649,32.943],[107.665,33.2],[107.589,33.2],[107.831,33.65],[107.754,33.65],[107.847,34.1],[106.385,34.1],[105.558,34.358],[103.64,34.165],[103.479,34.358],[103.503,34.422],[103.735,35.451],[103.63,35.58],[103.677,35.902],[103.6,35.902],[103.676,36.095],[103.467,36.353],[103.518,36.482],[103.389,36.546],[103.44,36.675],[103.311,36.739],[103.363,36.868],[103.208,37.062],[102.871,37.19],[102.611,37.126],[102.586,37.255],[102.171,37.384],[102.172,37.577],[102.043,37.642],[102.096,37.771],[101.755,37.513],[101.601,37.706],[101.315,37.771],[101.29,37.9],[100.796,38.029],[100.799,38.222],[100.642,38.222],[100.414,38.61],[100.199,38.287],[99.862,38.416],[99.379,39.126],[99.092,39.191],[99.12,39.256],[98.958,39.062],[98.384,39.191],[98.117,38.933],[97.96,38.933],[97.857,39.062],[97.492,39.126],[97.468,39.256],[96.763,39.45],[96.681,39.256],[96.76,39.256],[96.678,39.062],[96.757,39.062],[96.677,38.868],[96.755,38.868],[96.649,38.61],[95.865,38.803],[95.605,39.126],[95.447,39.126],[95.319,39.385],[94.977,39.32],[94.506,39.514],[93.955,39.514],[93.088,39.32],[92.248,39.385],[91.123,39.126],[89.58,38.997],[88.746,38.868],[87.662,38.481],[86.44,38.351],[86.081,38.222],[85.813,37.9],[85.356,37.706],[85.113,37.448],[81.031,36.61],[80.371,36.997],[79.398,37.126],[79.145,37.319],[78.424,37.513],[78.386,37.642],[78.093,37.706],[77.801,38.029],[77.841,38.158],[77.667,38.351],[77.51,38.351],[77.414,38.545],[77.258,38.545],[77.025,38.803],[75.792,39.126],[73.769,39.45],[73.69,39.45],[73.395,39.514],[73.573,39.579],[73.8,40.291],[73.526,40.42],[73.489,40.55],[73.331,40.55],[73.294,40.679],[73.135,40.679],[73.099,40.809],[73.12,40.874],[73.343,41.068],[74.751,41.003],[77.35,41.392],[77.374,41.457],[77.875,41.522],[80.028,42.366],[80.108,42.366],[80.239,42.496],[80.508,42.366],[82.056,42.236],[84.108,42.756],[85.792,42.756],[85.764,42.691],[87.042,42.496]]]]}},{"type":"Feature","id":"cliopatria-e137f93043506e5c5d116d91","properties":{"NAME":"Han Dynasty","ABBREVN":null,"CONTROL":null,"SUBJECTO":"Han Dynasty","PARTOF":null,"BORDERPRECISION":1,"FromYear":224,"ToYear":237,"Area":788998.9728936737,"Type":"POLITY","Wikipedia":"Han dynasty","Wikidata":"Q1068371","SeshatID":"","Components":"","MemberOf":"","sourceFeatureId":"cliopatria-e137f93043506e5c5d116d91","datasetId":"cliopatria"},"geometry":{"type":"MultiPolygon","coordinates":[[[[110.179,18.479],[109.862,18.35],[109.841,18.222],[109.25,18.222],[109.123,18.35],[108.765,18.415],[108.638,18.543],[108.704,19.379],[109.203,19.701],[109.246,19.958],[110.157,20.086],[110.591,20.022],[110.613,20.151],[110.909,20.151],[111.087,19.893],[111.032,19.572],[110.884,19.572],[110.851,19.379],[110.681,19.251],[110.508,18.672],[110.19,18.543],[110.179,18.479]]],[[[114.531,22.143],[113.999,22.079],[113.996,22.465],[113.785,22.529],[113.747,22.722],[113.599,22.722],[113.699,22.465],[113.639,22.143],[113.416,22.143],[113.318,22.015],[113.106,22.079],[113.071,21.886],[112.774,21.886],[112.441,21.693],[111.859,21.758],[111.664,21.501],[110.984,21.436],[110.739,21.308],[110.716,21.179],[110.419,21.179],[110.483,21.115],[110.364,20.858],[110.616,20.601],[110.487,20.279],[109.883,20.215],[109.927,20.472],[109.789,20.536],[109.77,20.858],[109.696,20.858],[109.87,21.436],[109.807,21.501],[109.116,21.372],[109.086,21.629],[108.652,21.693],[108.555,21.565],[107.79,21.436],[107.417,20.986],[106.961,20.922],[106.834,20.601],[106.685,20.601],[106.537,20.151],[105.965,19.829],[105.734,18.865],[106.051,18.543],[106.031,18.415],[106.178,18.415],[106.295,18.222],[106.57,18.093],[106.571,17.643],[106.772,17.515],[106.752,17.386],[106.963,17.322],[106.953,17.258],[106.534,16.936],[106.544,17],[106.396,17],[106.416,17.129],[105.144,18.415],[105.185,18.672],[105.037,18.672],[105.142,18.865],[105.015,18.993],[105.014,19.443],[104.94,19.443],[104.992,19.765],[104.865,19.893],[104.981,20.151],[104.44,20.472],[104.619,20.665],[104.905,20.601],[104.873,20.858],[105.096,20.858],[104.851,21.179],[104.979,21.501],[104.926,21.629],[105.096,21.758],[105.128,21.951],[104.874,22.208],[105.238,22.593],[105.208,22.851],[105.506,22.851],[105.678,22.979],[105.69,23.043],[106.156,23.558],[106.466,23.622],[107.149,24.072],[108.905,24.265],[109.23,24.393],[109.406,24.522],[109.454,25.101],[109.347,25.294],[109.39,25.486],[109.315,25.486],[109.359,25.679],[109.224,25.744],[109.119,26.258],[109.044,26.258],[109.111,26.837],[109.036,26.837],[109.15,27.287],[109.536,27.608],[109.686,27.608],[109.831,27.865],[109.561,28.251],[109.633,28.508],[109.462,28.701],[109.537,29.215],[109.367,29.408],[109.37,29.665],[109.258,29.794],[109.031,29.794],[109.035,30.051],[108.66,30.308],[108.894,30.565],[108.784,30.694],[108.856,31.143],[109.127,31.272],[109.812,31.272],[110.161,31.4],[110.478,31.658],[110.614,32.043],[110.866,32.107],[111.69,31.85],[113.321,31.722],[113.306,31.465],[113.435,31.4],[113.39,31.272],[113.497,31.143],[114.213,31.015],[114.504,30.758],[114.492,30.501],[114.622,30.436],[114.612,30.179],[114.742,30.115],[114.561,29.794],[114.822,29.665],[114.76,29.472],[114.926,29.279],[114.218,28.701],[113.954,28.058],[114.218,27.93],[113.981,27.351],[114.172,27.222],[113.96,26.708],[114.344,26.451],[114.263,26.129],[114.472,26.065],[114.303,25.679],[114.377,25.679],[114.361,25.294],[115.094,25.229],[115.035,24.972],[114.589,24.651],[114.547,24.458],[114.506,24.265],[114.723,23.879],[114.705,23.429],[114.816,23.236],[114.802,22.786],[114.715,22.722],[114.641,22.722],[114.628,22.658],[114.616,22.593],[114.531,22.143]]]]}},{"type":"Feature","id":"cliopatria-6f771741289d2e682b717037","properties":{"NAME":"Kushan Empire","ABBREVN":null,"CONTROL":null,"SUBJECTO":"Kushan Empire","PARTOF":null,"BORDERPRECISION":1,"FromYear":224,"ToYear":237,"Area":1939254.3432398983,"Type":"POLITY","Wikipedia":"Kushan Empire","Wikidata":"Q25979","SeshatID":"af_kushan_emp","Components":"","MemberOf":"","sourceFeatureId":"cliopatria-6f771741289d2e682b717037","datasetId":"cliopatria"},"geometry":{"type":"MultiPolygon","coordinates":[[[[71.978,41.263],[72.137,41.263],[72.232,41.068],[72.47,41.068],[73.019,40.809],[73.099,40.809],[73.135,40.679],[73.294,40.679],[73.331,40.55],[73.489,40.55],[73.526,40.42],[73.8,40.291],[73.573,39.579],[73.395,39.514],[73.69,39.45],[73.67,39.385],[73.63,39.256],[73.748,39.126],[73.494,38.545],[72.759,37.9],[72.423,37.255],[72.37,37.062],[72.448,37.062],[72.232,36.546],[72.31,36.546],[72.302,36.224],[72.501,36.095],[72.468,35.966],[72.64,36.031],[72.606,35.902],[72.822,35.838],[72.711,35.709],[73.441,34.937],[73.811,34.872],[73.701,34.744],[73.993,34.679],[74.297,34.358],[74.451,34.358],[74.634,34.165],[74.602,34.036],[74.8,33.907],[74.768,33.779],[75.028,33.586],[74.996,33.457],[75.134,33.393],[75.103,33.264],[75.241,33.2],[75.271,33.007],[75.424,33.007],[75.469,32.879],[75.882,32.686],[76.127,32.75],[76.081,32.557],[76.601,32.172],[78.448,31.593],[78.844,31.658],[78.814,31.529],[79.18,31.465],[79.607,31.015],[79.624,30.758],[79.869,30.501],[79.845,30.051],[79.954,29.858],[79.885,29.537],[79.961,29.537],[79.867,29.087],[80.166,28.701],[80.681,28.637],[80.957,28.508],[81.195,28.187],[81.885,27.865],[82.538,27.737],[83.078,27.415],[84.357,27.415],[84.36,26.644],[84.511,26.644],[84.44,26.258],[84.515,26.258],[84.457,25.486],[84.339,25.229],[83.754,24.844],[83.071,24.779],[82.359,24.522],[81.603,23.943],[81.316,23.493],[81.307,23.429],[80.585,24.136],[79.38,24.586],[78.576,24.715],[78.314,24.972],[78.367,25.808],[78.292,25.808],[78.332,26.515],[78.257,26.515],[78.236,26.837],[77.238,26.708],[77.11,26.837],[76.584,26.837],[73.959,26.387],[73.479,26.194],[73.179,26.194],[71.905,25.679],[71.235,25.165],[71.086,25.165],[70.57,24.651],[70.605,24.329],[70.448,24.265],[70.424,24.072],[70.065,23.558],[69.5,23.172],[69.039,23.043],[69.025,22.915],[68.95,22.915],[68.606,23.172],[68.552,23.365],[68.336,23.429],[68.35,23.558],[68.127,23.558],[68.155,23.815],[67.633,23.815],[67.491,23.879],[67.438,24.072],[67.289,24.072],[67.326,24.393],[67.148,24.779],[66.632,24.844],[66.64,24.908],[67.112,25.101],[67.502,25.808],[67.197,26.322],[67.175,27.222],[67.062,27.479],[67.121,27.865],[67.046,27.865],[67.041,28.315],[66.965,28.315],[67.007,28.572],[66.931,28.572],[67.135,29.344],[66.995,29.408],[66.888,29.665],[66.434,29.665],[66.077,29.794],[66.316,29.858],[66.418,30.436],[66.343,30.436],[66.525,31.015],[66.449,31.015],[66.483,31.593],[66.102,31.593],[65.694,31.85],[65.02,31.915],[64.383,32.172],[63.555,32.236],[63.426,32.365],[63.873,33.843],[64.324,34.165],[64.574,34.615],[65.092,34.872],[64.854,35.194],[64.829,35.773],[64.751,35.773],[65.155,38.739],[65.077,38.739],[65.144,38.997],[65.065,38.997],[65.282,39.514],[65.203,39.514],[65.291,39.838],[65.564,39.967],[65.883,40.809],[65.962,40.809],[66.653,41.263],[66.891,41.263],[67.547,41.587],[68.025,41.587],[68.223,41.457],[68.978,41.327],[69.58,41.717],[70.016,41.587],[71.63,41.652],[71.841,41.327],[72,41.327],[71.978,41.263]]],[[[72.501,36.095],[72.518,36.16],[72.596,36.16],[72.579,36.095],[72.501,36.095]]]]}},{"type":"Feature","id":"cliopatria-8574e2d864dabcd027fda84a","properties":{"NAME":"Parthian Empire","ABBREVN":null,"CONTROL":null,"SUBJECTO":"Parthian Empire","PARTOF":null,"BORDERPRECISION":1,"FromYear":224,"ToYear":237,"Area":2049704.131124017,"Type":"POLITY","Wikipedia":"Parthian Empire","Wikidata":"Q1986139","SeshatID":"iq_parthian_emp_2","Components":"","MemberOf":"","sourceFeatureId":"cliopatria-8574e2d864dabcd027fda84a","datasetId":"cliopatria"},"geometry":{"type":"MultiPolygon","coordinates":[[[[51.132,25.422],[51.138,25.486],[51.212,25.486],[51.207,25.422],[51.132,25.422]]],[[[50.43,25.936],[50.46,26.258],[50.685,26.258],[50.673,26.129],[50.667,26.065],[50.649,25.872],[50.43,25.936]]],[[[57.351,40.291],[58.332,40.42],[58.537,40.291],[58.854,40.291],[58.98,40.161],[59.77,40.161],[59.768,39.838],[60.084,39.838],[60.052,39.708],[60.683,39.708],[60.713,39.514],[60.949,39.514],[62.502,40.032],[62.879,39.967],[64.02,40.096],[64.389,40.291],[65.235,40.485],[65.272,40.614],[65.351,40.614],[65.37,40.679],[65.449,40.679],[65.43,40.614],[65.589,40.614],[65.804,40.809],[65.883,40.809],[65.564,39.967],[65.291,39.838],[65.203,39.514],[65.282,39.514],[65.065,38.997],[65.144,38.997],[65.077,38.739],[65.155,38.739],[64.751,35.773],[64.829,35.773],[64.854,35.194],[65.092,34.872],[64.574,34.615],[64.324,34.165],[63.873,33.843],[63.426,32.365],[63.185,32.3],[63.161,32.172],[62.82,31.979],[62.421,31.465],[61.942,31.336],[61.875,30.951],[61.387,30.308],[60.956,29.987],[61.001,29.794],[62.304,29.408],[64.12,29.408],[64.53,29.601],[65.125,29.537],[66.077,29.794],[66.434,29.665],[66.888,29.665],[66.995,29.408],[67.135,29.344],[66.931,28.572],[67.007,28.572],[66.965,28.315],[67.041,28.315],[67.046,27.865],[67.121,27.865],[67.062,27.479],[67.175,27.222],[67.197,26.322],[67.502,25.808],[67.112,25.101],[66.64,24.908],[66.648,24.972],[66.62,25.358],[66.345,25.551],[66.021,25.358],[64.816,25.294],[64.801,25.165],[64.285,25.229],[64.225,25.358],[63.626,25.358],[63.536,25.229],[62.563,25.229],[62.474,25.101],[62.182,25.165],[62.018,25.036],[61.719,25.036],[61.658,25.165],[61.127,25.101],[60.917,25.229],[60.618,25.229],[60.632,25.358],[59.06,25.358],[58.782,25.551],[57.958,25.551],[57.74,25.615],[57.679,25.744],[57.38,25.744],[57.115,26.065],[57.052,26.837],[56.715,27.158],[56.188,27.158],[56.098,27.029],[56.324,27.029],[56.309,26.901],[56.061,26.708],[55.289,26.515],[55.31,26.708],[55.543,26.772],[55.242,26.772],[54.989,26.515],[54.681,26.451],[54.259,26.708],[53.658,26.708],[53.461,26.965],[52.669,27.287],[52.676,27.351],[52.991,27.479],[53.127,27.351],[54.083,27.158],[55.053,27.094],[55.587,27.158],[55.91,27.351],[57.34,27.351],[57.617,27.158],[58.151,27.222],[58.42,26.965],[58.397,26.772],[59.073,26.772],[59.096,26.965],[58.954,27.029],[58.978,27.222],[58.903,27.222],[59.053,27.801],[59.415,28.251],[59.716,28.251],[59.885,28.38],[59.903,28.508],[59.761,28.572],[59.816,28.958],[59.741,28.958],[59.814,30.436],[59.673,30.501],[59.693,30.629],[59.476,30.694],[59.496,30.822],[59.355,30.886],[59.245,31.143],[57.993,31.4],[57.872,31.593],[57.719,31.593],[57.597,32.236],[57.324,32.429],[57.324,32.879],[56.909,33.136],[56.9,33.522],[56.507,33.907],[53.223,34.036],[52.706,34.165],[52.65,34.293],[51.583,34.358],[51.111,34.293],[50.936,34.165],[50.77,33.586],[49.571,33.264],[49.19,32.75],[49.249,32.622],[49.069,32.429],[49.033,32.172],[48.6,31.786],[47.897,31.658],[47.739,31.015],[48.103,30.886],[48.048,30.436],[48.276,30.436],[48.412,30.308],[48.388,30.115],[48.6,29.987],[48.593,29.922],[48.365,29.922],[48.404,29.601],[47.866,29.537],[47.852,29.408],[48.079,29.408],[48.215,29.279],[48.194,29.087],[48.46,28.765],[48.563,28.315],[48.974,27.93],[48.872,27.672],[49.242,27.608],[49.36,27.287],[50.135,26.772],[50.116,26.579],[50.254,26.451],[50.223,26.129],[50.067,26.065],[50.211,26.001],[50.325,25.615],[50.608,25.422],[50.654,25.101],[50.729,25.101],[50.769,25.551],[50.925,25.615],[50.955,25.936],[51.123,26.129],[51.423,26.129],[51.698,25.872],[51.575,25.358],[51.719,25.294],[51.69,24.972],[51.524,24.779],[51.411,24.329],[51.854,24.265],[51.907,24.008],[52.28,24.008],[52.6,24.265],[53.112,24.136],[54.083,24.136],[54.099,24.329],[54.318,24.265],[54.559,24.458],[54.744,24.844],[55.143,25.101],[55.412,25.551],[55.97,25.872],[56.168,26.322],[56.475,26.387],[56.543,26.322],[56.385,25.551],[56.46,25.551],[56.421,25.165],[56.496,25.165],[56.402,24.972],[56.545,24.908],[56.788,24.329],[57.493,23.879],[58.812,23.622],[59.08,23.301],[59.068,23.172],[59.28,23.043],[59.268,22.915],[58.896,22.915],[58.908,23.043],[58.61,23.043],[58.335,23.301],[57.962,23.301],[57.974,23.429],[57.83,23.493],[56.809,23.751],[56.821,23.879],[56.54,24.072],[56.489,24.329],[56.271,24.393],[56.29,24.586],[56.09,24.844],[55.859,24.779],[55.841,24.586],[55.623,24.651],[54.812,23.943],[53.969,23.686],[51.881,23.686],[51.822,23.879],[51.166,24.072],[51.133,24.586],[51.294,24.715],[51.408,25.165],[51.27,25.294],[51.35,25.358],[51.323,25.872],[51.173,25.872],[51.23,25.679],[50.982,25.422],[50.965,25.229],[51.12,25.294],[50.92,24.715],[50.616,24.651],[50.344,24.972],[50.032,25.679],[49.674,25.872],[49.878,26.451],[49.252,26.965],[49.265,27.094],[49.059,27.287],[48.552,27.479],[48.467,28.122],[48.247,28.187],[48.206,28.508],[48.055,28.508],[48.144,28.637],[48,28.701],[48.014,28.83],[47.809,29.022],[47.651,28.958],[47.672,29.151],[47.535,29.279],[47.654,29.665],[47.29,29.794],[46.979,29.729],[46.994,29.858],[46.85,29.922],[46.615,29.858],[46.591,30.308],[45.77,30.436],[44.955,31.272],[44.581,31.336],[44.459,31.593],[43.153,32.814],[42.709,32.943],[42.578,33.136],[41.489,33.65],[41.212,33.907],[40.912,33.972],[40.85,34.1],[40.311,34.1],[40.403,34.229],[40.18,34.293],[40.103,34.293],[40.618,34.744],[40.772,34.744],[41.112,35.001],[41.086,36.031],[41.671,36.353],[42.629,36.546],[42.623,37.062],[42.765,37.513],[42.774,37.577],[42.852,37.577],[42.861,37.642],[42.871,37.706],[42.88,37.771],[43.886,37.706],[43.945,37.577],[44.637,37.513],[44.774,37.384],[44.803,37.062],[45.251,36.933],[45.446,37.19],[45.29,37.19],[45.252,37.448],[45.174,37.448],[45.224,37.771],[45.635,37.9],[45.854,38.287],[46.121,38.481],[47.252,38.674],[48.326,38.093],[48.795,38.093],[48.874,38.093],[48.829,37.835],[49.085,37.513],[49.854,37.448],[50.321,36.997],[50.566,37.062],[50.632,36.997],[50.532,36.868],[51.265,36.61],[52.186,36.546],[53.088,36.804],[54.033,36.868],[54.095,37.19],[53.91,37.448],[53.908,37.835],[53.83,37.835],[53.987,38.997],[53.518,39.385],[53.138,39.45],[53.545,39.514],[53.498,40.032],[52.723,40.096],[52.714,40.42],[52.793,40.42],[52.893,40.874],[52.972,40.874],[52.943,40.744],[53.34,40.744],[53.448,40.874],[53.404,40.679],[54.544,40.809],[56.655,40.355],[56.987,40.42],[56.971,40.355],[57.162,40.161],[57.351,40.291]]]]}},{"type":"Feature","id":"cliopatria-537e60e9c7ec1d898e69aea5","properties":{"NAME":"Sasanian Empire","ABBREVN":null,"CONTROL":null,"SUBJECTO":"Sasanian Empire","PARTOF":null,"BORDERPRECISION":1,"FromYear":224,"ToYear":237,"Area":638749.2855911015,"Type":"POLITY","Wikipedia":"Sasanian Empire","Wikidata":"Q1661685","SeshatID":"ir_sassanid_emp_1","Components":"","MemberOf":"","sourceFeatureId":"cliopatria-537e60e9c7ec1d898e69aea5","datasetId":"cliopatria"},"geometry":{"type":"MultiPolygon","coordinates":[[[[52.479,27.608],[52.049,27.801],[51.597,27.801],[51.317,27.994],[51.331,28.122],[51.066,28.444],[51.028,28.765],[50.809,28.83],[50.915,29.087],[50.62,29.151],[50.651,29.408],[50.236,29.729],[50.065,30.179],[49.586,29.987],[48.943,30.308],[48.987,30.051],[48.676,29.987],[48.6,29.987],[48.388,30.115],[48.412,30.308],[48.276,30.436],[48.048,30.436],[48.103,30.886],[47.739,31.015],[47.897,31.658],[48.6,31.786],[49.033,32.172],[49.069,32.429],[49.249,32.622],[49.19,32.75],[49.571,33.264],[50.77,33.586],[50.936,34.165],[51.111,34.293],[51.583,34.358],[52.65,34.293],[52.706,34.165],[53.223,34.036],[56.507,33.907],[56.9,33.522],[56.909,33.136],[57.324,32.879],[57.324,32.429],[57.597,32.236],[57.719,31.593],[57.872,31.593],[57.993,31.4],[59.245,31.143],[59.355,30.886],[59.496,30.822],[59.476,30.694],[59.693,30.629],[59.673,30.501],[59.814,30.436],[59.741,28.958],[59.816,28.958],[59.761,28.572],[59.903,28.508],[59.885,28.38],[59.716,28.251],[59.415,28.251],[59.053,27.801],[58.903,27.222],[58.978,27.222],[58.954,27.029],[59.096,26.965],[59.073,26.772],[58.397,26.772],[58.42,26.965],[58.151,27.222],[57.617,27.158],[57.34,27.351],[55.91,27.351],[55.587,27.158],[55.053,27.094],[54.083,27.158],[53.127,27.351],[52.991,27.479],[52.676,27.351],[52.601,27.351],[52.479,27.608]]]]}},{"type":"Feature","id":"cliopatria-a2a09646e56b4a8af29bc9c3","properties":{"NAME":"Shu Han","ABBREVN":null,"CONTROL":null,"SUBJECTO":"Shu Han","PARTOF":null,"BORDERPRECISION":1,"FromYear":224,"ToYear":237,"Area":880368.586552759,"Type":"POLITY","Wikipedia":"Shu Han","Wikidata":"Q320925","SeshatID":"","Components":"","MemberOf":"","sourceFeatureId":"cliopatria-a2a09646e56b4a8af29bc9c3","datasetId":"cliopatria"},"geometry":{"type":"MultiPolygon","coordinates":[[[[110.224,32.236],[110.614,32.043],[110.478,31.658],[110.161,31.4],[109.812,31.272],[109.127,31.272],[108.856,31.143],[108.784,30.694],[108.894,30.565],[108.66,30.308],[109.035,30.051],[109.031,29.794],[109.258,29.794],[109.37,29.665],[109.367,29.408],[109.537,29.215],[109.462,28.701],[109.633,28.508],[109.561,28.251],[109.831,27.865],[109.686,27.608],[109.536,27.608],[109.15,27.287],[109.036,26.837],[109.111,26.837],[109.044,26.258],[109.119,26.258],[109.224,25.744],[109.359,25.679],[109.315,25.486],[109.39,25.486],[109.347,25.294],[109.454,25.101],[109.406,24.522],[109.23,24.393],[108.905,24.265],[107.149,24.072],[106.466,23.622],[106.156,23.558],[105.69,23.043],[105.615,23.043],[105.363,23.301],[104.956,23.108],[104.905,23.236],[102.99,23.365],[102.801,23.558],[102.651,23.558],[102.474,23.815],[102.325,23.815],[102.086,24.136],[101.811,24.265],[101.462,25.165],[101.398,25.936],[101.196,26.387],[101.09,27.544],[101.014,27.544],[101.05,27.994],[100.915,28.058],[101.039,28.251],[100.964,28.251],[101.03,28.508],[100.955,28.508],[101.022,28.765],[100.881,29.087],[100.951,29.344],[100.875,29.344],[100.964,29.665],[100.889,29.665],[100.961,29.922],[100.885,29.922],[100.978,30.244],[100.902,30.244],[101.015,30.629],[100.939,30.629],[101.055,31.015],[100.979,31.015],[101.687,32.75],[102.552,33.264],[103.21,33.393],[103.493,33.972],[103.355,34.229],[103.402,34.358],[103.479,34.358],[103.64,34.165],[105.558,34.358],[106.385,34.1],[107.847,34.1],[107.754,33.65],[107.831,33.65],[107.589,33.2],[107.665,33.2],[107.649,32.943],[107.878,32.943],[108.102,33.136],[108.238,32.879],[109.157,32.879],[109.316,32.686],[109.469,32.686],[109.499,32.557],[109.881,32.557],[109.911,32.429],[110.194,32.365],[110.224,32.236]]]]}},{"type":"Feature","id":"cliopatria-7a3b4ef0f9d9acf15dbb8a0f","properties":{"NAME":"Xianbei","ABBREVN":null,"CONTROL":null,"SUBJECTO":"Xianbei","PARTOF":null,"BORDERPRECISION":1,"FromYear":224,"ToYear":237,"Area":625368.7325389945,"Type":"POLITY","Wikipedia":"Xianbei","Wikidata":"Q861054","SeshatID":"mn_xianbei","Components":"","MemberOf":"","sourceFeatureId":"cliopatria-7a3b4ef0f9d9acf15dbb8a0f","datasetId":"cliopatria"},"geometry":{"type":"MultiPolygon","coordinates":[[[[112.286,43.798],[114.748,43.603],[114.708,43.538],[116.159,43.277],[116.241,43.147],[117.085,43.082],[117.045,43.017],[117.366,43.017],[117.327,42.951],[118.37,42.821],[118.33,42.756],[121.98,42.951],[121.939,42.886],[122.982,42.886],[122.94,42.821],[123.62,42.756],[123.578,42.691],[124.776,42.561],[124.735,42.496],[125.016,42.561],[125.013,42.431],[125.093,42.431],[124.607,42.171],[123.167,41.911],[121.021,41.263],[119.39,41.327],[119.428,41.392],[118.792,41.392],[118.83,41.457],[118.633,41.392],[118.671,41.457],[118.432,41.457],[118.47,41.522],[118.034,41.457],[118.072,41.522],[117.791,41.587],[117.708,41.717],[117.823,41.911],[117.701,41.976],[117.737,42.171],[117.338,42.171],[115.992,41.782],[114.958,40.938],[113.76,40.485],[113.623,40.226],[113.004,39.644],[111.743,37.513],[110.455,37.771],[110.484,37.835],[110.094,37.835],[110.123,37.9],[108.843,37.835],[108.745,37.964],[108.51,37.964],[108.539,38.029],[107.359,37.835],[105.774,37.964],[104.541,37.642],[104.362,37.771],[103.764,37.835],[103.663,37.964],[103.88,38.287],[103.751,38.351],[104.108,38.803],[103.608,38.739],[103.665,38.868],[104.698,39.579],[104.57,39.644],[104.583,39.838],[104.346,39.838],[104.377,39.902],[104.53,40.55],[104.451,40.55],[104.925,41.652],[105.152,41.782],[105.838,42.626],[106.907,43.407],[108.013,43.798],[108.205,43.994],[108.41,43.929],[109.891,44.255],[111.188,44.124],[111.15,44.059],[111.553,44.059],[111.515,43.994],[111.876,44.059],[111.838,43.994],[112.325,43.863],[112.286,43.798]]],[[[83.181,51.046],[83.145,50.979],[83.061,50.979],[83.025,50.912],[82.941,50.912],[82.856,50.912],[82.892,50.979],[82.976,50.979],[83.012,51.046],[83.096,51.046],[83.181,51.046]]]]}},{"type":"Feature","id":"cliopatria-a4a65fe322952f14636bfbc0","properties":{"NAME":"Western Satraps","ABBREVN":null,"CONTROL":null,"SUBJECTO":"Western Satraps","PARTOF":null,"BORDERPRECISION":1,"FromYear":224,"ToYear":259,"Area":616925.8225213201,"Type":"POLITY","Wikipedia":"Western Satraps","Wikidata":"Q2086608","SeshatID":"pk_western_satraps","Components":"","MemberOf":"","sourceFeatureId":"cliopatria-a4a65fe322952f14636bfbc0","datasetId":"cliopatria"},"geometry":{"type":"MultiPolygon","coordinates":[[[[81.299,23.365],[81.188,22.529],[80.991,22.143],[80.571,21.758],[79.484,21.372],[79.394,21.243],[79.253,21.308],[78.102,20.986],[76.447,20.793],[74.585,20.729],[74.26,20.472],[74.115,19.829],[73.791,19.572],[73.016,19.251],[72.734,19.379],[72.761,19.636],[72.634,19.829],[72.837,20.343],[72.899,20.922],[72.563,21.243],[72.76,21.693],[72.544,21.758],[72.527,22.272],[72.378,22.272],[72.342,21.951],[72.112,21.886],[72.173,21.758],[72.321,21.758],[72.185,21.179],[71.408,20.858],[71.321,20.729],[70.721,20.665],[70.295,20.858],[69.89,21.243],[69.903,21.372],[69.497,21.758],[69.349,21.758],[68.949,22.208],[68.977,22.465],[69.2,22.465],[69.261,22.336],[69.409,22.336],[69.497,22.465],[69.869,22.465],[70.263,22.658],[70.365,22.915],[70.067,22.915],[69.748,22.722],[69.234,22.786],[69.099,22.915],[69.025,22.915],[69.039,23.043],[69.5,23.172],[70.065,23.558],[70.424,24.072],[70.448,24.265],[70.605,24.329],[70.57,24.651],[71.086,25.165],[71.235,25.165],[71.905,25.679],[73.179,26.194],[73.479,26.194],[73.959,26.387],[76.584,26.837],[77.11,26.837],[77.238,26.708],[78.236,26.837],[78.257,26.515],[78.332,26.515],[78.292,25.808],[78.367,25.808],[78.314,24.972],[78.576,24.715],[79.38,24.586],[80.585,24.136],[81.307,23.429],[81.299,23.365]]]]}},{"type":"Feature","id":"cliopatria-8460291b4937bfc2b8fbc943","properties":{"NAME":"Burgundians","ABBREVN":null,"CONTROL":null,"SUBJECTO":"Burgundians","PARTOF":null,"BORDERPRECISION":1,"FromYear":224,"ToYear":346,"Area":100278.86578459575,"Type":"POLITY","Wikipedia":"Burgundians","Wikidata":"Q13590051","SeshatID":"","Components":"","MemberOf":"","sourceFeatureId":"cliopatria-8460291b4937bfc2b8fbc943","datasetId":"cliopatria"},"geometry":{"type":"MultiPolygon","coordinates":[[[[19.171,52.721],[19.333,52.586],[19.508,52.654],[20.177,52.452],[20.695,52.519],[20.855,52.385],[20.992,51.982],[20.721,51.781],[20.79,51.58],[20.536,51.58],[20.521,51.38],[20.167,51.179],[20.242,51.046],[20.073,51.046],[20.059,50.845],[19.788,50.579],[18.082,50.179],[18.09,50.313],[17.844,50.446],[17.859,50.712],[17.444,50.845],[17.366,50.979],[17.194,50.912],[17.116,51.046],[16.528,51.112],[16.54,51.38],[15.95,51.447],[15.786,51.58],[15.797,51.848],[14.95,51.915],[14.784,52.049],[14.612,51.982],[14.62,52.25],[14.454,52.385],[14.549,52.654],[14.042,52.855],[14.048,53.057],[14.309,53.192],[14.316,53.395],[14.483,53.26],[15.254,53.192],[17.174,53.732],[17.338,53.597],[17.765,53.53],[17.671,53.395],[18.346,53.192],[18.495,52.855],[19.086,52.721],[19.171,52.721]]],[[[15.078,55.225],[15.069,55.021],[14.636,55.089],[14.644,55.294],[14.991,55.225],[15.078,55.225]]]]}},{"type":"Feature","id":"cliopatria-c9ff9d9c0df02190c5e7adbc","properties":{"NAME":"Gothia","ABBREVN":null,"CONTROL":null,"SUBJECTO":"Gothia","PARTOF":null,"BORDERPRECISION":1,"FromYear":238,"ToYear":246,"Area":228826.28013161418,"Type":"POLITY","Wikipedia":"Gothia","Wikidata":"Q422253","SeshatID":"","Components":"","MemberOf":"","sourceFeatureId":"cliopatria-c9ff9d9c0df02190c5e7adbc","datasetId":"cliopatria"},"geometry":{"type":"MultiPolygon","coordinates":[[[[28.504,50.912],[30.416,50.712],[30.863,50.313],[30.88,49.847],[31.038,49.781],[30.927,49.582],[31.01,49.582],[30.964,49.25],[31.047,49.25],[31.002,48.919],[31.085,48.919],[30.957,48.588],[31.04,48.588],[31.005,48.324],[31.088,48.324],[30.979,48.126],[31.062,48.126],[31.042,47.335],[31.207,47.335],[31.19,47.203],[31.272,47.203],[31.255,47.072],[31.082,47.006],[31.567,46.94],[31.533,46.677],[30.877,46.677],[30.298,45.955],[30.045,45.89],[29.859,45.693],[29.614,45.693],[29.584,45.431],[29.666,45.431],[29.525,44.908],[29.024,44.777],[29.046,44.973],[28.802,44.973],[28.841,44.581],[28.577,44.385],[28.57,44.32],[28.132,44.777],[27.889,44.777],[27.895,44.843],[27.855,45.235],[27.943,45.3],[27.868,45.366],[28.038,45.431],[28.038,46.218],[28.12,46.218],[28.169,46.677],[28.019,46.809],[28.033,46.94],[27.801,47.072],[27.815,47.203],[27.356,47.532],[27.157,47.994],[26.77,48.258],[26.349,48.192],[26.197,48.324],[25.547,48.456],[25.476,48.588],[24.581,48.787],[24.124,49.25],[23.874,49.25],[23.969,49.383],[23.48,49.515],[23.408,49.648],[22.912,49.714],[22.839,49.847],[23.648,50.446],[23.991,50.512],[24.011,50.712],[24.621,50.912],[25.48,51.046],[27.508,51.046],[27.913,50.912],[28.419,50.912],[28.504,50.912]]]]}},{"type":"Feature","id":"cliopatria-dea1ef2673b48054ba002179","properties":{"NAME":"Himyarite Kingdom","ABBREVN":null,"CONTROL":null,"SUBJECTO":"Himyarite Kingdom","PARTOF":null,"BORDERPRECISION":1,"FromYear":238,"ToYear":246,"Area":73207.3369651177,"Type":"POLITY","Wikipedia":"Himyarite Kingdom","Wikidata":"Q289577","SeshatID":"","Components":"","MemberOf":"","sourceFeatureId":"cliopatria-dea1ef2673b48054ba002179","datasetId":"cliopatria"},"geometry":{"type":"MultiPolygon","coordinates":[[[[45.302,14.815],[45.816,14.815],[45.946,14.493],[46.163,14.429],[46.2,13.722],[46.047,13.593],[46.111,13.4],[45.741,13.336],[45.054,12.757],[43.802,12.629],[43.439,12.693],[43.447,12.886],[43.236,13.079],[43.265,13.722],[43.057,13.979],[42.886,15.008],[42.89,15.072],[43.996,15.136],[44.069,15.136],[44.143,15.136],[44.216,15.136],[44.29,15.136],[44.346,14.815],[44.56,14.686],[45.228,14.815],[45.302,14.815]]],[[[43.893,18.543],[43.89,18.479],[43.816,18.479],[43.742,18.479],[43.746,18.543],[43.819,18.543],[43.823,18.608],[43.897,18.608],[43.893,18.543]]]]}},{"type":"Feature","id":"cliopatria-cad0eb403840e1f4ff62fc6d","properties":{"NAME":"Roman Empire","ABBREVN":null,"CONTROL":null,"SUBJECTO":"Roman Empire","PARTOF":null,"BORDERPRECISION":1,"FromYear":238,"ToYear":246,"Area":4560711.165603991,"Type":"POLITY","Wikipedia":"Roman Empire","Wikidata":"Q12544","SeshatID":"it_roman_principate","Components":"","MemberOf":"","sourceFeatureId":"cliopatria-cad0eb403840e1f4ff62fc6d","datasetId":"cliopatria"},"geometry":{"type":"MultiPolygon","coordinates":[[[[2.61,34.422],[2.533,34.422],[2.531,34.486],[2.608,34.486],[2.61,34.422]]],[[[14.34,36.031],[14.417,36.031],[14.571,35.966],[14.568,35.773],[14.337,35.838],[14.34,36.031]]],[[[9.187,49.781],[9.192,49.316],[9.529,48.853],[12.111,49.184],[12.609,48.985],[12.773,48.787],[13.519,48.654],[14.258,48.258],[14.672,48.258],[14.841,48.39],[15.499,48.192],[16.663,48.324],[16.904,48.126],[17.072,48.192],[17.067,48.06],[17.635,47.796],[18.626,47.796],[18.798,47.928],[18.957,47.796],[18.95,47.664],[19.269,47.466],[19.173,47.203],[18.923,47.137],[18.998,47.006],[18.834,47.006],[18.824,46.809],[18.906,46.809],[18.896,46.612],[19.05,46.415],[18.952,46.087],[18.87,46.087],[18.949,46.021],[18.854,45.759],[19.011,45.628],[18.923,45.497],[19.004,45.497],[18.998,45.366],[19.238,45.3],[20.056,45.366],[19.907,45.628],[20.17,45.955],[20.185,46.218],[21.24,46.087],[21.331,46.218],[21.494,46.218],[21.486,46.087],[21.649,46.087],[22.008,46.546],[22.026,46.809],[22.291,47.072],[22.218,47.203],[22.3,47.203],[22.315,47.401],[22.752,47.73],[23.253,47.796],[23.82,47.664],[25.553,47.664],[25.624,47.532],[25.865,47.466],[25.916,47.137],[26.706,46.809],[26.516,46.546],[26.541,45.955],[26.459,45.955],[26.44,45.759],[26.283,45.824],[26.19,45.693],[26.234,45.3],[26.078,45.366],[25.954,44.908],[25.78,44.777],[25.844,44.581],[25.688,44.647],[25.676,44.516],[25.838,44.516],[25.889,44.19],[26.362,44.059],[26.698,44.19],[27.748,44.19],[27.93,44.385],[27.849,44.385],[27.869,44.581],[27.707,44.581],[27.727,44.777],[27.808,44.777],[27.889,44.777],[28.132,44.777],[28.57,44.32],[28.563,44.255],[28.536,43.994],[28.616,43.994],[28.481,43.472],[28.159,43.472],[28.226,43.342],[27.898,43.277],[27.805,43.147],[27.847,42.756],[27.514,42.626],[27.495,42.431],[27.937,42.041],[27.979,41.652],[28.218,41.652],[28.279,41.457],[28.505,41.327],[28.976,41.263],[28.963,41.133],[30.479,41.198],[30.624,41.068],[31.18,41.068],[31.534,41.392],[32.027,41.522],[32.042,41.652],[32.193,41.587],[32.695,41.782],[32.631,41.911],[34.785,41.911],[34.882,42.041],[35.121,42.041],[35.157,41.717],[35.954,41.717],[36.209,41.263],[36.775,41.327],[37.065,41.133],[37.233,41.198],[37.215,41.068],[37.771,41.068],[37.831,40.938],[38.158,41.003],[38.298,40.874],[38.783,40.938],[39.051,41.133],[39.736,40.938],[40.37,40.938],[40.391,41.068],[40.539,41.003],[41.047,41.198],[41.159,41.392],[41.307,41.327],[41.408,41.457],[41.567,41.457],[41.815,41.976],[41.735,41.976],[41.758,42.106],[41.598,42.106],[41.701,42.236],[41.483,42.366],[41.609,42.626],[41.334,42.886],[41.173,42.886],[41.116,43.017],[40.817,43.147],[40.416,43.147],[40.219,43.407],[39.978,43.407],[40.081,43.538],[40.161,43.538],[40.599,43.277],[41.001,43.277],[41.208,43.082],[41.666,42.951],[41.803,42.821],[41.78,42.691],[41.998,42.561],[42.01,41.717],[41.705,41.327],[41.625,41.327],[41.614,41.263],[41.535,41.263],[41.45,40.744],[40.953,40.614],[40.398,40.096],[38.79,39.902],[38.93,39.773],[38.745,39.579],[38.954,39.385],[39.209,39.514],[39.751,39.45],[39.848,39.579],[40.548,39.514],[40.51,39.256],[40.658,39.191],[40.469,38.416],[40.547,38.416],[40.572,38.029],[40.094,37.964],[40.112,37.513],[41.178,37.319],[41.273,36.868],[41.42,36.804],[41.403,36.675],[41.55,36.61],[41.533,36.482],[41.671,36.353],[41.086,36.031],[41.112,35.001],[40.772,34.744],[40.618,34.744],[40.103,34.293],[40.026,34.293],[39.509,34.486],[39.124,34.486],[37.99,33.972],[37.739,33.779],[37.726,33.65],[37.573,33.65],[37.073,33.264],[37.054,33.072],[36.901,33.072],[36.717,32.75],[36.751,32.3],[36.516,32.236],[36.662,32.172],[36.387,31.658],[36.423,31.208],[36.271,31.208],[36.401,30.951],[36.156,30.758],[35.846,29.729],[35.77,29.729],[35.806,29.215],[35.655,29.215],[35.641,29.022],[35.48,28.894],[35.196,28.058],[34.593,28.058],[34.605,28.251],[34.854,28.572],[34.913,29.408],[34.752,29.279],[34.517,28.058],[34.358,27.93],[34.346,27.737],[34.12,27.737],[33.617,28.122],[33.554,28.315],[33.403,28.315],[33.189,28.508],[33.147,29.022],[32.857,29.215],[32.589,29.729],[32.602,29.922],[32.442,29.794],[32.689,28.958],[32.836,28.894],[33.105,28.38],[33.609,27.994],[33.585,27.608],[33.799,27.415],[33.927,27.029],[34.073,26.965],[34.051,26.579],[34.197,26.515],[34.461,25.872],[34.608,25.808],[35.146,24.651],[35.86,24.008],[35.854,23.879],[35.559,23.943],[35.553,23.815],[35.108,23.879],[33.756,23.686],[33.682,23.686],[33.389,23.815],[32.041,23.686],[31.67,23.751],[30.537,23.365],[30.463,23.365],[30.395,23.558],[30.104,23.751],[30.109,23.879],[29.959,23.879],[29.673,24.201],[28.569,24.651],[28.289,25.165],[28.244,25.936],[28.345,26.579],[28.27,26.579],[28.154,27.351],[27.937,27.544],[27.711,27.544],[27.792,27.672],[27.43,27.994],[27.276,27.93],[27.285,28.122],[27.14,28.251],[25.586,28.958],[25.373,29.279],[25.147,29.279],[25.001,29.408],[24.847,29.344],[24.779,29.537],[24.33,29.665],[23.962,29.922],[23.51,29.987],[22.916,30.308],[22.762,30.244],[22.767,30.372],[21.939,30.565],[20.952,30.565],[18.735,29.987],[17.905,30.179],[16.701,30.694],[15.49,30.951],[15.184,30.886],[15.187,31.079],[14.584,31.529],[14.586,31.658],[14.284,31.915],[13.6,32.172],[13.066,32.172],[13.067,32.3],[11.768,32.3],[11.768,32.429],[11.539,32.429],[11.463,32.557],[11.31,32.493],[11.157,32.686],[10.392,33.007],[10.009,33.007],[10.085,33.136],[9.625,33.136],[9.547,33.329],[9.624,33.457],[9.316,33.586],[9.238,33.843],[9.083,33.907],[9.083,34.036],[8.929,34.036],[8.928,34.165],[8.311,34.293],[8.081,34.229],[8.002,34.422],[7.615,34.551],[7.153,34.486],[6.92,34.615],[6.459,34.551],[6.148,34.679],[5.377,34.679],[5.149,34.551],[4.454,34.615],[3.843,34.422],[3.456,34.486],[2.921,34.358],[2.45,34.615],[1.294,34.615],[0.685,34.422],[0.451,34.486],[0.303,34.358],[-1.237,34.358],[-1.305,34.165],[-1.539,34.229],[-1.61,34.1],[-1.693,34.229],[-2.001,34.229],[-3.763,34.1],[-4.141,33.972],[-4.21,33.843],[-4.367,33.907],[-5.039,33.586],[-5.274,33.65],[-5.799,33.457],[-6.033,33.522],[-6.634,33.329],[-6.703,33.2],[-6.937,33.264],[-7.528,32.943],[-8.064,32.943],[-8.154,33.136],[-8.47,33.264],[-8.403,33.393],[-7.13,33.843],[-7.062,33.972],[-6.904,33.907],[-6.614,34.165],[-6.7,34.293],[-6.473,34.358],[-6.482,34.486],[-6.332,34.551],[-6.277,34.872],[-6.2,34.872],[-6.291,35.065],[-6.132,35.001],[-6.145,35.194],[-6,35.323],[-5.877,35.773],[-5.339,35.838],[-5.24,35.516],[-4.755,35.194],[-3.132,35.194],[-2.982,35.258],[-2.993,35.451],[-2.838,35.451],[-2.82,35.13],[-2.662,35.065],[-1.89,35.065],[-1.591,35.258],[-1.359,35.258],[-1.136,35.451],[-1.224,35.645],[-1.066,35.58],[-0.917,35.709],[-0.53,35.709],[-0.459,35.838],[0.084,35.838],[0.376,36.224],[0.684,36.288],[0.678,36.417],[0.914,36.353],[1.216,36.546],[1.53,36.482],[2.377,36.675],[2.69,36.61],[2.841,36.739],[3.23,36.739],[3.459,36.868],[3.85,36.804],[4.235,36.933],[4.859,36.868],[5.098,36.675],[5.564,36.675],[5.639,36.804],[6.106,36.804],[6.103,36.933],[6.334,37.062],[6.805,36.868],[7.194,36.868],[7.346,37.062],[7.502,37.062],[7.738,36.868],[8.516,36.868],[8.903,37.126],[9.059,37.062],[9.37,37.255],[9.759,37.319],[9.993,37.19],[10.227,37.255],[10.228,37.062],[10.305,37.062],[10.228,36.804],[10.462,36.739],[11.006,36.997],[11.006,36.804],[10.462,36.417],[10.54,36.353],[10.464,35.902],[10.696,35.709],[10.851,35.773],[10.928,35.58],[11.083,35.58],[11.083,35.387],[11.006,35.387],[11.083,35.001],[10.851,34.937],[10.851,34.808],[10.543,34.551],[10.004,34.293],[10.082,34.229],[10.006,33.907],[10.237,33.715],[10.544,33.715],[10.698,33.522],[11.082,33.586],[11.158,33.2],[11.464,33.2],[12.229,32.814],[12.612,32.879],[12.535,32.75],[12.841,32.75],[12.842,32.879],[13.302,32.943],[13.454,32.814],[13.761,32.879],[13.759,32.75],[14.065,32.75],[14.444,32.493],[14.675,32.557],[14.749,32.429],[15.055,32.429],[15.282,32.3],[15.425,31.658],[15.576,31.593],[15.649,31.4],[16.179,31.208],[16.864,31.208],[17.847,30.951],[18.222,30.758],[18.592,30.372],[18.896,30.372],[18.969,30.244],[19.655,30.372],[19.964,30.565],[19.968,30.694],[20.202,30.886],[20.134,31.143],[20.214,31.272],[19.996,31.593],[20.089,32.107],[20.017,32.236],[20.246,32.236],[20.331,32.493],[20.482,32.429],[20.563,32.557],[20.716,32.557],[20.644,32.686],[20.871,32.622],[21.108,32.814],[21.412,32.75],[21.879,32.943],[23.089,32.622],[23.081,32.429],[23.231,32.365],[23.149,32.236],[23.299,32.172],[23.68,32.172],[24.129,31.979],[24.892,31.979],[25.112,31.786],[25.102,31.593],[25.248,31.465],[26.848,31.465],[27.297,31.336],[27.515,31.143],[28.496,31.015],[28.865,30.822],[29.397,30.822],[29.485,31.015],[29.633,30.951],[29.87,31.079],[29.802,31.208],[29.882,31.272],[30.339,31.272],[30.271,31.4],[30.352,31.465],[30.809,31.465],[30.966,31.529],[30.975,31.658],[31.203,31.658],[31.118,31.529],[31.266,31.465],[31.875,31.465],[31.781,31.208],[31.937,31.272],[32,31.079],[32.304,31.079],[32.237,31.208],[32.389,31.208],[32.532,31.079],[32.765,31.143],[32.832,31.015],[33.983,31.143],[34.297,31.272],[34.308,31.4],[34.547,31.529],[34.639,31.722],[34.573,31.85],[34.813,31.979],[34.77,32.365],[35.022,32.622],[35.056,33.007],[35.215,33.072],[35.398,33.393],[35.346,33.65],[35.499,33.65],[35.447,33.907],[35.684,33.972],[35.644,34.358],[35.792,34.293],[36.049,34.551],[36.068,34.744],[35.927,34.872],[35.96,35.194],[35.882,35.194],[35.993,35.516],[35.845,35.58],[35.99,36.224],[35.842,36.288],[36.265,36.61],[36.286,36.804],[36.145,36.933],[35.834,36.933],[35.488,36.61],[35.113,36.739],[34.95,36.675],[34.893,36.868],[34.582,36.868],[34.251,36.675],[33.979,36.288],[33.274,36.224],[32.713,36.031],[32.558,36.031],[32.499,36.224],[32.068,36.61],[31.086,36.933],[30.619,36.933],[30.492,36.353],[30.026,36.353],[29.938,36.224],[29.24,36.224],[29.125,36.739],[28.736,36.739],[28.591,36.868],[28.357,36.868],[28.187,36.675],[28.031,36.675],[28.138,37.062],[28.065,37.126],[27.598,37.126],[27.539,37.384],[27.223,37.319],[27.31,37.448],[27.163,37.577],[27.256,37.771],[27.178,37.771],[27.275,38.029],[26.889,38.093],[26.82,38.222],[26.429,38.222],[26.384,38.674],[26.536,38.61],[26.595,38.351],[27.065,38.351],[27.08,38.545],[26.849,38.61],[26.958,38.997],[26.879,38.997],[26.894,39.191],[26.742,39.256],[26.847,39.579],[26.132,39.514],[26.272,40.291],[26.605,40.485],[26.684,40.485],[26.673,40.355],[27.47,40.42],[27.538,40.291],[27.696,40.291],[27.792,40.485],[27.95,40.485],[27.939,40.355],[29.046,40.355],[28.9,40.485],[28.913,40.614],[29.48,40.744],[29.493,40.874],[29.249,40.809],[29.103,40.938],[29.116,41.068],[28.633,41.003],[28.169,41.133],[28.077,41.003],[27.527,41.068],[27.017,40.679],[26.921,40.485],[26.626,40.744],[26.14,40.614],[26.082,40.874],[25.378,41.003],[24.347,41.003],[24.011,40.744],[23.698,40.809],[23.685,40.614],[23.839,40.55],[23.737,40.226],[23.267,40.291],[22.884,40.485],[22.892,40.614],[22.655,40.614],[22.56,40.355],[22.544,40.096],[22.702,40.096],[22.611,39.902],[23.135,39.45],[22.816,39.385],[22.797,39.062],[23.116,39.126],[23.108,38.997],[23.344,38.997],[23.493,38.868],[23.332,38.803],[23.025,38.933],[22.936,38.739],[23.167,38.674],[23.313,38.481],[23.626,38.481],[23.563,38.739],[24.03,38.674],[24.179,38.545],[24.159,38.222],[24.002,38.222],[23.979,37.835],[23.443,38.029],[23.208,38.029],[23.201,37.9],[23.044,37.9],[23.108,37.642],[23.342,37.642],[23.402,37.319],[23.169,37.319],[23.176,37.448],[22.949,37.577],[22.714,37.577],[22.701,37.319],[22.853,37.255],[23.056,36.675],[22.833,36.868],[22.599,36.868],[22.512,36.675],[22.356,36.675],[22.22,37.062],[21.909,37.062],[21.899,36.868],[21.744,36.868],[21.681,37.19],[21.603,37.19],[21.697,37.513],[21.244,37.835],[21.416,38.158],[21.729,38.158],[21.738,38.351],[21.193,38.416],[20.974,38.739],[20.741,38.803],[20.911,39.062],[20.297,39.385],[20.155,39.708],[19.912,39.579],[19.758,39.644],[19.764,39.773],[20,39.773],[20.009,39.967],[19.63,40.291],[19.471,40.291],[19.486,40.614],[19.249,40.614],[19.255,40.744],[19.498,40.874],[19.438,41.263],[19.523,41.392],[19.444,41.392],[19.53,41.522],[19.45,41.522],[19.542,41.782],[18.852,42.366],[18.143,42.626],[17.992,42.821],[17.593,42.886],[17.508,42.756],[17.516,42.951],[17.355,42.951],[17.365,43.212],[17.122,43.147],[17.051,43.407],[16.727,43.342],[16.734,43.538],[16.575,43.603],[15.927,43.472],[16.012,43.603],[15.857,43.798],[15.695,43.798],[15.619,43.929],[15.375,43.863],[15.459,43.994],[15.219,44.059],[15.147,44.385],[14.909,44.581],[14.919,44.973],[14.516,45.104],[14.603,45.366],[14.196,45.366],[14.189,45.039],[13.946,45.039],[13.943,44.908],[13.781,44.908],[13.706,45.235],[13.544,45.3],[13.547,45.497],[13.71,45.497],[13.715,45.759],[13.39,45.824],[13.145,45.824],[13.06,45.628],[12.817,45.693],[12.652,45.562],[12.163,45.497],[12.16,45.17],[12.403,45.039],[12.4,44.777],[12.157,44.843],[12.154,44.451],[12.313,44.19],[12.873,43.798],[13.036,43.863],[13.034,43.733],[13.355,43.668],[13.673,43.407],[13.747,43.082],[13.985,42.951],[13.901,42.756],[14.056,42.496],[14.371,42.236],[14.531,42.236],[14.608,42.106],[14.769,42.171],[14.766,42.041],[14.924,41.976],[15.165,42.041],[15.241,41.911],[16.119,41.911],[16.115,41.782],[15.874,41.717],[15.944,41.392],[17.203,41.003],[17.511,40.744],[17.981,40.614],[18.438,40.161],[18.349,39.902],[18.112,39.902],[17.813,40.355],[17.418,40.355],[17.345,40.55],[17.028,40.55],[16.868,40.485],[16.945,40.42],[16.862,40.291],[16.624,40.291],[16.697,40.096],[16.457,39.967],[16.447,39.644],[16.916,39.514],[17.07,39.385],[17.138,39.062],[16.502,38.803],[16.492,38.416],[15.933,37.964],[15.698,37.964],[15.624,38.158],[15.389,38.158],[15.066,37.642],[15.059,37.255],[15.214,37.19],[15.05,36.739],[14.661,36.739],[14.278,37.126],[13.578,37.255],[13.192,37.577],[12.49,37.706],[12.492,37.9],[12.65,38.093],[13.04,38.029],[13.12,38.158],[13.355,38.158],[13.665,37.964],[14.056,37.964],[15.862,38.287],[15.95,38.674],[16.265,38.739],[16.27,38.933],[16.117,39.062],[15.899,39.773],[15.666,39.902],[15.748,40.032],[15.432,40.032],[15.199,40.226],[15.041,40.226],[14.893,40.679],[14.418,40.679],[14.422,40.874],[14.105,40.874],[13.951,41.133],[13.792,41.133],[13.715,41.263],[13,41.327],[12.922,41.457],[12.605,41.522],[12.131,41.911],[12.132,42.041],[11.813,42.106],[11.655,42.366],[11.495,42.301],[11.415,42.431],[11.255,42.431],[11.176,42.626],[11.016,42.626],[11.016,42.821],[10.535,43.082],[10.212,43.994],[9.889,43.994],[9.97,44.124],[9.727,44.124],[9.159,44.451],[8.432,44.385],[8.034,43.929],[7.15,43.733],[6.993,43.538],[6.673,43.472],[6.518,43.212],[6.278,43.147],[5.796,43.147],[5.632,43.277],[5.391,43.277],[5.387,43.407],[5.063,43.472],[4.178,43.472],[4.173,43.603],[3.851,43.603],[3.617,43.407],[3.14,43.277],[2.985,43.147],[3.01,42.561],[3.178,42.366],[3.117,41.911],[2.573,41.587],[2.334,41.587],[2.107,41.327],[1.238,41.198],[0.696,40.938],[0.709,40.679],[0.248,40.42],[0.183,40.161],[-0.126,40.032],[-0.345,39.708],[-0.314,39.126],[0.099,38.739],[-0.661,38.287],[-0.803,38.029],[-0.705,37.642],[-1.709,37.448],[-1.623,37.319],[-1.857,37.319],[-2.062,36.804],[-2.532,36.868],[-2.68,36.739],[-4.469,36.739],[-4.689,36.546],[-5.228,36.482],[-5.288,36.224],[-5.662,36.031],[-5.831,36.224],[-6.064,36.224],[-6.33,36.675],[-6.35,36.933],[-6.588,36.997],[-6.842,37.255],[-7.465,37.255],[-7.455,37.126],[-7.678,36.997],[-8.701,37.126],[-9.001,36.997],[-8.897,37.577],[-8.819,37.577],[-8.823,38.481],[-9.209,38.416],[-9.233,38.674],[-9.384,38.61],[-9.553,38.739],[-9.572,38.933],[-9.427,39.062],[-9.387,39.45],[-9.157,39.514],[-9.104,39.773],[-9.025,39.773],[-8.925,40.355],[-8.846,40.355],[-8.872,40.614],[-8.727,40.744],[-8.956,42.171],[-8.657,42.366],[-9.079,42.561],[-9.1,42.756],[-9.275,42.886],[-9.305,43.147],[-9.159,43.277],[-8.852,43.407],[-8.369,43.407],[-8.39,43.603],[-8.244,43.733],[-7.276,43.733],[-7.343,43.603],[-7.176,43.538],[-5.733,43.603],[-4.99,43.407],[-3.467,43.472],[-3.296,43.342],[-1.688,43.342],[-1.388,43.668],[-1.349,44.255],[-1.268,44.255],[-1.286,44.516],[-1.205,44.516],[-1.252,45.17],[-1.171,45.17],[-1.189,45.431],[-1.031,45.497],[-1.045,45.693],[-1.213,45.759],[-1.141,45.89],[-1.223,45.89],[-1.252,46.283],[-1.666,46.349],[-2.014,46.612],[-2.025,46.743],[-2.194,46.809],[-2.139,47.137],[-2.232,47.269],[-2.562,47.269],[-2.578,47.466],[-2.826,47.466],[-2.837,47.598],[-3.156,47.466],[-3.344,47.73],[-3.757,47.73],[-3.935,47.862],[-4.424,47.796],[-4.692,47.994],[-4.705,48.126],[-4.546,48.192],[-4.643,48.324],[-4.891,48.324],[-4.912,48.522],[-4.6,48.72],[-3.852,48.72],[-3.455,48.919],[-3.122,48.919],[-2.759,48.588],[-2.522,48.72],[-1.602,48.654],[-1.718,49.051],[-1.635,49.051],[-1.652,49.25],[-1.913,49.383],[-2.032,49.781],[-1.362,49.781],[-1.251,49.449],[0.007,49.383],[-0.012,49.648],[0.224,49.847],[1.053,49.98],[1.455,50.246],[1.425,50.712],[1.656,51.046],[2.578,51.179],[2.739,51.313],[3.41,51.447],[3.399,51.647],[3.739,51.647],[3.647,51.781],[3.98,51.915],[4.056,52.116],[4.232,51.982],[4.57,52.049],[4.655,52.049],[5.934,51.982],[6.369,51.647],[6.539,51.647],[6.885,51.38],[7.065,50.979],[7.235,50.912],[7.24,50.712],[7.41,50.645],[7.413,50.512],[7.667,50.446],[7.755,50.246],[7.923,50.246],[8.088,50.379],[8.086,50.512],[8.421,50.645],[8.505,50.645],[8.758,50.579],[8.68,50.113],[8.851,49.914],[9.187,49.781]]],[[[20.621,37.9],[20.699,37.9],[20.934,37.9],[20.922,37.642],[20.613,37.706],[20.621,37.9]]],[[[20.328,38.351],[20.488,38.416],[20.566,38.416],[20.795,38.287],[20.786,38.093],[20.32,38.158],[20.328,38.351]]],[[[1.274,38.803],[1.183,39.062],[1.259,39.126],[1.337,39.126],[1.652,39.126],[1.658,38.997],[1.431,38.803],[1.274,38.803]]],[[[20.07,39.579],[20.073,39.644],[20.152,39.644],[20.149,39.579],[20.07,39.579]]],[[[3.296,39.32],[2.824,39.32],[2.659,39.514],[2.346,39.45],[2.338,39.644],[2.877,39.967],[2.956,39.967],[3.193,39.967],[3.198,39.838],[3.516,39.773],[3.296,39.32]]],[[[3.741,40.096],[3.82,40.096],[4.215,40.096],[4.302,39.838],[3.827,39.902],[3.741,40.096]]],[[[9.665,40.291],[9.747,39.644],[9.669,39.644],[9.593,39.126],[9.12,39.191],[8.966,38.868],[8.73,38.868],[8.336,38.997],[8.412,39.256],[8.333,39.256],[8.33,39.514],[8.409,39.514],[8.483,39.902],[8.325,39.967],[8.4,40.291],[8.321,40.291],[8.319,40.485],[8.16,40.55],[8.155,40.938],[8.552,40.874],[9.025,41.263],[9.104,41.263],[9.502,41.198],[9.822,40.744],[9.823,40.355],[9.665,40.291]]],[[[9.578,41.976],[9.498,41.976],[9.499,41.782],[9.262,41.392],[9.104,41.327],[8.784,41.522],[8.782,41.717],[8.623,41.717],[8.7,41.911],[8.539,42.106],[8.535,42.496],[8.773,42.691],[9.173,42.756],[9.251,43.017],[9.331,43.017],[9.492,43.017],[9.493,42.756],[9.574,42.756],[9.578,41.976]]],[[[10.134,42.886],[10.214,42.886],[10.455,42.886],[10.455,42.691],[10.215,42.691],[10.134,42.886]]],[[[14.269,44.973],[14.35,44.973],[14.511,44.908],[14.502,44.516],[14.261,44.581],[14.269,44.973]]],[[[19.086,45.497],[19.004,45.497],[19.007,45.562],[19.089,45.562],[19.086,45.497]]],[[[19.166,47.072],[19.084,47.072],[19.087,47.137],[19.169,47.137],[19.166,47.072]]],[[[16.907,48.192],[16.909,48.258],[16.992,48.258],[16.989,48.192],[16.907,48.192]]],[[[16.826,48.258],[16.829,48.324],[16.912,48.324],[16.909,48.258],[16.826,48.258]]],[[[0.07,52.99],[0.166,52.855],[0.337,52.855],[0.493,53.057],[1.094,53.057],[1.532,52.923],[1.717,52.721],[1.739,52.385],[1.654,52.385],[1.586,52.116],[1.425,51.982],[1.17,51.982],[1.184,51.781],[0.844,51.781],[0.863,51.513],[0.524,51.513],[1.381,51.38],[1.314,51.112],[0.493,50.779],[-1.368,50.845],[-1.109,50.779],[-1.177,50.579],[-1.513,50.579],[-1.525,50.712],[-2.608,50.579],[-2.789,50.712],[-3.126,50.712],[-3.457,50.645],[-3.585,50.246],[-4.089,50.246],[-4.187,50.379],[-4.355,50.379],[-4.929,50.246],[-5.151,49.98],[-5.746,50.046],[-5.769,50.246],[-5.28,50.379],[-5.134,50.579],[-4.881,50.579],[-4.819,50.779],[-4.658,50.845],[-4.68,51.046],[-4.426,51.046],[-4.202,51.313],[-3.095,51.246],[-3.108,51.38],[-2.945,51.447],[-3.121,51.513],[-3.277,51.38],[-3.701,51.38],[-3.892,51.58],[-4.308,51.513],[-4.415,51.714],[-5.079,51.58],[-5.264,51.714],[-5.219,52.049],[-4.553,52.183],[-4.157,52.452],[-4.295,52.923],[-4.794,52.788],[-4.81,52.923],[-4.49,53.125],[-4.67,53.192],[-4.702,53.462],[-4.271,53.462],[-4.076,53.26],[-3.153,53.462],[-3.095,53.732],[-3.196,53.868],[-2.966,54.138],[-3.305,54.071],[-3.319,54.206],[-3.587,54.274],[-3.72,54.681],[-3.569,54.885],[-2.895,55.089],[-2.822,55.225],[-2.379,55.157],[-1.613,55.362],[-1.286,54.681],[-0.671,54.613],[-0.202,54.206],[-0.18,53.935],[0.004,53.8],[0.01,53.732],[0.118,53.462],[0.295,53.395],[0.316,53.125],[0.07,52.99]]],[[[34.087,35.001],[33.695,34.937],[33.523,34.744],[33.132,34.679],[33.044,34.551],[32.367,34.744],[32.229,34.937],[32.246,35.13],[32.555,35.13],[32.875,35.258],[32.887,35.387],[33.737,35.387],[34.31,35.709],[34.387,35.709],[34.542,35.709],[34.529,35.58],[33.957,35.258],[34.087,35.001]]],[[[24.15,35.387],[24.301,35.323],[25.692,35.323],[25.681,35.13],[26.225,35.194],[26.14,35.065],[24.824,35.001],[24.757,35.194],[24.526,35.194],[24.448,35.194],[23.679,35.258],[23.615,35.516],[24.157,35.516],[24.15,35.387]]],[[[27.693,36.288],[28.017,36.482],[28.095,36.482],[28.25,36.482],[28.139,36.031],[27.743,35.902],[27.693,36.288]]],[[[22.887,36.417],[22.965,36.417],[23.117,36.353],[23.107,36.16],[22.874,36.16],[22.887,36.417]]],[[[27.117,36.933],[27.185,36.804],[26.865,36.675],[27.039,36.933],[27.117,36.933]]],[[[25.339,37.126],[25.417,37.126],[25.573,37.126],[25.564,36.997],[25.331,36.997],[25.339,37.126]]],[[[24.361,37.706],[24.432,37.577],[24.272,37.513],[24.201,37.642],[24.283,37.706],[24.361,37.706]]],[[[25.064,37.706],[25.22,37.706],[25.286,37.513],[25.052,37.513],[24.986,37.706],[25.064,37.706]]],[[[26.08,37.706],[26.158,37.706],[26.314,37.706],[26.305,37.577],[25.988,37.513],[26.08,37.706]]],[[[24.694,38.029],[24.772,38.029],[25.068,37.771],[24.83,37.706],[24.682,37.835],[24.694,38.029]]],[[[25.899,38.481],[25.821,38.481],[25.913,38.674],[25.991,38.674],[26.217,38.545],[26.111,38.158],[25.876,38.158],[25.899,38.481]]],[[[23.567,38.803],[23.563,38.739],[23.485,38.739],[23.489,38.803],[23.567,38.803]]],[[[24.365,38.997],[24.444,38.997],[24.675,38.933],[24.662,38.739],[24.357,38.868],[24.365,38.997]]],[[[26.094,38.997],[26.103,39.126],[25.793,39.191],[26.044,39.385],[26.123,39.385],[26.511,39.32],[26.644,38.997],[26.246,38.933],[26.094,38.997]]],[[[25.067,40.032],[25.146,40.032],[25.462,40.032],[25.447,39.838],[24.974,39.838],[25.067,40.032]]],[[[25.798,40.291],[26.035,40.291],[26.025,40.161],[25.704,40.096],[25.719,40.291],[25.798,40.291]]],[[[24.57,40.809],[24.808,40.809],[24.794,40.614],[24.551,40.55],[24.491,40.809],[24.57,40.809]]]]}},{"type":"Feature","id":"cliopatria-99b40aac4b3df999d07cfc9e","properties":{"NAME":"Sabaeans","ABBREVN":null,"CONTROL":null,"SUBJECTO":"Sabaeans","PARTOF":null,"BORDERPRECISION":1,"FromYear":238,"ToYear":246,"Area":27982.670819480278,"Type":"POLITY","Wikipedia":"Sabaeans","Wikidata":"Q940785","SeshatID":"","Components":"","MemberOf":"","sourceFeatureId":"cliopatria-99b40aac4b3df999d07cfc9e","datasetId":"cliopatria"},"geometry":{"type":"MultiPolygon","coordinates":[[[[45.509,15.908],[45.583,15.908],[46.021,15.843],[46.175,15.972],[46.396,15.972],[46.47,15.972],[46.381,15.715],[46.149,15.522],[45.855,15.522],[45.848,15.393],[45.179,15.265],[45.025,15.136],[44.29,15.136],[44.216,15.136],[44.143,15.136],[44.069,15.136],[43.996,15.136],[43.949,15.65],[44.121,16.1],[43.911,16.293],[43.944,16.872],[44.018,16.872],[44.091,16.872],[44.312,16.872],[44.305,16.743],[44.813,16.615],[45.012,16.229],[45.226,16.1],[45.215,15.908],[45.509,15.908]]]]}},{"type":"Feature","id":"cliopatria-50b1cd72d29aed3059c27482","properties":{"NAME":"Western Kushans","ABBREVN":null,"CONTROL":null,"SUBJECTO":"Western Kushans","PARTOF":null,"BORDERPRECISION":1,"FromYear":238,"ToYear":246,"Area":684685.7926896549,"Type":"POLITY","Wikipedia":"Kushan Empire","Wikidata":"Q25979","SeshatID":"","Components":"","MemberOf":"","sourceFeatureId":"cliopatria-50b1cd72d29aed3059c27482","datasetId":"cliopatria"},"geometry":{"type":"MultiPolygon","coordinates":[[[[71.92,41.327],[72,41.327],[72.232,41.068],[72.47,41.068],[73.019,40.809],[73.099,40.809],[73.135,40.679],[73.294,40.679],[73.331,40.55],[73.489,40.55],[73.526,40.42],[73.8,40.291],[73.573,39.579],[73.395,39.514],[73.69,39.45],[73.67,39.385],[73.63,39.256],[73.748,39.126],[73.494,38.545],[72.989,38.158],[72.626,37.706],[72.501,37.255],[72.423,37.255],[72.361,36.739],[71.887,36.417],[71.577,36.417],[71.277,36.16],[71.244,36.031],[71.672,35.58],[71.621,35.065],[71.605,35.001],[71.202,34.293],[70.772,34.1],[70.895,33.972],[70.868,33.522],[70.623,33.457],[70.579,33.264],[70.397,33.136],[70.368,33.007],[70.445,33.007],[70.326,32.814],[69.442,32.622],[68.351,31.786],[68.122,31.786],[67.931,31.593],[66.878,31.272],[66.525,31.015],[66.449,31.015],[66.483,31.593],[66.102,31.593],[65.694,31.85],[65.02,31.915],[64.383,32.172],[63.555,32.236],[63.426,32.365],[63.873,33.843],[64.324,34.165],[64.574,34.615],[65.092,34.872],[64.854,35.194],[64.829,35.773],[64.751,35.773],[65.155,38.739],[65.077,38.739],[65.144,38.997],[65.065,38.997],[65.282,39.514],[65.203,39.514],[65.291,39.838],[65.564,39.967],[65.883,40.809],[65.962,40.809],[66.653,41.263],[66.891,41.263],[67.547,41.587],[68.025,41.587],[68.223,41.457],[68.978,41.327],[69.58,41.717],[70.016,41.587],[71.63,41.652],[71.92,41.327]]]]}},{"type":"Feature","id":"cliopatria-0d843951f100e0cacf9c8091","properties":{"NAME":"Eastern Kushans","ABBREVN":null,"CONTROL":null,"SUBJECTO":"Eastern Kushans","PARTOF":null,"BORDERPRECISION":1,"FromYear":238,"ToYear":259,"Area":1240514.4813036164,"Type":"POLITY","Wikipedia":"Kushan Empire","Wikidata":"Q25979","SeshatID":"","Components":"","MemberOf":"","sourceFeatureId":"cliopatria-0d843951f100e0cacf9c8091","datasetId":"cliopatria"},"geometry":{"type":"MultiPolygon","coordinates":[[[[74.176,34.486],[74.253,34.486],[74.634,34.165],[74.602,34.036],[75.028,33.586],[74.996,33.457],[75.134,33.393],[75.103,33.264],[75.241,33.2],[75.271,33.007],[75.424,33.007],[75.469,32.879],[75.882,32.686],[76.127,32.75],[76.081,32.557],[76.463,32.236],[78.448,31.593],[78.844,31.658],[78.814,31.529],[79.18,31.465],[79.607,31.015],[79.624,30.758],[79.869,30.501],[79.845,30.051],[79.954,29.858],[79.885,29.537],[79.961,29.537],[79.867,29.087],[80.166,28.701],[80.681,28.637],[80.957,28.508],[81.195,28.187],[81.885,27.865],[82.538,27.737],[83.078,27.415],[84.357,27.415],[84.36,26.644],[84.511,26.644],[84.44,26.258],[84.515,26.258],[84.457,25.486],[84.339,25.229],[83.754,24.844],[83.071,24.779],[82.359,24.522],[81.603,23.943],[81.316,23.493],[81.307,23.429],[80.585,24.136],[79.38,24.586],[78.576,24.715],[78.314,24.972],[78.367,25.808],[78.292,25.808],[78.332,26.515],[78.257,26.515],[78.236,26.837],[77.238,26.708],[77.11,26.837],[76.584,26.837],[73.959,26.387],[73.479,26.194],[73.179,26.194],[71.905,25.679],[71.235,25.165],[71.086,25.165],[70.57,24.651],[70.605,24.329],[70.448,24.265],[70.424,24.072],[70.065,23.558],[69.5,23.172],[69.039,23.043],[69.025,22.915],[68.95,22.915],[68.606,23.172],[68.552,23.365],[68.336,23.429],[68.35,23.558],[68.127,23.558],[68.155,23.815],[67.633,23.815],[67.491,23.879],[67.438,24.072],[67.289,24.072],[67.326,24.393],[67.148,24.779],[66.632,24.844],[66.64,24.908],[67.112,25.101],[67.502,25.808],[67.197,26.322],[67.175,27.222],[67.062,27.479],[67.121,27.865],[67.046,27.865],[67.041,28.315],[66.965,28.315],[67.007,28.572],[66.931,28.572],[67.135,29.344],[66.995,29.408],[66.888,29.665],[66.434,29.665],[66.077,29.794],[66.316,29.858],[66.418,30.436],[66.343,30.436],[66.525,31.015],[66.878,31.272],[67.931,31.593],[68.122,31.786],[68.351,31.786],[69.442,32.622],[70.326,32.814],[70.445,33.007],[70.368,33.007],[70.397,33.136],[70.579,33.264],[70.623,33.457],[70.868,33.522],[70.895,33.972],[70.772,34.1],[71.202,34.293],[71.605,35.001],[71.682,35.001],[72.132,35.258],[72.706,35.387],[73.214,35.258],[73.441,34.937],[73.811,34.872],[73.701,34.744],[73.993,34.679],[74.176,34.486]]]]}},{"type":"Feature","id":"cliopatria-eb9d98509086c337c93f51e9","properties":{"NAME":"Ripuarian Franks","ABBREVN":null,"CONTROL":null,"SUBJECTO":"Ripuarian Franks","PARTOF":null,"BORDERPRECISION":1,"FromYear":238,"ToYear":259,"Area":22257.468196298236,"Type":"POLITY","Wikipedia":"Ripuarian Franks","Wikidata":"Q316860","SeshatID":"","Components":"","MemberOf":"","sourceFeatureId":"cliopatria-eb9d98509086c337c93f51e9","datasetId":"cliopatria"},"geometry":{"type":"MultiPolygon","coordinates":[[[[7.119,52.25],[7.204,52.25],[7.213,51.848],[7.386,51.714],[7.478,51.38],[7.649,51.313],[7.738,51.112],[7.991,51.112],[7.909,50.979],[8.166,50.779],[8.42,50.712],[8.421,50.645],[8.086,50.512],[8.088,50.379],[7.923,50.246],[7.755,50.246],[7.667,50.446],[7.413,50.512],[7.41,50.645],[7.24,50.712],[7.235,50.912],[7.065,50.979],[6.885,51.38],[6.539,51.647],[6.369,51.647],[5.934,51.982],[4.655,52.049],[4.652,52.116],[4.558,52.318],[4.811,52.385],[4.885,52.654],[5.391,52.855],[5.386,52.99],[5.56,52.923],[5.655,52.654],[6.083,52.654],[6.004,52.452],[6.347,52.385],[6.429,52.519],[6.683,52.586],[7.119,52.25]]]]}},{"type":"Feature","id":"cliopatria-9adcaaf446580d1eaff6d876","properties":{"NAME":"Sasanian Empire","ABBREVN":null,"CONTROL":null,"SUBJECTO":"Sasanian Empire","PARTOF":null,"BORDERPRECISION":1,"FromYear":238,"ToYear":259,"Area":2687808.177451222,"Type":"POLITY","Wikipedia":"Sasanian Empire","Wikidata":"Q1661685","SeshatID":"ir_sassanid_emp_1","Components":"","MemberOf":"","sourceFeatureId":"cliopatria-9adcaaf446580d1eaff6d876","datasetId":"cliopatria"},"geometry":{"type":"MultiPolygon","coordinates":[[[[51.132,25.422],[51.138,25.486],[51.212,25.486],[51.207,25.422],[51.132,25.422]]],[[[50.649,25.872],[50.43,25.936],[50.46,26.258],[50.685,26.258],[50.673,26.129],[50.667,26.065],[50.649,25.872]]],[[[57.241,40.161],[57.351,40.291],[58.332,40.42],[58.537,40.291],[58.854,40.291],[58.98,40.161],[59.77,40.161],[59.768,39.838],[60.084,39.838],[60.052,39.708],[60.683,39.708],[60.713,39.514],[60.949,39.514],[62.502,40.032],[62.879,39.967],[64.02,40.096],[64.389,40.291],[65.235,40.485],[65.272,40.614],[65.351,40.614],[65.37,40.679],[65.449,40.679],[65.43,40.614],[65.589,40.614],[65.804,40.809],[65.883,40.809],[65.564,39.967],[65.291,39.838],[65.203,39.514],[65.282,39.514],[65.065,38.997],[65.144,38.997],[65.077,38.739],[65.155,38.739],[64.751,35.773],[64.829,35.773],[64.854,35.194],[65.092,34.872],[64.574,34.615],[64.324,34.165],[63.873,33.843],[63.426,32.365],[63.185,32.3],[63.161,32.172],[62.82,31.979],[62.421,31.465],[61.942,31.336],[61.875,30.951],[61.387,30.308],[60.956,29.987],[61.001,29.794],[62.304,29.408],[64.12,29.408],[64.53,29.601],[65.125,29.537],[66.077,29.794],[66.434,29.665],[66.888,29.665],[66.995,29.408],[67.135,29.344],[66.931,28.572],[67.007,28.572],[66.965,28.315],[67.041,28.315],[67.046,27.865],[67.121,27.865],[67.062,27.479],[67.175,27.222],[67.197,26.322],[67.502,25.808],[67.112,25.101],[66.64,24.908],[66.648,24.972],[66.62,25.358],[66.345,25.551],[66.021,25.358],[64.816,25.294],[64.801,25.165],[64.285,25.229],[64.225,25.358],[63.626,25.358],[63.536,25.229],[62.563,25.229],[62.474,25.101],[62.182,25.165],[62.018,25.036],[61.719,25.036],[61.658,25.165],[61.127,25.101],[60.917,25.229],[60.618,25.229],[60.632,25.358],[59.06,25.358],[58.782,25.551],[57.958,25.551],[57.74,25.615],[57.679,25.744],[57.38,25.744],[57.176,25.936],[57.052,26.837],[56.715,27.158],[56.188,27.158],[56.098,27.029],[56.324,27.029],[56.309,26.901],[56.061,26.708],[55.603,26.644],[55.439,26.515],[55.289,26.515],[55.31,26.708],[55.543,26.772],[55.242,26.772],[54.832,26.451],[54.463,26.515],[54.259,26.708],[53.658,26.708],[53.461,26.965],[52.737,27.222],[52.479,27.608],[52.049,27.801],[51.597,27.801],[51.317,27.994],[51.331,28.122],[51.066,28.444],[51.028,28.765],[50.809,28.83],[50.915,29.087],[50.62,29.151],[50.651,29.408],[50.236,29.729],[50.065,30.179],[49.586,29.987],[48.943,30.308],[48.987,30.051],[48.365,29.922],[48.404,29.601],[47.866,29.537],[47.852,29.408],[48.079,29.408],[48.215,29.279],[48.194,29.087],[48.46,28.765],[48.563,28.315],[48.974,27.93],[48.872,27.672],[49.242,27.608],[49.36,27.287],[50.135,26.772],[50.116,26.579],[50.254,26.451],[50.223,26.129],[50.067,26.065],[50.211,26.001],[50.325,25.615],[50.608,25.422],[50.654,25.101],[50.729,25.101],[50.769,25.551],[50.925,25.615],[50.955,25.936],[51.123,26.129],[51.423,26.129],[51.698,25.872],[51.575,25.358],[51.719,25.294],[51.69,24.972],[51.524,24.779],[51.411,24.329],[51.854,24.265],[51.907,24.008],[52.28,24.008],[52.6,24.265],[53.112,24.136],[54.083,24.136],[54.099,24.329],[54.318,24.265],[54.559,24.458],[54.744,24.844],[55.143,25.101],[55.412,25.551],[55.97,25.872],[56.168,26.322],[56.475,26.387],[56.543,26.322],[56.385,25.551],[56.46,25.551],[56.421,25.165],[56.496,25.165],[56.402,24.972],[56.545,24.908],[56.788,24.329],[57.493,23.879],[58.812,23.622],[59.08,23.301],[59.068,23.172],[59.28,23.043],[59.268,22.915],[58.896,22.915],[58.908,23.043],[58.61,23.043],[58.335,23.301],[57.962,23.301],[57.974,23.429],[57.83,23.493],[56.809,23.751],[56.821,23.879],[56.54,24.072],[56.489,24.329],[56.271,24.393],[56.29,24.586],[56.09,24.844],[55.859,24.779],[55.841,24.586],[55.623,24.651],[54.812,23.943],[54.273,23.751],[51.881,23.686],[51.822,23.879],[51.166,24.072],[51.102,24.201],[51.203,24.522],[51.133,24.586],[51.294,24.715],[51.327,25.101],[51.402,25.101],[51.27,25.294],[51.35,25.358],[51.323,25.872],[51.173,25.872],[51.23,25.679],[50.982,25.422],[50.965,25.229],[51.12,25.294],[50.92,24.715],[50.616,24.651],[50.344,24.972],[50.032,25.679],[49.674,25.872],[49.878,26.451],[49.252,26.965],[49.265,27.094],[49.059,27.287],[48.552,27.479],[48.467,28.122],[48.247,28.187],[48.206,28.508],[48.055,28.508],[48.144,28.637],[48,28.701],[48.014,28.83],[47.809,29.022],[47.651,28.958],[47.672,29.151],[47.535,29.279],[47.654,29.665],[47.29,29.794],[46.979,29.729],[46.994,29.858],[46.85,29.922],[46.615,29.858],[46.591,30.308],[45.77,30.436],[44.955,31.272],[44.581,31.336],[44.459,31.593],[43.153,32.814],[42.709,32.943],[42.578,33.136],[41.489,33.65],[41.212,33.907],[40.912,33.972],[40.85,34.1],[40.311,34.1],[40.403,34.229],[40.18,34.293],[40.103,34.293],[40.618,34.744],[40.772,34.744],[41.112,35.001],[41.086,36.031],[41.671,36.353],[42.629,36.546],[42.623,37.062],[42.765,37.513],[42.774,37.577],[42.852,37.577],[42.861,37.642],[42.871,37.706],[42.88,37.771],[43.886,37.706],[43.945,37.577],[44.637,37.513],[44.774,37.384],[44.803,37.062],[45.251,36.933],[45.446,37.19],[45.29,37.19],[45.252,37.448],[45.174,37.448],[45.224,37.771],[45.635,37.9],[45.854,38.287],[46.121,38.481],[47.252,38.674],[48.326,38.093],[48.795,38.093],[48.874,38.093],[48.829,37.835],[49.085,37.513],[49.854,37.448],[50.321,36.997],[50.566,37.062],[50.632,36.997],[50.532,36.868],[51.265,36.61],[52.186,36.546],[53.088,36.804],[54.033,36.868],[54.095,37.19],[53.91,37.448],[53.908,37.835],[53.83,37.835],[53.987,38.997],[53.518,39.385],[53.138,39.45],[53.545,39.514],[53.498,40.032],[52.723,40.096],[52.714,40.42],[52.793,40.42],[52.893,40.874],[52.972,40.874],[52.943,40.744],[53.34,40.744],[53.448,40.874],[53.404,40.679],[54.544,40.809],[56.655,40.355],[56.987,40.42],[56.956,40.291],[57.035,40.291],[57.241,40.161]]]]}},{"type":"Feature","id":"cliopatria-0c6cb7257709aa72039d97b1","properties":{"NAME":"Shu Han","ABBREVN":null,"CONTROL":null,"SUBJECTO":"Shu Han","PARTOF":null,"BORDERPRECISION":1,"FromYear":238,"ToYear":260,"Area":879584.0561724369,"Type":"POLITY","Wikipedia":"Shu Han","Wikidata":"Q320925","SeshatID":"","Components":"","MemberOf":"","sourceFeatureId":"cliopatria-0c6cb7257709aa72039d97b1","datasetId":"cliopatria"},"geometry":{"type":"MultiPolygon","coordinates":[[[[105.615,23.043],[105.363,23.301],[104.956,23.108],[104.905,23.236],[102.99,23.365],[102.801,23.558],[102.651,23.558],[102.474,23.815],[102.325,23.815],[102.086,24.136],[101.811,24.265],[101.462,25.165],[101.398,25.936],[101.196,26.387],[101.09,27.544],[101.014,27.544],[101.05,27.994],[100.915,28.058],[101.039,28.251],[100.964,28.251],[101.03,28.508],[100.955,28.508],[101.022,28.765],[100.881,29.087],[100.951,29.344],[100.875,29.344],[100.964,29.665],[100.889,29.665],[100.961,29.922],[100.885,29.922],[100.978,30.244],[100.902,30.244],[101.015,30.629],[100.939,30.629],[101.055,31.015],[100.979,31.015],[101.687,32.75],[102.552,33.264],[103.21,33.393],[103.493,33.972],[103.355,34.229],[103.402,34.358],[103.479,34.358],[103.64,34.165],[105.558,34.358],[106.385,34.1],[107.847,34.1],[107.754,33.65],[107.831,33.65],[107.589,33.2],[107.665,33.2],[107.649,32.943],[107.878,32.943],[108.102,33.136],[108.238,32.879],[109.157,32.879],[109.316,32.686],[109.469,32.686],[109.499,32.557],[109.881,32.557],[109.911,32.429],[110.194,32.365],[110.224,32.236],[110.614,32.043],[110.478,31.658],[110.161,31.4],[109.812,31.272],[109.127,31.272],[108.856,31.143],[108.784,30.694],[108.894,30.565],[108.66,30.308],[109.035,30.051],[109.031,29.794],[109.258,29.794],[109.37,29.665],[109.367,29.408],[109.537,29.215],[109.462,28.701],[109.633,28.508],[109.561,28.251],[109.831,27.865],[109.686,27.608],[109.536,27.608],[109.15,27.287],[109.036,26.837],[109.111,26.837],[109.044,26.258],[109.119,26.258],[109.224,25.744],[109.359,25.679],[109.315,25.486],[109.39,25.486],[109.347,25.294],[109.454,25.101],[109.406,24.522],[109.243,24.458],[109.217,24.329],[107.386,24.136],[106.988,24.008],[106.466,23.622],[106.156,23.558],[105.69,23.043],[105.615,23.043]]]]}},{"type":"Feature","id":"cliopatria-124ca113797bfbd5fb19224d","properties":{"NAME":"Cao Wei","ABBREVN":null,"CONTROL":null,"SUBJECTO":"Cao Wei","PARTOF":null,"BORDERPRECISION":1,"FromYear":238,"ToYear":262,"Area":2092858.3841674079,"Type":"POLITY","Wikipedia":"Cao Wei","Wikidata":"Q320930","SeshatID":"cn_wei_k","Components":"","MemberOf":"","sourceFeatureId":"cliopatria-124ca113797bfbd5fb19224d","datasetId":"cliopatria"},"geometry":{"type":"MultiPolygon","coordinates":[[[[87.042,42.496],[87.122,42.496],[90.223,41.911],[90.195,41.847],[90.434,41.847],[90.536,41.717],[90.775,41.717],[91.27,41.392],[92.349,41.133],[92.321,41.068],[93.296,40.938],[93.268,40.874],[93.715,40.809],[93.687,40.744],[95.23,41.003],[96.926,41.068],[96.897,41.003],[97.63,40.874],[98.037,40.55],[98.225,40.614],[98.245,40.485],[98.948,40.291],[99.047,40.161],[99.284,40.161],[99.384,40.032],[100.124,40.096],[100.094,40.032],[100.539,39.967],[100.559,39.838],[100.924,39.773],[100.895,39.708],[104.613,39.902],[104.601,39.708],[104.728,39.644],[104.608,39.385],[104.48,39.45],[103.939,39.126],[103.608,38.739],[104.215,38.868],[103.808,38.481],[103.751,38.351],[103.958,38.287],[103.69,38.029],[103.768,38.029],[103.713,37.9],[104.311,37.835],[104.412,37.706],[105.065,37.771],[105.88,38.029],[106.037,38.029],[106.058,37.9],[107.359,37.835],[108.49,38.093],[108.461,38.029],[108.696,38.029],[108.794,37.9],[109.527,37.964],[109.498,37.9],[110.484,37.835],[110.455,37.771],[110.768,37.771],[110.738,37.706],[111.08,37.771],[111.021,37.642],[111.538,37.577],[111.509,37.513],[111.851,37.577],[112.698,39.191],[113.84,40.485],[113.865,40.679],[114.843,40.874],[115.992,41.782],[117.299,42.106],[117.456,42.236],[117.776,42.236],[117.74,42.041],[117.861,41.976],[117.746,41.782],[117.871,41.587],[118.03,41.587],[117.992,41.522],[118.428,41.587],[118.39,41.522],[118.909,41.457],[118.871,41.392],[121.021,41.263],[123.087,41.911],[123.167,41.911],[123.127,41.847],[123.405,41.782],[123.365,41.717],[123.604,41.717],[123.564,41.652],[124.042,41.522],[124.002,41.457],[124.28,41.392],[124.24,41.327],[124.479,41.327],[124.439,41.263],[124.717,41.198],[124.678,41.133],[125.831,41.327],[125.79,41.263],[126.108,41.263],[126.187,41.133],[126.742,41.003],[126.623,40.679],[126.425,40.614],[126.269,40.355],[126.432,40.096],[126.709,40.032],[126.832,39.838],[126.728,39.385],[126.964,39.385],[126.854,39.191],[127.023,38.933],[126.937,38.351],[126.348,37.835],[126.27,37.835],[125.845,37.771],[125.835,37.9],[125.678,37.9],[125.387,37.642],[125.231,37.642],[125.298,37.771],[125.209,37.9],[124.897,37.9],[125.077,38.093],[124.764,38.093],[124.866,38.287],[124.788,38.287],[124.961,38.61],[125.153,38.674],[125.189,38.739],[125.032,38.739],[125.39,39.385],[125.306,39.514],[124.87,39.579],[124.865,39.708],[124.512,39.644],[124.345,39.902],[124.034,39.773],[123.597,39.838],[122.936,39.644],[122.17,39.256],[121.952,38.997],[121.716,38.997],[121.422,38.739],[121.029,38.739],[121.201,39.062],[121.515,39.062],[121.69,39.385],[121.297,39.385],[121.21,39.514],[121.281,39.644],[121.438,39.644],[121.503,39.902],[121.776,39.967],[122.231,40.485],[122.106,40.679],[121.827,40.744],[121.824,40.874],[121.11,40.874],[120.997,40.679],[120.647,40.485],[120.5,40.226],[119.38,39.773],[119.215,39.32],[118.989,39.191],[118.45,39.062],[118.057,39.062],[118.046,39.191],[117.776,39.126],[117.576,38.739],[117.655,38.739],[117.602,38.481],[117.759,38.481],[117.773,38.351],[118.054,38.287],[118.067,38.158],[118.583,38.093],[118.648,38.222],[118.804,38.222],[118.772,38.158],[119.457,37.964],[119.393,37.835],[119.237,37.835],[118.984,37.319],[119.14,37.319],[119.156,37.19],[119.701,37.19],[119.827,37.448],[120.202,37.577],[120.188,37.706],[120.754,37.9],[121.112,37.835],[121.171,37.642],[121.483,37.642],[121.497,37.513],[122.154,37.577],[122.121,37.513],[122.713,37.448],[122.474,37.126],[122.566,36.997],[122.394,36.804],[121.912,36.933],[121.212,36.61],[120.979,36.61],[120.965,36.417],[120.732,36.417],[120.659,36.095],[120.318,36.031],[119.986,35.645],[119.619,35.516],[119.228,34.808],[119.459,34.808],[119.431,34.744],[119.711,34.679],[119.732,34.551],[120.342,34.358],[120.489,34.165],[120.55,33.586],[120.926,33.2],[120.923,33.007],[120.897,32.943],[120.155,32.814],[119.467,32.814],[119.059,32.943],[117.961,32.879],[117.579,32.686],[117.402,32.429],[116.919,32.365],[116.616,32.172],[115.327,31.786],[114.555,31.336],[114.068,31.465],[113.855,31.722],[112.124,31.786],[111.301,32.043],[110.614,32.043],[110.224,32.236],[110.194,32.365],[109.911,32.429],[109.881,32.557],[109.499,32.557],[109.469,32.686],[109.316,32.686],[109.157,32.879],[108.238,32.879],[108.102,33.136],[107.878,32.943],[107.649,32.943],[107.665,33.2],[107.589,33.2],[107.831,33.65],[107.754,33.65],[107.847,34.1],[106.385,34.1],[105.558,34.358],[103.64,34.165],[103.479,34.358],[103.503,34.422],[103.735,35.451],[103.63,35.58],[103.677,35.902],[103.6,35.902],[103.676,36.095],[103.467,36.353],[103.518,36.482],[103.389,36.546],[103.44,36.675],[103.311,36.739],[103.363,36.868],[103.208,37.062],[102.871,37.19],[102.611,37.126],[102.586,37.255],[102.171,37.384],[102.172,37.577],[102.043,37.642],[102.096,37.771],[101.755,37.513],[101.601,37.706],[101.315,37.771],[101.29,37.9],[100.796,38.029],[100.799,38.222],[100.642,38.222],[100.414,38.61],[100.199,38.287],[99.862,38.416],[99.379,39.126],[99.092,39.191],[99.12,39.256],[98.958,39.062],[98.384,39.191],[98.117,38.933],[97.96,38.933],[97.857,39.062],[97.492,39.126],[97.468,39.256],[96.763,39.45],[96.681,39.256],[96.76,39.256],[96.678,39.062],[96.757,39.062],[96.677,38.868],[96.755,38.868],[96.649,38.61],[95.865,38.803],[95.605,39.126],[95.447,39.126],[95.319,39.385],[94.977,39.32],[94.506,39.514],[93.955,39.514],[93.088,39.32],[92.248,39.385],[91.123,39.126],[89.58,38.997],[88.746,38.868],[87.662,38.481],[86.44,38.351],[86.081,38.222],[85.813,37.9],[85.356,37.706],[85.113,37.448],[81.031,36.61],[80.371,36.997],[79.398,37.126],[79.145,37.319],[78.424,37.513],[78.386,37.642],[78.093,37.706],[77.801,38.029],[77.841,38.158],[77.667,38.351],[77.51,38.351],[77.414,38.545],[77.258,38.545],[77.025,38.803],[75.792,39.126],[73.769,39.45],[73.69,39.45],[73.395,39.514],[73.573,39.579],[73.8,40.291],[73.526,40.42],[73.489,40.55],[73.331,40.55],[73.294,40.679],[73.135,40.679],[73.099,40.809],[73.12,40.874],[73.343,41.068],[74.751,41.003],[77.35,41.392],[77.374,41.457],[77.875,41.522],[80.028,42.366],[80.108,42.366],[80.239,42.496],[80.508,42.366],[82.056,42.236],[84.108,42.756],[85.792,42.756],[85.764,42.691],[87.042,42.496]]]]}},{"type":"Feature","id":"cliopatria-1190125004f78bfa7beebc5b","properties":{"NAME":"Eastern Wu","ABBREVN":null,"CONTROL":null,"SUBJECTO":"Eastern Wu","PARTOF":null,"BORDERPRECISION":1,"FromYear":238,"ToYear":262,"Area":1399407.801170153,"Type":"POLITY","Wikipedia":"Eastern Wu","Wikidata":"Q274488","SeshatID":"","Components":"","MemberOf":"","sourceFeatureId":"cliopatria-1190125004f78bfa7beebc5b","datasetId":"cliopatria"},"geometry":{"type":"MultiPolygon","coordinates":[[[[110.179,18.479],[109.862,18.35],[109.841,18.222],[109.25,18.222],[109.123,18.35],[108.765,18.415],[108.638,18.543],[108.704,19.379],[109.203,19.701],[109.246,19.958],[110.157,20.086],[110.591,20.022],[110.613,20.151],[110.909,20.151],[111.087,19.893],[111.032,19.572],[110.884,19.572],[110.851,19.379],[110.681,19.251],[110.508,18.672],[110.19,18.543],[110.179,18.479]]],[[[121.403,32.493],[121.503,32.172],[121.783,32.107],[121.987,31.85],[121.836,31.658],[121.301,31.85],[120.894,31.786],[121.454,31.658],[121.481,31.529],[121.634,31.529],[121.584,31.4],[121.737,31.4],[121.995,31.079],[121.899,30.822],[121.519,30.822],[121.197,30.565],[121.045,30.565],[120.68,30.179],[120.809,30.115],[121.105,30.308],[121.484,30.308],[121.62,30.051],[122.03,29.922],[121.865,29.665],[122.016,29.665],[121.928,29.408],[122.004,29.408],[121.938,29.215],[121.712,29.215],[121.798,29.472],[121.593,29.537],[121.539,29.151],[121.744,29.087],[121.714,28.765],[121.522,28.637],[121.652,28.572],[121.646,28.315],[121.153,28.187],[121.193,28.315],[121.118,28.315],[121.038,28.058],[120.868,27.994],[120.715,27.737],[120.657,27.544],[120.733,27.544],[120.545,27.158],[120.395,27.158],[120.247,26.901],[120.096,26.901],[120.061,26.772],[120.211,26.772],[120.158,26.579],[119.84,26.515],[119.938,26.322],[119.587,26.129],[119.778,26.001],[119.53,25.615],[119.904,25.615],[119.872,25.486],[119.466,25.358],[119.423,25.486],[119.273,25.486],[119.391,25.358],[119.344,25.165],[119.029,25.101],[119.074,24.972],[118.819,24.844],[118.76,24.586],[118.147,24.522],[118.076,24.201],[117.721,23.943],[117.694,23.815],[117.47,23.815],[117.179,23.493],[116.894,23.558],[116.78,23.365],[116.815,23.172],[116.591,23.172],[116.54,22.915],[115.696,22.786],[115.671,22.658],[115.373,22.658],[115.174,22.786],[114.902,22.529],[114.753,22.529],[114.641,22.722],[114.531,22.143],[114.37,22.079],[113.999,22.079],[113.996,22.465],[113.785,22.529],[113.747,22.722],[113.599,22.722],[113.699,22.465],[113.639,22.143],[113.416,22.143],[113.318,22.015],[113.106,22.079],[113.071,21.886],[112.774,21.886],[112.441,21.693],[111.859,21.758],[111.664,21.501],[110.984,21.436],[110.739,21.308],[110.716,21.179],[110.419,21.179],[110.483,21.115],[110.364,20.858],[110.616,20.601],[110.487,20.279],[109.883,20.215],[109.927,20.472],[109.789,20.536],[109.77,20.858],[109.696,20.858],[109.87,21.436],[109.807,21.501],[109.116,21.372],[109.086,21.629],[108.652,21.693],[108.555,21.565],[107.79,21.436],[107.417,20.986],[106.961,20.922],[106.834,20.601],[106.685,20.601],[106.537,20.151],[105.965,19.829],[105.734,18.865],[106.051,18.543],[106.031,18.415],[106.178,18.415],[106.295,18.222],[106.57,18.093],[106.571,17.643],[106.772,17.515],[106.752,17.386],[106.963,17.322],[106.953,17.258],[106.534,16.936],[106.544,17],[106.396,17],[106.416,17.129],[105.144,18.415],[105.185,18.672],[105.037,18.672],[105.142,18.865],[105.015,18.993],[105.014,19.443],[104.94,19.443],[104.992,19.765],[104.865,19.893],[104.981,20.151],[104.44,20.472],[104.619,20.665],[104.905,20.601],[104.873,20.858],[105.096,20.858],[104.851,21.179],[104.979,21.501],[104.926,21.629],[105.096,21.758],[105.128,21.951],[104.874,22.208],[105.238,22.593],[105.208,22.851],[105.506,22.851],[105.678,22.979],[105.69,23.043],[106.156,23.558],[106.466,23.622],[106.988,24.008],[107.386,24.136],[109.217,24.329],[109.243,24.458],[109.406,24.522],[109.454,25.101],[109.347,25.294],[109.39,25.486],[109.315,25.486],[109.359,25.679],[109.224,25.744],[109.119,26.258],[109.044,26.258],[109.111,26.837],[109.036,26.837],[109.15,27.287],[109.536,27.608],[109.686,27.608],[109.831,27.865],[109.561,28.251],[109.633,28.508],[109.462,28.701],[109.537,29.215],[109.367,29.408],[109.37,29.665],[109.258,29.794],[109.031,29.794],[109.035,30.051],[108.66,30.308],[108.894,30.565],[108.784,30.694],[108.856,31.143],[109.127,31.272],[109.812,31.272],[110.161,31.4],[110.478,31.658],[110.614,32.043],[111.301,32.043],[112.124,31.786],[113.855,31.722],[114.068,31.465],[114.555,31.336],[115.327,31.786],[116.616,32.172],[116.919,32.365],[117.402,32.429],[117.579,32.686],[117.961,32.879],[119.059,32.943],[119.467,32.814],[120.155,32.814],[120.897,32.943],[120.973,32.943],[120.895,32.75],[121.046,32.557],[121.123,32.557],[121.403,32.493]]],[[[122.273,30.179],[122.28,29.987],[121.977,29.987],[122.022,30.115],[122.045,30.179],[122.273,30.179]]]]}},{"type":"Feature","id":"cliopatria-5cf95bdf21c0982be5d96329","properties":{"NAME":"Goguryeo","ABBREVN":null,"CONTROL":null,"SUBJECTO":"Goguryeo","PARTOF":null,"BORDERPRECISION":1,"FromYear":238,"ToYear":305,"Area":126468.96850291664,"Type":"POLITY","Wikipedia":"Goguryeo","Wikidata":"Q28370","SeshatID":"kr_goguryeo_k","Components":"","MemberOf":"","sourceFeatureId":"cliopatria-5cf95bdf21c0982be5d96329","datasetId":"cliopatria"},"geometry":{"type":"MultiPolygon","coordinates":[[[[129.74,41.717],[129.698,41.652],[129.81,41.457],[129.727,41.327],[129.882,41.198],[129.756,40.874],[129.238,40.679],[129.078,40.42],[128.682,40.291],[128.368,40.032],[127.935,39.967],[127.583,39.773],[127.628,39.579],[127.59,39.514],[126.964,39.385],[126.728,39.385],[126.832,39.838],[126.709,40.032],[126.432,40.096],[126.269,40.355],[126.425,40.614],[126.623,40.679],[126.742,41.003],[126.187,41.133],[126.108,41.263],[125.79,41.263],[125.831,41.327],[124.678,41.133],[124.717,41.198],[124.439,41.263],[124.479,41.327],[124.24,41.327],[124.28,41.392],[124.002,41.457],[124.042,41.522],[123.564,41.652],[123.604,41.717],[123.365,41.717],[123.405,41.782],[123.127,41.847],[123.167,41.911],[123.247,41.911],[124.607,42.171],[125.459,42.626],[126.468,42.821],[130.333,43.082],[130.655,43.082],[130.61,43.017],[130.77,43.017],[130.762,42.886],[130.922,42.886],[130.745,42.626],[130.905,42.626],[130.773,42.431],[130.322,42.236],[129.74,41.717]]]]}},{"type":"Feature","id":"cliopatria-5f0f12e04919609080732ff1","properties":{"NAME":"Kingdom of Axum","ABBREVN":null,"CONTROL":null,"SUBJECTO":"Kingdom of Axum","PARTOF":null,"BORDERPRECISION":1,"FromYear":238,"ToYear":352,"Area":133415.64185753584,"Type":"POLITY","Wikipedia":"Kingdom of Aksum","Wikidata":"Q139377","SeshatID":"et_aksum_emp_1","Components":"","MemberOf":"","sourceFeatureId":"cliopatria-5f0f12e04919609080732ff1","datasetId":"cliopatria"},"geometry":{"type":"MultiPolygon","coordinates":[[[[40.819,14.815],[41.395,14.558],[41.665,14.043],[42.378,13.593],[42.437,13.272],[42.217,13.272],[41.918,13.143],[41.913,13.015],[41.47,12.95],[41.318,12.822],[38.972,12.822],[38.396,13.079],[38.262,13.4],[38.115,13.4],[38.196,13.593],[37.999,14.172],[38.168,14.686],[38.626,15.072],[38.558,15.2],[38.776,15.136],[38.934,15.393],[39.152,15.329],[39.605,15.586],[39.734,15.2],[39.808,15.2],[39.823,15.522],[39.97,15.522],[40.311,14.943],[40.681,15.008],[40.822,14.879],[40.819,14.815]]],[[[38.326,14.943],[38.329,15.008],[38.402,15.008],[38.399,14.943],[38.326,14.943]]],[[[42.766,15.522],[42.692,15.522],[42.824,16.615],[42.477,17],[42.487,17.193],[42.635,17.193],[43.022,17.515],[43.033,17.708],[43.25,17.643],[43.553,17.772],[43.9,17.386],[43.818,17.258],[44.021,16.936],[44.018,16.872],[43.944,16.872],[43.911,16.293],[44.121,16.1],[43.949,15.65],[43.996,15.136],[42.89,15.072],[42.816,15.072],[42.766,15.522]]]]}},{"type":"Feature","id":"cliopatria-9e64bf4cce2a9b341f0c3d91","properties":{"NAME":"Funan","ABBREVN":null,"CONTROL":null,"SUBJECTO":"Funan","PARTOF":null,"BORDERPRECISION":1,"FromYear":238,"ToYear":545,"Area":245197.61788678102,"Type":"POLITY","Wikipedia":"Funan","Wikidata":"Q867782","SeshatID":"kh_funan_1","Components":"","MemberOf":"","sourceFeatureId":"cliopatria-9e64bf4cce2a9b341f0c3d91","datasetId":"cliopatria"},"geometry":{"type":"MultiPolygon","coordinates":[[[[108.354,13.079],[108.251,12.179],[108.098,12.115],[108.136,11.793],[108.496,11.729],[108.622,11.536],[109.048,11.407],[108.728,11.15],[108.582,11.15],[108.569,11.022],[108.117,10.893],[108.025,10.7],[107.336,10.379],[107.05,10.443],[107.074,10.7],[107.001,10.7],[106.983,10.507],[106.757,10.443],[106.819,10.315],[106.666,10.25],[106.807,10.186],[106.795,10.057],[106.643,9.993],[106.699,9.8],[106.553,9.8],[106.603,9.543],[106.232,9.479],[106.143,9.286],[105.62,9.157],[105.135,8.579],[104.765,8.514],[104.702,8.643],[104.858,8.772],[104.712,8.772],[104.793,9.736],[105.034,9.993],[104.531,10.09],[104.163,10.556],[104.009,9.871],[103.532,10.485],[103.49,10.7],[103.642,10.765],[103.599,11.086],[103.355,10.829],[103.063,10.829],[103.051,11.472],[102.844,11.6],[102.87,11.857],[102.604,12.115],[102.444,11.986],[102.224,11.986],[102.257,12.307],[102.111,12.307],[101.778,12.629],[101.813,12.95],[101.681,13.079],[101.866,14.043],[103.207,13.593],[105.539,13.465],[105.876,13.207],[106.242,13.207],[106.301,13.079],[108.238,13.336],[108.354,13.079]]]]}},{"type":"Feature","id":"cliopatria-b74b12df25fa77caff624c3a","properties":{"NAME":"Gothia","ABBREVN":null,"CONTROL":null,"SUBJECTO":"Gothia","PARTOF":null,"BORDERPRECISION":1,"FromYear":247,"ToYear":259,"Area":219317.21491912758,"Type":"POLITY","Wikipedia":"Gothia","Wikidata":"Q422253","SeshatID":"","Components":"","MemberOf":"","sourceFeatureId":"cliopatria-b74b12df25fa77caff624c3a","datasetId":"cliopatria"},"geometry":{"type":"MultiPolygon","coordinates":[[[[29.577,45.366],[29.584,45.431],[29.666,45.431],[29.658,45.366],[29.577,45.366]]],[[[29.245,50.779],[29.76,50.845],[30.575,50.645],[30.63,50.446],[30.863,50.313],[30.88,49.847],[31.038,49.781],[30.927,49.582],[31.01,49.582],[30.964,49.25],[31.047,49.25],[31.002,48.919],[31.085,48.919],[30.957,48.588],[31.04,48.588],[31.005,48.324],[31.088,48.324],[30.979,48.126],[31.062,48.126],[31.01,47.73],[31.093,47.73],[31.067,47.532],[31.215,47.401],[31.19,47.203],[31.346,47.137],[31.402,46.94],[31.567,46.94],[31.533,46.677],[30.877,46.677],[30.298,45.955],[30.045,45.89],[29.859,45.693],[29.614,45.693],[29.592,45.497],[29.584,45.431],[29.096,45.431],[28.668,45.235],[28.349,45.3],[28.282,45.431],[28.038,45.431],[28.044,45.497],[28.038,46.218],[28.12,46.218],[28.169,46.677],[28.019,46.809],[28.033,46.94],[27.801,47.072],[27.815,47.203],[27.356,47.532],[27.157,47.994],[26.929,48.192],[26.349,48.192],[26.197,48.324],[25.547,48.456],[25.476,48.588],[24.581,48.787],[24.124,49.25],[23.874,49.25],[23.969,49.383],[22.834,49.781],[23.648,50.446],[23.991,50.512],[24.011,50.712],[24.621,50.912],[25.48,51.046],[27.508,51.046],[27.913,50.912],[28.419,50.912],[28.504,50.912],[29.245,50.779]]]]}},{"type":"Feature","id":"cliopatria-a2761a920d7e7edef622bfe6","properties":{"NAME":"Kingdom of Gordyene","ABBREVN":null,"CONTROL":null,"SUBJECTO":"Kingdom of Gordyene","PARTOF":null,"BORDERPRECISION":1,"FromYear":247,"ToYear":259,"Area":13927.584229271466,"Type":"POLITY","Wikipedia":"Corduene","Wikidata":"Q29237","SeshatID":"","Components":"","MemberOf":"","sourceFeatureId":"cliopatria-a2761a920d7e7edef622bfe6","datasetId":"cliopatria"},"geometry":{"type":"MultiPolygon","coordinates":[[[[42.861,37.642],[42.852,37.577],[42.774,37.577],[42.765,37.513],[41.984,37.513],[41.178,37.319],[40.112,37.513],[40.094,37.964],[40.572,38.029],[41.667,38.029],[41.97,37.964],[42.03,37.835],[42.508,37.9],[42.88,37.771],[42.871,37.706],[42.861,37.642]]]]}},{"type":"Feature","id":"cliopatria-c55a475cd5578d14ad2fa142","properties":{"NAME":"Roman Empire","ABBREVN":null,"CONTROL":null,"SUBJECTO":"Roman Empire","PARTOF":null,"BORDERPRECISION":1,"FromYear":247,"ToYear":259,"Area":4559762.400264493,"Type":"POLITY","Wikipedia":"Roman Empire","Wikidata":"Q12544","SeshatID":"it_roman_principate","Components":"","MemberOf":"","sourceFeatureId":"cliopatria-c55a475cd5578d14ad2fa142","datasetId":"cliopatria"},"geometry":{"type":"MultiPolygon","coordinates":[[[[2.61,34.422],[2.533,34.422],[2.531,34.486],[2.608,34.486],[2.61,34.422]]],[[[14.34,36.031],[14.417,36.031],[14.571,35.966],[14.568,35.773],[14.337,35.838],[14.34,36.031]]],[[[9.187,49.781],[9.192,49.316],[9.529,48.853],[12.111,49.184],[12.609,48.985],[12.773,48.787],[13.519,48.654],[14.258,48.258],[14.672,48.258],[14.841,48.39],[15.499,48.192],[16.663,48.324],[16.904,48.126],[17.072,48.192],[17.067,48.06],[17.635,47.796],[18.626,47.796],[18.798,47.928],[18.957,47.796],[18.95,47.664],[19.269,47.466],[19.173,47.203],[18.923,47.137],[18.998,47.006],[18.834,47.006],[18.824,46.809],[18.906,46.809],[18.896,46.612],[19.05,46.415],[18.952,46.087],[18.87,46.087],[18.949,46.021],[18.854,45.759],[19.011,45.628],[18.923,45.497],[19.004,45.497],[18.998,45.366],[19.238,45.3],[20.056,45.366],[19.907,45.628],[20.17,45.955],[20.185,46.218],[21.24,46.087],[21.331,46.218],[21.494,46.218],[21.486,46.087],[21.649,46.087],[22.008,46.546],[22.026,46.809],[22.291,47.072],[22.218,47.203],[22.3,47.203],[22.315,47.401],[22.485,47.466],[22.582,47.664],[23.17,47.796],[23.82,47.664],[25.553,47.664],[25.624,47.532],[25.865,47.466],[25.916,47.137],[26.706,46.809],[26.421,46.415],[26.402,46.218],[26.063,46.087],[25.742,46.152],[25.636,45.89],[25.479,45.955],[25.298,45.759],[25.224,44.908],[25.676,44.516],[25.838,44.516],[25.889,44.19],[26.362,44.059],[26.698,44.19],[27.748,44.19],[27.93,44.385],[27.849,44.385],[27.869,44.581],[27.707,44.581],[27.727,44.777],[27.889,44.777],[27.922,45.104],[27.767,45.17],[27.787,45.366],[27.956,45.431],[28.038,45.431],[28.282,45.431],[28.349,45.3],[28.668,45.235],[29.096,45.431],[29.584,45.431],[29.577,45.366],[29.658,45.366],[29.525,44.908],[29.024,44.777],[29.046,44.973],[28.802,44.973],[28.841,44.581],[28.577,44.385],[28.536,43.994],[28.616,43.994],[28.481,43.472],[28.159,43.472],[28.226,43.342],[27.898,43.277],[27.805,43.147],[27.847,42.756],[27.514,42.626],[27.495,42.431],[27.796,42.236],[27.784,42.106],[28.004,41.911],[27.979,41.652],[28.218,41.652],[28.279,41.457],[28.505,41.327],[28.976,41.263],[28.963,41.133],[30.479,41.198],[30.624,41.068],[31.18,41.068],[31.534,41.392],[32.027,41.522],[32.042,41.652],[32.193,41.587],[32.695,41.782],[32.631,41.911],[34.785,41.911],[34.882,42.041],[35.121,42.041],[35.157,41.717],[35.954,41.717],[36.209,41.263],[36.775,41.327],[37.065,41.133],[37.233,41.198],[37.215,41.068],[37.771,41.068],[37.831,40.938],[38.158,41.003],[38.298,40.874],[38.783,40.938],[39.051,41.133],[39.736,40.938],[40.37,40.938],[40.391,41.068],[40.539,41.003],[41.047,41.198],[41.159,41.392],[41.307,41.327],[41.408,41.457],[41.567,41.457],[41.815,41.976],[41.735,41.976],[41.758,42.106],[41.598,42.106],[41.701,42.236],[41.483,42.366],[41.609,42.626],[41.334,42.886],[41.173,42.886],[41.116,43.017],[40.817,43.147],[40.416,43.147],[40.219,43.407],[39.978,43.407],[40.081,43.538],[40.161,43.538],[40.599,43.277],[41.001,43.277],[41.208,43.082],[41.666,42.951],[41.803,42.821],[41.78,42.691],[41.998,42.561],[42.01,41.717],[41.705,41.327],[41.625,41.327],[41.614,41.263],[41.535,41.263],[41.45,40.744],[40.953,40.614],[40.398,40.096],[38.79,39.902],[38.93,39.773],[38.745,39.579],[38.954,39.385],[39.209,39.514],[39.751,39.45],[39.848,39.579],[40.548,39.514],[40.51,39.256],[40.658,39.191],[40.469,38.416],[40.547,38.416],[40.572,38.029],[40.094,37.964],[40.112,37.513],[41.178,37.319],[41.273,36.868],[41.42,36.804],[41.403,36.675],[41.55,36.61],[41.533,36.482],[41.671,36.353],[41.086,36.031],[41.112,35.001],[40.772,34.744],[40.618,34.744],[40.103,34.293],[40.026,34.293],[39.509,34.486],[39.124,34.486],[37.99,33.972],[37.739,33.779],[37.726,33.65],[37.573,33.65],[37.073,33.264],[37.054,33.072],[36.901,33.072],[36.717,32.75],[36.751,32.3],[36.516,32.236],[36.662,32.172],[36.387,31.658],[36.423,31.208],[36.271,31.208],[36.401,30.951],[36.156,30.758],[35.846,29.729],[35.77,29.729],[35.806,29.215],[35.655,29.215],[35.641,29.022],[35.48,28.894],[35.196,28.058],[34.593,28.058],[34.605,28.251],[34.854,28.572],[34.913,29.408],[34.752,29.279],[34.517,28.058],[34.358,27.93],[34.346,27.737],[34.12,27.737],[33.617,28.122],[33.554,28.315],[33.403,28.315],[33.189,28.508],[33.147,29.022],[32.857,29.215],[32.589,29.729],[32.602,29.922],[32.442,29.794],[32.689,28.958],[32.836,28.894],[33.105,28.38],[33.609,27.994],[33.585,27.608],[33.799,27.415],[33.927,27.029],[34.073,26.965],[34.051,26.579],[34.197,26.515],[34.461,25.872],[34.608,25.808],[35.146,24.651],[35.86,24.008],[35.854,23.879],[35.559,23.943],[35.553,23.815],[35.108,23.879],[33.756,23.686],[33.682,23.686],[33.389,23.815],[32.041,23.686],[31.67,23.751],[30.537,23.365],[30.463,23.365],[30.395,23.558],[30.104,23.751],[30.109,23.879],[29.959,23.879],[29.673,24.201],[28.569,24.651],[28.289,25.165],[28.244,25.936],[28.345,26.579],[28.27,26.579],[28.154,27.351],[27.937,27.544],[27.711,27.544],[27.792,27.672],[27.43,27.994],[27.276,27.93],[27.285,28.122],[27.14,28.251],[25.586,28.958],[25.373,29.279],[25.147,29.279],[25.001,29.408],[24.847,29.344],[24.779,29.537],[24.33,29.665],[23.962,29.922],[23.51,29.987],[22.916,30.308],[22.762,30.244],[22.767,30.372],[21.939,30.565],[20.952,30.565],[18.735,29.987],[17.905,30.179],[16.701,30.694],[15.49,30.951],[15.184,30.886],[15.187,31.079],[14.584,31.529],[14.586,31.658],[14.284,31.915],[13.6,32.172],[13.066,32.172],[13.067,32.3],[11.768,32.3],[11.768,32.429],[11.539,32.429],[11.463,32.557],[11.31,32.493],[11.157,32.686],[10.392,33.007],[10.009,33.007],[10.085,33.136],[9.625,33.136],[9.547,33.329],[9.624,33.457],[9.316,33.586],[9.238,33.843],[9.083,33.907],[9.083,34.036],[8.929,34.036],[8.928,34.165],[8.311,34.293],[8.081,34.229],[8.002,34.422],[7.615,34.551],[7.153,34.486],[6.92,34.615],[6.459,34.551],[6.148,34.679],[5.377,34.679],[5.149,34.551],[4.454,34.615],[3.843,34.422],[3.456,34.486],[2.921,34.358],[2.45,34.615],[1.294,34.615],[0.685,34.422],[0.451,34.486],[0.303,34.358],[-1.237,34.358],[-1.305,34.165],[-1.539,34.229],[-1.61,34.1],[-1.693,34.229],[-2.001,34.229],[-3.763,34.1],[-4.141,33.972],[-4.21,33.843],[-4.367,33.907],[-5.039,33.586],[-5.274,33.65],[-5.799,33.457],[-6.033,33.522],[-6.634,33.329],[-6.703,33.2],[-6.937,33.264],[-7.528,32.943],[-8.064,32.943],[-8.154,33.136],[-8.47,33.264],[-8.403,33.393],[-7.13,33.843],[-7.062,33.972],[-6.904,33.907],[-6.614,34.165],[-6.7,34.293],[-6.473,34.358],[-6.482,34.486],[-6.332,34.551],[-6.277,34.872],[-6.2,34.872],[-6.291,35.065],[-6.132,35.001],[-6.145,35.194],[-6,35.323],[-5.877,35.773],[-5.339,35.838],[-5.24,35.516],[-4.755,35.194],[-3.132,35.194],[-2.982,35.258],[-2.993,35.451],[-2.838,35.451],[-2.82,35.13],[-2.662,35.065],[-1.89,35.065],[-1.591,35.258],[-1.359,35.258],[-1.136,35.451],[-1.224,35.645],[-1.066,35.58],[-0.917,35.709],[-0.53,35.709],[-0.459,35.838],[0.084,35.838],[0.376,36.224],[0.684,36.288],[0.678,36.417],[0.914,36.353],[1.216,36.546],[1.53,36.482],[2.377,36.675],[2.69,36.61],[2.841,36.739],[3.23,36.739],[3.459,36.868],[3.85,36.804],[4.235,36.933],[4.859,36.868],[5.098,36.675],[5.564,36.675],[5.639,36.804],[6.106,36.804],[6.103,36.933],[6.334,37.062],[6.805,36.868],[7.194,36.868],[7.346,37.062],[7.502,37.062],[7.738,36.868],[8.516,36.868],[8.903,37.126],[9.059,37.062],[9.37,37.255],[9.759,37.319],[9.993,37.19],[10.227,37.255],[10.228,37.062],[10.305,37.062],[10.228,36.804],[10.462,36.739],[11.006,36.997],[11.006,36.804],[10.462,36.417],[10.54,36.353],[10.464,35.902],[10.696,35.709],[10.851,35.773],[10.928,35.58],[11.083,35.58],[11.083,35.387],[11.006,35.387],[11.083,35.001],[10.851,34.937],[10.851,34.808],[10.543,34.551],[10.004,34.293],[10.082,34.229],[10.006,33.907],[10.237,33.715],[10.544,33.715],[10.698,33.522],[11.082,33.586],[11.158,33.2],[11.464,33.2],[12.229,32.814],[12.612,32.879],[12.535,32.75],[12.841,32.75],[12.842,32.879],[13.302,32.943],[13.454,32.814],[13.761,32.879],[13.759,32.75],[14.065,32.75],[14.444,32.493],[14.675,32.557],[14.749,32.429],[15.055,32.429],[15.282,32.3],[15.425,31.658],[15.576,31.593],[15.649,31.4],[16.179,31.208],[16.864,31.208],[17.847,30.951],[18.222,30.758],[18.592,30.372],[18.896,30.372],[18.969,30.244],[19.655,30.372],[19.964,30.565],[19.968,30.694],[20.202,30.886],[20.134,31.143],[20.214,31.272],[19.996,31.593],[20.089,32.107],[20.017,32.236],[20.246,32.236],[20.331,32.493],[20.482,32.429],[20.563,32.557],[20.716,32.557],[20.644,32.686],[20.871,32.622],[21.108,32.814],[21.412,32.75],[21.879,32.943],[23.089,32.622],[23.081,32.429],[23.231,32.365],[23.149,32.236],[23.299,32.172],[23.68,32.172],[24.129,31.979],[24.892,31.979],[25.112,31.786],[25.102,31.593],[25.248,31.465],[26.848,31.465],[27.297,31.336],[27.515,31.143],[28.496,31.015],[28.865,30.822],[29.397,30.822],[29.485,31.015],[29.633,30.951],[29.87,31.079],[29.802,31.208],[29.882,31.272],[30.339,31.272],[30.271,31.4],[30.352,31.465],[30.809,31.465],[30.966,31.529],[30.975,31.658],[31.203,31.658],[31.118,31.529],[31.266,31.465],[31.875,31.465],[31.781,31.208],[31.937,31.272],[32,31.079],[32.304,31.079],[32.237,31.208],[32.389,31.208],[32.532,31.079],[32.765,31.143],[32.832,31.015],[33.983,31.143],[34.297,31.272],[34.308,31.4],[34.547,31.529],[34.639,31.722],[34.573,31.85],[34.813,31.979],[34.77,32.365],[35.022,32.622],[35.056,33.007],[35.215,33.072],[35.398,33.393],[35.346,33.65],[35.499,33.65],[35.447,33.907],[35.684,33.972],[35.644,34.358],[35.792,34.293],[36.049,34.551],[36.068,34.744],[35.927,34.872],[35.96,35.194],[35.882,35.194],[35.993,35.516],[35.845,35.58],[35.99,36.224],[35.842,36.288],[36.265,36.61],[36.286,36.804],[36.145,36.933],[35.834,36.933],[35.488,36.61],[35.113,36.739],[34.95,36.675],[34.893,36.868],[34.582,36.868],[34.251,36.675],[33.979,36.288],[33.274,36.224],[32.713,36.031],[32.558,36.031],[32.499,36.224],[32.068,36.61],[31.086,36.933],[30.619,36.933],[30.492,36.353],[30.026,36.353],[29.938,36.224],[29.24,36.224],[29.125,36.739],[28.736,36.739],[28.591,36.868],[28.357,36.868],[28.187,36.675],[28.031,36.675],[28.138,37.062],[28.065,37.126],[27.598,37.126],[27.539,37.384],[27.223,37.319],[27.31,37.448],[27.163,37.577],[27.256,37.771],[27.178,37.771],[27.275,38.029],[26.889,38.093],[26.82,38.222],[26.429,38.222],[26.384,38.674],[26.536,38.61],[26.595,38.351],[27.065,38.351],[27.08,38.545],[26.849,38.61],[26.958,38.997],[26.879,38.997],[26.894,39.191],[26.742,39.256],[26.847,39.579],[26.132,39.514],[26.272,40.291],[26.605,40.485],[26.684,40.485],[26.673,40.355],[27.47,40.42],[27.538,40.291],[27.696,40.291],[27.792,40.485],[27.95,40.485],[27.939,40.355],[29.046,40.355],[28.9,40.485],[28.913,40.614],[29.48,40.744],[29.493,40.874],[29.249,40.809],[29.103,40.938],[29.116,41.068],[28.633,41.003],[28.169,41.133],[28.077,41.003],[27.527,41.068],[27.017,40.679],[26.921,40.485],[26.626,40.744],[26.14,40.614],[26.082,40.874],[25.378,41.003],[24.347,41.003],[24.011,40.744],[23.698,40.809],[23.685,40.614],[23.839,40.55],[23.737,40.226],[23.267,40.291],[22.884,40.485],[22.892,40.614],[22.655,40.614],[22.56,40.355],[22.544,40.096],[22.702,40.096],[22.611,39.902],[23.135,39.45],[22.816,39.385],[22.797,39.062],[23.116,39.126],[23.108,38.997],[23.344,38.997],[23.493,38.868],[23.332,38.803],[23.025,38.933],[22.936,38.739],[23.167,38.674],[23.313,38.481],[23.626,38.481],[23.563,38.739],[24.03,38.674],[24.179,38.545],[24.159,38.222],[24.002,38.222],[23.979,37.835],[23.443,38.029],[23.208,38.029],[23.201,37.9],[23.044,37.9],[23.108,37.642],[23.342,37.642],[23.402,37.319],[23.169,37.319],[23.176,37.448],[22.949,37.577],[22.714,37.577],[22.701,37.319],[22.853,37.255],[23.056,36.675],[22.833,36.868],[22.599,36.868],[22.512,36.675],[22.356,36.675],[22.22,37.062],[21.909,37.062],[21.899,36.868],[21.744,36.868],[21.681,37.19],[21.603,37.19],[21.697,37.513],[21.244,37.835],[21.416,38.158],[21.729,38.158],[21.738,38.351],[21.193,38.416],[20.974,38.739],[20.741,38.803],[20.911,39.062],[20.297,39.385],[20.155,39.708],[19.912,39.579],[19.758,39.644],[19.764,39.773],[20,39.773],[20.009,39.967],[19.63,40.291],[19.471,40.291],[19.486,40.614],[19.249,40.614],[19.255,40.744],[19.498,40.874],[19.438,41.263],[19.523,41.392],[19.444,41.392],[19.53,41.522],[19.45,41.522],[19.542,41.782],[18.852,42.366],[18.143,42.626],[17.992,42.821],[17.593,42.886],[17.508,42.756],[17.516,42.951],[17.355,42.951],[17.365,43.212],[17.122,43.147],[17.051,43.407],[16.727,43.342],[16.734,43.538],[16.575,43.603],[15.927,43.472],[16.012,43.603],[15.857,43.798],[15.695,43.798],[15.619,43.929],[15.375,43.863],[15.459,43.994],[15.219,44.059],[15.147,44.385],[14.909,44.581],[14.919,44.973],[14.516,45.104],[14.603,45.366],[14.196,45.366],[14.189,45.039],[13.946,45.039],[13.943,44.908],[13.781,44.908],[13.706,45.235],[13.544,45.3],[13.547,45.497],[13.71,45.497],[13.715,45.759],[13.39,45.824],[13.145,45.824],[13.06,45.628],[12.817,45.693],[12.652,45.562],[12.163,45.497],[12.16,45.17],[12.403,45.039],[12.4,44.777],[12.157,44.843],[12.154,44.451],[12.313,44.19],[12.873,43.798],[13.036,43.863],[13.034,43.733],[13.355,43.668],[13.673,43.407],[13.747,43.082],[13.985,42.951],[13.901,42.756],[14.056,42.496],[14.371,42.236],[14.531,42.236],[14.608,42.106],[14.769,42.171],[14.766,42.041],[14.924,41.976],[15.165,42.041],[15.241,41.911],[16.119,41.911],[16.115,41.782],[15.874,41.717],[15.944,41.392],[17.203,41.003],[17.511,40.744],[17.981,40.614],[18.438,40.161],[18.349,39.902],[18.112,39.902],[17.813,40.355],[17.418,40.355],[17.345,40.55],[17.028,40.55],[16.868,40.485],[16.945,40.42],[16.862,40.291],[16.624,40.291],[16.697,40.096],[16.457,39.967],[16.447,39.644],[16.916,39.514],[17.07,39.385],[17.138,39.062],[16.502,38.803],[16.492,38.416],[15.933,37.964],[15.698,37.964],[15.624,38.158],[15.389,38.158],[15.066,37.642],[15.059,37.255],[15.214,37.19],[15.05,36.739],[14.661,36.739],[14.278,37.126],[13.578,37.255],[13.192,37.577],[12.49,37.706],[12.492,37.9],[12.65,38.093],[13.04,38.029],[13.12,38.158],[13.355,38.158],[13.665,37.964],[14.056,37.964],[15.862,38.287],[15.95,38.674],[16.265,38.739],[16.27,38.933],[16.117,39.062],[15.899,39.773],[15.666,39.902],[15.748,40.032],[15.432,40.032],[15.199,40.226],[15.041,40.226],[14.893,40.679],[14.418,40.679],[14.422,40.874],[14.105,40.874],[13.951,41.133],[13.792,41.133],[13.715,41.263],[13,41.327],[12.922,41.457],[12.605,41.522],[12.131,41.911],[12.132,42.041],[11.813,42.106],[11.655,42.366],[11.495,42.301],[11.415,42.431],[11.255,42.431],[11.176,42.626],[11.016,42.626],[11.016,42.821],[10.535,43.082],[10.212,43.994],[9.889,43.994],[9.97,44.124],[9.727,44.124],[9.159,44.451],[8.432,44.385],[8.034,43.929],[7.15,43.733],[6.993,43.538],[6.673,43.472],[6.518,43.212],[6.278,43.147],[5.796,43.147],[5.632,43.277],[5.391,43.277],[5.387,43.407],[5.063,43.472],[4.178,43.472],[4.173,43.603],[3.851,43.603],[3.617,43.407],[3.14,43.277],[2.985,43.147],[3.01,42.561],[3.178,42.366],[3.117,41.911],[2.573,41.587],[2.334,41.587],[2.107,41.327],[1.238,41.198],[0.696,40.938],[0.709,40.679],[0.248,40.42],[0.183,40.161],[-0.126,40.032],[-0.345,39.708],[-0.314,39.126],[0.099,38.739],[-0.661,38.287],[-0.803,38.029],[-0.705,37.642],[-1.709,37.448],[-1.623,37.319],[-1.857,37.319],[-2.062,36.804],[-2.532,36.868],[-2.68,36.739],[-4.469,36.739],[-4.689,36.546],[-5.228,36.482],[-5.288,36.224],[-5.662,36.031],[-5.831,36.224],[-6.064,36.224],[-6.33,36.675],[-6.35,36.933],[-6.588,36.997],[-6.842,37.255],[-7.465,37.255],[-7.455,37.126],[-7.678,36.997],[-8.701,37.126],[-9.001,36.997],[-8.897,37.577],[-8.819,37.577],[-8.823,38.481],[-9.209,38.416],[-9.233,38.674],[-9.384,38.61],[-9.553,38.739],[-9.572,38.933],[-9.427,39.062],[-9.387,39.45],[-9.157,39.514],[-9.104,39.773],[-9.025,39.773],[-8.925,40.355],[-8.846,40.355],[-8.872,40.614],[-8.727,40.744],[-8.956,42.171],[-8.657,42.366],[-9.079,42.561],[-9.1,42.756],[-9.275,42.886],[-9.305,43.147],[-9.159,43.277],[-8.852,43.407],[-8.369,43.407],[-8.39,43.603],[-8.244,43.733],[-7.276,43.733],[-7.343,43.603],[-7.176,43.538],[-5.733,43.603],[-4.99,43.407],[-3.467,43.472],[-3.296,43.342],[-1.688,43.342],[-1.388,43.668],[-1.349,44.255],[-1.268,44.255],[-1.286,44.516],[-1.205,44.516],[-1.252,45.17],[-1.171,45.17],[-1.189,45.431],[-1.031,45.497],[-1.045,45.693],[-1.213,45.759],[-1.141,45.89],[-1.223,45.89],[-1.252,46.283],[-1.666,46.349],[-2.014,46.612],[-2.025,46.743],[-2.194,46.809],[-2.139,47.137],[-2.232,47.269],[-2.562,47.269],[-2.578,47.466],[-2.826,47.466],[-2.837,47.598],[-3.156,47.466],[-3.344,47.73],[-3.757,47.73],[-3.935,47.862],[-4.424,47.796],[-4.692,47.994],[-4.705,48.126],[-4.546,48.192],[-4.643,48.324],[-4.891,48.324],[-4.912,48.522],[-4.6,48.72],[-3.852,48.72],[-3.455,48.919],[-3.122,48.919],[-2.759,48.588],[-2.522,48.72],[-1.602,48.654],[-1.718,49.051],[-1.635,49.051],[-1.652,49.25],[-1.913,49.383],[-2.032,49.781],[-1.362,49.781],[-1.251,49.449],[0.007,49.383],[-0.012,49.648],[0.224,49.847],[1.053,49.98],[1.455,50.246],[1.425,50.712],[1.656,51.046],[2.578,51.179],[2.739,51.313],[3.41,51.447],[3.399,51.647],[3.739,51.647],[3.647,51.781],[3.98,51.915],[4.056,52.116],[4.232,51.982],[4.57,52.049],[4.655,52.049],[5.934,51.982],[6.369,51.647],[6.539,51.647],[6.885,51.38],[7.065,50.979],[7.235,50.912],[7.24,50.712],[7.41,50.645],[7.413,50.512],[7.667,50.446],[7.755,50.246],[7.923,50.246],[8.088,50.379],[8.086,50.512],[8.421,50.645],[8.505,50.645],[8.758,50.579],[8.68,50.113],[8.851,49.914],[9.187,49.781]]],[[[20.621,37.9],[20.699,37.9],[20.934,37.9],[20.922,37.642],[20.613,37.706],[20.621,37.9]]],[[[20.328,38.351],[20.488,38.416],[20.566,38.416],[20.795,38.287],[20.786,38.093],[20.32,38.158],[20.328,38.351]]],[[[1.274,38.803],[1.183,39.062],[1.259,39.126],[1.337,39.126],[1.652,39.126],[1.658,38.997],[1.431,38.803],[1.274,38.803]]],[[[20.07,39.579],[20.073,39.644],[20.152,39.644],[20.149,39.579],[20.07,39.579]]],[[[3.296,39.32],[2.824,39.32],[2.659,39.514],[2.346,39.45],[2.338,39.644],[2.877,39.967],[2.956,39.967],[3.193,39.967],[3.198,39.838],[3.516,39.773],[3.296,39.32]]],[[[3.741,40.096],[3.82,40.096],[4.215,40.096],[4.302,39.838],[3.827,39.902],[3.741,40.096]]],[[[9.665,40.291],[9.747,39.644],[9.669,39.644],[9.593,39.126],[9.12,39.191],[8.966,38.868],[8.73,38.868],[8.336,38.997],[8.412,39.256],[8.333,39.256],[8.33,39.514],[8.409,39.514],[8.483,39.902],[8.325,39.967],[8.4,40.291],[8.321,40.291],[8.319,40.485],[8.16,40.55],[8.155,40.938],[8.552,40.874],[9.025,41.263],[9.104,41.263],[9.502,41.198],[9.822,40.744],[9.823,40.355],[9.665,40.291]]],[[[9.578,41.976],[9.498,41.976],[9.499,41.782],[9.262,41.392],[9.104,41.327],[8.784,41.522],[8.782,41.717],[8.623,41.717],[8.7,41.911],[8.539,42.106],[8.535,42.496],[8.773,42.691],[9.173,42.756],[9.251,43.017],[9.331,43.017],[9.492,43.017],[9.493,42.756],[9.574,42.756],[9.578,41.976]]],[[[10.134,42.886],[10.214,42.886],[10.455,42.886],[10.455,42.691],[10.215,42.691],[10.134,42.886]]],[[[14.269,44.973],[14.35,44.973],[14.511,44.908],[14.502,44.516],[14.261,44.581],[14.269,44.973]]],[[[19.086,45.497],[19.004,45.497],[19.007,45.562],[19.089,45.562],[19.086,45.497]]],[[[19.166,47.072],[19.084,47.072],[19.087,47.137],[19.169,47.137],[19.166,47.072]]],[[[16.907,48.192],[16.909,48.258],[16.992,48.258],[16.989,48.192],[16.907,48.192]]],[[[16.826,48.258],[16.829,48.324],[16.912,48.324],[16.909,48.258],[16.826,48.258]]],[[[0.07,52.99],[0.166,52.855],[0.337,52.855],[0.493,53.057],[1.094,53.057],[1.532,52.923],[1.717,52.721],[1.739,52.385],[1.654,52.385],[1.586,52.116],[1.425,51.982],[1.17,51.982],[1.184,51.781],[0.844,51.781],[0.863,51.513],[0.524,51.513],[1.381,51.38],[1.314,51.112],[0.493,50.779],[-1.368,50.845],[-1.109,50.779],[-1.177,50.579],[-1.513,50.579],[-1.525,50.712],[-2.608,50.579],[-2.789,50.712],[-3.126,50.712],[-3.457,50.645],[-3.585,50.246],[-4.089,50.246],[-4.187,50.379],[-4.355,50.379],[-4.929,50.246],[-5.151,49.98],[-5.746,50.046],[-5.769,50.246],[-5.28,50.379],[-5.134,50.579],[-4.881,50.579],[-4.819,50.779],[-4.658,50.845],[-4.68,51.046],[-4.426,51.046],[-4.202,51.313],[-3.095,51.246],[-3.108,51.38],[-2.945,51.447],[-3.121,51.513],[-3.277,51.38],[-3.701,51.38],[-3.892,51.58],[-4.308,51.513],[-4.415,51.714],[-5.079,51.58],[-5.264,51.714],[-5.219,52.049],[-4.553,52.183],[-4.157,52.452],[-4.295,52.923],[-4.794,52.788],[-4.81,52.923],[-4.49,53.125],[-4.67,53.192],[-4.702,53.462],[-4.271,53.462],[-4.076,53.26],[-3.153,53.462],[-3.095,53.732],[-3.196,53.868],[-2.966,54.138],[-3.305,54.071],[-3.319,54.206],[-3.587,54.274],[-3.72,54.681],[-3.569,54.885],[-2.895,55.089],[-2.822,55.225],[-2.379,55.157],[-1.613,55.362],[-1.286,54.681],[-0.671,54.613],[-0.202,54.206],[-0.18,53.935],[0.004,53.8],[0.01,53.732],[0.118,53.462],[0.295,53.395],[0.316,53.125],[0.07,52.99]]],[[[34.087,35.001],[33.695,34.937],[33.523,34.744],[33.132,34.679],[33.044,34.551],[32.367,34.744],[32.229,34.937],[32.246,35.13],[32.555,35.13],[32.875,35.258],[32.887,35.387],[33.737,35.387],[34.31,35.709],[34.387,35.709],[34.542,35.709],[34.529,35.58],[33.957,35.258],[34.087,35.001]]],[[[24.15,35.387],[24.301,35.323],[25.692,35.323],[25.681,35.13],[26.225,35.194],[26.14,35.065],[24.824,35.001],[24.757,35.194],[24.526,35.194],[24.448,35.194],[23.679,35.258],[23.615,35.516],[24.157,35.516],[24.15,35.387]]],[[[27.693,36.288],[28.017,36.482],[28.095,36.482],[28.25,36.482],[28.139,36.031],[27.743,35.902],[27.693,36.288]]],[[[22.887,36.417],[22.965,36.417],[23.117,36.353],[23.107,36.16],[22.874,36.16],[22.887,36.417]]],[[[27.117,36.933],[27.185,36.804],[26.865,36.675],[27.039,36.933],[27.117,36.933]]],[[[25.339,37.126],[25.417,37.126],[25.573,37.126],[25.564,36.997],[25.331,36.997],[25.339,37.126]]],[[[24.361,37.706],[24.432,37.577],[24.272,37.513],[24.201,37.642],[24.283,37.706],[24.361,37.706]]],[[[25.064,37.706],[25.22,37.706],[25.286,37.513],[25.052,37.513],[24.986,37.706],[25.064,37.706]]],[[[26.08,37.706],[26.158,37.706],[26.314,37.706],[26.305,37.577],[25.988,37.513],[26.08,37.706]]],[[[24.694,38.029],[24.772,38.029],[25.068,37.771],[24.83,37.706],[24.682,37.835],[24.694,38.029]]],[[[25.899,38.481],[25.821,38.481],[25.913,38.674],[25.991,38.674],[26.217,38.545],[26.111,38.158],[25.876,38.158],[25.899,38.481]]],[[[23.567,38.803],[23.563,38.739],[23.485,38.739],[23.489,38.803],[23.567,38.803]]],[[[24.365,38.997],[24.444,38.997],[24.675,38.933],[24.662,38.739],[24.357,38.868],[24.365,38.997]]],[[[26.094,38.997],[26.103,39.126],[25.793,39.191],[26.044,39.385],[26.123,39.385],[26.511,39.32],[26.644,38.997],[26.246,38.933],[26.094,38.997]]],[[[25.067,40.032],[25.146,40.032],[25.462,40.032],[25.447,39.838],[24.974,39.838],[25.067,40.032]]],[[[25.798,40.291],[26.035,40.291],[26.025,40.161],[25.704,40.096],[25.719,40.291],[25.798,40.291]]],[[[24.57,40.809],[24.808,40.809],[24.794,40.614],[24.551,40.55],[24.491,40.809],[24.57,40.809]]]]}},{"type":"Feature","id":"cliopatria-898087472e31344309926674","properties":{"NAME":"Western Kushans","ABBREVN":null,"CONTROL":null,"SUBJECTO":"Western Kushans","PARTOF":null,"BORDERPRECISION":1,"FromYear":247,"ToYear":259,"Area":684685.7926896549,"Type":"POLITY","Wikipedia":"Kushan Empire","Wikidata":"Q25979","SeshatID":"","Components":"","MemberOf":"","sourceFeatureId":"cliopatria-898087472e31344309926674","datasetId":"cliopatria"},"geometry":{"type":"MultiPolygon","coordinates":[[[[71.92,41.327],[72,41.327],[72.232,41.068],[72.47,41.068],[73.019,40.809],[73.099,40.809],[73.135,40.679],[73.294,40.679],[73.331,40.55],[73.489,40.55],[73.526,40.42],[73.8,40.291],[73.573,39.579],[73.395,39.514],[73.69,39.45],[73.67,39.385],[73.63,39.256],[73.748,39.126],[73.494,38.545],[72.989,38.158],[72.626,37.706],[72.501,37.255],[72.423,37.255],[72.361,36.739],[71.887,36.417],[71.577,36.417],[71.277,36.16],[71.244,36.031],[71.672,35.58],[71.621,35.065],[71.605,35.001],[71.202,34.293],[70.772,34.1],[70.895,33.972],[70.868,33.522],[70.623,33.457],[70.579,33.264],[70.397,33.136],[70.368,33.007],[70.445,33.007],[70.326,32.814],[69.442,32.622],[68.351,31.786],[68.122,31.786],[67.931,31.593],[66.878,31.272],[66.525,31.015],[66.449,31.015],[66.483,31.593],[66.102,31.593],[65.694,31.85],[65.02,31.915],[64.383,32.172],[63.555,32.236],[63.426,32.365],[63.873,33.843],[64.324,34.165],[64.574,34.615],[65.092,34.872],[64.854,35.194],[64.829,35.773],[64.751,35.773],[65.155,38.739],[65.077,38.739],[65.144,38.997],[65.065,38.997],[65.282,39.514],[65.203,39.514],[65.291,39.838],[65.564,39.967],[65.883,40.809],[65.962,40.809],[66.653,41.263],[66.891,41.263],[67.547,41.587],[68.025,41.587],[68.223,41.457],[68.978,41.327],[69.58,41.717],[70.016,41.587],[71.63,41.652],[71.92,41.327]]]]}},{"type":"Feature","id":"cliopatria-cf3a5a923efb6c19d90f6739","properties":{"NAME":"Himyarite Kingdom","ABBREVN":null,"CONTROL":null,"SUBJECTO":"Himyarite Kingdom","PARTOF":null,"BORDERPRECISION":1,"FromYear":247,"ToYear":269,"Area":73094.89679310276,"Type":"POLITY","Wikipedia":"Himyarite Kingdom","Wikidata":"Q289577","SeshatID":"","Components":"","MemberOf":"","sourceFeatureId":"cliopatria-cf3a5a923efb6c19d90f6739","datasetId":"cliopatria"},"geometry":{"type":"MultiPolygon","coordinates":[[[[45.302,14.815],[45.816,14.815],[45.946,14.493],[46.163,14.429],[46.2,13.722],[46.047,13.593],[46.111,13.4],[45.741,13.336],[45.054,12.757],[43.802,12.629],[43.439,12.693],[43.447,12.886],[43.236,13.079],[43.265,13.722],[43.057,13.979],[42.886,15.008],[42.89,15.072],[44.29,15.136],[44.346,14.815],[44.56,14.686],[45.228,14.815],[45.302,14.815]]],[[[43.893,18.543],[43.89,18.479],[43.816,18.479],[43.742,18.479],[43.746,18.543],[43.819,18.543],[43.823,18.608],[43.897,18.608],[43.893,18.543]]]]}},{"type":"Feature","id":"cliopatria-e660f055ef6bbccfd12b42cf","properties":{"NAME":"Sabaeans","ABBREVN":null,"CONTROL":null,"SUBJECTO":"Sabaeans","PARTOF":null,"BORDERPRECISION":1,"FromYear":247,"ToYear":269,"Area":64450.64785275194,"Type":"POLITY","Wikipedia":"Sabaeans","Wikidata":"Q940785","SeshatID":"","Components":"","MemberOf":"","sourceFeatureId":"cliopatria-e660f055ef6bbccfd12b42cf","datasetId":"cliopatria"},"geometry":{"type":"MultiPolygon","coordinates":[[[[44.81,16.55],[45.226,16.1],[45.215,15.908],[45.366,15.972],[45.579,15.843],[46.021,15.843],[46.175,15.972],[46.396,15.972],[46.47,15.972],[46.381,15.715],[46.149,15.522],[45.855,15.522],[45.848,15.393],[45.179,15.265],[45.025,15.136],[44.29,15.136],[42.89,15.072],[42.816,15.072],[42.766,15.522],[42.692,15.522],[42.824,16.615],[42.477,17],[42.487,17.193],[42.635,17.193],[43.022,17.515],[43.033,17.708],[43.25,17.643],[43.553,17.772],[43.9,17.386],[43.818,17.258],[43.959,17.129],[43.947,16.936],[44.088,16.808],[44.312,16.872],[44.305,16.743],[44.813,16.615],[44.81,16.55]]]]}},{"type":"Feature","id":"cliopatria-c3315857426b7ac687922144","properties":{"NAME":"Gothia","ABBREVN":null,"CONTROL":null,"SUBJECTO":"Gothia","PARTOF":null,"BORDERPRECISION":1,"FromYear":260,"ToYear":260,"Area":382367.2250714358,"Type":"POLITY","Wikipedia":"Gothia","Wikidata":"Q422253","SeshatID":"","Components":"","MemberOf":"","sourceFeatureId":"cliopatria-c3315857426b7ac687922144","datasetId":"cliopatria"},"geometry":{"type":"MultiPolygon","coordinates":[[[[29.584,45.431],[29.666,45.431],[29.658,45.366],[29.577,45.366],[29.584,45.431]]],[[[37.948,50.446],[37.896,50.179],[37.812,50.179],[37.87,50.046],[37.703,50.046],[37.401,49.781],[37.293,49.648],[37.328,49.383],[37.089,49.449],[36.374,49.184],[36.174,48.985],[35.913,48.919],[35.879,48.72],[35.724,48.787],[35.348,48.522],[35.244,48.39],[35.274,48.06],[35.077,47.862],[35.026,47.532],[34.459,47.598],[34.109,47.466],[34.162,47.269],[33.998,47.269],[33.785,46.94],[32.918,46.612],[32.172,46.546],[32.189,46.677],[32.034,46.743],[31.788,46.743],[31.606,46.612],[30.877,46.677],[30.298,45.955],[30.045,45.89],[29.859,45.693],[29.614,45.693],[29.592,45.497],[29.584,45.431],[29.096,45.431],[28.505,45.235],[28.282,45.431],[28.038,45.431],[28.044,45.497],[28.038,46.218],[28.12,46.218],[28.169,46.677],[28.019,46.809],[28.033,46.94],[27.801,47.072],[27.815,47.203],[27.356,47.532],[27.157,47.994],[26.929,48.192],[26.349,48.192],[26.197,48.324],[25.547,48.456],[25.476,48.588],[24.581,48.787],[24.124,49.25],[23.874,49.25],[23.969,49.383],[23.48,49.515],[23.408,49.648],[22.912,49.714],[22.839,49.847],[23.648,50.446],[23.991,50.512],[24.011,50.712],[25.48,51.046],[27.508,51.046],[27.913,50.912],[29.245,50.779],[29.76,50.845],[30.416,50.712],[31.441,50.246],[32.197,50.246],[33.417,50.512],[33.523,50.645],[33.45,50.712],[33.629,50.779],[33.955,50.712],[34.316,50.845],[34.519,51.046],[34.869,51.112],[34.809,51.246],[35.304,51.179],[35.68,51.38],[36.358,51.38],[36.768,51.313],[36.826,51.179],[36.996,51.179],[36.885,51.046],[37.054,51.046],[37.184,50.845],[37.806,50.579],[37.793,50.512],[37.948,50.446]]],[[[36.162,48.919],[36.174,48.985],[36.257,48.985],[36.245,48.919],[36.162,48.919]]],[[[32.47,50.379],[32.48,50.446],[32.564,50.446],[32.554,50.379],[32.47,50.379]]]]}},{"type":"Feature","id":"cliopatria-546824017fc40a4e84327327","properties":{"NAME":"Ripuarian Franks","ABBREVN":null,"CONTROL":null,"SUBJECTO":"Ripuarian Franks","PARTOF":null,"BORDERPRECISION":1,"FromYear":260,"ToYear":260,"Area":25568.136155303604,"Type":"POLITY","Wikipedia":"Ripuarian Franks","Wikidata":"Q316860","SeshatID":"","Components":"","MemberOf":"","sourceFeatureId":"cliopatria-546824017fc40a4e84327327","datasetId":"cliopatria"},"geometry":{"type":"MultiPolygon","coordinates":[[[[7.204,52.25],[7.213,51.848],[7.386,51.714],[7.391,51.513],[7.649,51.313],[7.652,51.179],[7.991,51.112],[7.909,50.979],[8.166,50.779],[8.334,50.779],[8.422,50.579],[8.759,50.512],[8.426,50.313],[8.265,49.847],[8.181,49.847],[7.677,49.914],[7.753,50.313],[7.669,50.313],[7.667,50.446],[7.413,50.512],[6.885,51.38],[6.628,51.513],[6.626,51.58],[6.023,51.848],[5.934,51.982],[4.655,52.049],[4.652,52.116],[4.558,52.318],[4.811,52.385],[4.885,52.654],[5.391,52.855],[5.386,52.99],[5.56,52.923],[5.655,52.654],[6.083,52.654],[6.004,52.452],[6.347,52.385],[6.429,52.519],[6.683,52.586],[7.119,52.25],[7.204,52.25]]]]}},{"type":"Feature","id":"cliopatria-3547d182912ac16d72261ad3","properties":{"NAME":"Roman Empire","ABBREVN":null,"CONTROL":null,"SUBJECTO":"Roman Empire","PARTOF":null,"BORDERPRECISION":1,"FromYear":260,"ToYear":260,"Area":4420867.621955735,"Type":"POLITY","Wikipedia":"Roman Empire","Wikidata":"Q12544","SeshatID":"it_roman_principate","Components":"","MemberOf":"","sourceFeatureId":"cliopatria-3547d182912ac16d72261ad3","datasetId":"cliopatria"},"geometry":{"type":"MultiPolygon","coordinates":[[[[37.392,35.58],[37.61,35.451],[38.306,35.451],[38.509,35.194],[38.741,35.194],[38.726,35.065],[39.168,34.872],[39.201,34.486],[39.124,34.486],[37.99,33.972],[37.739,33.779],[37.726,33.65],[37.573,33.65],[37.073,33.264],[37.054,33.072],[36.901,33.072],[36.812,32.943],[36.711,32.686],[36.751,32.3],[36.516,32.236],[36.662,32.172],[36.387,31.658],[36.423,31.208],[36.271,31.208],[36.401,30.951],[36.156,30.758],[35.846,29.729],[35.77,29.729],[35.806,29.215],[35.655,29.215],[35.641,29.022],[35.48,28.894],[35.196,28.058],[34.593,28.058],[34.605,28.251],[34.854,28.572],[34.913,29.408],[34.752,29.279],[34.517,28.058],[34.358,27.93],[34.346,27.737],[34.12,27.737],[33.617,28.122],[33.554,28.315],[33.403,28.315],[33.189,28.508],[33.147,29.022],[32.857,29.215],[32.589,29.729],[32.602,29.922],[32.442,29.794],[32.689,28.958],[32.836,28.894],[33.105,28.38],[33.609,27.994],[33.585,27.608],[33.799,27.415],[33.927,27.029],[34.073,26.965],[34.051,26.579],[34.197,26.515],[34.461,25.872],[34.608,25.808],[35.146,24.651],[35.86,24.008],[35.854,23.879],[35.559,23.943],[35.553,23.815],[35.108,23.879],[33.756,23.686],[33.682,23.686],[33.389,23.815],[32.041,23.686],[31.67,23.751],[30.537,23.365],[30.463,23.365],[30.395,23.558],[30.104,23.751],[30.109,23.879],[29.959,23.879],[29.673,24.201],[28.569,24.651],[28.289,25.165],[28.244,25.936],[28.345,26.579],[28.27,26.579],[28.154,27.351],[27.937,27.544],[27.711,27.544],[27.792,27.672],[27.43,27.994],[27.276,27.93],[27.285,28.122],[27.14,28.251],[25.586,28.958],[25.373,29.279],[25.147,29.279],[25.001,29.408],[24.847,29.344],[24.779,29.537],[24.33,29.665],[23.962,29.922],[23.51,29.987],[22.916,30.308],[22.762,30.244],[22.767,30.372],[21.939,30.565],[20.952,30.565],[18.735,29.987],[17.905,30.179],[16.701,30.694],[15.49,30.951],[15.184,30.886],[15.187,31.079],[14.584,31.529],[14.586,31.658],[14.284,31.915],[13.6,32.172],[13.066,32.172],[13.067,32.3],[11.768,32.3],[11.768,32.429],[11.539,32.429],[11.463,32.557],[11.31,32.493],[11.157,32.686],[10.392,33.007],[10.009,33.007],[10.085,33.136],[9.625,33.136],[9.547,33.329],[9.624,33.457],[9.316,33.586],[9.238,33.843],[9.083,33.907],[9.083,34.036],[8.929,34.036],[8.928,34.165],[8.311,34.293],[8.081,34.229],[8.002,34.422],[7.615,34.551],[7.153,34.486],[6.92,34.615],[6.459,34.551],[6.148,34.679],[5.377,34.679],[5.149,34.551],[4.454,34.615],[3.843,34.422],[3.456,34.486],[2.921,34.358],[2.45,34.615],[1.294,34.615],[0.685,34.422],[0.451,34.486],[0.303,34.358],[-1.237,34.358],[-1.305,34.165],[-1.539,34.229],[-1.61,34.1],[-1.693,34.229],[-2.001,34.229],[-3.763,34.1],[-4.141,33.972],[-4.21,33.843],[-4.367,33.907],[-5.039,33.586],[-5.274,33.65],[-5.799,33.457],[-6.033,33.522],[-6.634,33.329],[-6.703,33.2],[-6.937,33.264],[-7.528,32.943],[-8.064,32.943],[-8.073,33.072],[-8.475,33.329],[-7.13,33.843],[-7.062,33.972],[-6.904,33.907],[-6.614,34.165],[-6.7,34.293],[-6.473,34.358],[-6.482,34.486],[-6.332,34.551],[-6.277,34.872],[-6.2,34.872],[-6.291,35.065],[-6.132,35.001],[-6.145,35.194],[-6,35.323],[-5.877,35.773],[-5.339,35.838],[-5.24,35.516],[-4.755,35.194],[-3.132,35.194],[-2.982,35.258],[-2.993,35.451],[-2.838,35.451],[-2.82,35.13],[-2.662,35.065],[-1.89,35.065],[-1.591,35.258],[-1.359,35.258],[-1.136,35.451],[-1.224,35.645],[-1.066,35.58],[-0.917,35.709],[-0.53,35.709],[-0.459,35.838],[0.084,35.838],[0.376,36.224],[0.684,36.288],[0.678,36.417],[0.914,36.353],[1.216,36.546],[1.53,36.482],[2.377,36.675],[2.69,36.61],[2.841,36.739],[3.23,36.739],[3.459,36.868],[3.85,36.804],[4.235,36.933],[4.859,36.868],[5.098,36.675],[5.564,36.675],[5.639,36.804],[6.106,36.804],[6.103,36.933],[6.334,37.062],[6.805,36.868],[7.194,36.868],[7.346,37.062],[7.502,37.062],[7.738,36.868],[8.516,36.868],[8.903,37.126],[9.059,37.062],[9.37,37.255],[9.759,37.319],[9.993,37.19],[10.227,37.255],[10.228,37.062],[10.305,37.062],[10.228,36.804],[10.462,36.739],[11.006,36.997],[11.006,36.804],[10.462,36.417],[10.54,36.353],[10.464,35.902],[10.696,35.709],[10.851,35.773],[10.928,35.58],[11.083,35.58],[11.083,35.387],[11.006,35.387],[11.083,35.001],[10.851,34.937],[10.851,34.808],[10.543,34.551],[10.004,34.293],[10.082,34.229],[10.006,33.907],[10.237,33.715],[10.544,33.715],[10.698,33.522],[11.082,33.586],[11.158,33.2],[11.464,33.2],[12.229,32.814],[12.612,32.879],[12.535,32.75],[12.841,32.75],[12.842,32.879],[13.302,32.943],[13.454,32.814],[13.761,32.879],[13.759,32.75],[14.065,32.75],[14.444,32.493],[14.675,32.557],[14.749,32.429],[15.055,32.429],[15.282,32.3],[15.425,31.658],[15.576,31.593],[15.649,31.4],[16.179,31.208],[16.864,31.208],[17.847,30.951],[18.222,30.758],[18.592,30.372],[18.896,30.372],[18.969,30.244],[19.655,30.372],[19.964,30.565],[19.968,30.694],[20.202,30.886],[20.134,31.143],[20.214,31.272],[19.996,31.593],[20.089,32.107],[20.017,32.236],[20.246,32.236],[20.331,32.493],[20.482,32.429],[20.563,32.557],[20.716,32.557],[20.644,32.686],[20.871,32.622],[21.108,32.814],[21.412,32.75],[21.879,32.943],[23.089,32.622],[23.081,32.429],[23.231,32.365],[23.149,32.236],[23.299,32.172],[23.68,32.172],[24.129,31.979],[24.892,31.979],[25.112,31.786],[25.102,31.593],[25.248,31.465],[26.848,31.465],[27.297,31.336],[27.515,31.143],[28.496,31.015],[28.865,30.822],[29.397,30.822],[29.485,31.015],[29.633,30.951],[29.87,31.079],[29.802,31.208],[29.882,31.272],[30.339,31.272],[30.271,31.4],[30.352,31.465],[30.809,31.465],[30.966,31.529],[30.975,31.658],[31.203,31.658],[31.118,31.529],[31.266,31.465],[31.875,31.465],[31.781,31.208],[31.937,31.272],[32,31.079],[32.304,31.079],[32.237,31.208],[32.389,31.208],[32.532,31.079],[32.765,31.143],[32.908,31.015],[33.983,31.143],[34.297,31.272],[34.308,31.4],[34.633,31.658],[34.573,31.85],[34.813,31.979],[34.77,32.365],[35.022,32.622],[35.056,33.007],[35.215,33.072],[35.398,33.393],[35.346,33.65],[35.499,33.65],[35.447,33.907],[35.684,33.972],[35.644,34.358],[35.792,34.293],[36.049,34.551],[36.068,34.744],[35.927,34.872],[35.96,35.194],[35.882,35.194],[35.993,35.516],[35.845,35.58],[35.99,36.224],[35.849,36.353],[36.018,36.482],[36.095,36.482],[36.125,36.031],[36.421,35.902],[36.498,35.902],[36.956,35.838],[37.02,35.709],[37.407,35.709],[37.392,35.58]]],[[[2.61,34.422],[2.533,34.422],[2.531,34.486],[2.608,34.486],[2.61,34.422]]],[[[14.34,36.031],[14.417,36.031],[14.571,35.966],[14.568,35.773],[14.337,35.838],[14.34,36.031]]],[[[22.965,36.417],[23.117,36.353],[23.107,36.16],[22.874,36.16],[22.887,36.417],[22.965,36.417]]],[[[20.699,37.9],[20.934,37.9],[20.922,37.642],[20.613,37.706],[20.621,37.9],[20.699,37.9]]],[[[20.328,38.351],[20.488,38.416],[20.566,38.416],[20.795,38.287],[20.786,38.093],[20.32,38.158],[20.328,38.351]]],[[[1.274,38.803],[1.183,39.062],[1.259,39.126],[1.337,39.126],[1.652,39.126],[1.658,38.997],[1.431,38.803],[1.274,38.803]]],[[[20.07,39.579],[20.073,39.644],[20.152,39.644],[20.149,39.579],[20.07,39.579]]],[[[2.824,39.32],[2.659,39.514],[2.346,39.45],[2.338,39.644],[2.877,39.967],[2.956,39.967],[3.193,39.967],[3.198,39.838],[3.516,39.773],[3.296,39.32],[2.824,39.32]]],[[[3.82,40.096],[4.215,40.096],[4.302,39.838],[3.827,39.902],[3.741,40.096],[3.82,40.096]]],[[[9.665,40.291],[9.747,39.644],[9.669,39.644],[9.593,39.126],[9.12,39.191],[8.966,38.868],[8.73,38.868],[8.336,38.997],[8.412,39.256],[8.333,39.256],[8.33,39.514],[8.409,39.514],[8.483,39.902],[8.325,39.967],[8.4,40.291],[8.321,40.291],[8.319,40.485],[8.16,40.55],[8.155,40.938],[8.552,40.874],[9.025,41.263],[9.104,41.263],[9.502,41.198],[9.822,40.744],[9.823,40.355],[9.665,40.291]]],[[[9.578,41.976],[9.498,41.976],[9.499,41.782],[9.262,41.392],[9.104,41.327],[8.784,41.522],[8.782,41.717],[8.623,41.717],[8.7,41.911],[8.539,42.106],[8.535,42.496],[8.773,42.691],[9.173,42.756],[9.251,43.017],[9.331,43.017],[9.492,43.017],[9.493,42.756],[9.574,42.756],[9.578,41.976]]],[[[10.134,42.886],[10.214,42.886],[10.455,42.886],[10.455,42.691],[10.215,42.691],[10.134,42.886]]],[[[7.753,50.313],[7.677,49.914],[8.181,49.847],[8.182,49.781],[8.352,49.648],[8.355,49.449],[8.272,49.449],[8.276,49.184],[8.112,49.051],[8.115,48.853],[7.786,48.654],[7.71,48.324],[7.627,48.324],[7.634,47.994],[7.551,47.994],[7.643,47.532],[8.467,47.598],[8.548,47.73],[8.877,47.796],[8.957,48.06],[9.121,48.192],[10.03,48.522],[10.445,48.522],[10.943,48.787],[11.36,48.853],[11.694,49.118],[12.111,49.184],[12.609,48.985],[12.773,48.787],[13.519,48.654],[14.258,48.258],[14.672,48.258],[14.841,48.39],[15.499,48.192],[16.663,48.324],[16.904,48.126],[17.072,48.192],[17.067,48.06],[17.635,47.796],[18.626,47.796],[18.798,47.928],[18.957,47.796],[18.95,47.664],[19.269,47.466],[19.173,47.203],[18.923,47.137],[18.998,47.006],[18.834,47.006],[18.824,46.809],[18.906,46.809],[18.896,46.612],[19.05,46.415],[18.952,46.087],[18.87,46.087],[18.949,46.021],[18.854,45.759],[19.011,45.628],[18.923,45.497],[19.004,45.497],[18.998,45.366],[19.238,45.3],[20.056,45.366],[19.907,45.628],[20.17,45.955],[20.185,46.218],[21.24,46.087],[21.331,46.218],[21.494,46.218],[21.486,46.087],[21.649,46.087],[22.008,46.546],[22.026,46.809],[22.291,47.072],[22.218,47.203],[22.3,47.203],[22.315,47.401],[22.485,47.466],[22.582,47.664],[23.17,47.796],[23.82,47.664],[25.553,47.664],[25.624,47.532],[25.865,47.466],[25.916,47.137],[26.706,46.809],[26.421,46.415],[26.402,46.218],[26.063,46.087],[25.742,46.152],[25.636,45.89],[25.479,45.955],[25.298,45.759],[25.224,44.908],[25.676,44.516],[25.838,44.516],[25.889,44.19],[26.362,44.059],[26.698,44.19],[27.748,44.19],[27.93,44.385],[27.849,44.385],[27.869,44.581],[27.707,44.581],[27.727,44.777],[27.889,44.777],[27.922,45.104],[27.767,45.17],[27.787,45.366],[27.956,45.431],[28.038,45.431],[28.282,45.431],[28.505,45.235],[29.096,45.431],[29.584,45.431],[29.577,45.366],[29.658,45.366],[29.525,44.908],[29.024,44.777],[29.046,44.973],[28.802,44.973],[28.841,44.581],[28.577,44.385],[28.536,43.994],[28.616,43.994],[28.481,43.472],[28.159,43.472],[28.226,43.342],[27.898,43.277],[27.805,43.147],[27.847,42.756],[27.514,42.626],[27.495,42.431],[27.796,42.236],[27.784,42.106],[28.004,41.911],[27.979,41.652],[28.218,41.652],[28.279,41.457],[28.505,41.327],[28.976,41.263],[28.963,41.133],[30.479,41.198],[30.624,41.068],[31.18,41.068],[31.534,41.392],[32.027,41.522],[32.042,41.652],[32.193,41.587],[32.695,41.782],[32.631,41.911],[34.785,41.911],[34.882,42.041],[35.121,42.041],[35.157,41.717],[35.954,41.717],[36.209,41.263],[36.775,41.327],[37.065,41.133],[37.233,41.198],[37.215,41.068],[37.771,41.068],[37.831,40.938],[38.158,41.003],[38.298,40.874],[38.783,40.938],[39.051,41.133],[39.736,40.938],[40.37,40.938],[40.391,41.068],[40.539,41.003],[41.047,41.198],[41.159,41.392],[41.307,41.327],[41.408,41.457],[41.567,41.457],[41.815,41.976],[41.735,41.976],[41.758,42.106],[41.598,42.106],[41.701,42.236],[41.483,42.366],[41.609,42.626],[41.334,42.886],[41.173,42.886],[41.116,43.017],[40.817,43.147],[40.416,43.147],[40.219,43.407],[39.978,43.407],[40.081,43.538],[40.161,43.538],[40.599,43.277],[41.001,43.277],[41.208,43.082],[41.666,42.951],[41.803,42.821],[41.78,42.691],[41.998,42.561],[42.01,41.717],[41.705,41.327],[41.625,41.327],[41.614,41.263],[41.535,41.263],[41.45,40.744],[40.953,40.614],[40.398,40.096],[38.79,39.902],[38.93,39.773],[38.745,39.579],[38.954,39.385],[39.209,39.514],[39.751,39.45],[39.848,39.579],[40.548,39.514],[40.51,39.256],[40.658,39.191],[40.469,38.416],[40.547,38.416],[40.572,38.029],[40.094,37.964],[39.981,37.706],[39.036,37.642],[38.707,37.513],[38.371,37.319],[38.246,36.933],[37.834,36.739],[37.198,36.61],[36.909,36.804],[36.52,36.804],[36.42,36.61],[36.265,36.61],[36.272,36.675],[36.145,36.933],[35.834,36.933],[35.488,36.61],[35.113,36.739],[34.95,36.675],[34.893,36.868],[34.582,36.868],[34.251,36.675],[33.979,36.288],[32.558,36.031],[32.499,36.224],[32.068,36.61],[31.086,36.933],[30.619,36.933],[30.492,36.353],[30.026,36.353],[29.938,36.224],[29.24,36.224],[29.125,36.739],[28.736,36.739],[28.591,36.868],[28.357,36.868],[28.187,36.675],[28.031,36.675],[28.138,37.062],[28.065,37.126],[27.598,37.126],[27.539,37.384],[27.223,37.319],[27.31,37.448],[27.163,37.577],[27.256,37.771],[27.178,37.771],[27.275,38.029],[26.889,38.093],[26.82,38.222],[26.429,38.222],[26.384,38.674],[26.536,38.61],[26.595,38.351],[27.065,38.351],[27.08,38.545],[26.849,38.61],[26.958,38.997],[26.879,38.997],[26.894,39.191],[26.742,39.256],[26.847,39.579],[26.132,39.514],[26.168,39.967],[26.247,39.967],[26.272,40.291],[26.605,40.485],[26.684,40.485],[26.673,40.355],[27.47,40.42],[27.538,40.291],[27.696,40.291],[27.792,40.485],[27.95,40.485],[27.939,40.355],[29.046,40.355],[28.9,40.485],[28.913,40.614],[29.48,40.744],[29.493,40.874],[29.249,40.809],[29.103,40.938],[29.116,41.068],[28.633,41.003],[28.407,41.133],[28.169,41.133],[28.077,41.003],[27.527,41.068],[27.017,40.679],[26.921,40.485],[26.626,40.744],[26.14,40.614],[26.082,40.874],[25.378,41.003],[24.347,41.003],[24.011,40.744],[23.698,40.809],[23.685,40.614],[23.839,40.55],[23.737,40.226],[23.267,40.291],[22.884,40.485],[22.892,40.614],[22.655,40.614],[22.56,40.355],[22.544,40.096],[22.702,40.096],[22.611,39.902],[23.135,39.45],[22.816,39.385],[22.797,39.062],[23.116,39.126],[23.108,38.997],[23.344,38.997],[23.493,38.868],[23.332,38.803],[23.025,38.933],[22.936,38.739],[23.167,38.674],[23.313,38.481],[23.626,38.481],[23.563,38.739],[24.03,38.674],[24.179,38.545],[24.159,38.222],[24.002,38.222],[23.979,37.835],[23.443,38.029],[23.208,38.029],[23.201,37.9],[23.044,37.9],[23.108,37.642],[23.342,37.642],[23.402,37.319],[23.169,37.319],[23.176,37.448],[22.949,37.577],[22.714,37.577],[22.701,37.319],[22.853,37.255],[23.056,36.675],[22.833,36.868],[22.599,36.868],[22.512,36.675],[22.356,36.675],[22.22,37.062],[21.909,37.062],[21.899,36.868],[21.744,36.868],[21.681,37.19],[21.603,37.19],[21.697,37.513],[21.244,37.835],[21.416,38.158],[21.729,38.158],[21.738,38.351],[21.193,38.416],[20.974,38.739],[20.741,38.803],[20.911,39.062],[20.297,39.385],[20.155,39.708],[19.912,39.579],[19.758,39.644],[19.764,39.773],[20,39.773],[20.009,39.967],[19.63,40.291],[19.471,40.291],[19.486,40.614],[19.249,40.614],[19.255,40.744],[19.498,40.874],[19.438,41.263],[19.523,41.392],[19.444,41.392],[19.53,41.522],[19.45,41.522],[19.542,41.782],[18.852,42.366],[18.143,42.626],[17.992,42.821],[17.593,42.886],[17.508,42.756],[17.516,42.951],[17.355,42.951],[17.365,43.212],[17.122,43.147],[17.051,43.407],[16.727,43.342],[16.734,43.538],[16.575,43.603],[15.927,43.472],[16.012,43.603],[15.857,43.798],[15.695,43.798],[15.619,43.929],[15.375,43.863],[15.459,43.994],[15.219,44.059],[15.147,44.385],[14.909,44.581],[14.919,44.973],[14.516,45.104],[14.603,45.366],[14.196,45.366],[14.189,45.039],[13.946,45.039],[13.943,44.908],[13.781,44.908],[13.706,45.235],[13.544,45.3],[13.547,45.497],[13.71,45.497],[13.715,45.759],[13.39,45.824],[13.145,45.824],[13.06,45.628],[12.817,45.693],[12.652,45.562],[12.163,45.497],[12.16,45.17],[12.403,45.039],[12.4,44.777],[12.157,44.843],[12.154,44.451],[12.313,44.19],[12.873,43.798],[13.036,43.863],[13.034,43.733],[13.355,43.668],[13.673,43.407],[13.747,43.082],[13.985,42.951],[13.901,42.756],[14.056,42.496],[14.371,42.236],[14.531,42.236],[14.608,42.106],[14.769,42.171],[14.766,42.041],[14.924,41.976],[15.165,42.041],[15.241,41.911],[16.119,41.911],[16.115,41.782],[15.874,41.717],[15.944,41.392],[17.203,41.003],[17.511,40.744],[17.981,40.614],[18.438,40.161],[18.349,39.902],[18.112,39.902],[17.813,40.355],[17.418,40.355],[17.345,40.55],[17.028,40.55],[16.868,40.485],[16.945,40.42],[16.862,40.291],[16.624,40.291],[16.697,40.096],[16.457,39.967],[16.447,39.644],[16.916,39.514],[17.07,39.385],[17.138,39.062],[16.502,38.803],[16.492,38.416],[15.933,37.964],[15.698,37.964],[15.624,38.158],[15.389,38.158],[15.066,37.642],[15.059,37.255],[15.214,37.19],[15.05,36.739],[14.661,36.739],[14.278,37.126],[13.578,37.255],[13.192,37.577],[12.49,37.706],[12.492,37.9],[12.65,38.093],[13.04,38.029],[13.12,38.158],[13.355,38.158],[13.665,37.964],[14.056,37.964],[15.862,38.287],[15.95,38.674],[16.265,38.739],[16.27,38.933],[16.117,39.062],[15.899,39.773],[15.666,39.902],[15.748,40.032],[15.432,40.032],[15.199,40.226],[15.041,40.226],[14.893,40.679],[14.418,40.679],[14.422,40.874],[14.105,40.874],[13.951,41.133],[13.792,41.133],[13.715,41.263],[13,41.327],[12.922,41.457],[12.605,41.522],[12.131,41.911],[12.132,42.041],[11.813,42.106],[11.655,42.366],[11.495,42.301],[11.415,42.431],[11.255,42.431],[11.176,42.626],[11.016,42.626],[11.016,42.821],[10.535,43.082],[10.212,43.994],[9.889,43.994],[9.97,44.124],[9.727,44.124],[9.159,44.451],[8.432,44.385],[8.034,43.929],[7.15,43.733],[6.993,43.538],[6.673,43.472],[6.518,43.212],[6.278,43.147],[5.796,43.147],[5.632,43.277],[5.391,43.277],[5.387,43.407],[5.063,43.472],[4.178,43.472],[4.173,43.603],[3.851,43.603],[3.617,43.407],[3.14,43.277],[2.985,43.147],[3.01,42.561],[3.178,42.366],[3.117,41.911],[2.573,41.587],[2.334,41.587],[2.107,41.327],[1.238,41.198],[0.696,40.938],[0.709,40.679],[0.248,40.42],[0.183,40.161],[-0.126,40.032],[-0.345,39.708],[-0.314,39.126],[0.099,38.739],[-0.661,38.287],[-0.803,38.029],[-0.705,37.642],[-1.709,37.448],[-1.623,37.319],[-1.857,37.319],[-2.062,36.804],[-2.532,36.868],[-2.68,36.739],[-4.469,36.739],[-4.689,36.546],[-5.228,36.482],[-5.288,36.224],[-5.662,36.031],[-5.831,36.224],[-6.064,36.224],[-6.33,36.675],[-6.35,36.933],[-6.588,36.997],[-6.842,37.255],[-7.465,37.255],[-7.455,37.126],[-7.678,36.997],[-8.701,37.126],[-9.001,36.997],[-8.897,37.577],[-8.819,37.577],[-8.823,38.481],[-9.209,38.416],[-9.233,38.674],[-9.384,38.61],[-9.553,38.739],[-9.572,38.933],[-9.427,39.062],[-9.387,39.45],[-9.157,39.514],[-9.104,39.773],[-9.025,39.773],[-8.925,40.355],[-8.846,40.355],[-8.872,40.614],[-8.727,40.744],[-8.956,42.171],[-8.657,42.366],[-9.079,42.561],[-9.1,42.756],[-9.275,42.886],[-9.305,43.147],[-9.159,43.277],[-8.852,43.407],[-8.369,43.407],[-8.39,43.603],[-8.244,43.733],[-7.276,43.733],[-7.343,43.603],[-7.176,43.538],[-5.733,43.603],[-4.99,43.407],[-3.467,43.472],[-3.296,43.342],[-1.688,43.342],[-1.388,43.668],[-1.349,44.255],[-1.268,44.255],[-1.286,44.516],[-1.205,44.516],[-1.252,45.17],[-1.171,45.17],[-1.189,45.431],[-1.031,45.497],[-1.045,45.693],[-1.213,45.759],[-1.141,45.89],[-1.223,45.89],[-1.252,46.283],[-1.666,46.349],[-2.014,46.612],[-2.025,46.743],[-2.194,46.809],[-2.139,47.137],[-2.232,47.269],[-2.562,47.269],[-2.578,47.466],[-2.826,47.466],[-2.837,47.598],[-3.156,47.466],[-3.344,47.73],[-3.757,47.73],[-3.935,47.862],[-4.424,47.796],[-4.692,47.994],[-4.705,48.126],[-4.546,48.192],[-4.643,48.324],[-4.891,48.324],[-4.912,48.522],[-4.6,48.72],[-3.852,48.72],[-3.455,48.919],[-3.122,48.919],[-2.759,48.588],[-2.522,48.72],[-1.602,48.654],[-1.718,49.051],[-1.635,49.051],[-1.652,49.25],[-1.913,49.383],[-2.032,49.781],[-1.362,49.781],[-1.251,49.449],[0.007,49.383],[-0.012,49.648],[0.224,49.847],[1.053,49.98],[1.455,50.246],[1.425,50.712],[1.656,51.046],[2.578,51.179],[2.739,51.313],[3.41,51.447],[3.399,51.647],[3.739,51.647],[3.647,51.781],[3.98,51.915],[4.056,52.116],[4.232,51.982],[4.57,52.049],[4.655,52.049],[5.934,51.982],[6.023,51.848],[6.626,51.58],[6.628,51.513],[6.885,51.38],[7.413,50.512],[7.667,50.446],[7.669,50.313],[7.753,50.313]]],[[[14.35,44.973],[14.511,44.908],[14.502,44.516],[14.261,44.581],[14.269,44.973],[14.35,44.973]]],[[[19.086,45.497],[19.004,45.497],[19.007,45.562],[19.089,45.562],[19.086,45.497]]],[[[19.166,47.072],[19.084,47.072],[19.087,47.137],[19.169,47.137],[19.166,47.072]]],[[[16.989,48.192],[16.907,48.192],[16.909,48.258],[16.992,48.258],[16.989,48.192]]],[[[16.826,48.258],[16.829,48.324],[16.912,48.324],[16.909,48.258],[16.826,48.258]]],[[[0.166,52.855],[0.337,52.855],[0.493,53.057],[1.094,53.057],[1.532,52.923],[1.717,52.721],[1.739,52.385],[1.654,52.385],[1.586,52.116],[1.425,51.982],[1.17,51.982],[1.184,51.781],[0.844,51.781],[0.863,51.513],[0.524,51.513],[1.381,51.38],[1.314,51.112],[0.493,50.779],[-1.368,50.845],[-1.109,50.779],[-1.177,50.579],[-1.513,50.579],[-1.525,50.712],[-2.608,50.579],[-2.789,50.712],[-3.126,50.712],[-3.457,50.645],[-3.585,50.246],[-4.089,50.246],[-4.187,50.379],[-4.355,50.379],[-4.929,50.246],[-5.151,49.98],[-5.746,50.046],[-5.769,50.246],[-5.28,50.379],[-5.134,50.579],[-4.881,50.579],[-4.819,50.779],[-4.658,50.845],[-4.68,51.046],[-4.426,51.046],[-4.202,51.313],[-3.095,51.246],[-3.108,51.38],[-2.945,51.447],[-3.121,51.513],[-3.277,51.38],[-3.701,51.38],[-3.892,51.58],[-4.308,51.513],[-4.415,51.714],[-5.079,51.58],[-5.264,51.714],[-5.219,52.049],[-4.553,52.183],[-4.157,52.452],[-4.295,52.923],[-4.794,52.788],[-4.81,52.923],[-4.49,53.125],[-4.67,53.192],[-4.702,53.462],[-4.271,53.462],[-4.076,53.26],[-3.153,53.462],[-3.095,53.732],[-3.196,53.868],[-2.966,54.138],[-3.305,54.071],[-3.319,54.206],[-3.587,54.274],[-3.72,54.681],[-3.569,54.885],[-2.895,55.089],[-2.822,55.225],[-2.379,55.157],[-1.613,55.362],[-1.286,54.681],[-0.671,54.613],[-0.202,54.206],[-0.18,53.935],[0.004,53.8],[0.01,53.732],[0.118,53.462],[0.295,53.395],[0.316,53.125],[0.07,52.99],[0.166,52.855]]],[[[39.271,34.422],[39.194,34.422],[39.201,34.486],[39.278,34.486],[39.271,34.422]]],[[[34.087,35.001],[33.695,34.937],[33.523,34.744],[33.132,34.679],[33.044,34.551],[32.367,34.744],[32.229,34.937],[32.246,35.13],[32.555,35.13],[32.875,35.258],[32.887,35.387],[33.737,35.387],[34.31,35.709],[34.387,35.709],[34.542,35.709],[34.529,35.58],[33.957,35.258],[34.087,35.001]]],[[[24.15,35.387],[24.301,35.323],[25.692,35.323],[25.681,35.13],[26.225,35.194],[26.14,35.065],[24.824,35.001],[24.757,35.194],[24.526,35.194],[24.448,35.194],[23.679,35.258],[23.615,35.516],[24.157,35.516],[24.15,35.387]]],[[[28.017,36.482],[28.095,36.482],[28.25,36.482],[28.139,36.031],[27.743,35.902],[27.693,36.288],[28.017,36.482]]],[[[36.18,36.546],[36.173,36.482],[36.095,36.482],[36.102,36.546],[36.18,36.546]]],[[[36.187,36.61],[36.265,36.61],[36.258,36.546],[36.18,36.546],[36.187,36.61]]],[[[27.117,36.933],[27.185,36.804],[26.865,36.675],[27.039,36.933],[27.117,36.933]]],[[[25.339,37.126],[25.417,37.126],[25.573,37.126],[25.564,36.997],[25.331,36.997],[25.339,37.126]]],[[[38.885,37.062],[38.651,37.062],[38.675,37.255],[38.909,37.255],[38.893,37.126],[38.885,37.062]]],[[[24.361,37.706],[24.432,37.577],[24.272,37.513],[24.201,37.642],[24.283,37.706],[24.361,37.706]]],[[[24.986,37.706],[25.064,37.706],[25.22,37.706],[25.286,37.513],[25.052,37.513],[24.986,37.706]]],[[[26.08,37.706],[26.158,37.706],[26.314,37.706],[26.305,37.577],[25.988,37.513],[26.08,37.706]]],[[[24.694,38.029],[24.772,38.029],[25.068,37.771],[24.83,37.706],[24.682,37.835],[24.694,38.029]]],[[[25.821,38.481],[25.913,38.674],[25.991,38.674],[26.217,38.545],[26.111,38.158],[25.876,38.158],[25.899,38.481],[25.821,38.481]]],[[[23.563,38.739],[23.485,38.739],[23.489,38.803],[23.567,38.803],[23.563,38.739]]],[[[24.365,38.997],[24.444,38.997],[24.675,38.933],[24.662,38.739],[24.357,38.868],[24.365,38.997]]],[[[26.094,38.997],[26.103,39.126],[25.793,39.191],[26.044,39.385],[26.123,39.385],[26.511,39.32],[26.644,38.997],[26.246,38.933],[26.094,38.997]]],[[[25.067,40.032],[25.146,40.032],[25.462,40.032],[25.447,39.838],[24.974,39.838],[25.067,40.032]]],[[[25.798,40.291],[26.035,40.291],[26.025,40.161],[25.704,40.096],[25.719,40.291],[25.798,40.291]]],[[[24.57,40.809],[24.808,40.809],[24.794,40.614],[24.551,40.55],[24.491,40.809],[24.57,40.809]]]]}},{"type":"Feature","id":"cliopatria-2b57f75abcadba57a3240e5a","properties":{"NAME":"Sasanian Empire","ABBREVN":null,"CONTROL":null,"SUBJECTO":"Sasanian Empire","PARTOF":null,"BORDERPRECISION":1,"FromYear":260,"ToYear":260,"Area":3148176.2570883106,"Type":"POLITY","Wikipedia":"Sasanian Empire","Wikidata":"Q1661685","SeshatID":"ir_sassanid_emp_1","Components":"","MemberOf":"","sourceFeatureId":"cliopatria-2b57f75abcadba57a3240e5a","datasetId":"cliopatria"},"geometry":{"type":"MultiPolygon","coordinates":[[[[51.132,25.422],[51.138,25.486],[51.212,25.486],[51.207,25.422],[51.132,25.422]]],[[[50.649,25.872],[50.43,25.936],[50.46,26.258],[50.685,26.258],[50.673,26.129],[50.667,26.065],[50.649,25.872]]],[[[45.747,42.496],[45.683,42.171],[46.23,42.106],[46.431,41.911],[46.816,41.847],[47.496,41.263],[47.986,41.327],[48.119,41.587],[48.557,41.782],[49.086,41.263],[49.059,41.133],[49.271,41.003],[49.244,40.874],[49.508,40.614],[50.195,40.485],[50.247,40.355],[49.693,40.355],[49.509,40.226],[49.267,39.385],[49.151,39.191],[48.915,39.191],[48.801,38.997],[48.829,37.835],[49.085,37.513],[49.854,37.448],[50.321,36.997],[50.566,37.062],[50.632,36.997],[50.532,36.868],[51.642,36.546],[52.586,36.61],[53.489,36.868],[54.033,36.868],[54.095,37.19],[53.91,37.448],[53.908,37.835],[53.83,37.835],[53.987,38.997],[53.518,39.385],[53.138,39.45],[53.545,39.514],[53.498,40.032],[52.723,40.096],[52.714,40.42],[52.793,40.42],[52.893,40.874],[52.972,40.874],[52.943,40.744],[53.34,40.744],[53.448,40.874],[53.404,40.679],[54.544,40.809],[56.655,40.355],[56.987,40.42],[56.956,40.291],[57.114,40.291],[57.162,40.161],[57.351,40.291],[58.332,40.42],[58.537,40.291],[58.854,40.291],[58.98,40.161],[59.77,40.161],[59.768,39.838],[60.084,39.838],[60.052,39.708],[60.683,39.708],[60.713,39.514],[61.202,39.579],[62.502,40.032],[62.879,39.967],[64.02,40.096],[64.389,40.291],[65.235,40.485],[65.272,40.614],[65.351,40.614],[65.37,40.679],[65.449,40.679],[65.43,40.614],[65.589,40.614],[65.804,40.809],[65.883,40.809],[65.564,39.967],[65.291,39.838],[65.203,39.514],[65.282,39.514],[65.065,38.997],[65.144,38.997],[65.077,38.739],[65.155,38.739],[64.751,35.773],[64.829,35.773],[64.854,35.194],[65.092,34.872],[64.574,34.615],[64.324,34.165],[63.873,33.843],[63.426,32.365],[63.185,32.3],[63.161,32.172],[62.82,31.979],[62.421,31.465],[61.942,31.336],[61.875,30.951],[61.387,30.308],[60.956,29.987],[61.001,29.794],[62.304,29.408],[64.12,29.408],[64.53,29.601],[65.125,29.537],[66.077,29.794],[66.434,29.665],[66.888,29.665],[66.995,29.408],[67.135,29.344],[66.931,28.572],[67.007,28.572],[66.965,28.315],[67.041,28.315],[67.046,27.865],[67.121,27.865],[67.062,27.479],[67.175,27.222],[67.197,26.322],[67.502,25.808],[67.112,25.101],[66.64,24.908],[66.648,24.972],[66.62,25.358],[66.345,25.551],[66.021,25.358],[64.816,25.294],[64.801,25.165],[64.285,25.229],[64.225,25.358],[63.626,25.358],[63.536,25.229],[62.563,25.229],[62.474,25.101],[62.182,25.165],[62.018,25.036],[61.719,25.036],[61.658,25.165],[61.127,25.101],[60.917,25.229],[60.618,25.229],[60.632,25.358],[59.06,25.358],[58.782,25.551],[57.958,25.551],[57.74,25.615],[57.679,25.744],[57.38,25.744],[57.176,25.936],[57.052,26.837],[56.715,27.158],[56.188,27.158],[56.098,27.029],[56.324,27.029],[56.309,26.901],[56.061,26.708],[55.603,26.644],[55.439,26.515],[55.289,26.515],[55.31,26.708],[55.543,26.772],[55.242,26.772],[54.832,26.451],[54.463,26.515],[54.259,26.708],[53.658,26.708],[53.461,26.965],[52.737,27.222],[52.479,27.608],[52.049,27.801],[51.597,27.801],[51.317,27.994],[51.331,28.122],[51.066,28.444],[51.028,28.765],[50.809,28.83],[50.915,29.087],[50.62,29.151],[50.651,29.408],[50.236,29.729],[50.065,30.179],[49.586,29.987],[48.943,30.308],[48.987,30.051],[48.365,29.922],[48.404,29.601],[47.866,29.537],[47.852,29.408],[48.079,29.408],[48.215,29.279],[48.194,29.087],[48.46,28.765],[48.563,28.315],[48.974,27.93],[48.872,27.672],[49.242,27.608],[49.36,27.287],[50.135,26.772],[50.116,26.579],[50.254,26.451],[50.223,26.129],[50.067,26.065],[50.211,26.001],[50.325,25.615],[50.608,25.422],[50.654,25.101],[50.729,25.101],[50.769,25.551],[50.925,25.615],[50.955,25.936],[51.123,26.129],[51.423,26.129],[51.698,25.872],[51.575,25.358],[51.719,25.294],[51.69,24.972],[51.524,24.779],[51.411,24.329],[51.854,24.265],[51.907,24.008],[52.28,24.008],[52.6,24.265],[53.112,24.136],[54.083,24.136],[54.099,24.329],[54.318,24.265],[54.559,24.458],[54.744,24.844],[55.143,25.101],[55.412,25.551],[55.97,25.872],[56.168,26.322],[56.475,26.387],[56.543,26.322],[56.385,25.551],[56.46,25.551],[56.421,25.165],[56.496,25.165],[56.402,24.972],[56.545,24.908],[56.788,24.329],[57.493,23.879],[58.812,23.622],[59.08,23.301],[59.068,23.172],[59.28,23.043],[59.268,22.915],[58.896,22.915],[58.908,23.043],[58.61,23.043],[58.335,23.301],[57.962,23.301],[57.974,23.429],[57.83,23.493],[56.809,23.751],[56.821,23.879],[56.54,24.072],[56.489,24.329],[56.271,24.393],[56.29,24.586],[56.09,24.844],[55.859,24.779],[55.841,24.586],[55.623,24.651],[54.812,23.943],[54.273,23.751],[51.881,23.686],[51.822,23.879],[51.166,24.072],[51.102,24.201],[51.203,24.522],[51.133,24.586],[51.294,24.715],[51.327,25.101],[51.402,25.101],[51.27,25.294],[51.35,25.358],[51.323,25.872],[51.173,25.872],[51.23,25.679],[50.982,25.422],[50.965,25.229],[51.12,25.294],[50.92,24.715],[50.616,24.651],[50.344,24.972],[50.032,25.679],[49.674,25.872],[49.878,26.451],[49.252,26.965],[49.265,27.094],[49.059,27.287],[48.552,27.479],[48.467,28.122],[48.247,28.187],[48.206,28.508],[48.055,28.508],[48.144,28.637],[48,28.701],[48.014,28.83],[47.809,29.022],[47.651,28.958],[47.672,29.151],[47.535,29.279],[47.654,29.665],[47.29,29.794],[46.979,29.729],[46.994,29.858],[46.85,29.922],[46.615,29.858],[46.591,30.308],[45.77,30.436],[44.955,31.272],[44.581,31.336],[44.459,31.593],[43.153,32.814],[42.709,32.943],[42.578,33.136],[42.065,33.329],[42.003,33.457],[41.489,33.65],[41.427,33.779],[41.273,33.779],[41.212,33.907],[40.912,33.972],[40.704,34.165],[40.311,34.1],[40.403,34.229],[40.257,34.293],[39.278,34.486],[39.201,34.486],[39.168,34.872],[38.726,35.065],[38.741,35.194],[38.509,35.194],[38.306,35.451],[37.61,35.451],[37.392,35.58],[37.407,35.709],[37.02,35.709],[36.956,35.838],[36.498,35.902],[36.421,35.902],[36.125,36.031],[36.095,36.482],[36.173,36.482],[36.18,36.546],[36.258,36.546],[36.265,36.61],[36.42,36.61],[36.52,36.804],[36.909,36.804],[37.198,36.61],[37.834,36.739],[38.246,36.933],[38.371,37.319],[38.707,37.513],[39.036,37.642],[39.981,37.706],[40.094,37.964],[40.572,38.029],[40.547,38.416],[40.469,38.416],[40.658,39.191],[40.51,39.256],[40.548,39.514],[39.848,39.579],[39.751,39.45],[39.209,39.514],[38.954,39.385],[38.745,39.579],[38.93,39.773],[38.79,39.902],[40.398,40.096],[40.953,40.614],[41.45,40.744],[41.535,41.263],[41.614,41.263],[41.694,41.263],[41.705,41.327],[42.25,41.263],[42.363,41.457],[42.613,41.522],[42.935,42.431],[42.718,42.561],[42.754,42.756],[42.605,42.821],[42.572,43.082],[42.492,43.082],[42.504,43.147],[42.918,43.212],[43.203,43.017],[43.74,42.886],[43.783,42.691],[44.69,42.821],[44.745,42.691],[45.145,42.691],[45.225,42.691],[45.747,42.496]],[[38.675,37.255],[38.651,37.062],[38.885,37.062],[38.893,37.126],[38.909,37.255],[38.675,37.255]]]]}},{"type":"Feature","id":"cliopatria-f02804a7d6fbaf2452cb4993","properties":{"NAME":"Lazica","ABBREVN":null,"CONTROL":null,"SUBJECTO":"Lazica","PARTOF":null,"BORDERPRECISION":1,"FromYear":260,"ToYear":264,"Area":18286.26328733823,"Type":"POLITY","Wikipedia":"Lazica","Wikidata":"Q136884","SeshatID":"","Components":"","MemberOf":"","sourceFeatureId":"cliopatria-f02804a7d6fbaf2452cb4993","datasetId":"cliopatria"},"geometry":{"type":"MultiPolygon","coordinates":[[[[41.694,41.263],[41.614,41.263],[41.625,41.327],[41.705,41.327],[41.694,41.263]]],[[[42.492,43.082],[42.572,43.082],[42.605,42.821],[42.754,42.756],[42.718,42.561],[42.935,42.431],[42.613,41.522],[42.363,41.457],[42.25,41.263],[41.705,41.327],[42.01,41.717],[41.998,42.561],[41.78,42.691],[41.803,42.821],[41.666,42.951],[41.208,43.082],[41.001,43.277],[40.599,43.277],[40.161,43.538],[40.172,43.603],[41.047,43.538],[41.954,43.212],[42.528,43.277],[42.596,43.212],[42.504,43.147],[42.492,43.082]]]]}},{"type":"Feature","id":"cliopatria-9946536147c7d3766f1932d1","properties":{"NAME":"Eastern Kushans","ABBREVN":null,"CONTROL":null,"SUBJECTO":"Eastern Kushans","PARTOF":null,"BORDERPRECISION":1,"FromYear":260,"ToYear":269,"Area":1188497.7059701628,"Type":"POLITY","Wikipedia":"Kushan Empire","Wikidata":"Q25979","SeshatID":"","Components":"","MemberOf":"","sourceFeatureId":"cliopatria-9946536147c7d3766f1932d1","datasetId":"cliopatria"},"geometry":{"type":"MultiPolygon","coordinates":[[[[75.012,33.522],[75.271,33.007],[75.424,33.007],[75.469,32.879],[75.882,32.686],[76.127,32.75],[76.081,32.557],[76.463,32.236],[78.448,31.593],[78.844,31.658],[78.814,31.529],[79.18,31.465],[79.607,31.015],[79.624,30.758],[79.869,30.501],[79.845,30.051],[79.954,29.858],[79.885,29.537],[79.961,29.537],[79.867,29.087],[80.166,28.701],[80.681,28.637],[80.957,28.508],[81.195,28.187],[81.885,27.865],[82.538,27.737],[83.078,27.415],[84.357,27.415],[84.36,26.644],[84.511,26.644],[84.44,26.258],[84.515,26.258],[84.457,25.486],[84.339,25.229],[83.754,24.844],[83.071,24.779],[82.359,24.522],[81.603,23.943],[81.316,23.493],[81.307,23.429],[80.585,24.136],[79.38,24.586],[78.576,24.715],[78.314,24.972],[78.367,25.808],[78.292,25.808],[78.332,26.515],[78.257,26.515],[78.236,26.837],[77.238,26.708],[77.11,26.837],[76.584,26.837],[73.959,26.387],[73.479,26.194],[73.179,26.194],[71.905,25.679],[71.235,25.165],[71.086,25.165],[70.57,24.651],[70.605,24.329],[70.448,24.265],[70.424,24.072],[70.065,23.558],[69.5,23.172],[69.039,23.043],[69.025,22.915],[68.95,22.915],[68.606,23.172],[68.552,23.365],[68.336,23.429],[68.35,23.558],[68.127,23.558],[68.155,23.815],[67.633,23.815],[67.491,23.879],[67.438,24.072],[67.289,24.072],[67.326,24.393],[67.148,24.779],[66.632,24.844],[66.64,24.908],[67.112,25.101],[67.502,25.808],[67.197,26.322],[67.175,27.222],[67.062,27.479],[67.121,27.865],[67.046,27.865],[67.041,28.315],[66.965,28.315],[67.007,28.572],[66.931,28.572],[67.135,29.344],[66.995,29.408],[66.888,29.665],[66.434,29.665],[66.077,29.794],[66.316,29.858],[66.418,30.436],[66.343,30.436],[66.525,31.015],[66.878,31.272],[67.931,31.593],[68.122,31.786],[68.656,31.786],[68.783,31.658],[69.087,31.658],[69.293,31.915],[69.674,31.915],[69.867,32.107],[70.61,32.365],[70.742,32.622],[70.909,32.686],[70.952,32.879],[71.499,33.264],[72.141,34.036],[72.464,34.1],[72.418,33.907],[72.725,33.907],[72.771,33.779],[73.263,33.907],[73.387,34.1],[73.31,34.1],[73.344,34.551],[73.717,34.808],[73.701,34.744],[73.993,34.679],[74.297,34.358],[74.451,34.358],[74.634,34.165],[74.602,34.036],[74.8,33.907],[74.768,33.779],[75.028,33.586],[75.012,33.522]]],[[[73.794,34.808],[73.717,34.808],[73.734,34.872],[73.811,34.872],[73.794,34.808]]]]}},{"type":"Feature","id":"cliopatria-494a1e433890635ba2ecadaa","properties":{"NAME":"Western Satraps","ABBREVN":null,"CONTROL":null,"SUBJECTO":"Western Satraps","PARTOF":null,"BORDERPRECISION":1,"FromYear":260,"ToYear":269,"Area":506847.5700301311,"Type":"POLITY","Wikipedia":"Western Satraps","Wikidata":"Q2086608","SeshatID":"pk_western_satraps","Components":"","MemberOf":"","sourceFeatureId":"cliopatria-494a1e433890635ba2ecadaa","datasetId":"cliopatria"},"geometry":{"type":"MultiPolygon","coordinates":[[[[74.041,19.829],[73.791,19.572],[73.016,19.251],[72.734,19.379],[72.661,20.086],[72.837,20.343],[72.899,20.922],[72.563,21.243],[72.76,21.693],[72.544,21.758],[72.527,22.272],[72.378,22.272],[72.342,21.951],[72.112,21.886],[72.173,21.758],[72.321,21.758],[72.185,21.179],[71.408,20.858],[71.321,20.729],[70.721,20.665],[70.295,20.858],[69.89,21.243],[69.903,21.372],[69.497,21.758],[69.349,21.758],[68.949,22.208],[68.977,22.465],[69.2,22.465],[69.261,22.336],[69.409,22.336],[69.497,22.465],[69.869,22.465],[70.263,22.658],[70.365,22.915],[70.067,22.915],[69.748,22.722],[69.234,22.786],[69.099,22.915],[69.025,22.915],[69.039,23.043],[69.5,23.172],[70.065,23.558],[70.424,24.072],[70.448,24.265],[70.605,24.329],[70.57,24.651],[71.086,25.165],[71.235,25.165],[71.905,25.679],[73.179,26.194],[73.479,26.194],[73.959,26.387],[76.584,26.837],[77.11,26.837],[77.238,26.708],[78.236,26.837],[78.257,26.515],[78.332,26.515],[78.292,25.808],[78.367,25.808],[78.314,24.972],[78.576,24.715],[79.38,24.586],[80.585,24.136],[81.307,23.429],[81.299,23.365],[81.188,22.529],[80.996,22.187],[80.761,22.137],[78.059,22.597],[77.213,22.946],[75.894,22.477],[75.369,22.468],[74.311,22.224],[74.384,21.668],[74.177,20.845],[73.913,20.603],[74.111,19.829],[74.041,19.829]]]]}},{"type":"Feature","id":"cliopatria-1badeb5250139bff6b686da8","properties":{"NAME":"Indo-Sasanian Empire","ABBREVN":null,"CONTROL":null,"SUBJECTO":"Indo-Sasanian Empire","PARTOF":null,"BORDERPRECISION":1,"FromYear":260,"ToYear":282,"Area":750667.5455368301,"Type":"POLITY","Wikipedia":"Kushano-Sasanian Kingdom","Wikidata":"Q1661685","SeshatID":"","Components":"","MemberOf":"","sourceFeatureId":"cliopatria-1badeb5250139bff6b686da8","datasetId":"cliopatria"},"geometry":{"type":"MultiPolygon","coordinates":[[[[72.579,36.095],[72.501,36.095],[72.518,36.16],[72.596,36.16],[72.579,36.095]]],[[[72,41.327],[72.232,41.068],[72.47,41.068],[73.019,40.809],[73.099,40.809],[73.135,40.679],[73.294,40.679],[73.331,40.55],[73.489,40.55],[73.526,40.42],[73.8,40.291],[73.573,39.579],[73.395,39.514],[73.69,39.45],[73.67,39.385],[73.63,39.256],[73.748,39.126],[73.494,38.545],[72.989,38.158],[72.626,37.706],[72.232,36.546],[72.31,36.546],[72.302,36.224],[72.501,36.095],[72.468,35.966],[72.64,36.031],[72.606,35.902],[72.822,35.838],[72.711,35.709],[73.441,34.937],[73.734,34.872],[73.717,34.808],[73.344,34.551],[73.31,34.1],[73.387,34.1],[73.263,33.907],[72.771,33.779],[72.725,33.907],[72.418,33.907],[72.464,34.1],[72.141,34.036],[71.499,33.264],[70.952,32.879],[70.909,32.686],[70.742,32.622],[70.61,32.365],[69.867,32.107],[69.674,31.915],[69.293,31.915],[69.087,31.658],[68.783,31.658],[68.656,31.786],[68.122,31.786],[67.931,31.593],[66.878,31.272],[66.525,31.015],[66.449,31.015],[66.483,31.593],[66.102,31.593],[65.694,31.85],[65.02,31.915],[64.383,32.172],[63.555,32.236],[63.426,32.365],[63.873,33.843],[64.324,34.165],[64.574,34.615],[65.092,34.872],[64.854,35.194],[64.829,35.773],[64.751,35.773],[65.155,38.739],[65.077,38.739],[65.144,38.997],[65.065,38.997],[65.282,39.514],[65.203,39.514],[65.291,39.838],[65.564,39.967],[65.883,40.809],[65.962,40.809],[66.653,41.263],[66.891,41.263],[67.547,41.587],[68.025,41.587],[68.223,41.457],[68.978,41.327],[69.58,41.717],[70.016,41.587],[71.63,41.652],[71.92,41.327],[72,41.327]]]]}},{"type":"Feature","id":"cliopatria-e00c9fceaac0772153f3ad2f","properties":{"NAME":"Mayan City-States","ABBREVN":null,"CONTROL":null,"SUBJECTO":"Mayan City-States","PARTOF":null,"BORDERPRECISION":1,"FromYear":260,"ToYear":298,"Area":198040.49172174494,"Type":"POLITY","Wikipedia":"Maya civilization","Wikidata":"Q28567","SeshatID":"gt_tikal_early_classic","Components":"","MemberOf":"","sourceFeatureId":"cliopatria-e00c9fceaac0772153f3ad2f","datasetId":"cliopatria"},"geometry":{"type":"MultiPolygon","coordinates":[[[[-88.504,17.772],[-88.494,17.708],[-88.474,17.579],[-88.316,17.515],[-88.178,17.579],[-88.135,16.808],[-88.209,16.808],[-88.236,16.486],[-88.493,16.229],[-88.64,16.229],[-88.825,15.972],[-88.512,15.843],[-88.377,15.393],[-88.629,15.072],[-88.695,14.429],[-88.907,14.365],[-88.818,14.236],[-89.186,14.236],[-89.097,14.107],[-89.391,14.107],[-89.588,13.915],[-89.566,13.722],[-89.867,13.786],[-89.991,13.593],[-90.469,13.915],[-91.504,13.979],[-92.474,14.686],[-92.755,15.136],[-93.323,15.522],[-93.121,15.65],[-93.149,15.843],[-92.715,16.872],[-92.46,17.129],[-92.481,17.258],[-91.952,17.643],[-91.92,17.9],[-91.699,17.9],[-91.656,18.093],[-90.211,18.286],[-89.336,17.9],[-89.051,17.965],[-89.104,17.836],[-88.947,17.772],[-88.504,17.772]]]]}},{"type":"Feature","id":"cliopatria-1909113816999766b4ab70b2","properties":{"NAME":"Vakataka Kingdom","ABBREVN":null,"CONTROL":null,"SUBJECTO":"Vakataka Kingdom","PARTOF":null,"BORDERPRECISION":1,"FromYear":260,"ToYear":305,"Area":574587.8369701072,"Type":"POLITY","Wikipedia":"Vakataka dynasty","Wikidata":"Q1501306","SeshatID":"in_vakataka_k","Components":"","MemberOf":"","sourceFeatureId":"cliopatria-1909113816999766b4ab70b2","datasetId":"cliopatria"},"geometry":{"type":"MultiPolygon","coordinates":[[[[73.722,18.608],[74.053,18.799],[74.456,18.943],[74.448,19.105],[74.311,19.324],[74.247,19.53],[74.111,19.829],[73.913,20.603],[74.177,20.845],[74.384,21.668],[74.311,22.224],[75.369,22.468],[75.894,22.477],[77.213,22.946],[78.059,22.597],[80.761,22.137],[81.149,22.22],[81.239,22.422],[82.224,23.014],[83.025,22.978],[83.458,23.101],[83.936,22.565],[84.578,22.574],[84.444,21.425],[84.14,20.798],[83.729,20.407],[82.259,20.4],[80.796,20.003],[80.731,18.589],[80.318,18.566],[79.193,17.729],[78.875,17.363],[78.79,17.016],[78.76,15.727],[78.193,15.564],[77.307,14.863],[75.969,14.695],[75.008,15.54],[75.058,16.769],[74.277,17.909],[73.943,18.16],[73.722,18.608]]]]}},{"type":"Feature","id":"cliopatria-67b82933215dcfee6339d4c7","properties":{"NAME":"Palmyrene Empire","ABBREVN":null,"CONTROL":null,"SUBJECTO":"Palmyrene Empire","PARTOF":null,"BORDERPRECISION":1,"FromYear":261,"ToYear":262,"Area":938806.5180239622,"Type":"POLITY","Wikipedia":"Palmyrene Empire","Wikidata":"Q877875","SeshatID":"","Components":"","MemberOf":"","sourceFeatureId":"cliopatria-67b82933215dcfee6339d4c7","datasetId":"cliopatria"},"geometry":{"type":"MultiPolygon","coordinates":[[[[37.99,33.972],[37.739,33.779],[37.726,33.65],[37.573,33.65],[37.073,33.264],[37.054,33.072],[36.901,33.072],[36.812,32.943],[36.711,32.686],[36.751,32.3],[36.516,32.236],[36.662,32.172],[36.387,31.658],[36.423,31.208],[36.271,31.208],[36.401,30.951],[36.156,30.758],[35.846,29.729],[35.77,29.729],[35.806,29.215],[35.655,29.215],[35.641,29.022],[35.48,28.894],[35.196,28.058],[34.593,28.058],[34.605,28.251],[34.854,28.572],[34.913,29.408],[34.752,29.279],[34.517,28.058],[34.358,27.93],[34.346,27.737],[34.12,27.737],[33.617,28.122],[33.554,28.315],[33.403,28.315],[33.189,28.508],[33.147,29.022],[32.857,29.215],[32.589,29.729],[32.602,29.922],[32.442,29.794],[32.689,28.958],[32.836,28.894],[33.105,28.38],[33.609,27.994],[33.585,27.608],[33.799,27.415],[33.927,27.029],[34.073,26.965],[34.051,26.579],[34.197,26.515],[34.461,25.872],[34.608,25.808],[35.146,24.651],[35.86,24.008],[35.854,23.879],[35.559,23.943],[35.553,23.815],[35.108,23.879],[33.756,23.686],[33.682,23.686],[33.389,23.815],[32.041,23.686],[31.67,23.751],[30.537,23.365],[30.463,23.365],[30.395,23.558],[30.104,23.751],[30.109,23.879],[29.959,23.879],[29.673,24.201],[28.569,24.651],[28.289,25.165],[28.244,25.936],[28.345,26.579],[28.27,26.579],[28.22,27.158],[28.145,27.158],[28.154,27.351],[27.937,27.544],[27.711,27.544],[27.792,27.672],[27.644,27.737],[27.647,27.801],[28.114,28.122],[28.205,28.444],[28.523,28.765],[28.54,29.087],[28.863,29.472],[28.877,29.729],[29.044,29.987],[29.093,30.822],[29.169,30.822],[29.397,30.822],[29.485,31.015],[29.789,31.015],[29.882,31.272],[30.339,31.272],[30.271,31.4],[30.352,31.465],[30.966,31.529],[30.975,31.658],[31.203,31.658],[31.118,31.529],[31.266,31.465],[31.875,31.465],[31.781,31.208],[31.937,31.272],[32,31.079],[32.304,31.079],[32.237,31.208],[32.389,31.208],[32.532,31.079],[32.765,31.143],[32.832,31.015],[33.749,31.079],[34.297,31.272],[34.308,31.4],[34.633,31.658],[34.573,31.85],[34.813,31.979],[34.77,32.365],[35.022,32.622],[35.056,33.007],[35.215,33.072],[35.398,33.393],[35.346,33.65],[35.499,33.65],[35.447,33.907],[35.684,33.972],[35.644,34.358],[35.792,34.293],[36.049,34.551],[36.068,34.744],[35.927,34.872],[35.96,35.194],[35.882,35.194],[35.993,35.516],[35.845,35.58],[35.99,36.224],[35.849,36.353],[36.018,36.482],[36.095,36.482],[36.068,36.224],[36.195,35.966],[36.956,35.838],[37.02,35.709],[37.407,35.709],[37.392,35.58],[37.61,35.451],[38.306,35.451],[38.509,35.194],[38.741,35.194],[38.726,35.065],[39.168,34.872],[39.201,34.486],[39.124,34.486],[37.99,33.972]]],[[[39.201,34.486],[39.278,34.486],[39.271,34.422],[39.194,34.422],[39.201,34.486]]],[[[36.173,36.482],[36.095,36.482],[36.102,36.546],[36.18,36.546],[36.173,36.482]]],[[[36.265,36.61],[36.258,36.546],[36.18,36.546],[36.187,36.61],[36.265,36.61]]],[[[30.541,36.933],[30.619,36.933],[30.613,36.868],[30.536,36.868],[30.541,36.933]]],[[[35.488,36.61],[35.113,36.739],[34.95,36.675],[34.893,36.868],[34.582,36.868],[34.251,36.675],[33.979,36.288],[32.558,36.031],[32.499,36.224],[32.068,36.61],[31.392,36.868],[30.697,36.933],[30.619,36.933],[30.815,37.384],[30.531,37.706],[30.152,37.835],[30.163,37.964],[30.891,38.222],[30.988,38.416],[31.386,38.481],[31.443,39.062],[31.233,39.32],[31.378,39.967],[31.306,40.032],[32.11,40.161],[32.304,40.485],[32.764,40.355],[33.002,40.355],[33.096,40.485],[34.03,40.355],[34.458,40.614],[35.171,40.614],[35.312,40.485],[35.708,40.485],[35.929,40.355],[36.491,40.42],[36.79,40.291],[37.115,40.355],[38.204,40.226],[38.335,40.032],[38.79,39.902],[38.93,39.773],[38.745,39.579],[38.954,39.385],[39.209,39.514],[39.751,39.45],[39.848,39.579],[40.548,39.514],[40.51,39.256],[40.658,39.191],[40.469,38.416],[40.547,38.416],[40.572,38.029],[40.094,37.964],[39.981,37.706],[39.036,37.642],[38.707,37.513],[38.371,37.319],[38.246,36.933],[37.834,36.739],[37.198,36.61],[36.909,36.804],[36.52,36.804],[36.42,36.61],[36.265,36.61],[36.272,36.675],[36.145,36.933],[35.834,36.933],[35.488,36.61]]]]}},{"type":"Feature","id":"cliopatria-11476bc34cf3b4266e45d3b0","properties":{"NAME":"Sasanian Empire","ABBREVN":null,"CONTROL":null,"SUBJECTO":"Sasanian Empire","PARTOF":null,"BORDERPRECISION":1,"FromYear":261,"ToYear":262,"Area":3148646.838749158,"Type":"POLITY","Wikipedia":"Sasanian Empire","Wikidata":"Q1661685","SeshatID":"ir_sassanid_emp_1","Components":"","MemberOf":"","sourceFeatureId":"cliopatria-11476bc34cf3b4266e45d3b0","datasetId":"cliopatria"},"geometry":{"type":"MultiPolygon","coordinates":[[[[51.132,25.422],[51.138,25.486],[51.212,25.486],[51.207,25.422],[51.132,25.422]]],[[[50.649,25.872],[50.43,25.936],[50.46,26.258],[50.685,26.258],[50.673,26.129],[50.667,26.065],[50.649,25.872]]],[[[45.747,42.496],[45.683,42.171],[46.23,42.106],[46.431,41.911],[46.816,41.847],[47.496,41.263],[47.986,41.327],[48.119,41.587],[48.557,41.782],[49.086,41.263],[49.059,41.133],[49.271,41.003],[49.244,40.874],[49.508,40.614],[50.195,40.485],[50.247,40.355],[49.693,40.355],[49.509,40.226],[49.267,39.385],[49.151,39.191],[48.915,39.191],[48.801,38.997],[48.829,37.835],[49.085,37.513],[49.854,37.448],[50.321,36.997],[50.566,37.062],[50.632,36.997],[50.532,36.868],[51.642,36.546],[52.586,36.61],[53.489,36.868],[54.033,36.868],[54.095,37.19],[53.91,37.448],[53.908,37.835],[53.83,37.835],[53.987,38.997],[53.518,39.385],[53.138,39.45],[53.545,39.514],[53.498,40.032],[52.723,40.096],[52.714,40.42],[52.793,40.42],[52.893,40.874],[52.972,40.874],[52.943,40.744],[53.34,40.744],[53.448,40.874],[53.404,40.679],[54.544,40.809],[56.655,40.355],[56.987,40.42],[56.956,40.291],[57.114,40.291],[57.162,40.161],[57.351,40.291],[58.332,40.42],[58.537,40.291],[58.854,40.291],[58.98,40.161],[59.77,40.161],[59.768,39.838],[60.084,39.838],[60.052,39.708],[60.683,39.708],[60.713,39.514],[61.202,39.579],[62.502,40.032],[62.879,39.967],[64.02,40.096],[64.389,40.291],[65.235,40.485],[65.272,40.614],[65.351,40.614],[65.37,40.679],[65.449,40.679],[65.43,40.614],[65.589,40.614],[65.804,40.809],[65.883,40.809],[65.564,39.967],[65.291,39.838],[65.203,39.514],[65.282,39.514],[65.065,38.997],[65.144,38.997],[65.077,38.739],[65.155,38.739],[64.751,35.773],[64.829,35.773],[64.854,35.194],[65.092,34.872],[64.574,34.615],[64.324,34.165],[63.873,33.843],[63.426,32.365],[63.185,32.3],[63.161,32.172],[62.82,31.979],[62.421,31.465],[61.942,31.336],[61.875,30.951],[61.387,30.308],[60.956,29.987],[61.001,29.794],[62.304,29.408],[64.12,29.408],[64.53,29.601],[65.125,29.537],[66.077,29.794],[66.434,29.665],[66.888,29.665],[66.995,29.408],[67.135,29.344],[66.931,28.572],[67.007,28.572],[66.965,28.315],[67.041,28.315],[67.046,27.865],[67.121,27.865],[67.062,27.479],[67.175,27.222],[67.197,26.322],[67.502,25.808],[67.112,25.101],[66.64,24.908],[66.648,24.972],[66.62,25.358],[66.345,25.551],[66.021,25.358],[64.816,25.294],[64.801,25.165],[64.285,25.229],[64.225,25.358],[63.626,25.358],[63.536,25.229],[62.563,25.229],[62.474,25.101],[62.182,25.165],[62.018,25.036],[61.719,25.036],[61.658,25.165],[61.127,25.101],[60.917,25.229],[60.618,25.229],[60.632,25.358],[59.06,25.358],[58.782,25.551],[57.958,25.551],[57.74,25.615],[57.679,25.744],[57.38,25.744],[57.176,25.936],[57.052,26.837],[56.715,27.158],[56.188,27.158],[56.098,27.029],[56.324,27.029],[56.309,26.901],[56.061,26.708],[55.603,26.644],[55.439,26.515],[55.289,26.515],[55.31,26.708],[55.543,26.772],[55.242,26.772],[54.832,26.451],[54.463,26.515],[54.259,26.708],[53.658,26.708],[53.461,26.965],[52.737,27.222],[52.479,27.608],[52.049,27.801],[51.597,27.801],[51.317,27.994],[51.331,28.122],[51.066,28.444],[51.028,28.765],[50.809,28.83],[50.915,29.087],[50.62,29.151],[50.651,29.408],[50.236,29.729],[50.065,30.179],[49.586,29.987],[48.943,30.308],[48.987,30.051],[48.365,29.922],[48.404,29.601],[47.866,29.537],[47.852,29.408],[48.079,29.408],[48.215,29.279],[48.194,29.087],[48.46,28.765],[48.563,28.315],[48.974,27.93],[48.872,27.672],[49.242,27.608],[49.36,27.287],[50.135,26.772],[50.116,26.579],[50.254,26.451],[50.223,26.129],[50.067,26.065],[50.211,26.001],[50.325,25.615],[50.608,25.422],[50.654,25.101],[50.729,25.101],[50.769,25.551],[50.925,25.615],[50.955,25.936],[51.123,26.129],[51.423,26.129],[51.698,25.872],[51.575,25.358],[51.719,25.294],[51.69,24.972],[51.524,24.779],[51.411,24.329],[51.854,24.265],[51.907,24.008],[52.28,24.008],[52.6,24.265],[53.112,24.136],[54.083,24.136],[54.099,24.329],[54.318,24.265],[54.559,24.458],[54.744,24.844],[55.143,25.101],[55.412,25.551],[55.97,25.872],[56.168,26.322],[56.475,26.387],[56.543,26.322],[56.385,25.551],[56.46,25.551],[56.421,25.165],[56.496,25.165],[56.402,24.972],[56.545,24.908],[56.788,24.329],[57.493,23.879],[58.812,23.622],[59.08,23.301],[59.068,23.172],[59.28,23.043],[59.268,22.915],[58.896,22.915],[58.908,23.043],[58.61,23.043],[58.335,23.301],[57.962,23.301],[57.974,23.429],[57.83,23.493],[56.809,23.751],[56.821,23.879],[56.54,24.072],[56.489,24.329],[56.271,24.393],[56.29,24.586],[56.09,24.844],[55.859,24.779],[55.841,24.586],[55.623,24.651],[54.812,23.943],[54.273,23.751],[51.881,23.686],[51.822,23.879],[51.166,24.072],[51.102,24.201],[51.203,24.522],[51.133,24.586],[51.294,24.715],[51.327,25.101],[51.402,25.101],[51.27,25.294],[51.35,25.358],[51.323,25.872],[51.173,25.872],[51.23,25.679],[50.982,25.422],[50.965,25.229],[51.12,25.294],[50.92,24.715],[50.616,24.651],[50.344,24.972],[50.032,25.679],[49.674,25.872],[49.878,26.451],[49.252,26.965],[49.265,27.094],[49.059,27.287],[48.552,27.479],[48.467,28.122],[48.247,28.187],[48.206,28.508],[48.055,28.508],[48.144,28.637],[48,28.701],[48.014,28.83],[47.809,29.022],[47.651,28.958],[47.672,29.151],[47.535,29.279],[47.654,29.665],[47.29,29.794],[46.979,29.729],[46.994,29.858],[46.85,29.922],[46.615,29.858],[46.591,30.308],[45.77,30.436],[44.955,31.272],[44.581,31.336],[44.459,31.593],[43.153,32.814],[42.709,32.943],[42.578,33.136],[42.065,33.329],[42.003,33.457],[41.489,33.65],[41.427,33.779],[41.273,33.779],[41.212,33.907],[40.912,33.972],[40.704,34.165],[40.311,34.1],[40.403,34.229],[40.257,34.293],[39.278,34.486],[39.201,34.486],[39.168,34.872],[38.726,35.065],[38.741,35.194],[38.509,35.194],[38.306,35.451],[37.61,35.451],[37.392,35.58],[37.407,35.709],[37.02,35.709],[36.956,35.838],[36.195,35.966],[36.068,36.224],[36.095,36.482],[36.173,36.482],[36.18,36.546],[36.258,36.546],[36.265,36.61],[36.42,36.61],[36.52,36.804],[36.909,36.804],[37.198,36.61],[37.834,36.739],[38.246,36.933],[38.371,37.319],[38.707,37.513],[39.036,37.642],[39.981,37.706],[40.094,37.964],[40.572,38.029],[40.547,38.416],[40.469,38.416],[40.658,39.191],[40.51,39.256],[40.548,39.514],[39.848,39.579],[39.751,39.45],[39.209,39.514],[38.954,39.385],[38.745,39.579],[38.93,39.773],[38.79,39.902],[40.398,40.096],[40.953,40.614],[41.45,40.744],[41.535,41.263],[41.614,41.263],[41.694,41.263],[41.705,41.327],[42.25,41.263],[42.363,41.457],[42.613,41.522],[42.935,42.431],[42.718,42.561],[42.754,42.756],[42.605,42.821],[42.572,43.082],[42.492,43.082],[42.504,43.147],[42.918,43.212],[43.203,43.017],[43.74,42.886],[43.783,42.691],[44.69,42.821],[44.745,42.691],[45.145,42.691],[45.225,42.691],[45.747,42.496]]]]}},{"type":"Feature","id":"cliopatria-aacbe6b767b4d23141d4ac07","properties":{"NAME":"Shu Han","ABBREVN":null,"CONTROL":null,"SUBJECTO":"Shu Han","PARTOF":null,"BORDERPRECISION":1,"FromYear":261,"ToYear":262,"Area":879584.0561724369,"Type":"POLITY","Wikipedia":"Shu Han","Wikidata":"Q320925","SeshatID":"","Components":"","MemberOf":"","sourceFeatureId":"cliopatria-aacbe6b767b4d23141d4ac07","datasetId":"cliopatria"},"geometry":{"type":"MultiPolygon","coordinates":[[[[105.615,23.043],[105.363,23.301],[104.956,23.108],[104.905,23.236],[102.99,23.365],[102.801,23.558],[102.651,23.558],[102.474,23.815],[102.325,23.815],[102.086,24.136],[101.811,24.265],[101.462,25.165],[101.398,25.936],[101.196,26.387],[101.09,27.544],[101.014,27.544],[101.05,27.994],[100.915,28.058],[101.039,28.251],[100.964,28.251],[101.03,28.508],[100.955,28.508],[101.022,28.765],[100.881,29.087],[100.951,29.344],[100.875,29.344],[100.964,29.665],[100.889,29.665],[100.961,29.922],[100.885,29.922],[100.978,30.244],[100.902,30.244],[101.015,30.629],[100.939,30.629],[101.055,31.015],[100.979,31.015],[101.687,32.75],[102.552,33.264],[103.21,33.393],[103.493,33.972],[103.355,34.229],[103.402,34.358],[103.479,34.358],[103.64,34.165],[105.558,34.358],[106.385,34.1],[107.847,34.1],[107.754,33.65],[107.831,33.65],[107.589,33.2],[107.665,33.2],[107.649,32.943],[107.878,32.943],[108.102,33.136],[108.238,32.879],[109.157,32.879],[109.316,32.686],[109.469,32.686],[109.499,32.557],[109.881,32.557],[109.911,32.429],[110.194,32.365],[110.224,32.236],[110.614,32.043],[110.478,31.658],[110.161,31.4],[109.812,31.272],[109.127,31.272],[108.856,31.143],[108.784,30.694],[108.894,30.565],[108.66,30.308],[109.035,30.051],[109.031,29.794],[109.258,29.794],[109.37,29.665],[109.367,29.408],[109.537,29.215],[109.462,28.701],[109.633,28.508],[109.561,28.251],[109.831,27.865],[109.686,27.608],[109.536,27.608],[109.15,27.287],[109.036,26.837],[109.111,26.837],[109.044,26.258],[109.119,26.258],[109.224,25.744],[109.359,25.679],[109.315,25.486],[109.39,25.486],[109.347,25.294],[109.454,25.101],[109.406,24.522],[109.243,24.458],[109.217,24.329],[107.386,24.136],[106.988,24.008],[106.466,23.622],[106.156,23.558],[105.69,23.043],[105.615,23.043]]]]}},{"type":"Feature","id":"cliopatria-29040e1f8c8130e0f607d31d","properties":{"NAME":"Gallic Empire","ABBREVN":null,"CONTROL":null,"SUBJECTO":"Gallic Empire","PARTOF":null,"BORDERPRECISION":1,"FromYear":261,"ToYear":269,"Area":712513.95783819,"Type":"POLITY","Wikipedia":"Gallic Empire","Wikidata":"Q273025","SeshatID":"","Components":"","MemberOf":"","sourceFeatureId":"cliopatria-29040e1f8c8130e0f607d31d","datasetId":"cliopatria"},"geometry":{"type":"MultiPolygon","coordinates":[[[[6.626,51.58],[6.885,51.38],[7.065,50.979],[7.235,50.912],[7.24,50.712],[7.41,50.645],[7.413,50.512],[7.581,50.512],[7.753,50.313],[7.677,49.914],[8.181,49.847],[8.182,49.781],[8.352,49.648],[8.355,49.449],[8.272,49.449],[8.276,49.184],[8.112,49.051],[8.115,48.853],[7.706,48.522],[7.558,47.664],[7.559,47.598],[7.397,47.466],[6.983,47.532],[6.99,47.269],[6.827,47.203],[6.83,47.072],[6.666,47.072],[6.344,46.809],[5.868,46.283],[5.211,46.349],[4.968,46.283],[4.893,46.087],[4.403,46.087],[4.165,45.89],[4.263,45.497],[4.344,45.497],[4.357,45.17],[4.527,44.973],[4.631,44.32],[4.797,44.19],[4.728,43.863],[4.41,43.733],[4.339,43.472],[4.258,43.472],[4.173,43.603],[3.851,43.603],[3.617,43.407],[3.14,43.277],[2.985,43.147],[3.01,42.561],[3.09,42.561],[3.093,42.496],[2.458,42.366],[1.726,42.626],[1.405,42.626],[1.075,42.821],[0.04,42.691],[-0.208,42.821],[-0.529,42.821],[-1.027,43.082],[-1.428,43.082],[-1.442,43.277],[-1.688,43.342],[-1.692,43.407],[-1.46,43.538],[-1.402,43.863],[-1.321,43.863],[-1.349,44.255],[-1.268,44.255],[-1.286,44.516],[-1.205,44.516],[-1.252,45.17],[-1.171,45.17],[-1.189,45.431],[-1.031,45.497],[-1.045,45.693],[-1.213,45.759],[-1.141,45.89],[-1.223,45.89],[-1.252,46.283],[-1.666,46.349],[-2.014,46.612],[-2.025,46.743],[-2.194,46.809],[-2.139,47.137],[-2.232,47.269],[-2.562,47.269],[-2.578,47.466],[-2.826,47.466],[-2.837,47.598],[-3.156,47.466],[-3.344,47.73],[-3.757,47.73],[-3.935,47.862],[-4.424,47.796],[-4.692,47.994],[-4.705,48.126],[-4.546,48.192],[-4.643,48.324],[-4.891,48.324],[-4.912,48.522],[-4.6,48.72],[-3.852,48.72],[-3.455,48.919],[-3.122,48.919],[-2.759,48.588],[-2.522,48.72],[-1.602,48.654],[-1.718,49.051],[-1.635,49.051],[-1.652,49.25],[-1.913,49.383],[-2.032,49.781],[-1.362,49.781],[-1.251,49.449],[0.007,49.383],[-0.012,49.648],[0.224,49.847],[1.053,49.98],[1.455,50.246],[1.425,50.712],[1.656,51.046],[2.578,51.179],[2.739,51.313],[3.41,51.447],[3.399,51.647],[3.739,51.647],[3.647,51.781],[3.98,51.915],[4.056,52.116],[4.232,51.982],[4.57,52.049],[4.655,52.049],[5.934,51.982],[6.541,51.58],[6.626,51.58]]],[[[0.01,53.732],[0.118,53.462],[0.295,53.395],[0.316,53.125],[0.07,52.99],[0.166,52.855],[0.337,52.855],[0.493,53.057],[1.094,53.057],[1.532,52.923],[1.717,52.721],[1.739,52.385],[1.654,52.385],[1.586,52.116],[1.425,51.982],[1.17,51.982],[1.184,51.781],[0.844,51.781],[0.863,51.513],[0.524,51.513],[1.381,51.38],[1.314,51.112],[0.493,50.779],[-1.368,50.845],[-1.109,50.779],[-1.177,50.579],[-1.513,50.579],[-1.525,50.712],[-2.608,50.579],[-2.789,50.712],[-3.126,50.712],[-3.457,50.645],[-3.585,50.246],[-4.089,50.246],[-4.187,50.379],[-4.355,50.379],[-4.929,50.246],[-5.151,49.98],[-5.746,50.046],[-5.769,50.246],[-5.28,50.379],[-5.134,50.579],[-4.881,50.579],[-4.819,50.779],[-4.658,50.845],[-4.68,51.046],[-4.426,51.046],[-4.202,51.313],[-3.095,51.246],[-3.108,51.38],[-2.945,51.447],[-3.121,51.513],[-3.277,51.38],[-3.701,51.38],[-3.892,51.58],[-4.308,51.513],[-4.415,51.714],[-5.079,51.58],[-5.264,51.714],[-5.219,52.049],[-4.553,52.183],[-4.157,52.452],[-4.295,52.923],[-4.794,52.788],[-4.81,52.923],[-4.49,53.125],[-4.67,53.192],[-4.702,53.462],[-4.271,53.462],[-4.076,53.26],[-3.153,53.462],[-3.095,53.732],[-3.196,53.868],[-2.966,54.138],[-3.305,54.071],[-3.319,54.206],[-3.587,54.274],[-3.72,54.681],[-3.569,54.885],[-2.895,55.089],[-2.822,55.225],[-2.379,55.157],[-1.613,55.362],[-1.286,54.681],[-0.671,54.613],[-0.202,54.206],[-0.18,53.935],[0.004,53.8],[0.01,53.732]]]]}},{"type":"Feature","id":"cliopatria-2111cf6949fa22199ccbc5b5","properties":{"NAME":"Gothia","ABBREVN":null,"CONTROL":null,"SUBJECTO":"Gothia","PARTOF":null,"BORDERPRECISION":1,"FromYear":261,"ToYear":269,"Area":382342.6282017878,"Type":"POLITY","Wikipedia":"Gothia","Wikidata":"Q422253","SeshatID":"","Components":"","MemberOf":"","sourceFeatureId":"cliopatria-2111cf6949fa22199ccbc5b5","datasetId":"cliopatria"},"geometry":{"type":"MultiPolygon","coordinates":[[[[29.584,45.431],[29.666,45.431],[29.658,45.366],[29.577,45.366],[29.584,45.431]]],[[[37.948,50.446],[37.896,50.179],[37.812,50.179],[37.87,50.046],[37.703,50.046],[37.401,49.781],[37.293,49.648],[37.328,49.383],[37.089,49.449],[36.374,49.184],[36.174,48.985],[35.913,48.919],[35.879,48.72],[35.724,48.787],[35.348,48.522],[35.244,48.39],[35.274,48.06],[35.077,47.862],[35.026,47.532],[34.459,47.598],[34.109,47.466],[34.162,47.269],[33.998,47.269],[33.785,46.94],[32.918,46.612],[32.172,46.546],[32.189,46.677],[32.034,46.743],[31.788,46.743],[31.606,46.612],[30.877,46.677],[30.298,45.955],[30.045,45.89],[29.859,45.693],[29.614,45.693],[29.592,45.497],[29.584,45.431],[29.096,45.431],[28.505,45.235],[28.282,45.431],[28.038,45.431],[28.044,45.497],[28.038,46.218],[28.12,46.218],[28.169,46.677],[28.019,46.809],[28.033,46.94],[27.801,47.072],[27.815,47.203],[27.356,47.532],[27.157,47.994],[26.929,48.192],[26.349,48.192],[26.197,48.324],[25.547,48.456],[25.476,48.588],[24.581,48.787],[24.124,49.25],[23.874,49.25],[23.969,49.383],[23.48,49.515],[23.408,49.648],[22.75,49.781],[23.648,50.446],[23.991,50.512],[24.011,50.712],[25.48,51.046],[27.508,51.046],[27.913,50.912],[29.245,50.779],[29.76,50.845],[30.416,50.712],[31.441,50.246],[32.197,50.246],[33.417,50.512],[33.523,50.645],[33.45,50.712],[33.629,50.779],[33.955,50.712],[34.316,50.845],[34.519,51.046],[34.869,51.112],[34.809,51.246],[35.304,51.179],[35.68,51.38],[36.358,51.38],[36.768,51.313],[36.826,51.179],[36.996,51.179],[36.885,51.046],[37.054,51.046],[37.184,50.845],[37.806,50.579],[37.793,50.512],[37.948,50.446]]],[[[36.162,48.919],[36.174,48.985],[36.257,48.985],[36.245,48.919],[36.162,48.919]]],[[[32.47,50.379],[32.48,50.446],[32.564,50.446],[32.554,50.379],[32.47,50.379]]]]}},{"type":"Feature","id":"cliopatria-6b41e7121815cf8980cc8569","properties":{"NAME":"Roman Empire","ABBREVN":null,"CONTROL":null,"SUBJECTO":"Roman Empire","PARTOF":null,"BORDERPRECISION":1,"FromYear":261,"ToYear":269,"Area":2549582.1846606717,"Type":"POLITY","Wikipedia":"Roman Empire","Wikidata":"Q12544","SeshatID":"it_roman_principate","Components":"","MemberOf":"","sourceFeatureId":"cliopatria-6b41e7121815cf8980cc8569","datasetId":"cliopatria"},"geometry":{"type":"MultiPolygon","coordinates":[[[[11.083,35.001],[10.851,34.937],[10.851,34.808],[10.543,34.551],[10.004,34.293],[10.082,34.229],[10.006,33.907],[10.237,33.715],[10.544,33.715],[10.698,33.522],[11.082,33.586],[11.158,33.2],[11.464,33.2],[12.229,32.814],[12.612,32.879],[12.535,32.75],[12.841,32.75],[12.842,32.879],[13.302,32.943],[13.454,32.814],[13.761,32.879],[13.759,32.75],[14.065,32.75],[14.444,32.493],[14.675,32.557],[14.749,32.429],[15.055,32.429],[15.282,32.3],[15.425,31.658],[15.576,31.593],[15.649,31.4],[16.179,31.208],[16.864,31.208],[17.847,30.951],[18.222,30.758],[18.592,30.372],[18.896,30.372],[18.969,30.244],[19.655,30.372],[19.964,30.565],[19.968,30.694],[20.202,30.886],[20.134,31.143],[20.214,31.272],[19.996,31.593],[20.089,32.107],[20.017,32.236],[20.246,32.236],[20.331,32.493],[20.482,32.429],[20.563,32.557],[20.716,32.557],[20.644,32.686],[20.871,32.622],[21.108,32.814],[21.412,32.75],[21.879,32.943],[23.089,32.622],[23.078,32.365],[23.299,32.172],[23.68,32.172],[24.129,31.979],[24.892,31.979],[25.112,31.786],[25.102,31.593],[25.248,31.465],[26.848,31.465],[27.297,31.336],[27.515,31.143],[28.496,31.015],[29.017,30.822],[29.093,30.822],[29.044,29.987],[28.877,29.729],[28.863,29.472],[28.54,29.087],[28.523,28.765],[28.205,28.444],[28.114,28.122],[27.647,27.801],[27.572,27.801],[27.43,27.994],[27.276,27.93],[27.285,28.122],[27.14,28.251],[25.586,28.958],[25.373,29.279],[25.147,29.279],[25.001,29.408],[24.847,29.344],[24.779,29.537],[24.33,29.665],[24.26,29.794],[23.51,29.987],[22.916,30.308],[22.762,30.244],[22.767,30.372],[21.939,30.565],[20.952,30.565],[19.191,30.051],[18.281,30.051],[16.701,30.694],[15.49,30.951],[15.184,30.886],[15.187,31.079],[14.584,31.529],[14.586,31.658],[13.829,32.107],[13.295,32.236],[13.066,32.172],[13.067,32.3],[12.456,32.365],[11.768,32.3],[11.768,32.429],[11.539,32.429],[11.463,32.557],[11.31,32.493],[11.157,32.686],[10.392,33.007],[10.009,33.007],[10.085,33.136],[9.625,33.136],[9.547,33.329],[9.624,33.457],[9.316,33.586],[9.083,34.036],[8.929,34.036],[9.003,34.358],[8.926,34.358],[8.846,34.744],[8.459,34.872],[8.229,34.808],[7.994,35.065],[7.989,35.516],[7.911,35.516],[7.906,35.966],[7.828,35.966],[7.902,36.224],[7.586,36.61],[6.965,36.61],[6.889,36.482],[6.422,36.546],[6.347,36.417],[5.879,36.482],[5.649,36.353],[2.775,36.417],[2.316,36.224],[2.003,36.288],[2.008,36.16],[1.155,36.16],[1.005,36.031],[0.772,36.031],[0.479,35.645],[-0.292,35.58],[-1.04,35.065],[-1.198,35.13],[-1.346,35.001],[-1.806,34.937],[-1.876,34.808],[-2.809,34.937],[-5.279,34.937],[-5.81,34.808],[-6.106,34.615],[-6.242,34.358],[-6.157,34.229],[-6.31,34.229],[-6.601,33.972],[-6.592,33.843],[-6.814,33.715],[-6.728,33.586],[-7.184,33.522],[-7.474,33.264],[-7.875,33.522],[-7.13,33.843],[-7.062,33.972],[-6.904,33.907],[-6.614,34.165],[-6.7,34.293],[-6.473,34.358],[-6.482,34.486],[-6.332,34.551],[-6.277,34.872],[-6.2,34.872],[-6.291,35.065],[-6.132,35.001],[-6.145,35.194],[-6,35.323],[-5.877,35.773],[-5.339,35.838],[-5.24,35.516],[-4.755,35.194],[-3.132,35.194],[-2.982,35.258],[-2.993,35.451],[-2.838,35.451],[-2.82,35.13],[-2.662,35.065],[-1.89,35.065],[-1.591,35.258],[-1.359,35.258],[-1.136,35.451],[-1.224,35.645],[-1.066,35.58],[-0.917,35.709],[-0.53,35.709],[-0.459,35.838],[0.084,35.838],[0.376,36.224],[0.684,36.288],[0.678,36.417],[0.914,36.353],[1.216,36.546],[1.53,36.482],[2.377,36.675],[2.69,36.61],[2.841,36.739],[3.23,36.739],[3.459,36.868],[3.85,36.804],[4.469,36.933],[4.859,36.868],[5.098,36.675],[5.564,36.675],[5.639,36.804],[6.106,36.804],[6.103,36.933],[6.334,37.062],[6.805,36.868],[7.194,36.868],[7.346,37.062],[7.502,37.062],[7.738,36.868],[8.516,36.868],[8.903,37.126],[9.059,37.062],[9.603,37.319],[9.993,37.19],[10.227,37.255],[10.228,37.062],[10.305,37.062],[10.228,36.804],[10.54,36.739],[10.851,36.997],[11.006,36.997],[11.006,36.804],[10.462,36.417],[10.54,36.353],[10.464,35.902],[10.696,35.709],[10.851,35.773],[10.851,35.645],[10.928,35.645],[11.083,35.58],[11.083,35.387],[11.006,35.387],[11.083,35.001]]],[[[14.34,36.031],[14.417,36.031],[14.571,35.966],[14.568,35.773],[14.337,35.838],[14.34,36.031]]],[[[22.887,36.417],[22.965,36.417],[23.117,36.353],[23.107,36.16],[22.874,36.16],[22.887,36.417]]],[[[20.621,37.9],[20.699,37.9],[20.934,37.9],[20.922,37.642],[20.613,37.706],[20.621,37.9]]],[[[20.328,38.351],[20.488,38.416],[20.566,38.416],[20.795,38.287],[20.786,38.093],[20.32,38.158],[20.328,38.351]]],[[[1.274,38.803],[1.183,39.062],[1.259,39.126],[1.337,39.126],[1.652,39.126],[1.658,38.997],[1.431,38.803],[1.274,38.803]]],[[[20.152,39.644],[20.149,39.579],[20.07,39.579],[20.073,39.644],[20.152,39.644]]],[[[3.296,39.32],[2.824,39.32],[2.659,39.514],[2.346,39.45],[2.338,39.644],[2.877,39.967],[2.956,39.967],[3.193,39.967],[3.198,39.838],[3.516,39.773],[3.296,39.32]]],[[[-1.688,43.342],[-1.442,43.277],[-1.428,43.082],[-1.027,43.082],[-0.529,42.821],[-0.208,42.821],[0.04,42.691],[1.075,42.821],[1.405,42.626],[1.726,42.626],[2.458,42.366],[3.093,42.496],[3.095,42.431],[3.178,42.366],[3.117,41.911],[2.886,41.717],[2.334,41.587],[2.107,41.327],[1.238,41.198],[0.696,40.938],[0.709,40.679],[0.475,40.614],[0.248,40.42],[0.183,40.161],[-0.202,39.967],[-0.345,39.708],[-0.314,39.126],[0.099,38.739],[-0.661,38.287],[-0.803,38.029],[-0.705,37.642],[-1.709,37.448],[-1.623,37.319],[-1.857,37.319],[-2.062,36.804],[-2.532,36.868],[-2.68,36.739],[-4.469,36.739],[-4.689,36.546],[-5.228,36.482],[-5.288,36.224],[-5.662,36.031],[-5.831,36.224],[-6.064,36.224],[-6.33,36.675],[-6.35,36.933],[-6.588,36.997],[-6.842,37.255],[-7.465,37.255],[-7.455,37.126],[-7.678,36.997],[-8.067,36.997],[-8.312,37.126],[-8.701,37.126],[-9.001,36.997],[-8.897,37.577],[-8.819,37.577],[-8.823,38.481],[-9.209,38.416],[-9.233,38.674],[-9.384,38.61],[-9.553,38.739],[-9.572,38.933],[-9.427,39.062],[-9.387,39.45],[-9.157,39.514],[-9.104,39.773],[-9.025,39.773],[-8.925,40.355],[-8.846,40.355],[-8.872,40.614],[-8.727,40.744],[-8.956,42.171],[-8.657,42.366],[-9.079,42.561],[-9.305,43.147],[-8.852,43.407],[-8.369,43.407],[-8.39,43.603],[-8.244,43.733],[-7.276,43.733],[-7.343,43.603],[-7.176,43.538],[-5.727,43.538],[-5.646,43.538],[-4.99,43.407],[-3.467,43.472],[-3.296,43.342],[-1.768,43.342],[-1.688,43.342]]],[[[3.741,40.096],[3.82,40.096],[4.215,40.096],[4.302,39.838],[3.827,39.902],[3.741,40.096]]],[[[9.665,40.291],[9.747,39.644],[9.669,39.644],[9.593,39.126],[9.12,39.191],[8.966,38.868],[8.73,38.868],[8.336,38.997],[8.412,39.256],[8.333,39.256],[8.33,39.514],[8.409,39.514],[8.483,39.902],[8.325,39.967],[8.4,40.291],[8.321,40.291],[8.319,40.485],[8.16,40.55],[8.155,40.938],[8.552,40.874],[9.025,41.263],[9.104,41.263],[9.502,41.198],[9.822,40.744],[9.823,40.355],[9.665,40.291]]],[[[9.578,41.976],[9.498,41.976],[9.499,41.782],[9.262,41.392],[9.104,41.327],[8.784,41.522],[8.782,41.717],[8.623,41.717],[8.7,41.911],[8.539,42.106],[8.535,42.496],[8.773,42.691],[9.173,42.756],[9.251,43.017],[9.331,43.017],[9.492,43.017],[9.493,42.756],[9.574,42.756],[9.578,41.976]]],[[[10.134,42.886],[10.214,42.886],[10.455,42.886],[10.455,42.691],[10.215,42.691],[10.134,42.886]]],[[[14.269,44.973],[14.35,44.973],[14.511,44.908],[14.502,44.516],[14.261,44.581],[14.269,44.973]]],[[[19.086,45.497],[19.004,45.497],[19.007,45.562],[19.089,45.562],[19.086,45.497]]],[[[19.084,47.072],[19.087,47.137],[19.169,47.137],[19.166,47.072],[19.084,47.072]]],[[[16.907,48.192],[16.909,48.258],[16.992,48.258],[16.989,48.192],[16.907,48.192]]],[[[16.909,48.258],[16.826,48.258],[16.829,48.324],[16.912,48.324],[16.909,48.258]]],[[[34.087,35.001],[33.695,34.937],[33.523,34.744],[33.132,34.679],[33.044,34.551],[32.367,34.744],[32.229,34.937],[32.246,35.13],[32.555,35.13],[32.875,35.258],[32.887,35.387],[33.737,35.387],[34.31,35.709],[34.387,35.709],[34.542,35.709],[34.529,35.58],[33.957,35.258],[34.087,35.001]]],[[[24.15,35.387],[24.301,35.323],[25.692,35.323],[25.681,35.13],[26.225,35.194],[26.14,35.065],[24.824,35.001],[24.757,35.194],[24.526,35.194],[24.448,35.194],[23.679,35.258],[23.615,35.516],[24.157,35.516],[24.15,35.387]]],[[[27.693,36.288],[28.017,36.482],[28.095,36.482],[28.25,36.482],[28.139,36.031],[27.743,35.902],[27.693,36.288]]],[[[27.117,36.933],[27.185,36.804],[26.865,36.675],[27.039,36.933],[27.117,36.933]]],[[[25.339,37.126],[25.417,37.126],[25.573,37.126],[25.564,36.997],[25.331,36.997],[25.339,37.126]]],[[[24.283,37.706],[24.361,37.706],[24.432,37.577],[24.272,37.513],[24.201,37.642],[24.283,37.706]]],[[[25.064,37.706],[25.22,37.706],[25.286,37.513],[25.052,37.513],[24.986,37.706],[25.064,37.706]]],[[[26.158,37.706],[26.314,37.706],[26.305,37.577],[25.988,37.513],[26.08,37.706],[26.158,37.706]]],[[[24.694,38.029],[24.772,38.029],[25.068,37.771],[24.83,37.706],[24.682,37.835],[24.694,38.029]]],[[[25.899,38.481],[25.821,38.481],[25.913,38.674],[25.991,38.674],[26.217,38.545],[26.111,38.158],[25.876,38.158],[25.899,38.481]]],[[[23.567,38.803],[23.563,38.739],[23.485,38.739],[23.489,38.803],[23.567,38.803]]],[[[24.365,38.997],[24.444,38.997],[24.675,38.933],[24.662,38.739],[24.357,38.868],[24.365,38.997]]],[[[26.094,38.997],[26.103,39.126],[25.793,39.191],[26.044,39.385],[26.123,39.385],[26.511,39.32],[26.644,38.997],[26.246,38.933],[26.094,38.997]]],[[[25.067,40.032],[25.146,40.032],[25.462,40.032],[25.447,39.838],[24.974,39.838],[25.067,40.032]]],[[[25.719,40.291],[25.798,40.291],[26.035,40.291],[26.025,40.161],[25.704,40.096],[25.719,40.291]]],[[[24.57,40.809],[24.808,40.809],[24.794,40.614],[24.551,40.55],[24.491,40.809],[24.57,40.809]]],[[[16.332,48.324],[16.663,48.324],[16.904,48.126],[17.072,48.192],[17.067,48.06],[17.635,47.796],[18.626,47.796],[18.798,47.928],[18.957,47.796],[18.95,47.664],[19.269,47.466],[19.173,47.203],[18.923,47.137],[18.998,47.006],[18.834,47.006],[18.824,46.809],[18.906,46.809],[18.896,46.612],[19.05,46.415],[18.952,46.087],[18.87,46.087],[18.949,46.021],[18.854,45.759],[19.011,45.628],[18.923,45.497],[19.004,45.497],[18.998,45.366],[19.238,45.3],[20.056,45.366],[19.907,45.628],[20.17,45.955],[20.185,46.218],[21.24,46.087],[21.331,46.218],[21.494,46.218],[21.486,46.087],[21.649,46.087],[22.008,46.546],[22.026,46.809],[22.291,47.072],[22.218,47.203],[22.3,47.203],[22.315,47.401],[22.485,47.466],[22.582,47.664],[23.17,47.796],[23.82,47.664],[25.553,47.664],[25.624,47.532],[25.865,47.466],[25.916,47.137],[26.706,46.809],[26.421,46.415],[26.402,46.218],[26.063,46.087],[25.742,46.152],[25.636,45.89],[25.479,45.955],[25.298,45.759],[25.224,44.908],[25.676,44.516],[25.838,44.516],[25.889,44.19],[26.362,44.059],[26.698,44.19],[27.748,44.19],[27.93,44.385],[27.849,44.385],[27.869,44.581],[27.707,44.581],[27.727,44.777],[27.889,44.777],[27.922,45.104],[27.767,45.17],[27.787,45.366],[27.956,45.431],[28.038,45.431],[28.282,45.431],[28.505,45.235],[29.096,45.431],[29.584,45.431],[29.577,45.366],[29.658,45.366],[29.525,44.908],[29.024,44.777],[29.046,44.973],[28.802,44.973],[28.841,44.581],[28.577,44.385],[28.536,43.994],[28.616,43.994],[28.481,43.472],[28.159,43.472],[28.226,43.342],[27.898,43.277],[27.805,43.147],[27.847,42.756],[27.514,42.626],[27.495,42.431],[27.796,42.236],[27.784,42.106],[28.004,41.911],[27.979,41.652],[28.218,41.652],[28.279,41.457],[28.505,41.327],[28.976,41.263],[28.963,41.133],[30.479,41.198],[30.624,41.068],[31.18,41.068],[31.534,41.392],[32.027,41.522],[32.042,41.652],[32.193,41.587],[32.695,41.782],[32.631,41.911],[34.785,41.911],[34.882,42.041],[35.121,42.041],[35.157,41.717],[35.954,41.717],[36.209,41.263],[36.775,41.327],[37.065,41.133],[37.233,41.198],[37.215,41.068],[37.771,41.068],[37.831,40.938],[38.158,41.003],[38.298,40.874],[38.783,40.938],[39.051,41.133],[39.736,40.938],[40.37,40.938],[40.391,41.068],[40.539,41.003],[41.047,41.198],[41.159,41.392],[41.307,41.327],[41.408,41.457],[41.567,41.457],[41.815,41.976],[41.735,41.976],[41.758,42.106],[41.598,42.106],[41.701,42.236],[41.483,42.366],[41.609,42.626],[41.334,42.886],[41.173,42.886],[41.116,43.017],[40.817,43.147],[40.416,43.147],[40.219,43.407],[39.978,43.407],[40.081,43.538],[40.161,43.538],[40.599,43.277],[41.001,43.277],[41.208,43.082],[41.666,42.951],[41.803,42.821],[41.78,42.691],[41.998,42.561],[42.01,41.717],[41.705,41.327],[41.625,41.327],[41.614,41.263],[41.535,41.263],[41.45,40.744],[40.953,40.614],[40.398,40.096],[38.79,39.902],[38.335,40.032],[38.204,40.226],[37.115,40.355],[36.79,40.291],[36.491,40.42],[35.929,40.355],[35.708,40.485],[35.312,40.485],[35.171,40.614],[34.458,40.614],[34.03,40.355],[33.096,40.485],[33.002,40.355],[32.764,40.355],[32.304,40.485],[32.11,40.161],[31.306,40.032],[31.378,39.967],[31.233,39.32],[31.443,39.062],[31.386,38.481],[30.988,38.416],[30.891,38.222],[30.163,37.964],[30.152,37.835],[30.531,37.706],[30.815,37.384],[30.619,36.933],[30.541,36.933],[30.492,36.353],[30.026,36.353],[29.938,36.224],[29.24,36.224],[29.125,36.739],[28.357,36.868],[28.187,36.675],[28.031,36.675],[28.138,37.062],[28.065,37.126],[27.598,37.126],[27.539,37.384],[27.223,37.319],[27.31,37.448],[27.163,37.577],[27.256,37.771],[27.178,37.771],[27.275,38.029],[26.889,38.093],[26.82,38.222],[26.429,38.222],[26.384,38.674],[26.536,38.61],[26.595,38.351],[27.065,38.351],[27.08,38.545],[26.849,38.61],[26.958,38.997],[26.879,38.997],[26.894,39.191],[26.742,39.256],[26.847,39.579],[26.132,39.514],[26.272,40.291],[26.605,40.485],[26.684,40.485],[26.673,40.355],[27.47,40.42],[27.538,40.291],[27.696,40.291],[27.792,40.485],[27.95,40.485],[27.939,40.355],[29.046,40.355],[28.9,40.485],[28.913,40.614],[29.48,40.744],[29.493,40.874],[29.249,40.809],[29.103,40.938],[29.116,41.068],[28.633,41.003],[28.169,41.133],[28.077,41.003],[27.527,41.068],[27.017,40.679],[26.921,40.485],[26.626,40.744],[26.14,40.614],[26.082,40.874],[25.378,41.003],[24.347,41.003],[24.011,40.744],[23.698,40.809],[23.685,40.614],[23.839,40.55],[23.737,40.226],[23.267,40.291],[22.884,40.485],[22.892,40.614],[22.655,40.614],[22.56,40.355],[22.544,40.096],[22.702,40.096],[22.611,39.902],[23.135,39.45],[22.816,39.385],[22.797,39.062],[22.958,39.126],[23.493,38.868],[23.332,38.803],[23.025,38.933],[22.936,38.739],[23.167,38.674],[23.313,38.481],[23.626,38.481],[23.563,38.739],[24.03,38.674],[24.179,38.545],[24.159,38.222],[24.002,38.222],[23.979,37.835],[23.443,38.029],[23.208,38.029],[23.201,37.9],[23.044,37.9],[23.108,37.642],[23.342,37.642],[23.402,37.319],[23.169,37.319],[23.176,37.448],[22.949,37.577],[22.714,37.577],[22.701,37.319],[22.853,37.255],[23.056,36.675],[22.833,36.868],[22.599,36.868],[22.512,36.675],[22.356,36.675],[22.22,37.062],[21.909,37.062],[21.899,36.868],[21.744,36.868],[21.681,37.19],[21.603,37.19],[21.697,37.513],[21.244,37.835],[21.416,38.158],[21.729,38.158],[21.738,38.351],[21.193,38.416],[20.974,38.739],[20.741,38.803],[20.911,39.062],[20.297,39.385],[20.155,39.708],[19.918,39.708],[19.912,39.579],[19.758,39.644],[19.764,39.773],[20,39.773],[20.009,39.967],[19.63,40.291],[19.471,40.291],[19.486,40.614],[19.249,40.614],[19.255,40.744],[19.498,40.874],[19.438,41.263],[19.523,41.392],[19.444,41.392],[19.53,41.522],[19.45,41.522],[19.542,41.782],[18.852,42.366],[18.143,42.626],[17.992,42.821],[17.593,42.886],[17.508,42.756],[17.516,42.951],[17.355,42.951],[17.365,43.212],[17.122,43.147],[17.051,43.407],[16.727,43.342],[16.734,43.538],[16.575,43.603],[15.927,43.472],[16.012,43.603],[15.857,43.798],[15.695,43.798],[15.619,43.929],[15.375,43.863],[15.459,43.994],[15.219,44.059],[15.147,44.385],[14.909,44.581],[14.919,44.973],[14.516,45.104],[14.603,45.366],[14.196,45.366],[14.189,45.039],[13.946,45.039],[13.943,44.908],[13.781,44.908],[13.706,45.235],[13.544,45.3],[13.547,45.497],[13.71,45.497],[13.715,45.759],[13.145,45.824],[13.06,45.628],[12.817,45.693],[12.652,45.562],[12.163,45.497],[12.16,45.17],[12.403,45.039],[12.4,44.777],[12.157,44.843],[12.154,44.451],[12.313,44.19],[12.873,43.798],[13.036,43.863],[13.034,43.733],[13.355,43.668],[13.673,43.407],[13.747,43.082],[13.985,42.951],[13.901,42.756],[14.056,42.496],[14.371,42.236],[14.531,42.236],[14.608,42.106],[14.769,42.171],[14.766,42.041],[14.924,41.976],[15.165,42.041],[15.241,41.911],[16.119,41.911],[16.115,41.782],[15.874,41.717],[15.944,41.392],[17.203,41.003],[17.511,40.744],[17.981,40.614],[18.438,40.161],[18.349,39.902],[18.112,39.902],[17.813,40.355],[17.418,40.355],[17.345,40.55],[17.028,40.55],[16.868,40.485],[16.945,40.42],[16.862,40.291],[16.624,40.291],[16.697,40.096],[16.457,39.967],[16.447,39.644],[16.916,39.514],[17.07,39.385],[17.138,39.062],[16.502,38.803],[16.492,38.416],[15.933,37.964],[15.698,37.964],[15.624,38.158],[15.389,38.158],[15.066,37.642],[15.059,37.255],[15.214,37.19],[15.05,36.739],[14.661,36.739],[14.278,37.126],[13.578,37.255],[13.192,37.577],[12.49,37.706],[12.492,37.9],[12.65,38.093],[13.04,38.029],[13.12,38.158],[13.355,38.158],[13.665,37.964],[14.056,37.964],[15.862,38.287],[15.95,38.674],[16.265,38.739],[16.27,38.933],[16.117,39.062],[15.899,39.773],[15.666,39.902],[15.748,40.032],[15.432,40.032],[15.199,40.226],[15.041,40.226],[14.893,40.679],[14.418,40.679],[14.422,40.874],[14.105,40.874],[13.951,41.133],[13.792,41.133],[13.715,41.263],[13,41.327],[12.131,41.911],[12.132,42.041],[11.813,42.106],[11.655,42.366],[11.495,42.301],[11.415,42.431],[11.255,42.431],[11.176,42.626],[11.016,42.626],[11.016,42.821],[10.535,43.082],[10.374,43.668],[10.131,44.059],[9.889,43.994],[9.97,44.124],[9.727,44.124],[9.159,44.451],[8.593,44.451],[8.192,44.19],[8.034,43.929],[7.15,43.733],[6.993,43.538],[6.673,43.472],[6.518,43.212],[6.278,43.147],[5.796,43.147],[5.632,43.277],[5.391,43.277],[5.387,43.407],[5.063,43.472],[4.419,43.472],[4.339,43.472],[4.41,43.733],[4.728,43.863],[4.797,44.19],[4.631,44.32],[4.527,44.973],[4.357,45.17],[4.344,45.497],[4.263,45.497],[4.165,45.89],[4.403,46.087],[4.893,46.087],[4.968,46.283],[5.211,46.349],[5.868,46.283],[6.344,46.809],[6.666,47.072],[6.83,47.072],[6.827,47.203],[6.99,47.269],[6.983,47.532],[7.397,47.466],[7.559,47.598],[7.642,47.598],[8.467,47.598],[8.548,47.73],[8.877,47.796],[8.957,48.06],[9.121,48.192],[11.193,48.787],[11.861,49.184],[12.111,49.184],[12.609,48.985],[12.773,48.787],[13.519,48.654],[14.176,48.324],[14.259,48.324],[14.672,48.258],[14.924,48.39],[15.499,48.192],[16.078,48.192],[16.332,48.324]]]]}},{"type":"Feature","id":"cliopatria-a95e513bf9ae8b6631d083a0","properties":{"NAME":"Ripuarian Franks","ABBREVN":null,"CONTROL":null,"SUBJECTO":"Ripuarian Franks","PARTOF":null,"BORDERPRECISION":1,"FromYear":261,"ToYear":282,"Area":25386.401071757242,"Type":"POLITY","Wikipedia":"Ripuarian Franks","Wikidata":"Q316860","SeshatID":"","Components":"","MemberOf":"","sourceFeatureId":"cliopatria-a95e513bf9ae8b6631d083a0","datasetId":"cliopatria"},"geometry":{"type":"MultiPolygon","coordinates":[[[[7.204,52.25],[7.213,51.848],[7.386,51.714],[7.391,51.513],[7.649,51.313],[7.652,51.179],[7.991,51.112],[7.909,50.979],[8.166,50.779],[8.334,50.779],[8.422,50.579],[8.759,50.512],[8.426,50.313],[8.265,49.847],[8.181,49.847],[7.677,49.914],[7.753,50.313],[7.581,50.512],[7.413,50.512],[7.41,50.645],[7.24,50.712],[7.235,50.912],[7.065,50.979],[6.885,51.38],[6.626,51.58],[6.541,51.58],[5.934,51.982],[4.655,52.049],[4.652,52.116],[4.558,52.318],[4.811,52.385],[4.885,52.654],[5.391,52.855],[5.386,52.99],[5.56,52.923],[5.655,52.654],[6.083,52.654],[6.004,52.452],[6.347,52.385],[6.429,52.519],[6.683,52.586],[7.119,52.25],[7.204,52.25]]]]}},{"type":"Feature","id":"cliopatria-d9bec11d46eb3aa054d2ddde","properties":{"NAME":"Cao Wei","ABBREVN":null,"CONTROL":null,"SUBJECTO":"Cao Wei","PARTOF":null,"BORDERPRECISION":1,"FromYear":263,"ToYear":264,"Area":2972965.6217338266,"Type":"POLITY","Wikipedia":"Cao Wei","Wikidata":"Q320930","SeshatID":"cn_wei_k","Components":"","MemberOf":"","sourceFeatureId":"cliopatria-d9bec11d46eb3aa054d2ddde","datasetId":"cliopatria"},"geometry":{"type":"MultiPolygon","coordinates":[[[[87.282,42.496],[87.254,42.431],[88.848,42.236],[88.82,42.171],[89.642,42.041],[89.613,41.976],[90.223,41.911],[90.195,41.847],[90.434,41.847],[90.536,41.717],[90.775,41.717],[91.27,41.392],[92.349,41.133],[92.321,41.068],[93.296,40.938],[93.268,40.874],[93.715,40.809],[93.687,40.744],[95.23,41.003],[96.926,41.068],[96.897,41.003],[97.63,40.874],[98.037,40.55],[98.225,40.614],[98.245,40.485],[98.948,40.291],[99.047,40.161],[99.284,40.161],[99.384,40.032],[100.124,40.096],[100.094,40.032],[100.539,39.967],[100.559,39.838],[100.924,39.773],[100.895,39.708],[104.613,39.902],[104.601,39.708],[104.728,39.644],[104.608,39.385],[104.48,39.45],[103.939,39.126],[103.608,38.739],[104.215,38.868],[103.808,38.481],[103.751,38.351],[103.958,38.287],[103.69,38.029],[103.768,38.029],[103.713,37.9],[104.311,37.835],[104.412,37.706],[105.065,37.771],[105.88,38.029],[106.037,38.029],[106.058,37.9],[107.359,37.835],[108.49,38.093],[108.461,38.029],[108.696,38.029],[108.794,37.9],[109.527,37.964],[109.498,37.9],[110.484,37.835],[110.455,37.771],[110.768,37.771],[110.738,37.706],[111.08,37.771],[111.021,37.642],[111.538,37.577],[111.509,37.513],[111.851,37.577],[112.698,39.191],[113.84,40.485],[113.865,40.679],[114.843,40.874],[115.992,41.782],[117.299,42.106],[117.456,42.236],[117.776,42.236],[117.74,42.041],[117.861,41.976],[117.746,41.782],[117.871,41.587],[118.03,41.587],[117.992,41.522],[118.428,41.587],[118.39,41.522],[118.909,41.457],[118.871,41.392],[121.021,41.263],[123.087,41.911],[123.167,41.911],[123.127,41.847],[123.405,41.782],[123.365,41.717],[123.604,41.717],[123.564,41.652],[124.042,41.522],[124.002,41.457],[124.28,41.392],[124.24,41.327],[124.479,41.327],[124.439,41.263],[124.717,41.198],[124.678,41.133],[125.831,41.327],[125.79,41.263],[126.108,41.263],[126.187,41.133],[126.742,41.003],[126.623,40.679],[126.425,40.614],[126.269,40.355],[126.432,40.096],[126.709,40.032],[126.832,39.838],[126.728,39.385],[126.964,39.385],[126.854,39.191],[127.023,38.933],[126.937,38.351],[126.348,37.835],[126.27,37.835],[125.845,37.771],[125.835,37.9],[125.678,37.9],[125.387,37.642],[125.231,37.642],[125.298,37.771],[125.209,37.9],[124.897,37.9],[125.077,38.093],[124.764,38.093],[124.866,38.287],[124.788,38.287],[124.961,38.61],[125.153,38.674],[125.189,38.739],[125.032,38.739],[125.39,39.385],[125.306,39.514],[124.87,39.579],[124.865,39.708],[124.512,39.644],[124.345,39.902],[124.034,39.773],[123.597,39.838],[122.936,39.644],[122.17,39.256],[121.952,38.997],[121.716,38.997],[121.422,38.739],[121.029,38.739],[121.201,39.062],[121.515,39.062],[121.69,39.385],[121.297,39.385],[121.21,39.514],[121.281,39.644],[121.438,39.644],[121.503,39.902],[121.776,39.967],[122.231,40.485],[122.106,40.679],[121.827,40.744],[121.824,40.874],[121.11,40.874],[120.997,40.679],[120.647,40.485],[120.5,40.226],[119.38,39.773],[119.215,39.32],[118.989,39.191],[118.45,39.062],[118.057,39.062],[118.046,39.191],[117.776,39.126],[117.576,38.739],[117.655,38.739],[117.602,38.481],[117.759,38.481],[117.773,38.351],[118.054,38.287],[118.067,38.158],[118.583,38.093],[118.648,38.222],[118.804,38.222],[118.772,38.158],[119.457,37.964],[119.393,37.835],[119.237,37.835],[118.984,37.319],[119.14,37.319],[119.156,37.19],[119.701,37.19],[119.827,37.448],[120.202,37.577],[120.188,37.706],[120.754,37.9],[121.112,37.835],[121.171,37.642],[121.483,37.642],[121.497,37.513],[122.154,37.577],[122.121,37.513],[122.713,37.448],[122.474,37.126],[122.566,36.997],[122.394,36.804],[121.912,36.933],[121.212,36.61],[120.979,36.61],[120.965,36.417],[120.732,36.417],[120.659,36.095],[120.318,36.031],[119.986,35.645],[119.619,35.516],[119.228,34.808],[119.459,34.808],[119.431,34.744],[119.711,34.679],[119.732,34.551],[120.342,34.358],[120.489,34.165],[120.55,33.586],[120.926,33.2],[120.923,33.007],[120.897,32.943],[120.155,32.814],[119.467,32.814],[119.059,32.943],[117.961,32.879],[117.579,32.686],[117.402,32.429],[116.919,32.365],[116.616,32.172],[115.327,31.786],[114.555,31.336],[114.068,31.465],[113.855,31.722],[112.124,31.786],[111.301,32.043],[110.637,32.107],[110.478,31.658],[110.161,31.4],[109.812,31.272],[109.453,31.336],[108.953,31.208],[108.813,31.015],[108.889,31.015],[108.784,30.694],[108.86,30.694],[108.853,30.436],[108.66,30.308],[109.035,30.051],[109.031,29.794],[109.258,29.794],[109.37,29.665],[109.367,29.408],[109.537,29.215],[109.462,28.701],[109.633,28.508],[109.561,28.251],[109.831,27.865],[109.686,27.608],[109.536,27.608],[109.15,27.287],[109.036,26.837],[109.111,26.837],[109.044,26.258],[109.119,26.258],[109.224,25.744],[109.359,25.679],[109.315,25.486],[109.39,25.486],[109.347,25.294],[109.454,25.101],[109.406,24.522],[109.243,24.458],[109.217,24.329],[107.386,24.136],[106.988,24.008],[106.466,23.622],[106.156,23.558],[105.69,23.043],[105.615,23.043],[105.363,23.301],[104.956,23.108],[104.905,23.236],[103.426,23.301],[102.852,23.429],[102.474,23.815],[102.325,23.815],[102.086,24.136],[101.811,24.265],[101.462,25.165],[101.398,25.936],[101.196,26.387],[101.09,27.544],[101.014,27.544],[101.05,27.994],[100.915,28.058],[101.039,28.251],[100.964,28.251],[101.03,28.508],[100.955,28.508],[101.022,28.765],[100.881,29.087],[100.951,29.344],[100.875,29.344],[100.964,29.665],[100.889,29.665],[100.961,29.922],[100.885,29.922],[100.978,30.244],[100.902,30.244],[101.015,30.629],[100.939,30.629],[101.055,31.015],[100.979,31.015],[101.687,32.75],[102.552,33.264],[103.034,33.329],[103.332,33.522],[103.493,33.972],[103.355,34.229],[103.527,34.486],[103.45,34.486],[103.735,35.451],[103.63,35.58],[103.649,36.224],[103.467,36.353],[103.44,36.675],[103.311,36.739],[103.363,36.868],[103.078,37.126],[102.611,37.126],[102.586,37.255],[102.171,37.384],[102.172,37.577],[102.043,37.642],[102.096,37.771],[101.755,37.513],[101.601,37.706],[101.315,37.771],[101.29,37.9],[100.796,38.029],[100.799,38.222],[100.642,38.222],[100.414,38.61],[100.199,38.287],[99.862,38.416],[99.379,39.126],[99.092,39.191],[99.12,39.256],[98.958,39.062],[98.384,39.191],[98.117,38.933],[97.96,38.933],[97.857,39.062],[97.492,39.126],[97.468,39.256],[96.763,39.45],[96.681,39.256],[96.76,39.256],[96.678,39.062],[96.757,39.062],[96.677,38.868],[96.755,38.868],[96.649,38.61],[96.414,38.61],[96.31,38.739],[95.682,38.933],[95.319,39.385],[94.977,39.32],[94.506,39.514],[93.955,39.514],[93.088,39.32],[92.248,39.385],[91.123,39.126],[89.58,38.997],[88.746,38.868],[87.662,38.481],[86.44,38.351],[86.081,38.222],[85.813,37.9],[85.356,37.706],[85.113,37.448],[81.031,36.61],[80.371,36.997],[79.398,37.126],[79.145,37.319],[78.424,37.513],[78.386,37.642],[78.093,37.706],[77.801,38.029],[77.841,38.158],[77.667,38.351],[77.51,38.351],[77.414,38.545],[77.258,38.545],[77.025,38.803],[75.792,39.126],[73.769,39.45],[73.69,39.45],[73.395,39.514],[73.573,39.579],[73.8,40.291],[73.526,40.42],[73.489,40.55],[73.331,40.55],[73.294,40.679],[73.135,40.679],[73.099,40.809],[73.12,40.874],[73.343,41.068],[74.751,41.003],[77.35,41.392],[77.374,41.457],[77.875,41.522],[80.028,42.366],[80.108,42.366],[80.239,42.496],[80.508,42.366],[82.056,42.236],[84.108,42.756],[85.792,42.756],[85.764,42.691],[87.202,42.496],[87.282,42.496]]]]}},{"type":"Feature","id":"cliopatria-e2b79001902dde460e28e641","properties":{"NAME":"Palmyrene Empire","ABBREVN":null,"CONTROL":null,"SUBJECTO":"Palmyrene Empire","PARTOF":null,"BORDERPRECISION":1,"FromYear":263,"ToYear":264,"Area":1043311.7779928264,"Type":"POLITY","Wikipedia":"Palmyrene Empire","Wikidata":"Q877875","SeshatID":"","Components":"","MemberOf":"","sourceFeatureId":"cliopatria-e2b79001902dde460e28e641","datasetId":"cliopatria"},"geometry":{"type":"MultiPolygon","coordinates":[[[[40.026,34.293],[39.509,34.486],[39.124,34.486],[37.99,33.972],[37.739,33.779],[37.726,33.65],[37.573,33.65],[37.073,33.264],[37.054,33.072],[36.901,33.072],[36.717,32.75],[36.751,32.3],[36.516,32.236],[36.662,32.172],[36.387,31.658],[36.423,31.208],[36.271,31.208],[36.401,30.951],[36.156,30.758],[35.846,29.729],[35.77,29.729],[35.806,29.215],[35.655,29.215],[35.641,29.022],[35.48,28.894],[35.196,28.058],[34.593,28.058],[34.605,28.251],[34.854,28.572],[34.913,29.408],[34.752,29.279],[34.517,28.058],[34.358,27.93],[34.346,27.737],[34.12,27.737],[33.617,28.122],[33.554,28.315],[33.403,28.315],[33.189,28.508],[33.147,29.022],[32.857,29.215],[32.589,29.729],[32.602,29.922],[32.442,29.794],[32.689,28.958],[32.836,28.894],[33.105,28.38],[33.609,27.994],[33.585,27.608],[33.799,27.415],[33.927,27.029],[34.073,26.965],[34.051,26.579],[34.197,26.515],[34.461,25.872],[34.608,25.808],[35.146,24.651],[35.86,24.008],[35.854,23.879],[35.559,23.943],[35.553,23.815],[35.108,23.879],[33.756,23.686],[33.682,23.686],[33.389,23.815],[32.041,23.686],[31.67,23.751],[30.537,23.365],[30.463,23.365],[30.395,23.558],[30.104,23.751],[30.109,23.879],[29.959,23.879],[29.673,24.201],[28.569,24.651],[28.289,25.165],[28.244,25.936],[28.345,26.579],[28.27,26.579],[28.22,27.158],[28.145,27.158],[28.154,27.351],[27.937,27.544],[27.711,27.544],[27.792,27.672],[27.644,27.737],[27.647,27.801],[28.114,28.122],[28.205,28.444],[28.523,28.765],[28.54,29.087],[28.863,29.472],[28.877,29.729],[29.044,29.987],[29.093,30.822],[29.169,30.822],[29.397,30.822],[29.485,31.015],[29.789,31.015],[29.882,31.272],[30.339,31.272],[30.271,31.4],[30.352,31.465],[30.966,31.529],[30.975,31.658],[31.203,31.658],[31.118,31.529],[31.266,31.465],[31.875,31.465],[31.781,31.208],[31.937,31.272],[32,31.079],[32.304,31.079],[32.237,31.208],[32.389,31.208],[32.532,31.079],[32.765,31.143],[32.832,31.015],[33.749,31.079],[34.297,31.272],[34.308,31.4],[34.633,31.658],[34.573,31.85],[34.813,31.979],[34.77,32.365],[35.022,32.622],[35.056,33.007],[35.215,33.072],[35.398,33.393],[35.346,33.65],[35.499,33.65],[35.447,33.907],[35.684,33.972],[35.644,34.358],[35.792,34.293],[36.049,34.551],[36.068,34.744],[35.927,34.872],[35.96,35.194],[35.882,35.194],[35.993,35.516],[35.845,35.58],[35.99,36.224],[35.842,36.288],[36.265,36.61],[36.286,36.804],[36.145,36.933],[35.834,36.933],[35.488,36.61],[35.113,36.739],[34.95,36.675],[34.893,36.868],[34.582,36.868],[34.251,36.675],[33.979,36.288],[32.558,36.031],[32.499,36.224],[32.068,36.61],[31.392,36.868],[30.697,36.933],[30.619,36.933],[30.815,37.384],[30.531,37.706],[30.152,37.835],[30.163,37.964],[30.891,38.222],[30.988,38.416],[31.386,38.481],[31.443,39.062],[31.233,39.32],[31.378,39.967],[31.306,40.032],[32.11,40.161],[32.304,40.485],[32.764,40.355],[33.002,40.355],[33.096,40.485],[34.03,40.355],[34.458,40.614],[35.171,40.614],[35.312,40.485],[35.708,40.485],[35.929,40.355],[36.491,40.42],[36.79,40.291],[37.115,40.355],[38.204,40.226],[38.335,40.032],[38.79,39.902],[38.93,39.773],[38.745,39.579],[38.954,39.385],[39.209,39.514],[39.751,39.45],[39.848,39.579],[40.548,39.514],[40.51,39.256],[40.658,39.191],[40.469,38.416],[40.547,38.416],[40.572,38.029],[40.094,37.964],[40.051,37.642],[40.181,37.448],[41.178,37.319],[41.273,36.868],[41.68,36.417],[41.577,36.224],[41.086,36.031],[41.112,35.001],[40.772,34.744],[40.618,34.744],[40.103,34.293],[40.026,34.293]]],[[[30.613,36.868],[30.536,36.868],[30.541,36.933],[30.619,36.933],[30.613,36.868]]]]}},{"type":"Feature","id":"cliopatria-d126b9ea432261041f9275c2","properties":{"NAME":"Sasanian Empire","ABBREVN":null,"CONTROL":null,"SUBJECTO":"Sasanian Empire","PARTOF":null,"BORDERPRECISION":1,"FromYear":263,"ToYear":264,"Area":3044022.246256407,"Type":"POLITY","Wikipedia":"Sasanian Empire","Wikidata":"Q1661685","SeshatID":"ir_sassanid_emp_1","Components":"","MemberOf":"","sourceFeatureId":"cliopatria-d126b9ea432261041f9275c2","datasetId":"cliopatria"},"geometry":{"type":"MultiPolygon","coordinates":[[[[51.132,25.422],[51.138,25.486],[51.212,25.486],[51.207,25.422],[51.132,25.422]]],[[[50.649,25.872],[50.43,25.936],[50.46,26.258],[50.685,26.258],[50.673,26.129],[50.667,26.065],[50.649,25.872]]],[[[45.68,42.561],[45.683,42.171],[46.23,42.106],[46.431,41.911],[46.816,41.847],[47.496,41.263],[47.986,41.327],[48.119,41.587],[48.557,41.782],[49.086,41.263],[49.059,41.133],[49.271,41.003],[49.244,40.874],[49.508,40.614],[50.195,40.485],[50.247,40.355],[49.693,40.355],[49.509,40.226],[49.267,39.385],[49.151,39.191],[48.915,39.191],[48.801,38.997],[48.829,37.835],[49.085,37.513],[49.854,37.448],[50.321,36.997],[50.566,37.062],[50.632,36.997],[50.532,36.868],[51.642,36.546],[52.586,36.61],[53.489,36.868],[54.033,36.868],[54.095,37.19],[53.91,37.448],[53.908,37.835],[53.83,37.835],[53.987,38.997],[53.518,39.385],[53.138,39.45],[53.545,39.514],[53.498,40.032],[52.723,40.096],[52.714,40.42],[52.793,40.42],[52.893,40.874],[52.972,40.874],[52.943,40.744],[53.34,40.744],[53.448,40.874],[53.404,40.679],[54.544,40.809],[56.655,40.355],[56.987,40.42],[56.956,40.291],[57.114,40.291],[57.162,40.161],[57.351,40.291],[58.332,40.42],[58.537,40.291],[58.854,40.291],[58.98,40.161],[59.77,40.161],[59.768,39.838],[60.084,39.838],[60.052,39.708],[60.683,39.708],[60.713,39.514],[61.202,39.579],[62.502,40.032],[62.879,39.967],[64.02,40.096],[64.389,40.291],[65.235,40.485],[65.272,40.614],[65.351,40.614],[65.37,40.679],[65.449,40.679],[65.43,40.614],[65.589,40.614],[65.804,40.809],[65.883,40.809],[65.564,39.967],[65.291,39.838],[65.203,39.514],[65.282,39.514],[65.065,38.997],[65.144,38.997],[65.077,38.739],[65.155,38.739],[64.751,35.773],[64.829,35.773],[64.854,35.194],[65.092,34.872],[64.574,34.615],[64.324,34.165],[63.873,33.843],[63.426,32.365],[63.185,32.3],[63.161,32.172],[62.82,31.979],[62.421,31.465],[61.942,31.336],[61.875,30.951],[61.387,30.308],[60.956,29.987],[61.001,29.794],[62.304,29.408],[64.12,29.408],[64.53,29.601],[65.125,29.537],[66.077,29.794],[66.434,29.665],[66.888,29.665],[66.995,29.408],[67.135,29.344],[66.931,28.572],[67.007,28.572],[66.965,28.315],[67.041,28.315],[67.046,27.865],[67.121,27.865],[67.062,27.479],[67.175,27.222],[67.197,26.322],[67.502,25.808],[67.112,25.101],[66.64,24.908],[66.648,24.972],[66.62,25.358],[66.345,25.551],[66.021,25.358],[64.816,25.294],[64.801,25.165],[64.285,25.229],[64.225,25.358],[63.626,25.358],[63.536,25.229],[62.563,25.229],[62.474,25.101],[62.182,25.165],[62.018,25.036],[61.719,25.036],[61.658,25.165],[61.127,25.101],[60.917,25.229],[60.618,25.229],[60.632,25.358],[59.06,25.358],[58.782,25.551],[57.958,25.551],[57.74,25.615],[57.679,25.744],[57.38,25.744],[57.176,25.936],[57.052,26.837],[56.715,27.158],[56.188,27.158],[56.098,27.029],[56.324,27.029],[56.309,26.901],[56.061,26.708],[55.603,26.644],[55.439,26.515],[55.289,26.515],[55.31,26.708],[55.543,26.772],[55.242,26.772],[54.832,26.451],[54.463,26.515],[54.259,26.708],[53.658,26.708],[53.461,26.965],[52.737,27.222],[52.479,27.608],[52.049,27.801],[51.597,27.801],[51.317,27.994],[51.331,28.122],[51.066,28.444],[51.028,28.765],[50.809,28.83],[50.915,29.087],[50.62,29.151],[50.651,29.408],[50.236,29.729],[50.065,30.179],[49.586,29.987],[48.943,30.308],[48.987,30.051],[48.365,29.922],[48.404,29.601],[47.866,29.537],[47.852,29.408],[48.079,29.408],[48.215,29.279],[48.194,29.087],[48.46,28.765],[48.563,28.315],[48.974,27.93],[48.872,27.672],[49.242,27.608],[49.36,27.287],[50.135,26.772],[50.116,26.579],[50.254,26.451],[50.223,26.129],[50.067,26.065],[50.211,26.001],[50.325,25.615],[50.608,25.422],[50.654,25.101],[50.729,25.101],[50.769,25.551],[50.925,25.615],[50.955,25.936],[51.123,26.129],[51.423,26.129],[51.698,25.872],[51.575,25.358],[51.719,25.294],[51.69,24.972],[51.524,24.779],[51.411,24.329],[51.854,24.265],[51.907,24.008],[52.28,24.008],[52.6,24.265],[53.112,24.136],[54.083,24.136],[54.099,24.329],[54.318,24.265],[54.559,24.458],[54.744,24.844],[55.143,25.101],[55.412,25.551],[55.97,25.872],[56.168,26.322],[56.475,26.387],[56.543,26.322],[56.385,25.551],[56.46,25.551],[56.421,25.165],[56.496,25.165],[56.402,24.972],[56.545,24.908],[56.788,24.329],[57.493,23.879],[58.812,23.622],[59.08,23.301],[59.068,23.172],[59.28,23.043],[59.268,22.915],[58.896,22.915],[58.908,23.043],[58.61,23.043],[58.335,23.301],[57.962,23.301],[57.974,23.429],[57.83,23.493],[56.809,23.751],[56.821,23.879],[56.54,24.072],[56.489,24.329],[56.271,24.393],[56.29,24.586],[56.09,24.844],[55.859,24.779],[55.841,24.586],[55.623,24.651],[54.812,23.943],[54.273,23.751],[51.881,23.686],[51.822,23.879],[51.166,24.072],[51.102,24.201],[51.203,24.522],[51.133,24.586],[51.294,24.715],[51.327,25.101],[51.402,25.101],[51.27,25.294],[51.35,25.358],[51.323,25.872],[51.173,25.872],[51.23,25.679],[50.982,25.422],[50.965,25.229],[51.12,25.294],[50.92,24.715],[50.616,24.651],[50.344,24.972],[50.032,25.679],[49.674,25.872],[49.878,26.451],[49.252,26.965],[49.265,27.094],[49.059,27.287],[48.552,27.479],[48.467,28.122],[48.247,28.187],[48.206,28.508],[48.055,28.508],[48.144,28.637],[48,28.701],[48.014,28.83],[47.809,29.022],[47.651,28.958],[47.672,29.151],[47.535,29.279],[47.654,29.665],[47.29,29.794],[46.979,29.729],[46.994,29.858],[46.85,29.922],[46.615,29.858],[46.591,30.308],[45.77,30.436],[44.955,31.272],[44.581,31.336],[44.459,31.593],[43.153,32.814],[42.709,32.943],[42.578,33.136],[41.489,33.65],[41.212,33.907],[40.912,33.972],[40.85,34.1],[40.311,34.1],[40.403,34.229],[40.18,34.293],[40.103,34.293],[40.618,34.744],[40.772,34.744],[41.112,35.001],[41.086,36.031],[41.577,36.224],[41.68,36.417],[41.273,36.868],[41.178,37.319],[40.181,37.448],[40.051,37.642],[40.094,37.964],[40.572,38.029],[40.547,38.416],[40.469,38.416],[40.658,39.191],[40.51,39.256],[40.548,39.514],[39.848,39.579],[39.751,39.45],[39.209,39.514],[38.954,39.385],[38.745,39.579],[38.93,39.773],[38.79,39.902],[40.398,40.096],[40.953,40.614],[41.45,40.744],[41.535,41.263],[41.614,41.263],[41.694,41.263],[41.705,41.327],[42.25,41.263],[42.363,41.457],[42.613,41.522],[42.935,42.431],[42.718,42.561],[42.754,42.756],[42.605,42.821],[42.572,43.082],[42.492,43.082],[42.504,43.147],[42.918,43.212],[43.203,43.017],[43.74,42.886],[43.783,42.691],[44.184,42.691],[44.369,42.821],[44.69,42.821],[44.745,42.691],[45.158,42.756],[45.145,42.691],[45.68,42.561]]]]}},{"type":"Feature","id":"cliopatria-43c6021921c3f9677c2fe091","properties":{"NAME":"Eastern Wu","ABBREVN":null,"CONTROL":null,"SUBJECTO":"Eastern Wu","PARTOF":null,"BORDERPRECISION":1,"FromYear":263,"ToYear":269,"Area":1399612.415210381,"Type":"POLITY","Wikipedia":"Eastern Wu","Wikidata":"Q274488","SeshatID":"","Components":"","MemberOf":"","sourceFeatureId":"cliopatria-43c6021921c3f9677c2fe091","datasetId":"cliopatria"},"geometry":{"type":"MultiPolygon","coordinates":[[[[110.179,18.479],[109.862,18.35],[109.841,18.222],[109.25,18.222],[109.123,18.35],[108.765,18.415],[108.638,18.543],[108.704,19.379],[109.203,19.701],[109.246,19.958],[110.157,20.086],[110.591,20.022],[110.613,20.151],[110.909,20.151],[111.087,19.893],[111.032,19.572],[110.884,19.572],[110.851,19.379],[110.681,19.251],[110.508,18.672],[110.19,18.543],[110.179,18.479]]],[[[121.403,32.493],[121.503,32.172],[121.783,32.107],[121.987,31.85],[121.836,31.658],[121.301,31.85],[120.894,31.786],[121.454,31.658],[121.481,31.529],[121.634,31.529],[121.584,31.4],[121.737,31.4],[121.995,31.079],[121.899,30.822],[121.519,30.822],[121.197,30.565],[121.045,30.565],[120.68,30.179],[120.809,30.115],[121.105,30.308],[121.484,30.308],[121.62,30.051],[122.03,29.922],[121.865,29.665],[122.016,29.665],[121.928,29.408],[122.004,29.408],[121.938,29.215],[121.712,29.215],[121.798,29.472],[121.593,29.537],[121.539,29.151],[121.744,29.087],[121.714,28.765],[121.522,28.637],[121.652,28.572],[121.646,28.315],[121.153,28.187],[121.193,28.315],[121.118,28.315],[121.038,28.058],[120.868,27.994],[120.715,27.737],[120.657,27.544],[120.733,27.544],[120.545,27.158],[120.395,27.158],[120.247,26.901],[120.096,26.901],[120.061,26.772],[120.211,26.772],[120.158,26.579],[119.84,26.515],[119.938,26.322],[119.587,26.129],[119.778,26.001],[119.53,25.615],[119.904,25.615],[119.872,25.486],[119.466,25.358],[119.423,25.486],[119.273,25.486],[119.391,25.358],[119.344,25.165],[119.029,25.101],[119.074,24.972],[118.819,24.844],[118.76,24.586],[118.147,24.522],[118.076,24.201],[117.721,23.943],[117.694,23.815],[117.47,23.815],[117.179,23.493],[116.894,23.558],[116.78,23.365],[116.815,23.172],[116.591,23.172],[116.54,22.915],[115.696,22.786],[115.671,22.658],[115.373,22.658],[115.174,22.786],[114.902,22.529],[114.753,22.529],[114.641,22.722],[114.531,22.143],[114.37,22.079],[113.999,22.079],[113.996,22.465],[113.785,22.529],[113.747,22.722],[113.599,22.722],[113.699,22.465],[113.639,22.143],[113.416,22.143],[113.318,22.015],[113.106,22.079],[113.071,21.886],[112.774,21.886],[112.441,21.693],[111.859,21.758],[111.664,21.501],[110.984,21.436],[110.739,21.308],[110.716,21.179],[110.419,21.179],[110.483,21.115],[110.364,20.858],[110.616,20.601],[110.487,20.279],[109.883,20.215],[109.927,20.472],[109.789,20.536],[109.77,20.858],[109.696,20.858],[109.87,21.436],[109.807,21.501],[109.116,21.372],[109.086,21.629],[108.652,21.693],[108.555,21.565],[107.79,21.436],[107.417,20.986],[106.961,20.922],[106.834,20.601],[106.685,20.601],[106.537,20.151],[105.965,19.829],[105.734,18.865],[106.051,18.543],[106.031,18.415],[106.178,18.415],[106.295,18.222],[106.57,18.093],[106.571,17.643],[106.772,17.515],[106.752,17.386],[106.963,17.322],[106.953,17.258],[106.534,16.936],[106.544,17],[106.396,17],[106.416,17.129],[105.144,18.415],[105.185,18.672],[105.037,18.672],[105.142,18.865],[105.015,18.993],[105.014,19.443],[104.94,19.443],[104.992,19.765],[104.865,19.893],[104.981,20.151],[104.44,20.472],[104.619,20.665],[104.905,20.601],[104.873,20.858],[105.096,20.858],[104.851,21.179],[104.979,21.501],[104.926,21.629],[105.096,21.758],[105.128,21.951],[104.874,22.208],[105.238,22.593],[105.208,22.851],[105.506,22.851],[105.678,22.979],[105.69,23.043],[106.156,23.558],[106.466,23.622],[106.988,24.008],[107.386,24.136],[109.217,24.329],[109.243,24.458],[109.406,24.522],[109.454,25.101],[109.347,25.294],[109.39,25.486],[109.315,25.486],[109.359,25.679],[109.224,25.744],[109.119,26.258],[109.044,26.258],[109.111,26.837],[109.036,26.837],[109.15,27.287],[109.536,27.608],[109.686,27.608],[109.831,27.865],[109.561,28.251],[109.633,28.508],[109.462,28.701],[109.537,29.215],[109.367,29.408],[109.37,29.665],[109.258,29.794],[109.031,29.794],[109.035,30.051],[108.66,30.308],[108.853,30.436],[108.86,30.694],[108.784,30.694],[108.889,31.015],[108.813,31.015],[108.953,31.208],[109.453,31.336],[109.812,31.272],[110.161,31.4],[110.478,31.658],[110.637,32.107],[111.301,32.043],[112.124,31.786],[113.855,31.722],[114.068,31.465],[114.555,31.336],[115.327,31.786],[116.616,32.172],[116.919,32.365],[117.402,32.429],[117.579,32.686],[117.961,32.879],[119.059,32.943],[119.467,32.814],[120.155,32.814],[120.897,32.943],[120.973,32.943],[120.895,32.75],[121.046,32.557],[121.123,32.557],[121.403,32.493]]],[[[122.273,30.179],[122.28,29.987],[121.977,29.987],[122.022,30.115],[122.045,30.179],[122.273,30.179]]]]}},{"type":"Feature","id":"cliopatria-a289b670fef5204ee25b2113","properties":{"NAME":"Tamna","ABBREVN":null,"CONTROL":null,"SUBJECTO":"Tamna","PARTOF":null,"BORDERPRECISION":1,"FromYear":263,"ToYear":681,"Area":1959.3196661503846,"Type":"POLITY","Wikipedia":"Tamna","Wikidata":"Q28057","SeshatID":"","Components":"","MemberOf":"","sourceFeatureId":"cliopatria-a289b670fef5204ee25b2113","datasetId":"cliopatria"},"geometry":{"type":"MultiPolygon","coordinates":[[[[126.78,33.264],[126.703,33.264],[126.139,33.2],[126.356,33.522],[126.999,33.586],[126.78,33.264]]]]}},{"type":"Feature","id":"cliopatria-b60471da604f21001961b9a4","properties":{"NAME":"Palmyrene Empire","ABBREVN":null,"CONTROL":null,"SUBJECTO":"Palmyrene Empire","PARTOF":null,"BORDERPRECISION":1,"FromYear":265,"ToYear":269,"Area":1043311.7779928264,"Type":"POLITY","Wikipedia":"Palmyrene Empire","Wikidata":"Q877875","SeshatID":"","Components":"","MemberOf":"","sourceFeatureId":"cliopatria-b60471da604f21001961b9a4","datasetId":"cliopatria"},"geometry":{"type":"MultiPolygon","coordinates":[[[[40.026,34.293],[39.509,34.486],[39.124,34.486],[37.99,33.972],[37.739,33.779],[37.726,33.65],[37.573,33.65],[37.073,33.264],[37.054,33.072],[36.901,33.072],[36.717,32.75],[36.751,32.3],[36.516,32.236],[36.662,32.172],[36.387,31.658],[36.423,31.208],[36.271,31.208],[36.401,30.951],[36.156,30.758],[35.846,29.729],[35.77,29.729],[35.806,29.215],[35.655,29.215],[35.641,29.022],[35.48,28.894],[35.196,28.058],[34.593,28.058],[34.605,28.251],[34.854,28.572],[34.913,29.408],[34.752,29.279],[34.517,28.058],[34.358,27.93],[34.346,27.737],[34.12,27.737],[33.617,28.122],[33.554,28.315],[33.403,28.315],[33.189,28.508],[33.147,29.022],[32.857,29.215],[32.589,29.729],[32.602,29.922],[32.442,29.794],[32.689,28.958],[32.836,28.894],[33.105,28.38],[33.609,27.994],[33.585,27.608],[33.799,27.415],[33.927,27.029],[34.073,26.965],[34.051,26.579],[34.197,26.515],[34.461,25.872],[34.608,25.808],[35.146,24.651],[35.86,24.008],[35.854,23.879],[35.559,23.943],[35.553,23.815],[35.108,23.879],[33.756,23.686],[33.682,23.686],[33.389,23.815],[32.041,23.686],[31.67,23.751],[30.537,23.365],[30.463,23.365],[30.395,23.558],[30.104,23.751],[30.109,23.879],[29.959,23.879],[29.673,24.201],[28.569,24.651],[28.289,25.165],[28.244,25.936],[28.345,26.579],[28.27,26.579],[28.22,27.158],[28.145,27.158],[28.154,27.351],[27.937,27.544],[27.711,27.544],[27.792,27.672],[27.644,27.737],[27.647,27.801],[28.114,28.122],[28.205,28.444],[28.523,28.765],[28.54,29.087],[28.863,29.472],[28.877,29.729],[29.044,29.987],[29.093,30.822],[29.169,30.822],[29.397,30.822],[29.485,31.015],[29.789,31.015],[29.882,31.272],[30.339,31.272],[30.271,31.4],[30.352,31.465],[30.966,31.529],[30.975,31.658],[31.203,31.658],[31.118,31.529],[31.266,31.465],[31.875,31.465],[31.781,31.208],[31.937,31.272],[32,31.079],[32.304,31.079],[32.237,31.208],[32.389,31.208],[32.532,31.079],[32.765,31.143],[32.832,31.015],[33.749,31.079],[34.297,31.272],[34.308,31.4],[34.633,31.658],[34.573,31.85],[34.813,31.979],[34.77,32.365],[35.022,32.622],[35.056,33.007],[35.215,33.072],[35.398,33.393],[35.346,33.65],[35.499,33.65],[35.447,33.907],[35.684,33.972],[35.644,34.358],[35.792,34.293],[36.049,34.551],[36.068,34.744],[35.927,34.872],[35.96,35.194],[35.882,35.194],[35.993,35.516],[35.845,35.58],[35.99,36.224],[35.842,36.288],[36.265,36.61],[36.286,36.804],[36.145,36.933],[35.834,36.933],[35.488,36.61],[35.113,36.739],[34.95,36.675],[34.893,36.868],[34.582,36.868],[34.251,36.675],[33.979,36.288],[32.558,36.031],[32.499,36.224],[32.068,36.61],[31.392,36.868],[30.697,36.933],[30.619,36.933],[30.815,37.384],[30.531,37.706],[30.152,37.835],[30.163,37.964],[30.891,38.222],[30.988,38.416],[31.386,38.481],[31.443,39.062],[31.233,39.32],[31.378,39.967],[31.306,40.032],[32.11,40.161],[32.304,40.485],[32.764,40.355],[33.002,40.355],[33.096,40.485],[34.03,40.355],[34.458,40.614],[35.171,40.614],[35.312,40.485],[35.708,40.485],[35.929,40.355],[36.491,40.42],[36.79,40.291],[37.115,40.355],[38.204,40.226],[38.335,40.032],[38.79,39.902],[38.93,39.773],[38.745,39.579],[38.954,39.385],[39.209,39.514],[39.751,39.45],[39.848,39.579],[40.548,39.514],[40.51,39.256],[40.658,39.191],[40.469,38.416],[40.547,38.416],[40.572,38.029],[40.094,37.964],[40.051,37.642],[40.181,37.448],[41.178,37.319],[41.273,36.868],[41.68,36.417],[41.577,36.224],[41.086,36.031],[41.112,35.001],[40.772,34.744],[40.618,34.744],[40.103,34.293],[40.026,34.293]]],[[[30.613,36.868],[30.536,36.868],[30.541,36.933],[30.619,36.933],[30.613,36.868]]]]}},{"type":"Feature","id":"cliopatria-70ecf1a13c862bdae7e8cc1a","properties":{"NAME":"Sasanian Empire","ABBREVN":null,"CONTROL":null,"SUBJECTO":"Sasanian Empire","PARTOF":null,"BORDERPRECISION":1,"FromYear":265,"ToYear":269,"Area":3044149.841094683,"Type":"POLITY","Wikipedia":"Sasanian Empire","Wikidata":"Q1661685","SeshatID":"ir_sassanid_emp_1","Components":"","MemberOf":"","sourceFeatureId":"cliopatria-70ecf1a13c862bdae7e8cc1a","datasetId":"cliopatria"},"geometry":{"type":"MultiPolygon","coordinates":[[[[51.132,25.422],[51.138,25.486],[51.212,25.486],[51.207,25.422],[51.132,25.422]]],[[[50.649,25.872],[50.43,25.936],[50.46,26.258],[50.685,26.258],[50.673,26.129],[50.667,26.065],[50.649,25.872]]],[[[45.68,42.561],[45.683,42.171],[46.23,42.106],[46.431,41.911],[46.816,41.847],[47.496,41.263],[47.986,41.327],[48.119,41.587],[48.557,41.782],[49.086,41.263],[49.059,41.133],[49.271,41.003],[49.244,40.874],[49.508,40.614],[50.195,40.485],[50.247,40.355],[49.693,40.355],[49.509,40.226],[49.267,39.385],[49.151,39.191],[48.915,39.191],[48.801,38.997],[48.829,37.835],[49.085,37.513],[49.854,37.448],[50.321,36.997],[50.566,37.062],[50.632,36.997],[50.532,36.868],[51.642,36.546],[52.586,36.61],[53.489,36.868],[54.033,36.868],[54.095,37.19],[53.91,37.448],[53.908,37.835],[53.83,37.835],[53.987,38.997],[53.518,39.385],[53.138,39.45],[53.545,39.514],[53.498,40.032],[52.723,40.096],[52.714,40.42],[52.793,40.42],[52.893,40.874],[52.972,40.874],[52.943,40.744],[53.34,40.744],[53.448,40.874],[53.404,40.679],[54.544,40.809],[56.655,40.355],[56.987,40.42],[56.956,40.291],[57.114,40.291],[57.162,40.161],[57.351,40.291],[58.332,40.42],[58.537,40.291],[58.854,40.291],[58.98,40.161],[59.77,40.161],[59.768,39.838],[60.084,39.838],[60.052,39.708],[60.683,39.708],[60.713,39.514],[61.202,39.579],[62.502,40.032],[62.879,39.967],[64.02,40.096],[64.389,40.291],[65.235,40.485],[65.272,40.614],[65.351,40.614],[65.37,40.679],[65.449,40.679],[65.43,40.614],[65.589,40.614],[65.804,40.809],[65.883,40.809],[65.564,39.967],[65.291,39.838],[65.203,39.514],[65.282,39.514],[65.065,38.997],[65.144,38.997],[65.077,38.739],[65.155,38.739],[64.751,35.773],[64.829,35.773],[64.854,35.194],[65.092,34.872],[64.574,34.615],[64.324,34.165],[63.873,33.843],[63.426,32.365],[63.185,32.3],[63.161,32.172],[62.82,31.979],[62.421,31.465],[61.942,31.336],[61.875,30.951],[61.387,30.308],[60.956,29.987],[61.001,29.794],[62.304,29.408],[64.12,29.408],[64.53,29.601],[65.125,29.537],[66.077,29.794],[66.434,29.665],[66.888,29.665],[66.995,29.408],[67.135,29.344],[66.931,28.572],[67.007,28.572],[66.965,28.315],[67.041,28.315],[67.046,27.865],[67.121,27.865],[67.062,27.479],[67.175,27.222],[67.197,26.322],[67.502,25.808],[67.112,25.101],[66.64,24.908],[66.648,24.972],[66.62,25.358],[66.345,25.551],[66.021,25.358],[64.816,25.294],[64.801,25.165],[64.285,25.229],[64.225,25.358],[63.626,25.358],[63.536,25.229],[62.563,25.229],[62.474,25.101],[62.182,25.165],[62.018,25.036],[61.719,25.036],[61.658,25.165],[61.127,25.101],[60.917,25.229],[60.618,25.229],[60.632,25.358],[59.06,25.358],[58.782,25.551],[57.958,25.551],[57.74,25.615],[57.679,25.744],[57.38,25.744],[57.176,25.936],[57.052,26.837],[56.715,27.158],[56.188,27.158],[56.098,27.029],[56.324,27.029],[56.309,26.901],[56.061,26.708],[55.603,26.644],[55.439,26.515],[55.289,26.515],[55.31,26.708],[55.543,26.772],[55.242,26.772],[54.832,26.451],[54.463,26.515],[54.259,26.708],[53.658,26.708],[53.461,26.965],[52.737,27.222],[52.479,27.608],[52.049,27.801],[51.597,27.801],[51.317,27.994],[51.331,28.122],[51.066,28.444],[51.028,28.765],[50.809,28.83],[50.915,29.087],[50.62,29.151],[50.651,29.408],[50.236,29.729],[50.065,30.179],[49.586,29.987],[48.943,30.308],[48.987,30.051],[48.365,29.922],[48.404,29.601],[47.866,29.537],[47.852,29.408],[48.079,29.408],[48.215,29.279],[48.194,29.087],[48.46,28.765],[48.563,28.315],[48.974,27.93],[48.872,27.672],[49.242,27.608],[49.36,27.287],[50.135,26.772],[50.116,26.579],[50.254,26.451],[50.223,26.129],[50.067,26.065],[50.211,26.001],[50.325,25.615],[50.608,25.422],[50.654,25.101],[50.729,25.101],[50.769,25.551],[50.925,25.615],[50.955,25.936],[51.123,26.129],[51.423,26.129],[51.698,25.872],[51.575,25.358],[51.719,25.294],[51.69,24.972],[51.524,24.779],[51.411,24.329],[51.854,24.265],[51.907,24.008],[52.28,24.008],[52.6,24.265],[53.112,24.136],[54.083,24.136],[54.099,24.329],[54.318,24.265],[54.559,24.458],[54.744,24.844],[55.143,25.101],[55.412,25.551],[55.97,25.872],[56.168,26.322],[56.475,26.387],[56.543,26.322],[56.385,25.551],[56.46,25.551],[56.421,25.165],[56.496,25.165],[56.402,24.972],[56.545,24.908],[56.788,24.329],[57.493,23.879],[58.812,23.622],[59.08,23.301],[59.068,23.172],[59.28,23.043],[59.268,22.915],[58.896,22.915],[58.908,23.043],[58.61,23.043],[58.335,23.301],[57.962,23.301],[57.974,23.429],[57.83,23.493],[56.809,23.751],[56.821,23.879],[56.54,24.072],[56.489,24.329],[56.271,24.393],[56.29,24.586],[56.09,24.844],[55.859,24.779],[55.841,24.586],[55.623,24.651],[54.812,23.943],[54.273,23.751],[51.881,23.686],[51.822,23.879],[51.166,24.072],[51.102,24.201],[51.203,24.522],[51.133,24.586],[51.294,24.715],[51.327,25.101],[51.402,25.101],[51.27,25.294],[51.35,25.358],[51.323,25.872],[51.173,25.872],[51.23,25.679],[50.982,25.422],[50.965,25.229],[51.12,25.294],[50.92,24.715],[50.616,24.651],[50.344,24.972],[50.032,25.679],[49.674,25.872],[49.878,26.451],[49.252,26.965],[49.265,27.094],[49.059,27.287],[48.552,27.479],[48.467,28.122],[48.247,28.187],[48.206,28.508],[48.055,28.508],[48.144,28.637],[48,28.701],[48.014,28.83],[47.809,29.022],[47.651,28.958],[47.672,29.151],[47.535,29.279],[47.654,29.665],[47.29,29.794],[46.979,29.729],[46.994,29.858],[46.85,29.922],[46.615,29.858],[46.591,30.308],[45.77,30.436],[44.955,31.272],[44.581,31.336],[44.459,31.593],[43.153,32.814],[42.709,32.943],[42.578,33.136],[41.489,33.65],[41.212,33.907],[40.912,33.972],[40.85,34.1],[40.311,34.1],[40.403,34.229],[40.18,34.293],[40.103,34.293],[40.618,34.744],[40.772,34.744],[41.112,35.001],[41.086,36.031],[41.577,36.224],[41.68,36.417],[41.273,36.868],[41.178,37.319],[40.181,37.448],[40.051,37.642],[40.094,37.964],[40.572,38.029],[40.547,38.416],[40.469,38.416],[40.658,39.191],[40.51,39.256],[40.548,39.514],[39.848,39.579],[39.751,39.45],[39.209,39.514],[38.954,39.385],[38.745,39.579],[38.93,39.773],[38.79,39.902],[40.398,40.096],[40.953,40.614],[41.45,40.744],[41.535,41.263],[41.614,41.263],[41.694,41.263],[41.705,41.327],[42.25,41.263],[42.363,41.457],[42.613,41.522],[42.67,41.847],[42.888,42.171],[42.866,42.496],[42.878,42.561],[42.798,42.561],[42.492,43.082],[42.504,43.147],[42.918,43.212],[43.203,43.017],[43.74,42.886],[43.783,42.691],[44.184,42.691],[44.369,42.821],[44.69,42.821],[44.745,42.691],[45.158,42.756],[45.145,42.691],[45.68,42.561]]]]}},{"type":"Feature","id":"cliopatria-9f1b97b8a74167ad400ff90f","properties":{"NAME":"Western Jin","ABBREVN":null,"CONTROL":null,"SUBJECTO":"Western Jin","PARTOF":null,"BORDERPRECISION":1,"FromYear":265,"ToYear":282,"Area":2972687.794947931,"Type":"POLITY","Wikipedia":"Jin dynasty (266-420)","Wikidata":"Q7352","SeshatID":"cn_western_jin_dyn","Components":"","MemberOf":"","sourceFeatureId":"cliopatria-9f1b97b8a74167ad400ff90f","datasetId":"cliopatria"},"geometry":{"type":"MultiPolygon","coordinates":[[[[87.122,42.496],[90.223,41.911],[90.195,41.847],[90.434,41.847],[90.536,41.717],[90.775,41.717],[91.27,41.392],[92.349,41.133],[92.321,41.068],[93.296,40.938],[93.268,40.874],[93.715,40.809],[93.687,40.744],[95.23,41.003],[96.926,41.068],[96.897,41.003],[97.63,40.874],[98.037,40.55],[98.225,40.614],[98.245,40.485],[98.948,40.291],[99.047,40.161],[99.284,40.161],[99.384,40.032],[100.124,40.096],[100.094,40.032],[100.539,39.967],[100.559,39.838],[100.924,39.773],[100.895,39.708],[104.613,39.902],[104.601,39.708],[104.728,39.644],[104.608,39.385],[104.48,39.45],[103.939,39.126],[103.608,38.739],[104.215,38.868],[103.808,38.481],[103.751,38.351],[103.958,38.287],[103.69,38.029],[103.768,38.029],[103.713,37.9],[104.311,37.835],[104.412,37.706],[105.065,37.771],[105.88,38.029],[106.037,38.029],[106.058,37.9],[107.359,37.835],[108.49,38.093],[108.461,38.029],[108.696,38.029],[108.794,37.9],[109.527,37.964],[109.498,37.9],[110.484,37.835],[110.455,37.771],[110.768,37.771],[110.738,37.706],[111.08,37.771],[111.021,37.642],[111.538,37.577],[111.509,37.513],[111.851,37.577],[112.698,39.191],[113.84,40.485],[113.865,40.679],[114.843,40.874],[115.992,41.782],[117.299,42.106],[117.456,42.236],[117.776,42.236],[117.74,42.041],[117.861,41.976],[117.746,41.782],[117.871,41.587],[118.03,41.587],[117.992,41.522],[118.428,41.587],[118.39,41.522],[118.909,41.457],[118.871,41.392],[121.021,41.263],[123.087,41.911],[123.167,41.911],[123.127,41.847],[123.405,41.782],[123.365,41.717],[123.604,41.717],[123.564,41.652],[124.042,41.522],[124.002,41.457],[124.28,41.392],[124.24,41.327],[124.479,41.327],[124.439,41.263],[124.717,41.198],[124.678,41.133],[125.831,41.327],[125.79,41.263],[126.108,41.263],[126.187,41.133],[126.742,41.003],[126.623,40.679],[126.425,40.614],[126.269,40.355],[126.432,40.096],[126.709,40.032],[126.832,39.838],[126.728,39.385],[126.964,39.385],[126.854,39.191],[127.023,38.933],[126.937,38.351],[126.348,37.835],[126.27,37.835],[125.845,37.771],[125.835,37.9],[125.678,37.9],[125.387,37.642],[125.231,37.642],[125.298,37.771],[125.209,37.9],[124.897,37.9],[125.077,38.093],[124.764,38.093],[124.866,38.287],[124.788,38.287],[124.961,38.61],[125.153,38.674],[125.189,38.739],[125.032,38.739],[125.39,39.385],[125.306,39.514],[124.87,39.579],[124.865,39.708],[124.512,39.644],[124.345,39.902],[124.034,39.773],[123.597,39.838],[122.936,39.644],[122.17,39.256],[121.952,38.997],[121.716,38.997],[121.422,38.739],[121.029,38.739],[121.201,39.062],[121.515,39.062],[121.69,39.385],[121.297,39.385],[121.21,39.514],[121.281,39.644],[121.438,39.644],[121.503,39.902],[121.776,39.967],[122.231,40.485],[122.106,40.679],[121.827,40.744],[121.824,40.874],[121.11,40.874],[120.997,40.679],[120.647,40.485],[120.5,40.226],[119.38,39.773],[119.215,39.32],[118.989,39.191],[118.45,39.062],[118.057,39.062],[118.046,39.191],[117.776,39.126],[117.576,38.739],[117.655,38.739],[117.602,38.481],[117.759,38.481],[117.773,38.351],[118.054,38.287],[118.067,38.158],[118.583,38.093],[118.648,38.222],[118.804,38.222],[118.772,38.158],[119.457,37.964],[119.393,37.835],[119.237,37.835],[118.984,37.319],[119.14,37.319],[119.156,37.19],[119.701,37.19],[119.827,37.448],[120.202,37.577],[120.188,37.706],[120.754,37.9],[121.112,37.835],[121.171,37.642],[121.483,37.642],[121.497,37.513],[122.154,37.577],[122.121,37.513],[122.713,37.448],[122.474,37.126],[122.566,36.997],[122.394,36.804],[121.912,36.933],[121.212,36.61],[120.979,36.61],[120.965,36.417],[120.732,36.417],[120.659,36.095],[120.318,36.031],[119.986,35.645],[119.619,35.516],[119.228,34.808],[119.459,34.808],[119.431,34.744],[119.711,34.679],[119.732,34.551],[120.342,34.358],[120.489,34.165],[120.55,33.586],[120.926,33.2],[120.923,33.007],[120.897,32.943],[120.155,32.814],[119.467,32.814],[119.059,32.943],[117.961,32.879],[117.579,32.686],[117.402,32.429],[116.919,32.365],[116.616,32.172],[115.327,31.786],[114.555,31.336],[114.068,31.465],[113.855,31.722],[112.124,31.786],[111.301,32.043],[110.637,32.107],[110.478,31.658],[110.161,31.4],[109.812,31.272],[109.453,31.336],[108.953,31.208],[108.813,31.015],[108.889,31.015],[108.784,30.694],[108.86,30.694],[108.853,30.436],[108.66,30.308],[109.035,30.051],[109.031,29.794],[109.258,29.794],[109.37,29.665],[109.367,29.408],[109.537,29.215],[109.462,28.701],[109.633,28.508],[109.561,28.251],[109.831,27.865],[109.686,27.608],[109.536,27.608],[109.15,27.287],[109.036,26.837],[109.111,26.837],[109.044,26.258],[109.119,26.258],[109.224,25.744],[109.359,25.679],[109.315,25.486],[109.39,25.486],[109.347,25.294],[109.454,25.101],[109.406,24.522],[109.243,24.458],[109.217,24.329],[107.386,24.136],[106.988,24.008],[106.466,23.622],[106.156,23.558],[105.69,23.043],[105.615,23.043],[105.363,23.301],[104.956,23.108],[104.905,23.236],[103.426,23.301],[102.852,23.429],[102.474,23.815],[102.325,23.815],[102.086,24.136],[101.811,24.265],[101.462,25.165],[101.398,25.936],[101.196,26.387],[101.09,27.544],[101.014,27.544],[101.05,27.994],[100.915,28.058],[101.039,28.251],[100.964,28.251],[101.03,28.508],[100.955,28.508],[101.022,28.765],[100.881,29.087],[100.951,29.344],[100.875,29.344],[100.964,29.665],[100.889,29.665],[100.961,29.922],[100.885,29.922],[100.978,30.244],[100.902,30.244],[101.015,30.629],[100.939,30.629],[101.055,31.015],[100.979,31.015],[101.687,32.75],[102.552,33.264],[103.034,33.329],[103.332,33.522],[103.493,33.972],[103.355,34.229],[103.527,34.486],[103.45,34.486],[103.735,35.451],[103.63,35.58],[103.649,36.224],[103.467,36.353],[103.44,36.675],[103.311,36.739],[103.363,36.868],[103.078,37.126],[102.611,37.126],[102.586,37.255],[102.171,37.384],[102.172,37.577],[102.043,37.642],[102.096,37.771],[101.755,37.513],[101.601,37.706],[101.315,37.771],[101.29,37.9],[100.796,38.029],[100.799,38.222],[100.642,38.222],[100.414,38.61],[100.199,38.287],[99.862,38.416],[99.379,39.126],[99.092,39.191],[99.12,39.256],[98.958,39.062],[98.384,39.191],[98.117,38.933],[97.96,38.933],[97.857,39.062],[97.492,39.126],[97.468,39.256],[96.763,39.45],[96.681,39.256],[96.76,39.256],[96.678,39.062],[96.757,39.062],[96.677,38.868],[96.755,38.868],[96.649,38.61],[96.414,38.61],[96.31,38.739],[95.682,38.933],[95.319,39.385],[94.977,39.32],[94.506,39.514],[93.955,39.514],[93.088,39.32],[92.248,39.385],[91.123,39.126],[89.58,38.997],[88.746,38.868],[87.662,38.481],[86.44,38.351],[86.081,38.222],[85.813,37.9],[85.356,37.706],[85.113,37.448],[81.031,36.61],[80.371,36.997],[79.398,37.126],[79.145,37.319],[78.424,37.513],[78.386,37.642],[78.093,37.706],[77.801,38.029],[77.841,38.158],[77.667,38.351],[77.51,38.351],[77.414,38.545],[77.258,38.545],[77.025,38.803],[75.792,39.126],[73.769,39.45],[73.69,39.45],[73.395,39.514],[73.573,39.579],[73.8,40.291],[73.526,40.42],[73.489,40.55],[73.331,40.55],[73.294,40.679],[73.135,40.679],[73.099,40.809],[73.12,40.874],[73.343,41.068],[74.751,41.003],[77.35,41.392],[77.374,41.457],[77.875,41.522],[80.028,42.366],[80.108,42.366],[80.239,42.496],[80.508,42.366],[82.056,42.236],[84.108,42.756],[85.792,42.756],[85.764,42.691],[87.042,42.496],[87.122,42.496]]]]}},{"type":"Feature","id":"cliopatria-a8913a3316482ef59457f27a","properties":{"NAME":"Lazica","ABBREVN":null,"CONTROL":null,"SUBJECTO":"Lazica","PARTOF":null,"BORDERPRECISION":1,"FromYear":265,"ToYear":286,"Area":18111.174182372684,"Type":"POLITY","Wikipedia":"Lazica","Wikidata":"Q136884","SeshatID":"","Components":"","MemberOf":"","sourceFeatureId":"cliopatria-a8913a3316482ef59457f27a","datasetId":"cliopatria"},"geometry":{"type":"MultiPolygon","coordinates":[[[[41.694,41.263],[41.614,41.263],[41.625,41.327],[41.705,41.327],[41.694,41.263]]],[[[42.492,43.082],[42.798,42.561],[42.786,42.496],[42.866,42.496],[42.888,42.171],[42.67,41.847],[42.613,41.522],[42.363,41.457],[42.25,41.263],[41.705,41.327],[42.01,41.717],[41.998,42.561],[41.78,42.691],[41.803,42.821],[41.666,42.951],[41.208,43.082],[41.001,43.277],[40.599,43.277],[40.161,43.538],[40.172,43.603],[41.047,43.538],[41.954,43.212],[42.528,43.277],[42.596,43.212],[42.504,43.147],[42.492,43.082]]]]}},{"type":"Feature","id":"cliopatria-418001315776c674d608849d","properties":{"NAME":"Eastern Kushans","ABBREVN":null,"CONTROL":null,"SUBJECTO":"Eastern Kushans","PARTOF":null,"BORDERPRECISION":1,"FromYear":270,"ToYear":282,"Area":312511.5765660515,"Type":"POLITY","Wikipedia":"Kushan Empire","Wikidata":"Q25979","SeshatID":"","Components":"","MemberOf":"","sourceFeatureId":"cliopatria-418001315776c674d608849d","datasetId":"cliopatria"},"geometry":{"type":"MultiPolygon","coordinates":[[[[75.012,33.522],[75.271,33.007],[75.424,33.007],[75.469,32.879],[75.882,32.686],[76.127,32.75],[76.096,32.622],[75.928,32.557],[75.898,32.429],[75.5,32.365],[75.212,32.107],[74.815,32.043],[74.619,31.85],[74.209,31.722],[73.218,31.015],[72.415,30.051],[71.71,29.537],[71.698,29.472],[71.022,29.087],[70.652,28.701],[69.929,28.444],[69.831,28.315],[68.69,28.251],[68.508,28.058],[67.563,27.801],[67.175,27.222],[67.062,27.479],[67.121,27.865],[67.046,27.865],[67.041,28.315],[66.965,28.315],[67.007,28.572],[66.931,28.572],[67.135,29.344],[66.995,29.408],[66.888,29.665],[66.434,29.665],[66.077,29.794],[66.316,29.858],[66.418,30.436],[66.343,30.436],[66.525,31.015],[66.878,31.272],[67.931,31.593],[68.122,31.786],[68.656,31.786],[68.783,31.658],[69.087,31.658],[69.293,31.915],[69.674,31.915],[69.867,32.107],[70.61,32.365],[70.742,32.622],[70.909,32.686],[70.952,32.879],[71.499,33.264],[72.141,34.036],[72.464,34.1],[72.418,33.907],[72.725,33.907],[72.771,33.779],[73.263,33.907],[73.387,34.1],[73.31,34.1],[73.344,34.551],[73.717,34.808],[73.701,34.744],[73.993,34.679],[74.297,34.358],[74.451,34.358],[74.634,34.165],[74.602,34.036],[74.8,33.907],[74.768,33.779],[75.028,33.586],[75.012,33.522]]],[[[73.794,34.808],[73.717,34.808],[73.734,34.872],[73.811,34.872],[73.794,34.808]]]]}},{"type":"Feature","id":"cliopatria-ac4162458df5a24464b85aee","properties":{"NAME":"Eastern Wu","ABBREVN":null,"CONTROL":null,"SUBJECTO":"Eastern Wu","PARTOF":null,"BORDERPRECISION":1,"FromYear":270,"ToYear":282,"Area":1399612.415210381,"Type":"POLITY","Wikipedia":"Eastern Wu","Wikidata":"Q274488","SeshatID":"","Components":"","MemberOf":"","sourceFeatureId":"cliopatria-ac4162458df5a24464b85aee","datasetId":"cliopatria"},"geometry":{"type":"MultiPolygon","coordinates":[[[[110.179,18.479],[109.862,18.35],[109.841,18.222],[109.25,18.222],[109.123,18.35],[108.765,18.415],[108.638,18.543],[108.704,19.379],[109.203,19.701],[109.246,19.958],[110.157,20.086],[110.591,20.022],[110.613,20.151],[110.909,20.151],[111.087,19.893],[111.032,19.572],[110.884,19.572],[110.851,19.379],[110.681,19.251],[110.508,18.672],[110.19,18.543],[110.179,18.479]]],[[[121.403,32.493],[121.503,32.172],[121.783,32.107],[121.987,31.85],[121.836,31.658],[121.301,31.85],[120.894,31.786],[121.454,31.658],[121.481,31.529],[121.634,31.529],[121.584,31.4],[121.737,31.4],[121.995,31.079],[121.899,30.822],[121.519,30.822],[121.197,30.565],[121.045,30.565],[120.68,30.179],[120.809,30.115],[121.105,30.308],[121.484,30.308],[121.62,30.051],[122.03,29.922],[121.865,29.665],[122.016,29.665],[121.928,29.408],[122.004,29.408],[121.938,29.215],[121.712,29.215],[121.798,29.472],[121.593,29.537],[121.539,29.151],[121.744,29.087],[121.714,28.765],[121.522,28.637],[121.652,28.572],[121.646,28.315],[121.153,28.187],[121.193,28.315],[121.118,28.315],[121.038,28.058],[120.868,27.994],[120.715,27.737],[120.657,27.544],[120.733,27.544],[120.545,27.158],[120.395,27.158],[120.247,26.901],[120.096,26.901],[120.061,26.772],[120.211,26.772],[120.158,26.579],[119.84,26.515],[119.938,26.322],[119.587,26.129],[119.778,26.001],[119.53,25.615],[119.904,25.615],[119.872,25.486],[119.466,25.358],[119.423,25.486],[119.273,25.486],[119.391,25.358],[119.344,25.165],[119.029,25.101],[119.074,24.972],[118.819,24.844],[118.76,24.586],[118.147,24.522],[118.076,24.201],[117.721,23.943],[117.694,23.815],[117.47,23.815],[117.179,23.493],[116.894,23.558],[116.78,23.365],[116.815,23.172],[116.591,23.172],[116.54,22.915],[115.696,22.786],[115.671,22.658],[115.373,22.658],[115.174,22.786],[114.902,22.529],[114.753,22.529],[114.641,22.722],[114.531,22.143],[114.37,22.079],[113.999,22.079],[113.996,22.465],[113.785,22.529],[113.747,22.722],[113.599,22.722],[113.699,22.465],[113.639,22.143],[113.416,22.143],[113.318,22.015],[113.106,22.079],[113.071,21.886],[112.774,21.886],[112.441,21.693],[111.859,21.758],[111.664,21.501],[110.984,21.436],[110.739,21.308],[110.716,21.179],[110.419,21.179],[110.483,21.115],[110.364,20.858],[110.616,20.601],[110.487,20.279],[109.883,20.215],[109.927,20.472],[109.789,20.536],[109.77,20.858],[109.696,20.858],[109.87,21.436],[109.807,21.501],[109.116,21.372],[109.086,21.629],[108.652,21.693],[108.555,21.565],[107.79,21.436],[107.417,20.986],[106.961,20.922],[106.834,20.601],[106.685,20.601],[106.537,20.151],[105.965,19.829],[105.734,18.865],[106.051,18.543],[106.031,18.415],[106.178,18.415],[106.295,18.222],[106.57,18.093],[106.571,17.643],[106.772,17.515],[106.752,17.386],[106.963,17.322],[106.953,17.258],[106.534,16.936],[106.544,17],[106.396,17],[106.416,17.129],[105.144,18.415],[105.185,18.672],[105.037,18.672],[105.142,18.865],[105.015,18.993],[105.014,19.443],[104.94,19.443],[104.992,19.765],[104.865,19.893],[104.981,20.151],[104.44,20.472],[104.619,20.665],[104.905,20.601],[104.873,20.858],[105.096,20.858],[104.851,21.179],[104.979,21.501],[104.926,21.629],[105.096,21.758],[105.128,21.951],[104.874,22.208],[105.238,22.593],[105.208,22.851],[105.506,22.851],[105.678,22.979],[105.69,23.043],[106.156,23.558],[106.466,23.622],[106.988,24.008],[107.386,24.136],[109.217,24.329],[109.243,24.458],[109.406,24.522],[109.454,25.101],[109.347,25.294],[109.39,25.486],[109.315,25.486],[109.359,25.679],[109.224,25.744],[109.119,26.258],[109.044,26.258],[109.111,26.837],[109.036,26.837],[109.15,27.287],[109.536,27.608],[109.686,27.608],[109.831,27.865],[109.561,28.251],[109.633,28.508],[109.462,28.701],[109.537,29.215],[109.367,29.408],[109.37,29.665],[109.258,29.794],[109.031,29.794],[109.035,30.051],[108.66,30.308],[108.853,30.436],[108.86,30.694],[108.784,30.694],[108.889,31.015],[108.813,31.015],[108.953,31.208],[109.453,31.336],[109.812,31.272],[110.161,31.4],[110.478,31.658],[110.637,32.107],[111.301,32.043],[112.124,31.786],[113.855,31.722],[114.068,31.465],[114.555,31.336],[115.327,31.786],[116.616,32.172],[116.919,32.365],[117.402,32.429],[117.579,32.686],[117.961,32.879],[119.059,32.943],[119.467,32.814],[120.155,32.814],[120.897,32.943],[120.973,32.943],[120.895,32.75],[121.046,32.557],[121.123,32.557],[121.403,32.493]]],[[[122.273,30.179],[122.28,29.987],[121.977,29.987],[122.022,30.115],[122.045,30.179],[122.273,30.179]]]]}},{"type":"Feature","id":"cliopatria-dd444edbf8f6d190e369a9e7","properties":{"NAME":"Gallic Empire","ABBREVN":null,"CONTROL":null,"SUBJECTO":"Gallic Empire","PARTOF":null,"BORDERPRECISION":1,"FromYear":270,"ToYear":282,"Area":712513.95783819,"Type":"POLITY","Wikipedia":"Gallic Empire","Wikidata":"Q273025","SeshatID":"","Components":"","MemberOf":"","sourceFeatureId":"cliopatria-dd444edbf8f6d190e369a9e7","datasetId":"cliopatria"},"geometry":{"type":"MultiPolygon","coordinates":[[[[6.626,51.58],[6.885,51.38],[7.065,50.979],[7.235,50.912],[7.24,50.712],[7.41,50.645],[7.413,50.512],[7.581,50.512],[7.753,50.313],[7.677,49.914],[8.181,49.847],[8.182,49.781],[8.352,49.648],[8.355,49.449],[8.272,49.449],[8.276,49.184],[8.112,49.051],[8.115,48.853],[7.706,48.522],[7.558,47.664],[7.559,47.598],[7.397,47.466],[6.983,47.532],[6.99,47.269],[6.827,47.203],[6.83,47.072],[6.666,47.072],[6.344,46.809],[5.868,46.283],[5.211,46.349],[4.968,46.283],[4.893,46.087],[4.403,46.087],[4.165,45.89],[4.263,45.497],[4.344,45.497],[4.357,45.17],[4.527,44.973],[4.631,44.32],[4.797,44.19],[4.728,43.863],[4.41,43.733],[4.339,43.472],[4.258,43.472],[4.173,43.603],[3.851,43.603],[3.617,43.407],[3.14,43.277],[2.985,43.147],[3.01,42.561],[3.09,42.561],[3.093,42.496],[2.458,42.366],[1.726,42.626],[1.405,42.626],[1.075,42.821],[0.04,42.691],[-0.208,42.821],[-0.529,42.821],[-1.027,43.082],[-1.428,43.082],[-1.442,43.277],[-1.688,43.342],[-1.692,43.407],[-1.46,43.538],[-1.402,43.863],[-1.321,43.863],[-1.349,44.255],[-1.268,44.255],[-1.286,44.516],[-1.205,44.516],[-1.252,45.17],[-1.171,45.17],[-1.189,45.431],[-1.031,45.497],[-1.045,45.693],[-1.213,45.759],[-1.141,45.89],[-1.223,45.89],[-1.252,46.283],[-1.666,46.349],[-2.014,46.612],[-2.025,46.743],[-2.194,46.809],[-2.139,47.137],[-2.232,47.269],[-2.562,47.269],[-2.578,47.466],[-2.826,47.466],[-2.837,47.598],[-3.156,47.466],[-3.344,47.73],[-3.757,47.73],[-3.935,47.862],[-4.424,47.796],[-4.692,47.994],[-4.705,48.126],[-4.546,48.192],[-4.643,48.324],[-4.891,48.324],[-4.912,48.522],[-4.6,48.72],[-3.852,48.72],[-3.455,48.919],[-3.122,48.919],[-2.759,48.588],[-2.522,48.72],[-1.602,48.654],[-1.718,49.051],[-1.635,49.051],[-1.652,49.25],[-1.913,49.383],[-2.032,49.781],[-1.362,49.781],[-1.251,49.449],[0.007,49.383],[-0.012,49.648],[0.224,49.847],[1.053,49.98],[1.455,50.246],[1.425,50.712],[1.656,51.046],[2.578,51.179],[2.739,51.313],[3.41,51.447],[3.399,51.647],[3.739,51.647],[3.647,51.781],[3.98,51.915],[4.056,52.116],[4.232,51.982],[4.57,52.049],[4.655,52.049],[5.934,51.982],[6.541,51.58],[6.626,51.58]]],[[[0.01,53.732],[0.118,53.462],[0.295,53.395],[0.316,53.125],[0.07,52.99],[0.166,52.855],[0.337,52.855],[0.493,53.057],[1.094,53.057],[1.532,52.923],[1.717,52.721],[1.739,52.385],[1.654,52.385],[1.586,52.116],[1.425,51.982],[1.17,51.982],[1.184,51.781],[0.844,51.781],[0.863,51.513],[0.524,51.513],[1.381,51.38],[1.314,51.112],[0.493,50.779],[-1.368,50.845],[-1.109,50.779],[-1.177,50.579],[-1.513,50.579],[-1.525,50.712],[-2.608,50.579],[-2.789,50.712],[-3.126,50.712],[-3.457,50.645],[-3.585,50.246],[-4.089,50.246],[-4.187,50.379],[-4.355,50.379],[-4.929,50.246],[-5.151,49.98],[-5.746,50.046],[-5.769,50.246],[-5.28,50.379],[-5.134,50.579],[-4.881,50.579],[-4.819,50.779],[-4.658,50.845],[-4.68,51.046],[-4.426,51.046],[-4.202,51.313],[-3.095,51.246],[-3.108,51.38],[-2.945,51.447],[-3.121,51.513],[-3.277,51.38],[-3.701,51.38],[-3.892,51.58],[-4.308,51.513],[-4.415,51.714],[-5.079,51.58],[-5.264,51.714],[-5.219,52.049],[-4.553,52.183],[-4.157,52.452],[-4.295,52.923],[-4.794,52.788],[-4.81,52.923],[-4.49,53.125],[-4.67,53.192],[-4.702,53.462],[-4.271,53.462],[-4.076,53.26],[-3.153,53.462],[-3.095,53.732],[-3.196,53.868],[-2.966,54.138],[-3.305,54.071],[-3.319,54.206],[-3.587,54.274],[-3.72,54.681],[-3.569,54.885],[-2.895,55.089],[-2.822,55.225],[-2.379,55.157],[-1.613,55.362],[-1.286,54.681],[-0.671,54.613],[-0.202,54.206],[-0.18,53.935],[0.004,53.8],[0.01,53.732]]]]}},{"type":"Feature","id":"cliopatria-12796e1c6fe6e2a5a3b424e4","properties":{"NAME":"Himyarite Kingdom","ABBREVN":null,"CONTROL":null,"SUBJECTO":"Himyarite Kingdom","PARTOF":null,"BORDERPRECISION":1,"FromYear":270,"ToYear":282,"Area":73094.89679310276,"Type":"POLITY","Wikipedia":"Himyarite Kingdom","Wikidata":"Q289577","SeshatID":"ye_himyar_1","Components":"","MemberOf":"","sourceFeatureId":"cliopatria-12796e1c6fe6e2a5a3b424e4","datasetId":"cliopatria"},"geometry":{"type":"MultiPolygon","coordinates":[[[[45.302,14.815],[45.816,14.815],[45.946,14.493],[46.163,14.429],[46.2,13.722],[46.047,13.593],[46.111,13.4],[45.741,13.336],[45.054,12.757],[43.802,12.629],[43.439,12.693],[43.447,12.886],[43.236,13.079],[43.265,13.722],[43.057,13.979],[42.886,15.008],[42.89,15.072],[44.29,15.136],[44.346,14.815],[44.56,14.686],[45.228,14.815],[45.302,14.815]]],[[[43.893,18.543],[43.89,18.479],[43.816,18.479],[43.742,18.479],[43.746,18.543],[43.819,18.543],[43.823,18.608],[43.897,18.608],[43.893,18.543]]]]}},{"type":"Feature","id":"cliopatria-9eb1cc3f988da0a628a0ffaf","properties":{"NAME":"Indo-Scythians","ABBREVN":null,"CONTROL":null,"SUBJECTO":"Indo-Scythians","PARTOF":null,"BORDERPRECISION":1,"FromYear":270,"ToYear":282,"Area":121798.8425400771,"Type":"POLITY","Wikipedia":"Indo-Scythians","Wikidata":"Q240123","SeshatID":"","Components":"","MemberOf":"","sourceFeatureId":"cliopatria-9eb1cc3f988da0a628a0ffaf","datasetId":"cliopatria"},"geometry":{"type":"MultiPolygon","coordinates":[[[[65.125,29.537],[64.53,29.601],[64.12,29.408],[62.304,29.408],[61.001,29.794],[60.956,29.987],[61.387,30.308],[61.875,30.951],[61.942,31.336],[62.421,31.465],[62.82,31.979],[63.161,32.172],[63.185,32.3],[63.426,32.365],[63.555,32.236],[64.383,32.172],[65.02,31.915],[65.694,31.85],[66.102,31.593],[66.483,31.593],[66.449,31.015],[66.525,31.015],[66.343,30.436],[66.418,30.436],[66.316,29.858],[66.077,29.794],[65.125,29.537]]]]}},{"type":"Feature","id":"cliopatria-b26d4c17e6359924d5cb20bc","properties":{"NAME":"Roman Empire","ABBREVN":null,"CONTROL":null,"SUBJECTO":"Roman Empire","PARTOF":null,"BORDERPRECISION":1,"FromYear":270,"ToYear":282,"Area":3444329.306428419,"Type":"POLITY","Wikipedia":"Roman Empire","Wikidata":"Q12544","SeshatID":"it_roman_principate","Components":"","MemberOf":"","sourceFeatureId":"cliopatria-b26d4c17e6359924d5cb20bc","datasetId":"cliopatria"},"geometry":{"type":"MultiPolygon","coordinates":[[[[14.34,36.031],[14.417,36.031],[14.571,35.966],[14.568,35.773],[14.337,35.838],[14.34,36.031]]],[[[16.663,48.324],[16.904,48.126],[17.072,48.192],[17.067,48.06],[17.635,47.796],[18.626,47.796],[18.798,47.928],[18.957,47.796],[18.95,47.664],[19.269,47.466],[19.173,47.203],[18.923,47.137],[18.998,47.006],[18.834,47.006],[18.824,46.809],[18.906,46.809],[18.896,46.612],[19.05,46.415],[18.952,46.087],[18.87,46.087],[18.949,46.021],[18.854,45.759],[19.011,45.628],[18.923,45.497],[19.004,45.497],[18.998,45.366],[19.238,45.3],[19.974,45.366],[20.056,45.366],[20.528,45.104],[20.517,44.908],[20.749,44.712],[21.405,44.843],[21.879,44.647],[21.951,44.516],[22.689,44.647],[22.518,44.516],[22.504,44.32],[22.895,44.124],[22.952,43.798],[23.602,43.863],[24.151,43.668],[24.881,43.733],[25.434,43.603],[25.849,43.733],[26.281,44.059],[27.493,44.059],[27.829,44.19],[27.943,44.516],[27.788,44.581],[27.801,44.712],[27.97,44.777],[27.997,45.039],[27.848,45.17],[27.868,45.366],[28.282,45.431],[28.349,45.3],[28.668,45.235],[29.096,45.431],[29.584,45.431],[29.577,45.366],[29.658,45.366],[29.525,44.908],[29.024,44.777],[29.046,44.973],[28.802,44.973],[28.841,44.581],[28.577,44.385],[28.536,43.994],[28.616,43.994],[28.481,43.472],[28.159,43.472],[28.226,43.342],[27.898,43.277],[27.805,43.147],[27.847,42.756],[27.514,42.626],[27.495,42.431],[27.796,42.236],[27.784,42.106],[28.004,41.911],[27.979,41.652],[28.218,41.652],[28.279,41.457],[28.505,41.327],[28.976,41.263],[28.963,41.133],[30.479,41.198],[30.624,41.068],[31.18,41.068],[31.534,41.392],[32.027,41.522],[32.042,41.652],[32.193,41.587],[32.695,41.782],[32.631,41.911],[34.785,41.911],[34.882,42.041],[35.121,42.041],[35.157,41.717],[35.954,41.717],[36.209,41.263],[36.775,41.327],[37.065,41.133],[37.233,41.198],[37.215,41.068],[37.771,41.068],[37.831,40.938],[38.158,41.003],[38.298,40.874],[38.783,40.938],[39.051,41.133],[39.736,40.938],[40.37,40.938],[40.391,41.068],[40.539,41.003],[41.047,41.198],[41.159,41.392],[41.307,41.327],[41.408,41.457],[41.567,41.457],[41.815,41.976],[41.735,41.976],[41.758,42.106],[41.598,42.106],[41.701,42.236],[41.483,42.366],[41.609,42.626],[41.334,42.886],[41.173,42.886],[41.116,43.017],[40.817,43.147],[40.416,43.147],[40.219,43.407],[39.978,43.407],[40.081,43.538],[40.161,43.538],[40.599,43.277],[41.001,43.277],[41.208,43.082],[41.666,42.951],[41.803,42.821],[41.78,42.691],[41.998,42.561],[42.01,41.717],[41.705,41.327],[41.625,41.327],[41.614,41.263],[41.535,41.263],[41.45,40.744],[40.953,40.614],[40.398,40.096],[38.79,39.902],[38.93,39.773],[38.745,39.579],[38.954,39.385],[39.209,39.514],[39.751,39.45],[39.848,39.579],[40.548,39.514],[40.51,39.256],[40.658,39.191],[40.469,38.416],[40.547,38.416],[40.572,38.029],[40.094,37.964],[40.051,37.642],[40.181,37.448],[41.178,37.319],[41.273,36.868],[41.68,36.417],[41.577,36.224],[41.086,36.031],[41.112,35.001],[40.772,34.744],[40.618,34.744],[40.103,34.293],[40.026,34.293],[39.509,34.486],[39.124,34.486],[37.99,33.972],[37.739,33.779],[37.726,33.65],[37.573,33.65],[37.073,33.264],[37.054,33.072],[36.901,33.072],[36.717,32.75],[36.751,32.3],[36.516,32.236],[36.662,32.172],[36.387,31.658],[36.423,31.208],[36.271,31.208],[36.401,30.951],[36.156,30.758],[35.846,29.729],[35.77,29.729],[35.806,29.215],[35.655,29.215],[35.641,29.022],[35.48,28.894],[35.196,28.058],[34.593,28.058],[34.605,28.251],[34.854,28.572],[34.913,29.408],[34.752,29.279],[34.517,28.058],[34.358,27.93],[34.346,27.737],[34.12,27.737],[33.617,28.122],[33.554,28.315],[33.403,28.315],[33.189,28.508],[33.147,29.022],[32.857,29.215],[32.589,29.729],[32.602,29.922],[32.442,29.794],[32.689,28.958],[32.836,28.894],[33.105,28.38],[33.609,27.994],[33.585,27.608],[33.799,27.415],[33.927,27.029],[34.073,26.965],[34.051,26.579],[34.197,26.515],[34.461,25.872],[34.608,25.808],[35.146,24.651],[35.86,24.008],[35.854,23.879],[35.559,23.943],[35.553,23.815],[35.108,23.879],[33.756,23.686],[33.682,23.686],[33.389,23.815],[32.041,23.686],[31.67,23.751],[30.537,23.365],[30.463,23.365],[30.395,23.558],[30.104,23.751],[30.109,23.879],[29.959,23.879],[29.673,24.201],[28.569,24.651],[28.289,25.165],[28.244,25.936],[28.345,26.579],[28.27,26.579],[28.154,27.351],[27.937,27.544],[27.711,27.544],[27.792,27.672],[27.43,27.994],[27.276,27.93],[27.285,28.122],[27.14,28.251],[25.586,28.958],[25.373,29.279],[25.147,29.279],[25.001,29.408],[24.847,29.344],[24.779,29.537],[24.33,29.665],[23.962,29.922],[23.51,29.987],[22.916,30.308],[22.762,30.244],[22.767,30.372],[21.939,30.565],[20.952,30.565],[19.191,30.051],[18.281,30.051],[16.701,30.694],[15.49,30.951],[15.184,30.886],[15.187,31.079],[14.584,31.529],[14.586,31.658],[13.829,32.107],[13.295,32.236],[13.066,32.172],[13.067,32.3],[12.456,32.365],[11.768,32.3],[11.768,32.429],[11.539,32.429],[11.463,32.557],[11.31,32.493],[11.157,32.686],[10.392,33.007],[10.009,33.007],[10.085,33.136],[9.625,33.136],[9.547,33.329],[9.624,33.457],[9.316,33.586],[9.083,34.036],[8.929,34.036],[9.003,34.358],[8.926,34.358],[8.846,34.744],[8.459,34.872],[8.229,34.808],[7.994,35.065],[7.989,35.516],[7.911,35.516],[7.906,35.966],[7.828,35.966],[7.902,36.224],[7.586,36.61],[6.965,36.61],[6.889,36.482],[6.422,36.546],[6.347,36.417],[5.879,36.482],[5.649,36.353],[2.775,36.417],[2.316,36.224],[2.003,36.288],[2.008,36.16],[1.155,36.16],[1.005,36.031],[0.772,36.031],[0.479,35.645],[-0.292,35.58],[-1.04,35.065],[-1.198,35.13],[-1.346,35.001],[-1.806,34.937],[-1.876,34.808],[-2.809,34.937],[-5.279,34.937],[-5.81,34.808],[-6.106,34.615],[-6.242,34.358],[-6.157,34.229],[-6.31,34.229],[-6.601,33.972],[-6.592,33.843],[-6.814,33.715],[-6.728,33.586],[-7.184,33.522],[-7.474,33.264],[-7.875,33.522],[-7.13,33.843],[-7.062,33.972],[-6.904,33.907],[-6.614,34.165],[-6.7,34.293],[-6.473,34.358],[-6.482,34.486],[-6.332,34.551],[-6.277,34.872],[-6.2,34.872],[-6.291,35.065],[-6.132,35.001],[-6.145,35.194],[-6,35.323],[-5.877,35.773],[-5.339,35.838],[-5.24,35.516],[-4.755,35.194],[-3.132,35.194],[-2.982,35.258],[-2.993,35.451],[-2.838,35.451],[-2.82,35.13],[-2.662,35.065],[-1.89,35.065],[-1.591,35.258],[-1.359,35.258],[-1.136,35.451],[-1.224,35.645],[-1.066,35.58],[-0.917,35.709],[-0.53,35.709],[-0.459,35.838],[0.084,35.838],[0.376,36.224],[0.684,36.288],[0.678,36.417],[0.914,36.353],[1.216,36.546],[1.53,36.482],[2.377,36.675],[2.69,36.61],[2.841,36.739],[3.23,36.739],[3.459,36.868],[3.85,36.804],[4.235,36.933],[4.859,36.868],[5.098,36.675],[5.564,36.675],[5.639,36.804],[6.106,36.804],[6.103,36.933],[6.334,37.062],[6.805,36.868],[7.194,36.868],[7.346,37.062],[7.502,37.062],[7.738,36.868],[8.516,36.868],[8.903,37.126],[9.059,37.062],[9.37,37.255],[9.759,37.319],[9.993,37.19],[10.227,37.255],[10.228,37.062],[10.305,37.062],[10.228,36.804],[10.462,36.739],[11.006,36.997],[11.006,36.804],[10.462,36.417],[10.54,36.353],[10.464,35.902],[10.696,35.709],[10.851,35.773],[10.928,35.58],[11.083,35.58],[11.083,35.387],[11.006,35.387],[11.083,35.001],[10.851,34.937],[10.851,34.808],[10.543,34.551],[10.004,34.293],[10.082,34.229],[10.006,33.907],[10.237,33.715],[10.544,33.715],[10.698,33.522],[11.082,33.586],[11.158,33.2],[11.464,33.2],[12.229,32.814],[12.612,32.879],[12.535,32.75],[12.841,32.75],[12.842,32.879],[13.302,32.943],[13.454,32.814],[13.761,32.879],[13.759,32.75],[14.065,32.75],[14.444,32.493],[14.675,32.557],[14.749,32.429],[15.055,32.429],[15.282,32.3],[15.425,31.658],[15.576,31.593],[15.649,31.4],[16.179,31.208],[17.469,31.079],[18.222,30.758],[18.592,30.372],[19.272,30.244],[19.886,30.501],[20.202,30.886],[20.134,31.143],[20.214,31.272],[19.996,31.593],[20.089,32.107],[20.017,32.236],[20.246,32.236],[20.331,32.493],[20.482,32.429],[20.563,32.557],[20.716,32.557],[20.644,32.686],[20.871,32.622],[21.108,32.814],[21.412,32.75],[21.879,32.943],[23.089,32.622],[23.078,32.365],[23.299,32.172],[23.68,32.172],[24.129,31.979],[24.892,31.979],[25.112,31.786],[25.102,31.593],[25.248,31.465],[26.848,31.465],[27.297,31.336],[27.515,31.143],[28.496,31.015],[28.865,30.822],[29.397,30.822],[29.485,31.015],[29.633,30.951],[29.87,31.079],[29.802,31.208],[29.882,31.272],[30.339,31.272],[30.271,31.4],[30.352,31.465],[30.809,31.465],[30.966,31.529],[30.975,31.658],[31.203,31.658],[31.118,31.529],[31.266,31.465],[31.875,31.465],[31.781,31.208],[31.937,31.272],[32,31.079],[32.304,31.079],[32.237,31.208],[32.389,31.208],[32.532,31.079],[32.765,31.143],[32.832,31.015],[33.749,31.079],[34.297,31.272],[34.308,31.4],[34.633,31.658],[34.573,31.85],[34.813,31.979],[34.77,32.365],[35.022,32.622],[35.056,33.007],[35.215,33.072],[35.398,33.393],[35.346,33.65],[35.499,33.65],[35.447,33.907],[35.684,33.972],[35.644,34.358],[35.792,34.293],[36.049,34.551],[36.068,34.744],[35.927,34.872],[35.96,35.194],[35.882,35.194],[35.993,35.516],[35.845,35.58],[35.99,36.224],[35.842,36.288],[36.265,36.61],[36.286,36.804],[36.145,36.933],[35.834,36.933],[35.488,36.61],[35.113,36.739],[34.95,36.675],[34.893,36.868],[34.582,36.868],[34.251,36.675],[33.979,36.288],[32.558,36.031],[32.499,36.224],[32.068,36.61],[31.086,36.933],[30.536,36.868],[30.492,36.353],[30.026,36.353],[29.938,36.224],[29.24,36.224],[29.125,36.739],[28.357,36.868],[28.187,36.675],[28.031,36.675],[28.138,37.062],[28.065,37.126],[27.598,37.126],[27.539,37.384],[27.223,37.319],[27.31,37.448],[27.163,37.577],[27.256,37.771],[27.178,37.771],[27.275,38.029],[26.889,38.093],[26.82,38.222],[26.429,38.222],[26.384,38.674],[26.536,38.61],[26.595,38.351],[27.065,38.351],[27.08,38.545],[26.849,38.61],[26.958,38.997],[26.879,38.997],[26.894,39.191],[26.742,39.256],[26.847,39.579],[26.132,39.514],[26.272,40.291],[26.605,40.485],[26.684,40.485],[26.673,40.355],[27.47,40.42],[27.538,40.291],[27.696,40.291],[27.792,40.485],[27.95,40.485],[27.939,40.355],[29.046,40.355],[28.9,40.485],[28.913,40.614],[29.394,40.679],[29.493,40.874],[29.249,40.809],[29.103,40.938],[29.116,41.068],[27.527,41.068],[27.017,40.679],[26.921,40.485],[26.626,40.744],[26.14,40.614],[26.082,40.874],[25.849,40.938],[24.347,41.003],[24.011,40.744],[23.698,40.809],[23.685,40.614],[23.839,40.55],[23.737,40.226],[23.267,40.291],[22.884,40.485],[22.892,40.614],[22.655,40.614],[22.56,40.355],[22.544,40.096],[22.702,40.096],[22.611,39.902],[23.135,39.45],[22.816,39.385],[22.797,39.062],[22.958,39.126],[23.493,38.868],[23.332,38.803],[23.025,38.933],[22.936,38.739],[23.167,38.674],[23.313,38.481],[23.626,38.481],[23.563,38.739],[24.03,38.674],[24.179,38.545],[24.159,38.222],[24.002,38.222],[23.979,37.835],[23.443,38.029],[23.208,38.029],[23.201,37.9],[23.044,37.9],[23.108,37.642],[23.342,37.642],[23.402,37.319],[23.169,37.319],[23.176,37.448],[22.949,37.577],[22.714,37.577],[22.701,37.319],[22.853,37.255],[23.056,36.675],[22.833,36.868],[22.599,36.868],[22.512,36.675],[22.356,36.675],[22.22,37.062],[21.909,37.062],[21.899,36.868],[21.744,36.868],[21.681,37.19],[21.603,37.19],[21.697,37.513],[21.244,37.835],[21.416,38.158],[21.729,38.158],[21.738,38.351],[21.193,38.416],[20.974,38.739],[20.741,38.803],[20.911,39.062],[20.297,39.385],[20.155,39.708],[19.918,39.708],[19.912,39.579],[19.758,39.644],[19.764,39.773],[20,39.773],[20.009,39.967],[19.63,40.291],[19.471,40.291],[19.486,40.614],[19.249,40.614],[19.255,40.744],[19.498,40.874],[19.438,41.263],[19.523,41.392],[19.444,41.392],[19.53,41.522],[19.45,41.522],[19.542,41.782],[18.852,42.366],[18.143,42.626],[17.992,42.821],[17.593,42.886],[17.508,42.756],[17.516,42.951],[17.355,42.951],[17.365,43.212],[17.122,43.147],[17.051,43.407],[16.727,43.342],[16.734,43.538],[16.575,43.603],[15.927,43.472],[16.012,43.603],[15.857,43.798],[15.695,43.798],[15.619,43.929],[15.375,43.863],[15.459,43.994],[15.219,44.059],[15.147,44.385],[14.909,44.581],[14.919,44.973],[14.516,45.104],[14.603,45.366],[14.196,45.366],[14.189,45.039],[13.946,45.039],[13.943,44.908],[13.781,44.908],[13.706,45.235],[13.544,45.3],[13.547,45.497],[13.71,45.497],[13.715,45.759],[13.145,45.824],[13.06,45.628],[12.817,45.693],[12.652,45.562],[12.163,45.497],[12.16,45.17],[12.403,45.039],[12.4,44.777],[12.157,44.843],[12.154,44.451],[12.313,44.19],[12.873,43.798],[13.036,43.863],[13.034,43.733],[13.355,43.668],[13.673,43.407],[13.747,43.082],[13.985,42.951],[13.901,42.756],[14.056,42.496],[14.371,42.236],[14.531,42.236],[14.608,42.106],[14.769,42.171],[14.766,42.041],[14.924,41.976],[15.165,42.041],[15.241,41.911],[16.119,41.911],[16.115,41.782],[15.874,41.717],[15.944,41.392],[17.203,41.003],[17.511,40.744],[17.981,40.614],[18.438,40.161],[18.349,39.902],[18.112,39.902],[17.813,40.355],[17.418,40.355],[17.345,40.55],[17.028,40.55],[16.868,40.485],[16.945,40.42],[16.862,40.291],[16.624,40.291],[16.697,40.096],[16.457,39.967],[16.447,39.644],[16.916,39.514],[17.07,39.385],[17.138,39.062],[16.502,38.803],[16.492,38.416],[15.933,37.964],[15.698,37.964],[15.624,38.158],[15.389,38.158],[15.066,37.642],[15.059,37.255],[15.214,37.19],[15.05,36.739],[14.661,36.739],[14.278,37.126],[13.578,37.255],[13.192,37.577],[12.49,37.706],[12.492,37.9],[12.65,38.093],[13.04,38.029],[13.12,38.158],[13.355,38.158],[13.665,37.964],[14.056,37.964],[15.862,38.287],[15.95,38.674],[16.265,38.739],[16.27,38.933],[16.117,39.062],[15.899,39.773],[15.666,39.902],[15.748,40.032],[15.432,40.032],[15.199,40.226],[15.041,40.226],[14.893,40.679],[14.418,40.679],[14.422,40.874],[14.105,40.874],[13.951,41.133],[13.792,41.133],[13.715,41.263],[13,41.327],[12.131,41.911],[12.132,42.041],[11.813,42.106],[11.655,42.366],[11.495,42.301],[11.415,42.431],[11.255,42.431],[11.176,42.626],[11.016,42.626],[11.016,42.821],[10.535,43.082],[10.374,43.668],[10.131,44.059],[9.889,43.994],[9.97,44.124],[9.727,44.124],[9.159,44.451],[8.593,44.451],[8.192,44.19],[8.034,43.929],[7.15,43.733],[6.993,43.538],[6.673,43.472],[6.518,43.212],[6.278,43.147],[5.796,43.147],[5.632,43.277],[5.391,43.277],[5.387,43.407],[5.063,43.472],[4.419,43.472],[4.339,43.472],[4.41,43.733],[4.728,43.863],[4.797,44.19],[4.631,44.32],[4.527,44.973],[4.357,45.17],[4.344,45.497],[4.263,45.497],[4.165,45.89],[4.403,46.087],[4.893,46.087],[4.968,46.283],[5.211,46.349],[5.868,46.283],[6.344,46.809],[6.666,47.072],[6.83,47.072],[6.827,47.203],[6.99,47.269],[6.983,47.532],[7.397,47.466],[7.559,47.598],[7.642,47.598],[8.467,47.598],[8.548,47.73],[8.877,47.796],[8.957,48.06],[9.121,48.192],[11.193,48.787],[11.861,49.184],[12.609,48.985],[12.938,48.72],[13.519,48.654],[14.258,48.258],[14.34,48.258],[14.672,48.258],[14.841,48.39],[15.499,48.192],[16.663,48.324]]],[[[20.621,37.9],[20.699,37.9],[20.934,37.9],[20.922,37.642],[20.613,37.706],[20.621,37.9]]],[[[20.328,38.351],[20.488,38.416],[20.566,38.416],[20.795,38.287],[20.786,38.093],[20.32,38.158],[20.328,38.351]]],[[[1.274,38.803],[1.183,39.062],[1.259,39.126],[1.337,39.126],[1.652,39.126],[1.658,38.997],[1.431,38.803],[1.274,38.803]]],[[[20.152,39.644],[20.149,39.579],[20.07,39.579],[20.073,39.644],[20.152,39.644]]],[[[3.296,39.32],[2.824,39.32],[2.659,39.514],[2.346,39.45],[2.338,39.644],[2.877,39.967],[2.956,39.967],[3.193,39.967],[3.198,39.838],[3.516,39.773],[3.296,39.32]]],[[[-1.688,43.342],[-1.442,43.277],[-1.428,43.082],[-1.027,43.082],[-0.529,42.821],[-0.208,42.821],[0.04,42.691],[1.075,42.821],[1.405,42.626],[1.726,42.626],[2.458,42.366],[3.093,42.496],[3.095,42.431],[3.178,42.366],[3.117,41.911],[2.886,41.717],[2.334,41.587],[2.107,41.327],[1.238,41.198],[0.696,40.938],[0.709,40.679],[0.475,40.614],[0.248,40.42],[0.183,40.161],[-0.202,39.967],[-0.345,39.708],[-0.314,39.126],[0.099,38.739],[-0.661,38.287],[-0.803,38.029],[-0.705,37.642],[-1.709,37.448],[-1.623,37.319],[-1.857,37.319],[-2.062,36.804],[-2.532,36.868],[-2.68,36.739],[-4.469,36.739],[-4.689,36.546],[-5.228,36.482],[-5.288,36.224],[-5.662,36.031],[-5.831,36.224],[-6.064,36.224],[-6.33,36.675],[-6.35,36.933],[-6.588,36.997],[-6.842,37.255],[-7.465,37.255],[-7.455,37.126],[-7.678,36.997],[-8.067,36.997],[-8.312,37.126],[-8.701,37.126],[-9.001,36.997],[-8.897,37.577],[-8.819,37.577],[-8.823,38.481],[-9.209,38.416],[-9.233,38.674],[-9.384,38.61],[-9.553,38.739],[-9.572,38.933],[-9.427,39.062],[-9.387,39.45],[-9.157,39.514],[-9.104,39.773],[-9.025,39.773],[-8.925,40.355],[-8.846,40.355],[-8.872,40.614],[-8.727,40.744],[-8.956,42.171],[-8.657,42.366],[-9.079,42.561],[-9.305,43.147],[-8.852,43.407],[-8.369,43.407],[-8.39,43.603],[-8.244,43.733],[-7.276,43.733],[-7.343,43.603],[-7.176,43.538],[-5.727,43.538],[-5.646,43.538],[-4.99,43.407],[-3.467,43.472],[-3.296,43.342],[-1.768,43.342],[-1.688,43.342]]],[[[3.741,40.096],[3.82,40.096],[4.215,40.096],[4.302,39.838],[3.827,39.902],[3.741,40.096]]],[[[9.665,40.291],[9.747,39.644],[9.669,39.644],[9.593,39.126],[9.12,39.191],[8.966,38.868],[8.73,38.868],[8.336,38.997],[8.412,39.256],[8.333,39.256],[8.33,39.514],[8.409,39.514],[8.483,39.902],[8.325,39.967],[8.4,40.291],[8.321,40.291],[8.319,40.485],[8.16,40.55],[8.155,40.938],[8.552,40.874],[9.025,41.263],[9.104,41.263],[9.502,41.198],[9.822,40.744],[9.823,40.355],[9.665,40.291]]],[[[9.578,41.976],[9.498,41.976],[9.499,41.782],[9.262,41.392],[9.104,41.327],[8.784,41.522],[8.782,41.717],[8.623,41.717],[8.7,41.911],[8.539,42.106],[8.535,42.496],[8.773,42.691],[9.173,42.756],[9.251,43.017],[9.331,43.017],[9.492,43.017],[9.493,42.756],[9.574,42.756],[9.578,41.976]]],[[[10.134,42.886],[10.214,42.886],[10.455,42.886],[10.455,42.691],[10.215,42.691],[10.134,42.886]]],[[[14.269,44.973],[14.35,44.973],[14.511,44.908],[14.502,44.516],[14.261,44.581],[14.269,44.973]]],[[[19.086,45.497],[19.004,45.497],[19.007,45.562],[19.089,45.562],[19.086,45.497]]],[[[19.166,47.072],[19.084,47.072],[19.087,47.137],[19.169,47.137],[19.166,47.072]]],[[[16.907,48.192],[16.909,48.258],[16.992,48.258],[16.989,48.192],[16.907,48.192]]],[[[16.826,48.258],[16.829,48.324],[16.912,48.324],[16.909,48.258],[16.826,48.258]]],[[[34.087,35.001],[33.695,34.937],[33.523,34.744],[33.132,34.679],[33.044,34.551],[32.367,34.744],[32.229,34.937],[32.246,35.13],[32.555,35.13],[32.875,35.258],[32.887,35.387],[33.737,35.387],[34.31,35.709],[34.387,35.709],[34.542,35.709],[34.529,35.58],[33.957,35.258],[34.087,35.001]]],[[[24.15,35.387],[24.301,35.323],[25.692,35.323],[25.681,35.13],[26.225,35.194],[26.14,35.065],[24.824,35.001],[24.757,35.194],[24.526,35.194],[24.448,35.194],[23.679,35.258],[23.615,35.516],[24.157,35.516],[24.15,35.387]]],[[[27.693,36.288],[28.017,36.482],[28.095,36.482],[28.25,36.482],[28.139,36.031],[27.743,35.902],[27.693,36.288]]],[[[22.887,36.417],[22.965,36.417],[23.117,36.353],[23.107,36.16],[22.874,36.16],[22.887,36.417]]],[[[27.117,36.933],[27.185,36.804],[26.865,36.675],[27.039,36.933],[27.117,36.933]]],[[[25.339,37.126],[25.417,37.126],[25.573,37.126],[25.564,36.997],[25.331,36.997],[25.339,37.126]]],[[[24.283,37.706],[24.361,37.706],[24.432,37.577],[24.272,37.513],[24.201,37.642],[24.283,37.706]]],[[[24.986,37.706],[25.064,37.706],[25.22,37.706],[25.286,37.513],[25.052,37.513],[24.986,37.706]]],[[[26.08,37.706],[26.158,37.706],[26.314,37.706],[26.305,37.577],[25.988,37.513],[26.08,37.706]]],[[[24.694,38.029],[24.772,38.029],[25.068,37.771],[24.83,37.706],[24.682,37.835],[24.694,38.029]]],[[[25.899,38.481],[25.821,38.481],[25.913,38.674],[25.991,38.674],[26.217,38.545],[26.111,38.158],[25.876,38.158],[25.899,38.481]]],[[[23.567,38.803],[23.563,38.739],[23.485,38.739],[23.489,38.803],[23.567,38.803]]],[[[24.365,38.997],[24.444,38.997],[24.675,38.933],[24.662,38.739],[24.357,38.868],[24.365,38.997]]],[[[26.094,38.997],[26.103,39.126],[25.793,39.191],[26.044,39.385],[26.123,39.385],[26.511,39.32],[26.644,38.997],[26.246,38.933],[26.094,38.997]]],[[[25.067,40.032],[25.146,40.032],[25.462,40.032],[25.447,39.838],[24.974,39.838],[25.067,40.032]]],[[[25.798,40.291],[26.035,40.291],[26.025,40.161],[25.704,40.096],[25.719,40.291],[25.798,40.291]]],[[[24.57,40.809],[24.808,40.809],[24.794,40.614],[24.551,40.55],[24.491,40.809],[24.57,40.809]]]]}},{"type":"Feature","id":"cliopatria-a32a865f9458f3e5650be88c","properties":{"NAME":"Sabaeans","ABBREVN":null,"CONTROL":null,"SUBJECTO":"Sabaeans","PARTOF":null,"BORDERPRECISION":1,"FromYear":270,"ToYear":282,"Area":64450.64785275194,"Type":"POLITY","Wikipedia":"Sabaeans","Wikidata":"Q940785","SeshatID":"","Components":"","MemberOf":"","sourceFeatureId":"cliopatria-a32a865f9458f3e5650be88c","datasetId":"cliopatria"},"geometry":{"type":"MultiPolygon","coordinates":[[[[44.81,16.55],[45.226,16.1],[45.215,15.908],[45.366,15.972],[45.579,15.843],[46.021,15.843],[46.175,15.972],[46.396,15.972],[46.47,15.972],[46.381,15.715],[46.149,15.522],[45.855,15.522],[45.848,15.393],[45.179,15.265],[45.025,15.136],[44.29,15.136],[42.89,15.072],[42.816,15.072],[42.766,15.522],[42.692,15.522],[42.824,16.615],[42.477,17],[42.487,17.193],[42.635,17.193],[43.022,17.515],[43.033,17.708],[43.25,17.643],[43.553,17.772],[43.9,17.386],[43.818,17.258],[43.959,17.129],[43.947,16.936],[44.088,16.808],[44.312,16.872],[44.305,16.743],[44.813,16.615],[44.81,16.55]]]]}},{"type":"Feature","id":"cliopatria-6d4b2bc0d8011dc42fbcee1e","properties":{"NAME":"Sasanian Empire","ABBREVN":null,"CONTROL":null,"SUBJECTO":"Sasanian Empire","PARTOF":null,"BORDERPRECISION":1,"FromYear":270,"ToYear":282,"Area":3040307.966212196,"Type":"POLITY","Wikipedia":"Sasanian Empire","Wikidata":"Q1661685","SeshatID":"ir_sassanid_emp_1","Components":"","MemberOf":"","sourceFeatureId":"cliopatria-6d4b2bc0d8011dc42fbcee1e","datasetId":"cliopatria"},"geometry":{"type":"MultiPolygon","coordinates":[[[[51.132,25.422],[51.138,25.486],[51.212,25.486],[51.207,25.422],[51.132,25.422]]],[[[50.649,25.872],[50.43,25.936],[50.46,26.258],[50.685,26.258],[50.673,26.129],[50.667,26.065],[50.649,25.872]]],[[[45.68,42.561],[45.683,42.171],[46.23,42.106],[46.431,41.911],[46.816,41.847],[47.496,41.263],[47.986,41.327],[48.119,41.587],[48.557,41.782],[49.086,41.263],[49.059,41.133],[49.271,41.003],[49.244,40.874],[49.508,40.614],[50.195,40.485],[50.247,40.355],[49.693,40.355],[49.509,40.226],[49.267,39.385],[49.151,39.191],[48.915,39.191],[48.801,38.997],[48.829,37.835],[49.085,37.513],[49.854,37.448],[50.321,36.997],[50.566,37.062],[50.632,36.997],[50.532,36.868],[51.642,36.546],[52.586,36.61],[53.489,36.868],[54.033,36.868],[54.095,37.19],[53.91,37.448],[53.908,37.835],[53.83,37.835],[53.987,38.997],[53.518,39.385],[53.138,39.45],[53.545,39.514],[53.498,40.032],[52.723,40.096],[52.714,40.42],[52.793,40.42],[52.893,40.874],[52.972,40.874],[52.943,40.744],[53.34,40.744],[53.448,40.874],[53.404,40.679],[54.544,40.809],[56.655,40.355],[56.987,40.42],[56.956,40.291],[57.114,40.291],[57.162,40.161],[57.351,40.291],[58.332,40.42],[58.537,40.291],[58.854,40.291],[58.98,40.161],[59.77,40.161],[59.768,39.838],[60.084,39.838],[60.052,39.708],[60.683,39.708],[60.713,39.514],[61.202,39.579],[62.502,40.032],[62.879,39.967],[64.02,40.096],[64.389,40.291],[65.235,40.485],[65.272,40.614],[65.351,40.614],[65.37,40.679],[65.449,40.679],[65.43,40.614],[65.589,40.614],[65.804,40.809],[65.883,40.809],[65.564,39.967],[65.291,39.838],[65.203,39.514],[65.282,39.514],[65.065,38.997],[65.144,38.997],[65.077,38.739],[65.155,38.739],[64.751,35.773],[64.829,35.773],[64.854,35.194],[65.092,34.872],[64.574,34.615],[64.324,34.165],[63.873,33.843],[63.426,32.365],[63.185,32.3],[63.161,32.172],[62.82,31.979],[62.421,31.465],[61.942,31.336],[61.875,30.951],[61.387,30.308],[60.956,29.987],[61.001,29.794],[62.304,29.408],[64.12,29.408],[64.53,29.601],[65.125,29.537],[66.077,29.794],[66.434,29.665],[66.888,29.665],[66.995,29.408],[67.135,29.344],[66.931,28.572],[67.007,28.572],[66.965,28.315],[67.041,28.315],[67.046,27.865],[67.121,27.865],[67.062,27.479],[67.175,27.222],[67.197,26.322],[67.272,26.322],[67.245,26.129],[67.453,26.001],[67.494,25.744],[67.112,25.101],[66.64,24.908],[66.648,24.972],[66.62,25.358],[66.345,25.551],[66.021,25.358],[64.816,25.294],[64.801,25.165],[64.285,25.229],[64.225,25.358],[63.626,25.358],[63.536,25.229],[62.563,25.229],[62.474,25.101],[62.182,25.165],[62.018,25.036],[61.719,25.036],[61.658,25.165],[61.127,25.101],[60.917,25.229],[60.618,25.229],[60.632,25.358],[59.06,25.358],[58.782,25.551],[57.958,25.551],[57.74,25.615],[57.679,25.744],[57.38,25.744],[57.176,25.936],[57.052,26.837],[56.715,27.158],[56.188,27.158],[56.098,27.029],[56.324,27.029],[56.309,26.901],[56.061,26.708],[55.603,26.644],[55.439,26.515],[55.289,26.515],[55.31,26.708],[55.543,26.772],[55.242,26.772],[54.832,26.451],[54.463,26.515],[54.259,26.708],[53.658,26.708],[53.461,26.965],[52.737,27.222],[52.479,27.608],[52.049,27.801],[51.597,27.801],[51.317,27.994],[51.331,28.122],[51.066,28.444],[51.028,28.765],[50.809,28.83],[50.915,29.087],[50.62,29.151],[50.651,29.408],[50.236,29.729],[50.065,30.179],[49.586,29.987],[48.943,30.308],[48.987,30.051],[48.365,29.922],[48.404,29.601],[47.866,29.537],[47.852,29.408],[48.079,29.408],[48.215,29.279],[48.194,29.087],[48.46,28.765],[48.563,28.315],[48.974,27.93],[48.872,27.672],[49.242,27.608],[49.36,27.287],[50.135,26.772],[50.116,26.579],[50.254,26.451],[50.223,26.129],[50.067,26.065],[50.211,26.001],[50.325,25.615],[50.608,25.422],[50.654,25.101],[50.729,25.101],[50.769,25.551],[50.925,25.615],[50.955,25.936],[51.123,26.129],[51.423,26.129],[51.698,25.872],[51.575,25.358],[51.719,25.294],[51.69,24.972],[51.524,24.779],[51.411,24.329],[51.854,24.265],[51.907,24.008],[52.28,24.008],[52.6,24.265],[53.112,24.136],[54.083,24.136],[54.099,24.329],[54.318,24.265],[54.559,24.458],[54.744,24.844],[55.143,25.101],[55.412,25.551],[55.97,25.872],[56.168,26.322],[56.475,26.387],[56.543,26.322],[56.385,25.551],[56.46,25.551],[56.421,25.165],[56.496,25.165],[56.402,24.972],[56.545,24.908],[56.788,24.329],[57.493,23.879],[58.812,23.622],[59.08,23.301],[59.068,23.172],[59.28,23.043],[59.268,22.915],[58.896,22.915],[58.908,23.043],[58.61,23.043],[58.335,23.301],[57.962,23.301],[57.974,23.429],[57.83,23.493],[56.809,23.751],[56.821,23.879],[56.54,24.072],[56.489,24.329],[56.271,24.393],[56.29,24.586],[56.09,24.844],[55.859,24.779],[55.841,24.586],[55.623,24.651],[54.812,23.943],[54.273,23.751],[51.881,23.686],[51.822,23.879],[51.166,24.072],[51.102,24.201],[51.203,24.522],[51.133,24.586],[51.294,24.715],[51.327,25.101],[51.402,25.101],[51.27,25.294],[51.35,25.358],[51.323,25.872],[51.173,25.872],[51.23,25.679],[50.982,25.422],[50.965,25.229],[51.12,25.294],[50.92,24.715],[50.616,24.651],[50.344,24.972],[50.032,25.679],[49.674,25.872],[49.878,26.451],[49.252,26.965],[49.265,27.094],[49.059,27.287],[48.552,27.479],[48.529,27.994],[48.323,28.187],[48.247,28.187],[48.213,28.572],[47.535,29.279],[47.654,29.665],[46.698,29.922],[46.659,30.244],[46.446,30.372],[45.77,30.436],[45.084,31.079],[45.099,31.208],[44.81,31.336],[44.855,31.722],[44.734,31.979],[43.902,32.043],[43.917,32.172],[43.695,32.236],[43.489,32.429],[43.504,32.557],[43.351,32.557],[43.153,32.814],[42.709,32.943],[42.578,33.136],[42.21,33.264],[42.218,33.329],[42.065,33.329],[42.003,33.457],[41.489,33.65],[41.427,33.779],[41.273,33.779],[41.212,33.907],[40.912,33.972],[40.704,34.165],[40.311,34.1],[40.403,34.229],[40.18,34.293],[40.103,34.293],[40.618,34.744],[40.772,34.744],[41.112,35.001],[41.086,36.031],[41.577,36.224],[41.68,36.417],[41.273,36.868],[41.178,37.319],[40.181,37.448],[40.051,37.642],[40.094,37.964],[40.572,38.029],[40.547,38.416],[40.469,38.416],[40.658,39.191],[40.51,39.256],[40.548,39.514],[39.848,39.579],[39.751,39.45],[39.209,39.514],[38.954,39.385],[38.745,39.579],[38.93,39.773],[38.79,39.902],[40.398,40.096],[40.953,40.614],[41.45,40.744],[41.535,41.263],[41.614,41.263],[41.694,41.263],[41.705,41.327],[42.25,41.263],[42.363,41.457],[42.613,41.522],[42.67,41.847],[42.888,42.171],[42.866,42.496],[42.878,42.561],[42.798,42.561],[42.492,43.082],[42.504,43.147],[42.918,43.212],[43.203,43.017],[43.74,42.886],[43.783,42.691],[44.184,42.691],[44.369,42.821],[44.69,42.821],[44.745,42.691],[45.158,42.756],[45.145,42.691],[45.68,42.561]]]]}},{"type":"Feature","id":"cliopatria-37cabc69f7eaa6716cc523d9","properties":{"NAME":"Western Satraps","ABBREVN":null,"CONTROL":null,"SUBJECTO":"Western Satraps","PARTOF":null,"BORDERPRECISION":1,"FromYear":270,"ToYear":305,"Area":842056.9081930013,"Type":"POLITY","Wikipedia":"Western Satraps","Wikidata":"Q2086608","SeshatID":"pk_western_satraps","Components":"","MemberOf":"","sourceFeatureId":"cliopatria-37cabc69f7eaa6716cc523d9","datasetId":"cliopatria"},"geometry":{"type":"MultiPolygon","coordinates":[[[[74.041,19.829],[73.791,19.572],[73.016,19.251],[72.734,19.379],[72.661,20.086],[72.837,20.343],[72.899,20.922],[72.563,21.243],[72.76,21.693],[72.544,21.758],[72.527,22.272],[72.378,22.272],[72.342,21.951],[72.112,21.886],[72.173,21.758],[72.321,21.758],[72.28,21.372],[72.104,21.115],[71.092,20.665],[70.721,20.665],[70.295,20.858],[69.89,21.243],[69.903,21.372],[69.497,21.758],[69.349,21.758],[68.949,22.208],[68.977,22.465],[69.2,22.465],[69.261,22.336],[69.409,22.336],[69.497,22.465],[69.869,22.465],[70.263,22.658],[70.365,22.915],[69.451,22.722],[68.808,22.979],[68.552,23.365],[68.336,23.429],[68.35,23.558],[68.127,23.558],[68.155,23.815],[67.633,23.815],[67.491,23.879],[67.438,24.072],[67.289,24.072],[67.326,24.393],[67.148,24.779],[66.632,24.844],[66.64,24.908],[67.112,25.101],[67.494,25.744],[67.453,26.001],[67.245,26.129],[67.272,26.322],[67.197,26.322],[67.175,27.222],[67.563,27.801],[68.508,28.058],[68.69,28.251],[69.831,28.315],[69.929,28.444],[70.652,28.701],[71.022,29.087],[71.698,29.472],[71.774,29.472],[72.873,29.279],[73.278,29.022],[73.859,28.894],[74.189,28.637],[74.694,28.508],[75.268,27.93],[75.975,27.672],[76.563,27.158],[76.713,27.158],[76.831,26.965],[76.981,26.965],[77.099,26.772],[77.249,26.772],[77.367,26.579],[77.517,26.579],[77.894,26.129],[77.982,25.744],[78.252,25.551],[78.259,25.101],[78.576,24.715],[79.809,24.458],[80.856,23.943],[81.307,23.429],[81.188,22.529],[80.996,22.187],[80.761,22.137],[78.059,22.597],[77.213,22.946],[75.894,22.477],[75.369,22.468],[74.311,22.224],[74.384,21.668],[74.177,20.845],[73.913,20.603],[74.111,19.829],[74.041,19.829]]]]}},{"type":"Feature","id":"cliopatria-35afc14fe33aa85196fd56d8","properties":{"NAME":"Gothia","ABBREVN":null,"CONTROL":null,"SUBJECTO":"Gothia","PARTOF":null,"BORDERPRECISION":1,"FromYear":270,"ToYear":307,"Area":634879.7466824402,"Type":"POLITY","Wikipedia":"Gothia","Wikidata":"Q422253","SeshatID":"","Components":"","MemberOf":"","sourceFeatureId":"cliopatria-35afc14fe33aa85196fd56d8","datasetId":"cliopatria"},"geometry":{"type":"MultiPolygon","coordinates":[[[[29.584,45.431],[29.666,45.431],[29.658,45.366],[29.577,45.366],[29.584,45.431]]],[[[37.948,50.446],[37.896,50.179],[37.812,50.179],[37.87,50.046],[37.703,50.046],[37.401,49.781],[37.293,49.648],[37.328,49.383],[37.089,49.449],[36.374,49.184],[36.174,48.985],[35.913,48.919],[35.879,48.72],[35.724,48.787],[35.348,48.522],[35.244,48.39],[35.274,48.06],[35.077,47.862],[35.026,47.532],[34.459,47.598],[34.109,47.466],[34.162,47.269],[33.998,47.269],[33.785,46.94],[32.918,46.612],[32.172,46.546],[32.189,46.677],[32.034,46.743],[31.788,46.743],[31.606,46.612],[30.877,46.677],[30.298,45.955],[30.045,45.89],[29.859,45.693],[29.614,45.693],[29.592,45.497],[29.584,45.431],[29.096,45.431],[28.668,45.235],[28.349,45.3],[28.282,45.431],[27.868,45.366],[27.848,45.17],[27.997,45.039],[27.97,44.777],[27.801,44.712],[27.788,44.581],[27.943,44.516],[27.829,44.19],[27.493,44.059],[26.281,44.059],[25.849,43.733],[25.434,43.603],[24.881,43.733],[24.151,43.668],[23.602,43.863],[22.952,43.798],[22.895,44.124],[22.504,44.32],[22.518,44.516],[22.689,44.647],[21.951,44.516],[21.879,44.647],[21.405,44.843],[20.749,44.712],[20.517,44.908],[20.528,45.104],[20.056,45.366],[20.059,45.431],[19.907,45.628],[20.17,45.955],[20.185,46.218],[20.594,46.218],[20.75,46.087],[21.24,46.087],[21.331,46.218],[21.494,46.218],[21.486,46.087],[21.735,46.152],[22.008,46.546],[22.026,46.809],[22.291,47.072],[22.218,47.203],[22.3,47.203],[22.315,47.401],[22.485,47.466],[22.669,47.73],[22.597,47.862],[22.953,48.192],[22.99,48.654],[22.835,48.787],[22.851,48.985],[22.69,49.051],[22.784,49.184],[22.622,49.25],[22.661,49.714],[23.648,50.446],[23.991,50.512],[24.011,50.712],[24.361,50.845],[25.48,51.046],[27.508,51.046],[27.913,50.912],[29.245,50.779],[29.76,50.845],[30.416,50.712],[31.441,50.246],[32.197,50.246],[33.417,50.512],[33.523,50.645],[33.45,50.712],[33.629,50.779],[33.955,50.712],[34.316,50.845],[34.519,51.046],[34.869,51.112],[34.809,51.246],[35.304,51.179],[35.68,51.38],[36.358,51.38],[36.768,51.313],[36.826,51.179],[36.996,51.179],[36.885,51.046],[37.054,51.046],[37.184,50.845],[37.806,50.579],[37.793,50.512],[37.948,50.446]]],[[[36.162,48.919],[36.174,48.985],[36.257,48.985],[36.245,48.919],[36.162,48.919]]],[[[32.47,50.379],[32.48,50.446],[32.564,50.446],[32.554,50.379],[32.47,50.379]]]]}},{"type":"Feature","id":"cliopatria-0d3a94fc03f36c609d759cd1","properties":{"NAME":"Lakhmid Kingdom","ABBREVN":null,"CONTROL":null,"SUBJECTO":"Lakhmid Kingdom","PARTOF":null,"BORDERPRECISION":1,"FromYear":270,"ToYear":401,"Area":258841.84181228405,"Type":"POLITY","Wikipedia":"Lakhmid kingdom","Wikidata":"Q943191","SeshatID":"","Components":"","MemberOf":"","sourceFeatureId":"cliopatria-0d3a94fc03f36c609d759cd1","datasetId":"cliopatria"},"geometry":{"type":"MultiPolygon","coordinates":[[[[42.779,28.572],[42.785,28.637],[42.86,28.637],[42.854,28.572],[42.779,28.572]]],[[[41.902,28.894],[41.908,28.958],[41.983,28.958],[41.977,28.894],[41.902,28.894]]],[[[41.757,28.958],[41.763,29.022],[41.838,29.022],[41.832,28.958],[41.757,28.958]]],[[[46.695,27.737],[45.798,27.801],[45.433,27.93],[45.126,27.865],[45.138,27.994],[44.918,28.058],[44.031,28.251],[43.799,28.187],[43.736,28.315],[43.44,28.38],[43.283,28.315],[43.225,28.508],[42.993,28.444],[43.081,28.572],[42.93,28.572],[42.866,28.701],[42.709,28.637],[42.425,28.83],[42.198,28.83],[42.134,28.958],[41.838,29.022],[41.774,29.151],[41.269,29.408],[41.112,29.344],[41.06,29.601],[40.117,30.051],[39.983,30.244],[40.007,30.501],[39.931,30.501],[40.063,31.079],[40.413,31.529],[40.738,31.722],[40.675,31.85],[40.828,31.85],[41.161,32.107],[41.37,32.622],[41.622,32.814],[41.636,32.943],[41.889,33.136],[42.203,33.2],[42.21,33.264],[42.578,33.136],[42.709,32.943],[43.153,32.814],[43.351,32.557],[43.504,32.557],[43.489,32.429],[43.695,32.236],[43.917,32.172],[43.902,32.043],[44.734,31.979],[44.855,31.722],[44.81,31.336],[45.099,31.208],[45.084,31.079],[45.77,30.436],[46.446,30.372],[46.659,30.244],[46.698,29.922],[47.654,29.665],[47.535,29.279],[48.213,28.572],[48.247,28.187],[48.172,28.187],[47.687,27.865],[46.695,27.737]]]]}},{"type":"Feature","id":"cliopatria-6a924ed5d0bfa9a2dbe6acca","properties":{"NAME":"Roman Empire","ABBREVN":null,"CONTROL":null,"SUBJECTO":"Roman Empire","PARTOF":null,"BORDERPRECISION":1,"FromYear":283,"ToYear":286,"Area":4216499.313626595,"Type":"POLITY","Wikipedia":"Roman Empire","Wikidata":"Q12544","SeshatID":"it_roman_principate","Components":"","MemberOf":"","sourceFeatureId":"cliopatria-6a924ed5d0bfa9a2dbe6acca","datasetId":"cliopatria"},"geometry":{"type":"MultiPolygon","coordinates":[[[[14.34,36.031],[14.417,36.031],[14.571,35.966],[14.568,35.773],[14.337,35.838],[14.34,36.031]]],[[[7.24,50.712],[7.41,50.645],[7.413,50.512],[7.581,50.512],[7.753,50.313],[7.677,49.914],[8.181,49.847],[8.182,49.781],[8.352,49.648],[8.355,49.449],[8.272,49.449],[8.276,49.184],[8.112,49.051],[8.115,48.853],[7.786,48.654],[7.71,48.324],[7.627,48.324],[7.634,47.994],[7.551,47.994],[7.643,47.532],[8.467,47.598],[8.548,47.73],[8.877,47.796],[8.957,48.06],[9.121,48.192],[10.03,48.522],[10.445,48.522],[10.943,48.787],[11.36,48.853],[11.694,49.118],[12.111,49.184],[12.609,48.985],[12.773,48.787],[13.519,48.654],[14.258,48.258],[14.672,48.258],[14.841,48.39],[15.499,48.192],[16.663,48.324],[16.904,48.126],[17.072,48.192],[17.067,48.06],[17.635,47.796],[18.626,47.796],[18.798,47.928],[18.957,47.796],[18.95,47.664],[19.269,47.466],[19.173,47.203],[18.923,47.137],[18.998,47.006],[18.834,47.006],[18.824,46.809],[18.906,46.809],[18.896,46.612],[19.05,46.415],[18.952,46.087],[18.87,46.087],[18.949,46.021],[18.854,45.759],[19.011,45.628],[18.923,45.497],[19.004,45.497],[18.998,45.366],[19.238,45.3],[19.974,45.366],[20.056,45.366],[20.528,45.104],[20.517,44.908],[20.749,44.712],[21.405,44.843],[21.879,44.647],[21.951,44.516],[22.689,44.647],[22.518,44.516],[22.504,44.32],[22.895,44.124],[22.952,43.798],[23.602,43.863],[24.151,43.668],[24.881,43.733],[25.434,43.603],[25.849,43.733],[26.281,44.059],[27.493,44.059],[27.829,44.19],[27.943,44.516],[27.788,44.581],[27.801,44.712],[27.97,44.777],[27.997,45.039],[27.848,45.17],[27.868,45.366],[28.282,45.431],[28.349,45.3],[28.668,45.235],[29.096,45.431],[29.584,45.431],[29.577,45.366],[29.658,45.366],[29.525,44.908],[29.024,44.777],[29.046,44.973],[28.802,44.973],[28.841,44.581],[28.577,44.385],[28.536,43.994],[28.616,43.994],[28.481,43.472],[28.159,43.472],[28.226,43.342],[27.898,43.277],[27.805,43.147],[27.847,42.756],[27.514,42.626],[27.495,42.431],[27.796,42.236],[27.784,42.106],[28.004,41.911],[27.979,41.652],[28.218,41.652],[28.279,41.457],[28.505,41.327],[28.976,41.263],[28.963,41.133],[30.479,41.198],[30.624,41.068],[31.18,41.068],[31.534,41.392],[32.027,41.522],[32.042,41.652],[32.193,41.587],[32.695,41.782],[32.631,41.911],[34.785,41.911],[34.882,42.041],[35.121,42.041],[35.157,41.717],[35.954,41.717],[36.209,41.263],[36.775,41.327],[37.065,41.133],[37.233,41.198],[37.215,41.068],[37.771,41.068],[37.831,40.938],[38.158,41.003],[38.298,40.874],[38.783,40.938],[39.051,41.133],[39.736,40.938],[40.37,40.938],[40.391,41.068],[40.539,41.003],[41.047,41.198],[41.159,41.392],[41.307,41.327],[41.408,41.457],[41.567,41.457],[41.815,41.976],[41.735,41.976],[41.758,42.106],[41.598,42.106],[41.701,42.236],[41.483,42.366],[41.609,42.626],[41.334,42.886],[41.173,42.886],[41.116,43.017],[40.817,43.147],[40.416,43.147],[40.219,43.407],[39.978,43.407],[40.081,43.538],[40.161,43.538],[40.599,43.277],[41.001,43.277],[41.208,43.082],[41.666,42.951],[41.803,42.821],[41.78,42.691],[41.998,42.561],[42.01,41.717],[41.705,41.327],[41.625,41.327],[41.614,41.263],[41.535,41.263],[41.45,40.744],[40.953,40.614],[40.398,40.096],[38.79,39.902],[38.93,39.773],[38.745,39.579],[38.954,39.385],[39.209,39.514],[39.751,39.45],[39.848,39.579],[40.548,39.514],[40.51,39.256],[40.658,39.191],[40.469,38.416],[40.547,38.416],[40.572,38.029],[40.094,37.964],[40.051,37.642],[40.181,37.448],[41.178,37.319],[41.273,36.868],[41.68,36.417],[41.663,36.288],[41.335,36.16],[41.311,35.966],[41.441,35.773],[41.283,35.13],[41.953,34.937],[42.416,34.937],[42.513,34.486],[42.89,34.422],[43.02,34.229],[42.988,33.972],[43.21,33.907],[43.408,33.65],[43.861,33.586],[44.135,33.329],[44.979,33.329],[45.014,33.007],[44.43,32.622],[44.314,32.3],[43.917,32.172],[43.695,32.236],[43.489,32.429],[43.504,32.557],[43.351,32.557],[43.153,32.814],[42.709,32.943],[42.578,33.136],[42.21,33.264],[42.218,33.329],[42.065,33.329],[42.003,33.457],[41.489,33.65],[41.427,33.779],[41.273,33.779],[41.212,33.907],[40.912,33.972],[40.704,34.165],[40.311,34.1],[40.403,34.229],[39.509,34.486],[39.124,34.486],[37.99,33.972],[37.739,33.779],[37.726,33.65],[37.573,33.65],[37.073,33.264],[37.054,33.072],[36.901,33.072],[36.717,32.75],[36.751,32.3],[36.516,32.236],[36.656,32.107],[36.492,31.979],[36.463,31.658],[36.387,31.658],[36.423,31.208],[36.271,31.208],[36.401,30.951],[36.156,30.758],[35.846,29.729],[35.77,29.729],[35.806,29.215],[35.655,29.215],[35.641,29.022],[35.48,28.894],[35.196,28.058],[34.593,28.058],[34.605,28.251],[34.854,28.572],[34.913,29.408],[34.837,29.408],[34.711,28.701],[34.547,28.508],[34.517,28.058],[34.358,27.93],[34.346,27.737],[33.902,27.865],[33.554,28.315],[33.403,28.315],[33.189,28.508],[33.214,28.894],[32.857,29.215],[32.526,29.922],[32.429,29.601],[32.639,29.344],[32.689,28.958],[32.836,28.894],[33.105,28.38],[33.609,27.994],[33.585,27.608],[33.799,27.415],[33.927,27.029],[34.073,26.965],[34.051,26.579],[34.197,26.515],[34.461,25.872],[34.608,25.808],[35.146,24.651],[35.86,24.008],[35.854,23.879],[35.559,23.943],[35.553,23.815],[35.108,23.879],[33.756,23.686],[33.682,23.686],[33.389,23.815],[32.041,23.686],[31.67,23.751],[30.537,23.365],[30.463,23.365],[30.395,23.558],[30.104,23.751],[30.109,23.879],[29.959,23.879],[29.673,24.201],[28.569,24.651],[28.289,25.165],[28.244,25.936],[28.345,26.579],[28.27,26.579],[28.154,27.351],[27.937,27.544],[27.711,27.544],[27.792,27.672],[27.43,27.994],[27.276,27.93],[27.285,28.122],[27.14,28.251],[25.586,28.958],[25.373,29.279],[25.147,29.279],[25.001,29.408],[24.847,29.344],[24.779,29.537],[24.33,29.665],[23.962,29.922],[23.51,29.987],[22.916,30.308],[22.762,30.244],[22.767,30.372],[21.939,30.565],[20.952,30.565],[19.191,30.051],[18.281,30.051],[16.701,30.694],[15.49,30.951],[15.184,30.886],[15.187,31.079],[14.584,31.529],[14.586,31.658],[13.829,32.107],[13.295,32.236],[13.066,32.172],[13.067,32.3],[12.456,32.365],[11.768,32.3],[11.768,32.429],[11.539,32.429],[11.463,32.557],[11.31,32.493],[11.157,32.686],[10.392,33.007],[10.009,33.007],[10.085,33.136],[9.625,33.136],[9.547,33.329],[9.624,33.457],[9.316,33.586],[9.083,34.036],[8.929,34.036],[9.003,34.358],[8.926,34.358],[8.846,34.744],[8.459,34.872],[8.229,34.808],[7.994,35.065],[7.989,35.516],[7.911,35.516],[7.906,35.966],[7.828,35.966],[7.902,36.224],[7.586,36.61],[6.965,36.61],[6.889,36.482],[6.422,36.546],[6.347,36.417],[5.879,36.482],[5.649,36.353],[2.775,36.417],[2.316,36.224],[2.003,36.288],[2.008,36.16],[1.155,36.16],[1.005,36.031],[0.772,36.031],[0.479,35.645],[-0.292,35.58],[-1.04,35.065],[-1.198,35.13],[-1.346,35.001],[-1.806,34.937],[-1.876,34.808],[-2.809,34.937],[-5.279,34.937],[-5.81,34.808],[-6.106,34.615],[-6.242,34.358],[-6.157,34.229],[-6.31,34.229],[-6.601,33.972],[-6.592,33.843],[-6.814,33.715],[-6.728,33.586],[-7.184,33.522],[-7.474,33.264],[-7.875,33.522],[-7.13,33.843],[-7.062,33.972],[-6.904,33.907],[-6.614,34.165],[-6.7,34.293],[-6.473,34.358],[-6.482,34.486],[-6.332,34.551],[-6.277,34.872],[-6.2,34.872],[-6.291,35.065],[-6.132,35.001],[-6.145,35.194],[-6,35.323],[-5.877,35.773],[-5.339,35.838],[-5.24,35.516],[-4.755,35.194],[-3.132,35.194],[-2.982,35.258],[-2.993,35.451],[-2.838,35.451],[-2.82,35.13],[-2.662,35.065],[-1.89,35.065],[-1.591,35.258],[-1.359,35.258],[-1.136,35.451],[-1.224,35.645],[-1.066,35.58],[-0.917,35.709],[-0.53,35.709],[-0.459,35.838],[0.084,35.838],[0.376,36.224],[0.684,36.288],[0.678,36.417],[0.914,36.353],[1.216,36.546],[1.53,36.482],[2.377,36.675],[2.69,36.61],[2.841,36.739],[3.23,36.739],[3.459,36.868],[3.85,36.804],[4.235,36.933],[4.859,36.868],[5.098,36.675],[5.564,36.675],[5.639,36.804],[6.106,36.804],[6.103,36.933],[6.334,37.062],[6.805,36.868],[7.194,36.868],[7.346,37.062],[7.502,37.062],[7.738,36.868],[8.516,36.868],[8.903,37.126],[9.059,37.062],[9.37,37.255],[9.759,37.319],[9.993,37.19],[10.227,37.255],[10.228,37.062],[10.305,37.062],[10.228,36.804],[10.462,36.739],[11.006,36.997],[11.006,36.804],[10.462,36.417],[10.54,36.353],[10.464,35.902],[10.696,35.709],[10.851,35.773],[10.928,35.58],[11.083,35.58],[11.083,35.387],[11.006,35.387],[11.083,35.001],[10.851,34.937],[10.851,34.808],[10.543,34.551],[10.004,34.293],[10.082,34.229],[10.006,33.907],[10.237,33.715],[10.544,33.715],[10.698,33.522],[11.082,33.586],[11.158,33.2],[11.464,33.2],[12.229,32.814],[12.612,32.879],[12.535,32.75],[12.841,32.75],[12.842,32.879],[13.302,32.943],[13.454,32.814],[13.761,32.879],[13.759,32.75],[14.065,32.75],[14.444,32.493],[14.675,32.557],[14.749,32.429],[15.055,32.429],[15.282,32.3],[15.425,31.658],[15.576,31.593],[15.649,31.4],[16.179,31.208],[16.864,31.208],[17.847,30.951],[18.222,30.758],[18.592,30.372],[18.896,30.372],[18.969,30.244],[19.655,30.372],[19.964,30.565],[19.968,30.694],[20.202,30.886],[20.134,31.143],[20.214,31.272],[19.996,31.593],[20.089,32.107],[20.017,32.236],[20.246,32.236],[20.331,32.493],[20.482,32.429],[20.563,32.557],[20.716,32.557],[20.644,32.686],[20.871,32.622],[21.108,32.814],[21.412,32.75],[21.879,32.943],[23.089,32.622],[23.081,32.429],[23.231,32.365],[23.149,32.236],[23.299,32.172],[23.68,32.172],[24.129,31.979],[24.892,31.979],[25.112,31.786],[25.102,31.593],[25.248,31.465],[26.848,31.465],[27.297,31.336],[27.515,31.143],[28.496,31.015],[28.865,30.822],[29.397,30.822],[29.485,31.015],[29.633,30.951],[29.87,31.079],[29.802,31.208],[29.882,31.272],[30.339,31.272],[30.271,31.4],[30.352,31.465],[30.809,31.465],[30.966,31.529],[30.975,31.658],[31.203,31.658],[31.118,31.529],[31.266,31.465],[31.875,31.465],[31.781,31.208],[31.937,31.272],[32,31.079],[32.304,31.079],[32.237,31.208],[32.389,31.208],[32.532,31.079],[32.765,31.143],[32.908,31.015],[33.983,31.143],[34.297,31.272],[34.308,31.4],[34.633,31.658],[34.573,31.85],[34.813,31.979],[34.77,32.365],[35.022,32.622],[35.056,33.007],[35.215,33.072],[35.398,33.393],[35.346,33.65],[35.499,33.65],[35.447,33.907],[35.684,33.972],[35.644,34.358],[35.792,34.293],[36.049,34.551],[36.068,34.744],[35.927,34.872],[35.96,35.194],[35.882,35.194],[35.993,35.516],[35.845,35.58],[35.99,36.224],[35.842,36.288],[36.265,36.61],[36.286,36.804],[36.145,36.933],[35.834,36.933],[35.488,36.61],[35.113,36.739],[34.95,36.675],[34.893,36.868],[34.582,36.868],[34.251,36.675],[33.979,36.288],[33.274,36.224],[32.713,36.031],[32.558,36.031],[32.499,36.224],[32.068,36.61],[31.086,36.933],[30.619,36.933],[30.492,36.353],[30.026,36.353],[29.938,36.224],[29.24,36.224],[29.125,36.739],[28.736,36.739],[28.591,36.868],[28.357,36.868],[28.187,36.675],[28.031,36.675],[28.138,37.062],[28.065,37.126],[27.598,37.126],[27.539,37.384],[27.223,37.319],[27.31,37.448],[27.163,37.577],[27.256,37.771],[27.178,37.771],[27.275,38.029],[26.889,38.093],[26.82,38.222],[26.429,38.222],[26.384,38.674],[26.536,38.61],[26.595,38.351],[27.065,38.351],[27.08,38.545],[26.849,38.61],[26.958,38.997],[26.879,38.997],[26.894,39.191],[26.742,39.256],[26.847,39.579],[26.132,39.514],[26.272,40.291],[26.605,40.485],[26.684,40.485],[26.673,40.355],[27.47,40.42],[27.538,40.291],[27.696,40.291],[27.792,40.485],[27.95,40.485],[27.939,40.355],[29.046,40.355],[28.9,40.485],[28.913,40.614],[29.48,40.744],[29.493,40.874],[29.249,40.809],[29.103,40.938],[29.116,41.068],[28.633,41.003],[28.169,41.133],[28.077,41.003],[27.527,41.068],[27.017,40.679],[26.921,40.485],[26.626,40.744],[26.14,40.614],[26.082,40.874],[25.378,41.003],[24.347,41.003],[24.011,40.744],[23.698,40.809],[23.685,40.614],[23.839,40.55],[23.737,40.226],[23.267,40.291],[22.884,40.485],[22.892,40.614],[22.655,40.614],[22.56,40.355],[22.544,40.096],[22.702,40.096],[22.611,39.902],[23.135,39.45],[22.816,39.385],[22.797,39.062],[23.116,39.126],[23.108,38.997],[23.344,38.997],[23.493,38.868],[23.332,38.803],[23.025,38.933],[22.936,38.739],[23.167,38.674],[23.313,38.481],[23.626,38.481],[23.563,38.739],[24.03,38.674],[24.179,38.545],[24.159,38.222],[24.002,38.222],[23.979,37.835],[23.443,38.029],[23.208,38.029],[23.201,37.9],[23.044,37.9],[23.108,37.642],[23.342,37.642],[23.402,37.319],[23.169,37.319],[23.176,37.448],[22.949,37.577],[22.714,37.577],[22.701,37.319],[22.853,37.255],[23.056,36.675],[22.833,36.868],[22.599,36.868],[22.512,36.675],[22.356,36.675],[22.22,37.062],[21.909,37.062],[21.899,36.868],[21.744,36.868],[21.681,37.19],[21.603,37.19],[21.697,37.513],[21.244,37.835],[21.416,38.158],[21.729,38.158],[21.738,38.351],[21.193,38.416],[20.974,38.739],[20.741,38.803],[20.911,39.062],[20.297,39.385],[20.155,39.708],[19.912,39.579],[19.758,39.644],[19.764,39.773],[20,39.773],[20.009,39.967],[19.63,40.291],[19.471,40.291],[19.486,40.614],[19.249,40.614],[19.255,40.744],[19.498,40.874],[19.438,41.263],[19.523,41.392],[19.444,41.392],[19.53,41.522],[19.45,41.522],[19.542,41.782],[18.852,42.366],[18.143,42.626],[17.992,42.821],[17.593,42.886],[17.508,42.756],[17.516,42.951],[17.355,42.951],[17.365,43.212],[17.122,43.147],[17.051,43.407],[16.727,43.342],[16.734,43.538],[16.575,43.603],[15.927,43.472],[16.012,43.603],[15.857,43.798],[15.695,43.798],[15.619,43.929],[15.375,43.863],[15.459,43.994],[15.219,44.059],[15.147,44.385],[14.909,44.581],[14.919,44.973],[14.516,45.104],[14.603,45.366],[14.196,45.366],[14.189,45.039],[13.946,45.039],[13.943,44.908],[13.781,44.908],[13.706,45.235],[13.544,45.3],[13.547,45.497],[13.71,45.497],[13.715,45.759],[13.39,45.824],[13.145,45.824],[13.06,45.628],[12.817,45.693],[12.652,45.562],[12.163,45.497],[12.16,45.17],[12.403,45.039],[12.4,44.777],[12.157,44.843],[12.154,44.451],[12.313,44.19],[12.873,43.798],[13.036,43.863],[13.034,43.733],[13.355,43.668],[13.673,43.407],[13.747,43.082],[13.985,42.951],[13.901,42.756],[14.056,42.496],[14.371,42.236],[14.531,42.236],[14.608,42.106],[14.769,42.171],[14.766,42.041],[14.924,41.976],[15.165,42.041],[15.241,41.911],[16.119,41.911],[16.115,41.782],[15.874,41.717],[15.944,41.392],[17.203,41.003],[17.511,40.744],[17.981,40.614],[18.438,40.161],[18.349,39.902],[18.112,39.902],[17.813,40.355],[17.418,40.355],[17.345,40.55],[17.028,40.55],[16.868,40.485],[16.945,40.42],[16.862,40.291],[16.624,40.291],[16.697,40.096],[16.457,39.967],[16.447,39.644],[16.916,39.514],[17.07,39.385],[17.138,39.062],[16.502,38.803],[16.492,38.416],[15.933,37.964],[15.698,37.964],[15.624,38.158],[15.389,38.158],[15.066,37.642],[15.059,37.255],[15.214,37.19],[15.05,36.739],[14.661,36.739],[14.278,37.126],[13.578,37.255],[13.192,37.577],[12.49,37.706],[12.492,37.9],[12.65,38.093],[13.04,38.029],[13.12,38.158],[13.355,38.158],[13.665,37.964],[14.056,37.964],[15.862,38.287],[15.95,38.674],[16.265,38.739],[16.27,38.933],[16.117,39.062],[15.899,39.773],[15.666,39.902],[15.748,40.032],[15.432,40.032],[15.199,40.226],[15.041,40.226],[14.893,40.679],[14.418,40.679],[14.422,40.874],[14.105,40.874],[13.951,41.133],[13.792,41.133],[13.715,41.263],[13,41.327],[12.922,41.457],[12.605,41.522],[12.131,41.911],[12.132,42.041],[11.813,42.106],[11.655,42.366],[11.495,42.301],[11.415,42.431],[11.255,42.431],[11.176,42.626],[11.016,42.626],[11.016,42.821],[10.535,43.082],[10.212,43.994],[9.889,43.994],[9.97,44.124],[9.727,44.124],[9.159,44.451],[8.432,44.385],[8.034,43.929],[7.15,43.733],[6.993,43.538],[6.673,43.472],[6.518,43.212],[6.278,43.147],[5.796,43.147],[5.632,43.277],[5.391,43.277],[5.387,43.407],[5.063,43.472],[4.178,43.472],[4.173,43.603],[3.851,43.603],[3.617,43.407],[3.14,43.277],[2.985,43.147],[3.01,42.561],[3.178,42.366],[3.117,41.911],[2.573,41.587],[2.334,41.587],[2.107,41.327],[1.238,41.198],[0.696,40.938],[0.709,40.679],[0.248,40.42],[0.183,40.161],[-0.126,40.032],[-0.345,39.708],[-0.314,39.126],[0.099,38.739],[-0.661,38.287],[-0.803,38.029],[-0.705,37.642],[-1.709,37.448],[-1.623,37.319],[-1.857,37.319],[-2.062,36.804],[-2.532,36.868],[-2.68,36.739],[-4.469,36.739],[-4.689,36.546],[-5.228,36.482],[-5.288,36.224],[-5.662,36.031],[-5.831,36.224],[-6.064,36.224],[-6.33,36.675],[-6.35,36.933],[-6.588,36.997],[-6.842,37.255],[-7.465,37.255],[-7.455,37.126],[-7.678,36.997],[-8.701,37.126],[-9.001,36.997],[-8.897,37.577],[-8.819,37.577],[-8.823,38.481],[-9.209,38.416],[-9.233,38.674],[-9.384,38.61],[-9.553,38.739],[-9.572,38.933],[-9.427,39.062],[-9.387,39.45],[-9.157,39.514],[-9.104,39.773],[-9.025,39.773],[-8.925,40.355],[-8.846,40.355],[-8.872,40.614],[-8.727,40.744],[-8.956,42.171],[-8.657,42.366],[-9.079,42.561],[-9.1,42.756],[-9.275,42.886],[-9.305,43.147],[-9.159,43.277],[-8.852,43.407],[-8.369,43.407],[-8.39,43.603],[-8.244,43.733],[-7.276,43.733],[-7.343,43.603],[-7.176,43.538],[-5.733,43.603],[-4.99,43.407],[-3.467,43.472],[-3.296,43.342],[-1.688,43.342],[-1.388,43.668],[-1.349,44.255],[-1.268,44.255],[-1.286,44.516],[-1.205,44.516],[-1.252,45.17],[-1.171,45.17],[-1.189,45.431],[-1.031,45.497],[-1.045,45.693],[-1.213,45.759],[-1.141,45.89],[-1.223,45.89],[-1.252,46.283],[-1.666,46.349],[-2.014,46.612],[-2.025,46.743],[-2.194,46.809],[-2.139,47.137],[-2.232,47.269],[-2.562,47.269],[-2.578,47.466],[-2.826,47.466],[-2.837,47.598],[-3.156,47.466],[-3.344,47.73],[-3.757,47.73],[-3.935,47.862],[-4.424,47.796],[-4.692,47.994],[-4.705,48.126],[-4.546,48.192],[-4.643,48.324],[-4.891,48.324],[-4.912,48.522],[-4.6,48.72],[-3.852,48.72],[-3.455,48.919],[-3.122,48.919],[-2.759,48.588],[-2.522,48.72],[-1.602,48.654],[-1.718,49.051],[-1.635,49.051],[-1.652,49.25],[-1.913,49.383],[-2.032,49.781],[-1.362,49.781],[-1.251,49.449],[0.007,49.383],[-0.012,49.648],[0.224,49.847],[1.053,49.98],[1.455,50.246],[1.425,50.712],[1.656,51.046],[2.578,51.179],[2.739,51.313],[3.41,51.447],[3.399,51.647],[3.739,51.647],[3.647,51.781],[3.98,51.915],[4.056,52.116],[4.232,51.982],[4.57,52.049],[4.655,52.049],[5.934,51.982],[6.628,51.513],[6.712,51.513],[6.885,51.38],[7.065,50.979],[7.235,50.912],[7.24,50.712]]],[[[20.621,37.9],[20.699,37.9],[20.934,37.9],[20.922,37.642],[20.613,37.706],[20.621,37.9]]],[[[20.328,38.351],[20.488,38.416],[20.566,38.416],[20.795,38.287],[20.786,38.093],[20.32,38.158],[20.328,38.351]]],[[[1.274,38.803],[1.183,39.062],[1.259,39.126],[1.337,39.126],[1.652,39.126],[1.658,38.997],[1.431,38.803],[1.274,38.803]]],[[[20.07,39.579],[20.073,39.644],[20.152,39.644],[20.149,39.579],[20.07,39.579]]],[[[3.296,39.32],[2.824,39.32],[2.659,39.514],[2.346,39.45],[2.338,39.644],[2.877,39.967],[2.956,39.967],[3.193,39.967],[3.198,39.838],[3.516,39.773],[3.296,39.32]]],[[[3.741,40.096],[3.82,40.096],[4.215,40.096],[4.302,39.838],[3.827,39.902],[3.741,40.096]]],[[[9.665,40.291],[9.747,39.644],[9.669,39.644],[9.593,39.126],[9.12,39.191],[8.966,38.868],[8.73,38.868],[8.336,38.997],[8.412,39.256],[8.333,39.256],[8.33,39.514],[8.409,39.514],[8.483,39.902],[8.325,39.967],[8.4,40.291],[8.321,40.291],[8.319,40.485],[8.16,40.55],[8.155,40.938],[8.552,40.874],[9.025,41.263],[9.104,41.263],[9.502,41.198],[9.822,40.744],[9.823,40.355],[9.665,40.291]]],[[[9.578,41.976],[9.498,41.976],[9.499,41.782],[9.262,41.392],[9.104,41.327],[8.784,41.522],[8.782,41.717],[8.623,41.717],[8.7,41.911],[8.539,42.106],[8.535,42.496],[8.773,42.691],[9.173,42.756],[9.251,43.017],[9.331,43.017],[9.492,43.017],[9.493,42.756],[9.574,42.756],[9.578,41.976]]],[[[10.134,42.886],[10.214,42.886],[10.455,42.886],[10.455,42.691],[10.215,42.691],[10.134,42.886]]],[[[14.269,44.973],[14.35,44.973],[14.511,44.908],[14.502,44.516],[14.261,44.581],[14.269,44.973]]],[[[19.086,45.497],[19.004,45.497],[19.007,45.562],[19.089,45.562],[19.086,45.497]]],[[[19.166,47.072],[19.084,47.072],[19.087,47.137],[19.169,47.137],[19.166,47.072]]],[[[16.989,48.192],[16.907,48.192],[16.909,48.258],[16.992,48.258],[16.989,48.192]]],[[[16.826,48.258],[16.829,48.324],[16.912,48.324],[16.909,48.258],[16.826,48.258]]],[[[0.166,52.855],[0.337,52.855],[0.493,53.057],[1.094,53.057],[1.532,52.923],[1.717,52.721],[1.739,52.385],[1.654,52.385],[1.586,52.116],[1.425,51.982],[1.17,51.982],[1.184,51.781],[0.844,51.781],[0.863,51.513],[0.524,51.513],[1.381,51.38],[1.314,51.112],[0.493,50.779],[-1.368,50.845],[-1.109,50.779],[-1.177,50.579],[-1.513,50.579],[-1.525,50.712],[-2.608,50.579],[-2.789,50.712],[-3.126,50.712],[-3.457,50.645],[-3.585,50.246],[-4.089,50.246],[-4.187,50.379],[-4.355,50.379],[-4.929,50.246],[-5.151,49.98],[-5.746,50.046],[-5.769,50.246],[-5.28,50.379],[-5.134,50.579],[-4.881,50.579],[-4.819,50.779],[-4.658,50.845],[-4.68,51.046],[-4.426,51.046],[-4.202,51.313],[-3.095,51.246],[-3.108,51.38],[-2.945,51.447],[-3.121,51.513],[-3.277,51.38],[-3.701,51.38],[-3.892,51.58],[-4.308,51.513],[-4.415,51.714],[-5.079,51.58],[-5.264,51.714],[-5.219,52.049],[-4.553,52.183],[-4.157,52.452],[-4.295,52.923],[-4.794,52.788],[-4.81,52.923],[-4.49,53.125],[-4.67,53.192],[-4.702,53.462],[-4.271,53.462],[-4.076,53.26],[-3.153,53.462],[-3.095,53.732],[-3.196,53.868],[-2.966,54.138],[-3.305,54.071],[-3.319,54.206],[-3.587,54.274],[-3.72,54.681],[-3.569,54.885],[-2.895,55.089],[-2.822,55.225],[-2.379,55.157],[-1.613,55.362],[-1.286,54.681],[-0.671,54.613],[-0.202,54.206],[-0.18,53.935],[0.004,53.8],[0.01,53.732],[0.118,53.462],[0.295,53.395],[0.316,53.125],[0.07,52.99],[0.166,52.855]]],[[[34.087,35.001],[33.695,34.937],[33.523,34.744],[33.132,34.679],[33.044,34.551],[32.367,34.744],[32.229,34.937],[32.246,35.13],[32.555,35.13],[32.875,35.258],[32.887,35.387],[33.737,35.387],[34.31,35.709],[34.387,35.709],[34.542,35.709],[34.529,35.58],[33.957,35.258],[34.087,35.001]]],[[[24.15,35.387],[24.301,35.323],[25.692,35.323],[25.681,35.13],[26.225,35.194],[26.14,35.065],[24.824,35.001],[24.757,35.194],[24.526,35.194],[24.448,35.194],[23.679,35.258],[23.615,35.516],[24.157,35.516],[24.15,35.387]]],[[[27.693,36.288],[28.017,36.482],[28.095,36.482],[28.25,36.482],[28.139,36.031],[27.743,35.902],[27.693,36.288]]],[[[22.887,36.417],[22.965,36.417],[23.117,36.353],[23.107,36.16],[22.874,36.16],[22.887,36.417]]],[[[27.117,36.933],[27.185,36.804],[26.865,36.675],[27.039,36.933],[27.117,36.933]]],[[[25.339,37.126],[25.417,37.126],[25.573,37.126],[25.564,36.997],[25.331,36.997],[25.339,37.126]]],[[[24.283,37.706],[24.361,37.706],[24.432,37.577],[24.272,37.513],[24.201,37.642],[24.283,37.706]]],[[[24.986,37.706],[25.064,37.706],[25.22,37.706],[25.286,37.513],[25.052,37.513],[24.986,37.706]]],[[[26.08,37.706],[26.158,37.706],[26.314,37.706],[26.305,37.577],[25.988,37.513],[26.08,37.706]]],[[[24.694,38.029],[24.772,38.029],[25.068,37.771],[24.83,37.706],[24.682,37.835],[24.694,38.029]]],[[[25.899,38.481],[25.821,38.481],[25.913,38.674],[25.991,38.674],[26.217,38.545],[26.111,38.158],[25.876,38.158],[25.899,38.481]]],[[[23.567,38.803],[23.563,38.739],[23.485,38.739],[23.489,38.803],[23.567,38.803]]],[[[24.365,38.997],[24.444,38.997],[24.675,38.933],[24.662,38.739],[24.357,38.868],[24.365,38.997]]],[[[26.094,38.997],[26.103,39.126],[25.793,39.191],[26.044,39.385],[26.123,39.385],[26.511,39.32],[26.644,38.997],[26.246,38.933],[26.094,38.997]]],[[[25.067,40.032],[25.146,40.032],[25.462,40.032],[25.447,39.838],[24.974,39.838],[25.067,40.032]]],[[[25.798,40.291],[26.035,40.291],[26.025,40.161],[25.704,40.096],[25.719,40.291],[25.798,40.291]]],[[[24.57,40.809],[24.808,40.809],[24.794,40.614],[24.551,40.55],[24.491,40.809],[24.57,40.809]]]]}},{"type":"Feature","id":"cliopatria-8abc193cf966c13847832fb9","properties":{"NAME":"Sasanian Empire","ABBREVN":null,"CONTROL":null,"SUBJECTO":"Sasanian Empire","PARTOF":null,"BORDERPRECISION":1,"FromYear":283,"ToYear":286,"Area":3252738.741356847,"Type":"POLITY","Wikipedia":"Sasanian Empire","Wikidata":"Q1661685","SeshatID":"ir_sassanid_emp_1","Components":"","MemberOf":"","sourceFeatureId":"cliopatria-8abc193cf966c13847832fb9","datasetId":"cliopatria"},"geometry":{"type":"MultiPolygon","coordinates":[[[[51.132,25.422],[51.138,25.486],[51.212,25.486],[51.207,25.422],[51.132,25.422]]],[[[50.649,25.872],[50.43,25.936],[50.46,26.258],[50.685,26.258],[50.673,26.129],[50.667,26.065],[50.649,25.872]]],[[[61.008,42.691],[61.168,42.691],[61.396,42.366],[61.556,42.366],[61.783,42.041],[61.942,42.041],[62.188,41.782],[62.151,41.652],[62.353,41.522],[62.317,41.392],[62.765,41.003],[62.773,40.744],[62.913,40.679],[62.869,40.226],[63.168,40.161],[63.213,40.032],[64.02,40.096],[64.389,40.291],[65.235,40.485],[65.272,40.614],[65.351,40.614],[65.37,40.679],[65.449,40.679],[65.43,40.614],[65.589,40.614],[65.804,40.809],[65.883,40.809],[65.564,39.967],[65.291,39.838],[65.203,39.514],[65.282,39.514],[65.065,38.997],[65.144,38.997],[65.077,38.739],[65.155,38.739],[64.751,35.773],[64.829,35.773],[64.854,35.194],[65.092,34.872],[64.574,34.615],[64.324,34.165],[63.873,33.843],[63.414,32.3],[64.383,32.172],[65.02,31.915],[65.694,31.85],[66.102,31.593],[66.483,31.593],[66.449,31.015],[66.525,31.015],[66.343,30.436],[66.418,30.436],[66.316,29.858],[66.066,29.729],[66.888,29.665],[66.995,29.408],[67.135,29.344],[66.931,28.572],[67.007,28.572],[66.965,28.315],[67.041,28.315],[67.046,27.865],[67.121,27.865],[67.062,27.479],[67.175,27.222],[67.197,26.322],[67.272,26.322],[67.245,26.129],[67.453,26.001],[67.494,25.744],[67.112,25.101],[66.64,24.908],[66.648,24.972],[66.62,25.358],[66.345,25.551],[66.021,25.358],[64.816,25.294],[64.801,25.165],[64.285,25.229],[64.225,25.358],[63.626,25.358],[63.536,25.229],[62.563,25.229],[62.474,25.101],[62.182,25.165],[62.018,25.036],[61.719,25.036],[61.658,25.165],[61.127,25.101],[60.917,25.229],[60.618,25.229],[60.632,25.358],[59.06,25.358],[58.782,25.551],[57.958,25.551],[57.74,25.615],[57.679,25.744],[57.38,25.744],[57.176,25.936],[57.052,26.837],[56.715,27.158],[56.188,27.158],[56.098,27.029],[56.324,27.029],[56.309,26.901],[56.061,26.708],[55.603,26.644],[55.439,26.515],[55.289,26.515],[55.31,26.708],[55.543,26.772],[55.242,26.772],[54.832,26.451],[54.463,26.515],[54.259,26.708],[53.658,26.708],[53.461,26.965],[52.737,27.222],[52.479,27.608],[52.049,27.801],[51.597,27.801],[51.317,27.994],[51.331,28.122],[51.066,28.444],[51.028,28.765],[50.809,28.83],[50.915,29.087],[50.62,29.151],[50.651,29.408],[50.236,29.729],[50.065,30.179],[49.586,29.987],[48.943,30.308],[48.987,30.051],[48.365,29.922],[48.404,29.601],[47.866,29.537],[47.852,29.408],[48.079,29.408],[48.215,29.279],[48.194,29.087],[48.46,28.765],[48.563,28.315],[48.974,27.93],[48.872,27.672],[49.242,27.608],[49.36,27.287],[50.135,26.772],[50.116,26.579],[50.254,26.451],[50.223,26.129],[50.067,26.065],[50.211,26.001],[50.325,25.615],[50.608,25.422],[50.654,25.101],[50.729,25.101],[50.769,25.551],[50.925,25.615],[50.955,25.936],[51.123,26.129],[51.423,26.129],[51.698,25.872],[51.575,25.358],[51.719,25.294],[51.69,24.972],[51.524,24.779],[51.411,24.329],[51.854,24.265],[51.907,24.008],[52.28,24.008],[52.6,24.265],[53.112,24.136],[54.083,24.136],[54.099,24.329],[54.318,24.265],[54.559,24.458],[54.744,24.844],[55.143,25.101],[55.412,25.551],[55.97,25.872],[56.168,26.322],[56.475,26.387],[56.543,26.322],[56.385,25.551],[56.46,25.551],[56.421,25.165],[56.496,25.165],[56.402,24.972],[56.545,24.908],[56.788,24.329],[57.493,23.879],[58.812,23.622],[59.08,23.301],[59.068,23.172],[59.28,23.043],[59.268,22.915],[58.896,22.915],[58.908,23.043],[58.61,23.043],[58.335,23.301],[57.962,23.301],[57.974,23.429],[57.83,23.493],[56.809,23.751],[56.821,23.879],[56.54,24.072],[56.489,24.329],[56.271,24.393],[56.29,24.586],[56.09,24.844],[55.859,24.779],[55.841,24.586],[55.623,24.651],[54.812,23.943],[54.273,23.751],[51.881,23.686],[51.822,23.879],[51.166,24.072],[51.102,24.201],[51.203,24.522],[51.133,24.586],[51.294,24.715],[51.327,25.101],[51.402,25.101],[51.27,25.294],[51.35,25.358],[51.323,25.872],[51.173,25.872],[51.23,25.679],[50.982,25.422],[50.965,25.229],[51.12,25.294],[50.92,24.715],[50.616,24.651],[50.344,24.972],[50.032,25.679],[49.674,25.872],[49.878,26.451],[49.252,26.965],[49.265,27.094],[49.059,27.287],[48.552,27.479],[48.529,27.994],[48.323,28.187],[48.247,28.187],[48.213,28.572],[47.535,29.279],[47.654,29.665],[46.698,29.922],[46.659,30.244],[46.446,30.372],[45.77,30.436],[45.084,31.079],[45.099,31.208],[44.81,31.336],[44.855,31.722],[44.734,31.979],[43.902,32.043],[43.917,32.172],[44.314,32.3],[44.43,32.622],[45.014,33.007],[44.979,33.329],[44.135,33.329],[43.861,33.586],[43.408,33.65],[43.21,33.907],[42.988,33.972],[43.02,34.229],[42.89,34.422],[42.513,34.486],[42.416,34.937],[41.953,34.937],[41.283,35.13],[41.441,35.773],[41.311,35.966],[41.335,36.16],[41.663,36.288],[41.68,36.417],[41.273,36.868],[41.178,37.319],[40.181,37.448],[40.051,37.642],[40.094,37.964],[40.572,38.029],[40.547,38.416],[40.469,38.416],[40.658,39.191],[40.51,39.256],[40.548,39.514],[39.848,39.579],[39.751,39.45],[39.209,39.514],[38.954,39.385],[38.745,39.579],[38.93,39.773],[38.79,39.902],[40.398,40.096],[40.953,40.614],[41.45,40.744],[41.535,41.263],[41.614,41.263],[41.694,41.263],[41.705,41.327],[42.25,41.263],[42.363,41.457],[42.613,41.522],[42.67,41.847],[42.888,42.171],[42.866,42.496],[42.878,42.561],[42.798,42.561],[42.492,43.082],[42.504,43.147],[42.918,43.212],[43.203,43.017],[43.74,42.886],[43.783,42.691],[44.69,42.821],[44.745,42.691],[45.158,42.756],[45.44,42.561],[45.68,42.561],[45.683,42.171],[46.23,42.106],[46.431,41.911],[46.816,41.847],[47.496,41.263],[47.986,41.327],[48.119,41.587],[48.557,41.782],[49.086,41.263],[49.059,41.133],[49.271,41.003],[49.244,40.874],[49.508,40.614],[50.05,40.55],[50.26,40.42],[49.693,40.355],[49.509,40.226],[49.267,39.385],[49.151,39.191],[48.915,39.191],[48.801,38.997],[48.763,38.351],[48.841,38.351],[48.884,37.706],[49.085,37.513],[49.999,37.384],[50.321,36.997],[50.566,37.062],[50.632,36.997],[50.532,36.868],[50.821,36.739],[51.642,36.546],[52.586,36.61],[53.489,36.868],[54.033,36.868],[54.095,37.19],[53.91,37.448],[53.908,37.835],[53.83,37.835],[53.987,38.997],[53.518,39.385],[53.138,39.45],[53.545,39.514],[53.498,40.032],[52.723,40.096],[52.714,40.42],[52.793,40.42],[52.893,40.874],[52.972,40.874],[52.943,40.744],[53.34,40.744],[53.448,40.874],[53.404,40.679],[54.385,40.809],[56.827,40.744],[57.465,41.392],[58.257,43.472],[58.418,43.472],[58.633,43.668],[59.124,43.407],[60.368,43.538],[60.392,43.342],[60.823,42.886],[60.904,42.886],[61.008,42.691]]]]}},{"type":"Feature","id":"cliopatria-2ae4a669c253435119461380","properties":{"NAME":"Western Jin","ABBREVN":null,"CONTROL":null,"SUBJECTO":"Western Jin","PARTOF":null,"BORDERPRECISION":1,"FromYear":283,"ToYear":286,"Area":4372808.075677177,"Type":"POLITY","Wikipedia":"Jin dynasty (266-420)","Wikidata":"Q7352","SeshatID":"cn_western_jin_dyn","Components":"","MemberOf":"","sourceFeatureId":"cliopatria-2ae4a669c253435119461380","datasetId":"cliopatria"},"geometry":{"type":"MultiPolygon","coordinates":[[[[110.179,18.479],[109.862,18.35],[109.841,18.222],[109.25,18.222],[109.123,18.35],[108.765,18.415],[108.638,18.543],[108.704,19.379],[109.203,19.701],[109.246,19.958],[110.157,20.086],[110.591,20.022],[110.613,20.151],[110.909,20.151],[111.087,19.893],[111.032,19.572],[110.884,19.572],[110.851,19.379],[110.681,19.251],[110.508,18.672],[110.19,18.543],[110.179,18.479]]],[[[90.223,41.911],[90.195,41.847],[90.434,41.847],[90.536,41.717],[90.775,41.717],[91.27,41.392],[92.349,41.133],[92.321,41.068],[93.296,40.938],[93.268,40.874],[93.715,40.809],[93.687,40.744],[95.23,41.003],[96.926,41.068],[96.897,41.003],[97.63,40.874],[98.037,40.55],[98.225,40.614],[98.245,40.485],[98.948,40.291],[99.047,40.161],[99.284,40.161],[99.384,40.032],[100.124,40.096],[100.094,40.032],[100.539,39.967],[100.559,39.838],[100.924,39.773],[100.895,39.708],[104.613,39.902],[104.601,39.708],[104.728,39.644],[104.608,39.385],[104.48,39.45],[103.939,39.126],[103.608,38.739],[104.215,38.868],[103.808,38.481],[103.751,38.351],[103.958,38.287],[103.69,38.029],[103.768,38.029],[103.713,37.9],[104.311,37.835],[104.412,37.706],[105.065,37.771],[105.88,38.029],[106.037,38.029],[106.058,37.9],[107.359,37.835],[108.49,38.093],[108.461,38.029],[108.696,38.029],[108.794,37.9],[109.527,37.964],[109.498,37.9],[110.484,37.835],[110.455,37.771],[110.768,37.771],[110.738,37.706],[111.08,37.771],[111.021,37.642],[111.538,37.577],[111.509,37.513],[111.851,37.577],[112.698,39.191],[113.84,40.485],[113.865,40.679],[114.843,40.874],[115.992,41.782],[117.299,42.106],[117.456,42.236],[117.776,42.236],[117.74,42.041],[117.861,41.976],[117.746,41.782],[117.871,41.587],[118.03,41.587],[117.992,41.522],[118.428,41.587],[118.39,41.522],[118.909,41.457],[118.871,41.392],[121.021,41.263],[123.087,41.911],[123.167,41.911],[123.127,41.847],[123.405,41.782],[123.365,41.717],[123.604,41.717],[123.564,41.652],[124.042,41.522],[124.002,41.457],[124.28,41.392],[124.24,41.327],[124.479,41.327],[124.439,41.263],[124.717,41.198],[124.678,41.133],[125.831,41.327],[125.79,41.263],[126.108,41.263],[126.187,41.133],[126.742,41.003],[126.623,40.679],[126.425,40.614],[126.269,40.355],[126.432,40.096],[126.709,40.032],[126.832,39.838],[126.728,39.385],[126.964,39.385],[126.854,39.191],[127.023,38.933],[126.937,38.351],[126.348,37.835],[126.27,37.835],[125.845,37.771],[125.835,37.9],[125.678,37.9],[125.387,37.642],[125.231,37.642],[125.298,37.771],[125.209,37.9],[124.897,37.9],[125.077,38.093],[124.764,38.093],[124.866,38.287],[124.788,38.287],[124.961,38.61],[125.153,38.674],[125.189,38.739],[125.032,38.739],[125.39,39.385],[125.306,39.514],[124.87,39.579],[124.865,39.708],[124.512,39.644],[124.345,39.902],[124.034,39.773],[123.597,39.838],[122.936,39.644],[122.17,39.256],[121.952,38.997],[121.716,38.997],[121.422,38.739],[121.029,38.739],[121.201,39.062],[121.515,39.062],[121.69,39.385],[121.297,39.385],[121.21,39.514],[121.281,39.644],[121.438,39.644],[121.503,39.902],[121.776,39.967],[122.231,40.485],[122.106,40.679],[121.827,40.744],[121.824,40.874],[121.11,40.874],[120.997,40.679],[120.647,40.485],[120.5,40.226],[119.38,39.773],[119.215,39.32],[118.989,39.191],[118.45,39.062],[118.057,39.062],[118.046,39.191],[117.776,39.126],[117.576,38.739],[117.655,38.739],[117.602,38.481],[117.759,38.481],[117.773,38.351],[118.054,38.287],[118.067,38.158],[118.583,38.093],[118.648,38.222],[118.804,38.222],[118.772,38.158],[119.457,37.964],[119.393,37.835],[119.237,37.835],[118.984,37.319],[119.14,37.319],[119.156,37.19],[119.701,37.19],[119.827,37.448],[120.202,37.577],[120.188,37.706],[120.754,37.9],[121.112,37.835],[121.171,37.642],[121.483,37.642],[121.497,37.513],[122.154,37.577],[122.121,37.513],[122.713,37.448],[122.474,37.126],[122.566,36.997],[122.394,36.804],[121.912,36.933],[121.212,36.61],[120.979,36.61],[120.965,36.417],[120.732,36.417],[120.659,36.095],[120.318,36.031],[119.986,35.645],[119.619,35.516],[119.228,34.808],[119.459,34.808],[119.431,34.744],[119.711,34.679],[119.732,34.551],[120.342,34.358],[120.489,34.165],[120.55,33.586],[120.926,33.2],[120.919,32.622],[121.403,32.493],[121.503,32.172],[121.961,31.979],[121.937,31.722],[121.836,31.658],[121.301,31.85],[120.919,31.85],[121.454,31.658],[121.481,31.529],[121.634,31.529],[121.584,31.4],[121.737,31.4],[121.995,31.079],[121.899,30.822],[121.519,30.822],[121.197,30.565],[121.045,30.565],[120.68,30.179],[120.809,30.115],[121.105,30.308],[121.484,30.308],[121.62,30.051],[122.03,29.922],[121.865,29.665],[122.016,29.665],[121.938,29.215],[121.712,29.215],[121.745,29.537],[121.571,29.472],[121.647,29.472],[121.539,29.151],[121.744,29.087],[121.714,28.765],[121.522,28.637],[121.652,28.572],[121.646,28.315],[121.153,28.187],[121.193,28.315],[121.118,28.315],[121.038,28.058],[120.868,27.994],[120.715,27.737],[120.657,27.544],[120.733,27.544],[120.545,27.158],[120.395,27.158],[120.247,26.901],[120.096,26.901],[120.061,26.772],[120.211,26.772],[120.158,26.579],[119.84,26.515],[119.938,26.322],[119.587,26.129],[119.778,26.001],[119.53,25.615],[119.904,25.615],[119.872,25.486],[119.466,25.358],[119.423,25.486],[119.273,25.486],[119.391,25.358],[119.344,25.165],[119.029,25.101],[119.074,24.972],[118.819,24.844],[118.76,24.586],[118.147,24.522],[118.076,24.201],[117.721,23.943],[117.694,23.815],[117.47,23.815],[117.179,23.493],[116.894,23.558],[116.78,23.365],[116.815,23.172],[116.591,23.172],[116.54,22.915],[115.696,22.786],[115.671,22.658],[115.373,22.658],[115.174,22.786],[114.902,22.529],[114.753,22.529],[114.641,22.722],[114.531,22.143],[114.37,22.079],[113.999,22.079],[113.996,22.465],[113.785,22.529],[113.747,22.722],[113.599,22.722],[113.699,22.465],[113.639,22.143],[113.416,22.143],[113.318,22.015],[113.106,22.079],[113.071,21.886],[112.774,21.886],[112.441,21.693],[111.859,21.758],[111.664,21.501],[110.984,21.436],[110.739,21.308],[110.716,21.179],[110.419,21.179],[110.483,21.115],[110.364,20.858],[110.616,20.601],[110.487,20.279],[109.883,20.215],[109.927,20.472],[109.789,20.536],[109.77,20.858],[109.696,20.858],[109.87,21.436],[109.807,21.501],[109.116,21.372],[109.086,21.629],[108.652,21.693],[108.555,21.565],[107.79,21.436],[107.417,20.986],[106.961,20.922],[106.834,20.601],[106.685,20.601],[106.537,20.151],[105.965,19.829],[105.734,18.865],[106.051,18.543],[106.031,18.415],[106.178,18.415],[106.295,18.222],[106.57,18.093],[106.571,17.643],[106.772,17.515],[106.752,17.386],[106.963,17.322],[106.953,17.258],[106.534,16.936],[106.544,17],[106.396,17],[106.416,17.129],[105.144,18.415],[105.185,18.672],[105.037,18.672],[105.142,18.865],[105.015,18.993],[105.014,19.443],[104.94,19.443],[104.992,19.765],[104.865,19.893],[104.981,20.151],[104.44,20.472],[104.619,20.665],[104.905,20.601],[104.873,20.858],[105.096,20.858],[104.851,21.179],[104.979,21.501],[104.926,21.629],[105.096,21.758],[105.128,21.951],[104.874,22.208],[105.238,22.593],[105.208,22.851],[105.506,22.851],[105.69,23.043],[105.363,23.301],[104.956,23.108],[104.905,23.236],[102.99,23.365],[101.811,24.265],[101.462,25.165],[101.398,25.936],[101.196,26.387],[101.09,27.544],[101.014,27.544],[101.05,27.994],[100.915,28.058],[101.039,28.251],[100.964,28.251],[101.03,28.508],[100.955,28.508],[101.022,28.765],[100.881,29.087],[100.951,29.344],[100.875,29.344],[100.964,29.665],[100.889,29.665],[100.961,29.922],[100.885,29.922],[100.978,30.244],[100.902,30.244],[101.015,30.629],[100.939,30.629],[101.055,31.015],[100.979,31.015],[101.44,32.236],[101.687,32.75],[101.883,32.879],[102.552,33.264],[103.21,33.393],[103.493,33.972],[103.355,34.229],[103.527,34.486],[103.45,34.486],[103.735,35.451],[103.63,35.58],[103.649,36.224],[103.467,36.353],[103.518,36.482],[103.389,36.546],[103.44,36.675],[103.311,36.739],[103.363,36.868],[103.208,37.062],[102.871,37.19],[102.611,37.126],[102.586,37.255],[102.171,37.384],[102.172,37.577],[102.043,37.642],[102.096,37.771],[101.755,37.513],[101.601,37.706],[101.315,37.771],[101.29,37.9],[100.796,38.029],[100.799,38.222],[100.642,38.222],[100.414,38.61],[100.199,38.287],[99.862,38.416],[99.379,39.126],[99.092,39.191],[99.12,39.256],[98.958,39.062],[98.384,39.191],[98.117,38.933],[97.96,38.933],[97.857,39.062],[97.492,39.126],[97.468,39.256],[96.763,39.45],[96.681,39.256],[96.76,39.256],[96.678,39.062],[96.757,39.062],[96.677,38.868],[96.755,38.868],[96.649,38.61],[96.414,38.61],[96.31,38.739],[95.682,38.933],[95.319,39.385],[94.977,39.32],[94.506,39.514],[93.955,39.514],[93.088,39.32],[92.248,39.385],[91.123,39.126],[89.58,38.997],[88.746,38.868],[87.662,38.481],[86.44,38.351],[86.081,38.222],[85.813,37.9],[85.356,37.706],[85.113,37.448],[81.031,36.61],[80.371,36.997],[79.398,37.126],[79.145,37.319],[78.424,37.513],[78.386,37.642],[78.093,37.706],[77.801,38.029],[77.841,38.158],[77.667,38.351],[77.51,38.351],[77.414,38.545],[77.258,38.545],[77.025,38.803],[75.792,39.126],[73.769,39.45],[73.69,39.45],[73.395,39.514],[73.573,39.579],[73.8,40.291],[73.526,40.42],[73.489,40.55],[73.331,40.55],[73.294,40.679],[73.135,40.679],[73.099,40.809],[73.12,40.874],[73.343,41.068],[74.751,41.003],[77.35,41.392],[77.374,41.457],[77.875,41.522],[80.028,42.366],[80.108,42.366],[80.239,42.496],[80.508,42.366],[82.056,42.236],[84.108,42.756],[85.792,42.756],[85.764,42.691],[87.042,42.496],[87.122,42.496],[90.223,41.911]]],[[[122.273,30.179],[122.28,29.987],[121.977,29.987],[122.022,30.115],[122.045,30.179],[122.273,30.179]]]]}},{"type":"Feature","id":"cliopatria-d70f86773ecb293c5eaa3479","properties":{"NAME":"Hadhramaut","ABBREVN":null,"CONTROL":null,"SUBJECTO":"Hadhramaut","PARTOF":null,"BORDERPRECISION":1,"FromYear":283,"ToYear":298,"Area":98062.03968396905,"Type":"POLITY","Wikipedia":"Hadhramaut","Wikidata":"Q1517159","SeshatID":"","Components":"","MemberOf":"","sourceFeatureId":"cliopatria-d70f86773ecb293c5eaa3479","datasetId":"cliopatria"},"geometry":{"type":"MultiPolygon","coordinates":[[[[50.845,15.329],[50.752,15.008],[49.63,14.686],[48.535,14.815],[48.322,14.943],[47.521,15.072],[47.528,15.2],[46.8,15.329],[46.58,15.329],[46.492,15.072],[46.341,15.008],[45.599,14.879],[45.596,14.815],[45.008,14.815],[44.928,14.686],[44.56,14.686],[44.346,14.815],[44.29,15.136],[45.025,15.136],[45.179,15.265],[45.848,15.393],[45.855,15.522],[46.149,15.522],[46.381,15.715],[46.47,15.972],[46.473,16.036],[46.555,16.165],[46.698,16.1],[48.117,16.422],[49.594,16.486],[50.118,16.615],[50.483,16.55],[51.081,16.679],[51.887,16.615],[51.952,16.486],[51.86,16.229],[51.242,15.779],[51.078,15.522],[51.074,15.458],[50.845,15.329]]],[[[46.702,16.165],[46.628,16.165],[46.632,16.229],[46.706,16.229],[46.702,16.165]]]]}},{"type":"Feature","id":"cliopatria-e7fb4d2fb40751734a1f2dfb","properties":{"NAME":"Himyarite Kingdom","ABBREVN":null,"CONTROL":null,"SUBJECTO":"Himyarite Kingdom","PARTOF":null,"BORDERPRECISION":1,"FromYear":283,"ToYear":305,"Area":136985.61884887438,"Type":"POLITY","Wikipedia":"Himyarite Kingdom","Wikidata":"Q289577","SeshatID":"ye_himyar_1","Components":"","MemberOf":"","sourceFeatureId":"cliopatria-e7fb4d2fb40751734a1f2dfb","datasetId":"cliopatria"},"geometry":{"type":"MultiPolygon","coordinates":[[[[44.81,16.55],[45.226,16.1],[45.215,15.908],[45.366,15.972],[45.579,15.843],[46.021,15.843],[46.175,15.972],[46.396,15.972],[46.47,15.972],[46.381,15.715],[46.149,15.522],[45.855,15.522],[45.848,15.393],[45.179,15.265],[45.025,15.136],[44.29,15.136],[44.346,14.815],[44.56,14.686],[44.928,14.686],[45.008,14.815],[45.596,14.815],[45.669,14.815],[45.816,14.815],[45.946,14.493],[46.163,14.429],[46.2,13.722],[46.047,13.593],[46.111,13.4],[45.741,13.336],[45.054,12.757],[44.614,12.757],[44.389,12.629],[43.439,12.693],[43.447,12.886],[43.236,13.079],[43.265,13.722],[43.057,13.979],[42.953,14.879],[42.89,15.072],[42.746,15.136],[42.709,15.843],[42.782,15.843],[42.824,16.615],[42.477,17],[42.487,17.193],[42.635,17.193],[43.022,17.515],[43.033,17.708],[43.25,17.643],[43.553,17.772],[43.9,17.386],[43.818,17.258],[43.959,17.129],[43.947,16.936],[44.088,16.808],[44.312,16.872],[44.305,16.743],[44.813,16.615],[44.81,16.55]]],[[[43.893,18.543],[43.89,18.479],[43.816,18.479],[43.742,18.479],[43.746,18.543],[43.819,18.543],[43.823,18.608],[43.897,18.608],[43.893,18.543]]]]}},{"type":"Feature","id":"cliopatria-a05b3af7386383ae8bdf5720","properties":{"NAME":"Late Pallava Empire","ABBREVN":null,"CONTROL":null,"SUBJECTO":"Late Pallava Empire","PARTOF":null,"BORDERPRECISION":1,"FromYear":283,"ToYear":305,"Area":50996.230720588515,"Type":"POLITY","Wikipedia":"Pallava dynasty","Wikidata":"Q466803","SeshatID":"","Components":"","MemberOf":"","sourceFeatureId":"cliopatria-a05b3af7386383ae8bdf5720","datasetId":"cliopatria"},"geometry":{"type":"MultiPolygon","coordinates":[[[[78.299,14.314],[77.34,14.878],[78.209,15.563],[78.792,15.717],[79.016,15.944],[79.683,15.845],[80.204,15.612],[80.061,15.145],[80.207,14.63],[80.132,14.175],[80.339,13.278],[78.299,14.314]]]]}},{"type":"Feature","id":"cliopatria-ae422dc7e648312a3469662a","properties":{"NAME":"Eastern Kushans","ABBREVN":null,"CONTROL":null,"SUBJECTO":"Eastern Kushans","PARTOF":null,"BORDERPRECISION":1,"FromYear":283,"ToYear":337,"Area":312407.0715907979,"Type":"POLITY","Wikipedia":"Kushan Empire","Wikidata":"Q25979","SeshatID":"","Components":"","MemberOf":"","sourceFeatureId":"cliopatria-ae422dc7e648312a3469662a","datasetId":"cliopatria"},"geometry":{"type":"MultiPolygon","coordinates":[[[[75.012,33.522],[75.271,33.007],[75.424,33.007],[75.469,32.879],[75.882,32.686],[76.127,32.75],[76.096,32.622],[75.928,32.557],[75.898,32.429],[75.5,32.365],[75.212,32.107],[74.815,32.043],[74.619,31.85],[74.209,31.722],[73.218,31.015],[72.415,30.051],[71.71,29.537],[71.698,29.472],[71.022,29.087],[70.652,28.701],[69.929,28.444],[69.831,28.315],[68.69,28.251],[68.508,28.058],[67.563,27.801],[67.175,27.222],[67.062,27.479],[67.121,27.865],[67.046,27.865],[67.041,28.315],[66.965,28.315],[67.007,28.572],[66.931,28.572],[67.135,29.344],[66.995,29.408],[66.888,29.665],[66.066,29.729],[66.316,29.858],[66.418,30.436],[66.343,30.436],[66.525,31.015],[66.878,31.272],[67.931,31.593],[68.122,31.786],[68.656,31.786],[68.783,31.658],[69.087,31.658],[69.293,31.915],[69.674,31.915],[69.867,32.107],[70.61,32.365],[70.742,32.622],[70.909,32.686],[70.952,32.879],[71.499,33.264],[72.141,34.036],[72.464,34.1],[72.418,33.907],[72.725,33.907],[72.771,33.779],[73.263,33.907],[73.387,34.1],[73.31,34.1],[73.344,34.551],[73.717,34.808],[73.701,34.744],[73.993,34.679],[74.297,34.358],[74.451,34.358],[74.634,34.165],[74.602,34.036],[74.8,33.907],[74.768,33.779],[75.028,33.586],[75.012,33.522]]],[[[73.794,34.808],[73.717,34.808],[73.734,34.872],[73.811,34.872],[73.794,34.808]]]]}},{"type":"Feature","id":"cliopatria-6cd90212df7ed3e031d1babc","properties":{"NAME":"Indo-Sasanian Empire","ABBREVN":null,"CONTROL":null,"SUBJECTO":"Indo-Sasanian Empire","PARTOF":null,"BORDERPRECISION":1,"FromYear":283,"ToYear":346,"Area":750431.9674336476,"Type":"POLITY","Wikipedia":"Kushano-Sasanian Kingdom","Wikidata":"Q1661685","SeshatID":"","Components":"","MemberOf":"","sourceFeatureId":"cliopatria-6cd90212df7ed3e031d1babc","datasetId":"cliopatria"},"geometry":{"type":"MultiPolygon","coordinates":[[[[72.579,36.095],[72.501,36.095],[72.518,36.16],[72.596,36.16],[72.579,36.095]]],[[[72,41.327],[72.232,41.068],[72.47,41.068],[73.019,40.809],[73.099,40.809],[73.135,40.679],[73.294,40.679],[73.331,40.55],[73.489,40.55],[73.526,40.42],[73.8,40.291],[73.573,39.579],[73.395,39.514],[73.69,39.45],[73.67,39.385],[73.63,39.256],[73.748,39.126],[73.494,38.545],[72.989,38.158],[72.626,37.706],[72.232,36.546],[72.31,36.546],[72.302,36.224],[72.501,36.095],[72.468,35.966],[72.64,36.031],[72.606,35.902],[72.822,35.838],[72.711,35.709],[73.441,34.937],[73.734,34.872],[73.717,34.808],[73.344,34.551],[73.31,34.1],[73.387,34.1],[73.263,33.907],[72.771,33.779],[72.725,33.907],[72.418,33.907],[72.464,34.1],[72.141,34.036],[71.499,33.264],[70.952,32.879],[70.909,32.686],[70.742,32.622],[70.61,32.365],[69.867,32.107],[69.674,31.915],[69.293,31.915],[69.087,31.658],[68.783,31.658],[68.656,31.786],[68.122,31.786],[67.931,31.593],[66.878,31.272],[66.525,31.015],[66.449,31.015],[66.483,31.593],[66.102,31.593],[65.694,31.85],[65.02,31.915],[64.383,32.172],[63.414,32.3],[63.873,33.843],[64.324,34.165],[64.574,34.615],[65.092,34.872],[64.854,35.194],[64.829,35.773],[64.751,35.773],[65.155,38.739],[65.077,38.739],[65.144,38.997],[65.065,38.997],[65.282,39.514],[65.203,39.514],[65.291,39.838],[65.564,39.967],[65.883,40.809],[65.962,40.809],[66.653,41.263],[66.891,41.263],[67.547,41.587],[68.025,41.587],[68.223,41.457],[68.978,41.327],[69.58,41.717],[70.016,41.587],[71.63,41.652],[71.92,41.327],[72,41.327]]]]}},{"type":"Feature","id":"cliopatria-eb1d10c7c7bc2c21af438930","properties":{"NAME":"Ripuarian Franks","ABBREVN":null,"CONTROL":null,"SUBJECTO":"Ripuarian Franks","PARTOF":null,"BORDERPRECISION":1,"FromYear":283,"ToYear":357,"Area":25453.031376350005,"Type":"POLITY","Wikipedia":"Ripuarian Franks","Wikidata":"Q316860","SeshatID":"","Components":"","MemberOf":"","sourceFeatureId":"cliopatria-eb1d10c7c7bc2c21af438930","datasetId":"cliopatria"},"geometry":{"type":"MultiPolygon","coordinates":[[[[7.204,52.25],[7.213,51.848],[7.386,51.714],[7.391,51.513],[7.649,51.313],[7.652,51.179],[7.991,51.112],[7.909,50.979],[8.166,50.779],[8.334,50.779],[8.422,50.579],[8.759,50.512],[8.426,50.313],[8.265,49.847],[8.181,49.847],[7.677,49.914],[7.753,50.313],[7.581,50.512],[7.413,50.512],[7.41,50.645],[7.24,50.712],[7.235,50.912],[7.065,50.979],[6.885,51.38],[6.712,51.513],[6.628,51.513],[5.934,51.982],[4.655,52.049],[4.652,52.116],[4.558,52.318],[4.811,52.385],[4.885,52.654],[5.391,52.855],[5.386,52.99],[5.56,52.923],[5.655,52.654],[6.083,52.654],[6.004,52.452],[6.347,52.385],[6.429,52.519],[6.683,52.586],[7.119,52.25],[7.204,52.25]]]]}},{"type":"Feature","id":"cliopatria-e3809018fab2e41a85d24da5","properties":{"NAME":"Saxons","ABBREVN":null,"CONTROL":null,"SUBJECTO":"Saxons","PARTOF":null,"BORDERPRECISION":1,"FromYear":283,"ToYear":454,"Area":6335.203725916138,"Type":"POLITY","Wikipedia":"Saxons","Wikidata":"Q101985","SeshatID":"","Components":"","MemberOf":"","sourceFeatureId":"cliopatria-e3809018fab2e41a85d24da5","datasetId":"cliopatria"},"geometry":{"type":"MultiPolygon","coordinates":[[[[8.382,53.327],[8.381,53.395],[8.374,53.868],[8.892,53.868],[8.802,54.206],[8.542,54.274],[8.54,54.41],[8.972,54.545],[8.974,54.342],[9.147,54.342],[9.409,54.071],[9.411,53.732],[9.498,53.665],[8.984,53.26],[8.382,53.327]]]]}},{"type":"Feature","id":"cliopatria-acf8cfc258cc377f912a2d81","properties":{"NAME":"Roman Empire","ABBREVN":null,"CONTROL":null,"SUBJECTO":"Roman Empire","PARTOF":null,"BORDERPRECISION":1,"FromYear":287,"ToYear":298,"Area":4184812.9941288386,"Type":"POLITY","Wikipedia":"Roman Empire","Wikidata":"Q12544","SeshatID":"tr_roman_dominate","Components":"","MemberOf":"","sourceFeatureId":"cliopatria-acf8cfc258cc377f912a2d81","datasetId":"cliopatria"},"geometry":{"type":"MultiPolygon","coordinates":[[[[11.083,35.001],[10.851,34.937],[10.851,34.808],[10.543,34.551],[10.004,34.293],[10.082,34.229],[10.006,33.907],[10.237,33.715],[10.544,33.715],[10.698,33.522],[11.082,33.586],[11.158,33.2],[11.464,33.2],[12.229,32.814],[12.612,32.879],[12.535,32.75],[12.841,32.75],[12.842,32.879],[13.072,32.943],[13.302,32.943],[13.454,32.814],[13.761,32.879],[13.759,32.75],[14.065,32.75],[14.444,32.493],[14.675,32.557],[14.749,32.429],[15.207,32.365],[15.425,31.658],[15.576,31.593],[15.649,31.4],[16.179,31.208],[17.469,31.079],[17.997,30.886],[18.592,30.372],[18.896,30.372],[18.869,30.252],[19.655,30.372],[19.964,30.565],[19.968,30.694],[20.202,30.886],[20.134,31.143],[20.214,31.272],[19.996,31.593],[20.089,32.107],[20.017,32.236],[20.246,32.236],[20.331,32.493],[20.482,32.429],[20.563,32.557],[20.716,32.557],[20.644,32.686],[20.871,32.622],[21.108,32.814],[21.412,32.75],[21.879,32.943],[23.089,32.622],[23.078,32.365],[23.299,32.172],[23.68,32.172],[24.129,31.979],[24.892,31.979],[25.112,31.786],[25.102,31.593],[25.248,31.465],[26.848,31.465],[27.297,31.336],[27.515,31.143],[28.496,31.015],[28.865,30.822],[29.397,30.822],[29.485,31.015],[29.633,30.951],[29.87,31.079],[29.802,31.208],[29.882,31.272],[30.339,31.272],[30.271,31.4],[30.352,31.465],[30.809,31.465],[30.966,31.529],[30.975,31.658],[31.203,31.658],[31.118,31.529],[31.266,31.465],[31.875,31.465],[31.781,31.208],[31.937,31.272],[32,31.079],[32.304,31.079],[32.237,31.208],[32.532,31.079],[32.765,31.143],[32.832,31.015],[33.983,31.143],[34.297,31.272],[34.308,31.4],[34.633,31.658],[34.573,31.85],[34.813,31.979],[34.77,32.365],[35.022,32.622],[35.056,33.007],[35.215,33.072],[35.398,33.393],[35.346,33.65],[35.499,33.65],[35.447,33.907],[35.684,33.972],[35.644,34.358],[35.792,34.293],[36.049,34.551],[36.068,34.744],[35.927,34.872],[35.96,35.194],[35.882,35.194],[35.993,35.516],[35.845,35.58],[35.99,36.224],[35.842,36.288],[36.265,36.61],[36.286,36.804],[36.145,36.933],[35.834,36.933],[35.488,36.61],[35.332,36.61],[35.113,36.739],[34.95,36.675],[34.893,36.868],[34.582,36.868],[34.251,36.675],[33.979,36.288],[33.274,36.224],[32.713,36.031],[32.558,36.031],[32.499,36.224],[32.068,36.61],[31.086,36.933],[30.619,36.933],[30.492,36.353],[30.026,36.353],[29.938,36.224],[29.24,36.224],[29.125,36.739],[28.736,36.739],[28.591,36.868],[28.357,36.868],[28.187,36.675],[28.031,36.675],[28.138,37.062],[28.065,37.126],[27.598,37.126],[27.539,37.384],[27.223,37.319],[27.31,37.448],[27.163,37.577],[27.256,37.771],[27.178,37.771],[27.275,38.029],[26.889,38.093],[26.82,38.222],[26.429,38.222],[26.384,38.674],[26.536,38.61],[26.595,38.351],[27.065,38.351],[27.08,38.545],[26.849,38.61],[26.958,38.997],[26.879,38.997],[26.894,39.191],[26.742,39.256],[26.847,39.579],[26.132,39.514],[26.168,39.967],[26.247,39.967],[26.272,40.291],[26.605,40.485],[26.684,40.485],[26.673,40.355],[27.47,40.42],[27.538,40.291],[27.696,40.291],[27.792,40.485],[27.95,40.485],[27.939,40.355],[29.046,40.355],[28.9,40.485],[28.913,40.614],[29.48,40.744],[29.493,40.874],[29.249,40.809],[29.103,40.938],[29.116,41.068],[28.633,41.003],[28.407,41.133],[28.169,41.133],[28.077,41.003],[27.527,41.068],[27.017,40.679],[26.921,40.485],[26.626,40.744],[26.14,40.614],[26.082,40.874],[25.378,41.003],[24.347,41.003],[24.011,40.744],[23.698,40.809],[23.685,40.614],[23.839,40.55],[23.737,40.226],[23.267,40.291],[22.884,40.485],[22.892,40.614],[22.655,40.614],[22.56,40.355],[22.544,40.096],[22.702,40.096],[22.611,39.902],[23.135,39.45],[22.816,39.385],[22.797,39.062],[22.958,39.126],[23.493,38.868],[23.332,38.803],[23.025,38.933],[22.936,38.739],[23.167,38.674],[23.313,38.481],[23.626,38.481],[23.563,38.739],[24.03,38.674],[24.179,38.545],[24.159,38.222],[24.002,38.222],[23.979,37.835],[23.443,38.029],[23.208,38.029],[23.201,37.9],[23.044,37.9],[23.108,37.642],[23.342,37.642],[23.402,37.319],[23.169,37.319],[23.176,37.448],[22.949,37.577],[22.714,37.577],[22.701,37.319],[22.853,37.255],[23.056,36.675],[22.833,36.868],[22.599,36.868],[22.512,36.675],[22.356,36.675],[22.22,37.062],[21.909,37.062],[21.899,36.868],[21.744,36.868],[21.681,37.19],[21.603,37.19],[21.697,37.513],[21.244,37.835],[21.416,38.158],[21.729,38.158],[21.738,38.351],[21.193,38.416],[20.974,38.739],[20.741,38.803],[20.911,39.062],[20.297,39.385],[20.155,39.708],[19.918,39.708],[19.912,39.579],[19.758,39.644],[19.764,39.773],[20,39.773],[20.009,39.967],[19.63,40.291],[19.471,40.291],[19.486,40.614],[19.249,40.614],[19.255,40.744],[19.498,40.874],[19.438,41.263],[19.523,41.392],[19.444,41.392],[19.53,41.522],[19.45,41.522],[19.542,41.782],[18.852,42.366],[18.143,42.626],[17.992,42.821],[17.593,42.886],[17.508,42.756],[17.516,42.951],[17.355,42.951],[17.365,43.212],[17.122,43.147],[17.051,43.407],[16.727,43.342],[16.734,43.538],[16.575,43.603],[15.927,43.472],[16.012,43.603],[15.857,43.798],[15.695,43.798],[15.619,43.929],[15.375,43.863],[15.459,43.994],[15.219,44.059],[15.147,44.385],[14.909,44.581],[14.919,44.973],[14.516,45.104],[14.603,45.366],[14.196,45.366],[14.189,45.039],[13.946,45.039],[13.943,44.908],[13.781,44.908],[13.706,45.235],[13.544,45.3],[13.547,45.497],[13.71,45.497],[13.715,45.759],[13.39,45.824],[13.308,45.824],[13.226,45.824],[13.06,45.628],[12.817,45.693],[12.652,45.562],[12.163,45.497],[12.16,45.17],[12.403,45.039],[12.4,44.777],[12.157,44.843],[12.154,44.451],[12.313,44.19],[12.873,43.798],[13.036,43.863],[13.034,43.733],[13.355,43.668],[13.673,43.407],[13.747,43.082],[13.985,42.951],[13.901,42.756],[14.056,42.496],[14.371,42.236],[14.531,42.236],[14.608,42.106],[14.769,42.171],[14.766,42.041],[14.924,41.976],[15.165,42.041],[15.241,41.911],[16.119,41.911],[16.115,41.782],[15.874,41.717],[15.944,41.392],[17.203,41.003],[17.511,40.744],[17.981,40.614],[18.438,40.161],[18.349,39.902],[18.112,39.902],[17.813,40.355],[17.418,40.355],[17.345,40.55],[17.028,40.55],[16.868,40.485],[16.945,40.42],[16.862,40.291],[16.624,40.291],[16.697,40.096],[16.457,39.967],[16.447,39.644],[16.916,39.514],[17.07,39.385],[17.138,39.062],[16.502,38.803],[16.492,38.416],[15.933,37.964],[15.698,37.964],[15.624,38.158],[15.389,38.158],[15.066,37.642],[15.059,37.255],[15.214,37.19],[15.05,36.739],[14.661,36.739],[14.278,37.126],[13.578,37.255],[13.192,37.577],[12.49,37.706],[12.492,37.9],[12.65,38.093],[13.04,38.029],[13.12,38.158],[13.355,38.158],[13.665,37.964],[14.056,37.964],[15.862,38.287],[15.95,38.674],[16.265,38.739],[16.27,38.933],[16.117,39.062],[15.899,39.773],[15.666,39.902],[15.748,40.032],[15.432,40.032],[15.199,40.226],[15.041,40.226],[14.893,40.679],[14.418,40.679],[14.422,40.874],[14.105,40.874],[13.951,41.133],[13.792,41.133],[13.715,41.263],[13,41.327],[12.922,41.457],[12.605,41.522],[12.131,41.911],[12.132,42.041],[11.813,42.106],[11.655,42.366],[11.495,42.301],[11.415,42.431],[11.255,42.431],[11.176,42.626],[11.016,42.626],[11.016,42.821],[10.535,43.082],[10.212,43.994],[9.889,43.994],[9.97,44.124],[9.727,44.124],[9.159,44.451],[8.432,44.385],[8.034,43.929],[7.15,43.733],[6.993,43.538],[6.673,43.472],[6.518,43.212],[6.278,43.147],[5.796,43.147],[5.632,43.277],[5.391,43.277],[5.387,43.407],[5.063,43.472],[4.178,43.472],[4.173,43.603],[3.851,43.603],[3.617,43.407],[3.14,43.277],[2.985,43.147],[3.01,42.561],[3.178,42.366],[3.117,41.911],[2.573,41.587],[2.334,41.587],[2.107,41.327],[1.238,41.198],[0.696,40.938],[0.709,40.679],[0.248,40.42],[0.183,40.161],[-0.126,40.032],[-0.345,39.708],[-0.314,39.126],[0.099,38.739],[-0.661,38.287],[-0.803,38.029],[-0.705,37.642],[-1.709,37.448],[-1.623,37.319],[-1.857,37.319],[-2.062,36.804],[-2.532,36.868],[-2.68,36.739],[-4.469,36.739],[-4.689,36.546],[-5.228,36.482],[-5.288,36.224],[-5.662,36.031],[-5.831,36.224],[-6.064,36.224],[-6.33,36.675],[-6.35,36.933],[-6.588,36.997],[-6.842,37.255],[-7.465,37.255],[-7.455,37.126],[-7.678,36.997],[-8.067,36.997],[-8.312,37.126],[-8.701,37.126],[-9.001,36.997],[-8.897,37.577],[-8.819,37.577],[-8.823,38.481],[-9.209,38.416],[-9.233,38.674],[-9.384,38.61],[-9.553,38.739],[-9.572,38.933],[-9.427,39.062],[-9.387,39.45],[-9.157,39.514],[-9.104,39.773],[-9.025,39.773],[-8.925,40.355],[-8.846,40.355],[-8.872,40.614],[-8.727,40.744],[-8.956,42.171],[-8.657,42.366],[-9.079,42.561],[-9.1,42.756],[-9.275,42.886],[-9.305,43.147],[-9.159,43.277],[-8.852,43.407],[-8.369,43.407],[-8.39,43.603],[-8.244,43.733],[-7.276,43.733],[-7.343,43.603],[-7.176,43.538],[-5.733,43.603],[-4.99,43.407],[-3.467,43.472],[-3.296,43.342],[-1.688,43.342],[-1.388,43.668],[-1.349,44.255],[-1.268,44.255],[-1.286,44.516],[-1.205,44.516],[-1.252,45.17],[-1.171,45.17],[-1.189,45.431],[-1.031,45.497],[-1.045,45.693],[-1.213,45.759],[-1.141,45.89],[-1.223,45.89],[-1.252,46.283],[-1.666,46.349],[-2.014,46.612],[-2.025,46.743],[-2.194,46.809],[-2.139,47.137],[-2.232,47.269],[-2.562,47.269],[-2.578,47.466],[-2.826,47.466],[-2.837,47.598],[-3.156,47.466],[-3.344,47.73],[-3.757,47.73],[-3.935,47.862],[-4.424,47.796],[-4.692,47.994],[-4.705,48.126],[-4.546,48.192],[-4.643,48.324],[-4.891,48.324],[-4.912,48.522],[-4.6,48.72],[-3.852,48.72],[-3.455,48.919],[-3.122,48.919],[-2.759,48.588],[-2.522,48.72],[-1.602,48.654],[-1.718,49.051],[-1.635,49.051],[-1.652,49.25],[-1.913,49.383],[-2.032,49.781],[-1.362,49.781],[-1.251,49.449],[0.007,49.383],[-0.012,49.648],[0.224,49.847],[1.053,49.98],[1.455,50.246],[1.425,50.712],[1.656,51.046],[2.578,51.179],[2.739,51.313],[3.41,51.447],[3.399,51.647],[3.739,51.647],[3.647,51.781],[3.98,51.915],[4.056,52.116],[4.232,51.982],[4.57,52.049],[4.655,52.049],[5.934,51.982],[6.369,51.647],[6.539,51.647],[6.885,51.38],[7.413,50.512],[7.667,50.446],[7.669,50.313],[7.753,50.313],[7.677,49.914],[8.181,49.847],[8.182,49.781],[8.352,49.648],[8.355,49.449],[8.272,49.449],[8.276,49.184],[8.112,49.051],[8.115,48.853],[7.786,48.654],[7.71,48.324],[7.627,48.324],[7.634,47.994],[7.551,47.994],[7.643,47.532],[8.467,47.598],[8.548,47.73],[8.877,47.796],[8.957,48.06],[9.121,48.192],[11.193,48.787],[11.861,49.184],[12.111,49.184],[12.609,48.985],[12.773,48.787],[13.518,48.588],[13.601,48.588],[13.684,48.588],[13.764,48.456],[14.258,48.258],[14.672,48.258],[14.924,48.39],[15.499,48.192],[16.078,48.192],[16.081,48.258],[16.663,48.324],[16.904,48.126],[17.072,48.192],[17.067,48.06],[17.635,47.796],[18.626,47.796],[18.798,47.928],[18.957,47.796],[18.95,47.664],[19.269,47.466],[19.173,47.203],[18.923,47.137],[18.998,47.006],[18.834,47.006],[18.824,46.809],[18.906,46.809],[18.896,46.612],[19.05,46.415],[18.952,46.087],[18.87,46.087],[18.949,46.021],[18.854,45.759],[19.011,45.628],[18.923,45.497],[19.004,45.497],[18.998,45.366],[19.238,45.3],[19.974,45.366],[20.056,45.366],[20.528,45.104],[20.517,44.908],[20.749,44.712],[21.405,44.843],[21.879,44.647],[21.951,44.516],[22.689,44.647],[22.518,44.516],[22.504,44.32],[22.895,44.124],[22.952,43.798],[23.602,43.863],[24.151,43.668],[24.881,43.733],[25.434,43.603],[25.849,43.733],[26.281,44.059],[27.493,44.059],[27.829,44.19],[27.943,44.516],[27.788,44.581],[27.801,44.712],[27.97,44.777],[27.997,45.039],[27.848,45.17],[27.868,45.366],[28.282,45.431],[28.349,45.3],[28.668,45.235],[29.096,45.431],[29.584,45.431],[29.577,45.366],[29.658,45.366],[29.525,44.908],[29.024,44.777],[29.046,44.973],[28.802,44.973],[28.841,44.581],[28.577,44.385],[28.536,43.994],[28.616,43.994],[28.481,43.472],[28.159,43.472],[28.226,43.342],[27.898,43.277],[27.805,43.147],[27.847,42.756],[27.514,42.626],[27.495,42.431],[27.796,42.236],[27.784,42.106],[28.004,41.911],[27.979,41.652],[28.218,41.652],[28.279,41.457],[28.505,41.327],[28.976,41.263],[28.963,41.133],[30.479,41.198],[30.624,41.068],[31.18,41.068],[31.534,41.392],[32.027,41.522],[32.042,41.652],[32.193,41.587],[32.695,41.782],[32.631,41.911],[34.785,41.911],[34.882,42.041],[35.121,42.041],[35.157,41.717],[35.954,41.717],[36.209,41.263],[36.775,41.327],[37.065,41.133],[37.233,41.198],[37.215,41.068],[37.771,41.068],[37.831,40.938],[38.158,41.003],[38.298,40.874],[38.783,40.938],[39.051,41.133],[39.736,40.938],[40.37,40.938],[40.391,41.068],[40.539,41.003],[41.047,41.198],[41.159,41.392],[41.307,41.327],[41.408,41.457],[41.567,41.457],[41.815,41.976],[41.735,41.976],[41.758,42.106],[41.598,42.106],[41.701,42.236],[41.483,42.366],[41.609,42.626],[41.334,42.886],[41.173,42.886],[41.116,43.017],[40.817,43.147],[40.416,43.147],[40.219,43.407],[39.978,43.407],[40.081,43.538],[40.161,43.538],[40.599,43.277],[41.001,43.277],[41.208,43.082],[41.666,42.951],[41.803,42.821],[41.78,42.691],[41.998,42.561],[42.01,41.717],[41.705,41.327],[41.625,41.327],[41.614,41.263],[41.535,41.263],[41.45,40.744],[40.953,40.614],[40.398,40.096],[38.79,39.902],[38.93,39.773],[38.745,39.579],[38.954,39.385],[39.209,39.514],[39.751,39.45],[39.848,39.579],[40.478,39.579],[40.51,39.256],[40.658,39.191],[40.469,38.416],[40.547,38.416],[40.572,38.029],[41.667,38.029],[41.97,37.964],[42.03,37.835],[42.508,37.9],[43.261,37.706],[43.886,37.706],[43.945,37.577],[44.637,37.513],[44.774,37.384],[44.745,37.19],[44.287,37.255],[43.713,37.062],[43.607,36.868],[43.149,36.933],[42.967,36.739],[42.656,36.739],[42.632,37.126],[42.71,37.126],[42.765,37.513],[41.264,37.384],[41.169,37.255],[41.247,37.255],[41.212,36.997],[41.671,36.353],[41.086,36.031],[41.112,35.001],[40.772,34.744],[40.618,34.744],[40.103,34.293],[40.026,34.293],[39.509,34.486],[39.124,34.486],[37.99,33.972],[37.739,33.779],[37.726,33.65],[37.573,33.65],[37.073,33.264],[37.054,33.072],[36.901,33.072],[36.717,32.75],[36.751,32.3],[36.516,32.236],[36.662,32.172],[36.387,31.658],[36.423,31.208],[36.271,31.208],[36.401,30.951],[36.156,30.758],[35.846,29.729],[35.77,29.729],[35.806,29.215],[35.655,29.215],[35.641,29.022],[35.48,28.894],[35.196,28.058],[34.593,28.058],[34.605,28.251],[34.854,28.572],[34.913,29.408],[34.752,29.279],[34.517,28.058],[34.358,27.93],[34.346,27.737],[34.12,27.737],[33.617,28.122],[33.554,28.315],[33.403,28.315],[33.189,28.508],[33.147,29.022],[32.857,29.215],[32.589,29.729],[32.602,29.922],[32.442,29.794],[32.689,28.958],[32.836,28.894],[33.105,28.38],[33.609,27.994],[33.585,27.608],[33.799,27.415],[33.927,27.029],[34.073,26.965],[34.051,26.579],[34.197,26.515],[34.461,25.872],[34.608,25.808],[35.146,24.651],[35.86,24.008],[35.854,23.879],[35.559,23.943],[35.553,23.815],[35.108,23.879],[33.756,23.686],[33.682,23.686],[33.389,23.815],[32.041,23.686],[31.67,23.751],[30.537,23.365],[30.463,23.365],[30.395,23.558],[30.104,23.751],[30.109,23.879],[29.959,23.879],[29.673,24.201],[28.569,24.651],[28.289,25.165],[28.244,25.936],[28.345,26.579],[28.27,26.579],[28.154,27.351],[27.937,27.544],[27.711,27.544],[27.792,27.672],[27.43,27.994],[27.276,27.93],[27.285,28.122],[27.14,28.251],[25.586,28.958],[25.373,29.279],[25.147,29.279],[25.001,29.408],[24.847,29.344],[24.779,29.537],[24.33,29.665],[24.26,29.794],[23.51,29.987],[22.916,30.308],[22.762,30.244],[22.767,30.372],[22.541,30.436],[21.939,30.565],[20.952,30.565],[19.191,30.051],[18.825,30.051],[18.81,29.987],[18.281,30.051],[16.701,30.694],[15.49,30.951],[15.184,30.886],[15.187,31.079],[14.584,31.529],[14.586,31.658],[13.829,32.107],[13.295,32.236],[13.066,32.172],[13.067,32.3],[12.456,32.365],[11.768,32.3],[11.768,32.429],[11.539,32.429],[11.463,32.557],[11.31,32.493],[11.157,32.686],[10.392,33.007],[10.009,33.007],[10.085,33.136],[9.625,33.136],[9.547,33.329],[9.624,33.457],[9.316,33.586],[9.083,34.036],[8.929,34.036],[9.003,34.358],[8.926,34.358],[8.846,34.744],[8.459,34.872],[8.229,34.808],[7.994,35.065],[7.989,35.516],[7.911,35.516],[7.906,35.966],[7.828,35.966],[7.902,36.224],[7.586,36.61],[6.965,36.61],[6.889,36.482],[6.422,36.546],[6.347,36.417],[5.879,36.482],[5.649,36.353],[2.775,36.417],[2.316,36.224],[2.003,36.288],[2.008,36.16],[1.155,36.16],[1.005,36.031],[0.772,36.031],[0.479,35.645],[-0.292,35.58],[-1.04,35.065],[-1.198,35.13],[-1.346,35.001],[-1.806,34.937],[-1.876,34.808],[-2.809,34.937],[-5.279,34.937],[-5.81,34.808],[-6.106,34.615],[-6.242,34.358],[-6.157,34.229],[-6.31,34.229],[-6.601,33.972],[-6.592,33.843],[-6.814,33.715],[-6.728,33.586],[-7.184,33.522],[-7.474,33.264],[-7.875,33.522],[-7.13,33.843],[-7.062,33.972],[-6.904,33.907],[-6.614,34.165],[-6.7,34.293],[-6.473,34.358],[-6.482,34.486],[-6.332,34.551],[-6.277,34.872],[-6.2,34.872],[-6.291,35.065],[-6.132,35.001],[-6.145,35.194],[-6,35.323],[-5.877,35.773],[-5.339,35.838],[-5.24,35.516],[-4.755,35.194],[-3.132,35.194],[-2.982,35.258],[-2.993,35.451],[-2.838,35.451],[-2.82,35.13],[-2.662,35.065],[-1.89,35.065],[-1.591,35.258],[-1.359,35.258],[-1.136,35.451],[-1.224,35.645],[-1.066,35.58],[-0.917,35.709],[-0.53,35.709],[-0.459,35.838],[0.084,35.838],[0.376,36.224],[0.684,36.288],[0.678,36.417],[0.914,36.353],[1.216,36.546],[1.53,36.482],[2.377,36.675],[2.69,36.61],[2.841,36.739],[3.23,36.739],[3.459,36.868],[3.85,36.804],[4.469,36.933],[4.859,36.868],[5.098,36.675],[5.564,36.675],[5.639,36.804],[6.106,36.804],[6.103,36.933],[6.334,37.062],[6.805,36.868],[7.194,36.868],[7.346,37.062],[7.502,37.062],[7.738,36.868],[8.516,36.868],[8.903,37.126],[9.059,37.062],[9.603,37.319],[9.993,37.19],[10.227,37.255],[10.228,37.062],[10.305,37.062],[10.228,36.804],[10.54,36.739],[10.851,36.997],[11.006,36.997],[11.006,36.804],[10.462,36.417],[10.54,36.353],[10.464,35.902],[10.696,35.709],[10.851,35.773],[10.851,35.645],[10.928,35.645],[11.083,35.58],[11.083,35.387],[11.006,35.387],[11.083,35.001]]],[[[14.34,36.031],[14.417,36.031],[14.571,35.966],[14.568,35.773],[14.337,35.838],[14.34,36.031]]],[[[20.621,37.9],[20.699,37.9],[20.934,37.9],[20.922,37.642],[20.613,37.706],[20.621,37.9]]],[[[20.328,38.351],[20.488,38.416],[20.566,38.416],[20.795,38.287],[20.786,38.093],[20.32,38.158],[20.328,38.351]]],[[[1.274,38.803],[1.183,39.062],[1.259,39.126],[1.337,39.126],[1.652,39.126],[1.658,38.997],[1.431,38.803],[1.274,38.803]]],[[[20.152,39.644],[20.149,39.579],[20.07,39.579],[20.073,39.644],[20.152,39.644]]],[[[3.296,39.32],[2.824,39.32],[2.659,39.514],[2.346,39.45],[2.338,39.644],[2.877,39.967],[2.956,39.967],[3.193,39.967],[3.198,39.838],[3.516,39.773],[3.296,39.32]]],[[[3.82,40.096],[4.215,40.096],[4.302,39.838],[3.827,39.902],[3.741,40.096],[3.82,40.096]]],[[[9.747,39.644],[9.669,39.644],[9.593,39.126],[9.12,39.191],[8.966,38.868],[8.73,38.868],[8.336,38.997],[8.412,39.256],[8.333,39.256],[8.33,39.514],[8.409,39.514],[8.483,39.902],[8.325,39.967],[8.4,40.291],[8.321,40.291],[8.319,40.485],[8.16,40.55],[8.155,40.938],[8.552,40.874],[9.025,41.263],[9.104,41.263],[9.502,41.198],[9.822,40.744],[9.823,40.355],[9.665,40.291],[9.747,39.644]]],[[[9.578,41.976],[9.498,41.976],[9.499,41.782],[9.262,41.392],[9.104,41.327],[8.784,41.522],[8.782,41.717],[8.623,41.717],[8.7,41.911],[8.539,42.106],[8.535,42.496],[8.773,42.691],[9.173,42.756],[9.251,43.017],[9.331,43.017],[9.492,43.017],[9.493,42.756],[9.574,42.756],[9.578,41.976]]],[[[10.134,42.886],[10.214,42.886],[10.455,42.886],[10.455,42.691],[10.215,42.691],[10.134,42.886]]],[[[14.269,44.973],[14.35,44.973],[14.511,44.908],[14.502,44.516],[14.261,44.581],[14.269,44.973]]],[[[19.086,45.497],[19.004,45.497],[19.007,45.562],[19.089,45.562],[19.086,45.497]]],[[[19.166,47.072],[19.084,47.072],[19.087,47.137],[19.169,47.137],[19.166,47.072]]],[[[16.989,48.192],[16.907,48.192],[16.909,48.258],[16.992,48.258],[16.989,48.192]]],[[[16.826,48.258],[16.829,48.324],[16.912,48.324],[16.909,48.258],[16.826,48.258]]],[[[0.166,52.855],[0.337,52.855],[0.493,53.057],[1.094,53.057],[1.532,52.923],[1.717,52.721],[1.739,52.385],[1.654,52.385],[1.586,52.116],[1.425,51.982],[1.17,51.982],[1.184,51.781],[0.844,51.781],[0.863,51.513],[0.524,51.513],[1.381,51.38],[1.314,51.112],[0.493,50.779],[-1.368,50.845],[-1.109,50.779],[-1.177,50.579],[-1.513,50.579],[-1.525,50.712],[-2.608,50.579],[-2.789,50.712],[-3.126,50.712],[-3.457,50.645],[-3.585,50.246],[-4.089,50.246],[-4.187,50.379],[-4.355,50.379],[-4.929,50.246],[-5.151,49.98],[-5.746,50.046],[-5.769,50.246],[-5.28,50.379],[-5.134,50.579],[-4.881,50.579],[-4.819,50.779],[-4.658,50.845],[-4.68,51.046],[-4.426,51.046],[-4.202,51.313],[-3.095,51.246],[-3.108,51.38],[-2.945,51.447],[-3.121,51.513],[-3.277,51.38],[-3.701,51.38],[-3.892,51.58],[-4.308,51.513],[-4.415,51.714],[-5.079,51.58],[-5.264,51.714],[-5.219,52.049],[-4.553,52.183],[-4.157,52.452],[-4.295,52.923],[-4.794,52.788],[-4.81,52.923],[-4.49,53.125],[-4.67,53.192],[-4.702,53.462],[-4.271,53.462],[-4.076,53.26],[-3.153,53.462],[-3.095,53.732],[-3.196,53.868],[-2.966,54.138],[-3.305,54.071],[-3.319,54.206],[-3.587,54.274],[-3.72,54.681],[-3.569,54.885],[-2.895,55.089],[-2.822,55.225],[-2.379,55.157],[-1.613,55.362],[-1.286,54.681],[-0.671,54.613],[-0.202,54.206],[-0.18,53.935],[0.004,53.8],[0.01,53.732],[0.118,53.462],[0.295,53.395],[0.316,53.125],[0.07,52.99],[0.166,52.855]]],[[[34.087,35.001],[33.695,34.937],[33.523,34.744],[33.132,34.679],[33.044,34.551],[32.367,34.744],[32.229,34.937],[32.246,35.13],[32.555,35.13],[32.875,35.258],[32.887,35.387],[33.737,35.387],[34.31,35.709],[34.387,35.709],[34.542,35.709],[34.529,35.58],[33.957,35.258],[34.087,35.001]]],[[[24.15,35.387],[24.301,35.323],[25.692,35.323],[25.681,35.13],[26.225,35.194],[26.14,35.065],[24.824,35.001],[24.757,35.194],[24.526,35.194],[24.448,35.194],[23.679,35.258],[23.615,35.516],[24.157,35.516],[24.15,35.387]]],[[[27.693,36.288],[28.017,36.482],[28.095,36.482],[28.25,36.482],[28.139,36.031],[27.743,35.902],[27.693,36.288]]],[[[22.887,36.417],[22.965,36.417],[23.117,36.353],[23.107,36.16],[22.874,36.16],[22.887,36.417]]],[[[27.117,36.933],[27.185,36.804],[26.865,36.675],[27.039,36.933],[27.117,36.933]]],[[[25.339,37.126],[25.417,37.126],[25.573,37.126],[25.564,36.997],[25.331,36.997],[25.339,37.126]]],[[[24.361,37.706],[24.432,37.577],[24.272,37.513],[24.201,37.642],[24.283,37.706],[24.361,37.706]]],[[[25.064,37.706],[25.22,37.706],[25.286,37.513],[25.052,37.513],[24.986,37.706],[25.064,37.706]]],[[[26.08,37.706],[26.158,37.706],[26.314,37.706],[26.305,37.577],[25.988,37.513],[26.08,37.706]]],[[[24.694,38.029],[24.772,38.029],[25.068,37.771],[24.83,37.706],[24.682,37.835],[24.694,38.029]]],[[[25.899,38.481],[25.821,38.481],[25.913,38.674],[25.991,38.674],[26.217,38.545],[26.111,38.158],[25.876,38.158],[25.899,38.481]]],[[[23.567,38.803],[23.563,38.739],[23.485,38.739],[23.489,38.803],[23.567,38.803]]],[[[24.365,38.997],[24.444,38.997],[24.675,38.933],[24.662,38.739],[24.357,38.868],[24.365,38.997]]],[[[26.094,38.997],[26.103,39.126],[25.793,39.191],[26.044,39.385],[26.123,39.385],[26.511,39.32],[26.644,38.997],[26.246,38.933],[26.094,38.997]]],[[[25.067,40.032],[25.146,40.032],[25.462,40.032],[25.447,39.838],[24.974,39.838],[25.067,40.032]]],[[[25.798,40.291],[26.035,40.291],[26.025,40.161],[25.704,40.096],[25.719,40.291],[25.798,40.291]]],[[[24.57,40.809],[24.808,40.809],[24.794,40.614],[24.551,40.55],[24.491,40.809],[24.57,40.809]]]]}},{"type":"Feature","id":"cliopatria-4e0cfafe4ab382c40f980010","properties":{"NAME":"Kingdom of Armenia","ABBREVN":null,"CONTROL":null,"SUBJECTO":"Kingdom of Armenia","PARTOF":null,"BORDERPRECISION":1,"FromYear":287,"ToYear":305,"Area":218561.4494460835,"Type":"POLITY","Wikipedia":"Kingdom of Armenia (antiquity)","Wikidata":"Q208404","SeshatID":"","Components":"","MemberOf":"","sourceFeatureId":"cliopatria-4e0cfafe4ab382c40f980010","datasetId":"cliopatria"},"geometry":{"type":"MultiPolygon","coordinates":[[[[48.225,39.708],[48.673,39.579],[48.806,39.45],[48.782,39.32],[48.928,39.256],[48.742,38.674],[48.821,38.674],[48.807,38.158],[48.795,38.093],[48.326,38.093],[47.252,38.674],[46.367,38.545],[45.854,38.287],[45.635,37.9],[45.224,37.771],[45.174,37.448],[45.252,37.448],[45.29,37.19],[45.446,37.19],[45.426,37.062],[45.095,36.933],[44.871,36.997],[44.745,37.19],[44.774,37.384],[44.637,37.513],[43.945,37.577],[43.886,37.706],[43.261,37.706],[42.508,37.9],[42.03,37.835],[41.97,37.964],[41.667,38.029],[40.572,38.029],[40.547,38.416],[40.469,38.416],[40.658,39.191],[40.51,39.256],[40.478,39.579],[39.848,39.579],[39.751,39.45],[39.209,39.514],[38.954,39.385],[38.745,39.579],[38.93,39.773],[38.79,39.902],[40.398,40.096],[40.953,40.614],[41.45,40.744],[41.535,41.263],[41.614,41.263],[41.694,41.263],[41.705,41.327],[42.25,41.263],[42.363,41.457],[42.624,41.587],[42.863,41.587],[43.34,41.133],[43.976,41.133],[44.237,41.263],[45.112,41.263],[45.302,41.003],[45.595,40.874],[45.457,40.55],[45.884,40.291],[46.201,40.291],[46.256,40.161],[46.481,40.096],[46.458,39.967],[46.774,39.967],[47.066,39.838],[47.121,39.708],[48.146,39.708],[48.225,39.708]]]]}},{"type":"Feature","id":"cliopatria-a9f47e210f262830d607355a","properties":{"NAME":"Lazica","ABBREVN":null,"CONTROL":null,"SUBJECTO":"Lazica","PARTOF":null,"BORDERPRECISION":1,"FromYear":287,"ToYear":305,"Area":18165.243728866026,"Type":"POLITY","Wikipedia":"Lazica","Wikidata":"Q136884","SeshatID":"","Components":"","MemberOf":"","sourceFeatureId":"cliopatria-a9f47e210f262830d607355a","datasetId":"cliopatria"},"geometry":{"type":"MultiPolygon","coordinates":[[[[41.694,41.263],[41.614,41.263],[41.625,41.327],[41.705,41.327],[41.694,41.263]]],[[[42.492,43.082],[42.572,43.082],[42.605,42.821],[42.754,42.756],[42.718,42.561],[42.935,42.431],[42.624,41.587],[42.363,41.457],[42.25,41.263],[41.705,41.327],[42.01,41.717],[41.998,42.561],[41.78,42.691],[41.803,42.821],[41.666,42.951],[41.208,43.082],[41.001,43.277],[40.599,43.277],[40.161,43.538],[40.172,43.603],[41.047,43.538],[41.954,43.212],[42.528,43.277],[42.596,43.212],[42.504,43.147],[42.492,43.082]]]]}},{"type":"Feature","id":"cliopatria-31c04024b238f614dde05ae9","properties":{"NAME":"Sasanian Empire","ABBREVN":null,"CONTROL":null,"SUBJECTO":"Sasanian Empire","PARTOF":null,"BORDERPRECISION":1,"FromYear":287,"ToYear":305,"Area":2940699.362368454,"Type":"POLITY","Wikipedia":"Sasanian Empire","Wikidata":"Q1661685","SeshatID":"ir_sassanid_emp_1","Components":"","MemberOf":"","sourceFeatureId":"cliopatria-31c04024b238f614dde05ae9","datasetId":"cliopatria"},"geometry":{"type":"MultiPolygon","coordinates":[[[[51.132,25.422],[51.138,25.486],[51.212,25.486],[51.207,25.422],[51.132,25.422]]],[[[50.649,25.872],[50.43,25.936],[50.46,26.258],[50.685,26.258],[50.673,26.129],[50.667,26.065],[50.649,25.872]]],[[[61.008,42.691],[61.168,42.691],[61.396,42.366],[61.556,42.366],[61.783,42.041],[61.942,42.041],[62.188,41.782],[62.151,41.652],[62.353,41.522],[62.317,41.392],[62.765,41.003],[62.773,40.744],[62.913,40.679],[62.869,40.226],[63.168,40.161],[63.213,40.032],[64.02,40.096],[64.389,40.291],[65.235,40.485],[65.272,40.614],[65.351,40.614],[65.37,40.679],[65.449,40.679],[65.43,40.614],[65.589,40.614],[65.804,40.809],[65.883,40.809],[65.564,39.967],[65.291,39.838],[65.203,39.514],[65.282,39.514],[65.065,38.997],[65.144,38.997],[65.077,38.739],[65.155,38.739],[64.751,35.773],[64.829,35.773],[64.854,35.194],[65.092,34.872],[64.574,34.615],[64.324,34.165],[63.873,33.843],[63.414,32.3],[64.383,32.172],[65.02,31.915],[65.694,31.85],[66.102,31.593],[66.483,31.593],[66.449,31.015],[66.525,31.015],[66.343,30.436],[66.418,30.436],[66.316,29.858],[66.066,29.729],[66.888,29.665],[66.995,29.408],[67.135,29.344],[66.931,28.572],[67.007,28.572],[66.965,28.315],[67.041,28.315],[67.046,27.865],[67.121,27.865],[67.062,27.479],[67.175,27.222],[67.197,26.322],[67.272,26.322],[67.245,26.129],[67.453,26.001],[67.494,25.744],[67.112,25.101],[66.64,24.908],[66.648,24.972],[66.62,25.358],[66.345,25.551],[66.021,25.358],[64.816,25.294],[64.801,25.165],[64.285,25.229],[64.225,25.358],[63.626,25.358],[63.536,25.229],[62.563,25.229],[62.474,25.101],[62.182,25.165],[62.018,25.036],[61.719,25.036],[61.658,25.165],[61.127,25.101],[60.917,25.229],[60.618,25.229],[60.632,25.358],[59.06,25.358],[58.782,25.551],[57.958,25.551],[57.74,25.615],[57.679,25.744],[57.38,25.744],[57.176,25.936],[57.052,26.837],[56.715,27.158],[56.188,27.158],[56.098,27.029],[56.324,27.029],[56.309,26.901],[56.061,26.708],[55.603,26.644],[55.439,26.515],[55.289,26.515],[55.31,26.708],[55.543,26.772],[55.242,26.772],[54.832,26.451],[54.463,26.515],[54.259,26.708],[53.658,26.708],[53.461,26.965],[52.737,27.222],[52.479,27.608],[52.049,27.801],[51.597,27.801],[51.317,27.994],[51.331,28.122],[51.066,28.444],[51.028,28.765],[50.809,28.83],[50.915,29.087],[50.62,29.151],[50.651,29.408],[50.236,29.729],[50.065,30.179],[49.586,29.987],[48.943,30.308],[48.987,30.051],[48.365,29.922],[48.404,29.601],[47.866,29.537],[47.852,29.408],[48.079,29.408],[48.215,29.279],[48.194,29.087],[48.46,28.765],[48.563,28.315],[48.974,27.93],[48.872,27.672],[49.242,27.608],[49.36,27.287],[50.135,26.772],[50.116,26.579],[50.254,26.451],[50.223,26.129],[50.067,26.065],[50.211,26.001],[50.325,25.615],[50.608,25.422],[50.654,25.101],[50.729,25.101],[50.769,25.551],[50.925,25.615],[50.955,25.936],[51.123,26.129],[51.423,26.129],[51.698,25.872],[51.575,25.358],[51.719,25.294],[51.69,24.972],[51.524,24.779],[51.411,24.329],[51.854,24.265],[51.907,24.008],[52.28,24.008],[52.6,24.265],[53.112,24.136],[54.083,24.136],[54.099,24.329],[54.318,24.265],[54.559,24.458],[54.744,24.844],[55.143,25.101],[55.412,25.551],[55.97,25.872],[56.168,26.322],[56.475,26.387],[56.543,26.322],[56.385,25.551],[56.46,25.551],[56.421,25.165],[56.496,25.165],[56.402,24.972],[56.545,24.908],[56.788,24.329],[57.493,23.879],[58.812,23.622],[59.08,23.301],[59.068,23.172],[59.28,23.043],[59.268,22.915],[58.896,22.915],[58.908,23.043],[58.61,23.043],[58.335,23.301],[57.962,23.301],[57.974,23.429],[57.83,23.493],[56.809,23.751],[56.821,23.879],[56.54,24.072],[56.489,24.329],[56.271,24.393],[56.29,24.586],[56.09,24.844],[55.859,24.779],[55.841,24.586],[55.623,24.651],[54.812,23.943],[54.273,23.751],[51.881,23.686],[51.822,23.879],[51.166,24.072],[51.102,24.201],[51.203,24.522],[51.133,24.586],[51.294,24.715],[51.327,25.101],[51.402,25.101],[51.27,25.294],[51.35,25.358],[51.323,25.872],[51.173,25.872],[51.23,25.679],[50.982,25.422],[50.965,25.229],[51.12,25.294],[50.92,24.715],[50.616,24.651],[50.344,24.972],[50.032,25.679],[49.674,25.872],[49.878,26.451],[49.252,26.965],[49.265,27.094],[49.059,27.287],[48.552,27.479],[48.529,27.994],[48.323,28.187],[48.247,28.187],[48.213,28.572],[47.535,29.279],[47.654,29.665],[46.698,29.922],[46.659,30.244],[46.446,30.372],[45.77,30.436],[45.084,31.079],[45.099,31.208],[44.81,31.336],[44.855,31.722],[44.734,31.979],[43.902,32.043],[43.917,32.172],[43.695,32.236],[43.489,32.429],[43.504,32.557],[43.351,32.557],[43.153,32.814],[42.709,32.943],[42.578,33.136],[42.21,33.264],[42.218,33.329],[42.065,33.329],[42.003,33.457],[41.489,33.65],[41.427,33.779],[41.273,33.779],[41.212,33.907],[40.912,33.972],[40.704,34.165],[40.311,34.1],[40.403,34.229],[40.18,34.293],[40.103,34.293],[40.618,34.744],[40.772,34.744],[41.112,35.001],[41.086,36.031],[41.671,36.353],[42.629,36.546],[42.656,36.739],[42.967,36.739],[43.149,36.933],[43.607,36.868],[43.713,37.062],[44.287,37.255],[44.745,37.19],[44.871,36.997],[45.095,36.933],[45.426,37.062],[45.446,37.19],[45.29,37.19],[45.252,37.448],[45.174,37.448],[45.224,37.771],[45.635,37.9],[45.854,38.287],[46.367,38.545],[47.252,38.674],[48.326,38.093],[48.795,38.093],[48.874,38.093],[48.829,37.835],[49.085,37.513],[49.854,37.448],[50.321,36.997],[50.566,37.062],[50.632,36.997],[50.532,36.868],[51.265,36.61],[52.186,36.546],[53.088,36.804],[54.033,36.868],[54.095,37.19],[53.91,37.448],[53.908,37.835],[53.83,37.835],[53.987,38.997],[53.518,39.385],[53.138,39.45],[53.545,39.514],[53.498,40.032],[52.723,40.096],[52.714,40.42],[52.793,40.42],[52.893,40.874],[52.972,40.874],[52.943,40.744],[53.34,40.744],[53.448,40.874],[53.404,40.679],[54.385,40.809],[56.827,40.744],[57.465,41.392],[58.257,43.472],[58.418,43.472],[58.633,43.668],[59.124,43.407],[60.368,43.538],[60.392,43.342],[60.823,42.886],[60.904,42.886],[61.008,42.691]]]]}},{"type":"Feature","id":"cliopatria-f6e3a834ae747e0d7bcbc017","properties":{"NAME":"Tuyuhun","ABBREVN":null,"CONTROL":null,"SUBJECTO":"Tuyuhun","PARTOF":null,"BORDERPRECISION":1,"FromYear":287,"ToYear":305,"Area":279361.82872002455,"Type":"POLITY","Wikipedia":"Tuyuhun","Wikidata":"Q1196201","SeshatID":"","Components":"","MemberOf":"","sourceFeatureId":"cliopatria-f6e3a834ae747e0d7bcbc017","datasetId":"cliopatria"},"geometry":{"type":"MultiPolygon","coordinates":[[[[95.97,38.868],[96.362,38.674],[96.702,38.739],[96.732,39.191],[96.654,39.191],[96.763,39.45],[97.208,39.385],[97.909,38.997],[98.223,38.997],[98.384,39.191],[98.907,39.126],[99.198,39.256],[99.81,38.481],[100.226,38.351],[100.414,38.61],[100.875,38.029],[101.239,37.964],[101.263,37.835],[101.549,37.771],[101.704,37.577],[102.096,37.771],[102.094,37.577],[102.249,37.384],[102.534,37.319],[102.689,37.126],[102.663,37.062],[102.87,36.804],[102.871,36.417],[103.001,36.353],[102.873,36.224],[102.875,36.031],[102.617,35.966],[102.621,35.773],[102.698,35.773],[102.469,35.58],[101.691,35.773],[100.012,35.838],[96.396,36.546],[96.21,36.675],[95.899,36.675],[95.504,36.868],[94.696,36.997],[92.595,37.642],[90.394,38.029],[90.285,38.158],[90.05,38.158],[89.941,38.287],[89.706,38.287],[89.597,38.416],[88.963,38.61],[88.8,38.803],[88.722,38.803],[90.494,39.126],[91.542,39.191],[92.248,39.385],[93.009,39.32],[93.219,39.45],[93.508,39.385],[93.876,39.514],[94.585,39.514],[95.056,39.32],[95.319,39.385],[95.395,39.191],[95.553,39.191],[95.63,38.997],[95.891,38.868],[95.97,38.868]]],[[[91.393,37.771],[91.315,37.771],[91.339,37.835],[91.417,37.835],[91.393,37.771]]]]}},{"type":"Feature","id":"cliopatria-f702bbefed7273c8f43d4699","properties":{"NAME":"Western Jin","ABBREVN":null,"CONTROL":null,"SUBJECTO":"Western Jin","PARTOF":null,"BORDERPRECISION":1,"FromYear":287,"ToYear":305,"Area":4370276.821615741,"Type":"POLITY","Wikipedia":"Jin dynasty (266-420)","Wikidata":"Q7352","SeshatID":"cn_western_jin_dyn","Components":"","MemberOf":"","sourceFeatureId":"cliopatria-f702bbefed7273c8f43d4699","datasetId":"cliopatria"},"geometry":{"type":"MultiPolygon","coordinates":[[[[110.179,18.479],[109.862,18.35],[109.841,18.222],[109.25,18.222],[109.123,18.35],[108.765,18.415],[108.638,18.543],[108.704,19.379],[109.203,19.701],[109.246,19.958],[110.157,20.086],[110.591,20.022],[110.613,20.151],[110.909,20.151],[111.087,19.893],[111.032,19.572],[110.884,19.572],[110.851,19.379],[110.681,19.251],[110.508,18.672],[110.19,18.543],[110.179,18.479]]],[[[90.223,41.911],[90.195,41.847],[90.434,41.847],[90.536,41.717],[90.775,41.717],[91.27,41.392],[92.349,41.133],[92.321,41.068],[93.296,40.938],[93.268,40.874],[93.715,40.809],[93.687,40.744],[95.23,41.003],[96.926,41.068],[96.897,41.003],[97.63,40.874],[98.037,40.55],[98.225,40.614],[98.245,40.485],[98.948,40.291],[99.047,40.161],[99.284,40.161],[99.384,40.032],[100.124,40.096],[100.094,40.032],[100.539,39.967],[100.559,39.838],[100.924,39.773],[100.895,39.708],[104.613,39.902],[104.601,39.708],[104.728,39.644],[104.608,39.385],[104.48,39.45],[103.939,39.126],[103.608,38.739],[104.215,38.868],[103.808,38.481],[103.751,38.351],[103.958,38.287],[103.69,38.029],[103.768,38.029],[103.713,37.9],[104.311,37.835],[104.412,37.706],[105.065,37.771],[105.88,38.029],[106.037,38.029],[106.058,37.9],[107.359,37.835],[108.49,38.093],[108.461,38.029],[108.696,38.029],[108.794,37.9],[109.527,37.964],[109.498,37.9],[110.484,37.835],[110.455,37.771],[110.768,37.771],[110.738,37.706],[111.08,37.771],[111.021,37.642],[111.538,37.577],[111.509,37.513],[111.851,37.577],[112.698,39.191],[113.84,40.485],[113.865,40.679],[114.843,40.874],[115.992,41.782],[117.299,42.106],[117.456,42.236],[117.776,42.236],[117.74,42.041],[117.861,41.976],[117.746,41.782],[117.871,41.587],[118.03,41.587],[117.992,41.522],[118.428,41.587],[118.39,41.522],[118.909,41.457],[118.871,41.392],[121.021,41.263],[123.087,41.911],[123.167,41.911],[123.127,41.847],[123.405,41.782],[123.365,41.717],[123.604,41.717],[123.564,41.652],[124.042,41.522],[124.002,41.457],[124.28,41.392],[124.24,41.327],[124.479,41.327],[124.439,41.263],[124.717,41.198],[124.678,41.133],[125.831,41.327],[125.79,41.263],[126.108,41.263],[126.187,41.133],[126.742,41.003],[126.623,40.679],[126.425,40.614],[126.269,40.355],[126.432,40.096],[126.709,40.032],[126.832,39.838],[126.728,39.385],[126.964,39.385],[126.854,39.191],[127.023,38.933],[126.937,38.351],[126.348,37.835],[126.27,37.835],[125.845,37.771],[125.835,37.9],[125.678,37.9],[125.387,37.642],[125.231,37.642],[125.298,37.771],[125.209,37.9],[124.897,37.9],[125.077,38.093],[124.764,38.093],[124.866,38.287],[124.788,38.287],[124.961,38.61],[125.153,38.674],[125.189,38.739],[125.032,38.739],[125.39,39.385],[125.306,39.514],[124.87,39.579],[124.865,39.708],[124.512,39.644],[124.345,39.902],[124.034,39.773],[123.597,39.838],[122.936,39.644],[122.17,39.256],[121.952,38.997],[121.716,38.997],[121.422,38.739],[121.029,38.739],[121.201,39.062],[121.515,39.062],[121.69,39.385],[121.297,39.385],[121.21,39.514],[121.281,39.644],[121.438,39.644],[121.503,39.902],[121.776,39.967],[122.231,40.485],[122.106,40.679],[121.827,40.744],[121.824,40.874],[121.11,40.874],[120.997,40.679],[120.647,40.485],[120.5,40.226],[119.38,39.773],[119.215,39.32],[118.989,39.191],[118.45,39.062],[118.057,39.062],[118.046,39.191],[117.776,39.126],[117.576,38.739],[117.655,38.739],[117.602,38.481],[117.759,38.481],[117.773,38.351],[118.054,38.287],[118.067,38.158],[118.583,38.093],[118.648,38.222],[118.804,38.222],[118.772,38.158],[119.457,37.964],[119.393,37.835],[119.237,37.835],[118.984,37.319],[119.14,37.319],[119.156,37.19],[119.701,37.19],[119.827,37.448],[120.202,37.577],[120.188,37.706],[120.754,37.9],[121.112,37.835],[121.171,37.642],[121.483,37.642],[121.497,37.513],[122.154,37.577],[122.121,37.513],[122.713,37.448],[122.474,37.126],[122.566,36.997],[122.394,36.804],[121.912,36.933],[121.212,36.61],[120.979,36.61],[120.965,36.417],[120.732,36.417],[120.659,36.095],[120.318,36.031],[119.986,35.645],[119.619,35.516],[119.228,34.808],[119.459,34.808],[119.431,34.744],[119.711,34.679],[119.732,34.551],[120.342,34.358],[120.489,34.165],[120.55,33.586],[120.926,33.2],[120.919,32.622],[121.403,32.493],[121.503,32.172],[121.961,31.979],[121.937,31.722],[121.836,31.658],[121.301,31.85],[120.919,31.85],[121.454,31.658],[121.481,31.529],[121.634,31.529],[121.584,31.4],[121.737,31.4],[121.995,31.079],[121.899,30.822],[121.519,30.822],[121.197,30.565],[121.045,30.565],[120.68,30.179],[120.809,30.115],[121.105,30.308],[121.484,30.308],[121.62,30.051],[122.03,29.922],[121.865,29.665],[122.016,29.665],[121.938,29.215],[121.712,29.215],[121.745,29.537],[121.571,29.472],[121.647,29.472],[121.539,29.151],[121.744,29.087],[121.714,28.765],[121.522,28.637],[121.652,28.572],[121.646,28.315],[121.153,28.187],[121.193,28.315],[121.118,28.315],[121.038,28.058],[120.868,27.994],[120.715,27.737],[120.657,27.544],[120.733,27.544],[120.545,27.158],[120.395,27.158],[120.247,26.901],[120.096,26.901],[120.061,26.772],[120.211,26.772],[120.158,26.579],[119.84,26.515],[119.938,26.322],[119.587,26.129],[119.778,26.001],[119.53,25.615],[119.904,25.615],[119.872,25.486],[119.466,25.358],[119.423,25.486],[119.273,25.486],[119.391,25.358],[119.344,25.165],[119.029,25.101],[119.074,24.972],[118.819,24.844],[118.76,24.586],[118.147,24.522],[118.076,24.201],[117.721,23.943],[117.694,23.815],[117.47,23.815],[117.179,23.493],[116.894,23.558],[116.78,23.365],[116.815,23.172],[116.591,23.172],[116.54,22.915],[115.696,22.786],[115.671,22.658],[115.373,22.658],[115.174,22.786],[114.902,22.529],[114.753,22.529],[114.641,22.722],[114.531,22.143],[114.37,22.079],[113.999,22.079],[113.996,22.465],[113.785,22.529],[113.747,22.722],[113.599,22.722],[113.699,22.465],[113.639,22.143],[113.416,22.143],[113.318,22.015],[113.106,22.079],[113.071,21.886],[112.774,21.886],[112.441,21.693],[111.859,21.758],[111.664,21.501],[110.984,21.436],[110.739,21.308],[110.716,21.179],[110.419,21.179],[110.483,21.115],[110.364,20.858],[110.616,20.601],[110.487,20.279],[109.883,20.215],[109.927,20.472],[109.789,20.536],[109.77,20.858],[109.696,20.858],[109.87,21.436],[109.807,21.501],[109.116,21.372],[109.086,21.629],[108.652,21.693],[108.555,21.565],[107.79,21.436],[107.417,20.986],[106.961,20.922],[106.834,20.601],[106.685,20.601],[106.537,20.151],[105.965,19.829],[105.734,18.865],[106.051,18.543],[106.031,18.415],[106.178,18.415],[106.295,18.222],[106.57,18.093],[106.571,17.643],[106.772,17.515],[106.752,17.386],[106.963,17.322],[106.953,17.258],[106.534,16.936],[106.544,17],[106.396,17],[106.416,17.129],[105.144,18.415],[105.185,18.672],[105.037,18.672],[105.142,18.865],[105.015,18.993],[105.014,19.443],[104.94,19.443],[104.992,19.765],[104.865,19.893],[104.981,20.151],[104.44,20.472],[104.619,20.665],[104.905,20.601],[104.873,20.858],[105.096,20.858],[104.851,21.179],[104.979,21.501],[104.926,21.629],[105.096,21.758],[105.128,21.951],[104.874,22.208],[105.238,22.593],[105.208,22.851],[105.506,22.851],[105.69,23.043],[105.363,23.301],[104.956,23.108],[104.905,23.236],[102.99,23.365],[102.801,23.558],[102.651,23.558],[102.474,23.815],[102.325,23.815],[102.086,24.136],[101.811,24.265],[101.462,25.165],[101.398,25.936],[101.196,26.387],[101.09,27.544],[101.014,27.544],[101.05,27.994],[100.915,28.058],[101.039,28.251],[100.964,28.251],[101.03,28.508],[100.955,28.508],[101.022,28.765],[100.881,29.087],[100.951,29.344],[100.875,29.344],[100.964,29.665],[100.889,29.665],[100.961,29.922],[100.885,29.922],[100.978,30.244],[100.902,30.244],[101.015,30.629],[100.939,30.629],[101.055,31.015],[100.979,31.015],[101.687,32.75],[102.552,33.264],[103.034,33.329],[103.332,33.522],[103.493,33.972],[103.355,34.229],[103.527,34.486],[103.45,34.486],[103.735,35.451],[103.63,35.58],[103.649,36.224],[103.467,36.353],[103.44,36.675],[103.311,36.739],[103.363,36.868],[103.078,37.126],[102.715,37.19],[102.689,37.126],[102.534,37.319],[102.249,37.384],[102.094,37.577],[102.096,37.771],[101.704,37.577],[101.549,37.771],[101.263,37.835],[101.239,37.964],[100.875,38.029],[100.414,38.61],[100.226,38.351],[99.81,38.481],[99.198,39.256],[98.907,39.126],[98.384,39.191],[98.223,38.997],[97.909,38.997],[97.208,39.385],[96.763,39.45],[96.654,39.191],[96.732,39.191],[96.702,38.739],[96.362,38.674],[95.97,38.868],[95.891,38.868],[95.63,38.997],[95.553,39.191],[95.395,39.191],[95.319,39.385],[95.056,39.32],[94.585,39.514],[93.876,39.514],[93.508,39.385],[93.219,39.45],[93.009,39.32],[92.248,39.385],[91.542,39.191],[90.494,39.126],[88.722,38.803],[88.643,38.803],[87.662,38.481],[86.776,38.416],[86.081,38.222],[85.813,37.9],[85.356,37.706],[85.113,37.448],[81.031,36.61],[80.371,36.997],[79.398,37.126],[79.145,37.319],[78.424,37.513],[78.386,37.642],[78.093,37.706],[77.801,38.029],[77.841,38.158],[77.667,38.351],[77.51,38.351],[77.414,38.545],[77.258,38.545],[77.025,38.803],[75.792,39.126],[73.769,39.45],[73.69,39.45],[73.395,39.514],[73.573,39.579],[73.8,40.291],[73.526,40.42],[73.489,40.55],[73.331,40.55],[73.294,40.679],[73.135,40.679],[73.099,40.809],[73.12,40.874],[73.343,41.068],[74.751,41.003],[77.35,41.392],[77.374,41.457],[77.875,41.522],[80.028,42.366],[80.108,42.366],[80.239,42.496],[80.508,42.366],[82.056,42.236],[84.108,42.756],[85.792,42.756],[85.764,42.691],[87.042,42.496],[87.122,42.496],[90.223,41.911]]],[[[122.273,30.179],[122.28,29.987],[121.977,29.987],[122.022,30.115],[122.045,30.179],[122.273,30.179]]]]}},{"type":"Feature","id":"cliopatria-9709df1ed17e781b14e0c28f","properties":{"NAME":"Kingdom of Adiabene","ABBREVN":null,"CONTROL":null,"SUBJECTO":"Kingdom of Adiabene","PARTOF":null,"BORDERPRECISION":1,"FromYear":287,"ToYear":366,"Area":13287.713471675923,"Type":"POLITY","Wikipedia":"Adiabene","Wikidata":"Q149747","SeshatID":"","Components":"","MemberOf":"","sourceFeatureId":"cliopatria-9709df1ed17e781b14e0c28f","datasetId":"cliopatria"},"geometry":{"type":"MultiPolygon","coordinates":[[[[41.212,36.997],[41.247,37.255],[41.169,37.255],[41.264,37.384],[42.765,37.513],[42.71,37.126],[42.632,37.126],[42.656,36.739],[42.629,36.546],[41.671,36.353],[41.212,36.997]]]]}},{"type":"Feature","id":"cliopatria-92a070dab189268b4923db6f","properties":{"NAME":"Caucasian Albania","ABBREVN":null,"CONTROL":null,"SUBJECTO":"Caucasian Albania","PARTOF":null,"BORDERPRECISION":1,"FromYear":287,"ToYear":386,"Area":50113.16358892667,"Type":"POLITY","Wikipedia":"Caucasian Albania","Wikidata":"Q177076","SeshatID":"","Components":"","MemberOf":"","sourceFeatureId":"cliopatria-92a070dab189268b4923db6f","datasetId":"cliopatria"},"geometry":{"type":"MultiPolygon","coordinates":[[[[47.509,41.327],[47.496,41.263],[47.986,41.327],[47.96,41.198],[48.344,41.133],[48.385,40.938],[48.2,40.809],[48.111,40.355],[48.19,40.355],[48.158,39.773],[48.146,39.708],[47.121,39.708],[47.066,39.838],[46.774,39.967],[46.458,39.967],[46.481,40.096],[46.256,40.161],[46.201,40.291],[45.884,40.291],[45.457,40.55],[45.595,40.874],[45.302,41.003],[45.112,41.263],[44.237,41.263],[44.352,41.457],[44.774,41.587],[45.075,41.911],[45.314,41.911],[45.536,42.236],[45.696,42.236],[45.683,42.171],[46.23,42.106],[46.431,41.911],[46.816,41.847],[47.35,41.327],[47.509,41.327]]]]}},{"type":"Feature","id":"cliopatria-27da9f38b44caa1e4dd5254f","properties":{"NAME":"Caucasian Iberia","ABBREVN":null,"CONTROL":null,"SUBJECTO":"Caucasian Iberia","PARTOF":null,"BORDERPRECISION":1,"FromYear":287,"ToYear":396,"Area":35797.124484793574,"Type":"POLITY","Wikipedia":"Kingdom of Iberia","Wikidata":"Q19083","SeshatID":"","Components":"","MemberOf":"","sourceFeatureId":"cliopatria-27da9f38b44caa1e4dd5254f","datasetId":"cliopatria"},"geometry":{"type":"MultiPolygon","coordinates":[[[[44.825,42.691],[44.837,42.756],[45.158,42.756],[45.44,42.561],[45.68,42.561],[45.709,42.301],[45.696,42.236],[45.536,42.236],[45.314,41.911],[45.075,41.911],[44.774,41.587],[44.352,41.457],[44.237,41.263],[43.976,41.133],[43.34,41.133],[42.863,41.587],[42.624,41.587],[42.935,42.431],[42.718,42.561],[42.754,42.756],[42.605,42.821],[42.572,43.082],[42.492,43.082],[42.504,43.147],[42.918,43.212],[43.203,43.017],[43.74,42.886],[43.783,42.691],[44.69,42.821],[44.825,42.691]]]]}},{"type":"Feature","id":"cliopatria-91a55fd3e2fa816562eae833","properties":{"NAME":"Early Cheras","ABBREVN":null,"CONTROL":null,"SUBJECTO":"Early Cheras","PARTOF":null,"BORDERPRECISION":1,"FromYear":299,"ToYear":305,"Area":25180.57698982755,"Type":"POLITY","Wikipedia":"Chera dynasty","Wikidata":"Q877155","SeshatID":"in_cheras_1","Components":"","MemberOf":"","sourceFeatureId":"cliopatria-91a55fd3e2fa816562eae833","datasetId":"cliopatria"},"geometry":{"type":"MultiPolygon","coordinates":[[[[75.986,10.6],[75.985,10.626],[76.707,10.907],[76.892,10.757],[76.85,10.45],[77.414,10.207],[77.233,9.76],[77.345,9.581],[77.249,8.387],[77.147,8.257],[76.553,8.925],[75.986,10.6]]]]}},{"type":"Feature","id":"cliopatria-9c81d7ba7a15ffd7b81a21c9","properties":{"NAME":"Early Cholas","ABBREVN":null,"CONTROL":null,"SUBJECTO":"Early Cholas","PARTOF":null,"BORDERPRECISION":1,"FromYear":299,"ToYear":305,"Area":28856.214614374065,"Type":"POLITY","Wikipedia":"Early Cholas","Wikidata":"Q3532146","SeshatID":"in_cholas_1","Components":"","MemberOf":"","sourceFeatureId":"cliopatria-9c81d7ba7a15ffd7b81a21c9","datasetId":"cliopatria"},"geometry":{"type":"MultiPolygon","coordinates":[[[[79.835,11.357],[79.868,11.197],[79.854,10.271],[79.394,10.323],[78.925,10.16],[77.399,10.215],[76.847,10.481],[76.904,10.769],[76.681,10.944],[77.02,11.169],[77.591,11.138],[77.876,10.939],[78.964,10.839],[79.835,11.357]]]]}},{"type":"Feature","id":"cliopatria-3226e40cc3c31dfa39fdc192","properties":{"NAME":"Early Pandyas","ABBREVN":null,"CONTROL":null,"SUBJECTO":"Early Pandyas","PARTOF":null,"BORDERPRECISION":1,"FromYear":299,"ToYear":305,"Area":32556.36563924926,"Type":"POLITY","Wikipedia":"Early Pandyas","Wikidata":"Q3532152","SeshatID":"in_pandya_emp_1","Components":"","MemberOf":"","sourceFeatureId":"cliopatria-3226e40cc3c31dfa39fdc192","datasetId":"cliopatria"},"geometry":{"type":"MultiPolygon","coordinates":[[[[79.295,10.265],[79.266,9.994],[78.937,9.673],[78.914,9.45],[79.148,9.257],[78.541,9.104],[78.246,8.914],[78.176,8.514],[77.842,8.174],[77.526,8.081],[77.262,8.154],[77.158,8.292],[77.267,8.394],[77.364,9.58],[77.24,9.774],[77.441,10.188],[78.916,10.127],[79.295,10.265]]]]}},{"type":"Feature","id":"cliopatria-24b46885a3cd4f9fe78f8ad1","properties":{"NAME":"Hadhramaut","ABBREVN":null,"CONTROL":null,"SUBJECTO":"Hadhramaut","PARTOF":null,"BORDERPRECISION":1,"FromYear":299,"ToYear":305,"Area":98062.03968396905,"Type":"POLITY","Wikipedia":"Hadhramaut","Wikidata":"Q1517159","SeshatID":"","Components":"","MemberOf":"","sourceFeatureId":"cliopatria-24b46885a3cd4f9fe78f8ad1","datasetId":"cliopatria"},"geometry":{"type":"MultiPolygon","coordinates":[[[[50.845,15.329],[50.752,15.008],[49.63,14.686],[48.535,14.815],[48.322,14.943],[47.521,15.072],[47.528,15.2],[46.8,15.329],[46.58,15.329],[46.492,15.072],[46.341,15.008],[45.599,14.879],[45.596,14.815],[45.008,14.815],[44.928,14.686],[44.56,14.686],[44.346,14.815],[44.29,15.136],[45.025,15.136],[45.179,15.265],[45.848,15.393],[45.855,15.522],[46.149,15.522],[46.381,15.715],[46.47,15.972],[46.473,16.036],[46.555,16.165],[46.698,16.1],[48.117,16.422],[49.594,16.486],[50.118,16.615],[50.483,16.55],[51.081,16.679],[51.887,16.615],[51.952,16.486],[51.86,16.229],[51.242,15.779],[51.078,15.522],[51.074,15.458],[50.845,15.329]]],[[[46.702,16.165],[46.628,16.165],[46.632,16.229],[46.706,16.229],[46.702,16.165]]]]}},{"type":"Feature","id":"cliopatria-e02f6ee6593cc462f4b4089c","properties":{"NAME":"Roman Empire","ABBREVN":null,"CONTROL":null,"SUBJECTO":"Roman Empire","PARTOF":null,"BORDERPRECISION":1,"FromYear":299,"ToYear":305,"Area":4183113.79168206,"Type":"POLITY","Wikipedia":"Roman Empire","Wikidata":"Q12544","SeshatID":"tr_roman_dominate","Components":"","MemberOf":"","sourceFeatureId":"cliopatria-e02f6ee6593cc462f4b4089c","datasetId":"cliopatria"},"geometry":{"type":"MultiPolygon","coordinates":[[[[11.083,35.001],[10.851,34.937],[10.851,34.808],[10.543,34.551],[10.004,34.293],[10.082,34.229],[10.006,33.907],[10.237,33.715],[10.544,33.715],[10.698,33.522],[11.082,33.586],[11.158,33.2],[11.464,33.2],[12.229,32.814],[12.612,32.879],[12.535,32.75],[12.841,32.75],[12.842,32.879],[13.072,32.943],[13.302,32.943],[13.454,32.814],[13.761,32.879],[13.759,32.75],[14.065,32.75],[14.444,32.493],[14.675,32.557],[14.749,32.429],[15.207,32.365],[15.425,31.658],[15.576,31.593],[15.649,31.4],[16.179,31.208],[17.469,31.079],[17.997,30.886],[18.592,30.372],[18.896,30.372],[18.853,30.18],[18.894,30.308],[19.272,30.244],[19.655,30.372],[19.964,30.565],[19.968,30.694],[20.202,30.886],[20.134,31.143],[20.214,31.272],[19.996,31.593],[20.089,32.107],[20.017,32.236],[20.246,32.236],[20.331,32.493],[20.482,32.429],[20.563,32.557],[20.716,32.557],[20.644,32.686],[20.871,32.622],[21.108,32.814],[21.412,32.75],[21.879,32.943],[23.089,32.622],[23.078,32.365],[23.299,32.172],[23.68,32.172],[24.129,31.979],[24.892,31.979],[25.112,31.786],[25.102,31.593],[25.248,31.465],[26.848,31.465],[27.297,31.336],[27.515,31.143],[28.496,31.015],[28.865,30.822],[29.397,30.822],[29.485,31.015],[29.633,30.951],[29.87,31.079],[29.802,31.208],[29.882,31.272],[30.339,31.272],[30.271,31.4],[30.352,31.465],[30.809,31.465],[30.966,31.529],[30.975,31.658],[31.203,31.658],[31.118,31.529],[31.266,31.465],[31.875,31.465],[31.781,31.208],[31.937,31.272],[32,31.079],[32.304,31.079],[32.237,31.208],[32.389,31.208],[32.532,31.079],[32.765,31.143],[32.832,31.015],[33.983,31.143],[34.297,31.272],[34.308,31.4],[34.547,31.529],[34.639,31.722],[34.573,31.85],[34.813,31.979],[34.77,32.365],[35.022,32.622],[35.056,33.007],[35.215,33.072],[35.398,33.393],[35.346,33.65],[35.499,33.65],[35.447,33.907],[35.684,33.972],[35.644,34.358],[35.792,34.293],[36.049,34.551],[36.068,34.744],[35.927,34.872],[35.96,35.194],[35.882,35.194],[35.993,35.516],[35.845,35.58],[35.99,36.224],[35.842,36.288],[36.265,36.61],[36.286,36.804],[36.145,36.933],[35.834,36.933],[35.488,36.61],[35.332,36.61],[35.113,36.739],[34.95,36.675],[34.893,36.868],[34.582,36.868],[34.251,36.675],[33.979,36.288],[32.558,36.031],[32.499,36.224],[32.068,36.61],[31.392,36.868],[30.619,36.933],[30.492,36.353],[30.026,36.353],[29.938,36.224],[29.24,36.224],[29.125,36.739],[28.357,36.868],[28.187,36.675],[28.031,36.675],[28.138,37.062],[28.065,37.126],[27.598,37.126],[27.539,37.384],[27.223,37.319],[27.31,37.448],[27.163,37.577],[27.256,37.771],[27.178,37.771],[27.275,38.029],[26.889,38.093],[26.82,38.222],[26.429,38.222],[26.384,38.674],[26.536,38.61],[26.595,38.351],[27.065,38.351],[27.08,38.545],[26.849,38.61],[26.958,38.997],[26.879,38.997],[26.894,39.191],[26.742,39.256],[26.847,39.579],[26.132,39.514],[26.252,40.032],[26.257,40.096],[26.262,40.161],[26.267,40.226],[26.272,40.291],[26.351,40.291],[26.357,40.355],[26.605,40.485],[26.678,40.42],[26.673,40.355],[26.752,40.355],[27.47,40.42],[27.538,40.291],[27.696,40.291],[27.792,40.485],[27.95,40.485],[27.939,40.355],[29.046,40.355],[28.9,40.485],[28.913,40.614],[29.48,40.744],[29.493,40.874],[29.249,40.809],[29.103,40.938],[29.043,41.133],[29.208,41.198],[30.479,41.198],[30.624,41.068],[31.18,41.068],[31.534,41.392],[32.027,41.522],[32.042,41.652],[32.193,41.587],[32.695,41.782],[32.631,41.911],[32.862,41.847],[33.277,41.976],[34.785,41.911],[34.882,42.041],[35.121,42.041],[35.157,41.717],[35.954,41.717],[36.209,41.263],[36.775,41.327],[37.065,41.133],[37.233,41.198],[37.215,41.068],[37.444,41.003],[37.771,41.068],[37.831,40.938],[38.158,41.003],[38.298,40.874],[38.536,40.874],[38.952,41.003],[39.051,41.133],[39.736,40.938],[40.37,40.938],[40.391,41.068],[40.539,41.003],[41.047,41.198],[41.159,41.392],[41.307,41.327],[41.408,41.457],[41.567,41.457],[41.815,41.976],[41.735,41.976],[41.758,42.106],[41.598,42.106],[41.701,42.236],[41.483,42.366],[41.609,42.626],[41.334,42.886],[41.173,42.886],[41.116,43.017],[40.817,43.147],[40.416,43.147],[40.219,43.407],[39.978,43.407],[40.081,43.538],[40.161,43.538],[40.599,43.277],[41.001,43.277],[41.208,43.082],[41.666,42.951],[41.803,42.821],[41.78,42.691],[41.998,42.561],[42.01,41.717],[41.705,41.327],[41.625,41.327],[41.614,41.263],[41.535,41.263],[41.45,40.744],[40.953,40.614],[40.398,40.096],[38.79,39.902],[38.93,39.773],[38.745,39.579],[38.954,39.385],[39.209,39.514],[39.751,39.45],[39.848,39.579],[40.478,39.579],[40.51,39.256],[40.658,39.191],[40.469,38.416],[40.547,38.416],[40.572,38.029],[41.667,38.029],[41.97,37.964],[42.03,37.835],[42.508,37.9],[43.261,37.706],[43.886,37.706],[43.945,37.577],[44.637,37.513],[44.774,37.384],[44.745,37.19],[44.287,37.255],[43.713,37.062],[43.607,36.868],[43.149,36.933],[42.967,36.739],[42.656,36.739],[42.632,37.126],[42.71,37.126],[42.765,37.513],[41.264,37.384],[41.169,37.255],[41.247,37.255],[41.212,36.997],[41.671,36.353],[41.086,36.031],[41.112,35.001],[40.772,34.744],[40.618,34.744],[40.103,34.293],[40.026,34.293],[39.509,34.486],[39.124,34.486],[37.99,33.972],[37.739,33.779],[37.726,33.65],[37.573,33.65],[37.073,33.264],[37.054,33.072],[36.901,33.072],[36.717,32.75],[36.751,32.3],[36.516,32.236],[36.662,32.172],[36.387,31.658],[36.423,31.208],[36.271,31.208],[36.401,30.951],[36.156,30.758],[35.846,29.729],[35.77,29.729],[35.806,29.215],[35.655,29.215],[35.641,29.022],[35.48,28.894],[35.196,28.058],[34.593,28.058],[34.605,28.251],[34.854,28.572],[34.913,29.408],[34.752,29.279],[34.517,28.058],[34.358,27.93],[34.346,27.737],[34.12,27.737],[33.617,28.122],[33.554,28.315],[33.403,28.315],[33.189,28.508],[33.147,29.022],[32.857,29.215],[32.589,29.729],[32.602,29.922],[32.442,29.794],[32.689,28.958],[32.836,28.894],[33.105,28.38],[33.609,27.994],[33.585,27.608],[33.799,27.415],[33.927,27.029],[34.073,26.965],[34.051,26.579],[34.197,26.515],[34.461,25.872],[34.608,25.808],[35.146,24.651],[35.86,24.008],[35.854,23.879],[35.559,23.943],[35.553,23.815],[35.108,23.879],[33.756,23.686],[33.682,23.686],[33.389,23.815],[32.041,23.686],[31.67,23.751],[30.537,23.365],[30.463,23.365],[30.395,23.558],[30.104,23.751],[30.109,23.879],[29.959,23.879],[29.673,24.201],[28.569,24.651],[28.289,25.165],[28.244,25.936],[28.345,26.579],[28.27,26.579],[28.154,27.351],[27.937,27.544],[27.711,27.544],[27.792,27.672],[27.43,27.994],[27.276,27.93],[27.285,28.122],[27.14,28.251],[25.586,28.958],[25.373,29.279],[25.147,29.279],[25.001,29.408],[24.847,29.344],[24.779,29.537],[24.33,29.665],[23.962,29.922],[23.51,29.987],[22.916,30.308],[22.762,30.244],[22.767,30.372],[21.939,30.565],[20.952,30.565],[19.651,30.244],[19.496,30.115],[18.825,30.052],[18.81,29.987],[18.281,30.051],[16.701,30.694],[15.49,30.951],[15.184,30.886],[15.187,31.079],[14.584,31.529],[14.586,31.658],[13.829,32.107],[13.295,32.236],[13.066,32.172],[13.067,32.3],[12.456,32.365],[11.768,32.3],[11.768,32.429],[11.539,32.429],[11.463,32.557],[11.31,32.493],[11.157,32.686],[10.392,33.007],[10.009,33.007],[10.085,33.136],[9.625,33.136],[9.547,33.329],[9.624,33.457],[9.316,33.586],[9.083,34.036],[8.929,34.036],[9.003,34.358],[8.926,34.358],[8.846,34.744],[8.459,34.872],[8.229,34.808],[7.994,35.065],[7.989,35.516],[7.911,35.516],[7.906,35.966],[7.828,35.966],[7.902,36.224],[7.586,36.61],[6.965,36.61],[6.889,36.482],[6.422,36.546],[6.347,36.417],[5.879,36.482],[5.649,36.353],[2.775,36.417],[2.316,36.224],[2.003,36.288],[2.008,36.16],[1.155,36.16],[1.005,36.031],[0.772,36.031],[0.479,35.645],[-0.292,35.58],[-1.04,35.065],[-1.198,35.13],[-1.346,35.001],[-1.806,34.937],[-1.876,34.808],[-2.809,34.937],[-5.279,34.937],[-5.81,34.808],[-6.106,34.615],[-6.242,34.358],[-6.157,34.229],[-6.31,34.229],[-6.601,33.972],[-6.592,33.843],[-6.814,33.715],[-6.728,33.586],[-7.184,33.522],[-7.474,33.264],[-7.875,33.522],[-7.13,33.843],[-7.062,33.972],[-6.904,33.907],[-6.614,34.165],[-6.7,34.293],[-6.473,34.358],[-6.482,34.486],[-6.332,34.551],[-6.277,34.872],[-6.2,34.872],[-6.291,35.065],[-6.132,35.001],[-6.145,35.194],[-6,35.323],[-5.877,35.773],[-5.339,35.838],[-5.24,35.516],[-4.755,35.194],[-3.132,35.194],[-2.982,35.258],[-2.993,35.451],[-2.838,35.451],[-2.82,35.13],[-2.662,35.065],[-1.89,35.065],[-1.591,35.258],[-1.359,35.258],[-1.136,35.451],[-1.224,35.645],[-1.066,35.58],[-0.917,35.709],[-0.53,35.709],[-0.459,35.838],[0.084,35.838],[0.376,36.224],[0.684,36.288],[0.678,36.417],[0.914,36.353],[1.216,36.546],[1.53,36.482],[2.377,36.675],[2.69,36.61],[2.841,36.739],[3.23,36.739],[3.459,36.868],[3.85,36.804],[4.469,36.933],[4.859,36.868],[5.098,36.675],[5.564,36.675],[5.639,36.804],[6.106,36.804],[6.103,36.933],[6.334,37.062],[6.805,36.868],[7.194,36.868],[7.346,37.062],[7.502,37.062],[7.738,36.868],[8.516,36.868],[8.903,37.126],[9.059,37.062],[9.603,37.319],[9.993,37.19],[10.227,37.255],[10.228,37.062],[10.305,37.062],[10.228,36.804],[10.54,36.739],[10.851,36.997],[11.006,36.997],[11.006,36.804],[10.462,36.417],[10.54,36.353],[10.464,35.902],[10.696,35.709],[10.851,35.773],[10.851,35.645],[10.928,35.645],[11.083,35.58],[11.083,35.387],[11.006,35.387],[11.083,35.001]]],[[[1.183,39.062],[1.259,39.126],[1.337,39.126],[1.652,39.126],[1.658,38.997],[1.431,38.803],[1.274,38.803],[1.183,39.062]]],[[[2.824,39.32],[2.659,39.514],[2.346,39.45],[2.338,39.644],[2.877,39.967],[2.956,39.967],[3.193,39.967],[3.198,39.838],[3.516,39.773],[3.296,39.32],[2.824,39.32]]],[[[-1.688,43.342],[-1.692,43.407],[-1.46,43.538],[-1.402,43.863],[-1.321,43.863],[-1.349,44.255],[-1.268,44.255],[-1.286,44.516],[-1.205,44.516],[-1.252,45.17],[-1.171,45.17],[-1.189,45.431],[-1.031,45.497],[-1.045,45.693],[-1.213,45.759],[-1.141,45.89],[-1.223,45.89],[-1.252,46.283],[-1.666,46.349],[-2.014,46.612],[-2.025,46.743],[-2.194,46.809],[-2.139,47.137],[-2.232,47.269],[-2.562,47.269],[-2.578,47.466],[-2.826,47.466],[-2.837,47.598],[-3.156,47.466],[-3.344,47.73],[-3.757,47.73],[-3.935,47.862],[-4.424,47.796],[-4.692,47.994],[-4.705,48.126],[-4.546,48.192],[-4.643,48.324],[-4.891,48.324],[-4.912,48.522],[-4.6,48.72],[-3.852,48.72],[-3.455,48.919],[-3.122,48.919],[-2.759,48.588],[-2.522,48.72],[-1.602,48.654],[-1.718,49.051],[-1.635,49.051],[-1.652,49.25],[-1.913,49.383],[-2.032,49.781],[-1.362,49.781],[-1.251,49.449],[0.007,49.383],[-0.012,49.648],[0.224,49.847],[1.053,49.98],[1.455,50.246],[1.425,50.712],[1.656,51.046],[2.578,51.179],[2.739,51.313],[3.41,51.447],[3.399,51.647],[3.739,51.647],[3.647,51.781],[3.98,51.915],[4.056,52.116],[4.232,51.982],[4.57,52.049],[4.655,52.049],[5.934,51.982],[6.369,51.647],[6.539,51.647],[6.885,51.38],[7.413,50.512],[7.667,50.446],[7.669,50.313],[7.753,50.313],[7.677,49.914],[8.181,49.847],[8.182,49.781],[8.352,49.648],[8.355,49.449],[8.272,49.449],[8.276,49.184],[8.112,49.051],[8.115,48.853],[7.706,48.522],[7.558,47.664],[7.559,47.598],[7.642,47.598],[8.467,47.598],[8.548,47.73],[8.877,47.796],[8.957,48.06],[9.121,48.192],[11.193,48.787],[11.861,49.184],[12.111,49.184],[12.609,48.985],[12.773,48.787],[13.518,48.588],[13.601,48.588],[13.684,48.588],[13.764,48.456],[14.258,48.258],[14.672,48.258],[14.924,48.39],[15.499,48.192],[16.078,48.192],[16.081,48.258],[16.163,48.258],[16.246,48.258],[16.329,48.258],[16.332,48.324],[16.415,48.324],[16.497,48.324],[16.58,48.324],[16.826,48.258],[16.904,48.126],[17.072,48.192],[17.067,48.06],[17.635,47.796],[18.626,47.796],[18.715,47.928],[18.957,47.796],[18.95,47.664],[19.269,47.466],[19.173,47.203],[18.923,47.137],[18.998,47.006],[18.834,47.006],[18.824,46.809],[18.906,46.809],[18.896,46.612],[19.05,46.415],[18.952,46.087],[18.87,46.087],[18.949,46.021],[18.854,45.759],[19.011,45.628],[18.923,45.497],[19.004,45.497],[18.998,45.366],[19.238,45.3],[19.974,45.366],[20.056,45.366],[20.528,45.104],[20.517,44.908],[20.749,44.712],[21.405,44.843],[21.879,44.647],[21.951,44.516],[22.689,44.647],[22.518,44.516],[22.504,44.32],[22.895,44.124],[22.952,43.798],[23.602,43.863],[24.151,43.668],[24.881,43.733],[25.434,43.603],[25.849,43.733],[26.281,44.059],[27.493,44.059],[27.829,44.19],[27.943,44.516],[27.788,44.581],[27.801,44.712],[27.97,44.777],[27.997,45.039],[27.848,45.17],[27.868,45.366],[28.282,45.431],[28.349,45.3],[28.668,45.235],[29.096,45.431],[29.584,45.431],[29.577,45.366],[29.658,45.366],[29.525,44.908],[29.024,44.777],[29.046,44.973],[28.802,44.973],[28.841,44.581],[28.577,44.385],[28.536,43.994],[28.616,43.994],[28.481,43.472],[28.159,43.472],[28.226,43.342],[27.898,43.277],[27.805,43.147],[27.847,42.756],[27.514,42.626],[27.495,42.431],[27.796,42.236],[27.784,42.106],[28.004,41.911],[27.979,41.652],[28.218,41.652],[28.279,41.457],[28.505,41.327],[28.976,41.263],[29.036,41.068],[27.527,41.068],[27.017,40.679],[26.921,40.485],[26.768,40.55],[26.932,40.614],[26.853,40.614],[26.774,40.614],[26.779,40.679],[26.7,40.679],[26.621,40.679],[26.547,40.744],[26.14,40.614],[26.082,40.874],[25.849,40.938],[24.347,41.003],[24.011,40.744],[23.698,40.809],[23.685,40.614],[23.839,40.55],[23.737,40.226],[22.959,40.42],[22.892,40.614],[22.572,40.55],[22.544,40.096],[22.702,40.096],[22.611,39.902],[23.135,39.45],[22.816,39.385],[22.797,39.062],[22.958,39.126],[23.493,38.868],[23.332,38.803],[23.025,38.933],[22.936,38.739],[23.167,38.674],[23.313,38.481],[23.626,38.481],[23.563,38.739],[24.03,38.674],[24.179,38.545],[24.159,38.222],[24.002,38.222],[23.979,37.835],[23.443,38.029],[23.208,38.029],[23.201,37.9],[23.044,37.9],[23.108,37.642],[23.342,37.642],[23.402,37.319],[23.169,37.319],[23.176,37.448],[22.949,37.577],[22.714,37.577],[22.701,37.319],[22.853,37.255],[23.056,36.675],[22.833,36.868],[22.599,36.868],[22.512,36.675],[22.356,36.675],[22.22,37.062],[21.909,37.062],[21.899,36.868],[21.744,36.868],[21.681,37.19],[21.603,37.19],[21.697,37.513],[21.244,37.835],[21.416,38.158],[21.729,38.158],[21.738,38.351],[21.193,38.416],[20.974,38.739],[20.741,38.803],[20.911,39.062],[20.297,39.385],[20.155,39.708],[19.918,39.708],[19.912,39.579],[19.758,39.644],[19.764,39.773],[20,39.773],[20.009,39.967],[19.63,40.291],[19.471,40.291],[19.486,40.614],[19.249,40.614],[19.255,40.744],[19.498,40.874],[19.438,41.263],[19.523,41.392],[19.444,41.392],[19.53,41.522],[19.45,41.522],[19.542,41.782],[18.852,42.366],[18.143,42.626],[17.992,42.821],[17.593,42.886],[17.508,42.756],[17.516,42.951],[17.355,42.951],[17.365,43.212],[17.122,43.147],[17.051,43.407],[16.727,43.342],[16.734,43.538],[16.575,43.603],[15.927,43.472],[16.012,43.603],[15.857,43.798],[15.695,43.798],[15.619,43.929],[15.375,43.863],[15.459,43.994],[15.219,44.059],[15.147,44.385],[14.909,44.581],[14.919,44.973],[14.516,45.104],[14.603,45.366],[14.196,45.366],[14.189,45.039],[13.946,45.039],[13.943,44.908],[13.781,44.908],[13.706,45.235],[13.544,45.3],[13.547,45.497],[13.71,45.497],[13.715,45.759],[13.39,45.824],[13.308,45.824],[13.226,45.824],[13.06,45.628],[12.817,45.693],[12.652,45.562],[12.163,45.497],[12.16,45.17],[12.403,45.039],[12.4,44.777],[12.157,44.843],[12.154,44.451],[12.313,44.19],[12.873,43.798],[13.036,43.863],[13.034,43.733],[13.355,43.668],[13.673,43.407],[13.747,43.082],[13.985,42.951],[13.901,42.756],[14.056,42.496],[14.371,42.236],[14.531,42.236],[14.608,42.106],[14.769,42.171],[14.766,42.041],[14.924,41.976],[15.165,42.041],[15.241,41.911],[16.119,41.911],[16.115,41.782],[15.874,41.717],[15.944,41.392],[17.203,41.003],[17.511,40.744],[17.981,40.614],[18.438,40.161],[18.349,39.902],[18.112,39.902],[17.813,40.355],[17.418,40.355],[17.345,40.55],[17.028,40.55],[16.868,40.485],[16.945,40.42],[16.862,40.291],[16.624,40.291],[16.697,40.096],[16.457,39.967],[16.447,39.644],[16.916,39.514],[17.07,39.385],[17.138,39.062],[16.502,38.803],[16.492,38.416],[15.933,37.964],[15.698,37.964],[15.624,38.158],[15.389,38.158],[15.066,37.642],[15.059,37.255],[15.214,37.19],[15.05,36.739],[14.661,36.739],[14.278,37.126],[13.578,37.255],[13.192,37.577],[12.49,37.706],[12.492,37.9],[12.65,38.093],[13.04,38.029],[13.12,38.158],[13.355,38.158],[13.665,37.964],[14.056,37.964],[15.862,38.287],[15.95,38.674],[16.265,38.739],[16.27,38.933],[16.117,39.062],[15.899,39.773],[15.666,39.902],[15.748,40.032],[15.432,40.032],[15.199,40.226],[15.041,40.226],[14.893,40.679],[14.418,40.679],[14.422,40.874],[14.105,40.874],[13.951,41.133],[13.792,41.133],[13.715,41.263],[13,41.327],[12.131,41.911],[12.132,42.041],[11.813,42.106],[11.655,42.366],[11.495,42.301],[11.415,42.431],[11.255,42.431],[11.176,42.626],[11.016,42.626],[11.016,42.821],[10.535,43.082],[10.374,43.668],[10.131,44.059],[9.889,43.994],[9.97,44.124],[9.727,44.124],[9.159,44.451],[8.593,44.451],[8.192,44.19],[8.034,43.929],[7.231,43.733],[7.15,43.733],[7.152,43.668],[6.673,43.472],[6.597,43.277],[6.278,43.147],[5.796,43.147],[5.632,43.277],[5.391,43.277],[5.387,43.407],[5.063,43.472],[4.178,43.472],[4.173,43.603],[3.851,43.603],[2.985,43.147],[3.01,42.561],[3.09,42.561],[3.093,42.496],[3.095,42.431],[3.178,42.366],[3.117,41.911],[2.886,41.717],[2.334,41.587],[2.107,41.327],[1.238,41.198],[0.696,40.938],[0.709,40.679],[0.475,40.614],[0.248,40.42],[0.183,40.161],[-0.202,39.967],[-0.345,39.708],[-0.314,39.126],[0.099,38.739],[-0.661,38.287],[-0.803,38.029],[-0.705,37.642],[-1.709,37.448],[-1.623,37.319],[-1.857,37.319],[-2.062,36.804],[-2.532,36.868],[-2.68,36.739],[-4.469,36.739],[-4.689,36.546],[-5.228,36.482],[-5.288,36.224],[-5.662,36.031],[-5.831,36.224],[-6.064,36.224],[-6.33,36.675],[-6.35,36.933],[-6.588,36.997],[-6.842,37.255],[-7.465,37.255],[-7.455,37.126],[-7.678,36.997],[-8.067,36.997],[-8.312,37.126],[-8.701,37.126],[-9.001,36.997],[-8.897,37.577],[-8.819,37.577],[-8.823,38.481],[-9.209,38.416],[-9.233,38.674],[-9.384,38.61],[-9.553,38.739],[-9.572,38.933],[-9.427,39.062],[-9.387,39.45],[-9.157,39.514],[-9.104,39.773],[-9.025,39.773],[-8.925,40.355],[-8.846,40.355],[-8.872,40.614],[-8.727,40.744],[-8.956,42.171],[-8.657,42.366],[-9.079,42.561],[-9.305,43.147],[-8.852,43.407],[-8.369,43.407],[-8.39,43.603],[-8.244,43.733],[-7.276,43.733],[-7.343,43.603],[-7.176,43.538],[-5.727,43.538],[-5.646,43.538],[-4.99,43.407],[-3.467,43.472],[-3.296,43.342],[-1.768,43.342],[-1.688,43.342]]],[[[3.82,40.096],[4.215,40.096],[4.302,39.838],[3.827,39.902],[3.741,40.096],[3.82,40.096]]],[[[9.747,39.644],[9.669,39.644],[9.593,39.126],[9.12,39.191],[8.966,38.868],[8.73,38.868],[8.336,38.997],[8.412,39.256],[8.333,39.256],[8.33,39.514],[8.409,39.514],[8.483,39.902],[8.325,39.967],[8.4,40.291],[8.321,40.291],[8.319,40.485],[8.16,40.55],[8.155,40.938],[8.552,40.874],[9.025,41.263],[9.104,41.263],[9.502,41.198],[9.822,40.744],[9.823,40.355],[9.665,40.291],[9.747,39.644]]],[[[9.578,41.976],[9.498,41.976],[9.499,41.782],[9.262,41.392],[9.104,41.327],[8.784,41.522],[8.782,41.717],[8.623,41.717],[8.7,41.911],[8.539,42.106],[8.535,42.496],[8.773,42.691],[9.173,42.756],[9.251,43.017],[9.331,43.017],[9.492,43.017],[9.493,42.756],[9.574,42.756],[9.578,41.976]]],[[[10.214,42.886],[10.455,42.886],[10.455,42.691],[10.215,42.691],[10.134,42.886],[10.214,42.886]]],[[[0.166,52.855],[0.337,52.855],[0.493,53.057],[1.094,53.057],[1.532,52.923],[1.717,52.721],[1.739,52.385],[1.654,52.385],[1.586,52.116],[1.425,51.982],[1.17,51.982],[1.184,51.781],[0.844,51.781],[0.863,51.513],[0.524,51.513],[1.381,51.38],[1.314,51.112],[0.493,50.779],[-1.368,50.845],[-1.109,50.779],[-1.177,50.579],[-1.513,50.579],[-1.525,50.712],[-2.608,50.579],[-2.789,50.712],[-3.126,50.712],[-3.457,50.645],[-3.585,50.246],[-4.089,50.246],[-4.187,50.379],[-4.355,50.379],[-4.929,50.246],[-5.151,49.98],[-5.746,50.046],[-5.769,50.246],[-5.28,50.379],[-5.134,50.579],[-4.881,50.579],[-4.819,50.779],[-4.658,50.845],[-4.68,51.046],[-4.426,51.046],[-4.202,51.313],[-3.095,51.246],[-3.108,51.38],[-2.945,51.447],[-3.121,51.513],[-3.277,51.38],[-3.701,51.38],[-3.892,51.58],[-4.308,51.513],[-4.415,51.714],[-5.079,51.58],[-5.264,51.714],[-5.219,52.049],[-4.553,52.183],[-4.157,52.452],[-4.295,52.923],[-4.794,52.788],[-4.81,52.923],[-4.49,53.125],[-4.67,53.192],[-4.702,53.462],[-4.271,53.462],[-4.076,53.26],[-3.153,53.462],[-3.095,53.732],[-3.196,53.868],[-2.966,54.138],[-3.305,54.071],[-3.319,54.206],[-3.587,54.274],[-3.72,54.681],[-3.569,54.885],[-2.895,55.089],[-2.822,55.225],[-2.379,55.157],[-1.613,55.362],[-1.286,54.681],[-0.671,54.613],[-0.486,54.477],[-0.381,54.274],[-0.202,54.206],[-0.18,53.935],[0.01,53.732],[0.015,53.665],[0.118,53.462],[0.295,53.395],[0.316,53.125],[0.07,52.99],[0.166,52.855]]],[[[14.417,36.031],[14.571,35.966],[14.568,35.773],[14.337,35.838],[14.34,36.031],[14.417,36.031]]],[[[22.965,36.417],[23.117,36.353],[23.107,36.16],[22.874,36.16],[22.887,36.417],[22.965,36.417]]],[[[24.283,37.706],[24.361,37.706],[24.432,37.577],[24.272,37.513],[24.201,37.642],[24.283,37.706]]],[[[20.699,37.9],[20.934,37.9],[20.922,37.642],[20.613,37.706],[20.621,37.9],[20.699,37.9]]],[[[20.488,38.416],[20.566,38.416],[20.795,38.287],[20.786,38.093],[20.32,38.158],[20.328,38.351],[20.488,38.416]]],[[[23.567,38.803],[23.563,38.739],[23.485,38.739],[23.489,38.803],[23.567,38.803]]],[[[24.444,38.997],[24.675,38.933],[24.662,38.739],[24.357,38.868],[24.365,38.997],[24.444,38.997]]],[[[20.149,39.579],[20.07,39.579],[20.073,39.644],[20.152,39.644],[20.149,39.579]]],[[[14.35,44.973],[14.511,44.908],[14.502,44.516],[14.261,44.581],[14.269,44.973],[14.35,44.973]]],[[[19.086,45.497],[19.004,45.497],[19.007,45.562],[19.089,45.562],[19.086,45.497]]],[[[19.084,47.072],[19.087,47.137],[19.169,47.137],[19.166,47.072],[19.084,47.072]]],[[[16.907,48.192],[16.909,48.258],[16.992,48.258],[16.989,48.192],[16.907,48.192]]],[[[16.826,48.258],[16.829,48.324],[16.912,48.324],[16.909,48.258],[16.826,48.258]]],[[[34.087,35.001],[33.695,34.937],[33.523,34.744],[33.132,34.679],[33.044,34.551],[32.367,34.744],[32.229,34.937],[32.246,35.13],[32.555,35.13],[32.875,35.258],[32.887,35.387],[33.737,35.387],[34.31,35.709],[34.387,35.709],[34.542,35.709],[34.529,35.58],[33.957,35.258],[34.087,35.001]]],[[[24.301,35.323],[25.692,35.323],[25.681,35.13],[26.225,35.194],[26.14,35.065],[24.824,35.001],[24.757,35.194],[24.526,35.194],[24.448,35.194],[23.679,35.258],[23.615,35.516],[24.157,35.516],[24.15,35.387],[24.301,35.323]]],[[[28.017,36.482],[28.095,36.482],[28.25,36.482],[28.139,36.031],[27.743,35.902],[27.693,36.288],[28.017,36.482]]],[[[27.117,36.933],[27.185,36.804],[26.865,36.675],[27.039,36.933],[27.117,36.933]]],[[[25.417,37.126],[25.573,37.126],[25.564,36.997],[25.331,36.997],[25.339,37.126],[25.417,37.126]]],[[[25.064,37.706],[25.22,37.706],[25.286,37.513],[25.052,37.513],[24.986,37.706],[25.064,37.706]]],[[[26.08,37.706],[26.158,37.706],[26.314,37.706],[26.305,37.577],[25.988,37.513],[26.08,37.706]]],[[[24.772,38.029],[25.068,37.771],[24.83,37.706],[24.682,37.835],[24.694,38.029],[24.772,38.029]]],[[[25.821,38.481],[25.913,38.674],[25.991,38.674],[26.217,38.545],[26.111,38.158],[25.876,38.158],[25.899,38.481],[25.821,38.481]]],[[[26.094,38.997],[26.103,39.126],[25.793,39.191],[26.044,39.385],[26.123,39.385],[26.511,39.32],[26.644,38.997],[26.246,38.933],[26.094,38.997]]],[[[25.146,40.032],[25.462,40.032],[25.447,39.838],[24.974,39.838],[25.067,40.032],[25.146,40.032]]],[[[25.798,40.291],[26.035,40.291],[26.025,40.161],[25.704,40.096],[25.719,40.291],[25.798,40.291]]],[[[24.57,40.809],[24.808,40.809],[24.794,40.614],[24.551,40.55],[24.491,40.809],[24.57,40.809]]]]}},{"type":"Feature","id":"cliopatria-b884adc36cda5be331bf0b12","properties":{"NAME":"Norse","ABBREVN":null,"CONTROL":null,"SUBJECTO":"Norse","PARTOF":null,"BORDERPRECISION":1,"FromYear":299,"ToYear":401,"Area":16294.616267611735,"Type":"POLITY","Wikipedia":"Norse","Wikidata":"Q909583","SeshatID":"","Components":"","MemberOf":"","sourceFeatureId":"cliopatria-b884adc36cda5be331bf0b12","datasetId":"cliopatria"},"geometry":{"type":"MultiPolygon","coordinates":[[[[10.711,55.021],[9.926,55.089],[9.751,55.362],[9.577,55.294],[9.225,55.567],[9.223,55.908],[9.134,55.977],[9.31,55.977],[9.661,56.251],[10.365,56.319],[10.277,55.977],[9.925,55.84],[9.926,55.703],[9.75,55.703],[9.751,55.567],[10.627,55.635],[10.626,55.498],[10.801,55.43],[10.8,55.362],[10.711,55.021]]],[[[18.23,57.835],[18.598,57.973],[19.045,57.973],[19.034,57.835],[18.844,57.696],[18.912,57.42],[18.451,57.213],[18.342,56.937],[18.076,56.937],[18.027,57.489],[18.032,57.558],[18.23,57.835]]],[[[10.832,59.995],[10.833,60.065],[10.924,60.065],[10.923,59.995],[10.832,59.995]]],[[[10.561,60.417],[10.562,60.628],[10.746,60.628],[10.747,60.769],[10.93,60.769],[10.932,60.911],[11.299,60.911],[11.297,60.769],[11.662,60.628],[11.657,60.276],[11.475,60.346],[11.473,60.206],[11.29,60.206],[11.289,60.065],[11.106,59.995],[10.924,60.065],[10.925,60.206],[10.469,60.346],[10.47,60.417],[10.561,60.417]]]]}},{"type":"Feature","id":"cliopatria-d7e41b35ad1547e99a16587f","properties":{"NAME":"Mayan City-States","ABBREVN":null,"CONTROL":null,"SUBJECTO":"Mayan City-States","PARTOF":null,"BORDERPRECISION":1,"FromYear":299,"ToYear":554,"Area":378615.7322945538,"Type":"POLITY","Wikipedia":"Maya civilization","Wikidata":"Q28567","SeshatID":"gt_tikal_early_classic","Components":"","MemberOf":"","sourceFeatureId":"cliopatria-d7e41b35ad1547e99a16587f","datasetId":"cliopatria"},"geometry":{"type":"MultiPolygon","coordinates":[[[[-86.724,20.922],[-86.713,20.858],[-87.347,20.215],[-87.294,19.893],[-87.548,19.636],[-87.389,19.572],[-87.368,19.443],[-87.495,19.315],[-87.453,19.058],[-87.729,18.479],[-87.699,18.286],[-87.91,18.222],[-88.035,18.543],[-87.961,18.543],[-87.993,18.736],[-88.247,18.479],[-88.226,18.35],[-88.078,18.35],[-88.027,18.029],[-88.188,17.643],[-88.135,16.808],[-88.209,16.808],[-88.236,16.486],[-88.493,16.229],[-88.64,16.229],[-88.825,15.972],[-88.512,15.843],[-88.377,15.393],[-88.629,15.072],[-88.695,14.429],[-88.907,14.365],[-88.818,14.236],[-89.186,14.236],[-89.097,14.107],[-89.391,14.107],[-89.588,13.915],[-89.566,13.722],[-89.867,13.786],[-89.918,13.593],[-90.469,13.915],[-91.35,13.915],[-92.474,14.686],[-92.755,15.136],[-93.821,15.908],[-93.594,16.358],[-93.623,16.55],[-93.549,16.55],[-93.643,16.679],[-93.399,17],[-93.493,17.129],[-93.366,17.258],[-93.565,17.579],[-93.566,18.029],[-93.841,18.35],[-93.494,18.479],[-92.618,18.543],[-92.502,18.736],[-91.837,18.736],[-91.794,18.479],[-91.498,18.479],[-91.446,18.608],[-91.298,18.608],[-91.352,18.929],[-90.814,19.251],[-90.743,19.701],[-90.427,20.022],[-90.494,20.408],[-90.419,20.408],[-90.32,21.115],[-90.171,21.115],[-89.983,21.308],[-89.177,21.372],[-88.48,21.629],[-87.343,21.501],[-87.216,21.629],[-86.919,21.629],[-86.748,21.501],[-86.724,20.922]]]]}}]}
